要求ID	判定	重要度	指摘区分	乖離種別	設計根拠_引用	設計期待値	実装参照	実装実態	判定根拠	画像確認メモ	確信度	根本原因
sheet-1-R001	OUT_OF_SCOPE								表紙の宛先（顧客名）の記載。実装対象の要求ではない。	sheet-1に画像は存在しない（images/sheet-1_img*なし）	high	
sheet-1-R002	OUT_OF_SCOPE								表紙の設計書名（対象機能名）の記載。実装対象の要求ではない。	sheet-1に画像は存在しない（images/sheet-1_img*なし）	high	
sheet-1-R003	OUT_OF_SCOPE								表紙の文書種別（基本設計仕様書）の記載。実装対象の要求ではない。	sheet-1に画像は存在しない（images/sheet-1_img*なし）	high	
sheet-1-R004	OUT_OF_SCOPE								改訂履歴表の見出し行（Ver/改訂内容/改訂者/改訂日）。実装対象の要求ではない。	sheet-1に画像は存在しない（images/sheet-1_img*なし）	high	
sheet-1-R005	OUT_OF_SCOPE								改訂履歴の1件（0.1 新規作成）。文書の版管理情報であり実装対象の要求ではない。	sheet-1に画像は存在しない（images/sheet-1_img*なし）	high	
sheet-1-R006	OUT_OF_SCOPE								改訂履歴の1件（0.2 現行踏襲機能の追記）。文書の版管理情報であり、仕様本文は各機能シート側にある。	sheet-1に画像は存在しない（images/sheet-1_img*なし）	high	
sheet-1-R007	OUT_OF_SCOPE								改訂履歴の1件（0.3 HARESEKA-1176の対応追記）。改訂の事実を述べるのみで仕様本文は各機能シート側にあるため、実装対象の要求ではない。	sheet-1に画像は存在しない（images/sheet-1_img*なし）	high	
sheet-2-R001	OUT_OF_SCOPE								目次シートの表題であり、実装対象の要求文ではない。	sheet-2 に画像は無い（レイアウト図なし）。	high	
sheet-2-R002	OUT_OF_SCOPE								目次の章見出し（画面遷移設計）であり、実装対象の要求文ではない。	sheet-2 に画像は無い（レイアウト図なし）。	high	
sheet-2-R003	OUT_OF_SCOPE								目次の項目（画面遷移図へのリンク）であり、実装対象の要求文ではない。	sheet-2 に画像は無い（レイアウト図なし）。	high	
sheet-2-R004	OUT_OF_SCOPE								目次の章見出し（画面設計）であり、実装対象の要求文ではない。	sheet-2 に画像は無い（レイアウト図なし）。	high	
sheet-2-R005	OUT_OF_SCOPE								目次に並ぶ機能名の見出し行であり、仕様は各機能のシートに書かれている。この行自体は実装対象の要求文ではない。	sheet-2 に画像は無い（レイアウト図なし）。	high	
sheet-2-R006	OUT_OF_SCOPE								目次に並ぶ機能名の見出し行であり、仕様は各機能のシートに書かれている。この行自体は実装対象の要求文ではない。	sheet-2 に画像は無い（レイアウト図なし）。	high	
sheet-2-R007	OUT_OF_SCOPE								目次に並ぶ機能名の見出し行であり、仕様は各機能のシートに書かれている。この行自体は実装対象の要求文ではない。	sheet-2 に画像は無い（レイアウト図なし）。	high	
sheet-2-R008	OUT_OF_SCOPE								目次に並ぶ機能名の見出し行であり、仕様は各機能のシートに書かれている。この行自体は実装対象の要求文ではない。	sheet-2 に画像は無い（レイアウト図なし）。	high	
sheet-2-R009	OUT_OF_SCOPE								目次に並ぶ機能名の見出し行であり、仕様は各機能のシートに書かれている。この行自体は実装対象の要求文ではない。	sheet-2 に画像は無い（レイアウト図なし）。	high	
sheet-2-R010	OUT_OF_SCOPE								目次に並ぶ機能名の見出し行であり、仕様は各機能のシートに書かれている。この行自体は実装対象の要求文ではない。	sheet-2 に画像は無い（レイアウト図なし）。	high	
sheet-2-R011	OUT_OF_SCOPE								目次に並ぶ機能名の見出し行であり、仕様は各機能のシートに書かれている。この行自体は実装対象の要求文ではない。	sheet-2 に画像は無い（レイアウト図なし）。	high	
sheet-2-R012	OUT_OF_SCOPE								目次に並ぶ機能名の見出し行であり、仕様は各機能のシートに書かれている。この行自体は実装対象の要求文ではない。	sheet-2 に画像は無い（レイアウト図なし）。	high	
sheet-2-R013	OUT_OF_SCOPE								目次に並ぶ機能名の見出し行であり、仕様は各機能のシートに書かれている。この行自体は実装対象の要求文ではない。	sheet-2 に画像は無い（レイアウト図なし）。	high	
sheet-2-R014	OUT_OF_SCOPE								目次に並ぶ機能名の見出し行であり、仕様は各機能のシートに書かれている。この行自体は実装対象の要求文ではない。	sheet-2 に画像は無い（レイアウト図なし）。	high	
sheet-2-R015	OUT_OF_SCOPE								目次に並ぶ機能名の見出し行であり、仕様は各機能のシートに書かれている。この行自体は実装対象の要求文ではない。	sheet-2 に画像は無い（レイアウト図なし）。	high	
sheet-2-R016	OUT_OF_SCOPE								目次に並ぶ機能名の見出し行であり、仕様は各機能のシートに書かれている。この行自体は実装対象の要求文ではない。	sheet-2 に画像は無い（レイアウト図なし）。	high	
sheet-2-R017	OUT_OF_SCOPE								目次に並ぶ機能名の見出し行であり、仕様は各機能のシートに書かれている。この行自体は実装対象の要求文ではない。	sheet-2 に画像は無い（レイアウト図なし）。	high	
sheet-2-R018	OUT_OF_SCOPE								目次に並ぶ機能名の見出し行であり、仕様は各機能のシートに書かれている。この行自体は実装対象の要求文ではない。	sheet-2 に画像は無い（レイアウト図なし）。	high	
sheet-2-R019	OUT_OF_SCOPE								目次に並ぶ機能名の見出し行であり、仕様は各機能のシートに書かれている。この行自体は実装対象の要求文ではない。	sheet-2 に画像は無い（レイアウト図なし）。	high	
sheet-2-R020	OUT_OF_SCOPE								目次に並ぶ機能名の見出し行であり、仕様は各機能のシートに書かれている。この行自体は実装対象の要求文ではない。	sheet-2 に画像は無い（レイアウト図なし）。	high	
sheet-2-R021	OUT_OF_SCOPE								目次に並ぶ機能名の見出し行であり、仕様は各機能のシートに書かれている。この行自体は実装対象の要求文ではない。	sheet-2 に画像は無い（レイアウト図なし）。	high	
sheet-2-R022	OUT_OF_SCOPE								目次に並ぶ機能名の見出し行であり、仕様は各機能のシートに書かれている。この行自体は実装対象の要求文ではない。	sheet-2 に画像は無い（レイアウト図なし）。	high	
sheet-2-R023	OUT_OF_SCOPE								目次に並ぶ機能名の見出し行であり、仕様は各機能のシートに書かれている。この行自体は実装対象の要求文ではない。	sheet-2 に画像は無い（レイアウト図なし）。	high	
sheet-2-R024	OUT_OF_SCOPE								目次に並ぶ機能名の見出し行であり、仕様は各機能のシートに書かれている。この行自体は実装対象の要求文ではない。	sheet-2 に画像は無い（レイアウト図なし）。	high	
sheet-2-R025	OUT_OF_SCOPE								目次に並ぶ機能名の見出し行であり、仕様は各機能のシートに書かれている。この行自体は実装対象の要求文ではない。	sheet-2 に画像は無い（レイアウト図なし）。	high	
sheet-2-R026	OUT_OF_SCOPE								目次の注記（別冊への記載を案内する前置き）であり、実装対象の要求文ではない。	sheet-2 に画像は無い（レイアウト図なし）。	high	
sheet-2-R027	OUT_OF_SCOPE								目次に並ぶ機能名の見出し行であり、仕様は各機能のシートに書かれている。この行自体は実装対象の要求文ではない。	sheet-2 に画像は無い（レイアウト図なし）。	high	
sheet-2-R028	OUT_OF_SCOPE								目次に並ぶ機能名の見出し行であり、仕様は各機能のシートに書かれている。この行自体は実装対象の要求文ではない。	sheet-2 に画像は無い（レイアウト図なし）。	high	
sheet-2-R029	OUT_OF_SCOPE								目次の注記（別冊への記載を案内する前置き）であり、実装対象の要求文ではない。	sheet-2 に画像は無い（レイアウト図なし）。	high	
sheet-2-R030	OUT_OF_SCOPE								目次に並ぶ機能名の見出し行であり、仕様は各機能のシートに書かれている。この行自体は実装対象の要求文ではない。	sheet-2 に画像は無い（レイアウト図なし）。	high	
sheet-2-R031	OUT_OF_SCOPE								目次に並ぶ機能名の見出し行であり、仕様は各機能のシートに書かれている。この行自体は実装対象の要求文ではない。	sheet-2 に画像は無い（レイアウト図なし）。	high	
sheet-3-R001	OUT_OF_SCOPE								レイアウト図の見出し行であり、実装対象の要求ではない。		high	
sheet-3-R002	OUT_OF_SCOPE								レイアウト図の版（SP/PC）を示す区分行であり、実装対象の要求ではない。		high	
sheet-3-R003	MATCHED						src/Eccube/Resource/template/default/Entry/index.twig:40-59		会員登録画面のパンくずが ホーム>ログイン>会員情報登録 の3段で出力される（src/Eccube/Resource/template/default/Entry/index.twig:40-59、現在地は src/Eccube/Resource/template/default/Entry/index.twig:55-57）。	SP版レイアウト図(sheet-3_img2/img1)のパンくず表記と一致。	high	
sheet-3-R004	OUT_OF_SCOPE								レイアウト図の版（SP/PC）を示す区分行であり、実装対象の要求ではない。		high	
sheet-3-R005	MATCHED						src/Eccube/Resource/template/default/Entry/index.twig:40-59		PC版も同一テンプレートで ホーム>ログイン>会員情報登録 を出力する（src/Eccube/Resource/template/default/Entry/index.twig:40-59）。	PC版レイアウト図(sheet-3_img3)のパンくず表記と一致。	high	
sheet-3-R006	OUT_OF_SCOPE								カスタマイズ要件の見出し行であり、実装対象の要求ではない。		high	
sheet-3-R007	MATCHED						src/Eccube/Resource/template/default/Entry/index.twig:475-513		国が日本以外のとき住所欄が3カラム（住所1/住所2/住所3）で表示される（src/Eccube/Resource/template/default/Entry/index.twig:485-507、住所3は src/Eccube/Resource/template/default/Entry/index.twig:505-507）。	海外時レイアウト図(sheet-3_img5)の3入力欄と一致。	high	
sheet-3-R008	MATCHED						src/Eccube/Entity/Customer.php:1029-1030		会員情報に住所3の項目が保持され（src/Eccube/Entity/Customer.php:1029-1030）、登録フォームからも項目として受け付ける（src/Eccube/Form/Type/AddressType.php:75）。		high	
sheet-3-R009	OUT_OF_SCOPE								カスタマイズ以外は現行踏襲という方針記述であり、個別の実装要求ではない。		high	
sheet-3-R010	MATCHED						src/Eccube/Resource/template/default/Entry/index.twig:345-356		国の選択欄が会員登録画面に置かれ、以降の表示切替の起点になっている（src/Eccube/Resource/template/default/Entry/index.twig:345-356）。		high	
sheet-3-R011	MATCHED						src/Eccube/Resource/template/default/Entry/index.twig:358-473		国が Japan のときだけ日本向けの郵便番号・都道府県欄に切り替わる（src/Eccube/Resource/template/default/Entry/index.twig:358、src/Eccube/Resource/template/default/Entry/index.twig:427）。		high	
sheet-3-R012	MATCHED						src/Eccube/Resource/template/default/Entry/index.twig:358-404		国が Japan のとき郵便番号は〒記号つきの3桁+4桁の2欄で表示される（src/Eccube/Resource/template/default/Entry/index.twig:362-397）。	Japan時レイアウト図(sheet-3_img6)の〒[3桁]-[4桁]と一致。	high	
sheet-3-R013	MATCHED						src/Eccube/Resource/template/default/Entry/index.twig:427-446		国が Japan のとき都道府県の選択欄が表示される（src/Eccube/Resource/template/default/Entry/index.twig:427、src/Eccube/Resource/template/default/Entry/index.twig:436-443）。	Japan時レイアウト図(sheet-3_img6)に都道府県セレクトがある。	high	
sheet-3-R014	MATCHED						src/Eccube/Resource/template/default/Entry/index.twig:427-473		Japan 分岐の住所欄は都道府県+住所1+住所2だけで、住所3の入力欄を出力しない（src/Eccube/Resource/template/default/Entry/index.twig:427-473）。	Japan時レイアウト図(sheet-3_img6)は住所入力欄が2本。全体図(sheet-3_img1/img3)は3本描かれているが、これは条件表示の欄を含めて描いた図と読める。	med	
sheet-3-R015	MATCHED						src/Eccube/Resource/template/default/Entry/index.twig:23-30		国の選択を変えると画面が再読み込みされ、表示項目が国に応じて組み直される（src/Eccube/Resource/template/default/Entry/index.twig:23-30、src/Eccube/Controller/Front/EntryController.php:114-126）。		high	
sheet-3-R016	MATCHED						src/Eccube/Resource/template/default/Entry/index.twig:406-425		国が Japan 以外のとき郵便番号は分割されない単一の入力欄になる（src/Eccube/Resource/template/default/Entry/index.twig:406-425）。	海外時レイアウト図(sheet-3_img5)の単一欄と一致。	high	
sheet-3-R017	MATCHED						src/Eccube/Resource/template/default/Entry/index.twig:427-473		国が Japan 以外のとき都道府県の選択欄は出力されない（src/Eccube/Resource/template/default/Entry/index.twig:427 の条件分岐）。	海外時レイアウト図(sheet-3_img5)に都道府県セレクトが無い。	high	
sheet-3-R018	MATCHED						src/Eccube/Resource/template/default/Entry/index.twig:475-513		国が Japan 以外のとき住所3の入力欄が表示される（src/Eccube/Resource/template/default/Entry/index.twig:505-507）。	海外時レイアウト図(sheet-3_img5)の3本目の入力欄と一致。	high	
sheet-3-R019	MATCHED						src/Eccube/Resource/template/default/Entry/index.twig:23-30		国の変更はどちらの向きでも同じ再読み込みを起こし、Japan に戻せば日本向けの表示に戻る（src/Eccube/Resource/template/default/Entry/index.twig:23-30、src/Eccube/Resource/template/default/Entry/index.twig:358、src/Eccube/Resource/template/default/Entry/index.twig:427）。		high	
sheet-3-R020	OUT_OF_SCOPE								カスタマイズ説明の見出し行であり、実装対象の要求ではない。		high	
sheet-3-R021	MATCHED						src/Eccube/Resource/template/default/Entry/index.twig:21-66		郵便番号の自動補完部品を読み込み（src/Eccube/Resource/template/default/Entry/index.twig:21）、日本国内の住所として補完する指定を置いている（src/Eccube/Resource/template/default/Entry/index.twig:66-67）。補完対象の入力欄は Japan 分岐にしか無いため、Japan 以外では補完が働かない（src/Eccube/Resource/template/default/Entry/index.twig:358-404）。		high	
sheet-3-R022	MATCHED						src/Eccube/Resource/template/default/Entry/index.twig:436-443		都道府県の選択欄が郵便番号補完の対象として印付けされている（src/Eccube/Resource/template/default/Entry/index.twig:438-441）。		high	
sheet-3-R023	MATCHED						src/Eccube/Resource/template/default/Entry/index.twig:448-456		住所1の入力欄が郵便番号補完の対象として印付けされている（src/Eccube/Resource/template/default/Entry/index.twig:449-451）。		high	
sheet-3-R024	MATCHED						src/Eccube/Resource/template/default/Entry/index.twig:358-404		郵便番号欄の周辺に「郵便番号から自動入力」に相当するボタンが無く、入力に応じて自動補完する方式のみになっている（src/Eccube/Resource/template/default/Entry/index.twig:358-404、src/Eccube/Resource/template/default/Entry/index.twig:21）。	現行画面図(sheet-3_img4/img2)にあるボタンが新レイアウト図(sheet-3_img6)では消えており、実装も同じ。	high	
sheet-3-R025	OUT_OF_SCOPE								メールアドレスに関する説明の見出し行であり、実装対象の要求ではない。		high	
sheet-3-R026	MATCHED						src/Eccube/Form/Type/RepeatedEmailType.php:47-52		メールアドレスは RFC 準拠の厳密判定で検査され（src/Eccube/Form/Type/RepeatedEmailType.php:47）、不正形式のとき「有効なメールアドレスではありません。」が出る（src/Eccube/Resource/locale/validators.ja.yaml:145）。		high	
sheet-3-R027	MATCHED						src/Eccube/Resource/locale/validators.ja.yaml:145		前行と同一仕様の続き。エラーメッセージ文言は src/Eccube/Resource/locale/validators.ja.yaml:145 に定義され、入力欄の直下に表示される（src/Eccube/Resource/template/default/Entry/index.twig:116-121）。		high	
sheet-3-R028	OUT_OF_SCOPE								表ヘッダの折り返し行であり、実装対象の要求ではない。		high	
sheet-3-R029	MATCHED						src/Eccube/Resource/template/default/Entry/index.twig:40-59		パンくずが新規に追加され、ホーム>ログイン>会員情報登録 を出力する（src/Eccube/Resource/template/default/Entry/index.twig:40-59）。		high	
sheet-3-R030	MATCHED						src/Eccube/Resource/template/default/Entry/index.twig:55-57		現在表示中のページはリンクではなく文字として出力され押下できない（src/Eccube/Resource/template/default/Entry/index.twig:55-57）。		high	
sheet-3-R031	MATCHED						src/Eccube/Resource/template/default/Entry/index.twig:42-48		ホームアイコンが本店ECTOPへのリンクになっている（src/Eccube/Resource/template/default/Entry/index.twig:42-48）。		high	
sheet-3-R032	DRIFT	P3	実装違い	IO	1-2 お名前(姓) 半角・全角 ◯ 16 - ・未入力で(1-26)同意するを押下すると、動的に必須入力のエラーメッセージを表示する	お名前(姓)は16文字を超える入力を受け付けず、超過時は文字数超過として登録できない。	app/config/eccube/packages/eccube.yaml:180; src/Eccube/Form/Type/NameType.php:103-111	姓の文字数上限が50文字として検査されるため、17〜50文字の姓がそのまま受け付けられる。	上限値は app/config/eccube/packages/eccube.yaml:180 の 50 で、姓の検査に使われている（src/Eccube/Form/Type/NameType.php:103-111）。現行仕様の同項目は16文字（pf-eccube3 constant.yml.dist の name_len)。	レイアウト図(sheet-3_img3)には文字数の記載が無く、判断材料は項目表のみ。	med	eccube.yaml-name-len-50-over-16
sheet-3-R033	DRIFT	P3	実装違い	IO	1-3 お名前(名) 半角・全角 ◯ 16 - ・未入力で(1-26)同意するを押下すると、動的に必須入力のエラーメッセージを表示する	お名前(名)は16文字を超える入力を受け付けず、超過時は文字数超過として登録できない。	app/config/eccube/packages/eccube.yaml:180; src/Eccube/Form/Type/NameType.php:117-125	名の文字数上限が50文字として検査されるため、17〜50文字の名がそのまま受け付けられる。	上限値は app/config/eccube/packages/eccube.yaml:180 の 50 で、名の検査に使われている（src/Eccube/Form/Type/NameType.php:117-125）。	レイアウト図(sheet-3_img3)には文字数の記載が無く、判断材料は項目表のみ。	med	eccube.yaml-name-len-50-over-16
sheet-3-R034	DRIFT	P3	実装違い	IO	1-4 フリガナ(姓) 半角・全角 ◯ 25 - ・未入力で(1-26)同意するを押下すると、動的に必須入力のエラーメッセージを表示する	フリガナ(姓)は25文字を超える入力を受け付けず、超過時は文字数超過として登録できない。	app/config/eccube/packages/eccube.yaml:181; src/Eccube/Form/Type/KanaType.php:56-64	フリガナ(姓)の文字数上限が50文字として検査されるため、26〜50文字のフリガナがそのまま受け付けられる。	上限値は app/config/eccube/packages/eccube.yaml:181 の 50 で、フリガナの検査に使われている（src/Eccube/Form/Type/KanaType.php:56-64）。現行仕様の同項目は25文字（pf-eccube3 constant.yml.dist の kana_len)。	レイアウト図(sheet-3_img3)には文字数の記載が無く、判断材料は項目表のみ。	med	eccube.yaml-kana-len-50-over-25
sheet-3-R035	DRIFT	P3	実装違い	IO	1-5 フリガナ(名) 半角・全角 ◯ 25 - ・未入力で(1-26)同意するを押下すると、動的に必須入力のエラーメッセージを表示する	フリガナ(名)は25文字を超える入力を受け付けず、超過時は文字数超過として登録できない。	app/config/eccube/packages/eccube.yaml:181; src/Eccube/Form/Type/KanaType.php:70-78	フリガナ(名)の文字数上限が50文字として検査されるため、26〜50文字のフリガナがそのまま受け付けられる。	上限値は app/config/eccube/packages/eccube.yaml:181 の 50 で、フリガナの検査に使われている（src/Eccube/Form/Type/KanaType.php:70-78）。	レイアウト図(sheet-3_img3)には文字数の記載が無く、判断材料は項目表のみ。	med	eccube.yaml-kana-len-50-over-25
sheet-3-R036	MATCHED						src/Eccube/Form/Type/Front/EntryType.php:129-142		生年月日(年)は選択式の必須項目で、未選択のまま送信すると「生年月日(年)を選択してください」が出る（src/Eccube/Form/Type/Front/EntryType.php:135-141、src/Eccube/Resource/template/default/Entry/index.twig:193-197、src/Eccube/Resource/locale/messages.ja.yaml:476）。		high	
sheet-3-R037	MATCHED						src/Eccube/Resource/template/default/Entry/index.twig:201-207		生年月日(月)は選択式の必須項目で、未選択時に「生年月日(月)を選択してください」が出る（src/Eccube/Resource/template/default/Entry/index.twig:203-206、src/Eccube/Resource/locale/messages.ja.yaml:477）。		high	
sheet-3-R038	MATCHED						src/Eccube/Resource/template/default/Entry/index.twig:211-217		生年月日(日)は選択式の必須項目で、未選択時に「生年月日(日)を選択してください」が出る（src/Eccube/Resource/template/default/Entry/index.twig:213-216、src/Eccube/Resource/locale/messages.ja.yaml:478）。		high	
sheet-3-R039	MATCHED						src/Eccube/Form/Type/Front/EntryType.php:143-147		性別は任意の単一選択欄で、選択肢は性別マスタから引かれ、未選択時は選択を促す文言が先頭に置かれる（src/Eccube/Form/Type/Front/EntryType.php:143-147、src/Eccube/Resource/template/default/Entry/index.twig:229-236）。	レイアウト図(sheet-3_img3)の「選択してください」と一致。選択肢の値そのものはマスタデータ側。	med	
sheet-3-R040	MATCHED						src/Eccube/Form/Type/Front/EntryType.php:122-125		メールアドレスは必須で、未入力なら「メールアドレスを入力してください」（src/Eccube/Resource/locale/messages.ja.yaml:479）、形式不正なら形式エラーになる（src/Eccube/Form/Type/RepeatedEmailType.php:47-52、src/Eccube/Form/Type/RepeatedEmailType.php:75-83）。		high	
sheet-3-R041	MATCHED						src/Eccube/Form/Type/RepeatedEmailType.php:47		RFC 準拠の厳密判定が行われ、不正形式で「有効なメールアドレスではありません。」が出る（src/Eccube/Form/Type/RepeatedEmailType.php:47、src/Eccube/Resource/locale/validators.ja.yaml:145）。		high	
sheet-3-R042	MATCHED						src/Eccube/Form/Type/Front/EntryType.php:122-125		確認用メールアドレスも必須で、未入力なら「メールアドレス(確認)を入力してください」が出る（src/Eccube/Resource/locale/messages.ja.yaml:480、src/Eccube/Form/Type/RepeatedEmailType.php:85-93）。		high	
sheet-3-R043	MATCHED						src/Eccube/Form/Type/RepeatedEmailType.php:43		2つのメールアドレスが一致しない場合に「同じメールアドレスを入力してください。」が出る（src/Eccube/Form/Type/RepeatedEmailType.php:43、src/Eccube/Resource/locale/validators.ja.yaml:58）。		high	
sheet-3-R044	MATCHED						src/Eccube/Form/Type/RepeatedEmailType.php:47		確認用にも同じ RFC 準拠判定が掛かる（src/Eccube/Form/Type/RepeatedEmailType.php:47、src/Eccube/Form/Type/RepeatedEmailType.php:85-93、src/Eccube/Resource/locale/validators.ja.yaml:145）。		high	
sheet-3-R045	MATCHED						src/Eccube/Form/Type/Front/EntryType.php:126-128		パスワードは必須で、未入力時にエラーが出る。上限は50文字で検査される（src/Eccube/Form/Type/RepeatedPasswordType.php:49-52、app/config/eccube/packages/eccube.yaml:212）。		high	
sheet-3-R046	MATCHED						app/config/eccube/packages/eccube.yaml:211		最低文字数は12文字として検査される（app/config/eccube/packages/eccube.yaml:211、src/Eccube/Form/Type/RepeatedPasswordType.php:49-52）。		high	
sheet-3-R047	MATCHED						src/Eccube/Form/Type/Front/EntryType.php:126-128		確認用パスワードは必須で、未入力なら「パスワード(確認)を入力してください」が出る（src/Eccube/Form/Type/RepeatedPasswordType.php:88-99、src/Eccube/Resource/locale/validators.ja.yaml:55）。		high	
sheet-3-R048	MATCHED						src/Eccube/Form/Type/RepeatedPasswordType.php:44		2つのパスワードが一致しない場合に「同じパスワードを入力してください。」が出る（src/Eccube/Form/Type/RepeatedPasswordType.php:44、src/Eccube/Resource/locale/validators.ja.yaml:57）。		high	
sheet-3-R049	MATCHED						app/config/eccube/packages/eccube.yaml:211		確認用にも同じ最低12文字の検査が掛かる（app/config/eccube/packages/eccube.yaml:211、src/Eccube/Form/Type/RepeatedPasswordType.php:88-99）。		high	
sheet-3-R050	MATCHED						src/Eccube/Form/Type/Front/EntryType.php:176-184		国は必須の単一選択欄で初期値が Japan（src/Eccube/Form/Type/Front/EntryType.php:176-184）、Japan から他国へ変えると再読み込みが起きて都道府県欄が消える（src/Eccube/Resource/template/default/Entry/index.twig:23-30、src/Eccube/Resource/template/default/Entry/index.twig:427）。		high	
sheet-3-R051	MATCHED						src/Eccube/Resource/template/default/Entry/index.twig:475		Japan に戻すと再読み込みが起き、住所3の欄が消える（src/Eccube/Resource/template/default/Entry/index.twig:23-30、src/Eccube/Resource/template/default/Entry/index.twig:475）。		high	
sheet-3-R052	MATCHED						src/Eccube/Form/Type/SplitPostalType.php:40-67		郵便番号は必須で数字のみ受け付ける（src/Eccube/Form/Type/SplitPostalType.php:45-51）。未入力時は「郵便番号を入力してください」が出る（src/Eccube/Form/Type/Front/EntryType.php:218-221、src/Eccube/Resource/locale/messages.ja.yaml:466）。国外時の欄は10文字上限（src/Eccube/Form/Type/Front/EntryType.php:107-117、app/config/eccube/packages/eccube.yaml:183）。		high	
sheet-3-R053	MATCHED						src/Eccube/Form/Type/Front/EntryType.php:240-243		都道府県が未選択のまま送信すると「都道府県を選択してください」が出る（src/Eccube/Form/Type/Front/EntryType.php:240-243、src/Eccube/Resource/locale/messages.ja.yaml:470）。		high	
sheet-3-R054	MATCHED						src/Eccube/Resource/template/default/Entry/index.twig:427		都道府県の選択欄は国が Japan のときだけ出力される（src/Eccube/Resource/template/default/Entry/index.twig:427-446）。		high	
sheet-3-R055	DESIGN_ISSUE				・(1-14)国が「Japan」の場合は、「日本国外」で非表示にする		src/Eccube/Resource/template/default/Entry/index.twig:427-473		同じセル内の直前行が「(1-14)国が「Japan」の場合のみに表示する」と述べており、本行の「「Japan」の場合は…非表示にする」と正面から矛盾する。国が Japan 以外のときに都道府県を隠して「日本国外」を充てる意味だと読めるが、正本の字面では確定できない。実装は Japan 以外のとき都道府県欄を出さず「日本国外」を充てている（src/Eccube/Resource/template/default/Entry/index.twig:427、src/Eccube/Form/Type/Front/EntryType.php:226-227）。	レイアウト図(sheet-3_img5/img6)は「Japan以外で都道府県欄なし」を示しており、本行の字面とは合わない。	med	
sheet-3-R056	MATCHED						src/Eccube/Form/Type/AddressType.php:55-57		住所1は必須で、未入力時に住所のエラーが出る（src/Eccube/Form/Type/AddressType.php:55-57、src/Eccube/Form/Type/Front/EntryType.php:244-246、src/Eccube/Resource/locale/messages.ja.yaml:465）。上限90文字（src/Eccube/Form/Type/AddressType.php:110、app/config/eccube/packages/eccube.yaml:185）。		high	
sheet-3-R057	MATCHED						src/Eccube/Form/Type/AddressType.php:59-61		住所2は必須で、未入力時に住所のエラーが出る（src/Eccube/Form/Type/AddressType.php:59-61、src/Eccube/Form/Type/Front/EntryType.php:244-246）。上限90文字（src/Eccube/Form/Type/AddressType.php:119、app/config/eccube/packages/eccube.yaml:186）。		high	
sheet-3-R058	MATCHED						src/Eccube/Form/Type/AddressType.php:63-64		住所3は任意項目で上限90文字（src/Eccube/Form/Type/AddressType.php:63-64、src/Eccube/Form/Type/AddressType.php:126-134、app/config/eccube/packages/eccube.yaml:187）、海外住所表示時のみ入力欄が出る（src/Eccube/Resource/template/default/Entry/index.twig:505-507）。	海外時レイアウト図(sheet-3_img5)の3本目の入力欄と一致。	high	
sheet-3-R059	MATCHED						src/Eccube/Form/Type/Front/EntryType.php:231-238		電話番号は必須で、未入力時に「電話番号を入力してください」が出る（src/Eccube/Form/Type/Front/EntryType.php:236-238、src/Eccube/Resource/locale/messages.ja.yaml:468）。数字のみ受け付ける（src/Eccube/Resource/template/default/Entry/index.twig:525-535）。		high	
sheet-3-R060	MATCHED						src/Eccube/Form/Type/Front/EntryType.php:83-90		会社名は任意項目で上限100文字（src/Eccube/Form/Type/Front/EntryType.php:83-90、app/config/eccube/packages/eccube.yaml:194）。		high	
sheet-3-R061	MATCHED						src/Eccube/Form/Type/Front/EntryType.php:148-150		職業は職業マスタの登録値から選ぶ任意の単一選択欄（src/Eccube/Form/Type/Front/EntryType.php:148-150、src/Eccube/Resource/template/default/Entry/index.twig:591-598）。		high	
sheet-3-R062	MATCHED						src/Eccube/Form/Type/Front/PlayerType.php:43-50		MTG Campaign 登録名(姓)は任意で最大128文字の入力欄（src/Eccube/Form/Type/Front/PlayerType.php:43-50、src/Eccube/Resource/template/default/Entry/index.twig:612-613）。		high	
sheet-3-R063	MATCHED						src/Eccube/Form/Type/Front/PlayerType.php:35-42		MTG Campaign 登録名(名)は任意で最大128文字の入力欄（src/Eccube/Form/Type/Front/PlayerType.php:35-42、src/Eccube/Resource/template/default/Entry/index.twig:616-617）。		high	
sheet-3-R064	MATCHED						src/Eccube/Resource/template/default/Entry/index.twig:661		「利用規約」がご利用規約画面へのリンクとして表示される（src/Eccube/Resource/template/default/Entry/index.twig:661、src/Eccube/Resource/locale/messages.ja.yaml:422）。	レイアウト図(sheet-3_img3)の「利用規約に同意してお進みください」と一致。	high	
sheet-3-R065	MATCHED						src/Eccube/Resource/template/default/Entry/index.twig:663-666		同意ボタンを押すと入力チェックが走り、通れば確認画面へ、エラーがあれば入力画面にエラーが表示される（src/Eccube/Resource/template/default/Entry/index.twig:663-666、src/Eccube/Controller/Front/EntryController.php:128-141、src/Eccube/Controller/Front/EntryController.php:206-210）。	レイアウト図(sheet-3_img3)ではボタン文言が「同意して確認画面へ」で、押下先が確認画面であることを示している。	med	
sheet-3-R066	MATCHED						src/Eccube/Resource/template/default/Entry/index.twig:667		戻るボタンは本店ECTOPへのリンクになっている（src/Eccube/Resource/template/default/Entry/index.twig:667）。	レイアウト図(sheet-3_img3)は「戻る」、実装の文言は「同意しない」。遷移先は図・項目表とも本店ECTOPで一致。	med	
sheet-3-R067	OUT_OF_SCOPE								レイアウト図の見出し行であり、実装対象の要求ではない。		high	
sheet-3-R068	OUT_OF_SCOPE								レイアウト図の版（SP/PC）を示す区分行であり、実装対象の要求ではない。		high	
sheet-3-R069	MATCHED						src/Eccube/Resource/template/default/Entry/confirm.twig:19-38		確認画面のパンくずが ホーム>ログイン>会員情報登録確認 の3段で出力される（src/Eccube/Resource/template/default/Entry/confirm.twig:19-38、src/Eccube/Resource/locale/messages.ja.yaml:425）。	確認画面レイアウト図(sheet-3_img7)の見出しと整合。	high	
sheet-3-R070	OUT_OF_SCOPE								レイアウト図の版（SP/PC）を示す区分行であり、実装対象の要求ではない。		high	
sheet-3-R071	MATCHED						src/Eccube/Resource/template/default/Entry/confirm.twig:19-38		PC版も同一テンプレートで同じパンくずを出力する（src/Eccube/Resource/template/default/Entry/confirm.twig:19-38）。		high	
sheet-3-R072	OUT_OF_SCOPE								カスタマイズ要件の見出し行であり、実装対象の要求ではない。		high	
sheet-3-R073	MATCHED						src/Eccube/Resource/template/default/Entry/confirm.twig:180-184		確認画面でも国が日本以外のとき住所3を含む3カラムが表示される（src/Eccube/Resource/template/default/Entry/confirm.twig:182-183）。		high	
sheet-3-R074	MATCHED						src/Eccube/Entity/Customer.php:1029-1030		住所3は会員情報の項目として保持される（src/Eccube/Entity/Customer.php:1029-1030）。		high	
sheet-3-R075	OUT_OF_SCOPE								カスタマイズ以外は現行踏襲という方針記述であり、個別の実装要求ではない。		high	
sheet-3-R076	OUT_OF_SCOPE								カスタマイズ説明の見出し行であり、実装対象の要求ではない。		high	
sheet-3-R077	MATCHED						src/Eccube/Resource/template/default/Entry/confirm.twig:161-184		確認画面は国が Japan かどうかで郵便番号・住所の表示を切り替える（src/Eccube/Resource/template/default/Entry/confirm.twig:161、src/Eccube/Resource/template/default/Entry/confirm.twig:180）。		high	
sheet-3-R078	MATCHED						src/Eccube/Resource/template/default/Entry/confirm.twig:161-162		国が Japan のとき郵便番号は〒記号つきで3桁-4桁の形で表示される（src/Eccube/Resource/template/default/Entry/confirm.twig:161-162）。	確認画面レイアウト図(sheet-3_img9)の「〒169-0075」と一致。	high	
sheet-3-R079	MATCHED						src/Eccube/Resource/template/default/Entry/confirm.twig:180-181		国が Japan のとき都道府県が住所の先頭に表示される（src/Eccube/Resource/template/default/Entry/confirm.twig:180-181）。	確認画面レイアウト図(sheet-3_img9)の「東京都」行と一致。	high	
sheet-3-R080	MATCHED						src/Eccube/Resource/template/default/Entry/confirm.twig:180-181		住所3は Japan 用の入力欄が存在しないため常に空で、確認画面に住所3の値が現れることはない（入力欄は src/Eccube/Resource/template/default/Entry/index.twig:427-473 に無い）。表示側は src/Eccube/Resource/template/default/Entry/confirm.twig:181 で連結するが値が空のため画面には出ない。	確認画面レイアウト図(sheet-3_img9)は日本の住所を4行（都道府県+3行）で描いており、本行の字面と図が一致しない。	med	
sheet-3-R081	MATCHED						src/Eccube/Resource/template/default/Entry/confirm.twig:163-183		国が Japan 以外のとき郵便番号・住所の表示が国外用に切り替わる（src/Eccube/Resource/template/default/Entry/confirm.twig:163-164、src/Eccube/Resource/template/default/Entry/confirm.twig:182-183）。		high	
sheet-3-R082	MATCHED						src/Eccube/Resource/template/default/Entry/confirm.twig:163-164		国が Japan 以外のとき郵便番号は単一の値としてそのまま表示される（src/Eccube/Resource/template/default/Entry/confirm.twig:163-164）。		high	
sheet-3-R083	MATCHED						src/Eccube/Resource/template/default/Entry/confirm.twig:182-183		国が Japan 以外のとき都道府県は表示されない（src/Eccube/Resource/template/default/Entry/confirm.twig:182-183）。		high	
sheet-3-R084	MATCHED						src/Eccube/Resource/template/default/Entry/confirm.twig:183		国が Japan 以外のとき住所3が表示される（src/Eccube/Resource/template/default/Entry/confirm.twig:183）。		high	
sheet-3-R085	MATCHED						src/Eccube/Controller/Front/EntryController.php:143-156		登録実行時にブラックリスト照合を行い、該当があれば登録せず会員情報登録エラー画面へ遷移する（src/Eccube/Controller/Front/EntryController.php:143-156、src/Eccube/Controller/Front/EntryController.php:434-441）。		high	
sheet-3-R086	MATCHED						src/Eccube/Repository/DtbBlacklistRepository.php:38-45		照合キーの1つが姓名を連結したお名前である（src/Eccube/Repository/DtbBlacklistRepository.php:41）。		high	
sheet-3-R087	MATCHED						src/Eccube/Repository/DtbBlacklistRepository.php:38-45		照合キーの1つが都道府県・住所1・住所2・住所3を連結した住所である（src/Eccube/Repository/DtbBlacklistRepository.php:43）。		high	
sheet-3-R088	MATCHED						src/Eccube/Repository/DtbBlacklistRepository.php:38-45		照合キーの1つが電話番号である（src/Eccube/Repository/DtbBlacklistRepository.php:42）。		high	
sheet-3-R089	OUT_OF_SCOPE								別紙参照の注記であり、本シートの実装要求ではない。		high	
sheet-3-R090	OUT_OF_SCOPE								参照先を示す注記であり、本シートの実装要求ではない。		high	
sheet-3-R091	OUT_OF_SCOPE								仮会員機能による制御の見出し行であり、実装対象の要求ではない。		high	
sheet-3-R092	MATCHED						src/Eccube/Controller/Front/EntryController.php:182-197		仮会員機能が有効かどうかで登録後の処理が分岐する（src/Eccube/Controller/Front/EntryController.php:182-185）。		high	
sheet-3-R093	MATCHED						src/Eccube/Controller/Front/EntryController.php:128-197		登録ボタン押下後、入力チェックが通った場合にだけ登録と後続処理が行われる（src/Eccube/Controller/Front/EntryController.php:128、src/Eccube/Controller/Front/EntryController.php:142-197）。		high	
sheet-3-R094	MATCHED						src/Eccube/Controller/Front/EntryController.php:195-197		会員は仮会員の状態で作られ（src/Eccube/Repository/CustomerRepository.php:90-98）、仮会員登録完了画面へ遷移する（src/Eccube/Controller/Front/EntryController.php:195-197）。		high	
sheet-3-R095	MATCHED						src/Eccube/Controller/Front/EntryController.php:186-189		入力したメールアドレス宛に仮会員登録完了の確認メールを送る（src/Eccube/Controller/Front/EntryController.php:186-189）。		high	
sheet-3-R096	MATCHED						src/Eccube/Controller/Front/EntryController.php:233-275		メール内のURLを開くと本会員化の処理が走り、本会員登録が完了する（src/Eccube/Controller/Front/EntryController.php:233-275、src/Eccube/Controller/Front/EntryController.php:284-338）。		high	
sheet-3-R097	MATCHED						src/Eccube/Controller/Front/EntryController.php:198-203		仮会員機能が無効の場合は確認メールを送らず本会員化へ進む（src/Eccube/Controller/Front/EntryController.php:198-203）。		high	
sheet-3-R098	MATCHED						src/Eccube/Controller/Front/EntryController.php:198-203		仮会員機能が無効のときは本会員化まで進み、本会員登録完了メールが送られる（src/Eccube/Controller/Front/EntryController.php:198-203、src/Eccube/Controller/Front/EntryController.php:320）。		high	
sheet-3-R099	OUT_OF_SCOPE								別紙参照の注記であり、本シートの実装要求ではない。		high	
sheet-3-R100	OUT_OF_SCOPE								表ヘッダの折り返し行であり、実装対象の要求ではない。		high	
sheet-3-R101	MATCHED						src/Eccube/Resource/template/default/Entry/confirm.twig:19-38		確認画面のパンくずが新規に追加されている（src/Eccube/Resource/template/default/Entry/confirm.twig:19-38）。		high	
sheet-3-R102	MATCHED						src/Eccube/Resource/template/default/Entry/confirm.twig:34-37		現在表示中のページはリンクではなく文字として出力され押下できない（src/Eccube/Resource/template/default/Entry/confirm.twig:34-37）。		high	
sheet-3-R103	MATCHED						src/Eccube/Resource/template/default/Entry/confirm.twig:22-26		ホームアイコンが本店ECTOPへのリンクになっている（src/Eccube/Resource/template/default/Entry/confirm.twig:22-26）。		high	
sheet-3-R104	MATCHED						src/Eccube/Resource/template/default/Entry/confirm.twig:59		確認画面にお名前が姓名を並べた形で表示される（src/Eccube/Resource/template/default/Entry/confirm.twig:59）。		high	
sheet-3-R105	MATCHED						src/Eccube/Resource/template/default/Entry/confirm.twig:73		確認画面にフリガナが表示される（src/Eccube/Resource/template/default/Entry/confirm.twig:73）。		high	
sheet-3-R106	MATCHED						src/Eccube/Resource/template/default/Entry/confirm.twig:87		確認画面に生年月日が表示される（src/Eccube/Resource/template/default/Entry/confirm.twig:87）。		high	
sheet-3-R107	MATCHED						src/Eccube/Resource/template/default/Entry/confirm.twig:101		確認画面に性別が表示される（src/Eccube/Resource/template/default/Entry/confirm.twig:101）。		high	
sheet-3-R108	MATCHED						src/Eccube/Resource/template/default/Entry/confirm.twig:117		確認画面にメールアドレスが表示される（src/Eccube/Resource/template/default/Entry/confirm.twig:117）。		high	
sheet-3-R109	MATCHED						src/Eccube/Resource/template/default/Entry/confirm.twig:131		確認画面にパスワードが伏字で表示される（src/Eccube/Resource/template/default/Entry/confirm.twig:131）。	確認画面レイアウト図(sheet-3_img9)も伏字表示。	high	
sheet-3-R110	MATCHED						src/Eccube/Resource/template/default/Entry/confirm.twig:148		確認画面に国が表示される（src/Eccube/Resource/template/default/Entry/confirm.twig:148）。		high	
sheet-3-R111	MATCHED						src/Eccube/Resource/template/default/Entry/confirm.twig:161-165		確認画面に郵便番号が表示される（src/Eccube/Resource/template/default/Entry/confirm.twig:161-165）。		high	
sheet-3-R112	MATCHED						src/Eccube/Resource/template/default/Entry/confirm.twig:180-184		確認画面の都道府県は国が日本のときだけ表示される（src/Eccube/Resource/template/default/Entry/confirm.twig:180-184）。		high	
sheet-3-R113	MATCHED						src/Eccube/Resource/template/default/Entry/confirm.twig:181		確認画面に住所1が表示される（src/Eccube/Resource/template/default/Entry/confirm.twig:181、src/Eccube/Resource/template/default/Entry/confirm.twig:183）。		high	
sheet-3-R114	MATCHED						src/Eccube/Resource/template/default/Entry/confirm.twig:181		確認画面に住所2が表示される（src/Eccube/Resource/template/default/Entry/confirm.twig:181、src/Eccube/Resource/template/default/Entry/confirm.twig:183）。		high	
sheet-3-R115	MATCHED						src/Eccube/Resource/template/default/Entry/confirm.twig:183		確認画面に住所3が表示される（海外住所時。src/Eccube/Resource/template/default/Entry/confirm.twig:183）。		high	
sheet-3-R116	MATCHED						src/Eccube/Resource/template/default/Entry/confirm.twig:200		確認画面に電話番号が表示される（src/Eccube/Resource/template/default/Entry/confirm.twig:200）。		high	
sheet-3-R117	MATCHED						src/Eccube/Resource/template/default/Entry/confirm.twig:217		確認画面に会社名が表示される（src/Eccube/Resource/template/default/Entry/confirm.twig:217）。		high	
sheet-3-R118	MATCHED						src/Eccube/Resource/template/default/Entry/confirm.twig:229		確認画面に職業が表示される（src/Eccube/Resource/template/default/Entry/confirm.twig:229）。		high	
sheet-3-R119	MATCHED						src/Eccube/Resource/template/default/Entry/confirm.twig:244		確認画面に MTG Campaign 登録名(姓)が表示される（src/Eccube/Resource/template/default/Entry/confirm.twig:244）。		high	
sheet-3-R120	MATCHED						src/Eccube/Resource/template/default/Entry/confirm.twig:244		確認画面に MTG Campaign 登録名(名)が表示される（src/Eccube/Resource/template/default/Entry/confirm.twig:244）。		high	
sheet-3-R121	MATCHED						src/Eccube/Controller/Front/EntryController.php:142-210		登録ボタン押下で入力チェックを行い、通れば登録し（src/Eccube/Controller/Front/EntryController.php:158-171）、エラーがあれば会員登録画面を再表示してエラーを出す（src/Eccube/Controller/Front/EntryController.php:206-210、src/Eccube/Resource/template/default/Entry/index.twig:116-121）。		high	
sheet-3-R122	MATCHED						src/Eccube/Controller/Front/EntryController.php:143-156		ブラックリスト該当時は登録せず会員情報登録エラー画面へ遷移する（src/Eccube/Controller/Front/EntryController.php:143-156）。		high	
sheet-3-R123	MATCHED						src/Eccube/Repository/DtbBlacklistRepository.php:41		照合キーの1つがお名前である（src/Eccube/Repository/DtbBlacklistRepository.php:41）。		high	
sheet-3-R124	MATCHED						src/Eccube/Repository/DtbBlacklistRepository.php:43		照合キーの1つが住所である（src/Eccube/Repository/DtbBlacklistRepository.php:43）。		high	
sheet-3-R125	MATCHED						src/Eccube/Repository/DtbBlacklistRepository.php:42		照合キーの1つが電話番号である（src/Eccube/Repository/DtbBlacklistRepository.php:42）。		high	
sheet-3-R126	MATCHED						src/Eccube/Resource/template/default/Entry/confirm.twig:285		戻るボタンは入力値を保ったまま会員登録画面を再表示する（src/Eccube/Resource/template/default/Entry/confirm.twig:285、src/Eccube/Controller/Front/EntryController.php:204-210）。		high	
sheet-3-R127	OUT_OF_SCOPE								レイアウト図の見出し行であり、実装対象の要求ではない。		high	
sheet-3-R128	OUT_OF_SCOPE								レイアウト図の版（PC/SP共通）を示す区分行であり、実装対象の要求ではない。		high	
sheet-3-R129	MATCHED						src/Eccube/Resource/template/default/breadcrumb_nav.twig:70-72		仮会員登録完了画面のパンくずが ホーム>ログイン>仮会員登録完了 で出力される（src/Eccube/Resource/template/default/breadcrumb_nav.twig:70-72、src/Eccube/Resource/template/default/Entry/complete.twig:17、src/Eccube/Resource/locale/messages.ja.yaml:427）。		high	
sheet-3-R130	MATCHED						src/Eccube/Controller/Front/EntryController.php:158-203		会員登録の完了処理に支店への会員データ連携が無く、登録・メール送信・画面遷移だけで完結している（src/Eccube/Controller/Front/EntryController.php:158-203）。		high	
sheet-3-R131	MATCHED						src/Eccube/Controller/Front/EntryController.php:166-169		登録実行時に会員と選手の情報が保存される（src/Eccube/Controller/Front/EntryController.php:166-169）。		high	
sheet-3-R132	MATCHED						src/Eccube/Controller/Front/EntryController.php:168		会員情報が保存される（src/Eccube/Controller/Front/EntryController.php:168、src/Eccube/Repository/CustomerRepository.php:93-98）。		high	
sheet-3-R133	MATCHED						src/Eccube/Form/Type/Front/EntryType.php:118		入力した都道府県・住所1〜3は会員情報の住所項目として保存される（src/Eccube/Form/Type/Front/EntryType.php:118、src/Eccube/Entity/Customer.php:1029-1030）。お届け先レコードの生成については sheet-3-R151/R152 で別途指摘した。		med	
sheet-3-R134	MATCHED						src/Eccube/Repository/CustomerRepository.php:88		会員作成時にデッキ登録用ユーザーIDが8文字のランダム文字列で採番され（src/Eccube/Repository/CustomerRepository.php:88、app/config/eccube/packages/eccube.yaml:213）、既存と重複しないことを確認するまで採り直す（src/Eccube/Service/PlayerService.php:35-49）。		high	
sheet-3-R135	MATCHED						src/Eccube/Controller/Front/EntryController.php:158-203		会員登録の完了処理に支店への会員データ連携が無い（src/Eccube/Controller/Front/EntryController.php:158-203）。		high	
sheet-3-R136	MATCHED						src/Eccube/Controller/Front/EntryController.php:185-189		仮会員機能が有効のとき、本会員登録用のURLを載せたメールを送る（src/Eccube/Controller/Front/EntryController.php:185-189）。		high	
sheet-3-R137	MATCHED						src/Eccube/Controller/Front/EntryController.php:198-203		仮会員機能が無効のとき、本会員登録の画面へリダイレクトし本会員化を完了させる（src/Eccube/Controller/Front/EntryController.php:198-203、src/Eccube/Controller/Front/EntryController.php:284-338）。		high	
sheet-3-R138	OUT_OF_SCOPE								表ヘッダの折り返し行であり、実装対象の要求ではない。		high	
sheet-3-R139	MATCHED						src/Eccube/Resource/template/default/Entry/complete.twig:17		仮会員登録完了画面にパンくずが新規に追加されている（src/Eccube/Resource/template/default/Entry/complete.twig:17、src/Eccube/Resource/template/default/breadcrumb_nav.twig:70-72）。		high	
sheet-3-R140	MATCHED						src/Eccube/Resource/template/default/breadcrumb_nav.twig:25-32		現在表示中のページはリンクではなく文字として出力され押下できない（src/Eccube/Resource/template/default/breadcrumb_nav.twig:25-32）。		high	
sheet-3-R141	MATCHED						src/Eccube/Resource/template/default/breadcrumb_nav.twig:6-13		ホームアイコンが本店ECTOPへのリンクになっている（src/Eccube/Resource/template/default/breadcrumb_nav.twig:6-13、src/Eccube/Resource/template/default/breadcrumb_nav.twig:52）。		high	
sheet-3-R142	MATCHED						src/Eccube/Resource/template/default/Entry/complete.twig:25		「ホームへ戻る」が本店ECTOPへのリンクになっている（src/Eccube/Resource/template/default/Entry/complete.twig:25、src/Eccube/Resource/locale/messages.ja.yaml:446）。	完了画面レイアウト図(sheet-3_img10)の「ホームへ戻る」と一致。	high	
sheet-3-R143	OUT_OF_SCOPE								現行仕様の節見出しであり、実装対象の要求ではない。		high	
sheet-3-R144	OUT_OF_SCOPE								現行仕様の小見出しであり、実装対象の要求ではない。		high	
sheet-3-R145	MATCHED						src/Eccube/Form/Type/Front/EntryType.php:190-192		メールアドレスとパスワードが同一のとき、パスワード欄にエラーが付いて確認画面へ進めず、会員登録画面が再表示される（src/Eccube/Form/Type/Front/EntryType.php:190-192、src/Eccube/Resource/locale/messages.ja.yaml:76、src/Eccube/Controller/Front/EntryController.php:206-210）。		high	
sheet-3-R146	NOT_IMPLEMENTED	P2	未実装	ふるまい	国が日本なのに住所(都道府県)が「日本国外」、または国が日本以外なのに住所(都道府県)が「日本国外」以外 国欄に整合エラーを表示し、登録しない	国と都道府県の組み合わせが整合しない送信は、国欄にエラーを出して登録を行わない。	src/Eccube/Form/Type/Front/EntryType.php:218-252	国が日本のときは都道府県が未選択かどうかしか見ておらず、都道府県に「日本国外」を選んでもエラーにならずそのまま登録できる。国が日本以外のときは送信値を無視して都道府県を「日本国外」に上書きするため、整合エラーも出ない。	国と都道府県の突き合わせを行う箇所が無い（src/Eccube/Form/Type/Front/EntryType.php:218-229、src/Eccube/Form/Type/Front/EntryType.php:240-251）。都道府県の選択肢には「日本国外」が含まれる（app/DoctrineMigrations/Version20251125164358.php:295-298）。	レイアウト図(sheet-3_img6)の都道府県セレクトに「日本国外」を除く指定は描かれていない。	high	EntryType-no-country-pref-consistency-check
sheet-3-R147	MATCHED						src/Eccube/Resource/template/default/Entry/index.twig:68		送信フォームには画面から発行した照合値が埋め込まれ（src/Eccube/Resource/template/default/Entry/index.twig:68、src/Eccube/Resource/template/default/Entry/confirm.twig:47）、照合値を伴わない送信は入力チェックを通らないため、確認画面にも登録処理にも進まない（src/Eccube/Controller/Front/EntryController.php:116-206）。	レイアウト図に該当要素は描かれない。	med	
sheet-3-R148	OUT_OF_SCOPE								現行仕様の小見出しであり、実装対象の要求ではない。		high	
sheet-3-R149	MATCHED						src/Eccube/Form/Type/Front/EntryType.php:93-99		国の選択肢は国名の昇順に並び（src/Eccube/Form/Type/Front/EntryType.php:98-99）、未選択のときは選択を促す文言が先頭に置かれる（src/Eccube/Form/Type/Front/EntryType.php:93）。		high	
sheet-3-R150	OUT_OF_SCOPE								入出力の節見出しであり、実装対象の要求ではない。		high	
sheet-3-R151	NOT_IMPLEMENTED	P2	未実装	IO	追加 登録の実行時 会員情報と会員住所に加えて、住所の付帯情報と選手情報を同時に作る	会員登録の実行時に、会員情報・選手情報と同時に会員住所も作られる。	src/Eccube/Controller/Front/EntryController.php:158-171	登録実行時に作られるのは会員情報と選手情報だけで、会員住所は1件も作られない。	登録処理で保存されるのは選手情報と会員情報の2つのみ（src/Eccube/Controller/Front/EntryController.php:163-169）。会員住所を作る処理は会員登録の経路に無く、他機能（src/Eccube/Controller/Front/Purchase/OtcBuyController.php:590-594）にしか存在しない。		high	EntryController-no-customer-address-created
sheet-3-R152	NOT_IMPLEMENTED	P2	未実装	IO	追加 同上 住所の付帯情報は既定の住所名を持ち、既定のお届け先として作る	会員登録の実行時に作られる住所には既定の住所名が付き、既定のお届け先として扱われる。	src/Eccube/Controller/Front/EntryController.php:158-171	会員住所自体が作られないため、既定の住所名も既定のお届け先の指定も生まれない。	登録処理には住所名・既定お届け先の設定が無い（src/Eccube/Controller/Front/EntryController.php:158-171）。既定の住所名を付ける処理は他機能にしか無い（src/Eccube/Controller/Front/Purchase/OtcBuyController.php:590-594）。		high	EntryController-no-customer-address-created
sheet-3-R153	NOT_IMPLEMENTED	P3	未実装	IO	追加 同上 選手情報には、お名前(姓・名)、MTG Campaign 登録名(姓・名)、メールアドレス、デッキ登録用ユーザーIDを持たせる	会員登録の実行時に作られる選手情報が、入力したお名前(姓・名)を保持する。	src/Eccube/Controller/Front/EntryController.php:163-169; src/Eccube/Form/Type/Front/PlayerType.php:34-51	選手情報に入るのは MTG Campaign 登録名(姓・名)・メールアドレス・デッキ登録用ユーザーIDだけで、お名前(姓・名)は空のまま作られる。	会員登録の入力から選手情報へ渡るのは英字表記の登録名2項目のみ（src/Eccube/Form/Type/Front/PlayerType.php:34-51）で、メールとデッキ用IDは別途設定される（src/Eccube/Controller/Front/EntryController.php:163-164、src/Eccube/Repository/CustomerRepository.php:88）。選手情報の和名項目（src/Eccube/Entity/DtbPlayer.php:181-205）に値を入れているのは他機能だけ（src/Eccube/Controller/Front/Purchase/OtcBuyController.php:604-605）。		high	EntryController-player-jp-name-not-set
sheet-3-R154	NOT_IMPLEMENTED	P3	未実装	IO	追加 同上 国が日本以外のときは、会員住所にも入力した郵便番号を控える	国が日本以外の会員登録では、会員住所にも入力した郵便番号が控えられる。	src/Eccube/Controller/Front/EntryController.php:158-171	会員住所が作られないため、そこに郵便番号が控えられることもない。国外の郵便番号は会員情報側にだけ保持される。	登録処理は会員情報と選手情報しか保存しない（src/Eccube/Controller/Front/EntryController.php:163-169）。国外郵便番号の保存先は会員情報の項目のみ（src/Eccube/Form/Type/Front/EntryType.php:107-117、src/Eccube/Entity/Customer.php:1005-1006）。		high	EntryController-no-customer-address-created
sheet-3-R155	MATCHED						src/Eccube/Resource/template/default/Entry/index.twig:63		会員登録画面の見出しが「会員情報登録」で静的に出る（src/Eccube/Resource/template/default/Entry/index.twig:63、src/Eccube/Resource/locale/messages.ja.yaml:420）。		high	
sheet-3-R156	MATCHED						src/Eccube/Resource/template/default/Entry/confirm.twig:42		確認画面の見出しが「会員情報登録確認」で静的に出る（src/Eccube/Resource/template/default/Entry/confirm.twig:42、src/Eccube/Resource/locale/messages.ja.yaml:425）。		high	
sheet-3-R157	DESIGN_ISSUE				確認画面本文 下記の内容で送信してもよろしいでしょうか？<br>よろしければ、一番下の「会員登録をする」ボタンをクリックしてください。 確認画面の表示時 静的表示		src/Eccube/Resource/template/default/Entry/confirm.twig:43; src/Eccube/Resource/locale/messages.ja.yaml:426		同じ正本の確認画面レイアウト図(sheet-3_img7/img9)は本文を「下記の内容で送信してよろしいでしょうか？よろしければ「登録する」へお進みください。」と描いており、メッセージ表の文言（「送信してもよろしいでしょうか？」「一番下の「会員登録をする」ボタンをクリックしてください。」）と食い違う。ボタン名も図・項目表(2-19)は「登録する」で、メッセージ表の「会員登録をする」と合わない。実装は図側の文言（src/Eccube/Resource/template/default/Entry/confirm.twig:43、src/Eccube/Resource/locale/messages.ja.yaml:426）。どちらを正とするか設計裁定が要る。	確認画面レイアウト図(sheet-3_img7/img9)の本文を確認した。	med	
sheet-3-R158	MATCHED						src/Eccube/Resource/template/default/Entry/complete.twig:20		完了画面の見出しが「仮会員登録完了」で静的に出る（src/Eccube/Resource/template/default/Entry/complete.twig:20、src/Eccube/Resource/locale/messages.ja.yaml:434）。	完了画面レイアウト図(sheet-3_img10)の見出しと一致。	high	
sheet-3-R159	MATCHED						src/Eccube/Resource/template/default/Entry/complete.twig:21		完了画面本文の先頭に「現在、仮登録の状態となっております。」が静的に出る（src/Eccube/Resource/template/default/Entry/complete.twig:21、src/Eccube/Resource/locale/messages.ja.yaml:435）。	完了画面レイアウト図(sheet-3_img10)と一致。	high	
sheet-3-R160	NOT_IMPLEMENTED	P2	未実装	ふるまい	国欄の直下 国と都道府県の組み合わせが正しくありません。 国と都道府県の組み合わせが整合しないとき 登録せず会員登録画面に留まる	国と都道府県の組み合わせが整合しないとき、国欄の直下に「国と都道府県の組み合わせが正しくありません。」が出て、登録せず会員登録画面に留まる。	src/Eccube/Form/Type/Front/EntryType.php:218-252; src/Eccube/Resource/locale/messages.ja.yaml:420-488	この文言が定義されておらず、国と都道府県の整合を見る処理も無いため、不整合な組み合わせでもエラーが出ずに先へ進む。	国欄に整合エラーを付ける処理が無い（src/Eccube/Form/Type/Front/EntryType.php:218-229、src/Eccube/Form/Type/Front/EntryType.php:240-251）。国・都道府県の組み合わせに関するメッセージも定義されていない（src/Eccube/Resource/locale/messages.ja.yaml:420-488）。		high	EntryType-no-country-pref-consistency-check
sheet-3-R161	MATCHED						src/Eccube/Resource/template/default/Entry/index.twig:116-121		各入力欄の直下にエラーの表示先が置かれ、必須・形式・最大長のエラーがそこに出る（src/Eccube/Resource/template/default/Entry/index.twig:116-121、src/Eccube/Resource/template/default/Entry/index.twig:171-176、src/Eccube/Resource/template/default/Entry/index.twig:399-401）。文言は共通のフォーム検証メッセージ（src/Eccube/Resource/locale/validators.ja.yaml:37-61）。		high	
sheet-3-R162	MATCHED						src/Eccube/Resource/template/default/Entry/regist_error.twig:9		ブラックリスト該当時に遷移する登録エラー画面の本文が定義どおり出る（src/Eccube/Resource/template/default/Entry/regist_error.twig:9、src/Eccube/Resource/locale/messages.ja.yaml:457-459、src/Eccube/Controller/Front/EntryController.php:434-441）。		high	
sheet-3-R163	MATCHED						src/Eccube/Resource/template/default/Entry/complete.twig:22		会員登録完了時に仮会員登録完了画面が表示され、確認メールの案内本文が出る（src/Eccube/Resource/template/default/Entry/complete.twig:22、src/Eccube/Resource/locale/messages.ja.yaml:437-442）。	完了画面レイアウト図(sheet-3_img10)の本文と一致。	high	
sheet-3-R164	MATCHED						src/Eccube/Resource/locale/messages.ja.yaml:477		生年月日の月が未選択のとき「生年月日(月)を選択してください」が入力項目付近に出る（src/Eccube/Resource/locale/messages.ja.yaml:477、src/Eccube/Resource/template/default/Entry/index.twig:203-206）。		high	
sheet-3-R165	MATCHED						src/Eccube/Resource/locale/messages.ja.yaml:476		生年月日の年が未選択のとき「生年月日(年)を選択してください」が入力項目付近に出る（src/Eccube/Resource/locale/messages.ja.yaml:476、src/Eccube/Resource/template/default/Entry/index.twig:193-196）。		high	
sheet-3-R166	MATCHED						src/Eccube/Resource/locale/messages.ja.yaml:481		メールアドレスの形式が不正なとき「有効なメールアドレスを入力してください」が出る（src/Eccube/Resource/locale/messages.ja.yaml:481、src/Eccube/Resource/template/default/Entry/index.twig:214-215）。		high	
sheet-3-R167	MATCHED						src/Eccube/Resource/locale/messages.ja.yaml:482		確認用メールアドレスが一致しないとき「メールアドレスが一致しません」が出る（src/Eccube/Resource/locale/messages.ja.yaml:482、src/Eccube/Resource/template/default/Entry/index.twig:247-253）。		high	
sheet-3-R168	MATCHED						src/Eccube/Resource/locale/messages.ja.yaml:479		メールアドレス未入力のとき「メールアドレスを入力してください」が出る（src/Eccube/Resource/locale/messages.ja.yaml:479、src/Eccube/Resource/template/default/Entry/index.twig:214-215）。		high	
sheet-3-R169	MATCHED						src/Eccube/Resource/locale/messages.ja.yaml:480		確認用メールアドレス未入力のとき「メールアドレス(確認)を入力してください」が出る（src/Eccube/Resource/locale/messages.ja.yaml:480、src/Eccube/Resource/template/default/Entry/index.twig:247-253）。		high	
sheet-3-R170	MATCHED						src/Eccube/Resource/locale/messages.ja.yaml:473		フリガナ(姓)未入力のとき「セイを入力してください」が出る（src/Eccube/Resource/locale/messages.ja.yaml:473、src/Eccube/Resource/template/default/Entry/index.twig:140-147）。		high	
sheet-3-R171	MATCHED						src/Eccube/Resource/locale/messages.ja.yaml:474		フリガナ(名)未入力のとき「メイを入力してください」が出る（src/Eccube/Resource/locale/messages.ja.yaml:474、src/Eccube/Resource/template/default/Entry/index.twig:156-163）。		high	
sheet-3-R172	MATCHED						src/Eccube/Resource/locale/messages.ja.yaml:475		フリガナがカタカナ以外のとき「カタカナで入力してください」が出る（src/Eccube/Resource/locale/messages.ja.yaml:475、src/Eccube/Form/Type/KanaType.php:57-60）。		high	
sheet-3-R173	MATCHED						src/Eccube/Resource/locale/messages.ja.yaml:471		姓が未入力のとき「姓を入力してください」が出る（src/Eccube/Resource/locale/messages.ja.yaml:471、src/Eccube/Resource/template/default/Entry/index.twig:86-93）。		high	
sheet-3-R174	MATCHED						src/Eccube/Resource/locale/messages.ja.yaml:472		名が未入力のとき「名を入力してください」が出る（src/Eccube/Resource/locale/messages.ja.yaml:472、src/Eccube/Resource/template/default/Entry/index.twig:101-108）。		high	
sheet-3-R175	MATCHED						src/Eccube/Resource/locale/messages.ja.yaml:485		パスワードが最小文字数に満たないとき「パスワードは%min%文字以上で入力してください」が出る（src/Eccube/Resource/locale/messages.ja.yaml:485、src/Eccube/Form/Type/RepeatedPasswordType.php:49-52）。		high	
sheet-3-R176	MATCHED						src/Eccube/Resource/locale/messages.ja.yaml:467		郵便番号に数字以外を入れたとき「郵便番号は数字のみ入力してください」が出る（src/Eccube/Resource/locale/messages.ja.yaml:467、src/Eccube/Form/Type/SplitPostalType.php:45、src/Eccube/Resource/template/default/Entry/index.twig:374-377）。		high	
sheet-3-R177	MATCHED						src/Eccube/Controller/Front/EntryController.php:128-223		会員登録の一連の処理でフラッシュ通知を出す箇所が無く、確認画面・仮会員登録完了画面の文言はテンプレートに固定で書かれている（src/Eccube/Controller/Front/EntryController.php:128-223、src/Eccube/Resource/template/default/Entry/confirm.twig:42-44、src/Eccube/Resource/template/default/Entry/complete.twig:20-22）。		high	
sheet-4-R001	OUT_OF_SCOPE								レイアウト図のブロック見出し。実装対象のふるまいを述べていない。		high	
sheet-4-R002	OUT_OF_SCOPE								レイアウト図が共通(PC/SP)である旨の区分行。実装要求ではない。		high	
sheet-4-R003	MATCHED						src/Eccube/Resource/template/default/breadcrumb_nav.twig:74-75;src/Eccube/Resource/locale/messages.ja.yaml:428		本会員登録完了画面(entry_activate)のパンくずは src/Eccube/Resource/template/default/breadcrumb_nav.twig:74-75 で現在地1件のみを出し、その文言は src/Eccube/Resource/locale/messages.ja.yaml:428 の「本会員登録完了」。ホームアイコンは src/Eccube/Resource/template/default/breadcrumb_nav.twig:60 で先頭に出る。設計の「⌂ > 本会員登録完了」と一致。	sheet-4_img1.png（本登録完了レイアウト図）にはパンくずは描かれていないが、本文行30に「⌂ 　> 本会員登録完了」と明記されている。	high	
sheet-4-R004	MATCHED						src/Eccube/Controller/Front/EntryController.php:284-333		本会員化処理 src/Eccube/Controller/Front/EntryController.php:284-333 に支店システムへの会員データ連携は存在しない。設計どおり連携が無い状態。		high	
sheet-4-R005	MATCHED						src/Eccube/Resource/template/default/Entry/activate.twig:17		完了画面テンプレート src/Eccube/Resource/template/default/Entry/activate.twig:17 で breadcrumb_nav.twig を読み込んでおり、パンくずリストが追加されている。		high	
sheet-4-R006	OUT_OF_SCOPE								「下記の条件適合確認を実行」は後続R007〜R014を導く前置き行。単独では実装対象の要求を述べていない。		high	
sheet-4-R007	MATCHED						src/Eccube/Controller/Front/EntryController.php:237-247		src/Eccube/Controller/Front/EntryController.php:237-247 でURLの秘密鍵文字列に対し NotBlank と英数字パターンの書式確認を行っている。		high	
sheet-4-R008	MATCHED						src/Eccube/Controller/Front/EntryController.php:239-240		src/Eccube/Controller/Front/EntryController.php:239-240 の NotBlank により、秘密鍵文字列がパラメータとして存在することを確認している。		high	
sheet-4-R009	MATCHED						src/Eccube/Controller/Front/EntryController.php:241-246		src/Eccube/Controller/Front/EntryController.php:241-246 の正規表現 ^[a-zA-Z0-9]+$ により英数字のみで構成されていることを確認している。		high	
sheet-4-R010	MATCHED						src/Eccube/Controller/Front/EntryController.php:286;src/Eccube/Repository/Views/RegisterCustomerViewRepository.php:128-134		src/Eccube/Controller/Front/EntryController.php:286 が src/Eccube/Repository/Views/RegisterCustomerViewRepository.php:128-134 を呼び、秘密鍵文字列でユーザー情報を検索している。		high	
sheet-4-R011	MATCHED						src/Eccube/Repository/Views/RegisterCustomerViewRepository.php:130-133		src/Eccube/Repository/Views/RegisterCustomerViewRepository.php:130-133 が secret_key 一致のユーザーを検索し、見つからなければ null を返して後続でエラー扱いになる（src/Eccube/Controller/Front/EntryController.php:287-294）。		high	
sheet-4-R012	MATCHED						src/Eccube/Repository/Views/RegisterCustomerViewRepository.php:132		src/Eccube/Repository/Views/RegisterCustomerViewRepository.php:132 で customer_status_id が仮会員(PROVISIONAL)であることを条件にしている。		high	
sheet-4-R013	NOT_IMPLEMENTED	P3	未実装	ふるまい	3　2のチェックで存在したユーザーがすでにスマレジIDを持っていないかを確認	秘密鍵で見つかった仮会員が既にスマレジ会員IDを持っている場合は、会員登録済みとして本会員化を行わずエラー画面を出す	src/Eccube/Controller/Front/EntryController.php:284-333;src/Eccube/Repository/Views/RegisterCustomerViewRepository.php:113-134	src/Eccube/Controller/Front/EntryController.php:284-294 は仮会員の有無と本会員済みの有無しか見ておらず、見つかった仮会員がスマレジIDを持つかどうかを確認していない。スマレジID保持の判定は本会員化後の連携処理 src/Eccube/Controller/Front/EntryController.php:355-360 にしかなく、そこでは「既に連携済みなら何もしない」として正常完了扱いになる。	src/Eccube/Repository/Views/RegisterCustomerViewRepository.php:113-119 の本会員済み判定は customer_status_id しか見ておらず、スマレジIDを参照する検索は本会員登録の入口処理に存在しない。		high	EntryController-activate-no-smaregi-id-check
sheet-4-R014	NOT_IMPLEMENTED	P3	未実装	ふるまい	・スマレジIDを持っていたら、すでに会員登録済みとみなしエラーとする	仮会員が既にスマレジ会員IDを持っているときは、すでに会員登録済みとして本会員化を中止しエラー画面を表示する	src/Eccube/Controller/Front/EntryController.php:284-333	src/Eccube/Controller/Front/EntryController.php:355-360 では既にスマレジIDを持つ場合「何もしない」で正常系に戻り、そのまま本会員化・完了メール送信・自動ログイン・本登録完了画面表示まで進む。エラー画面は出ない。	src/Eccube/Controller/Front/EntryController.php:286-294 の入口判定にスマレジIDの条件が無く、src/Eccube/Controller/Front/EntryController.php:355-360 は冪等化のための素通しであってエラーにしていない。		high	EntryController-activate-no-smaregi-id-check
sheet-4-R015	OUT_OF_SCOPE								「条件適合確認で問題があった場合」は後続R016・R017を導く見出し行。		high	
sheet-4-R016	MATCHED						src/Eccube/Controller/Front/EntryController.php:237-247;src/Eccube/Controller/Front/EntryController.php:272-274		秘密鍵の書式確認(src/Eccube/Controller/Front/EntryController.php:237-247)に失敗すると count($errors)!==0 となり src/Eccube/Controller/Front/EntryController.php:274 で error_type=forbidden のエラー画面（アクセスできません）を表示する。E-1に相当。	sheet-4_img2.png（E-1レイアウト図）＝「アクセスできません。」画面であることを確認。	high	
sheet-4-R017	DRIFT	P3	実装違い	IO	・2,3の条件でエラーになった場合、E-2.ユーザー存在チェックエラー画面を表示	秘密鍵の書式は正しいがその秘密鍵を持つユーザーが見つからないときは、ユーザー存在チェックエラー画面（完了済みです。／既に会員登録が完了されております。）を表示する	src/Eccube/Controller/Front/EntryController.php:286-294;src/Eccube/Controller/Front/EntryController.php:265-268;src/Eccube/Resource/locale/messages.ja.yaml:451-454	src/Eccube/Controller/Front/EntryController.php:288-293 は、仮会員が取れず本会員としても取れないときに EntryInvalidSecretKeyException を投げ、src/Eccube/Controller/Front/EntryController.php:267-268 で error_type=forbidden、すなわちE-1の「アクセスできません。」画面を表示する。E-2の「完了済みです。」画面が出るのは本会員として取れたときだけ。	設計はユーザー存在チェック（条件2）の失敗をE-2に割り当てているが、実装は書式エラー用のE-1画面を返す。表示される見出し・本文が設計と異なる。	sheet-4_img2.png=E-1「アクセスできません。」/ sheet-4_img3.png=E-2「完了済みです。」で、2画面の文言が別物であることを確認。	med	EntryController-activate-missing-user-shows-forbidden
sheet-4-R018	OUT_OF_SCOPE								「条件適合確認で問題がなかった場合、以下の処理を実行」は後続R019〜R025を導く前置き行。		high	
sheet-4-R019	MATCHED						src/Eccube/Controller/Front/EntryController.php:383		src/Eccube/Controller/Front/EntryController.php:383 でスマレジへの会員新規登録(createCustomer)を実行している。		high	
sheet-4-R020	MATCHED						src/Eccube/Controller/Front/EntryController.php:396-406;src/Eccube/Controller/Front/EntryController.php:269-271		スマレジ連携が失敗すると src/Eccube/Controller/Front/EntryController.php:399 で例外となり、src/Eccube/Controller/Front/EntryController.php:269-271 で error_type=activate_failed のE-3画面を表示する。	sheet-4_img4.png（E-3レイアウト図）＝「会員情報の有効化に失敗しました。」画面。	high	
sheet-4-R021	OUT_OF_SCOPE								「・スマレジへのユーザー新規登録が成功した場合」は後続R022〜R025の条件見出し行。処理内容の乖離はR022で判定した。		high	
sheet-4-R022	DRIFT	P2	実装違い	ふるまい	・スマレジへのユーザー新規登録が成功した場合 ・ユーザーのステータスを「本会員」にして、ユーザー情報を保存する	会員のステータスが「本会員」として確定するのはスマレジへの会員登録が成功したときだけで、連携に失敗したときは本会員化されないまま残る	src/Eccube/Controller/Front/EntryController.php:296-333;src/Eccube/Controller/Front/EntryController.php:396-406	src/Eccube/Controller/Front/EntryController.php:296-303 で会員ステータスを先に本会員(REGULAR)へ更新して確定させ、その後 src/Eccube/Controller/Front/EntryController.php:317 でスマレジ連携を行う。連携が失敗しても本会員化は取り消されず、src/Eccube/Controller/Front/EntryController.php:400-404・src/Eccube/Controller/Front/EntryController.php:417 のログ文言も「本会員化は完了済み」と記している。結果、E-3画面が出た会員はスマレジID未設定のまま本会員になる。	設計は本会員化をスマレジ登録成功時の処理として並べており、リニューアル後の表示メッセージでもスマレジ連携失敗時は「本会員化を確定しない」と定めているが、実装は順序が逆で失敗時も本会員のまま残る。		high	EntryController-activate-status-before-smaregi
sheet-4-R023	OUT_OF_SCOPE								原本セルN51の備考で、同じ行D51「支店システムへ更新情報を連携」が不要になる旨の廃止宣言。踏襲対象の要求ではない。		high	
sheet-4-R024	MATCHED						src/Eccube/Controller/Front/EntryController.php:320		src/Eccube/Controller/Front/EntryController.php:320 で sendCustomerCompleteMail により会員登録完了メールを送信している。		high	
sheet-4-R025	MATCHED						src/Eccube/Controller/Front/EntryController.php:329-331		src/Eccube/Controller/Front/EntryController.php:329-331 で security->login により会員をログイン状態にしている。		high	
sheet-4-R026	OUT_OF_SCOPE								項目定義表のヘッダ行（最大文字数または最大値／初期値／画面部品の説明）。		high	
sheet-4-R027	MATCHED						src/Eccube/Resource/template/default/Entry/activate.twig:17;src/Eccube/Resource/template/default/breadcrumb_nav.twig:74-75		識別ID1-1のパンくずリストは src/Eccube/Resource/template/default/Entry/activate.twig:17 で読み込まれ、src/Eccube/Resource/template/default/breadcrumb_nav.twig:74-75 が entry_activate 用の現在地を出力する。新規追加されている。	sheet-4_img1.png にはパンくずが描かれていないが、本文行30の「⌂ 　> 本会員登録完了」が仕様。	high	
sheet-4-R028	MATCHED						src/Eccube/Resource/template/default/breadcrumb_nav.twig:25-32		src/Eccube/Resource/template/default/breadcrumb_nav.twig:25-32 の current_li は現在地を h1 + aria-current=page で出力し、リンクにしていないため押下できない。		high	
sheet-4-R029	MATCHED						src/Eccube/Resource/template/default/breadcrumb_nav.twig:52;src/Eccube/Resource/template/default/breadcrumb_nav.twig:60		src/Eccube/Resource/template/default/breadcrumb_nav.twig:60 のホームアイコンのリンク先は src/Eccube/Resource/template/default/breadcrumb_nav.twig:52 の url('homepage') で、ECTOPへ遷移する。		high	
sheet-4-R030	MATCHED						src/Eccube/Resource/template/default/Entry/activate.twig:27;src/Eccube/Resource/locale/messages.ja.yaml:243		src/Eccube/Resource/template/default/Entry/activate.twig:27 の「ホームへ戻る」（src/Eccube/Resource/locale/messages.ja.yaml:243）ボタンは url('homepage') へのリンクでECTOPへ遷移する。	sheet-4_img1.png の「ホームへ戻る」ボタンと一致。	high	
sheet-4-R031	OUT_OF_SCOPE								E-1画面のレイアウト図見出し行。		high	
sheet-4-R032	OUT_OF_SCOPE								レイアウト図が共通(PC/SP)である旨の区分行。		high	
sheet-4-R033	OUT_OF_SCOPE								「カスタマイズ要件はなし」は要件が無いことの宣言で、実装対象のふるまいを述べていない。		high	
sheet-4-R034	MATCHED						src/Eccube/Controller/Front/EntryController.php:237-247		src/Eccube/Controller/Front/EntryController.php:237-247 でアクティベート用URLの秘密鍵文字列の書式を確認している。		high	
sheet-4-R035	MATCHED						src/Eccube/Controller/Front/EntryController.php:272-274;src/Eccube/Resource/locale/messages.ja.yaml:451-452		書式確認でエラーがあると src/Eccube/Controller/Front/EntryController.php:274 が error_type=forbidden のエラー画面（src/Eccube/Resource/locale/messages.ja.yaml:451-452）を表示する。	sheet-4_img2.png のE-1画面（アクセスできません。）に相当。	high	
sheet-4-R036	OUT_OF_SCOPE								項目定義表のヘッダ行。		high	
sheet-4-R037	MATCHED						src/Eccube/Resource/template/default/Entry/activate_error.twig:26;src/Eccube/Resource/locale/messages.ja.yaml:22		src/Eccube/Resource/template/default/Entry/activate_error.twig:26 のボタンは src/Eccube/Resource/locale/messages.ja.yaml:22「トップページへ」の文言で url('homepage') へリンクしており、ECTOPへ遷移する。	sheet-4_img2.png の「◀トップページへ」ボタンと一致。	high	
sheet-4-R038	OUT_OF_SCOPE								E-2画面のレイアウト図見出し行。		high	
sheet-4-R039	OUT_OF_SCOPE								レイアウト図が共通(PC/SP)である旨の区分行。		high	
sheet-4-R040	OUT_OF_SCOPE								「カスタマイズ要件はなし」は要件が無いことの宣言。		high	
sheet-4-R041	DRIFT	P3	実装違い	IO	・秘密鍵文字列でユーザー情報を検索し、仮会員のユーザーが存在しない	秘密鍵で仮会員が見つからないときは、ユーザー存在チェックエラー画面（完了済みです。／既に会員登録が完了されております。）を表示する	src/Eccube/Controller/Front/EntryController.php:286-294;src/Eccube/Controller/Front/EntryController.php:265-268	src/Eccube/Controller/Front/EntryController.php:288-293 は、仮会員が取れないときでも本会員として取れなければ EntryInvalidSecretKeyException を投げ、src/Eccube/Controller/Front/EntryController.php:267-268 で「アクセスできません。」のE-1画面を表示する。E-2画面が出るのは本会員として取れたときだけ。	設計はE-2画面の表示条件として「仮会員のユーザーが存在しない」を挙げているが、実装はその一部（本会員として存在する場合）でしかE-2を出さない。	sheet-4_img3.png（E-2「完了済みです。」）と sheet-4_img2.png（E-1「アクセスできません。」）は別画面であることを確認。	med	EntryController-activate-missing-user-shows-forbidden
sheet-4-R042	DRIFT	P3	実装違い	ふるまい	もしくは、既にスマレジIDを持っているユーザーの場合に表示する	秘密鍵で見つかったユーザーが既にスマレジ会員IDを持っているときも、ユーザー存在チェックエラー画面を表示する	src/Eccube/Controller/Front/EntryController.php:284-294;src/Eccube/Controller/Front/EntryController.php:355-360	src/Eccube/Controller/Front/EntryController.php:286-294 の入口判定はスマレジIDを参照しない。src/Eccube/Controller/Front/EntryController.php:355-360 で既にスマレジIDがある場合は正常系に戻し、エラー画面ではなく本登録完了画面へ進む。	E-2画面自体は実装されているが、設計が挙げる2つ目の表示条件（既にスマレジIDを持つ）では表示されない。		high	EntryController-activate-no-smaregi-id-check
sheet-4-R043	OUT_OF_SCOPE								項目定義表のヘッダ行。		high	
sheet-4-R044	MATCHED						src/Eccube/Resource/template/default/Entry/activate_error.twig:26;src/Eccube/Resource/locale/messages.ja.yaml:22		src/Eccube/Resource/template/default/Entry/activate_error.twig:26 の「トップページへ」（src/Eccube/Resource/locale/messages.ja.yaml:22）ボタンが url('homepage') へリンクしており、ECTOPへ遷移する。	sheet-4_img3.png の「◀トップページへ」ボタンと一致。	high	
sheet-4-R045	OUT_OF_SCOPE								E-3画面のレイアウト図見出し行。		high	
sheet-4-R046	OUT_OF_SCOPE								レイアウト図が共通(PC/SP)である旨の区分行。		high	
sheet-4-R047	OUT_OF_SCOPE								「カスタマイズ要件はなし」は要件が無いことの宣言。		high	
sheet-4-R048	MATCHED						src/Eccube/Controller/Front/EntryController.php:396-406;src/Eccube/Controller/Front/EntryController.php:269-271		スマレジ会員ID発行・取得に失敗すると src/Eccube/Controller/Front/EntryController.php:399 で例外となり、src/Eccube/Controller/Front/EntryController.php:269-271 が error_type=activate_failed の画面を表示する。	sheet-4_img4.png（会員情報の有効化に失敗しました。）に相当。	high	
sheet-4-R049	OUT_OF_SCOPE								項目定義表のヘッダ行。		high	
sheet-4-R050	MATCHED						src/Eccube/Resource/template/default/Entry/activate_error.twig:26;src/Eccube/Resource/locale/messages.ja.yaml:22		src/Eccube/Resource/template/default/Entry/activate_error.twig:26 の「トップページへ」（src/Eccube/Resource/locale/messages.ja.yaml:22）ボタンが url('homepage') へリンクしており、ECTOPへ遷移する。	sheet-4_img4.png の「◀トップページへ」ボタンと一致。	high	
sheet-4-R051	OUT_OF_SCOPE								現行仕様セクションの機能名タイトル行。		high	
sheet-4-R052	OUT_OF_SCOPE								「完了後の遷移先」は現行仕様の小見出し行。		high	
sheet-4-R053	NOT_IMPLEMENTED	P3	未実装	ふるまい	直前の商品検索の戻り先が残っているときは、本登録完了画面を表示せずその戻り先へ移す。移した時点で戻り先は消え、以後は残らない。	本会員登録が完了したとき、直前の商品検索の戻り先が残っていれば本登録完了画面を出さずにその画面へ移し、移した後は戻り先が残らない	src/Eccube/Controller/Front/EntryController.php:233-274;src/Eccube/Resource/template/default/Entry/activate.twig:1-31	src/Eccube/Controller/Front/EntryController.php:255-263 は本会員化のあと常に activate.twig（本登録完了画面）を返しており、直前の商品検索の戻り先へ移す分岐が無い。src/Eccube/Controller/Front/EntryController.php:248-251 で扱うのはログイン後の既定遷移先の設定だけで、完了画面の表示を省く処理は存在しない。	戻り先へ移す挙動に対応する実装がフロント側に見当たらない。リニューアル後の表示メッセージ表も完了画面の表示条件を「商品検索の戻り先が無いとき」としており、戻り先がある場合の分岐が前提になっている。		med	EntryController-activate-no-search-return-redirect
sheet-4-R054	OUT_OF_SCOPE								「ホームへ戻るの遷移先」は現行仕様の小見出し行。		high	
sheet-4-R055	MATCHED						src/Eccube/Resource/template/default/Entry/activate.twig:27;app/config/eccube/routes.yaml:42-48		src/Eccube/Resource/template/default/Entry/activate.twig:27 の「ホームへ戻る」は url('homepage') で、routes.yaml:42-48 のとおり本店では /{_locale}/ 、支店では /{_locale}/{_shop}/ に解決される。店舗の文脈が残っていれば支店トップ、無ければ本店トップへ移る。		med	
sheet-4-R056	OUT_OF_SCOPE								「入出力: 永続化」は現行仕様の小見出し行。		high	
sheet-4-R057	MATCHED						src/Eccube/Controller/Front/EntryController.php:383-392		src/Eccube/Controller/Front/EntryController.php:383-392 はスマレジ登録が成功したときだけ setSmaregiId して保存し、失敗時は src/Eccube/Controller/Front/EntryController.php:409-414 でスマレジIDを設定せずに終える。		high	
sheet-4-R058	MATCHED						src/Eccube/Resource/template/default/Entry/activate.twig:21;src/Eccube/Resource/locale/messages.ja.yaml:443-445		src/Eccube/Resource/template/default/Entry/activate.twig:21 が src/Eccube/Resource/locale/messages.ja.yaml:443-445 の「会員登録が完了いたしました。／大会の事前受付、デッキのオンライン登録など、引き続きご利用ください。」を nl2br で表示する。設計のF06-02-MSG-001と逐語一致。		high	
sheet-4-R059	MATCHED						src/Eccube/Resource/template/default/Entry/activate.twig:19;src/Eccube/Resource/locale/messages.ja.yaml:433		src/Eccube/Resource/template/default/Entry/activate.twig:19 が src/Eccube/Resource/locale/messages.ja.yaml:433 の見出し「本登録完了」を表示する。	sheet-4_img1.png の見出し「本登録完了」と一致。	high	
sheet-4-R060	DESIGN_ISSUE				本登録が完了いたしました。 本会員化に成功し、商品検索の戻り先が無いとき				同じ完了画面本文について、正本の表示メッセージ表はF06-02-MSG-001（本文行115）で「会員登録が完了いたしました。」、本行（本文行117）で「本登録が完了いたしました。」と別文言を定めており、正本内部で矛盾している。実装 src/Eccube/Resource/template/default/Entry/activate.twig:21 / src/Eccube/Resource/locale/messages.ja.yaml:443-445 は前者と一致する。どちらを正とするか設計裁定が必要。	sheet-4_img1.png（本登録完了レイアウト図）は「本登録が完了いたしました。」と描かれており、本行側と一致する。	high	
sheet-4-R061	MATCHED						src/Eccube/Resource/template/default/Entry/activate.twig:21;src/Eccube/Resource/locale/messages.ja.yaml:445		src/Eccube/Resource/locale/messages.ja.yaml:445 の「大会の事前受付、デッキのオンライン登録など、引き続きご利用ください。」を src/Eccube/Resource/template/default/Entry/activate.twig:21 が表示する。	sheet-4_img1.png の本文2行目と一致。	high	
sheet-4-R062	DESIGN_ISSUE				アクセスできません。／お探しのページはアクセスができない状況にあるか、移動もしくは削除された可能性があります。 秘密キーが不正なとき				秘密キー不正時のエラー画面の本文について、正本の表示メッセージ表は「お探しのページはアクセスができない状況にあるか、移動もしくは削除された可能性があります。」とするが、同じ正本のE-1レイアウト図は「有効期限が切れているか、無効なURLです。」と描いており矛盾している。実装 src/Eccube/Resource/locale/messages.ja.yaml:451-452 は「アクセスできません／このURLは無効です。」でどちらとも一致しない。正とする文言の設計裁定が必要。	sheet-4_img2.png（E-1レイアウト図）の本文は「有効期限が切れているか、無効なURLです。」であり、メッセージ表の記述と異なる。	high	
sheet-4-R063	DRIFT	P3	実装違い	ふるまい	完了済みです。／既に会員登録が完了されております。 秘密キーで未本会員を取得できないとき、または既にスマレジIDを持つとき	秘密キーで見つかった会員が既にスマレジ会員IDを持っているときも、完了済みです。／既に会員登録が完了されております。の画面を出して本会員化を中止する	src/Eccube/Resource/locale/messages.ja.yaml:453-454;src/Eccube/Controller/Front/EntryController.php:286-294;src/Eccube/Controller/Front/EntryController.php:355-360	文言自体は src/Eccube/Resource/locale/messages.ja.yaml:453-454 に逐語で存在し、本会員として取得できたときには表示される（src/Eccube/Controller/Front/EntryController.php:265-266）。しかし src/Eccube/Controller/Front/EntryController.php:286-294 はスマレジIDを条件に含めず、src/Eccube/Controller/Front/EntryController.php:355-360 は既にスマレジIDがある場合を正常系として素通しするため、この表示条件の後半では画面が出ない。	画面と文言は実装済みだが、設計が定める表示条件のうち「既にスマレジIDを持つとき」で表示されない。	sheet-4_img3.png（E-2レイアウト図）の文言は実装と一致している。	high	EntryController-activate-no-smaregi-id-check
sheet-4-R064	DRIFT	P3	実装違い	IO	会員情報の有効化に失敗しました。／大変お手数ですが、サイト管理者までご連絡ください。	スマレジ連携が失敗したときのエラー画面には、見出し「会員情報の有効化に失敗しました。」と本文「大変お手数ですが、サイト管理者までご連絡ください。」を表示する	src/Eccube/Resource/locale/messages.ja.yaml:455-456;src/Eccube/Resource/template/default/Entry/activate_error.twig:22-23	src/Eccube/Resource/locale/messages.ja.yaml:455-456 は見出しが「会員情報の有効化に失敗しました」（句点なし）、本文が「時間を置いて再度お試しいただくか、お問い合わせください。」であり、本文が設計と別文言になっている。	表示メッセージ表とE-3レイアウト図の両方が「大変お手数ですが、サイト管理者までご連絡ください。」で一致しているのに対し、実装の本文だけが異なる。	sheet-4_img4.png（E-3レイアウト図）の本文は「大変お手数ですが、サイト管理者までご連絡ください。」で、メッセージ表と一致する。	high	messages.ja.yaml-activate-failed-message-mismatch
sheet-5-R001	OUT_OF_SCOPE								カスタマイズ要件の小見出し行。実装対象のふるまいを述べていない。		high	
sheet-5-R002	MATCHED						app/config/eccube/routes.yaml:42-48		app/config/eccube/routes.yaml:42-48 でフロント全体が /{_locale}{_shop} を接頭辞に持ち、本店・支店とも同一ドメインで、遷移先URLに現在のコンテキストルートが引き継がれる。		high	
sheet-5-R003	OUT_OF_SCOPE								「カスタマイズ要件に記載の内容以外は現行踏襲とする」は方針記述で、個別の実装要求ではない。		high	
sheet-5-R004	MATCHED						src/Eccube/Controller/Front/Mypage/MypageController.php:78-82		src/Eccube/Controller/Front/Mypage/MypageController.php:78-82 で認証済みならログイン処理をスキップして mypage へリダイレクトする。		high	
sheet-5-R005	MATCHED						app/config/eccube/routes.yaml:42-48		app/config/eccube/routes.yaml:42-48 のとおり本店・支店を同一ドメイン配下のパスで表し、遷移時もドメインとコンテキストルートを維持する。		high	
sheet-5-R006	MATCHED						app/config/eccube/routes.yaml:42-48		app/config/eccube/routes.yaml:42-48 で URL は /{_locale}{_shop}/... の形になり、支店はサブドメインではなくパスで表される。ロケールがパス先頭に入るため支店側の英語表示にも対応する。		high	
sheet-5-R007	MATCHED						app/config/eccube/routes.yaml:42-48		app/config/eccube/routes.yaml:46-48 で _shop の既定値が空、_locale の既定値が %locale% となり、本店URLは /ja/... になる。		high	
sheet-5-R008	MATCHED						app/config/eccube/routes.yaml:42-46		app/config/eccube/routes.yaml:42-46 で支店は /ja/{_shop}/... となり、TC大阪支店は /ja/osaka/... になる。		high	
sheet-5-R009	OUT_OF_SCOPE								「★会員ログイン試行回数制限について」は小見出し行。		high	
sheet-5-R010	MATCHED						app/config/eccube/packages/security.yaml:92-94		app/config/eccube/packages/security.yaml:92-94 の login_throttling が max_attempts:5 / interval:30 minutes で、連続5回の失敗で制限が掛かる。		high	
sheet-5-R011	MATCHED						app/config/eccube/packages/security.yaml:92-94		app/config/eccube/packages/security.yaml:92-94 の設定により、入力されたメールアドレスとクライアントIPの組み合わせを単位として30分間ログインできなくなる。		med	
sheet-5-R012	MATCHED						src/Eccube/Resource/template/default/Mypage/login.twig:78-84;src/Eccube/Resource/locale/validators.ja.yaml:26-27		src/Eccube/Resource/template/default/Mypage/login.twig:78-84 が認証失敗理由の文言をフォーム内に表示し、試行回数超過時は src/Eccube/Resource/locale/validators.ja.yaml:26-27 の文言が使われる。	sheet-5_img2.png に赤字で「ログイン試行回数が多すぎます。30分後に再度お試しください。」が表示されている例が示されている。	high	
sheet-5-R013	MATCHED						src/Eccube/Resource/locale/validators.ja.yaml:26-27		src/Eccube/Resource/locale/validators.ja.yaml:26-27 が「ログイン試行回数が多すぎます。%minutes%分後に再度お試しください。」で、残り時間を差し込む形の逐語一致。	sheet-5_img2.png の例示（30分後）と一致。	high	
sheet-5-R014	OUT_OF_SCOPE								「(例)」は直後のレイアウト図を導く注記行。		high	
sheet-5-R015	OUT_OF_SCOPE								カスタマイズとする理由を述べた背景説明行。実装要求ではない。		high	
sheet-5-R016	OUT_OF_SCOPE								「★ECCUBE4系のポリシーに合わないパスワードについて」は小見出し行。		high	
sheet-5-R017	MATCHED						app/config/eccube/packages/eccube.yaml:211-212;app/config/eccube/packages/eccube.yaml:226		app/config/eccube/packages/eccube.yaml:211-212 でパスワードは12〜50文字、app/config/eccube/packages/eccube.yaml:226 のパターンで半角英数記号のみを許す。		high	
sheet-5-R018	MATCHED						src/Eccube/EventListener/PasswordPolicyListener.php:92-94;src/Eccube/Controller/Front/Mypage/PasswordChangeController.php:50-56		src/Eccube/EventListener/PasswordPolicyListener.php:92-94 がポリシー未準拠フラグを見てパスワード変更画面へ移し、src/Eccube/Controller/Front/Mypage/PasswordChangeController.php:50-56 がその専用画面を表示する。		high	
sheet-5-R019	MATCHED						src/Eccube/Security/Http/Authentication/EccubeAuthenticationSuccessHandler.php:87-94		src/Eccube/Security/Http/Authentication/EccubeAuthenticationSuccessHandler.php:87-94 が、ログイン成功時に入力パスワードの長さ・文字種を判定し、未準拠ならセッションにフラグを立てる。		high	
sheet-5-R020	MATCHED						src/Eccube/Security/Http/Authentication/EccubeAuthenticationSuccessHandler.php:92-94		src/Eccube/Security/Http/Authentication/EccubeAuthenticationSuccessHandler.php:92-94 で未準拠と判定した場合にフラグを立てている。		high	
sheet-5-R021	MATCHED						src/Eccube/EventListener/PasswordPolicyListener.php:44-49;src/Eccube/EventListener/PasswordPolicyListener.php:79-94		src/Eccube/EventListener/PasswordPolicyListener.php:79-94 はフラグが立っている間、src/Eccube/EventListener/PasswordPolicyListener.php:44-49 の除外画面以外へのアクセスをすべてパスワード変更画面へ移す。		high	
sheet-5-R022	MATCHED						src/Eccube/Controller/Front/Mypage/PasswordChangeController.php:66-73		src/Eccube/Controller/Front/Mypage/PasswordChangeController.php:71 でパスワード変更の保存後にフラグを取り除いている。		high	
sheet-5-R023	OUT_OF_SCOPE								項目定義表のヘッダ行。		high	
sheet-5-R024	MATCHED						src/Eccube/Resource/template/default/Mypage/login.twig:21;src/Eccube/Resource/template/default/breadcrumb_nav.twig:92-93		src/Eccube/Resource/template/default/Mypage/login.twig:21 が breadcrumb_nav.twig を読み込み、src/Eccube/Resource/template/default/breadcrumb_nav.twig:92-93 が mypage_login の現在地「ログイン」を出力する。新規追加されている。	sheet-5_img1.png（レイアウト図）にはパンくずは描かれていないが、本文行27に「⌂ 　> ログイン」と明記されている。	high	
sheet-5-R025	MATCHED						src/Eccube/Resource/template/default/breadcrumb_nav.twig:25-32		src/Eccube/Resource/template/default/breadcrumb_nav.twig:25-32 の current_li は現在地を h1 で出しリンクにしないため押下できない。		high	
sheet-5-R026	MATCHED						src/Eccube/Resource/template/default/breadcrumb_nav.twig:52;src/Eccube/Resource/template/default/breadcrumb_nav.twig:60		src/Eccube/Resource/template/default/breadcrumb_nav.twig:60 のホームアイコンは src/Eccube/Resource/template/default/breadcrumb_nav.twig:52 の url('homepage') へリンクし、ECTOPへ遷移する。		high	
sheet-5-R027	MATCHED						src/Eccube/Form/Type/Front/CustomerLoginType.php:39-48;src/Eccube/Resource/template/default/Mypage/login.twig:49-55		src/Eccube/Form/Type/Front/CustomerLoginType.php:39-48 でメールアドレスに NotBlank とメール形式の制約を付け、src/Eccube/Resource/template/default/Mypage/login.twig:49-55 の form_widget が required 付きの email 入力として描画するため、未入力・形式不正のまま送信するとその場でエラーが出る。		med	
sheet-5-R028	MATCHED						src/Eccube/Resource/template/default/Mypage/login.twig:52;src/Eccube/Resource/locale/messages.ja.yaml:631		src/Eccube/Resource/template/default/Mypage/login.twig:52 が src/Eccube/Resource/locale/messages.ja.yaml:631 の「メールアドレス」をプレースホルダに設定している。	sheet-5_img1.png のメールアドレス欄プレースホルダと一致。	high	
sheet-5-R029	MATCHED						src/Eccube/Form/Type/Front/CustomerLoginType.php:49-56;src/Eccube/Resource/template/default/Mypage/login.twig:61-65		src/Eccube/Form/Type/Front/CustomerLoginType.php:53-55 でパスワードに NotBlank を付け、src/Eccube/Resource/template/default/Mypage/login.twig:61-65 が required 付きのパスワード入力として描画するため、未入力のまま送信するとその場でエラーが出る。		med	
sheet-5-R030	MATCHED						src/Eccube/Resource/template/default/Mypage/login.twig:63;src/Eccube/Resource/locale/messages.ja.yaml:74		src/Eccube/Resource/template/default/Mypage/login.twig:63 が src/Eccube/Resource/locale/messages.ja.yaml:74 の「パスワード」をプレースホルダに設定している。	sheet-5_img1.png のパスワード欄プレースホルダと一致。	high	
sheet-5-R031	MATCHED						src/Eccube/Resource/template/default/Mypage/login.twig:86-90;src/Eccube/Resource/template/default/Mypage/login.twig:78-84		src/Eccube/Resource/template/default/Mypage/login.twig:87-90 の送信ボタンで入力内容を送り、失敗時は src/Eccube/Resource/template/default/Mypage/login.twig:78-84 がエラーメッセージを画面に表示する。	sheet-5_img1.png の「ログイン」ボタンと一致。	high	
sheet-5-R032	MATCHED						src/Eccube/Resource/template/default/Mypage/login.twig:92;src/Eccube/Resource/locale/messages.ja.yaml:637		src/Eccube/Resource/template/default/Mypage/login.twig:92 の「パスワードをお忘れの方はこちら」（src/Eccube/Resource/locale/messages.ja.yaml:637）は url('forgot') へのリンクで、パスワード再発行画面へ遷移する。	sheet-5_img1.png のリンク文言と一致。	high	
sheet-5-R033	MATCHED						src/Eccube/Resource/template/default/Mypage/login.twig:113-118;src/Eccube/Resource/locale/messages.ja.yaml:638		src/Eccube/Resource/template/default/Mypage/login.twig:114 の「会員情報登録」（src/Eccube/Resource/locale/messages.ja.yaml:638）は url('entry') へのリンクで、新規会員登録画面へ遷移する。	sheet-5_img1.png の「会員情報登録」ボタンと一致。	high	
sheet-5-R034	OUT_OF_SCOPE								現行仕様セクションの機能名タイトル行。		high	
sheet-5-R035	OUT_OF_SCOPE								「認証の対象」は現行仕様の小見出し行。		high	
sheet-5-R036	MATCHED						src/Eccube/Security/Core/User/CustomerProvider.php:79-108		src/Eccube/Security/Core/User/CustomerProvider.php:81-84 および src/Eccube/Security/Core/User/CustomerProvider.php:99-106 は customer_status_id / Status が本会員(REGULAR)の会員だけを取得し、該当が無ければ UserNotFoundException となる。退会・削除済みや仮会員は認証対象にならない。		high	
sheet-5-R037	OUT_OF_SCOPE								「初期表示」は現行仕様の小見出し行。		high	
sheet-5-R038	MATCHED						src/Eccube/Controller/Front/Mypage/MypageController.php:87-93;src/Eccube/Resource/template/default/Mypage/login.twig:70-84		src/Eccube/Controller/Front/Mypage/MypageController.php:87-93 が保持中の会員のメールアドレスを入力欄に初期表示し、src/Eccube/Resource/template/default/Mypage/login.twig:78-84 が直近の認証失敗の文言を表示する。src/Eccube/Resource/template/default/Mypage/login.twig:70-72 は店舗基本情報で保持が有効なとき、選択欄を出さずに保持を有効として送る。		med	
sheet-5-R039	OUT_OF_SCOPE								「ログインの判定順序」は現行仕様の小見出し行。		high	
sheet-5-R040	MATCHED						app/config/eccube/packages/security.yaml:85;src/Eccube/Resource/template/default/Mypage/login.twig:43;src/Eccube/Resource/locale/validators.ja.yaml:22-24		app/config/eccube/packages/security.yaml:85 で CSRF 検証を有効にし、不整合時は src/Eccube/Resource/template/default/Mypage/login.twig:43 の失敗先（ログイン画面）に戻って src/Eccube/Resource/locale/validators.ja.yaml:22-24 の文言を出す。認証は成立しない。		high	
sheet-5-R041	MATCHED						src/Eccube/Security/Core/User/CustomerProvider.php:104-106;src/Eccube/Resource/locale/validators.ja.yaml:19-21		src/Eccube/Security/Core/User/CustomerProvider.php:104-106 でメールアドレスに一致する会員が無ければ認証失敗となり、src/Eccube/Resource/locale/validators.ja.yaml:19-21 の認証エラー文言が表示される。		high	
sheet-5-R042	MATCHED						src/Eccube/Resource/locale/validators.ja.yaml:19-21;app/config/eccube/packages/security.yaml:82-92		app/config/eccube/packages/security.yaml:82-92 の form_login はパスワード不一致を認証失敗として扱い、src/Eccube/Resource/locale/validators.ja.yaml:19-21 の認証エラー文言を表示する。		high	
sheet-5-R043	MATCHED						app/config/eccube/packages/security.yaml:84;src/Eccube/Security/Http/Authentication/EccubeAuthenticationSuccessHandler.php:96-101		認証成功時は src/Eccube/Security/Http/Authentication/EccubeAuthenticationSuccessHandler.php:96-101 を経て app/config/eccube/packages/security.yaml:84 の既定遷移先または指定された遷移先へ進む。本店・支店は app/config/eccube/routes.yaml:42-48 のとおり同一ドメイン・同一セッションで扱われるため、共有トークンの発行という現行の実装手段は不要になっている。		med	
sheet-5-R044	MATCHED						src/Eccube/Resource/locale/validators.ja.yaml:19-24		src/Eccube/Resource/locale/validators.ja.yaml:19-24 は会員不存在・パスワード不一致・CSRF不整合のいずれも同じ「ログインできませんでした。／入力内容に誤りがないかご確認ください。」を返し、画面上で区別されない。		high	
sheet-5-R045	OUT_OF_SCOPE								「本店・支店の連携」は現行仕様の小見出し行。		high	
sheet-5-R046	OUT_OF_SCOPE								本店で共有トークンを発行しCookieに設定するという現行の内部連携手段。リニューアル後は本店・支店が同一ドメイン・同一コンテキストルート（本文行38・42）で扱われ前提が変わるため、後者の仕様が優先される。		high	
sheet-5-R047	OUT_OF_SCOPE								支店側で共有トークンCookieを検証してログイン状態を再確立するという現行の内部連携手段。リニューアル後は同一ドメイン構成に変わるため対象外。		high	
sheet-5-R048	OUT_OF_SCOPE								支店から本店へ認証可否を問い合わせるという現行の内部連携手段。リニューアル後は同一ドメイン・同一アプリ構成に変わるため対象外。		high	
sheet-5-R049	OUT_OF_SCOPE								「ログイン状態の保持」は現行仕様の小見出し行。		high	
sheet-5-R050	DRIFT	P3	実装違い	ふるまい	店舗基本情報でログイン状態の保持が有効なときに、保持の選択欄を表示する。保持を有効にした場合は、ログイン状態を既定で1年間保持する。	ログイン状態の保持を有効にしたとき、その状態は既定で1年間続く	app/config/eccube/packages/security.yaml:73-81;src/Eccube/Resource/template/default/Mypage/login.twig:70-72	app/config/eccube/packages/security.yaml:75 の会員側の保持期間が 86400 秒（1日）に設定されており、保持を有効にしても1日で切れる。	保持期間は利用者が再ログインを求められるまでの時間として画面のふるまいに現れる。設計の「既定で1年間」に対し実装は1日。なお保持の選択欄自体はリニューアル後のレイアウト図・項目定義（識別ID1〜6）に無く、src/Eccube/Resource/template/default/Mypage/login.twig:70-72 が選択欄を出さずに保持を有効として送る形になっているため、選択欄の有無は指摘に含めない。	sheet-5_img1.png（リニューアル後レイアウト図）に保持の選択欄は無い。sheet-5_img2.png は現行画面の例で「次回から自動的にログインする」欄がある。	med	security.yaml-rememberme-lifetime-1day
sheet-5-R051	OUT_OF_SCOPE								「ログイン後の遷移」は現行仕様の小見出し行。		high	
sheet-5-R052	DRIFT	P3	実装違い	ふるまい	遷移先の指定があればその指定先へ、無ければ既定の遷移先へ進む。ログアウトすると会員の認証状態を終了し、直前に見ていた画面へ戻す。直前の画面が分からないときはトップへ戻す。	ログアウトしたときは直前に見ていた画面へ戻り、直前の画面が分からないときだけトップへ戻る	app/config/eccube/packages/security.yaml:95-97;src/Eccube/Security/Http/Authentication/EccubeLogoutSuccessHandler.php:27-33	app/config/eccube/packages/security.yaml:95-97 のログアウト後の遷移先が常に homepage に固定されており、src/Eccube/Security/Http/Authentication/EccubeLogoutSuccessHandler.php:27-33 にも直前の画面へ戻す処理は無い。ログイン後の遷移（指定先／既定先）は src/Eccube/Resource/template/default/Mypage/login.twig:38-43 と app/config/eccube/packages/security.yaml:84 で設計どおり。	ログイン後の遷移は一致するが、ログアウト後は直前の画面に関わらず常にトップへ戻る。		med	security.yaml-logout-target-fixed-homepage
sheet-5-R053	MATCHED						src/Eccube/Form/Type/Front/CustomerLoginType.php:39-56;src/Eccube/Resource/template/default/Mypage/login.twig:96		src/Eccube/Form/Type/Front/CustomerLoginType.php:39-56 がメールアドレスとパスワードを受け取り、src/Eccube/Resource/template/default/Mypage/login.twig:96 がなりすまし対策トークン、src/Eccube/Resource/template/default/Mypage/login.twig:70-72 が保持の指定を送る。		high	
sheet-5-R054	MATCHED						src/Eccube/Security/Http/Authentication/EccubeAuthenticationSuccessHandler.php:96-101;app/config/eccube/packages/security.yaml:82-89		認証成功時は src/Eccube/Security/Http/Authentication/EccubeAuthenticationSuccessHandler.php:96-101 で認証状態を確立し、app/config/eccube/packages/security.yaml:84 の既定遷移先または指定遷移先へ進む。共有トークンCookieはリニューアル後の同一ドメイン構成では不要（R046参照）。		med	
sheet-5-R055	MATCHED						src/Eccube/Resource/template/default/Mypage/login.twig:43;src/Eccube/Resource/template/default/Mypage/login.twig:78-84		src/Eccube/Resource/template/default/Mypage/login.twig:43 の失敗先がログイン画面で、src/Eccube/Resource/template/default/Mypage/login.twig:78-84 が認証エラーを表示する。		high	
sheet-5-R056	MATCHED						src/Eccube/Resource/locale/messages.ja.yaml:1248		src/Eccube/Resource/locale/messages.ja.yaml:1248 に「ログイン試行回数が多すぎます。しばらく時間をおいてから再度お試しください。」が逐語で存在し、ログインモーダル側の試行回数超過メッセージとして使われる。		high	
sheet-5-R057	MATCHED						src/Eccube/Resource/template/default/Mypage/login.twig:25;src/Eccube/Resource/locale/messages.ja.yaml:106		src/Eccube/Resource/template/default/Mypage/login.twig:25 が src/Eccube/Resource/locale/messages.ja.yaml:106 の見出し「ログイン」を表示する。	sheet-5_img1.png の見出し「ログイン」と一致。	high	
sheet-5-R058	MATCHED						src/Eccube/Resource/template/default/Mypage/login.twig:34;src/Eccube/Resource/locale/messages.ja.yaml:632		src/Eccube/Resource/template/default/Mypage/login.twig:34 が src/Eccube/Resource/locale/messages.ja.yaml:632 の「メールアドレスとパスワードを入力してログインしてください。」を会員向けブロックに表示する。	sheet-5_img1.png の「会員の方」ブロックの案内文と一致。	high	
sheet-5-R059	MATCHED						src/Eccube/Resource/template/default/Mypage/login.twig:106-111;src/Eccube/Resource/locale/messages.ja.yaml:634-636		src/Eccube/Resource/template/default/Mypage/login.twig:106-111 が src/Eccube/Resource/locale/messages.ja.yaml:634-636 の2行（初めてご利用のお客様は…／メールアドレスとパスワードを登録しておくと…）を初めて利用する人向けブロックに表示する。	sheet-5_img1.png の「初めてご利用の方」ブロックの案内文と一致。	high	
sheet-5-R060	NOT_IMPLEMENTED	P3	未実装	IO	旧サイトで会員登録がお済みの方へ、パスワード再設定のお願い<br>システムの移行に伴い、新サイトに初めてログインする際には「パスワード」の再設定をお願いします。	ログイン画面を表示したとき、旧サイト会員に向けたパスワード再設定のお願いの案内を表示する	src/Eccube/Resource/template/default/Mypage/login.twig:19-122;src/Eccube/Resource/locale/messages.ja.yaml:630-638	src/Eccube/Resource/template/default/Mypage/login.twig のログイン画面には会員向けブロックと初めて利用する人向けブロックしか無く、旧サイト会員向けの案内ブロックが無い。実装全体を検索しても「旧サイトで会員登録がお済みの方へ」「パスワード再設定のお願い」に相当する文言は画面用のメッセージとして存在しない。	表示メッセージ表がログイン画面表示時に出すと定めている案内が、画面にもメッセージ定義にも無い。	sheet-5_img1.png（レイアウト図）にも当該案内は描かれていないが、正本の表示メッセージ表はログイン画面表示時に出すとしている。	med	login.twig-legacy-site-notice-missing
sheet-5-R061	MATCHED						src/Eccube/Resource/template/default/Mypage/login.twig:78-84;src/Eccube/Resource/locale/validators.ja.yaml:19-24		src/Eccube/Resource/locale/validators.ja.yaml:19-24 の「ログインできませんでした。／入力内容に誤りがないかご確認ください。」を src/Eccube/Resource/template/default/Mypage/login.twig:78-84 が赤字のエラー枠で表示する。会員不存在・パスワード不一致・CSRF不整合のいずれでも同じ文言。		high	
sheet-5-R062	MATCHED						src/Eccube/Resource/template/default/Mypage/login.twig:78-84;src/Eccube/Controller/Front/Mypage/MypageController.php:78-82;src/Eccube/Security/Http/Authentication/EccubeLogoutSuccessHandler.php:27-33		src/Eccube/Controller/Front/Mypage/MypageController.php:78-82 のログイン済みアクセスはメッセージ無しでマイページへ移り、src/Eccube/Security/Http/Authentication/EccubeLogoutSuccessHandler.php:27-33 のログアウトも専用メッセージを出さない。src/Eccube/Resource/template/default/Mypage/login.twig:78-84 のエラー表示は認証失敗時のみ。		high	
sheet-6-R001	OUT_OF_SCOPE								レイアウト図の見出し行。実装要求ではない。		high	
sheet-6-R002	OUT_OF_SCOPE								レイアウト図のPC/SP区分行。実装要求ではない。		high	
sheet-6-R003	MATCHED						src/Eccube/Resource/template/default/breadcrumb_nav.twig:77-78		パスワード再発行入力画面のパンくずは「ホーム > パスワードの再発行」で、現在ページはリンクにならない（src/Eccube/Resource/template/default/breadcrumb_nav.twig:77-78 が current_li を使う）。ホームアイコンは src/Eccube/Resource/template/default/breadcrumb_nav.twig:52 で本店TOPへ。	img1(PC)/img2(SP): 画面上部にパンくず表記があることを確認	high	
sheet-6-R004	OUT_OF_SCOPE								レイアウト図のPC/SP区分行。実装要求ではない。		high	
sheet-6-R005	MATCHED						src/Eccube/Resource/template/default/breadcrumb_nav.twig:77-78		SP版も同一テンプレート（src/Eccube/Resource/template/default/Forgot/index.twig:17 が src/Eccube/Resource/template/default/breadcrumb_nav.twig を読み込む）で同じパンくずを表示するため、PC/SPで差分は無い。	img2(SP版)にも同じパンくず表記	high	
sheet-6-R006	MATCHED						src/Eccube/Resource/template/default/Forgot/index.twig:17		カスタマイズ要件のパンくず追加は src/Eccube/Resource/template/default/Forgot/index.twig:17 の breadcrumb_nav 読み込みで実現され、src/Eccube/Resource/template/default/breadcrumb_nav.twig:77-78 が当画面のパンくずを出力する。		high	
sheet-6-R007	MATCHED						src/Eccube/Controller/Front/ForgotController.php:114-116		未送信時および入力エラー時は src/Eccube/Controller/Front/ForgotController.php:114-116 でフォームを再表示し、メールアドレス入力画面（src/Eccube/Resource/template/default/Forgot/index.twig）が出る。		high	
sheet-6-R008	MATCHED						src/Eccube/Controller/Front/ForgotController.php:69-116		送信が無い場合・検証NGの場合とも src/Eccube/Controller/Front/ForgotController.php:114-116 が Forgot/index.twig を返し、入力画面が表示される。		high	
sheet-6-R009	MATCHED						src/Eccube/Resource/template/default/Forgot/index.twig:38-43		メールアドレス入力欄（src/Eccube/Resource/template/default/Forgot/index.twig:38-40）の直下 src/Eccube/Resource/template/default/Forgot/index.twig:42-43 にエラー表示領域があり、RFC形式エラーは src/Eccube/Form/Type/Front/ForgotType.php:49-50 の検証結果としてそこに出る。	img1: メールアドレス欄直下にエラー行が入る余白を確認	high	
sheet-6-R010	OUT_OF_SCOPE								項目表のヘッダ行。実装要求ではない。		high	
sheet-6-R011	MATCHED						src/Eccube/Resource/template/default/breadcrumb_nav.twig:77-78		識別ID1-1のパンくずは新規追加項目で、src/Eccube/Resource/template/default/breadcrumb_nav.twig:58-78 が当画面用に出力する。		high	
sheet-6-R012	MATCHED						src/Eccube/Resource/template/default/breadcrumb_nav.twig:25-32		現在表示中のページは src/Eccube/Resource/template/default/breadcrumb_nav.twig:25-32 の current_li でアンカーを持たない見出しとして描画されるため押下できない。		high	
sheet-6-R013	MATCHED						src/Eccube/Resource/template/default/breadcrumb_nav.twig:6-13		ホームアイコンは src/Eccube/Resource/template/default/breadcrumb_nav.twig:6-13 のリンクで、src/Eccube/Resource/template/default/breadcrumb_nav.twig:52 の url('homepage') により本店ECTOPへ遷移する。		high	
sheet-6-R014	MATCHED						src/Eccube/Resource/template/default/Forgot/index.twig:23-40		メールアドレスは必須（src/Eccube/Form/Type/Front/ForgotType.php:48-49）・最大255（src/Eccube/Form/Type/Front/ForgotType.php:45 と app/config/eccube/packages/eccube.yaml:141 の eccube_stext_len=255）。src/Eccube/Resource/template/default/Forgot/index.twig:23 のフォームは検証抑止指定を持たず必須指定のまま出力されるので、未入力のまま「次のページへ」を押すとブラウザの入力促進が出る。	img1: メールアドレスに必須ラベル、ボタンは「次のページへ」	med	
sheet-6-R015	MATCHED						src/Eccube/Form/Type/Front/ForgotType.php:47-51		送信後のメールアドレス形式チェックは src/Eccube/Form/Type/Front/ForgotType.php:47-51 の未入力・形式検証で行われ（形式判定を厳密にするかは app/config/eccube/packages/eccube.yaml:252 の設定で切り替わり、既定は非厳密）、エラー文言はメールアドレス欄直下 src/Eccube/Resource/template/default/Forgot/index.twig:42-43 に表示される。		med	
sheet-6-R016	MATCHED						src/Eccube/Controller/Front/ForgotController.php:69-111		「次のページへ」押下で src/Eccube/Controller/Front/ForgotController.php:69 の検証を通り、正常時は src/Eccube/Controller/Front/ForgotController.php:73-100 の再発行手続きを実行して src/Eccube/Controller/Front/ForgotController.php:111 で送信完了画面へ遷移する。	img1: ボタン文言「次のページへ」は src/Eccube/Resource/locale/messages.ja.yaml:499 と一致	high	
sheet-6-R017	OUT_OF_SCOPE								次節の処理概要を指す参照注記であり、それ自体は実装要求ではない。		high	
sheet-6-R018	OUT_OF_SCOPE								レイアウト図の見出し行。実装要求ではない。		high	
sheet-6-R019	OUT_OF_SCOPE								レイアウト図のPC/SP区分行。実装要求ではない。		high	
sheet-6-R020	MATCHED						src/Eccube/Resource/template/default/breadcrumb_nav.twig:80-82		送信完了画面のパンくずは「ホーム > パスワードの再発行 > パスワード再発行メール送信完了」（src/Eccube/Resource/template/default/breadcrumb_nav.twig:80-82、文言は src/Eccube/Resource/locale/messages.ja.yaml:501）。	img3: 画面上部のパンくず表記と一致	high	
sheet-6-R021	MATCHED						src/Eccube/Resource/template/default/Forgot/complete.twig:15		カスタマイズのパンくず追加は src/Eccube/Resource/template/default/Forgot/complete.twig:15 の breadcrumb_nav 読み込みで実現されている。		high	
sheet-6-R022	MATCHED						src/Eccube/Controller/Front/ForgotController.php:70-71		送信されたメールアドレスで会員を検索する（src/Eccube/Controller/Front/ForgotController.php:70-71、src/Eccube/Repository/Views/RegisterCustomerViewRepository.php:87-94）。		high	
sheet-6-R023	MATCHED						src/Eccube/Controller/Front/ForgotController.php:104-109		会員が見つからない場合は src/Eccube/Controller/Front/ForgotController.php:105-108 で警告ログを保存する。		high	
sheet-6-R024	MATCHED						src/Eccube/Controller/Front/ForgotController.php:75		会員が存在する場合に src/Eccube/Controller/Front/ForgotController.php:75-109 の分岐で以降の処理を行う。		high	
sheet-6-R025	MATCHED						src/Eccube/Controller/Front/ForgotController.php:73-85		リセットキーを発行し（src/Eccube/Controller/Front/ForgotController.php:73）有効期限を24時間後にして会員情報へ保存する（src/Eccube/Controller/Front/ForgotController.php:78-85 と app/config/eccube/packages/eccube.yaml:159 の eccube_customer_reset_expire=24）。		high	
sheet-6-R026	MATCHED						src/Eccube/Controller/Front/ForgotController.php:97-100		リセットキーを含む再発行URLを生成し（src/Eccube/Controller/Front/ForgotController.php:97）会員へメール送信する（src/Eccube/Controller/Front/ForgotController.php:100）。		high	
sheet-6-R027	MATCHED						src/Eccube/Controller/Front/ForgotController.php:103		再発行メールを送信したことを src/Eccube/Controller/Front/ForgotController.php:103 でログに保存する。		high	
sheet-6-R028	MATCHED						src/Eccube/Controller/Front/ForgotController.php:103		メールアドレスとアクセス元IPは src/Eccube/Controller/Front/ForgotController.php:103 でログに残る。会員の識別子は会員IDそのものではなく会員固有のシークレットキーが記録される（再設定完了側の src/Eccube/Controller/Front/ForgotController.php:229-233 は会員IDを取得して記録している）。ログは画面にも応答にも出ない内部出力であり、識別子の表現差にとどまるためMATCHEDとした。		med	
sheet-6-R029	MATCHED						src/Eccube/Controller/Front/ForgotController.php:104-111		会員の有無にかかわらず src/Eccube/Controller/Front/ForgotController.php:111 で送信完了画面へ遷移する。		high	
sheet-6-R030	OUT_OF_SCOPE								項目表のヘッダ行。実装要求ではない。		high	
sheet-6-R031	MATCHED						src/Eccube/Resource/template/default/breadcrumb_nav.twig:80-82		識別ID2-1のパンくずは新規追加項目で、src/Eccube/Resource/template/default/breadcrumb_nav.twig:80-82 が当画面用に出力する。		high	
sheet-6-R032	MATCHED						src/Eccube/Resource/template/default/breadcrumb_nav.twig:25-32		現在表示中の「パスワード再発行メール送信完了」は src/Eccube/Resource/template/default/breadcrumb_nav.twig:82 で current_li として描画され、リンクにならない。		high	
sheet-6-R033	MATCHED						src/Eccube/Resource/template/default/breadcrumb_nav.twig:6-13		ホームアイコンは src/Eccube/Resource/template/default/breadcrumb_nav.twig:6-13 と src/Eccube/Resource/template/default/breadcrumb_nav.twig:52 により本店ECTOPへ遷移する。		high	
sheet-6-R034	MATCHED						src/Eccube/Resource/template/default/Forgot/complete.twig:23		「ホームへ戻る」ボタン（src/Eccube/Resource/locale/messages.ja.yaml:505）は src/Eccube/Resource/template/default/Forgot/complete.twig:23 で url('homepage') を指し、ECTOPへ遷移する。	img3: ボタン文言「ホームへ戻る」と一致	high	
sheet-6-R035	OUT_OF_SCOPE								レイアウト図の見出し行。実装要求ではない。		high	
sheet-6-R036	OUT_OF_SCOPE								レイアウト図のPC/SP区分行。実装要求ではない。		high	
sheet-6-R037	MATCHED						src/Eccube/Resource/template/default/breadcrumb_nav.twig:84-86		再設定画面のパンくずは「ホーム > パスワードの再発行 > パスワード登録」（src/Eccube/Resource/template/default/breadcrumb_nav.twig:84-86、文言は src/Eccube/Resource/locale/messages.ja.yaml:518）。	img4(PC): パンくず表記と一致	high	
sheet-6-R038	OUT_OF_SCOPE								レイアウト図のPC/SP区分行。実装要求ではない。		high	
sheet-6-R039	MATCHED						src/Eccube/Resource/template/default/breadcrumb_nav.twig:84-86		SP版も同一テンプレート（src/Eccube/Resource/template/default/Forgot/reset.twig:17）のため同じパンくずが出る。	img5(SP版)でも同じ構成	high	
sheet-6-R040	MATCHED						src/Eccube/Resource/template/default/Forgot/reset.twig:17		カスタマイズのパンくず追加は src/Eccube/Resource/template/default/Forgot/reset.twig:17 の breadcrumb_nav 読み込みで実現されている。		high	
sheet-6-R041	MATCHED						src/Eccube/Controller/Front/ForgotController.php:172-195		再設定画面の表示前に src/Eccube/Controller/Front/ForgotController.php:172-195 でリセットキーの書式確認と会員取得の条件適合確認を実行する。		high	
sheet-6-R042	MATCHED						src/Eccube/Controller/Front/ForgotController.php:172-182		URLのリセットキー文字列の書式確認を src/Eccube/Controller/Front/ForgotController.php:172-182 で行う。		high	
sheet-6-R043	MATCHED						src/Eccube/Controller/Front/ForgotController.php:175		リセットキーが空でないことを src/Eccube/Controller/Front/ForgotController.php:175 の未入力チェックで確認する。		high	
sheet-6-R044	MATCHED						src/Eccube/Controller/Front/ForgotController.php:176-180		英数字のみで構成されていることを src/Eccube/Controller/Front/ForgotController.php:176-180 の書式パターンで確認する。		high	
sheet-6-R045	MATCHED						src/Eccube/Controller/Front/ForgotController.php:189-195		リセットキーで会員を検索して存在を確認する（src/Eccube/Controller/Front/ForgotController.php:189-190、src/Eccube/Repository/Views/RegisterCustomerViewRepository.php:143-160）。		high	
sheet-6-R046	MATCHED						src/Eccube/Repository/Views/RegisterCustomerViewRepository.php:146		リセットキー一致の条件は src/Eccube/Repository/Views/RegisterCustomerViewRepository.php:146 に含まれる。		high	
sheet-6-R047	MATCHED						src/Eccube/Repository/Views/RegisterCustomerViewRepository.php:146-149		有効期限内であることは src/Eccube/Repository/Views/RegisterCustomerViewRepository.php:146 の期限条件（現在時刻以降）で確認する。		high	
sheet-6-R048	MATCHED						src/Eccube/Repository/Views/RegisterCustomerViewRepository.php:146-148		本会員であることは src/Eccube/Repository/Views/RegisterCustomerViewRepository.php:146-148 の会員状態条件で確認する。		high	
sheet-6-R049	OUT_OF_SCOPE								条件分岐の前置き見出し。実装要求ではない。		high	
sheet-6-R050	DRIFT	P3	実装違い	IO	・1の条件でエラーになった場合、E-1. リセットキー書式エラー画面を表示	リセットキーの書式が不正なURLでアクセスしたとき、「アクセスできません。」「お探しのページはアクセスができない状況にあるか、移動もしくは削除された可能性があります。」を本文とし「トップページへ」ボタンを持つエラー画面が表示される	src/Eccube/Controller/Front/ForgotController.php:184-187;src/Eccube/EventListener/ExceptionListener.php:159-186	書式エラー時は src/Eccube/Controller/Front/ForgotController.php:186 でページ不存在として扱われ、src/Eccube/EventListener/ExceptionListener.php:180-183 の分岐により「ページがみつかりません。」「URLに間違いがないかご確認ください。」（src/Eccube/Resource/locale/messages.ja.yaml:3819-3820）のエラー画面が出る。E-1で指定された文言の画面は表示されない。	[gate7/refute] 重要度をP3へ。共通エラー画面のtitle/messageの選択違いのみで、error.twigの同一画面・同一「トップページへ」導線が出るため業務は回る（規約: 文言差はP3）。 ee には E-1 の文言（src/Eccube/Resource/locale/messages.ja.yaml:3815-3816）が別状態として存在するが、当機能からは到達しない。	img7: E-1 は「アクセスできません。」「お探しのページはアクセスができない状況にあるか、移動もしくは削除された可能性があります。」＋「トップページへ」ボタン	high	ForgotController-reset-error-screen-mismatch
sheet-6-R051	DRIFT	P3	実装違い	IO	・2の条件でエラーになった場合、E-2.ユーザー存在チェックエラー画面を表示	リセットキーで有効期限内の本会員が取得できないとき、「アクセスできません。」「有効期限が切れているか、無効なURLです。」を本文とし「トップページへ」ボタンを持つエラー画面が表示される	src/Eccube/Controller/Front/ForgotController.php:192-195;src/Eccube/EventListener/ExceptionListener.php:180-183	会員が取得できない場合も src/Eccube/Controller/Front/ForgotController.php:194 でページ不存在として扱われ、書式エラーと同じ「ページがみつかりません。」の画面になる。E-2の文言「有効期限が切れているか、無効なURLです。」は src/Eccube/Resource/locale/messages.ja.yaml:508 に定義されているがどこからも参照されていない。	[gate7/refute] 重要度をP3へ。共通エラー画面のtitle/messageの選択違いのみで、error.twigの同一画面・同一「トップページへ」導線が出るため業務は回る（規約: 文言差はP3）。 E-1（書式エラー）とE-2（会員不在）で同じ画面になり、区別されない。	img8: E-2 は「アクセスできません。」「有効期限が切れているか、無効なURLです。」＋「トップページへ」ボタン	high	ForgotController-reset-error-screen-mismatch
sheet-6-R052	MATCHED						src/Eccube/Controller/Front/ForgotController.php:242-245		条件適合確認を通ると src/Eccube/Controller/Front/ForgotController.php:242-245 が Forgot/reset.twig を返し、再設定画面が表示される。		high	
sheet-6-R053	MATCHED						src/Eccube/Resource/template/default/Forgot/reset.twig:39-44		送信後の入力エラーは各入力欄の直下（src/Eccube/Resource/template/default/Forgot/reset.twig:39-44 / :65-67 / :86-88）に表示される。	img4/img5: 各欄の下にエラー文言が入る構成	high	
sheet-6-R054	OUT_OF_SCOPE								次節の機能説明を指す参照注記であり、それ自体は実装要求ではない。		high	
sheet-6-R055	OUT_OF_SCOPE								項目表のヘッダ行。実装要求ではない。		high	
sheet-6-R056	MATCHED						src/Eccube/Resource/template/default/breadcrumb_nav.twig:84-86		識別ID3-1のパンくずは新規追加項目で、src/Eccube/Resource/template/default/breadcrumb_nav.twig:84-86 が当画面用に出力する。		high	
sheet-6-R057	MATCHED						src/Eccube/Resource/template/default/breadcrumb_nav.twig:25-32		現在表示中の「パスワード登録」は current_li（src/Eccube/Resource/template/default/breadcrumb_nav.twig:86）で描画されリンクにならない。		high	
sheet-6-R058	MATCHED						src/Eccube/Resource/template/default/breadcrumb_nav.twig:6-13		ホームアイコンは src/Eccube/Resource/template/default/breadcrumb_nav.twig:6-13 と src/Eccube/Resource/template/default/breadcrumb_nav.twig:52 により本店ECTOPへ遷移する。		high	
sheet-6-R059	MATCHED						src/Eccube/Form/Type/Front/PasswordResetType.php:44-51		登録されているメールアドレスは必須・最大255（src/Eccube/Form/Type/Front/PasswordResetType.php:44-51、app/config/eccube/packages/eccube.yaml:141）で、「変更する」押下後に形式検証が働き（src/Eccube/Form/Type/Front/PasswordResetType.php:48-51。厳密判定にするかは app/config/eccube/packages/eccube.yaml:252 の設定で切り替わり既定は非厳密）、エラーは src/Eccube/Resource/template/default/Forgot/reset.twig:39-41 の欄直下に表示される。		high	
sheet-6-R060	MATCHED						src/Eccube/Form/Type/RepeatedPasswordType.php:49-52		新しいパスワードは12文字以上50文字以内（src/Eccube/Form/Type/RepeatedPasswordType.php:49-52 と app/config/eccube/packages/eccube.yaml:211-212 の min=12/max=50）で、未入力・12文字未満はエラーとなり src/Eccube/Resource/template/default/Forgot/reset.twig:65-67 に表示される。		high	
sheet-6-R061	MATCHED						src/Eccube/Form/Type/RepeatedPasswordType.php:42-46		確認欄は再入力一致必須で（src/Eccube/Form/Type/RepeatedPasswordType.php:42-46 の不一致メッセージ設定）、不一致・未入力は src/Eccube/Resource/template/default/Forgot/reset.twig:86-88 にエラー表示される。		high	
sheet-6-R062	MATCHED						src/Eccube/Controller/Front/ForgotController.php:204-239		「変更する」押下で入力チェックを行い（src/Eccube/Controller/Front/ForgotController.php:204）、正常時は src/Eccube/Controller/Front/ForgotController.php:210-219 で更新、取得できない場合は src/Eccube/Controller/Front/ForgotController.php:238 のエラー文言を画面に表示する。	img4: ボタン文言「変更する」は src/Eccube/Resource/locale/messages.ja.yaml:517 と一致	high	
sheet-6-R063	OUT_OF_SCOPE								レイアウト図の見出し行。実装要求ではない。		high	
sheet-6-R064	OUT_OF_SCOPE								レイアウト図のPC/SP区分行。実装要求ではない。		high	
sheet-6-R065	MATCHED						src/Eccube/Resource/template/default/breadcrumb_nav.twig:88-90		再設定完了画面のパンくずは「ホーム > パスワードの再発行 > パスワード再設定完了」（src/Eccube/Resource/template/default/breadcrumb_nav.twig:88-90、文言は src/Eccube/Resource/locale/messages.ja.yaml:519）。	img6: パンくず表記と一致	high	
sheet-6-R066	MATCHED						src/Eccube/Resource/template/default/Forgot/reset_complete.twig:15		カスタマイズのパンくず追加は src/Eccube/Resource/template/default/Forgot/reset_complete.twig:15 の breadcrumb_nav 読み込みで実現されている。		high	
sheet-6-R067	MATCHED						src/Eccube/Controller/Front/ForgotController.php:210-219		入力されたパスワードをハッシュ化して保存する（src/Eccube/Controller/Front/ForgotController.php:210-219）。		high	
sheet-6-R068	MATCHED						src/Eccube/Controller/Front/ForgotController.php:212-218		更新と同時にリセットキーを空にする（src/Eccube/Controller/Front/ForgotController.php:213-218）。		high	
sheet-6-R069	MATCHED						src/Eccube/Controller/Front/ForgotController.php:229-233		パスワードリセット完了を src/Eccube/Controller/Front/ForgotController.php:233 でログに保存する。		high	
sheet-6-R070	MATCHED						src/Eccube/Controller/Front/ForgotController.php:229-233		会員ID・メールアドレス・アクセス元IPを src/Eccube/Controller/Front/ForgotController.php:229-233 でログに保存する。		high	
sheet-6-R071	MATCHED						src/Eccube/Controller/Front/ForgotController.php:235		更新後 src/Eccube/Controller/Front/ForgotController.php:235 で再設定完了画面へ遷移する。		high	
sheet-6-R072	MATCHED						src/Eccube/Controller/Front/ForgotController.php:235		更新後は src/Eccube/Controller/Front/ForgotController.php:235 の完了画面遷移のみでログイン処理は行わず、完了画面 src/Eccube/Resource/template/default/Forgot/reset_complete.twig もログイン前提の表示を持たない。		med	
sheet-6-R073	OUT_OF_SCOPE								項目表のヘッダ行。実装要求ではない。		high	
sheet-6-R074	MATCHED						src/Eccube/Resource/template/default/breadcrumb_nav.twig:88-90		識別ID4-1のパンくずは新規追加項目で、src/Eccube/Resource/template/default/breadcrumb_nav.twig:88-90 が当画面用に出力する。		high	
sheet-6-R075	MATCHED						src/Eccube/Resource/template/default/breadcrumb_nav.twig:25-32		現在表示中の「パスワード再設定完了」は current_li（src/Eccube/Resource/template/default/breadcrumb_nav.twig:90）で描画されリンクにならない。		high	
sheet-6-R076	MATCHED						src/Eccube/Resource/template/default/breadcrumb_nav.twig:6-13		ホームアイコンは src/Eccube/Resource/template/default/breadcrumb_nav.twig:6-13 と src/Eccube/Resource/template/default/breadcrumb_nav.twig:52 により本店ECTOPへ遷移する。		high	
sheet-6-R077	DRIFT	P3	実装違い	IO	4-2戻るボタン---・押下すると、ECTOP画面へ遷移する	パスワード再設定完了画面のボタンは「戻る」と表示され、押下するとECTOPへ遷移する	src/Eccube/Resource/template/default/Forgot/reset_complete.twig:22	遷移先はECTOPで設計どおりだが、ボタン文言が「ホームへ戻る」（src/Eccube/Resource/locale/messages.ja.yaml:505 の共通文言を流用）になっており「戻る」ではない。	遷移先は src/Eccube/Resource/template/default/Forgot/reset_complete.twig:22 の url('homepage') で一致。差は表示文言のみ。	img6: 再設定完了画面のボタン文言は「戻る」	med	reset_complete.twig-back-button-label
sheet-6-R078	OUT_OF_SCOPE								レイアウト図の見出し行。実装要求ではない。		high	
sheet-6-R079	OUT_OF_SCOPE								レイアウト図のPC/SP区分行。実装要求ではない。		high	
sheet-6-R080	OUT_OF_SCOPE								カスタマイズ要件が無いことの宣言であり、実装要求ではない。		high	
sheet-6-R081	DRIFT	P3	実装違い	IO	・リセットキーに英数文字以外の文字が混じっている場合に表示する	リセットキーに英数字以外が混じるURLでアクセスしたとき、「アクセスできません。」「お探しのページはアクセスができない状況にあるか、移動もしくは削除された可能性があります。」のエラー画面が表示される	src/Eccube/Controller/Front/ForgotController.php:176-187;src/Eccube/EventListener/ExceptionListener.php:180-183	書式不適合は src/Eccube/Controller/Front/ForgotController.php:186 でページ不存在として扱われ、src/Eccube/EventListener/ExceptionListener.php:180-183 により「ページがみつかりません。」「URLに間違いがないかご確認ください。」の画面になる。	[gate7/refute] 重要度をP3へ。共通エラー画面のtitle/messageの選択違いのみで、error.twigの同一画面・同一「トップページへ」導線が出るため業務は回る（規約: 文言差はP3）。 書式チェック自体（src/Eccube/Controller/Front/ForgotController.php:176-180）は英数字のみで正しいが、そのときに出る画面がE-1と異なる。	img7: E-1 の文言を確認	high	ForgotController-reset-error-screen-mismatch
sheet-6-R082	OUT_OF_SCOPE								項目表のヘッダ行。実装要求ではない。		high	
sheet-6-R083	MATCHED						src/Eccube/Resource/template/default/error.twig:32		エラー画面の「トップページへ」ボタン（src/Eccube/Resource/locale/messages.ja.yaml:22）は src/Eccube/Resource/template/default/error.twig:32 でサイトルートを指し、ECTOPへ遷移する。	img7: ボタン文言「トップページへ」と一致	high	
sheet-6-R084	OUT_OF_SCOPE								レイアウト図の見出し行。実装要求ではない。		high	
sheet-6-R085	OUT_OF_SCOPE								レイアウト図のPC/SP区分行。実装要求ではない。		high	
sheet-6-R086	OUT_OF_SCOPE								カスタマイズ要件が無いことの宣言であり、実装要求ではない。		high	
sheet-6-R087	DRIFT	P3	実装違い	IO	・リセットキーでユーザーを検索し、リセットキーの有効期限内の本会員が存在しなかった場合に表示	リセットキーで有効期限内の本会員が見つからないとき、「アクセスできません。」「有効期限が切れているか、無効なURLです。」のエラー画面が表示される	src/Eccube/Controller/Front/ForgotController.php:189-195;src/Eccube/EventListener/ExceptionListener.php:180-183	会員が取得できないときは src/Eccube/Controller/Front/ForgotController.php:194 でページ不存在として扱われ、書式エラーと同じ「ページがみつかりません。」の画面になる。E-2用の文言（src/Eccube/Resource/locale/messages.ja.yaml:508）は未使用のまま。	[gate7/refute] 重要度をP3へ。共通エラー画面のtitle/messageの選択違いのみで、error.twigの同一画面・同一「トップページへ」導線が出るため業務は回る（規約: 文言差はP3）。 検索条件（有効期限内・本会員）は src/Eccube/Repository/Views/RegisterCustomerViewRepository.php:146-148 で設計どおり。差は表示される画面。	img8: E-2 の文言を確認	high	ForgotController-reset-error-screen-mismatch
sheet-6-R088	OUT_OF_SCOPE								項目表のヘッダ行。実装要求ではない。		high	
sheet-6-R089	MATCHED						src/Eccube/Resource/template/default/error.twig:32		エラー画面の「トップページへ」ボタンは src/Eccube/Resource/template/default/error.twig:32 でサイトルートを指し、ECTOPへ遷移する。	img8: ボタン文言「トップページへ」と一致	high	
sheet-6-R090	OUT_OF_SCOPE								現行仕様セクションの見出し行。実装要求ではない。		high	
sheet-6-R091	OUT_OF_SCOPE								現行仕様の小見出し。実装要求ではない。		high	
sheet-6-R092	MATCHED						src/Eccube/Controller/Front/ForgotController.php:70-71		再発行の検索対象は本会員に限られ（src/Eccube/Repository/Views/RegisterCustomerViewRepository.php:87-94 の会員状態条件）、該当しない場合は src/Eccube/Controller/Front/ForgotController.php:104-109 でリセットキー発行もメール送信も行わない。		high	
sheet-6-R093	OUT_OF_SCOPE								現行仕様の小見出し。実装要求ではない。		high	
sheet-6-R094	OUT_OF_SCOPE								「別の会員のメールアドレスを入力してもリセットキーの会員のパスワードが更新される」という現行ソースの不用意な副作用の記述であり、踏襲対象の要求ではない（eeは入力メールアドレスも照合して更新を止める）。		med	
sheet-6-R095	OUT_OF_SCOPE								現行仕様の小見出し。実装要求ではない。		high	
sheet-6-R096	MATCHED						src/Eccube/Controller/Front/ForgotController.php:172-195		書式確認と会員取得は src/Eccube/Controller/Front/ForgotController.php:172-195 にあり、表示時（GET）と「変更する」押下時（POST）のどちらでも実行される（src/Eccube/Controller/Front/ForgotController.php:164 の受付が両方を同じ処理へ通す）。		high	
sheet-6-R097	OUT_OF_SCOPE								表のヘッダ行。実装要求ではない。		high	
sheet-6-R098	DRIFT	P3	実装違い	IO	「アクセスできません。／お探しのページはアクセスができない状況にあるか、移動もしくは削除された可能性があります。」の共通エラー画面を表示し、パスワードを更新しない	「変更する」押下時にリセットキーの書式が不正なら、「アクセスできません。」「お探しのページはアクセスができない状況にあるか、移動もしくは削除された可能性があります。」の共通エラー画面が表示され、パスワードは更新されない	src/Eccube/Controller/Front/ForgotController.php:184-187;src/Eccube/EventListener/ExceptionListener.php:180-183	パスワードが更新されない点は設計どおりだが、表示されるのは「ページがみつかりません。」「URLに間違いがないかご確認ください。」の画面で、指定の文言の画面ではない。	[gate7/refute] 重要度をP3へ。共通エラー画面のtitle/messageの選択違いのみで、error.twigの同一画面・同一「トップページへ」導線が出るため業務は回る（規約: 文言差はP3）。 同じ欠陥がE-1（sheet-6-R050/R081/R119）と共通。	img7: 指定文言の画面を確認	high	ForgotController-reset-error-screen-mismatch
sheet-6-R099	MATCHED						src/Eccube/Controller/Front/ForgotController.php:189-195		更新時に有効期限内の本会員が取得できない場合は src/Eccube/Controller/Front/ForgotController.php:194 でページ不存在として扱われ、src/Eccube/EventListener/ExceptionListener.php:180-183 の404エラー画面が表示されてパスワードは更新されない。エラー画面の文言はリニューアル後の共通404文言（src/Eccube/Resource/locale/messages.ja.yaml:3819-3820）である。		med	
sheet-6-R100	DRIFT	P3	実装違い	ふるまい	有効期限切れは、再設定画面の表示時と「変更する」押下時とで表示する画面が異なる。	リセットキーの有効期限切れでは、再設定画面を開いたときと「変更する」を押したときとで異なるエラー画面が表示される	src/Eccube/Controller/Front/ForgotController.php:189-195;src/Eccube/EventListener/ExceptionListener.php:180-183	表示時も押下時も同じ src/Eccube/Controller/Front/ForgotController.php:189-195 の判定を通り、同一の404エラー画面になるため、画面は区別されない。	sheet-6-R051/R087/R120 と同じ欠陥（表示時にE-2の画面が出ないこと）に由来する。	img8: 表示時に出るべきE-2画面を確認	med	ForgotController-reset-error-screen-mismatch
sheet-6-R101	OUT_OF_SCOPE								現行仕様の小見出し。実装要求ではない。		high	
sheet-6-R102	OUT_OF_SCOPE								表のヘッダ行。実装要求ではない。		high	
sheet-6-R103	MATCHED						src/Eccube/Resource/template/default/Forgot/reset.twig:31		必須の入力欄には欄名の直後に必須ラベルが付く（src/Eccube/Resource/template/default/Forgot/reset.twig:31 / :50 / :73）。	img4/img5: 3項目すべてに必須ラベル	high	
sheet-6-R104	NOT_IMPLEMENTED	P3	未実装	ふるまい	貼り付け操作を受け付けず、警告を表示して貼り付けを取り消す	新しいパスワード（確認）欄では貼り付け操作が受け付けられず、警告が表示されて貼り付けた内容が取り消される	src/Eccube/Resource/template/default/Forgot/reset.twig:70-90	確認欄（src/Eccube/Resource/template/default/Forgot/reset.twig:70-90）には貼り付けを取り消す仕掛けが無く、貼り付けはそのまま入力される。フロント側の共通スクリプトにも当欄向けの貼り付け抑止は無い。	html/template/default/assets 以下のフロントスクリプトを検索したが、当画面向けの貼り付け抑止は見つからなかった（唯一の paste 参照は選択入力部品のもので当欄とは無関係）。	img4/img5: 確認欄の下は「（確認のためもう一度入力してください）」の常時表示のみ	med	reset.twig-no-paste-block
sheet-6-R105	DRIFT	P3	実装違い	IO	会員の保存パスワードがメールアドレスと同一の状態のときに限り、異なる文字列の使用を促す注意を欄の下に表示する	会員の保存パスワードがメールアドレスと同一のときに限り、新しいパスワード欄の下に、メールアドレスとは異なる文字列を使うよう促す注意が表示される	src/Eccube/Resource/template/default/Forgot/reset.twig:62-64;src/Eccube/Form/Type/Front/PasswordResetType.php:54-59	新しいパスワード欄の下には会員の状態に関わらず常時「半角英数字記号 12文字以上、50文字以内で入力してください。IDと同様のパスワードは入力できません。」（src/Eccube/Resource/locale/messages.ja.yaml:512-514）が出るだけで、保存パスワードがメールアドレスと同一の会員に限った注意は出ない。メールアドレスとの同値判定は送信後に入力値どうしを比べるもの（src/Eccube/Form/Type/Front/PasswordResetType.php:56）で、画面表示の条件にはなっていない。	設計の表示条件（会員の保存パスワードがメールアドレスと同一のとき限定）に相当する切り分けが src/Eccube/Resource/template/default/Forgot/reset.twig:62-64 にも src/Eccube/Form/Type/Front/PasswordResetType.php:54-59 にも無く、注意は常時表示である。注意そのものは存在するため未実装ではなく実装違いとした。	img4/img5（再設定画面PC/SP）では新しいパスワード欄の下は桁数の注意のみで、条件付きの注意は図にも現れない	med	reset.twig-password-eq-email-notice
sheet-6-R106	OUT_OF_SCOPE								現行仕様の小見出し。実装要求ではない。		high	
sheet-6-R107	MATCHED						src/Eccube/Resource/template/default/Forgot/reset.twig:24-25		再設定の送信はURLのリセットキー（src/Eccube/Controller/Front/ForgotController.php:164-166）に加え、src/Eccube/Resource/template/default/Forgot/reset.twig:25 のなりすまし対策トークンを伴う。		high	
sheet-6-R108	MATCHED						src/Eccube/Resource/template/default/Forgot/complete.twig:19		「パスワード再発行メールの送信が完了しました。」は src/Eccube/Resource/template/default/Forgot/complete.twig:19（src/Eccube/Resource/locale/messages.ja.yaml:502）。会員の有無に関わらず src/Eccube/Controller/Front/ForgotController.php:111 で同じ完了画面へ遷移する。	img3: 本文文言と一致	high	
sheet-6-R109	MATCHED						src/Eccube/Resource/template/default/Forgot/reset_complete.twig:19		「パスワードを変更しました。」は src/Eccube/Resource/template/default/Forgot/reset_complete.twig:19（src/Eccube/Resource/locale/messages.ja.yaml:507）で、src/Eccube/Controller/Front/ForgotController.php:210-235 の更新後に表示される。	img6: 本文文言と一致	high	
sheet-6-R110	MATCHED						src/Eccube/Resource/template/default/Mypage/password_change_complete.twig:20		「パスワードを変更しました。引き続きご利用ください。」はマイページのパスワード変更完了画面 src/Eccube/Resource/template/default/Mypage/password_change_complete.twig:20（src/Eccube/Resource/locale/messages.ja.yaml:812）に実装されている。		med	
sheet-6-R111	MATCHED						src/Eccube/Resource/template/default/Forgot/index.twig:27-28		再発行画面の案内2文は src/Eccube/Resource/template/default/Forgot/index.twig:27-28（src/Eccube/Resource/locale/messages.ja.yaml:496-497）で表示される。	img1/img2: 案内文言と一致	high	
sheet-6-R112	MATCHED						src/Eccube/Resource/template/default/Forgot/complete.twig:19		再発行完了画面本文は src/Eccube/Resource/template/default/Forgot/complete.twig:19（src/Eccube/Resource/locale/messages.ja.yaml:502）。	img3: 一致	high	
sheet-6-R113	MATCHED						src/Eccube/Resource/template/default/Forgot/complete.twig:20		「メールのURLをクリックして新しいパスワードを設定してください。」は src/Eccube/Resource/template/default/Forgot/complete.twig:20（src/Eccube/Resource/locale/messages.ja.yaml:503-504）。	img3: 一致	high	
sheet-6-R114	MATCHED						src/Eccube/Resource/template/default/Forgot/reset.twig:22		再設定画面の案内は src/Eccube/Resource/template/default/Forgot/reset.twig:22（src/Eccube/Resource/locale/messages.ja.yaml:498）。	img4/img5: 一致	high	
sheet-6-R115	DESIGN_ISSUE	P3			（半角英数字記号 8文字以上,32文字以内で入力してください。IDと同様のパスワードは入力できません。）				同じ正本内で桁数が矛盾する。項目定義（識別ID3-3）は「未入力、12文字未満の状態で…エラーメッセージを表示する」かつ最大文字数50としており、本行の8文字以上32文字以内と食い違う。実装（app/config/eccube/packages/eccube.yaml:211-212 と src/Eccube/Resource/template/default/Forgot/reset.twig:62-64）は12文字以上50文字以内で、項目定義側と一致する。どちらを正とするか設計裁定が要る。	img4/img5: 図の注意文言は「8文字以上,32文字以内」	high	
sheet-6-R116	MATCHED						src/Eccube/Resource/template/default/Forgot/reset_complete.twig:19		更新完了画面本文「パスワードを変更しました。」は src/Eccube/Resource/template/default/Forgot/reset_complete.twig:19（src/Eccube/Resource/locale/messages.ja.yaml:507）。	img6: 一致	high	
sheet-6-R117	DRIFT	P3	実装違い	IO	再設定画面のパスワード欄付近 メールアドレスとパスワードは異なる文字列を使用してください。 会員の保存パスワードがメールアドレスと同一のとき	会員の保存パスワードがメールアドレスと同一のとき、再設定画面のパスワード欄付近に「メールアドレスとパスワードは異なる文字列を使用してください。」が表示される	src/Eccube/Resource/template/default/Forgot/reset.twig:62-64;src/Eccube/Resource/locale/messages.ja.yaml:76	「メールアドレスとパスワードは異なる文字列を使用してください。」は ee では src/Eccube/Resource/template/default/OtcBuy/register_customer.twig:91 の会員登録画面にしか無く、パスワード再設定画面には無い。パスワード欄付近に出るのは常時表示の桁数注意（src/Eccube/Resource/locale/messages.ja.yaml:512-514）で、近い趣旨のものは送信後に入力パスワードと入力メールアドレスが一致したときのエラー「パスワードはメールアドレスと同じ値を設定できません。」（src/Eccube/Resource/locale/messages.ja.yaml:76）だけであり、文言も出る条件も設計と異なる。	設計文言を ee の src/ と app/ から検索しても定義が無く、会員の保存パスワードがメールアドレスと同一かで表示を分ける処理も無い。src/Eccube/Resource/template/default/Forgot/reset.twig:62-64 の注意は会員の状態に依らず常時出る。sheet-6-R105 と同じ欠陥。	img4/img5にも当該注意は現れず、桁数注意のみが欄下にある	med	reset.twig-password-eq-email-notice
sheet-6-R118	NOT_IMPLEMENTED	P3	未実装	ふるまい	新しいパスワード（確認）欄に貼り付けたとき貼り付けを抑止する	新しいパスワード（確認）欄に貼り付けると「確認のためもう一度入力してください」の警告が出て貼り付けが行われない	src/Eccube/Resource/template/default/Forgot/reset.twig:70-90;src/Eccube/Resource/locale/messages.ja.yaml:516	「（確認のためもう一度入力してください）」は src/Eccube/Resource/template/default/Forgot/reset.twig:85 に常時表示される補助文言として実装されており、貼り付け時の警告としては動かない。貼り付け自体も抑止されない。	sheet-6-R104 と同じ欠陥。	img4/img5: 確認欄の下に常時表示の補助文言があるのみ	med	reset.twig-no-paste-block
sheet-6-R119	DRIFT	P3	実装違い	IO	アクセスできません。／お探しのページはアクセスができない状況にあるか、移動もしくは削除された可能性があります。リセットキーが不正なとき処理を中止する	リセットキーが不正なとき、「アクセスできません。」「お探しのページはアクセスができない状況にあるか、移動もしくは削除された可能性があります。」の共通エラー画面が表示されて処理が止まる	src/Eccube/Controller/Front/ForgotController.php:184-187;src/Eccube/EventListener/ExceptionListener.php:180-183	処理は止まるが、表示されるのは「ページがみつかりません。」「URLに間違いがないかご確認ください。」の画面で、指定の文言の画面ではない。	[gate7/refute] 重要度をP3へ。共通エラー画面のtitle/messageの選択違いのみで、error.twigの同一画面・同一「トップページへ」導線が出るため業務は回る（規約: 文言差はP3）。 sheet-6-R050/R081/R098 と同じ欠陥。	img7: 指定文言の画面を確認	high	ForgotController-reset-error-screen-mismatch
sheet-6-R120	DRIFT	P3	実装違い	IO	アクセスできません。／有効期限が切れているか、無効なURLです。再設定画面表示時に有効会員を取得できないとき処理を中止する	再設定画面を開いたときに有効会員を取得できない場合、「アクセスできません。」「有効期限が切れているか、無効なURLです。」の共通エラー画面が表示されて処理が止まる	src/Eccube/Controller/Front/ForgotController.php:192-195;src/Eccube/EventListener/ExceptionListener.php:180-183	処理は止まるが、表示されるのは404の「ページがみつかりません。」の画面。「有効期限が切れているか、無効なURLです。」（src/Eccube/Resource/locale/messages.ja.yaml:508）はどこからも参照されていない。	[gate7/refute] 重要度をP3へ。共通エラー画面のtitle/messageの選択違いのみで、error.twigの同一画面・同一「トップページへ」導線が出るため業務は回る（規約: 文言差はP3）。 sheet-6-R051/R087/R100 と同じ欠陥。	img8: 指定文言の画面を確認	high	ForgotController-reset-error-screen-mismatch
sheet-6-R121	MATCHED						src/Eccube/Controller/Front/ForgotController.php:189-195		更新時に有効会員を取得できない場合は src/Eccube/Controller/Front/ForgotController.php:194 で処理を中止し、src/Eccube/EventListener/ExceptionListener.php:180-183 の404エラー画面（src/Eccube/Resource/locale/messages.ja.yaml:3819-3820）を表示する。画面の文言はリニューアル後の共通404文言に置き換わっている。		med	
sheet-7-R001	OUT_OF_SCOPE								カスタマイズ要件の前置き行。個別の仕様を述べていない		high	
sheet-7-R002	MATCHED						src/Eccube/Resource/template/default/Mypage/index.twig:176; src/Eccube/Resource/template/default/Mypage/index.twig:104		マイページのメニューにチーム情報変更が無い（src/Eccube/Resource/template/default/Mypage/index.twig:176 の会員情報グループは会員情報変更・配送先・お支払い情報のみ）。テンプレート全体にチーム情報変更の項目は存在しない	sheet-7_img2/img3/img4/img12(リニューアル後レイアウト)・img1/img8/img9(現行画面)・img10/img11(除去対象の赤枠)を確認	high	
sheet-7-R003	MATCHED						src/Eccube/Resource/template/default/Mypage/index.twig:158; src/Eccube/Resource/template/default/Mypage/index.twig:168		イベント・デッキ登録グループはマイイベント・デッキ登録（src/Eccube/Resource/template/default/Mypage/index.twig:162）とマイデッキ（src/Eccube/Resource/template/default/Mypage/index.twig:168）だけで、大会デッキ登録のメニューは無い	sheet-7_img2/img3/img4/img12(リニューアル後レイアウト)・img1/img8/img9(現行画面)・img10/img11(除去対象の赤枠)を確認	high	
sheet-7-R004	DESIGN_ISSUE				・買取履歴を買取一覧に名称変更する				同じシート内で改名後の名称が3通りに割れている。カスタマイズ要件は買取一覧、項目定義16の説明は買取歴、同じ行のラベル列と本文レイアウト図は買取履歴。実装（src/Eccube/Resource/template/default/Mypage/index.twig:147）は買取履歴で、項目定義のラベルとレイアウト図には一致するがカスタマイズ要件の文言とは一致しない。どの名称が正かは設計裁定が要る	sheet-7_img2/img3のメニュー画像は買取履歴と表記。項目定義のラベル列も買取履歴	med	
sheet-7-R005	MATCHED						src/Eccube/Resource/template/default/Mypage/favorite.twig:1; src/Eccube/Resource/template/default/Mypage/index.twig:64		メニュー遷移後の画面上部に会員名を出す表示は、お気に入り登録商品一覧（src/Eccube/Resource/template/default/Mypage/favorite.twig）から無くなっている。購入履歴一覧・買取履歴一覧に残る会員名は、それぞれの正本（0304注文購入履歴一覧の項目1会員名／0305買取履歴一覧の項目1.0会員名）が表示を要求しているため対象外	sheet-7_img8（現行のお気に入り登録商品一覧）に写る会員名表示が削除対象。実装では同画面に会員名なし	med	
sheet-7-R006	MATCHED						src/Eccube/Resource/template/default/Mypage/index.twig:191		会員情報グループにお支払い情報（登録済カード情報）変更メニューが追加されている（src/Eccube/Resource/template/default/Mypage/index.twig:191）	sheet-7_img2/img3/img4/img12(リニューアル後レイアウト)・img1/img8/img9(現行画面)・img10/img11(除去対象の赤枠)を確認	high	
sheet-7-R007	OUT_OF_SCOPE								決済会社の変更に伴い仕様未定と正本が明記している行。実装要求として確定していない		high	
sheet-7-R008	MATCHED						src/Eccube/Resource/template/default/Block/header.twig:165		グローバルナビのカテゴリバーはトップと買取トップでのみ表示し、マイページでは出さない（src/Eccube/Resource/template/default/Block/header.twig:165）		high	
sheet-7-R009	OUT_OF_SCOPE								通知の表示の見出し行。通知はフェーズ2以降で設計予定と正本が宣言している		high	
sheet-7-R010	OUT_OF_SCOPE								マイページ上の通知はフェーズ2対応と正本が宣言（同シートの現行仕様節）。フェーズ1の実装対象外		high	
sheet-7-R011	OUT_OF_SCOPE								別紙F02-05への参照行。本シートで仕様を定めていない		high	
sheet-7-R012	OUT_OF_SCOPE								カスタマイズ要件以外は現行踏襲という方針宣言。個別の実装要求ではない		high	
sheet-7-R013	MATCHED						src/Eccube/DependencyInjection/EccubeExtension.php:88; app/config/eccube/packages/security.yaml:85		マイページ配下は会員としてログイン済みでなければアクセスできず、未ログインではログイン画面へ送られる（src/Eccube/DependencyInjection/EccubeExtension.php:88 と app/config/eccube/packages/security.yaml:85 のログイン画面指定）		high	
sheet-7-R014	MATCHED						src/Eccube/Resource/template/default/default_frame.twig:158; src/Eccube/Resource/template/default/Mypage/index.twig:101		マイページのコンテンツ上部はブロック管理で追加したブロックを描画する枠を持ち（src/Eccube/Resource/template/default/default_frame.twig:158）、ロングバナーはブロック追加で対応する旨がテンプレートにも明記されている（src/Eccube/Resource/template/default/Mypage/index.twig:101）		high	
sheet-7-R015	OUT_OF_SCOPE								★見出し行（現行から除去する画面部品について）。仕様本文は同ブロックの後続行にある		high	
sheet-7-R016	MATCHED						src/Eccube/Resource/template/default/Mypage/index.twig:176; src/Eccube/Resource/template/default/Mypage/index.twig:158		チーム情報変更と大会デッキ登録のメニューはいずれも実装に存在しない（会員情報グループ src/Eccube/Resource/template/default/Mypage/index.twig:176、イベントグループ src/Eccube/Resource/template/default/Mypage/index.twig:158）	sheet-7_img10（大会デッキ登録）とimg11（チーム情報変更）の赤枠が除去対象。実装では両方とも無い	high	
sheet-7-R017	MATCHED						src/Eccube/Resource/template/default/Mypage/favorite.twig:1		メニュー遷移後の画面上部の会員名表示は削除されている（お気に入り登録商品一覧 src/Eccube/Resource/template/default/Mypage/favorite.twig に会員名の表示は無い）	sheet-7_img8の赤枠内（加島 テスト 様）が削除対象	med	
sheet-7-R018	OUT_OF_SCOPE								バーコードについての見出し行		high	
sheet-7-R019	MATCHED						src/Eccube/Resource/template/default/Mypage/index.twig:74; src/Eccube/Resource/template/default/Block/js/point_barcode_js.twig:3		バーコード表示に5分のカウントダウンタイマーを付ける（src/Eccube/Resource/template/default/Mypage/index.twig:74 の残り5分指定と src/Eccube/Resource/template/default/Block/js/point_barcode_js.twig:3 のタイマー開始）	sheet-7_img9（現行）にタイマー04:43が写る	high	
sheet-7-R020	MATCHED						src/Eccube/Resource/template/default/Block/js/point_barcode_js.twig:16; src/Eccube/Resource/template/default/Block/js/point_barcode_js.twig:17		タイマーが0になるとバーコードが再表示するリンクに置き換わり、押下すると画面を開き直して再び5分間表示する（src/Eccube/Resource/template/default/Block/js/point_barcode_js.twig:17）	sheet-7_img1（現行）に再表示するリンクが写る	high	
sheet-7-R021	MATCHED						src/Eccube/Service/Smaregi/Webhook/Transaction/SmaregiOrderFactory.php:420; src/Eccube/Service/Smaregi/Webhook/Transaction/SmaregiOrderPointApplier.php:1		店頭のスマレジ取引を受けて会員の受注として登録する処理がある（src/Eccube/Service/Smaregi/Webhook/Transaction/SmaregiOrderFactory.php）		med	
sheet-7-R022	MATCHED						src/Eccube/Service/Smaregi/Webhook/Transaction/SmaregiOrderPointApplier.php:1		スマレジ取引の取り込み時にポイントを付与する（src/Eccube/Service/Smaregi/Webhook/Transaction/SmaregiOrderPointApplier.php）		med	
sheet-7-R023	OUT_OF_SCOPE								別紙0302の通知シートへの参照行。本シートで仕様を定めていない		high	
sheet-7-R024	OUT_OF_SCOPE								通知はフェーズ2以降で設計予定と正本が宣言している		high	
sheet-7-R025	MATCHED						src/Eccube/Resource/template/default/Mypage/index.twig:238		あなたへのおすすめアイテムの区画がマイページ下部に出る（src/Eccube/Resource/template/default/Mypage/index.twig:238）。表示内容の仕様は別紙0303に委ねられている	sheet-7_img2/img3/img4/img12(リニューアル後レイアウト)・img1/img8/img9(現行画面)・img10/img11(除去対象の赤枠)を確認	high	
sheet-7-R026	OUT_OF_SCOPE								項目定義表のヘッダ行		high	
sheet-7-R027	MATCHED						src/Eccube/Resource/template/default/Mypage/index.twig:64; src/Eccube/Resource/template/default/breadcrumb_nav.twig:58		マイページにパンくずリストが表示される（src/Eccube/Resource/template/default/Mypage/index.twig:64）	sheet-7_img2/img3/img4/img12(リニューアル後レイアウト)・img1/img8/img9(現行画面)・img10/img11(除去対象の赤枠)を確認	high	
sheet-7-R028	MATCHED						src/Eccube/Resource/template/default/breadcrumb_nav.twig:25		現在表示中のページはリンクにせず見出しとして出す（src/Eccube/Resource/template/default/breadcrumb_nav.twig:25）		high	
sheet-7-R029	MATCHED						src/Eccube/Resource/template/default/breadcrumb_nav.twig:52; src/Eccube/Resource/template/default/breadcrumb_nav.twig:6		パンくず先頭のホームアイコンはトップページへのリンク（src/Eccube/Resource/template/default/breadcrumb_nav.twig:52 と src/Eccube/Resource/template/default/breadcrumb_nav.twig:6）		med	
sheet-7-R030	MATCHED						src/Eccube/Resource/template/default/default_frame.twig:158; src/Eccube/Resource/template/default/Mypage/index.twig:101		ロングバナーはブロック管理での追加・削除で扱う（src/Eccube/Resource/template/default/default_frame.twig:158 が追加ブロックの描画枠）		high	
sheet-7-R031	OUT_OF_SCOPE								過去のブロック名に関する参考情報の注記。実装要求ではない		high	
sheet-7-R032	MATCHED						src/Eccube/Resource/template/default/Mypage/index.twig:70		ログイン会員の名前(姓)を表示する（src/Eccube/Resource/template/default/Mypage/index.twig:70）	sheet-7_img2/img3/img4/img12(リニューアル後レイアウト)・img1/img8/img9(現行画面)・img10/img11(除去対象の赤枠)を確認	high	
sheet-7-R033	MATCHED						src/Eccube/Resource/template/default/Mypage/index.twig:71		会員番号を表示する（src/Eccube/Resource/template/default/Mypage/index.twig:71）	sheet-7_img2/img3/img4/img12(リニューアル後レイアウト)・img1/img8/img9(現行画面)・img10/img11(除去対象の赤枠)を確認	high	
sheet-7-R034	MATCHED						src/Eccube/Resource/template/default/Mypage/index.twig:73; src/Eccube/Resource/template/default/Mypage/index.twig:74		バーコードと5分のカウントダウンタイマーを表示する（src/Eccube/Resource/template/default/Mypage/index.twig:73 と :74）	sheet-7_img2/img3/img4/img12(リニューアル後レイアウト)・img1/img8/img9(現行画面)・img10/img11(除去対象の赤枠)を確認	high	
sheet-7-R035	MATCHED						src/Eccube/Resource/template/default/Block/js/point_barcode_js.twig:17		タイマーが0になると再表示するリンクへ置き換わり、押下で再度5分表示される（src/Eccube/Resource/template/default/Block/js/point_barcode_js.twig:17）		high	
sheet-7-R036	MATCHED						src/Eccube/Service/Smaregi/Webhook/Transaction/SmaregiOrderFactory.php:420		店頭での読み取り（スマレジ取引）から会員の注文履歴を作る処理がある（src/Eccube/Service/Smaregi/Webhook/Transaction/SmaregiOrderFactory.php）		med	
sheet-7-R037	MATCHED						src/Eccube/Service/Smaregi/Webhook/Transaction/SmaregiOrderPointApplier.php:1		取り込み時にポイントが付与される（src/Eccube/Service/Smaregi/Webhook/Transaction/SmaregiOrderPointApplier.php）		med	
sheet-7-R038	MATCHED						src/Eccube/Resource/template/default/Mypage/index.twig:80		会員が保持する総ポイントを表示する（src/Eccube/Resource/template/default/Mypage/index.twig:80）	sheet-7_img2/img3/img4/img12(リニューアル後レイアウト)・img1/img8/img9(現行画面)・img10/img11(除去対象の赤枠)を確認	high	
sheet-7-R039	MATCHED						src/Eccube/Resource/template/default/Mypage/index.twig:84		ポイントを保持しているときだけ期限の近いポイントを表示する（src/Eccube/Resource/template/default/Mypage/index.twig:84 の有無判定）。保有0のときは対象を返さない（src/Eccube/Repository/DtbPointHistoryRepository.php:228）	sheet-7_img2/img3/img4/img12(リニューアル後レイアウト)・img1/img8/img9(現行画面)・img10/img11(除去対象の赤枠)を確認	high	
sheet-7-R040	MATCHED						src/Eccube/Repository/DtbPointHistoryRepository.php:226; src/Eccube/Repository/DtbPointHistoryRepository.php:239		保有ポイントのうち失効期限が最も近いものを選ぶ（src/Eccube/Repository/DtbPointHistoryRepository.php:226）		high	
sheet-7-R041	MATCHED						src/Eccube/Resource/template/default/Mypage/index.twig:88		期限の近いポイントの失効日を表示する（src/Eccube/Resource/template/default/Mypage/index.twig:88）	sheet-7_img2/img3/img4/img12(リニューアル後レイアウト)・img1/img8/img9(現行画面)・img10/img11(除去対象の赤枠)を確認	high	
sheet-7-R042	OUT_OF_SCOPE								通知日付・通知メッセージの項目。同じ行にPh2の対応とすると明記されておりフェーズ1の対象外		high	
sheet-7-R043	OUT_OF_SCOPE								別紙0302の通知シートへの参照行。本シートで仕様を定めていない		high	
sheet-7-R044	OUT_OF_SCOPE								Ph2の対応とすると正本が宣言している行		high	
sheet-7-R045	OUT_OF_SCOPE								通知日付・通知メッセージの項目。同じ行にPh2の対応とすると明記されておりフェーズ1の対象外		high	
sheet-7-R046	OUT_OF_SCOPE								別紙0302の通知シートへの参照行。本シートで仕様を定めていない		high	
sheet-7-R047	OUT_OF_SCOPE								Ph2の対応とすると正本が宣言している行		high	
sheet-7-R048	MATCHED						src/Eccube/Resource/template/default/Mypage/index.twig:110		購入履歴のリンクから購入履歴一覧へ遷移する（src/Eccube/Resource/template/default/Mypage/index.twig:110）	sheet-7_img2/img3/img4/img12(リニューアル後レイアウト)・img1/img8/img9(現行画面)・img10/img11(除去対象の赤枠)を確認	high	
sheet-7-R049	MATCHED						src/Eccube/Resource/template/default/Mypage/index.twig:116		入荷待ち商品一覧へのリンクがある（src/Eccube/Resource/template/default/Mypage/index.twig:116）	sheet-7_img2/img3/img4/img12(リニューアル後レイアウト)・img1/img8/img9(現行画面)・img10/img11(除去対象の赤枠)を確認	high	
sheet-7-R050	MATCHED						src/Eccube/Resource/template/default/Mypage/index.twig:122		お気に入り商品一覧へのリンクがある（src/Eccube/Resource/template/default/Mypage/index.twig:122）	sheet-7_img2/img3/img4/img12(リニューアル後レイアウト)・img1/img8/img9(現行画面)・img10/img11(除去対象の赤枠)を確認	high	
sheet-7-R051	MATCHED						src/Eccube/Resource/template/default/Mypage/index.twig:128		購入手続きへのリンクはカート画面へ遷移する（src/Eccube/Resource/template/default/Mypage/index.twig:128）	sheet-7_img2/img3/img4/img12(リニューアル後レイアウト)・img1/img8/img9(現行画面)・img10/img11(除去対象の赤枠)を確認	high	
sheet-7-R052	MATCHED						src/Eccube/Resource/template/default/Mypage/index.twig:134		ポイント履歴へのリンクがある（src/Eccube/Resource/template/default/Mypage/index.twig:134）	sheet-7_img2/img3/img4/img12(リニューアル後レイアウト)・img1/img8/img9(現行画面)・img10/img11(除去対象の赤枠)を確認	high	
sheet-7-R053	DESIGN_ISSUE				※カスタマイズ対応、ネット買取履歴を買取歴に名称変更する				同じ行のラベル列は買取履歴、説明列は買取歴、カスタマイズ要件（同シート）は買取一覧と、改名後の名称が正本内で割れている。実装は買取履歴（src/Eccube/Resource/locale/messages.ja.yaml:836 と src/Eccube/Resource/template/default/Mypage/index.twig:147）。ラベル列およびレイアウト図とは一致するが、説明列の文言とは一致しないため設計裁定が要る	sheet-7_img2/img3のメニューは買取履歴と表記	med	
sheet-7-R054	MATCHED						src/Eccube/Resource/template/default/Mypage/index.twig:145		買取履歴のリンクから買取履歴一覧へ遷移する（src/Eccube/Resource/template/default/Mypage/index.twig:145）	sheet-7_img2/img3/img4/img12(リニューアル後レイアウト)・img1/img8/img9(現行画面)・img10/img11(除去対象の赤枠)を確認	high	
sheet-7-R055	MATCHED						src/Eccube/Resource/template/default/Mypage/index.en.twig:141		英語版のマイページには買取のメニューグループが無く（src/Eccube/Resource/template/default/Mypage/index.en.twig:141 でショッピングの次が直接イベント）、買取履歴は表示されない		high	
sheet-7-R056	MATCHED						src/Eccube/Resource/template/default/Mypage/index.twig:151		オンライン本人確認へのリンクがある（src/Eccube/Resource/template/default/Mypage/index.twig:151）	sheet-7_img2/img3/img4/img12(リニューアル後レイアウト)・img1/img8/img9(現行画面)・img10/img11(除去対象の赤枠)を確認	high	
sheet-7-R057	MATCHED						src/Eccube/Resource/template/default/Mypage/index.en.twig:141		英語版には買取グループ自体が無く、オンライン本人確認も表示されない（src/Eccube/Resource/template/default/Mypage/index.en.twig:141）		high	
sheet-7-R058	MATCHED						src/Eccube/Resource/template/default/Mypage/index.twig:162		マイイベント・デッキ登録へのリンクがある（src/Eccube/Resource/template/default/Mypage/index.twig:162）	sheet-7_img2/img3/img4/img12(リニューアル後レイアウト)・img1/img8/img9(現行画面)・img10/img11(除去対象の赤枠)を確認	high	
sheet-7-R059	MATCHED						src/Eccube/Resource/template/default/Mypage/index.twig:168		マイデッキへのリンクがある（src/Eccube/Resource/template/default/Mypage/index.twig:168）	sheet-7_img2/img3/img4/img12(リニューアル後レイアウト)・img1/img8/img9(現行画面)・img10/img11(除去対象の赤枠)を確認	high	
sheet-7-R060	MATCHED						src/Eccube/Resource/template/default/Mypage/index.en.twig:145; src/Eccube/Resource/template/default/Mypage/index.en.twig:151		英語版のイベントグループはマイイベント・デッキ登録のみで（src/Eccube/Resource/template/default/Mypage/index.en.twig:145）、マイデッキは表示されない		high	
sheet-7-R061	MATCHED						src/Eccube/Resource/template/default/Mypage/index.twig:179		会員情報変更へのリンクがある（src/Eccube/Resource/template/default/Mypage/index.twig:179）	sheet-7_img2/img3/img4/img12(リニューアル後レイアウト)・img1/img8/img9(現行画面)・img10/img11(除去対象の赤枠)を確認	high	
sheet-7-R062	MATCHED						src/Eccube/Resource/template/default/Mypage/index.twig:185		配送先の新規登録・変更へのリンクがある（src/Eccube/Resource/template/default/Mypage/index.twig:185）	sheet-7_img2/img3/img4/img12(リニューアル後レイアウト)・img1/img8/img9(現行画面)・img10/img11(除去対象の赤枠)を確認	high	
sheet-7-R063	MATCHED						src/Eccube/Resource/template/default/Mypage/index.twig:219		退会へのリンクがある（src/Eccube/Resource/template/default/Mypage/index.twig:219）	sheet-7_img2/img3/img4/img12(リニューアル後レイアウト)・img1/img8/img9(現行画面)・img10/img11(除去対象の赤枠)を確認	high	
sheet-7-R064	MATCHED						src/Eccube/Resource/template/default/Mypage/index.twig:202		お問い合わせへのリンクがある（src/Eccube/Resource/template/default/Mypage/index.twig:202）	sheet-7_img2/img3/img4/img12(リニューアル後レイアウト)・img1/img8/img9(現行画面)・img10/img11(除去対象の赤枠)を確認	high	
sheet-7-R065	MATCHED						src/Eccube/Resource/template/default/Mypage/index.twig:208		お問い合わせ履歴へのリンクがある（src/Eccube/Resource/template/default/Mypage/index.twig:208）	sheet-7_img2/img3/img4/img12(リニューアル後レイアウト)・img1/img8/img9(現行画面)・img10/img11(除去対象の赤枠)を確認	high	
sheet-7-R066	MATCHED						src/Eccube/Resource/template/default/Mypage/index.twig:225; app/config/eccube/packages/security.yaml:96		ログアウトのリンクを押すとログアウトし、トップ画面へ遷移する（src/Eccube/Resource/template/default/Mypage/index.twig:225 と app/config/eccube/packages/security.yaml:97 の遷移先指定）	sheet-7_img2/img3/img4/img12(リニューアル後レイアウト)・img1/img8/img9(現行画面)・img10/img11(除去対象の赤枠)を確認	high	
sheet-7-R067	MATCHED						src/Eccube/Resource/template/default/Mypage/index.twig:235		TOPページへ戻るボタンからトップ画面へ遷移する（src/Eccube/Resource/template/default/Mypage/index.twig:235）	sheet-7_img2/img3/img4/img12(リニューアル後レイアウト)・img1/img8/img9(現行画面)・img10/img11(除去対象の赤枠)を確認	high	
sheet-7-R068	MATCHED						src/Eccube/Resource/template/default/Mypage/index.twig:238		あなたへのおすすめアイテムの区画がある（src/Eccube/Resource/template/default/Mypage/index.twig:238）。内容の仕様は別紙0303に委ねられている	sheet-7_img2/img3/img4/img12(リニューアル後レイアウト)・img1/img8/img9(現行画面)・img10/img11(除去対象の赤枠)を確認	high	
sheet-7-R069	OUT_OF_SCOPE								現行仕様セクションの見出し行		high	
sheet-7-R070	OUT_OF_SCOPE								現行仕様セクションの前置き行。フェーズの範囲説明であり実装要求ではない		high	
sheet-7-R071	OUT_OF_SCOPE								マイページ上の通知はフェーズ2対応と正本が宣言している		high	
sheet-7-R072	OUT_OF_SCOPE								Excel原文の引用行。通知はフェーズ2以降で設計予定		high	
sheet-7-R073	OUT_OF_SCOPE								フェーズ2対応（フェーズ1では実装しない）と正本が宣言している		high	
sheet-7-R074	OUT_OF_SCOPE								フェーズ2対応と正本が宣言している		high	
sheet-7-R075	OUT_OF_SCOPE								業務ロジックの小見出し（保持された戻り先への遷移）		high	
sheet-7-R076	NOT_IMPLEMENTED	P3	未実装	ふるまい	その後マイページを開いたときに戻り先が保持されていれば、戻り先を取り出して消去し、その画面へ戻す。このときマイページは表示しない。	未ログインのまま入荷お知らせを申し込んだ会員がログイン後にマイページを開くと、マイページを表示せず、申し込んだ画面へ戻される	src/Eccube/Controller/Front/Mypage/MypageController.php:120; src/Eccube/Controller/Front/Mypage/NotifylistController.php:100	申込画面を戻り先として控える処理は src/Eccube/Controller/Front/Mypage/NotifylistController.php:100 にあるが、マイページ表示（src/Eccube/Controller/Front/Mypage/MypageController.php:120）は控えた戻り先を一切参照せず、常にマイページを表示する。控えた値を読み出す箇所はee全体に存在しない	現行（pf-eccube3 の Mypage/MypageController.php index）はマイページ表示時に戻り先を取り出して消去し遷移していた。eeでは書き込みだけが移植され、取り出し・遷移・消去が無いため、申し込んだ画面へ戻らずマイページが表示される	レイアウト図に該当なし（遷移のふるまいのため）	high	MypageController-no-saved-referer-redirect
sheet-7-R077	OUT_OF_SCOPE								業務ロジックの小見出し（機能ブロックの並べ方）		high	
sheet-7-R078	OUT_OF_SCOPE								現行のグループ見出しの並びは、リニューアル後のレイアウト図（ショッピング／買取／イベント・デッキ登録／会員情報／その他）と食い違う。後者が優先のため現行仕様側は対象外	sheet-7_img2/img3/img12のレイアウト図でグループ見出しを確認	high	
sheet-7-R079	OUT_OF_SCOPE								業務ロジックの小見出し（会員番号とバーコードの内容）		high	
sheet-7-R080	DRIFT	P1	実装違い	IO	バーコードは、その会員番号に固定の接頭番号を付けて桁数分をゼロ埋めし、末尾にチェックディジットを加えた13桁のコードを、EAN-13形式で表示する。	マイページのバーコードは、その会員の会員番号から組み立てた13桁のコードを表す。会員ごとに異なるコードが表示される	src/Eccube/Resource/template/default/Block/js/point_barcode_js.twig:22; src/Eccube/Resource/template/default/Block/js/point_barcode_js.twig:23; src/Eccube/Entity/Customer.php:1096	src/Eccube/Resource/template/default/Block/js/point_barcode_js.twig:23 が固定値2900065596792を描画しており、会員の会員番号からコードを組み立てる呼び出し（同:22）はコメントアウトされている。組み立て自体は src/Eccube/Entity/Customer.php:1096 に実装済みだが画面から呼ばれていない	全会員に同一の固定バーコードが表示される。会員番号のラベル表示（src/Eccube/Resource/template/default/Mypage/index.twig:71）は会員ごとの値だが、読み取り対象のバーコードは会員を識別しないため、店頭での読み取りが別人の会員に結び付く	sheet-7_img9（現行）は会員番号7321808に対応するバーコードを表示。実装は会員に依らない固定コード	high	point_barcode_js.twig-hardcoded-member-barcode
sheet-7-R081	OUT_OF_SCOPE								業務ロジックの小見出し（期限の近いポイントの値）		high	
sheet-7-R082	MATCHED						src/Eccube/Repository/DtbPointHistoryRepository.php:247; src/Eccube/Repository/DtbPointHistoryRepository.php:251; src/Eccube/Resource/template/default/Mypage/index.twig:85		失効期限が同じポイント履歴は合算して表示し（src/Eccube/Repository/DtbPointHistoryRepository.php:247 と :251）、合算値が現在の保有ポイントを上回るときは保有ポイントを表示する（src/Eccube/Resource/template/default/Mypage/index.twig:85）		high	
sheet-7-R083	OUT_OF_SCOPE								業務ロジックの小見出し（ヘッダー表示用のポイント）		high	
sheet-7-R084	MATCHED						src/Eccube/Resource/template/default/Block/header.twig:127		共通ヘッダーの保有ポイントはマイページ本体とは別に用意された値で描画される（src/Eccube/Resource/template/default/Block/header.twig:127）		med	
sheet-7-R085	MATCHED						src/Eccube/Controller/Front/Mypage/NotifylistController.php:100; src/Eccube/Controller/Front/Mypage/NotifylistController.php:186		未ログインで入荷お知らせを申し込んだとき、申し込んだ画面が戻り先として控えられる（src/Eccube/Controller/Front/Mypage/NotifylistController.php:100 と :186）		high	
sheet-7-R086	MATCHED						src/Eccube/Controller/Front/Mypage/MypageController.php:118; src/Eccube/Resource/template/default/Mypage/index.twig:63		戻り先が無いときはマイページ画面を表示する（src/Eccube/Controller/Front/Mypage/MypageController.php:118）		high	
sheet-7-R087	NOT_IMPLEMENTED	P3	未実装	ふるまい	出力（戻り先が保持されているとき） 保持された戻り先の画面への遷移	控えた戻り先があるときは、マイページではなくその画面へ遷移した結果を返す	src/Eccube/Controller/Front/Mypage/MypageController.php:120; src/Eccube/Controller/Front/Mypage/NotifylistController.php:100	マイページ表示（src/Eccube/Controller/Front/Mypage/MypageController.php:120）は常にマイページ画面を返し、控えた戻り先への遷移を返す経路が無い	R076と同一の欠陥。戻り先を控える側だけが移植され、取り出して遷移する側が無い	レイアウト図に該当なし	high	MypageController-no-saved-referer-redirect
sheet-7-R088	MATCHED						src/Eccube/Resource/locale/messages.ja.yaml:771; src/Eccube/Resource/template/default/Block/js/point_barcode_js.twig:5		バーコードの有効時間が終了するとコードの有効期限が切れました。を表示し、バーコードは再表示するリンクに置き換わりマイページに留まる（src/Eccube/Resource/locale/messages.ja.yaml:771 と src/Eccube/Resource/template/default/Block/js/point_barcode_js.twig:5）	sheet-7_img1（現行）は再表示するリンクのみ。文言はメッセージ定義で確認	med	
sheet-7-R089	MATCHED						src/Eccube/Resource/locale/messages.en.yaml:540		英語の文言は This code has expired. である（src/Eccube/Resource/locale/messages.en.yaml:540）		high	
sheet-8-R001	OUT_OF_SCOPE								カスタマイズ要件の前置き。実装対象の挙動を述べていない。	sheet-8_img1/img2（入荷待ち商品一覧のPC・SP画面）とimg3（マイページボタン）を確認。img4は配送先登録画面で本シートの内容と無関係。	high	
sheet-8-R002	OUT_OF_SCOPE								カスタマイズ要件の項目見出し。具体的な挙動は同ブロックのR003・R004に書かれている。	sheet-8_img1/img2（入荷待ち商品一覧のPC・SP画面）とimg3（マイページボタン）を確認。img4は配送先登録画面で本シートの内容と無関係。	high	
sheet-8-R003	MATCHED				・商品言語単位での入荷通知が行われているかを表示できる		src/Eccube/Service/Front/Mypage/NotifyListEntryBuilder.php:70-91;src/Eccube/Resource/template/default/Mypage/notifylist.twig:60-62	入荷通知を商品IDと言語IDの組で1件のカードにまとめ、カードに言語コードのラベルを表示している。	NotifyListEntryBuilder.php:71 でキーを商品ID-言語IDとし、notifylist.twig:61 で言語コードを表示している。	sheet-8_img1/img2（入荷待ち商品一覧のPC・SP画面）とimg3（マイページボタン）を確認。img4は配送先登録画面で本シートの内容と無関係。	high	
sheet-8-R004	MATCHED				・商品言語単位で登録済みの入荷通知を削除できる		src/Eccube/Controller/Front/Mypage/NotifylistController.php:162-247	商品IDと言語IDを受け取り、その組で登録済みの入荷通知があれば削除している。	NotifylistController.php:196-211 で商品と言語の組の登録を検索し、存在すれば削除して cancel を返す。	sheet-8_img1/img2（入荷待ち商品一覧のPC・SP画面）とimg3（マイページボタン）を確認。img4は配送先登録画面で本シートの内容と無関係。	high	
sheet-8-R005	OUT_OF_SCOPE								カスタマイズ範囲の宣言（方針記述）であり、個別の挙動を定めていない。	sheet-8_img1/img2（入荷待ち商品一覧のPC・SP画面）とimg3（マイページボタン）を確認。img4は配送先登録画面で本シートの内容と無関係。	high	
sheet-8-R006	MATCHED				★シート「マイページ」のカスタマイズ要件より、(2)名前の表示を削除		src/Eccube/Resource/template/default/Mypage/notifylist.twig:20-33;src/Eccube/Resource/template/default/Mypage/notifylist.en.twig:20-33	画面上部は見出しと案内文だけで、ログイン会員の氏名は表示していない。	notifylist.twig:24-33 の見出しブロックに氏名の出力が無い。	sheet-8_img1/img2（入荷待ち商品一覧のPC・SP画面）とimg3（マイページボタン）を確認。img4は配送先登録画面で本シートの内容と無関係。	high	
sheet-8-R007	MATCHED				・会員が入荷通知に設定している商品を全て表示する		src/Eccube/Service/Front/Mypage/NotifyListEntryBuilder.php:44-50;src/Eccube/Resource/template/default/Mypage/notifylist.twig:47	ログイン会員の入荷通知登録を件数で絞らずに全件取得し、カードとして並べている。	NotifyListEntryBuilder.php:49 で会員の登録を全件取得し、notifylist.twig:47 で全件を繰り返し表示している。	sheet-8_img1/img2（入荷待ち商品一覧のPC・SP画面）とimg3（マイページボタン）を確認。img4は配送先登録画面で本シートの内容と無関係。	high	
sheet-8-R008	MATCHED				・管理画面で設定されている入荷通知登録上限数(現在は20件)まで表示する		src/Eccube/Controller/Front/Mypage/NotifylistController.php:127-140;src/Eccube/Resource/template/admin/Setting/Shop/additional_system.twig:26-31;app/DoctrineMigrations/Version20260730140000.php:27	上限値は管理画面の入荷通知最大数として保持され、初期値は20。登録時に上限を超える登録を拒むため一覧に並ぶ件数も上限内に収まる。	NotifylistController.php:129-140 が管理画面設定値と登録件数を比べて超過を拒否している。	sheet-8_img1/img2（入荷待ち商品一覧のPC・SP画面）とimg3（マイページボタン）を確認。img4は配送先登録画面で本シートの内容と無関係。	high	
sheet-8-R009	MATCHED				※上限件数は「まとめて入荷通知」で登録している場合でも1件、商品規格単位でも1件としてカウントする		src/Eccube/Repository/DtbProductRequestRepository.php:607-627;src/Eccube/Controller/Front/Mypage/NotifylistController.php:127-140	まとめて入荷通知の登録も規格単位の登録も同じ1件として数えている。	DtbProductRequestRepository.php:609-615 が登録種別を区別せず件数を数えている。	sheet-8_img1/img2（入荷待ち商品一覧のPC・SP画面）とimg3（マイページボタン）を確認。img4は配送先登録画面で本シートの内容と無関係。	high	
sheet-8-R010	MATCHED				※登録上限数以上の登録をしようとした場合は、エラーを表示する		src/Eccube/Controller/Front/Mypage/NotifylistController.php:131-140;src/Eccube/Controller/Front/Mypage/NotifylistController.php:213-223;src/Eccube/Resource/locale/messages.ja.yaml:1183	上限に達している状態で登録すると、上限件数を含むエラーメッセージを返して登録しない。	NotifylistController.php:131-140 と 213-223 が上限超過時にエラーメッセージを返す。	sheet-8_img1/img2（入荷待ち商品一覧のPC・SP画面）とimg3（マイページボタン）を確認。img4は配送先登録画面で本シートの内容と無関係。	high	
sheet-8-R011	DRIFT	P2	実装違い	ふるまい	・入荷通知を設定している(8)状態のカードのみ、(8)~(10)を表示する	入荷通知を登録している状態（コンディション）の行だけが、状態・価格・解除ボタンとともに並ぶこと。登録していない状態の行は並ばない。	src/Eccube/Service/Front/Mypage/NotifyListEntryBuilder.php:73-91;src/Eccube/Resource/template/default/Mypage/notifylist.twig:78-105;src/Eccube/Resource/template/default/Mypage/notifylist.en.twig:78-105	同じ商品・同じ言語の公開中の商品規格を全件そろえて表示し、未登録の状態の行にも価格と入荷通知ボタンを出している。	NotifyListEntryBuilder.php:74-88 が言語一致の商品規格を全件 ProductClasses に詰め、Requests を全件 false で初期化してから登録済みだけ true にする。notifylist.twig:78-105 はその全件を繰り返し表示するため、登録していない状態の行も一覧に並ぶ。	sheet-8_img1/img2（入荷待ち商品一覧のPC・SP画面）とimg3（マイページボタン）を確認。img4は配送先登録画面で本シートの内容と無関係。	high	notifylist.twig-unrequested-notify-buttons
sheet-8-R012	OUT_OF_SCOPE								箇条書きの見出し行。具体的な挙動は同ブロックの後続行に書かれている。	sheet-8_img1/img2（入荷待ち商品一覧のPC・SP画面）とimg3（マイページボタン）を確認。img4は配送先登録画面で本シートの内容と無関係。	high	
sheet-8-R013	MATCHED				・(10)入荷通知/解除より、カードの規格ごとに入荷通知の登録/解除ができる		src/Eccube/Controller/Front/Mypage/NotifylistController.php:80-155;src/Eccube/Resource/template/default/Mypage/notifylist.twig:88-102	状態ごとのボタンから、その商品規格の入荷通知を登録・解除できる。	NotifylistController.php:87-154 が商品規格単位で登録と解除を切り替えている。	sheet-8_img1/img2（入荷待ち商品一覧のPC・SP画面）とimg3（マイページボタン）を確認。img4は配送先登録画面で本シートの内容と無関係。	high	
sheet-8-R014	MATCHED				★(11)まとめて入荷通知の入荷通知/解除より、商品単位の入荷通知を登録/解除できる		src/Eccube/Controller/Front/Mypage/NotifylistController.php:162-247;src/Eccube/Resource/template/default/Mypage/notifylist.twig:106-125	まとめて入荷通知のボタンから、商品と言語の組で入荷通知を登録・解除できる。	NotifylistController.php:196-246 が商品単位の登録と解除を切り替えている。	sheet-8_img1/img2（入荷待ち商品一覧のPC・SP画面）とimg3（マイページボタン）を確認。img4は配送先登録画面で本シートの内容と無関係。	high	
sheet-8-R015	OUT_OF_SCOPE								別紙参照の注記であり、本シートで実装を求める挙動を述べていない。	sheet-8_img1/img2（入荷待ち商品一覧のPC・SP画面）とimg3（マイページボタン）を確認。img4は配送先登録画面で本シートの内容と無関係。	high	
sheet-8-R016	OUT_OF_SCOPE								項目表のヘッダ行の続き。要求ではない。	sheet-8_img1/img2（入荷待ち商品一覧のPC・SP画面）とimg3（マイページボタン）を確認。img4は配送先登録画面で本シートの内容と無関係。	high	
sheet-8-R017	MATCHED				"1	パンくずリスト	リンク	-	-	-	※カスタマイズ対応、新規追加"		src/Eccube/Resource/template/default/breadcrumb_nav.twig:128-130;src/Eccube/Resource/template/default/Mypage/notifylist.twig:22	入荷待ち商品一覧にホーム・マイページ・現在ページのパンくずを表示している。	breadcrumb_nav.twig:128-130 が mypage_notifylist 用のパンくずを組み立て、notifylist.twig:22 が読み込んでいる。	sheet-8_img1/img2（入荷待ち商品一覧のPC・SP画面）とimg3（マイページボタン）を確認。img4は配送先登録画面で本シートの内容と無関係。	high	
sheet-8-R018	MATCHED				・現在表示中のページは押下できないようにする		src/Eccube/Resource/template/default/breadcrumb_nav.twig:25-32;src/Eccube/Resource/template/default/breadcrumb_nav.twig:130	現在ページはリンクではなく見出しとして出力しており押下できない。	breadcrumb_nav.twig:25-32 の current_li はアンカーを持たない。	sheet-8_img1/img2（入荷待ち商品一覧のPC・SP画面）とimg3（マイページボタン）を確認。img4は配送先登録画面で本シートの内容と無関係。	high	
sheet-8-R019	MATCHED				・ホームアイコンを押下すると、本店ECTOP画面へ遷移する		src/Eccube/Resource/template/default/breadcrumb_nav.twig:6-13;src/Eccube/Resource/template/default/breadcrumb_nav.twig:52	先頭にホームアイコンのリンクを置き、本店トップへ遷移させている。	breadcrumb_nav.twig:52 で遷移先を本店トップに決め、6-13 のホームアイコンから開く。	sheet-8_img1/img2（入荷待ち商品一覧のPC・SP画面）とimg3（マイページボタン）を確認。img4は配送先登録画面で本シートの内容と無関係。	high	
sheet-8-R020	MATCHED				"2	名前	ラベル	-	-	-	※カスタマイズ対応、項目を除去"		src/Eccube/Resource/template/default/Mypage/notifylist.twig:20-33;src/Eccube/Resource/template/default/Mypage/notifylist.en.twig:20-33	会員氏名の表示は無い。	notifylist.twig:24-33 に氏名の出力が無い。	sheet-8_img1/img2（入荷待ち商品一覧のPC・SP画面）とimg3（マイページボタン）を確認。img4は配送先登録画面で本シートの内容と無関係。	high	
sheet-8-R021	MATCHED				"3	商品件数	ラベル	-	-	-	・入荷通知に登録されている商品件数を表示する"		src/Eccube/Resource/template/default/Mypage/notifylist.twig:39-42;src/Eccube/Resource/locale/messages.ja.yaml:703-704	画面上部に「商品数: N点」として登録件数を表示している。	notifylist.twig:41 が一覧の件数を商品数として表示する。	sheet-8_img1/img2（入荷待ち商品一覧のPC・SP画面）とimg3（マイページボタン）を確認。img4は配送先登録画面で本シートの内容と無関係。	high	
sheet-8-R022	DRIFT	P3	実装違い	ふるまい	"4	商品画像	画像	-	-	-	・押下すると、商品詳細画面へ遷移する"	一覧の商品画像を押すと、その商品の商品詳細画面が開くこと。	src/Eccube/Resource/template/default/Mypage/notifylist.twig:50-56;src/Eccube/Resource/template/default/Mypage/notifylist.en.twig:50-56	商品画像は画像拡大用のボタンとして出力されており、押しても商品詳細画面へは移動せず画像が拡大表示されるだけ。	notifylist.twig:51-55 は画像をボタンで包んでおり遷移先を持たない。商品詳細への導線は商品名リンク（59行）だけである。	sheet-8_img1/img2（入荷待ち商品一覧のPC・SP画面）とimg3（マイページボタン）を確認。img4は配送先登録画面で本シートの内容と無関係。	med	notifylist.twig-image-not-linked-to-detail
sheet-8-R023	MATCHED				"5	カード言語	ラベル	-	-	-	・カード商品のみに表示する"		src/Eccube/Resource/template/default/Mypage/notifylist.twig:60-62	カード商品のときだけ言語ラベルを表示している。	notifylist.twig:60 がカード情報を持つ商品に限って言語ラベルを出す。	sheet-8_img1/img2（入荷待ち商品一覧のPC・SP画面）とimg3（マイページボタン）を確認。img4は配送先登録画面で本シートの内容と無関係。	high	
sheet-8-R024	MATCHED				・商品に登録されている言語コードを表示する		src/Eccube/Resource/template/default/Mypage/notifylist.twig:61	入荷通知を登録した言語の言語コードを表示している。	notifylist.twig:61 が言語コードを表示する。	sheet-8_img1/img2（入荷待ち商品一覧のPC・SP画面）とimg3（マイページボタン）を確認。img4は配送先登録画面で本シートの内容と無関係。	high	
sheet-8-R025	MATCHED				"6	商品名	ラベル	-	-	-	・押下すると、商品詳細画面へ遷移する"		src/Eccube/Resource/template/default/Mypage/notifylist.twig:59-67	商品名はリンクで、押すと商品詳細画面へ移動する。	notifylist.twig:59 が商品詳細への遷移リンクになっている。	sheet-8_img1/img2（入荷待ち商品一覧のPC・SP画面）とimg3（マイページボタン）を確認。img4は配送先登録画面で本シートの内容と無関係。	high	
sheet-8-R026	MATCHED				・商品がカードかつFoilが「あり」の場合、以下のように表示する		src/Eccube/Resource/template/default/Mypage/notifylist.twig:64;src/Eccube/Resource/locale/messages.ja.yaml:1250	カード商品でFoilありのとき、商品名の前に【Foil】を付けて表示している。	notifylist.twig:64 が Foil フラグを見て接頭辞を付ける。	sheet-8_img1/img2（入荷待ち商品一覧のPC・SP画面）とimg3（マイページボタン）を確認。img4は配送先登録画面で本シートの内容と無関係。	high	
sheet-8-R027	MATCHED				【Foil】商品名		src/Eccube/Resource/template/default/Mypage/notifylist.twig:64-66;src/Eccube/Resource/locale/messages.ja.yaml:1250	【Foil】の直後に商品名を並べて表示している。	notifylist.twig:64-65 の並びが【Foil】商品名になる。	sheet-8_img1/img2（入荷待ち商品一覧のPC・SP画面）とimg3（マイページボタン）を確認。img4は配送先登録画面で本シートの内容と無関係。	high	
sheet-8-R028	OUT_OF_SCOPE								前行の表示例の提示であり、独立した要求ではない。	sheet-8_img1/img2（入荷待ち商品一覧のPC・SP画面）とimg3（マイページボタン）を確認。img4は配送先登録画面で本シートの内容と無関係。	high	
sheet-8-R029	DRIFT	P2	実装違い	ふるまい	"7	同名カード検索	リンク	-	-	-	・押下すると、同じカードIDで検索した商品一覧画面へ遷移する"	同名商品のリンクを押すと、そのカードと同じカードで絞り込まれた商品一覧が表示されること。	src/Eccube/Resource/template/default/Mypage/notifylist.twig:70-75;src/Eccube/Resource/template/default/Mypage/notifylist.en.twig:70-75;src/Eccube/Controller/Front/ProductController.php:234-239	商品一覧へは移動するが、絞り込みの指定が商品一覧側で読み取られない綴りで渡されているため、絞り込みのない商品一覧が表示される。	notifylist.twig:71 は card_id という名前で値を付けて商品一覧を開くが、ProductController.php:236-239 は cardId しか読み取らないため同名絞り込みが働かない。同じ導線でも Block/product.twig:374 は cardId で渡している。	sheet-8_img1/img2（入荷待ち商品一覧のPC・SP画面）とimg3（マイページボタン）を確認。img4は配送先登録画面で本シートの内容と無関係。	high	notifylist.twig-same-name-search-param-mismatch
sheet-8-R030	MATCHED				・カード商品のみに表示する		src/Eccube/Resource/template/default/Mypage/notifylist.twig:69-76	カード商品のときだけ同名商品ボタンを表示している。	notifylist.twig:69 がカード情報を持つ商品に限って表示する。	sheet-8_img1/img2（入荷待ち商品一覧のPC・SP画面）とimg3（マイページボタン）を確認。img4は配送先登録画面で本シートの内容と無関係。	high	
sheet-8-R031	MATCHED				"8	状態	ラベル	-	-	-	-"		src/Eccube/Resource/template/default/Mypage/notifylist.twig:83-85	状態（コンディション）を各明細の先頭に表示している。	notifylist.twig:84 が状態を表示する。	sheet-8_img1/img2（入荷待ち商品一覧のPC・SP画面）とimg3（マイページボタン）を確認。img4は配送先登録画面で本シートの内容と無関係。	high	
sheet-8-R032	MATCHED				"9	価格	ラベル	-	-	-	-"		src/Eccube/Resource/template/default/Mypage/notifylist.twig:86	商品規格の販売価格を桁区切りで表示している。	notifylist.twig:86 が価格を桁区切りで表示する。	sheet-8_img1/img2（入荷待ち商品一覧のPC・SP画面）とimg3（マイページボタン）を確認。img4は配送先登録画面で本シートの内容と無関係。	high	
sheet-8-R033	MATCHED				"10	解除/入荷通知	ボタン	-	-	-	・入荷通知が設定されている規格の場合、解除ボタンを表示する"		src/Eccube/Resource/template/default/Mypage/notifylist.twig:88-94;src/Eccube/Resource/locale/messages.ja.yaml:957	登録済みの規格には解除の状態のボタンを表示している。	notifylist.twig:88-94 が登録済みのとき解除表示のボタンを出す。	sheet-8_img1/img2（入荷待ち商品一覧のPC・SP画面）とimg3（マイページボタン）を確認。img4は配送先登録画面で本シートの内容と無関係。	high	
sheet-8-R034	MATCHED				・解除ボタン押下で、入荷通知依頼キャンセルのポップアップを表示し、入荷通知のキャンセルを実行した場合は入荷通知ボタンを表示する		src/Eccube/Resource/template/default/Block/js/product_js.twig:144-163;src/Eccube/Resource/template/default/Block/js/product_js.twig:504-506;src/Eccube/Resource/template/default/default_frame.twig:226-262	解除を押すと解除が実行され、キャンセルした旨のポップアップを出したうえでボタンを入荷通知の表示へ切り替えている。	product_js.twig:504-506 で解除を実行し、144-163 でボタン表示を入荷通知へ戻す。確認モーダルを挟まない点は別紙0303シート「入荷時通知」の『現行にあるモーダルは非表示とし、直接ログインモーダルまたは入荷通知完了モーダルを表示する』に沿う。	sheet-8_img1/img2（入荷待ち商品一覧のPC・SP画面）とimg3（マイページボタン）を確認。img4は配送先登録画面で本シートの内容と無関係。	med	
sheet-8-R035	MATCHED				・入荷通知ボタン押下で、入荷通知依頼確認のポップアップを表示し、入荷通知を設定した場合は解除ボタンを表示する		src/Eccube/Resource/template/default/Block/js/product_js.twig:144-163;src/Eccube/Resource/template/default/Block/js/product_js.twig:504-506	入荷通知を押すと登録が実行され、依頼した旨のポップアップを出したうえでボタンを解除の表示へ切り替えている。	product_js.twig:149-150 が登録成功時にボタンを解除表示へ切り替える。確認モーダルを挟まない点は別紙0303の記述に沿う。	sheet-8_img1/img2（入荷待ち商品一覧のPC・SP画面）とimg3（マイページボタン）を確認。img4は配送先登録画面で本シートの内容と無関係。	med	
sheet-8-R036	DRIFT	P2	実装違い	ふるまい	・入荷通知ボタンは入荷通知を解除したときのみ表示する（当画面へ遷移してきたとき、再読み込みしたときは表示しない）	画面を開いた直後や再読み込み直後は解除ボタンだけが並び、入荷通知ボタンは解除操作をした行にだけ現れること。	src/Eccube/Service/Front/Mypage/NotifyListEntryBuilder.php:73-91;src/Eccube/Resource/template/default/Mypage/notifylist.twig:95-102	画面を開いた時点で、入荷通知を登録していない状態の行にも入荷通知ボタンを表示している。	NotifyListEntryBuilder.php:74-88 が未登録の商品規格も一覧に含めるため、notifylist.twig:95-102 の入荷通知ボタンが初回表示・再読み込み時にも描画される。	sheet-8_img1/img2（入荷待ち商品一覧のPC・SP画面）とimg3（マイページボタン）を確認。img4は配送先登録画面で本シートの内容と無関係。	high	notifylist.twig-unrequested-notify-buttons
sheet-8-R037	OUT_OF_SCOPE								別紙参照の注記であり、本シートで実装を求める挙動を述べていない。	sheet-8_img1/img2（入荷待ち商品一覧のPC・SP画面）とimg3（マイページボタン）を確認。img4は配送先登録画面で本シートの内容と無関係。	high	
sheet-8-R038	OUT_OF_SCOPE								項目表のラベル欄の断片（識別ID11のラベル前半）。挙動を述べていない。	sheet-8_img1/img2（入荷待ち商品一覧のPC・SP画面）とimg3（マイページボタン）を確認。img4は配送先登録画面で本シートの内容と無関係。	high	
sheet-8-R039	MATCHED				"（まとめて入荷通知）	ボタン	-	-	-	※カスタマイズ対応、項目を新規追加"		src/Eccube/Resource/template/default/Mypage/notifylist.twig:106-125;src/Eccube/Resource/locale/messages.ja.yaml:1133	まとめて入荷通知の行とボタンを明細の末尾に追加している。	notifylist.twig:106-125 がまとめて入荷通知のボタンを表示する。	sheet-8_img1/img2（入荷待ち商品一覧のPC・SP画面）とimg3（マイページボタン）を確認。img4は配送先登録画面で本シートの内容と無関係。	high	
sheet-8-R040	MATCHED				・カード商品のみに表示する		src/Eccube/Resource/template/default/Mypage/notifylist.twig:106	カード商品かつ言語があるときだけ、まとめて入荷通知を表示している。	notifylist.twig:106 の条件でカード商品に限定している。	sheet-8_img1/img2（入荷待ち商品一覧のPC・SP画面）とimg3（マイページボタン）を確認。img4は配送先登録画面で本シートの内容と無関係。	high	
sheet-8-R041	MATCHED				・まとめて入荷通知が設定されている商品の場合、解除ボタンを表示する		src/Eccube/Resource/template/default/Mypage/notifylist.twig:109-115	まとめて入荷通知が登録済みのとき、解除の状態のボタンを表示している。	notifylist.twig:109-115 が登録済みのとき解除表示のボタンを出す。	sheet-8_img1/img2（入荷待ち商品一覧のPC・SP画面）とimg3（マイページボタン）を確認。img4は配送先登録画面で本シートの内容と無関係。	high	
sheet-8-R042	MATCHED				・解除ボタン押下で、入荷通知依頼キャンセルのポップアップを表示し、入荷通知をキャンセルを実行した場合は入荷通知ボタンを表示する		src/Eccube/Resource/template/default/Block/js/product_js.twig:165-215;src/Eccube/Resource/template/default/Block/js/product_js.twig:510-512	解除を押すとまとめて入荷通知の解除が実行され、キャンセルした旨のポップアップを出したうえで表示を入荷通知へ戻している。	product_js.twig:510-512 で解除を実行し、203-214 で表示を切り替える。確認モーダルを挟まない点は別紙0303の記述に沿う。	sheet-8_img1/img2（入荷待ち商品一覧のPC・SP画面）とimg3（マイページボタン）を確認。img4は配送先登録画面で本シートの内容と無関係。	med	
sheet-8-R043	MATCHED				・入荷通知ボタン押下で、入荷通知依頼確認のポップアップを表示し、入荷通知を設定した場合は解除ボタンを表示する		src/Eccube/Resource/template/default/Block/js/product_js.twig:165-215;src/Eccube/Resource/template/default/Block/js/product_js.twig:510-512	入荷通知を押すとまとめて入荷通知が登録され、依頼した旨のポップアップを出したうえで表示を解除へ切り替えている。	product_js.twig:203-214 が登録成功時に表示を解除へ切り替える。	sheet-8_img1/img2（入荷待ち商品一覧のPC・SP画面）とimg3（マイページボタン）を確認。img4は配送先登録画面で本シートの内容と無関係。	med	
sheet-8-R044	DRIFT	P3	実装違い	ふるまい	・入荷通知ボタンは入荷通知を解除したときのみ表示する（当画面へ遷移してきたとき、再読み込みしたときは表示しない）	画面を開いた直後や再読み込み直後は、まとめて入荷通知の欄に解除ボタンだけが出て、入荷通知ボタンは解除操作をしたときにだけ現れること。	src/Eccube/Resource/template/default/Mypage/notifylist.twig:106-123;src/Eccube/Service/Front/Mypage/NotifyListEntryBuilder.php:84-97	まとめて入荷通知を登録していない商品でも、画面を開いた時点でまとめて入荷通知の入荷通知ボタンを表示している。	notifylist.twig:106 はカード商品かつ言語があれば常にまとめて入荷通知の欄を描き、116-122 で未登録時に入荷通知ボタンを出す。規格単位の登録だけで一覧に載った商品でも初回表示から入荷通知ボタンが並ぶ。	sheet-8_img1/img2（入荷待ち商品一覧のPC・SP画面）とimg3（マイページボタン）を確認。img4は配送先登録画面で本シートの内容と無関係。	high	notifylist.twig-unrequested-notify-buttons
sheet-8-R045	OUT_OF_SCOPE								別紙参照の注記であり、本シートで実装を求める挙動を述べていない。	sheet-8_img1/img2（入荷待ち商品一覧のPC・SP画面）とimg3（マイページボタン）を確認。img4は配送先登録画面で本シートの内容と無関係。	high	
sheet-8-R046	MATCHED				"12	マイページ	リンク	-	-	-	・押下すると、マイページに遷移する"		src/Eccube/Resource/template/default/Mypage/notifylist.twig:134-138	画面下部にマイページへ戻るボタンを置いている。	notifylist.twig:135 がマイページへのリンクになっている。	sheet-8_img1/img2（入荷待ち商品一覧のPC・SP画面）とimg3（マイページボタン）を確認。img4は配送先登録画面で本シートの内容と無関係。	high	
sheet-8-R047	OUT_OF_SCOPE								現行仕様節の見出し行。要求ではない。	sheet-8_img1/img2（入荷待ち商品一覧のPC・SP画面）とimg3（マイページボタン）を確認。img4は配送先登録画面で本シートの内容と無関係。	high	
sheet-8-R048	OUT_OF_SCOPE								現行仕様節の前置き（刷新後は実装不要である旨）。要求ではない。	sheet-8_img1/img2（入荷待ち商品一覧のPC・SP画面）とimg3（マイページボタン）を確認。img4は配送先登録画面で本シートの内容と無関係。	high	
sheet-8-R049	OUT_OF_SCOPE								Excel基本設計により廃止と宣言された記述（識別ID:2 名前の削除）。刷新後の実装対象ではない。	sheet-8_img1/img2（入荷待ち商品一覧のPC・SP画面）とimg3（マイページボタン）を確認。img4は配送先登録画面で本シートの内容と無関係。	high	
sheet-8-R050	OUT_OF_SCOPE								廃止の宣言であり、実装対象の要求ではない。	sheet-8_img1/img2（入荷待ち商品一覧のPC・SP画面）とimg3（マイページボタン）を確認。img4は配送先登録画面で本シートの内容と無関係。	high	
sheet-8-R051	OUT_OF_SCOPE								廃止の宣言であり、実装対象の要求ではない。	sheet-8_img1/img2（入荷待ち商品一覧のPC・SP画面）とimg3（マイページボタン）を確認。img4は配送先登録画面で本シートの内容と無関係。	high	
sheet-8-R052	OUT_OF_SCOPE								現行仕様節の小見出し。要求ではない。	sheet-8_img1/img2（入荷待ち商品一覧のPC・SP画面）とimg3（マイページボタン）を確認。img4は配送先登録画面で本シートの内容と無関係。	high	
sheet-8-R053	OUT_OF_SCOPE								表のヘッダ行。要求ではない。	sheet-8_img1/img2（入荷待ち商品一覧のPC・SP画面）とimg3（マイページボタン）を確認。img4は配送先登録画面で本シートの内容と無関係。	high	
sheet-8-R054	MATCHED				"見出し	入荷待ち商品一覧。入荷通知の登録が0件のときも表示する"		src/Eccube/Resource/template/default/Mypage/notifylist.twig:24-33;src/Eccube/Resource/locale/messages.ja.yaml:647	見出しは登録件数にかかわらず条件分岐の外で表示している。	notifylist.twig:25 の見出しは件数判定の外側にある。	sheet-8_img1/img2（入荷待ち商品一覧のPC・SP画面）とimg3（マイページボタン）を確認。img4は配送先登録画面で本シートの内容と無関係。	high	
sheet-8-R055	MATCHED				"入荷通知の案内	対象商品が入荷したときに、登録メールアドレスへ通知する旨を案内する。入荷通知の登録が1件以上あるときだけ表示する"		src/Eccube/Resource/template/default/Mypage/notifylist.twig:26-32;src/Eccube/Resource/locale/messages.ja.yaml:954	登録が1件以上のときだけ、入荷時に登録メールアドレスへ知らせる旨の案内文を表示している。	notifylist.twig:26-27 が件数1以上のときだけ案内文を出す。	sheet-8_img1/img2（入荷待ち商品一覧のPC・SP画面）とimg3（マイページボタン）を確認。img4は配送先登録画面で本シートの内容と無関係。	high	
sheet-8-R056	MATCHED				"商品画像	商品画像が登録されていない商品では、画像が無いことを示す代替画像を表示する"		src/Eccube/Resource/template/default/Mypage/notifylist.twig:52	商品画像が無いときは代替画像に差し替えて表示している。	notifylist.twig:52 が画像未登録時に代替画像へ置き換える。	sheet-8_img1/img2（入荷待ち商品一覧のPC・SP画面）とimg3（マイページボタン）を確認。img4は配送先登録画面で本シートの内容と無関係。	high	
sheet-8-R057	MATCHED				"画面下部のマイページリンク	入荷通知の登録が0件のときも表示する"		src/Eccube/Resource/template/default/Mypage/notifylist.twig:132-138	マイページボタンは件数判定の外側にあり、0件でも表示される。	notifylist.twig:134 は件数判定の閉じた後にある。	sheet-8_img1/img2（入荷待ち商品一覧のPC・SP画面）とimg3（マイページボタン）を確認。img4は配送先登録画面で本シートの内容と無関係。	high	
sheet-8-R058	OUT_OF_SCOPE								現行仕様節の小見出し。要求ではない。	sheet-8_img1/img2（入荷待ち商品一覧のPC・SP画面）とimg3（マイページボタン）を確認。img4は配送先登録画面で本シートの内容と無関係。	high	
sheet-8-R059	MATCHED				会員ログインを要求する。未ログインで開いたときは会員ログイン画面へ遷移させる。		src/Eccube/DependencyInjection/EccubeExtension.php:85-88;app/config/eccube/packages/security.yaml:84-85	マイページ配下は会員としてログインしていないと開けず、未ログインでは会員ログイン画面へ送られる。	EccubeExtension.php:88 がマイページ配下に会員権限を要求し、security.yaml:84-85 が未認証時の入口を会員ログインにしている。	sheet-8_img1/img2（入荷待ち商品一覧のPC・SP画面）とimg3（マイページボタン）を確認。img4は配送先登録画面で本シートの内容と無関係。	high	
sheet-8-R060	OUT_OF_SCOPE								表のヘッダ行。要求ではない。	sheet-8_img1/img2（入荷待ち商品一覧のPC・SP画面）とimg3（マイページボタン）を確認。img4は配送先登録画面で本シートの内容と無関係。	high	
sheet-8-R061	MATCHED				"集約	同一商品・同一言語・同一の高額商品コードでひとまとめにし、商品ごとに状態と価格の明細を束ねて表示する"		src/Eccube/Service/Front/Mypage/NotifyListEntryBuilder.php:70-91;src/Eccube/Resource/template/default/Mypage/notifylist.twig:47-49	同一商品・同一言語で1枚のカードにまとめ、状態と価格の明細を束ねて表示している。	NotifyListEntryBuilder.php:70-91 が商品IDと言語IDでまとめる。まとめる単位はカスタマイズ要件『商品言語単位の入荷待ち商品の表示』が定めるものであり、高額商品コードを加えるかは現行仕様側の記述のためリニューアル後の仕様を優先した。	sheet-8_img1/img2（入荷待ち商品一覧のPC・SP画面）とimg3（マイページボタン）を確認。img4は配送先登録画面で本シートの内容と無関係。	med	
sheet-8-R062	MATCHED				"状態	規格に個別のメモがあるときはメモを表示し、無いときはカードの状態を表示する"		src/Eccube/Resource/template/default/Mypage/notifylist.twig:84	メモがあればメモを、無ければカードの状態コードを表示している。	notifylist.twig:84 がメモ優先で状態を表示する。	sheet-8_img1/img2（入荷待ち商品一覧のPC・SP画面）とimg3（マイページボタン）を確認。img4は配送先登録画面で本シートの内容と無関係。	high	
sheet-8-R063	MATCHED				"価格	商品規格の販売価格をそのまま桁区切りで表示する。集計や再計算は行わない"		src/Eccube/Resource/template/default/Mypage/notifylist.twig:86	商品規格の販売価格をそのまま桁区切りで表示している。	notifylist.twig:86 が販売価格を桁区切りで出すだけで再計算しない。	sheet-8_img1/img2（入荷待ち商品一覧のPC・SP画面）とimg3（マイページボタン）を確認。img4は配送先登録画面で本シートの内容と無関係。	high	
sheet-8-R064	MATCHED				"0件のとき	入荷待ち商品が無い旨を表示する"		src/Eccube/Resource/template/default/Mypage/notifylist.twig:28-32;src/Eccube/Resource/locale/messages.ja.yaml:955	登録が0件のとき「入荷待ち商品はありません。」を表示している。	notifylist.twig:29-31 が0件時のメッセージを出す。	sheet-8_img1/img2（入荷待ち商品一覧のPC・SP画面）とimg3（マイページボタン）を確認。img4は配送先登録画面で本シートの内容と無関係。	high	
sheet-8-R065	OUT_OF_SCOPE								現行仕様節の小見出し。要求ではない。	sheet-8_img1/img2（入荷待ち商品一覧のPC・SP画面）とimg3（マイページボタン）を確認。img4は配送先登録画面で本シートの内容と無関係。	high	
sheet-8-R066	OUT_OF_SCOPE								表のヘッダ行。要求ではない。	sheet-8_img1/img2（入荷待ち商品一覧のPC・SP画面）とimg3（マイページボタン）を確認。img4は配送先登録画面で本シートの内容と無関係。	high	
sheet-8-R067	DRIFT	P3	実装違い	ふるまい	"商品画像	商品の言語を指定して商品詳細を開く。高額商品コードを持つ規格では、あわせてその規格を指定する"	一覧の商品画像を押すと、入荷通知を登録した言語の商品詳細が開くこと。	src/Eccube/Resource/template/default/Mypage/notifylist.twig:50-56;src/Eccube/Resource/template/default/Mypage/notifylist.en.twig:50-56	商品画像は画像拡大用のボタンで、押しても商品詳細画面は開かない。	notifylist.twig:51-55 の商品画像は遷移先を持たないボタンである。	sheet-8_img1/img2（入荷待ち商品一覧のPC・SP画面）とimg3（マイページボタン）を確認。img4は配送先登録画面で本シートの内容と無関係。	med	notifylist.twig-image-not-linked-to-detail
sheet-8-R068	DRIFT	P3	実装違い	ふるまい	"商品画像	商品の言語を指定して商品詳細を開く。高額商品コードを持つ規格では、あわせてその規格を指定する
商品名	商品の言語を指定して商品詳細を開く"	商品名を押したとき、入荷通知を登録した言語が選ばれた状態の商品詳細が開くこと。	src/Eccube/Resource/template/default/Mypage/notifylist.twig:59;src/Eccube/Resource/template/default/Mypage/notifylist.en.twig:59;src/Eccube/Controller/Front/ProductController.php:525-534	商品名のリンクは商品を指定するだけで言語の指定を伴わないため、商品詳細は表示中サイトの既定言語で開く。	notifylist.twig:59 は商品IDだけで商品詳細を開く。ProductController.php:527-534 は言語の指定が無いとき日本語ページならJPを初期表示にする。同じマイページのお気に入り一覧（favorite.twig:148）は登録言語を指定して開いている。	sheet-8_img1/img2（入荷待ち商品一覧のPC・SP画面）とimg3（マイページボタン）を確認。img4は配送先登録画面で本シートの内容と無関係。	high	notifylist.twig-detail-link-missing-language
sheet-8-R069	MATCHED				"入力	会員のログイン状態。"		src/Eccube/Controller/Front/Mypage/NotifylistController.php:56-73;src/Eccube/DependencyInjection/EccubeExtension.php:88	ログイン会員の情報だけを入力として一覧を組み立てている。	NotifylistController.php:64-67 がログイン会員から一覧を組み立てる。	sheet-8_img1/img2（入荷待ち商品一覧のPC・SP画面）とimg3（マイページボタン）を確認。img4は配送先登録画面で本シートの内容と無関係。	high	
sheet-8-R070	MATCHED				"成功時出力	入荷待ち商品一覧の表示。"		src/Eccube/Controller/Front/Mypage/NotifylistController.php:56-73;src/Eccube/Resource/template/default/Mypage/notifylist.twig:20-140	入荷待ち商品一覧の画面を返している。	NotifylistController.php:57 が一覧の画面を返す。	sheet-8_img1/img2（入荷待ち商品一覧のPC・SP画面）とimg3（マイページボタン）を確認。img4は配送先登録画面で本シートの内容と無関係。	high	
sheet-8-R071	MATCHED				"失敗時出力	未ログインのときは会員ログイン画面への遷移。"		src/Eccube/DependencyInjection/EccubeExtension.php:85-88;app/config/eccube/packages/security.yaml:84-85	未ログインでマイページ配下を開くと会員ログイン画面へ送られる。	EccubeExtension.php:88 と security.yaml:84-85 の組み合わせで未ログイン時は会員ログインへ誘導される。	sheet-8_img1/img2（入荷待ち商品一覧のPC・SP画面）とimg3（マイページボタン）を確認。img4は配送先登録画面で本シートの内容と無関係。	high	
sheet-8-R072	MATCHED				"F06-08-MSG-001	画面上部	入荷待ち商品はありません。	入荷待ち商品一覧を開き、登録済みの商品がないとき	入荷待ち商品がない一覧画面に留まる"		src/Eccube/Resource/locale/messages.ja.yaml:955;src/Eccube/Resource/template/default/Mypage/notifylist.twig:28-32	登録が0件のとき、画面上部に「入荷待ち商品はありません。」を表示してその画面に留まる。	messages.ja.yaml:955 の文言を notifylist.twig:30 が0件時に表示する。	sheet-8_img1/img2（入荷待ち商品一覧のPC・SP画面）とimg3（マイページボタン）を確認。img4は配送先登録画面で本シートの内容と無関係。	high	
sheet-8-R073	MATCHED				"F06-08-MSG-001	画面上部（英語ページ）	No items waiting for restock.	入荷待ち商品一覧を開き、登録済みの商品がないとき	入荷待ち商品がない一覧画面に留まる"		src/Eccube/Resource/locale/messages.en.yaml:602;src/Eccube/Resource/template/default/Mypage/notifylist.en.twig:28-32	英語ページでは0件のとき「No items waiting for restock.」を表示する。	messages.en.yaml:602 の文言を notifylist.en.twig:30 が0件時に表示する。	sheet-8_img1/img2（入荷待ち商品一覧のPC・SP画面）とimg3（マイページボタン）を確認。img4は配送先登録画面で本シートの内容と無関係。	high	
sheet-9-R001	OUT_OF_SCOPE								カスタマイズ要件の前置き。個別の実装要求を述べていない。	sheet-9_img1（横並び4カラムの一覧）/ img3（縦1カラムの一覧）/ img2・img4（Saleラベル）を確認。img5・img6 は「配送先の新規登録・変更」の図で本シートの内容ではない。	high	
sheet-9-R002	MATCHED						src/Eccube/Resource/template/default/Block/js/favorite_js.twig:71-101;src/Eccube/Resource/template/default/Mypage/favorite.twig:225		src/Eccube/Resource/template/default/Mypage/favorite.twig:225 の削除ボタン押下を src/Eccube/Resource/template/default/Block/js/favorite_js.twig:71 が受け、src/Eccube/Resource/template/default/Block/js/favorite_js.twig:90-92 で該当カードを画面から取り除き件数表示を減らして通知を出す。ページの再読込は行われない。	sheet-9_img1（横並び4カラムの一覧）/ img3（縦1カラムの一覧）/ img2・img4（Saleラベル）を確認。img5・img6 は「配送先の新規登録・変更」の図で本シートの内容ではない。	high	
sheet-9-R003	OUT_OF_SCOPE								「カスタマイズ要件に記載の内容以外は現行踏襲とする」という方針記述で、個別の実装要求ではない。	sheet-9_img1（横並び4カラムの一覧）/ img3（縦1カラムの一覧）/ img2・img4（Saleラベル）を確認。img5・img6 は「配送先の新規登録・変更」の図で本シートの内容ではない。	high	
sheet-9-R004	MATCHED						src/Eccube/Controller/Front/ProductController.php:897-900;src/Eccube/Entity/DtbFavoriteProduct.php:28		src/Eccube/Entity/DtbFavoriteProduct.php:28 の上限100件を src/Eccube/Controller/Front/ProductController.php:897-900 が登録時に判定するため、一覧に並ぶお気に入りは最大100件になる。	sheet-9_img1（横並び4カラムの一覧）/ img3（縦1カラムの一覧）/ img2・img4（Saleラベル）を確認。img5・img6 は「配送先の新規登録・変更」の図で本シートの内容ではない。	high	
sheet-9-R005	MATCHED						src/Eccube/Controller/Front/ProductController.php:897-900;src/Eccube/Resource/locale/messages.ja.yaml:1189		src/Eccube/Controller/Front/ProductController.php:899 が上限に達している場合 src/Eccube/Resource/locale/messages.ja.yaml:1189「お気に入り登録は100件までです。」を返して画面に出す。	sheet-9_img1（横並び4カラムの一覧）/ img3（縦1カラムの一覧）/ img2・img4（Saleラベル）を確認。img5・img6 は「配送先の新規登録・変更」の図で本シートの内容ではない。	high	
sheet-9-R006	MATCHED						src/Eccube/Resource/template/default/Mypage/favorite.twig:44-58		src/Eccube/Resource/template/default/Mypage/favorite.twig:44-58 の見出し部には会員名の表示が無く、案内文と件数だけを出している。	img1・img3 には「山田 太郎 様」が描かれているが、これはカスタマイズ前の図。項目定義の識別ID:2 が「項目を除去」と定めており実装はそれに従う。	med	
sheet-9-R007	MATCHED						src/Eccube/Resource/template/default/Mypage/favorite.twig:69-84;src/Eccube/Resource/template/default/Block/js/favorite_js.twig:107-109;src/Eccube/Repository/DtbFavoriteProductRepository.php:110-114		src/Eccube/Resource/template/default/Mypage/favorite.twig:72-80 のチェックボックスを src/Eccube/Resource/template/default/Block/js/favorite_js.twig:107-109 が変更時に送信し、src/Eccube/Repository/DtbFavoriteProductRepository.php:110-114 がセール対象の商品だけに絞った一覧を返す。	sheet-9_img1（横並び4カラムの一覧）/ img3（縦1カラムの一覧）/ img2・img4（Saleラベル）を確認。img5・img6 は「配送先の新規登録・変更」の図で本シートの内容ではない。	high	
sheet-9-R008	MATCHED						src/Eccube/Resource/template/default/Mypage/favorite.twig:91-119;src/Eccube/Resource/template/default/Block/js/favorite_js.twig:111-116		src/Eccube/Resource/template/default/Mypage/favorite.twig:113 のリンクと src/Eccube/Resource/template/default/Block/js/favorite_js.twig:111-116 の選択で選んだ並び順のURLを読み込み、src/Eccube/Repository/DtbFavoriteProductRepository.php:116-133 がその並びで一覧を返す。	sheet-9_img1（横並び4カラムの一覧）/ img3（縦1カラムの一覧）/ img2・img4（Saleラベル）を確認。img5・img6 は「配送先の新規登録・変更」の図で本シートの内容ではない。	high	
sheet-9-R009	MATCHED						src/Eccube/Resource/template/default/Mypage/favorite.twig:225;src/Eccube/Resource/template/default/Block/js/favorite_js.twig:84-92		src/Eccube/Resource/template/default/Block/js/favorite_js.twig:88-92 が解除を送ったうえで該当カードを画面から取り除き、件数表示も減らす。再読込はしない。	sheet-9_img1（横並び4カラムの一覧）/ img3（縦1カラムの一覧）/ img2・img4（Saleラベル）を確認。img5・img6 は「配送先の新規登録・変更」の図で本シートの内容ではない。	high	
sheet-9-R010	MATCHED						src/Eccube/Resource/template/default/Mypage/favorite.twig:158-206;src/Eccube/Controller/Front/ProductController.php:1718		src/Eccube/Resource/template/default/Mypage/favorite.twig:202 の「カートに追加」が src/Eccube/Resource/template/default/Mypage/favorite.twig:158 のフォームを送り、src/Eccube/Resource/template/default/Mypage/favorite.twig:186-195 で選んだ数量分を src/Eccube/Controller/Front/ProductController.php:1718 の受け口がカートへ入れる。	sheet-9_img1（横並び4カラムの一覧）/ img3（縦1カラムの一覧）/ img2・img4（Saleラベル）を確認。img5・img6 は「配送先の新規登録・変更」の図で本シートの内容ではない。	high	
sheet-9-R011	OUT_OF_SCOPE								項目定義表のヘッダ行。	sheet-9_img1（横並び4カラムの一覧）/ img3（縦1カラムの一覧）/ img2・img4（Saleラベル）を確認。img5・img6 は「配送先の新規登録・変更」の図で本シートの内容ではない。	high	
sheet-9-R012	MATCHED						src/Eccube/Resource/template/default/Mypage/favorite.twig:46;src/Eccube/Resource/template/default/breadcrumb_nav.twig:140-142		src/Eccube/Resource/template/default/Mypage/favorite.twig:46 でパンくずを出し、src/Eccube/Resource/template/default/breadcrumb_nav.twig:140-142 がこの画面用の階層（ホーム＞マイページ＞お気に入り商品一覧）を組み立てている。	sheet-9_img1（横並び4カラムの一覧）/ img3（縦1カラムの一覧）/ img2・img4（Saleラベル）を確認。img5・img6 は「配送先の新規登録・変更」の図で本シートの内容ではない。	high	
sheet-9-R013	MATCHED						src/Eccube/Resource/template/default/breadcrumb_nav.twig:25-32;src/Eccube/Resource/template/default/breadcrumb_nav.twig:142		src/Eccube/Resource/template/default/breadcrumb_nav.twig:142 は現在ページを src/Eccube/Resource/template/default/breadcrumb_nav.twig:25-32 の見出し要素として出しており、リンクにしていないため押下できない。	sheet-9_img1（横並び4カラムの一覧）/ img3（縦1カラムの一覧）/ img2・img4（Saleラベル）を確認。img5・img6 は「配送先の新規登録・変更」の図で本シートの内容ではない。	high	
sheet-9-R014	MATCHED						src/Eccube/Resource/template/default/breadcrumb_nav.twig:52;src/Eccube/Resource/template/default/breadcrumb_nav.twig:60		src/Eccube/Resource/template/default/breadcrumb_nav.twig:52 でホームアイコンの遷移先を本店ECトップに決め、src/Eccube/Resource/template/default/breadcrumb_nav.twig:60 で先頭に置いている。	sheet-9_img1（横並び4カラムの一覧）/ img3（縦1カラムの一覧）/ img2・img4（Saleラベル）を確認。img5・img6 は「配送先の新規登録・変更」の図で本シートの内容ではない。	high	
sheet-9-R015	MATCHED						src/Eccube/Resource/template/default/Mypage/favorite.twig:44-58		src/Eccube/Resource/template/default/Mypage/favorite.twig:44-58 に会員名を出す記述が無く、項目は除去されている。	sheet-9_img1（横並び4カラムの一覧）/ img3（縦1カラムの一覧）/ img2・img4（Saleラベル）を確認。img5・img6 は「配送先の新規登録・変更」の図で本シートの内容ではない。	med	
sheet-9-R016	MATCHED						src/Eccube/Resource/template/default/Mypage/favorite.twig:85-90;src/Eccube/Resource/locale/messages.ja.yaml:703-704		src/Eccube/Resource/template/default/Mypage/favorite.twig:88 が src/Eccube/Resource/locale/messages.ja.yaml:703-704 を使ってお気に入り登録件数を「商品数: N点」と出す。img1・img3 の「商品数: 50点」と一致する。	sheet-9_img1（横並び4カラムの一覧）/ img3（縦1カラムの一覧）/ img2・img4（Saleラベル）を確認。img5・img6 は「配送先の新規登録・変更」の図で本シートの内容ではない。	high	
sheet-9-R017	MATCHED						src/Eccube/Resource/template/default/Mypage/favorite.twig:72-80;src/Eccube/Resource/template/default/Block/js/favorite_js.twig:107-109		src/Eccube/Resource/template/default/Mypage/favorite.twig:72-80 のチェックボックスを src/Eccube/Resource/template/default/Block/js/favorite_js.twig:107-109 が変更時に送信し、セール商品だけの一覧を読み込む。	sheet-9_img1（横並び4カラムの一覧）/ img3（縦1カラムの一覧）/ img2・img4（Saleラベル）を確認。img5・img6 は「配送先の新規登録・変更」の図で本シートの内容ではない。	high	
sheet-9-R018	MATCHED						src/Eccube/Form/Type/SearchFavoriteType.php:56-63		src/Eccube/Form/Type/SearchFavoriteType.php:59-62 が並び順の選択肢を色順・価格（高い順）・価格（低い順）の3つに限っている（識別子2は app/DoctrineMigrations/Version20260216090000.php:36 で名称が「色順」に変更済み）。	sheet-9_img1（横並び4カラムの一覧）/ img3（縦1カラムの一覧）/ img2・img4（Saleラベル）を確認。img5・img6 は「配送先の新規登録・変更」の図で本シートの内容ではない。	high	
sheet-9-R019	MATCHED						src/Eccube/Resource/template/default/Mypage/favorite.twig:108-118;src/Eccube/Resource/template/default/Block/js/favorite_js.twig:111-116		src/Eccube/Resource/template/default/Mypage/favorite.twig:113 のリンクおよび src/Eccube/Resource/template/default/Block/js/favorite_js.twig:111-116 の選択で、選んだ並び順のURLを読み込んで一覧を出し直す。	sheet-9_img1（横並び4カラムの一覧）/ img3（縦1カラムの一覧）/ img2・img4（Saleラベル）を確認。img5・img6 は「配送先の新規登録・変更」の図で本シートの内容ではない。	high	
sheet-9-R020	MATCHED						src/Eccube/Resource/template/default/Mypage/favorite.twig:109-117		src/Eccube/Resource/template/default/Mypage/favorite.twig:110-111 は表示中の並び順だけをリンクにせず出し、html/template/default/assets/hareruya/css/hareruya-common.css の .is-active 指定で太字にしている。	sheet-9_img1（横並び4カラムの一覧）/ img3（縦1カラムの一覧）/ img2・img4（Saleラベル）を確認。img5・img6 は「配送先の新規登録・変更」の図で本シートの内容ではない。	med	
sheet-9-R021	DRIFT	P3	実装違い	ふるまい	・押下すると、商品詳細画面へ遷移する	一覧の商品画像を押すと、その商品の商品詳細画面へ移動する。	src/Eccube/Resource/template/default/Mypage/favorite.twig:133-145	src/Eccube/Resource/template/default/Mypage/favorite.twig:134-144 の商品画像は押しても画像を拡大するだけで、商品詳細画面へは移動しない。商品詳細へ移動できるのは商品名（src/Eccube/Resource/template/default/Mypage/favorite.twig:148）だけである。	項目定義は識別ID:6 商品画像の押下先を商品詳細画面と定めているが、実装では画像の押下は拡大表示に割り当てられている。画像用の説明文言 messages.ja.yaml:712「商品詳細へ」が定義されたまま使われていないことからも、遷移先が実装されていないことが確認できる。	img1・img3 の商品画像には拡大アイコンが描かれている。拡大の操作は図にあるが、画像から商品詳細へ移動する導線の有無は図からは読み取れない。	med	favorite.twig-image-not-linked-to-detail
sheet-9-R022	MATCHED						src/Eccube/Resource/template/default/Mypage/favorite.twig:136-138		src/Eccube/Resource/template/default/Mypage/favorite.twig:130 でセール対象の規格があるかを見て、src/Eccube/Resource/template/default/Mypage/favorite.twig:137 でセールのラベルを商品画像の上に出す。	img2・img4 の Sale ラベルに相当する。	high	
sheet-9-R023	MATCHED						src/Eccube/Resource/template/default/Mypage/favorite.twig:148		src/Eccube/Resource/template/default/Mypage/favorite.twig:148 で商品名が商品詳細画面へのリンクになっている。	sheet-9_img1（横並び4カラムの一覧）/ img3（縦1カラムの一覧）/ img2・img4（Saleラベル）を確認。img5・img6 は「配送先の新規登録・変更」の図で本シートの内容ではない。	high	
sheet-9-R024	MATCHED						src/Eccube/Resource/template/default/Mypage/favorite.twig:149-155		src/Eccube/Resource/template/default/Mypage/favorite.twig:153 がカード商品でFoil指定のときだけ【Foil】を商品名の前に付ける。	sheet-9_img1（横並び4カラムの一覧）/ img3（縦1カラムの一覧）/ img2・img4（Saleラベル）を確認。img5・img6 は「配送先の新規登録・変更」の図で本シートの内容ではない。	high	
sheet-9-R025	MATCHED						src/Eccube/Resource/template/default/Mypage/favorite.twig:152-155		src/Eccube/Resource/template/default/Mypage/favorite.twig:153-154 が【Foil】に続けて商品名を出す並びになっている。	sheet-9_img1（横並び4カラムの一覧）/ img3（縦1カラムの一覧）/ img2・img4（Saleラベル）を確認。img5・img6 は「配送先の新規登録・変更」の図で本シートの内容ではない。	high	
sheet-9-R026	OUT_OF_SCOPE								【Foil】付き商品名の表記例を挙げた行で、独立した実装要求ではない（R024・R025 で判定済み）。	sheet-9_img1（横並び4カラムの一覧）/ img3（縦1カラムの一覧）/ img2・img4（Saleラベル）を確認。img5・img6 は「配送先の新規登録・変更」の図で本シートの内容ではない。	high	
sheet-9-R027	MATCHED						src/Eccube/Resource/template/default/Mypage/favorite.twig:169-171		src/Eccube/Resource/template/default/Mypage/favorite.twig:170 がカード商品の状態（カード状態コード）を明細ごとに出す。img1・img3 の NM/SP/MP/HP に相当する。	sheet-9_img1（横並び4カラムの一覧）/ img3（縦1カラムの一覧）/ img2・img4（Saleラベル）を確認。img5・img6 は「配送先の新規登録・変更」の図で本シートの内容ではない。	high	
sheet-9-R028	MATCHED						src/Eccube/Resource/template/default/Mypage/favorite.twig:180-184		src/Eccube/Resource/template/default/Mypage/favorite.twig:183 が明細ごとの販売価格を出す。	sheet-9_img1（横並び4カラムの一覧）/ img3（縦1カラムの一覧）/ img2・img4（Saleラベル）を確認。img5・img6 は「配送先の新規登録・変更」の図で本シートの内容ではない。	high	
sheet-9-R029	MATCHED						src/Eccube/Resource/template/default/Mypage/favorite.twig:172-178		src/Eccube/Resource/template/default/Mypage/favorite.twig:176 が明細ごとの在庫数を「在庫 N」の形で出す。	sheet-9_img1（横並び4カラムの一覧）/ img3（縦1カラムの一覧）/ img2・img4（Saleラベル）を確認。img5・img6 は「配送先の新規登録・変更」の図で本シートの内容ではない。	high	
sheet-9-R030	MATCHED						src/Eccube/Resource/template/default/Mypage/favorite.twig:186-195;src/Eccube/Form/Type/Front/FavoriteCartType.php:87-89		src/Eccube/Resource/template/default/Mypage/favorite.twig:186 が在庫数を数量の上限として持ち、src/Eccube/Resource/template/default/Block/js/favorite_js.twig:118-130 がその上限を超えて増やせないようにする。src/Eccube/Form/Type/Front/FavoriteCartType.php:87-89 と src/Eccube/Form/Type/Front/FavoriteCartType.php:99-104 が送信時にも在庫数を超えないことを確かめる。	img1・img3 の数量は「− 1 ＋」の増減操作で描かれており、実装の形と一致する。	med	
sheet-9-R031	MATCHED						src/Eccube/Resource/template/default/Mypage/favorite.twig:165-195		src/Eccube/Resource/template/default/Mypage/favorite.twig:165 で在庫が無い明細を判定し、src/Eccube/Resource/template/default/Mypage/favorite.twig:187 と src/Eccube/Resource/template/default/Mypage/favorite.twig:192 で数量の増減を操作できないようにしている。	img1・img3 の在庫0の明細は淡色の「− 0 ＋」で描かれており、行ごと消しているわけではない。実装の淡色・操作不可と一致する。	med	
sheet-9-R032	MATCHED						src/Eccube/Resource/template/default/Mypage/favorite.twig:199-206		src/Eccube/Resource/template/default/Mypage/favorite.twig:202 の「カートに追加」が src/Eccube/Resource/template/default/Mypage/favorite.twig:158 のフォームを送り、明細ごとに選んだ数量分をカートへ入れる。	sheet-9_img1（横並び4カラムの一覧）/ img3（縦1カラムの一覧）/ img2・img4（Saleラベル）を確認。img5・img6 は「配送先の新規登録・変更」の図で本シートの内容ではない。	high	
sheet-9-R033	MATCHED						src/Eccube/Resource/template/default/Mypage/favorite.twig:199-211		src/Eccube/Resource/template/default/Mypage/favorite.twig:200 で在庫のある規格が1つも無い商品を判定し、その場合は「カートに追加」を出さず src/Eccube/Resource/template/default/Mypage/favorite.twig:209 の売り切れ表示に差し替える。	sheet-9_img1（横並び4カラムの一覧）/ img3（縦1カラムの一覧）/ img2・img4（Saleラベル）を確認。img5・img6 は「配送先の新規登録・変更」の図で本シートの内容ではない。	high	
sheet-9-R034	MATCHED						src/Eccube/Resource/template/default/Mypage/favorite.twig:216-222		src/Eccube/Resource/template/default/Mypage/favorite.twig:217 の「同名商品検索」が同じカードIDで絞り込んだ商品一覧画面へ移動する。	sheet-9_img1（横並び4カラムの一覧）/ img3（縦1カラムの一覧）/ img2・img4（Saleラベル）を確認。img5・img6 は「配送先の新規登録・変更」の図で本シートの内容ではない。	high	
sheet-9-R035	MATCHED						src/Eccube/Resource/template/default/Mypage/favorite.twig:215-223		src/Eccube/Resource/template/default/Mypage/favorite.twig:215 でカード商品のときだけ「同名商品検索」を出している。	sheet-9_img1（横並び4カラムの一覧）/ img3（縦1カラムの一覧）/ img2・img4（Saleラベル）を確認。img5・img6 は「配送先の新規登録・変更」の図で本シートの内容ではない。	high	
sheet-9-R036	MATCHED						src/Eccube/Resource/template/default/Mypage/favorite.twig:224-229;src/Eccube/Resource/template/default/Block/js/favorite_js.twig:84-92		src/Eccube/Resource/template/default/Mypage/favorite.twig:225 の削除ボタンを src/Eccube/Resource/template/default/Block/js/favorite_js.twig:71-101 が受け、src/Eccube/Resource/template/default/Block/js/favorite_js.twig:90-92 で再読込せずに画面から取り除く。	sheet-9_img1（横並び4カラムの一覧）/ img3（縦1カラムの一覧）/ img2・img4（Saleラベル）を確認。img5・img6 は「配送先の新規登録・変更」の図で本シートの内容ではない。	high	
sheet-9-R037	MATCHED						src/Eccube/Resource/template/default/Block/js/favorite_js.twig:84-92		src/Eccube/Resource/template/default/Block/js/favorite_js.twig:88 でお気に入りの解除を送り、成功したら src/Eccube/Resource/template/default/Block/js/favorite_js.twig:90 で該当カードを画面から取り除き、src/Eccube/Resource/template/default/Block/js/favorite_js.twig:91 で件数を1つ減らす。	sheet-9_img1（横並び4カラムの一覧）/ img3（縦1カラムの一覧）/ img2・img4（Saleラベル）を確認。img5・img6 は「配送先の新規登録・変更」の図で本シートの内容ではない。	high	
sheet-9-R038	MATCHED						src/Eccube/Resource/template/default/Mypage/favorite.twig:253-257		src/Eccube/Resource/template/default/Mypage/favorite.twig:254 の「マイページへ戻る」がマイページへ移動する。	sheet-9_img1（横並び4カラムの一覧）/ img3（縦1カラムの一覧）/ img2・img4（Saleラベル）を確認。img5・img6 は「配送先の新規登録・変更」の図で本シートの内容ではない。	high	
sheet-9-R039	OUT_OF_SCOPE								現行仕様節の見出し行。	sheet-9_img1（横並び4カラムの一覧）/ img3（縦1カラムの一覧）/ img2・img4（Saleラベル）を確認。img5・img6 は「配送先の新規登録・変更」の図で本シートの内容ではない。	high	
sheet-9-R040	OUT_OF_SCOPE								現行仕様節が刷新後は実装不要であることを宣言する前置き。	sheet-9_img1（横並び4カラムの一覧）/ img3（縦1カラムの一覧）/ img2・img4（Saleラベル）を確認。img5・img6 は「配送先の新規登録・変更」の図で本シートの内容ではない。	high	
sheet-9-R041	MATCHED						src/Eccube/Resource/template/default/Mypage/favorite.twig:44-58		src/Eccube/Resource/template/default/Mypage/favorite.twig:44-58 に会員名を出す記述が無く、廃止のとおり実装されていない。	sheet-9_img1（横並び4カラムの一覧）/ img3（縦1カラムの一覧）/ img2・img4（Saleラベル）を確認。img5・img6 は「配送先の新規登録・変更」の図で本シートの内容ではない。	med	
sheet-9-R042	OUT_OF_SCOPE								刷新後は実装しない（廃止）と正本が宣言している行。	sheet-9_img1（横並び4カラムの一覧）/ img3（縦1カラムの一覧）/ img2・img4（Saleラベル）を確認。img5・img6 は「配送先の新規登録・変更」の図で本シートの内容ではない。	high	
sheet-9-R043	OUT_OF_SCOPE								Excel基本設計により廃止と正本が宣言している行。	sheet-9_img1（横並び4カラムの一覧）/ img3（縦1カラムの一覧）/ img2・img4（Saleラベル）を確認。img5・img6 は「配送先の新規登録・変更」の図で本シートの内容ではない。	high	
sheet-9-R044	OUT_OF_SCOPE								現行仕様節の小見出し。	sheet-9_img1（横並び4カラムの一覧）/ img3（縦1カラムの一覧）/ img2・img4（Saleラベル）を確認。img5・img6 は「配送先の新規登録・変更」の図で本シートの内容ではない。	high	
sheet-9-R045	DRIFT	P2	実装違い	IO	表示するのは、ログイン会員がお気に入りに登録した商品のうち公開中のものに限る。高額商品コードを持つ商品は、在庫があるものだけを表示する。同一商品でも言語が異なれば別の行として並べる。	高額商品コードが付いた商品は、在庫があるものだけを一覧に出す。在庫が無いものは一覧に出さない。	src/Eccube/Repository/DtbFavoriteProductRepository.php:97-138	src/Eccube/Repository/DtbFavoriteProductRepository.php:99-108 の絞り込みは公開中かどうかと言語だけで、高額商品コードの有無や在庫数を見ていない。高額商品コードを持つ在庫0の商品もそのまま一覧に並ぶ。	公開中限定と言語別の行分けは実装されているが、高額商品コードを持つ商品を在庫のあるものだけに限る条件が無い。	図では一覧に並ぶ商品の高額商品コードの有無が判別できないため、図からは否定できない。	med	DtbFavoriteProductRepository-no-highprice-stock-filter
sheet-9-R046	OUT_OF_SCOPE								現行仕様節の小見出し。	sheet-9_img1（横並び4カラムの一覧）/ img3（縦1カラムの一覧）/ img2・img4（Saleラベル）を確認。img5・img6 は「配送先の新規登録・変更」の図で本シートの内容ではない。	high	
sheet-9-R047	DRIFT	P2	実装違い	IO	明細に出すのは、状態がニアミント、または販売価格が状態表示の下限価格（現行設定は100円）以上のものに限る。高額商品コードを持つ明細は、状態に続けて高額商品コードを併記する。	状態ごとの明細に出すのは、ニアミントの明細と、販売価格が状態表示の下限価格以上の明細だけにする。高額商品コードを持つ明細は状態に続けて高額商品コードも並べて出す。	src/Eccube/Resource/template/default/Mypage/favorite.twig:161-197	src/Eccube/Resource/template/default/Mypage/favorite.twig:162 は表示可で言語が一致する規格をすべて明細として出しており、ニアミントかどうかも下限価格も見ていない。src/Eccube/Resource/template/default/Mypage/favorite.twig:170 が状態欄に出すのは規格のメモまたはカード状態コードだけで、高額商品コードは併記されない。	明細の絞り込み条件と高額商品コードの併記のどちらも実装が持っていない。	img1 は NM/SP/MP/HP の4明細を並べるが、いずれも下限価格を上回る価格で描かれており、下限価格未満の明細を出すかどうかは図からは読み取れない。高額商品コードを持つ明細も図には現れない。	med	favorite.twig-no-condition-detail-filter
sheet-9-R048	OUT_OF_SCOPE								現行仕様節の小見出し。	sheet-9_img1（横並び4カラムの一覧）/ img3（縦1カラムの一覧）/ img2・img4（Saleラベル）を確認。img5・img6 は「配送先の新規登録・変更」の図で本シートの内容ではない。	high	
sheet-9-R049	DRIFT	P3	実装違い	ふるまい	販売制限数が在庫数を下回る商品では、商品数の選択肢は販売制限数までとする。	販売制限数が在庫数より少ない商品では、カートに入れられる数量の上限を販売制限数までにする。	src/Eccube/Form/Type/Front/FavoriteCartType.php:87-89;src/Eccube/Resource/template/default/Mypage/favorite.twig:186	src/Eccube/Form/Type/Front/FavoriteCartType.php:87-89 が数量の上限に使うのは在庫数だけで、販売制限数を見ていない。src/Eccube/Resource/template/default/Mypage/favorite.twig:186 の増減操作の上限も在庫数のままである（カート画面 src/Eccube/Resource/template/default/Cart/index.twig:237-242 では販売制限数を上限にしている）。	販売制限数が在庫数を下回る商品でも、在庫数まで数量を選べてしまう。	図では販売制限数の設定された商品が判別できないため、図からは否定できない。	med	FavoriteCartType-qty-max-ignores-sale-limit
sheet-9-R050	OUT_OF_SCOPE								現行仕様節の小見出し。	sheet-9_img1（横並び4カラムの一覧）/ img3（縦1カラムの一覧）/ img2・img4（Saleラベル）を確認。img5・img6 は「配送先の新規登録・変更」の図で本シートの内容ではない。	high	
sheet-9-R051	MATCHED						src/Eccube/Resource/template/default/Mypage/favorite.twig:61-118		src/Eccube/Resource/template/default/Mypage/favorite.twig:99 と src/Eccube/Resource/template/default/Mypage/favorite.twig:113 の並び替えは現在の絞り込みを保ち、src/Eccube/Resource/template/default/Mypage/favorite.twig:81-83 の絞り込み送信は現在の並び順を保つ。どちらも画面のアドレスに残るため、再読込しても同じ絞り込み・並びになる。	sheet-9_img1（横並び4カラムの一覧）/ img3（縦1カラムの一覧）/ img2・img4（Saleラベル）を確認。img5・img6 は「配送先の新規登録・変更」の図で本シートの内容ではない。	high	
sheet-9-R052	OUT_OF_SCOPE								現行仕様節の小見出し。	sheet-9_img1（横並び4カラムの一覧）/ img3（縦1カラムの一覧）/ img2・img4（Saleラベル）を確認。img5・img6 は「配送先の新規登録・変更」の図で本シートの内容ではない。	high	
sheet-9-R053	DRIFT	P3	実装違い	ふるまい	価格順の並び替えは、同一商品の状態ごとの販売価格のうち最も高い価格を基準にする。	価格の高い順・低い順のどちらでも、同一商品の状態ごとの販売価格のうち最も高い価格を並べ替えの基準にする。	src/Eccube/Repository/DtbFavoriteProductRepository.php:118-129	src/Eccube/Repository/DtbFavoriteProductRepository.php:124-129 の高い順は最高価格を基準にしているが、src/Eccube/Repository/DtbFavoriteProductRepository.php:118-123 の低い順は同一商品の最安価格を基準にしている。	価格の低い順のとき、設計が定める基準（最も高い価格）と実装の基準（最も安い価格）が違うため、商品の並びが変わる。	図は色順の表示だけで価格順の並びを描いていない。	med	DtbFavoriteProductRepository-price-asc-uses-min
sheet-9-R054	OUT_OF_SCOPE								現行仕様節の小見出し。	sheet-9_img1（横並び4カラムの一覧）/ img3（縦1カラムの一覧）/ img2・img4（Saleラベル）を確認。img5・img6 は「配送先の新規登録・変更」の図で本シートの内容ではない。	high	
sheet-9-R055	OUT_OF_SCOPE								一覧の見出し文言について、現行仕様は「お気に入り登録商品一覧」とするが、リニューアル後のレイアウト図（img1・img3）と項目定義はどちらも「お気に入り商品一覧」であり、後者が優先される。	sheet-9_img1（横並び4カラムの一覧）/ img3（縦1カラムの一覧）/ img2・img4（Saleラベル）を確認。img5・img6 は「配送先の新規登録・変更」の図で本シートの内容ではない。	high	
sheet-9-R056	OUT_OF_SCOPE								現行仕様節の小見出し。	sheet-9_img1（横並び4カラムの一覧）/ img3（縦1カラムの一覧）/ img2・img4（Saleラベル）を確認。img5・img6 は「配送先の新規登録・変更」の図で本シートの内容ではない。	high	
sheet-9-R057	OUT_OF_SCOPE								表のヘッダ行。	sheet-9_img1（横並び4カラムの一覧）/ img3（縦1カラムの一覧）/ img2・img4（Saleラベル）を確認。img5・img6 は「配送先の新規登録・変更」の図で本シートの内容ではない。	high	
sheet-9-R058	MATCHED						src/Eccube/DependencyInjection/EccubeExtension.php:88;src/Eccube/Controller/Front/Mypage/MypageController.php:140-142		src/Eccube/DependencyInjection/EccubeExtension.php:88 がマイページ配下を会員としてログインしている利用者に限っており、未ログインで開くと会員ログイン画面へ誘導される。	sheet-9_img1（横並び4カラムの一覧）/ img3（縦1カラムの一覧）/ img2・img4（Saleラベル）を確認。img5・img6 は「配送先の新規登録・変更」の図で本シートの内容ではない。	high	
sheet-9-R059	DESIGN_ISSUE				お気に入り登録した商品がセール対象になった際、ご登録されているメールアドレスにお知らせをお送りいたします。				一覧上部の案内について正本の記述が割れている。表示メッセージ表と縦1カラムのレイアウト図（img3）は「セール対象になった際」と書くのに対し、横並びのレイアウト図（img1）は「下記の商品が入荷した際」と書いている。実装は入荷側の文言を出す（src/Eccube/Resource/template/default/Mypage/favorite.twig:51 と src/Eccube/Resource/locale/messages.ja.yaml:701）。どちらを正とするかは設計裁定が要る。	sheet-9_img1（横並び4カラムの一覧）/ img3（縦1カラムの一覧）/ img2・img4（Saleラベル）を確認。img5・img6 は「配送先の新規登録・変更」の図で本シートの内容ではない。	med	
sheet-9-R060	DESIGN_ISSUE				You will receive a notification to your registered e-mail address when your bookmarked items become on sale.				R059 と同じ正本内部の食い違いの英語側。実装は src/Eccube/Resource/locale/messages.en.yaml:624 で入荷（back in stock）側の文言を出す。日本語側の裁定に合わせて決まる。	sheet-9_img1（横並び4カラムの一覧）/ img3（縦1カラムの一覧）/ img2・img4（Saleラベル）を確認。img5・img6 は「配送先の新規登録・変更」の図で本シートの内容ではない。	med	
sheet-9-R061	MATCHED						src/Eccube/Resource/template/default/Mypage/favorite.twig:86-90;src/Eccube/Resource/locale/messages.ja.yaml:703-704		src/Eccube/Resource/template/default/Mypage/favorite.twig:88 が src/Eccube/Resource/locale/messages.ja.yaml:703「商品数:」と src/Eccube/Resource/locale/messages.ja.yaml:704「%count%点」で件数を出す。	sheet-9_img1（横並び4カラムの一覧）/ img3（縦1カラムの一覧）/ img2・img4（Saleラベル）を確認。img5・img6 は「配送先の新規登録・変更」の図で本シートの内容ではない。	high	
sheet-9-R062	MATCHED						src/Eccube/Resource/template/default/Mypage/favorite.twig:86-90;src/Eccube/Resource/locale/messages.en.yaml:626-627		src/Eccube/Resource/template/default/Mypage/favorite.twig:88 が英語表示では src/Eccube/Resource/locale/messages.en.yaml:626「Items:」と src/Eccube/Resource/locale/messages.en.yaml:627「%count%」で件数を出す。	sheet-9_img1（横並び4カラムの一覧）/ img3（縦1カラムの一覧）/ img2・img4（Saleラベル）を確認。img5・img6 は「配送先の新規登録・変更」の図で本シートの内容ではない。	high	
sheet-9-R063	MATCHED						src/Eccube/Resource/template/default/Mypage/favorite.twig:53-57;src/Eccube/Resource/locale/messages.ja.yaml:699		src/Eccube/Resource/template/default/Mypage/favorite.twig:55 がお気に入り0件のとき src/Eccube/Resource/locale/messages.ja.yaml:699「お気に入りは登録されていません。」を画面上部の案内枠に出す。	sheet-9_img1（横並び4カラムの一覧）/ img3（縦1カラムの一覧）/ img2・img4（Saleラベル）を確認。img5・img6 は「配送先の新規登録・変更」の図で本シートの内容ではない。	high	
sheet-9-R064	MATCHED						src/Eccube/Resource/template/default/Mypage/favorite.twig:53-57;src/Eccube/Resource/locale/messages.en.yaml:600		src/Eccube/Resource/template/default/Mypage/favorite.twig:55 が英語表示では src/Eccube/Resource/locale/messages.en.yaml:600「No item found in Favorites.」を出す。	sheet-9_img1（横並び4カラムの一覧）/ img3（縦1カラムの一覧）/ img2・img4（Saleラベル）を確認。img5・img6 は「配送先の新規登録・変更」の図で本シートの内容ではない。	high	
sheet-9-R065	MATCHED						src/Eccube/Resource/template/default/Mypage/favorite.twig:236-249;src/Eccube/Resource/locale/messages.ja.yaml:1118		src/Eccube/Resource/template/default/Mypage/favorite.twig:240 が src/Eccube/Resource/locale/messages.ja.yaml:1118「カートに追加しました。」を持ち、src/Eccube/Resource/template/default/Mypage/favorite.twig:244 でカートへ移動できるようにしている。カート追加成功時は src/Eccube/Resource/template/default/Block/js/favorite_js.twig:252-258 の通知にも同じ趣旨の文言とカートへの導線が出る。	sheet-9_img1（横並び4カラムの一覧）/ img3（縦1カラムの一覧）/ img2・img4（Saleラベル）を確認。img5・img6 は「配送先の新規登録・変更」の図で本シートの内容ではない。	med	
sheet-9-R066	MATCHED						src/Eccube/Resource/template/default/Mypage/favorite.twig:236-249;src/Eccube/Resource/locale/messages.en.yaml:945		src/Eccube/Resource/template/default/Mypage/favorite.twig:240 が英語表示では src/Eccube/Resource/locale/messages.en.yaml:945「The item has been added to the cart.」を出し、src/Eccube/Resource/template/default/Mypage/favorite.twig:244 でカートへ移動できる。	sheet-9_img1（横並び4カラムの一覧）/ img3（縦1カラムの一覧）/ img2・img4（Saleラベル）を確認。img5・img6 は「配送先の新規登録・変更」の図で本シートの内容ではない。	med	
sheet-10-R001	OUT_OF_SCOPE								カスタマイズ要件の前置き（現行機能をベースにする旨の方針）。実装対象の挙動を述べていない。	sheet-10_img1（ポイント履歴一覧の全体図。上下に「最初 1 2 3 最後」のページャ、「[11 ~ 20 件] 23 件あります」の件数表示、注文番号リンク、内容列、マイページボタンを確認）、img2（内容欄「キャンペーン」の断片）、img3（利用時の注文番号とマイナス表示の断片）を確認。図の日付は「2025年08月18日」表記だが、項目表の書式指定は日本語 Y/n/j であり項目表を正とした。	high	
sheet-10-R002	MATCHED						src/Eccube/Resource/locale/messages.ja.yaml:835;src/Eccube/Resource/template/default/Mypage/point_history.twig:86;src/Eccube/Resource/template/default/Mypage/point_history.twig:125	一覧の見出しと各行の項目名が翻訳キー front.mypage.point_history.col.note で出力され、日本語の文言は「内容」である。	src/Eccube/Resource/locale/messages.ja.yaml:835 が 'front.mypage.point_history.col.note: 内容'。src/Eccube/Resource/template/default/Mypage/point_history.twig:86 の列見出しと 125 行の行内ラベルがいずれもこのキーを使うため、画面には「備考」ではなく「内容」が出る。	sheet-10_img1（ポイント履歴一覧の全体図。上下に「最初 1 2 3 最後」のページャ、「[11 ~ 20 件] 23 件あります」の件数表示、注文番号リンク、内容列、マイページボタンを確認）、img2（内容欄「キャンペーン」の断片）、img3（利用時の注文番号とマイナス表示の断片）を確認。図の日付は「2025年08月18日」表記だが、項目表の書式指定は日本語 Y/n/j であり項目表を正とした。	high	
sheet-10-R003	OUT_OF_SCOPE								カスタマイズ要件の小見出し。具体的な挙動は同ブロックの R004 に書かれている。	sheet-10_img1（ポイント履歴一覧の全体図。上下に「最初 1 2 3 最後」のページャ、「[11 ~ 20 件] 23 件あります」の件数表示、注文番号リンク、内容列、マイページボタンを確認）、img2（内容欄「キャンペーン」の断片）、img3（利用時の注文番号とマイナス表示の断片）を確認。図の日付は「2025年08月18日」表記だが、項目表の書式指定は日本語 Y/n/j であり項目表を正とした。	high	
sheet-10-R004	MATCHED						src/Eccube/Resource/template/default/Mypage/point_history.twig:101-108;src/Eccube/Resource/template/default/Mypage/point_history.en.twig:101-108	注文番号欄は、スマレジ取引の紐付けがある履歴ではレシート番号を、それ以外では注文番号を表示する。	src/Eccube/Resource/template/default/Mypage/point_history.twig:103-107 が transactionId の有無で分岐し、有りのとき Order.smaregi_receipt_no、無しのとき Order.order_number を出力する。	sheet-10_img1（ポイント履歴一覧の全体図。上下に「最初 1 2 3 最後」のページャ、「[11 ~ 20 件] 23 件あります」の件数表示、注文番号リンク、内容列、マイページボタンを確認）、img2（内容欄「キャンペーン」の断片）、img3（利用時の注文番号とマイナス表示の断片）を確認。図の日付は「2025年08月18日」表記だが、項目表の書式指定は日本語 Y/n/j であり項目表を正とした。	high	
sheet-10-R005	OUT_OF_SCOPE								「カスタマイズ要件に記載の内容以外は現行踏襲とする」という適用方針の記述で、個々の挙動を定めていない。	sheet-10_img1（ポイント履歴一覧の全体図。上下に「最初 1 2 3 最後」のページャ、「[11 ~ 20 件] 23 件あります」の件数表示、注文番号リンク、内容列、マイページボタンを確認）、img2（内容欄「キャンペーン」の断片）、img3（利用時の注文番号とマイナス表示の断片）を確認。図の日付は「2025年08月18日」表記だが、項目表の書式指定は日本語 Y/n/j であり項目表を正とした。	high	
sheet-10-R006	MATCHED						src/Eccube/Resource/template/default/Mypage/point_history.twig:33-49;src/Eccube/Resource/template/default/Mypage/point_history.en.twig:33-49	ポイント履歴画面の上部には会員名を表示する要素が無く、見出しと現在ポイント・次に消失するポイントだけが並ぶ。	src/Eccube/Resource/template/default/Mypage/point_history.twig:36-48 の見出し・ポイント情報のブロックに会員氏名を出す記述が無い。レイアウト図にある「姓 名 様」に相当する出力は実装に存在しない。	sheet-10_img1（ポイント履歴一覧の全体図。上下に「最初 1 2 3 最後」のページャ、「[11 ~ 20 件] 23 件あります」の件数表示、注文番号リンク、内容列、マイページボタンを確認）、img2（内容欄「キャンペーン」の断片）、img3（利用時の注文番号とマイナス表示の断片）を確認。図の日付は「2025年08月18日」表記だが、項目表の書式指定は日本語 Y/n/j であり項目表を正とした。	high	
sheet-10-R007	DRIFT	P3	実装違い	ふるまい	・ポイント履歴は、ポイント履歴IDの降順で表示する	ポイント履歴の一覧は、ポイント履歴IDの降順（後から登録された履歴ほど上）に並ぶこと。	src/Eccube/Repository/DtbPointHistoryRepository.php:133-140;src/Eccube/Controller/Front/Mypage/MypageController.php:248-258	一覧の並びは第1キーがポイント発行日の降順で、ポイント履歴IDの降順は同一発行日のときの第2キーにとどまる。	src/Eccube/Repository/DtbPointHistoryRepository.php:135-139 が orderBy('p.issueDate','DESC')->addOrderBy('p.id','DESC') を返し、src/Eccube/Controller/Front/Mypage/MypageController.php:250-256 がこれをそのままページングしている。発行日が後から登録された履歴より新しい履歴（スマレジ取引日を発行日に持つ履歴の後追い登録など）があると、設計の並び（ID降順）と表示順が食い違う。	sheet-10_img1（ポイント履歴一覧の全体図。上下に「最初 1 2 3 最後」のページャ、「[11 ~ 20 件] 23 件あります」の件数表示、注文番号リンク、内容列、マイページボタンを確認）、img2（内容欄「キャンペーン」の断片）、img3（利用時の注文番号とマイナス表示の断片）を確認。図の日付は「2025年08月18日」表記だが、項目表の書式指定は日本語 Y/n/j であり項目表を正とした。	med	DtbPointHistoryRepository-order-by-issue-date
sheet-10-R008	MATCHED						src/Eccube/Resource/template/default/Mypage/point_history.twig:101-108;src/Eccube/Resource/template/default/Mypage/point_history.en.twig:101-108	スマレジ取引の紐付けがある履歴では注文番号の位置にレシート番号を表示する。	src/Eccube/Resource/template/default/Mypage/point_history.twig:103-107 の分岐により、transactionId を持つ履歴は Order.smaregi_receipt_no を表示する。R004 と同じ実装。	sheet-10_img1（ポイント履歴一覧の全体図。上下に「最初 1 2 3 最後」のページャ、「[11 ~ 20 件] 23 件あります」の件数表示、注文番号リンク、内容列、マイページボタンを確認）、img2（内容欄「キャンペーン」の断片）、img3（利用時の注文番号とマイナス表示の断片）を確認。図の日付は「2025年08月18日」表記だが、項目表の書式指定は日本語 Y/n/j であり項目表を正とした。	high	
sheet-10-R009	MATCHED						src/Eccube/Resource/template/default/Mypage/point_history.twig:20-29;src/Eccube/Resource/template/default/Mypage/point_history.twig:68-74;src/Eccube/Controller/Front/Mypage/MypageController.php:250-256	表示件数の選択を変えると同じ画面を読み込み直し、選んだ件数でページを分けて表示する。	src/Eccube/Resource/template/default/Mypage/point_history.twig:21-28 が選択の変更で表示件数の指定を書き換えて1ページ目から読み込み直し、src/Eccube/Controller/Front/Mypage/MypageController.php:250-256 が受け取った件数で1ページの件数を決めている。	sheet-10_img1（ポイント履歴一覧の全体図。上下に「最初 1 2 3 最後」のページャ、「[11 ~ 20 件] 23 件あります」の件数表示、注文番号リンク、内容列、マイページボタンを確認）、img2（内容欄「キャンペーン」の断片）、img3（利用時の注文番号とマイナス表示の断片）を確認。図の日付は「2025年08月18日」表記だが、項目表の書式指定は日本語 Y/n/j であり項目表を正とした。	high	
sheet-10-R010	OUT_OF_SCOPE								有効期限切れポイントを無効化するのはポイント失効バッチの要求で、別冊「0408_基本設計仕様書(バッチ_会員)」シート「ポイント失効」の実装対象。本シート（画面）の要求ではない。	sheet-10_img1（ポイント履歴一覧の全体図。上下に「最初 1 2 3 最後」のページャ、「[11 ~ 20 件] 23 件あります」の件数表示、注文番号リンク、内容列、マイページボタンを確認）、img2（内容欄「キャンペーン」の断片）、img3（利用時の注文番号とマイナス表示の断片）を確認。図の日付は「2025年08月18日」表記だが、項目表の書式指定は日本語 Y/n/j であり項目表を正とした。	high	
sheet-10-R011	OUT_OF_SCOPE								別紙参照の注記。実装対象の挙動を述べていない。	sheet-10_img1（ポイント履歴一覧の全体図。上下に「最初 1 2 3 最後」のページャ、「[11 ~ 20 件] 23 件あります」の件数表示、注文番号リンク、内容列、マイページボタンを確認）、img2（内容欄「キャンペーン」の断片）、img3（利用時の注文番号とマイナス表示の断片）を確認。図の日付は「2025年08月18日」表記だが、項目表の書式指定は日本語 Y/n/j であり項目表を正とした。	high	
sheet-10-R012	OUT_OF_SCOPE								項目表のヘッダ行の続き（「または最大値」「初期値」「画面部品の説明」）。要求ではない。	sheet-10_img1（ポイント履歴一覧の全体図。上下に「最初 1 2 3 最後」のページャ、「[11 ~ 20 件] 23 件あります」の件数表示、注文番号リンク、内容列、マイページボタンを確認）、img2（内容欄「キャンペーン」の断片）、img3（利用時の注文番号とマイナス表示の断片）を確認。図の日付は「2025年08月18日」表記だが、項目表の書式指定は日本語 Y/n/j であり項目表を正とした。	high	
sheet-10-R013	MATCHED						src/Eccube/Resource/template/default/Mypage/point_history.twig:34;src/Eccube/Resource/template/default/breadcrumb_nav.twig:114-116	ポイント履歴画面の上部に「ホーム > マイページ > ポイント履歴」のパンくずを表示する。	src/Eccube/Resource/template/default/Mypage/point_history.twig:34 がパンくずを読み込み、src/Eccube/Resource/template/default/breadcrumb_nav.twig:114-116 が mypage_point_history のときホームアイコン・マイページのリンク・現在ページ「ポイント履歴一覧」を並べる。	sheet-10_img1（ポイント履歴一覧の全体図。上下に「最初 1 2 3 最後」のページャ、「[11 ~ 20 件] 23 件あります」の件数表示、注文番号リンク、内容列、マイページボタンを確認）、img2（内容欄「キャンペーン」の断片）、img3（利用時の注文番号とマイナス表示の断片）を確認。図の日付は「2025年08月18日」表記だが、項目表の書式指定は日本語 Y/n/j であり項目表を正とした。	high	
sheet-10-R014	MATCHED						src/Eccube/Resource/template/default/breadcrumb_nav.twig:25-32;src/Eccube/Resource/template/default/breadcrumb_nav.twig:116	現在表示中の段はリンクではなく見出しとして出力され、押下できない。	src/Eccube/Resource/template/default/breadcrumb_nav.twig:116 が current_li を使い、src/Eccube/Resource/template/default/breadcrumb_nav.twig:25-32 の current_li はアンカーを持たない h1/span で描画する。	sheet-10_img1（ポイント履歴一覧の全体図。上下に「最初 1 2 3 最後」のページャ、「[11 ~ 20 件] 23 件あります」の件数表示、注文番号リンク、内容列、マイページボタンを確認）、img2（内容欄「キャンペーン」の断片）、img3（利用時の注文番号とマイナス表示の断片）を確認。図の日付は「2025年08月18日」表記だが、項目表の書式指定は日本語 Y/n/j であり項目表を正とした。	high	
sheet-10-R015	MATCHED						src/Eccube/Resource/template/default/breadcrumb_nav.twig:52;src/Eccube/Resource/template/default/breadcrumb_nav.twig:60	パンくず先頭のホームアイコンを押すと本店ECTOP（homepage）へ移動する。	src/Eccube/Resource/template/default/breadcrumb_nav.twig:52 が本店以外の買取系ルートを除きホームの遷移先を url('homepage') とし、src/Eccube/Resource/template/default/breadcrumb_nav.twig:60 がホームアイコンにその遷移先を与える。ポイント履歴は買取系ルートではないので本店ECTOPへ移動する。	sheet-10_img1（ポイント履歴一覧の全体図。上下に「最初 1 2 3 最後」のページャ、「[11 ~ 20 件] 23 件あります」の件数表示、注文番号リンク、内容列、マイページボタンを確認）、img2（内容欄「キャンペーン」の断片）、img3（利用時の注文番号とマイナス表示の断片）を確認。図の日付は「2025年08月18日」表記だが、項目表の書式指定は日本語 Y/n/j であり項目表を正とした。	high	
sheet-10-R016	MATCHED						src/Eccube/Resource/template/default/Mypage/point_history.twig:33-49;src/Eccube/Resource/template/default/Mypage/point_history.en.twig:33-49	会員名（(2)名前）の表示は画面に無い。	src/Eccube/Resource/template/default/Mypage/point_history.twig:36-48 に会員氏名を出力する記述が無く、項目が除去された状態になっている。R006 と同じ確認。	sheet-10_img1（ポイント履歴一覧の全体図。上下に「最初 1 2 3 最後」のページャ、「[11 ~ 20 件] 23 件あります」の件数表示、注文番号リンク、内容列、マイページボタンを確認）、img2（内容欄「キャンペーン」の断片）、img3（利用時の注文番号とマイナス表示の断片）を確認。図の日付は「2025年08月18日」表記だが、項目表の書式指定は日本語 Y/n/j であり項目表を正とした。	high	
sheet-10-R017	MATCHED						src/Eccube/Resource/template/default/Mypage/point_history.twig:42	画面上部に会員が保持する総ポイントを表示する。	src/Eccube/Resource/template/default/Mypage/point_history.twig:42 が会員の選手情報の保有ポイントを桁区切りで「現在のポイント: N ポイント」として出力する。	sheet-10_img1（ポイント履歴一覧の全体図。上下に「最初 1 2 3 最後」のページャ、「[11 ~ 20 件] 23 件あります」の件数表示、注文番号リンク、内容列、マイページボタンを確認）、img2（内容欄「キャンペーン」の断片）、img3（利用時の注文番号とマイナス表示の断片）を確認。図の日付は「2025年08月18日」表記だが、項目表の書式指定は日本語 Y/n/j であり項目表を正とした。	high	
sheet-10-R018	MATCHED						src/Eccube/Resource/template/default/Mypage/point_history.twig:43-48;src/Eccube/Repository/DtbPointHistoryRepository.php:226-262	会員がポイントを保持しているときに「次に消失するポイント」を表示する。	src/Eccube/Repository/DtbPointHistoryRepository.php:228-230 が保有ポイント0のとき失効見込みを返さず、src/Eccube/Resource/template/default/Mypage/point_history.twig:43-48 が失効見込みがあるときだけ行を出す。リニューアル後の表示メッセージ（表示条件「失効見込みがある場合」）とも整合する。	sheet-10_img1（ポイント履歴一覧の全体図。上下に「最初 1 2 3 最後」のページャ、「[11 ~ 20 件] 23 件あります」の件数表示、注文番号リンク、内容列、マイページボタンを確認）、img2（内容欄「キャンペーン」の断片）、img3（利用時の注文番号とマイナス表示の断片）を確認。図の日付は「2025年08月18日」表記だが、項目表の書式指定は日本語 Y/n/j であり項目表を正とした。	high	
sheet-10-R019	MATCHED						src/Eccube/Repository/DtbPointHistoryRepository.php:232-262;src/Eccube/Resource/template/default/Mypage/point_history.twig:45	保持しているポイントのうち有効期限が最も近い分のポイント数を表示する。	src/Eccube/Repository/DtbPointHistoryRepository.php:239-259 が有効期限内の獲得履歴を新しい順にたどって残高を使い切る履歴（＝最も古い＝最も早く失効する分）を選び、src/Eccube/Resource/template/default/Mypage/point_history.twig:45 がその額と現在ポイントの小さい方を表示する。	sheet-10_img1（ポイント履歴一覧の全体図。上下に「最初 1 2 3 最後」のページャ、「[11 ~ 20 件] 23 件あります」の件数表示、注文番号リンク、内容列、マイページボタンを確認）、img2（内容欄「キャンペーン」の断片）、img3（利用時の注文番号とマイナス表示の断片）を確認。図の日付は「2025年08月18日」表記だが、項目表の書式指定は日本語 Y/n/j であり項目表を正とした。	high	
sheet-10-R020	MATCHED						src/Eccube/Resource/template/default/Mypage/point_history.twig:46;src/Eccube/Resource/template/default/Mypage/point_history.en.twig:46	ポイント期限として、有効期限が最も近いポイントの有効期限を表示する。	src/Eccube/Resource/template/default/Mypage/point_history.twig:46 が R019 で選ばれた履歴の有効期限（発行日＋失効日数）を「次に消失するポイント」行の括弧内に出力する。	sheet-10_img1（ポイント履歴一覧の全体図。上下に「最初 1 2 3 最後」のページャ、「[11 ~ 20 件] 23 件あります」の件数表示、注文番号リンク、内容列、マイページボタンを確認）、img2（内容欄「キャンペーン」の断片）、img3（利用時の注文番号とマイナス表示の断片）を確認。図の日付は「2025年08月18日」表記だが、項目表の書式指定は日本語 Y/n/j であり項目表を正とした。	high	
sheet-10-R021	MATCHED						src/Eccube/Resource/template/default/Mypage/point_history.twig:20-29;src/Eccube/Resource/template/default/Mypage/point_history.twig:68-74	表示件数のセレクトボックスを選ぶと画面を読み込み直し、選んだ件数でページを分けて表示する。初期値は10件。	src/Eccube/Resource/template/default/Mypage/point_history.twig:69-73 が 10/20/50/100 の選択肢を出し現在の件数を選択状態にする。src/Eccube/Resource/template/default/Mypage/point_history.twig:21-28 が変更時に件数を指定して読み込み直す。src/Eccube/Controller/Front/Mypage/MypageController.php:250 の既定値が10件。	sheet-10_img1（ポイント履歴一覧の全体図。上下に「最初 1 2 3 最後」のページャ、「[11 ~ 20 件] 23 件あります」の件数表示、注文番号リンク、内容列、マイページボタンを確認）、img2（内容欄「キャンペーン」の断片）、img3（利用時の注文番号とマイナス表示の断片）を確認。図の日付は「2025年08月18日」表記だが、項目表の書式指定は日本語 Y/n/j であり項目表を正とした。	high	
sheet-10-R022	DRIFT	P3	実装違い	IO	・ポイント履歴の全件数のうち、現在表示している範囲を表示する	日本語ページの一覧上部に、全件数のうち現在表示している範囲（何件目から何件目か）が表示されること。	src/Eccube/Resource/locale/messages.ja.yaml:828;src/Eccube/Resource/template/default/Mypage/point_history.twig:52-57	日本語ページの表示は「件数: 23件」で、全件数だけが出て現在表示している範囲は出ない。	src/Eccube/Resource/template/default/Mypage/point_history.twig:52-56 は開始・終了・全件数の3つを翻訳キー front.mypage.point_history.range_info に渡しているが、src/Eccube/Resource/locale/messages.ja.yaml:828 の文言が '件数: %total%件' で開始・終了を使っていないため、画面には範囲が現れない。レイアウト図の「[11 ~ 20 件] 23 件あります」に相当する表示にならない。	sheet-10_img1（ポイント履歴一覧の全体図。上下に「最初 1 2 3 最後」のページャ、「[11 ~ 20 件] 23 件あります」の件数表示、注文番号リンク、内容列、マイページボタンを確認）、img2（内容欄「キャンペーン」の断片）、img3（利用時の注文番号とマイナス表示の断片）を確認。図の日付は「2025年08月18日」表記だが、項目表の書式指定は日本語 Y/n/j であり項目表を正とした。	high	messages.ja.yaml-range-info-no-range
sheet-10-R023	MATCHED						src/Eccube/Resource/template/default/Mypage/point_history.twig:56;src/Eccube/Resource/locale/messages.ja.yaml:828	一覧上部にポイント履歴の全件数を表示する。	src/Eccube/Resource/locale/messages.ja.yaml:828 の '件数: %total%件' に src/Eccube/Resource/template/default/Mypage/point_history.twig:56 が全件数を渡しており、全件数は表示される。	sheet-10_img1（ポイント履歴一覧の全体図。上下に「最初 1 2 3 最後」のページャ、「[11 ~ 20 件] 23 件あります」の件数表示、注文番号リンク、内容列、マイページボタンを確認）、img2（内容欄「キャンペーン」の断片）、img3（利用時の注文番号とマイナス表示の断片）を確認。図の日付は「2025年08月18日」表記だが、項目表の書式指定は日本語 Y/n/j であり項目表を正とした。	high	
sheet-10-R024	DRIFT	P3	実装違い	IO	・(5)ポイント履歴表示件数で分けたページの中で、最初のページに遷移する	ページ送りに「最初」の導線が並び、押すと1ページ目の一覧が表示されること。	src/Eccube/Resource/template/default/Mypage/point_history.twig:59;src/Eccube/Resource/template/default/Mypage/point_history.twig:134;src/Eccube/Resource/template/default/pager.twig:11-69	ポイント履歴のページ送りには「最初」の導線が無く、代わりに「前」「次」と先頭・末尾のページ番号だけが並ぶ。先頭ページへの番号リンクも、先頭ページが番号の並びに含まれていないときにしか出ない。	src/Eccube/Resource/template/default/Mypage/point_history.twig:59,134 が共通のページ送りを読み込み、src/Eccube/Resource/template/default/pager.twig:15-19 は「前」、src/Eccube/Resource/template/default/pager.twig:22-26 は先頭ページの番号リンク、src/Eccube/Resource/template/default/pager.twig:63-67 は「次」を出す。「最初」の文言（messages.ja.yaml:34 common.first）を使う実装は買取履歴用のページ送り（src/Eccube/Resource/template/default/Mypage/purchase_history_pager.twig:10-16）にはあるが、ポイント履歴は共通のページ送りを使うため出ない。レイアウト図では「最初」「最後」が1・2・3の両側に並んでいる。	sheet-10_img1（ポイント履歴一覧の全体図。上下に「最初 1 2 3 最後」のページャ、「[11 ~ 20 件] 23 件あります」の件数表示、注文番号リンク、内容列、マイページボタンを確認）、img2（内容欄「キャンペーン」の断片）、img3（利用時の注文番号とマイナス表示の断片）を確認。図の日付は「2025年08月18日」表記だが、項目表の書式指定は日本語 Y/n/j であり項目表を正とした。	high	pager.twig-no-first-last-link
sheet-10-R025	DRIFT	P3	実装違い	IO	※最初のページの場合は表示しない	「最初」の導線は、1ページ目を表示しているときだけ現れないこと（2ページ目以降では出る）。	src/Eccube/Resource/template/default/pager.twig:22-26;src/Eccube/Resource/template/default/Mypage/point_history.twig:59;src/Eccube/Resource/template/default/Mypage/point_history.twig:134	「最初」の導線自体が無く、先頭ページの番号リンクも、先頭ページが番号の並びに含まれる間（3ページ構成では全ページ）は出ない。	src/Eccube/Resource/template/default/pager.twig:22 の条件は「番号の並びの先頭が1ページ目でないとき」で、1ページ目以外を見ていても番号の並びに1が入っていれば出ない。レイアウト図は3ページ中の2ページ目で「最初」が出ている状態を示しており、条件が一致しない。R024 と同じ実装の欠けによる。	sheet-10_img1（ポイント履歴一覧の全体図。上下に「最初 1 2 3 最後」のページャ、「[11 ~ 20 件] 23 件あります」の件数表示、注文番号リンク、内容列、マイページボタンを確認）、img2（内容欄「キャンペーン」の断片）、img3（利用時の注文番号とマイナス表示の断片）を確認。図の日付は「2025年08月18日」表記だが、項目表の書式指定は日本語 Y/n/j であり項目表を正とした。	high	pager.twig-no-first-last-link
sheet-10-R026	MATCHED						src/Eccube/Resource/template/default/pager.twig:36-46;src/Eccube/Resource/template/default/Mypage/point_history.twig:59;src/Eccube/Resource/template/default/Mypage/point_history.twig:134	ページ番号を押すと、その番号のポイント履歴画面へ移動する。	src/Eccube/Resource/template/default/pager.twig:41-45 が現在ページ以外の番号をリンクにし、押下時の表示件数の指定を引き継いだまま該当ページを開く。	sheet-10_img1（ポイント履歴一覧の全体図。上下に「最初 1 2 3 最後」のページャ、「[11 ~ 20 件] 23 件あります」の件数表示、注文番号リンク、内容列、マイページボタンを確認）、img2（内容欄「キャンペーン」の断片）、img3（利用時の注文番号とマイナス表示の断片）を確認。図の日付は「2025年08月18日」表記だが、項目表の書式指定は日本語 Y/n/j であり項目表を正とした。	high	
sheet-10-R027	MATCHED						src/Eccube/Resource/template/default/pager.twig:37-40	現在表示中のページ番号は強調され、リンクになっておらず押せない。	src/Eccube/Resource/template/default/pager.twig:37-40 が現在ページを --current クラス付きの span（aria-current=page）で描画し、アンカーにしていない。	sheet-10_img1（ポイント履歴一覧の全体図。上下に「最初 1 2 3 最後」のページャ、「[11 ~ 20 件] 23 件あります」の件数表示、注文番号リンク、内容列、マイページボタンを確認）、img2（内容欄「キャンペーン」の断片）、img3（利用時の注文番号とマイナス表示の断片）を確認。図の日付は「2025年08月18日」表記だが、項目表の書式指定は日本語 Y/n/j であり項目表を正とした。	high	
sheet-10-R028	DRIFT	P3	実装違い	IO	・ページ番号は現在表示しているページ番号から前後最大4つまで表示できる	ページ番号の並びには、現在のページを中心に前後それぞれ最大4つまでのページ番号が並ぶこと。	src/Eccube/Controller/Front/Mypage/MypageController.php:250-256;src/Eccube/Resource/template/default/pager.twig:36-46	ページ番号の並びは前後最大2つ（合計5つ）までで、前後4つは並ばない。	src/Eccube/Controller/Front/Mypage/MypageController.php:252-257 はページ番号の並び幅を指定せず既定のまま呼び出しており、既定値は5（vendor/knplabs/knp-paginator-bundle/src/DependencyInjection/Configuration.php:49-51）。リポジトリ内に既定値を上書きする設定は無い。同じ「前後4つ」を satisfying する実装は src/Eccube/Resource/template/default/Block/js/product_detail_same_name_js.twig:29-31 のように幅4を明示している。	sheet-10_img1（ポイント履歴一覧の全体図。上下に「最初 1 2 3 最後」のページャ、「[11 ~ 20 件] 23 件あります」の件数表示、注文番号リンク、内容列、マイページボタンを確認）、img2（内容欄「キャンペーン」の断片）、img3（利用時の注文番号とマイナス表示の断片）を確認。図の日付は「2025年08月18日」表記だが、項目表の書式指定は日本語 Y/n/j であり項目表を正とした。	med	MypageController-pager-range-not-4
sheet-10-R029	DRIFT	P3	実装違い	IO	・(5)ポイント履歴表示件数で分けたページの中で、最後のページに遷移する	ページ送りに「最後」の導線が並び、押すと最終ページの一覧が表示されること。	src/Eccube/Resource/template/default/Mypage/point_history.twig:59;src/Eccube/Resource/template/default/Mypage/point_history.twig:134;src/Eccube/Resource/template/default/pager.twig:11-69	ポイント履歴のページ送りには「最後」の導線が無く、末尾ページの番号リンクが条件付きで出るだけである。	src/Eccube/Resource/template/default/pager.twig:56-60 が末尾ページの番号リンク、src/Eccube/Resource/template/default/pager.twig:63-67 が「次」を出す。「最後」の文言（messages.ja.yaml:35 common.last）を使うのは買取履歴用のページ送り（src/Eccube/Resource/template/default/Mypage/purchase_history_pager.twig:50-56）だけで、ポイント履歴では出ない。R024 と同じ実装の欠けによる。	sheet-10_img1（ポイント履歴一覧の全体図。上下に「最初 1 2 3 最後」のページャ、「[11 ~ 20 件] 23 件あります」の件数表示、注文番号リンク、内容列、マイページボタンを確認）、img2（内容欄「キャンペーン」の断片）、img3（利用時の注文番号とマイナス表示の断片）を確認。図の日付は「2025年08月18日」表記だが、項目表の書式指定は日本語 Y/n/j であり項目表を正とした。	high	pager.twig-no-first-last-link
sheet-10-R030	DRIFT	P3	実装違い	IO	※最後のページの場合は表示しない	「最後」の導線は、最終ページを表示しているときだけ現れないこと（それ以外では出る）。	src/Eccube/Resource/template/default/pager.twig:56-60;src/Eccube/Resource/template/default/Mypage/point_history.twig:59;src/Eccube/Resource/template/default/Mypage/point_history.twig:134	「最後」の導線自体が無く、末尾ページの番号リンクも、末尾ページが番号の並びに含まれる間は出ない。	src/Eccube/Resource/template/default/pager.twig:56 の条件は「番号の並びの末尾が最終ページでないとき」で、最終ページ以外を見ていても番号の並びに最終ページが入っていれば出ない。レイアウト図は3ページ中の2ページ目で「最後」が出ている状態を示しており、条件が一致しない。R029 と同じ実装の欠けによる。	sheet-10_img1（ポイント履歴一覧の全体図。上下に「最初 1 2 3 最後」のページャ、「[11 ~ 20 件] 23 件あります」の件数表示、注文番号リンク、内容列、マイページボタンを確認）、img2（内容欄「キャンペーン」の断片）、img3（利用時の注文番号とマイナス表示の断片）を確認。図の日付は「2025年08月18日」表記だが、項目表の書式指定は日本語 Y/n/j であり項目表を正とした。	high	pager.twig-no-first-last-link
sheet-10-R031	MATCHED						src/Eccube/Resource/template/default/Mypage/point_history.twig:93-96;src/Eccube/Resource/template/default/Mypage/point_history.en.twig:93-96	利用or獲得日の欄に、履歴の発行日を規定の書式で表示する。	src/Eccube/Resource/template/default/Mypage/point_history.twig:95 が発行日を日付書式付きで出力しており、書式の中身は R032・R033 で確認した。	sheet-10_img1（ポイント履歴一覧の全体図。上下に「最初 1 2 3 最後」のページャ、「[11 ~ 20 件] 23 件あります」の件数表示、注文番号リンク、内容列、マイページボタンを確認）、img2（内容欄「キャンペーン」の断片）、img3（利用時の注文番号とマイナス表示の断片）を確認。図の日付は「2025年08月18日」表記だが、項目表の書式指定は日本語 Y/n/j であり項目表を正とした。	high	
sheet-10-R032	MATCHED						src/Eccube/Resource/template/default/Mypage/point_history.twig:95	日本語ページの利用or獲得日は Y/n/j 形式（例 2025/8/18）で表示する。	src/Eccube/Resource/template/default/Mypage/point_history.twig:95 が date('Y/n/j') で発行日を整形している。レイアウト図は「2025年08月18日」表記だが、項目表の書式指定が Y/n/j であり項目表を正とした。	sheet-10_img1（ポイント履歴一覧の全体図。上下に「最初 1 2 3 最後」のページャ、「[11 ~ 20 件] 23 件あります」の件数表示、注文番号リンク、内容列、マイページボタンを確認）、img2（内容欄「キャンペーン」の断片）、img3（利用時の注文番号とマイナス表示の断片）を確認。図の日付は「2025年08月18日」表記だが、項目表の書式指定は日本語 Y/n/j であり項目表を正とした。	high	
sheet-10-R033	MATCHED						src/Eccube/Resource/template/default/Mypage/point_history.en.twig:95	英語ページの利用or獲得日は m/d/Y 形式（例 08/18/2025）で表示する。	src/Eccube/Resource/template/default/Mypage/point_history.en.twig:95 が date('m/d/Y') で発行日を整形している。	sheet-10_img1（ポイント履歴一覧の全体図。上下に「最初 1 2 3 最後」のページャ、「[11 ~ 20 件] 23 件あります」の件数表示、注文番号リンク、内容列、マイページボタンを確認）、img2（内容欄「キャンペーン」の断片）、img3（利用時の注文番号とマイナス表示の断片）を確認。図の日付は「2025年08月18日」表記だが、項目表の書式指定は日本語 Y/n/j であり項目表を正とした。	high	
sheet-10-R034	MATCHED						src/Eccube/Resource/template/default/Mypage/point_history.twig:99-110;src/Eccube/Resource/template/default/Mypage/point_history.en.twig:99-110	注文番号の欄はリンクとして表示し、スマレジ由来の履歴ではレシート番号を出す。	src/Eccube/Resource/template/default/Mypage/point_history.twig:102-108 が購入履歴詳細へのリンクの中に注文番号またはレシート番号を出力している。	sheet-10_img1（ポイント履歴一覧の全体図。上下に「最初 1 2 3 最後」のページャ、「[11 ~ 20 件] 23 件あります」の件数表示、注文番号リンク、内容列、マイページボタンを確認）、img2（内容欄「キャンペーン」の断片）、img3（利用時の注文番号とマイナス表示の断片）を確認。図の日付は「2025年08月18日」表記だが、項目表の書式指定は日本語 Y/n/j であり項目表を正とした。	high	
sheet-10-R035	MATCHED						src/Eccube/Resource/template/default/Mypage/point_history.twig:101;src/Eccube/Resource/template/default/Mypage/point_history.twig:109	注文によって作成されたポイント履歴のときだけ注文番号を表示する。	src/Eccube/Resource/template/default/Mypage/point_history.twig:101 が受注の紐付けがあるときだけリンクを出し、無い履歴（キャンペーン付与など）では欄が空になる。レイアウト図の「キャンペーン」行も注文番号が空である。	sheet-10_img1（ポイント履歴一覧の全体図。上下に「最初 1 2 3 最後」のページャ、「[11 ~ 20 件] 23 件あります」の件数表示、注文番号リンク、内容列、マイページボタンを確認）、img2（内容欄「キャンペーン」の断片）、img3（利用時の注文番号とマイナス表示の断片）を確認。図の日付は「2025年08月18日」表記だが、項目表の書式指定は日本語 Y/n/j であり項目表を正とした。	high	
sheet-10-R036	MATCHED						src/Eccube/Resource/template/default/Mypage/point_history.twig:102;src/Eccube/Resource/template/default/Mypage/point_history.en.twig:102	注文番号を押すと、その注文の購入履歴詳細画面が開く。	src/Eccube/Resource/template/default/Mypage/point_history.twig:102 が該当受注の購入履歴詳細（mypage_shopping_history_detail）へのリンクを、受注の識別子を添えて出力している。	sheet-10_img1（ポイント履歴一覧の全体図。上下に「最初 1 2 3 最後」のページャ、「[11 ~ 20 件] 23 件あります」の件数表示、注文番号リンク、内容列、マイページボタンを確認）、img2（内容欄「キャンペーン」の断片）、img3（利用時の注文番号とマイナス表示の断片）を確認。図の日付は「2025年08月18日」表記だが、項目表の書式指定は日本語 Y/n/j であり項目表を正とした。	high	
sheet-10-R037	MATCHED						src/Eccube/Resource/template/default/Mypage/point_history.twig:103-107	スマレジ連携で作成された受注のポイント履歴にはレシート番号を表示する。	src/Eccube/Resource/template/default/Mypage/point_history.twig:103-107 がスマレジ取引の紐付けを持つ履歴で smaregi_receipt_no を表示する。R004・R008 と同じ実装。	sheet-10_img1（ポイント履歴一覧の全体図。上下に「最初 1 2 3 最後」のページャ、「[11 ~ 20 件] 23 件あります」の件数表示、注文番号リンク、内容列、マイページボタンを確認）、img2（内容欄「キャンペーン」の断片）、img3（利用時の注文番号とマイナス表示の断片）を確認。図の日付は「2025年08月18日」表記だが、項目表の書式指定は日本語 Y/n/j であり項目表を正とした。	high	
sheet-10-R038	MATCHED						src/Eccube/Resource/template/default/Mypage/point_history.twig:112-115;src/Eccube/Resource/template/default/Mypage/point_history.en.twig:112-115	ポイント欄に履歴の増減ポイントを表示する。	src/Eccube/Resource/template/default/Mypage/point_history.twig:114 が増減値を桁区切りで表示し、プラスのときは先頭に「+」を付ける。src/Eccube/Resource/template/default/Mypage/point_history.twig:112 が獲得・利用で表示色を切り替えるクラスを付ける。	sheet-10_img1（ポイント履歴一覧の全体図。上下に「最初 1 2 3 最後」のページャ、「[11 ~ 20 件] 23 件あります」の件数表示、注文番号リンク、内容列、マイページボタンを確認）、img2（内容欄「キャンペーン」の断片）、img3（利用時の注文番号とマイナス表示の断片）を確認。図の日付は「2025年08月18日」表記だが、項目表の書式指定は日本語 Y/n/j であり項目表を正とした。	high	
sheet-10-R039	MATCHED						src/Eccube/Resource/template/default/Mypage/point_history.twig:116-123;src/Eccube/Resource/template/default/Mypage/point_history.en.twig:116-123	有効期限の欄に、獲得したポイントの有効期限を規定の書式で表示する。	src/Eccube/Resource/template/default/Mypage/point_history.twig:119-121 が増減がプラスの履歴にだけ有効期限を出力しており、書式の中身は R040・R041 で確認した。	sheet-10_img1（ポイント履歴一覧の全体図。上下に「最初 1 2 3 最後」のページャ、「[11 ~ 20 件] 23 件あります」の件数表示、注文番号リンク、内容列、マイページボタンを確認）、img2（内容欄「キャンペーン」の断片）、img3（利用時の注文番号とマイナス表示の断片）を確認。図の日付は「2025年08月18日」表記だが、項目表の書式指定は日本語 Y/n/j であり項目表を正とした。	high	
sheet-10-R040	MATCHED						src/Eccube/Resource/template/default/Mypage/point_history.twig:120	日本語ページの有効期限は Y/n/j 形式（例 2025/8/18）で表示する。	src/Eccube/Resource/template/default/Mypage/point_history.twig:120 が date('Y/n/j') で有効期限を整形している。	sheet-10_img1（ポイント履歴一覧の全体図。上下に「最初 1 2 3 最後」のページャ、「[11 ~ 20 件] 23 件あります」の件数表示、注文番号リンク、内容列、マイページボタンを確認）、img2（内容欄「キャンペーン」の断片）、img3（利用時の注文番号とマイナス表示の断片）を確認。図の日付は「2025年08月18日」表記だが、項目表の書式指定は日本語 Y/n/j であり項目表を正とした。	high	
sheet-10-R041	MATCHED						src/Eccube/Resource/template/default/Mypage/point_history.en.twig:120	英語ページの有効期限は m/d/Y 形式（例 08/18/2025）で表示する。	src/Eccube/Resource/template/default/Mypage/point_history.en.twig:120 が date('m/d/Y') で有効期限を整形している。	sheet-10_img1（ポイント履歴一覧の全体図。上下に「最初 1 2 3 最後」のページャ、「[11 ~ 20 件] 23 件あります」の件数表示、注文番号リンク、内容列、マイページボタンを確認）、img2（内容欄「キャンペーン」の断片）、img3（利用時の注文番号とマイナス表示の断片）を確認。図の日付は「2025年08月18日」表記だが、項目表の書式指定は日本語 Y/n/j であり項目表を正とした。	high	
sheet-10-R042	MATCHED						src/Eccube/Resource/locale/messages.ja.yaml:835;src/Eccube/Resource/template/default/Mypage/point_history.twig:86;src/Eccube/Resource/template/default/Mypage/point_history.twig:125	一覧の該当列の項目名は「備考」ではなく「内容」と表示する。	src/Eccube/Resource/locale/messages.ja.yaml:835 が「内容」。src/Eccube/Resource/template/default/Mypage/point_history.twig:86（列見出し）と 125（行内ラベル）が同じ翻訳キーを使う。R002 と同じ確認。	sheet-10_img1（ポイント履歴一覧の全体図。上下に「最初 1 2 3 最後」のページャ、「[11 ~ 20 件] 23 件あります」の件数表示、注文番号リンク、内容列、マイページボタンを確認）、img2（内容欄「キャンペーン」の断片）、img3（利用時の注文番号とマイナス表示の断片）を確認。図の日付は「2025年08月18日」表記だが、項目表の書式指定は日本語 Y/n/j であり項目表を正とした。	high	
sheet-10-R043	NOT_IMPLEMENTED	P3	未実装	IO	・英語サイトの場合は英語の内容を表示する	英語ページの内容欄には、その履歴の内容が英語で表示されること。	src/Eccube/Resource/template/default/Mypage/point_history.en.twig:124-127;src/Eccube/Entity/DtbPointHistory.php:49-50;src/Eccube/Entity/DtbPointHistory.php:92-95	英語ページも日本語ページと同じ内容の文字列をそのまま表示する。英語の内容を保持する項目そのものが無い。	src/Eccube/Resource/template/default/Mypage/point_history.en.twig:126 は日本語ページ（src/Eccube/Resource/template/default/Mypage/point_history.twig:126）と同じ note をそのまま出力している。src/Eccube/Entity/DtbPointHistory.php:49-50 のポイント履歴が持つ内容の項目は note の1つだけで、英語用の項目は存在せず、リポジトリ全体を note_en/noteEn で検索しても該当が無い。翻訳して出し分ける処理も無い。	sheet-10_img1（ポイント履歴一覧の全体図。上下に「最初 1 2 3 最後」のページャ、「[11 ~ 20 件] 23 件あります」の件数表示、注文番号リンク、内容列、マイページボタンを確認）、img2（内容欄「キャンペーン」の断片）、img3（利用時の注文番号とマイナス表示の断片）を確認。図の日付は「2025年08月18日」表記だが、項目表の書式指定は日本語 Y/n/j であり項目表を正とした。	high	point_history.en.twig-note-not-localized
sheet-10-R044	MATCHED						src/Eccube/Resource/template/default/Mypage/point_history.twig:140-142;src/Eccube/Resource/template/default/Mypage/point_history.en.twig:140-142	画面下部のマイページボタンを押すとマイページへ移動する。	src/Eccube/Resource/template/default/Mypage/point_history.twig:141 がマイページ（mypage）へのボタンを出力しており、履歴が0件のときも src/Eccube/Resource/template/default/Mypage/point_history.twig:136-142 の外側にあるため表示される。	sheet-10_img1（ポイント履歴一覧の全体図。上下に「最初 1 2 3 最後」のページャ、「[11 ~ 20 件] 23 件あります」の件数表示、注文番号リンク、内容列、マイページボタンを確認）、img2（内容欄「キャンペーン」の断片）、img3（利用時の注文番号とマイナス表示の断片）を確認。図の日付は「2025年08月18日」表記だが、項目表の書式指定は日本語 Y/n/j であり項目表を正とした。	high	
sheet-10-R045	OUT_OF_SCOPE								現行仕様（pf-eccube3 リバース）の節見出し（機能名）。要求ではない。	sheet-10_img1（ポイント履歴一覧の全体図。上下に「最初 1 2 3 最後」のページャ、「[11 ~ 20 件] 23 件あります」の件数表示、注文番号リンク、内容列、マイページボタンを確認）、img2（内容欄「キャンペーン」の断片）、img3（利用時の注文番号とマイナス表示の断片）を確認。図の日付は「2025年08月18日」表記だが、項目表の書式指定は日本語 Y/n/j であり項目表を正とした。	high	
sheet-10-R046	OUT_OF_SCOPE								「刷新後は実装不要」「Excel基本設計により廃止」を宣言する前置き。実装対象ではない。	sheet-10_img1（ポイント履歴一覧の全体図。上下に「最初 1 2 3 最後」のページャ、「[11 ~ 20 件] 23 件あります」の件数表示、注文番号リンク、内容列、マイページボタンを確認）、img2（内容欄「キャンペーン」の断片）、img3（利用時の注文番号とマイナス表示の断片）を確認。図の日付は「2025年08月18日」表記だが、項目表の書式指定は日本語 Y/n/j であり項目表を正とした。	high	
sheet-10-R047	OUT_OF_SCOPE								Excel基本設計 識別ID:2 により廃止と宣言された項目（ログインユーザ名表示の削除）。実装対象外。なお実装にも会員名の表示は無い（point_history.twig:33-49）。	sheet-10_img1（ポイント履歴一覧の全体図。上下に「最初 1 2 3 最後」のページャ、「[11 ~ 20 件] 23 件あります」の件数表示、注文番号リンク、内容列、マイページボタンを確認）、img2（内容欄「キャンペーン」の断片）、img3（利用時の注文番号とマイナス表示の断片）を確認。図の日付は「2025年08月18日」表記だが、項目表の書式指定は日本語 Y/n/j であり項目表を正とした。	high	
sheet-10-R048	OUT_OF_SCOPE								「刷新後は実装しない（廃止）」の宣言。実装対象ではない。	sheet-10_img1（ポイント履歴一覧の全体図。上下に「最初 1 2 3 最後」のページャ、「[11 ~ 20 件] 23 件あります」の件数表示、注文番号リンク、内容列、マイページボタンを確認）、img2（内容欄「キャンペーン」の断片）、img3（利用時の注文番号とマイナス表示の断片）を確認。図の日付は「2025年08月18日」表記だが、項目表の書式指定は日本語 Y/n/j であり項目表を正とした。	high	
sheet-10-R049	OUT_OF_SCOPE								廃止の根拠を述べた注記。実装対象ではない。	sheet-10_img1（ポイント履歴一覧の全体図。上下に「最初 1 2 3 最後」のページャ、「[11 ~ 20 件] 23 件あります」の件数表示、注文番号リンク、内容列、マイページボタンを確認）、img2（内容欄「キャンペーン」の断片）、img3（利用時の注文番号とマイナス表示の断片）を確認。図の日付は「2025年08月18日」表記だが、項目表の書式指定は日本語 Y/n/j であり項目表を正とした。	high	
sheet-10-R050	OUT_OF_SCOPE								現行仕様の小見出し「画面上部の表示」。要求ではない。	sheet-10_img1（ポイント履歴一覧の全体図。上下に「最初 1 2 3 最後」のページャ、「[11 ~ 20 件] 23 件あります」の件数表示、注文番号リンク、内容列、マイページボタンを確認）、img2（内容欄「キャンペーン」の断片）、img3（利用時の注文番号とマイナス表示の断片）を確認。図の日付は「2025年08月18日」表記だが、項目表の書式指定は日本語 Y/n/j であり項目表を正とした。	high	
sheet-10-R051	MATCHED						src/Eccube/Resource/template/default/Mypage/point_history.twig:37;src/Eccube/Resource/locale/messages.ja.yaml:823;src/Eccube/Resource/template/default/Mypage/point_history.twig:42;src/Eccube/Resource/template/default/Mypage/point_history.twig:45	見出しは「ポイント履歴一覧」。現在のポイントと次に消失するポイントの数値は強調表示し、ポイント数は桁区切りで表示する。専用のモーダルは持たない。	src/Eccube/Resource/template/default/Mypage/point_history.twig:37 の見出しが翻訳キー front.mypage.point_history.title（src/Eccube/Resource/locale/messages.ja.yaml:823「ポイント履歴一覧」）。src/Eccube/Resource/template/default/Mypage/point_history.twig:42,45 が数値を strong（u-hareruya-font-bold）で囲み、いずれも桁区切りで出力する。src/Eccube/Resource/template/default/Mypage/point_history.twig 全体にモーダルの記述は無い。	sheet-10_img1（ポイント履歴一覧の全体図。上下に「最初 1 2 3 最後」のページャ、「[11 ~ 20 件] 23 件あります」の件数表示、注文番号リンク、内容列、マイページボタンを確認）、img2（内容欄「キャンペーン」の断片）、img3（利用時の注文番号とマイナス表示の断片）を確認。図の日付は「2025年08月18日」表記だが、項目表の書式指定は日本語 Y/n/j であり項目表を正とした。	high	
sheet-10-R052	OUT_OF_SCOPE								現行仕様の小見出し「一覧の対象と受け取るクエリ」。要求ではない。	sheet-10_img1（ポイント履歴一覧の全体図。上下に「最初 1 2 3 最後」のページャ、「[11 ~ 20 件] 23 件あります」の件数表示、注文番号リンク、内容列、マイページボタンを確認）、img2（内容欄「キャンペーン」の断片）、img3（利用時の注文番号とマイナス表示の断片）を確認。図の日付は「2025年08月18日」表記だが、項目表の書式指定は日本語 Y/n/j であり項目表を正とした。	high	
sheet-10-R053	DRIFT	P3	実装違い	ふるまい	常にログイン会員自身のポイント履歴のみを対象とする。ページ番号と1ページ表示件数はクエリで受け取る。いずれも数値として解釈し、指定が無いとき・0のとき・数値として解釈できないときは既定に戻す（ページ番号の既定は1ページ目）。ページ送りのリンクは、押下時点の表示件数の指定をそのまま引き継ぐ。	1ページの表示件数の指定が0や数値として読めない値だったときは、既定の10件表示に戻ること。	src/Eccube/Controller/Front/Mypage/MypageController.php:250	表示件数の指定が0や数値でない値のとき、既定の10件ではなく1件表示になる。	src/Eccube/Controller/Front/Mypage/MypageController.php:250 は指定が無いときだけ既定の10件を使い、指定があるときは数値化した値と1の大きい方を採る。そのため 0 や数値として読めない値（数値化すると0）を与えると10件に戻らず1件ずつの表示になる。ログイン会員自身のみを対象とする点（src/Eccube/Repository/DtbPointHistoryRepository.php:135-137）とページ送りが表示件数の指定を引き継ぐ点（src/Eccube/Resource/template/default/pager.twig:43）、ページ番号が0や不正値のとき1ページ目に戻る点（src/Eccube/Controller/Front/Mypage/MypageController.php:252-253）は設計どおり。	sheet-10_img1（ポイント履歴一覧の全体図。上下に「最初 1 2 3 最後」のページャ、「[11 ~ 20 件] 23 件あります」の件数表示、注文番号リンク、内容列、マイページボタンを確認）、img2（内容欄「キャンペーン」の断片）、img3（利用時の注文番号とマイナス表示の断片）を確認。図の日付は「2025年08月18日」表記だが、項目表の書式指定は日本語 Y/n/j であり項目表を正とした。	med	MypageController-page-count-fallback
sheet-10-R054	OUT_OF_SCOPE								現行仕様の小見出し「表示件数の選択肢」。要求ではない。	sheet-10_img1（ポイント履歴一覧の全体図。上下に「最初 1 2 3 最後」のページャ、「[11 ~ 20 件] 23 件あります」の件数表示、注文番号リンク、内容列、マイページボタンを確認）、img2（内容欄「キャンペーン」の断片）、img3（利用時の注文番号とマイナス表示の断片）を確認。図の日付は「2025年08月18日」表記だが、項目表の書式指定は日本語 Y/n/j であり項目表を正とした。	high	
sheet-10-R055	MATCHED						src/Eccube/Resource/template/default/Mypage/point_history.twig:69-73;src/Eccube/Resource/template/default/Mypage/point_history.twig:21-28	表示件数の選択肢は10件・20件・50件・100件の4つで、選び直したときは1ページ目から表示し直す。	src/Eccube/Resource/template/default/Mypage/point_history.twig:69 が [10,20,50,100] の4つだけを選択肢にし、src/Eccube/Resource/template/default/Mypage/point_history.twig:24-25 が選択の変更時にページ番号を1に戻して読み込み直す。	sheet-10_img1（ポイント履歴一覧の全体図。上下に「最初 1 2 3 最後」のページャ、「[11 ~ 20 件] 23 件あります」の件数表示、注文番号リンク、内容列、マイページボタンを確認）、img2（内容欄「キャンペーン」の断片）、img3（利用時の注文番号とマイナス表示の断片）を確認。図の日付は「2025年08月18日」表記だが、項目表の書式指定は日本語 Y/n/j であり項目表を正とした。	high	
sheet-10-R056	OUT_OF_SCOPE								現行仕様の小見出し「ポイント値と有効期限の表示」。要求ではない。	sheet-10_img1（ポイント履歴一覧の全体図。上下に「最初 1 2 3 最後」のページャ、「[11 ~ 20 件] 23 件あります」の件数表示、注文番号リンク、内容列、マイページボタンを確認）、img2（内容欄「キャンペーン」の断片）、img3（利用時の注文番号とマイナス表示の断片）を確認。図の日付は「2025年08月18日」表記だが、項目表の書式指定は日本語 Y/n/j であり項目表を正とした。	high	
sheet-10-R057	DRIFT	P3	実装違い	ふるまい	有効期限はプラスの履歴にのみ表示し、発行日にポイント失効日数の設定を加えた日とする。注文番号のリンクは別タブで開く。	一覧の注文番号を押したとき、購入履歴詳細が新しいタブで開き、ポイント履歴の一覧はそのまま残ること。	src/Eccube/Resource/template/default/Mypage/point_history.twig:102;src/Eccube/Resource/template/default/Mypage/point_history.en.twig:102	注文番号のリンクは同じタブで開き、ポイント履歴の一覧から離れる。	src/Eccube/Resource/template/default/Mypage/point_history.twig:102 のリンクには別タブで開く指定（target）が無いため、押下すると同じタブで購入履歴詳細に移る。同じ行の他の記述（プラスのときだけ有効期限を出す src/Eccube/Resource/template/default/Mypage/point_history.twig:119-121、発行日＋失効日数 src/Eccube/Resource/template/default/Mypage/point_history.twig:120、「+」付きの表示と獲得・利用の色分け src/Eccube/Resource/template/default/Mypage/point_history.twig:112-114）は設計どおり実装されている。	sheet-10_img1（ポイント履歴一覧の全体図。上下に「最初 1 2 3 最後」のページャ、「[11 ~ 20 件] 23 件あります」の件数表示、注文番号リンク、内容列、マイページボタンを確認）、img2（内容欄「キャンペーン」の断片）、img3（利用時の注文番号とマイナス表示の断片）を確認。図の日付は「2025年08月18日」表記だが、項目表の書式指定は日本語 Y/n/j であり項目表を正とした。	med	point_history.twig-order-link-not-new-tab
sheet-10-R058	OUT_OF_SCOPE								現行仕様の小見出し「失効見込みの算定」。要求ではない。	sheet-10_img1（ポイント履歴一覧の全体図。上下に「最初 1 2 3 最後」のページャ、「[11 ~ 20 件] 23 件あります」の件数表示、注文番号リンク、内容列、マイページボタンを確認）、img2（内容欄「キャンペーン」の断片）、img3（利用時の注文番号とマイナス表示の断片）を確認。図の日付は「2025年08月18日」表記だが、項目表の書式指定は日本語 Y/n/j であり項目表を正とした。	high	
sheet-10-R059	MATCHED						src/Eccube/Repository/DtbPointHistoryRepository.php:226-263;src/Eccube/Resource/template/default/Mypage/point_history.twig:45	現在ポイントを起点に有効期限内の獲得履歴を新しい順に差し引き、残高を使い切る履歴を失効見込みとする。同じ発行日の獲得履歴は合算する。表示額は失効見込み額と現在ポイントの小さい方とする。	src/Eccube/Repository/DtbPointHistoryRepository.php:232-239 が有効期限内のプラス履歴を発行日の新しい順に取得し、src/Eccube/Repository/DtbPointHistoryRepository.php:245-259 が現在ポイントから順に差し引いて残高が尽きた履歴を失効見込みにする。src/Eccube/Repository/DtbPointHistoryRepository.php:247,256-257 が同じ発行日の履歴分を合算する。src/Eccube/Resource/template/default/Mypage/point_history.twig:45 が失効見込み額と現在ポイントの小さい方を表示する。	sheet-10_img1（ポイント履歴一覧の全体図。上下に「最初 1 2 3 最後」のページャ、「[11 ~ 20 件] 23 件あります」の件数表示、注文番号リンク、内容列、マイページボタンを確認）、img2（内容欄「キャンペーン」の断片）、img3（利用時の注文番号とマイナス表示の断片）を確認。図の日付は「2025年08月18日」表記だが、項目表の書式指定は日本語 Y/n/j であり項目表を正とした。	high	
sheet-10-R060	OUT_OF_SCOPE								現行仕様の小見出し「エラー時の扱い」。要求ではない。	sheet-10_img1（ポイント履歴一覧の全体図。上下に「最初 1 2 3 最後」のページャ、「[11 ~ 20 件] 23 件あります」の件数表示、注文番号リンク、内容列、マイページボタンを確認）、img2（内容欄「キャンペーン」の断片）、img3（利用時の注文番号とマイナス表示の断片）を確認。図の日付は「2025年08月18日」表記だが、項目表の書式指定は日本語 Y/n/j であり項目表を正とした。	high	
sheet-10-R061	MATCHED						src/Eccube/DependencyInjection/EccubeExtension.php:88;app/config/eccube/packages/security.yaml:83-85	未ログインでポイント履歴を開いたときは会員ログイン画面へ誘導する。	EccubeExtension.php:88 がマイページ配下（^/\w+/mypage/）にログイン済みの会員を要求し、security.yaml:84-85 が未認証のときの誘導先を会員ログイン（mypage_login）にしている。	sheet-10_img1（ポイント履歴一覧の全体図。上下に「最初 1 2 3 最後」のページャ、「[11 ~ 20 件] 23 件あります」の件数表示、注文番号リンク、内容列、マイページボタンを確認）、img2（内容欄「キャンペーン」の断片）、img3（利用時の注文番号とマイナス表示の断片）を確認。図の日付は「2025年08月18日」表記だが、項目表の書式指定は日本語 Y/n/j であり項目表を正とした。	high	
sheet-10-R062	MATCHED						src/Eccube/Controller/Front/Mypage/MypageController.php:250-256	入力として、ページ番号と1ページの表示件数を受け取る。	src/Eccube/Controller/Front/Mypage/MypageController.php:250 が表示件数、src/Eccube/Controller/Front/Mypage/MypageController.php:252-253 がページ番号を受け取っている。	sheet-10_img1（ポイント履歴一覧の全体図。上下に「最初 1 2 3 最後」のページャ、「[11 ~ 20 件] 23 件あります」の件数表示、注文番号リンク、内容列、マイページボタンを確認）、img2（内容欄「キャンペーン」の断片）、img3（利用時の注文番号とマイナス表示の断片）を確認。図の日付は「2025年08月18日」表記だが、項目表の書式指定は日本語 Y/n/j であり項目表を正とした。	high	
sheet-10-R063	MATCHED						src/Eccube/Controller/Front/Mypage/MypageController.php:261-266;src/Eccube/Resource/template/default/Mypage/point_history.twig:32-145	成功時は、ポイント履歴の一覧と現在ポイント・失効見込みを画面に表示する。	src/Eccube/Controller/Front/Mypage/MypageController.php:262-266 が一覧・会員・失効見込みの3つを画面へ渡し、src/Eccube/Resource/template/default/Mypage/point_history.twig:42-135 がそれらを表示する。	sheet-10_img1（ポイント履歴一覧の全体図。上下に「最初 1 2 3 最後」のページャ、「[11 ~ 20 件] 23 件あります」の件数表示、注文番号リンク、内容列、マイページボタンを確認）、img2（内容欄「キャンペーン」の断片）、img3（利用時の注文番号とマイナス表示の断片）を確認。図の日付は「2025年08月18日」表記だが、項目表の書式指定は日本語 Y/n/j であり項目表を正とした。	high	
sheet-10-R064	MATCHED						src/Eccube/DependencyInjection/EccubeExtension.php:88;app/config/eccube/packages/security.yaml:84-85	失敗時（未ログイン）は会員ログイン画面へ誘導する。	R061 と同じ設定により、未ログインのアクセスは会員ログイン画面へ誘導される。	sheet-10_img1（ポイント履歴一覧の全体図。上下に「最初 1 2 3 最後」のページャ、「[11 ~ 20 件] 23 件あります」の件数表示、注文番号リンク、内容列、マイページボタンを確認）、img2（内容欄「キャンペーン」の断片）、img3（利用時の注文番号とマイナス表示の断片）を確認。図の日付は「2025年08月18日」表記だが、項目表の書式指定は日本語 Y/n/j であり項目表を正とした。	high	
sheet-10-R065	MATCHED						src/Eccube/Resource/template/default/Mypage/point_history.twig:136-138;src/Eccube/Resource/locale/messages.ja.yaml:827	ポイント履歴が0件のとき、本文に「ポイント履歴はありません。」を表示し、その画面に留まる。	src/Eccube/Resource/template/default/Mypage/point_history.twig:136-137 が件数0のとき front.mypage.point_history.not_found を本文に出し、src/Eccube/Resource/locale/messages.ja.yaml:827 の文言が「ポイント履歴はありません。」。遷移は発生しない。	sheet-10_img1（ポイント履歴一覧の全体図。上下に「最初 1 2 3 最後」のページャ、「[11 ~ 20 件] 23 件あります」の件数表示、注文番号リンク、内容列、マイページボタンを確認）、img2（内容欄「キャンペーン」の断片）、img3（利用時の注文番号とマイナス表示の断片）を確認。図の日付は「2025年08月18日」表記だが、項目表の書式指定は日本語 Y/n/j であり項目表を正とした。	high	
sheet-10-R066	MATCHED						src/Eccube/Resource/template/default/Mypage/point_history.twig:42;src/Eccube/Resource/locale/messages.ja.yaml:825;src/Eccube/Resource/locale/messages.ja.yaml:833	一覧上部に常時「現在のポイント：（保有ポイント）ポイント」を表示する。	src/Eccube/Resource/template/default/Mypage/point_history.twig:42 が src/Eccube/Resource/locale/messages.ja.yaml:825「現在のポイント」＋保有ポイント＋src/Eccube/Resource/locale/messages.ja.yaml:833「ポイント」を一覧の上部に常に出す。区切りの記号が半角コロンである点だけレイアウト図の全角と異なるが、文言と表示条件は一致する。	sheet-10_img1（ポイント履歴一覧の全体図。上下に「最初 1 2 3 最後」のページャ、「[11 ~ 20 件] 23 件あります」の件数表示、注文番号リンク、内容列、マイページボタンを確認）、img2（内容欄「キャンペーン」の断片）、img3（利用時の注文番号とマイナス表示の断片）を確認。図の日付は「2025年08月18日」表記だが、項目表の書式指定は日本語 Y/n/j であり項目表を正とした。	high	
sheet-10-R067	MATCHED						src/Eccube/Resource/template/default/Mypage/point_history.twig:43-48;src/Eccube/Resource/locale/messages.ja.yaml:826;src/Eccube/Resource/locale/messages.ja.yaml:833	失効見込みがあるとき、一覧上部に「次に消失するポイント：（失効見込み額）ポイント（失効日）」を表示する。	src/Eccube/Resource/template/default/Mypage/point_history.twig:44-47 が src/Eccube/Resource/locale/messages.ja.yaml:826「次に消失するポイント」＋失効見込み額＋src/Eccube/Resource/locale/messages.ja.yaml:833「ポイント」＋括弧付きの失効日を、失効見込みがあるときだけ出す。	sheet-10_img1（ポイント履歴一覧の全体図。上下に「最初 1 2 3 最後」のページャ、「[11 ~ 20 件] 23 件あります」の件数表示、注文番号リンク、内容列、マイページボタンを確認）、img2（内容欄「キャンペーン」の断片）、img3（利用時の注文番号とマイナス表示の断片）を確認。図の日付は「2025年08月18日」表記だが、項目表の書式指定は日本語 Y/n/j であり項目表を正とした。	high	
sheet-10-R068	DRIFT	P3	実装違い	IO	"—	一覧上部	（開始）~（終了）件 ／ （総件数）件あります	一覧表示時に常時	—"	一覧上部に、表示中の範囲（開始～終了）と総件数を並べた件数表示が出ること。	src/Eccube/Resource/locale/messages.ja.yaml:828;src/Eccube/Resource/template/default/Mypage/point_history.twig:52-57	件数表示は「件数: 23件」で、開始～終了の範囲が出ない。	src/Eccube/Resource/template/default/Mypage/point_history.twig:52-56 は開始・終了・全件数を渡しているのに、src/Eccube/Resource/locale/messages.ja.yaml:828 の文言 '件数: %total%件' が総件数しか使っていない。レイアウト図の「[11 ~ 20 件] 23 件あります」に相当する表示にならない。R022 と同じ文言定義の欠けによる。	sheet-10_img1（ポイント履歴一覧の全体図。上下に「最初 1 2 3 最後」のページャ、「[11 ~ 20 件] 23 件あります」の件数表示、注文番号リンク、内容列、マイページボタンを確認）、img2（内容欄「キャンペーン」の断片）、img3（利用時の注文番号とマイナス表示の断片）を確認。図の日付は「2025年08月18日」表記だが、項目表の書式指定は日本語 Y/n/j であり項目表を正とした。	high	messages.ja.yaml-range-info-no-range
sheet-10-R069	DRIFT	P3	実装違い	IO	英語の表示文言は、MSG-001 が No point history found.、現在ポイントが Current Points : （保有ポイント） Points、失効見込みが Next Points to be Expired: （失効見込み額） Points （失効日）、件数表示が [（開始） ~ （終了）] ／ （総件数） Items である。	英語ページの失効見込みの見出しが「Next Points to be Expired:」、件数表示が「[（開始） ~ （終了）] ／ （総件数） Items」と表示されること。	src/Eccube/Resource/locale/messages.en.yaml:645;src/Eccube/Resource/locale/messages.en.yaml:647	英語ページの失効見込みは「Next points to expire」、件数表示は「Showing （開始）–（終了） of （総件数）」で、いずれも設計の文言と異なる。	src/Eccube/Resource/locale/messages.en.yaml:645 が 'Next points to expire'、src/Eccube/Resource/locale/messages.en.yaml:647 が 'Showing %start%–%end% of %total%'。MSG-001（src/Eccube/Resource/locale/messages.en.yaml:646 'No point history found.'）は一致し、現在ポイント（src/Eccube/Resource/locale/messages.en.yaml:644 'Current points'）は大文字小文字の差だけである。英語ページの表示は src/Eccube/Resource/template/default/Mypage/point_history.en.twig:45,56 がこれらの文言を使う。	sheet-10_img1（ポイント履歴一覧の全体図。上下に「最初 1 2 3 最後」のページャ、「[11 ~ 20 件] 23 件あります」の件数表示、注文番号リンク、内容列、マイページボタンを確認）、img2（内容欄「キャンペーン」の断片）、img3（利用時の注文番号とマイナス表示の断片）を確認。図の日付は「2025年08月18日」表記だが、項目表の書式指定は日本語 Y/n/j であり項目表を正とした。	med	messages.en.yaml-point-history-en-wording
sheet-11-R001	OUT_OF_SCOPE								レイアウト図の見出し行であり、実装対象のふるまいを述べていない。		high	
sheet-11-R002	OUT_OF_SCOPE								レイアウト図中の版（PC版）を示す区分表記で、実装対象の要求ではない。		high	
sheet-11-R003	MATCHED								パンくずは src/Eccube/Resource/template/default/breadcrumb_nav.twig:98-107 で mypage_identification のとき ホーム＞マイページ＞オンライン本人確認 の3段に組み立てられ、src/Eccube/Resource/template/default/Mypage/online_identification.twig:23 で画面に取り込まれている。	img1(PC版レイアウト図)の左上パンくず表記と一致。	high	
sheet-11-R004	OUT_OF_SCOPE								「カスタマイズ要件はなし」という注記であり、実装対象の要求ではない。		high	
sheet-11-R005	MATCHED								証明書登録に関わる部品（身分証種別の選択・撮影画面へボタン）は src/Eccube/Resource/template/default/Mypage/online_identification.twig:57-81 でスマートフォン判定が真のときだけ出力され、撮影画面 src/Eccube/Controller/Front/Mypage/IdentificationController.php:78-80 もスマートフォン以外はスタート画面へ差し戻す。	img1(PC)は選択欄と「撮影画面へ」が無く、img2(SP)には有る。	high	
sheet-11-R006	OUT_OF_SCOPE								「スマートフォン判定の方法」という小見出しで、実装対象の要求ではない。		high	
sheet-11-R007	MATCHED								MobileDetect のスマートフォン判定を利用して端末を見分けている（src/Eccube/Controller/Front/Mypage/IdentificationController.php:74-80、テンプレート側は src/Eccube/Resource/template/default/Mypage/online_identification.twig:29）。ユーザーエージェント解析はライブラリ vendor/tattali/mobile-detect-bundle 側で行われる。		med	
sheet-11-R008	MATCHED								PC表示のときだけ見える枠に二次元バーコード画像を出し、押下でオンライン本人確認ページを開く（src/Eccube/Resource/template/default/Mypage/online_identification.twig:35-46）。	img1(PC)右側の二次元バーコードと同じ位置・用途。画像の符号内容そのものは静的解析では読めない。	med	
sheet-11-R009	MATCHED								PC表示時に「※撮影は専用のスマートフォン用撮影ページから行ってください。(右の二次元バーコードから、スマートフォンでページを開いてください。)」を二次元バーコードの左に表示する（src/Eccube/Resource/template/default/Mypage/online_identification.twig:36-39、文言は src/Eccube/Resource/locale/messages.ja.yaml:909-911）。	img1(PC)の赤字2行と一致。	high	
sheet-11-R010	MATCHED								本人確認状況の行を表示し、会員に紐づく本人確認ステータスの名称を出力している（src/Eccube/Resource/template/default/Mypage/online_identification.twig:53-55）。	img1の「本人確認状況／未確認」の枠と一致。	high	
sheet-11-R011	DRIFT	P3	実装違い	IO	ステータスは「未確認」「現在、確認中です」「オンラインで本人確認済み」「簡易書留で本人確認済み」のいずれかが表示される	本人確認状況には「未確認」「現在、確認中です」「オンラインで本人確認済み」「簡易書留で本人確認済み」のいずれかが表示される	app/DoctrineMigrations/Version20251125145047.php:62-84; src/Eccube/Resource/template/default/Mypage/online_identification.twig:53-55	画面は本人確認ステータスの登録名称をそのまま表示するが、登録されている名称は「未確認」「確認中」「オンライン本人確認済み」「簡易書留確認済み」で、4つのうち3つが正本の文言と違う。	src/Eccube/Resource/template/default/Mypage/online_identification.twig:54 が本人確認ステータスの日本語名をそのまま出力し、その名称の登録元は app/DoctrineMigrations/Version20251125145047.php:62-84。正本の文言「現在、確認中です」は申請完了画面用の固定文言 src/Eccube/Resource/locale/messages.ja.yaml:949 にしか無く、ステータス名称としては存在しない。	img1・img2は「未確認」のみで、他3ステータスの表示例は図に無い。	med	Version20251125145047-identity-confirm-status-label-mismatch
sheet-11-R012	OUT_OF_SCOPE								項目定義表のヘッダ行（列名の続き）で、実装対象の要求ではない。		high	
sheet-11-R013	MATCHED								パンくずリストを新規に持ち、src/Eccube/Resource/template/default/breadcrumb_nav.twig:98-107 でこの画面用の段を出している。	img1左上のパンくず。	high	
sheet-11-R014	MATCHED								表示中のページの段はリンクにせず見出しとして出力する（src/Eccube/Resource/template/default/breadcrumb_nav.twig:24-31）。		high	
sheet-11-R015	MATCHED								先頭のホームアイコンは本店ECTOP（homepage）へのリンクになっている（src/Eccube/Resource/template/default/breadcrumb_nav.twig:6-13、遷移先の決定は src/Eccube/Resource/template/default/breadcrumb_nav.twig:53）。		high	
sheet-11-R016	MATCHED								晴れる屋サイトのオンライン本人確認ページを開く二次元バーコードを表示している（src/Eccube/Resource/template/default/Mypage/online_identification.twig:40-44）。	img1右側の二次元バーコード。	med	
sheet-11-R017	MATCHED								本人確認状況として身分証明書の進行ステータス名称を表示する（src/Eccube/Resource/template/default/Mypage/online_identification.twig:53-55）。		high	
sheet-11-R018	MATCHED								「マイページ」ボタンからマイページへ遷移する（src/Eccube/Resource/template/default/Mypage/online_identification.twig:75）。	img1下部のマイページボタン。	high	
sheet-11-R019	OUT_OF_SCOPE								次のレイアウト図（スマートフォン版）の見出し行で、実装対象の要求ではない。		high	
sheet-11-R020	OUT_OF_SCOPE								レイアウト図中の版（SP版）を示す区分表記で、実装対象の要求ではない。		high	
sheet-11-R021	MATCHED								スマートフォン版も同じパンくず定義（src/Eccube/Resource/template/default/breadcrumb_nav.twig:98-107）を使い、ホーム＞マイページ＞オンライン本人確認 を表示する。	img2(SP版)のパンくずは図では省略されているが、テンプレートは端末で分岐しない。	high	
sheet-11-R022	OUT_OF_SCOPE								「カスタマイズ要件はなし」という注記であり、実装対象の要求ではない。		high	
sheet-11-R023	MATCHED								スマートフォン判定が真のときだけ身分証種別の選択欄と「撮影画面へ」ボタンを出し、注意書きの位置も変える（src/Eccube/Resource/template/default/Mypage/online_identification.twig:57-90）。	img1(PC)とimg2(SP)で構図が違うことと一致。	high	
sheet-11-R024	MATCHED								スマートフォン版も同じ本人確認状況の行を表示する（src/Eccube/Resource/template/default/Mypage/online_identification.twig:53-55）。	img2の「本人確認状況／未確認」。	high	
sheet-11-R025	DRIFT	P3	実装違い	IO	ステータスは「未確認」「現在、確認中です」「オンラインで本人確認済み」「簡易書留で本人確認済み」のいずれかが表示される	本人確認状況には「未確認」「現在、確認中です」「オンラインで本人確認済み」「簡易書留で本人確認済み」のいずれかが表示される	app/DoctrineMigrations/Version20251125145047.php:62-84; src/Eccube/Resource/template/default/Mypage/online_identification.twig:53-55	スマートフォン版も同じ表示元を使うため、「確認中」「オンライン本人確認済み」「簡易書留確認済み」と正本の文言が違うまま表示される。	PC版と同一のテンプレート行 src/Eccube/Resource/template/default/Mypage/online_identification.twig:54 を使う。名称の登録元は app/DoctrineMigrations/Version20251125145047.php:62-84。	img2は「未確認」のみで他ステータスの表示例は無い。	med	Version20251125145047-identity-confirm-status-label-mismatch
sheet-11-R026	MATCHED								撮影する身分証の種類を単一選択の一覧として表示し、選ばせている（src/Eccube/Resource/template/default/Mypage/online_identification.twig:63-70、選択肢の定義は src/Eccube/Form/Type/Front/IdentificationSelectType.php:43-50）。	img2の「撮影する身分証の種類／選択してください」と一致。	high	
sheet-11-R027	MATCHED								選択肢の名称は身分証明書マスタに登録された「自動車運転免許証」「パスポート」「外国人登録証明書」等で（app/DoctrineMigrations/Version20251125145015.php:62-95）、表示対象の絞り込みは app/DoctrineMigrations/Version20260721100000.php:34-41 と app/DoctrineMigrations/Version20260724100000.php:34-36。		high	
sheet-11-R028	MATCHED								表示対象は「自動車運転免許証」「パスポート」「外国人登録証明書」「学生証、会社員証」「身体障害者手帳」「マイナンバーカード」の6件に絞られている（app/DoctrineMigrations/Version20251125145015.php:62-95 の8件から app/DoctrineMigrations/Version20260721100000.php:34-41 と app/DoctrineMigrations/Version20260724100000.php:34-36 で2件を非表示化）。学生証・社員証は登録名称が「学生証、会社員証」で表記が異なるのみ。		med	
sheet-11-R029	MATCHED								住民基本台帳カードは選択肢から外してある（app/DoctrineMigrations/Version20260721100000.php:27-41）。		high	
sheet-11-R030	OUT_OF_SCOPE								「参考ページ」という参照先の見出しで、実装対象の要求ではない。		high	
sheet-11-R031	OUT_OF_SCOPE								項目定義表のヘッダ行（列名の続き）で、実装対象の要求ではない。		high	
sheet-11-R032	MATCHED								スマートフォン版のパンくずも src/Eccube/Resource/template/default/breadcrumb_nav.twig:98-107 で出力される。		high	
sheet-11-R033	MATCHED								表示中のページの段はリンクにしない（src/Eccube/Resource/template/default/breadcrumb_nav.twig:24-31）。		high	
sheet-11-R034	MATCHED								ホームアイコンは本店ECTOPへのリンク（src/Eccube/Resource/template/default/breadcrumb_nav.twig:6-13、src/Eccube/Resource/template/default/breadcrumb_nav.twig:53）。		high	
sheet-11-R035	MATCHED								本人確認状況として進行ステータス名称を表示する（src/Eccube/Resource/template/default/Mypage/online_identification.twig:53-55）。		high	
sheet-11-R036	MATCHED								身分証明書の種類は必須の単一選択として出力される（src/Eccube/Resource/template/default/Mypage/online_identification.twig:60-69、src/Eccube/Form/Type/Front/IdentificationSelectType.php:43-50）。	img2の必須ラベル付きセレクトと一致。	high	
sheet-11-R037	MATCHED								「マイページ」ボタンからマイページへ遷移する（src/Eccube/Resource/template/default/Mypage/online_identification.twig:75）。		high	
sheet-11-R038	MATCHED								「撮影画面へ」を押すと入力内容を撮影画面へ送り、必須の選択が無ければ画面側で送信を止め、送信内容が空・検証不成立なら元の画面へ戻す（src/Eccube/Resource/template/default/Mypage/online_identification.twig:76-81、src/Eccube/Controller/Front/Mypage/IdentificationController.php:82-103）。	img2下部のオレンジの「撮影画面へ」ボタン。	med	
sheet-11-R039	OUT_OF_SCOPE								次のレイアウト図（撮影画面）の見出し行で、実装対象の要求ではない。		high	
sheet-11-R040	OUT_OF_SCOPE								レイアウト図中の版（SP版）を示す区分表記で、実装対象の要求ではない。		high	
sheet-11-R041	MATCHED								撮影画面のパンくずはホーム＞マイページ＞オンライン本人確認＞撮影画面（src/Eccube/Resource/template/default/breadcrumb_nav.twig:102-104）。		high	
sheet-11-R042	OUT_OF_SCOPE								「カスタマイズ要件はなし」という注記であり、実装対象の要求ではない。		high	
sheet-11-R043	MATCHED								撮影画面は顔写真と選択された身分証の各面を登録する画面として作られている（src/Eccube/Resource/template/default/Mypage/online_identification_photograph.twig:32-118、選択された種類は src/Eccube/Controller/Front/Mypage/IdentificationController.php:105-120 から渡る）。	img3(撮影画面)の4枠構成と一致。	high	
sheet-11-R044	MATCHED								現在の顔写真・オモテ面・ウラ面・斜めの4枠が並ぶ（src/Eccube/Resource/template/default/Mypage/online_identification_photograph.twig:37-117）。	img3の4見出しと一致。	high	
sheet-11-R045	MATCHED								各枠の「撮影を開始する」を押すとカメラが起動して撮影できる（src/Eccube/Resource/template/default/Block/js/identification_js.twig:101-128、起動は src/Eccube/Resource/template/default/Block/js/identification_js.twig:9-67）。	img3の各枠中央の「撮影を開始する」。	high	
sheet-11-R046	MATCHED								撮影すると同じ枠の中に撮影画像が描画され、「撮影を開始する」の表示は消える（src/Eccube/Resource/template/default/Block/js/identification_js.twig:70-83、src/Eccube/Resource/template/default/Block/js/identification_js.twig:115-116）。		high	
sheet-11-R047	MATCHED								選択された身分証の種類でウラ面の扱いを切り替えている（src/Eccube/Resource/template/default/Mypage/online_identification_photograph.twig:77、src/Eccube/Form/Type/Front/IdentificationImageType.php:62-66）。		high	
sheet-11-R048	MATCHED								マイナンバーカードのときはウラ面の枠を出力しない（src/Eccube/Resource/template/default/Mypage/online_identification_photograph.twig:77-97）。		high	
sheet-11-R049	OUT_OF_SCOPE								項目定義表のヘッダ行（列名の続き）で、実装対象の要求ではない。		high	
sheet-11-R050	MATCHED								撮影画面もパンくずを持つ（src/Eccube/Resource/template/default/Mypage/online_identification_photograph.twig:24、src/Eccube/Resource/template/default/breadcrumb_nav.twig:102-104）。		high	
sheet-11-R051	MATCHED								表示中のページの段はリンクにしない（src/Eccube/Resource/template/default/breadcrumb_nav.twig:24-31）。		high	
sheet-11-R052	MATCHED								ホームアイコンは本店ECTOPへのリンク（src/Eccube/Resource/template/default/breadcrumb_nav.twig:6-13、src/Eccube/Resource/template/default/breadcrumb_nav.twig:53）。		high	
sheet-11-R053	MATCHED								撮影画面にユーザー名の表示は無い（見出しと案内文だけ: src/Eccube/Resource/template/default/Mypage/online_identification_photograph.twig:22-31）。	img3では見出し直下に「テスト ユーザー 様」が有るが、実装には無く、除去の指示どおり。	high	
sheet-11-R054	MATCHED								現在の顔写真の枠を必須の撮影項目として出し、未撮影のまま申請しようとすると撮影されていない項目名を挙げて知らせ、送信を止める（src/Eccube/Resource/template/default/Mypage/online_identification_photograph.twig:42-54、src/Eccube/Resource/template/default/Block/js/identification_js.twig:156-178）。		high	
sheet-11-R055	MATCHED								「顔写真付きの身分証（オモテ面）」の枠が有る（src/Eccube/Resource/template/default/Mypage/online_identification_photograph.twig:59、src/Eccube/Resource/locale/messages.ja.yaml:930）。		high	
sheet-11-R056	MATCHED								オモテ面はカメラ起動の必須項目で、未撮影なら申請時に知らせて送信を止める（src/Eccube/Resource/template/default/Mypage/online_identification_photograph.twig:62-74、src/Eccube/Resource/template/default/Block/js/identification_js.twig:160-162）。		high	
sheet-11-R057	MATCHED								「顔写真付きの身分証（ウラ面、別ページ）」の枠が有る（src/Eccube/Resource/template/default/Mypage/online_identification_photograph.twig:80、src/Eccube/Resource/locale/messages.ja.yaml:934）。		high	
sheet-11-R058	MATCHED								マイナンバーカード選択時はウラ面の枠を出力しない（src/Eccube/Resource/template/default/Mypage/online_identification_photograph.twig:77-97、src/Eccube/Form/Type/Front/IdentificationImageType.php:62-66）。		high	
sheet-11-R059	MATCHED								ウラ面が未撮影なら申請時に知らせて送信を止める（src/Eccube/Resource/template/default/Block/js/identification_js.twig:164-168）。マイナンバーカード時はこの確認自体を出力しない。		high	
sheet-11-R060	MATCHED								「顔写真付きの身分証（斜め）」の枠が有る（src/Eccube/Resource/template/default/Mypage/online_identification_photograph.twig:101、src/Eccube/Resource/locale/messages.ja.yaml:938）。		high	
sheet-11-R061	MATCHED								斜めの枠の案内に「身分証の厚みがわかるよう撮影をお願いします。」を表示する（src/Eccube/Resource/template/default/Mypage/online_identification_photograph.twig:103、src/Eccube/Resource/locale/messages.ja.yaml:938-940）。	img3の斜め枠の説明文と一致。	high	
sheet-11-R062	MATCHED								斜めが未撮影なら申請時に知らせて送信を止める（src/Eccube/Resource/template/default/Block/js/identification_js.twig:170-172）。		high	
sheet-11-R063	MATCHED								最新の画像であることを確認する同意チェックボックスが有る（src/Eccube/Resource/template/default/Mypage/online_identification_photograph.twig:120-126、文言は src/Eccube/Resource/locale/messages.ja.yaml:923）。	img3下部のチェックボックスと文言が一致。	high	
sheet-11-R064	MATCHED								同意は必須で、未チェックのままでは申請できず、画面上で入力を促すメッセージが出る（src/Eccube/Form/Type/Front/IdentificationImageType.php:53-59、src/Eccube/Resource/template/default/Mypage/online_identification_photograph.twig:122-125）。		med	
sheet-11-R065	MATCHED								「キャンセル」からオンライン本人確認（スタート画面）へ戻る（src/Eccube/Resource/template/default/Mypage/online_identification_photograph.twig:129）。	img3の灰色のキャンセルボタン。	high	
sheet-11-R066	MATCHED								「写真を確定して申請する」で入力内容を検査したうえで申請し、撮影漏れや画像が読めないときはメッセージを出す（src/Eccube/Resource/template/default/Mypage/online_identification_photograph.twig:130-133、src/Eccube/Resource/template/default/Block/js/identification_js.twig:135-181、src/Eccube/Controller/Front/Mypage/IdentificationController.php:151-169）。	img3下部のオレンジのボタン。	med	
sheet-11-R067	OUT_OF_SCOPE								次のレイアウト図（申請完了）の見出し行で、実装対象の要求ではない。		high	
sheet-11-R068	OUT_OF_SCOPE								レイアウト図中の版（SP版）を示す区分表記で、実装対象の要求ではない。		high	
sheet-11-R069	MATCHED								申請完了画面のパンくずはホーム＞マイページ＞オンライン本人確認＞申請完了（src/Eccube/Resource/template/default/breadcrumb_nav.twig:105-108）。		high	
sheet-11-R070	OUT_OF_SCOPE								「カスタマイズ要件はなし」という注記であり、実装対象の要求ではない。		high	
sheet-11-R071	MATCHED								画像の保存と申請の確定まで通ったときだけ申請完了画面を表示する（src/Eccube/Controller/Front/Mypage/IdentificationController.php:162-184、src/Eccube/Resource/template/default/Mypage/online_identification_complete.twig:21-40）。		high	
sheet-11-R072	MATCHED								申請完了画面は本人確認状況の枠を持ち「現在、確認中です」を表示する（src/Eccube/Resource/template/default/Mypage/online_identification_complete.twig:32-34、src/Eccube/Resource/locale/messages.ja.yaml:949）。申請確定時に本人確認ステータスは確認中へ変わる（src/Eccube/Service/Front/Mypage/IdentificationUpdateAction.php:75-79）ので、表示内容はその時点の進行ステータスと一致する。	img4の枠内「現在、確認中です」と一致。	med	
sheet-11-R073	MATCHED								申請直後に取り得るステータスは確認中だけであり、画面には「現在、確認中です」が出る（src/Eccube/Resource/template/default/Mypage/online_identification_complete.twig:33、src/Eccube/Resource/locale/messages.ja.yaml:949、src/Eccube/Service/Front/Mypage/IdentificationUpdateAction.php:75-79）。	img4の表示と一致。	med	
sheet-11-R074	OUT_OF_SCOPE								項目定義表のヘッダ行（列名の続き）で、実装対象の要求ではない。		high	
sheet-11-R075	MATCHED								申請完了画面もパンくずを持つ（src/Eccube/Resource/template/default/Mypage/online_identification_complete.twig:23、src/Eccube/Resource/template/default/breadcrumb_nav.twig:105-108）。		high	
sheet-11-R076	MATCHED								表示中のページの段はリンクにしない（src/Eccube/Resource/template/default/breadcrumb_nav.twig:24-31）。		high	
sheet-11-R077	MATCHED								ホームアイコンは本店ECTOPへのリンク（src/Eccube/Resource/template/default/breadcrumb_nav.twig:6-13、src/Eccube/Resource/template/default/breadcrumb_nav.twig:53）。		high	
sheet-11-R078	MATCHED								本人確認状況の枠を表示する（src/Eccube/Resource/template/default/Mypage/online_identification_complete.twig:32-34）。	img4の枠と一致。	high	
sheet-11-R079	MATCHED								「マイページ」ボタンからマイページへ遷移する（src/Eccube/Resource/template/default/Mypage/online_identification_complete.twig:36）。	img4の灰色ボタン。	high	
sheet-11-R080	MATCHED								「買取TOP」ボタンから買取TOPへ遷移する（src/Eccube/Resource/template/default/Mypage/online_identification_complete.twig:37、遷移先は src/Eccube/Controller/Front/Purchase/PurchaseController.php:366）。	img4のオレンジの「買取TOPへ」。	high	
sheet-11-R081	OUT_OF_SCOPE								現行仕様節の機能見出しで、実装対象の要求ではない。		high	
sheet-11-R082	OUT_OF_SCOPE								「会員ログイン」という小見出しで、実装対象の要求ではない。		high	
sheet-11-R083	MATCHED								マイページ配下は会員としてログインしていないと開けない（src/Eccube/DependencyInjection/EccubeExtension.php:88）。		high	
sheet-11-R084	OUT_OF_SCOPE								「撮影画面へ入るときの判定」という表の前置き見出しで、実装対象の要求ではない。		high	
sheet-11-R085	MATCHED								スマートフォンでない端末が撮影画面を開こうとするとスタート画面へ戻す（src/Eccube/Controller/Front/Mypage/IdentificationController.php:78-80）。		high	
sheet-11-R086	MATCHED								身分証種別の選択が送られていないときはスタート画面へ戻す（src/Eccube/Controller/Front/Mypage/IdentificationController.php:82-85、src/Eccube/Controller/Front/Mypage/IdentificationController.php:101-103）。		high	
sheet-11-R087	OUT_OF_SCOPE								「申請の判定順序」という表の前置き見出しで、実装対象の要求ではない。		high	
sheet-11-R088	MATCHED								申請時にスマートフォンでない端末はマイページへ戻す（src/Eccube/Controller/Front/Mypage/IdentificationController.php:134-136）。		high	
sheet-11-R089	MATCHED								身分証種別を含む送信内容が無いときはマイページへ戻す（src/Eccube/Controller/Front/Mypage/IdentificationController.php:138-142）。		high	
sheet-11-R090	MATCHED								撮影項目が送信状態でないときはマイページへ戻す（src/Eccube/Controller/Front/Mypage/IdentificationController.php:151-153）。		high	
sheet-11-R091	DRIFT	P2	実装違い	ふるまい	4 撮影項目の検証に失敗したとき エラー状態を付けて撮影画面へ戻す	撮影項目の検証に失敗したときは、エラーである旨を伴って撮影画面へ戻り、撮影をやり直せる	src/Eccube/Controller/Front/Mypage/IdentificationController.php:155-160; src/Eccube/Resource/template/default/Block/js/identification_js.twig:130-134	検証に失敗すると撮影画面のアドレスへ送り返すが、撮影画面はフォーム送信でしか開けないため許可されない要求として扱われ、撮影画面には戻らない。戻り先で出すはずのエラー表示（identification_js.twig:130-134）にも到達しない。	src/Eccube/Controller/Front/Mypage/IdentificationController.php:156-159 の戻し先 mypage_identification_photograph は src/Eccube/Controller/Front/Mypage/IdentificationController.php:72 のとおりフォーム送信でしか開けない。加えて戻り先はエラー状態も身分証種別も送信内容から読む（src/Eccube/Controller/Front/Mypage/IdentificationController.php:82-90）ため、この戻し方では受け取れない。		med	IdentificationController-invalid-submit-return-unreachable
sheet-11-R092	MATCHED								画像の拡張子を判別できないときはエラー画面を表示して終わり、申請は確定しない（src/Eccube/Controller/Front/Mypage/IdentificationController.php:162-169）。		high	
sheet-11-R093	OUT_OF_SCOPE								「申請の確定」という節の見出しで、実装対象の要求ではない。		high	
sheet-11-R094	MATCHED								検証を通った画像をオブジェクトストレージへ保存して身分証画像として記録し、選手情報の身分証種別と本人確認ステータス（確認中）を更新したうえで本人確認申請完了メールを送信する（src/Eccube/Service/Front/Mypage/IdentificationUpdateAction.php:53-92、保存は src/Eccube/Service/Front/Mypage/IdentificationUpdateAction.php:97-116）。		high	
sheet-11-R095	OUT_OF_SCOPE								「画面の見出し」という表の前置き見出しで、実装対象の要求ではない。		high	
sheet-11-R096	OUT_OF_SCOPE								画面見出し表のヘッダ行で、実装対象の要求ではない。		high	
sheet-11-R097	MATCHED								スタート画面には見出しが有り「オンライン本人確認」を表示する（src/Eccube/Resource/template/default/Mypage/online_identification.twig:25、src/Eccube/Resource/locale/messages.ja.yaml:692）。正本の記載「オンライン本人確認について」とは末尾「について」の有無が異なる。レイアウト図は現行画面の写しであり（除去指示のある「ユーザー名」を含む）、リニューアル後の見出し文言を定める記述は表示メッセージ表にも無いため、文言差は指摘に立てていない。	img1・img2の見出しは「オンライン本人確認について」。実装のh1は「オンライン本人確認」。	low	
sheet-11-R098	MATCHED								撮影画面の見出しは「撮影画面」（src/Eccube/Resource/template/default/Mypage/online_identification_photograph.twig:26、src/Eccube/Resource/locale/messages.ja.yaml:651）。	img3の見出しと一致。	high	
sheet-11-R099	MATCHED								申請完了画面の見出しは「申請完了」（src/Eccube/Resource/template/default/Mypage/online_identification_complete.twig:25、src/Eccube/Resource/locale/messages.ja.yaml:945）。	img4の見出しと一致。	high	
sheet-11-R100	MATCHED								本機能の3つの画面処理はいずれも一時的な通知メッセージを作っていない（src/Eccube/Controller/Front/Mypage/IdentificationController.php:44-185）。		high	
sheet-11-R101	OUT_OF_SCOPE								「入出力: なりすまし対策トークン」という節の見出しで、実装対象の要求ではない。		high	
sheet-11-R102	MATCHED								撮影画面から申請への送信にはなりすまし対策トークンを含め（src/Eccube/Resource/template/default/Mypage/online_identification_photograph.twig:33）、不正なら検証に失敗して申請は確定しない（src/Eccube/Controller/Front/Mypage/IdentificationController.php:149-160）。		high	
sheet-11-R103	OUT_OF_SCOPE								「出力: メール」という節の見出しで、実装対象の要求ではない。		high	
sheet-11-R104	OUT_OF_SCOPE								メール表のヘッダ行で、実装対象の要求ではない。		high	
sheet-11-R105	MATCHED								申請が確定したとき、申請した会員宛に本人確認申請完了メールを送信する（src/Eccube/Service/Front/Mypage/IdentificationUpdateAction.php:82、src/Eccube/Service/MailService.php:1118-1140）。		high	
sheet-11-R106	DRIFT	P2	実装違い	IO	返信先と Bcc には、買取専用メールアドレスに設定した宛先を用いる。	本人確認申請完了メールの返信先と Bcc が、買取専用メールアドレスとして設定した宛先になる	src/Eccube/Service/MailService.php:1133-1140	本人確認申請完了メールの Bcc は店舗の代表メールアドレス、返信先は返信先用アドレスで、買取専用メールアドレスとして設定した宛先は使われない。	src/Eccube/Service/MailService.php:1137-1138 が bcc に代表アドレス・返信先に返信先用アドレスを設定している。買取専用メールアドレスの設定値は src/Eccube/Service/MailService.php:1554-1577 のネット買取受付完了メールでは Bcc・返信先の両方に使われており、本メールだけ扱いが違う。		med	MailService-identification-mail-not-purchase-address
sheet-11-R107	OUT_OF_SCOPE								「入出力: 永続化」という節の見出しで、実装対象の要求ではない。		high	
sheet-11-R108	MATCHED								申請確定時に身分証画像の記録を追加する（src/Eccube/Service/Front/Mypage/IdentificationUpdateAction.php:107-115）。		high	
sheet-11-R109	MATCHED								申請確定時に選手情報の身分証種別と本人確認ステータス（確認中）を更新する（src/Eccube/Service/Front/Mypage/IdentificationUpdateAction.php:75-80）。		high	
sheet-11-R110	MATCHED								画像そのものはオブジェクトストレージへ保存し、記録には保存先の位置を持つ（src/Eccube/Service/Front/Mypage/IdentificationUpdateAction.php:99-111）。		high	
sheet-11-R111	DRIFT	P2	実装違い	ふるまい	F06-13-MSG-001 画面中央(ダイアログ) 本人確認の申請に失敗しました。再度撮影して申請をお願いします。 本人確認の身分証画像を送信した際に、入力内容に不備があるとき 撮影画面に留まる	身分証画像を送信して入力内容に不備があったときは、撮影画面に留まったまま画面中央に「本人確認の申請に失敗しました。再度撮影して申請をお願いします。」が表示される	src/Eccube/Controller/Front/Mypage/IdentificationController.php:155-160; src/Eccube/Resource/template/default/Block/js/identification_js.twig:130-134	この文言を出す仕掛けは撮影画面に有るが、不備があったときの戻し先が撮影画面をフォーム送信でしか開けない扱いのまま呼ばれるため、許可されない要求として扱われ、撮影画面にも留まらずダイアログも出ない。	文言 src/Eccube/Resource/template/default/Block/js/identification_js.twig:132 はエラー状態が渡ったときだけ出る（src/Eccube/Resource/template/default/Block/js/identification_js.twig:130-134）。その状態を渡す側 src/Eccube/Controller/Front/Mypage/IdentificationController.php:156-159 は src/Eccube/Controller/Front/Mypage/IdentificationController.php:72 のとおりフォーム送信専用の入口へ、送信内容ではない形で送り返しており、src/Eccube/Controller/Front/Mypage/IdentificationController.php:82-90 の受け取りにも合わない。		med	IdentificationController-invalid-submit-return-unreachable
sheet-11-R112	MATCHED								申請完了画面の本文は「申請が完了しました。／確認完了までしばらくお待ちください。」を改行付きで表示する（src/Eccube/Resource/template/default/Mypage/online_identification_complete.twig:30、src/Eccube/Resource/locale/messages.ja.yaml:946-948）。	img4の本文と一致。	high	
sheet-11-R113	MATCHED								スタート画面の説明に「事前にオンラインで本人確認を行うことができます。登録後は簡易書留の送付及び取引毎の身分証提示が不要となります。」を表示する（src/Eccube/Resource/template/default/Mypage/online_identification.twig:28、src/Eccube/Resource/locale/messages.ja.yaml:898-900）。	img1・img2の冒頭2行と一致。	high	
sheet-11-R114	MATCHED								スタート画面の注意書きに「※「住所」「氏名」「生年月日」のいずれかが変更される場合は、再度身分証のアップロードが必要となります。」を含む（src/Eccube/Resource/template/default/Mypage/online_identification.twig:30、src/Eccube/Resource/template/default/Mypage/online_identification.twig:87、src/Eccube/Resource/locale/messages.ja.yaml:901-904）。	img1・img2の注意書きと一致。	high	
sheet-11-R115	MATCHED								撮影画面の案内に「現在の顔写真と身分証写真の計4部または計3部が必要となります。」を表示する（src/Eccube/Resource/template/default/Mypage/online_identification_photograph.twig:29、src/Eccube/Resource/locale/messages.ja.yaml:916-919）。	img3の案内文1行目と一致。	high	
sheet-11-R116	MATCHED								撮影画面の同意項目は「本人写真と身分証の画像が、撮影された最新の画像であることに同意します。」（src/Eccube/Resource/template/default/Mypage/online_identification_photograph.twig:123、src/Eccube/Resource/locale/messages.ja.yaml:923）。	img3のチェックボックス文言と一致。	high	
sheet-11-R117	MATCHED								申請完了画面に「申請が完了しました。／確認完了までしばらくお待ちください。」を表示する（src/Eccube/Resource/template/default/Mypage/online_identification_complete.twig:30、src/Eccube/Resource/locale/messages.ja.yaml:946-948）。	img4の本文と一致。	high	
sheet-11-R118	MATCHED								申請完了画面に「現在、確認中です」を表示する（src/Eccube/Resource/template/default/Mypage/online_identification_complete.twig:33、src/Eccube/Resource/locale/messages.ja.yaml:949）。	img4の枠内文言と一致。	high	
sheet-11-R119	MATCHED								送信画像の拡張子を判別できないときは「画像データのアップロードに失敗しました。」を出す共通エラー画面を表示し、申請は確定しない（src/Eccube/Controller/Front/Mypage/IdentificationController.php:162-169、src/Eccube/Resource/locale/messages.ja.yaml:942）。		high	
sheet-12-R001	OUT_OF_SCOPE								節の見出し行であり、それ自体は実装を求めていない。	sheet-12_img1.png（一覧本体）/ img2（イベントを探す・マイページへ戻る）/ img3（件数・ページネーション・表示件数）を確認。	high	
sheet-12-R002	OUT_OF_SCOPE								カスタマイズ要件の前置き。個別の実装要求を述べていない。	sheet-12_img1.png（一覧本体）/ img2（イベントを探す・マイページへ戻る）/ img3（件数・ページネーション・表示件数）を確認。	high	
sheet-12-R003	MATCHED						src/Eccube/Resource/locale/messages.ja.yaml:653		メニュー名は src/Eccube/Resource/locale/messages.ja.yaml:653 front.mypage.nav__event_history が「マイイベント・デッキ登録」で、旧称「予約済み大会一覧」は残っていない。マイページのナビからこの名称で遷移する（src/Eccube/Resource/template/default/Mypage/event_history.twig:47 が同じ文言を見出しに使う）。	sheet-12_img1.png（一覧本体）/ img2（イベントを探す・マイページへ戻る）/ img3（件数・ページネーション・表示件数）を確認。	high	
sheet-12-R004	MATCHED						src/Eccube/Controller/Front/Mypage/EventHistoryController.php:76-99;src/Eccube/Resource/template/default/Mypage/event_history.twig:141-147		src/Eccube/Controller/Front/Mypage/EventHistoryController.php:76-90 が申込のあるイベントとデッキ登録のあるイベントの両方を集めて一覧の母数にしており、src/Eccube/Resource/template/default/Mypage/event_history.twig:141 でデッキ登録状況を、src/Eccube/Resource/template/default/Mypage/event_history.twig:146 でデッキ編集への導線を出す。	sheet-12_img1.png（一覧本体）/ img2（イベントを探す・マイページへ戻る）/ img3（件数・ページネーション・表示件数）を確認。	high	
sheet-12-R005	OUT_OF_SCOPE								「カスタマイズ要件に記載の内容以外は現行踏襲とする」という方針記述で、個別の実装要求ではない。	sheet-12_img1.png（一覧本体）/ img2（イベントを探す・マイページへ戻る）/ img3（件数・ページネーション・表示件数）を確認。	high	
sheet-12-R006	OUT_OF_SCOPE								節の見出し行。	sheet-12_img1.png（一覧本体）/ img2（イベントを探す・マイページへ戻る）/ img3（件数・ページネーション・表示件数）を確認。	high	
sheet-12-R007	MATCHED						src/Eccube/Controller/Front/Mypage/EventHistoryController.php:87-99		src/Eccube/Controller/Front/Mypage/EventHistoryController.php:87-90 で申込とデッキ登録の両方の対象を束ね、src/Eccube/Controller/Front/Mypage/EventHistoryController.php:96 で開催日時の降順に並べ、src/Eccube/Controller/Front/Mypage/EventHistoryController.php:99 でページングして一覧に渡している。	sheet-12_img1.png（一覧本体）/ img2（イベントを探す・マイページへ戻る）/ img3（件数・ページネーション・表示件数）を確認。	high	
sheet-12-R008	MATCHED						src/Eccube/Repository/DtbEventEntryRepository.php:286-297		src/Eccube/Repository/DtbEventEntryRepository.php:289-292 が参加者として登録されている申込を取り、キャンセル済みの申込状況を除外している。	sheet-12_img1.png（一覧本体）/ img2（イベントを探す・マイページへ戻る）/ img3（件数・ページネーション・表示件数）を確認。	high	
sheet-12-R009	MATCHED						src/Eccube/Controller/Front/Mypage/EventHistoryController.php:76-90		src/Eccube/Controller/Front/Mypage/EventHistoryController.php:76-85 でそのプレイヤーが登録したデッキのイベントを集め、src/Eccube/Controller/Front/Mypage/EventHistoryController.php:87-90 で申込分と合わせて一覧の対象にしている。	sheet-12_img1.png（一覧本体）/ img2（イベントを探す・マイページへ戻る）/ img3（件数・ページネーション・表示件数）を確認。	high	
sheet-12-R010	MATCHED						src/Eccube/Controller/Front/Mypage/EventHistoryController.php:96		src/Eccube/Controller/Front/Mypage/EventHistoryController.php:96 が開催日時の降順で並べ替えている。img1 の並びとも一致する。	sheet-12_img1.png（一覧本体）/ img2（イベントを探す・マイページへ戻る）/ img3（件数・ページネーション・表示件数）を確認。	high	
sheet-12-R011	MATCHED						src/Eccube/Resource/template/default/Mypage/event_history.twig:95		src/Eccube/Resource/template/default/Mypage/event_history.twig:95 でイベント名がイベント詳細画面へのリンクになっている。	sheet-12_img1.png（一覧本体）/ img2（イベントを探す・マイページへ戻る）/ img3（件数・ページネーション・表示件数）を確認。	high	
sheet-12-R012	MATCHED						src/Eccube/Resource/template/default/Mypage/event_history.twig:146		src/Eccube/Resource/template/default/Mypage/event_history.twig:146 のボタンが大会デッキ登録編集画面へ遷移する。	sheet-12_img1.png（一覧本体）/ img2（イベントを探す・マイページへ戻る）/ img3（件数・ページネーション・表示件数）を確認。	high	
sheet-12-R013	DRIFT	P2	実装違い	ふるまい	・開催日の23:59:59を過ぎたイベントは処理状態に「イベント終了」と表示する	開催日当日の23:59:59を過ぎるまでは処理状態を「イベント終了」にせず、当日中は申込状況をそのまま表示する。	src/Eccube/Entity/DtbEventDetail.php:554-557;src/Eccube/Resource/template/default/Mypage/event_history.twig:115-116	src/Eccube/Entity/DtbEventDetail.php:554-557 の終了判定は開催日時そのものと現在時刻を比べており、開催日当日でも開始時刻を過ぎた時点で終了とみなす。src/Eccube/Resource/template/default/Mypage/event_history.twig:115 がこの判定で「イベント終了」を表示するため、開催日当日の開始時刻直後から「イベント終了」になる。	設計は終了とみなす境目を開催日の23:59:59と定めているが、実装の境目は開催日時（開始時刻）である。開催日当日の開始時刻から23:59:59までの間、表示が食い違う。	img1 では開催日時 2025/6/16 15:17 の行が「申込済み」、2025/1/1 15:17 の行が「決済中」と、開始時刻を過ぎていても終了扱いにしていない。	high	DtbEventDetail-hasfinished-uses-start-datetime
sheet-12-R014	DRIFT	P2	実装違い	IO	★(6)デッキステータス、(7)デッキ登録/編集は、以下のいずれかに該当する場合は表示しない	処理状態が「イベント終了」の場合、デッキ登録締切を過ぎている場合、デッキ登録を終了する指定がある場合、デッキ登録ありの指定が無い場合は、デッキ登録状況の欄もデッキ登録/編集の導線もどちらも画面に出さない。	src/Eccube/Resource/template/default/Mypage/event_history.twig:139-147	src/Eccube/Resource/template/default/Mypage/event_history.twig:141 のデッキ登録状況は条件に関わらず常に「登録済み」または「未登録」を表示する。非表示になるのは src/Eccube/Resource/template/default/Mypage/event_history.twig:145-147 のデッキ登録/編集ボタンだけで、4条件のいずれに該当してもデッキ登録状況の欄は残る。	設計は(6)デッキステータスと(7)デッキ登録/編集の両方を非表示にすると定めているが、実装で非表示になるのは(7)だけである。	img1 の最終行（処理状態「イベント終了」）はデッキ登録の欄が空欄で、ボタンも無い。	high	event_history.twig-deck-status-always-shown
sheet-12-R015	MATCHED						src/Eccube/Resource/template/default/Mypage/event_history.twig:145;src/Eccube/Entity/DtbEventDetail.php:554-557		src/Eccube/Entity/DtbEventDetail.php:554-557 の終了判定が真のとき src/Eccube/Resource/template/default/Mypage/event_history.twig:145 の条件が偽になり、デッキ登録/編集ボタンは出ない。	sheet-12_img1.png（一覧本体）/ img2（イベントを探す・マイページへ戻る）/ img3（件数・ページネーション・表示件数）を確認。	high	
sheet-12-R016	MATCHED						src/Eccube/Entity/DtbEventDetail.php:508-510;src/Eccube/Form/Type/Admin/ScheduleType.php:131-136		src/Eccube/Form/Type/Admin/ScheduleType.php:131-136 の「デッキ登録締切」の日時を src/Eccube/Entity/DtbEventDetail.php:510 が現在時刻と比べ、過ぎていればデッキ登録/編集ボタンを出さない（src/Eccube/Resource/template/default/Mypage/event_history.twig:145）。	sheet-12_img1.png（一覧本体）/ img2（イベントを探す・マイページへ戻る）/ img3（件数・ページネーション・表示件数）を確認。	high	
sheet-12-R017	MATCHED						src/Eccube/Entity/DtbEventDetail.php:508-510;src/Eccube/Form/Type/Admin/ScheduleType.php:169-172		src/Eccube/Form/Type/Admin/ScheduleType.php:169-172 の「デッキ登録を終了する」が真のとき src/Eccube/Entity/DtbEventDetail.php:510 の判定が偽になり、デッキ登録/編集ボタンは出ない（src/Eccube/Resource/template/default/Mypage/event_history.twig:145）。	sheet-12_img1.png（一覧本体）/ img2（イベントを探す・マイページへ戻る）/ img3（件数・ページネーション・表示件数）を確認。	high	
sheet-12-R018	MATCHED						src/Eccube/Entity/DtbEventDetail.php:508-510;src/Eccube/Form/Type/Admin/ScheduleType.php:173-176		src/Eccube/Form/Type/Admin/ScheduleType.php:173-176 の「デッキ登録あり」が偽のとき src/Eccube/Entity/DtbEventDetail.php:510 の判定が偽になり、デッキ登録/編集ボタンは出ない（src/Eccube/Resource/template/default/Mypage/event_history.twig:145）。	sheet-12_img1.png（一覧本体）/ img2（イベントを探す・マイページへ戻る）/ img3（件数・ページネーション・表示件数）を確認。	high	
sheet-12-R019	MATCHED						src/Eccube/Resource/template/default/Mypage/event_history.twig:53-78;src/Eccube/Resource/template/default/Mypage/event_history.twig:152-156		件数（src/Eccube/Resource/template/default/Mypage/event_history.twig:54-57）、ページ送り（src/Eccube/Resource/template/default/Mypage/event_history.twig:59-63,152-156）、表示件数の切替（src/Eccube/Resource/template/default/Mypage/event_history.twig:64-77）が一覧に出ている。img3 の並びと一致する。	sheet-12_img1.png（一覧本体）/ img2（イベントを探す・マイページへ戻る）/ img3（件数・ページネーション・表示件数）を確認。	high	
sheet-12-R020	OUT_OF_SCOPE								項目定義表のヘッダ行。	sheet-12_img1.png（一覧本体）/ img2（イベントを探す・マイページへ戻る）/ img3（件数・ページネーション・表示件数）を確認。	high	
sheet-12-R021	MATCHED						src/Eccube/Resource/template/default/Mypage/event_history.twig:45;src/Eccube/Resource/template/default/breadcrumb_nav.twig:132-134		src/Eccube/Resource/template/default/Mypage/event_history.twig:45 でパンくずを出し、src/Eccube/Resource/template/default/breadcrumb_nav.twig:132-134 がこの画面用の階層（ホーム＞マイページ＞当画面）を組み立てている。	sheet-12_img1.png（一覧本体）/ img2（イベントを探す・マイページへ戻る）/ img3（件数・ページネーション・表示件数）を確認。	high	
sheet-12-R022	MATCHED						src/Eccube/Resource/template/default/breadcrumb_nav.twig:25-32;src/Eccube/Resource/template/default/breadcrumb_nav.twig:134		src/Eccube/Resource/template/default/breadcrumb_nav.twig:134 は現在ページを src/Eccube/Resource/template/default/breadcrumb_nav.twig:25-32 の見出し要素として出しており、リンクにしていないため押下できない。	sheet-12_img1.png（一覧本体）/ img2（イベントを探す・マイページへ戻る）/ img3（件数・ページネーション・表示件数）を確認。	high	
sheet-12-R023	MATCHED						src/Eccube/Resource/template/default/breadcrumb_nav.twig:52;src/Eccube/Resource/template/default/breadcrumb_nav.twig:60		src/Eccube/Resource/template/default/breadcrumb_nav.twig:52 でホームアイコンの遷移先を本店ECトップに決め、src/Eccube/Resource/template/default/breadcrumb_nav.twig:60 で先頭に置いている。	sheet-12_img1.png（一覧本体）/ img2（イベントを探す・マイページへ戻る）/ img3（件数・ページネーション・表示件数）を確認。	high	
sheet-12-R024	MATCHED						src/Eccube/Resource/template/default/Mypage/event_history.twig:95		src/Eccube/Resource/template/default/Mypage/event_history.twig:95 でイベント名が対象イベントの詳細画面へのリンクになっている。	sheet-12_img1.png（一覧本体）/ img2（イベントを探す・マイページへ戻る）/ img3（件数・ページネーション・表示件数）を確認。	high	
sheet-12-R025	MATCHED						src/Eccube/Resource/template/default/Mypage/event_history.twig:100-106		src/Eccube/Resource/template/default/Mypage/event_history.twig:102-105 がイベントに登録された各フォーマットの名称をバッジとして並べる。img1 のフォーマット列の表示と一致する。	sheet-12_img1.png（一覧本体）/ img2（イベントを探す・マイページへ戻る）/ img3（件数・ページネーション・表示件数）を確認。	high	
sheet-12-R026	MATCHED						src/Eccube/Resource/template/default/Mypage/event_history.twig:109-112		src/Eccube/Resource/template/default/Mypage/event_history.twig:111 が開催日時を一覧に出している。img1 の「2025/6/16 15:17」形式と一致する。	sheet-12_img1.png（一覧本体）/ img2（イベントを探す・マイページへ戻る）/ img3（件数・ページネーション・表示件数）を確認。	high	
sheet-12-R027	DRIFT	P3	実装違い	IO	※カスタマイズ対応、デッキ登録済みの大会の表示追加のため、「未登録」を追加	申込が無くデッキだけを登録しているイベントの処理状態は「未登録」と表示する。	src/Eccube/Resource/template/default/Mypage/event_history.twig:117-118;src/Eccube/Resource/locale/messages.ja.yaml:661	src/Eccube/Resource/template/default/Mypage/event_history.twig:117-118 は申込が無いイベントの処理状態に src/Eccube/Resource/locale/messages.ja.yaml:661 の「未申込」を表示する。「未登録」という文言はこの列には出ない。	設計の項目説明と一覧のレイアウト図がどちらも「未登録」を指定しているのに対し、実装の文言は「未申込」である。	img1 の2行目は処理状態が「未登録」（橙）でデッキ登録が「登録済み」。デッキだけ登録済みの行の文言が「未登録」であることを図が示している。	high	messages.ja.yaml-event-status-not-applied-label
sheet-12-R028	MATCHED						src/Eccube/Resource/template/default/Mypage/event_history.twig:119-125		src/Eccube/Resource/template/default/Mypage/event_history.twig:119 で申込状況が決済中のときだけヘルプアイコンを出している。img1 でも決済中の行にだけ「?」が付く。	sheet-12_img1.png（一覧本体）/ img2（イベントを探す・マイページへ戻る）/ img3（件数・ページネーション・表示件数）を確認。	high	
sheet-12-R029	MATCHED						src/Eccube/Resource/template/default/Mypage/event_history.twig:126-130		src/Eccube/Resource/template/default/Mypage/event_history.twig:126-130 がヘルプアイコンに重ねるツールチップを持ち、hareruya-event.css の :hover 指定でカーソルを合わせたときに表示される。	sheet-12_img1.png（一覧本体）/ img2（イベントを探す・マイページへ戻る）/ img3（件数・ページネーション・表示件数）を確認。	high	
sheet-12-R030	DRIFT	P3	実装違い	IO	・マウスカーソルを合わせると、以下の文言でツールチップを表示する「決済が中断されましたお手数ですが、約30分後に再度お申込みいただけますようお願いいたします」	決済中のヘルプに触れたとき「決済が中断されました」で始まる案内を出す。	src/Eccube/Resource/locale/messages.ja.yaml:664;src/Eccube/Resource/template/default/Mypage/event_history.twig:128	src/Eccube/Resource/template/default/Mypage/event_history.twig:128 が出す文言は src/Eccube/Resource/locale/messages.ja.yaml:664 の「決済が中断されましたら お手数ですが、約30分後に再度お申込みいただけますようお願いいたします」で、冒頭が「中断されましたら」と条件形になっている。	設計が定める文言は「決済が中断されました」（完了形）で始まるが、実装の文言は「決済が中断されましたら」で始まり、文意が変わっている。	sheet-12_img1.png（一覧本体）/ img2（イベントを探す・マイページへ戻る）/ img3（件数・ページネーション・表示件数）を確認。	med	messages.ja.yaml-payment-interrupted-help-text
sheet-12-R031	MATCHED						src/Eccube/Resource/template/default/Mypage/event_history.twig:123		src/Eccube/Resource/template/default/Mypage/event_history.twig:123 のヘルプアイコンがヘルプ画面へのリンクになっている。	sheet-12_img1.png（一覧本体）/ img2（イベントを探す・マイページへ戻る）/ img3（件数・ページネーション・表示件数）を確認。	high	
sheet-12-R032	MATCHED						src/Eccube/Resource/template/default/Mypage/event_history.twig:139-141;src/Eccube/Resource/locale/messages.ja.yaml:665-666		src/Eccube/Resource/template/default/Mypage/event_history.twig:141 がデッキ登録の有無で src/Eccube/Resource/locale/messages.ja.yaml:665「登録済み」と src/Eccube/Resource/locale/messages.ja.yaml:666「未登録」を出し分ける。	img1 のデッキ登録列は「登録済み」「未登録」と表示されており、実装の文言と一致する（項目説明の「デッキ登録済み」「デッキ未登録」は図と食い違う）。	med	
sheet-12-R033	MATCHED						src/Eccube/Resource/template/default/Mypage/event_history.twig:146		src/Eccube/Resource/template/default/Mypage/event_history.twig:146 のリンクが大会デッキ登録編集画面へ遷移する。	sheet-12_img1.png（一覧本体）/ img2（イベントを探す・マイページへ戻る）/ img3（件数・ページネーション・表示件数）を確認。	high	
sheet-12-R034	MATCHED						src/Eccube/Resource/template/default/Mypage/event_history.twig:146;src/Eccube/Resource/locale/messages.ja.yaml:667-668		src/Eccube/Resource/template/default/Mypage/event_history.twig:146 がデッキ登録済みなら src/Eccube/Resource/locale/messages.ja.yaml:667「デッキ編集」、未登録なら src/Eccube/Resource/locale/messages.ja.yaml:668「デッキ登録」を出し分ける。img1 の2種類のボタンと一致する。	sheet-12_img1.png（一覧本体）/ img2（イベントを探す・マイページへ戻る）/ img3（件数・ページネーション・表示件数）を確認。	high	
sheet-12-R035	MATCHED						src/Eccube/Resource/template/default/Mypage/event_history.twig:54-57;src/Eccube/Resource/locale/messages.ja.yaml:671-672		src/Eccube/Resource/template/default/Mypage/event_history.twig:54-57 が総件数を「件数: N件」の形で出す。img3 の「件数: 100件」と一致する。	sheet-12_img1.png（一覧本体）/ img2（イベントを探す・マイページへ戻る）/ img3（件数・ページネーション・表示件数）を確認。	high	
sheet-12-R036	DRIFT	P3	実装違い	IO	・前後に4ページ分のリンクを表示する	現在のページを中心に前後4ページ分、合わせて最大9ページ分のページ番号リンクを並べる。	src/Eccube/Controller/Front/Mypage/EventHistoryController.php:99;src/Eccube/Resource/template/default/pager.twig:36-46	src/Eccube/Controller/Front/Mypage/EventHistoryController.php:99 はページ送りの並び幅を指定せず既定値のまま使うため、src/Eccube/Resource/template/default/pager.twig:36-46 が並べるページ番号は現在ページの前後2ページ分（最大5個）にとどまる。	設計は前後4ページ分（最大9個）を求めているが、実装が並べるのは最大5個である。	sheet-12_img1.png（一覧本体）/ img2（イベントを探す・マイページへ戻る）/ img3（件数・ページネーション・表示件数）を確認。	med	EventHistoryController-pager-range-not-4
sheet-12-R037	DRIFT	P3	実装違い	IO	（例）8ページを選択している場合は4〜12ページのリンクを表示する	8ページ目を表示しているとき、4ページから12ページまでのページ番号リンクを並べる。	src/Eccube/Controller/Front/Mypage/EventHistoryController.php:99;src/Eccube/Resource/template/default/pager.twig:36-46	src/Eccube/Controller/Front/Mypage/EventHistoryController.php:99 の既定の並び幅では8ページ目のとき6〜10ページ分しか並ばず、4〜12ページにはならない。	設計が例示する範囲（4〜12）と実装が並べる範囲（6〜10）が一致しない。R036 と同一の欠陥。	sheet-12_img1.png（一覧本体）/ img2（イベントを探す・マイページへ戻る）/ img3（件数・ページネーション・表示件数）を確認。	med	EventHistoryController-pager-range-not-4
sheet-12-R038	DRIFT	P3	実装違い	IO	・表示しきれないページが存在する場合、先頭方向には「＜最初」、末尾方向には「最後＞」のリンクを表示する	並べきれないページがあるとき、先頭側には「＜最初」、末尾側には「最後＞」という文言のリンクを出す。	src/Eccube/Resource/template/default/pager.twig:22-26;src/Eccube/Resource/template/default/pager.twig:56-60	src/Eccube/Resource/template/default/pager.twig:22-26 と src/Eccube/Resource/template/default/pager.twig:56-60 は先頭ページ・末尾ページの番号そのものをリンクとして出し、「＜最初」「最後＞」という文言は使っていない。	設計と図が求める先頭・末尾への文言リンクが無く、代わりにページ番号が出る。	img3 は「1 2 3 4 5 最後 ＞」と、末尾側に文言リンクを描いている。	med	pager.twig-first-last-link-missing
sheet-12-R039	MATCHED						src/Eccube/Resource/template/default/Mypage/event_history.twig:64-77		src/Eccube/Resource/template/default/Mypage/event_history.twig:68-73 が表示件数の選択肢を件数マスタから並べる。マスタ初期データ src/Eccube/Resource/doctrine/import_csv/ja/mtb_page_max.csv は 10/50/100/300/500/1000/2000/10000/12000 の9件で、設計の選択肢と一致する。	sheet-12_img1.png（一覧本体）/ img2（イベントを探す・マイページへ戻る）/ img3（件数・ページネーション・表示件数）を確認。	high	
sheet-12-R040	MATCHED						src/Eccube/Resource/template/default/Mypage/event_history.twig:159		src/Eccube/Resource/template/default/Mypage/event_history.twig:159 の「イベントを探す」がイベントTOP画面へ遷移する。img2 と一致する。	sheet-12_img1.png（一覧本体）/ img2（イベントを探す・マイページへ戻る）/ img3（件数・ページネーション・表示件数）を確認。	high	
sheet-12-R041	MATCHED						src/Eccube/Resource/template/default/Mypage/event_history.twig:160		src/Eccube/Resource/template/default/Mypage/event_history.twig:160 の「マイページへ戻る」がマイページへ遷移する。img2 と一致する。	sheet-12_img1.png（一覧本体）/ img2（イベントを探す・マイページへ戻る）/ img3（件数・ページネーション・表示件数）を確認。	high	
sheet-12-R042	OUT_OF_SCOPE								現行仕様節の見出し行。	sheet-12_img1.png（一覧本体）/ img2（イベントを探す・マイページへ戻る）/ img3（件数・ページネーション・表示件数）を確認。	high	
sheet-12-R043	OUT_OF_SCOPE								現行仕様節の小見出し。	sheet-12_img1.png（一覧本体）/ img2（イベントを探す・マイページへ戻る）/ img3（件数・ページネーション・表示件数）を確認。	high	
sheet-12-R044	MATCHED						src/Eccube/Repository/DtbEventEntryRepository.php:286-297		src/Eccube/Repository/DtbEventEntryRepository.php:289-291 は参加者として登録されている申込で絞り込んでおり、代金を負担しただけの申込は対象にならない。	sheet-12_img1.png（一覧本体）/ img2（イベントを探す・マイページへ戻る）/ img3（件数・ページネーション・表示件数）を確認。	high	
sheet-12-R045	OUT_OF_SCOPE								現行仕様節の小見出し。	sheet-12_img1.png（一覧本体）/ img2（イベントを探す・マイページへ戻る）/ img3（件数・ページネーション・表示件数）を確認。	high	
sheet-12-R046	DRIFT	P2	実装違い	ふるまい	申込状態が決済中のときは、イベントが終了していても「イベント終了」ではなく「決済中」を表示する。決済中の判定が終了済みの判定に優先する。	申込状況が決済中の行は、イベントが終了済みであっても処理状態に「決済中」を表示する。	src/Eccube/Resource/template/default/Mypage/event_history.twig:115-137	src/Eccube/Resource/template/default/Mypage/event_history.twig:115 が終了済みかどうかを先に見て「イベント終了」を確定させるため、申込状況が決済中でもイベントが終了していれば「イベント終了」が表示され、src/Eccube/Resource/template/default/Mypage/event_history.twig:119 の決済中の分岐には到達しない。	設計は決済中の判定を終了済みの判定より優先すると定めているが、実装の判定順は逆である。	img1 では開催日時が過去の行（2025/1/1 15:17）でも処理状態が「決済中」と描かれている。	high	event_history.twig-finished-precedes-payment-status
sheet-12-R047	OUT_OF_SCOPE								処理状態の色づけについて現行仕様は「申込完了は完了系の見た目」とするが、リニューアル後のレイアウト図（img1）は申込済みを既定色、決済中・入金待ち・未登録を注意色で描いており、後者が優先される。	sheet-12_img1.png（一覧本体）/ img2（イベントを探す・マイページへ戻る）/ img3（件数・ページネーション・表示件数）を確認。	high	
sheet-12-R048	OUT_OF_SCOPE								現行仕様節の小見出し。	sheet-12_img1.png（一覧本体）/ img2（イベントを探す・マイページへ戻る）/ img3（件数・ページネーション・表示件数）を確認。	high	
sheet-12-R049	MATCHED						src/Eccube/DependencyInjection/EccubeExtension.php:88		src/Eccube/DependencyInjection/EccubeExtension.php:88 がマイページ配下を会員としてログインしている利用者に限っており、未ログインでの参照は会員ログイン画面へ誘導される（src/Eccube/DependencyInjection/EccubeExtension.php:85 でログイン画面のみ未ログインで開ける）。	sheet-12_img1.png（一覧本体）/ img2（イベントを探す・マイページへ戻る）/ img3（件数・ページネーション・表示件数）を確認。	high	
sheet-12-R050	OUT_OF_SCOPE								現行仕様節の小見出し。	sheet-12_img1.png（一覧本体）/ img2（イベントを探す・マイページへ戻る）/ img3（件数・ページネーション・表示件数）を確認。	high	
sheet-12-R051	MATCHED						src/Eccube/Resource/template/default/Mypage/event_history.twig:111		src/Eccube/Resource/template/default/Mypage/event_history.twig:111 は月日を先頭0なし、時分を2桁で開催日時を出す。区切り記号はリニューアル後のレイアウト図（img1「2025/6/16 15:17」）に合わせたもので、先頭0の扱いは現行仕様どおり。	sheet-12_img1.png（一覧本体）/ img2（イベントを探す・マイページへ戻る）/ img3（件数・ページネーション・表示件数）を確認。	med	
sheet-12-R052	UNVERIFIABLE								フォーマットの置き場所について、リニューアル後のレイアウト図は共通(PC/SP)の1枚しか無くスマートフォン時の並びを描いていない。実装はPCで独立した列、スマートフォンでラベル付きの行として出しており（event_history.twig:99-107 と hareruya-event.css のPC用グリッド指定）、現行仕様の「イベント名の左へ並べて置く」が刷新後も残る要求なのかを静的解析では決められない。	sheet-12_img1.png（一覧本体）/ img2（イベントを探す・マイページへ戻る）/ img3（件数・ページネーション・表示件数）を確認。	low	
sheet-12-R053	MATCHED						src/Eccube/Resource/template/default/Mypage/event_history.twig:80-87		src/Eccube/Resource/template/default/Mypage/event_history.twig:80-87 の見出し行は既定で表示せず、PC幅のときだけ表示する指定になっている（html/template/default/assets/hareruya/css/hareruya-event.css の .p-hareruya-deckentry-list__header は display:none、min-width:1024px のときだけ grid）。	sheet-12_img1.png（一覧本体）/ img2（イベントを探す・マイページへ戻る）/ img3（件数・ページネーション・表示件数）を確認。	high	
sheet-12-R054	MATCHED						src/Eccube/Resource/template/default/Mypage/event_history.twig:48-52		src/Eccube/Resource/template/default/Mypage/event_history.twig:48-51 は0件のとき案内文だけを出し、見出し行と各行を含む一覧全体（src/Eccube/Resource/template/default/Mypage/event_history.twig:52-157）を出さない。	sheet-12_img1.png（一覧本体）/ img2（イベントを探す・マイページへ戻る）/ img3（件数・ページネーション・表示件数）を確認。	high	
sheet-12-R055	OUT_OF_SCOPE								管理画面のイベント申込登録で出るメッセージであり、本シートのフロント画面（マイイベント・デッキ登録）の表示要素ではない。	sheet-12_img1.png（一覧本体）/ img2（イベントを探す・マイページへ戻る）/ img3（件数・ページネーション・表示件数）を確認。	high	
sheet-12-R056	OUT_OF_SCOPE								管理画面のイベント申込登録で出るメッセージであり、本シートのフロント画面の表示要素ではない。	sheet-12_img1.png（一覧本体）/ img2（イベントを探す・マイページへ戻る）/ img3（件数・ページネーション・表示件数）を確認。	high	
sheet-12-R057	MATCHED						src/Eccube/Resource/template/default/Mypage/event_history.twig:48-51;src/Eccube/Resource/locale/messages.ja.yaml:669		src/Eccube/Resource/template/default/Mypage/event_history.twig:50 が src/Eccube/Resource/locale/messages.ja.yaml:669「予約済みの大会はありません。」を画面上部の案内枠に出す。	sheet-12_img1.png（一覧本体）/ img2（イベントを探す・マイページへ戻る）/ img3（件数・ページネーション・表示件数）を確認。	high	
sheet-12-R058	OUT_OF_SCOPE								管理画面のイベント申込登録で出るメッセージ（英語表示）であり、本シートのフロント画面の表示要素ではない。	sheet-12_img1.png（一覧本体）/ img2（イベントを探す・マイページへ戻る）/ img3（件数・ページネーション・表示件数）を確認。	high	
sheet-12-R059	MATCHED						src/Eccube/Resource/locale/messages.en.yaml:749;src/Eccube/Resource/template/default/Mypage/event_history.twig:50		src/Eccube/Resource/template/default/Mypage/event_history.twig:50 が英語表示では src/Eccube/Resource/locale/messages.en.yaml:749「You have no reserved tournaments.」を出す。	sheet-12_img1.png（一覧本体）/ img2（イベントを探す・マイページへ戻る）/ img3（件数・ページネーション・表示件数）を確認。	high	
sheet-12-R060	DESIGN_ISSUE				There are no scheduled events scheduled.申込が1件も無いとき（英語表示）一覧に留まる				同じ「申込が1件も無いとき」に対して、画面上部の案内（R057/R059）と一覧本文（本行）の2か所へ別々の英文を出すことになっているが、一覧本文側には対応する日本語の行が無い。どちらが刷新後の正しい表示位置・文言なのか正本だけでは決まらないため設計裁定が要る。実装は案内枠に1つだけ出す（src/Eccube/Resource/template/default/Mypage/event_history.twig:48-51）。	sheet-12_img1.png（一覧本体）/ img2（イベントを探す・マイページへ戻る）/ img3（件数・ページネーション・表示件数）を確認。	med	
sheet-12-R061	MATCHED						src/Eccube/Resource/locale/messages.ja.yaml:662;src/Eccube/Resource/template/default/Mypage/event_history.twig:122		src/Eccube/Resource/template/default/Mypage/event_history.twig:122 が申込状況1（決済中）のとき src/Eccube/Resource/locale/messages.ja.yaml:662「決済中」を出す。	sheet-12_img1.png（一覧本体）/ img2（イベントを探す・マイページへ戻る）/ img3（件数・ページネーション・表示件数）を確認。	high	
sheet-12-R062	DRIFT	P3	実装違い	IO	Proceeding Payment申込状態が決済中（識別子1）のとき（英語表示）一覧に留まる	英語表示で申込状況が決済中のとき、処理状態に Proceeding Payment と表示する。	src/Eccube/Resource/locale/messages.en.yaml:742;src/Eccube/Resource/template/default/Mypage/event_history.twig:122	src/Eccube/Resource/template/default/Mypage/event_history.twig:122 が英語表示で出すのは src/Eccube/Resource/locale/messages.en.yaml:742 の「Processing Payment」で、設計の指定文言とは異なる。	設計が指定する英文と実装の英文が一致しない。	sheet-12_img1.png（一覧本体）/ img2（イベントを探す・マイページへ戻る）/ img3（件数・ページネーション・表示件数）を確認。	med	messages.en.yaml-event-history-wording
sheet-12-R063	MATCHED						src/Eccube/Resource/locale/messages.ja.yaml:660;src/Eccube/Resource/template/default/Mypage/event_history.twig:116		src/Eccube/Resource/template/default/Mypage/event_history.twig:116 がイベント終了時に src/Eccube/Resource/locale/messages.ja.yaml:660「イベント終了」を出す。	sheet-12_img1.png（一覧本体）/ img2（イベントを探す・マイページへ戻る）/ img3（件数・ページネーション・表示件数）を確認。	high	
sheet-12-R064	DRIFT	P3	実装違い	IO	Event Finished決済中以外でイベントが終了済みのとき（英語表示）一覧に留まる	英語表示でイベントが終了済みのとき、処理状態に Event Finished と表示する。	src/Eccube/Resource/locale/messages.en.yaml:740;src/Eccube/Resource/template/default/Mypage/event_history.twig:116	src/Eccube/Resource/template/default/Mypage/event_history.twig:116 が英語表示で出すのは src/Eccube/Resource/locale/messages.en.yaml:740 の「Event Ended」で、設計の指定文言とは異なる。	設計が指定する英文と実装の英文が一致しない。	sheet-12_img1.png（一覧本体）/ img2（イベントを探す・マイページへ戻る）/ img3（件数・ページネーション・表示件数）を確認。	med	messages.en.yaml-event-history-wording
sheet-12-R065	MATCHED						src/Eccube/Resource/template/default/Mypage/event_history.twig:135-137		src/Eccube/Resource/template/default/Mypage/event_history.twig:136 が決済中・終了済み以外のときは申込状況マスタの名称をそのまま出す（英語表示では英語名称）。	sheet-12_img1.png（一覧本体）/ img2（イベントを探す・マイページへ戻る）/ img3（件数・ページネーション・表示件数）を確認。	high	
sheet-12-R066	DRIFT	P3	実装違い	IO	決済が中断されました。お手数ですが、約30分後に再度お申込みいただけますようお願いいたします。決済中のヘルプアイコンを指したとき一覧に留まる	決済中のヘルプに触れたとき「決済が中断されました。」で始まる案内を出す。	src/Eccube/Resource/locale/messages.ja.yaml:664;src/Eccube/Resource/template/default/Mypage/event_history.twig:128	src/Eccube/Resource/template/default/Mypage/event_history.twig:128 が出す文言は src/Eccube/Resource/locale/messages.ja.yaml:664 の「決済が中断されましたら お手数ですが、…」で、冒頭が条件形になっている。	R030 と同じ翻訳定義の文言違い。	sheet-12_img1.png（一覧本体）/ img2（イベントを探す・マイページへ戻る）/ img3（件数・ページネーション・表示件数）を確認。	med	messages.ja.yaml-payment-interrupted-help-text
sheet-12-R067	DRIFT	P3	実装違い	IO	Your payment procedure has been interrupted or suspended. Please try your registration 30 minutes after.決済中のヘルプアイコンを指したとき（英語表示）一覧に留まる	英語表示で決済中のヘルプに触れたとき、設計が定める英文の案内を出す。	src/Eccube/Resource/locale/messages.en.yaml:744;src/Eccube/Resource/template/default/Mypage/event_history.twig:128	src/Eccube/Resource/template/default/Mypage/event_history.twig:128 が英語表示で出すのは src/Eccube/Resource/locale/messages.en.yaml:744 の「If your payment was interrupted, please try again after approximately 30 minutes.」で、設計の指定文言とは別の英文である。	設計が指定する英文と実装の英文が一致しない。	sheet-12_img1.png（一覧本体）/ img2（イベントを探す・マイページへ戻る）/ img3（件数・ページネーション・表示件数）を確認。	med	messages.en.yaml-event-history-wording
sheet-12-R068	OUT_OF_SCOPE								英語表示への到達手段とフラッシュ・インラインエラーが無いことを述べた注記で、画面要素の実装要求ではない。	sheet-12_img1.png（一覧本体）/ img2（イベントを探す・マイページへ戻る）/ img3（件数・ページネーション・表示件数）を確認。	high	
sheet-13-R001	OUT_OF_SCOPE								節見出し『処理概要(★はカスタマイズ項目)』であり要求ではない		high	
sheet-13-R002	OUT_OF_SCOPE								節見出し『処理概要(★はカスタマイズ項目)』であり要求ではない		high	
sheet-13-R003	OUT_OF_SCOPE								節見出し『処理概要(★はカスタマイズ項目)』であり要求ではない		high	
sheet-13-R004	OUT_OF_SCOPE								カスタマイズ説明の前置き。個々の要求は後続行に列挙される		high	
sheet-13-R005	MATCHED						src/Eccube/Service/Front/Mypage/DeckEntryAction.php:58-74; src/Eccube/Resource/template/default/Mypage/deck_entry_edit.twig:159-180	デッキ登録の入力にも保存項目にもDCIナンバーは無い	編集画面テンプレート(src/Eccube/Resource/template/default/Mypage/deck_entry_edit.twig:159-180)と登録処理(src/Eccube/Service/Front/Mypage/DeckEntryAction.php:58-74)のどちらにもDCIナンバーの入力欄・保存項目が無い	sheet-13_img1.png(SP)/img3.png(PC) の編集画面を確認。会員情報欄は氏名と利用ガイドのみでDCI欄が無い	high	
sheet-13-R006	MATCHED						src/Eccube/Service/Front/Mypage/DeckEntryAction.php:58-74	新規デッキ作成時に旧デッキIDを設定する処理が無い	src/Eccube/Service/Front/Mypage/DeckEntryAction.php:58-74 の新規作成で設定するのはプレイヤー名・大会情報・テキスト・フォーマット等のみで、旧デッキIDには触れていない		high	
sheet-13-R007	MATCHED						src/Eccube/Resource/template/default/Mypage/deck_entry_edit.twig:167-170	大会情報欄に『開催店舗：』と店舗名を表示する	src/Eccube/Resource/template/default/Mypage/deck_entry_edit.twig:167-170 で EventDetail の大会が持つ店舗名を『開催店舗：』として表示している	sheet-13_img1.png(SP)/img3.png(PC) の編集画面を確認。開催店舗：トーナメントセンター東京 の行が描かれている	high	
sheet-13-R008	DRIFT	P2	実装違い	IO	・「MTGアリーナからデッキリストをインポートする方法」を削除	編集画面から「MTGアリーナからデッキリストをインポートする方法」の解説は表示されない	src/Eccube/Resource/template/default/Mypage/deck_entry_edit.twig:320-322; src/Eccube/Resource/template/default/Block/deck_entry_how_to_import.twig:11-13	編集画面の下部に『MTGアリーナからデッキリストをインポートする方法』の見出しと手順解説(図解)が現行のまま表示される	src/Eccube/Resource/template/default/Mypage/deck_entry_edit.twig:320-322 が src/Eccube/Resource/template/default/Block/deck_entry_how_to_import.twig を読み込み、src/Eccube/Resource/template/default/Block/deck_entry_how_to_import.twig:11-13 に同名の見出しと手順が残っている	sheet-13_img1.png(SP)/img3.png(PC) の編集画面を確認。レイアウト図ではキャンセルボタンの下はフッタで、当該解説は描かれていない	high	deck_entry_how_to_import.twig-not-removed
sheet-13-R009	OUT_OF_SCOPE								『カスタマイズ要件に記載の内容以外は現行踏襲とする』は適用方針の宣言で、単独では実装対象の要求にならない		high	
sheet-13-R010	OUT_OF_SCOPE								節見出し『機能仕様処理概要(★はカスタマイズ項目)』		high	
sheet-13-R011	MATCHED						src/Eccube/Controller/Front/Mypage/DeckEntryController.php:49-93; src/Eccube/Service/Front/Mypage/DeckEntryAction.php:37-83	大会に登録済みのデッキを編集して再登録できる	src/Eccube/Controller/Front/Mypage/DeckEntryController.php:49-93 で登録済みデッキを初期表示し、src/Eccube/Service/Front/Mypage/DeckEntryAction.php:37-83 で上書き保存する	sheet-13_img1.png(SP)/img3.png(PC) の編集画面を確認	high	
sheet-13-R012	MATCHED						src/Eccube/Resource/template/default/Mypage/deck_entry_edit.twig:187-194	ランキング表示またはメタ分布のフラグが立つフォーマットが複数のときだけフォーマット選択エリアを表示する	src/Eccube/Resource/template/default/Mypage/deck_entry_edit.twig:187-194 で rankingFlg または otherMetaFlg のフォーマットを集め、2つ以上のときだけ選択エリアを出す	sheet-13_img1.png(SP)/img3.png(PC) の編集画面を確認	high	
sheet-13-R013	MATCHED						src/Eccube/Resource/template/default/Mypage/deck_entry_edit.twig:194-210	選択できるフォーマットが複数のときフォーマット選択エリアを表示する	src/Eccube/Resource/template/default/Mypage/deck_entry_edit.twig:194-210 が選択エリア(1.フォーマット選択)の描画	sheet-13_img1.png(SP)/img3.png(PC) の編集画面を確認	high	
sheet-13-R014	MATCHED						src/Eccube/Resource/template/default/Mypage/deck_entry_edit.twig:224-244	カード名入力・インポート・マイデッキ取得の3経路がある	src/Eccube/Resource/template/default/Mypage/deck_entry_edit.twig:224-233 にインポート/マイデッキ取得、src/Eccube/Resource/template/default/Mypage/deck_entry_edit.twig:235-244 にカード名入力がある	sheet-13_img1.png(SP)/img3.png(PC) の編集画面を確認	high	
sheet-13-R015	MATCHED						src/Eccube/Resource/template/default/Mypage/deck_entry_edit.twig:81-87; src/Eccube/Resource/template/default/Mypage/deck_entry_edit.twig:119-125	インポート・マイデッキ取得のどちらもメイン/サイド入力欄の内容を置き換える	src/Eccube/Resource/template/default/Mypage/deck_entry_edit.twig:81-87 と src/Eccube/Resource/template/default/Mypage/deck_entry_edit.twig:119-125 でメイン・サイドの入力欄へ値を設定し既存入力を上書きしている		high	
sheet-13-R016	MATCHED						src/Eccube/Resource/template/default/Mypage/deck_entry_edit.twig:225-228; src/Eccube/Resource/template/default/Mypage/deck_entry_edit.twig:329-352	インポートボタンでインポート用モーダルを開く	src/Eccube/Resource/template/default/Mypage/deck_entry_edit.twig:225-228 のボタンが src/Eccube/Resource/template/default/Mypage/deck_entry_edit.twig:329-352 のインポートモーダルを開く	sheet-13_img6.png(SP)/img7.png(PC) のインポートモーダルを確認	high	
sheet-13-R017	OUT_OF_SCOPE								直前行のインポートポップアップ画面を指す見出し断片		high	
sheet-13-R018	MATCHED						src/Eccube/Resource/template/default/Mypage/deck_entry_edit.twig:229-232; src/Eccube/Resource/template/default/Mypage/deck_entry_edit.twig:356-427	マイデッキを取得ボタンでマイデッキ取得モーダルを開く	src/Eccube/Resource/template/default/Mypage/deck_entry_edit.twig:229-232 のボタンが src/Eccube/Resource/template/default/Mypage/deck_entry_edit.twig:356-427 のマイデッキモーダルを開く	sheet-13_img8.png(SP)/img9.png/img10.png(PC) のマイデッキ取得モーダルを確認	high	
sheet-13-R019	OUT_OF_SCOPE								直前行のマイデッキ取得ポップアップ画面を指す見出し断片		high	
sheet-13-R020	NOT_IMPLEMENTED	P2	未実装	ふるまい	・カード名(13)を入力すると、カード名が部分一致するカードがサジェスト表示される	カード名を入力すると、その文字列に部分一致するカード名が候補として表示される	src/Eccube/Resource/template/default/Mypage/deck_entry_edit.twig:71-78; src/Eccube/Resource/template/default/Mypage/deck_entry_edit.twig:239-242	候補の入れ物(空のリスト)だけがあり、入力しても候補は1件も出ない。候補となるカード名を画面へ渡す処理も無い	src/Eccube/Resource/template/default/Mypage/deck_entry_edit.twig:239-242 の候補リストは空で、src/Eccube/Resource/template/default/Mypage/deck_entry_edit.twig:71-78 は入力有無で表示属性を切り替えるだけ。候補を取得・描画する処理がテンプレートにもJSにも無い	sheet-13_img1.png(SP)/img3.png(PC) の編集画面を確認。レイアウト図ではカード名入力欄にプレースホルダのみで候補一覧は描かれていない	high	deck_entry_edit.twig-card-suggest-no-candidates
sheet-13-R021	NOT_IMPLEMENTED	P3	未実装	ふるまい	サジェスト表示されたものを選択して自動入力できるが、サジェストを無視して存在しないカード名を入力することもできる	表示された候補を選ぶとカード名入力欄へ自動入力される	src/Eccube/Resource/template/default/Mypage/deck_entry_edit.twig:75-78; src/Eccube/Resource/template/default/Mypage/deck_entry_edit.twig:239-242	候補が表示されないため候補を選んで自動入力する経路が使えない。任意のカード名を打ち込む経路だけが動く	候補選択のハンドラ(src/Eccube/Resource/template/default/Mypage/deck_entry_edit.twig:75-78)はあるが、src/Eccube/Resource/template/default/Mypage/deck_entry_edit.twig:239-242 の候補リストが常に空のため到達しない		high	deck_entry_edit.twig-card-suggest-no-candidates
sheet-13-R022	DRIFT	P3	実装違い	ふるまい	・ボード選択ボタン(14)とデッキリストのメインボード(18)サイドボード(19)入力欄は、選択している方が強調表示される	選択中のボード側の入力欄(メインボードまたはサイドボード)が強調表示される	src/Eccube/Resource/template/default/Mypage/deck_entry_edit.twig:38-40; src/Eccube/Resource/template/default/Mypage/deck_entry_edit.twig:276-290	ボタン側は選択状態が強調されるが、入力欄側は強調されない(強調用のクラスを付ける処理が無い)	src/Eccube/Resource/template/default/Mypage/deck_entry_edit.twig:38-40 はボタンの選択値を控えるだけで入力欄の見た目を変えない。src/Eccube/Resource/template/default/Mypage/deck_entry_edit.twig:276-290 の入力欄にも選択状態を示す指定が無い	sheet-13_img1.png(SP)/img3.png(PC) の編集画面を確認。レイアウト図ではメインボード入力欄の枠線が濃く描かれ選択側が強調されている	med	deck_entry_edit.twig-board-selection-not-highlighted
sheet-13-R023	DRIFT	P3	実装違い	ふるまい	選択ボタンとボード入力欄の選択状態は相互に連携して、一方の選択がもう一方の選択に反映(強調表示)される	ボタンで選んだ側の入力欄が強調され、入力欄を選ぶとボタン側の選択もそれに合わせて変わる	src/Eccube/Resource/template/default/Mypage/deck_entry_edit.twig:38-40; src/Eccube/Resource/template/default/Mypage/deck_entry_edit.twig:276-290	ボタン→入力欄、入力欄→ボタンのどちらの連携も無く、入力欄を選んでも追加先のボードは変わらない	src/Eccube/Resource/template/default/Mypage/deck_entry_edit.twig:38-40 以外にボード選択に関わる処理が無く、入力欄側の選択を拾う処理も存在しない	sheet-13_img1.png(SP)/img3.png(PC) の編集画面を確認	med	deck_entry_edit.twig-board-selection-not-highlighted
sheet-13-R024	MATCHED						src/Eccube/Resource/template/default/Mypage/deck_entry_edit.twig:42-60	枚数ボタン押下で『枚数 カード名』の行を選択中のボード入力欄へ追加する	src/Eccube/Resource/template/default/Mypage/deck_entry_edit.twig:58-60 が押された枚数で src/Eccube/Resource/template/default/Mypage/deck_entry_edit.twig:42-55 を呼び、選択中のボードへ『枚数 カード名』の行を足している	sheet-13_img1.png(SP)/img3.png(PC) の編集画面を確認	high	
sheet-13-R025	MATCHED						src/Eccube/Resource/template/default/Mypage/deck_entry_edit.twig:63-68	枚数を入力して枚追加ボタンを押すと同じ書式の行が追加される	src/Eccube/Resource/template/default/Mypage/deck_entry_edit.twig:63-68 が入力された枚数で同じ行追加処理を呼んでいる	sheet-13_img1.png(SP)/img3.png(PC) の編集画面を確認	high	
sheet-13-R026	MATCHED						src/Eccube/Resource/template/default/Mypage/deck_entry_edit.twig:314; src/Eccube/Controller/Front/Mypage/DeckEntryController.php:98-153	『デッキリストを提出する』ボタンで登録処理が走る	src/Eccube/Resource/template/default/Mypage/deck_entry_edit.twig:314 の送信ボタンが src/Eccube/Controller/Front/Mypage/DeckEntryController.php:98-153 の登録処理へ送られる	sheet-13_img1.png(SP)/img3.png(PC) の編集画面を確認	high	
sheet-13-R027	MATCHED						src/Eccube/Service/Front/Mypage/DeckEntryAction.php:41-51	同じ大会・選手・フォーマットの登録済みデッキがあればその内容を上書きする	src/Eccube/Service/Front/Mypage/DeckEntryAction.php:41-51 で既存デッキを探し、あればテキストを差し替えて更新している		high	
sheet-13-R028	NOT_IMPLEMENTED	P1	未実装	ふるまい	メインボード・サイドボードそれぞれに対し入力形式チェックを行い、エラーがある場合は画面遷移せずエラーメッセージを表示する	書式に誤りがあるときは登録されず、編集画面のままメイン・サイドそれぞれのエラーメッセージが表示される	src/Eccube/Controller/Front/Mypage/DeckEntryController.php:137-153; src/Eccube/Resource/template/default/Mypage/deck_entry_edit.twig:282; src/Eccube/Resource/template/default/Mypage/deck_entry_edit.twig:287	提出時に書式を一切確かめず、誤りがあってもそのまま保存して次の画面へ進む。編集画面のエラー文言は常に隠されたまま表示されない	src/Eccube/Controller/Front/Mypage/DeckEntryController.php:137-153 は入力テキストをそのまま登録処理へ渡すだけで書式判定が無く、src/Eccube/Resource/template/default/Mypage/deck_entry_edit.twig:282 / src/Eccube/Resource/template/default/Mypage/deck_entry_edit.twig:287 のエラー文言は hidden 固定で表示条件が無い	sheet-13_img1.png(SP)/img3.png(PC) の編集画面を確認	high	DeckEntryController-no-decklist-format-validation
sheet-13-R029	MATCHED						src/Eccube/Service/Front/Mypage/DeckEntryAction.php:58-72	プレイヤー名・大会情報・メイン/サイドのテキスト・フォーマット・非公開設定を保存する	src/Eccube/Service/Front/Mypage/DeckEntryAction.php:58-72 でプレイヤー名/大会名/開催日/フォーマット/テキスト/非公開(privateFlg=true, 表示区分=非表示)を設定して保存している		high	
sheet-13-R030	MATCHED						src/Eccube/Service/Front/Mypage/DeckEntryAction.php:56; src/Eccube/Service/Front/Mypage/DeckEntryAction.php:72	デッキ種別にイベントを設定して保存する	src/Eccube/Service/Front/Mypage/DeckEntryAction.php:56 でイベント用のデッキ種別を取得し src/Eccube/Service/Front/Mypage/DeckEntryAction.php:72 で設定している		high	
sheet-13-R031	NOT_IMPLEMENTED	P1	未実装	ふるまい	デッキを構築するカード情報を保存する	提出したデッキリストに含まれるカードが、そのデッキを構成するカードとして保存される	src/Eccube/Service/Front/Mypage/DeckEntryAction.php:37-83; src/Eccube/Service/Deck/CardListParserService.php:95-120	デッキ本体と入力テキストだけを保存し、デッキを構成するカードは1件も保存しない	src/Eccube/Service/Front/Mypage/DeckEntryAction.php:37-83 の登録処理はデッキ1件を保存して終わり、カードを保存する処理(src/Eccube/Service/Deck/CardListParserService.php:95-120)を呼んでいない		high	DeckEntryAction-no-deck-card-persistence
sheet-13-R032	MATCHED						src/Eccube/Service/Front/Mypage/DeckEntryAction.php:77	保存時にデッキ編集者を空にする	src/Eccube/Service/Front/Mypage/DeckEntryAction.php:77 で編集者に null を設定している		high	
sheet-13-R033	MATCHED						src/Eccube/Controller/Front/Mypage/DeckEntryController.php:147-151; src/Eccube/Service/MailService.php:2456-2461	登録後にデッキ登録完了メールを会員へ送る	src/Eccube/Controller/Front/Mypage/DeckEntryController.php:147-151 が src/Eccube/Service/MailService.php:2456 のデッキ登録完了メール送信を呼んでいる		high	
sheet-13-R034	MATCHED						src/Eccube/Controller/Front/Mypage/DeckEntryController.php:153; src/Eccube/Resource/template/default/Mypage/deck_entry_check.twig:1-20	登録後にデッキ登録の確認～完了画面へ遷移する	src/Eccube/Controller/Front/Mypage/DeckEntryController.php:153 で登録したデッキの確認～完了画面(src/Eccube/Resource/template/default/Mypage/deck_entry_check.twig)へ遷移している		high	
sheet-13-R035	OUT_OF_SCOPE								項目表のヘッダ行(または最大値/初期値/画面部品の説明)		high	
sheet-13-R036	MATCHED						src/Eccube/Resource/template/default/Mypage/deck_entry_edit.twig:155; src/Eccube/Resource/template/default/breadcrumb_nav.twig:153-155	編集画面にパンくずリストを表示する	src/Eccube/Resource/template/default/Mypage/deck_entry_edit.twig:155 でパンくずを読み込み、src/Eccube/Resource/template/default/breadcrumb_nav.twig:153-155 に本画面用の並び(ホーム>マイページ>デッキ登録編集)がある	sheet-13_img4.png のパンくず(⌂ > マイページ > デッキ登録編集)を確認	high	
sheet-13-R037	MATCHED						src/Eccube/Resource/template/default/breadcrumb_nav.twig:25-33; src/Eccube/Resource/template/default/breadcrumb_nav.twig:153-155	現在ページのパンくずはリンクにしない	src/Eccube/Resource/template/default/breadcrumb_nav.twig:25-33 の現在ページ用は見出し要素で描画されリンクを持たない。src/Eccube/Resource/template/default/breadcrumb_nav.twig:155 が本画面の現在ページ	sheet-13_img4.png のパンくず(⌂ > マイページ > デッキ登録編集)を確認	high	
sheet-13-R038	MATCHED						src/Eccube/Resource/template/default/breadcrumb_nav.twig:6-15; src/Eccube/Resource/template/default/breadcrumb_nav.twig:66	ホームアイコンからECのトップへ移動できる	src/Eccube/Resource/template/default/breadcrumb_nav.twig:6-15 のホームアイコンは src/Eccube/Resource/template/default/breadcrumb_nav.twig:66 で決まるトップページへのリンクになっている	sheet-13_img4.png のパンくず(⌂ > マイページ > デッキ登録編集)を確認	high	
sheet-13-R039	DESIGN_ISSUE				"2	名前	ラベル	-	-	-	※カスタマイズ対応、項目を除去"	項目表は名前を除去すると書くが、同じシートのレイアウト図には氏名(『山田 太郎 様』)が描かれており、どちらに従うか設計裁定が要る	src/Eccube/Resource/template/default/Mypage/deck_entry_edit.twig:160	実装は会員の氏名+『様』を表示しており、レイアウト図とは一致するが項目表の『項目を除去』とは食い違う	項目表(識別ID 2)は除去と書くが、レイアウト図には氏名が描かれている。正本内部で食い違うため実装の可否を決められない	sheet-13_img1.png(SP)/img3.png(PC) の編集画面を確認。SP/PCとも見出し直下に『山田 太郎 様』が描かれている	med	deck_entry_edit.twig-name-removal-conflict
sheet-13-R040	MATCHED						src/Eccube/Resource/template/default/Mypage/deck_entry_edit.twig:161	大会デッキ登録の利用ガイドへのリンクを表示する	src/Eccube/Resource/template/default/Mypage/deck_entry_edit.twig:161 に『大会デッキ登録ご利用ガイド』のリンクがある	sheet-13_img1.png(SP)/img3.png(PC) の編集画面を確認	high	
sheet-13-R041	UNVERIFIABLE						src/Eccube/Resource/template/default/Mypage/deck_entry_edit.twig:165	大会名は登録された大会名をそのまま表示する	『()内にフォーマットを表示』が、大会名として登録された文字列に含まれる括弧書きを指すのか、フォーマット名を組み立てて足すことを指すのかがシート本文からは決まらない。レイアウト図の大会名も括弧書きを含む1つの文字列として描かれており、静的解析ではどちらか判定できない	sheet-13_img1.png(SP)/img3.png(PC) の編集画面を確認。大会名『構築各種 平日朝の無料イベント［3回戦］無料（スタンダード／モダン／レガシー／パイオニア）』が1行の文字列として描かれている	med	
sheet-13-R042	MATCHED						src/Eccube/Resource/template/default/Mypage/deck_entry_edit.twig:167-170	開催店舗のラベルと店舗名を表示する	src/Eccube/Resource/template/default/Mypage/deck_entry_edit.twig:167-170 で開催店舗を表示している	sheet-13_img1.png(SP)/img3.png(PC) の編集画面を確認	high	
sheet-13-R043	MATCHED						src/Eccube/Resource/template/default/Mypage/deck_entry_edit.twig:171-174	開催日時を表示する	src/Eccube/Resource/template/default/Mypage/deck_entry_edit.twig:171-174 で開催日時を年月日時分で表示している	sheet-13_img1.png(SP)/img3.png(PC) の編集画面を確認	high	
sheet-13-R044	MATCHED						src/Eccube/Resource/template/default/Mypage/deck_entry_edit.twig:175-178	プレイヤー名(選手の英字姓名)を表示する	src/Eccube/Resource/template/default/Mypage/deck_entry_edit.twig:175-178 で選手の英字姓名を『お名前：』として表示している	sheet-13_img1.png(SP)/img3.png(PC) の編集画面を確認。お名前： Hareruya Taro の行に対応	high	
sheet-13-R045	MATCHED						src/Eccube/Resource/template/default/Mypage/deck_entry_edit.twig:187-194	選択できるフォーマットが2つ以上のときだけフォーマット選択エリアを出す	src/Eccube/Resource/template/default/Mypage/deck_entry_edit.twig:187-194 の判定で複数時のみ選択エリアを描画している	sheet-13_img1.png(SP)/img3.png(PC) の編集画面を確認	high	
sheet-13-R046	MATCHED						src/Eccube/Resource/template/default/Mypage/deck_entry_edit.twig:201-206	フォーマットは単一選択のラジオボタンで選ぶ	src/Eccube/Resource/template/default/Mypage/deck_entry_edit.twig:201-206 で name=format のラジオボタンを並べている	sheet-13_img1.png(SP)/img3.png(PC) の編集画面を確認	high	
sheet-13-R047	DESIGN_ISSUE				"10	使い方	リンク	-	-	-	(23)MTGアリーナからデッキリストをインポートする方法 へのページ内リンク"	カスタマイズ要件は識別ID 23 の解説を削除すると書く一方、項目表は 23 へのページ内リンク(識別ID 10)を残しており、リンク先の有無を設計で決める必要がある	src/Eccube/Resource/template/default/Mypage/deck_entry_edit.twig:223; src/Eccube/Resource/template/default/Mypage/deck_entry_edit.twig:320-322	実装は 23 の解説を残したうえで、そこへのページ内リンクも持っている	同じシート内でカスタマイズ要件(削除)と項目表(23へのリンク)が食い違う。どちらを正とするかで実装の可否が変わる	sheet-13_img1.png(SP)/img3.png(PC) の編集画面を確認。レイアウト図には『インポートして登録』脇のヘルプアイコンはあるが、リンク先の解説節は描かれていない	med	deck_entry_how_to_import.twig-removal-conflict
sheet-13-R048	MATCHED						src/Eccube/Resource/template/default/Mypage/deck_entry_edit.twig:225-228	インポートボタンを表示する	src/Eccube/Resource/template/default/Mypage/deck_entry_edit.twig:225-228 にインポートボタンがある	sheet-13_img1.png(SP)/img3.png(PC) の編集画面を確認	high	
sheet-13-R049	MATCHED						src/Eccube/Resource/template/default/Mypage/deck_entry_edit.twig:229-232	マイデッキを取得ボタンを表示する	src/Eccube/Resource/template/default/Mypage/deck_entry_edit.twig:229-232 に当該ボタンがある	sheet-13_img1.png(SP)/img3.png(PC) の編集画面を確認	high	
sheet-13-R050	MATCHED						src/Eccube/Resource/template/default/Mypage/deck_entry_edit.twig:236-238	カード名の入力欄(全角・半角可のテキスト)を置く	src/Eccube/Resource/template/default/Mypage/deck_entry_edit.twig:236-238 にカード名入力欄がある	sheet-13_img1.png(SP)/img3.png(PC) の編集画面を確認	high	
sheet-13-R051	MATCHED						src/Eccube/Resource/template/default/Mypage/deck_entry_edit.twig:247-256	メイン/サイドを単一選択するボード選択ボタンを置く	src/Eccube/Resource/template/default/Mypage/deck_entry_edit.twig:247-256 に name=board のラジオがある	sheet-13_img1.png(SP)/img3.png(PC) の編集画面を確認	high	
sheet-13-R052	MATCHED						src/Eccube/Resource/template/default/Mypage/deck_entry_edit.twig:261-266	追加枚数を1つ選ぶボタン(1〜4)を置く	src/Eccube/Resource/template/default/Mypage/deck_entry_edit.twig:261-266 に枚数選択ボタンがある	sheet-13_img1.png(SP)/img3.png(PC) の編集画面を確認。レイアウト図でも 1/2/3/4 のボタン並びとして描かれている	high	
sheet-13-R053	MATCHED						src/Eccube/Resource/template/default/Mypage/deck_entry_edit.twig:267-269	枚数を数字で入力する欄を置く	src/Eccube/Resource/template/default/Mypage/deck_entry_edit.twig:267-269 に枚数入力欄がある	sheet-13_img1.png(SP)/img3.png(PC) の編集画面を確認	high	
sheet-13-R054	MATCHED						src/Eccube/Resource/template/default/Mypage/deck_entry_edit.twig:270	枚数入力に対する追加ボタンを置く	src/Eccube/Resource/template/default/Mypage/deck_entry_edit.twig:270 に『枚追加』ボタンがある	sheet-13_img1.png(SP)/img3.png(PC) の編集画面を確認	high	
sheet-13-R055	MATCHED						src/Eccube/Resource/template/default/Mypage/deck_entry_edit.twig:280-284	メインボードの入力欄を置く	src/Eccube/Resource/template/default/Mypage/deck_entry_edit.twig:280-284 にメインボードの入力欄がある	sheet-13_img1.png(SP)/img3.png(PC) の編集画面を確認	high	
sheet-13-R056	MATCHED						src/Eccube/Resource/template/default/Mypage/deck_entry_edit.twig:285-289	サイドボードの入力欄を置く	src/Eccube/Resource/template/default/Mypage/deck_entry_edit.twig:285-289 にサイドボードの入力欄がある	sheet-13_img1.png(SP)/img3.png(PC) の編集画面を確認	high	
sheet-13-R057	MATCHED						src/Eccube/Resource/template/default/Mypage/deck_entry_edit.twig:300-309	入力形式に関する注意事項を表示する	src/Eccube/Resource/template/default/Mypage/deck_entry_edit.twig:300-309 に見出しと注意書きの一覧がある	sheet-13_img1.png(SP)/img3.png(PC) の編集画面を確認	high	
sheet-13-R058	MATCHED						src/Eccube/Resource/template/default/Mypage/deck_entry_edit.twig:303	注意事項に「半角数字+半角スペース+カード名の形式」が書かれている	src/Eccube/Resource/template/default/Mypage/deck_entry_edit.twig:303 に該当する注意書きがある	sheet-13_img1.png(SP)/img3.png(PC) の編集画面を確認	high	
sheet-13-R059	MATCHED						src/Eccube/Resource/template/default/Mypage/deck_entry_edit.twig:303	注意事項に「同上の説明文」が書かれている	src/Eccube/Resource/template/default/Mypage/deck_entry_edit.twig:303 に該当する注意書きがある	sheet-13_img1.png(SP)/img3.png(PC) の編集画面を確認	high	
sheet-13-R060	MATCHED						src/Eccube/Resource/template/default/Mypage/deck_entry_edit.twig:303	注意事項に「リストを直接編集する際の注意」が書かれている	src/Eccube/Resource/template/default/Mypage/deck_entry_edit.twig:303 に該当する注意書きがある	sheet-13_img1.png(SP)/img3.png(PC) の編集画面を確認	high	
sheet-13-R061	MATCHED						src/Eccube/Resource/template/default/Mypage/deck_entry_edit.twig:303	注意事項に「例)4 ラノワールのエルフ」が書かれている	src/Eccube/Resource/template/default/Mypage/deck_entry_edit.twig:303 に該当する注意書きがある	sheet-13_img1.png(SP)/img3.png(PC) の編集画面を確認	high	
sheet-13-R062	MATCHED						src/Eccube/Resource/template/default/Mypage/deck_entry_edit.twig:304	注意事項に「全角数字・全角スペースは使えない旨」が書かれている	src/Eccube/Resource/template/default/Mypage/deck_entry_edit.twig:304 に該当する注意書きがある	sheet-13_img1.png(SP)/img3.png(PC) の編集画面を確認	high	
sheet-13-R063	MATCHED						src/Eccube/Resource/template/default/Mypage/deck_entry_edit.twig:305	注意事項に「カード名は日本語・英語のどちらか」が書かれている	src/Eccube/Resource/template/default/Mypage/deck_entry_edit.twig:305 に該当する注意書きがある	sheet-13_img1.png(SP)/img3.png(PC) の編集画面を確認	high	
sheet-13-R064	MATCHED						src/Eccube/Resource/template/default/Mypage/deck_entry_edit.twig:306	注意事項に「変身カードは表面のカード名」が書かれている	src/Eccube/Resource/template/default/Mypage/deck_entry_edit.twig:306 に該当する注意書きがある	sheet-13_img1.png(SP)/img3.png(PC) の編集画面を確認	high	
sheet-13-R065	MATCHED						src/Eccube/Resource/template/default/Mypage/deck_entry_edit.twig:306	注意事項に「例)秘密を掘り下げる者」が書かれている	src/Eccube/Resource/template/default/Mypage/deck_entry_edit.twig:306 に該当する注意書きがある	sheet-13_img1.png(SP)/img3.png(PC) の編集画面を確認	high	
sheet-13-R066	MATCHED						src/Eccube/Resource/template/default/Mypage/deck_entry_edit.twig:307	注意事項に「分割カードは両側のカード名」が書かれている	src/Eccube/Resource/template/default/Mypage/deck_entry_edit.twig:307 に該当する注意書きがある	sheet-13_img1.png(SP)/img3.png(PC) の編集画面を確認	high	
sheet-13-R067	MATCHED						src/Eccube/Resource/template/default/Mypage/deck_entry_edit.twig:307	注意事項に「例)摩耗/損耗」が書かれている	src/Eccube/Resource/template/default/Mypage/deck_entry_edit.twig:307 に該当する注意書きがある	sheet-13_img1.png(SP)/img3.png(PC) の編集画面を確認	high	
sheet-13-R068	NOT_IMPLEMENTED	P3	未実装	IO	・分割カードは両側のカード名をご入力ください 例)摩耗/損耗 ・「Through the Omenpaths」のカードは「マジック：ザ・ギャザリング | マーベル スパイダーマン」のカードに変換されます	入力形式に関する注意事項に、該当セットのカードが別セットのカードへ変換される旨の案内が表示される	src/Eccube/Resource/template/default/Mypage/deck_entry_edit.twig:302-308; src/Eccube/Resource/template/default/Mypage/deck_entry_edit.en.twig:292-297	注意事項は5項目だけで、カード変換に関する案内が日本語・英語のどちらにも無い	src/Eccube/Resource/template/default/Mypage/deck_entry_edit.twig:302-308 の一覧は分割カードの例で終わっており、変換に関する項が存在しない	sheet-13_img1.png(SP)/img3.png(PC) の編集画面を確認。レイアウト図の注意事項には『「領界路の彼方」のカードは「マジック：ザ・ギャザリング｜マーベル スパイダーマン」のカードに変換されます』が6項目目として描かれている	high	deck_entry_edit.twig-card-conversion-notice-missing
sheet-13-R069	MATCHED						src/Eccube/Resource/template/default/Mypage/deck_entry_edit.twig:314	『デッキリストを提出する』ボタンを置く	src/Eccube/Resource/template/default/Mypage/deck_entry_edit.twig:314 に当該ボタンがある	sheet-13_img1.png(SP)/img3.png(PC) の編集画面を確認	high	
sheet-13-R070	MATCHED						src/Eccube/Resource/template/default/Mypage/deck_entry_edit.twig:315	キャンセルボタンを置く	src/Eccube/Resource/template/default/Mypage/deck_entry_edit.twig:315 に『キャンセル』がある	sheet-13_img1.png(SP)/img3.png(PC) の編集画面を確認	high	
sheet-13-R071	DESIGN_ISSUE				"23	MTGアリーナからデッキリストをインポートする方法		-	-	-	インポート、提出、完了までの手順を図解入りで解説"	カスタマイズ要件は本項目を削除すると書き、項目表は本項目を残している。どちらを正とするか設計裁定が要る	src/Eccube/Resource/template/default/Mypage/deck_entry_edit.twig:320-322; src/Eccube/Resource/template/default/Block/deck_entry_how_to_import.twig:11-29	実装は当該解説(図解入りの手順)を編集画面下部に表示している	同一シート内でカスタマイズ要件(削除)と項目表(存置)が矛盾する	sheet-13_img1.png(SP)/img3.png(PC) の編集画面を確認。レイアウト図には当該解説が描かれておらず、番号 23 もレイアウトの番号列に現れない	med	deck_entry_how_to_import.twig-removal-conflict
sheet-13-R072	OUT_OF_SCOPE								節見出し『インポートポップアップ画面』		high	
sheet-13-R073	OUT_OF_SCOPE								節見出し『機能仕様処理概要(★はカスタマイズ項目)』		high	
sheet-13-R074	MATCHED						src/Eccube/Resource/template/default/Mypage/deck_entry_edit.twig:89-117; src/Eccube/Resource/template/default/Mypage/deck_entry_edit.twig:343	貼り付けたMagic Online形式/MTG Arena形式のテキストを取り込める	src/Eccube/Resource/template/default/Mypage/deck_entry_edit.twig:343 の貼り付け欄の内容を src/Eccube/Resource/template/default/Mypage/deck_entry_edit.twig:89-117 が解析し、Deck/Sideboard 等の区切りと『枚数 カード名(セット)』の行を読み取っている	sheet-13_img6.png(SP)/img7.png(PC) のインポートモーダルを確認	high	
sheet-13-R075	MATCHED						src/Eccube/Resource/template/default/Mypage/deck_entry_edit.twig:81-87	インポート押下でモーダルを閉じ、メイン/サイド入力欄へ取り込んだテキストを入れる	src/Eccube/Resource/template/default/Mypage/deck_entry_edit.twig:81-87 が解析結果を両入力欄へ入れたあとモーダルを閉じている	sheet-13_img6.png(SP)/img7.png(PC) のインポートモーダルを確認	high	
sheet-13-R076	MATCHED						src/Eccube/Resource/template/default/Mypage/deck_entry_edit.twig:106-107	取り込めない書式の行は読み飛ばす	src/Eccube/Resource/template/default/Mypage/deck_entry_edit.twig:106-107 で『枚数 カード名』に合わない行を読み飛ばしている		high	
sheet-13-R077	MATCHED						src/Eccube/Resource/template/default/Mypage/deck_entry_edit.twig:81-117	取り込めない行があってもエラーメッセージは出さない	src/Eccube/Resource/template/default/Mypage/deck_entry_edit.twig:81-117 に警告・エラーを出す処理は無い		high	
sheet-13-R078	MATCHED						src/Eccube/Resource/template/default/Mypage/deck_entry_edit.twig:329; src/Eccube/Resource/template/default/Mypage/deck_entry_edit.twig:356	ポップアップの外側をクリックすると閉じる	src/Eccube/Resource/template/default/Mypage/deck_entry_edit.twig:329 / src/Eccube/Resource/template/default/Mypage/deck_entry_edit.twig:356 のモーダルは共通のモーダル機構で描かれ、その機構は既定で外側クリック時に閉じる(html/template/default/assets/hareruya/js/hareruya-main.js:1 の closeOnOverlayClick 既定値 true)	sheet-13_img6.png(SP)/img7.png(PC) のインポートモーダルを確認	med	
sheet-13-R079	OUT_OF_SCOPE								項目表のヘッダ行		high	
sheet-13-R080	MATCHED						src/Eccube/Resource/template/default/Mypage/deck_entry_edit.twig:342-343	デッキリストの貼り付け欄を置く	src/Eccube/Resource/template/default/Mypage/deck_entry_edit.twig:342-343 に入力欄がある	sheet-13_img6.png(SP)/img7.png(PC) のインポートモーダルを確認	high	
sheet-13-R081	MATCHED						src/Eccube/Resource/template/default/Mypage/deck_entry_edit.twig:347	インポートボタンを置く	src/Eccube/Resource/template/default/Mypage/deck_entry_edit.twig:347 に当該ボタンがある	sheet-13_img6.png(SP)/img7.png(PC) のインポートモーダルを確認	high	
sheet-13-R082	MATCHED						src/Eccube/Resource/template/default/Mypage/deck_entry_edit.twig:348; src/Eccube/Resource/template/default/Mypage/deck_entry_edit.twig:331-333	インポートせずに閉じるボタンを置く	src/Eccube/Resource/template/default/Mypage/deck_entry_edit.twig:348 の閉じるボタンと src/Eccube/Resource/template/default/Mypage/deck_entry_edit.twig:331-333 の×はモーダルを閉じるだけで取り込まない	sheet-13_img6.png(SP)/img7.png(PC) のインポートモーダルを確認	high	
sheet-13-R083	OUT_OF_SCOPE								節見出し『マイデッキを取得ポップアップ画面』		high	
sheet-13-R084	OUT_OF_SCOPE								節見出し『機能仕様処理概要(★はカスタマイズ項目)』		high	
sheet-13-R085	MATCHED						src/Eccube/Resource/template/default/Mypage/deck_entry_edit.twig:119-125	マイデッキを選ぶとモーダルが閉じる	src/Eccube/Resource/template/default/Mypage/deck_entry_edit.twig:119-125 でデッキ選択時に入力欄へ反映しモーダルを閉じている	sheet-13_img8.png(SP)/img9.png/img10.png(PC) のマイデッキ取得モーダルを確認	high	
sheet-13-R086	MATCHED						src/Eccube/Resource/template/default/Mypage/deck_entry_edit.twig:120-122	選んだデッキの内容がメイン/サイド入力欄へ入る	src/Eccube/Resource/template/default/Mypage/deck_entry_edit.twig:120-122 で両入力欄へデッキのテキストを入れている	sheet-13_img8.png(SP)/img9.png/img10.png(PC) のマイデッキ取得モーダルを確認	high	
sheet-13-R087	MATCHED						src/Eccube/Resource/template/default/Mypage/deck_entry_edit.twig:356	ポップアップの外側をクリックすると閉じる	src/Eccube/Resource/template/default/Mypage/deck_entry_edit.twig:356 のモーダルは共通のモーダル機構で描かれ、既定で外側クリック時に閉じる(html/template/default/assets/hareruya/js/hareruya-main.js:1)	sheet-13_img8.png(SP)/img9.png/img10.png(PC) のマイデッキ取得モーダルを確認	med	
sheet-13-R088	OUT_OF_SCOPE								項目表のヘッダ行		high	
sheet-13-R089	MATCHED						src/Eccube/Resource/template/default/Mypage/deck_entry_edit.twig:382-387; src/Eccube/Resource/template/default/Mypage/deck_entry_edit.twig:139-148	フォーマットを1つ選んで絞り込むセレクトボックスを置く	src/Eccube/Resource/template/default/Mypage/deck_entry_edit.twig:382-387 にセレクトボックスがあり src/Eccube/Resource/template/default/Mypage/deck_entry_edit.twig:139-148 で一覧を絞り込む	sheet-13_img8.png(SP)/img9.png/img10.png(PC) のマイデッキ取得モーダルを確認	high	
sheet-13-R090	NOT_IMPLEMENTED	P3	未実装	IO	"2	検索結果総数	ラベル	-	-	-	- 3	表示件数	ラベル	-	-	-	- 4	ページング	リンク	-	-	-	1ページあたりの最大表示数は20件ページ切り替えは動的に処理する"	マイデッキ取得のモーダルに、該当するデッキの総件数が表示される	src/Eccube/Resource/template/default/Mypage/deck_entry_edit.twig:368-390	モーダルには絞り込みとデッキ一覧だけがあり、総件数の表示が無い	src/Eccube/Resource/template/default/Mypage/deck_entry_edit.twig:368-390 のモーダル本文に件数を出す要素が無い	sheet-13_img8.png(SP)/img9.png/img10.png(PC) のマイデッキ取得モーダルを確認。『検索結果: 1,000件』が描かれている	high	deck_entry_edit.twig-mydeck-modal-no-paging
sheet-13-R091	NOT_IMPLEMENTED	P3	未実装	IO	"2	検索結果総数	ラベル	-	-	-	- 3	表示件数	ラベル	-	-	-	- 4	ページング	リンク	-	-	-	1ページあたりの最大表示数は20件ページ切り替えは動的に処理する"	マイデッキ取得のモーダルに、1ページあたりの表示件数が表示される	src/Eccube/Resource/template/default/Mypage/deck_entry_edit.twig:368-390	表示件数の表示が無い	src/Eccube/Resource/template/default/Mypage/deck_entry_edit.twig:368-390 のモーダル本文に表示件数を出す要素が無い	sheet-13_img8.png(SP)/img9.png/img10.png(PC) のマイデッキ取得モーダルを確認。『表示件数: 20件』が描かれている	high	deck_entry_edit.twig-mydeck-modal-no-paging
sheet-13-R092	NOT_IMPLEMENTED	P3	未実装	IO	1ページあたりの最大表示数は20件ページ切り替えは動的に処理する	マイデッキ一覧は1ページ20件までで表示され、ページを切り替えると画面遷移せずに続きが表示される	src/Eccube/Resource/template/default/Mypage/deck_entry_edit.twig:390-420	登録済みのマイデッキを件数の上限なく一度に全件並べ、ページ送りが無い	src/Eccube/Resource/template/default/Mypage/deck_entry_edit.twig:390-420 は取得したデッキを全件そのまま並べており、src/Eccube/Controller/Front/Mypage/DeckEntryController.php:80-83 でも件数を区切らずに取得している	sheet-13_img8.png(SP)/img9.png/img10.png(PC) のマイデッキ取得モーダルを確認。ページ番号 1 2 3 4 5 … 17 と次へが描かれている	high	deck_entry_edit.twig-mydeck-modal-no-paging
sheet-13-R093	MATCHED						src/Eccube/Resource/template/default/Mypage/deck_entry_edit.twig:391-419	デッキの件数分だけ行を繰り返す	src/Eccube/Resource/template/default/Mypage/deck_entry_edit.twig:391-419 でデッキごとに繰り返し描画している	sheet-13_img8.png(SP)/img9.png/img10.png(PC) のマイデッキ取得モーダルを確認	high	
sheet-13-R094	MATCHED						src/Eccube/Resource/template/default/Mypage/deck_entry_edit.twig:399-401	各デッキのフォーマットを表示する	src/Eccube/Resource/template/default/Mypage/deck_entry_edit.twig:399-401 でフォーマット名を出している	sheet-13_img8.png(SP)/img9.png/img10.png(PC) のマイデッキ取得モーダルを確認	high	
sheet-13-R095	MATCHED						src/Eccube/Resource/template/default/Mypage/deck_entry_edit.twig:402	各デッキのデッキ名を表示する	src/Eccube/Resource/template/default/Mypage/deck_entry_edit.twig:402 でデッキ名を出している	sheet-13_img8.png(SP)/img9.png/img10.png(PC) のマイデッキ取得モーダルを確認	high	
sheet-13-R096	MATCHED						src/Eccube/Resource/template/default/Mypage/deck_entry_edit.twig:404-407	各デッキのユーザー名(プレイヤー)を表示する	src/Eccube/Resource/template/default/Mypage/deck_entry_edit.twig:404-407 でプレイヤー名を出している	sheet-13_img8.png(SP)/img9.png/img10.png(PC) のマイデッキ取得モーダルを確認。『プレイヤー ミヤガワ ヨシヒロ』の行に対応	high	
sheet-13-R097	MATCHED						src/Eccube/Resource/template/default/Mypage/deck_entry_edit.twig:408-411	各デッキの作成日を表示する	src/Eccube/Resource/template/default/Mypage/deck_entry_edit.twig:408-411 で作成日を出している	sheet-13_img8.png(SP)/img9.png/img10.png(PC) のマイデッキ取得モーダルを確認	high	
sheet-13-R098	MATCHED						src/Eccube/Resource/template/default/Mypage/deck_entry_edit.twig:412-415	各デッキの最終更新日を表示する	src/Eccube/Resource/template/default/Mypage/deck_entry_edit.twig:412-415 で更新日を出している	sheet-13_img8.png(SP)/img9.png/img10.png(PC) のマイデッキ取得モーダルを確認	high	
sheet-13-R099	MATCHED						src/Eccube/Resource/template/default/Mypage/deck_entry_edit.twig:397	代表カード画像はPCのみ表示する	src/Eccube/Resource/template/default/Mypage/deck_entry_edit.twig:397 の画像要素は既定で非表示(html/template/default/assets/hareruya/css/hareruya-event.css の .p-hareruya-deckentry-edit__mydeck-item-img{display:none})で、広い画面幅でのみ表示される	sheet-13_img8.png(SP)/img9.png/img10.png(PC) のマイデッキ取得モーダルを確認。SP図には画像が無くPC図にのみ代表カード画像が描かれている	med	
sheet-13-R100	OUT_OF_SCOPE								現行仕様の機能名見出し		high	
sheet-13-R101	OUT_OF_SCOPE								現行仕様の小見出し『登録できる条件』		high	
sheet-13-R102	MATCHED						src/Eccube/Controller/Front/Mypage/DeckEntryController.php:53-58; src/Eccube/Controller/Front/Mypage/DeckEntryController.php:49	未ログインならログインへ誘導し、選手情報が無ければ画面を表示しない	src/Eccube/Controller/Front/Mypage/DeckEntryController.php:53-58 で選手情報が無ければ表示せず、ログイン必須の対象(src/Eccube/DependencyInjection/EccubeExtension.php:89)のため未ログインはログイン画面へ送られる		high	
sheet-13-R103	MATCHED						src/Eccube/Controller/Front/Mypage/DeckEntryController.php:60-63	大会詳細があり、デッキ登録可で締切前のときだけ画面を表示する	src/Eccube/Controller/Front/Mypage/DeckEntryController.php:60-63 で大会詳細の存在と登録可否を確かめ、満たさなければ画面を表示しない		high	
sheet-13-R104	OUT_OF_SCOPE								小見出し『登録済みデッキの初期表示』		high	
sheet-13-R105	MATCHED						src/Eccube/Controller/Front/Mypage/DeckEntryController.php:68-78; src/Eccube/Resource/template/default/Mypage/deck_entry_edit.twig:278-298	選択中フォーマットの登録済みデッキを初期値にし、フォーマットを切り替えると入力欄も切り替わる	src/Eccube/Controller/Front/Mypage/DeckEntryController.php:68-78 でフォーマットごとの登録済みデッキを集め、src/Eccube/Resource/template/default/Mypage/deck_entry_edit.twig:292-298 に控えたうえで src/Eccube/Resource/template/default/Mypage/deck_entry_edit.twig:26-32 が切り替え時に入力欄を入れ替える		high	
sheet-13-R106	OUT_OF_SCOPE								小見出し『カード名のサジェスト』		high	
sheet-13-R107	NOT_IMPLEMENTED	P3	未実装	ふるまい	サジェストの候補は、フォーマットごとに用意されたカード名一覧を参照する。イベントで選べるフォーマットの数だけ候補一覧を切り替える。	カード名の候補は選択中のフォーマットで使えるカード名から出る	src/Eccube/Controller/Front/Mypage/DeckEntryController.php:49-93; src/Eccube/Resource/template/default/Mypage/deck_entry_edit.twig:239-242	候補そのものが無い。画面へ渡すデータにもカード名の一覧が含まれない	src/Eccube/Controller/Front/Mypage/DeckEntryController.php:85-92 が画面へ渡すのは大会・選手・フォーマット・登録済みデッキ・マイデッキだけで、カード名一覧が無く、src/Eccube/Resource/template/default/Mypage/deck_entry_edit.twig:239-242 の候補枠も空		high	deck_entry_edit.twig-card-suggest-no-candidates
sheet-13-R108	OUT_OF_SCOPE								小見出し『マイデッキの取り込み』		high	
sheet-13-R109	DRIFT	P3	実装違い	ふるまい	マイデッキを指定したときは、そのデッキの内容で入力を上書きする。上書きするのは選択中のフォーマットの入力欄だけとする。マイデッキのフォーマットがそのイベントで選べるものなら、選択フォーマットをそのデッキのフォーマットに合わせる。	取り込んだマイデッキのフォーマットがその大会で選べるものなら、選択中のフォーマットがそのデッキのフォーマットへ変わる	src/Eccube/Resource/template/default/Mypage/deck_entry_edit.twig:119-125	入力欄は上書きされるが、選択中のフォーマットは変わらない(デッキのフォーマットを持っていながら選択に反映しない)	src/Eccube/Resource/template/default/Mypage/deck_entry_edit.twig:119-125 は入力欄への反映だけを行い、フォーマットの選択状態には触れていない	sheet-13_img8.png(SP)/img9.png/img10.png(PC) のマイデッキ取得モーダルを確認	high	deck_entry_edit.twig-mydeck-import-no-format-switch
sheet-13-R110	MATCHED						src/Eccube/Controller/Front/Mypage/DeckEntryController.php:80-83; src/Eccube/Resource/template/default/Mypage/deck_entry_edit.twig:391	本人のデッキのときだけ取り込む	src/Eccube/Controller/Front/Mypage/DeckEntryController.php:80-83 でログイン中の選手が作成したデッキだけを集め、src/Eccube/Resource/template/default/Mypage/deck_entry_edit.twig:391 はその一覧からしか選べない		high	
sheet-13-R111	DRIFT	P3	実装違い	IO	デッキの取得が成功し、かつそのデッキの所有者がログイン中の選手本人であるときだけ上書きする。本人のデッキでないときは上書きしない。 取り込むカード名は、日本語名があれば日本語名を、無ければ英語名を用いる。統率領域のボードに置かれたカードは、メインボードの先頭に足して取り込む。	統率領域に置かれたカードがメインボードの先頭に足された状態で取り込まれる	src/Eccube/Resource/template/default/Mypage/deck_entry_edit.twig:392-396; src/Eccube/Resource/template/default/Mypage/deck_entry_edit.twig:119-125	マイデッキのメイン欄・サイド欄のテキストだけを写しており、統率領域の内容は取り込まれない	src/Eccube/Resource/template/default/Mypage/deck_entry_edit.twig:392-396 が画面へ渡すのはメイン・サイドのテキストだけで、src/Eccube/Resource/template/default/Mypage/deck_entry_edit.twig:119-125 もその2つしか入力欄へ入れない。統率領域のテキストは扱っていない	sheet-13_img8.png(SP)/img9.png/img10.png(PC) のマイデッキ取得モーダルを確認	med	deck_entry_edit.twig-mydeck-import-ignores-command-board
sheet-13-R112	MATCHED						src/Eccube/Controller/Front/Mypage/DeckEntryController.php:80-83	マイデッキ一覧は本人のデッキを作成日の降順で並べる	src/Eccube/Controller/Front/Mypage/DeckEntryController.php:80-83 で作成日の降順に並べて取得している	sheet-13_img8.png(SP)/img9.png/img10.png(PC) のマイデッキ取得モーダルを確認	high	
sheet-13-R113	OUT_OF_SCOPE								小見出し『入力の解釈』		high	
sheet-13-R114	DRIFT	P2	実装違い	IO	メインボードとサイドボードの入力は、アリーナ表記のカード名を実カード名に置き換えたうえで解釈し、置き換えた後のテキストを保存する。	保存されるデッキリストのテキストは、アリーナ表記のカード名が実カード名へ置き換わったものになる	src/Eccube/Service/Front/Mypage/DeckEntryAction.php:49-50; src/Eccube/Service/Front/Mypage/DeckEntryAction.php:66-67; src/Eccube/Service/Deck/CardListParserService.php:135-140	入力されたテキストをそのまま保存し、アリーナ表記から実カード名への置き換えを行わない	src/Eccube/Service/Front/Mypage/DeckEntryAction.php:49-50 と src/Eccube/Service/Front/Mypage/DeckEntryAction.php:66-67 は受け取った文字列をそのまま保存している。カード名を整える処理(src/Eccube/Service/Deck/CardListParserService.php:135-140)も丸括弧を落とすだけでアリーナ表記の読み替えを持たない		med	DeckEntryAction-saves-raw-decklist-text
sheet-13-R115	OUT_OF_SCOPE								『解釈では次のように扱う。』は後続の箇条書きへの前置き		high	
sheet-13-R116	MATCHED						src/Eccube/Service/Deck/CardListParserService.php:54-57	空行は読み飛ばす	src/Eccube/Service/Deck/CardListParserService.php:54-57 で空行を読み飛ばしている		high	
sheet-13-R117	MATCHED						src/Eccube/Service/Deck/CardListParserService.php:72-88	同じカードが複数行にあるときは枚数を合算して1件にまとめる	src/Eccube/Service/Deck/CardListParserService.php:72-88 で既出のカードなら枚数を足し込んでいる		high	
sheet-13-R118	DRIFT	P3	実装違い	ふるまい	カード名を囲む二重山括弧は取り除く。分割カードの区切りは、二重スラッシュ・全角プラス・前後に半角スペースを置いたスラッシュのいずれで書かれていても同じ区切りとして扱う。	カード名が二重山括弧で囲まれていても、分割カードの区切りがどの書き方でも、同じカードとして扱われる	src/Eccube/Service/Deck/CardListParserService.php:135-140	丸括弧の中身を落とすだけで、二重山括弧の除去も分割カードの区切りの読み替えもしない	src/Eccube/Service/Deck/CardListParserService.php:135-140 のカード名整形は丸括弧の除去と前後の空白落としだけ。二重山括弧・区切り記号に触れる処理が無い		med	CardListParserService-no-bracket-and-split-normalization
sheet-13-R119	OUT_OF_SCOPE								小見出し『書式の誤りの扱い』		high	
sheet-13-R120	NOT_IMPLEMENTED	P1	未実装	ふるまい	書式の判定はメインボードとサイドボードで別々に行い、それぞれ最初に誤りが見つかった行で打ち切る。誤りがあったときは、入力した内容と、どちらのボードで誤ったかが保持される。	提出時にメイン・サイドを別々に書式判定し、誤ったボードと入力内容が編集画面に残る	src/Eccube/Controller/Front/Mypage/DeckEntryController.php:137-153	提出時に書式判定をしないため、誤ったボードも入力内容も保持されない	src/Eccube/Controller/Front/Mypage/DeckEntryController.php:137-153 に書式を確かめる処理が無く、誤りの有無に関わらず保存して次画面へ進む		high	DeckEntryController-no-decklist-format-validation
sheet-13-R121	OUT_OF_SCOPE								小見出し『提出の判定順序』		high	
sheet-13-R122	MATCHED						src/Eccube/Controller/Front/Mypage/DeckEntryController.php:101	なりすまし対策トークンが不正な提出は受け付けない	src/Eccube/Controller/Front/Mypage/DeckEntryController.php:101 で提出時にトークンの正当性を確かめている		high	
sheet-13-R123	MATCHED						src/Eccube/Controller/Front/Mypage/DeckEntryController.php:104-108	選手情報が特定できないときは画面を表示しない	src/Eccube/Controller/Front/Mypage/DeckEntryController.php:104-108 で選手情報が無ければ表示しない		high	
sheet-13-R124	MATCHED						src/Eccube/Controller/Front/Mypage/DeckEntryController.php:118-135	選択フォーマットが確定できないときは画面を表示しない	src/Eccube/Controller/Front/Mypage/DeckEntryController.php:133-135 でフォーマットが確定できなければ表示しない		high	
sheet-13-R125	MATCHED						src/Eccube/Controller/Front/Mypage/DeckEntryController.php:110-113	大会詳細が登録可でないときは画面を表示しない	src/Eccube/Controller/Front/Mypage/DeckEntryController.php:110-113 で大会詳細の存在と登録可否を確かめている		high	
sheet-13-R126	NOT_IMPLEMENTED	P1	未実装	ふるまい	"5	メイン・サイドの書式が正しいか	誤りなら登録せず、入力を保持する"	メイン・サイドの書式に誤りがあるときは登録せず、入力した内容を保持した編集画面に留まる	src/Eccube/Controller/Front/Mypage/DeckEntryController.php:137-153	書式の正しさを確かめずに登録するため、誤りがあっても登録が成立してしまう	src/Eccube/Controller/Front/Mypage/DeckEntryController.php:137-153 に書式判定が無い		high	DeckEntryController-no-decklist-format-validation
sheet-13-R127	DRIFT	P3	実装違い	ふるまい	フォーマットが送られてこないときは、そのイベントで選べるフォーマットの先頭を選択フォーマットとする。送られてきた値がそのイベントで選べるフォーマットに無いときは確定できないものとして扱う。	フォーマットの指定が無い提出でも、その大会で選べるフォーマットの先頭を選んだものとして登録できる	src/Eccube/Controller/Front/Mypage/DeckEntryController.php:118-135	選べるフォーマットが1つ以上あるとき、指定が無い提出は該当なしとして扱われ画面を表示しない	src/Eccube/Controller/Front/Mypage/DeckEntryController.php:120-131 は指定値と一致するフォーマットだけを探し、指定が無い場合(0)の既定を持たない。先頭を採るのは選べるフォーマットが1つも無いときだけ(src/Eccube/Controller/Front/Mypage/DeckEntryController.php:122-123)		med	DeckEntryController-format-default-missing
sheet-13-R128	OUT_OF_SCOPE								小見出し『上書きするデッキの同定』		high	
sheet-13-R129	MATCHED						src/Eccube/Service/Front/Mypage/DeckEntryAction.php:41-45	大会詳細・選手・フォーマットが一致する登録済みデッキを上書きし、無ければ新規に作る	src/Eccube/Service/Front/Mypage/DeckEntryAction.php:41-51 で3つが一致する登録済みデッキを探し、あれば上書き、無ければ新規作成している。ただし『登録済みカードの取り除きと登録し直し』は sheet-13-R031 と同じ欠陥として指摘済み		high	
sheet-13-R130	OUT_OF_SCOPE								小見出し『新規に作るときのプレイヤー名』		high	
sheet-13-R131	DRIFT	P3	実装違い	IO	選手情報の英字の姓名を半角スペースでつないだものをプレイヤー名とする。英字の姓名がいずれも空のときは、会員の住所地が海外なら会員の氏名を、そうでなければ会員の氏名カナを用いる。	英字の姓名が無い会員のデッキには、住所地が海外なら会員の氏名、そうでなければ会員の氏名カナがプレイヤー名として登録される	src/Eccube/Service/Front/Mypage/DeckEntryAction.php:85-107	英字姓名が無いときは選手情報の日本語姓名を使い、それも空なら残った1つを使う。会員の氏名・氏名カナも住所地も見ていない	src/Eccube/Service/Front/Mypage/DeckEntryAction.php:92-106 の代替はすべて選手情報の姓名で、会員の氏名/氏名カナや海外判定を参照していない		med	DeckEntryAction-player-name-fallback
sheet-13-R132	OUT_OF_SCOPE								小見出し『デッキを構成するカードとして保存しないもの』		high	
sheet-13-R133	DRIFT	P2	実装違い	ふるまい	カード名が現行のカード情報と一致しない行は、入力テキストとしては保存するが、デッキを構成するカードとしては保存しない。	カード名が一致する行はデッキを構成するカードとして保存され、一致しない行は入力テキストにだけ残る	src/Eccube/Service/Front/Mypage/DeckEntryAction.php:37-83	一致する行も含めてデッキを構成するカードを一切保存しない	src/Eccube/Service/Front/Mypage/DeckEntryAction.php:37-83 でカードを保存する処理を呼んでいないため、一致・不一致の区別自体が存在しない		high	DeckEntryAction-no-deck-card-persistence
sheet-13-R134	OUT_OF_SCOPE								小見出し『完了メールの扱い』		high	
sheet-13-R135	MATCHED						src/Eccube/Controller/Front/Mypage/DeckEntryController.php:147-151	完了メールが送れなくても登録は成立し、画面表示にも出さない	src/Eccube/Controller/Front/Mypage/DeckEntryController.php:147-151 でメール送信の失敗は記録するだけで、画面や遷移に影響しない		high	
sheet-13-R136	OUT_OF_SCOPE								小見出し『編集を取りやめたとき』		high	
sheet-13-R137	DRIFT	P3	実装違い	ふるまい	キャンセルを選んだときは、入力中の内容を登録せずにイベント一覧へ戻る。	キャンセルすると入力内容は登録されず、参加した大会の一覧画面へ戻る	src/Eccube/Resource/template/default/Mypage/deck_entry_edit.twig:315; src/Eccube/Resource/template/default/Mypage/event_history.twig:146	登録はされないが、戻り先が大会の一覧ではなくマイページのトップになっている	src/Eccube/Resource/template/default/Mypage/deck_entry_edit.twig:315 の戻り先はマイページトップ。大会一覧は別画面として存在し(src/Eccube/Resource/template/default/Mypage/event_history.twig:146 がこの編集画面への入口、src/Eccube/Resource/template/default/Mypage/deck_entry_check.twig:97 も『大会一覧に戻る』でそこへ戻す)	sheet-13_img1.png(SP)/img3.png(PC) の編集画面を確認	med	deck_entry_edit.twig-cancel-returns-to-mypage
sheet-13-R138	OUT_OF_SCOPE								小見出し『他機能との境界』		high	
sheet-13-R139	MATCHED						src/Eccube/Controller/Front/Mypage/DeckEntryController.php:180; src/Eccube/Resource/template/default/Mypage/deck_entry_check.twig:40-94	枚数の上下限・禁止カード・制限カードの判定は確認画面で行う	src/Eccube/Controller/Front/Mypage/DeckEntryController.php:180 で確認画面用の検証結果を作り src/Eccube/Resource/template/default/Mypage/deck_entry_check.twig:40-94 で表示している(本機能側の書式判定の欠落は sheet-13-R028 で指摘済み)		high	
sheet-13-R140	MATCHED						src/Eccube/Controller/Front/Mypage/DeckEntryController.php:120-143	選択フォーマット・メイン・サイド・トークン・マイデッキ対象を入力として受ける	src/Eccube/Controller/Front/Mypage/DeckEntryController.php:101 でトークン、src/Eccube/Controller/Front/Mypage/DeckEntryController.php:120-143 でフォーマットとメイン・サイドを受け取り、マイデッキは src/Eccube/Resource/template/default/Mypage/deck_entry_edit.twig:119-125 で入力欄へ反映される		high	
sheet-13-R141	MATCHED						src/Eccube/Service/Front/Mypage/DeckEntryAction.php:41-82	登録済みデッキの上書き、または新規登録を行う	src/Eccube/Service/Front/Mypage/DeckEntryAction.php:41-82 で既存があれば上書き、無ければ新規登録している		high	
sheet-13-R142	DRIFT	P1	実装違い	ふるまい	"失敗時出力	書式エラー時は入力とエラー箇所を保持した編集画面。選手情報なし・登録不可・フォーマット未確定のときは画面を表示しない。"	書式エラーのときは入力内容と誤ったボードを保持した編集画面が返る	src/Eccube/Controller/Front/Mypage/DeckEntryController.php:104-153	選手情報なし・登録不可・フォーマット未確定で画面を表示しない点は合っているが、書式エラーという失敗自体が起きず、常に登録して次画面へ進む	src/Eccube/Controller/Front/Mypage/DeckEntryController.php:104-135 の3つの表示しない条件はあるが、src/Eccube/Controller/Front/Mypage/DeckEntryController.php:137-153 に書式判定が無く失敗時の編集画面へ戻る経路が存在しない		high	DeckEntryController-no-decklist-format-validation
sheet-13-R143	OUT_OF_SCOPE								小見出し『入出力: 永続化』		high	
sheet-13-R144	MATCHED						src/Eccube/Service/Front/Mypage/DeckEntryAction.php:52-82	一致する登録済みデッキが無い状態での提出でデッキを登録する	src/Eccube/Service/Front/Mypage/DeckEntryAction.php:52-82 で新規デッキを作って保存している		high	
sheet-13-R145	DRIFT	P1	実装違い	ふるまい	"デッキの更新（登録済みカードの削除と再登録）	イベント詳細・選手情報・フォーマットが一致する登録済みデッキがある状態での提出"	既存デッキへの提出では、そのデッキに登録済みのカードが入れ替わる	src/Eccube/Service/Front/Mypage/DeckEntryAction.php:41-51	既存デッキのテキストと更新日時だけを書き換え、登録済みカードの削除も再登録もしない	src/Eccube/Service/Front/Mypage/DeckEntryAction.php:41-51 の更新はテキストと更新日時のみで、カードを扱う処理が無い		high	DeckEntryAction-no-deck-card-persistence
sheet-13-R146	MATCHED						src/Eccube/Resource/template/default/Mypage/deck_entry_edit.twig:421-423	マイデッキが無いときモーダル本文に『マイデッキがありません。』を出す	src/Eccube/Resource/template/default/Mypage/deck_entry_edit.twig:421-423 でマイデッキが0件のとき当該文言を表示している	sheet-13_img8.png(SP)/img9.png/img10.png(PC) のマイデッキ取得モーダルを確認	high	
sheet-13-R147	MATCHED						src/Eccube/Resource/template/default/Mypage/deck_entry_edit.twig:303	注意事項に『半角数字 + 半角スペース + カード名の形式でご入力いただく仕様となっております。』を常時表示する	src/Eccube/Resource/template/default/Mypage/deck_entry_edit.twig:303 に当該文言がある	sheet-13_img1.png(SP)/img3.png(PC) の編集画面を確認	high	
sheet-13-R148	DRIFT	P3	実装違い	IO	"—	入力形式の注意事項	When typing the cards in manually please use: amount - space - name formatting	編集画面の表示時に常時（英語表示）	画面に留まる"	英語表示の編集画面に『When typing the cards in manually please use: amount - space - name formatting』が表示される	src/Eccube/Resource/template/default/Mypage/deck_entry_edit.en.twig:293	『Please enter in the format: number + single-byte space + card name.』と別の文言になっている	src/Eccube/Resource/template/default/Mypage/deck_entry_edit.en.twig:293 の英語注意文が設計の文言と一致しない		med	deck_entry_edit.en.twig-notice-wording
sheet-13-R149	MATCHED						src/Eccube/Resource/template/default/Mypage/deck_entry_edit.twig:304	注意事項に『全角数字、全角スペースは使用できません』を常時表示する	src/Eccube/Resource/template/default/Mypage/deck_entry_edit.twig:304 に当該文言がある	sheet-13_img1.png(SP)/img3.png(PC) の編集画面を確認	high	
sheet-13-R150	MATCHED						src/Eccube/Resource/template/default/Mypage/deck_entry_edit.twig:305	注意事項に『カード名は日本語・英語のどちらかをご入力ください』を常時表示する	src/Eccube/Resource/template/default/Mypage/deck_entry_edit.twig:305 に当該文言がある	sheet-13_img1.png(SP)/img3.png(PC) の編集画面を確認	high	
sheet-13-R151	DRIFT	P3	実装違い	IO	"—	入力形式の注意事項	Card names can only be entered in English or Japanese.	編集画面の表示時に常時（英語表示）	画面に留まる"	英語表示の編集画面に『Card names can only be entered in English or Japanese.』が表示される	src/Eccube/Resource/template/default/Mypage/deck_entry_edit.en.twig:295	『Enter card names in either Japanese or English.』と別の文言になっている	src/Eccube/Resource/template/default/Mypage/deck_entry_edit.en.twig:295 の英語注意文が設計の文言と一致しない		med	deck_entry_edit.en.twig-notice-wording
sheet-13-R152	NOT_IMPLEMENTED	P1	未実装	IO	"—	メインボードの入力欄の上	メインボードの入力形式に誤りがあります。以下の入力形式に関する注意事項をご確認の上、再度デッキリストをご提出ください。	提出時にメインボードの書式に誤りがあり編集画面へ戻ったとき	入力を保持したまま編集画面に留まる"	メインボードの書式に誤りがあって編集画面へ戻ったとき、入力欄の上に当該メッセージが表示される	src/Eccube/Resource/template/default/Mypage/deck_entry_edit.twig:282; src/Eccube/Controller/Front/Mypage/DeckEntryController.php:137-153	文言はテンプレートに置かれているが常に隠されたままで、表示される条件が実装されていない	src/Eccube/Resource/template/default/Mypage/deck_entry_edit.twig:282 は hidden 固定で、表示を切り替える処理が無い。書式エラーで編集画面へ戻る経路自体が src/Eccube/Controller/Front/Mypage/DeckEntryController.php:137-153 に無い	sheet-13_img1.png(SP)/img3.png(PC) の編集画面を確認	high	DeckEntryController-no-decklist-format-validation
sheet-13-R153	DRIFT	P3	実装違い	IO	"—	メインボードの入力欄の上	There is an error in the input format of the main board. Please check the notes on the following input format and submit the deck list again.	提出時にメインボードの書式に誤りがあり編集画面へ戻ったとき（英語表示）	入力を保持したまま編集画面に留まる"	英語表示でメインボードの書式に誤りがあったとき、当該文言が入力欄の上に表示される	src/Eccube/Resource/template/default/Mypage/deck_entry_edit.en.twig:273; src/Eccube/Controller/Front/Mypage/DeckEntryController.php:137-153	文言が『There is an error in the Mainboard input format. Please review the notes on the input format below and submit your deck list again.』と異なり、かつ常に隠されたままで表示されない	src/Eccube/Resource/template/default/Mypage/deck_entry_edit.en.twig:273 は hidden 固定で表示条件が無く、文言も設計と一致しない		high	DeckEntryController-no-decklist-format-validation
sheet-13-R154	NOT_IMPLEMENTED	P1	未実装	IO	"—	サイドボードの入力欄の上	サイドボードの入力形式に誤りがあります。以下の入力形式に関する注意事項をご確認の上、再度デッキリストをご提出ください。	提出時にサイドボードの書式に誤りがあり編集画面へ戻ったとき	入力を保持したまま編集画面に留まる"	サイドボードの書式に誤りがあって編集画面へ戻ったとき、入力欄の上に当該メッセージが表示される	src/Eccube/Resource/template/default/Mypage/deck_entry_edit.twig:287; src/Eccube/Controller/Front/Mypage/DeckEntryController.php:137-153	文言はテンプレートに置かれているが常に隠されたままで、表示される条件が実装されていない	src/Eccube/Resource/template/default/Mypage/deck_entry_edit.twig:287 は hidden 固定で表示を切り替える処理が無い	sheet-13_img1.png(SP)/img3.png(PC) の編集画面を確認	high	DeckEntryController-no-decklist-format-validation
sheet-13-R155	DRIFT	P3	実装違い	IO	"—	サイドボードの入力欄の上	There is an error in the input format of the sideboard. Please check the notes on the following input format and submit the deck list again.	提出時にサイドボードの書式に誤りがあり編集画面へ戻ったとき（英語表示）	入力を保持したまま編集画面に留まる"	英語表示でサイドボードの書式に誤りがあったとき、当該文言が入力欄の上に表示される	src/Eccube/Resource/template/default/Mypage/deck_entry_edit.en.twig:278; src/Eccube/Controller/Front/Mypage/DeckEntryController.php:137-153	文言が『There is an error in the Sideboard input format. Please review the notes on the input format below and submit your deck list again.』と異なり、かつ常に隠されたままで表示されない	src/Eccube/Resource/template/default/Mypage/deck_entry_edit.en.twig:278 は hidden 固定で表示条件が無く、文言も設計と一致しない		high	DeckEntryController-no-decklist-format-validation
sheet-13-R156	NOT_IMPLEMENTED	P3	未実装	IO	"—	カード名入力欄付近	カード名が入力されていません。	カード選択でカード名が空のままのとき	画面に留まる"	カード名が空のまま追加操作をしたとき、カード名入力欄の付近に『カード名が入力されていません。』が表示される	src/Eccube/Resource/template/default/Mypage/deck_entry_edit.twig:42-44	カード名が空のときは何も起きず、メッセージも表示されない	src/Eccube/Resource/template/default/Mypage/deck_entry_edit.twig:42-44 は空なら黙って処理を終えるだけで、文言を出す処理がテンプレートにも無い	sheet-13_img1.png(SP)/img3.png(PC) の編集画面を確認	high	deck_entry_edit.twig-card-input-error-message-missing
sheet-13-R157	NOT_IMPLEMENTED	P3	未実装	IO	"—	カード名入力欄付近	No Cardname is set.	カード選択でカード名が空のままのとき（英語表示）	画面に留まる"	英語表示でカード名が空のまま追加操作をしたとき『No Cardname is set.』が表示される	src/Eccube/Resource/template/default/Mypage/deck_entry_edit.en.twig:40-42	英語表示でも何も起きず、メッセージが無い	src/Eccube/Resource/template/default/Mypage/deck_entry_edit.en.twig:40-42 も空なら黙って終えるだけで、当該文言はテンプレートに存在しない		high	deck_entry_edit.twig-card-input-error-message-missing
sheet-13-R158	NOT_IMPLEMENTED	P3	未実装	IO	"—	カード名入力欄付近	枚数は半角数字で指定して下さい(0枚にはできません)	カード選択で枚数が不正なとき	画面に留まる"	枚数が不正なとき、カード名入力欄の付近に『枚数は半角数字で指定して下さい(0枚にはできません)』が表示される	src/Eccube/Resource/template/default/Mypage/deck_entry_edit.twig:63-68	枚数が不正なときは何も起きず、メッセージも表示されない	src/Eccube/Resource/template/default/Mypage/deck_entry_edit.twig:63-68 は整数かつ1以上のときだけ行を足し、それ以外は黙って終える	sheet-13_img1.png(SP)/img3.png(PC) の編集画面を確認	high	deck_entry_edit.twig-card-input-error-message-missing
sheet-13-R159	NOT_IMPLEMENTED	P3	未実装	IO	"—	カード名入力欄付近	Card amount is not set 1 or greater number.	カード選択で枚数が不正なとき（英語表示）	画面に留まる"	英語表示で枚数が不正なとき『Card amount is not set 1 or greater number.』が表示される	src/Eccube/Resource/template/default/Mypage/deck_entry_edit.en.twig:59-63	英語表示でも何も起きず、メッセージが無い	src/Eccube/Resource/template/default/Mypage/deck_entry_edit.en.twig:59-63 も不正な枚数では黙って終えるだけで、当該文言はテンプレートに存在しない		high	deck_entry_edit.twig-card-input-error-message-missing
sheet-13-R160	OUT_OF_SCOPE								カード単位の検証メッセージはデッキ確認画面(sheet-14 大会デッキ登録確認～完了)の要求であり、本機能の実装対象ではない		high	
sheet-14-R001	OUT_OF_SCOPE								レイアウト図の前に置かれた節見出しで、実装対象の要求ではない。	sheet-14_img1/img3（SP/PC完成イメージ）とsheet-14_img2（パンくず）を確認済み。	high	
sheet-14-R002	OUT_OF_SCOPE								カスタマイズ要件の前置き。個別のふるまいを定めていない。	sheet-14_img1/img3（SP/PC完成イメージ）とsheet-14_img2（パンくず）を確認済み。	high	
sheet-14-R003	MATCHED						src/Eccube/Resource/template/default/Mypage/deck_entry_check.twig:15-30		デッキ登録完了画面のヘッダ(src/Eccube/Resource/template/default/Mypage/deck_entry_check.twig:15-30)に会員名・開催店舗・お名前しか出力されず、DCIナンバーの表示は無い。現行のDCIナンバー表示が削除されている。	sheet-14_img1/img3（SP/PC完成イメージ）とsheet-14_img2（パンくず）を確認済み。	high	
sheet-14-R004	MATCHED						src/Eccube/Resource/template/default/Mypage/deck_entry_check.twig:21-23		開催店舗ラベルと店舗名を出力している(src/Eccube/Resource/template/default/Mypage/deck_entry_check.twig:21-23)。英語版も同じ(src/Eccube/Resource/template/default/Mypage/deck_entry_check.en.twig:21-23)。	sheet-14_img1/img3（SP/PC完成イメージ）とsheet-14_img2（パンくず）を確認済み。	high	
sheet-14-R005	OUT_OF_SCOPE								「記載の内容以外は現行踏襲」という適用方針の記述で、個別の実装要求ではない。	sheet-14_img1/img3（SP/PC完成イメージ）とsheet-14_img2（パンくず）を確認済み。	high	
sheet-14-R006	OUT_OF_SCOPE								機能仕様処理概要の節見出し。	sheet-14_img1/img3（SP/PC完成イメージ）とsheet-14_img2（パンくず）を確認済み。	high	
sheet-14-R007	MATCHED						src/Eccube/Controller/Front/Mypage/DeckEntryController.php:145-153		登録は枚数エラーの有無に関わらず保存され(src/Eccube/Service/Front/Mypage/DeckEntryAction.php:47-80)、保存後に完了画面へ進む(src/Eccube/Controller/Front/Mypage/DeckEntryController.php:145-153)。完了画面は登録を取り消さずエラーだけを表示する(src/Eccube/Resource/template/default/Mypage/deck_entry_check.twig:45-49)。	sheet-14_img1/img3（SP/PC完成イメージ）とsheet-14_img2（パンくず）を確認済み。	high	
sheet-14-R008	MATCHED						src/Eccube/Service/Deck/DeckValidationService.php:118-136;src/Eccube/Resource/template/default/Mypage/deck_entry_check.twig:45-58		メイン・サイドを別配列で検査し(src/Eccube/Service/Deck/DeckValidationService.php:118-136)、完了画面でメインボード・サイドボードそれぞれの見出し下に出力する(src/Eccube/Resource/template/default/Mypage/deck_entry_check.twig:45-49, src/Eccube/Resource/template/default/Mypage/deck_entry_check.twig:54-58)。	sheet-14_img1/img3（SP/PC完成イメージ）とsheet-14_img2（パンくず）を確認済み。	high	
sheet-14-R009	MATCHED						src/Eccube/Service/Deck/DeckValidationService.php:327		ボード合計が最大枚数を超えると超過メッセージを積む(src/Eccube/Service/Deck/DeckValidationService.php:324-331)。	sheet-14_img1/img3（SP/PC完成イメージ）とsheet-14_img2（パンくず）を確認済み。	high	
sheet-14-R010	MATCHED						src/Eccube/Service/Deck/DeckValidationService.php:329		ボード合計が最小枚数を下回ると不足メッセージを積む(src/Eccube/Service/Deck/DeckValidationService.php:324-331)。設計行の「より多い場合」は最小枚数側の記述で、実装は下回り側を判定している。	sheet-14_img1/img3（SP/PC完成イメージ）とsheet-14_img2（パンくず）を確認済み。	high	
sheet-14-R011	MATCHED						src/Eccube/Service/Deck/DeckValidationService.php:231		カード別メッセージに行番号とカード名を引数として渡している(src/Eccube/Service/Deck/DeckValidationService.php:229-232)。完了画面のカードリスト上に出力される(src/Eccube/Resource/template/default/Mypage/deck_entry_check.twig:45-50)。	sheet-14_img1/img3（SP/PC完成イメージ）とsheet-14_img2（パンくず）を確認済み。	high	
sheet-14-R012	MATCHED						src/Eccube/Service/Deck/DeckValidationService.php:233-235		カード名が辞書に無い行を不明カードとして検出する(src/Eccube/Service/Deck/DeckValidationService.php:233-235)。	sheet-14_img1/img3（SP/PC完成イメージ）とsheet-14_img2（パンくず）を確認済み。	high	
sheet-14-R013	MATCHED						src/Eccube/Service/Deck/DeckValidationService.php:237-240		フォーマット対象外のカードを検出する(src/Eccube/Service/Deck/DeckValidationService.php:237-240)。	sheet-14_img1/img3（SP/PC完成イメージ）とsheet-14_img2（パンくず）を確認済み。	high	
sheet-14-R014	MATCHED						src/Eccube/Service/Deck/DeckValidationService.php:244-246		禁止カードを検出する(src/Eccube/Service/Deck/DeckValidationService.php:244-246)。	sheet-14_img1/img3（SP/PC完成イメージ）とsheet-14_img2（パンくず）を確認済み。	high	
sheet-14-R015	MATCHED						src/Eccube/Service/Deck/DeckValidationService.php:247-249		制限カードで2枚以上のときに検出する(src/Eccube/Service/Deck/DeckValidationService.php:247-249)。	sheet-14_img1/img3（SP/PC完成イメージ）とsheet-14_img2（パンくず）を確認済み。	high	
sheet-14-R016	MATCHED						src/Eccube/Service/Deck/DeckValidationService.php:256-261		同一カードが4枚を超えるときに検出する(src/Eccube/Service/Deck/DeckValidationService.php:256-261)。	sheet-14_img1/img3（SP/PC完成イメージ）とsheet-14_img2（パンくず）を確認済み。	high	
sheet-14-R017	OUT_OF_SCOPE								項目定義表のヘッダ行。	sheet-14_img1/img3（SP/PC完成イメージ）とsheet-14_img2（パンくず）を確認済み。	high	
sheet-14-R018	MATCHED						src/Eccube/Resource/template/default/Mypage/deck_entry_check.twig:12;src/Eccube/Resource/template/default/breadcrumb_nav.twig:157-159		完了画面がパンくずを読み込み(src/Eccube/Resource/template/default/Mypage/deck_entry_check.twig:12)、ホーム・マイページ・現在ページの3段を出力する(src/Eccube/Resource/template/default/breadcrumb_nav.twig:157-159)。	sheet-14_img1/img3（SP/PC完成イメージ）とsheet-14_img2（パンくず）を確認済み。	high	
sheet-14-R019	MATCHED						src/Eccube/Resource/template/default/breadcrumb_nav.twig:25-32		現在ページはリンクではなく見出しとして出力され押下できない(src/Eccube/Resource/template/default/breadcrumb_nav.twig:25-32)。	sheet-14_img1/img3（SP/PC完成イメージ）とsheet-14_img2（パンくず）を確認済み。	high	
sheet-14-R020	MATCHED						src/Eccube/Resource/template/default/breadcrumb_nav.twig:6-13;src/Eccube/Resource/template/default/breadcrumb_nav.twig:52		ホームアイコンはECトップへのリンク(src/Eccube/Resource/template/default/breadcrumb_nav.twig:6-13, src/Eccube/Resource/template/default/breadcrumb_nav.twig:52)。	sheet-14_img1/img3（SP/PC完成イメージ）とsheet-14_img2（パンくず）を確認済み。	high	
sheet-14-R021	DESIGN_ISSUE				2 名前 ラベル - - - ※カスタマイズ対応、項目を除去				項目表は識別ID2「名前」を除去すると書くが、同じシートのレイアウト図(sheet-14_img1/img3)は完成イメージとして「山田 太郎 様」を表示しており、カスタマイズ説明にも名前除去の記載が無い。実装(src/Eccube/Resource/template/default/Mypage/deck_entry_check.twig:16)はレイアウト図どおり会員名を表示している。正本内部で食い違うため設計裁定待ち。	sheet-14_img1/img3のいずれにも「山田 太郎 様」が描かれている。	med	
sheet-14-R022	DRIFT	P3	実装違い	IO	3 大会名 ラベル - - - ()内にフォーマットを表示	大会名の後ろの括弧内に、その大会に設定されたフォーマットが表示される。	src/Eccube/Resource/template/default/Mypage/deck_entry_check.twig:18	大会名は大会名称だけを出力し、括弧内のフォーマット表示が無い(src/Eccube/Resource/template/default/Mypage/deck_entry_check.twig:18、英語版もsrc/Eccube/Resource/template/default/Mypage/deck_entry_check.en.twig:18)。	レイアウト図では「初心者体験会 in アキハバラ(SP)」と括弧付きで描かれているが、実装は大会名称のみ。フォーマットは別枠でのみ表示される(src/Eccube/Resource/template/default/Mypage/deck_entry_check.twig:36-40)。	sheet-14_img3で大会名が「初心者体験会 in アキハバラ(SP)」と括弧付きで描かれていることを確認。	high	deck_entry_check.twig-event-name-without-formats
sheet-14-R023	MATCHED						src/Eccube/Resource/template/default/Mypage/deck_entry_check.twig:21-23		開催店舗を表示している(src/Eccube/Resource/template/default/Mypage/deck_entry_check.twig:21-23)。	sheet-14_img1/img3（SP/PC完成イメージ）とsheet-14_img2（パンくず）を確認済み。	high	
sheet-14-R024	MATCHED						src/Eccube/Resource/template/default/Mypage/deck_entry_check.twig:24-27		お名前としてデッキのプレイヤー名を表示している(src/Eccube/Resource/template/default/Mypage/deck_entry_check.twig:24-27)。	sheet-14_img1/img3（SP/PC完成イメージ）とsheet-14_img2（パンくず）を確認済み。	high	
sheet-14-R025	MATCHED						src/Eccube/Resource/template/default/Mypage/deck_entry_check.twig:36-40		フォーマット名を表示している(src/Eccube/Resource/template/default/Mypage/deck_entry_check.twig:36-40)。	sheet-14_img1/img3（SP/PC完成イメージ）とsheet-14_img2（パンくず）を確認済み。	high	
sheet-14-R026	MATCHED						src/Eccube/Resource/template/default/Mypage/deck_entry_check.twig:44		メインボード見出しに括弧付きで合計枚数を出力(src/Eccube/Resource/template/default/Mypage/deck_entry_check.twig:44)。合計はsrc/Eccube/Service/Deck/DeckValidationService.php:103で算出。	sheet-14_img1/img3（SP/PC完成イメージ）とsheet-14_img2（パンくず）を確認済み。	high	
sheet-14-R027	MATCHED						src/Eccube/Resource/template/default/Mypage/deck_entry_check.twig:45-49		メインボードのエラーを見出し直下に出力(src/Eccube/Resource/template/default/Mypage/deck_entry_check.twig:45-49)。	sheet-14_img1/img3（SP/PC完成イメージ）とsheet-14_img2（パンくず）を確認済み。	high	
sheet-14-R028	MATCHED						src/Eccube/Resource/template/default/Mypage/deck_entry_check.twig:50		メインボードのデッキリストを出力(src/Eccube/Resource/template/default/Mypage/deck_entry_check.twig:50)。	sheet-14_img1/img3（SP/PC完成イメージ）とsheet-14_img2（パンくず）を確認済み。	high	
sheet-14-R029	MATCHED						src/Eccube/Resource/template/default/Mypage/deck_entry_check.twig:53		サイドボード見出しに括弧付きで合計枚数を出力(src/Eccube/Resource/template/default/Mypage/deck_entry_check.twig:53)。	sheet-14_img1/img3（SP/PC完成イメージ）とsheet-14_img2（パンくず）を確認済み。	high	
sheet-14-R030	MATCHED						src/Eccube/Resource/template/default/Mypage/deck_entry_check.twig:54-58		サイドボードのエラーを見出し直下に出力(src/Eccube/Resource/template/default/Mypage/deck_entry_check.twig:54-58)。	sheet-14_img1/img3（SP/PC完成イメージ）とsheet-14_img2（パンくず）を確認済み。	high	
sheet-14-R031	MATCHED						src/Eccube/Resource/template/default/Mypage/deck_entry_check.twig:59		サイドボードのデッキリストを出力(src/Eccube/Resource/template/default/Mypage/deck_entry_check.twig:59)。	sheet-14_img1/img3（SP/PC完成イメージ）とsheet-14_img2（パンくず）を確認済み。	high	
sheet-14-R032	MATCHED						src/Eccube/Resource/template/default/Mypage/deck_entry_check.twig:66-76		メインボードのカード画像と枚数を並べて表示(src/Eccube/Resource/template/default/Mypage/deck_entry_check.twig:66-76)。	sheet-14_img1/img3（SP/PC完成イメージ）とsheet-14_img2（パンくず）を確認済み。	high	
sheet-14-R033	MATCHED						src/Eccube/Resource/template/default/Mypage/deck_entry_check.twig:80-90		サイドボードのカード画像と枚数を並べて表示(src/Eccube/Resource/template/default/Mypage/deck_entry_check.twig:80-90)。	sheet-14_img1/img3（SP/PC完成イメージ）とsheet-14_img2（パンくず）を確認済み。	high	
sheet-14-R034	DRIFT	P3	実装違い	ふるまい	15 大会一覧に戻る ボタン - - - イベント・大会のトップページに遷移する	「大会一覧に戻る」を押すと、イベント・大会のトップページが表示される。	src/Eccube/Resource/template/default/Mypage/deck_entry_check.twig:97;src/Eccube/Controller/Front/EventTopController.php:46	「大会一覧に戻る」はマイページの大会・デッキ登録履歴一覧へ戻る(src/Eccube/Resource/template/default/Mypage/deck_entry_check.twig:97、英語版もsrc/Eccube/Resource/template/default/Mypage/deck_entry_check.en.twig:97)。イベント・大会のトップページは別に用意されている(src/Eccube/Controller/Front/EventTopController.php:46)。	遷移先の画面そのものが設計と異なる。マイページの履歴一覧はログイン会員の参加履歴で、イベント・大会トップとは別画面。	sheet-14_img1/img3（SP/PC完成イメージ）とsheet-14_img2（パンくず）を確認済み。	med	deck_entry_check.twig-back-to-event-list-destination
sheet-14-R035	MATCHED						src/Eccube/Resource/template/default/Mypage/deck_entry_check.twig:98-100		「デッキ編集に戻る」でデッキ編集画面へ戻る(src/Eccube/Resource/template/default/Mypage/deck_entry_check.twig:98-100)。	sheet-14_img1/img3（SP/PC完成イメージ）とsheet-14_img2（パンくず）を確認済み。	high	
sheet-14-R036	OUT_OF_SCOPE								現行仕様の見出し行。	sheet-14_img1/img3（SP/PC完成イメージ）とsheet-14_img2（パンくず）を確認済み。	high	
sheet-14-R037	OUT_OF_SCOPE								現行仕様の小見出し。	sheet-14_img1/img3（SP/PC完成イメージ）とsheet-14_img2（パンくず）を確認済み。	high	
sheet-14-R038	MATCHED						src/Eccube/Controller/Front/Mypage/DeckEntryController.php:103-135		選手情報が無い・イベント詳細が無い/登録不可(フラグ・期限)・妥当なフォーマットが無い場合は登録せず画面を出さない(src/Eccube/Controller/Front/Mypage/DeckEntryController.php:103-135)。期限と登録フラグはcanBeRegisteredDeckで判定(src/Eccube/Controller/Front/Mypage/DeckEntryController.php:111)。	sheet-14_img1/img3（SP/PC完成イメージ）とsheet-14_img2（パンくず）を確認済み。	high	
sheet-14-R039	OUT_OF_SCOPE								判定順序表の小見出し。	sheet-14_img1/img3（SP/PC完成イメージ）とsheet-14_img2（パンくず）を確認済み。	high	
sheet-14-R040	MATCHED						src/Eccube/Controller/Front/Mypage/DeckEntryController.php:101		提出時にトークンを検証し、不正なら受け付けない(src/Eccube/Controller/Front/Mypage/DeckEntryController.php:101)。	sheet-14_img1/img3（SP/PC完成イメージ）とsheet-14_img2（パンくず）を確認済み。	high	
sheet-14-R041	MATCHED						src/Eccube/Controller/Front/Mypage/DeckEntryController.php:103-108		選手情報が特定できないときは登録しない(src/Eccube/Controller/Front/Mypage/DeckEntryController.php:103-108)。	sheet-14_img1/img3（SP/PC完成イメージ）とsheet-14_img2（パンくず）を確認済み。	high	
sheet-14-R042	MATCHED						src/Eccube/Controller/Front/Mypage/DeckEntryController.php:118-135		妥当なフォーマットを特定できないときは登録しない(src/Eccube/Controller/Front/Mypage/DeckEntryController.php:118-135)。	sheet-14_img1/img3（SP/PC完成イメージ）とsheet-14_img2（パンくず）を確認済み。	high	
sheet-14-R043	MATCHED						src/Eccube/Controller/Front/Mypage/DeckEntryController.php:110-113		イベント詳細が無い・登録不可のときは登録しない(src/Eccube/Controller/Front/Mypage/DeckEntryController.php:110-113)。	sheet-14_img1/img3（SP/PC完成イメージ）とsheet-14_img2（パンくず）を確認済み。	high	
sheet-14-R044	MATCHED						src/Eccube/Resource/template/default/Mypage/deck_entry_edit.twig:282-288		書式エラーはデッキ編集画面側で扱う旨が同シートに明記されており(src/Eccube/Resource/template/default/Mypage/deck_entry_edit.twig:282, src/Eccube/Resource/template/default/Mypage/deck_entry_edit.twig:287)、編集画面が入力形式の誤りを画面上に表示して提出させない。	sheet-14_img1/img3（SP/PC完成イメージ）とsheet-14_img2（パンくず）を確認済み。	high	
sheet-14-R045	MATCHED						src/Eccube/Controller/Front/Mypage/DeckEntryController.php:145-153		検査を通ると上書きまたは新規作成し(src/Eccube/Service/Front/Mypage/DeckEntryAction.php:41-80)、完了画面へ進む(src/Eccube/Controller/Front/Mypage/DeckEntryController.php:145-153)。	sheet-14_img1/img3（SP/PC完成イメージ）とsheet-14_img2（パンくず）を確認済み。	high	
sheet-14-R046	OUT_OF_SCOPE								登録内容の小見出し。	sheet-14_img1/img3（SP/PC完成イメージ）とsheet-14_img2（パンくず）を確認済み。	high	
sheet-14-R047	MATCHED						src/Eccube/Service/Deck/CardListParserService.php:62-67		アリーナ表記(セット記号・番号付き)を含む行を解析し、括弧部分を除いた実カード名でカードを特定する(src/Eccube/Service/Deck/CardListParserService.php:62-67, src/Eccube/Service/Deck/CardListParserService.php:134-140)。	sheet-14_img1/img3（SP/PC完成イメージ）とsheet-14_img2（パンくず）を確認済み。	high	
sheet-14-R048	MATCHED						src/Eccube/Service/Front/Mypage/DeckEntryAction.php:41-75		同一イベント詳細・選手・フォーマットの登録済みデッキがあれば上書きし、無ければ選手名・大会名・大会日・非公開区分・フォーマット・デッキ種別を設定して新規作成する(src/Eccube/Service/Front/Mypage/DeckEntryAction.php:41-75)。DCIナンバーはカスタマイズ要件で削除対象。カード行の入れ替えはsheet-14-R063で判定。	sheet-14_img1/img3（SP/PC完成イメージ）とsheet-14_img2（パンくず）を確認済み。	high	
sheet-14-R049	DRIFT	P3	実装違い	IO	新規作成時の選手名は選手の英字姓名とする。英字姓名が空のときは、海外会員は会員氏名、それ以外は会員カナ氏名とする。	選手の英字姓名が空のときは、海外会員なら会員氏名、それ以外は会員カナ氏名がプレイヤー名として登録・表示される。	src/Eccube/Service/Front/Mypage/DeckEntryAction.php:85-107	英字姓名が空のときは選手の日本語姓名を使い、それも空なら空文字になる(src/Eccube/Service/Front/Mypage/DeckEntryAction.php:85-107)。会員氏名・会員カナ氏名や海外会員かどうかは参照していない。	登録されたプレイヤー名は完了画面のお名前欄に表示される(src/Eccube/Resource/template/default/Mypage/deck_entry_check.twig:26)ため、画面に出る値が設計と変わる。	sheet-14_img1/img3（SP/PC完成イメージ）とsheet-14_img2（パンくず）を確認済み。	med	DeckEntryAction-player-name-fallback
sheet-14-R050	MATCHED						src/Eccube/Service/Front/Mypage/DeckEntryAction.php:77;src/Eccube/Controller/Front/Mypage/DeckEntryController.php:147-151		保存前に編集者情報を消去し(src/Eccube/Service/Front/Mypage/DeckEntryAction.php:77)、保存後に完了メールを送信する(src/Eccube/Controller/Front/Mypage/DeckEntryController.php:147-151)。	sheet-14_img1/img3（SP/PC完成イメージ）とsheet-14_img2（パンくず）を確認済み。	high	
sheet-14-R051	OUT_OF_SCOPE								登録完了画面の小見出し。	sheet-14_img1/img3（SP/PC完成イメージ）とsheet-14_img2（パンくず）を確認済み。	high	
sheet-14-R052	MATCHED						src/Eccube/Controller/Front/Mypage/DeckEntryController.php:161-178		選手情報が無い・デッキが無い・当該選手のデッキでない・イベント詳細が無いときは画面を表示しない(src/Eccube/Controller/Front/Mypage/DeckEntryController.php:161-178)。	sheet-14_img1/img3（SP/PC完成イメージ）とsheet-14_img2（パンくず）を確認済み。	high	
sheet-14-R053	MATCHED						src/Eccube/Resource/template/default/Mypage/deck_entry_check.twig:26;src/Eccube/Service/Front/Mypage/DeckEntryAction.php:92-93		お名前欄には登録時に確定した選手の英字姓名を表示する(src/Eccube/Resource/template/default/Mypage/deck_entry_check.twig:26, src/Eccube/Service/Front/Mypage/DeckEntryAction.php:92-93)。	sheet-14_img1/img3（SP/PC完成イメージ）とsheet-14_img2（パンくず）を確認済み。	high	
sheet-14-R054	DRIFT	P3	実装違い	IO	大会名に添えるフォーマットは、その大会に設定されたフォーマットをすべて並べる。	大会名には、その大会に設定されたフォーマットがすべて添えて表示される。	src/Eccube/Resource/template/default/Mypage/deck_entry_check.twig:18;src/Eccube/Resource/template/default/Mypage/deck_entry_check.twig:36-40	大会名は大会名称だけで、フォーマットは添えられない(src/Eccube/Resource/template/default/Mypage/deck_entry_check.twig:18)。フォーマット欄はデッキのフォーマットがあれば常に単独表示される(src/Eccube/Resource/template/default/Mypage/deck_entry_check.twig:36-40)。	sheet-14-R022と同じ実装箇所の欠落。大会名にフォーマットが並ばない。	sheet-14_img1/img3（SP/PC完成イメージ）とsheet-14_img2（パンくず）を確認済み。	med	deck_entry_check.twig-event-name-without-formats
sheet-14-R055	DRIFT	P3	実装違い	IO	カード画像を持たないカードは代替画像を表示する。	カード画像が登録されていないカードでも、代替の画像が枚数とともに表示される。	src/Eccube/Resource/template/default/Mypage/deck_entry_check.twig:70-72;src/Eccube/Resource/template/default/Mypage/deck_entry_check.en.twig:70-72	画像URLが無いカードは画像要素そのものを出力せず、枚数だけが残る(src/Eccube/Resource/template/default/Mypage/deck_entry_check.twig:70-72, src/Eccube/Resource/template/default/Mypage/deck_entry_check.twig:84-86)。代替画像の差し替えは行っていない。	商品側には代替画像の仕組みがある(src/Eccube/Twig/Extension/EccubeExtension.php:162)が、デッキ登録完了画面では使われていない。	sheet-14_img1/img3（SP/PC完成イメージ）とsheet-14_img2（パンくず）を確認済み。	high	deck_entry_check.twig-no-fallback-card-image
sheet-14-R056	OUT_OF_SCOPE								他機能との境界の小見出し。	sheet-14_img1/img3（SP/PC完成イメージ）とsheet-14_img2（パンくず）を確認済み。	high	
sheet-14-R057	OUT_OF_SCOPE								デッキ編集画面が扱う範囲を示す境界の記述で、本機能への実装要求ではない。	sheet-14_img1/img3（SP/PC完成イメージ）とsheet-14_img2（パンくず）を確認済み。	high	
sheet-14-R058	MATCHED						src/Eccube/Controller/Front/Mypage/DeckEntryController.php:101-143;src/Eccube/Controller/Front/Mypage/DeckEntryController.php:161-180		提出時にイベント詳細・フォーマット・メイン/サイドのカードリスト・トークンを受け取り(src/Eccube/Controller/Front/Mypage/DeckEntryController.php:101-143)、確認時は対象デッキを受け取る(src/Eccube/Controller/Front/Mypage/DeckEntryController.php:161-180)。	sheet-14_img1/img3（SP/PC完成イメージ）とsheet-14_img2（パンくず）を確認済み。	high	
sheet-14-R059	MATCHED						src/Eccube/Controller/Front/Mypage/DeckEntryController.php:145-153		保存・完了画面への遷移・完了メール送信を行う(src/Eccube/Controller/Front/Mypage/DeckEntryController.php:145-153)。	sheet-14_img1/img3（SP/PC完成イメージ）とsheet-14_img2（パンくず）を確認済み。	high	
sheet-14-R060	MATCHED						src/Eccube/Controller/Front/Mypage/DeckEntryController.php:110-135;src/Eccube/Resource/template/default/Mypage/deck_entry_edit.twig:282		条件を満たさないときは画面を出さない(src/Eccube/Controller/Front/Mypage/DeckEntryController.php:110-135)。書式エラーは編集画面側で入力を保持したまま表示する(src/Eccube/Resource/template/default/Mypage/deck_entry_edit.twig:282)。	sheet-14_img1/img3（SP/PC完成イメージ）とsheet-14_img2（パンくず）を確認済み。	high	
sheet-14-R061	OUT_OF_SCOPE								永続化表の小見出し。	sheet-14_img1/img3（SP/PC完成イメージ）とsheet-14_img2（パンくず）を確認済み。	high	
sheet-14-R062	MATCHED						src/Eccube/Service/Front/Mypage/DeckEntryAction.php:52-80		登録済みデッキが無い状態の提出でデッキを新規登録する(src/Eccube/Service/Front/Mypage/DeckEntryAction.php:52-80)。	sheet-14_img1/img3（SP/PC完成イメージ）とsheet-14_img2（パンくず）を確認済み。	high	
sheet-14-R063	DRIFT	P3	実装違い	ふるまい	デッキの更新（既存カード行の削除と再登録） 登録済みデッキがある状態での提出	登録済みデッキに再提出したとき、前回登録分のカード内訳が残らず、提出した内容のカード内訳だけが記録される。	src/Eccube/Service/Front/Mypage/DeckEntryAction.php:47-51;src/Eccube/Service/Admin/Deck/DeckStoreAction.php:133-135	再提出ではデッキ本体のカードリスト文字列を上書きするだけで、カード内訳は登録も削除もされない(src/Eccube/Service/Front/Mypage/DeckEntryAction.php:47-51)。管理側の登録では同じ解析結果からカード内訳を登録している(src/Eccube/Service/Admin/Deck/DeckStoreAction.php:133-135)。	フロントの大会デッキ登録経路だけカード内訳が残らないため、デッキのカード構成を参照する処理から見えない。	sheet-14_img1/img3（SP/PC完成イメージ）とsheet-14_img2（パンくず）を確認済み。	med	DeckEntryAction-no-deck-card-rows
sheet-14-R064	MATCHED						src/Eccube/Resource/template/default/Mypage/deck_entry_check.twig:14		完了見出しに「デッキ登録完了」を表示(src/Eccube/Resource/template/default/Mypage/deck_entry_check.twig:14)。	sheet-14_img1/img3（SP/PC完成イメージ）とsheet-14_img2（パンくず）を確認済み。	high	
sheet-14-R065	DRIFT	P3	実装違い	IO	— 完了見出し Registration Complete デッキ登録完了画面の表示時（英語表示） 画面に留まる	英語表示のデッキ登録完了画面の見出しは「Registration Complete」と表示される。	src/Eccube/Resource/template/default/Mypage/deck_entry_check.en.twig:14	英語版の見出しは「Deck Registration Complete」(src/Eccube/Resource/template/default/Mypage/deck_entry_check.en.twig:14)。	英語表示時の見出し文言が設計の指定と異なる。	sheet-14_img1/img3（SP/PC完成イメージ）とsheet-14_img2（パンくず）を確認済み。	med	deck_entry_check.en.twig-en-wording
sheet-14-R066	MATCHED						src/Eccube/Resource/template/default/Mypage/deck_entry_check.twig:32		完了案内文が設計どおり(src/Eccube/Resource/template/default/Mypage/deck_entry_check.twig:32)。	sheet-14_img1/img3（SP/PC完成イメージ）とsheet-14_img2（パンくず）を確認済み。	high	
sheet-14-R067	DRIFT	P3	実装違い	IO	— 完了案内 The following deck below has been registered.<br>Please check if your registration is correct. デッキ登録完了画面の表示時（英語表示） 画面に留まる	英語表示の完了案内は「The following deck below has been registered.」「Please check if your registration is correct.」と表示される。	src/Eccube/Resource/template/default/Mypage/deck_entry_check.en.twig:32	英語版の案内文は「Your deck has been registered with the following details.」「Please make sure the information is correct.」(src/Eccube/Resource/template/default/Mypage/deck_entry_check.en.twig:32)。	英語表示時の案内文言が設計の指定と異なる。	sheet-14_img1/img3（SP/PC完成イメージ）とsheet-14_img2（パンくず）を確認済み。	med	deck_entry_check.en.twig-en-wording
sheet-14-R068	DESIGN_ISSUE				※「領界路の彼方」のカードは「マジック：ザ・ギャザリング				表示メッセージ表は変換注意を「※「領界路の彼方」のカードは…」と定めるが、同じシートのレイアウト図(sheet-14_img1/img3)は「「Through the Omenpaths」のカードは…」と英語名・※無しで描かれている。実装(src/Eccube/Resource/template/default/Mypage/deck_entry_check.twig:33)はレイアウト図と一致する。正本内部で文言が食い違うため設計裁定待ち。	sheet-14_img1/img3の変換注意が「「Through the Omenpaths」のカードは「マジック：ザ・ギャザリング｜マーベル スパイダーマン」のカードに変換されます。」であることを確認。	med	
sheet-14-R069	MATCHED						src/Eccube/Resource/template/default/Mypage/deck_entry_check.en.twig:33		英語版の変換注意が設計どおり(src/Eccube/Resource/template/default/Mypage/deck_entry_check.en.twig:33)。	sheet-14_img1/img3（SP/PC完成イメージ）とsheet-14_img2（パンくず）を確認済み。	high	
sheet-14-R070	MATCHED						src/Eccube/Resource/locale/messages.ja.yaml:4432;src/Eccube/Service/Deck/DeckValidationService.php:328		最大枚数超過メッセージが設計どおり(src/Eccube/Resource/locale/messages.ja.yaml:4432)、ボード見出し下に出力される(src/Eccube/Resource/template/default/Mypage/deck_entry_check.twig:45-49)。	sheet-14_img1/img3（SP/PC完成イメージ）とsheet-14_img2（パンくず）を確認済み。	high	
sheet-14-R071	DRIFT	P3	実装違い	IO	— 各ボード見出しの下 Your main / side board has %d card(s) over limit of registration. 完了画面で当該ボードの枚数がフォーマット最大枚数を超えるとき（英語表示） 登録は取り消さず画面に留まる	英語表示で、ボードの枚数が最大枚数を超えたとき「Your main / side board has %d card(s) over limit of registration.」と表示される。	src/Eccube/Resource/locale/messages.en.yaml:3810	英語文言は「Board exceeds maximum card count (%count%)」(src/Eccube/Resource/locale/messages.en.yaml:3810)。	英語表示時のボード枚数超過メッセージが設計の指定と異なる。	sheet-14_img1/img3（SP/PC完成イメージ）とsheet-14_img2（パンくず）を確認済み。	med	messages.en.yaml-deck-validation-en-wording
sheet-14-R072	MATCHED						src/Eccube/Resource/locale/messages.ja.yaml:4433		最小枚数不足メッセージが設計どおり(src/Eccube/Resource/locale/messages.ja.yaml:4433)。	sheet-14_img1/img3（SP/PC完成イメージ）とsheet-14_img2（パンくず）を確認済み。	high	
sheet-14-R073	DRIFT	P3	実装違い	IO	— 各ボード見出しの下 Your main / side board will need %d card(s) to complete registration. 完了画面で当該ボードの枚数がフォーマット最小枚数を下回るとき（英語表示） 登録は取り消さず画面に留まる	英語表示で、ボードの枚数が最小枚数を下回るとき「Your main / side board will need %d card(s) to complete registration.」と表示される。	src/Eccube/Resource/locale/messages.en.yaml:3811	英語文言は「Board is below minimum card count (%count%)」(src/Eccube/Resource/locale/messages.en.yaml:3811)。	英語表示時のボード枚数不足メッセージが設計の指定と異なる。	sheet-14_img1/img3（SP/PC完成イメージ）とsheet-14_img2（パンくず）を確認済み。	med	messages.en.yaml-deck-validation-en-wording
sheet-14-R074	MATCHED						src/Eccube/Resource/locale/messages.ja.yaml:4426		不明カードのメッセージが設計どおり(src/Eccube/Resource/locale/messages.ja.yaml:4426)。	sheet-14_img1/img3（SP/PC完成イメージ）とsheet-14_img2（パンくず）を確認済み。	high	
sheet-14-R075	DRIFT	P3	実装違い	IO	— 該当ボードのカードリスト上 Column no.%d, %s does not exist. 行のカード名が辞書に無いとき（英語表示） 登録は取り消さず画面に留まる	英語表示で、辞書に無いカード名の行は「Column no.%d, %s does not exist.」と表示される。	src/Eccube/Resource/locale/messages.en.yaml:3804	英語文言は「Line %row%: %name% does not exist」(src/Eccube/Resource/locale/messages.en.yaml:3804)。	英語表示時の不明カードメッセージが設計の指定と異なる。	sheet-14_img1/img3（SP/PC完成イメージ）とsheet-14_img2（パンくず）を確認済み。	med	messages.en.yaml-deck-validation-en-wording
sheet-14-R076	MATCHED						src/Eccube/Resource/locale/messages.ja.yaml:4428		禁止カードのメッセージが設計どおり(src/Eccube/Resource/locale/messages.ja.yaml:4428)。	sheet-14_img1/img3（SP/PC完成イメージ）とsheet-14_img2（パンくず）を確認済み。	high	
sheet-14-R077	DRIFT	P3	実装違い	IO	— 該当ボードのカードリスト上 Column no.%d, %s is on the banned list. 行のカードがフォーマットの禁止カードのとき（英語表示） 登録は取り消さず画面に留まる	英語表示で、禁止カードの行は「Column no.%d, %s is on the banned list.」と表示される。	src/Eccube/Resource/locale/messages.en.yaml:3806	英語文言は「Line %row%: %name% is a banned card」(src/Eccube/Resource/locale/messages.en.yaml:3806)。	英語表示時の禁止カードメッセージが設計の指定と異なる。	sheet-14_img1/img3（SP/PC完成イメージ）とsheet-14_img2（パンくず）を確認済み。	med	messages.en.yaml-deck-validation-en-wording
sheet-14-R078	MATCHED						src/Eccube/Resource/locale/messages.ja.yaml:4429		制限カードのメッセージが設計どおり(src/Eccube/Resource/locale/messages.ja.yaml:4429)。	sheet-14_img1/img3（SP/PC完成イメージ）とsheet-14_img2（パンくず）を確認済み。	high	
sheet-14-R079	DRIFT	P3	実装違い	IO	— 該当ボードのカードリスト上 Column no.%d, %s is on the restricted list. 行のカードが制限カードで、投入枚数の制限を超えるとき（英語表示） 登録は取り消さず画面に留まる	英語表示で、制限カードの投入枚数超過の行は「Column no.%d, %s is on the restricted list.」と表示される。	src/Eccube/Resource/locale/messages.en.yaml:3807	英語文言は「Line %row%: %name% is a restricted card」(src/Eccube/Resource/locale/messages.en.yaml:3807)。	英語表示時の制限カードメッセージが設計の指定と異なる。	sheet-14_img1/img3（SP/PC完成イメージ）とsheet-14_img2（パンくず）を確認済み。	med	messages.en.yaml-deck-validation-en-wording
sheet-14-R080	MATCHED						src/Eccube/Resource/locale/messages.ja.yaml:4427		フォーマット範囲外のメッセージが設計どおり(src/Eccube/Resource/locale/messages.ja.yaml:4427)。	sheet-14_img1/img3（SP/PC完成イメージ）とsheet-14_img2（パンくず）を確認済み。	high	
sheet-14-R081	DRIFT	P3	実装違い	IO	— 該当ボードのカードリスト上 Column no.%d, %s is not legal in this format. 行のカードがフォーマット対象外のとき（英語表示） 登録は取り消さず画面に留まる	英語表示で、フォーマット対象外のカードの行は「Column no.%d, %s is not legal in this format.」と表示される。	src/Eccube/Resource/locale/messages.en.yaml:3805	英語文言は「Line %row%: %name% is out of format range」(src/Eccube/Resource/locale/messages.en.yaml:3805)。	英語表示時のフォーマット範囲外メッセージが設計の指定と異なる。	sheet-14_img1/img3（SP/PC完成イメージ）とsheet-14_img2（パンくず）を確認済み。	med	messages.en.yaml-deck-validation-en-wording
sheet-14-R082	MATCHED						src/Eccube/Resource/locale/messages.ja.yaml:4431;src/Eccube/Service/Deck/DeckValidationService.php:256-261		同一カードの枚数超過を検出して行番号・カード名付きで表示する(src/Eccube/Service/Deck/DeckValidationService.php:256-261, src/Eccube/Resource/locale/messages.ja.yaml:4431)。文言は上限枚数を差し込む形(src/Eccube/Resource/locale/messages.ja.yaml:4431)で、設計の「5枚以上」は4枚制限を言い換えた同じ規則。	sheet-14_img1/img3（SP/PC完成イメージ）とsheet-14_img2（パンくず）を確認済み。	high	
sheet-14-R083	DRIFT	P3	実装違い	IO	— 該当ボードのカードリスト上 Column no.%d, %s is registered over limit. 同一カードが規定枚数を超えるとき（英語表示） 登録は取り消さず画面に留まる	英語表示で、同一カードが規定枚数を超える行は「Column no.%d, %s is registered over limit.」と表示される。	src/Eccube/Resource/locale/messages.en.yaml:3809	英語文言は「Line %row%: %name% has more than %count% copies registered」(src/Eccube/Resource/locale/messages.en.yaml:3809)。	英語表示時の枚数超過メッセージが設計の指定と異なる。	sheet-14_img1/img3（SP/PC完成イメージ）とsheet-14_img2（パンくず）を確認済み。	med	messages.en.yaml-deck-validation-en-wording
sheet-14-R084	MATCHED						src/Eccube/Resource/template/default/Block/header.twig:104-107		ヘッダの言語切替リンクで同じ画面の英語表示へ切り替えられる(src/Eccube/Resource/template/default/Block/header.twig:104-107)。英語表示時は英語版テンプレートが使われる(src/Eccube/Resource/template/default/Mypage/deck_entry_check.en.twig:1-14)。	sheet-14_img1/img3（SP/PC完成イメージ）とsheet-14_img2（パンくず）を確認済み。	high	
sheet-15-R001	OUT_OF_SCOPE								「処理概要はなし」という節の空宣言であり、実装対象の要求ではない。		high	
sheet-15-R002	OUT_OF_SCOPE								レイアウト図の節見出しであり要求ではない。		high	
sheet-15-R003	OUT_OF_SCOPE								レイアウト図の版（SP版）を示す区分行であり要求ではない。		high	
sheet-15-R004	MATCHED						src/Eccube/Resource/template/default/Mypage/change.twig:38-57		会員情報変更(入力)画面のパンくずが ホーム> マイページ> 会員情報変更 の3段で出力される（src/Eccube/Resource/template/default/Mypage/change.twig:41-46 ホームアイコン、src/Eccube/Resource/template/default/Mypage/change.twig:48-51 マイページ、src/Eccube/Resource/template/default/Mypage/change.twig:52-56 会員情報変更）。	img1(SP)/img2(PC)の会員情報変更入力画面、img4(海外)/img5(日本)の郵便番号・住所欄、img6の会員情報更新エラー画面、img7(完了画面)を確認した。	high	
sheet-15-R005	OUT_OF_SCOPE								レイアウト図の版（PC版）を示す区分行であり要求ではない。		high	
sheet-15-R006	MATCHED						src/Eccube/Resource/template/default/Mypage/change.twig:38-57		PC/SPで同一テンプレートを使用し、パンくずは ホーム> マイページ> 会員情報変更 で出力される（src/Eccube/Resource/template/default/Mypage/change.twig:38-57）。	img1(SP)/img2(PC)の会員情報変更入力画面、img4(海外)/img5(日本)の郵便番号・住所欄、img6の会員情報更新エラー画面、img7(完了画面)を確認した。	high	
sheet-15-R007	OUT_OF_SCOPE								カスタマイズ要件の前置き文であり、個別の実装要求ではない。		high	
sheet-15-R008	OUT_OF_SCOPE								「海外住所対応について」という小見出しであり要求ではない。		high	
sheet-15-R009	MATCHED						src/Eccube/Resource/template/default/Mypage/change.twig:487-523		国が日本以外のとき住所欄が3欄になり、3カラム目（住所3）が表示される（src/Eccube/Resource/template/default/Mypage/change.twig:513-518）。日本のときは住所欄は2欄のみ（src/Eccube/Resource/template/default/Mypage/change.twig:420-466）。	img4(海外)は住所入力欄が3本、img5(日本)は都道府県セレクト＋2本で、実装の分岐と一致する。	high	
sheet-15-R010	MATCHED						src/Eccube/Entity/Customer.php:1029; src/Eccube/Controller/Front/Mypage/ChangeController.php:162-168		会員に海外住所用の住所3カラム（addr03）が定義され（src/Eccube/Entity/Customer.php:1029）、変更確定時に既定配送先へも反映される（src/Eccube/Controller/Front/Mypage/ChangeController.php:166）。	img4の3カラム目に相当する項目が会員側に保持される。	high	
sheet-15-R011	OUT_OF_SCOPE								「カスタマイズ要件に記載の内容以外は現行踏襲とする」という適用方針の宣言であり、個別の実装要求ではない。		high	
sheet-15-R012	OUT_OF_SCOPE								「(1-14)国について」という小見出しであり要求ではない。		high	
sheet-15-R013	MATCHED						src/Eccube/Resource/template/default/Mypage/change.twig:374-466		国が Japan のとき、郵便番号は3桁-4桁欄、都道府県セレクト表示、住所3非表示の並びで描画される（src/Eccube/Resource/template/default/Mypage/change.twig:374 の分岐）。	img5(日本)の並びと一致。	high	
sheet-15-R014	MATCHED						src/Eccube/Resource/template/default/Mypage/change.twig:375-418; src/Eccube/Form/Type/SplitPostalType.php:39-67; app/config/eccube/packages/eccube.yaml:206-207		国が Japan のとき郵便番号は〒記号付きの3桁欄とハイフンと4桁欄で表示される（src/Eccube/Resource/template/default/Mypage/change.twig:383-411）。前半3桁・後半4桁はちょうどその桁数でないとエラーになる（src/Eccube/Form/Type/SplitPostalType.php:44-66 が参照する app/config/eccube/packages/eccube.yaml:206-207 の値が3と4）。	img5の「〒 例)169 - 例)0075」と一致。	high	
sheet-15-R015	MATCHED						src/Eccube/Resource/template/default/Mypage/change.twig:426-436		国が Japan の分岐内で住所(都道府県)のセレクトが描画される（src/Eccube/Resource/template/default/Mypage/change.twig:428-436）。	img5に都道府県セレクト「選択してください」がある。	high	
sheet-15-R016	MATCHED						src/Eccube/Resource/template/default/Mypage/change.twig:420-466		国が Japan の分岐では住所欄が addr01/addr02 の2本だけで、住所3は描画されない（src/Eccube/Resource/template/default/Mypage/change.twig:437-457）。	img5の住所欄は2本で住所3が無い。	high	
sheet-15-R017	MATCHED						src/Eccube/Resource/template/default/Mypage/change.twig:21-27; src/Eccube/Controller/Front/Mypage/ChangeController.php:98-111		国のセレクトを変更するとフォームが再送信されて画面が再読込され（src/Eccube/Resource/template/default/Mypage/change.twig:22-27）、再読込時は入力エラーを付けずに表示項目だけ切り替えて再描画する（src/Eccube/Controller/Front/Mypage/ChangeController.php:100-111）。		high	
sheet-15-R018	MATCHED						src/Eccube/Resource/template/default/Mypage/change.twig:468-486		国が Japan 以外のときは分割されない単一の郵便番号入力欄（海外用）が表示される（src/Eccube/Resource/template/default/Mypage/change.twig:469-485）。	img4の「例)1690075」の1本欄と一致。	high	
sheet-15-R019	MATCHED						src/Eccube/Resource/template/default/Mypage/change.twig:426-436		都道府県セレクトは国が Japan の分岐内にのみあり、Japan 以外では描画されない（src/Eccube/Resource/template/default/Mypage/change.twig:374,468）。	img4に都道府県セレクトが無い。	high	
sheet-15-R020	MATCHED						src/Eccube/Resource/template/default/Mypage/change.twig:513-518		国が Japan 以外の分岐で住所3の入力欄が描画される（src/Eccube/Resource/template/default/Mypage/change.twig:513-518）。	img4の住所3本目と一致。	high	
sheet-15-R021	MATCHED						src/Eccube/Resource/template/default/Mypage/change.twig:21-27; src/Eccube/Resource/template/default/Mypage/change.twig:374		国を Japan に戻した場合も同じ再送信で画面が再読込され、Japan 用の表示（3桁-4桁の郵便番号・都道府県表示・住所3非表示）に切り替わる（src/Eccube/Resource/template/default/Mypage/change.twig:22-27, src/Eccube/Resource/template/default/Mypage/change.twig:374-466）。		high	
sheet-15-R022	OUT_OF_SCOPE								「★(1-15)郵便番号について」という小見出しであり要求ではない。		high	
sheet-15-R023	MATCHED						src/Eccube/Resource/template/default/Mypage/change.twig:19; src/Eccube/Resource/template/default/Mypage/change.twig:79-80; src/Eccube/Resource/template/default/Mypage/change.twig:386-411		郵便番号自動入力の仕組みが読み込まれ（src/Eccube/Resource/template/default/Mypage/change.twig:19）、フォームは住所自動補完の対象となる（src/Eccube/Resource/template/default/Mypage/change.twig:79-80 で国名は Japan 固定）。補完対象のマークは Japan 分岐の郵便番号欄・都道府県・住所1にのみ付く（src/Eccube/Resource/template/default/Mypage/change.twig:387,402,431,440）ため、Japan 以外では補完されない。	img5(日本)のみ郵便番号→住所の補完が働く前提の並び。	med	
sheet-15-R024	MATCHED						src/Eccube/Resource/template/default/Mypage/change.twig:430-435		郵便番号入力による補完先として住所(都道府県)のセレクトが指定されている（src/Eccube/Resource/template/default/Mypage/change.twig:431）。		med	
sheet-15-R025	MATCHED						src/Eccube/Resource/template/default/Mypage/change.twig:439-445		郵便番号入力による補完先として住所1の入力欄が指定されている（src/Eccube/Resource/template/default/Mypage/change.twig:440）。		med	
sheet-15-R026	MATCHED						src/Eccube/Resource/template/default/Mypage/change.twig:375-418		郵便番号欄の周囲に「郵便番号から自動入力」に相当するボタンは無い（src/Eccube/Resource/template/default/Mypage/change.twig:375-418 に該当要素なし、文言もsrc/Eccube/Resource/locale/messages.ja.yamlに存在しない）。	img3(現行)にある「郵便番号から自動入力」ボタンが、リニューアル後のimg5には無い。	high	
sheet-15-R027	OUT_OF_SCOPE								「(1-10)メールアドレスについて」という小見出しであり要求ではない。		high	
sheet-15-R028	MATCHED						src/Eccube/Form/Type/RepeatedEmailType.php:45-52; src/Eccube/Resource/locale/validators.ja.yaml:145		変更する押下時のメールアドレス検証で厳密な形式判定を行い（src/Eccube/Form/Type/RepeatedEmailType.php:47）、不正なら「有効なメールアドレスではありません。」を表示する（src/Eccube/Resource/locale/validators.ja.yaml:145）。		high	
sheet-15-R029	MATCHED						src/Eccube/Form/Type/RepeatedEmailType.php:47; src/Eccube/Resource/locale/validators.ja.yaml:145; src/Eccube/Resource/template/default/Mypage/change.twig:272		形式不正時のメッセージはメールアドレス欄の直下に出力される（src/Eccube/Resource/template/default/Mypage/change.twig:271-272）。		high	
sheet-15-R030	MATCHED						src/Eccube/Controller/Front/Mypage/ChangeController.php:121-135		変更する押下後、氏名・電話番号・住所がブラックリストに一致する場合は更新せず会員情報更新エラー画面へ遷移する（src/Eccube/Controller/Front/Mypage/ChangeController.php:121-135）。	img6の「ご入力いただいた内容は使用できません。」の画面へ遷移する。	high	
sheet-15-R031	MATCHED						src/Eccube/Repository/DtbBlacklistRepository.php:38-45		ブラックリスト照合の対象に姓＋名の氏名が含まれる（src/Eccube/Repository/DtbBlacklistRepository.php:41）。		high	
sheet-15-R032	MATCHED						src/Eccube/Repository/DtbBlacklistRepository.php:38-45		ブラックリスト照合の対象に都道府県＋住所1＋住所2＋住所3の住所が含まれる（src/Eccube/Repository/DtbBlacklistRepository.php:43）。		high	
sheet-15-R033	MATCHED						src/Eccube/Repository/DtbBlacklistRepository.php:38-45		ブラックリスト照合の対象に電話番号が含まれる（src/Eccube/Repository/DtbBlacklistRepository.php:42）。		high	
sheet-15-R034	OUT_OF_SCOPE								別紙参照の注記であり、本シートの実装要求ではない。		high	
sheet-15-R035	OUT_OF_SCOPE								参照先を示す注記であり、実装要求ではない。		high	
sheet-15-R036	OUT_OF_SCOPE								項目表の見出し行（表ヘッダ）であり要求ではない。		high	
sheet-15-R037	MATCHED						src/Eccube/Resource/template/default/Mypage/change.twig:38-57		会員情報変更画面にパンくずリストが新規に配置されている（src/Eccube/Resource/template/default/Mypage/change.twig:38-57）。	img1(SP)/img2(PC)の会員情報変更入力画面、img4(海外)/img5(日本)の郵便番号・住所欄、img6の会員情報更新エラー画面、img7(完了画面)を確認した。	high	
sheet-15-R038	MATCHED						src/Eccube/Resource/template/default/Mypage/change.twig:52-56		現在表示中の「会員情報変更」はリンクではなく非リンクのテキストで出力される（src/Eccube/Resource/template/default/Mypage/change.twig:54）。		high	
sheet-15-R039	MATCHED						src/Eccube/Resource/template/default/Mypage/change.twig:41-46		ホームアイコンは本店ECTOP（トップページ）へのリンクになっている（src/Eccube/Resource/template/default/Mypage/change.twig:41）。		high	
sheet-15-R040	DRIFT	P3	実装違い	IO	"1-2	お名前(姓)	半角・全角	◯	16	-	・未入力で(1-27)変更するを押下すると、動的に必須入力のエラーメッセージを表示する"	お名前(姓)は16文字までしか受け付けず、17文字以上を入力して変更するを押下するとエラーになる。	src/Eccube/Form/Type/NameType.php:99-103; app/config/eccube/packages/eccube.yaml:180; src/Eccube/Resource/template/default/Mypage/change.twig:100-108	お名前(姓)の上限は50文字で（src/Eccube/Form/Type/NameType.php:101 が参照する app/config/eccube/packages/eccube.yaml:180 の値が50）、入力欄にも桁数の上限指定が無い（src/Eccube/Resource/template/default/Mypage/change.twig:100-108）。17〜50文字がそのまま登録できる。	設計の最大文字数16に対し、実装は50文字まで通す。必須入力の動的エラー表示側は実装されている（change.twig:103-104）。	img1/img2のお名前欄に桁数の表示は無く、画像からは上限を読み取れない。	med	NameType-name-maxlength-50
sheet-15-R041	DRIFT	P3	実装違い	IO	"1-3	お名前(名)	半角・全角	◯	16	-	・未入力で(1-27)変更するを押下すると、動的に必須入力のエラーメッセージを表示する"	お名前(名)は16文字までしか受け付けず、17文字以上を入力して変更するを押下するとエラーになる。	src/Eccube/Form/Type/NameType.php:110-118; app/config/eccube/packages/eccube.yaml:180; src/Eccube/Resource/template/default/Mypage/change.twig:117-125	お名前(名)の上限は50文字で（src/Eccube/Form/Type/NameType.php:113 が参照する app/config/eccube/packages/eccube.yaml:180 の値が50）、入力欄にも桁数の上限指定が無い（src/Eccube/Resource/template/default/Mypage/change.twig:117-125）。	お名前(姓)と同一の欠陥。設計の最大文字数16に対し実装は50文字まで通す。	img1/img2のお名前欄に桁数の表示は無い。	med	NameType-name-maxlength-50
sheet-15-R042	DRIFT	P3	実装違い	IO	"1-4	フリガナ(姓)	半角・全角	◯	25	-	・未入力で(1-27)変更するを押下すると、動的に必須入力のエラーメッセージを表示する"	フリガナ(姓)は25文字までしか受け付けず、26文字以上を入力して変更するを押下するとエラーになる。	src/Eccube/Form/Type/KanaType.php:55-66; app/config/eccube/packages/eccube.yaml:181; src/Eccube/Resource/template/default/Mypage/change.twig:154-162	フリガナ(姓)の上限は50文字で（src/Eccube/Form/Type/KanaType.php:61-63 が参照する app/config/eccube/packages/eccube.yaml:181 の値が50）、入力欄にも桁数の上限指定が無い（src/Eccube/Resource/template/default/Mypage/change.twig:154-162）。	設計の最大文字数25に対し、実装は50文字まで通す。	img1/img2のフリガナ欄に桁数の表示は無い。	med	KanaType-kana-maxlength-50
sheet-15-R043	DRIFT	P3	実装違い	IO	"1-5	フリガナ(名)	半角・全角	◯	25	-	・未入力で(1-27)変更するを押下すると、動的に必須入力のエラーメッセージを表示する"	フリガナ(名)は25文字までしか受け付けず、26文字以上を入力して変更するを押下するとエラーになる。	src/Eccube/Form/Type/KanaType.php:69-80; app/config/eccube/packages/eccube.yaml:181; src/Eccube/Resource/template/default/Mypage/change.twig:171-179	フリガナ(名)の上限は50文字で（src/Eccube/Form/Type/KanaType.php:75-77 が参照する app/config/eccube/packages/eccube.yaml:181 の値が50）、入力欄にも桁数の上限指定が無い（src/Eccube/Resource/template/default/Mypage/change.twig:171-179）。	フリガナ(姓)と同一の欠陥。設計の最大文字数25に対し実装は50文字まで通す。	img1/img2のフリガナ欄に桁数の表示は無い。	med	KanaType-kana-maxlength-50
sheet-15-R044	MATCHED						src/Eccube/Resource/template/default/Mypage/change.twig:203-211; src/Eccube/Form/Type/Front/EntryType.php:129-142		生年月日(年)はセレクトボックスで（src/Eccube/Resource/template/default/Mypage/change.twig:205-210）、未選択のまま変更するを押下すると「生年月日(日)を選択してください」相当の必須エラーが年月日欄の直下に表示される（src/Eccube/Resource/template/default/Mypage/change.twig:228,232-233、サーバ側はsrc/Eccube/Form/Type/Front/EntryType.php:136）。	img1(SP)/img2(PC)の会員情報変更入力画面、img4(海外)/img5(日本)の郵便番号・住所欄、img6の会員情報更新エラー画面、img7(完了画面)を確認した。	high	
sheet-15-R045	MATCHED						src/Eccube/Resource/template/default/Mypage/change.twig:213-221; src/Eccube/Form/Type/Front/EntryType.php:129-142		生年月日(月)はセレクトボックスで（src/Eccube/Resource/template/default/Mypage/change.twig:215-220）、未選択時は必須エラーが表示される（src/Eccube/Resource/template/default/Mypage/change.twig:228-233）。		high	
sheet-15-R046	MATCHED						src/Eccube/Resource/template/default/Mypage/change.twig:223-231; src/Eccube/Form/Type/Front/EntryType.php:129-142		生年月日(日)はセレクトボックスで（src/Eccube/Resource/template/default/Mypage/change.twig:225-230）、未選択時は必須エラーが表示される（src/Eccube/Resource/template/default/Mypage/change.twig:228-233）。		high	
sheet-15-R047	MATCHED						src/Eccube/Resource/template/default/Mypage/change.twig:239-248; src/Eccube/Form/Type/Front/EntryType.php:143-147		性別はマスタ値から作る単一選択のセレクトボックスとして任意項目で描画される（src/Eccube/Form/Type/Front/EntryType.php:143-147 で複数選択・展開なし、src/Eccube/Resource/template/default/Mypage/change.twig:245）。	img1/img2の性別は「男性」を選んだセレクトボックスで、選択肢は男性・女性。	high	
sheet-15-R048	MATCHED						src/Eccube/Resource/template/default/Mypage/change.twig:255-273; src/Eccube/Form/Type/Front/EntryType.php:122-125; src/Eccube/Form/Type/RepeatedEmailType.php:53-55		メールアドレスは必須で、未入力または形式不正のときエラーが欄の直下に表示される（src/Eccube/Resource/template/default/Mypage/change.twig:263-267,271-272）。上限は255文字（src/Eccube/Form/Type/RepeatedEmailType.php:53-55 が参照するapp/config/eccube/packages/eccube.yamlの eccube_email_len）。		med	
sheet-15-R049	MATCHED						src/Eccube/Form/Type/RepeatedEmailType.php:45-52; src/Eccube/Resource/locale/validators.ja.yaml:145		変更する押下時に厳密なメールアドレス形式検証を行い、不正なら「有効なメールアドレスではありません。」を表示する（src/Eccube/Form/Type/RepeatedEmailType.php:47, src/Eccube/Resource/locale/validators.ja.yaml:145）。		high	
sheet-15-R050	MATCHED						src/Eccube/Resource/template/default/Mypage/change.twig:275-296; src/Eccube/Form/Type/Front/EntryType.php:122-125		メールアドレス(確認)は必須で、未入力・形式不正時にエラーが欄の直下に表示される（src/Eccube/Resource/template/default/Mypage/change.twig:284-291,294-295）。		high	
sheet-15-R051	MATCHED						src/Eccube/Form/Type/RepeatedEmailType.php:43; src/Eccube/Resource/locale/validators.ja.yaml:58		メールアドレスと確認欄が不一致のとき「同じメールアドレスを入力してください。」を表示する（src/Eccube/Form/Type/RepeatedEmailType.php:43 の不一致メッセージがsrc/Eccube/Resource/locale/validators.ja.yaml:58）。		high	
sheet-15-R052	MATCHED						src/Eccube/Form/Type/RepeatedEmailType.php:45-52; src/Eccube/Resource/locale/validators.ja.yaml:145		確認欄にも同じ厳密形式検証が掛かり、不正なら「有効なメールアドレスではありません。」を表示する（src/Eccube/Form/Type/RepeatedEmailType.php:85-93 で確認欄にも同じ制約を付与、src/Eccube/Resource/locale/validators.ja.yaml:145）。		high	
sheet-15-R053	MATCHED						src/Eccube/Resource/template/default/Mypage/change.twig:300-324; src/Eccube/Form/Type/RepeatedPasswordType.php:49-52; app/config/eccube/packages/eccube.yaml:212		パスワードは必須で未入力時にエラーを欄直下に表示し（src/Eccube/Resource/template/default/Mypage/change.twig:313-315,322-323）、上限は50文字（src/Eccube/Form/Type/RepeatedPasswordType.php:51 が参照するapp/config/eccube/packages/eccube.yaml:212）。		high	
sheet-15-R054	MATCHED						src/Eccube/Form/Type/RepeatedPasswordType.php:49-52; app/config/eccube/packages/eccube.yaml:211; src/Eccube/Resource/template/default/Mypage/change.twig:313-315		パスワードの最低文字数は12文字（app/config/eccube/packages/eccube.yaml:211）で、下回るとエラーになる（src/Eccube/Form/Type/RepeatedPasswordType.php:50、画面側もsrc/Eccube/Resource/template/default/Mypage/change.twig:314-315）。	img1/img2の注記は「8文字以上、32文字以内」だが、これは現行画面のキャプチャで、実装値は12〜50。	med	
sheet-15-R055	MATCHED						src/Eccube/Resource/template/default/Mypage/change.twig:326-352; src/Eccube/Form/Type/RepeatedPasswordType.php:49-52; app/config/eccube/packages/eccube.yaml:212		パスワード(確認)は必須で未入力時にエラーを欄直下に表示し（src/Eccube/Resource/template/default/Mypage/change.twig:341-343,350-351）、上限は50文字（src/Eccube/Form/Type/RepeatedPasswordType.php:51, app/config/eccube/packages/eccube.yaml:212）。		high	
sheet-15-R056	MATCHED						src/Eccube/Form/Type/Front/EntryType.php:186-192; src/Eccube/Resource/locale/messages.ja.yaml:76		変更する押下時にパスワードがメールアドレス（会員ID）と同一かを判定し、同一ならパスワード欄にエラーを付けて更新しない（src/Eccube/Form/Type/Front/EntryType.php:190-192, src/Eccube/Resource/locale/messages.ja.yaml:76）。	img1/img2の注記「IDと同様のパスワードは入力できません。」に対応する。	med	
sheet-15-R057	MATCHED						src/Eccube/Form/Type/RepeatedPasswordType.php:49-52; app/config/eccube/packages/eccube.yaml:211		パスワード(確認)にもパスワードと同じ最低12文字の制約が掛かる（src/Eccube/Form/Type/RepeatedPasswordType.php:50, app/config/eccube/packages/eccube.yaml:211）。		high	
sheet-15-R058	MATCHED						src/Eccube/Resource/template/default/Mypage/change.twig:21-27; src/Eccube/Resource/template/default/Mypage/change.twig:374; src/Eccube/Resource/template/default/Mypage/change.twig:426-436		Japan から他国へ変更すると画面が再読込され（src/Eccube/Resource/template/default/Mypage/change.twig:22-27）、都道府県のセレクトは Japan 分岐の中にしか無いため非表示になる（src/Eccube/Resource/template/default/Mypage/change.twig:374,428-436）。		high	
sheet-15-R059	MATCHED						src/Eccube/Resource/template/default/Mypage/change.twig:21-27; src/Eccube/Resource/template/default/Mypage/change.twig:468; src/Eccube/Resource/template/default/Mypage/change.twig:513-518		他国から Japan へ変更すると画面が再読込され（src/Eccube/Resource/template/default/Mypage/change.twig:22-27）、住所3は Japan 以外の分岐にしか無いため非表示になる（src/Eccube/Resource/template/default/Mypage/change.twig:468,513-518）。		high	
sheet-15-R060	MATCHED						src/Eccube/Resource/template/default/Mypage/change.twig:375-418; src/Eccube/Form/Type/Front/EntryType.php:218-228; src/Eccube/Form/Type/Front/EntryType.php:107-117; app/config/eccube/packages/eccube.yaml:183		郵便番号は必須で、未入力のままだと欄直下にエラーが表示される（src/Eccube/Resource/template/default/Mypage/change.twig:389-397,412-416、サーバ側はsrc/Eccube/Form/Type/Front/EntryType.php:218-221）。海外郵便番号の上限は10文字（src/Eccube/Form/Type/Front/EntryType.php:110-112, app/config/eccube/packages/eccube.yaml:183）。		high	
sheet-15-R061	MATCHED						src/Eccube/Resource/template/default/Mypage/change.twig:426-436; src/Eccube/Form/Type/Front/EntryType.php:240-243		住所(都道府県)はセレクトボックスで必須、未選択のままだと必須エラーが表示される（src/Eccube/Resource/template/default/Mypage/change.twig:433, src/Eccube/Form/Type/Front/EntryType.php:241-243）。		high	
sheet-15-R062	MATCHED						src/Eccube/Resource/template/default/Mypage/change.twig:374; src/Eccube/Resource/template/default/Mypage/change.twig:426-436		都道府県のセレクトは国が Japan のときの分岐内にのみ描画され、Japan 以外では表示されない（src/Eccube/Resource/template/default/Mypage/change.twig:374,428-436,468）。	img5(日本)にのみ都道府県セレクトがあり、img4(海外)には無い。	high	
sheet-15-R063	DESIGN_ISSUE				・(1-14)国が「Japan」の場合は、「日本国外」で非表示にする		src/Eccube/Resource/template/default/Mypage/change.twig:374; src/Eccube/Form/Type/Front/EntryType.php:218-228		同ブロックの sheet-15-R062 は「国が『Japan』の場合のみに表示する」と述べており、本行の「国が『Japan』の場合は…非表示にする」と正面から矛盾する。『日本国外』が都道府県の選択肢を指すのか表示条件を指すのかも本文から確定できず、どちらの読みを取るかで実装の期待値が変わるため設計裁定が必要。	img4/img5からは、海外時に都道府県が消えることしか読み取れず、本行の読みを決められない。	med	
sheet-15-R064	MATCHED						src/Eccube/Resource/template/default/Mypage/change.twig:437-446; src/Eccube/Form/Type/AddressType.php:108-116; app/config/eccube/packages/eccube.yaml:185; src/Eccube/Form/Type/Front/EntryType.php:244-246		住所1は必須で、未入力のまま変更するを押下すると住所欄の直下にエラーが表示される（src/Eccube/Resource/template/default/Mypage/change.twig:441-445,459, src/Eccube/Form/Type/Front/EntryType.php:244-246）。上限は90文字（src/Eccube/Form/Type/AddressType.php:110, app/config/eccube/packages/eccube.yaml:185）。		high	
sheet-15-R065	MATCHED						src/Eccube/Resource/template/default/Mypage/change.twig:447-456; src/Eccube/Form/Type/AddressType.php:117-125; app/config/eccube/packages/eccube.yaml:186; src/Eccube/Form/Type/Front/EntryType.php:244-246		住所2は必須で、未入力時にエラーが表示される（src/Eccube/Form/Type/Front/EntryType.php:244-246）。上限は90文字（src/Eccube/Form/Type/AddressType.php:119, app/config/eccube/packages/eccube.yaml:186）。		high	
sheet-15-R066	MATCHED						src/Eccube/Resource/template/default/Mypage/change.twig:513-518; src/Eccube/Form/Type/AddressType.php:126-134; app/config/eccube/packages/eccube.yaml:187		住所3は任意項目として海外住所表示時にだけ描画され、上限は90文字（src/Eccube/Resource/template/default/Mypage/change.twig:513-518, src/Eccube/Form/Type/AddressType.php:128, app/config/eccube/packages/eccube.yaml:187）。	img4(海外)の3本目の住所欄に相当する。	high	
sheet-15-R067	MATCHED						src/Eccube/Resource/template/default/Mypage/change.twig:526-583; src/Eccube/Form/Type/Front/EntryType.php:231-238		電話番号は必須で、未入力のまま変更するを押下すると欄の直下にエラーが表示される（src/Eccube/Resource/template/default/Mypage/change.twig:540-542,578, src/Eccube/Form/Type/Front/EntryType.php:236-238）。	img1/img2の3分割の電話番号欄と一致。	high	
sheet-15-R068	MATCHED						src/Eccube/Resource/template/default/Mypage/change.twig:589-602; src/Eccube/Form/Type/Front/EntryType.php:83-90; app/config/eccube/packages/eccube.yaml:194		会社名は任意項目で上限100文字（src/Eccube/Form/Type/Front/EntryType.php:86-88 が参照するapp/config/eccube/packages/eccube.yaml:194）。		high	
sheet-15-R069	MATCHED						src/Eccube/Resource/template/default/Mypage/change.twig:604-616; src/Eccube/Form/Type/Front/EntryType.php:148-150		職業はマスタデータ（職業マスタ）の値を選択肢とする任意のセレクトボックスとして描画される（src/Eccube/Form/Type/Front/EntryType.php:148-150, src/Eccube/Resource/template/default/Mypage/change.twig:610-612）。	img1/img2の「職業(Job)」セレクトと一致。	high	
sheet-15-R070	MATCHED						src/Eccube/Resource/template/default/Mypage/change.twig:626-633; src/Eccube/Form/Type/Front/PlayerType.php:43-50		MTG Campaign 登録名(姓)は任意項目で上限128文字（src/Eccube/Form/Type/Front/PlayerType.php:43-50 の maxlength=128）。	img1/img2の「MTG Companion登録名」の1本目（Hareruya）に相当。	high	
sheet-15-R071	MATCHED						src/Eccube/Resource/template/default/Mypage/change.twig:634-641; src/Eccube/Form/Type/Front/PlayerType.php:35-42		MTG Campaign 登録名(名)は任意項目で上限128文字（src/Eccube/Form/Type/Front/PlayerType.php:35-42 の maxlength=128）。	img1/img2の「MTG Companion登録名」の2本目（Taro）に相当。	high	
sheet-15-R072	MATCHED						src/Eccube/Resource/template/default/Mypage/change.twig:645-655; src/Eccube/Controller/Front/Mypage/ChangeController.php:78		本人確認状況として身分証明書の確認進行ステータス名がラベル表示される（src/Eccube/Resource/template/default/Mypage/change.twig:652、値はsrc/Eccube/Controller/Front/Mypage/ChangeController.php:78 で取得した選手情報から）。	img1/img2の「本人確認状況 未確認」と一致。	high	
sheet-15-R073	MATCHED						src/Eccube/Resource/template/default/Mypage/change.twig:653; src/Eccube/Resource/locale/messages.ja.yaml:814		「オンラインで本人確認を行う」リンクを押下するとオンライン本人確認画面へ遷移する（src/Eccube/Resource/template/default/Mypage/change.twig:653）。	img1/img2の青いリンク「オンラインで本人確認を行う」と一致。	high	
sheet-15-R074	MATCHED						src/Eccube/Resource/template/default/Mypage/change.twig:686-689; src/Eccube/Controller/Front/Mypage/ChangeController.php:96-204		変更するボタン押下でフォームの入力検証を行い、正常なら更新して完了画面へ、エラーがあればメッセージ付きでフォームを再表示する（src/Eccube/Resource/template/default/Mypage/change.twig:686-689, src/Eccube/Controller/Front/Mypage/ChangeController.php:113-204）。	img1/img2の赤い「変更する」ボタンと一致。	high	
sheet-15-R075	DRIFT	P3	実装違い	ふるまい	"1-28	戻る	ボタン	-	-	-	・押下すると、ECTOP画面へ遷移する"	会員情報変更(入力)画面の戻るボタンを押すと、本店ECTOP画面が表示される。	src/Eccube/Resource/template/default/Mypage/change.twig:690	戻るボタンの遷移先がマイページになっており、ECTOP画面には遷移しない（src/Eccube/Resource/template/default/Mypage/change.twig:690）。	同じ設計書の完了画面側（2-2 戻る）は本店ECTOPへ遷移する実装（src/Eccube/Resource/template/default/Mypage/change_complete.twig:48-50）になっており、入力画面側だけ遷移先が異なる。	img1/img2の「戻る」ボタンの遷移先は画像からは読み取れない。	med	change.twig-back-button-not-to-ectop
sheet-15-R076	OUT_OF_SCOPE								レイアウト図の節見出しであり要求ではない。		high	
sheet-15-R077	OUT_OF_SCOPE								レイアウト図の版（共通PC/SP）を示す区分行であり要求ではない。		high	
sheet-15-R078	MATCHED						src/Eccube/Resource/template/default/Mypage/change_complete.twig:19-39		完了画面のパンくずが ホーム> マイページ> 会員情報変更(完了) の3段で出力される（src/Eccube/Resource/template/default/Mypage/change_complete.twig:22-37、見出し文言はsrc/Eccube/Resource/locale/messages.ja.yaml:806）。	img7の会員情報変更(完了)画面（見出し・完了文言・戻るボタン）を確認した。	high	
sheet-15-R079	OUT_OF_SCOPE								「カスタマイズ要件はなし」という空宣言であり要求ではない。		high	
sheet-15-R080	OUT_OF_SCOPE								「処理概要はなし」という空宣言であり要求ではない。		high	
sheet-15-R081	OUT_OF_SCOPE								項目表の見出し行（表ヘッダ）であり要求ではない。		high	
sheet-15-R082	MATCHED						src/Eccube/Resource/template/default/Mypage/change_complete.twig:19-39		完了画面にパンくずリストが新規に配置されている（src/Eccube/Resource/template/default/Mypage/change_complete.twig:19-39）。	img7の会員情報変更(完了)画面（見出し・完了文言・戻るボタン）を確認した。	high	
sheet-15-R083	MATCHED						src/Eccube/Resource/template/default/Mypage/change_complete.twig:34-37		現在表示中の「会員情報変更(完了)」はリンクではなく非リンクのテキストで出力される（src/Eccube/Resource/template/default/Mypage/change_complete.twig:35）。		high	
sheet-15-R084	MATCHED						src/Eccube/Resource/template/default/Mypage/change_complete.twig:22-25		ホームアイコンは本店ECTOP（トップページ）へのリンクになっている（src/Eccube/Resource/template/default/Mypage/change_complete.twig:22）。		high	
sheet-15-R085	MATCHED						src/Eccube/Resource/template/default/Mypage/change_complete.twig:47-51; src/Eccube/Resource/locale/messages.ja.yaml:243		完了画面の戻るリンクは本店ECTOP（トップページ）へ遷移する（src/Eccube/Resource/template/default/Mypage/change_complete.twig:48-50）。	img7の「戻る」ボタンに相当。	high	
sheet-15-R086	OUT_OF_SCOPE								現行仕様の見出し（機能名の表示）であり、実装要求ではない。		high	
sheet-15-R087	OUT_OF_SCOPE								「画面に入れる条件」という節見出しであり要求ではない。		high	
sheet-15-R088	MATCHED						src/Eccube/DependencyInjection/EccubeExtension.php:81-94		会員情報変更画面は自動ログインでの復帰状態では開けず、会員ログインで認証し直した状態でのみ開ける設定になっている（src/Eccube/DependencyInjection/EccubeExtension.php:87）。未ログインは会員ログイン画面へ誘導される（src/Eccube/DependencyInjection/EccubeExtension.php:86、ログイン画面の指定は app/config/eccube/packages/security.yaml:84-85）。		high	
sheet-15-R089	OUT_OF_SCOPE								「初期表示」という節見出しであり要求ではない。		high	
sheet-15-R090	MATCHED						src/Eccube/Controller/Front/Mypage/ChangeController.php:72-83; src/Eccube/Resource/template/default/Mypage/change.twig:626-641; src/Eccube/Resource/template/default/Mypage/change.twig:80		ログイン会員の登録内容がフォームの初期値になり（src/Eccube/Controller/Front/Mypage/ChangeController.php:73,81-83）、パスワード欄にはマスク用の既定値が入る（src/Eccube/Controller/Front/Mypage/ChangeController.php:74）。MTG Campaign 登録名には選手情報の英字姓・名が初期表示される（src/Eccube/Controller/Front/Mypage/ChangeController.php:78, src/Eccube/Resource/template/default/Mypage/change.twig:626-641）。支店の指定は画面URLの支店部分として保持される（src/Eccube/DependencyInjection/EccubeExtension.php:87）。	img1(SP)/img2(PC)の会員情報変更入力画面、img4(海外)/img5(日本)の郵便番号・住所欄、img6の会員情報更新エラー画面、img7(完了画面)を確認した。	med	
sheet-15-R091	MATCHED						src/Eccube/Controller/Front/Mypage/ChangeController.php:98-111; src/Eccube/Controller/Front/Mypage/ChangeController.php:202-212		国の切り替えによる再描画では送信された値のままフォームを再表示し（src/Eccube/Controller/Front/Mypage/ChangeController.php:105-110）、検証エラー時も送信された選手情報の英字姓・名を保持したまま再描画する（src/Eccube/Controller/Front/Mypage/ChangeController.php:203-212 の再表示は選手情報を再取得しない）。		med	
sheet-15-R092	OUT_OF_SCOPE								「更新の条件」という節見出しであり要求ではない。		high	
sheet-15-R093	MATCHED						src/Eccube/Form/Type/Front/EntryType.php:186-192; src/Eccube/Controller/Front/Mypage/ChangeController.php:200-212		パスワードが会員ID（メールアドレス）と同一のときはパスワード欄にエラーが付いて検証に通らず、更新せずに編集フォームを再表示する（src/Eccube/Form/Type/Front/EntryType.php:190-192, src/Eccube/Controller/Front/Mypage/ChangeController.php:202-212）。		high	
sheet-15-R094	NOT_IMPLEMENTED	P2	未実装	ふるまい	国が日本で都道府県が海外のとき、国が海外で都道府県が国内のときは、送信後の検証で拒否し、国の項目にエラーを付して再表示する。	国が日本なのに都道府県が「日本国外」、または国が日本以外なのに都道府県が国内の組み合わせで変更するを押下すると、更新されず、国の項目にエラーが表示された編集フォームが再表示される。	src/Eccube/Form/Type/Front/EntryType.php:209-229; src/Eccube/Form/Type/Front/EntryType.php:231-252; src/Eccube/Resource/template/default/Mypage/change.twig:426-436	国と都道府県の組み合わせを判定する処理が無い。国が日本以外のときは都道府県を「日本国外」に上書きして通してしまい（src/Eccube/Form/Type/Front/EntryType.php:226-227）、国が日本のときは都道府県が未選択かどうかしか見ない（src/Eccube/Form/Type/Front/EntryType.php:240-243）。都道府県の選択肢には「日本国外」が含まれる（app/DoctrineMigrations/Version20251125164358.php:295-299）ため、国=Japan かつ都道府県=日本国外がエラーにならずに登録できる。	国の項目にエラーを付す処理はコード上に存在せず、組み合わせ不正を拒否する分岐も無い。	img5(日本)の都道府県セレクトは全県が並ぶ形で、日本国外を除いた選択肢である証跡は画像に無い。	med	EntryType-no-country-pref-mismatch-check
sheet-15-R095	OUT_OF_SCOPE								「更新内容」という節見出しであり要求ではない。		high	
sheet-15-R096	MATCHED						src/Eccube/Controller/Front/Mypage/ChangeController.php:74; src/Eccube/Controller/Front/Mypage/ChangeController.php:116-119		パスワード欄がマスク用の既定値のままなら従前のパスワードを維持し、変更されているときだけ暗号化して再設定する（src/Eccube/Controller/Front/Mypage/ChangeController.php:116-119）。		high	
sheet-15-R097	DRIFT	P2	実装違い	ふるまい	選手情報のメールアドレス・英字氏名・和文氏名・更新日時を更新する。	会員情報の変更を確定すると、選手情報の連絡先アドレス・英字氏名に加えて和文氏名も、会員が入力した氏名と揃った内容へ更新される。	src/Eccube/Form/Type/Front/EntryType.php:186-207; src/Eccube/Controller/Front/Mypage/ChangeController.php:113-199	選手情報はメールアドレス（src/Eccube/Form/Type/Front/EntryType.php:203-206）と英字姓・名（src/Eccube/Form/Type/Front/PlayerType.php:34-51 経由）しか更新されず、和文氏名（姓・名）を会員の氏名から更新する処理が無い。更新日時は保存時に自動更新される（src/Eccube/Doctrine/EventSubscriber/SaveEventSubscriber.php:62-68）。	会員情報変更の経路から和文氏名を設定する呼び出しはコード全体に存在しない（setLastNameJp/setFirstNameJp の呼び出しは店頭買取と外部ユーザー更新のみ）。会員の氏名を変更しても選手情報の和文氏名は元のまま残る。	画像は入力画面のレイアウトのみで、選手情報の更新有無は読み取れない。	med	EntryType-player-jp-name-not-updated
sheet-15-R098	OUT_OF_SCOPE								「本人確認ステータスの扱い」という節見出しであり要求ではない。		high	
sheet-15-R099	OUT_OF_SCOPE								本人確認ステータス表の見出し行（表ヘッダ）であり要求ではない。		high	
sheet-15-R100	MATCHED						src/Eccube/Controller/Front/Mypage/ChangeController.php:137-160		国・郵便番号・都道府県・住所のいずれかが変わり、変更前の本人確認ステータスが確認済みまたは簡易書留確認済みのときは未確認へ戻す（src/Eccube/Controller/Front/Mypage/ChangeController.php:141-159）。		high	
sheet-15-R101	MATCHED						src/Eccube/Controller/Front/Mypage/ChangeController.php:147-160		氏名・カナ・生年月日のいずれかが変わり、変更前が確認済みのときは未確認へ戻す（src/Eccube/Controller/Front/Mypage/ChangeController.php:147-159）。		high	
sheet-15-R102	OUT_OF_SCOPE								「他機能との境界」という節見出しであり要求ではない。		high	
sheet-15-R103	DRIFT	P2	実装違い	ふるまい	スマレジへの会員情報更新が成功したときだけ、変更を確定する。失敗したときは更新を中止し、編集フォームを再表示する。確定したあとに、支店システムへ当該会員の更新を通知する。	スマレジ側の会員情報更新が成功したときだけ会員情報の変更が確定し、失敗したときは変更が保存されず編集フォームが再表示される。変更が確定した後には支店側にもその会員の更新が伝わる。	src/Eccube/Controller/Front/Mypage/ChangeController.php:170-199; src/Eccube/Service/Smaregi/SmaregiCustomerUpdateEventService.php:39-63	スマレジへの反映は後回しの非同期処理として積まれるだけで、成功可否を待たずに会員情報の変更が確定する（src/Eccube/Controller/Front/Mypage/ChangeController.php:176-186）。連携が失敗しても変更は取り消されず、編集フォームにも戻らない。支店へ会員の更新を伝える処理は会員情報変更の経路に無い。	src/Eccube/Controller/Front/Mypage/ChangeController.php:170-172 のコメント自身が「スマレジ連携の失敗で会員情報変更自体はブロックしない」と述べており、設計の「成功したときだけ確定する」と食い違う。支店通知は DtbBranchUpdateError を使う商品系にしか無く、会員更新の通知先は存在しない。	画像は入力画面・完了画面のレイアウトのみで、連携の成否は読み取れない。	high	ChangeController-smaregi-failure-not-blocking
sheet-15-R104	OUT_OF_SCOPE								「入出力: 受け渡し」という節見出しであり要求ではない。		high	
sheet-15-R105	MATCHED						src/Eccube/Controller/Front/Mypage/ChangeController.php:96; src/Eccube/Resource/template/default/Mypage/change.twig:81-82; src/Eccube/DependencyInjection/EccubeExtension.php:87		会員情報の編集値・なりすまし対策トークン・再描画時の国の選択を受け取り（src/Eccube/Resource/template/default/Mypage/change.twig:81-82, src/Eccube/Controller/Front/Mypage/ChangeController.php:96-98）、支店の指定は画面URLの支店部分として受け取る（src/Eccube/DependencyInjection/EccubeExtension.php:87）。		med	
sheet-15-R106	MATCHED						src/Eccube/Controller/Front/Mypage/ChangeController.php:180-199		検証に通ったときは会員情報を更新して会員情報変更完了画面へ遷移する（src/Eccube/Controller/Front/Mypage/ChangeController.php:182,199）。	img7の会員情報変更(完了)画面（見出し・完了文言・戻るボタン）を確認した。	high	
sheet-15-R107	DRIFT	P2	実装違い	ふるまい	"失敗時出力	編集フォームを再表示する。検証エラー、または連携失敗のメッセージを添える"	スマレジ連携に失敗したときも編集フォームが再表示され、連携が失敗した旨のメッセージが添えられる。	src/Eccube/Controller/Front/Mypage/ChangeController.php:200-212; src/Eccube/Resource/template/default/Mypage/change.twig:66-77	検証エラー時は編集フォームを再表示してエラーを添えるが（src/Eccube/Controller/Front/Mypage/ChangeController.php:202-212, src/Eccube/Resource/template/default/Mypage/change.twig:66-77）、連携失敗時は編集フォームに戻らず、連携失敗のメッセージも添えられない。用意されている文言（src/Eccube/Resource/locale/messages.ja.yaml:821）はどこからも表示されない。	スマレジ連携失敗を捕まえて編集フォームへ戻す分岐が無く、失敗しても完了画面へ遷移する。sheet-15-R103・R116 と同一の欠陥。	画像からは失敗時の表示は読み取れない。	high	ChangeController-smaregi-failure-not-blocking
sheet-15-R108	OUT_OF_SCOPE								「入出力: 永続化」という節見出しであり要求ではない。		high	
sheet-15-R109	MATCHED						src/Eccube/Controller/Front/Mypage/ChangeController.php:113-119; src/Eccube/Controller/Front/Mypage/ChangeController.php:182		変更確定時に会員情報（パスワードは変更されたときだけ）と国が保存される（src/Eccube/Controller/Front/Mypage/ChangeController.php:116-119,182、国はフォームの会員項目として保持 src/Eccube/Form/Type/Front/EntryType.php:91-100）。		high	
sheet-15-R110	DRIFT	P2	実装違い	ふるまい	"更新	変更が確定したとき。選手情報の連絡先アドレス・英字氏名・和文氏名・更新日時"	変更が確定したとき、選手情報の連絡先アドレス・英字氏名・和文氏名・更新日時がすべて更新後の内容になる。	src/Eccube/Form/Type/Front/EntryType.php:186-207; src/Eccube/Form/Type/Front/PlayerType.php:34-51	選手情報に保存されるのは連絡先アドレス（src/Eccube/Form/Type/Front/EntryType.php:203-206）と英字姓・名（src/Eccube/Form/Type/Front/PlayerType.php:34-51）だけで、和文氏名は変更前の値のまま残る。更新日時は保存時に自動更新される。	sheet-15-R097 と同一の欠陥（選手情報の和文氏名を会員の氏名から更新する処理が無い）。	画像からは選手情報の保存内容は読み取れない。	med	EntryType-player-jp-name-not-updated
sheet-15-R111	MATCHED						src/Eccube/Controller/Front/Mypage/ChangeController.php:162-168; src/Eccube/Entity/CustomerAddress.php:48-66		変更確定時に既定とする配送先へ氏名・カナ・郵便番号・住所・都道府県・会社名・電話番号を反映し（src/Eccube/Entity/CustomerAddress.php:48-66）、あわせて住所3と国も反映する（src/Eccube/Controller/Front/Mypage/ChangeController.php:164-167）。		high	
sheet-15-R112	MATCHED						src/Eccube/Controller/Front/Mypage/ChangeController.php:137-160		住所系または氏名・カナ・生年月日を変更し、変更前のステータスが該当するときに本人確認ステータスを未確認へ戻して保存する（src/Eccube/Controller/Front/Mypage/ChangeController.php:152-159,182）。		high	
sheet-15-R113	DESIGN_ISSUE				"F06-18-MSG-001	画面上部	ブラックリスト登録があるため会員情報を変更できません。	会員情報の変更を保存したとき、入力した氏名・電話番号・住所がブラックリストと一致するとき	会員情報変更画面に留まる"		src/Eccube/Controller/Front/Mypage/ChangeController.php:121-135; src/Eccube/Resource/locale/messages.ja.yaml:822		同じシートのカスタマイズ説明（sheet-15-R030）は「ブラックリストに…変更されている場合に(1-26)変更するを押下すると、会員情報更新エラー画面に遷移する」と述べており、本行の「会員情報変更画面に留まる」「画面上部に文言を表示」と食い違う。どちらを正とするかで実装の期待値（遷移するか留まるか、文言を出すか）が変わるため設計裁定が必要。	img6は会員情報更新エラー画面（別画面）で、会員情報変更画面上部にメッセージを出す形ではない。	high	
sheet-15-R114	MATCHED						src/Eccube/Resource/template/default/Mypage/change_complete.twig:43-46; src/Eccube/Resource/locale/messages.ja.yaml:696		会員情報の変更が完了すると完了画面本文に「会員登録内容の変更が完了いたしました。」が表示される（src/Eccube/Resource/template/default/Mypage/change_complete.twig:44, src/Eccube/Resource/locale/messages.ja.yaml:696）。	img7の本文1行目と一致。	high	
sheet-15-R115	MATCHED						src/Eccube/Resource/template/default/Mypage/change.twig:62; src/Eccube/Resource/locale/messages.ja.yaml:805		会員情報変更画面の見出しに「会員情報変更」が表示される（src/Eccube/Resource/template/default/Mypage/change.twig:62, src/Eccube/Resource/locale/messages.ja.yaml:805）。	img1/img2の画面見出しと一致。	high	
sheet-15-R116	DRIFT	P2	実装違い	ふるまい	"—	画面上部のエラー枠	会員情報の更新時にエラーが発生しました。	入力は妥当だがスマレジ連携が失敗したとき	更新を確定せず編集フォームを再描画する"	入力が妥当でもスマレジ連携が失敗したときは、会員情報の変更が確定せず、編集フォームの画面上部に「会員情報の更新時にエラーが発生しました。」が表示される。	src/Eccube/Controller/Front/Mypage/ChangeController.php:170-199; src/Eccube/Resource/template/default/Mypage/change.twig:66-77; src/Eccube/Resource/locale/messages.ja.yaml:821	スマレジ連携は非同期に後追いで実行され、失敗しても会員情報の変更は確定して完了画面へ遷移する（src/Eccube/Controller/Front/Mypage/ChangeController.php:176-186,199）。画面上部のメッセージ枠（src/Eccube/Resource/template/default/Mypage/change.twig:66-77）に出す文言は用意されているが（src/Eccube/Resource/locale/messages.ja.yaml:821）、どこからも設定されない。	連携失敗を検知して更新を取り消し、メッセージを添えてフォームへ戻す処理が存在しない。sheet-15-R103・R107 と同一の欠陥。	img1/img2にはエラー枠の描画は無く、画像からは判定できない。	high	ChangeController-smaregi-failure-not-blocking
sheet-15-R117	NOT_IMPLEMENTED	P2	未実装	ふるまい	"国が日本かつ都道府県が海外、または国が海外かつ都道府県が国内のとき	更新せず、国にエラーを付して再描画する"	国と都道府県の組み合わせが不正なときは会員情報を更新せず、国の項目の直下に組み合わせが不正である旨のエラーを表示して編集フォームを再描画する。	src/Eccube/Form/Type/Front/EntryType.php:209-229; src/Eccube/Form/Type/Front/EntryType.php:231-252; src/Eccube/Resource/template/default/Mypage/change.twig:358-371	国と都道府県の組み合わせを見る処理が無く、国の項目にエラーを付す箇所も無い（国の欄はsrc/Eccube/Resource/template/default/Mypage/change.twig:358-371 でエラー表示枠だけがある）。国が日本以外なら都道府県を「日本国外」へ上書きして通す（src/Eccube/Form/Type/Front/EntryType.php:226-227）。	sheet-15-R094 と同一の欠陥で、組み合わせ不正を拒否する検証が実装されていない。	img4/img5からは国と都道府県の整合検証の有無は読み取れない。	med	EntryType-no-country-pref-mismatch-check
sheet-15-R118	MATCHED						src/Eccube/Resource/template/default/Mypage/change.twig:130-136; src/Eccube/Resource/template/default/Mypage/change.twig:271-272; src/Eccube/Resource/template/default/Mypage/change.twig:459-462		入力項目ごとの必須・形式エラーは各項目の入力欄の直下に出力される（例 氏名 src/Eccube/Resource/template/default/Mypage/change.twig:130-136、メールアドレス src/Eccube/Resource/template/default/Mypage/change.twig:271-272、住所 src/Eccube/Resource/template/default/Mypage/change.twig:459-462）。		high	
sheet-16-R001	OUT_OF_SCOPE								レイアウト図の見出しで、それ自体は挙動を述べていない		high	
sheet-16-R002	OUT_OF_SCOPE								レイアウト図の版区分ラベル（SP版）で要求ではない		high	
sheet-16-R003	MATCHED						src/Eccube/Resource/template/default/Mypage/delivery.twig:32-52		一覧画面のパンくずが ホーム > マイページ > 配送先の新規登録・変更 の順で出る（src/Eccube/Resource/template/default/Mypage/delivery.twig:32-52。ホームは src/Eccube/Resource/template/default/Mypage/delivery.twig:35、マイページは src/Eccube/Resource/template/default/Mypage/delivery.twig:42、現在ページは src/Eccube/Resource/template/default/Mypage/delivery.twig:47-49）	SP版レイアウト図のパンくず表記と一致	high	
sheet-16-R004	OUT_OF_SCOPE								レイアウト図の版区分ラベル（PC版）で要求ではない		high	
sheet-16-R005	MATCHED						src/Eccube/Resource/template/default/Mypage/delivery.twig:32-52		PC/SPで同一テンプレートのため一覧のパンくずは同じ（src/Eccube/Resource/template/default/Mypage/delivery.twig:32-52）	PC版レイアウト図のパンくず表記と一致	high	
sheet-16-R006	MATCHED						src/Eccube/Resource/template/default/Mypage/delivery.twig:111		登録配送先の各枠に氏名（姓 名 様）を表示している（src/Eccube/Resource/template/default/Mypage/delivery.twig:111）。会員情報住所の枠にも氏名がある（src/Eccube/Resource/template/default/Mypage/delivery.twig:89）	一覧レイアウト図（img2）の各枠に「氏名：晴れる屋 太郎」があり、実装の氏名行と一致	high	
sheet-16-R007	OUT_OF_SCOPE								「・(1-7)削除ボタンの動作について」は以下の説明の見出し行		high	
sheet-16-R008	MATCHED						src/Eccube/Resource/template/default/Mypage/delivery.twig:144-158		削除リンク押下で画面遷移せずJavaScriptのconfirmダイアログを出し、OKのときだけ削除要求を送っている（src/Eccube/Resource/template/default/Mypage/delivery.twig:144-158）	img3の確認ポップアップ（ブラウザ標準ダイアログ）と一致	high	
sheet-16-R009	MATCHED						src/Eccube/Resource/template/default/Mypage/delivery.twig:121		確認文言に当該配送先の氏名（name01/name02）を埋め込んでいる（src/Eccube/Resource/template/default/Mypage/delivery.twig:121、文言は src/Eccube/Resource/locale/messages.ja.yaml:769）	img3は「〇〇〇△△様の情報をアドレス帳から削除しますか？」で氏名を使う形と一致	high	
sheet-16-R010	MATCHED						src/Eccube/Resource/template/default/Mypage/delivery.twig:148-157;src/Eccube/Controller/Front/Mypage/DeliveryController.php:268-280		OK時のみ削除要求を送信し（src/Eccube/Resource/template/default/Mypage/delivery.twig:148-157）、削除後は配送先一覧へ戻して再表示する（src/Eccube/Controller/Front/Mypage/DeliveryController.php:268-280）		high	
sheet-16-R011	MATCHED						src/Eccube/Resource/template/default/Mypage/delivery.twig:148		confirmがfalseのときは何も送信せずその場に留まる（src/Eccube/Resource/template/default/Mypage/delivery.twig:148、押下時に既定動作を止めている src/Eccube/Resource/template/default/Mypage/delivery.twig:146）		high	
sheet-16-R012	OUT_OF_SCOPE								項目表のヘッダ行（最大文字数/初期値/画面部品の説明）		high	
sheet-16-R013	MATCHED						src/Eccube/Resource/template/default/Mypage/delivery.twig:32-52		一覧画面にパンくずが新規に置かれている（src/Eccube/Resource/template/default/Mypage/delivery.twig:32-52）		high	
sheet-16-R014	MATCHED						src/Eccube/Resource/template/default/Mypage/delivery.twig:47-49		現在表示中の「配送先の新規登録・変更」はリンクではなくspanで、押下できない（src/Eccube/Resource/template/default/Mypage/delivery.twig:47-49）		high	
sheet-16-R015	MATCHED						src/Eccube/Resource/template/default/Mypage/delivery.twig:35-38		ホームアイコンのリンク先が本店トップ（homepage）（src/Eccube/Resource/template/default/Mypage/delivery.twig:35-38）		high	
sheet-16-R016	MATCHED						src/Eccube/Resource/template/default/Mypage/delivery.twig:61		ログイン会員の姓名を「%last_name% %first_name% 様」で表示（src/Eccube/Resource/template/default/Mypage/delivery.twig:61、文言 src/Eccube/Resource/locale/messages.ja.yaml:104）		high	
sheet-16-R017	MATCHED						src/Eccube/Resource/template/default/Mypage/delivery.twig:67-69		「新しい住所を追加」リンクが配送先新規登録画面へ遷移する（src/Eccube/Resource/template/default/Mypage/delivery.twig:67-69、文言 src/Eccube/Resource/locale/messages.ja.yaml:743）		high	
sheet-16-R018	MATCHED						src/Eccube/Resource/template/default/Mypage/delivery.twig:80-92		会員情報住所の枠に会員の郵便番号・住所・氏名・電話番号・会社名を表示（src/Eccube/Resource/template/default/Mypage/delivery.twig:83-91、見出し文言は src/Eccube/Resource/locale/messages.ja.yaml:5702 の「会員情報住所 / Membership Information Address」）		high	
sheet-16-R019	MATCHED						src/Eccube/Resource/template/default/Mypage/delivery.twig:76-95		会員情報住所の枠には編集・削除の操作を置いていない（src/Eccube/Resource/template/default/Mypage/delivery.twig:76-95）。編集操作は登録配送先の枠だけにある（src/Eccube/Resource/template/default/Mypage/delivery.twig:115-124）ため、会員情報の変更は会員情報変更画面で行う形になっている		high	
sheet-16-R020	MATCHED						src/Eccube/Resource/template/default/Mypage/delivery.twig:97-114		登録済み配送先ごとに住所・電話番号・会社名を表示（src/Eccube/Resource/template/default/Mypage/delivery.twig:102-113）		high	
sheet-16-R021	MATCHED						src/Eccube/Resource/template/default/Mypage/delivery.twig:116		「編集」ボタンが当該配送先IDつきの編集画面へ遷移する（src/Eccube/Resource/template/default/Mypage/delivery.twig:116）		high	
sheet-16-R022	MATCHED						src/Eccube/Resource/template/default/Mypage/delivery.twig:117-123		「削除」ボタン押下で確認ダイアログを出す（src/Eccube/Resource/template/default/Mypage/delivery.twig:117-123 と src/Eccube/Resource/template/default/Mypage/delivery.twig:144-158）		high	
sheet-16-R023	MATCHED						src/Eccube/Resource/template/default/Mypage/delivery.twig:148-157;src/Eccube/Controller/Front/Mypage/DeliveryController.php:268-280		OKで削除し一覧へ戻る（src/Eccube/Resource/template/default/Mypage/delivery.twig:148-157、src/Eccube/Controller/Front/Mypage/DeliveryController.php:268-280）		high	
sheet-16-R024	MATCHED						src/Eccube/Resource/template/default/Mypage/delivery.twig:148		キャンセル時は何も行わない（src/Eccube/Resource/template/default/Mypage/delivery.twig:148）		high	
sheet-16-R025	DRIFT	P3	実装違い	IO	1-8 マイページ ボタン - - - ・押下すると、マイページに遷移する	配送先一覧画面の最下部ボタンのラベルを「マイページ」と表示する。	src/Eccube/Resource/locale/messages.ja.yaml:768;src/Eccube/Resource/template/default/Mypage/delivery.twig:134	ラベルが「マイページへ戻る」と表示される（src/Eccube/Resource/locale/messages.ja.yaml:768 front.mypage.button.back_to_mypage、src/Eccube/Resource/template/default/Mypage/delivery.twig:134）。遷移先はマイページで設計どおり	遷移先は設計どおりだが、項目表のラベル欄とレイアウト図の表記「マイページ」に対して実装の表示文言が異なる。同シートの他ラベル（新しい住所を追加/編集/削除/戻る/登録する/会員情報住所 / Membership Information Address）はいずれも逐語一致しており、ラベル欄が画面文言であることは一貫している	一覧レイアウト図（img2）の下部ボタンは「マイページ」表記	med	messages.ja-mypage-button-label
sheet-16-R026	OUT_OF_SCOPE								レイアウト図の見出し		high	
sheet-16-R027	OUT_OF_SCOPE								レイアウト図の版区分ラベル（SP版）		high	
sheet-16-R028	MATCHED						src/Eccube/Resource/template/default/Mypage/delivery_edit.twig:39-63		入力・変更画面のパンくずが ホーム > マイページ > 配送先の新規登録・変更（src/Eccube/Resource/template/default/Mypage/delivery_edit.twig:39-63）	SP版レイアウト図（img4）のパンくず表記と一致	high	
sheet-16-R029	OUT_OF_SCOPE								レイアウト図の版区分ラベル（PC版）		high	
sheet-16-R030	MATCHED						src/Eccube/Resource/template/default/Mypage/delivery_edit.twig:39-63		PC/SPで同一テンプレートのため同じパンくず（src/Eccube/Resource/template/default/Mypage/delivery_edit.twig:39-63）	PC版レイアウト図（img5）と一致	high	
sheet-16-R031	OUT_OF_SCOPE								カスタマイズ説明の前置き（方針の宣言）で、個別の挙動を述べていない		high	
sheet-16-R032	OUT_OF_SCOPE								「海外住所対応について」は以下の説明の見出し行		high	
sheet-16-R033	MATCHED						src/Eccube/Resource/template/default/Mypage/delivery_edit.twig:345-389		国が日本以外のとき住所欄が住所1/住所2/住所3の3カラムで表示される（src/Eccube/Resource/template/default/Mypage/delivery_edit.twig:346-389、住所3は src/Eccube/Resource/template/default/Mypage/delivery_edit.twig:376-384）	img7（海外住所時）の住所3欄と一致。img4/img5は国=Japanでも3欄目が描かれているが、項目表2-13の但し書き（海外住所表示時に3カラム目）を正とした	high	
sheet-16-R034	MATCHED						src/Eccube/Entity/Customer.php:1029;src/Eccube/Resource/template/default/Mypage/change.twig:514		会員情報側にも住所3の項目があり（src/Eccube/Entity/Customer.php:1029）、会員情報変更画面で入力・登録できる（src/Eccube/Resource/template/default/Mypage/change.twig:514）		high	
sheet-16-R035	OUT_OF_SCOPE								「カスタマイズ要件に記載の内容以外は現行踏襲とする」は適用方針の宣言で、個別の挙動を述べていない		high	
sheet-16-R036	OUT_OF_SCOPE								「・(1-8)国について」は以下の1〜3の見出し行		high	
sheet-16-R037	MATCHED						src/Eccube/Resource/template/default/Mypage/delivery_edit.twig:224;src/Eccube/Resource/template/default/Mypage/delivery_edit.twig:296		国が日本のときの表示分岐がある（郵便番号 src/Eccube/Resource/template/default/Mypage/delivery_edit.twig:224、住所 src/Eccube/Resource/template/default/Mypage/delivery_edit.twig:296）		high	
sheet-16-R038	MATCHED						src/Eccube/Resource/template/default/Mypage/delivery_edit.twig:224-271		国が日本のとき郵便番号は〒と3桁-4桁の2欄で入力させる（src/Eccube/Resource/template/default/Mypage/delivery_edit.twig:233-262）	img4/img5/img8の〒[3桁]-[4桁]と一致	high	
sheet-16-R039	MATCHED						src/Eccube/Resource/template/default/Mypage/delivery_edit.twig:296-316		国が日本のときだけ住所(都道府県)のセレクトボックスを表示（src/Eccube/Resource/template/default/Mypage/delivery_edit.twig:296-316）		high	
sheet-16-R040	MATCHED						src/Eccube/Resource/template/default/Mypage/delivery_edit.twig:296-344		国が日本の分岐には住所3の入力欄が無い（src/Eccube/Resource/template/default/Mypage/delivery_edit.twig:296-344 に addr03 が現れない）		high	
sheet-16-R041	MATCHED						src/Eccube/Resource/template/default/Mypage/delivery_edit.twig:22-33		国のセレクトボックスを変更すると画面を再読み込みして表示項目を切り替える（src/Eccube/Resource/template/default/Mypage/delivery_edit.twig:22-28）。再読み込み時は入力途中の必須エラーを出さずに再表示する（src/Eccube/Controller/Front/Mypage/DeliveryController.php:155-169）		high	
sheet-16-R042	MATCHED						src/Eccube/Resource/template/default/Mypage/delivery_edit.twig:272-293		国が日本以外のとき郵便番号は汎用の1欄になる（src/Eccube/Resource/template/default/Mypage/delivery_edit.twig:273-292）	img7の汎用郵便番号欄と一致	high	
sheet-16-R043	MATCHED						src/Eccube/Resource/template/default/Mypage/delivery_edit.twig:345-389		国が日本以外のとき住所(都道府県)のセレクトボックスを出さない（src/Eccube/Resource/template/default/Mypage/delivery_edit.twig:345-389）	img7に都道府県欄が無いことと一致	high	
sheet-16-R044	MATCHED						src/Eccube/Resource/template/default/Mypage/delivery_edit.twig:376-384		国が日本以外のとき住所3の入力欄を表示（src/Eccube/Resource/template/default/Mypage/delivery_edit.twig:376-384）	img7の3欄目と一致	high	
sheet-16-R045	MATCHED						src/Eccube/Resource/template/default/Mypage/delivery_edit.twig:22-33		国の変更は日本以外→日本でも同じ再読み込み処理を通り、日本の表示分岐（src/Eccube/Resource/template/default/Mypage/delivery_edit.twig:224、src/Eccube/Resource/template/default/Mypage/delivery_edit.twig:296）に切り替わる		high	
sheet-16-R046	OUT_OF_SCOPE								「★(1-15)郵便番号について」は以下の説明の見出し行		high	
sheet-16-R047	MATCHED						src/Eccube/Resource/template/default/Mypage/delivery_edit.twig:20;src/Eccube/Resource/template/default/Mypage/delivery_edit.twig:236-261;src/Eccube/Resource/template/default/Mypage/delivery_edit.twig:307-325		郵便番号自動補完の仕組みを読み込み（src/Eccube/Resource/template/default/Mypage/delivery_edit.twig:20）、日本の分岐でのみ郵便番号欄と都道府県・住所1に補完用の目印を付けている（src/Eccube/Resource/template/default/Mypage/delivery_edit.twig:237、src/Eccube/Resource/template/default/Mypage/delivery_edit.twig:308、src/Eccube/Resource/template/default/Mypage/delivery_edit.twig:320）。日本以外の分岐（src/Eccube/Resource/template/default/Mypage/delivery_edit.twig:272-293、src/Eccube/Resource/template/default/Mypage/delivery_edit.twig:345-389）には付いていない		high	
sheet-16-R048	MATCHED						src/Eccube/Resource/template/default/Mypage/delivery_edit.twig:307-315		住所(都道府県)が郵便番号からの補完対象になっている（src/Eccube/Resource/template/default/Mypage/delivery_edit.twig:308）		high	
sheet-16-R049	MATCHED						src/Eccube/Resource/template/default/Mypage/delivery_edit.twig:317-327		住所1が郵便番号からの補完対象になっている（src/Eccube/Resource/template/default/Mypage/delivery_edit.twig:320）		high	
sheet-16-R050	MATCHED						src/Eccube/Resource/template/default/Mypage/delivery_edit.twig:224-271		日本の郵便番号欄の周囲に「郵便番号から自動入力」に相当するボタンは無い（src/Eccube/Resource/template/default/Mypage/delivery_edit.twig:224-271）。補完は入力に応じて自動で行われる（src/Eccube/Resource/template/default/Mypage/delivery_edit.twig:20）	img6の現行画面にある「郵便番号から自動入力」ボタンが、実装の入力画面には存在しない	high	
sheet-16-R051	OUT_OF_SCOPE								(1-10)メールアドレスの記述で、本シートの項目表（2-x/3-x）に該当項目が無い。配送先の登録・変更画面にメールアドレス欄は定義されておらず、会員情報側の記述の混入		high	
sheet-16-R052	OUT_OF_SCOPE								同上。(1-26)変更する／メールアドレス形式チェックは本シートの項目表に対応する項目が無く、会員情報側の記述の混入		high	
sheet-16-R053	OUT_OF_SCOPE								R052の文の続き（「エラーメッセージを表示する」）で、同じく本シートの対象外		high	
sheet-16-R054	OUT_OF_SCOPE								項目表のヘッダ行		high	
sheet-16-R055	MATCHED						src/Eccube/Resource/template/default/Mypage/delivery_edit.twig:39-63		入力・変更画面にパンくずが新規に置かれている（src/Eccube/Resource/template/default/Mypage/delivery_edit.twig:39-63）		high	
sheet-16-R056	MATCHED						src/Eccube/Resource/template/default/Mypage/delivery_edit.twig:54-59		現在表示中のページはリンクではなくspan（src/Eccube/Resource/template/default/Mypage/delivery_edit.twig:54-59）		high	
sheet-16-R057	MATCHED						src/Eccube/Resource/template/default/Mypage/delivery_edit.twig:42-45		ホームアイコンのリンク先が本店トップ（src/Eccube/Resource/template/default/Mypage/delivery_edit.twig:42-45）		high	
sheet-16-R058	MATCHED						src/Eccube/Resource/template/default/Mypage/delivery_edit.twig:97-103		入力画面の氏名欄の見出しは「配送先氏名」（src/Eccube/Resource/template/default/Mypage/delivery_edit.twig:101、文言 src/Eccube/Resource/locale/messages.ja.yaml:5704）で、その上は配送先名称（src/Eccube/Resource/template/default/Mypage/delivery_edit.twig:79）。「名前」というラベル項目は置かれていない	img4/img5にも「名前」項目は無く、配送先名称→配送先氏名の並び	high	
sheet-16-R059	MATCHED						src/Eccube/Form/Type/Front/CustomerAddressType.php:59-67;src/Eccube/Resource/template/default/Mypage/delivery_edit.twig:84-91		配送先名称は必須・最大128文字（src/Eccube/Form/Type/Front/CustomerAddressType.php:59-67、app/config/eccube/packages/eccube.yaml:209 が128）。未入力送信時に動的に必須エラーを出す指定がある（src/Eccube/Resource/template/default/Mypage/delivery_edit.twig:87-88）		high	
sheet-16-R060	DRIFT	P3	実装違い	IO	2-4 配送先氏名(姓) 半角・全角 ◯ 16 - ・未入力で(2-17)変更するを押下すると、動的に必須入力のエラーメッセージを表示する	配送先氏名(姓)は16文字を超える入力を受け付けない。	src/Eccube/Form/Type/Front/CustomerAddressType.php:68-70;src/Eccube/Form/Type/NameType.php:100-110;app/config/eccube/packages/eccube.yaml:180	配送先氏名(姓)は50文字まで受け付ける（src/Eccube/Form/Type/NameType.php:104-105 が app/config/eccube/packages/eccube.yaml:180 の eccube_name_len=50 を上限にしている）。画面側にも文字数の上限指定は無い（src/Eccube/Resource/template/default/Mypage/delivery_edit.twig:111-119）	必須と動的エラーは実装されているが、最大文字数だけが設計の16を超える。同じ表の2-3配送先名称は設計どおり128文字で実装されており（app/config/eccube/packages/eccube.yaml:209）、最大文字数欄が実装対象であることは一貫している		med	CustomerAddressType-name-kana-max-length
sheet-16-R061	DRIFT	P3	実装違い	IO	2-5 配送先氏名(名) 半角・全角 ◯ 16 - ・未入力で(2-27)変更するを押下すると、動的に必須入力のエラーメッセージを表示する	配送先氏名(名)は16文字を超える入力を受け付けない。	src/Eccube/Form/Type/Front/CustomerAddressType.php:68-70;src/Eccube/Form/Type/NameType.php:114-124;app/config/eccube/packages/eccube.yaml:180	配送先氏名(名)は50文字まで受け付ける（src/Eccube/Form/Type/NameType.php:118-119 が app/config/eccube/packages/eccube.yaml:180 の eccube_name_len=50 を上限にしている）。画面側にも文字数の上限指定は無い（src/Eccube/Resource/template/default/Mypage/delivery_edit.twig:128-136）	R060と同一の欠陥。姓・名とも同じ設定値を上限にしている		med	CustomerAddressType-name-kana-max-length
sheet-16-R062	DRIFT	P3	実装違い	IO	2-5 配送先氏名(名) 半角・全角 ◯ 16 - ・未入力で(2-27)変更するを押下すると、動的に必須入力のエラーメッセージを表示する 2-6 配送先氏名フリガナ(姓) 半角・全角 - 25 - 2-7 配送先氏名フリガナ(名) 半角・全角 - 25 -	配送先氏名フリガナ(姓)は25文字を超える入力を受け付けない。	src/Eccube/Form/Type/Front/CustomerAddressType.php:71-97;app/config/eccube/packages/eccube.yaml:181	配送先氏名フリガナ(姓)は50文字まで受け付ける（src/Eccube/Form/Type/Front/CustomerAddressType.php:80-82 が app/config/eccube/packages/eccube.yaml:181 の eccube_kana_len=50 を上限にしている）	任意入力とカナのみの形式チェックは実装されているが、最大文字数だけが設計の25を超える		med	CustomerAddressType-name-kana-max-length
sheet-16-R063	DRIFT	P3	実装違い	IO	2-5 配送先氏名(名) 半角・全角 ◯ 16 - ・未入力で(2-27)変更するを押下すると、動的に必須入力のエラーメッセージを表示する 2-6 配送先氏名フリガナ(姓) 半角・全角 - 25 - 2-7 配送先氏名フリガナ(名) 半角・全角 - 25 -	配送先氏名フリガナ(名)は25文字を超える入力を受け付けない。	src/Eccube/Form/Type/Front/CustomerAddressType.php:71-97;app/config/eccube/packages/eccube.yaml:181	配送先氏名フリガナ(名)は50文字まで受け付ける（src/Eccube/Form/Type/Front/CustomerAddressType.php:92-94 が app/config/eccube/packages/eccube.yaml:181 の eccube_kana_len=50 を上限にしている）	R062と同一の欠陥。姓・名とも同じ設定値を上限にしている		med	CustomerAddressType-name-kana-max-length
sheet-16-R064	MATCHED						src/Eccube/Form/Type/Front/CustomerAddressType.php:106-115;src/Eccube/Form/Type/Front/CustomerAddressType.php:142-150;src/Eccube/Resource/template/default/Mypage/delivery_edit.twig:22-33		国は必須のセレクトボックスで初期値が日本（src/Eccube/Form/Type/Front/CustomerAddressType.php:106-115、src/Eccube/Form/Type/Front/CustomerAddressType.php:146-149）。日本から変更すると再読み込みが起き、住所(都道府県)が消える（src/Eccube/Resource/template/default/Mypage/delivery_edit.twig:22-28、src/Eccube/Resource/template/default/Mypage/delivery_edit.twig:296-345）		high	
sheet-16-R065	MATCHED						src/Eccube/Resource/template/default/Mypage/delivery_edit.twig:22-33;src/Eccube/Resource/template/default/Mypage/delivery_edit.twig:296-344		日本以外から日本へ変更しても再読み込みが起き（src/Eccube/Resource/template/default/Mypage/delivery_edit.twig:22-28）、日本の分岐には住所3の欄が無い（src/Eccube/Resource/template/default/Mypage/delivery_edit.twig:296-344）		high	
sheet-16-R066	MATCHED						src/Eccube/Form/Type/Front/CustomerAddressType.php:116-131;src/Eccube/Resource/template/default/Mypage/delivery_edit.twig:236-262;app/config/eccube/packages/eccube.yaml:183		郵便番号は必須（src/Eccube/Form/Type/Front/CustomerAddressType.php:116-120）。日本は3桁+4桁を数値で入力させ（src/Eccube/Resource/template/default/Mypage/delivery_edit.twig:236-261）、日本以外は最大10文字（src/Eccube/Form/Type/Front/CustomerAddressType.php:121-131、app/config/eccube/packages/eccube.yaml:183）。未入力時の動的エラー指定もある（src/Eccube/Resource/template/default/Mypage/delivery_edit.twig:240-241）		high	
sheet-16-R067	MATCHED						src/Eccube/Resource/template/default/Mypage/delivery_edit.twig:305-316		住所(都道府県)はセレクトボックスで、未入力送信時に動的な必須エラーを出す指定がある（src/Eccube/Resource/template/default/Mypage/delivery_edit.twig:310-311）		high	
sheet-16-R068	MATCHED						src/Eccube/Resource/template/default/Mypage/delivery_edit.twig:296-316		住所(都道府県)は国が日本の分岐にだけ置かれている（src/Eccube/Resource/template/default/Mypage/delivery_edit.twig:296-316）		high	
sheet-16-R069	MATCHED						src/Eccube/Form/Type/Front/CustomerAddressType.php:180-187;src/Eccube/Resource/template/default/Mypage/delivery_edit.twig:345-389		国が日本以外のとき都道府県は画面に出さず（src/Eccube/Resource/template/default/Mypage/delivery_edit.twig:345-389）、値は「日本国外」で確定させている（src/Eccube/Form/Type/Front/CustomerAddressType.php:185-186）。記述の「(1-14)国が「Japan」の場合は」は前行と食い違うが、意図する日本以外の扱いは実装されている	img7（海外住所時）に都道府県欄が無いことと一致	med	
sheet-16-R070	MATCHED						src/Eccube/Form/Type/AddressType.php:55-58;src/Eccube/Form/Type/AddressType.php:108-116;src/Eccube/Resource/template/default/Mypage/delivery_edit.twig:317-327;app/config/eccube/packages/eccube.yaml:185		住所1は必須（src/Eccube/Form/Type/AddressType.php:55-57）・最大90文字（src/Eccube/Form/Type/AddressType.php:110 と app/config/eccube/packages/eccube.yaml:185）。未入力時の動的エラー指定もある（src/Eccube/Resource/template/default/Mypage/delivery_edit.twig:322-323）		high	
sheet-16-R071	MATCHED						src/Eccube/Form/Type/AddressType.php:59-62;src/Eccube/Form/Type/AddressType.php:117-125;src/Eccube/Resource/template/default/Mypage/delivery_edit.twig:328-338;app/config/eccube/packages/eccube.yaml:186		住所2は必須（src/Eccube/Form/Type/AddressType.php:59-61）・最大90文字（src/Eccube/Form/Type/AddressType.php:119 と app/config/eccube/packages/eccube.yaml:186）。未入力時の動的エラー指定もある（src/Eccube/Resource/template/default/Mypage/delivery_edit.twig:333-334）		high	
sheet-16-R072	MATCHED						src/Eccube/Form/Type/AddressType.php:63-64;src/Eccube/Form/Type/AddressType.php:126-134;src/Eccube/Resource/template/default/Mypage/delivery_edit.twig:376-384;app/config/eccube/packages/eccube.yaml:187		住所3は任意（必須制約を足していない src/Eccube/Form/Type/AddressType.php:63-64）・最大90文字（src/Eccube/Form/Type/AddressType.php:128 と app/config/eccube/packages/eccube.yaml:187）で、国が日本以外のときに3欄目として表示される（src/Eccube/Resource/template/default/Mypage/delivery_edit.twig:376-384）		high	
sheet-16-R073	MATCHED						src/Eccube/Form/Type/Front/CustomerAddressType.php:133-135;src/Eccube/Form/Type/SplitPhoneNumberType.php:49-53;src/Eccube/Resource/template/default/Mypage/delivery_edit.twig:391-450		電話番号は必須（src/Eccube/Form/Type/Front/CustomerAddressType.php:133-135、src/Eccube/Form/Type/SplitPhoneNumberType.php:49-53）で、市外局番から順に数値入力させる（src/Eccube/Resource/template/default/Mypage/delivery_edit.twig:398-447）		high	
sheet-16-R074	MATCHED						src/Eccube/Form/Type/Front/CustomerAddressType.php:98-105;src/Eccube/Resource/template/default/Mypage/delivery_edit.twig:458-470;app/config/eccube/packages/eccube.yaml:143		会社名は任意・最大100文字（src/Eccube/Form/Type/Front/CustomerAddressType.php:98-105、app/config/eccube/packages/eccube.yaml:143 の eccube_smtext_len=100）		high	
sheet-16-R075	DRIFT	P3	実装違い	IO	2-16 確認画面へ ボタン - - - ・押下すると、フォームに入力した情報で入力チェックを実施し、入力チェックが正常に完了した場合は登録/更新を行い、エラーが発生した場合はエラーメッセージを画面に表示する	入力・変更画面の送信ボタンのラベルを「確認画面へ」と表示する。	src/Eccube/Resource/locale/messages.ja.yaml:1526;src/Eccube/Resource/template/default/Mypage/delivery_edit.twig:500-503	ボタンのラベルが「確認する」と表示される（src/Eccube/Resource/locale/messages.ja.yaml:1526 front.shopping.go_to_confirm、src/Eccube/Resource/template/default/Mypage/delivery_edit.twig:501）。押下時の入力チェックと確認画面への遷移、エラー時の画面表示（src/Eccube/Controller/Front/Mypage/DeliveryController.php:171-188、src/Eccube/Resource/template/default/Mypage/delivery_edit.twig:90-91）は設計どおり	挙動は設計どおりだが表示文言だけが異なる。同シートの他ラベルは逐語一致しており、ラベル欄が画面文言であることは一貫している	入力レイアウト図（img4/img5）の送信ボタンは「確認画面へ」表記	med	messages.ja-go-to-confirm-label
sheet-16-R076	MATCHED						src/Eccube/Resource/template/default/Mypage/delivery_edit.twig:504		「戻る」が配送先一覧へ遷移する（src/Eccube/Resource/template/default/Mypage/delivery_edit.twig:504、文言 src/Eccube/Resource/locale/messages.ja.yaml:13）		high	
sheet-16-R077	OUT_OF_SCOPE								レイアウト図の見出し		high	
sheet-16-R078	OUT_OF_SCOPE								レイアウト図の版区分ラベル（SP版）		high	
sheet-16-R079	MATCHED						src/Eccube/Resource/template/default/Mypage/delivery_confirm.twig:21-45		確認画面のパンくずが ホーム > マイページ > 配送先の新規登録・変更（src/Eccube/Resource/template/default/Mypage/delivery_confirm.twig:21-45）	確認レイアウト図（img9/img10）と一致	high	
sheet-16-R080	OUT_OF_SCOPE								レイアウト図の版区分ラベル（PC版）		high	
sheet-16-R081	MATCHED						src/Eccube/Resource/template/default/Mypage/delivery_confirm.twig:21-45		PC/SPで同一テンプレートのため同じパンくず（src/Eccube/Resource/template/default/Mypage/delivery_confirm.twig:21-45）		high	
sheet-16-R082	OUT_OF_SCOPE								カスタマイズ説明の前置き（方針の宣言）		high	
sheet-16-R083	OUT_OF_SCOPE								「海外住所対応について」は見出し行		high	
sheet-16-R084	MATCHED						src/Eccube/Resource/template/default/Mypage/delivery_confirm.twig:114-116		確認画面でも国が日本以外のとき住所3を表示する（src/Eccube/Resource/template/default/Mypage/delivery_confirm.twig:115）		high	
sheet-16-R085	MATCHED						src/Eccube/Entity/Customer.php:1029;src/Eccube/Resource/template/default/Mypage/change.twig:514		会員情報側にも住所3があり会員情報変更画面で登録できる（src/Eccube/Entity/Customer.php:1029、src/Eccube/Resource/template/default/Mypage/change.twig:514）		high	
sheet-16-R086	OUT_OF_SCOPE								「カスタマイズ要件に記載の内容以外は現行踏襲とする」は適用方針の宣言		high	
sheet-16-R087	OUT_OF_SCOPE								「★(3-6)国について」は以下の説明の見出し行		high	
sheet-16-R088	MATCHED						src/Eccube/Resource/template/default/Mypage/delivery_confirm.twig:89-96		確認画面に国が日本のときの表示分岐がある（src/Eccube/Resource/template/default/Mypage/delivery_confirm.twig:89-96、src/Eccube/Resource/template/default/Mypage/delivery_confirm.twig:112-113）		high	
sheet-16-R089	MATCHED						src/Eccube/Resource/template/default/Mypage/delivery_confirm.twig:90-96		国が日本のとき郵便番号を〒3桁-4桁の形で表示（src/Eccube/Resource/template/default/Mypage/delivery_confirm.twig:95）	img9/img10の「〒169-0075」と一致	high	
sheet-16-R090	MATCHED						src/Eccube/Resource/template/default/Mypage/delivery_confirm.twig:112-113		国が日本のとき住所に都道府県名を出す（src/Eccube/Resource/template/default/Mypage/delivery_confirm.twig:113）	img9/img10の住所先頭が「東京都」で一致	high	
sheet-16-R091	MATCHED						src/Eccube/Resource/template/default/Mypage/delivery_confirm.twig:112-113		国が日本の分岐で住所3は値があるときだけの表示で（src/Eccube/Resource/template/default/Mypage/delivery_confirm.twig:113）、日本の入力画面には住所3の入力欄が無い（src/Eccube/Resource/template/default/Mypage/delivery_edit.twig:296-344）ため値は入らず表示されない	img9/img10の住所は都道府県・市区町村・番地・建物の並びで、海外用3欄目は現れない	med	
sheet-16-R092	MATCHED						src/Eccube/Resource/template/default/Mypage/delivery_confirm.twig:97-105		確認画面に国が日本以外のときの表示分岐がある（src/Eccube/Resource/template/default/Mypage/delivery_confirm.twig:97-105、src/Eccube/Resource/template/default/Mypage/delivery_confirm.twig:114-116）		high	
sheet-16-R093	MATCHED						src/Eccube/Resource/template/default/Mypage/delivery_confirm.twig:98-104		国が日本以外のとき郵便番号を汎用の値のまま表示（src/Eccube/Resource/template/default/Mypage/delivery_confirm.twig:103）		high	
sheet-16-R094	MATCHED						src/Eccube/Resource/template/default/Mypage/delivery_confirm.twig:114-116		国が日本以外の分岐では都道府県を出さない（src/Eccube/Resource/template/default/Mypage/delivery_confirm.twig:114-116）		high	
sheet-16-R095	MATCHED						src/Eccube/Resource/template/default/Mypage/delivery_confirm.twig:115		国が日本以外のとき住所3を表示（src/Eccube/Resource/template/default/Mypage/delivery_confirm.twig:115）		high	
sheet-16-R096	MATCHED						src/Eccube/Controller/Front/Mypage/DeliveryController.php:222-236		登録確定時にブラックリスト該当を調べ、該当があれば会員情報登録エラー画面へ遷移する（src/Eccube/Controller/Front/Mypage/DeliveryController.php:223-235）	img11の「ご入力いただいた内容は使用できません。」の画面へ遷移する形と一致	high	
sheet-16-R097	MATCHED						src/Eccube/Repository/DtbBlacklistRepository.php:50-57		配送先氏名（姓+名）を照合対象にしている（src/Eccube/Repository/DtbBlacklistRepository.php:53）		high	
sheet-16-R098	MATCHED						src/Eccube/Repository/DtbBlacklistRepository.php:50-57		都道府県+住所1+住所2+住所3を住所として照合対象にしている（src/Eccube/Repository/DtbBlacklistRepository.php:55）		high	
sheet-16-R099	MATCHED						src/Eccube/Repository/DtbBlacklistRepository.php:50-57		電話番号を照合対象にしている（src/Eccube/Repository/DtbBlacklistRepository.php:54）		high	
sheet-16-R100	OUT_OF_SCOPE								別紙（0207 ブラックリスト管理）への参照注記で、本シートの実装要求ではない		high	
sheet-16-R101	OUT_OF_SCOPE								会員情報登録エラー画面のレイアウト図への参照注記		high	
sheet-16-R102	OUT_OF_SCOPE								項目表のヘッダ行		high	
sheet-16-R103	MATCHED						src/Eccube/Resource/template/default/Mypage/delivery_confirm.twig:21-45		確認画面にパンくずが新規に置かれている（src/Eccube/Resource/template/default/Mypage/delivery_confirm.twig:21-45）		high	
sheet-16-R104	MATCHED						src/Eccube/Resource/template/default/Mypage/delivery_confirm.twig:36-41		現在表示中のページはリンクではなくspan（src/Eccube/Resource/template/default/Mypage/delivery_confirm.twig:36-41）		high	
sheet-16-R105	MATCHED						src/Eccube/Resource/template/default/Mypage/delivery_confirm.twig:24-27		ホームアイコンのリンク先が本店トップ（src/Eccube/Resource/template/default/Mypage/delivery_confirm.twig:24-27）		high	
sheet-16-R106	MATCHED						src/Eccube/Resource/template/default/Mypage/delivery_confirm.twig:66-73		確認画面の氏名の見出しは「配送先氏名」（src/Eccube/Resource/template/default/Mypage/delivery_confirm.twig:69、文言 src/Eccube/Resource/locale/messages.ja.yaml:747）で、「名前」というラベル項目は無い	img9/img10にも「名前」項目は無い	high	
sheet-16-R107	MATCHED						src/Eccube/Resource/template/default/Mypage/delivery_confirm.twig:58-64		配送先名称を必須表示つきで出している（src/Eccube/Resource/template/default/Mypage/delivery_confirm.twig:60-63）		high	
sheet-16-R108	MATCHED						src/Eccube/Resource/template/default/Mypage/delivery_confirm.twig:67-73		配送先氏名を姓 名で表示（src/Eccube/Resource/template/default/Mypage/delivery_confirm.twig:72）		high	
sheet-16-R109	MATCHED						src/Eccube/Resource/template/default/Mypage/delivery_confirm.twig:74-79		配送先氏名フリガナを表示（src/Eccube/Resource/template/default/Mypage/delivery_confirm.twig:78）		high	
sheet-16-R110	MATCHED						src/Eccube/Resource/template/default/Mypage/delivery_confirm.twig:82-88		国名を表示（src/Eccube/Resource/template/default/Mypage/delivery_confirm.twig:87）		high	
sheet-16-R111	MATCHED						src/Eccube/Resource/template/default/Mypage/delivery_confirm.twig:89-105		郵便番号を表示（src/Eccube/Resource/template/default/Mypage/delivery_confirm.twig:95、src/Eccube/Resource/template/default/Mypage/delivery_confirm.twig:103）		high	
sheet-16-R112	MATCHED						src/Eccube/Resource/template/default/Mypage/delivery_confirm.twig:112-116		住所(都道府県)は国が日本のときだけ表示（src/Eccube/Resource/template/default/Mypage/delivery_confirm.twig:112-113）		high	
sheet-16-R113	MATCHED						src/Eccube/Resource/template/default/Mypage/delivery_confirm.twig:111-117		住所1を表示（src/Eccube/Resource/template/default/Mypage/delivery_confirm.twig:113、src/Eccube/Resource/template/default/Mypage/delivery_confirm.twig:115）		high	
sheet-16-R114	MATCHED						src/Eccube/Resource/template/default/Mypage/delivery_confirm.twig:111-117		住所2を表示（src/Eccube/Resource/template/default/Mypage/delivery_confirm.twig:113、src/Eccube/Resource/template/default/Mypage/delivery_confirm.twig:115）		high	
sheet-16-R115	MATCHED						src/Eccube/Resource/template/default/Mypage/delivery_confirm.twig:114-116		住所3を海外住所のとき表示（src/Eccube/Resource/template/default/Mypage/delivery_confirm.twig:115）		high	
sheet-16-R116	MATCHED						src/Eccube/Resource/template/default/Mypage/delivery_confirm.twig:119-125		電話番号を表示（src/Eccube/Resource/template/default/Mypage/delivery_confirm.twig:124）		high	
sheet-16-R117	MATCHED						src/Eccube/Resource/template/default/Mypage/delivery_confirm.twig:127-134		会社名を表示（src/Eccube/Resource/template/default/Mypage/delivery_confirm.twig:132）		high	
sheet-16-R118	MATCHED						src/Eccube/Resource/template/default/Mypage/delivery_confirm.twig:136-144;src/Eccube/Controller/Front/Mypage/DeliveryController.php:219-247		「登録する」押下で確認画面の内容を再検証し（src/Eccube/Controller/Front/Mypage/DeliveryController.php:219-222）、正常なら登録・更新して配送先一覧へ遷移（src/Eccube/Controller/Front/Mypage/DeliveryController.php:238-244）、エラー時は配送先の登録・編集画面へ戻す（src/Eccube/Controller/Front/Mypage/DeliveryController.php:247）。ボタン文言は src/Eccube/Resource/locale/messages.ja.yaml:751		high	
sheet-16-R119	MATCHED						src/Eccube/Controller/Front/Mypage/DeliveryController.php:222-236		ブラックリスト該当時は会員情報登録エラー画面へ遷移（src/Eccube/Controller/Front/Mypage/DeliveryController.php:235）		high	
sheet-16-R120	MATCHED						src/Eccube/Repository/DtbBlacklistRepository.php:50-57		配送先氏名を照合対象にしている（src/Eccube/Repository/DtbBlacklistRepository.php:53）		high	
sheet-16-R121	MATCHED						src/Eccube/Repository/DtbBlacklistRepository.php:50-57		住所を照合対象にしている（src/Eccube/Repository/DtbBlacklistRepository.php:55）		high	
sheet-16-R122	MATCHED						src/Eccube/Repository/DtbBlacklistRepository.php:50-57		電話番号を照合対象にしている（src/Eccube/Repository/DtbBlacklistRepository.php:54）		high	
sheet-16-R123	DESIGN_ISSUE				3-15 戻る ボタン - - - ・押下すると、入力内容を維持した上で会員登録画面へ遷移する				遷移先が本シートの他の記述と食い違う。本シートは配送先の一覧・入力・確認の3画面しか定義しておらず、会員登録画面はどこにも現れない（2-17戻るの遷移先は配送先一覧）。実装は入力内容を保持したまま配送先の入力・変更画面へ戻す（src/Eccube/Controller/Front/Mypage/DeliveryController.php:198-202、src/Eccube/Resource/template/default/Mypage/delivery_confirm.twig:141-143）。「会員登録画面」が誤記なのか別画面を指すのかは設計裁定が要る	確認レイアウト図（img9/img10）の「戻る」は直前の入力画面へ戻る位置に置かれている	med	
sheet-16-R124	OUT_OF_SCOPE								現行仕様の節の見出し（機能名と概要）		high	
sheet-16-R125	OUT_OF_SCOPE								「配送先氏名カナの表示」は業務ロジックの小見出し		high	
sheet-16-R126	DRIFT	P3	実装違い	IO	配送先氏名カナは日本語ページでだけ表示する。海外言語ページでは入力欄も確認画面の表示も設けない。	海外言語ページでは、配送先の入力画面にも確認画面にも配送先氏名フリガナの欄・行を出さない。	src/Eccube/Resource/template/default/Mypage/delivery_confirm.twig:74-79;src/Eccube/Resource/template/default/Mypage/delivery_edit.en.twig:1-449	入力画面は海外言語ページ用の版でフリガナ欄を外している（src/Eccube/Resource/template/default/Mypage/delivery_edit.en.twig に kana の入力欄が無い）が、確認画面は言語別の版が無く日本語版が共用されるため（src/Eccube/Resource/template/default/Mypage/delivery_confirm.twig:74-79）、海外言語ページでもフリガナの行が見出しごと表示される	入力側は設計どおりだが確認側だけ未対応。確認画面のフリガナ行は言語の条件なしで描かれている（src/Eccube/Resource/template/default/Mypage/delivery_confirm.twig:74-79）		med	delivery_confirm.twig-kana-shown-on-en
sheet-16-R127	OUT_OF_SCOPE								「配送先登録数の上限」は業務ロジックの小見出し		high	
sheet-16-R128	DRIFT	P3	実装違い	ふるまい	新規登録では、会員の配送先数が上限（20件）以上のとき登録できない。上限に達しているときはエラーを表示して配送先一覧へ戻し、入力画面・確認画面へ進ませない。判定は入力画面と確認画面の双方で行う。既存の配送先を編集する経路（識別子ありの経路）では上限を判定しない。	新規登録で配送先数が上限に達しているときは、配送先一覧へ戻したうえで一覧上部にエラーを表示する。入力画面・確認画面のどちらから来ても同じ扱いにする。	src/Eccube/Controller/Front/Mypage/DeliveryController.php:88-96;src/Eccube/Controller/Front/Mypage/DeliveryController.php:204-217	入力画面では上限到達時に一覧へ戻さずHTTP404を返す（src/Eccube/Controller/Front/Mypage/DeliveryController.php:93-95）ため、利用者にはエラー文言が出ず一覧にも戻らない。確認画面から登録を確定する側（src/Eccube/Controller/Front/Mypage/DeliveryController.php:204-217）には上限の判定が無い。上限の値20と、編集経路で判定しない点（src/Eccube/Controller/Front/Mypage/DeliveryController.php:90）は設計どおり	上限到達時の扱いが「エラー表示＋一覧へ戻す」ではなくHTTP404になっている。上限超過の文言は実装のどこにも無い（「お届け先登録数の上限を超えています。」は src/Eccube/Resource/locale/messages.ja.yaml に存在しない）		high	DeliveryController-address-max-throws-404
sheet-16-R129	OUT_OF_SCOPE								「国と都道府県の整合」は業務ロジックの小見出し		high	
sheet-16-R130	NOT_IMPLEMENTED	P3	未実装	ふるまい	国が日本で都道府県が国外を指すとき、または国が日本以外で都道府県が国内の都道府県を指すときは不整合とし、送信後の検証で国にエラーを付ける。国と都道府県のどちらかが未選択のときは、この整合判定を行わない。	国が日本で都道府県が「日本国外」のとき、または国が日本以外で都道府県が国内の都道府県のときは、国の項目にエラーを付けて登録させない。	src/Eccube/Form/Type/Front/CustomerAddressType.php:152-188;src/Eccube/Resource/template/default/Mypage/delivery_edit.twig:305-316	国と都道府県の組み合わせを見る検証が無い（src/Eccube/Form/Type/Front/CustomerAddressType.php:152-188 には郵便番号と海外時の都道府県の確定しかない）。都道府県の選択肢は master をそのまま出すため（src/Eccube/Resource/template/default/Mypage/delivery_edit.twig:307-313）、国が日本のままで「日本国外」を選んでもエラーにならず登録できる。国が日本以外のときは都道府県を「日本国外」で確定するため（src/Eccube/Form/Type/Front/CustomerAddressType.php:185-186）その向きの不整合は起きない	組み合わせの検証そのものが実装されていない。対応する文言も実装に無い（「国と都道府県の組み合わせが正しくありません。」は locale に存在しない）		high	CustomerAddressType-no-country-pref-consistency-check
sheet-16-R131	OUT_OF_SCOPE								「会員に紐づかない配送先の指定」は業務ロジックの小見出し		high	
sheet-16-R132	MATCHED						src/Eccube/Controller/Front/Mypage/DeliveryController.php:98-108;src/Eccube/Controller/Front/Mypage/DeliveryController.php:207-217		入力画面・確認画面のどちらもログイン会員に紐づく配送先だけを取り出し、見つからないときはHTTP404にする（src/Eccube/Controller/Front/Mypage/DeliveryController.php:99-107、src/Eccube/Controller/Front/Mypage/DeliveryController.php:208-216）		high	
sheet-16-R133	OUT_OF_SCOPE								「登録確定後の選択中配送先」は業務ロジックの小見出し		high	
sheet-16-R134	UNVERIFIABLE								マイページの配送先登録・更新の確定処理は購入手続き側の選択状態に触れない（src/Eccube/Controller/Front/Mypage/DeliveryController.php:238-244）。一方で購入手続き側は自身で選択中の配送先を持ち（src/Eccube/Resource/template/default/Shopping/index.twig:233）、カートから注文手続きへ入り直すたびにその選択を初期化する（src/Eccube/Service/OrderHelper.php:317-319）。「以後の購入手続き」がどの時点を指すかは購入手続き側の設計に依存し、本シートだけでは設計どおりかを判定できない		med	
sheet-16-R135	OUT_OF_SCOPE								「削除」は業務ロジックの小見出し		high	
sheet-16-R136	DRIFT	P3	実装違い	IO	削除はなりすまし対策トークンを検証したうえで受け付ける。識別子が無いとき、およびログイン会員に紐づく配送先が取得できないときはHTTP404とする。削除できるときは記録を物理削除せず、削除済みとして残す。	配送先の削除では記録を消さず、削除済みとして残す。	src/Eccube/Repository/CustomerAddressRepository.php:43-48;src/Eccube/Controller/Front/Mypage/DeliveryController.php:255-281	削除は記録そのものを消している（src/Eccube/Repository/CustomerAddressRepository.php:46）。削除済みを表す項目も配送先の定義に無い。なりすまし対策の検証（src/Eccube/Controller/Front/Mypage/DeliveryController.php:258）と識別子が無いときのHTTP404（src/Eccube/Controller/Front/Mypage/DeliveryController.php:255 の識別子必須の指定）は設計どおり	削除の永続化のしかたが設計と異なる。会員に紐づかないときの応答が404でない点は R143 で別に挙げた		med	CustomerAddressRepository-physical-delete
sheet-16-R137	OUT_OF_SCOPE								「未ログインでの参照」は業務ロジックの小見出し		high	
sheet-16-R138	MATCHED						src/Eccube/DependencyInjection/EccubeExtension.php:86-93		マイページ配下は会員としてログインしていないと参照できない指定になっており（src/Eccube/DependencyInjection/EccubeExtension.php:88）、未ログインのときは会員ログイン画面へ誘導される（app/config/eccube/packages/security.yaml:84-85）		high	
sheet-16-R139	OUT_OF_SCOPE								「エラー時の扱い」は表の見出し行		high	
sheet-16-R140	DRIFT	P3	実装違い	ふるまい	配送先登録数の上限超過 エラーを表示して一覧へ戻す	配送先数が上限を超えているときは、エラーを表示して配送先一覧へ戻す。	src/Eccube/Controller/Front/Mypage/DeliveryController.php:88-96	上限到達時はエラー表示も一覧への戻りも行わずHTTP404を返す（src/Eccube/Controller/Front/Mypage/DeliveryController.php:93-95）	R128と同一の欠陥。エラー時の扱いの表でも同じ挙動が求められている		high	DeliveryController-address-max-throws-404
sheet-16-R141	NOT_IMPLEMENTED	P3	未実装	ふるまい	国・都道府県の不整合 国にエラーを付けて再表示する	国と都道府県の組み合わせが不整合のときは、国の項目にエラーを付けて画面を再表示する。	src/Eccube/Form/Type/Front/CustomerAddressType.php:152-188	国と都道府県の組み合わせを見る検証が無く、国にエラーが付くことはない（src/Eccube/Form/Type/Front/CustomerAddressType.php:152-188）	R130と同一の欠陥。エラー時の扱いの表でも同じ検証が求められている		high	CustomerAddressType-no-country-pref-consistency-check
sheet-16-R142	MATCHED						src/Eccube/Controller/Front/Mypage/DeliveryController.php:98-108;src/Eccube/Controller/Front/Mypage/DeliveryController.php:207-217		会員に紐づかない識別子を指定したときはHTTP404になる（src/Eccube/Controller/Front/Mypage/DeliveryController.php:105-107、src/Eccube/Controller/Front/Mypage/DeliveryController.php:214-216）		high	
sheet-16-R143	DRIFT	P3	実装違い	IO	削除対象が無い・会員に紐づかない HTTP404とする	削除で対象の配送先が無いとき、およびログイン会員に紐づかない配送先を指定したときは、HTTP404を返す。	src/Eccube/Controller/Front/Mypage/DeliveryController.php:255-266	存在しない識別子のときは404になるが（src/Eccube/Controller/Front/Mypage/DeliveryController.php:255 の識別子の条件）、他の会員に紐づく配送先を指定したときは404ではなくHTTP400を返す（src/Eccube/Controller/Front/Mypage/DeliveryController.php:264-266）	削除経路だけ、会員に紐づかないときの応答が設計の404と異なる。入力・確認画面側（R132/R142）は404で設計どおり		med	DeliveryController-delete-returns-400-not-404
sheet-16-R144	MATCHED						src/Eccube/DependencyInjection/EccubeExtension.php:86-93		未ログインでマイページ配下を開くと会員ログインへ誘導される（src/Eccube/DependencyInjection/EccubeExtension.php:88、app/config/eccube/packages/security.yaml:84-85）		high	
sheet-16-R145	MATCHED						src/Eccube/Controller/Front/Mypage/DeliveryController.php:255-259		削除はなりすまし対策トークンの検証を通してから受け付ける（src/Eccube/Controller/Front/Mypage/DeliveryController.php:258）。一覧側もトークンを添えて送っている（src/Eccube/Resource/template/default/Mypage/delivery.twig:120、src/Eccube/Resource/template/default/Mypage/delivery.twig:151-155）		high	
sheet-16-R146	UNVERIFIABLE								R134と同じ理由。登録確定処理は購入手続き側の選択状態に触れないが（src/Eccube/Controller/Front/Mypage/DeliveryController.php:238-244）、購入手続き側は入り直しのたびに選択を初期化する（src/Eccube/Service/OrderHelper.php:317-319）ため、本シートだけでは成功時出力として設計どおりかを判定できない		med	
sheet-16-R147	DRIFT	P3	実装違い	ふるまい	失敗時出力 一覧への戻り（登録数の上限超過）、HTTP404（会員に紐づかない配送先の指定、削除時の識別子欠落）	登録数が上限を超えているときは配送先一覧へ戻す。会員に紐づかない配送先の指定と削除時の識別子欠落はHTTP404を返す。	src/Eccube/Controller/Front/Mypage/DeliveryController.php:88-96;src/Eccube/Controller/Front/Mypage/DeliveryController.php:98-108	会員に紐づかない配送先の指定と識別子欠落は設計どおりHTTP404になる（src/Eccube/Controller/Front/Mypage/DeliveryController.php:105-107、src/Eccube/Controller/Front/Mypage/DeliveryController.php:255）が、登録数の上限超過だけは一覧へ戻さずHTTP404になる（src/Eccube/Controller/Front/Mypage/DeliveryController.php:93-95）	R128と同一の欠陥。失敗時出力の表でも上限超過は一覧への戻りとされている		high	DeliveryController-address-max-throws-404
sheet-16-R148	OUT_OF_SCOPE								「入出力: 永続化」は表の見出し行		high	
sheet-16-R149	DRIFT	P3	実装違い	IO	更新 削除済みへの変更による配送先の削除	配送先の削除は、記録を残したまま削除済みの状態へ変える。	src/Eccube/Repository/CustomerAddressRepository.php:43-48	削除は記録そのものを消している（src/Eccube/Repository/CustomerAddressRepository.php:46）	R136と同一の欠陥。永続化の表でも削除は更新として書かれている		med	CustomerAddressRepository-physical-delete
sheet-16-R150	DRIFT	P3	実装違い	ふるまい	— 一覧画面上部のエラー枠 お届け先登録数の上限を超えています。 新規登録で配送先数が上限以上のとき 編集・確認へ進まず一覧へ戻す	新規登録で配送先数が上限以上のときは、配送先一覧の上部のエラー枠に「お届け先登録数の上限を超えています。」を表示し、編集・確認へ進ませず一覧へ戻す。	src/Eccube/Controller/Front/Mypage/DeliveryController.php:88-96;src/Eccube/Resource/template/default/Mypage/delivery.twig:19-30	この文言は実装のどこにも無く、上限到達時はHTTP404になる（src/Eccube/Controller/Front/Mypage/DeliveryController.php:93-95）。一覧にはエラー枠の受け皿はある（src/Eccube/Resource/template/default/Mypage/delivery.twig:19-30）が、上限超過を伝える文言はそこへ渡されない	R128と同一の欠陥をメッセージ側から見たもの。文言が locale に存在しないことも確認した		high	DeliveryController-address-max-throws-404
sheet-16-R151	DRIFT	P3	実装違い	ふるまい	— 一覧画面上部のエラー枠（英語ページ） The maximum number of addresses registration is exceeded. 新規登録で配送先数が上限以上のとき 編集・確認へ進まず一覧へ戻す	英語ページでも同じ条件で配送先一覧の上部に The maximum number of addresses registration is exceeded. を表示し、一覧へ戻す。	src/Eccube/Controller/Front/Mypage/DeliveryController.php:88-96;src/Eccube/Resource/template/default/Mypage/delivery.en.twig:19-30	この英文も実装に無く、上限到達時はHTTP404になる（src/Eccube/Controller/Front/Mypage/DeliveryController.php:93-95）	R150の英語ページ版。同一の欠陥		high	DeliveryController-address-max-throws-404
sheet-16-R152	NOT_IMPLEMENTED	P3	未実装	ふるまい	— 国の項目直下 国と都道府県の組み合わせが正しくありません。 国が日本かつ都道府県が海外、または国が海外かつ都道府県が国内のとき 送信後の検証で国にエラーを付す	国が日本で都道府県が海外、または国が海外で都道府県が国内のときは、国の項目直下に「国と都道府県の組み合わせが正しくありません。」を表示する。	src/Eccube/Form/Type/Front/CustomerAddressType.php:152-188;src/Eccube/Resource/template/default/Mypage/delivery_edit.twig:212-221	この文言は実装に無く、組み合わせを見る検証も無い（src/Eccube/Form/Type/Front/CustomerAddressType.php:152-188）。国の直下にはエラーの表示場所だけがある（src/Eccube/Resource/template/default/Mypage/delivery_edit.twig:220）	R130と同一の欠陥をメッセージ側から見たもの		high	CustomerAddressType-no-country-pref-consistency-check
sheet-16-R153	NOT_IMPLEMENTED	P3	未実装	ふるまい	— 国の項目直下（英語ページ） The combination of country and region is incorrect. 国が日本かつ都道府県が海外、または国が海外かつ都道府県が国内のとき 送信後の検証で国にエラーを付す	英語ページでも同じ条件で国の項目直下に The combination of country and region is incorrect. を表示する。	src/Eccube/Form/Type/Front/CustomerAddressType.php:152-188;src/Eccube/Resource/template/default/Mypage/delivery_edit.en.twig:1-449	この英文も実装に無く、組み合わせを見る検証も無い（src/Eccube/Form/Type/Front/CustomerAddressType.php:152-188）	R152の英語ページ版。同一の欠陥		high	CustomerAddressType-no-country-pref-consistency-check
sheet-16-R154	MATCHED						src/Eccube/Resource/locale/messages.ja.yaml:769;src/Eccube/Resource/template/default/Mypage/delivery.twig:117-123;src/Eccube/Resource/template/default/Mypage/delivery.twig:144-158		削除前の確認ダイアログの文言が「%name01%　%name02%様の情報をアドレス帳から削除しますか？」で逐語一致（src/Eccube/Resource/locale/messages.ja.yaml:769）。一覧の削除押下で表示し（src/Eccube/Resource/template/default/Mypage/delivery.twig:121、src/Eccube/Resource/template/default/Mypage/delivery.twig:148）、OKで削除して一覧へ戻り（src/Eccube/Controller/Front/Mypage/DeliveryController.php:268-280）、キャンセルでは何もしない（src/Eccube/Resource/template/default/Mypage/delivery.twig:148）	img3のポップアップ文言と一致	high	
sheet-16-R155	MATCHED						src/Eccube/Resource/locale/messages.en.yaml:710;src/Eccube/Resource/template/default/Mypage/delivery.twig:117-123		英語ページの文言が Remove %name01% %name02% from your address book? で逐語一致（src/Eccube/Resource/locale/messages.en.yaml:710）。表示条件と後続処理は日本語版と同じ経路（src/Eccube/Resource/template/default/Mypage/delivery.twig:121、src/Eccube/Resource/template/default/Mypage/delivery.twig:148）		high	
sheet-16-R156	MATCHED						src/Eccube/Resource/locale/messages.ja.yaml:110;src/Eccube/Resource/template/default/Mypage/delivery.twig:66-72		文言が「お届け先登録の上限の%count%件に達しています。お届け先を入力したい場合は、削除か変更を行ってください。」で逐語一致（src/Eccube/Resource/locale/messages.ja.yaml:110）。一覧を開いたとき上限に達していれば新しい住所を追加のリンクを出さずにこの文言を出す（src/Eccube/Resource/template/default/Mypage/delivery.twig:66-72）。なお購入手続きのお届け先選択画面（src/Eccube/Resource/template/default/Shopping/index.twig:268-275）にはこの文言が無く追加ボタンが常に出るが、当該画面は購入手続き側の機能の範囲のため本シートでは指摘にしていない		high	
sheet-16-R157	MATCHED						src/Eccube/Resource/locale/messages.en.yaml:107;src/Eccube/Resource/template/default/Mypage/delivery.en.twig:66-72		英語ページの文言が You already have max number of addresses (%count% items). If you want to add a new one, please delete or overwrite the item(s) you have on the list. で逐語一致（src/Eccube/Resource/locale/messages.en.yaml:107）。一覧側の表示条件も同じ（src/Eccube/Resource/template/default/Mypage/delivery.en.twig:66-72）		high	
sheet-16-R158	MATCHED						src/Eccube/Resource/locale/messages.ja.yaml:488;src/Eccube/Resource/template/default/Mypage/delivery_edit.twig:212-221		文言が「国を選択してください」で逐語一致（src/Eccube/Resource/locale/messages.ja.yaml:488）。国のセレクトボックスに未選択時のエラーとして結び付けてあり（src/Eccube/Resource/template/default/Mypage/delivery_edit.twig:216）、エラーは国の直下に出る（src/Eccube/Resource/template/default/Mypage/delivery_edit.twig:220）		med	
sheet-16-R159	MATCHED						src/Eccube/Resource/locale/messages.en.yaml:350;src/Eccube/Resource/template/default/Mypage/delivery_edit.twig:212-221		英語ページの文言が Please select a country で逐語一致（src/Eccube/Resource/locale/messages.en.yaml:350）。結び付け先は日本語版と同じ（src/Eccube/Resource/template/default/Mypage/delivery_edit.twig:216）		med	
sheet-16-R160	MATCHED						src/Eccube/Resource/locale/messages.ja.yaml:489;src/Eccube/Resource/template/default/Mypage/delivery_edit.twig:82-92		文言が「配送先名称を入力してください」で逐語一致（src/Eccube/Resource/locale/messages.ja.yaml:489）。配送先名称の未入力時のエラーとして結び付けてあり（src/Eccube/Resource/template/default/Mypage/delivery_edit.twig:88）、エラーは項目の直下に出る（src/Eccube/Resource/template/default/Mypage/delivery_edit.twig:90-91）		high	
sheet-16-R161	MATCHED						src/Eccube/Resource/locale/messages.en.yaml:351;src/Eccube/Resource/template/default/Mypage/delivery_edit.twig:82-92		英語ページの文言が Please enter the delivery address name で逐語一致（src/Eccube/Resource/locale/messages.en.yaml:351）。結び付け先は日本語版と同じ（src/Eccube/Resource/template/default/Mypage/delivery_edit.twig:88）		high	
sheet-16-R162	MATCHED						src/Eccube/Resource/template/default/Mypage/delivery_edit.twig:82-92;src/Eccube/Resource/template/default/Mypage/delivery_edit.twig:141-148;src/Eccube/Resource/template/default/Mypage/delivery_edit.twig:264-268		各入力項目の直下にエラーの表示場所を置いている（src/Eccube/Resource/template/default/Mypage/delivery_edit.twig:90-91、src/Eccube/Resource/template/default/Mypage/delivery_edit.twig:141-148、src/Eccube/Resource/template/default/Mypage/delivery_edit.twig:264-268、src/Eccube/Resource/template/default/Mypage/delivery_edit.twig:290-291、src/Eccube/Resource/template/default/Mypage/delivery_edit.twig:316）		high	
sheet-17-R001	MATCHED								退会前画面にパンくずが実装されている（src/Eccube/Resource/template/default/Mypage/withdraw.twig:19-39、英語版もsrc/Eccube/Resource/template/default/Mypage/withdraw.en.twig:19-39）。ホーム／マイページ／現在ページ（退会）の3段。	sheet-17_img1(PC退会前)/img2(SP退会前)を確認。見出し「退会」・ユーザ名「テスト ユーザー 様」・戻る/退会手続きへの2ボタンを読み取った。	high	
sheet-17-R002	MATCHED								退会前画面の本文は見出しと注意文だけで、会員名を出す記述が無い（src/Eccube/Resource/template/default/Mypage/withdraw.twig:41-49）。レイアウト図の「テスト ユーザー 様」に当たる出力は存在しない。	sheet-17_img1(PC退会前)/img2(SP退会前)を確認。見出し「退会」・ユーザ名「テスト ユーザー 様」・戻る/退会手続きへの2ボタンを読み取った。	high	
sheet-17-R003	MATCHED								退会前画面の表示が実装されている（src/Eccube/Controller/Front/Mypage/WithdrawController.php:58-61,159-161 が src/Eccube/Resource/template/default/Mypage/withdraw.twig を表示する）。	sheet-17_img1(PC退会前)/img2(SP退会前)を確認。見出し「退会」・ユーザ名「テスト ユーザー 様」・戻る/退会手続きへの2ボタンを読み取った。	high	
sheet-17-R004	MATCHED								★のカスタマイズ（パンくず追加）はR001と同一の仕様。src/Eccube/Resource/template/default/Mypage/withdraw.twig:19-39 に実装されている。	sheet-17_img1(PC退会前)/img2(SP退会前)を確認。見出し「退会」・ユーザ名「テスト ユーザー 様」・戻る/退会手続きへの2ボタンを読み取った。	high	
sheet-17-R005	MATCHED								★のカスタマイズ（ユーザ名削除）はR002と同一の仕様。src/Eccube/Resource/template/default/Mypage/withdraw.twig:41-49 に会員名の出力が無い。	sheet-17_img1(PC退会前)/img2(SP退会前)を確認。見出し「退会」・ユーザ名「テスト ユーザー 様」・戻る/退会手続きへの2ボタンを読み取った。	high	
sheet-17-R006	OUT_OF_SCOPE								項目定義表のヘッダ行（最大文字数または最大値／初期値／画面部品の説明）で、実装対象の要求ではない。	sheet-17_img1(PC退会前)/img2(SP退会前)を確認。見出し「退会」・ユーザ名「テスト ユーザー 様」・戻る/退会手続きへの2ボタンを読み取った。	high	
sheet-17-R007	MATCHED								識別ID1-1のパンくずリストはカスタマイズとして新規追加されており、リンクとして実装されている（src/Eccube/Resource/template/default/Mypage/withdraw.twig:19-39）。	sheet-17_img1(PC退会前)/img2(SP退会前)を確認。見出し「退会」・ユーザ名「テスト ユーザー 様」・戻る/退会手続きへの2ボタンを読み取った。	high	
sheet-17-R008	MATCHED								現在ページ（退会）はリンクではなくspanで、押下できない（src/Eccube/Resource/template/default/Mypage/withdraw.twig:34-37）。	sheet-17_img1(PC退会前)/img2(SP退会前)を確認。見出し「退会」・ユーザ名「テスト ユーザー 様」・戻る/退会手続きへの2ボタンを読み取った。	high	
sheet-17-R009	MATCHED								パンくず先頭のホームアイコンは本店トップ（homepage）へのリンク（src/Eccube/Resource/template/default/Mypage/withdraw.twig:22-25）。	sheet-17_img1(PC退会前)/img2(SP退会前)を確認。見出し「退会」・ユーザ名「テスト ユーザー 様」・戻る/退会手続きへの2ボタンを読み取った。	high	
sheet-17-R010	MATCHED								識別ID1-2「名前」ラベルは除去されており、退会前画面に会員名の出力が無い（src/Eccube/Resource/template/default/Mypage/withdraw.twig:41-49）。	sheet-17_img1(PC退会前)/img2(SP退会前)を確認。見出し「退会」・ユーザ名「テスト ユーザー 様」・戻る/退会手続きへの2ボタンを読み取った。	high	
sheet-17-R011	MATCHED								「戻る」はマイページへのリンク（src/Eccube/Resource/template/default/Mypage/withdraw.twig:51）。	sheet-17_img1(PC退会前)/img2(SP退会前)を確認。見出し「退会」・ユーザ名「テスト ユーザー 様」・戻る/退会手続きへの2ボタンを読み取った。	high	
sheet-17-R012	MATCHED								「退会手続きへ」を押すと退会手続き（確認）画面が表示される（src/Eccube/Resource/template/default/Mypage/withdraw.twig:52-55 の送信を src/Eccube/Controller/Front/Mypage/WithdrawController.php:78-88 が受けて src/Eccube/Resource/template/default/Mypage/withdraw_confirm.twig を表示）。	sheet-17_img1(PC退会前)/img2(SP退会前)を確認。見出し「退会」・ユーザ名「テスト ユーザー 様」・戻る/退会手続きへの2ボタンを読み取った。	high	
sheet-17-R013	MATCHED								退会手続き画面にパンくずが実装されている（src/Eccube/Resource/template/default/Mypage/withdraw_confirm.twig:19-39、英語版もsrc/Eccube/Resource/template/default/Mypage/withdraw_confirm.en.twig:19-39）。	sheet-17_img3(PC退会手続き)/img4(SP退会手続き)/img6(パスワード誤りの表示)を確認。注意事項・パスワード欄・案内文・戻る/退会するを読み取った。	high	
sheet-17-R014	MATCHED								退会手続き画面の本文に会員名の出力が無い（src/Eccube/Resource/template/default/Mypage/withdraw_confirm.twig:41-49）。	sheet-17_img3(PC退会手続き)/img4(SP退会手続き)/img6(パスワード誤りの表示)を確認。注意事項・パスワード欄・案内文・戻る/退会するを読み取った。	high	
sheet-17-R015	MATCHED								退会確認画面の表示が実装されている（src/Eccube/Controller/Front/Mypage/WithdrawController.php:79-88）。	sheet-17_img3(PC退会手続き)/img4(SP退会手続き)/img6(パスワード誤りの表示)を確認。注意事項・パスワード欄・案内文・戻る/退会するを読み取った。	high	
sheet-17-R016	MATCHED								★のカスタマイズ（パンくず追加）はR013と同一。src/Eccube/Resource/template/default/Mypage/withdraw_confirm.twig:19-39 に実装。	sheet-17_img3(PC退会手続き)/img4(SP退会手続き)/img6(パスワード誤りの表示)を確認。注意事項・パスワード欄・案内文・戻る/退会するを読み取った。	high	
sheet-17-R017	MATCHED								★のカスタマイズ（ユーザ名削除）はR014と同一。src/Eccube/Resource/template/default/Mypage/withdraw_confirm.twig:41-49 に会員名の出力が無い。	sheet-17_img3(PC退会手続き)/img4(SP退会手続き)/img6(パスワード誤りの表示)を確認。注意事項・パスワード欄・案内文・戻る/退会するを読み取った。	high	
sheet-17-R018	OUT_OF_SCOPE								項目定義表のヘッダ行で、実装対象の要求ではない。	sheet-17_img3(PC退会手続き)/img4(SP退会手続き)/img6(パスワード誤りの表示)を確認。注意事項・パスワード欄・案内文・戻る/退会するを読み取った。	high	
sheet-17-R019	MATCHED								識別ID2-1のパンくずリストがリンクとして新規追加されている（src/Eccube/Resource/template/default/Mypage/withdraw_confirm.twig:19-39）。	sheet-17_img3(PC退会手続き)/img4(SP退会手続き)/img6(パスワード誤りの表示)を確認。注意事項・パスワード欄・案内文・戻る/退会するを読み取った。	high	
sheet-17-R020	MATCHED								現在ページ（退会手続き）はリンクではなくspan（src/Eccube/Resource/template/default/Mypage/withdraw_confirm.twig:34-37）。	sheet-17_img3(PC退会手続き)/img4(SP退会手続き)/img6(パスワード誤りの表示)を確認。注意事項・パスワード欄・案内文・戻る/退会するを読み取った。	high	
sheet-17-R021	MATCHED								ホームアイコンは本店トップへのリンク（src/Eccube/Resource/template/default/Mypage/withdraw_confirm.twig:22-25）。	sheet-17_img3(PC退会手続き)/img4(SP退会手続き)/img6(パスワード誤りの表示)を確認。注意事項・パスワード欄・案内文・戻る/退会するを読み取った。	high	
sheet-17-R022	MATCHED								識別ID2-2「名前」ラベルは除去されている（src/Eccube/Resource/template/default/Mypage/withdraw_confirm.twig:41-49）。	sheet-17_img3(PC退会手続き)/img4(SP退会手続き)/img6(パスワード誤りの表示)を確認。注意事項・パスワード欄・案内文・戻る/退会するを読み取った。	high	
sheet-17-R023	MATCHED								パスワードは必須項目として扱われ、未入力または登録パスワードと不一致のまま「退会する」を押すと「パスワードに誤りがあります。」を入力欄直下に表示して退会確認画面へ戻る（src/Eccube/Controller/Front/Mypage/WithdrawController.php:96-107、src/Eccube/Resource/template/default/Mypage/withdraw_confirm.twig:50-58）。最大文字数は設計の32に対し実装は50（src/Eccube/Form/Type/Front/WithdrawType.php:37-43 が参照する app/config/eccube/packages/eccube.yaml:212）だが、同じ設計書のパスワード欄はsheet-3(1-12)・sheet-23(2)とも最大50と定めており、リニューアル後のパスワード方針は50である。本行の32は他シートと食い違うため乖離として数えない。	sheet-17_img3(PC退会手続き)/img4(SP退会手続き)/img6(パスワード誤りの表示)を確認。注意事項・パスワード欄・案内文・戻る/退会するを読み取った。	med	
sheet-17-R024	MATCHED								「戻る」はマイページへのリンクで、押すと退会を行わずマイページへ戻る（src/Eccube/Resource/template/default/Mypage/withdraw_confirm.twig:60）。	sheet-17_img3(PC退会手続き)/img4(SP退会手続き)/img6(パスワード誤りの表示)を確認。注意事項・パスワード欄・案内文・戻る/退会するを読み取った。	high	
sheet-17-R025	MATCHED								「退会する」の送信で入力チェックを行い、正常なら退会（会員状態の変更・メールのダミー化・削除フラグ）を確定し、エラー時は画面にメッセージを表示する（src/Eccube/Controller/Front/Mypage/WithdrawController.php:90-155、src/Eccube/Resource/template/default/Mypage/withdraw_confirm.twig:56,61-64）。	sheet-17_img3(PC退会手続き)/img4(SP退会手続き)/img6(パスワード誤りの表示)を確認。注意事項・パスワード欄・案内文・戻る/退会するを読み取った。	high	
sheet-17-R026	MATCHED								退会完了画面にパンくずが実装されている（src/Eccube/Resource/template/default/Mypage/withdraw_complete.twig:19-33、英語版もsrc/Eccube/Resource/template/default/Mypage/withdraw_complete.en.twig:19-33）。	sheet-17_img5(退会完了)を確認。見出し「退会完了」・本文2行・「ホームへ戻る」ボタンを読み取った。	high	
sheet-17-R027	MATCHED								退会確定の一連の処理はスマレジ会員削除・会員状態変更・メールのダミー化・削除フラグ・完了メール・ログアウトだけで、支店側へ会員情報を連携する処理は無い（src/Eccube/Controller/Front/Mypage/WithdrawController.php:109-155）。カスタマイズどおり連携を行っていない。	sheet-17_img5(退会完了)を確認。見出し「退会完了」・本文2行・「ホームへ戻る」ボタンを読み取った。	high	
sheet-17-R028	MATCHED								入力パスワードが現在のパスワードと一致しないときは「パスワードに誤りがあります。」を付けて退会確認画面を再表示する（src/Eccube/Controller/Front/Mypage/WithdrawController.php:96-107、文言は src/Eccube/Resource/locale/messages.ja.yaml:734）。	sheet-17_img3(PC退会手続き)/img4(SP退会手続き)/img6(パスワード誤りの表示)を確認。注意事項・パスワード欄・案内文・戻る/退会するを読み取った。	high	
sheet-17-R029	MATCHED								退会処理（退会ステータスへの変更と保存）が実装されている（src/Eccube/Controller/Front/Mypage/WithdrawController.php:125-131）。	sheet-17_img5(退会完了)を確認。見出し「退会完了」・本文2行・「ホームへ戻る」ボタンを読み取った。	high	
sheet-17-R030	MATCHED								スマレジ側の会員データ削除を退会確定時に行う（src/Eccube/Controller/Front/Mypage/WithdrawController.php:111、src/Eccube/Service/Smaregi/SmaregiCustomerService.php:499-508,574-592）。	sheet-17_img5(退会完了)を確認。見出し「退会完了」・本文2行・「ホームへ戻る」ボタンを読み取った。	high	
sheet-17-R031	MATCHED								スマレジ側の削除が失敗したときは退会処理を行わず退会確認画面を再表示する（src/Eccube/Controller/Front/Mypage/WithdrawController.php:109-121。判定不能な失敗は src/Eccube/Service/Smaregi/SmaregiCustomerService.php:552-561,594-601 でfalse）。	sheet-17_img3(PC退会手続き)/img4(SP退会手続き)/img6(パスワード誤りの表示)を確認。注意事項・パスワード欄・案内文・戻る/退会するを読み取った。	high	
sheet-17-R032	MATCHED								スマレジ削除失敗時の文言は「退会処理の途中でエラーが発生しました。」（src/Eccube/Resource/locale/messages.ja.yaml:735 を src/Eccube/Controller/Front/Mypage/WithdrawController.php:112 が付与）。	sheet-17_img3(PC退会手続き)/img4(SP退会手続き)/img6(パスワード誤りの表示)を確認。注意事項・パスワード欄・案内文・戻る/退会するを読み取った。	high	
sheet-17-R033	MATCHED								退会確定時に会員のメールアドレスをダミー値へ置き換える（src/Eccube/Controller/Front/Mypage/WithdrawController.php:128）。	sheet-17_img5(退会完了)を確認。見出し「退会完了」・本文2行・「ホームへ戻る」ボタンを読み取った。	high	
sheet-17-R034	MATCHED								ダミー値はランダム文字列＋@dummy.dummy で、ランダム部は英数字（記号を除いたbase64）（src/Eccube/Controller/Front/Mypage/WithdrawController.php:128、src/Eccube/Util/StringUtil.php:49-62）。	sheet-17_img5(退会完了)を確認。見出し「退会完了」・本文2行・「ホームへ戻る」ボタンを読み取った。	high	
sheet-17-R035	MATCHED								会員データの削除フラグを立てる（src/Eccube/Controller/Front/Mypage/WithdrawController.php:129）。	sheet-17_img5(退会完了)を確認。見出し「退会完了」・本文2行・「ホームへ戻る」ボタンを読み取った。	high	
sheet-17-R036	MATCHED								★のカスタマイズどおり、退会確定の処理に支店側への会員情報連携が無い（src/Eccube/Controller/Front/Mypage/WithdrawController.php:109-155）。	sheet-17_img5(退会完了)を確認。見出し「退会完了」・本文2行・「ホームへ戻る」ボタンを読み取った。	high	
sheet-17-R037	MATCHED								退会完了メールを会員へ送信する（src/Eccube/Controller/Front/Mypage/WithdrawController.php:144、src/Eccube/Service/MailService.php:253-307）。	sheet-17_img5(退会完了)を確認。見出し「退会完了」・本文2行・「ホームへ戻る」ボタンを読み取った。	high	
sheet-17-R038	MATCHED								退会後にログアウトする（src/Eccube/Controller/Front/Mypage/WithdrawController.php:147-153）。	sheet-17_img5(退会完了)を確認。見出し「退会完了」・本文2行・「ホームへ戻る」ボタンを読み取った。	high	
sheet-17-R039	OUT_OF_SCOPE								項目定義表のヘッダ行で、実装対象の要求ではない。	sheet-17_img5(退会完了)を確認。見出し「退会完了」・本文2行・「ホームへ戻る」ボタンを読み取った。	high	
sheet-17-R040	MATCHED								識別ID3-1のパンくずリストが完了画面に新規追加されている（src/Eccube/Resource/template/default/Mypage/withdraw_complete.twig:19-33）。	sheet-17_img5(退会完了)を確認。見出し「退会完了」・本文2行・「ホームへ戻る」ボタンを読み取った。	high	
sheet-17-R041	MATCHED								現在ページ（退会完了）はリンクではなくspan（src/Eccube/Resource/template/default/Mypage/withdraw_complete.twig:28-31）。	sheet-17_img5(退会完了)を確認。見出し「退会完了」・本文2行・「ホームへ戻る」ボタンを読み取った。	high	
sheet-17-R042	MATCHED								完了画面のパンくずはホームと現在ページだけで、マイページのリンクが外れている（src/Eccube/Resource/template/default/Mypage/withdraw_complete.twig:19-33。退会前・確認画面はsrc/Eccube/Resource/template/default/Mypage/withdraw.twig:28-33のようにマイページを持つ）。	sheet-17_img5(退会完了)を確認。見出し「退会完了」・本文2行・「ホームへ戻る」ボタンを読み取った。	high	
sheet-17-R043	MATCHED								完了画面のホームアイコンはトップへのリンク（src/Eccube/Resource/template/default/Mypage/withdraw_complete.twig:22-25）。	sheet-17_img5(退会完了)を確認。見出し「退会完了」・本文2行・「ホームへ戻る」ボタンを読み取った。	high	
sheet-17-R044	MATCHED								「ホームへ戻る」はトップへのリンク（src/Eccube/Resource/template/default/Mypage/withdraw_complete.twig:42、文言は src/Eccube/Resource/locale/messages.ja.yaml:243）。	sheet-17_img5(退会完了)を確認。見出し「退会完了」・本文2行・「ホームへ戻る」ボタンを読み取った。	high	
sheet-17-R045	OUT_OF_SCOPE								現行仕様の節の見出し行（機能名の表示）で、ふるまいを定めていない。	sheet-17_img1〜img6の6枚すべてを確認した。	high	
sheet-17-R046	OUT_OF_SCOPE								現行仕様の小見出し「ログイン状態と画面の開閉」で、ふるまいは次行に書かれている。	sheet-17_img1〜img6の6枚すべてを確認した。	high	
sheet-17-R047	MATCHED								退会前・退会確認画面（/mypage/ 配下）は会員ログインを要求し、未ログインなら会員ログインへ誘導される。退会完了画面（/mypage/withdraw_complete）だけは未ログインでも開ける（src/Eccube/DependencyInjection/EccubeExtension.php:85-88）。	sheet-17_img1〜img6の6枚すべてを確認した。	high	
sheet-17-R048	OUT_OF_SCOPE								現行仕様の小見出し「画面のふるまい」。	sheet-17_img1〜img6の6枚すべてを確認した。	high	
sheet-17-R049	MATCHED								退会前・確認画面とも通常のフォーム送信で（src/Eccube/Resource/template/default/Mypage/withdraw.twig:44、src/Eccube/Resource/template/default/Mypage/withdraw_confirm.twig:44）、非同期取得や動的な表示切替・モーダルは無い。日本語と英語の画面がそれぞれ用意されている（src/Eccube/Resource/template/default/Mypage/withdraw.en.twig:1-61、src/Eccube/Resource/template/default/Mypage/withdraw_confirm.en.twig:1-70）。	sheet-17_img1〜img6の6枚すべてを確認した。	high	
sheet-17-R050	MATCHED								退会確認画面の「戻る」はマイページへのリンクで、退会処理を伴わないため会員データは変わらない（src/Eccube/Resource/template/default/Mypage/withdraw_confirm.twig:60）。退会の確定は「退会する」の送信（mode=complete）だけが行う（src/Eccube/Controller/Front/Mypage/WithdrawController.php:90-131）。	sheet-17_img3(PC退会手続き)/img4(SP退会手続き)/img6(パスワード誤りの表示)を確認。注意事項・パスワード欄・案内文・戻る/退会するを読み取った。	high	
sheet-17-R051	OUT_OF_SCOPE								現行仕様の小見出し「なりすまし対策の照合」。	sheet-17_img1〜img6の6枚すべてを確認した。	high	
sheet-17-R052	MATCHED								なりすまし対策の照合値が欠けている・一致しないときはフォームが妥当でないと判定され、退会手続きへ進まず、メッセージも出さずに退会前画面が表示される（src/Eccube/Controller/Front/Mypage/WithdrawController.php:75-77,159-161。退会前画面src/Eccube/Resource/template/default/Mypage/withdraw.twig:41-58 にエラー表示の枠が無い）。	sheet-17_img1(PC退会前)/img2(SP退会前)を確認。見出し「退会」・ユーザ名「テスト ユーザー 様」・戻る/退会手続きへの2ボタンを読み取った。	high	
sheet-17-R053	OUT_OF_SCOPE								現行仕様の小見出し「退会で削除する会員以外のデータ」。	sheet-17_img1〜img6の6枚すべてを確認した。	high	
sheet-17-R054	NOT_IMPLEMENTED	P2	未実装	ふるまい	退会を確定したとき、会員に紐づく選手情報も削除する。スマレジ連携に失敗して退会を中止したときは、選手情報も削除しない。	退会を確定したとき、その会員に紐づく選手情報も併せて削除され、退会後は残らない。	src/Eccube/Controller/Front/Mypage/WithdrawController.php:109-155	退会確定時に行うのはスマレジ会員の削除・会員状態の変更・メールアドレスのダミー化・削除フラグの設定・完了メール送信・ログアウトだけで、会員に紐づく選手情報を削除する処理が無い。選手情報は src/Eccube/Service/EntityManager/PlayerEntityManager.php:31-55 で登録・更新されるだけで、退会経路から削除されることがない。	退会確定の処理を最初から最後まで読んだが選手情報を削除する処理は無く、会員自体も削除フラグを立てる論理削除のため、関連削除で消えることもない。	sheet-17_img1〜img6の6枚すべてを確認した。	med	WithdrawController-no-player-delete
sheet-17-R055	OUT_OF_SCOPE								現行仕様の小見出し「退会後の再ログイン」。	sheet-17_img1〜img6の6枚すべてを確認した。	high	
sheet-17-R056	MATCHED								退会時に会員の状態が退会中へ変わりメールアドレスもダミー値へ置き換わるため（src/Eccube/Controller/Front/Mypage/WithdrawController.php:126-129）、ログインで本会員かつ同じメールアドレスの会員を探す処理（src/Eccube/Security/Core/User/CustomerProvider.php:77-108）では退会前のメールアドレスが見つからず、ログインできない。	sheet-17_img1〜img6の6枚すべてを確認した。	high	
sheet-17-R057	OUT_OF_SCOPE								現行仕様の小見出し「入出力: 退会完了メール」。	sheet-17_img1〜img6の6枚すべてを確認した。	high	
sheet-17-R058	MATCHED								完了メールの宛先は退会前に控えたメールアドレスで（src/Eccube/Controller/Front/Mypage/WithdrawController.php:123,144、src/Eccube/Service/MailService.php:269）、運営アドレスをBCCに含む（src/Eccube/Service/MailService.php:270）。日本語と英語で別のメール雛形を使う（src/Eccube/Service/MailService.php:257、app/config/eccube/packages/eccube.yaml:235-237）。	sheet-17_img1〜img6の6枚すべてを確認した。	high	
sheet-17-R059	OUT_OF_SCOPE								現行仕様の小見出し「入出力: 永続化」（次行以降が表本体）。	sheet-17_img1〜img6の6枚すべてを確認した。	high	
sheet-17-R060	NOT_IMPLEMENTED	P2	未実装	ふるまい	退会確定時に、会員に紐づく選手情報を削除する	退会を確定したとき、会員に紐づく選手情報が残らない。	src/Eccube/Controller/Front/Mypage/WithdrawController.php:109-155	退会確定の処理に選手情報を削除する処理が無く、退会後も選手情報が残る。選手情報は src/Eccube/Service/EntityManager/PlayerEntityManager.php:31-55 で登録・更新されるだけである。	R054と同じ実装欠陥（退会確定時に選手情報を消していない）を永続化の表側から述べた行のため、同じ根本原因にまとめた。	sheet-17_img1〜img6の6枚すべてを確認した。	med	WithdrawController-no-player-delete
sheet-17-R061	NOT_IMPLEMENTED	P3	未実装	ふるまい	退会完了メールの送信内容を、会員のメール送信履歴として残す	退会完了メールを送ったとき、その件名と本文が当該会員のメール送信履歴として残り、後から会員ごとに参照できる。	src/Eccube/Service/MailService.php:253-307	退会完了メールは送信するだけで、送信内容を会員のメール送信履歴として残していない。他の会員向けメールは送信後に履歴を残している（src/Eccube/Service/MailService.php:1195,1229,2052）。	退会完了メールの送信処理を全文確認したが履歴保存の呼び出しが無く、退会経路の他の場所にも履歴を残す処理が無い。	sheet-17_img1〜img6の6枚すべてを確認した。	high	MailService-withdraw-mail-no-history
sheet-17-R062	MATCHED								「パスワードに誤りがあります。」を入力欄直下に表示して退会確認画面に留まる（src/Eccube/Resource/locale/messages.ja.yaml:734、src/Eccube/Controller/Front/Mypage/WithdrawController.php:96-107、src/Eccube/Resource/template/default/Mypage/withdraw_confirm.twig:56）。	sheet-17_img3(PC退会手続き)/img4(SP退会手続き)/img6(パスワード誤りの表示)を確認。注意事項・パスワード欄・案内文・戻る/退会するを読み取った。	high	
sheet-17-R063	MATCHED								英語表示のパスワード誤りは「The password is incorrect.」（src/Eccube/Resource/locale/messages.en.yaml:670）で、表示位置・後続処理はR062と同じ（src/Eccube/Resource/template/default/Mypage/withdraw_confirm.en.twig:56）。	sheet-17_img3(PC退会手続き)/img4(SP退会手続き)/img6(パスワード誤りの表示)を確認。注意事項・パスワード欄・案内文・戻る/退会するを読み取った。	high	
sheet-17-R064	DESIGN_ISSUE				Password contains an error. 退会確定時に入力パスワードが現在のパスワードと一致しないとき（英語文言の別の確認値） 退会は行わず退会確認画面を再表示する				同じF06-21-MSG-001について、直前の行は「退会手続きで、パスワードが未入力または正しくないとき」に「The password is incorrect.」を割り当て、本行は実質同じ条件（退会確定時のパスワード不一致）に「Password contains an error.」を割り当てている。実装の経路は1つしかなく（src/Eccube/Controller/Front/Mypage/WithdrawController.php:96-107）、英文も1つだけ定義されている（src/Eccube/Resource/locale/messages.en.yaml:670 の「The password is incorrect.」）。どちらの英文が正かは正本内で決まらないため設計裁定待ちとする。	sheet-17_img3(PC退会手続き)/img4(SP退会手続き)/img6(パスワード誤りの表示)を確認。注意事項・パスワード欄・案内文・戻る/退会するを読み取った。	med	
sheet-17-R065	MATCHED								「退会処理の途中でエラーが発生しました。」を入力欄直下に表示して退会確認画面に留まる（src/Eccube/Resource/locale/messages.ja.yaml:735、src/Eccube/Controller/Front/Mypage/WithdrawController.php:111-121、src/Eccube/Resource/template/default/Mypage/withdraw_confirm.twig:56）。	sheet-17_img3(PC退会手続き)/img4(SP退会手続き)/img6(パスワード誤りの表示)を確認。注意事項・パスワード欄・案内文・戻る/退会するを読み取った。	high	
sheet-17-R066	MATCHED								英語表示は「An error occurred during the withdrawal process.」（src/Eccube/Resource/locale/messages.en.yaml:671）で一致する。	sheet-17_img3(PC退会手続き)/img4(SP退会手続き)/img6(パスワード誤りの表示)を確認。注意事項・パスワード欄・案内文・戻る/退会するを読み取った。	high	
sheet-17-R067	MATCHED								退会前画面の見出しは「退会」（src/Eccube/Resource/locale/messages.ja.yaml:649 を src/Eccube/Resource/template/default/Mypage/withdraw.twig:42 が見出しに使う）。	sheet-17_img1(PC退会前)/img2(SP退会前)を確認。見出し「退会」・ユーザ名「テスト ユーザー 様」・戻る/退会手続きへの2ボタンを読み取った。	high	
sheet-17-R068	DRIFT	P3	実装違い	IO	— 退会前画面（英語表示時） Hareruya Membership is canceled 退会前画面の表示時 退会前画面に留まる	英語表示の退会前画面には見出しとして「Hareruya Membership is canceled」が表示される。	src/Eccube/Resource/locale/messages.en.yaml:537;src/Eccube/Resource/template/default/Mypage/withdraw.en.twig:42	英語表示の見出しは「Cancel Membership」（src/Eccube/Resource/locale/messages.en.yaml:537 の front.mypage.nav__withdrow を src/Eccube/Resource/template/default/Mypage/withdraw.en.twig:42 が表示する）。	設計の英文と実装の英文が別の文言になっている。日本語側（R067）は一致している。	sheet-17_img1(PC退会前)/img2(SP退会前)を確認。見出し「退会」・ユーザ名「テスト ユーザー 様」・戻る/退会手続きへの2ボタンを読み取った。	high	messages.en.yaml-withdraw-en-wording
sheet-17-R069	MATCHED								退会前画面の案内は「退会手続きの前に、ご確認ください。」と「会員を退会された場合、現在保存されている購入履歴や個人情報はすべて削除されますが、よろしいでしょうか？」の2行（src/Eccube/Resource/locale/messages.ja.yaml:724-725、src/Eccube/Resource/template/default/Mypage/withdraw.twig:46-49）で、設計の文言と一致する。	sheet-17_img1(PC退会前)/img2(SP退会前)を確認。見出し「退会」・ユーザ名「テスト ユーザー 様」・戻る/退会手続きへの2ボタンを読み取った。	high	
sheet-17-R070	DRIFT	P3	実装違い	IO	Before proceeding to cancel your account, please confirm that if your account is canceled, all your personal information and your purchase history will be deleted. 退会前画面の表示時 「退会手続きへ」で退会確認画面へ進む	英語表示の退会前画面には「Before proceeding to cancel your account, please confirm that if your account is canceled, all your personal information and your purchase history will be deleted.」が表示される。	src/Eccube/Resource/locale/messages.en.yaml:660-661;src/Eccube/Resource/template/default/Mypage/withdraw.en.twig:46-49	英語の案内文は「Please confirm before canceling your membership.」と「If you cancel your membership, all purchase history and personal information currently stored will be permanently deleted. Are you sure you wish to proceed?」の2文で、設計の英文と異なる。	意味は近いが、設計が定める英文と実装の英文が一致しない。日本語側（R069）は一致している。	sheet-17_img1(PC退会前)/img2(SP退会前)を確認。見出し「退会」・ユーザ名「テスト ユーザー 様」・戻る/退会手続きへの2ボタンを読み取った。	high	messages.en.yaml-withdraw-en-wording
sheet-17-R071	MATCHED								退会確認画面の見出しは「退会手続き」（src/Eccube/Resource/locale/messages.ja.yaml:722、src/Eccube/Resource/template/default/Mypage/withdraw_confirm.twig:42）。	sheet-17_img3(PC退会手続き)/img4(SP退会手続き)/img6(パスワード誤りの表示)を確認。注意事項・パスワード欄・案内文・戻る/退会するを読み取った。	high	
sheet-17-R072	DRIFT	P3	実装違い	IO	— 退会確認画面（英語表示時） Cancel Procedure 退会確認画面の表示時 退会確認画面に留まる	英語表示の退会確認画面には見出しとして「Cancel Procedure」が表示される。	src/Eccube/Resource/locale/messages.en.yaml:658;src/Eccube/Resource/template/default/Mypage/withdraw_confirm.en.twig:42	英語表示の見出しは「Membership Withdrawal」（src/Eccube/Resource/locale/messages.en.yaml:658 を src/Eccube/Resource/template/default/Mypage/withdraw_confirm.en.twig:42 が表示する）。	設計の英文と実装の英文が別の文言になっている。日本語側（R071）は一致している。	sheet-17_img3(PC退会手続き)/img4(SP退会手続き)/img6(パスワード誤りの表示)を確認。注意事項・パスワード欄・案内文・戻る/退会するを読み取った。	high	messages.en.yaml-withdraw-en-wording
sheet-17-R073	MATCHED								退会確認画面に「退会手続きを実行してもよろしいでしょうか」の案内が表示される（src/Eccube/Resource/locale/messages.ja.yaml:726、src/Eccube/Resource/template/default/Mypage/withdraw_confirm.twig:47）。末尾の記号だけが設計の「。」に対し実装は「？」で、文言そのものは一致するため乖離として数えない。	sheet-17_img3(PC退会手続き)/img4(SP退会手続き)/img6(パスワード誤りの表示)を確認。注意事項・パスワード欄・案内文・戻る/退会するを読み取った。	med	
sheet-17-R074	DRIFT	P3	実装違い	IO	— 退会確認画面（英語表示時） May we proceed to cancel your account? 退会確認画面の表示時 退会確認画面に留まる	英語表示の退会確認画面には「May we proceed to cancel your account?」が表示される。	src/Eccube/Resource/locale/messages.en.yaml:662;src/Eccube/Resource/template/default/Mypage/withdraw_confirm.en.twig:47	英語の案内は「Are you sure to cancel your membership?」（src/Eccube/Resource/locale/messages.en.yaml:662）で、設計の英文と異なる。	設計が定める英文と実装の英文が一致しない。日本語側（R073）は文言が一致している。	sheet-17_img3(PC退会手続き)/img4(SP退会手続き)/img6(パスワード誤りの表示)を確認。注意事項・パスワード欄・案内文・戻る/退会するを読み取った。	high	messages.en.yaml-withdraw-en-wording
sheet-17-R075	MATCHED								「[注意事項]」と「退会手続きが完了しますと、現在保存されている購入履歴や個人情報は全て削除されます。」が退会確認画面に表示される（src/Eccube/Resource/locale/messages.ja.yaml:727-728、src/Eccube/Resource/template/default/Mypage/withdraw_confirm.twig:48）。設計の「すべて」に対し実装は「全て」で、表記だけの違いのため乖離として数えない。	sheet-17_img3(PC退会手続き)/img4(SP退会手続き)/img6(パスワード誤りの表示)を確認。注意事項・パスワード欄・案内文・戻る/退会するを読み取った。	med	
sheet-17-R076	DRIFT	P3	実装違い	IO	[Warning]<br>When we complete canceling your account, all your personal information and your purchase history will be deleted. 退会確認画面の表示時 退会確認画面に留まる	英語表示の退会確認画面には「[Warning]」と「When we complete canceling your account, all your personal information and your purchase history will be deleted.」が表示される。	src/Eccube/Resource/locale/messages.en.yaml:663-664;src/Eccube/Resource/template/default/Mypage/withdraw_confirm.en.twig:48	実装の英文は「[Notice]」と「Once your withdrawal is complete, all purchase history and personal information currently stored will be permanently deleted.」で、設計の英文と異なる。	注意書きの見出し語と本文の双方が設計の英文と一致しない。日本語側（R075）は表記差のみ。	sheet-17_img3(PC退会手続き)/img4(SP退会手続き)/img6(パスワード誤りの表示)を確認。注意事項・パスワード欄・案内文・戻る/退会するを読み取った。	high	messages.en.yaml-withdraw-en-wording
sheet-17-R077	MATCHED								パスワード欄の下に「現在のパスワードを入力し、「退会する」ボタンを押してください。」が表示される（src/Eccube/Resource/locale/messages.ja.yaml:733、src/Eccube/Resource/template/default/Mypage/withdraw_confirm.twig:57）。	sheet-17_img3(PC退会手続き)/img4(SP退会手続き)/img6(パスワード誤りの表示)を確認。注意事項・パスワード欄・案内文・戻る/退会するを読み取った。	high	
sheet-17-R078	DRIFT	P3	実装違い	IO	— 退会確認画面のパスワード欄（英語表示時） Please enter your current password, then click Cancel account. 退会確認画面の表示時 「退会する」で退会を確定する	英語表示のパスワード欄の下には「Please enter your current password, then click Cancel account.」が表示される。	src/Eccube/Resource/locale/messages.en.yaml:669;src/Eccube/Resource/template/default/Mypage/withdraw_confirm.en.twig:57	"実装の英文は「Please enter your current password and click the ""Withdraw"" button.」で、設計の英文と異なる。"	設計が定める英文と実装の英文が一致しない。日本語側（R077）は一致している。	sheet-17_img3(PC退会手続き)/img4(SP退会手続き)/img6(パスワード誤りの表示)を確認。注意事項・パスワード欄・案内文・戻る/退会するを読み取った。	high	messages.en.yaml-withdraw-en-wording
sheet-17-R079	MATCHED								退会完了画面の見出しは「退会完了」（src/Eccube/Resource/locale/messages.ja.yaml:723、src/Eccube/Resource/template/default/Mypage/withdraw_complete.twig:37）。	sheet-17_img5(退会完了)を確認。見出し「退会完了」・本文2行・「ホームへ戻る」ボタンを読み取った。	high	
sheet-17-R080	MATCHED								英語表示の退会完了画面の見出しは「Withdrawal Complete」（src/Eccube/Resource/locale/messages.en.yaml:659、src/Eccube/Resource/template/default/Mypage/withdraw_complete.en.twig:37）で一致する。	sheet-17_img5(退会完了)を確認。見出し「退会完了」・本文2行・「ホームへ戻る」ボタンを読み取った。	high	
sheet-17-R081	DRIFT	P3	実装違い	IO	— 退会完了画面 退会を完了いたしました。<br>ご利用ありがとうございました。またのご利用をお待ちしております。 退会完了画面の表示時 「ホームへ戻る」でトップページへ戻る	退会完了画面には「退会を完了いたしました。」に続けて「ご利用ありがとうございました。またのご利用をお待ちしております。」が表示される。	src/Eccube/Resource/template/default/Mypage/withdraw_complete.twig:35-40;src/Eccube/Resource/locale/messages.ja.yaml:736-739	完了画面の本文は「ご利用ありがとうございました。」「またのご利用をお待ちしております。」の2行だけで、1行目に当たる退会が完了した旨の文が表示されない（src/Eccube/Resource/template/default/Mypage/withdraw_complete.twig:39 は本文だけを表示する）。近い文言 front.mypage.withdraw_complete_message__title「退会が完了いたしました」は src/Eccube/Resource/locale/messages.ja.yaml:736 に定義があるだけで、どの画面からも表示されない。	レイアウト図でも本文の1行目に「退会を完了いたしました。」があるが、完了画面はこの行を表示していない。	sheet-17_img5(退会完了)を確認。見出し「退会完了」・本文2行・「ホームへ戻る」ボタンを読み取った。	high	withdraw_complete.twig-completion-line-missing
sheet-17-R082	DRIFT	P3	実装違い	IO	Withdrawal procedure from membership is completed.<br>Thank you for your use. We look forward to serving you again soon. 退会完了画面の表示時 「ホームへ戻る」でトップページへ戻る	英語表示の退会完了画面には「Withdrawal procedure from membership is completed.」に続けて「Thank you for your use. We look forward to serving you again soon.」が表示される。	src/Eccube/Resource/template/default/Mypage/withdraw_complete.en.twig:35-40;src/Eccube/Resource/locale/messages.en.yaml:672-675	英語の完了画面も本文は「Thank you for using our service.」「We look forward to seeing you again.」の2行だけで、退会手続きが完了した旨の1行目が表示されない（src/Eccube/Resource/locale/messages.en.yaml:672 の「You have canceled your membership」はどの画面でも使われない）。残る2文の英文も設計と異なる。	日本語側（R081）と同じく、完了画面が完了を告げる1行目を表示していない同一の欠陥。	sheet-17_img5(退会完了)を確認。見出し「退会完了」・本文2行・「ホームへ戻る」ボタンを読み取った。	high	withdraw_complete.twig-completion-line-missing
sheet-17-R083	MATCHED								退会の一連の処理で送るのは退会完了メールだけで、他の通知を送る処理が無い（src/Eccube/Controller/Front/Mypage/WithdrawController.php:109-155、src/Eccube/Service/MailService.php:253-307）。	sheet-17_img5(退会完了)を確認。見出し「退会完了」・本文2行・「ホームへ戻る」ボタンを読み取った。	high	
sheet-18-R001	OUT_OF_SCOPE								レイアウト図の見出し行。実装対象の要求ではない	img1/img2/img4/img5/img6（お問い合わせ入力画面のレイアウト図）を確認	high	
sheet-18-R002	OUT_OF_SCOPE								レイアウト図の適用範囲（PC/SP共通）を示す注記。実装対象の要求ではない	img1/img2/img4/img5/img6（お問い合わせ入力画面のレイアウト図）を確認	high	
sheet-18-R003	UNVERIFIABLE						src/Eccube/Resource/template/default/breadcrumb_nav.twig:161-162		レイアウト図中のパンくず表記は「⌂ > マイページ > お問い合わせ」だが、ee のお問い合わせ画面のパンくずは src/Eccube/Resource/template/default/breadcrumb_nav.twig:161-162 で「ホーム > お問い合わせ」となり、マイページ階層が無い。ただし階層構成を述べた仕様文が正本に無く（項目1-1の説明はホームアイコン押下と現在ページ非活性のみ）、マイページ階層の省略が意図的かを静的に確定できないため指摘に上げない	img1/img2/img4/img5/img6（お問い合わせ入力画面のレイアウト図）を確認	med	
sheet-18-R004	OUT_OF_SCOPE								レイアウト図の場合分けラベル（どの件名を選んだ状態の図かを示す注記）。仕様は項目定義1-3/4-1の行で判定する	img1/img2/img4/img5/img6（お問い合わせ入力画面のレイアウト図）を確認	high	
sheet-18-R005	OUT_OF_SCOPE								レイアウト図の場合分けラベル（どの件名を選んだ状態の図かを示す注記）。仕様は項目定義1-3/4-1の行で判定する	img1/img2/img4/img5/img6（お問い合わせ入力画面のレイアウト図）を確認	high	
sheet-18-R006	OUT_OF_SCOPE								レイアウト図の場合分けラベル（どの件名を選んだ状態の図かを示す注記）。仕様は項目定義1-3/4-1の行で判定する	img1/img2/img4/img5/img6（お問い合わせ入力画面のレイアウト図）を確認	high	
sheet-18-R007	OUT_OF_SCOPE								レイアウト図の場合分けラベル（どの件名を選んだ状態の図かを示す注記）。仕様は項目定義1-3/4-1の行で判定する	img1/img2/img4/img5/img6（お問い合わせ入力画面のレイアウト図）を確認	high	
sheet-18-R008	OUT_OF_SCOPE								画面遷移図を機械再構成した際の件数注記。要求ではない		high	
sheet-18-R009	OUT_OF_SCOPE								遷移一覧の件数注記。要求ではない		high	
sheet-18-R010	OUT_OF_SCOPE								遷移一覧の表ヘッダ行。要求ではない		high	
sheet-18-R011	OUT_OF_SCOPE								画面遷移図から機械再構成した接続情報の行（connector番号付き）。表示切替の仕様は項目定義4-1の行で判定する		high	
sheet-18-R012	OUT_OF_SCOPE								画面遷移図から機械再構成した接続情報の行（connector番号付き・推定補完）。仕様は項目定義1-3の行で判定する		high	
sheet-18-R013	MATCHED						src/Eccube/Resource/template/default/breadcrumb_nav.twig:161-162;src/Eccube/Resource/template/default/Contact/index.twig:47		カスタマイズ要件のパンくず追加。src/Eccube/Resource/template/default/Contact/index.twig:47 で breadcrumb_nav.twig を読み込み、src/Eccube/Resource/template/default/breadcrumb_nav.twig:161-162 で contact/contact_confirm/contact_complete のパンくずを出力している	img1/img2/img4/img5/img6（お問い合わせ入力画面のレイアウト図）を確認	high	
sheet-18-R014	OUT_OF_SCOPE								カスタマイズ要件の前置き行。単独では実装要求を述べていない		high	
sheet-18-R015	UNVERIFIABLE						app/DoctrineMigrations/Version20251125141030.php:63-128		「注文番号、買取番号等の文言をフロント側の他画面と統一する」は、同ブロックの次行（R016）で「文言は基本設計で確定する」とされており、統一後の確定文言が正本に無い。ee は件名マスタの付加情報名（app/DoctrineMigrations/Version20251125141030.php:63-128 の 注文番号／買取番号／注文番号もしくは買取番号）をそのまま表示しており、確定文言が無い以上、一致・不一致を判定できない	img1/img2/img4/img5/img6（お問い合わせ入力画面のレイアウト図）を確認	med	
sheet-18-R016	OUT_OF_SCOPE								文言の確定を基本設計に委ねる注記。実装判定の対象ではない		high	
sheet-18-R017	OUT_OF_SCOPE								カスタマイズ要件以外は現行踏襲とする、という適用方針の記述。個別の実装要求ではない		high	
sheet-18-R018	MATCHED						src/Eccube/Controller/Front/ContactController.php:93-120		ログイン中（ROLE_USER）のとき、src/Eccube/Controller/Front/ContactController.php:93-120 で会員の氏名・電話番号・メールアドレスをフォームの初期値に設定している	img1/img2/img4/img5/img6（お問い合わせ入力画面のレイアウト図）を確認	high	
sheet-18-R019	MATCHED						src/Eccube/Controller/Front/ContactController.php:100		会員の姓を name01 の初期値に設定している（src/Eccube/Controller/Front/ContactController.php:100）		high	
sheet-18-R020	MATCHED						src/Eccube/Controller/Front/ContactController.php:101		会員の名を name02 の初期値に設定している（src/Eccube/Controller/Front/ContactController.php:101）		high	
sheet-18-R021	MATCHED						src/Eccube/Controller/Front/ContactController.php:114-116		日本語ページでは会員の電話番号3欄を初期値に設定している（src/Eccube/Controller/Front/ContactController.php:114-116）。海外言語ページは1欄に設定（src/Eccube/Controller/Front/ContactController.php:112）		high	
sheet-18-R022	MATCHED						src/Eccube/Controller/Front/ContactController.php:108		会員のメールアドレスを email の初期値に設定している（src/Eccube/Controller/Front/ContactController.php:108）		high	
sheet-18-R023	OUT_OF_SCOPE								項目表ヘッダの折り返し行。要求ではない		high	
sheet-18-R024	OUT_OF_SCOPE								項目表の区分行（共通表示）。要求ではない		high	
sheet-18-R025	MATCHED						src/Eccube/Resource/template/default/breadcrumb_nav.twig:58-60;src/Eccube/Resource/template/default/breadcrumb_nav.twig:161-162		新規追加のパンくずリストが実装されている。src/Eccube/Resource/template/default/breadcrumb_nav.twig:58-60 でパンくず領域を出力し、src/Eccube/Resource/template/default/breadcrumb_nav.twig:161-162 でお問い合わせ画面のパンくずを組み立てている	img1/img2/img4/img5/img6（お問い合わせ入力画面のレイアウト図）を確認	high	
sheet-18-R026	MATCHED						src/Eccube/Resource/template/default/breadcrumb_nav.twig:25-32;src/Eccube/Resource/template/default/breadcrumb_nav.twig:162		現在表示中のページは current_li マクロ（src/Eccube/Resource/template/default/breadcrumb_nav.twig:25-32）で見出しとして出力され、リンクを持たない。お問い合わせ画面は src/Eccube/Resource/template/default/breadcrumb_nav.twig:162 でこのマクロを使っている		high	
sheet-18-R027	MATCHED						src/Eccube/Resource/template/default/breadcrumb_nav.twig:6-14;src/Eccube/Resource/template/default/breadcrumb_nav.twig:60		ホームアイコンは src/Eccube/Resource/template/default/breadcrumb_nav.twig:6-14 のマクロで出力され、src/Eccube/Resource/template/default/breadcrumb_nav.twig:60 で本店トップ（homepage）へのリンクになっている		high	
sheet-18-R028	MATCHED						src/Eccube/Resource/template/default/Contact/index.twig:50-61;src/Eccube/Controller/Front/HelpController.php:27		ご利用案内バナー画像は src/Eccube/Resource/template/default/Contact/index.twig:50-61 で出力され、押下すると help_guide（src/Eccube/Controller/Front/HelpController.php:27）のヘルプ画面へ遷移する	img1/img2/img4/img5/img6（お問い合わせ入力画面のレイアウト図）を確認	high	
sheet-18-R029	MATCHED						src/Eccube/Form/Type/Front/ContactType.php:88-102;app/DoctrineMigrations/Version20251125141030.php:63-70		件名は件名マスタから選択肢を取得している（src/Eccube/Form/Type/Front/ContactType.php:88-102）。並び順は sort_no 昇順で、マスタ登録の先頭が id=1「通販に関するお問い合わせ」（app/DoctrineMigrations/Version20251125141030.php:63-70）。必須指定のため空選択肢が出ず、初期表示は「通販に関するお問い合わせ」になる	img1/img2/img4/img5/img6（お問い合わせ入力画面のレイアウト図）を確認	high	
sheet-18-R030	MATCHED						app/DoctrineMigrations/Version20251125141030.php:63-70		件名マスタに「通販に関するお問い合わせ」が登録されており、件名の選択肢として表示される（app/DoctrineMigrations/Version20251125141030.php:63-70）	img1/img2/img4/img5/img6（お問い合わせ入力画面のレイアウト図）を確認	high	
sheet-18-R031	MATCHED						app/DoctrineMigrations/Version20251125141030.php:72-79		件名マスタに「ネット買取に関するお問い合わせ」が登録されており、件名の選択肢として表示される（app/DoctrineMigrations/Version20251125141030.php:72-79）	img1/img2/img4/img5/img6（お問い合わせ入力画面のレイアウト図）を確認	high	
sheet-18-R032	MATCHED						app/DoctrineMigrations/Version20251125141030.php:81-88		件名マスタに「店舗でのお買い物・イベントに関するお問い合わせ」が登録されており、件名の選択肢として表示される（app/DoctrineMigrations/Version20251125141030.php:81-88）	img1/img2/img4/img5/img6（お問い合わせ入力画面のレイアウト図）を確認	high	
sheet-18-R033	MATCHED						app/DoctrineMigrations/Version20251125141030.php:90-97		件名マスタに「委託販売に関するお問い合わせ」が登録されており、件名の選択肢として表示される（app/DoctrineMigrations/Version20251125141030.php:90-97）	img1/img2/img4/img5/img6（お問い合わせ入力画面のレイアウト図）を確認	high	
sheet-18-R034	MATCHED						app/DoctrineMigrations/Version20251125141030.php:99-106		件名マスタに「デッキ構築機能に関するお問い合わせ」が登録されており、件名の選択肢として表示される（app/DoctrineMigrations/Version20251125141030.php:99-106）	img1/img2/img4/img5/img6（お問い合わせ入力画面のレイアウト図）を確認	high	
sheet-18-R035	MATCHED						app/DoctrineMigrations/Version20251125141030.php:108-115		件名マスタに「記事・動画に関するお問い合わせ」が登録されており、件名の選択肢として表示される（app/DoctrineMigrations/Version20251125141030.php:108-115）	img1/img2/img4/img5/img6（お問い合わせ入力画面のレイアウト図）を確認	high	
sheet-18-R036	MATCHED						app/DoctrineMigrations/Version20251125141030.php:117-124		件名マスタに「その他のお問い合わせ」が登録されており、件名の選択肢として表示される（app/DoctrineMigrations/Version20251125141030.php:117-124）	img1/img2/img4/img5/img6（お問い合わせ入力画面のレイアウト図）を確認	high	
sheet-18-R037	NOT_IMPLEMENTED	P3	未実装	IO	1-3 件名（タイトル） 単一選択(セレクトボックス) ◯ - 通販に関するお問い合わせ ・マスターデータから選択肢を取得する。 1 通販に関するお問い合わせ 2 ネット買取に関するお問い合わせ 3 店舗でのお買い物・イベントに関するお問い合わせ 4 委託販売に関するお問い合わせ 5 デッキ構築機能に関するお問い合わせ 6 記事・動画に関するお問い合わせ 7 その他のお問い合わせ 8 協賛関連	件名（タイトル）の選択肢に「協賛関連」が表示され、選択して問い合わせを送信できる	app/DoctrineMigrations/Version20251125141030.php:63-128;src/Eccube/Form/Type/Front/ContactType.php:88-102	件名マスタに登録されるのは1〜7の7件のみで（app/DoctrineMigrations/Version20251125141030.php:63-128）、8件目の「協賛関連」に相当するデータが無い。選択肢はマスタから取得するため（src/Eccube/Form/Type/Front/ContactType.php:88-102）、画面の件名に「協賛関連」が出ない	設計は件名の選択肢を1〜8として列挙し、8に「協賛関連」を挙げている。ee のマスタ登録は7件で、他の7件は名称・順序とも一致するが8件目だけが存在しない	img1/img2/img4/img5/img6（お問い合わせ入力画面のレイアウト図）を確認。図の件名セレクトにも協賛関連は写っていないが、正本の項目表が選択肢を8件と定義している	high	Version20251125141030.php-missing-sponsor-subject
sheet-18-R038	DRIFT	P3	実装違い	IO	1-4 氏名(姓) 半角・全角 ◯ 16 - ・未入力で(1-9)確認画面へを押下すると、動的に必須入力のエラーメッセージを表示する	氏名(姓)は16文字を超える入力を受け付けず、超えたときは確認画面へ進めない	src/Eccube/Form/Type/Front/ContactType.php:58-60;src/Eccube/Form/Type/NameType.php:103-112;app/config/eccube/packages/eccube.yaml:180	氏名は NameType の既定長で検証され（src/Eccube/Form/Type/NameType.php:103-112）、上限は eccube_name_len=50（app/config/eccube/packages/eccube.yaml:180）。お問い合わせ画面では上限を上書きしていない（src/Eccube/Form/Type/Front/ContactType.php:58-60）ため、17〜50文字も受け付けて確認画面へ進む	項目表は1-4の最大文字数を16と定めるが、実装の上限は50文字。入力欄にも maxlength 指定が無い	img1/img2/img4/img5/img6（お問い合わせ入力画面のレイアウト図）を確認	med	ContactType.php-name-maxlength-not-16
sheet-18-R039	MATCHED						src/Eccube/Resource/template/default/Contact/index.twig:163		姓の入力欄にプレースホルダ「例）晴れる屋」を出力している（src/Eccube/Resource/template/default/Contact/index.twig:163）。囲み括弧の表記のみ差異があるが例示内容は設計どおり	img1/img2/img4/img5/img6（お問い合わせ入力画面のレイアウト図）を確認	high	
sheet-18-R040	MATCHED						src/Eccube/Controller/Front/ContactController.php:100		会員登録済みのとき会員の姓を初期値に設定している（src/Eccube/Controller/Front/ContactController.php:100）		high	
sheet-18-R041	DRIFT	P3	実装違い	IO	1-5 氏名(名) 半角・全角 ◯ 16 - ・未入力で(1-9)確認画面へを押下すると、動的に必須入力のエラーメッセージを表示する	氏名(名)は16文字を超える入力を受け付けず、超えたときは確認画面へ進めない	src/Eccube/Form/Type/Front/ContactType.php:58-60;src/Eccube/Form/Type/NameType.php:117-126;app/config/eccube/packages/eccube.yaml:180	氏名は NameType の既定長で検証され（src/Eccube/Form/Type/NameType.php:117-126）、上限は eccube_name_len=50（app/config/eccube/packages/eccube.yaml:180）。お問い合わせ画面では上限を上書きしていない（src/Eccube/Form/Type/Front/ContactType.php:58-60）ため、17〜50文字も受け付けて確認画面へ進む	項目表は1-5の最大文字数を16と定めるが、実装の上限は50文字。入力欄にも maxlength 指定が無い	img1/img2/img4/img5/img6（お問い合わせ入力画面のレイアウト図）を確認	med	ContactType.php-name-maxlength-not-16
sheet-18-R042	MATCHED						src/Eccube/Resource/template/default/Contact/index.twig:173		名の入力欄にプレースホルダ「例）太郎」を出力している（src/Eccube/Resource/template/default/Contact/index.twig:173）。囲み括弧の表記のみ差異があるが例示内容は設計どおり	img1/img2/img4/img5/img6（お問い合わせ入力画面のレイアウト図）を確認	high	
sheet-18-R043	MATCHED						src/Eccube/Controller/Front/ContactController.php:101		会員登録済みのとき会員の名を初期値に設定している（src/Eccube/Controller/Front/ContactController.php:101）		high	
sheet-18-R044	MATCHED						src/Eccube/Form/Type/Front/ContactType.php:115-117;src/Eccube/Form/Type/SplitPhoneNumberType.php:50-55;src/Eccube/Form/Type/SplitPhoneNumberType.php:107-115		電話番号は必須（src/Eccube/Form/Type/Front/ContactType.php:115-117 / src/Eccube/Form/Type/SplitPhoneNumberType.php:50-55 で未入力チェック）で、数字以外はエラーになる（src/Eccube/Form/Type/SplitPhoneNumberType.php:107-115）。未入力のまま確認画面へを押すと各欄の直下にエラーが表示される（src/Eccube/Resource/template/default/Contact/index.twig:195）	img1/img2/img4/img5/img6（お問い合わせ入力画面のレイアウト図）を確認	high	
sheet-18-R045	MATCHED						src/Eccube/Controller/Front/ContactController.php:114-116		会員登録済みのとき会員の電話番号3欄を初期値に設定している（src/Eccube/Controller/Front/ContactController.php:114-116）		high	
sheet-18-R046	MATCHED						src/Eccube/Resource/template/default/Contact/index.twig:194;src/Eccube/Resource/template/default/Contact/index.twig:200;src/Eccube/Resource/template/default/Contact/index.twig:206;src/Eccube/Resource/locale/messages.ja.yaml:51-53		電話番号3欄のプレースホルダに 例)03 / 例)5332 / 例)7517 を出力している（src/Eccube/Resource/template/default/Contact/index.twig:194,200,206 と src/Eccube/Resource/locale/messages.ja.yaml:51-53）。囲み括弧の表記のみ差異	img1/img2/img4/img5/img6（お問い合わせ入力画面のレイアウト図）を確認	high	
sheet-18-R047	MATCHED						src/Eccube/Form/Type/Front/ContactType.php:73-78;src/Eccube/Resource/template/default/Contact/index.twig:233-234		メールアドレスは未入力・形式不正のいずれもエラーとなり（src/Eccube/Form/Type/Front/ContactType.php:73-78）、確認画面へ押下時に項目直下へエラーを表示する（src/Eccube/Resource/template/default/Contact/index.twig:233-234）	img1/img2/img4/img5/img6（お問い合わせ入力画面のレイアウト図）を確認	high	
sheet-18-R048	UNVERIFIABLE						src/Eccube/Form/Type/Front/ContactType.php:76;app/config/eccube/packages/eccube.yaml:252		RFC準拠チェックは設定値 eccube_rfc_email_check の真偽で切り替わる実装で（src/Eccube/Form/Type/Front/ContactType.php:76）、リポジトリ既定値は false（app/config/eccube/packages/eccube.yaml:252）。既定値のままなら緩い形式チェックとなり「..」等を含むアドレスも通るが、運用環境の設定値までは静的に確定できないため判定を保留する	img1/img2/img4/img5/img6（お問い合わせ入力画面のレイアウト図）を確認	med	
sheet-18-R049	MATCHED						src/Eccube/Controller/Front/ContactController.php:108		会員登録済みのとき会員のメールアドレスを初期値に設定している（src/Eccube/Controller/Front/ContactController.php:108）		high	
sheet-18-R050	MATCHED						src/Eccube/Resource/template/default/Contact/index.twig:233;src/Eccube/Resource/locale/messages.ja.yaml:70		メールアドレス欄のプレースホルダに 例)info@hareruyamtg.com を出力している（src/Eccube/Resource/template/default/Contact/index.twig:233 と src/Eccube/Resource/locale/messages.ja.yaml:70）。囲み括弧の表記のみ差異	img1/img2/img4/img5/img6（お問い合わせ入力画面のレイアウト図）を確認	high	
sheet-18-R051	MATCHED						src/Eccube/Form/Type/Front/ContactType.php:79-86;src/Eccube/Resource/template/default/Contact/index.twig:344-355		内容は必須の複数行入力として実装されている（src/Eccube/Form/Type/Front/ContactType.php:79-86、src/Eccube/Resource/template/default/Contact/index.twig:344-355）	img1/img2/img4/img5/img6（お問い合わせ入力画面のレイアウト図）を確認	high	
sheet-18-R052	MATCHED						src/Eccube/Resource/template/default/Contact/index.twig:383-386;src/Eccube/Controller/Front/ContactController.php:134-141		確認画面へ押下で入力チェックを行い、正常なら確認画面を表示し（src/Eccube/Controller/Front/ContactController.php:134-141）、エラー時は入力画面に戻ってエラーメッセージを表示する（src/Eccube/Controller/Front/ContactController.php:179-181）	img1/img2/img4/img5/img6（お問い合わせ入力画面のレイアウト図）を確認	high	
sheet-18-R053	MATCHED						src/Eccube/Resource/template/default/Contact/index.twig:387		戻るボタンは押下時にブラウザ履歴を1つ戻す（src/Eccube/Resource/template/default/Contact/index.twig:387）	img1/img2/img4/img5/img6（お問い合わせ入力画面のレイアウト図）を確認	high	
sheet-18-R054	OUT_OF_SCOPE								項目表の区分行（通販に関するお問い合わせ）。要求ではない		high	
sheet-18-R055	MATCHED						src/Eccube/Form/Type/Front/ContactType.php:112-114;app/DoctrineMigrations/Version20251125141030.php:63-70;src/Eccube/Resource/template/default/Block/js/contact_js.twig:56-62		件名「通販に関するお問い合わせ」の付加情報名が「注文番号」として登録され（app/DoctrineMigrations/Version20251125141030.php:63-70）、付加情報欄（src/Eccube/Form/Type/Front/ContactType.php:112-114）がそのラベルで表示される（src/Eccube/Resource/template/default/Block/js/contact_js.twig:56-62）	img1/img2/img4/img5/img6（お問い合わせ入力画面のレイアウト図）を確認	high	
sheet-18-R056	OUT_OF_SCOPE								項目表の区分行（ネット買取に関するお問い合わせ）。要求ではない		high	
sheet-18-R057	MATCHED						src/Eccube/Form/Type/Front/ContactType.php:112-114;app/DoctrineMigrations/Version20251125141030.php:72-79;src/Eccube/Resource/template/default/Block/js/contact_js.twig:56-62		件名「ネット買取に関するお問い合わせ」の付加情報名が「買取番号」として登録され（app/DoctrineMigrations/Version20251125141030.php:72-79）、付加情報欄がそのラベルで表示される（src/Eccube/Resource/template/default/Block/js/contact_js.twig:56-62）	img1/img2/img4/img5/img6（お問い合わせ入力画面のレイアウト図）を確認	high	
sheet-18-R058	OUT_OF_SCOPE								項目表の区分行（店舗でのお買い物・イベントに関するお問い合わせ）。要求ではない		high	
sheet-18-R059	MATCHED						src/Eccube/Form/Type/Front/ContactType.php:103-111;src/Eccube/Resource/template/default/Block/js/contact_js.twig:70-73		お問い合わせ詳細のセレクトボックスが実装され、件名が店舗・イベントのときに表示される（src/Eccube/Form/Type/Front/ContactType.php:103-111、src/Eccube/Resource/template/default/Block/js/contact_js.twig:70-73）	img1/img2/img4/img5/img6（お問い合わせ入力画面のレイアウト図）を確認	high	
sheet-18-R060	MATCHED						src/Eccube/Form/Type/Front/ContactType.php:106;src/Eccube/Resource/locale/messages.ja.yaml:375		選択肢「店舗でのお買い物について」（src/Eccube/Form/Type/Front/ContactType.php:106、src/Eccube/Resource/locale/messages.ja.yaml:375）		high	
sheet-18-R061	MATCHED						src/Eccube/Form/Type/Front/ContactType.php:107;src/Eccube/Resource/locale/messages.ja.yaml:376		選択肢「イベントについて」（src/Eccube/Form/Type/Front/ContactType.php:107、src/Eccube/Resource/locale/messages.ja.yaml:376）		high	
sheet-18-R062	MATCHED						src/Eccube/Form/Type/Front/ContactType.php:108;src/Eccube/Resource/locale/messages.ja.yaml:377		選択肢「イベントのキャンセル申込」（src/Eccube/Form/Type/Front/ContactType.php:108、src/Eccube/Resource/locale/messages.ja.yaml:377）		high	
sheet-18-R063	MATCHED						src/Eccube/Form/Type/Front/ContactType.php:124-137;src/Eccube/Resource/template/default/Block/js/contact_js.twig:64-68		お問い合わせ店舗選択のセレクトボックスが実装され、件名ごとの店舗表示フラグに従って表示される（src/Eccube/Form/Type/Front/ContactType.php:124-137、src/Eccube/Resource/template/default/Block/js/contact_js.twig:64-68）	img1/img2/img4/img5/img6（お問い合わせ入力画面のレイアウト図）を確認	high	
sheet-18-R064	MATCHED						src/Eccube/Form/Type/Front/ContactType.php:124-131		選択肢は店舗マスタ（BaseInfo）に登録された店舗から作られる（src/Eccube/Form/Type/Front/ContactType.php:124-131）		high	
sheet-18-R065	MATCHED						src/Eccube/Form/Type/Front/ContactType.php:132-134		公開かつ営業中の店舗だけを選択肢にしており、閉店・非公開の店舗は除外される（src/Eccube/Form/Type/Front/ContactType.php:132-134）		high	
sheet-18-R066	MATCHED						src/Eccube/Resource/template/default/Contact/index.twig:102-111;src/Eccube/Resource/template/default/Block/js/contact_js.twig:82-84		キャンセル期限のラベルと本文が実装され、お問い合わせ詳細がイベントキャンセルのときに表示される（src/Eccube/Resource/template/default/Contact/index.twig:102-111、src/Eccube/Resource/template/default/Block/js/contact_js.twig:82-84）	img1/img2/img4/img5/img6（お問い合わせ入力画面のレイアウト図）を確認。img2にキャンセル期限行を確認	high	
sheet-18-R067	MATCHED						src/Eccube/Form/Type/Front/ContactType.php:138-140;src/Eccube/Resource/template/default/Block/js/contact_js.twig:27		イベント名の入力欄があり（src/Eccube/Form/Type/Front/ContactType.php:138-140）、未入力のまま送信すると警告して送信を止める（src/Eccube/Resource/template/default/Block/js/contact_js.twig:27-35）	img1/img2/img4/img5/img6（お問い合わせ入力画面のレイアウト図）を確認	high	
sheet-18-R068	DRIFT	P3	実装違い	IO	4-5 イベント実施店舗 単一選択(セレクトボックス) ◯ - - ・管理画面＞モール設定＞店舗登録に登録されている全店舗名を選択肢とする	イベント実施店舗の選択肢に、店舗登録された全店舗が表示される	src/Eccube/Form/Type/Front/ContactType.php:141-154	イベント実施店舗の選択肢は公開かつ営業中の店舗に絞られている（src/Eccube/Form/Type/Front/ContactType.php:147-152）。閉店・非公開の店舗は選べない	項目表は4-2のお問い合わせ店舗選択にだけ「閉店または非公開の店舗を除く」条件を置き、4-5のイベント実施店舗は全店舗としている。実装は4-5にも4-2と同じ絞り込みを適用している	img1/img2/img4/img5/img6（お問い合わせ入力画面のレイアウト図）を確認	med	ContactType.php-eventshop-choices-limited-to-open-shops
sheet-18-R069	MATCHED						src/Eccube/Form/Type/Front/ContactType.php:155-160;src/Eccube/Resource/template/default/Contact/index.twig:267-288		イベント開催日の入力欄があり、画面表示・入力は yyyy/mm/dd 形式（src/Eccube/Resource/template/default/Contact/index.twig:29-38,275-280）で扱われる（src/Eccube/Form/Type/Front/ContactType.php:155-160）	img1/img2/img4/img5/img6（お問い合わせ入力画面のレイアウト図）を確認	high	
sheet-18-R070	MATCHED						src/Eccube/Form/Type/Front/ContactType.php:161-165;src/Eccube/Resource/template/default/Contact/index.twig:290-301		イベント開始時間の入力欄が hh:mm の単一入力として実装されている（src/Eccube/Form/Type/Front/ContactType.php:161-165、src/Eccube/Resource/template/default/Contact/index.twig:290-301）	img1/img2/img4/img5/img6（お問い合わせ入力画面のレイアウト図）を確認	high	
sheet-18-R071	MATCHED						src/Eccube/Form/Type/Front/ContactType.php:166-175;src/Eccube/Resource/template/default/Contact/index.twig:303-315		キャンセル理由のセレクトボックスが実装されている（src/Eccube/Form/Type/Front/ContactType.php:166-175、src/Eccube/Resource/template/default/Contact/index.twig:303-315）	img1/img2/img4/img5/img6（お問い合わせ入力画面のレイアウト図）を確認	high	
sheet-18-R072	MATCHED						src/Eccube/Form/Type/Front/ContactType.php:169;src/Eccube/Resource/locale/messages.ja.yaml:378		選択肢「都合が悪くなったため」（src/Eccube/Form/Type/Front/ContactType.php:169、src/Eccube/Resource/locale/messages.ja.yaml:378）		high	
sheet-18-R073	MATCHED						src/Eccube/Form/Type/Front/ContactType.php:170;src/Eccube/Resource/locale/messages.ja.yaml:379		選択肢「他のイベントに参加するため」（src/Eccube/Form/Type/Front/ContactType.php:170、src/Eccube/Resource/locale/messages.ja.yaml:379）		high	
sheet-18-R074	MATCHED						src/Eccube/Form/Type/Front/ContactType.php:171;src/Eccube/Resource/locale/messages.ja.yaml:380		選択肢「体調不良のため」（src/Eccube/Form/Type/Front/ContactType.php:171、src/Eccube/Resource/locale/messages.ja.yaml:380）		high	
sheet-18-R075	MATCHED						src/Eccube/Form/Type/Front/ContactType.php:172;src/Eccube/Resource/locale/messages.ja.yaml:381		選択肢「同種の予選等を既に通過したため」（src/Eccube/Form/Type/Front/ContactType.php:172、src/Eccube/Resource/locale/messages.ja.yaml:381）		high	
sheet-18-R076	MATCHED						src/Eccube/Form/Type/Front/ContactType.php:173;src/Eccube/Resource/locale/messages.ja.yaml:382		選択肢「その他」（src/Eccube/Form/Type/Front/ContactType.php:173、src/Eccube/Resource/locale/messages.ja.yaml:382）		high	
sheet-18-R077	MATCHED						src/Eccube/Resource/template/default/Block/js/contact_js.twig:86		イベントキャンセルを選んだ初期状態では、その他キャンセル理由欄を非活性にしている（src/Eccube/Resource/template/default/Block/js/contact_js.twig:86）	img1/img2/img4/img5/img6（お問い合わせ入力画面のレイアウト図）を確認。img2でその他キャンセル理由欄がグレーアウトしているのを確認	high	
sheet-18-R078	MATCHED						src/Eccube/Resource/template/default/Block/js/contact_js.twig:94-100		キャンセル理由で「その他」を選んだときだけ、その他キャンセル理由欄を入力可能にしている（src/Eccube/Resource/template/default/Block/js/contact_js.twig:94-100）	img1/img2/img4/img5/img6（お問い合わせ入力画面のレイアウト図）を確認	high	
sheet-18-R079	MATCHED						src/Eccube/Form/Type/Front/ContactType.php:179-181;src/Eccube/Resource/template/default/Block/js/contact_js.twig:27-35;src/Eccube/Resource/template/default/Contact/index.twig:329-342		アンケートの複数行入力欄があり（src/Eccube/Form/Type/Front/ContactType.php:179-181）、未入力のまま送信すると警告して送信を止める（src/Eccube/Resource/template/default/Block/js/contact_js.twig:27-35）	img1/img2/img4/img5/img6（お問い合わせ入力画面のレイアウト図）を確認	high	
sheet-18-R080	OUT_OF_SCOPE								項目表の区分行（その他のお問い合わせ）。要求ではない		high	
sheet-18-R081	MATCHED						src/Eccube/Form/Type/Front/ContactType.php:112-114;app/DoctrineMigrations/Version20251125141030.php:117-124;src/Eccube/Resource/template/default/Block/js/contact_js.twig:56-62		件名「その他のお問い合わせ」の付加情報名（注文番号もしくは買取番号）が登録され（app/DoctrineMigrations/Version20251125141030.php:117-124）、付加情報欄がそのラベルで表示される（src/Eccube/Resource/template/default/Block/js/contact_js.twig:56-62）。ラベルの文言統一はR015のとおり基本設計で確定する	img1/img2/img4/img5/img6（お問い合わせ入力画面のレイアウト図）を確認	high	
sheet-18-R082	OUT_OF_SCOPE								レイアウト図の見出し行。要求ではない	img3/img7/img9/img10/img12（お問い合わせ確認画面のレイアウト図）を確認	high	
sheet-18-R083	OUT_OF_SCOPE								項目表ヘッダの折り返し行。要求ではない		high	
sheet-18-R084	OUT_OF_SCOPE								項目表の区分行（共通表示 確認）。要求ではない		high	
sheet-18-R085	MATCHED						src/Eccube/Resource/template/default/Contact/confirm.twig:38-55		確認画面に件名（タイトル）を表示している（src/Eccube/Resource/template/default/Contact/confirm.twig:38-55）	img3/img7/img9/img10/img12（お問い合わせ確認画面のレイアウト図）を確認	high	
sheet-18-R086	MATCHED						src/Eccube/Resource/template/default/Contact/confirm.twig:115-127		確認画面に氏名を表示している（src/Eccube/Resource/template/default/Contact/confirm.twig:115-127）	img3/img7/img9/img10/img12（お問い合わせ確認画面のレイアウト図）を確認	high	
sheet-18-R087	MATCHED						src/Eccube/Resource/template/default/Contact/confirm.twig:129-149		確認画面に電話番号を表示している（src/Eccube/Resource/template/default/Contact/confirm.twig:129-149）	img3/img7/img9/img10/img12（お問い合わせ確認画面のレイアウト図）を確認	high	
sheet-18-R088	MATCHED						src/Eccube/Resource/template/default/Contact/confirm.twig:151-162		確認画面にメールアドレスを表示している（src/Eccube/Resource/template/default/Contact/confirm.twig:151-162）	img3/img7/img9/img10/img12（お問い合わせ確認画面のレイアウト図）を確認	high	
sheet-18-R089	MATCHED						src/Eccube/Resource/template/default/Contact/confirm.twig:264-277		確認画面に内容を表示している（src/Eccube/Resource/template/default/Contact/confirm.twig:264-277）	img3/img7/img9/img10/img12（お問い合わせ確認画面のレイアウト図）を確認	high	
sheet-18-R090	MATCHED						src/Eccube/Resource/template/default/Contact/confirm.twig:299-302;src/Eccube/Controller/Front/ContactController.php:142-175;src/Eccube/Service/MailService.php:336-345;src/Eccube/Service/MailService.php:387-401		送信ボタン押下で問い合わせメールを送信し（src/Eccube/Service/MailService.php:336-345、宛先の決定は src/Eccube/Service/MailService.php:387-401 で店舗の受付アドレスを優先）、完了画面へ遷移する（src/Eccube/Controller/Front/ContactController.php:175）	img3/img7/img9/img10/img12（お問い合わせ確認画面のレイアウト図）を確認	high	
sheet-18-R091	MATCHED						src/Eccube/Resource/template/default/Contact/confirm.twig:303;src/Eccube/Controller/Front/ContactController.php:179-181		戻るボタンは確認・送信以外のモードで送信され、入力画面（お問い合わせ画面）が再表示される（src/Eccube/Resource/template/default/Contact/confirm.twig:303、src/Eccube/Controller/Front/ContactController.php:179-181）	img3/img7/img9/img10/img12（お問い合わせ確認画面のレイアウト図）を確認	high	
sheet-18-R092	OUT_OF_SCOPE								項目表の区分行（通販に関するお問い合わせ 確認）。要求ではない		high	
sheet-18-R093	MATCHED						src/Eccube/Resource/template/default/Contact/confirm.twig:78-91		確認画面に付加情報（通販では注文番号）をそのラベルで表示している（src/Eccube/Resource/template/default/Contact/confirm.twig:78-91）	img3/img7/img9/img10/img12（お問い合わせ確認画面のレイアウト図）を確認。img8で注文番号行を確認	high	
sheet-18-R094	OUT_OF_SCOPE								項目表の区分行（ネット買取に関するお問い合わせ 確認）。要求ではない		high	
sheet-18-R095	MATCHED						src/Eccube/Resource/template/default/Contact/confirm.twig:78-91		確認画面に付加情報（ネット買取では買取番号）をそのラベルで表示している（src/Eccube/Resource/template/default/Contact/confirm.twig:78-91）	img3/img7/img9/img10/img12（お問い合わせ確認画面のレイアウト図）を確認。img9で買取番号行を確認	high	
sheet-18-R096	OUT_OF_SCOPE								項目表の区分行（店舗でのお買い物・イベント かつ 店舗でのお買い物について 確認）。要求ではない		high	
sheet-18-R097	MATCHED						src/Eccube/Resource/template/default/Contact/confirm.twig:57-76		確認画面にお問い合わせ詳細を表示している（src/Eccube/Resource/template/default/Contact/confirm.twig:57-76）	img3/img7/img9/img10/img12（お問い合わせ確認画面のレイアウト図）を確認	high	
sheet-18-R098	MATCHED						src/Eccube/Resource/template/default/Contact/confirm.twig:93-113		確認画面に店舗を表示している（src/Eccube/Resource/template/default/Contact/confirm.twig:93-113）。備考の「現行では非表示」は、現行ソースが店舗選択済みのときに行を隠す不具合（pf-eccube3 の confirm.twig の表示条件）に由来するもので踏襲対象ではない。項目表が9-2を確認画面の表示項目として定義しており、実装はそれに沿う	img11で確認画面に店舗（札幌店）が表示されている図を確認。備考の「現行では非表示」と図の内容は食い違うが、項目表の定義どおり表示する実装であるため設計どおりと判断した	med	
sheet-18-R099	OUT_OF_SCOPE								項目表の区分行（店舗でのお買い物・イベント かつ イベントのキャンセル申込 確認）。要求ではない		high	
sheet-18-R100	MATCHED						src/Eccube/Resource/template/default/Contact/confirm.twig:57-76		確認画面にお問い合わせ詳細を表示している（src/Eccube/Resource/template/default/Contact/confirm.twig:57-76）	img3/img7/img9/img10/img12（お問い合わせ確認画面のレイアウト図）を確認。img7の1〜2行目を確認	high	
sheet-18-R101	MATCHED						src/Eccube/Resource/template/default/Contact/confirm.twig:167-178		確認画面にイベント名を表示している（src/Eccube/Resource/template/default/Contact/confirm.twig:167-178）	img3/img7/img9/img10/img12（お問い合わせ確認画面のレイアウト図）を確認	high	
sheet-18-R102	MATCHED						src/Eccube/Resource/template/default/Contact/confirm.twig:179-196		確認画面にイベント実施店舗を表示している（src/Eccube/Resource/template/default/Contact/confirm.twig:179-196）	img3/img7/img9/img10/img12（お問い合わせ確認画面のレイアウト図）を確認	high	
sheet-18-R103	MATCHED						src/Eccube/Resource/template/default/Contact/confirm.twig:197-208		確認画面にイベント開催日を Y/m/d で表示している（src/Eccube/Resource/template/default/Contact/confirm.twig:197-208）	img3/img7/img9/img10/img12（お問い合わせ確認画面のレイアウト図）を確認	high	
sheet-18-R104	MATCHED						src/Eccube/Resource/template/default/Contact/confirm.twig:209-220		確認画面に開始時間を H:i で表示している（src/Eccube/Resource/template/default/Contact/confirm.twig:209-220）	img3/img7/img9/img10/img12（お問い合わせ確認画面のレイアウト図）を確認。img7の開始時間行を確認	high	
sheet-18-R105	DESIGN_ISSUE				10-6 キャンセル期限 ラベル - - - -				項目表は確認画面の表示項目として10-6キャンセル期限を挙げるが、同じシートの確認画面レイアウト図（img7）にキャンセル期限の行が無く、他の確認項目のように図と対応していない。キャンセル期限は入力画面の案内文（4-3）として定義されており、確認画面にも出すのかが正本内で食い違う。ee の確認画面（src/Eccube/Resource/template/default/Contact/confirm.twig:164-262）にもキャンセル期限の行は無い。設計裁定が要る	img7（イベントキャンセル確認のレイアウト図）に件名・お問い合わせ詳細・氏名・電話番号・メール・イベント名・店舗・日付・開始時間・キャンセル理由・その他キャンセル理由・アンケートの12行のみで、キャンセル期限の行は無い	med	
sheet-18-R106	MATCHED						src/Eccube/Resource/template/default/Contact/confirm.twig:209-220		確認画面の開始時間行は「イベント開始時間」のラベルで表示している（src/Eccube/Resource/template/default/Contact/confirm.twig:211 と src/Eccube/Resource/locale/messages.ja.yaml:394）。項目表は10-5開始時間と10-7イベント開始時間を別項目として並べているが、レイアウト図（img7）の開始時間行は1行だけで、実装もこの1行に対応する	img7で開始時間の行が1行だけであることを確認	med	
sheet-18-R107	MATCHED						src/Eccube/Resource/template/default/Contact/confirm.twig:221-236		確認画面にキャンセル理由を表示している（src/Eccube/Resource/template/default/Contact/confirm.twig:221-236）	img3/img7/img9/img10/img12（お問い合わせ確認画面のレイアウト図）を確認	high	
sheet-18-R108	MATCHED						src/Eccube/Resource/template/default/Contact/confirm.twig:237-249		その他キャンセル理由は入力があるときだけ確認画面に表示する（src/Eccube/Resource/template/default/Contact/confirm.twig:237-249）	img3/img7/img9/img10/img12（お問い合わせ確認画面のレイアウト図）を確認	high	
sheet-18-R109	MATCHED						src/Eccube/Resource/template/default/Contact/confirm.twig:250-261		確認画面にアンケートを表示している（src/Eccube/Resource/template/default/Contact/confirm.twig:250-261）	img3/img7/img9/img10/img12（お問い合わせ確認画面のレイアウト図）を確認	high	
sheet-18-R110	OUT_OF_SCOPE								項目表の区分行（その他のお問い合わせ 確認）。要求ではない		high	
sheet-18-R111	MATCHED						src/Eccube/Resource/template/default/Contact/confirm.twig:78-91		確認画面に付加情報（その他では注文番号もしくは買取番号）をそのラベルで表示している（src/Eccube/Resource/template/default/Contact/confirm.twig:78-91）	img3/img7/img9/img10/img12（お問い合わせ確認画面のレイアウト図）を確認。img10で該当行を確認	high	
sheet-18-R112	OUT_OF_SCOPE								レイアウト図の見出し行。要求ではない	img13（お問い合わせ完了画面のレイアウト図）を確認	high	
sheet-18-R113	OUT_OF_SCOPE								項目表ヘッダの折り返し行。要求ではない		high	
sheet-18-R114	MATCHED						src/Eccube/Resource/template/default/Contact/complete.twig:25-29		完了画面のホームへ戻るリンクが本店トップ（homepage）へ遷移する（src/Eccube/Resource/template/default/Contact/complete.twig:25-29）	img13（お問い合わせ完了画面のレイアウト図）を確認	high	
sheet-18-R115	OUT_OF_SCOPE								現行仕様の見出し行。要求ではない		high	
sheet-18-R116	OUT_OF_SCOPE								現行仕様の小見出し行。要求ではない		high	
sheet-18-R117	MATCHED						src/Eccube/Resource/template/default/Contact/index.twig:17-19;src/Eccube/Resource/template/default/Contact/index.twig:77;src/Eccube/Resource/template/default/Contact/confirm.twig:15-17		必須項目には必須ラベルを表示している（src/Eccube/Resource/template/default/Contact/index.twig:17-19 のマクロを各必須項目で使用、確認画面も src/Eccube/Resource/template/default/Contact/confirm.twig:15-17）	img1/img2/img4/img5/img6（お問い合わせ入力画面のレイアウト図）を確認	high	
sheet-18-R118	MATCHED						src/Eccube/Resource/template/default/Contact/index.twig:184-223;src/Eccube/Controller/Front/ContactController.php:87-91		日本語ページは電話番号を3分割の欄で、海外言語ページは数値1欄で表示する（src/Eccube/Resource/template/default/Contact/index.twig:184-223、src/Eccube/Controller/Front/ContactController.php:87-91）	img1/img2/img4/img5/img6（お問い合わせ入力画面のレイアウト図）を確認	high	
sheet-18-R119	MATCHED						src/Eccube/Form/Type/Front/ContactType.php:79-86;src/Eccube/Form/Type/Front/ContactType.php:179-181		内容とアンケートは複数行入力（テキストエリア）として実装されている（src/Eccube/Form/Type/Front/ContactType.php:79-86、src/Eccube/Form/Type/Front/ContactType.php:179-181）	img1/img2/img4/img5/img6（お問い合わせ入力画面のレイアウト図）を確認	high	
sheet-18-R120	OUT_OF_SCOPE								現行仕様の小見出し行。要求ではない		high	
sheet-18-R121	OUT_OF_SCOPE								現行仕様の表ヘッダ行。要求ではない		high	
sheet-18-R122	MATCHED						src/Eccube/Form/Type/Front/ContactType.php:94-101		表示中の言語で名称が設定されている件名だけを選択肢にしている（src/Eccube/Form/Type/Front/ContactType.php:94-101）		high	
sheet-18-R123	MATCHED						src/Eccube/Form/Type/Front/ContactType.php:135;src/Eccube/Form/Type/Front/ContactType.php:152		店舗・イベント実施店舗の選択肢は店舗の表示順（rank）昇順で並べている（src/Eccube/Form/Type/Front/ContactType.php:135、src/Eccube/Form/Type/Front/ContactType.php:152）		high	
sheet-18-R124	OUT_OF_SCOPE								現行仕様の小見出し行。要求ではない		high	
sheet-18-R125	MATCHED						src/Eccube/Controller/Front/ContactController.php:69-83		クエリのイベント詳細IDで表示中のイベント詳細を取得し、件名・お問い合わせ詳細・イベント名・開催日・開始時間・実施店舗の初期値を設定している（src/Eccube/Controller/Front/ContactController.php:69-83）		high	
sheet-18-R126	OUT_OF_SCOPE								現行仕様の小見出し行。要求ではない		high	
sheet-18-R127	MATCHED						src/Eccube/Resource/template/default/Block/js/contact_js.twig:56-79		件名ごとの付加情報名の有無でラベルと表示を切り替え、店舗欄は件名の店舗フラグで表示を切り替えている（src/Eccube/Resource/template/default/Block/js/contact_js.twig:56-79）	img1/img2/img4/img5/img6（お問い合わせ入力画面のレイアウト図）を確認	high	
sheet-18-R128	OUT_OF_SCOPE								現行仕様の小見出し行。要求ではない		high	
sheet-18-R129	MATCHED						src/Eccube/Resource/template/default/Block/js/contact_js.twig:36-47		イベントキャンセルのとき、お問い合わせ詳細・イベント名・実施店舗・開催日・開始時間・キャンセル理由・その他理由・アンケートを項目名付きで内容へ転記して送信している（src/Eccube/Resource/template/default/Block/js/contact_js.twig:36-47）		high	
sheet-18-R130	MATCHED						src/Eccube/Resource/template/default/Contact/confirm.twig:164-262		確認画面はイベントキャンセルのときだけイベント関連の値を次の送信に持ち越し（src/Eccube/Resource/template/default/Contact/confirm.twig:164-262）、それ以外の件名では持ち越さない。結果として、イベントキャンセル以外で送信したときはイベント関連の入力値が保存・メールに含まれない		med	
sheet-18-R131	OUT_OF_SCOPE								現行仕様の小見出し行。要求ではない		high	
sheet-18-R132	MATCHED						src/Eccube/Controller/Front/ContactController.php:145-147;src/Eccube/Repository/CustomerRepository.php:621-636		ログイン会員のときはその会員、未ログインのときは入力メールに一致する未削除会員から本会員を優先して1件を特定し、見つからないときは紐づけない（src/Eccube/Controller/Front/ContactController.php:145-147、src/Eccube/Repository/CustomerRepository.php:621-636）		high	
sheet-18-R133	MATCHED						src/Eccube/Service/Front/Mypage/ContactCreateAction.php:50-62;src/Eccube/Service/EntityManager/ContactEntityManager.php:48-58		件名・お問い合わせ詳細区分・付加情報・氏名・電話番号・メール・店舗・内容を保存し、特定できた会員を紐づけている（src/Eccube/Service/Front/Mypage/ContactCreateAction.php:50-62、src/Eccube/Service/EntityManager/ContactEntityManager.php:48-58）		high	
sheet-18-R134	OUT_OF_SCOPE								現行仕様の小見出し行。要求ではない		high	
sheet-18-R135	OUT_OF_SCOPE								現行仕様の表ヘッダ行。要求ではない		high	
sheet-18-R136	MATCHED						src/Eccube/Service/MailService.php:339-345		入力されたメールアドレス宛に同じ本文のメールを送っている（src/Eccube/Service/MailService.php:339-345）		high	
sheet-18-R137	MATCHED						src/Eccube/Service/MailService.php:387-401		店舗の受付アドレス、次に件名ごとの受付アドレス、いずれも無ければショップ基本情報の受付アドレスの順で宛先を決めている（src/Eccube/Service/MailService.php:387-401）		high	
sheet-18-R138	OUT_OF_SCOPE								現行仕様の小見出し行。要求ではない		high	
sheet-18-R139	MATCHED						src/Eccube/Resource/template/default/Contact/index.twig:84;src/Eccube/Resource/template/default/Contact/index.twig:164;src/Eccube/Resource/template/default/Contact/index.twig:234;src/Eccube/Controller/Front/ContactController.php:179-181		検証エラー時は入力画面を再表示し、各項目の直下にエラーを表示する（src/Eccube/Resource/template/default/Contact/index.twig:84,164,234、src/Eccube/Controller/Front/ContactController.php:179-181）。画面上部にまとめて出す記述は無い	img1/img2/img4/img5/img6（お問い合わせ入力画面のレイアウト図）を確認	high	
sheet-18-R140	MATCHED						src/Eccube/Resource/template/default/Block/js/contact_js.twig:26-35		イベントキャンセルで必須欄が未入力のときは警告を出して送信を止めている（src/Eccube/Resource/template/default/Block/js/contact_js.twig:26-35）		high	
sheet-18-R141	OUT_OF_SCOPE								入出力の一覧行（入力）。個別の実装要求ではないが、画面入力値・確認/送信の区別・クエリのイベント詳細IDはいずれも src/Eccube/Controller/Front/ContactController.php:64-83,132-135 で受け取っている		high	
sheet-18-R142	MATCHED						src/Eccube/Service/Front/Mypage/ContactCreateAction.php:50-63		送信成功時にお問い合わせ内容を保存している（src/Eccube/Service/Front/Mypage/ContactCreateAction.php:50-63）		high	
sheet-18-R143	OUT_OF_SCOPE								現行仕様の小見出し行。要求ではない		high	
sheet-18-R144	MATCHED						src/Eccube/Service/EntityManager/ContactEntityManager.php:44-60;src/Eccube/Controller/Front/ContactController.php:159-168		お問い合わせ送信時に1件追加し、特定できた会員を紐づけている（src/Eccube/Service/EntityManager/ContactEntityManager.php:44-60、src/Eccube/Controller/Front/ContactController.php:159-168）		high	
sheet-18-R145	MATCHED						src/Eccube/Resource/template/default/Contact/index.twig:63;src/Eccube/Resource/locale/messages.ja.yaml:363		お問い合わせ画面の見出しに「お問い合わせ」を表示している（src/Eccube/Resource/template/default/Contact/index.twig:63、src/Eccube/Resource/locale/messages.ja.yaml:363）	img1/img2/img4/img5/img6（お問い合わせ入力画面のレイアウト図）を確認	high	
sheet-18-R146	DRIFT	P3	実装違い	IO	— 画面見出し（英語ページ） Contact Us (send Inquiry) お問い合わせ画面の表示時 入力画面に留まる	英語ページのお問い合わせ画面の見出しに Contact Us (send Inquiry) が表示される	src/Eccube/Resource/template/default/Contact/index.en.twig:62-64;src/Eccube/Resource/locale/messages.en.yaml:245	英語ページの見出しは front.contact.title を出力しており（src/Eccube/Resource/template/default/Contact/index.en.twig:62-64）、その文言は Contact Us（src/Eccube/Resource/locale/messages.en.yaml:245）。(send Inquiry) が付かない	表示メッセージ表は英語ページの画面見出しを Contact Us (send Inquiry) と定めているが、実装の見出しは Contact Us		med	messages.en.yaml-contact-title-without-send-inquiry
sheet-18-R147	NOT_IMPLEMENTED	P3	未実装	IO	— 案内 当店へのご要望は、下記フォームにご記入のうえ送信してください。 お問い合わせ画面・確認画面の表示時 入力画面・確認画面に留まる	お問い合わせ画面と確認画面に「当店へのご要望は、下記フォームにご記入のうえ送信してください。」の案内文が表示される	src/Eccube/Resource/template/default/Contact/index.twig:62-64;src/Eccube/Resource/template/default/Contact/confirm.twig:25-28;src/Eccube/Resource/locale/messages.ja.yaml:363-365	入力画面は見出しだけで案内文の出力が無く（src/Eccube/Resource/template/default/Contact/index.twig:62-64）、確認画面は別の案内文「下記の内容で送信してもよろしいでしょうか？／よろしければ「送信する」へお進みください。」を出す（src/Eccube/Resource/template/default/Contact/confirm.twig:25-28、src/Eccube/Resource/locale/messages.ja.yaml:364-365）。設計の案内文はメッセージ定義にも存在しない	表示メッセージ表は両画面に同じ案内文を出すと定めるが、その文言はテンプレートにもメッセージ定義にも無い	img1/img2/img4/img5/img6（お問い合わせ入力画面のレイアウト図）を確認。img1/img4/img5/img6のいずれもフォーム上部に当該案内文が写っている	high	index.twig-contact-lead-message-missing
sheet-18-R148	NOT_IMPLEMENTED	P3	未実装	IO	— 案内（英語ページ） To contact the shop, please fill out the form below. お問い合わせ画面・確認画面の表示時 入力画面・確認画面に留まる	英語ページのお問い合わせ画面と確認画面に To contact the shop, please fill out the form below. の案内文が表示される	src/Eccube/Resource/template/default/Contact/index.en.twig:62-64;src/Eccube/Resource/locale/messages.en.yaml:246-247	英語の入力画面も見出しだけで案内文の出力が無く（src/Eccube/Resource/template/default/Contact/index.en.twig:62-64）、確認画面は別の案内文を出す。設計の英文案内はメッセージ定義にも存在しない（src/Eccube/Resource/locale/messages.en.yaml:245-247 に該当文言なし）	表示メッセージ表は英語ページの両画面に同じ案内文を出すと定めるが、その文言はテンプレートにもメッセージ定義にも無い	img1/img2/img4/img5/img6（お問い合わせ入力画面のレイアウト図）を確認	high	index.twig-contact-lead-message-missing
sheet-18-R149	MATCHED						src/Eccube/Resource/template/default/Contact/index.twig:108;src/Eccube/Resource/locale/messages.ja.yaml:386		お問い合わせ詳細がイベントキャンセルのとき、キャンセル期限の案内文を表示する（src/Eccube/Resource/template/default/Contact/index.twig:108、src/Eccube/Resource/locale/messages.ja.yaml:386、表示制御は src/Eccube/Resource/template/default/Block/js/contact_js.twig:82-84）	img1/img2/img4/img5/img6（お問い合わせ入力画面のレイアウト図）を確認。img2のキャンセル期限行の文言を確認	high	
sheet-18-R150	MATCHED						src/Eccube/Resource/locale/messages.en.yaml:269		英語ページのキャンセル期限案内が Event Cancellation deadline is 23:59pm the day before the event date. として定義されている（src/Eccube/Resource/locale/messages.en.yaml:269）		high	
sheet-18-R151	MATCHED						src/Eccube/Resource/template/default/Block/js/contact_js.twig:26-35		イベントキャンセルで必須欄が未入力のときブラウザのアラートで警告し、送信を中止している（src/Eccube/Resource/template/default/Block/js/contact_js.twig:26-35）。備考の「アラート文言は項目ごとに組み立てる」は、同じ表のF06-22-MSG-001が固定文言を定めていることと合わず、現行ソースも固定文言1本であるため、固定文言での実装を設計どおりと判断した		med	
sheet-18-R152	MATCHED						src/Eccube/Resource/template/default/Block/js/contact_js.twig:28;src/Eccube/Resource/locale/messages.ja.yaml:401		アラートの文言は「必須項目が入力されていません。」（src/Eccube/Resource/template/default/Block/js/contact_js.twig:28、src/Eccube/Resource/locale/messages.ja.yaml:401）		high	
sheet-18-R153	MATCHED						src/Eccube/Resource/template/default/Block/js/contact_js.twig:28;src/Eccube/Resource/locale/messages.en.yaml:284		英語ページのアラート文言は Required fields are missing.（src/Eccube/Resource/template/default/Block/js/contact_js.twig:28、src/Eccube/Resource/locale/messages.en.yaml:284）		high	
sheet-18-R154	MATCHED						src/Eccube/Resource/template/default/Contact/complete.twig:22;src/Eccube/Resource/locale/messages.ja.yaml:372-374		完了画面本文に「お問い合わせが完了いたしました。／ご利用ありがとうございました。」を改行付きで表示する（src/Eccube/Resource/template/default/Contact/complete.twig:22、src/Eccube/Resource/locale/messages.ja.yaml:372-374）	img13（お問い合わせ完了画面のレイアウト図）を確認	high	
sheet-18-R155	MATCHED						src/Eccube/Resource/template/default/Contact/complete.twig:22;src/Eccube/Resource/locale/messages.en.yaml:254-257		英語ページの完了画面本文が Thank you very much for your time. 以下の3行として定義されている（src/Eccube/Resource/template/default/Contact/complete.twig:22、src/Eccube/Resource/locale/messages.en.yaml:254-257）		high	
sheet-19-R001	MATCHED						src/Eccube/Resource/template/default/Contact/history.twig:7;src/Eccube/Resource/template/default/breadcrumb_nav.twig:164-166		お問い合わせ履歴一覧テンプレートが src/Eccube/Resource/template/default/Contact/history.twig:7 でパンくずを取り込み、src/Eccube/Resource/template/default/breadcrumb_nav.twig:164-166 で ⌂ > マイページ > お問い合わせ履歴一覧 の3段を出力する。設計のパンくず追加は実装済み。	sheet-19_img1/img2 は現行画面のためパンくずが写っていない。追加要求はレイアウト図の識別ID1と本文で確認した。	high	
sheet-19-R002	MATCHED						src/Eccube/Resource/template/default/Contact/history.twig:9-16		一覧テンプレートの見出しブロック src/Eccube/Resource/template/default/Contact/history.twig:9-16 に会員氏名の出力が無く、画面上部のユーザ名表示は存在しない。	sheet-19_img1 の「テスト ユーザー 様」は現行画面の表示。項目表で※項目を除去とされており、実装では出力されない。	high	
sheet-19-R003	MATCHED						src/Eccube/Controller/Front/ContactController.php:201-214;src/Eccube/Resource/template/default/Contact/history.twig:1-63		src/Eccube/Controller/Front/ContactController.php:204-214 の history アクションがログイン会員のお問い合わせを取得し、src/Eccube/Resource/template/default/Contact/history.twig を描画してお問い合わせ履歴画面を表示する。		high	
sheet-19-R004	MATCHED						src/Eccube/Controller/Front/ContactController.php:209		src/Eccube/Controller/Front/ContactController.php:209 で会員に紐づくお問い合わせをID降順（お問い合わせ番号の降順）で取得し、src/Eccube/Resource/template/default/Contact/history.twig:28 の繰り返しでその順に並べて表示する。	sheet-19_img1 も 48266→48265→48264 の降順で並んでおり一致。	high	
sheet-19-R005	MATCHED						src/Eccube/Resource/template/default/Contact/history.twig:7;src/Eccube/Resource/template/default/breadcrumb_nav.twig:164-166		★項目のパンくず追加は src/Eccube/Resource/template/default/Contact/history.twig:7 のパンくず取り込みと src/Eccube/Resource/template/default/breadcrumb_nav.twig:164-166 の3段出力で実装済み。		high	
sheet-19-R006	MATCHED						src/Eccube/Resource/template/default/Contact/history.twig:9-16		★項目のユーザ名削除は src/Eccube/Resource/template/default/Contact/history.twig:9-16 に氏名出力が無いことで実装済み。	sheet-19_img1/img2 のユーザ名行は現行画面のもの。	high	
sheet-19-R007	OUT_OF_SCOPE								項目表のヘッダ継続行（「または最大値／初期値／画面部品の説明」）であり、実装対象の要求文ではない。		high	
sheet-19-R008	MATCHED						src/Eccube/Resource/template/default/Contact/history.twig:7;src/Eccube/Resource/template/default/breadcrumb_nav.twig:58-61;src/Eccube/Resource/template/default/breadcrumb_nav.twig:164-166		識別ID1のパンくずリストは src/Eccube/Resource/template/default/Contact/history.twig:7 で取り込まれ、src/Eccube/Resource/template/default/breadcrumb_nav.twig:58-61 のnav以下に ⌂ / マイページ / お問い合わせ履歴一覧 がリンクとして出力される（src/Eccube/Resource/template/default/breadcrumb_nav.twig:164-166）。		high	
sheet-19-R009	MATCHED						src/Eccube/Resource/template/default/breadcrumb_nav.twig:25-32;src/Eccube/Resource/template/default/breadcrumb_nav.twig:165		現在表示中の「お問い合わせ履歴一覧」は src/Eccube/Resource/template/default/breadcrumb_nav.twig:165 で current_li として出力され、src/Eccube/Resource/template/default/breadcrumb_nav.twig:25-32 の通りリンクではなく見出し要素（aria-current=page）で描かれるため押下できない。		high	
sheet-19-R010	MATCHED						src/Eccube/Resource/template/default/breadcrumb_nav.twig:52;src/Eccube/Resource/template/default/breadcrumb_nav.twig:6-13;src/Eccube/Resource/template/default/breadcrumb_nav.twig:60		ホームアイコンは src/Eccube/Resource/template/default/breadcrumb_nav.twig:6-13 の home_li で描かれ、リンク先は src/Eccube/Resource/template/default/breadcrumb_nav.twig:52 で本店ECTOP（homepage）になる。src/Eccube/Resource/template/default/breadcrumb_nav.twig:60 で一覧のパンくず先頭に配置される。		high	
sheet-19-R011	MATCHED						src/Eccube/Resource/template/default/Contact/history.twig:9-16		識別ID2の名前ラベルは src/Eccube/Resource/template/default/Contact/history.twig:9-16 に出力が無く、項目表の※項目を除去のとおり実装されている。	sheet-19_img1 の氏名行は現行画面。	high	
sheet-19-R012	MATCHED						src/Eccube/Resource/template/default/Contact/history.twig:19-25;src/Eccube/Resource/locale/messages.ja.yaml:413		識別ID3の問い合わせ件数は src/Eccube/Resource/template/default/Contact/history.twig:19-25 で取得件数を出力し、src/Eccube/Resource/locale/messages.ja.yaml:413 の「%count%件」で「3件」の形になる。	sheet-19_img1/img2 の「3 件」に対応。	high	
sheet-19-R013	MATCHED						src/Eccube/Resource/template/default/Contact/history.twig:26-54		識別ID4のお問い合わせ一覧は src/Eccube/Resource/template/default/Contact/history.twig:26-54 で会員のお問い合わせを1件ずつリンクとして並べて表示する。		high	
sheet-19-R014	MATCHED						src/Eccube/Resource/template/default/Contact/history.twig:31-48		各件は src/Eccube/Resource/template/default/Contact/history.twig:31-37 に問い合わせ日時、src/Eccube/Resource/template/default/Contact/history.twig:38-45 にお問い合わせ種別、src/Eccube/Resource/template/default/Contact/history.twig:46-48 にお問い合わせ番号を表示しており、一覧表示内容は設計の3項目と一致する。	sheet-19_img1 の「2025年09月26日 13:10 通販に関するお問い合わせ （お問い合わせ番号：48266）」と同じ3項目。日時書式の差は sheet-19-R023 で指摘。	high	
sheet-19-R015	MATCHED						src/Eccube/Resource/template/default/Contact/history.twig:30-50		src/Eccube/Resource/template/default/Contact/history.twig:30 で1件全体（種別・お問い合わせ番号を含む）が詳細画面へのリンクになっており、クリック／タッチで当該お問い合わせのお問い合わせ履歴詳細ページへ遷移する。		high	
sheet-19-R016	MATCHED						src/Eccube/Resource/template/default/Contact/history.twig:57-61;src/Eccube/Resource/locale/messages.ja.yaml:768		識別ID5のボタンは src/Eccube/Resource/template/default/Contact/history.twig:57-61 でマイページへのリンクとして出力され、文言は src/Eccube/Resource/locale/messages.ja.yaml:768「マイページへ戻る」。設計の「マイページへ戻るに変更」と一致する。	sheet-19_img1 は現行の「マイページ」表記。設計の変更後文言が実装に入っている。	high	
sheet-19-R017	OUT_OF_SCOPE								現行仕様セクションの見出し行（機能名の表示）であり、実装対象の要求文ではない。		high	
sheet-19-R018	OUT_OF_SCOPE								現行仕様の小見出し「対象の絞り込み」であり、仕様本文は同ブロックの sheet-19-R019 にある。		high	
sheet-19-R019	MATCHED						src/Eccube/Controller/Front/ContactController.php:224-237		src/Eccube/Controller/Front/ContactController.php:229 で指定されたお問い合わせ番号とログイン会員の両方に一致する1件だけを取得し、該当が無ければ src/Eccube/Controller/Front/ContactController.php:232 で内容を描画せずに終える。他会員の番号を指定しても内容は表示されない。		med	
sheet-19-R020	OUT_OF_SCOPE								現行仕様の小見出し「件数と本文の表示」であり、仕様本文は同ブロックの sheet-19-R021 にある。		high	
sheet-19-R021	DRIFT	P3	実装違い	IO	お問い合わせが1件も無いときも、件数欄には「0件」を表示する。	お問い合わせ履歴が1件も無いときも、一覧画面の件数欄に「0件」が表示される。	src/Eccube/Resource/template/default/Contact/history.twig:17-25;src/Eccube/Resource/template/default/Contact/history.en.twig:17-25	src/Eccube/Resource/template/default/Contact/history.twig:17 で履歴が空のときは件数欄を含むブロックごと描画しないため、0件のときは件数欄が画面に出ず「お問い合わせ履歴はありません。」だけが表示される。	件数欄は src/Eccube/Resource/template/default/Contact/history.twig:19-25 にあるが、src/Eccube/Resource/template/default/Contact/history.twig:17 の分岐で履歴が空のときは出力されない。同ブロックの改行反映（src/Eccube/Resource/template/default/Contact/history_detail.twig:41 の nl2br）は実装済みで、差分は0件時の件数欄のみ。リニューアル後の仕様の空メッセージは画面上部の別位置であり、件数欄の表示要求と両立する。	sheet-19_img1/img2 は3件のケースで、0件時のレイアウトは図に無い。	med	history.twig-count-hidden-when-empty
sheet-19-R022	OUT_OF_SCOPE								現行仕様の小見出し「日時とお問い合わせ種別の表示」であり、仕様本文は同ブロックの sheet-19-R023 にある。		high	
sheet-19-R023	DRIFT	P3	実装違い	IO	送信日時の書式は、日本語表示時は一覧が Y年m月d日 H:i、詳細が Y/m/d H:i、英語表示時は一覧・詳細とも m/d/Y H:i とする。	日本語表示のお問い合わせ履歴一覧では、送信日時が「2025年09月26日 13:10」のように年月日を漢字で区切った書式で表示される。	src/Eccube/Resource/template/default/Contact/history.twig:32-36	src/Eccube/Resource/template/default/Contact/history.twig:33 で日本語表示時の一覧の日時を「2025/09/26 13:10」の形式で出力しており、年月日を漢字で区切る書式になっていない。詳細（src/Eccube/Resource/template/default/Contact/history_detail.twig:18）と英語表示（src/Eccube/Resource/template/default/Contact/history.twig:35）は設計どおり。	設計は一覧と詳細で日本語表示時の書式を書き分けているが、実装は一覧も詳細と同じスラッシュ区切りにしている。リニューアル後の仕様には日時書式の記述が無く、現行仕様の書式が踏襲対象。	sheet-19_img1/img2 のレイアウト図でも一覧は「2025年09月26日 13:10」と表示されており、設計側の書式を裏付ける。	high	history.twig-list-date-format
sheet-19-R024	MATCHED						src/Eccube/Controller/Front/ContactController.php:202;src/Eccube/Controller/Front/ContactController.php:222		一覧は src/Eccube/Controller/Front/ContactController.php:202 のとおり入力を取らず、詳細は src/Eccube/Controller/Front/ContactController.php:222 でお問い合わせ番号（id）を受け取って表示対象を決める。		high	
sheet-19-R025	MATCHED						src/Eccube/Controller/Front/ContactController.php:203;src/Eccube/Controller/Front/ContactController.php:223		成功時は src/Eccube/Controller/Front/ContactController.php:203 の一覧テンプレートと src/Eccube/Controller/Front/ContactController.php:223 の詳細テンプレートがHTMLとして描画される。		high	
sheet-19-R026	MATCHED						src/Eccube/Controller/Front/ContactController.php:229-233		src/Eccube/Controller/Front/ContactController.php:231-232 で該当が無いときは詳細内容を描画せず、画面にエラーメッセージやフラッシュを出す処理は無い。		med	
sheet-19-R027	MATCHED						src/Eccube/Resource/template/default/Contact/history.twig:11-15;src/Eccube/Resource/locale/messages.ja.yaml:412		履歴が空のとき src/Eccube/Resource/template/default/Contact/history.twig:11-15 で画面上部の見出しブロックに src/Eccube/Resource/locale/messages.ja.yaml:412「お問い合わせ履歴はありません。」を表示し、画面遷移は起きない。		high	
sheet-19-R028	MATCHED						src/Eccube/Resource/template/default/Contact/history.en.twig:11-15;src/Eccube/Resource/locale/messages.en.yaml:295		英語表示時は src/Eccube/Resource/template/default/Contact/history.en.twig:11-15 が src/Eccube/Resource/locale/messages.en.yaml:295「You have no inquiry history.」を画面上部に表示する。		high	
sheet-19-R029	MATCHED						src/Eccube/Resource/template/default/Contact/history.twig:10;src/Eccube/Resource/locale/messages.ja.yaml:407		一覧見出しは src/Eccube/Resource/template/default/Contact/history.twig:10 で src/Eccube/Resource/locale/messages.ja.yaml:407「お問い合わせ履歴一覧」を出力し、その下に件数（src/Eccube/Resource/template/default/Contact/history.twig:19-25）と各件（src/Eccube/Resource/template/default/Contact/history.twig:26-54）が続く。	sheet-19_img1/img2 の見出しと一致。	high	
sheet-19-R030	MATCHED						src/Eccube/Resource/template/default/Contact/history.en.twig:10;src/Eccube/Resource/locale/messages.en.yaml:290		英語表示時の一覧見出しは src/Eccube/Resource/template/default/Contact/history.en.twig:10 が src/Eccube/Resource/locale/messages.en.yaml:290「Contact Us History」を出力する。		high	
sheet-19-R031	MATCHED						src/Eccube/Resource/template/default/Contact/history.twig:22;src/Eccube/Resource/locale/messages.ja.yaml:413		総件数欄は src/Eccube/Resource/template/default/Contact/history.twig:22 で src/Eccube/Resource/locale/messages.ja.yaml:413「%count%件」を出力し、件数Nを伴って「3件」の形で表示される。0件時に欄ごと出ない点は sheet-19-R021 で指摘。	sheet-19_img1/img2 の「3 件」と一致。	high	
sheet-19-R032	MATCHED						src/Eccube/Resource/template/default/Contact/history.en.twig:22;src/Eccube/Resource/locale/messages.en.yaml:296		英語表示時の総件数欄は src/Eccube/Resource/template/default/Contact/history.en.twig:22 が src/Eccube/Resource/locale/messages.en.yaml:296「%count% items」を出力する。設計の「N Items」と語頭の大小文字だけが異なるが、表示位置・内容は一致する。		med	
sheet-19-R033	MATCHED						src/Eccube/Resource/template/default/Contact/history.twig:47;src/Eccube/Resource/template/default/Contact/history_detail.twig:32;src/Eccube/Resource/locale/messages.ja.yaml:414		一覧の各件は src/Eccube/Resource/template/default/Contact/history.twig:47、詳細は src/Eccube/Resource/template/default/Contact/history_detail.twig:32 で src/Eccube/Resource/locale/messages.ja.yaml:414「（お問い合わせ番号：%id%）」を表示する。	sheet-19_img1 の「（お問い合わせ番号：48266）」と同じ全角括弧・全角コロンで一致。	high	
sheet-19-R034	MATCHED						src/Eccube/Resource/template/default/Contact/history.en.twig:39;src/Eccube/Resource/template/default/Contact/history_detail.en.twig:24;src/Eccube/Resource/locale/messages.en.yaml:297		英語表示時は src/Eccube/Resource/template/default/Contact/history.en.twig:39 と src/Eccube/Resource/template/default/Contact/history_detail.en.twig:24 が src/Eccube/Resource/locale/messages.en.yaml:297「(Inquiry number: %id%)」を表示する。		med	
sheet-19-R035	MATCHED						src/Eccube/Resource/template/default/Contact/history_detail.twig:10;src/Eccube/Resource/locale/messages.ja.yaml:411		詳細見出しは src/Eccube/Resource/template/default/Contact/history_detail.twig:10 が src/Eccube/Resource/locale/messages.ja.yaml:411「お問い合わせ履歴詳細」を出力し、その下に当該お問い合わせの内容（src/Eccube/Resource/template/default/Contact/history_detail.twig:12-45）が続く。	sheet-20_img1 の見出しと一致。	high	
sheet-19-R036	MATCHED						src/Eccube/Resource/template/default/Contact/history_detail.en.twig:10;src/Eccube/Resource/locale/messages.en.yaml:294		英語表示時の詳細見出しは src/Eccube/Resource/template/default/Contact/history_detail.en.twig:10 が src/Eccube/Resource/locale/messages.en.yaml:294「Contact Us History Details」を出力する。		high	
sheet-19-R037	MATCHED						src/Eccube/Controller/Front/ContactController.php:196-238;src/Eccube/Resource/template/default/Contact/history.twig:1-63;src/Eccube/Resource/template/default/Contact/history_detail.twig:1-53		一覧・詳細のアクション（src/Eccube/Controller/Front/ContactController.php:204-238）にフラッシュメッセージやエラー生成は無く、テンプレート（src/Eccube/Resource/template/default/Contact/history.twig、src/Eccube/Resource/template/default/Contact/history_detail.twig）にもエラー・警告の表示要素は無い。閲覧専用として実装されている。		high	
sheet-20-R001	MATCHED						src/Eccube/Resource/template/default/Contact/history_detail.twig:7;src/Eccube/Resource/template/default/breadcrumb_nav.twig:167-170		詳細テンプレートが src/Eccube/Resource/template/default/Contact/history_detail.twig:7 でパンくずを取り込み、src/Eccube/Resource/template/default/breadcrumb_nav.twig:167-170 で ⌂ > マイページ > お問い合わせ履歴一覧 > お問い合わせ番号：〈ID〉 の4段を出力する。	sheet-20_img1 は現行画面のためパンくずが写っていない。設計本文とレイアウト図の識別ID1で追加要求を確認した。	high	
sheet-20-R002	MATCHED						src/Eccube/Resource/template/default/Contact/history_detail.twig:9-11		詳細テンプレートの見出しブロック src/Eccube/Resource/template/default/Contact/history_detail.twig:9-11 に会員氏名の出力は無く、画面上部のユーザ名表示は存在しない。	sheet-20_img1 上部の「テスト ユーザー 様」は現行画面の表示。実装では出力されない（本文中央の氏名は識別ID4のお問い合わせ時氏名で別項目）。	high	
sheet-20-R003	MATCHED						src/Eccube/Controller/Front/ContactController.php:221-238;src/Eccube/Resource/template/default/Contact/history_detail.twig:12-45		src/Eccube/Controller/Front/ContactController.php:222 で受け取ったお問い合わせ番号の1件を src/Eccube/Controller/Front/ContactController.php:229 で取得し、src/Eccube/Resource/template/default/Contact/history_detail.twig:12-45 でその内容を表示する。		high	
sheet-20-R004	MATCHED						src/Eccube/Resource/template/default/Contact/history_detail.twig:7;src/Eccube/Resource/template/default/breadcrumb_nav.twig:167-170		★項目のパンくず追加は src/Eccube/Resource/template/default/Contact/history_detail.twig:7 の取り込みと src/Eccube/Resource/template/default/breadcrumb_nav.twig:167-170 の4段出力で実装済み。		high	
sheet-20-R005	MATCHED						src/Eccube/Resource/template/default/Contact/history_detail.twig:9-11		★項目のユーザ名削除は src/Eccube/Resource/template/default/Contact/history_detail.twig:9-11 に氏名出力が無いことで実装済み。	sheet-20_img1 上部の氏名行は現行画面のもの。	high	
sheet-20-R006	OUT_OF_SCOPE								項目表のヘッダ継続行（「または最大値／初期値／画面部品の説明」）であり、実装対象の要求文ではない。		high	
sheet-20-R007	MATCHED						src/Eccube/Resource/template/default/Contact/history_detail.twig:7;src/Eccube/Resource/template/default/breadcrumb_nav.twig:58-61;src/Eccube/Resource/template/default/breadcrumb_nav.twig:167-170		識別ID1のパンくずリストは src/Eccube/Resource/template/default/Contact/history_detail.twig:7 で取り込まれ、src/Eccube/Resource/template/default/breadcrumb_nav.twig:167-169 のリンクと src/Eccube/Resource/template/default/breadcrumb_nav.twig:170 の現在ページで構成される。		high	
sheet-20-R008	MATCHED						src/Eccube/Resource/template/default/breadcrumb_nav.twig:25-32;src/Eccube/Resource/template/default/breadcrumb_nav.twig:170		現在表示中の「お問い合わせ番号：〈ID〉」は src/Eccube/Resource/template/default/breadcrumb_nav.twig:170 で current_li として出力され、src/Eccube/Resource/template/default/breadcrumb_nav.twig:25-32 の通りリンクではなく見出し要素（aria-current=page）で描かれるため押下できない。		high	
sheet-20-R009	MATCHED						src/Eccube/Resource/template/default/breadcrumb_nav.twig:52;src/Eccube/Resource/template/default/breadcrumb_nav.twig:6-13;src/Eccube/Resource/template/default/breadcrumb_nav.twig:60		ホームアイコンは src/Eccube/Resource/template/default/breadcrumb_nav.twig:6-13 の home_li で描かれ、リンク先は src/Eccube/Resource/template/default/breadcrumb_nav.twig:52 で本店ECTOP（homepage）になる。		high	
sheet-20-R010	MATCHED						src/Eccube/Resource/template/default/Contact/history_detail.twig:9-11		識別ID2の名前ラベルは src/Eccube/Resource/template/default/Contact/history_detail.twig:9-11 に出力が無く、項目表の※項目を除去のとおり実装されている。	sheet-20_img1 上部の氏名行は現行画面。	high	
sheet-20-R011	MATCHED						src/Eccube/Resource/template/default/Contact/history_detail.twig:15-35		識別ID3のお問い合わせ情報は src/Eccube/Resource/template/default/Contact/history_detail.twig:16-22 にお問い合わせ日時、src/Eccube/Resource/template/default/Contact/history_detail.twig:23-30 にお問い合わせ種別、src/Eccube/Resource/template/default/Contact/history_detail.twig:31-33 にお問い合わせ番号を表示する。	sheet-20_img1 の「2025/09/26 13:10 通販に関するお問い合わせ （お問い合わせ番号：48266）」と同じ3項目。	high	
sheet-20-R012	MATCHED						src/Eccube/Resource/template/default/Contact/history_detail.twig:37-39		識別ID4のお問い合わせ時氏名は src/Eccube/Resource/template/default/Contact/history_detail.twig:38 でお問い合わせ登録時の姓名に敬称を付けて表示する。	sheet-20_img1 の本文左上「テスト ユーザー 様」に対応。	high	
sheet-20-R013	MATCHED						src/Eccube/Resource/template/default/Contact/history_detail.twig:40-42		識別ID5のお問い合わせ内容は src/Eccube/Resource/template/default/Contact/history_detail.twig:41 で問い合わせ本文を表示する。	sheet-20_img1 の「テスト問合せ」に対応。	high	
sheet-20-R014	MATCHED						src/Eccube/Resource/template/default/Contact/history_detail.twig:47-51		識別ID6の戻るボタンは src/Eccube/Resource/template/default/Contact/history_detail.twig:48 でお問い合わせ履歴一覧へのリンクとして出力され、文言は共通の「戻る」（src/Eccube/Resource/template/default/Contact/history_detail.twig:49）。	sheet-20_img1 の「戻る」ボタンと一致。	high	
sheet-20-R015	OUT_OF_SCOPE								現行仕様セクションの見出し行（機能名の表示）であり、実装対象の要求文ではない。		high	
sheet-20-R016	OUT_OF_SCOPE								現行仕様の小見出し「表示対象の絞り込み」であり、仕様本文は同ブロックの sheet-20-R017 にある。		high	
sheet-20-R017	MATCHED						src/Eccube/Controller/Front/ContactController.php:224-237		src/Eccube/Controller/Front/ContactController.php:229 で指定されたお問い合わせ番号とログイン会員の両方に一致する1件だけを取得し、それ以外は内容を描画しない。		high	
sheet-20-R018	MATCHED						src/Eccube/Controller/Front/ContactController.php:229-233		src/Eccube/Controller/Front/ContactController.php:229 の絞り込みで該当が無いとき（存在しない番号・他会員の番号）は src/Eccube/Controller/Front/ContactController.php:232 で内容を描画せずに終える。画面にエラーメッセージやフラッシュを出す処理は無い。		med	
sheet-20-R019	MATCHED						src/Eccube/Controller/Front/ContactController.php:221-222;src/Eccube/Controller/Front/ContactController.php:226-229		src/Eccube/Controller/Front/ContactController.php:221 で会員としてのログインを必須にしており、ログイン会員として特定できないときは詳細画面自体が描画されずログイン画面へ誘導される。内容は表示されない。		high	
sheet-20-R020	OUT_OF_SCOPE								現行仕様の小見出し「表示する値の扱い」であり、仕様本文は同ブロックの sheet-20-R022〜R024 にある。		high	
sheet-20-R021	OUT_OF_SCOPE								表のヘッダ行「観点／内容」であり、実装対象の要求文ではない。		high	
sheet-20-R022	MATCHED						src/Eccube/Resource/template/default/Contact/history_detail.twig:16-21;src/Eccube/Resource/template/default/Contact/history_detail.en.twig:16-18		日本語ページは src/Eccube/Resource/template/default/Contact/history_detail.twig:18 で「2025/09/26 13:10」の形式、英語ページは src/Eccube/Resource/template/default/Contact/history_detail.twig:20 と src/Eccube/Resource/template/default/Contact/history_detail.en.twig:17 で「09/26/2025 13:10」の形式で表示する。設計の書式と一致。	sheet-20_img1 の「2025/09/26 13:10」と一致。	high	
sheet-20-R023	MATCHED						src/Eccube/Resource/template/default/Contact/history_detail.twig:24-30;src/Eccube/Resource/template/default/Contact/history_detail.en.twig:20-22		日本語ページは src/Eccube/Resource/template/default/Contact/history_detail.twig:26 で種別の日本語名称、英語ページは src/Eccube/Resource/template/default/Contact/history_detail.twig:28 および src/Eccube/Resource/template/default/Contact/history_detail.en.twig:21 で種別の英語名称を表示する。		high	
sheet-20-R024	MATCHED						src/Eccube/Resource/template/default/Contact/history_detail.twig:41;src/Eccube/Resource/template/default/Contact/history_detail.en.twig:33		src/Eccube/Resource/template/default/Contact/history_detail.twig:41 と src/Eccube/Resource/template/default/Contact/history_detail.en.twig:33 で本文を改行反映（nl2br）して表示するため、入力時の改行が画面に反映される。		high	
sheet-20-R025	MATCHED						src/Eccube/Controller/Front/ContactController.php:222		src/Eccube/Controller/Front/ContactController.php:222 で表示するお問い合わせ番号をURLのパス値として受け取る。		high	
sheet-20-R026	MATCHED						src/Eccube/Controller/Front/ContactController.php:223;src/Eccube/Controller/Front/ContactController.php:235-237		成功時は src/Eccube/Controller/Front/ContactController.php:235-237 で取得した1件を src/Eccube/Controller/Front/ContactController.php:223 の詳細テンプレートへ渡し、該当するお問い合わせの内容がHTMLとして描画される。		high	
sheet-20-R027	MATCHED						src/Eccube/Controller/Front/ContactController.php:231-233		src/Eccube/Controller/Front/ContactController.php:231-232 で該当が無いときは詳細内容を描画しない。		med	
sheet-20-R028	MATCHED						src/Eccube/Resource/template/default/Contact/history.twig:10;src/Eccube/Resource/locale/messages.ja.yaml:407		一覧見出しは src/Eccube/Resource/template/default/Contact/history.twig:10 で src/Eccube/Resource/locale/messages.ja.yaml:407「お問い合わせ履歴一覧」を出力し、一覧画面に留まる。		high	
sheet-20-R029	MATCHED						src/Eccube/Resource/template/default/Contact/history.en.twig:10;src/Eccube/Resource/locale/messages.en.yaml:290		英語ページの一覧見出しは src/Eccube/Resource/template/default/Contact/history.en.twig:10 が src/Eccube/Resource/locale/messages.en.yaml:290「Contact Us History」を出力する。		high	
sheet-20-R030	MATCHED						src/Eccube/Resource/template/default/Contact/history.twig:22;src/Eccube/Resource/locale/messages.ja.yaml:413		一覧の総件数は src/Eccube/Resource/template/default/Contact/history.twig:22 が src/Eccube/Resource/locale/messages.ja.yaml:413「%count%件」を出力し、件数Nを伴って表示される。		high	
sheet-20-R031	MATCHED						src/Eccube/Resource/template/default/Contact/history.en.twig:22;src/Eccube/Resource/locale/messages.en.yaml:296		英語ページの総件数は src/Eccube/Resource/template/default/Contact/history.en.twig:22 が src/Eccube/Resource/locale/messages.en.yaml:296「%count% items」を出力する。設計の「N Items」と語頭の大小文字だけが異なるが、表示位置・内容は一致する。		med	
sheet-20-R032	MATCHED						src/Eccube/Resource/template/default/Contact/history.twig:47;src/Eccube/Resource/template/default/Contact/history_detail.twig:32;src/Eccube/Resource/locale/messages.ja.yaml:414		一覧の各件は src/Eccube/Resource/template/default/Contact/history.twig:47、詳細は src/Eccube/Resource/template/default/Contact/history_detail.twig:32 で src/Eccube/Resource/locale/messages.ja.yaml:414「（お問い合わせ番号：%id%）」を表示する。	sheet-20_img1 の「（お問い合わせ番号：48266）」と一致。	high	
sheet-20-R033	MATCHED						src/Eccube/Resource/template/default/Contact/history.en.twig:39;src/Eccube/Resource/template/default/Contact/history_detail.en.twig:24;src/Eccube/Resource/locale/messages.en.yaml:297		英語ページは src/Eccube/Resource/template/default/Contact/history.en.twig:39 と src/Eccube/Resource/template/default/Contact/history_detail.en.twig:24 が src/Eccube/Resource/locale/messages.en.yaml:297「(Inquiry number: %id%)」を表示する。		med	
sheet-20-R034	MATCHED						src/Eccube/Resource/template/default/Contact/history_detail.twig:10;src/Eccube/Resource/locale/messages.ja.yaml:411		詳細見出しは src/Eccube/Resource/template/default/Contact/history_detail.twig:10 が src/Eccube/Resource/locale/messages.ja.yaml:411「お問い合わせ履歴詳細」を出力する。	sheet-20_img1 の見出しと一致。	high	
sheet-20-R035	MATCHED						src/Eccube/Resource/template/default/Contact/history_detail.en.twig:10;src/Eccube/Resource/locale/messages.en.yaml:294		英語ページの詳細見出しは src/Eccube/Resource/template/default/Contact/history_detail.en.twig:10 が src/Eccube/Resource/locale/messages.en.yaml:294「Contact Us History Details」を出力する。		high	
sheet-20-R036	MATCHED						src/Eccube/Controller/Front/ContactController.php:216-238;src/Eccube/Resource/template/default/Contact/history_detail.twig:1-53;src/Eccube/Resource/template/default/Contact/history_detail.en.twig:1-45		詳細アクション（src/Eccube/Controller/Front/ContactController.php:224-238）にフラッシュメッセージやエラー生成は無く、テンプレート（src/Eccube/Resource/template/default/Contact/history_detail.twig、src/Eccube/Resource/template/default/Contact/history_detail.en.twig）にもエラー・警告の表示要素は無い。閲覧専用として実装されている。		high	
sheet-21-R001	OUT_OF_SCOPE								「現行機能をベースに以下カスタマイズを行う」は後続R002〜R004を導く前置き行。		high	
sheet-21-R002	MATCHED						src/Eccube/Controller/Front/WaitingNumberController.php:63-79		src/Eccube/Controller/Front/WaitingNumberController.php:63-79 は base_info_id を受けて、その店舗に紐づく注文番号札だけを取り出す。店舗ごとに異なる番号札を表示できる。	sheet-21_img1〜3（レイアウト図の重ね合わせ）で、番号札のテーブルと最下段のWiFiパスワード帯を確認。	high	
sheet-21-R003	MATCHED						src/Eccube/Resource/template/default/Waiting/waiting_number.twig:48-58;src/Eccube/EventListener/TwigInitializeListener.php:69		src/Eccube/EventListener/TwigInitializeListener.php:69 が店舗が本店かどうかを画面に渡し、src/Eccube/Resource/template/default/Waiting/waiting_number.twig:48-58 が本店のときだけWiFiパスワードの帯を出力する。	sheet-21_img1〜3（レイアウト図の重ね合わせ）で、番号札のテーブルと最下段のWiFiパスワード帯を確認。	high	
sheet-21-R004	MATCHED						src/Eccube/Resource/template/default/Waiting/waiting_number.twig:21;src/Eccube/Resource/template/default/Waiting/waiting_number.twig:48-58		src/Eccube/Resource/template/default/Waiting/waiting_number.twig:48 の条件により支店ではWiFiパスワードの帯そのものが出力されず、src/Eccube/Resource/template/default/Waiting/waiting_number.twig:21 で番号札のテーブルが帯なしの配置に切り替わる。	sheet-21_img4〜9（現行の支店画面。赤枠内がWiFiパスワード帯）で、支店から除去する対象がWiFiパスワード帯であることを確認。	high	
sheet-21-R005	OUT_OF_SCOPE								「カスタマイズ要件に記載の内容以外は現行踏襲とする」は方針記述。		high	
sheet-21-R006	OUT_OF_SCOPE								「★(1)注文番号札について」は小見出し行。		high	
sheet-21-R007	OUT_OF_SCOPE								管理画面（受注管理＞店頭注文番号札管理）側の設定機能で、別紙0306ではなく別紙0203の担当範囲。本シートの実装対象ではない。		high	
sheet-21-R008	OUT_OF_SCOPE								別紙参照を示す注記行。		high	
sheet-21-R009	MATCHED						src/Eccube/Resource/template/default/Block/js/waiting_get_js.twig:183-191		src/Eccube/Resource/template/default/Block/js/waiting_get_js.twig:189 が10秒間隔で番号札の再取得を繰り返し、src/Eccube/Resource/template/default/Block/js/waiting_get_js.twig:96 で店舗に応じた取得先を呼ぶ。		high	
sheet-21-R010	MATCHED						src/Eccube/Resource/template/default/Block/js/waiting_get_js.twig:99-102;src/Eccube/Resource/template/default/Waiting/waiting_number.twig:18-20		src/Eccube/Resource/template/default/Block/js/waiting_get_js.twig:100-102 が新着ありと判定したときだけ src/Eccube/Resource/template/default/Waiting/waiting_number.twig:18-20 の音を鳴らす。		high	
sheet-21-R011	MATCHED						src/Eccube/Resource/template/default/Block/js/waiting_get_js.twig:158-176		src/Eccube/Resource/template/default/Block/js/waiting_get_js.twig:168-176 が件数に応じて2×2／3×3／4×4／5×5の表配置へ切り替える。	sheet-21_img1〜3（レイアウト図の重ね合わせ）で、番号札のテーブルと最下段のWiFiパスワード帯を確認。	high	
sheet-21-R012	OUT_OF_SCOPE								「(2)WiFiパスワードについて」は小見出し行。		high	
sheet-21-R013	MATCHED						src/Eccube/Resource/template/default/Waiting/waiting_number.twig:55;html/template/default/assets/js/waiting_monitor.js:3-25		src/Eccube/Resource/template/default/Waiting/waiting_number.twig:55 のWiFiパスワード表示欄に、html/template/default/assets/js/waiting_monitor.js の passUpdate がその週の月曜日の月日2桁ずつを差し込む。	sheet-21_img1〜3（レイアウト図の重ね合わせ）で、番号札のテーブルと最下段のWiFiパスワード帯を確認。	high	
sheet-21-R014	MATCHED						src/Eccube/Resource/template/default/Waiting/waiting_number.twig:55;html/template/default/assets/js/waiting_monitor.js:7-11		html/template/default/assets/js/waiting_monitor.js:7-11 は曜日が日曜(0)のとき7として扱い、そこから月曜日まで戻すため、日曜日は週の終わりとして同じ週の月曜日になる。src/Eccube/Resource/template/default/Waiting/waiting_number.twig:55 がその値を表示する。		high	
sheet-21-R015	MATCHED						src/Eccube/Resource/template/default/Waiting/waiting_number.twig:55;html/template/default/assets/js/waiting_monitor.js:11-24		html/template/default/assets/js/waiting_monitor.js:11-24 の計算で木曜日はその週の月曜日（例では10/6）となり、hareruya1006 が src/Eccube/Resource/template/default/Waiting/waiting_number.twig:55 に表示される。		high	
sheet-21-R016	MATCHED						src/Eccube/Resource/template/default/Waiting/waiting_number.twig:55;html/template/default/assets/js/waiting_monitor.js:7-24		html/template/default/assets/js/waiting_monitor.js:7-11 で日曜を7として扱うため、10/12(日)はその週の月曜日10/6となり、hareruya1006 が src/Eccube/Resource/template/default/Waiting/waiting_number.twig:55 に表示される。		high	
sheet-21-R017	MATCHED						src/Eccube/Resource/template/default/Waiting/waiting_number.twig:48-58		src/Eccube/Resource/template/default/Waiting/waiting_number.twig:48 の条件により、WiFiパスワードの帯は本店のときだけ表示される。	sheet-21_img4〜9（現行の支店画面。赤枠内がWiFiパスワード帯）で、支店から除去する対象がWiFiパスワード帯であることを確認。	high	
sheet-21-R018	OUT_OF_SCOPE								「★URLについて」は小見出し行。		high	
sheet-21-R019	MATCHED						src/Eccube/Controller/Front/WaitingNumberController.php:43-51;app/config/eccube/routes.yaml:42-48		src/Eccube/Controller/Front/WaitingNumberController.php:44 が waiting_number_1 の経路を持ち、app/config/eccube/routes.yaml:42-48 の接頭辞により本店では /ja/waiting_number_1 になる。src/Eccube/Controller/Front/WaitingNumberController.php:48-51 は本店で /waiting_number にアクセスされた場合も waiting_number_1 へ移す。		high	
sheet-21-R020	MATCHED						src/Eccube/Controller/Front/WaitingNumberController.php:44;app/config/eccube/routes.yaml:46-48		src/Eccube/Controller/Front/WaitingNumberController.php:44 と app/config/eccube/routes.yaml:46-48 により本店のURLは /ja/waiting_number_1 になる。		high	
sheet-21-R021	MATCHED						src/Eccube/Controller/Front/WaitingNumberController.php:43-54		src/Eccube/Controller/Front/WaitingNumberController.php:43-54 に waiting_number_2 の経路は無く、実装全体を検索しても存在しない。2つ目のモニター用URLは除去されている。		high	
sheet-21-R022	OUT_OF_SCOPE								除去対象URLの文字列そのものを示す行。除去されている事実はR021で判定した。		high	
sheet-21-R023	MATCHED						src/Eccube/Controller/Front/WaitingNumberController.php:43;app/config/eccube/routes.yaml:42-46		src/Eccube/Controller/Front/WaitingNumberController.php:43 の /waiting_number に app/config/eccube/routes.yaml:42-46 の /{_locale}{_shop} が付き、支店では /ja/{支店名}/waiting_number になる。		high	
sheet-21-R024	MATCHED						src/Eccube/Controller/Front/WaitingNumberController.php:43;app/config/eccube/routes.yaml:42-46		src/Eccube/Controller/Front/WaitingNumberController.php:43 と app/config/eccube/routes.yaml:42-46 により支店URLは /ja/{支店名}/waiting_number の形になる。		high	
sheet-21-R025	MATCHED						src/Eccube/Controller/Front/WaitingNumberController.php:43;app/config/eccube/routes.yaml:42-46		src/Eccube/Controller/Front/WaitingNumberController.php:43 と app/config/eccube/routes.yaml:42-46 により、大阪支店では /ja/osaka/waiting_number になる。		high	
sheet-21-R026	MATCHED						src/Eccube/Resource/template/default/Waiting/waiting_number.twig:48-58		src/Eccube/Resource/template/default/Waiting/waiting_number.twig:48 の条件により、支店ではWiFiパスワードの帯が出力されない。現行の支店画面にあった帯が除去されている。	sheet-21_img4〜9（現行の支店画面。赤枠内がWiFiパスワード帯）で、支店から除去する対象がWiFiパスワード帯であることを確認。	high	
sheet-21-R027	OUT_OF_SCOPE								項目定義表のヘッダ行。		high	
sheet-21-R028	MATCHED						src/Eccube/Controller/Front/WaitingNumberController.php:63-79		src/Eccube/Controller/Front/WaitingNumberController.php:68-79 が店舗単位で番号札を取り出すため、店舗ごとに異なる注文番号札を表示できる。	sheet-21_img1〜3（レイアウト図の重ね合わせ）で、番号札のテーブルと最下段のWiFiパスワード帯を確認。	high	
sheet-21-R029	MATCHED						src/Eccube/Resource/template/default/Block/js/waiting_get_js.twig:158-176		src/Eccube/Resource/template/default/Block/js/waiting_get_js.twig:168-176 が件数に応じて2×2〜5×5の表配置へ切り替える。	sheet-21_img1〜3（レイアウト図の重ね合わせ）で、番号札のテーブルと最下段のWiFiパスワード帯を確認。	high	
sheet-21-R030	MATCHED						src/Eccube/Resource/template/default/Waiting/waiting_number.twig:48-58		src/Eccube/Resource/template/default/Waiting/waiting_number.twig:48 の条件により、WiFiパスワードのラベルは本店のときだけ表示される。	sheet-21_img4〜9（現行の支店画面。赤枠内がWiFiパスワード帯）で、支店から除去する対象がWiFiパスワード帯であることを確認。	high	
sheet-21-R031	MATCHED						src/Eccube/Resource/template/default/Waiting/waiting_number.twig:55;html/template/default/assets/js/waiting_monitor.js:13-24		html/template/default/assets/js/waiting_monitor.js:13-24 が月・日を2桁に整えて hareruya に続けた文字列を作り、src/Eccube/Resource/template/default/Waiting/waiting_number.twig:55 に表示する。		high	
sheet-21-R032	MATCHED						src/Eccube/Resource/template/default/Waiting/waiting_number.twig:55;html/template/default/assets/js/waiting_monitor.js:21-24		html/template/default/assets/js/waiting_monitor.js:21-24 が hareruya + 月2桁 + 日2桁 の形で組み立てている。	sheet-21_img1〜3（レイアウト図の重ね合わせ）で、番号札のテーブルと最下段のWiFiパスワード帯を確認。	high	
sheet-21-R033	MATCHED						src/Eccube/Resource/template/default/Waiting/waiting_number.twig:55;html/template/default/assets/js/waiting_monitor.js:21-24		html/template/default/assets/js/waiting_monitor.js:21-24 の組み立てにより8/25の週であれば hareruya0825 になる。	sheet-21_img2/img4/img5 に「hareruya0825」の表示例がある。	high	
sheet-21-R034	MATCHED						src/Eccube/Resource/template/default/Waiting/waiting_number.twig:48-58		src/Eccube/Resource/template/default/Waiting/waiting_number.twig:48 の条件により本店のときだけ表示される。	sheet-21_img4〜9（現行の支店画面。赤枠内がWiFiパスワード帯）で、支店から除去する対象がWiFiパスワード帯であることを確認。	high	
sheet-21-R035	OUT_OF_SCOPE								現行仕様セクションの機能名タイトル行。		high	
sheet-21-R036	OUT_OF_SCOPE								「表示する番号札」は現行仕様の小見出し行。		high	
sheet-21-R037	MATCHED						src/Eccube/Controller/Front/WaitingNumberController.php:70-79;src/Eccube/Controller/Front/WaitingNumberController.php:107-114;src/Eccube/Repository/DtbWaitingNumberRepository.php:43-54		src/Eccube/Controller/Front/WaitingNumberController.php:76-79 と src/Eccube/Repository/DtbWaitingNumberRepository.php:43-54 がピック完了の受注に採番された数字の番号札を取り、src/Eccube/Controller/Front/WaitingNumberController.php:70-73 が登録済みの手動番号札を全件取る。src/Eccube/Controller/Front/WaitingNumberController.php:107-114 の順で数字を先に、手動登録分を後に並べる。		high	
sheet-21-R038	OUT_OF_SCOPE								「表示最大件数と出荷完了の補完」は現行仕様の小見出し行。		high	
sheet-21-R039	MATCHED						src/Eccube/Controller/Front/WaitingNumberController.php:82-105;app/config/eccube/packages/eccube.yaml:160		app/config/eccube/packages/eccube.yaml:160 の上限25件を超えるとき、src/Eccube/Controller/Front/WaitingNumberController.php:89-105 が直前に並べた数字の次から次のピック完了番号の手前までを調べ、src/Eccube/Controller/Front/WaitingNumberController.php:128-137 ですべて出荷完了のときだけその区間を並べる。1つでも出荷完了でなければ並べない。		high	
sheet-21-R040	OUT_OF_SCOPE								「新着の判定」は現行仕様の小見出し行。		high	
sheet-21-R041	MATCHED						src/Eccube/Resource/template/default/Block/js/waiting_get_js.twig:5-30;src/Eccube/Resource/template/default/Block/js/waiting_get_js.twig:183-191		src/Eccube/Resource/template/default/Block/js/waiting_get_js.twig:183-190 が画面表示時に1回取得し以後10秒ごとに取得する。src/Eccube/Resource/template/default/Block/js/waiting_get_js.twig:10-29 は取得結果が空なら新着としない／前回が空で今回が空でなければ新着／件数が増えたら新着／前回に無い番号が1つでもあれば新着、と判定する。		high	
sheet-21-R042	OUT_OF_SCOPE								「表示枠の整形」は現行仕様の小見出し行。		high	
sheet-21-R043	MATCHED						src/Eccube/Resource/template/default/Block/js/waiting_get_js.twig:32-90;src/Eccube/Resource/template/default/Block/js/waiting_get_js.twig:112-176		src/Eccube/Resource/template/default/Block/js/waiting_get_js.twig:41-90 が上限超過時に連続する数字を「開始〜終了」の1枠へまとめ、手動登録の英字は単独枠に並べる。src/Eccube/Resource/template/default/Block/js/waiting_get_js.twig:158-176 が枠数に応じて文字の大きさ段階を切り替え、src/Eccube/Resource/template/default/Block/js/waiting_get_js.twig:133-144 が4桁・5桁以上の番号をさらに小さく表示する。src/Eccube/Resource/template/default/Block/js/waiting_get_js.twig:147-156 が残りの枠を空欄にする。	sheet-21_img1〜3（レイアウト図の重ね合わせ）で、番号札のテーブルと最下段のWiFiパスワード帯を確認。	high	
sheet-21-R044	OUT_OF_SCOPE								「エラー時の扱い」は現行仕様の小見出し行。		high	
sheet-21-R045	MATCHED						src/Eccube/Resource/template/default/Block/js/waiting_get_js.twig:177-181		src/Eccube/Resource/template/default/Block/js/waiting_get_js.twig:178-180 は取得失敗時に何もしないため表示は前回のまま保たれ、src/Eccube/Resource/template/default/Block/js/waiting_get_js.twig:189 の次の取得で取り直す。		high	
sheet-21-R046	MATCHED						src/Eccube/Controller/Front/WaitingNumberController.php:63-79;src/Eccube/Repository/DtbWaitingNumberRepository.php:43-54		src/Eccube/Controller/Front/WaitingNumberController.php:63-79 は利用者の入力を受け取らず、受注ステータス（src/Eccube/Repository/DtbWaitingNumberRepository.php:47）と番号札の登録状態を参照するだけ。		high	
sheet-21-R047	MATCHED						src/Eccube/Resource/template/default/Waiting/waiting_number.twig:21-47;src/Eccube/Resource/template/default/Block/js/waiting_get_js.twig:109-156		src/Eccube/Resource/template/default/Block/js/waiting_get_js.twig:109-156 が取得した番号札一覧を src/Eccube/Resource/template/default/Waiting/waiting_number.twig:21-47 のモニター画面の枠へ流し込んで表示する。	sheet-21_img1〜3（レイアウト図の重ね合わせ）で、番号札のテーブルと最下段のWiFiパスワード帯を確認。	high	
sheet-21-R048	MATCHED						src/Eccube/Resource/template/default/Block/js/waiting_get_js.twig:177-181		src/Eccube/Resource/template/default/Block/js/waiting_get_js.twig:178-180 が失敗時に何もしないため表示は変わらない。		high	
sheet-21-R049	MATCHED						src/Eccube/Resource/template/default/Block/js/waiting_get_js.twig:177-181		src/Eccube/Resource/template/default/Block/js/waiting_get_js.twig:179 に 'waiting number get failed.' のダイアログ表示がコメントとして残されており実行されない。正本も表示条件に「（現在は表示されない）」と明記しており一致する。		high	
sheet-22-R001	OUT_OF_SCOPE								画面遷移図の図タイトル。仕様を述べていない		high	
sheet-22-R002	OUT_OF_SCOPE								フロー図の分岐ラベル（Yes）。単独では仕様を述べていない		high	
sheet-22-R003	OUT_OF_SCOPE								フロー図の分岐ラベル（No）。単独では仕様を述べていない		high	
sheet-22-R004	OUT_OF_SCOPE								フロー図の分岐ラベル（Yes）。単独では仕様を述べていない		high	
sheet-22-R005	MATCHED						src/Eccube/Form/Type/Front/CustomerLoginType.php:39; src/Eccube/Controller/Front/Mypage/MypageController.php:76		フロー2の店頭PCアカウント情報入力に相当するログイン入力画面が存在する。src/Eccube/Controller/Front/Mypage/MypageController.php:76 のログイン画面で src/Eccube/Form/Type/Front/CustomerLoginType.php:39 のメール/パスワード入力を受け付ける	sheet-22_img1(共通エラー画面)/img2(ご注文方法の指定)/img3(商品詳細の入荷時通知・お気に入り)を確認	high	
sheet-22-R006	MATCHED						src/Eccube/Form/Type/Front/CustomerLoginType.php:39		ログイン入力のメールアドレス項目が存在する（src/Eccube/Form/Type/Front/CustomerLoginType.php:39）		high	
sheet-22-R007	MATCHED						src/Eccube/Form/Type/Front/CustomerLoginType.php:49		ログイン入力のパスワード項目が存在する（src/Eccube/Form/Type/Front/CustomerLoginType.php:49）		high	
sheet-22-R008	OUT_OF_SCOPE								図の注記（※参考画面）。仕様を述べていない		high	
sheet-22-R009	OUT_OF_SCOPE								フロー図の開始端子		high	
sheet-22-R010	MATCHED						src/Eccube/Event/IpCheckSubscriber.php:62		フロー4の許可IP判定に相当する照合が、ログイン成立時に店頭PCアカウントに対して行われる（src/Eccube/Event/IpCheckSubscriber.php:62）	sheet-22_img1(共通エラー画面)/img2(ご注文方法の指定)/img3(商品詳細の入荷時通知・お気に入り)を確認	high	
sheet-22-R011	OUT_OF_SCOPE								フロー図の終了端子		high	
sheet-22-R012	OUT_OF_SCOPE								フロー図の終了端子		high	
sheet-22-R013	MATCHED						app/config/eccube/packages/security.yaml:86		許可IP内のログイン成功時はトップ画面へ遷移する（app/config/eccube/packages/security.yaml:86 の会員ログイン成功時の既定遷移先がトップ）		high	
sheet-22-R014	OUT_OF_SCOPE								フロー図の図形内テキスト断片（もしくは）		high	
sheet-22-R015	MATCHED						app/config/eccube/packages/security.yaml:86; src/Eccube/Service/BaseInfoService.php		アクセス中の店舗（本店/支店）のトップへ遷移する。遷移先はアクセス中の店舗で決まる（app/config/eccube/packages/security.yaml:86）		med	
sheet-22-R016	OUT_OF_SCOPE								フロー図の終了端子		high	
sheet-22-R017	OUT_OF_SCOPE								図の再構成に関する注記行。設計要求ではない		high	
sheet-22-R018	OUT_OF_SCOPE								図の再構成に関する注記行。設計要求ではない		high	
sheet-22-R019	OUT_OF_SCOPE								遷移一覧表のヘッダ行		high	
sheet-22-R020	OUT_OF_SCOPE								遷移一覧表のコネクタ座標行。画面遷移図の再構成情報であり実装要求ではない		high	
sheet-22-R021	OUT_OF_SCOPE								遷移一覧表のコネクタ座標行。画面遷移図の再構成情報であり実装要求ではない		high	
sheet-22-R022	OUT_OF_SCOPE								遷移一覧表のコネクタ座標行。画面遷移図の再構成情報であり実装要求ではない		high	
sheet-22-R023	OUT_OF_SCOPE								遷移一覧表のコネクタ座標行。画面遷移図の再構成情報であり実装要求ではない		high	
sheet-22-R024	OUT_OF_SCOPE								遷移一覧表のコネクタ座標行。画面遷移図の再構成情報であり実装要求ではない		high	
sheet-22-R025	OUT_OF_SCOPE								遷移一覧表のコネクタ座標行。画面遷移図の再構成情報であり実装要求ではない		high	
sheet-22-R026	OUT_OF_SCOPE								遷移一覧表のコネクタ座標行。画面遷移図の再構成情報であり実装要求ではない		high	
sheet-22-R027	OUT_OF_SCOPE								カスタマイズ要件の前置き行。個別の仕様を述べていない		high	
sheet-22-R028	MATCHED						src/Eccube/Event/IpCheckSubscriber.php:50; src/Eccube/Event/IpCheckSubscriber.php:61		支店店頭PC用アカウント（支店店内アカウント）でも本店と同じIP照合が行われる。src/Eccube/Event/IpCheckSubscriber.php:50 で店内・支店店内の双方を対象にし、:61 でアクセス中の店舗の許可IPを読む	sheet-22_img1(共通エラー画面)/img2(ご注文方法の指定)/img3(商品詳細の入荷時通知・お気に入り)を確認	high	
sheet-22-R029	MATCHED						src/Eccube/Event/IpCheckSubscriber.php:43; src/Eccube/Form/Type/Admin/ShopMasterType.php:265		支店の店舗グローバルIP一致による店舗用アカウントの自動ログインはeeに存在しない。ログイン時の店頭PCアカウント処理は src/Eccube/Event/IpCheckSubscriber.php:43 のIP照合（不一致ならログアウト）のみで、IP一致での自動ログインは実装されていない。廃止の要求どおり		med	
sheet-22-R030	MATCHED						src/Eccube/Resource/template/default/Shopping/index.twig:204		本店の店内アカウントでもご注文方法指定画面で注文者情報が表示されない（src/Eccube/Resource/template/default/Shopping/index.twig:204 で店内・支店店内のときご注文主/お届け先を出さない）	sheet-22_img1(共通エラー画面)/img2(ご注文方法の指定)/img3(商品詳細の入荷時通知・お気に入り)を確認	high	
sheet-22-R031	OUT_OF_SCOPE								カスタマイズ要件以外は現行踏襲という方針宣言。個別の実装要求ではない		high	
sheet-22-R032	MATCHED						src/Eccube/Entity/DtbCustomerGroup.php:30; src/Eccube/Entity/Customer.php:1367		顧客グループ「店内アカウント」を本店の店頭PCアカウントとして扱う定義がある（src/Eccube/Entity/DtbCustomerGroup.php:30）		high	
sheet-22-R033	MATCHED						src/Eccube/Entity/DtbCustomerGroup.php:32; src/Eccube/Entity/Customer.php:1377		顧客グループ「支店店内アカウント」を支店の店頭PCアカウントとして扱う定義がある（src/Eccube/Entity/DtbCustomerGroup.php:32）		high	
sheet-22-R034	OUT_OF_SCOPE								★見出し行（各店舗アカウントのIP制限について）。仕様本文は同ブロックの次行にある		high	
sheet-22-R035	MATCHED						src/Eccube/Event/IpCheckSubscriber.php:54; src/Eccube/Event/IpCheckSubscriber.php:62		許可していないIPからのログイン時に即時ログアウトさせる（src/Eccube/Event/IpCheckSubscriber.php:62 で不許可ならログアウトへ遷移）	sheet-22_img1(共通エラー画面)/img2(ご注文方法の指定)/img3(商品詳細の入荷時通知・お気に入り)を確認	high	
sheet-22-R036	OUT_OF_SCOPE								現行仕様の廃止宣言行。廃止対象は調査対象外		high	
sheet-22-R037	OUT_OF_SCOPE								廃止宣言ブロックの現行仕様記述。廃止対象は調査対象外		high	
sheet-22-R038	OUT_OF_SCOPE								廃止宣言ブロックの現行仕様記述。廃止対象は調査対象外		high	
sheet-22-R039	MATCHED						src/Eccube/Resource/template/admin/mall/tenant/detail.twig:621; src/Eccube/Form/Type/Admin/Enterprise/MallTenantShopType.php:459		モール設定の店舗登録画面で店舗ごとに店舗グローバルIPアドレスを設定できる（src/Eccube/Resource/template/admin/mall/tenant/detail.twig:621）。照合は店舗単位の設定値を読む		high	
sheet-22-R040	MATCHED						src/Eccube/Resource/template/default/Shopping/index.twig:204		店内・支店店内アカウントでログイン済みのとき、ご注文方法指定画面に注文者情報を出さない（src/Eccube/Resource/template/default/Shopping/index.twig:204）	sheet-22_img1(共通エラー画面)/img2(ご注文方法の指定)/img3(商品詳細の入荷時通知・お気に入り)を確認	high	
sheet-22-R041	DRIFT	P2	実装違い	IO	※以下赤枠内のように、現行の本店で表示していた「ご注文主」「お届け先」は非表示とする	店頭PCアカウントでログイン済みのとき、ご注文方法指定画面で非表示になるのは「ご注文主」と「お届け先」だけで、注文する商品の一覧と小計はそのまま表示される	src/Eccube/Resource/template/default/Shopping/index.twig:204; src/Eccube/Resource/template/default/Shopping/index.twig:330	src/Eccube/Resource/template/default/Shopping/index.twig:204 の条件が「ご注文の商品」節まで含めて囲っており（:330 が閉じ）、店内・支店店内アカウントではご注文主・お届け先に加えて注文商品の明細と小計も画面から消える	非表示にすると設計が定めるのはご注文主とお届け先の2節のみ。実装は同じ条件で商品明細節も囲っているため、店頭PCアカウントでは注文内容を画面で確認できない。en版（index.en.twig:207）も同じ	sheet-22_img2（ご注文方法の指定）にご注文主・お届け先・ご注文の商品の3節が写っており、非表示指定は前2節のみ	med	index.twig-otc-hides-order-items
sheet-22-R042	OUT_OF_SCOPE								見出し行（「7.アクセス制限がない画面に遷移」について）		high	
sheet-22-R043	MATCHED						src/Eccube/Service/Front/CustomerGroupAccessRouteRegistry.php:28; src/Eccube/EventListener/CustomerGroupAccessListener.php:74		店内アカウントがアクセスできない画面の一覧が実装され（src/Eccube/Service/Front/CustomerGroupAccessRouteRegistry.php:28）、該当画面では本来の画面を出さずエラー画面を返す（src/Eccube/EventListener/CustomerGroupAccessListener.php:74）		high	
sheet-22-R044	MATCHED						src/Eccube/Service/Front/CustomerGroupAccessRouteRegistry.php:91		ネット買取トップページが店内アカウントの制限対象（src/Eccube/Service/Front/CustomerGroupAccessRouteRegistry.php:91）		high	
sheet-22-R045	MATCHED						src/Eccube/Service/Front/CustomerGroupAccessRouteRegistry.php:92		ネット買取商品一覧が制限対象（src/Eccube/Service/Front/CustomerGroupAccessRouteRegistry.php:92）		high	
sheet-22-R046	MATCHED						src/Eccube/Service/Front/CustomerGroupAccessRouteRegistry.php:99		ネット買取商品詳細が制限対象（src/Eccube/Service/Front/CustomerGroupAccessRouteRegistry.php:99）		high	
sheet-22-R047	MATCHED						src/Eccube/Service/Front/CustomerGroupAccessRouteRegistry.php:100		ネット買取カートが制限対象（src/Eccube/Service/Front/CustomerGroupAccessRouteRegistry.php:100）		high	
sheet-22-R048	MATCHED						src/Eccube/Service/Front/CustomerGroupAccessRouteRegistry.php:102; src/Eccube/Service/Front/CustomerGroupAccessRouteRegistry.php:103		ネット買取の買取手続き（申込情報入力・申込確認）が制限対象（src/Eccube/Service/Front/CustomerGroupAccessRouteRegistry.php:102）。完了画面は手続きを通らないと開けず買取カートへ戻されるため到達しない		med	
sheet-22-R049	MATCHED						src/Eccube/Service/Front/CustomerGroupAccessRouteRegistry.php:53; src/Eccube/Service/Front/CustomerGroupAccessRouteRegistry.php:55		パスワード再発行・再設定の一連の画面が制限対象（src/Eccube/Service/Front/CustomerGroupAccessRouteRegistry.php:53）。現行で制限していたパスワード変更の導線に対応する		med	
sheet-22-R050	MATCHED						src/Eccube/Service/Front/CustomerGroupAccessRouteRegistry.php:80		購入履歴一覧が制限対象（src/Eccube/Service/Front/CustomerGroupAccessRouteRegistry.php:80）		high	
sheet-22-R051	MATCHED						src/Eccube/Service/Front/CustomerGroupAccessRouteRegistry.php:81		購入履歴詳細が制限対象（src/Eccube/Service/Front/CustomerGroupAccessRouteRegistry.php:81）		high	
sheet-22-R052	MATCHED						src/Eccube/Service/Front/CustomerGroupAccessRouteRegistry.php:58		入荷待ち商品一覧が制限対象（src/Eccube/Service/Front/CustomerGroupAccessRouteRegistry.php:58）		high	
sheet-22-R053	MATCHED						src/Eccube/Service/Front/CustomerGroupAccessRouteRegistry.php:62		お気に入り登録商品一覧が制限対象（src/Eccube/Service/Front/CustomerGroupAccessRouteRegistry.php:62）		high	
sheet-22-R054	MATCHED						src/Eccube/Service/Front/CustomerGroupAccessRouteRegistry.php:64		ポイント履歴が制限対象（src/Eccube/Service/Front/CustomerGroupAccessRouteRegistry.php:64）		high	
sheet-22-R055	MATCHED						src/Eccube/Service/Front/CustomerGroupAccessRouteRegistry.php:74		買取履歴一覧が制限対象（src/Eccube/Service/Front/CustomerGroupAccessRouteRegistry.php:74）		high	
sheet-22-R056	MATCHED						src/Eccube/Service/Front/CustomerGroupAccessRouteRegistry.php:75		買取履歴詳細が制限対象（src/Eccube/Service/Front/CustomerGroupAccessRouteRegistry.php:75）		high	
sheet-22-R057	MATCHED						src/Eccube/Service/Front/CustomerGroupAccessRouteRegistry.php:77		まとめて買取査定結果が制限対象（src/Eccube/Service/Front/CustomerGroupAccessRouteRegistry.php:77）		high	
sheet-22-R058	MATCHED						src/Eccube/Service/Front/CustomerGroupAccessRouteRegistry.php:40		会員情報変更が制限対象（src/Eccube/Service/Front/CustomerGroupAccessRouteRegistry.php:40）		high	
sheet-22-R059	MATCHED						src/Eccube/Service/Front/CustomerGroupAccessRouteRegistry.php:42		退会が制限対象（src/Eccube/Service/Front/CustomerGroupAccessRouteRegistry.php:42）		high	
sheet-22-R060	MATCHED						src/Eccube/Service/Front/CustomerGroupAccessRouteRegistry.php:47		お問い合わせが制限対象（src/Eccube/Service/Front/CustomerGroupAccessRouteRegistry.php:47）		high	
sheet-22-R061	MATCHED						src/Eccube/Service/Front/CustomerGroupAccessRouteRegistry.php:50		お問い合わせ履歴が制限対象（src/Eccube/Service/Front/CustomerGroupAccessRouteRegistry.php:50）		high	
sheet-22-R062	MATCHED						src/Eccube/Service/Front/CustomerGroupAccessRouteRegistry.php:38		マイイベント・デッキ登録が制限対象（src/Eccube/Service/Front/CustomerGroupAccessRouteRegistry.php:38）		high	
sheet-22-R063	MATCHED						src/Eccube/Service/Front/CustomerGroupAccessRouteRegistry.php:106		大会デッキ登録編集が制限対象（src/Eccube/Service/Front/CustomerGroupAccessRouteRegistry.php:106）		high	
sheet-22-R064	MATCHED						src/Eccube/Service/Front/CustomerGroupAccessRouteRegistry.php:68		配送先の新規登録・変更が制限対象（src/Eccube/Service/Front/CustomerGroupAccessRouteRegistry.php:68）		high	
sheet-22-R065	MATCHED						src/Eccube/Service/Front/CustomerGroupAccessRouteRegistry.php:30		大会申込が制限対象（src/Eccube/Service/Front/CustomerGroupAccessRouteRegistry.php:30）		high	
sheet-22-R066	MATCHED						src/Eccube/Service/Front/CustomerGroupAccessRouteRegistry.php:117; src/Eccube/EventListener/CustomerGroupAccessListener.php:81		支店店内アカウントには店内アカウントの制限に加えて本店での注文が制限される（src/Eccube/Service/Front/CustomerGroupAccessRouteRegistry.php:117 と src/Eccube/EventListener/CustomerGroupAccessListener.php:81）		high	
sheet-22-R067	MATCHED						src/Eccube/Service/Front/CustomerGroupAccessRouteRegistry.php:117		本店での注文手続き一式が支店店内アカウントの制限対象（src/Eccube/Service/Front/CustomerGroupAccessRouteRegistry.php:117）		high	
sheet-22-R068	MATCHED						src/Eccube/EventListener/CustomerGroupAccessListener.php:81; src/Eccube/EventListener/CustomerGroupAccessListener.php:83		支店店内アカウントが本店を見ているときだけ注文が遮断される（src/Eccube/EventListener/CustomerGroupAccessListener.php:83 で本店判定）		high	
sheet-22-R069	MATCHED						src/Eccube/Resource/template/default/Product/detail.twig:14; src/Eccube/Service/Product/ProductRestockNotifyPolicy.php:27		店内・支店店内アカウントでログイン済みのとき、商品詳細の入荷時通知ボタンとお気に入り登録/解除ボタンを表示しない（src/Eccube/Resource/template/default/Product/detail.twig:14 と src/Eccube/Service/Product/ProductRestockNotifyPolicy.php:27）	sheet-22_img3（商品詳細）に入荷時に通知ボタンとお気に入りボタンが写っており、非表示対象を確認	high	
sheet-22-R070	OUT_OF_SCOPE								表の見出し行（本店・支店の相違点）		high	
sheet-22-R071	OUT_OF_SCOPE								表のヘッダ行		high	
sheet-22-R072	MATCHED						src/Eccube/Service/Front/CustomerGroupAccessRouteRegistry.php:117; src/Eccube/EventListener/CustomerGroupAccessListener.php:81		本店の店内アカウントは本店で注文できる。注文遮断は支店店内アカウントかつ本店のときだけ（src/Eccube/EventListener/CustomerGroupAccessListener.php:81）		high	
sheet-22-R073	MATCHED						src/Eccube/Service/Front/CustomerGroupAccessRouteRegistry.php:117; src/Eccube/EventListener/CustomerGroupAccessListener.php:83		支店店内アカウントは本店の注文手続きへ入れない（src/Eccube/Service/Front/CustomerGroupAccessRouteRegistry.php:117）		high	
sheet-22-R074	OUT_OF_SCOPE								現行仕様セクションの見出し行		high	
sheet-22-R075	OUT_OF_SCOPE								業務ロジックの小見出し（許可IPの照合）		high	
sheet-22-R076	MATCHED						src/Eccube/Event/IpCheckSubscriber.php:67; src/Eccube/Event/IpCheckSubscriber.php:74; src/Eccube/Event/IpCheckSubscriber.php:50		許可IPはカンマ区切りの設定値を都度読み直して照合し（src/Eccube/Event/IpCheckSubscriber.php:74）、設定が空なら誰も許可しない（同:70）。会員でないときは照合しない（同:46）。端末IPは転送元を考慮した接続元アドレスを毎回取り直す（同:54）。4点とも設計どおり		med	
sheet-22-R077	OUT_OF_SCOPE								業務ロジックの小見出し（遮断時の応答）		high	
sheet-22-R078	MATCHED						src/Eccube/EventListener/CustomerGroupAccessListener.php:74; src/Eccube/EventListener/CustomerGroupAccessListener.php:113; src/Eccube/Resource/locale/messages.ja.yaml:3809		制限対象画面では本来の画面を出さず共通エラー画面を返し（src/Eccube/EventListener/CustomerGroupAccessListener.php:113）、本文は空（src/Eccube/Resource/locale/messages.ja.yaml:3809）。遮断判定は顧客グループの店頭・支店店頭区分で行い、どちらでもない会員は通常表示（:74 と :81）		high	
sheet-22-R079	OUT_OF_SCOPE								業務ロジックの小見出し（番号札の採番）		high	
sheet-22-R080	MATCHED						src/Eccube/Service/PurchaseFlow/Processor/WaitingNumberProcessor.php:44		受注確定時に店頭販売グループの会員のときだけ番号札を採番して保存する（src/Eccube/Service/PurchaseFlow/Processor/WaitingNumberProcessor.php:44）。判定対象に支店店内アカウントも含む点は現行と異なるが、支店にも番号札表示画面を設ける本書sheet-21の仕様に沿うため乖離としない		med	
sheet-22-R081	OUT_OF_SCOPE								業務ロジックの小見出し（セール通知メールの配信対象）		high	
sheet-22-R082	NOT_IMPLEMENTED	P2	未実装	ふるまい	お気に入り登録商品がセール状態になったことを知らせる通知メールは、顧客グループの店頭フロント区分または支店店頭フロント区分が立つ会員を配信対象から除外する。	お気に入り商品のセール通知メールは、店頭PCアカウント（店内アカウント・支店店内アカウント）の会員には送らない	src/Eccube/Repository/CustomerFavoriteProductRepository.php:248; src/Eccube/Service/Product/BatchFavoriteSaleNotificationAction.php:38	配信対象の抽出条件は「セール中」と「本会員」だけで（src/Eccube/Repository/CustomerFavoriteProductRepository.php:248）、店頭フロント区分・支店店頭フロント区分による除外がない。送信側（src/Eccube/Service/Product/BatchFavoriteSaleNotificationAction.php:38）にも除外はない	除外条件は旧実装の抽出（src/Eccube/Repository/DtbFavoriteProductRepository.php:61）にコメントとして残るのみで、現に使われている抽出・送信の経路には存在しない。店頭PCアカウントにもセール通知メールが送られる	レイアウト図に該当なし（メール配信のため画面表示なし）	high	CustomerFavoriteProductRepository-no-otc-group-exclusion
sheet-22-R083	MATCHED						src/Eccube/Event/IpCheckSubscriber.php:54; src/Eccube/EventListener/CustomerGroupAccessListener.php:63		入力はログイン会員・端末IP・許可IP設定値・アクセス先の機能で、いずれも実装が参照している（src/Eccube/Event/IpCheckSubscriber.php:54 と src/Eccube/EventListener/CustomerGroupAccessListener.php:63）		high	
sheet-22-R084	MATCHED						src/Eccube/EventListener/CustomerGroupAccessListener.php:74; src/Eccube/EventListener/CustomerGroupAccessListener.php:90		制限対象でない画面は通常どおり応答する（src/Eccube/EventListener/CustomerGroupAccessListener.php:74 の条件に該当しなければ何もしない）		high	
sheet-22-R085	MATCHED						src/Eccube/EventListener/CustomerGroupAccessListener.php:113		制限対象の画面では共通エラー画面を返す（src/Eccube/EventListener/CustomerGroupAccessListener.php:113）		high	
sheet-22-R086	MATCHED						src/Eccube/EventListener/CustomerGroupAccessListener.php:53; src/Eccube/EventListener/CustomerGroupAccessListener.php:113		本機能は入力フォームを持たず（src/Eccube/EventListener/CustomerGroupAccessListener.php:53 は応答の差し替えのみ）、番号札の採番以外にデータを更新しない（src/Eccube/Service/PurchaseFlow/Processor/WaitingNumberProcessor.php:54）		high	
sheet-22-R087	OUT_OF_SCOPE								入出力の小見出し（永続化）		high	
sheet-22-R088	MATCHED						src/Eccube/Service/PurchaseFlow/Processor/WaitingNumberProcessor.php:54		受注確定時に当該受注の番号札を追加登録する（src/Eccube/Service/PurchaseFlow/Processor/WaitingNumberProcessor.php:54）		high	
sheet-22-R089	MATCHED						src/Eccube/Resource/locale/messages.ja.yaml:3808; src/Eccube/EventListener/CustomerGroupAccessListener.php:75		共通エラー画面のタイトルに「店頭用アカウントでは利用できません。」を出し、本来の画面は表示しない（src/Eccube/Resource/locale/messages.ja.yaml:3808 と src/Eccube/EventListener/CustomerGroupAccessListener.php:75）	sheet-22_img1は現行のシステムエラー画面。リニューアル後の文言はメッセージ定義側で確認	high	
sheet-22-R090	MATCHED						src/Eccube/Resource/locale/messages.ja.yaml:3810; src/Eccube/EventListener/CustomerGroupAccessListener.php:86		支店店頭区分の会員には「支店店頭用アカウントでは利用できません。」をタイトルに出す（src/Eccube/Resource/locale/messages.ja.yaml:3810）		high	
sheet-22-R091	MATCHED						src/Eccube/Resource/locale/messages.ja.yaml:3809; src/Eccube/Resource/locale/messages.ja.yaml:3811; src/Eccube/Event/IpCheckSubscriber.php:79		共通エラー画面の本文は空（src/Eccube/Resource/locale/messages.ja.yaml:3809 と :3811）。許可IP外のログアウトは画面メッセージを伴わずログアウト後の遷移に従う（src/Eccube/Event/IpCheckSubscriber.php:79）		high	
sheet-23-R001	MATCHED						src/Eccube/Controller/Front/Mypage/PasswordChangeController.php:35-77;src/Eccube/Resource/template/default/Mypage/password_change.twig:15-91		パスワードポリシー違反用のパスワード変更画面が新規画面として src/Eccube/Controller/Front/Mypage/PasswordChangeController.php:51-53 に用意され、src/Eccube/Resource/template/default/Mypage/password_change.twig が専用のレイアウトを描画する。	sheet-23_img1 のパスワード変更画面（メッセージ＋パスワード2欄＋変更するボタン）に対応する画面が実装されている。	high	
sheet-23-R002	MATCHED						src/Eccube/Security/Http/Authentication/EccubeAuthenticationSuccessHandler.php:88-94;app/config/eccube/packages/eccube.yaml:211-212		src/Eccube/Security/Http/Authentication/EccubeAuthenticationSuccessHandler.php:89-92 でログイン時に入力されたパスワードを最低文字数（app/config/eccube/packages/eccube.yaml:211）と文字種の規則で検査し、準拠していなければ src/Eccube/Security/Http/Authentication/EccubeAuthenticationSuccessHandler.php:93 で変更を促す状態を記録する。		high	
sheet-23-R003	MATCHED						src/Eccube/EventListener/PasswordPolicyListener.php:92-94;src/Eccube/Controller/Front/Mypage/PasswordChangeController.php:51-53		src/Eccube/EventListener/PasswordPolicyListener.php:92-94 で、変更を促す状態が残っている会員のアクセスをパスワード変更画面（src/Eccube/Controller/Front/Mypage/PasswordChangeController.php:51-53）へ振り向ける。	sheet-23_img1 の画面へ誘導される。	high	
sheet-23-R004	MATCHED						src/Eccube/EventListener/PasswordPolicyListener.php:44-49;src/Eccube/EventListener/PasswordPolicyListener.php:79-94		src/Eccube/EventListener/PasswordPolicyListener.php:92-93 で、変更未完了の会員が他の画面を開こうとしても当画面へ戻される。除外されるのは当画面・完了画面・ログイン／ログアウト（src/Eccube/EventListener/PasswordPolicyListener.php:44-49）だけで、ログインが必要な画面はすべて当画面へ戻る。		high	
sheet-23-R005	MATCHED						src/Eccube/Controller/Front/Mypage/PasswordChangeController.php:63-69;src/Eccube/Controller/Front/Mypage/ChangeController.php:116-118;src/Eccube/Form/Type/Front/PasswordChangeType.php:35-38;src/Eccube/Form/Type/RepeatedPasswordType.php:42-73		パスワードの入力・確認・保存は会員情報変更（src/Eccube/Controller/Front/Mypage/ChangeController.php:116-118）と同じ仕組みで、src/Eccube/Controller/Front/Mypage/PasswordChangeController.php:67-69 が同様にハッシュ化して保存する。入力欄の制約も会員情報変更と共通の src/Eccube/Form/Type/RepeatedPasswordType.php:49-56 を用いる。		high	
sheet-23-R006	MATCHED						src/Eccube/EventListener/PasswordPolicyListener.php:92-94		src/Eccube/EventListener/PasswordPolicyListener.php:92-93 で、ログインが必要な画面へのリンクを押しても当画面が再表示される。		high	
sheet-23-R007	MATCHED						src/Eccube/EventListener/PasswordPolicyListener.php:92-94		当画面へ戻すかどうかは src/Eccube/EventListener/PasswordPolicyListener.php:92 で、ログイン時に記録した違反状態が残っているかによって決まる。		high	
sheet-23-R008	MATCHED						src/Eccube/Security/Http/Authentication/EccubeAuthenticationSuccessHandler.php:93;src/Eccube/EventListener/PasswordPolicyListener.php:37;src/Eccube/EventListener/PasswordPolicyListener.php:92		ログイン時に src/Eccube/Security/Http/Authentication/EccubeAuthenticationSuccessHandler.php:93 で記録した違反状態を src/Eccube/EventListener/PasswordPolicyListener.php:92 が参照して判断する（保持先は src/Eccube/EventListener/PasswordPolicyListener.php:37）。		high	
sheet-23-R009	MATCHED						src/Eccube/Controller/Front/Mypage/PasswordChangeController.php:66-73		パスワード変更が成立すると src/Eccube/Controller/Front/Mypage/PasswordChangeController.php:71 で違反状態の記録を消し、以後は他画面へ戻されなくなる。		high	
sheet-23-R010	MATCHED						src/Eccube/Controller/Front/Mypage/PasswordChangeController.php:55-57		src/Eccube/Controller/Front/Mypage/PasswordChangeController.php:55-57 で、違反状態の記録が無い状態で当画面を開こうとするとマイページへ転送される。		high	
sheet-23-R011	MATCHED						src/Eccube/Controller/Front/Mypage/PasswordChangeController.php:55-57;src/Eccube/Controller/Front/Mypage/PasswordChangeController.php:71		変更完了時に src/Eccube/Controller/Front/Mypage/PasswordChangeController.php:71 で記録が消えるため、その後ブラウザバックして再送信しても src/Eccube/Controller/Front/Mypage/PasswordChangeController.php:55-57 の判定によりマイページへ転送される。		high	
sheet-23-R012	MATCHED						src/Eccube/Resource/template/default/Mypage/password_change.twig:19;src/Eccube/Resource/locale/messages.ja.yaml:809		識別ID1のメッセージ（src/Eccube/Resource/locale/messages.ja.yaml:809）は src/Eccube/Resource/template/default/Mypage/password_change.twig:19 で条件分岐なしに出力されるため、当画面では常に表示される。	sheet-23_img1 の見出し直下の固定文言に対応。実装の文言は「お客様の大切な個人情報を守る観点から…」で、図の文言とは言い回しが異なるが、項目表は「固定のメッセージを表示する」としか定めていない。	high	
sheet-23-R013	OUT_OF_SCOPE								項目表のヘッダ継続行（「または最大値／初期値／画面部品の説明」）であり、実装対象の要求文ではない。		high	
sheet-23-R014	MATCHED						src/Eccube/Resource/template/default/Mypage/password_change.twig:19;src/Eccube/Resource/template/default/Mypage/password_change.en.twig:19;src/Eccube/Resource/locale/messages.ja.yaml:809		識別ID1のメッセージは src/Eccube/Resource/template/default/Mypage/password_change.twig:19 が固定文言（src/Eccube/Resource/locale/messages.ja.yaml:809）を表示する。可変部は無い。	sheet-23_img1 の固定メッセージに対応。文言そのものは項目表に書かれていないため、言い回しの差は指摘にしていない。	high	
sheet-23-R015	MATCHED						src/Eccube/Resource/template/default/Mypage/password_change.twig:25-50;src/Eccube/Form/Type/Front/PasswordChangeType.php:35-38;src/Eccube/Form/Type/RepeatedPasswordType.php:49-56;app/config/eccube/packages/eccube.yaml:211-212		識別ID2のパスワード欄は必須（src/Eccube/Resource/template/default/Mypage/password_change.twig:28）で、未入力のまま変更するを押すと src/Eccube/Resource/template/default/Mypage/password_change.twig:38-40 の指定により必須入力のエラーメッセージがその場で表示される。半角の文字種と最大50文字は src/Eccube/Form/Type/RepeatedPasswordType.php:49-56 と app/config/eccube/packages/eccube.yaml:211-212 で担保される。	sheet-23_img1 の「パスワード」欄＋必須ラベルに対応。	high	
sheet-23-R016	MATCHED						src/Eccube/Form/Type/RepeatedPasswordType.php:49-52;app/config/eccube/packages/eccube.yaml:211;src/Eccube/Resource/template/default/Mypage/password_change.twig:38-41		最低文字数12は app/config/eccube/packages/eccube.yaml:211 の設定値を src/Eccube/Form/Type/RepeatedPasswordType.php:49-52 が検査し、src/Eccube/Resource/template/default/Mypage/password_change.twig:38-41 が同じ値で入力時にも知らせる。	sheet-23_img1 の補足文にも12文字以上と表示される。	high	
sheet-23-R017	MATCHED						src/Eccube/Resource/template/default/Mypage/password_change.twig:53-80;src/Eccube/Form/Type/Front/PasswordChangeType.php:37;src/Eccube/Form/Type/RepeatedPasswordType.php:49-56;app/config/eccube/packages/eccube.yaml:212		識別ID3のパスワード（確認）欄は必須（src/Eccube/Resource/template/default/Mypage/password_change.twig:56）で、未入力のまま変更するを押すと src/Eccube/Resource/template/default/Mypage/password_change.twig:66-69 の指定により必須入力のエラーメッセージがその場で表示される。半角の文字種と最大50文字は src/Eccube/Form/Type/RepeatedPasswordType.php:49-56 と app/config/eccube/packages/eccube.yaml:212 で担保される。	sheet-23_img1 の「パスワード（確認）」欄に対応。	high	
sheet-23-R018	MATCHED						src/Eccube/Form/Type/RepeatedPasswordType.php:42-45;src/Eccube/Resource/template/default/Mypage/password_change.twig:66-71		変更するを押すと src/Eccube/Form/Type/RepeatedPasswordType.php:44 の照合でパスワードと確認欄が同じ入力かを検査し、異なれば不一致として差し戻す。src/Eccube/Resource/template/default/Mypage/password_change.twig:66-71 で入力中にも同じ照合を行う。		high	
sheet-23-R019	MATCHED						src/Eccube/Form/Type/RepeatedPasswordType.php:49-52;app/config/eccube/packages/eccube.yaml:211;src/Eccube/Resource/template/default/Mypage/password_change.twig:68-70		確認欄も同じ制約を共有し、最低文字数12は app/config/eccube/packages/eccube.yaml:211 の設定値を src/Eccube/Form/Type/RepeatedPasswordType.php:49-52 が検査、src/Eccube/Resource/template/default/Mypage/password_change.twig:68-70 が入力時にも知らせる。		high	
sheet-23-R020	MATCHED						src/Eccube/Resource/template/default/Mypage/password_change.twig:82-87;src/Eccube/Controller/Front/Mypage/PasswordChangeController.php:66-73		識別ID4の変更するボタン（src/Eccube/Resource/template/default/Mypage/password_change.twig:83-86）を押して入力が妥当なら、src/Eccube/Controller/Front/Mypage/PasswordChangeController.php:73 でパスワード変更完了画面へ遷移する。	sheet-23_img1 の赤い「変更する」ボタンに対応。	high	
sheet-23-R021	DRIFT	P3	実装違い	ふるまい	5 TOPへ戻る ボタン - - - ・押下すると、TOP画面へ遷移する	パスワード変更完了画面のボタンは「TOPへ戻る」で、押下するとサイトのTOP画面が表示される。	src/Eccube/Resource/template/default/Mypage/password_change_complete.twig:22-24;src/Eccube/Resource/template/default/Mypage/password_change_complete.en.twig:22-24	src/Eccube/Resource/template/default/Mypage/password_change_complete.twig:23 の完了画面のボタンは「マイページへ戻る」で、押下するとマイページが表示される。TOP画面へ戻る導線は完了画面に無い。	完了画面 src/Eccube/Resource/template/default/Mypage/password_change_complete.twig:22-24（英語版 src/Eccube/Resource/template/default/Mypage/password_change_complete.en.twig:22-24）のリンク先はマイページで、文言もマイページへ戻るになっている。TOP画面へ戻る文言は別画面（マイページ）でのみ使われており、完了画面では使われていない。	sheet-23_img2（完了画面のレイアウト図）は「パスワードを変更しました。」の下に「TOPページへ戻る」ボタンを描いており、識別ID5の遷移先がTOP画面であることを裏付ける。	high	password_change_complete.twig-back-to-mypage-not-top
