source_id	source_title	target_id	target_title	score	reasons	shared_update_tables	shared_tables	shared_externals
a01-01	A01-01（スマレジ連携処理）	a01-02	A01-02（スマレジwebhook連携エラー再連携）	6	shared_db_table,shared_external,same_domain		dtb_smaregi_webhook_request	API,CSV,PDF,Webhook,スマレジ,バッチ,メール
a01-01	A01-01（スマレジ連携処理）	m04-01	M04-01（在庫検索/一覧）	4	shared_external,same_domain_cross_layer			CSV,スマレジ
a01-01	A01-01（スマレジ連携処理）	m04-02	M04-02（在庫編集機能）	4	shared_external,same_domain_cross_layer			API,CSV,スマレジ,メール
a01-01	A01-01（スマレジ連携処理）	m04-03	M04-03（在庫一括編集）	4	shared_external,same_domain_cross_layer			API,CSV,バッチ,メール
a01-01	A01-01（スマレジ連携処理）	m04-04	M04-04（在庫情報CSV出力）	4	shared_external,same_domain_cross_layer			CSV,スマレジ
a01-01	A01-01（スマレジ連携処理）	m04-05	在庫管理 — 在庫情報カスタムCSV出力	4	shared_external,same_domain_cross_layer			API,CSV,バッチ
a01-01	A01-01（スマレジ連携処理）	m04-06	M04-06（在庫切れリストCSV出力）	4	shared_external,same_domain_cross_layer			CSV,バッチ
a01-01	A01-01（スマレジ連携処理）	m04-07	M04-07（在庫警戒リストCSV出力）	4	shared_external,same_domain_cross_layer			CSV,バッチ
a01-01	A01-01（スマレジ連携処理）	m04-08	M04-08（在庫移動・振替検索/一覧）	4	shared_external,same_domain_cross_layer			CSV,PDF,スマレジ
a01-01	A01-01（スマレジ連携処理）	m04-09	M04-09（在庫移動・振替登録/編集）	4	shared_external,same_domain_cross_layer			API,CSV,PDF,スマレジ
a01-01	A01-01（スマレジ連携処理）	m04-10	M04-10（在庫移動・振替情報CSV出力）	4	shared_external,same_domain_cross_layer			CSV,スマレジ
a01-01	A01-01（スマレジ連携処理）	m04-11	在庫管理 — 在庫移動・振替情報カスタムCSV出力	4	shared_external,same_domain_cross_layer			API,CSV,バッチ
a01-02	A01-02（スマレジwebhook連携エラー再連携）	a01-01	A01-01（スマレジ連携処理）	6	shared_db_table,shared_external,same_domain		dtb_smaregi_webhook_request	API,CSV,PDF,Webhook,スマレジ,バッチ,メール
a01-02	A01-02（スマレジwebhook連携エラー再連携）	m04-01	M04-01（在庫検索/一覧）	4	shared_external,same_domain_cross_layer			CSV,スマレジ,支店
a01-02	A01-02（スマレジwebhook連携エラー再連携）	m04-02	M04-02（在庫編集機能）	4	shared_external,same_domain_cross_layer			API,CSV,スマレジ,メール
a01-02	A01-02（スマレジwebhook連携エラー再連携）	m04-03	M04-03（在庫一括編集）	4	shared_external,same_domain_cross_layer			API,CSV,バッチ,メール,支店
a01-02	A01-02（スマレジwebhook連携エラー再連携）	m04-04	M04-04（在庫情報CSV出力）	4	shared_external,same_domain_cross_layer			CSV,スマレジ,支店
a01-02	A01-02（スマレジwebhook連携エラー再連携）	m04-05	在庫管理 — 在庫情報カスタムCSV出力	4	shared_external,same_domain_cross_layer			API,CSV,バッチ
a01-02	A01-02（スマレジwebhook連携エラー再連携）	m04-06	M04-06（在庫切れリストCSV出力）	4	shared_external,same_domain_cross_layer			CSV,バッチ
a01-02	A01-02（スマレジwebhook連携エラー再連携）	m04-07	M04-07（在庫警戒リストCSV出力）	4	shared_external,same_domain_cross_layer			CSV,バッチ
a01-02	A01-02（スマレジwebhook連携エラー再連携）	m04-08	M04-08（在庫移動・振替検索/一覧）	4	shared_external,same_domain_cross_layer			CSV,PDF,スマレジ
a01-02	A01-02（スマレジwebhook連携エラー再連携）	m04-09	M04-09（在庫移動・振替登録/編集）	4	shared_external,same_domain_cross_layer			API,CSV,PDF,スマレジ,支店
a01-02	A01-02（スマレジwebhook連携エラー再連携）	m04-10	M04-10（在庫移動・振替情報CSV出力）	4	shared_external,same_domain_cross_layer			CSV,スマレジ
a01-02	A01-02（スマレジwebhook連携エラー再連携）	m04-11	在庫管理 — 在庫移動・振替情報カスタムCSV出力	4	shared_external,same_domain_cross_layer			API,CSV,バッチ
a02-01	API 商品管理 — ポップアップ用商品情報取得	b02-01	バッチ 商品管理 — 期間別販売数集計	8	shared_db_table,shared_external,same_domain_cross_layer		dtb_product_class,dtb_product_sub_class	API
a02-01	API 商品管理 — ポップアップ用商品情報取得	m03-08	m03-08_admin_product_product_product_class_list（管理画面_商品管理_商品規格一覧）	8	shared_db_table,shared_external,same_domain_cross_layer		dtb_product_class,dtb_product_sub_class	API
a02-01	API 商品管理 — ポップアップ用商品情報取得	m03-09	M03-09（商品規格登録/編集）	8	shared_db_table,shared_external,same_domain_cross_layer		dtb_product_class,dtb_product_sub_class	API
a02-01	API 商品管理 — ポップアップ用商品情報取得	m03-10	m03-10_admin_product_product_bulk_buy_standard_price_edit（管理画面_商品管理_買取・基準価格一括編集）	8	shared_db_table,shared_external,same_domain_cross_layer		dtb_product_class,dtb_product_sub_class	API
a02-01	API 商品管理 — ポップアップ用商品情報取得	m03-21	商品管理 — 棚番号登録/編集	8	shared_db_table,shared_external,same_domain_cross_layer		dtb_product_class,dtb_product_sub_class	API
a02-01	API 商品管理 — ポップアップ用商品情報取得	m03-30	m03-30_admin_product_product_product_price_csv_import（管理画面_商品管理_セール用価格変更CSV登録）	8	shared_db_table,shared_external,same_domain_cross_layer		dtb_product_class,dtb_product_sub_class	API
a02-01	API 商品管理 — ポップアップ用商品情報取得	m03-31	M03-31（セール用価格変更CSV登録）	8	shared_db_table,shared_external,same_domain_cross_layer		dtb_product_class,dtb_product_sub_class	API
a02-01	API 商品管理 — ポップアップ用商品情報取得	m03-32	m03-32_admin_product_product_simple_high_price_csv_import（管理画面_商品管理_高額商品価格変更CSV登録）	8	shared_db_table,shared_external,same_domain_cross_layer		dtb_product_class,dtb_product_sub_class	API
a02-01	API 商品管理 — ポップアップ用商品情報取得	m03-33	m03-33_admin_product_product_sale_high_price_csv_import（管理画面_商品管理_セール用高額商品価格変更CSV登録）	8	shared_db_table,shared_external,same_domain_cross_layer		dtb_product_class,dtb_product_sub_class	API
a02-01	API 商品管理 — ポップアップ用商品情報取得	a02-02	API 商品管理 — ポップアップ用カード情報取得	7	shared_db_table,shared_external,same_domain		dtb_product_class,dtb_product_sub_class	API
a02-01	API 商品管理 — ポップアップ用商品情報取得	a02-03	API 商品管理 — ポップアップ用商品情報取得（旧商品ID）	7	shared_db_table,shared_external,same_domain		dtb_product_class,dtb_product_sub_class	API
a02-01	API 商品管理 — ポップアップ用商品情報取得	a02-04	API 商品管理 — ポップアップ用カード情報取得（旧商品ID）	7	shared_db_table,shared_external,same_domain		dtb_product_class,dtb_product_sub_class	API
a02-02	API 商品管理 — ポップアップ用カード情報取得	m03-01	m03-01_admin_product_product_search_list（管理画面_商品管理_商品検索・一覧）	9	shared_db_table,shared_external,same_domain_cross_layer		dtb_product,dtb_product_class,dtb_product_stock,mtb_card,mtb_card_detail	API
a02-02	API 商品管理 — ポップアップ用カード情報取得	m03-03	m03-03_admin_product_product_card_csv_export（管理画面_商品管理_カード商品CSV出力）	9	shared_db_table,shared_external,same_domain_cross_layer		dtb_product,dtb_product_class,mtb_card_detail	API
a02-02	API 商品管理 — ポップアップ用カード情報取得	m03-04	m03-04_admin_product_product_goods_csv_export（管理画面_商品管理_グッズ商品CSV出力）	9	shared_db_table,shared_external,same_domain_cross_layer		dtb_product,dtb_product_class,mtb_card_detail	API
a02-02	API 商品管理 — ポップアップ用カード情報取得	m03-05	m03-05_admin_product_product_sale_price_csv_export（管理画面_商品管理_セール用価格変更CSV出力）	9	shared_db_table,shared_external,same_domain_cross_layer		dtb_product,dtb_product_class,dtb_product_stock	API
a02-02	API 商品管理 — ポップアップ用カード情報取得	m03-09	M03-09（商品規格登録/編集）	9	shared_db_table,shared_external,same_domain_cross_layer		dtb_product_class,dtb_product_stock,dtb_product_sub_class	API
a02-02	API 商品管理 — ポップアップ用カード情報取得	m03-23	商品管理 — 買取/販売価格履歴（検索・一覧・CSV出力）	9	shared_db_table,shared_external,same_domain_cross_layer		dtb_product,dtb_product_class,mtb_card,mtb_card_detail	API
a02-02	API 商品管理 — ポップアップ用カード情報取得	m03-26	m03-26_admin_product_product_card_csv_import（管理画面_商品管理_カード商品CSV登録）	9	shared_db_table,shared_external,same_domain_cross_layer		dtb_product,dtb_product_class,dtb_product_stock	API
a02-02	API 商品管理 — ポップアップ用カード情報取得	m03-27	m03-27_admin_product_product_goods_csv_import（管理画面_商品管理_グッズ商品CSV登録）	9	shared_db_table,shared_external,same_domain_cross_layer		dtb_product,dtb_product_class,dtb_product_stock	API
a02-02	API 商品管理 — ポップアップ用カード情報取得	m03-30	m03-30_admin_product_product_product_price_csv_import（管理画面_商品管理_セール用価格変更CSV登録）	9	shared_db_table,shared_external,same_domain_cross_layer		dtb_product,dtb_product_class,dtb_product_sub_class	API
a02-02	API 商品管理 — ポップアップ用カード情報取得	m03-31	M03-31（セール用価格変更CSV登録）	9	shared_db_table,shared_external,same_domain_cross_layer		dtb_product,dtb_product_class,dtb_product_sub_class	API
a02-02	API 商品管理 — ポップアップ用カード情報取得	m03-33	m03-33_admin_product_product_sale_high_price_csv_import（管理画面_商品管理_セール用高額商品価格変更CSV登録）	9	shared_db_table,shared_external,same_domain_cross_layer		dtb_product,dtb_product_class,dtb_product_sub_class	API
a02-02	API 商品管理 — ポップアップ用カード情報取得	a02-03	API 商品管理 — ポップアップ用商品情報取得（旧商品ID）	8	shared_db_table,shared_external,same_domain		dtb_product,dtb_product_class,dtb_product_stock,dtb_product_sub_class,mtb_card	API
a02-03	API 商品管理 — ポップアップ用商品情報取得（旧商品ID）	m03-01	m03-01_admin_product_product_search_list（管理画面_商品管理_商品検索・一覧）	9	shared_db_table,shared_external,same_domain_cross_layer		dtb_product,dtb_product_class,dtb_product_stock,mtb_card	API
a02-03	API 商品管理 — ポップアップ用商品情報取得（旧商品ID）	m03-05	m03-05_admin_product_product_sale_price_csv_export（管理画面_商品管理_セール用価格変更CSV出力）	9	shared_db_table,shared_external,same_domain_cross_layer		dtb_product,dtb_product_class,dtb_product_stock	API
a02-03	API 商品管理 — ポップアップ用商品情報取得（旧商品ID）	m03-09	M03-09（商品規格登録/編集）	9	shared_db_table,shared_external,same_domain_cross_layer		dtb_product_class,dtb_product_stock,dtb_product_sub_class	API
a02-03	API 商品管理 — ポップアップ用商品情報取得（旧商品ID）	m03-23	商品管理 — 買取/販売価格履歴（検索・一覧・CSV出力）	9	shared_db_table,shared_external,same_domain_cross_layer		dtb_product,dtb_product_class,mtb_card	API
a02-03	API 商品管理 — ポップアップ用商品情報取得（旧商品ID）	m03-26	m03-26_admin_product_product_card_csv_import（管理画面_商品管理_カード商品CSV登録）	9	shared_db_table,shared_external,same_domain_cross_layer		dtb_product,dtb_product_class,dtb_product_stock	API
a02-03	API 商品管理 — ポップアップ用商品情報取得（旧商品ID）	m03-27	m03-27_admin_product_product_goods_csv_import（管理画面_商品管理_グッズ商品CSV登録）	9	shared_db_table,shared_external,same_domain_cross_layer		dtb_product,dtb_product_class,dtb_product_stock	API
a02-03	API 商品管理 — ポップアップ用商品情報取得（旧商品ID）	m03-30	m03-30_admin_product_product_product_price_csv_import（管理画面_商品管理_セール用価格変更CSV登録）	9	shared_db_table,shared_external,same_domain_cross_layer		dtb_product,dtb_product_class,dtb_product_sub_class	API
a02-03	API 商品管理 — ポップアップ用商品情報取得（旧商品ID）	m03-31	M03-31（セール用価格変更CSV登録）	9	shared_db_table,shared_external,same_domain_cross_layer		dtb_product,dtb_product_class,dtb_product_sub_class	API
a02-03	API 商品管理 — ポップアップ用商品情報取得（旧商品ID）	m03-33	m03-33_admin_product_product_sale_high_price_csv_import（管理画面_商品管理_セール用高額商品価格変更CSV登録）	9	shared_db_table,shared_external,same_domain_cross_layer		dtb_product,dtb_product_class,dtb_product_sub_class	API
a02-03	API 商品管理 — ポップアップ用商品情報取得（旧商品ID）	a02-02	API 商品管理 — ポップアップ用カード情報取得	8	shared_db_table,shared_external,same_domain		dtb_product,dtb_product_class,dtb_product_stock,dtb_product_sub_class,mtb_card	API
a02-03	API 商品管理 — ポップアップ用商品情報取得（旧商品ID）	a02-04	API 商品管理 — ポップアップ用カード情報取得（旧商品ID）	8	shared_db_table,shared_external,same_domain		dtb_product,dtb_product_class,dtb_product_stock,dtb_product_sub_class,mtb_card	API
a02-03	API 商品管理 — ポップアップ用商品情報取得（旧商品ID）	a02-05	API 商品管理 — 更新商品規格取得	8	shared_db_table,shared_external,same_domain		dtb_product,dtb_product_class,dtb_product_stock,dtb_product_sub_class	API
a02-04	API 商品管理 — ポップアップ用カード情報取得（旧商品ID）	m03-01	m03-01_admin_product_product_search_list（管理画面_商品管理_商品検索・一覧）	9	shared_db_table,shared_external,same_domain_cross_layer		dtb_product,dtb_product_class,dtb_product_stock,mtb_card	API
a02-04	API 商品管理 — ポップアップ用カード情報取得（旧商品ID）	m03-05	m03-05_admin_product_product_sale_price_csv_export（管理画面_商品管理_セール用価格変更CSV出力）	9	shared_db_table,shared_external,same_domain_cross_layer		dtb_product,dtb_product_class,dtb_product_stock	API
a02-04	API 商品管理 — ポップアップ用カード情報取得（旧商品ID）	m03-09	M03-09（商品規格登録/編集）	9	shared_db_table,shared_external,same_domain_cross_layer		dtb_product_class,dtb_product_stock,dtb_product_sub_class	API
a02-04	API 商品管理 — ポップアップ用カード情報取得（旧商品ID）	m03-23	商品管理 — 買取/販売価格履歴（検索・一覧・CSV出力）	9	shared_db_table,shared_external,same_domain_cross_layer		dtb_product,dtb_product_class,mtb_card	API
a02-04	API 商品管理 — ポップアップ用カード情報取得（旧商品ID）	m03-26	m03-26_admin_product_product_card_csv_import（管理画面_商品管理_カード商品CSV登録）	9	shared_db_table,shared_external,same_domain_cross_layer		dtb_product,dtb_product_class,dtb_product_stock	API
a02-04	API 商品管理 — ポップアップ用カード情報取得（旧商品ID）	m03-27	m03-27_admin_product_product_goods_csv_import（管理画面_商品管理_グッズ商品CSV登録）	9	shared_db_table,shared_external,same_domain_cross_layer		dtb_product,dtb_product_class,dtb_product_stock	API
a02-04	API 商品管理 — ポップアップ用カード情報取得（旧商品ID）	m03-30	m03-30_admin_product_product_product_price_csv_import（管理画面_商品管理_セール用価格変更CSV登録）	9	shared_db_table,shared_external,same_domain_cross_layer		dtb_product,dtb_product_class,dtb_product_sub_class	API
a02-04	API 商品管理 — ポップアップ用カード情報取得（旧商品ID）	m03-31	M03-31（セール用価格変更CSV登録）	9	shared_db_table,shared_external,same_domain_cross_layer		dtb_product,dtb_product_class,dtb_product_sub_class	API
a02-04	API 商品管理 — ポップアップ用カード情報取得（旧商品ID）	m03-33	m03-33_admin_product_product_sale_high_price_csv_import（管理画面_商品管理_セール用高額商品価格変更CSV登録）	9	shared_db_table,shared_external,same_domain_cross_layer		dtb_product,dtb_product_class,dtb_product_sub_class	API
a02-04	API 商品管理 — ポップアップ用カード情報取得（旧商品ID）	a02-02	API 商品管理 — ポップアップ用カード情報取得	8	shared_db_table,shared_external,same_domain		dtb_product,dtb_product_class,dtb_product_stock,dtb_product_sub_class,mtb_card,mtb_language	API
a02-04	API 商品管理 — ポップアップ用カード情報取得（旧商品ID）	a02-03	API 商品管理 — ポップアップ用商品情報取得（旧商品ID）	8	shared_db_table,shared_external,same_domain		dtb_product,dtb_product_class,dtb_product_stock,dtb_product_sub_class,mtb_card	API
a02-04	API 商品管理 — ポップアップ用カード情報取得（旧商品ID）	a02-05	API 商品管理 — 更新商品規格取得	8	shared_db_table,shared_external,same_domain		dtb_product,dtb_product_class,dtb_product_stock,dtb_product_sub_class	API
a02-05	API 商品管理 — 更新商品規格取得	m03-02	M03-02（商品編集機能）	11	shared_update_table,shared_external,same_domain_cross_layer	dtb_product,dtb_product_category,dtb_product_image	dtb_product,dtb_product_category,dtb_product_image	API,支店
a02-05	API 商品管理 — 更新商品規格取得	m03-09	M03-09（商品規格登録/編集）	11	shared_update_table,shared_external,same_domain_cross_layer	dtb_product_class,dtb_product_stock,dtb_product_sub_class	dtb_product_class,dtb_product_stock,dtb_product_sub_class	API,支店
a02-05	API 商品管理 — 更新商品規格取得	m03-26	m03-26_admin_product_product_card_csv_import（管理画面_商品管理_カード商品CSV登録）	11	shared_update_table,shared_external,same_domain_cross_layer	dtb_product,dtb_product_category,dtb_product_class,dtb_product_stock	dtb_product,dtb_product_category,dtb_product_class,dtb_product_stock	API,スマレジ,支店
a02-05	API 商品管理 — 更新商品規格取得	m03-27	m03-27_admin_product_product_goods_csv_import（管理画面_商品管理_グッズ商品CSV登録）	11	shared_update_table,shared_external,same_domain_cross_layer	dtb_product,dtb_product_category,dtb_product_class,dtb_product_stock	dtb_product,dtb_product_category,dtb_product_class,dtb_product_stock	API,スマレジ,支店
a02-05	API 商品管理 — 更新商品規格取得	m03-31	M03-31（セール用価格変更CSV登録）	11	shared_update_table,shared_external,same_domain_cross_layer	dtb_product,dtb_product_class,dtb_product_sub_class	dtb_product,dtb_product_class,dtb_product_sub_class	API,支店
a02-05	API 商品管理 — 更新商品規格取得	b02-02	バッチ 商品管理 — 入荷通知キャンセル	10	shared_update_table,shared_external,same_domain_cross_layer	dtb_product,dtb_product_class	dtb_product,dtb_product_class	API
a02-05	API 商品管理 — 更新商品規格取得	f03-02	F03-02（商品詳細）	10	shared_update_table,shared_external,same_domain_cross_layer	dtb_product,dtb_product_class	dtb_product,dtb_product_class	API
a02-05	API 商品管理 — 更新商品規格取得	m03-21	商品管理 — 棚番号登録/編集	10	shared_update_table,shared_external,same_domain_cross_layer	dtb_product_class,dtb_product_sub_class	dtb_product_class,dtb_product_sub_class	API
a02-05	API 商品管理 — 更新商品規格取得	m03-30	m03-30_admin_product_product_product_price_csv_import（管理画面_商品管理_セール用価格変更CSV登録）	10	shared_update_table,shared_external,same_domain_cross_layer	dtb_product,dtb_product_class	dtb_product,dtb_product_class,dtb_product_sub_class	API,スマレジ
a02-05	API 商品管理 — 更新商品規格取得	m03-36	m03-36_admin_product_product_buy_discount_csv_import（管理画面_商品管理_買取減額率変更CSV登録）	10	shared_update_table,shared_external,same_domain_cross_layer	dtb_product,dtb_product_class	dtb_product,dtb_product_class	API
a02-05	API 商品管理 — 更新商品規格取得	b02-07	バッチ 商品管理 — 週間在庫履歴更新	9	shared_update_table,shared_external,same_domain_cross_layer	dtb_product_stock	dtb_product_stock	API,スマレジ,支店
a02-05	API 商品管理 — 更新商品規格取得	f03-01	F03-01（商品一覧）	9	shared_update_table,shared_external,same_domain_cross_layer	dtb_product	dtb_product,dtb_product_class	API,支店
a05-01	API 受注管理 — 注文印刷（印刷情報送信・印刷済み更新）	a05-02	API 受注管理 — 注文印刷（印刷情報送信・印刷済み更新）	18	direct_ref,reverse_ref,shared_update_table,shared_external,same_domain	dtb_order,dtb_order_sub	dtb_order,dtb_order_number,dtb_order_sub,dtb_shipping	API,スマレジ
a05-01	API 受注管理 — 注文印刷（印刷情報送信・印刷済み更新）	a05-03	API 受注管理 — 店頭注文番号取得	11	direct_ref,shared_db_table,shared_external,same_domain		dtb_order	API
a05-01	API 受注管理 — 注文印刷（印刷情報送信・印刷済み更新）	b05-01	バッチ 受注管理 — 注文番号登録	10	shared_update_table,shared_external,same_domain_cross_layer	dtb_order,dtb_order_sub	dtb_order,dtb_order_number,dtb_order_sub	API,スマレジ
a05-01	API 受注管理 — 注文印刷（印刷情報送信・印刷済み更新）	b05-02	バッチ 受注管理 — 購入完了手続き再処理	10	shared_update_table,shared_external,same_domain_cross_layer	dtb_order,dtb_order_sub	dtb_order,dtb_order_sub	API,スマレジ
a05-01	API 受注管理 — 注文印刷（印刷情報送信・印刷済み更新）	b05-04	バッチ 受注管理 — スマレジ商品再連携	10	shared_update_table,shared_external,same_domain_cross_layer	dtb_order,dtb_order_sub	dtb_order,dtb_order_sub	API,スマレジ
a05-01	API 受注管理 — 注文印刷（印刷情報送信・印刷済み更新）	b05-05	バッチ 受注管理 — スマレジ商品削除	10	shared_update_table,shared_external,same_domain_cross_layer	dtb_order,dtb_order_sub	dtb_order,dtb_order_sub	API,スマレジ
a05-01	API 受注管理 — 注文印刷（印刷情報送信・印刷済み更新）	m05-07	m05-07_admin_order_order_labels_csv_export（管理画面_受注管理_送り状CSV出力）	9	shared_db_table,shared_external,same_domain_cross_layer		dtb_order,dtb_order_sub,dtb_shipping	API
a05-01	API 受注管理 — 注文印刷（印刷情報送信・印刷済み更新）	m05-08	m05-08_admin_order_order_stack_paper_print（受注管理 — スタック用紙印刷）	9	shared_update_table,shared_external,same_domain_cross_layer	dtb_order	dtb_order,dtb_order_sub,dtb_shipping	API
a05-01	API 受注管理 — 注文印刷（印刷情報送信・印刷済み更新）	m05-11	m05-11_admin_order_order_edit（管理画面_受注管理_受注情報編集）	9	shared_update_table,shared_external,same_domain_cross_layer	dtb_order	dtb_order,dtb_shipping	API,スマレジ
a05-01	API 受注管理 — 注文印刷（印刷情報送信・印刷済み更新）	m05-12	m05-12_admin_order_order_bulk_status_change（管理画面_受注管理_対応状況一括変更）	9	shared_update_table,shared_external,same_domain_cross_layer	dtb_order	dtb_order,dtb_shipping	API
a05-01	API 受注管理 — 注文印刷（印刷情報送信・印刷済み更新）	m05-14	m05-14_admin_order_order_status_change（管理画面_受注対応状況の変更）	9	shared_update_table,shared_external,same_domain_cross_layer	dtb_order	dtb_order,dtb_shipping	API
a05-01	API 受注管理 — 注文印刷（印刷情報送信・印刷済み更新）	m05-15	m05-15_admin_order_order_mail（管理画面_受注詳細メール通知）	9	shared_update_table,shared_external,same_domain_cross_layer	dtb_order	dtb_order	API
a05-02	API 受注管理 — 注文印刷（印刷情報送信・印刷済み更新）	a05-01	API 受注管理 — 注文印刷（印刷情報送信・印刷済み更新）	18	direct_ref,reverse_ref,shared_update_table,shared_external,same_domain	dtb_order,dtb_order_sub	dtb_order,dtb_order_number,dtb_order_sub,dtb_shipping	API,スマレジ
a05-02	API 受注管理 — 注文印刷（印刷情報送信・印刷済み更新）	a05-03	API 受注管理 — 店頭注文番号取得	11	direct_ref,shared_db_table,shared_external,same_domain		dtb_order	API
a05-02	API 受注管理 — 注文印刷（印刷情報送信・印刷済み更新）	b05-01	バッチ 受注管理 — 注文番号登録	10	shared_update_table,shared_external,same_domain_cross_layer	dtb_order,dtb_order_sub	dtb_order,dtb_order_number,dtb_order_sub	API,スマレジ
a05-02	API 受注管理 — 注文印刷（印刷情報送信・印刷済み更新）	b05-02	バッチ 受注管理 — 購入完了手続き再処理	10	shared_update_table,shared_external,same_domain_cross_layer	dtb_order,dtb_order_sub	dtb_order,dtb_order_sub	API,スマレジ
a05-02	API 受注管理 — 注文印刷（印刷情報送信・印刷済み更新）	b05-04	バッチ 受注管理 — スマレジ商品再連携	10	shared_update_table,shared_external,same_domain_cross_layer	dtb_order,dtb_order_sub	dtb_order,dtb_order_sub	API,スマレジ
a05-02	API 受注管理 — 注文印刷（印刷情報送信・印刷済み更新）	b05-05	バッチ 受注管理 — スマレジ商品削除	10	shared_update_table,shared_external,same_domain_cross_layer	dtb_order,dtb_order_sub	dtb_order,dtb_order_sub	API,スマレジ
a05-02	API 受注管理 — 注文印刷（印刷情報送信・印刷済み更新）	m05-07	m05-07_admin_order_order_labels_csv_export（管理画面_受注管理_送り状CSV出力）	9	shared_db_table,shared_external,same_domain_cross_layer		dtb_order,dtb_order_sub,dtb_shipping	API
a05-02	API 受注管理 — 注文印刷（印刷情報送信・印刷済み更新）	m05-08	m05-08_admin_order_order_stack_paper_print（受注管理 — スタック用紙印刷）	9	shared_update_table,shared_external,same_domain_cross_layer	dtb_order	dtb_order,dtb_order_sub,dtb_shipping	API
a05-02	API 受注管理 — 注文印刷（印刷情報送信・印刷済み更新）	m05-11	m05-11_admin_order_order_edit（管理画面_受注管理_受注情報編集）	9	shared_update_table,shared_external,same_domain_cross_layer	dtb_order	dtb_order,dtb_shipping	API,スマレジ
a05-02	API 受注管理 — 注文印刷（印刷情報送信・印刷済み更新）	m05-12	m05-12_admin_order_order_bulk_status_change（管理画面_受注管理_対応状況一括変更）	9	shared_update_table,shared_external,same_domain_cross_layer	dtb_order	dtb_order,dtb_shipping	API
a05-02	API 受注管理 — 注文印刷（印刷情報送信・印刷済み更新）	m05-14	m05-14_admin_order_order_status_change（管理画面_受注対応状況の変更）	9	shared_update_table,shared_external,same_domain_cross_layer	dtb_order	dtb_order,dtb_shipping	API
a05-02	API 受注管理 — 注文印刷（印刷情報送信・印刷済み更新）	m05-15	m05-15_admin_order_order_mail（管理画面_受注詳細メール通知）	9	shared_update_table,shared_external,same_domain_cross_layer	dtb_order	dtb_order	API
a05-03	API 受注管理 — 店頭注文番号取得	a05-01	API 受注管理 — 注文印刷（印刷情報送信・印刷済み更新）	10	reverse_ref,shared_db_table,shared_external,same_domain		dtb_order	API
a05-03	API 受注管理 — 店頭注文番号取得	a05-02	API 受注管理 — 注文印刷（印刷情報送信・印刷済み更新）	10	reverse_ref,shared_db_table,shared_external,same_domain		dtb_order	API
a05-03	API 受注管理 — 店頭注文番号取得	b05-03	バッチ 受注管理 — 店頭注文番号初期化	8	shared_db_table,shared_external,same_domain_cross_layer		dtb_order,dtb_waiting_number	API,バッチ
a05-03	API 受注管理 — 店頭注文番号取得	b05-01	バッチ 受注管理 — 注文番号登録	7	shared_db_table,shared_external,same_domain_cross_layer		dtb_order	API,バッチ
a05-03	API 受注管理 — 店頭注文番号取得	b05-02	バッチ 受注管理 — 購入完了手続き再処理	7	shared_db_table,shared_external,same_domain_cross_layer		dtb_order	API,バッチ
a05-03	API 受注管理 — 店頭注文番号取得	b05-04	バッチ 受注管理 — スマレジ商品再連携	7	shared_db_table,shared_external,same_domain_cross_layer		dtb_order	API,バッチ
a05-03	API 受注管理 — 店頭注文番号取得	b05-05	バッチ 受注管理 — スマレジ商品削除	7	shared_db_table,shared_external,same_domain_cross_layer		dtb_order	API,バッチ
a05-03	API 受注管理 — 店頭注文番号取得	b05-06	バッチ 受注管理 — ポイント二重登録チェック	7	shared_db_table,shared_external,same_domain_cross_layer		dtb_order	API,バッチ
a05-03	API 受注管理 — 店頭注文番号取得	b05-07	バッチ 受注管理 — ポイント利用未反映チェック	7	shared_db_table,shared_external,same_domain_cross_layer		dtb_order	API,バッチ
a05-03	API 受注管理 — 店頭注文番号取得	b05-08	バッチ 受注管理 — スマレジEC受注連携エラー再連携	7	shared_db_table,shared_external,same_domain_cross_layer		dtb_order	API,バッチ
a05-03	API 受注管理 — 店頭注文番号取得	f06-25	F06-25（店頭モニターに受注管理から登録した番号札を表示）	7	shared_db_table,shared_external		dtb_order,dtb_waiting_number,dtb_waiting_tag	API,バッチ
a05-03	API 受注管理 — 店頭注文番号取得	m05-01	m05-01_admin_order_order_search_list（受注管理 — 受注情報検索・一覧）	7	shared_db_table,shared_external,same_domain_cross_layer		dtb_order	API,バッチ
a05-04	API 受注管理 — スマレジ受信処理（ポイント履歴取得）	b05-02	バッチ 受注管理 — 購入完了手続き再処理	10	shared_update_table,shared_external,same_domain_cross_layer	dtb_order_sub,dtb_point_history	dtb_order_sub,dtb_point_history	API,スマレジ
a05-04	API 受注管理 — スマレジ受信処理（ポイント履歴取得）	b05-09	バッチ 受注管理 — スマレジ取引連携エラー再連携	10	shared_update_table,shared_external,same_domain_cross_layer	dtb_player,dtb_point_history	dtb_player,dtb_point_history,mtb_option	API,スマレジ
a05-04	API 受注管理 — スマレジ受信処理（ポイント履歴取得）	b05-01	バッチ 受注管理 — 注文番号登録	9	shared_update_table,shared_external,same_domain_cross_layer	dtb_order_sub	dtb_order_sub	API,スマレジ
a05-04	API 受注管理 — スマレジ受信処理（ポイント履歴取得）	b05-04	バッチ 受注管理 — スマレジ商品再連携	9	shared_update_table,shared_external,same_domain_cross_layer	dtb_order_sub	dtb_order_sub	API,スマレジ
a05-04	API 受注管理 — スマレジ受信処理（ポイント履歴取得）	b05-05	バッチ 受注管理 — スマレジ商品削除	9	shared_update_table,shared_external,same_domain_cross_layer	dtb_order_sub	dtb_order_sub	API,スマレジ
a05-04	API 受注管理 — スマレジ受信処理（ポイント履歴取得）	b05-06	バッチ 受注管理 — ポイント二重登録チェック	9	shared_update_table,shared_external,same_domain_cross_layer	dtb_point_history	dtb_point_history	API
a05-04	API 受注管理 — スマレジ受信処理（ポイント履歴取得）	a05-01	API 受注管理 — 注文印刷（印刷情報送信・印刷済み更新）	8	shared_update_table,shared_external,same_domain	dtb_order_sub	dtb_order_sub	API,スマレジ
a05-04	API 受注管理 — スマレジ受信処理（ポイント履歴取得）	a05-02	API 受注管理 — 注文印刷（印刷情報送信・印刷済み更新）	8	shared_update_table,shared_external,same_domain	dtb_order_sub	dtb_order_sub	API,スマレジ
a05-04	API 受注管理 — スマレジ受信処理（ポイント履歴取得）	a17-03	API その他 — PointGranterAPI連携	8	shared_update_table,shared_external	dtb_player,dtb_point_history	dtb_player,dtb_point_history	API,スマレジ
a05-04	API 受注管理 — スマレジ受信処理（ポイント履歴取得）	b05-08	バッチ 受注管理 — スマレジEC受注連携エラー再連携	8	shared_db_table,shared_external,same_domain_cross_layer		dtb_order_sub,dtb_player	API,スマレジ
a05-04	API 受注管理 — スマレジ受信処理（ポイント履歴取得）	b08-02	バッチ 会員管理 — ポイント失効	8	shared_update_table,shared_external	dtb_player,dtb_point_history	dtb_player,dtb_point_history	API,スマレジ
a05-04	API 受注管理 — スマレジ受信処理（ポイント履歴取得）	b08-03	バッチ 会員管理 — ポイント有効期限通知	8	shared_update_table,shared_external	dtb_player,dtb_point_history	dtb_player,dtb_point_history	API
a06-01	API 店頭買取管理 — 買取アプリ用ログイン	f08-01	店頭買取 — 査定申込前ログイン	9	shared_update_table,shared_external,same_domain_cross_layer	dtb_base_info	dtb_base_info	API
a06-01	API 店頭買取管理 — 買取アプリ用ログイン	f08-02	F08-02（店頭買取査定申込情報入力）	9	shared_update_table,shared_external,same_domain_cross_layer	dtb_base_info	dtb_base_info	API
a06-01	API 店頭買取管理 — 買取アプリ用ログイン	m11-02	メンバー管理（システム情報設定／設定）	9	shared_update_table,shared_external	dtb_base_info,dtb_member,dtb_member_sub	dtb_base_info,dtb_member,dtb_member_base_info,dtb_member_sub,mtb_shop	API
a06-01	API 店頭買取管理 — 買取アプリ用ログイン	a06-03	API 店頭買取管理 — 店頭買取受注詳細更新	8	shared_db_table,shared_external,same_domain		dtb_base_info,dtb_member,mtb_shop	API
a06-01	API 店頭買取管理 — 買取アプリ用ログイン	a06-04	API 店頭買取管理 — 店頭買取受注コメント更新	8	shared_update_table,shared_external,same_domain	dtb_member	dtb_member	API
a06-01	API 店頭買取管理 — 買取アプリ用ログイン	a06-13	API 店頭買取管理 — 本人確認更新	8	shared_update_table,shared_external,same_domain	dtb_member	dtb_member	API
a06-01	API 店頭買取管理 — 買取アプリ用ログイン	m10-13	カスタムCSV出力項目設定（店舗設定／システム設定）	8	shared_update_table,shared_external	dtb_base_info,dtb_member	dtb_base_info,dtb_member	API
a06-01	API 店頭買取管理 — 買取アプリ用ログイン	a06-02	API 店頭買取管理 — 店頭買取受注一覧取得	7	shared_db_table,shared_external,same_domain		dtb_member,dtb_member_sub	API
a06-01	API 店頭買取管理 — 買取アプリ用ログイン	a07-03	API ネット買取管理 — ネット買取受注コメント更新	7	shared_update_table,shared_external	dtb_member	dtb_member	API
a06-01	API 店頭買取管理 — 買取アプリ用ログイン	a07-04	API ネット買取管理 — ネット買取受注ステータス更新	7	shared_update_table,shared_external	dtb_member	dtb_member	API
a06-01	API 店頭買取管理 — 買取アプリ用ログイン	f04-01	F04-01（買い物かご）	7	shared_update_table,shared_external	dtb_base_info	dtb_base_info	API
a06-01	API 店頭買取管理 — 買取アプリ用ログイン	f08-03	F08-03（店頭買取査定申込登録確認〜完了）	7	shared_db_table,shared_external,same_domain_cross_layer		dtb_base_info	API
a06-02	API 店頭買取管理 — 店頭買取受注一覧取得	o01-01	o01-01_other_mtg_buyer_mtg_buyer_store_purchase（その他_MTGバイヤー_店頭買取）	10	reverse_ref,shared_db_table,shared_external		dtb_otc_buy_order,mtb_otc_buy_order_status	API
a06-02	API 店頭買取管理 — 店頭買取受注一覧取得	m06-02	m06-02_admin_store_purchase_otc_buy_order_old_goods_account_csv_export（店頭買取管理 — 古物台帳入力用CSV出力）	9	shared_db_table,shared_external,same_domain_cross_layer		dtb_otc_buy_order,dtb_qualified_invoice_issuer_account,mtb_country,mtb_identification,mtb_job,mtb_pref	API
a06-02	API 店頭買取管理 — 店頭買取受注一覧取得	a06-03	API 店頭買取管理 — 店頭買取受注詳細更新	8	shared_db_table,shared_external,same_domain		dtb_member,dtb_otc_buy_order,mtb_otc_buy_order_status	API,支店
a06-02	API 店頭買取管理 — 店頭買取受注一覧取得	a06-13	API 店頭買取管理 — 本人確認更新	8	shared_db_table,shared_external,same_domain		dtb_member,dtb_otc_buy_order,mtb_identification	API
a06-02	API 店頭買取管理 — 店頭買取受注一覧取得	f08-02	F08-02（店頭買取査定申込情報入力）	8	shared_db_table,shared_external,same_domain_cross_layer		dtb_otc_buy_order,dtb_qualified_invoice_issuer_account	API
a06-02	API 店頭買取管理 — 店頭買取受注一覧取得	f08-03	F08-03（店頭買取査定申込登録確認〜完了）	8	shared_db_table,shared_external,same_domain_cross_layer		dtb_otc_buy_order,dtb_qualified_invoice_issuer_account	API,支店
a06-02	API 店頭買取管理 — 店頭買取受注一覧取得	m06-01	m06-01_admin_store_purchase_purchase_store_search_list（管理画面_店頭買取管理_買取検索一覧）	8	shared_db_table,shared_external,same_domain_cross_layer		dtb_otc_buy_order,mtb_otc_buy_order_status	API,支店
a06-02	API 店頭買取管理 — 店頭買取受注一覧取得	m06-04	店頭買取管理 — 買取ステータス変更	8	shared_db_table,shared_external,same_domain_cross_layer		dtb_otc_buy_order,mtb_otc_buy_order_status	API
a06-02	API 店頭買取管理 — 店頭買取受注一覧取得	a06-01	API 店頭買取管理 — 買取アプリ用ログイン	7	shared_db_table,shared_external,same_domain		dtb_member,dtb_member_sub	API
a06-02	API 店頭買取管理 — 店頭買取受注一覧取得	a06-04	API 店頭買取管理 — 店頭買取受注コメント更新	7	shared_db_table,shared_external,same_domain		dtb_member,dtb_otc_buy_order	API
a06-02	API 店頭買取管理 — 店頭買取受注一覧取得	a06-05	API 店頭買取管理 — 店頭買取受注ステータス更新	7	shared_db_table,shared_external,same_domain		dtb_otc_buy_order,mtb_otc_buy_order_status	API
a06-02	API 店頭買取管理 — 店頭買取受注一覧取得	m06-03	店頭買取管理 — 買取詳細（買取情報の確認と保存）	7	shared_db_table,shared_external,same_domain_cross_layer		dtb_otc_buy_order	API
a06-03	API 店頭買取管理 — 店頭買取受注詳細更新	o01-01	o01-01_other_mtg_buyer_mtg_buyer_store_purchase（その他_MTGバイヤー_店頭買取）	11	reverse_ref,shared_db_table,shared_external		dtb_otc_buy_order,dtb_otc_buy_order_detail,dtb_otc_buy_order_indivisual_input_product,dtb_otc_buy_order_status_history,dtb_otc_buy_order_stock,dtb_otc_buy_order_stock_history,mtb_otc_buy_order_status	API
a06-03	API 店頭買取管理 — 店頭買取受注詳細更新	f08-03	F08-03（店頭買取査定申込登録確認〜完了）	9	shared_db_table,shared_external,same_domain_cross_layer		dtb_base_info,dtb_otc_buy_order,dtb_otc_buy_order_status_history	API,支店
a06-03	API 店頭買取管理 — 店頭買取受注詳細更新	m06-01	m06-01_admin_store_purchase_purchase_store_search_list（管理画面_店頭買取管理_買取検索一覧）	9	shared_db_table,shared_external,same_domain_cross_layer		dtb_otc_buy_order,dtb_otc_buy_order_detail,mtb_otc_buy_order_status	API,支店
a06-03	API 店頭買取管理 — 店頭買取受注詳細更新	m06-02	m06-02_admin_store_purchase_otc_buy_order_old_goods_account_csv_export（店頭買取管理 — 古物台帳入力用CSV出力）	9	shared_db_table,shared_external,same_domain_cross_layer		dtb_otc_buy_order,dtb_otc_buy_order_detail,dtb_otc_buy_order_indivisual_input_product	API
a06-03	API 店頭買取管理 — 店頭買取受注詳細更新	m06-03	店頭買取管理 — 買取詳細（買取情報の確認と保存）	9	shared_db_table,shared_external,same_domain_cross_layer		dtb_otc_buy_order,dtb_otc_buy_order_indivisual_input_product,dtb_otc_buy_order_stock,dtb_otc_buy_order_stock_history	API
a06-03	API 店頭買取管理 — 店頭買取受注詳細更新	m06-04	店頭買取管理 — 買取ステータス変更	9	shared_db_table,shared_external,same_domain_cross_layer		dtb_otc_buy_order,dtb_otc_buy_order_status_history,mtb_otc_buy_order_status	API
a06-03	API 店頭買取管理 — 店頭買取受注詳細更新	m06-05	店頭買取管理 — 買取商品履歴（検索／一覧）	9	shared_db_table,shared_external,same_domain_cross_layer		dtb_base_info,dtb_otc_buy_order,dtb_otc_buy_order_stock,dtb_otc_buy_order_stock_history	API
a06-03	API 店頭買取管理 — 店頭買取受注詳細更新	m06-06	m06-06_admin_store_purchase_purchase_store_history_csv_export_all（管理画面_店頭買取管理_買取商品履歴_検索結果全件CSV出力）	9	shared_db_table,shared_external,same_domain_cross_layer		dtb_otc_buy_order,dtb_otc_buy_order_stock,dtb_otc_buy_order_stock_history	API
a06-03	API 店頭買取管理 — 店頭買取受注詳細更新	m06-07	m06-07_admin_store_purchase_purchase_store_history_select_csv_export（管理画面_店頭買取管理_買取商品履歴_選択CSV出力）	9	shared_db_table,shared_external,same_domain_cross_layer		dtb_base_info,dtb_otc_buy_order,dtb_otc_buy_order_stock,dtb_otc_buy_order_stock_history	API
a06-03	API 店頭買取管理 — 店頭買取受注詳細更新	m06-10	M06-10（戻しリストCSV出力）	9	shared_db_table,shared_external,same_domain_cross_layer		dtb_otc_buy_order,dtb_otc_buy_order_stock,dtb_otc_buy_order_stock_history	API
a06-03	API 店頭買取管理 — 店頭買取受注詳細更新	m06-12	M06-12（買取商品一覧CSV）	9	shared_db_table,shared_external,same_domain_cross_layer		dtb_otc_buy_order,dtb_otc_buy_order_stock,dtb_otc_buy_order_stock_history	API
a06-03	API 店頭買取管理 — 店頭買取受注詳細更新	a06-01	API 店頭買取管理 — 買取アプリ用ログイン	8	shared_db_table,shared_external,same_domain		dtb_base_info,dtb_member,mtb_shop	API
a06-04	API 店頭買取管理 — 店頭買取受注コメント更新	o01-01	o01-01_other_mtg_buyer_mtg_buyer_store_purchase（その他_MTGバイヤー_店頭買取）	11	reverse_ref,shared_update_table,shared_external	dtb_otc_buy_order	dtb_otc_buy_order	API
a06-04	API 店頭買取管理 — 店頭買取受注コメント更新	a06-13	API 店頭買取管理 — 本人確認更新	9	shared_update_table,shared_external,same_domain	dtb_member,dtb_otc_buy_order	dtb_member,dtb_otc_buy_order	API
a06-04	API 店頭買取管理 — 店頭買取受注コメント更新	f08-02	F08-02（店頭買取査定申込情報入力）	9	shared_update_table,shared_external,same_domain_cross_layer	dtb_otc_buy_order	dtb_otc_buy_order	API
a06-04	API 店頭買取管理 — 店頭買取受注コメント更新	f08-03	F08-03（店頭買取査定申込登録確認〜完了）	9	shared_update_table,shared_external,same_domain_cross_layer	dtb_otc_buy_order	dtb_otc_buy_order	API
a06-04	API 店頭買取管理 — 店頭買取受注コメント更新	m06-03	店頭買取管理 — 買取詳細（買取情報の確認と保存）	9	shared_update_table,shared_external,same_domain_cross_layer	dtb_otc_buy_order	dtb_otc_buy_order	API
a06-04	API 店頭買取管理 — 店頭買取受注コメント更新	m06-04	店頭買取管理 — 買取ステータス変更	9	shared_update_table,shared_external,same_domain_cross_layer	dtb_otc_buy_order	dtb_otc_buy_order	API
a06-04	API 店頭買取管理 — 店頭買取受注コメント更新	m06-05	店頭買取管理 — 買取商品履歴（検索／一覧）	9	shared_update_table,shared_external,same_domain_cross_layer	dtb_otc_buy_order	dtb_otc_buy_order	API
a06-04	API 店頭買取管理 — 店頭買取受注コメント更新	m06-13	M06-13（買取商品（キャンセル）CSV）	9	shared_update_table,shared_external,same_domain_cross_layer	dtb_otc_buy_order	dtb_otc_buy_order	API
a06-04	API 店頭買取管理 — 店頭買取受注コメント更新	a06-01	API 店頭買取管理 — 買取アプリ用ログイン	8	shared_update_table,shared_external,same_domain	dtb_member	dtb_member	API
a06-04	API 店頭買取管理 — 店頭買取受注コメント更新	a06-05	API 店頭買取管理 — 店頭買取受注ステータス更新	8	shared_update_table,shared_external,same_domain	dtb_otc_buy_order	dtb_otc_buy_order	API
a06-04	API 店頭買取管理 — 店頭買取受注コメント更新	a06-16	A06-16（店頭買取情報ダブルチェック者更新）	8	shared_update_table,shared_external,same_domain	dtb_otc_buy_order	dtb_otc_buy_order	API
a06-04	API 店頭買取管理 — 店頭買取受注コメント更新	a06-02	API 店頭買取管理 — 店頭買取受注一覧取得	7	shared_db_table,shared_external,same_domain		dtb_member,dtb_otc_buy_order	API
a06-05	API 店頭買取管理 — 店頭買取受注ステータス更新	o01-01	o01-01_other_mtg_buyer_mtg_buyer_store_purchase（その他_MTGバイヤー_店頭買取）	12	reverse_ref,shared_update_table,shared_external	dtb_otc_buy_order,dtb_otc_buy_order_status_history	dtb_otc_buy_order,dtb_otc_buy_order_status_history,mtb_otc_buy_order_status	API
a06-05	API 店頭買取管理 — 店頭買取受注ステータス更新	m06-04	店頭買取管理 — 買取ステータス変更	11	shared_update_table,shared_external,same_domain_cross_layer	dtb_otc_buy_order,dtb_otc_buy_order_status_history,mtb_otc_buy_order_status	dtb_otc_buy_order,dtb_otc_buy_order_status_history,mtb_otc_buy_order_status	API
a06-05	API 店頭買取管理 — 店頭買取受注ステータス更新	f08-03	F08-03（店頭買取査定申込登録確認〜完了）	10	shared_update_table,shared_external,same_domain_cross_layer	dtb_otc_buy_order,dtb_otc_buy_order_status_history	dtb_otc_buy_order,dtb_otc_buy_order_status_history	API
a06-05	API 店頭買取管理 — 店頭買取受注ステータス更新	f08-02	F08-02（店頭買取査定申込情報入力）	9	shared_update_table,shared_external,same_domain_cross_layer	dtb_otc_buy_order	dtb_otc_buy_order	API
a06-05	API 店頭買取管理 — 店頭買取受注ステータス更新	m06-03	店頭買取管理 — 買取詳細（買取情報の確認と保存）	9	shared_update_table,shared_external,same_domain_cross_layer	dtb_otc_buy_order	dtb_otc_buy_order	API
a06-05	API 店頭買取管理 — 店頭買取受注ステータス更新	m06-05	店頭買取管理 — 買取商品履歴（検索／一覧）	9	shared_update_table,shared_external,same_domain_cross_layer	dtb_otc_buy_order	dtb_otc_buy_order	API
a06-05	API 店頭買取管理 — 店頭買取受注ステータス更新	m06-13	M06-13（買取商品（キャンセル）CSV）	9	shared_update_table,shared_external,same_domain_cross_layer	dtb_otc_buy_order	dtb_otc_buy_order	API
a06-05	API 店頭買取管理 — 店頭買取受注ステータス更新	a06-03	API 店頭買取管理 — 店頭買取受注詳細更新	8	shared_db_table,shared_external,same_domain		dtb_otc_buy_order,dtb_otc_buy_order_status_history,mtb_otc_buy_order_status	API
a06-05	API 店頭買取管理 — 店頭買取受注ステータス更新	a06-04	API 店頭買取管理 — 店頭買取受注コメント更新	8	shared_update_table,shared_external,same_domain	dtb_otc_buy_order	dtb_otc_buy_order	API
a06-05	API 店頭買取管理 — 店頭買取受注ステータス更新	a06-13	API 店頭買取管理 — 本人確認更新	8	shared_update_table,shared_external,same_domain	dtb_otc_buy_order	dtb_otc_buy_order	API
a06-05	API 店頭買取管理 — 店頭買取受注ステータス更新	a06-16	A06-16（店頭買取情報ダブルチェック者更新）	8	shared_update_table,shared_external,same_domain	dtb_otc_buy_order	dtb_otc_buy_order	API
a06-05	API 店頭買取管理 — 店頭買取受注ステータス更新	m06-01	m06-01_admin_store_purchase_purchase_store_search_list（管理画面_店頭買取管理_買取検索一覧）	8	shared_db_table,shared_external,same_domain_cross_layer		dtb_otc_buy_order,mtb_otc_buy_order_status	API
a06-06	API 店頭買取管理 — カード詳細IDから買取用商品情報を取得	a06-07	API 店頭買取管理 — 商品IDリストから買取用商品情報を取得	8	shared_db_table,shared_external,same_domain		dtb_product,dtb_product_class,dtb_product_class_image,dtb_product_sub,dtb_product_sub_class,dtb_product_sub_class_image,mtb_card,mtb_card_detail	API
a06-06	API 店頭買取管理 — カード詳細IDから買取用商品情報を取得	a06-10	API 店頭買取管理 — 商品IDリストから買取用商品情報を取得	8	shared_db_table,shared_external,same_domain		dtb_product,dtb_product_class,dtb_product_class_image,dtb_product_sub,dtb_product_sub_class,dtb_product_sub_class_image,mtb_card,mtb_card_detail	API
a06-06	API 店頭買取管理 — カード詳細IDから買取用商品情報を取得	a06-17	API 店頭買取管理 — カード詳細IDから買取用商品情報を取得	8	shared_db_table,shared_external,same_domain		dtb_product,dtb_product_class,dtb_product_class_image,dtb_product_sub,dtb_product_sub_class,dtb_product_sub_class_image,mtb_card,mtb_card_detail	API
a06-06	API 店頭買取管理 — カード詳細IDから買取用商品情報を取得	a06-18	API 店頭買取管理 — 商品IDリストから買取用商品情報を取得	8	shared_db_table,shared_external,same_domain		dtb_product,dtb_product_class,dtb_product_class_image,dtb_product_sub,dtb_product_sub_class,dtb_product_sub_class_image,mtb_card,mtb_card_detail	API
a06-06	API 店頭買取管理 — カード詳細IDから買取用商品情報を取得	a02-02	API 商品管理 — ポップアップ用カード情報取得	7	shared_db_table,shared_external		dtb_product,dtb_product_class,dtb_product_sub_class,mtb_card,mtb_card_detail	API
a06-06	API 店頭買取管理 — カード詳細IDから買取用商品情報を取得	a02-03	API 商品管理 — ポップアップ用商品情報取得（旧商品ID）	7	shared_db_table,shared_external		dtb_product,dtb_product_class,dtb_product_sub_class,mtb_card	API
a06-06	API 店頭買取管理 — カード詳細IDから買取用商品情報を取得	a02-04	API 商品管理 — ポップアップ用カード情報取得（旧商品ID）	7	shared_db_table,shared_external		dtb_product,dtb_product_class,dtb_product_sub_class,mtb_card	API
a06-06	API 店頭買取管理 — カード詳細IDから買取用商品情報を取得	a02-05	API 商品管理 — 更新商品規格取得	7	shared_db_table,shared_external		dtb_product,dtb_product_class,dtb_product_sub_class	API
a06-06	API 店頭買取管理 — カード詳細IDから買取用商品情報を取得	a06-08	API 店頭買取管理 — カード名から買取用商品情報を取得	7	shared_db_table,shared_external		dtb_product,dtb_product_class,dtb_product_class_image,dtb_product_sub,dtb_product_sub_class,dtb_product_sub_class_image,mtb_card,mtb_card_detail	API
a06-06	API 店頭買取管理 — カード詳細IDから買取用商品情報を取得	a06-09	API 店頭買取管理 — 商品名から商品詳細の情報を取得	7	shared_db_table,shared_external		dtb_product,dtb_product_class,dtb_product_class_image,dtb_product_sub_class,dtb_product_sub_class_image,mtb_card,mtb_card_detail	API
a06-06	API 店頭買取管理 — カード詳細IDから買取用商品情報を取得	a17-04	API その他 — 商品IDに紐づく商品詳細の情報を取得	7	shared_db_table,shared_external		dtb_product,dtb_product_class,dtb_product_class_image,mtb_card,mtb_card_detail	API
a06-06	API 店頭買取管理 — カード詳細IDから買取用商品情報を取得	a17-05	API 店頭買取管理 — 商品名から商品詳細の情報を取得	7	shared_db_table,shared_external		dtb_product,dtb_product_class,dtb_product_class_image,dtb_product_sub_class,dtb_product_sub_class_image,mtb_card,mtb_card_detail	API
a06-07	API 店頭買取管理 — 商品IDリストから買取用商品情報を取得	a06-06	API 店頭買取管理 — カード詳細IDから買取用商品情報を取得	8	shared_db_table,shared_external,same_domain		dtb_product,dtb_product_class,dtb_product_class_image,dtb_product_sub,dtb_product_sub_class,dtb_product_sub_class_image,mtb_card,mtb_card_detail	API
a06-07	API 店頭買取管理 — 商品IDリストから買取用商品情報を取得	a06-10	API 店頭買取管理 — 商品IDリストから買取用商品情報を取得	8	shared_db_table,shared_external,same_domain		dtb_product,dtb_product_class,dtb_product_class_image,dtb_product_sub,dtb_product_sub_class,dtb_product_sub_class_image,mtb_card,mtb_card_detail	API
a06-07	API 店頭買取管理 — 商品IDリストから買取用商品情報を取得	a06-17	API 店頭買取管理 — カード詳細IDから買取用商品情報を取得	8	shared_db_table,shared_external,same_domain		dtb_product,dtb_product_class,dtb_product_class_image,dtb_product_sub,dtb_product_sub_class,dtb_product_sub_class_image,mtb_card,mtb_card_detail	API
a06-07	API 店頭買取管理 — 商品IDリストから買取用商品情報を取得	a06-18	API 店頭買取管理 — 商品IDリストから買取用商品情報を取得	8	shared_db_table,shared_external,same_domain		dtb_product,dtb_product_class,dtb_product_class_image,dtb_product_sub,dtb_product_sub_class,dtb_product_sub_class_image,mtb_card,mtb_card_detail	API
a06-07	API 店頭買取管理 — 商品IDリストから買取用商品情報を取得	a02-02	API 商品管理 — ポップアップ用カード情報取得	7	shared_db_table,shared_external		dtb_product,dtb_product_class,dtb_product_sub_class,mtb_card,mtb_card_detail	API
a06-07	API 店頭買取管理 — 商品IDリストから買取用商品情報を取得	a02-03	API 商品管理 — ポップアップ用商品情報取得（旧商品ID）	7	shared_db_table,shared_external		dtb_product,dtb_product_class,dtb_product_sub_class,mtb_card	API
a06-07	API 店頭買取管理 — 商品IDリストから買取用商品情報を取得	a02-04	API 商品管理 — ポップアップ用カード情報取得（旧商品ID）	7	shared_db_table,shared_external		dtb_product,dtb_product_class,dtb_product_sub_class,mtb_card	API
a06-07	API 店頭買取管理 — 商品IDリストから買取用商品情報を取得	a02-05	API 商品管理 — 更新商品規格取得	7	shared_db_table,shared_external		dtb_product,dtb_product_class,dtb_product_sub_class	API
a06-07	API 店頭買取管理 — 商品IDリストから買取用商品情報を取得	a06-08	API 店頭買取管理 — カード名から買取用商品情報を取得	7	shared_db_table,shared_external		dtb_product,dtb_product_class,dtb_product_class_image,dtb_product_sub,dtb_product_sub_class,dtb_product_sub_class_image,mtb_card,mtb_card_detail	API
a06-07	API 店頭買取管理 — 商品IDリストから買取用商品情報を取得	a06-09	API 店頭買取管理 — 商品名から商品詳細の情報を取得	7	shared_db_table,shared_external		dtb_product,dtb_product_class,dtb_product_class_image,dtb_product_sub_class,dtb_product_sub_class_image,mtb_card,mtb_card_detail	API
a06-07	API 店頭買取管理 — 商品IDリストから買取用商品情報を取得	a17-04	API その他 — 商品IDに紐づく商品詳細の情報を取得	7	shared_db_table,shared_external		dtb_product,dtb_product_class,dtb_product_class_image,mtb_card,mtb_card_detail	API
a06-07	API 店頭買取管理 — 商品IDリストから買取用商品情報を取得	a17-05	API 店頭買取管理 — 商品名から商品詳細の情報を取得	7	shared_db_table,shared_external		dtb_product,dtb_product_class,dtb_product_class_image,dtb_product_sub_class,dtb_product_sub_class_image,mtb_card,mtb_card_detail	API
a06-08	API 店頭買取管理 — カード名から買取用商品情報を取得	m06-05	店頭買取管理 — 買取商品履歴（検索／一覧）	8	shared_db_table,shared_external,same_domain_cross_layer		dtb_product,dtb_product_class	API
a06-08	API 店頭買取管理 — カード名から買取用商品情報を取得	a02-02	API 商品管理 — ポップアップ用カード情報取得	7	shared_db_table,shared_external		dtb_product,dtb_product_class,dtb_product_sub_class,mtb_card,mtb_card_detail	API
a06-08	API 店頭買取管理 — カード名から買取用商品情報を取得	a02-03	API 商品管理 — ポップアップ用商品情報取得（旧商品ID）	7	shared_db_table,shared_external		dtb_product,dtb_product_class,dtb_product_sub_class,mtb_card	API
a06-08	API 店頭買取管理 — カード名から買取用商品情報を取得	a02-04	API 商品管理 — ポップアップ用カード情報取得（旧商品ID）	7	shared_db_table,shared_external		dtb_product,dtb_product_class,dtb_product_sub_class,mtb_card	API
a06-08	API 店頭買取管理 — カード名から買取用商品情報を取得	a02-05	API 商品管理 — 更新商品規格取得	7	shared_db_table,shared_external		dtb_product,dtb_product_class,dtb_product_sub_class	API,支店
a06-08	API 店頭買取管理 — カード名から買取用商品情報を取得	a06-06	API 店頭買取管理 — カード詳細IDから買取用商品情報を取得	7	shared_db_table,shared_external		dtb_product,dtb_product_class,dtb_product_class_image,dtb_product_sub,dtb_product_sub_class,dtb_product_sub_class_image,mtb_card,mtb_card_detail	API
a06-08	API 店頭買取管理 — カード名から買取用商品情報を取得	a06-07	API 店頭買取管理 — 商品IDリストから買取用商品情報を取得	7	shared_db_table,shared_external		dtb_product,dtb_product_class,dtb_product_class_image,dtb_product_sub,dtb_product_sub_class,dtb_product_sub_class_image,mtb_card,mtb_card_detail	API
a06-08	API 店頭買取管理 — カード名から買取用商品情報を取得	a06-09	API 店頭買取管理 — 商品名から商品詳細の情報を取得	7	shared_db_table,shared_external		dtb_product,dtb_product_class,dtb_product_class_image,dtb_product_sub_class,dtb_product_sub_class_image,mtb_card,mtb_card_detail	API,支店
a06-08	API 店頭買取管理 — カード名から買取用商品情報を取得	a06-10	API 店頭買取管理 — 商品IDリストから買取用商品情報を取得	7	shared_db_table,shared_external		dtb_product,dtb_product_class,dtb_product_class_image,dtb_product_sub,dtb_product_sub_class,dtb_product_sub_class_image,mtb_card,mtb_card_detail	API
a06-08	API 店頭買取管理 — カード名から買取用商品情報を取得	a06-17	API 店頭買取管理 — カード詳細IDから買取用商品情報を取得	7	shared_db_table,shared_external		dtb_product,dtb_product_class,dtb_product_class_image,dtb_product_sub,dtb_product_sub_class,dtb_product_sub_class_image,mtb_card,mtb_card_detail	API
a06-08	API 店頭買取管理 — カード名から買取用商品情報を取得	a06-18	API 店頭買取管理 — 商品IDリストから買取用商品情報を取得	7	shared_db_table,shared_external		dtb_product,dtb_product_class,dtb_product_class_image,dtb_product_sub,dtb_product_sub_class,dtb_product_sub_class_image,mtb_card,mtb_card_detail	API
a06-08	API 店頭買取管理 — カード名から買取用商品情報を取得	a17-04	API その他 — 商品IDに紐づく商品詳細の情報を取得	7	shared_db_table,shared_external		dtb_product,dtb_product_class,dtb_product_class_image,mtb_card,mtb_card_detail	API
a06-09	API 店頭買取管理 — 商品名から商品詳細の情報を取得	m03-01	m03-01_admin_product_product_search_list（管理画面_商品管理_商品検索・一覧）	9	shared_db_table,shared_external,same_domain_cross_layer		dtb_product,dtb_product_class,mtb_card,mtb_card_detail	API
a06-09	API 店頭買取管理 — 商品名から商品詳細の情報を取得	m03-03	m03-03_admin_product_product_card_csv_export（管理画面_商品管理_カード商品CSV出力）	9	shared_db_table,shared_external,same_domain_cross_layer		dtb_product,dtb_product_class,mtb_card_detail	API,支店
a06-09	API 店頭買取管理 — 商品名から商品詳細の情報を取得	m03-04	m03-04_admin_product_product_goods_csv_export（管理画面_商品管理_グッズ商品CSV出力）	9	shared_db_table,shared_external,same_domain_cross_layer		dtb_product,dtb_product_class,mtb_card_detail	API,支店
a06-09	API 店頭買取管理 — 商品名から商品詳細の情報を取得	m03-23	商品管理 — 買取/販売価格履歴（検索・一覧・CSV出力）	9	shared_db_table,shared_external,same_domain_cross_layer		dtb_product,dtb_product_class,mtb_card,mtb_card_detail	API
a06-09	API 店頭買取管理 — 商品名から商品詳細の情報を取得	m03-30	m03-30_admin_product_product_product_price_csv_import（管理画面_商品管理_セール用価格変更CSV登録）	9	shared_db_table,shared_external,same_domain_cross_layer		dtb_product,dtb_product_class,dtb_product_sub_class	API
a06-09	API 店頭買取管理 — 商品名から商品詳細の情報を取得	m03-31	M03-31（セール用価格変更CSV登録）	9	shared_db_table,shared_external,same_domain_cross_layer		dtb_product,dtb_product_class,dtb_product_sub_class	API,支店
a06-09	API 店頭買取管理 — 商品名から商品詳細の情報を取得	m03-33	m03-33_admin_product_product_sale_high_price_csv_import（管理画面_商品管理_セール用高額商品価格変更CSV登録）	9	shared_db_table,shared_external,same_domain_cross_layer		dtb_product,dtb_product_class,dtb_product_sub_class	API
a06-09	API 店頭買取管理 — 商品名から商品詳細の情報を取得	a02-02	API 商品管理 — ポップアップ用カード情報取得	8	shared_db_table,shared_external,same_domain		dtb_product,dtb_product_class,dtb_product_sub_class,mtb_card,mtb_card_detail	API
a06-09	API 店頭買取管理 — 商品名から商品詳細の情報を取得	a02-03	API 商品管理 — ポップアップ用商品情報取得（旧商品ID）	8	shared_db_table,shared_external,same_domain		dtb_product,dtb_product_class,dtb_product_sub_class,mtb_card	API
a06-09	API 店頭買取管理 — 商品名から商品詳細の情報を取得	a02-04	API 商品管理 — ポップアップ用カード情報取得（旧商品ID）	8	shared_db_table,shared_external,same_domain		dtb_product,dtb_product_class,dtb_product_sub_class,mtb_card	API
a06-09	API 店頭買取管理 — 商品名から商品詳細の情報を取得	a02-05	API 商品管理 — 更新商品規格取得	8	shared_db_table,shared_external,same_domain		dtb_product,dtb_product_class,dtb_product_sub_class	API,支店
a06-09	API 店頭買取管理 — 商品名から商品詳細の情報を取得	a17-05	API 店頭買取管理 — 商品名から商品詳細の情報を取得	8	shared_db_table,shared_external,same_domain		dtb_product,dtb_product_class,dtb_product_class_image,dtb_product_sub_class,dtb_product_sub_class_image,mtb_card,mtb_card_detail	API,支店
a06-10	API 店頭買取管理 — 商品IDリストから買取用商品情報を取得	a06-06	API 店頭買取管理 — カード詳細IDから買取用商品情報を取得	8	shared_db_table,shared_external,same_domain		dtb_product,dtb_product_class,dtb_product_class_image,dtb_product_sub,dtb_product_sub_class,dtb_product_sub_class_image,mtb_card,mtb_card_detail	API
a06-10	API 店頭買取管理 — 商品IDリストから買取用商品情報を取得	a06-07	API 店頭買取管理 — 商品IDリストから買取用商品情報を取得	8	shared_db_table,shared_external,same_domain		dtb_product,dtb_product_class,dtb_product_class_image,dtb_product_sub,dtb_product_sub_class,dtb_product_sub_class_image,mtb_card,mtb_card_detail	API
a06-10	API 店頭買取管理 — 商品IDリストから買取用商品情報を取得	a06-17	API 店頭買取管理 — カード詳細IDから買取用商品情報を取得	8	shared_db_table,shared_external,same_domain		dtb_product,dtb_product_class,dtb_product_class_image,dtb_product_sub,dtb_product_sub_class,dtb_product_sub_class_image,mtb_card,mtb_card_detail	API
a06-10	API 店頭買取管理 — 商品IDリストから買取用商品情報を取得	a06-18	API 店頭買取管理 — 商品IDリストから買取用商品情報を取得	8	shared_db_table,shared_external,same_domain		dtb_product,dtb_product_class,dtb_product_class_image,dtb_product_sub,dtb_product_sub_class,dtb_product_sub_class_image,mtb_card,mtb_card_detail	API
a06-10	API 店頭買取管理 — 商品IDリストから買取用商品情報を取得	a02-02	API 商品管理 — ポップアップ用カード情報取得	7	shared_db_table,shared_external		dtb_product,dtb_product_class,dtb_product_sub_class,mtb_card,mtb_card_detail	API
a06-10	API 店頭買取管理 — 商品IDリストから買取用商品情報を取得	a02-03	API 商品管理 — ポップアップ用商品情報取得（旧商品ID）	7	shared_db_table,shared_external		dtb_product,dtb_product_class,dtb_product_sub_class,mtb_card	API
a06-10	API 店頭買取管理 — 商品IDリストから買取用商品情報を取得	a02-04	API 商品管理 — ポップアップ用カード情報取得（旧商品ID）	7	shared_db_table,shared_external		dtb_product,dtb_product_class,dtb_product_sub_class,mtb_card	API
a06-10	API 店頭買取管理 — 商品IDリストから買取用商品情報を取得	a02-05	API 商品管理 — 更新商品規格取得	7	shared_db_table,shared_external		dtb_product,dtb_product_class,dtb_product_sub_class	API
a06-10	API 店頭買取管理 — 商品IDリストから買取用商品情報を取得	a06-08	API 店頭買取管理 — カード名から買取用商品情報を取得	7	shared_db_table,shared_external		dtb_product,dtb_product_class,dtb_product_class_image,dtb_product_sub,dtb_product_sub_class,dtb_product_sub_class_image,mtb_card,mtb_card_detail	API
a06-10	API 店頭買取管理 — 商品IDリストから買取用商品情報を取得	a06-09	API 店頭買取管理 — 商品名から商品詳細の情報を取得	7	shared_db_table,shared_external		dtb_product,dtb_product_class,dtb_product_class_image,dtb_product_sub_class,dtb_product_sub_class_image,mtb_card,mtb_card_detail	API
a06-10	API 店頭買取管理 — 商品IDリストから買取用商品情報を取得	a17-04	API その他 — 商品IDに紐づく商品詳細の情報を取得	7	shared_db_table,shared_external		dtb_product,dtb_product_class,dtb_product_class_image,mtb_card,mtb_card_detail	API
a06-10	API 店頭買取管理 — 商品IDリストから買取用商品情報を取得	a17-05	API 店頭買取管理 — 商品名から商品詳細の情報を取得	7	shared_db_table,shared_external		dtb_product,dtb_product_class,dtb_product_class_image,dtb_product_sub_class,dtb_product_sub_class_image,mtb_card,mtb_card_detail	API
a06-11	API 店頭買取管理 — 部門一覧を取得	m06-08	店頭買取管理 — 買取集計データ（検索・一覧表示）	7	shared_db_table,shared_external,same_domain_cross_layer		mtb_section	API
a06-11	API 店頭買取管理 — 部門一覧を取得	m06-09	m06-09_admin_store_purchase_otc_buy_order_summary_csv_export（管理画面_店頭買取管理_買取集計データCSV出力）	7	shared_db_table,shared_external,same_domain_cross_layer		mtb_section	API
a06-11	API 店頭買取管理 — 部門一覧を取得	a06-03	API 店頭買取管理 — 店頭買取受注詳細更新	6	shared_db_table,shared_external,same_domain		mtb_section	API,支店
a06-11	API 店頭買取管理 — 部門一覧を取得	b02-04	バッチ 商品管理 — 商品部門未設定チェック	5	shared_db_table,shared_external		mtb_section	API
a06-11	API 店頭買取管理 — 部門一覧を取得	m03-04	m03-04_admin_product_product_goods_csv_export（管理画面_商品管理_グッズ商品CSV出力）	5	shared_db_table,shared_external		mtb_section	API,支店
a06-11	API 店頭買取管理 — 部門一覧を取得	m03-18	商品管理 — 部門登録／編集	5	shared_db_table,shared_external		mtb_section	API
a06-11	API 店頭買取管理 — 部門一覧を取得	m03-19	商品管理 — 部門 CSV 出力	5	shared_db_table,shared_external		mtb_section	API
a06-11	API 店頭買取管理 — 部門一覧を取得	m03-20	商品管理 — 部門CSV入力	5	shared_db_table,shared_external		mtb_section	API
a06-11	API 店頭買取管理 — 部門一覧を取得	m03-35	m03-35_admin_product_product_section_csv_import（管理画面_商品管理_部門更新CSV登録）	5	shared_db_table,shared_external		mtb_section	API
a06-11	API 店頭買取管理 — 部門一覧を取得	f08-01	店頭買取 — 査定申込前ログイン	4	shared_external,same_domain_cross_layer			API,支店
a06-11	API 店頭買取管理 — 部門一覧を取得	f08-02	F08-02（店頭買取査定申込情報入力）	4	shared_external,same_domain_cross_layer			API
a06-11	API 店頭買取管理 — 部門一覧を取得	f08-03	F08-03（店頭買取査定申込登録確認〜完了）	4	shared_external,same_domain_cross_layer			API,支店
a06-12	API 店頭買取管理 — 固定価格部門を取得	a05-04	API 受注管理 — スマレジ受信処理（ポイント履歴取得）	5	shared_db_table,shared_external		mtb_option	API
a06-12	API 店頭買取管理 — 固定価格部門を取得	a07-01	API ネット買取管理 — まとめて買取商品IDの取得	5	shared_db_table,shared_external		mtb_option	API
a06-12	API 店頭買取管理 — 固定価格部門を取得	a07-05	API ネット買取管理 — ネット買取注文の査定終了処理	5	shared_db_table,shared_external		mtb_option	API
a06-12	API 店頭買取管理 — 固定価格部門を取得	b05-09	バッチ 受注管理 — スマレジ取引連携エラー再連携	5	shared_db_table,shared_external		mtb_option	API
a06-12	API 店頭買取管理 — 固定価格部門を取得	f03-01	F03-01（商品一覧）	5	shared_db_table,shared_external		mtb_option	API
a06-12	API 店頭買取管理 — 固定価格部門を取得	f03-02	F03-02（商品詳細）	5	shared_db_table,shared_external		mtb_option	API
a06-12	API 店頭買取管理 — 固定価格部門を取得	f03-05	商品 — 商品リコメンド（おすすめ商品ブロック）	5	shared_db_table,shared_external		mtb_option	API
a06-12	API 店頭買取管理 — 固定価格部門を取得	f03-07	F03-07（入荷時通知）	5	shared_db_table,shared_external		mtb_option	API
a06-12	API 店頭買取管理 — 固定価格部門を取得	f06-26	F06-26（店頭PC用アカウントで通常会員と異なる制御）	5	shared_db_table,shared_external		mtb_option	API
a06-12	API 店頭買取管理 — 固定価格部門を取得	m05-08	m05-08_admin_order_order_stack_paper_print（受注管理 — スタック用紙印刷）	5	shared_db_table,shared_external		mtb_option	API
a06-12	API 店頭買取管理 — 固定価格部門を取得	m05-10	m05-10_admin_order_order_print_delivery_slips_en（受注管理 — 納品書印刷・英語）	5	shared_db_table,shared_external		mtb_option	API
a06-12	API 店頭買取管理 — 固定価格部門を取得	m05-21	m05-21_admin_order_order_shipping_standby_picking_list_print（管理画面_受注管理_ピッキングリスト印刷）	5	shared_db_table,shared_external		mtb_option	API
a06-13	API 店頭買取管理 — 本人確認更新	o01-01	o01-01_other_mtg_buyer_mtg_buyer_store_purchase（その他_MTGバイヤー_店頭買取）	11	reverse_ref,shared_update_table,shared_external	dtb_otc_buy_order	dtb_otc_buy_order	API
a06-13	API 店頭買取管理 — 本人確認更新	a06-04	API 店頭買取管理 — 店頭買取受注コメント更新	9	shared_update_table,shared_external,same_domain	dtb_member,dtb_otc_buy_order	dtb_member,dtb_otc_buy_order	API
a06-13	API 店頭買取管理 — 本人確認更新	f08-02	F08-02（店頭買取査定申込情報入力）	9	shared_update_table,shared_external,same_domain_cross_layer	dtb_otc_buy_order	dtb_otc_buy_order	API
a06-13	API 店頭買取管理 — 本人確認更新	f08-03	F08-03（店頭買取査定申込登録確認〜完了）	9	shared_update_table,shared_external,same_domain_cross_layer	dtb_otc_buy_order	dtb_otc_buy_order	API
a06-13	API 店頭買取管理 — 本人確認更新	m06-03	店頭買取管理 — 買取詳細（買取情報の確認と保存）	9	shared_update_table,shared_external,same_domain_cross_layer	dtb_otc_buy_order	dtb_otc_buy_order	API
a06-13	API 店頭買取管理 — 本人確認更新	m06-04	店頭買取管理 — 買取ステータス変更	9	shared_update_table,shared_external,same_domain_cross_layer	dtb_otc_buy_order	dtb_otc_buy_order	API
a06-13	API 店頭買取管理 — 本人確認更新	m06-05	店頭買取管理 — 買取商品履歴（検索／一覧）	9	shared_update_table,shared_external,same_domain_cross_layer	dtb_otc_buy_order	dtb_otc_buy_order	API
a06-13	API 店頭買取管理 — 本人確認更新	m06-13	M06-13（買取商品（キャンセル）CSV）	9	shared_update_table,shared_external,same_domain_cross_layer	dtb_otc_buy_order	dtb_otc_buy_order	API
a06-13	API 店頭買取管理 — 本人確認更新	a06-01	API 店頭買取管理 — 買取アプリ用ログイン	8	shared_update_table,shared_external,same_domain	dtb_member	dtb_member	API
a06-13	API 店頭買取管理 — 本人確認更新	a06-02	API 店頭買取管理 — 店頭買取受注一覧取得	8	shared_db_table,shared_external,same_domain		dtb_member,dtb_otc_buy_order,mtb_identification	API
a06-13	API 店頭買取管理 — 本人確認更新	a06-05	API 店頭買取管理 — 店頭買取受注ステータス更新	8	shared_update_table,shared_external,same_domain	dtb_otc_buy_order	dtb_otc_buy_order	API
a06-13	API 店頭買取管理 — 本人確認更新	a06-16	A06-16（店頭買取情報ダブルチェック者更新）	8	shared_update_table,shared_external,same_domain	dtb_otc_buy_order	dtb_otc_buy_order	API
a06-14	A06-14（店頭買取情報一部キャンセル情報連携）	m06-03	店頭買取管理 — 買取詳細（買取情報の確認と保存）	11	shared_update_table,shared_external,same_domain_cross_layer	dtb_otc_buy_order_indivisual_input_product,dtb_otc_buy_order_stock,dtb_otc_buy_order_stock_history	dtb_otc_buy_order,dtb_otc_buy_order_indivisual_input_product,dtb_otc_buy_order_stock,dtb_otc_buy_order_stock_history	API,バッチ
a06-14	A06-14（店頭買取情報一部キャンセル情報連携）	m06-05	店頭買取管理 — 買取商品履歴（検索／一覧）	10	shared_update_table,shared_external,same_domain_cross_layer	dtb_otc_buy_order_stock,dtb_otc_buy_order_stock_history	dtb_otc_buy_order,dtb_otc_buy_order_stock,dtb_otc_buy_order_stock_history	API,CSV,バッチ
a06-14	A06-14（店頭買取情報一部キャンセル情報連携）	m06-02	m06-02_admin_store_purchase_otc_buy_order_old_goods_account_csv_export（店頭買取管理 — 古物台帳入力用CSV出力）	9	shared_db_table,shared_external,same_domain_cross_layer		dtb_otc_buy_order,dtb_otc_buy_order_detail,dtb_otc_buy_order_indivisual_input_product	API,CSV,PDF,バッチ
a06-14	A06-14（店頭買取情報一部キャンセル情報連携）	m06-06	m06-06_admin_store_purchase_purchase_store_history_csv_export_all（管理画面_店頭買取管理_買取商品履歴_検索結果全件CSV出力）	9	shared_db_table,shared_external,same_domain_cross_layer		dtb_otc_buy_order,dtb_otc_buy_order_stock,dtb_otc_buy_order_stock_history	API,CSV,バッチ
a06-14	A06-14（店頭買取情報一部キャンセル情報連携）	m06-07	m06-07_admin_store_purchase_purchase_store_history_select_csv_export（管理画面_店頭買取管理_買取商品履歴_選択CSV出力）	9	shared_update_table,shared_external,same_domain_cross_layer	dtb_otc_buy_order_stock_history	dtb_otc_buy_order,dtb_otc_buy_order_stock,dtb_otc_buy_order_stock_history	API,CSV,バッチ
a06-14	A06-14（店頭買取情報一部キャンセル情報連携）	m06-10	M06-10（戻しリストCSV出力）	9	shared_db_table,shared_external,same_domain_cross_layer		dtb_otc_buy_order,dtb_otc_buy_order_stock,dtb_otc_buy_order_stock_history	API,CSV,PDF,スマレジ,バッチ,メール
a06-14	A06-14（店頭買取情報一部キャンセル情報連携）	m06-12	M06-12（買取商品一覧CSV）	9	shared_db_table,shared_external,same_domain_cross_layer		dtb_otc_buy_order,dtb_otc_buy_order_stock,dtb_otc_buy_order_stock_history	API,CSV,PDF,スマレジ,バッチ,メール
a06-14	A06-14（店頭買取情報一部キャンセル情報連携）	o01-01	o01-01_other_mtg_buyer_mtg_buyer_store_purchase（その他_MTGバイヤー_店頭買取）	9	shared_update_table,shared_external	dtb_otc_buy_order_indivisual_input_product,dtb_otc_buy_order_stock,dtb_otc_buy_order_stock_history	dtb_otc_buy_order,dtb_otc_buy_order_detail,dtb_otc_buy_order_indivisual_input_product,dtb_otc_buy_order_stock,dtb_otc_buy_order_stock_history	API,CSV,スマレジ,バッチ
a06-14	A06-14（店頭買取情報一部キャンセル情報連携）	a06-03	API 店頭買取管理 — 店頭買取受注詳細更新	8	shared_db_table,shared_external,same_domain		dtb_otc_buy_order,dtb_otc_buy_order_detail,dtb_otc_buy_order_indivisual_input_product,dtb_otc_buy_order_stock,dtb_otc_buy_order_stock_history	API
a06-14	A06-14（店頭買取情報一部キャンセル情報連携）	b06-01	B06-01（買取自動入庫バッチ）	8	shared_update_table,shared_external	dtb_otc_buy_order_stock,dtb_otc_buy_order_stock_history	dtb_otc_buy_order_stock,dtb_otc_buy_order_stock_history	API,CSV,PDF,スマレジ,バッチ,メール
a06-14	A06-14（店頭買取情報一部キャンセル情報連携）	m06-01	m06-01_admin_store_purchase_purchase_store_search_list（管理画面_店頭買取管理_買取検索一覧）	8	shared_db_table,shared_external,same_domain_cross_layer		dtb_otc_buy_order,dtb_otc_buy_order_detail	API,CSV,PDF,バッチ
a06-14	A06-14（店頭買取情報一部キャンセル情報連携）	m06-11	M06-11（戻しリストPDF出力）	8	shared_db_table,shared_external,same_domain_cross_layer		dtb_otc_buy_order,dtb_otc_buy_order_stock	API,CSV,PDF,スマレジ,バッチ,メール
a06-15	A06-15（店頭買取情報同一所属店舗メンバー取得）	a06-16	A06-16（店頭買取情報ダブルチェック者更新）	13	direct_ref,shared_update_table,shared_external,same_domain	dtb_otc_buy_order_approver	dtb_otc_buy_order_approver	API,CSV,PDF,Webhook,スマレジ,バッチ,メール
a06-15	A06-15（店頭買取情報同一所属店舗メンバー取得）	a06-01	API 店頭買取管理 — 買取アプリ用ログイン	6	shared_db_table,shared_external,same_domain		dtb_member	API
a06-15	A06-15（店頭買取情報同一所属店舗メンバー取得）	a06-02	API 店頭買取管理 — 店頭買取受注一覧取得	6	shared_db_table,shared_external,same_domain		dtb_member	API
a06-15	A06-15（店頭買取情報同一所属店舗メンバー取得）	a06-03	API 店頭買取管理 — 店頭買取受注詳細更新	6	shared_db_table,shared_external,same_domain		dtb_member	API
a06-15	A06-15（店頭買取情報同一所属店舗メンバー取得）	a06-04	API 店頭買取管理 — 店頭買取受注コメント更新	6	shared_db_table,shared_external,same_domain		dtb_member	API
a06-15	A06-15（店頭買取情報同一所属店舗メンバー取得）	a06-13	API 店頭買取管理 — 本人確認更新	6	shared_db_table,shared_external,same_domain		dtb_member	API
a06-15	A06-15（店頭買取情報同一所属店舗メンバー取得）	a07-02	API ネット買取管理 — ネット買取受注一覧取得	5	shared_db_table,shared_external		dtb_member	API
a06-15	A06-15（店頭買取情報同一所属店舗メンバー取得）	a07-03	API ネット買取管理 — ネット買取受注コメント更新	5	shared_db_table,shared_external		dtb_member	API
a06-15	A06-15（店頭買取情報同一所属店舗メンバー取得）	a07-04	API ネット買取管理 — ネット買取受注ステータス更新	5	shared_db_table,shared_external		dtb_member	API
a06-15	A06-15（店頭買取情報同一所属店舗メンバー取得）	m01-01	m01-01_admin_login_login（管理画面_認証機能）	5	shared_db_table,shared_external		dtb_member	API,バッチ
a06-15	A06-15（店頭買取情報同一所属店舗メンバー取得）	m01-02	m01-02_admin_login_two_factor_auth（管理画面_二段階認証）	5	shared_db_table,shared_external		dtb_member	API,バッチ
a06-15	A06-15（店頭買取情報同一所属店舗メンバー取得）	m04-17	M04-17（在庫履歴検索/一覧）	5	shared_db_table,shared_external		dtb_member	API,CSV,バッチ
a06-16	A06-16（店頭買取情報ダブルチェック者更新）	a06-15	A06-15（店頭買取情報同一所属店舗メンバー取得）	12	reverse_ref,shared_update_table,shared_external,same_domain	dtb_otc_buy_order_approver	dtb_otc_buy_order_approver	API,CSV,PDF,Webhook,スマレジ,バッチ,メール
a06-16	A06-16（店頭買取情報ダブルチェック者更新）	f08-02	F08-02（店頭買取査定申込情報入力）	9	shared_update_table,shared_external,same_domain_cross_layer	dtb_otc_buy_order	dtb_otc_buy_order	API,バッチ,メール
a06-16	A06-16（店頭買取情報ダブルチェック者更新）	f08-03	F08-03（店頭買取査定申込登録確認〜完了）	9	shared_update_table,shared_external,same_domain_cross_layer	dtb_otc_buy_order	dtb_otc_buy_order	API,バッチ,メール
a06-16	A06-16（店頭買取情報ダブルチェック者更新）	m06-03	店頭買取管理 — 買取詳細（買取情報の確認と保存）	9	shared_update_table,shared_external,same_domain_cross_layer	dtb_otc_buy_order	dtb_otc_buy_order	API,バッチ
a06-16	A06-16（店頭買取情報ダブルチェック者更新）	m06-04	店頭買取管理 — 買取ステータス変更	9	shared_update_table,shared_external,same_domain_cross_layer	dtb_otc_buy_order	dtb_otc_buy_order	API,バッチ
a06-16	A06-16（店頭買取情報ダブルチェック者更新）	m06-05	店頭買取管理 — 買取商品履歴（検索／一覧）	9	shared_update_table,shared_external,same_domain_cross_layer	dtb_otc_buy_order	dtb_otc_buy_order	API,CSV,バッチ
a06-16	A06-16（店頭買取情報ダブルチェック者更新）	m06-13	M06-13（買取商品（キャンセル）CSV）	9	shared_update_table,shared_external,same_domain_cross_layer	dtb_otc_buy_order	dtb_otc_buy_order	API,CSV,PDF,スマレジ,バッチ,メール
a06-16	A06-16（店頭買取情報ダブルチェック者更新）	a06-04	API 店頭買取管理 — 店頭買取受注コメント更新	8	shared_update_table,shared_external,same_domain	dtb_otc_buy_order	dtb_otc_buy_order	API
a06-16	A06-16（店頭買取情報ダブルチェック者更新）	a06-05	API 店頭買取管理 — 店頭買取受注ステータス更新	8	shared_update_table,shared_external,same_domain	dtb_otc_buy_order	dtb_otc_buy_order	API
a06-16	A06-16（店頭買取情報ダブルチェック者更新）	a06-13	API 店頭買取管理 — 本人確認更新	8	shared_update_table,shared_external,same_domain	dtb_otc_buy_order	dtb_otc_buy_order	API
a06-16	A06-16（店頭買取情報ダブルチェック者更新）	m06-01	m06-01_admin_store_purchase_purchase_store_search_list（管理画面_店頭買取管理_買取検索一覧）	7	shared_db_table,shared_external,same_domain_cross_layer		dtb_otc_buy_order	API,CSV,PDF,バッチ
a06-16	A06-16（店頭買取情報ダブルチェック者更新）	m06-02	m06-02_admin_store_purchase_otc_buy_order_old_goods_account_csv_export（店頭買取管理 — 古物台帳入力用CSV出力）	7	shared_db_table,shared_external,same_domain_cross_layer		dtb_otc_buy_order	API,CSV,PDF,バッチ
a06-17	API 店頭買取管理 — カード詳細IDから買取用商品情報を取得	a06-06	API 店頭買取管理 — カード詳細IDから買取用商品情報を取得	8	shared_db_table,shared_external,same_domain		dtb_product,dtb_product_class,dtb_product_class_image,dtb_product_sub,dtb_product_sub_class,dtb_product_sub_class_image,mtb_card,mtb_card_detail	API
a06-17	API 店頭買取管理 — カード詳細IDから買取用商品情報を取得	a06-07	API 店頭買取管理 — 商品IDリストから買取用商品情報を取得	8	shared_db_table,shared_external,same_domain		dtb_product,dtb_product_class,dtb_product_class_image,dtb_product_sub,dtb_product_sub_class,dtb_product_sub_class_image,mtb_card,mtb_card_detail	API
a06-17	API 店頭買取管理 — カード詳細IDから買取用商品情報を取得	a06-10	API 店頭買取管理 — 商品IDリストから買取用商品情報を取得	8	shared_db_table,shared_external,same_domain		dtb_product,dtb_product_class,dtb_product_class_image,dtb_product_sub,dtb_product_sub_class,dtb_product_sub_class_image,mtb_card,mtb_card_detail	API
a06-17	API 店頭買取管理 — カード詳細IDから買取用商品情報を取得	a06-18	API 店頭買取管理 — 商品IDリストから買取用商品情報を取得	8	shared_db_table,shared_external,same_domain		dtb_product,dtb_product_class,dtb_product_class_image,dtb_product_sub,dtb_product_sub_class,dtb_product_sub_class_image,mtb_card,mtb_card_detail	API
a06-17	API 店頭買取管理 — カード詳細IDから買取用商品情報を取得	a02-02	API 商品管理 — ポップアップ用カード情報取得	7	shared_db_table,shared_external		dtb_product,dtb_product_class,dtb_product_sub_class,mtb_card,mtb_card_detail	API
a06-17	API 店頭買取管理 — カード詳細IDから買取用商品情報を取得	a02-03	API 商品管理 — ポップアップ用商品情報取得（旧商品ID）	7	shared_db_table,shared_external		dtb_product,dtb_product_class,dtb_product_sub_class,mtb_card	API
a06-17	API 店頭買取管理 — カード詳細IDから買取用商品情報を取得	a02-04	API 商品管理 — ポップアップ用カード情報取得（旧商品ID）	7	shared_db_table,shared_external		dtb_product,dtb_product_class,dtb_product_sub_class,mtb_card	API
a06-17	API 店頭買取管理 — カード詳細IDから買取用商品情報を取得	a02-05	API 商品管理 — 更新商品規格取得	7	shared_db_table,shared_external		dtb_product,dtb_product_class,dtb_product_sub_class	API
a06-17	API 店頭買取管理 — カード詳細IDから買取用商品情報を取得	a06-08	API 店頭買取管理 — カード名から買取用商品情報を取得	7	shared_db_table,shared_external		dtb_product,dtb_product_class,dtb_product_class_image,dtb_product_sub,dtb_product_sub_class,dtb_product_sub_class_image,mtb_card,mtb_card_detail	API
a06-17	API 店頭買取管理 — カード詳細IDから買取用商品情報を取得	a06-09	API 店頭買取管理 — 商品名から商品詳細の情報を取得	7	shared_db_table,shared_external		dtb_product,dtb_product_class,dtb_product_class_image,dtb_product_sub_class,dtb_product_sub_class_image,mtb_card,mtb_card_detail	API
a06-17	API 店頭買取管理 — カード詳細IDから買取用商品情報を取得	a17-04	API その他 — 商品IDに紐づく商品詳細の情報を取得	7	shared_db_table,shared_external		dtb_product,dtb_product_class,dtb_product_class_image,mtb_card,mtb_card_detail	API
a06-17	API 店頭買取管理 — カード詳細IDから買取用商品情報を取得	a17-05	API 店頭買取管理 — 商品名から商品詳細の情報を取得	7	shared_db_table,shared_external		dtb_product,dtb_product_class,dtb_product_class_image,dtb_product_sub_class,dtb_product_sub_class_image,mtb_card,mtb_card_detail	API
a06-18	API 店頭買取管理 — 商品IDリストから買取用商品情報を取得	a06-06	API 店頭買取管理 — カード詳細IDから買取用商品情報を取得	8	shared_db_table,shared_external,same_domain		dtb_product,dtb_product_class,dtb_product_class_image,dtb_product_sub,dtb_product_sub_class,dtb_product_sub_class_image,mtb_card,mtb_card_detail	API
a06-18	API 店頭買取管理 — 商品IDリストから買取用商品情報を取得	a06-07	API 店頭買取管理 — 商品IDリストから買取用商品情報を取得	8	shared_db_table,shared_external,same_domain		dtb_product,dtb_product_class,dtb_product_class_image,dtb_product_sub,dtb_product_sub_class,dtb_product_sub_class_image,mtb_card,mtb_card_detail	API
a06-18	API 店頭買取管理 — 商品IDリストから買取用商品情報を取得	a06-10	API 店頭買取管理 — 商品IDリストから買取用商品情報を取得	8	shared_db_table,shared_external,same_domain		dtb_product,dtb_product_class,dtb_product_class_image,dtb_product_sub,dtb_product_sub_class,dtb_product_sub_class_image,mtb_card,mtb_card_detail	API
a06-18	API 店頭買取管理 — 商品IDリストから買取用商品情報を取得	a06-17	API 店頭買取管理 — カード詳細IDから買取用商品情報を取得	8	shared_db_table,shared_external,same_domain		dtb_product,dtb_product_class,dtb_product_class_image,dtb_product_sub,dtb_product_sub_class,dtb_product_sub_class_image,mtb_card,mtb_card_detail	API
a06-18	API 店頭買取管理 — 商品IDリストから買取用商品情報を取得	a02-02	API 商品管理 — ポップアップ用カード情報取得	7	shared_db_table,shared_external		dtb_product,dtb_product_class,dtb_product_sub_class,mtb_card,mtb_card_detail	API
a06-18	API 店頭買取管理 — 商品IDリストから買取用商品情報を取得	a02-03	API 商品管理 — ポップアップ用商品情報取得（旧商品ID）	7	shared_db_table,shared_external		dtb_product,dtb_product_class,dtb_product_sub_class,mtb_card	API
a06-18	API 店頭買取管理 — 商品IDリストから買取用商品情報を取得	a02-04	API 商品管理 — ポップアップ用カード情報取得（旧商品ID）	7	shared_db_table,shared_external		dtb_product,dtb_product_class,dtb_product_sub_class,mtb_card	API
a06-18	API 店頭買取管理 — 商品IDリストから買取用商品情報を取得	a02-05	API 商品管理 — 更新商品規格取得	7	shared_db_table,shared_external		dtb_product,dtb_product_class,dtb_product_sub_class	API
a06-18	API 店頭買取管理 — 商品IDリストから買取用商品情報を取得	a06-08	API 店頭買取管理 — カード名から買取用商品情報を取得	7	shared_db_table,shared_external		dtb_product,dtb_product_class,dtb_product_class_image,dtb_product_sub,dtb_product_sub_class,dtb_product_sub_class_image,mtb_card,mtb_card_detail	API
a06-18	API 店頭買取管理 — 商品IDリストから買取用商品情報を取得	a06-09	API 店頭買取管理 — 商品名から商品詳細の情報を取得	7	shared_db_table,shared_external		dtb_product,dtb_product_class,dtb_product_class_image,dtb_product_sub_class,dtb_product_sub_class_image,mtb_card,mtb_card_detail	API
a06-18	API 店頭買取管理 — 商品IDリストから買取用商品情報を取得	a17-04	API その他 — 商品IDに紐づく商品詳細の情報を取得	7	shared_db_table,shared_external		dtb_product,dtb_product_class,dtb_product_class_image,mtb_card,mtb_card_detail	API
a06-18	API 店頭買取管理 — 商品IDリストから買取用商品情報を取得	a17-05	API 店頭買取管理 — 商品名から商品詳細の情報を取得	7	shared_db_table,shared_external		dtb_product,dtb_product_class,dtb_product_class_image,dtb_product_sub_class,dtb_product_sub_class_image,mtb_card,mtb_card_detail	API
a07-01	API ネット買取管理 — まとめて買取商品IDの取得	a05-04	API 受注管理 — スマレジ受信処理（ポイント履歴取得）	7	shared_update_table,shared_external	mtb_option	mtb_option	API
a07-01	API ネット買取管理 — まとめて買取商品IDの取得	f03-02	F03-02（商品詳細）	7	shared_update_table,shared_external	mtb_option	mtb_option	API
a07-01	API ネット買取管理 — まとめて買取商品IDの取得	f03-07	F03-07（入荷時通知）	7	shared_update_table,shared_external	mtb_option	mtb_option	API
a07-01	API ネット買取管理 — まとめて買取商品IDの取得	f06-26	F06-26（店頭PC用アカウントで通常会員と異なる制御）	7	shared_update_table,shared_external	mtb_option	mtb_option	API
a07-01	API ネット買取管理 — まとめて買取商品IDの取得	m07-01	m07-01_admin_online_purchase_purchase_online_search_list（ネット買取管理_買取検索一覧）	7	shared_db_table,shared_external,same_domain_cross_layer		mtb_option	API
a07-01	API ネット買取管理 — まとめて買取商品IDの取得	m07-04	m07-04_admin_online_purchase_purchase_manual_mail（管理画面_ネット買取管理_手動メール通知）	7	shared_db_table,shared_external,same_domain_cross_layer		mtb_option	API
a07-01	API ネット買取管理 — まとめて買取商品IDの取得	m10-16	追加システム設定（HareruyaEcプラグイン）	7	shared_update_table,shared_external	mtb_option	mtb_option	API
a07-01	API ネット買取管理 — まとめて買取商品IDの取得	a07-05	API ネット買取管理 — ネット買取注文の査定終了処理	6	shared_db_table,shared_external,same_domain		mtb_option	API
a07-01	API ネット買取管理 — まとめて買取商品IDの取得	a06-12	API 店頭買取管理 — 固定価格部門を取得	5	shared_db_table,shared_external		mtb_option	API
a07-01	API ネット買取管理 — まとめて買取商品IDの取得	b05-09	バッチ 受注管理 — スマレジ取引連携エラー再連携	5	shared_db_table,shared_external		mtb_option	API
a07-01	API ネット買取管理 — まとめて買取商品IDの取得	f03-01	F03-01（商品一覧）	5	shared_db_table,shared_external		mtb_option	API
a07-01	API ネット買取管理 — まとめて買取商品IDの取得	f03-05	商品 — 商品リコメンド（おすすめ商品ブロック）	5	shared_db_table,shared_external		mtb_option	API
a07-02	API ネット買取管理 — ネット買取受注一覧取得	a07-04	API ネット買取管理 — ネット買取受注ステータス更新	8	shared_update_table,shared_external,same_domain	mtb_buy_order_status	dtb_buy_order,dtb_member,mtb_buy_order_status	API
a07-02	API ネット買取管理 — ネット買取受注一覧取得	m07-01	m07-01_admin_online_purchase_purchase_online_search_list（ネット買取管理_買取検索一覧）	8	shared_db_table,shared_external,same_domain_cross_layer		dtb_buy_order,mtb_buy_order_status	API
a07-02	API ネット買取管理 — ネット買取受注一覧取得	m07-03	ネット買取管理 — 買取情報編集（買取詳細）	8	shared_db_table,shared_external,same_domain_cross_layer		dtb_buy_order,mtb_buy_order_status	API,支店
a07-02	API ネット買取管理 — ネット買取受注一覧取得	a07-03	API ネット買取管理 — ネット買取受注コメント更新	7	shared_db_table,shared_external,same_domain		dtb_buy_order,dtb_member	API
a07-02	API ネット買取管理 — ネット買取受注一覧取得	a07-05	API ネット買取管理 — ネット買取注文の査定終了処理	7	shared_db_table,shared_external,same_domain		dtb_buy_order,mtb_buy_order_status	API
a07-02	API ネット買取管理 — ネット買取受注一覧取得	f05-06	F05-06（ネット買取買取手続き〜完了）	7	shared_db_table,shared_external,same_domain_cross_layer		dtb_buy_order	API,支店
a07-02	API ネット買取管理 — ネット買取受注一覧取得	m07-02	m07-02_admin_online_purchase_purchase_online_old_goods_ledger_csv_export（管理画面_ネット買取管理_古物台帳入力用CSV出力）	7	shared_db_table,shared_external,same_domain_cross_layer		dtb_buy_order	API,支店
a07-02	API ネット買取管理 — ネット買取受注一覧取得	m07-06	m07-06_admin_online_purchase_purchase_online_product_list_csv_export（管理画面_ネット買取管理_買取商品一覧CSV出力）	7	shared_db_table,shared_external,same_domain_cross_layer		dtb_buy_order	API,支店
a07-02	API ネット買取管理 — ネット買取受注一覧取得	m07-07	M07-07（買取商品（キャンセル）CSV）	7	shared_db_table,shared_external,same_domain_cross_layer		dtb_buy_order	API
a07-02	API ネット買取管理 — ネット買取受注一覧取得	m07-08	M07-08（戻しリストCSV）	7	shared_db_table,shared_external,same_domain_cross_layer		dtb_buy_order	API
a07-02	API ネット買取管理 — ネット買取受注一覧取得	m07-09	M07-09（戻しリストPDF）	7	shared_db_table,shared_external,same_domain_cross_layer		dtb_buy_order	API,支店
a07-02	API ネット買取管理 — ネット買取受注一覧取得	o01-02	o01-02_other_mtg_buyer_mtg_buyer_online_purchase（その他_MTGバイヤー_ネット買取）	7	shared_update_table,shared_external	mtb_buy_order_status	dtb_buy_order,mtb_buy_order_status	API
a07-03	API ネット買取管理 — ネット買取受注コメント更新	a07-04	API ネット買取管理 — ネット買取受注ステータス更新	9	shared_update_table,shared_external,same_domain	dtb_buy_order,dtb_member	dtb_buy_order,dtb_member	API
a07-03	API ネット買取管理 — ネット買取受注コメント更新	f05-06	F05-06（ネット買取買取手続き〜完了）	9	shared_update_table,shared_external,same_domain_cross_layer	dtb_buy_order	dtb_buy_order	API
a07-03	API ネット買取管理 — ネット買取受注コメント更新	m07-03	ネット買取管理 — 買取情報編集（買取詳細）	9	shared_update_table,shared_external,same_domain_cross_layer	dtb_buy_order	dtb_buy_order	API
a07-03	API ネット買取管理 — ネット買取受注コメント更新	m07-07	M07-07（買取商品（キャンセル）CSV）	9	shared_update_table,shared_external,same_domain_cross_layer	dtb_buy_order	dtb_buy_order	API
a07-03	API ネット買取管理 — ネット買取受注コメント更新	m07-08	M07-08（戻しリストCSV）	9	shared_update_table,shared_external,same_domain_cross_layer	dtb_buy_order	dtb_buy_order	API
a07-03	API ネット買取管理 — ネット買取受注コメント更新	m07-09	M07-09（戻しリストPDF）	9	shared_update_table,shared_external,same_domain_cross_layer	dtb_buy_order	dtb_buy_order	API
a07-03	API ネット買取管理 — ネット買取受注コメント更新	a06-01	API 店頭買取管理 — 買取アプリ用ログイン	7	shared_update_table,shared_external	dtb_member	dtb_member	API
a07-03	API ネット買取管理 — ネット買取受注コメント更新	a06-04	API 店頭買取管理 — 店頭買取受注コメント更新	7	shared_update_table,shared_external	dtb_member	dtb_member	API
a07-03	API ネット買取管理 — ネット買取受注コメント更新	a06-13	API 店頭買取管理 — 本人確認更新	7	shared_update_table,shared_external	dtb_member	dtb_member	API
a07-03	API ネット買取管理 — ネット買取受注コメント更新	a07-02	API ネット買取管理 — ネット買取受注一覧取得	7	shared_db_table,shared_external,same_domain		dtb_buy_order,dtb_member	API
a07-03	API ネット買取管理 — ネット買取受注コメント更新	m01-01	m01-01_admin_login_login（管理画面_認証機能）	7	shared_update_table,shared_external	dtb_member	dtb_member	API
a07-03	API ネット買取管理 — ネット買取受注コメント更新	m01-02	m01-02_admin_login_two_factor_auth（管理画面_二段階認証）	7	shared_update_table,shared_external	dtb_member	dtb_member	API
a07-04	API ネット買取管理 — ネット買取受注ステータス更新	a07-03	API ネット買取管理 — ネット買取受注コメント更新	9	shared_update_table,shared_external,same_domain	dtb_buy_order,dtb_member	dtb_buy_order,dtb_member	API
a07-04	API ネット買取管理 — ネット買取受注ステータス更新	f05-06	F05-06（ネット買取買取手続き〜完了）	9	shared_update_table,shared_external,same_domain_cross_layer	dtb_buy_order	dtb_buy_order	API
a07-04	API ネット買取管理 — ネット買取受注ステータス更新	m07-01	m07-01_admin_online_purchase_purchase_online_search_list（ネット買取管理_買取検索一覧）	9	shared_db_table,shared_external,same_domain_cross_layer		dtb_buy_order,dtb_buy_order_status_histry,mtb_buy_order_status	API
a07-04	API ネット買取管理 — ネット買取受注ステータス更新	m07-03	ネット買取管理 — 買取情報編集（買取詳細）	9	shared_update_table,shared_external,same_domain_cross_layer	dtb_buy_order	dtb_buy_order,dtb_buy_order_status_histry,mtb_buy_order_status	API
a07-04	API ネット買取管理 — ネット買取受注ステータス更新	m07-07	M07-07（買取商品（キャンセル）CSV）	9	shared_update_table,shared_external,same_domain_cross_layer	dtb_buy_order	dtb_buy_order	API
a07-04	API ネット買取管理 — ネット買取受注ステータス更新	m07-08	M07-08（戻しリストCSV）	9	shared_update_table,shared_external,same_domain_cross_layer	dtb_buy_order	dtb_buy_order	API
a07-04	API ネット買取管理 — ネット買取受注ステータス更新	m07-09	M07-09（戻しリストPDF）	9	shared_update_table,shared_external,same_domain_cross_layer	dtb_buy_order	dtb_buy_order	API
a07-04	API ネット買取管理 — ネット買取受注ステータス更新	o01-02	o01-02_other_mtg_buyer_mtg_buyer_online_purchase（その他_MTGバイヤー_ネット買取）	9	shared_update_table,shared_external	dtb_buy_order,dtb_buy_order_status_history,mtb_buy_order_status	dtb_buy_order,dtb_buy_order_status_history,mtb_buy_order_status	API
a07-04	API ネット買取管理 — ネット買取受注ステータス更新	a07-02	API ネット買取管理 — ネット買取受注一覧取得	8	shared_update_table,shared_external,same_domain	mtb_buy_order_status	dtb_buy_order,dtb_member,mtb_buy_order_status	API
a07-04	API ネット買取管理 — ネット買取受注ステータス更新	a07-05	API ネット買取管理 — ネット買取注文の査定終了処理	8	shared_db_table,shared_external,same_domain		dtb_buy_order,dtb_buy_order_status_history,dtb_buy_order_status_histry,mtb_buy_order_status	API
a07-04	API ネット買取管理 — ネット買取受注ステータス更新	m07-06	m07-06_admin_online_purchase_purchase_online_product_list_csv_export（管理画面_ネット買取管理_買取商品一覧CSV出力）	8	shared_db_table,shared_external,same_domain_cross_layer		dtb_buy_order,dtb_buy_order_status_histry	API
a07-04	API ネット買取管理 — ネット買取受注ステータス更新	o01-03	o01-03_other_mtg_buyer_mtg_buyer_stock_inbound（その他_MTGバイヤー_入庫モード）	8	shared_update_table,shared_external	dtb_buy_order,mtb_buy_order_status	dtb_buy_order,mtb_buy_order_status	API
a07-05	API ネット買取管理 — ネット買取注文の査定終了処理	m07-01	m07-01_admin_online_purchase_purchase_online_search_list（ネット買取管理_買取検索一覧）	9	shared_db_table,shared_external,same_domain_cross_layer		dtb_buy_main_card,dtb_buy_order,dtb_buy_order_indivisual_input_product,dtb_buy_order_status_histry,mtb_buy_order_status,mtb_option	API
a07-05	API ネット買取管理 — ネット買取注文の査定終了処理	m07-02	m07-02_admin_online_purchase_purchase_online_old_goods_ledger_csv_export（管理画面_ネット買取管理_古物台帳入力用CSV出力）	9	shared_db_table,shared_external,same_domain_cross_layer		dtb_buy_main_card,dtb_buy_order,dtb_buy_order_indivisual_input_product	API
a07-05	API ネット買取管理 — ネット買取注文の査定終了処理	m07-03	ネット買取管理 — 買取情報編集（買取詳細）	9	shared_db_table,shared_external,same_domain_cross_layer		dtb_buy_main_card,dtb_buy_order,dtb_buy_order_indivisual_input_product,dtb_buy_order_status_histry,mtb_buy_order_status	API
a07-05	API ネット買取管理 — ネット買取注文の査定終了処理	m07-06	m07-06_admin_online_purchase_purchase_online_product_list_csv_export（管理画面_ネット買取管理_買取商品一覧CSV出力）	9	shared_db_table,shared_external,same_domain_cross_layer		dtb_buy_main_card,dtb_buy_order,dtb_buy_order_indivisual_input_product,dtb_buy_order_status_histry	API
a07-05	API ネット買取管理 — ネット買取注文の査定終了処理	m07-07	M07-07（買取商品（キャンセル）CSV）	9	shared_db_table,shared_external,same_domain_cross_layer		dtb_buy_main_card,dtb_buy_order,dtb_buy_order_indivisual_input_product	API
a07-05	API ネット買取管理 — ネット買取注文の査定終了処理	a07-04	API ネット買取管理 — ネット買取受注ステータス更新	8	shared_db_table,shared_external,same_domain		dtb_buy_order,dtb_buy_order_status_history,dtb_buy_order_status_histry,mtb_buy_order_status	API
a07-05	API ネット買取管理 — ネット買取注文の査定終了処理	f05-06	F05-06（ネット買取買取手続き〜完了）	8	shared_db_table,shared_external,same_domain_cross_layer		dtb_buy_main_card,dtb_buy_order	API
a07-05	API ネット買取管理 — ネット買取注文の査定終了処理	a07-02	API ネット買取管理 — ネット買取受注一覧取得	7	shared_db_table,shared_external,same_domain		dtb_buy_order,mtb_buy_order_status	API
a07-05	API ネット買取管理 — ネット買取注文の査定終了処理	a07-06	API ネット買取管理 — 複数ネット買取IDからネット買取受注の商品一覧を取得	7	shared_db_table,shared_external,same_domain		dtb_application_price,dtb_buy_main_card	API
a07-05	API ネット買取管理 — ネット買取注文の査定終了処理	f06-11	F06-11（買取履歴一覧）	7	shared_db_table,shared_external		dtb_buy_main_card,dtb_buy_order,dtb_buy_order_indivisual_input_product	API
a07-05	API ネット買取管理 — ネット買取注文の査定終了処理	f06-12	F06-12（買取履歴詳細）	7	shared_db_table,shared_external		dtb_buy_main_card,dtb_buy_order,dtb_buy_order_status_history,dtb_buy_order_status_histry	API
a07-05	API ネット買取管理 — ネット買取注文の査定終了処理	m07-04	m07-04_admin_online_purchase_purchase_manual_mail（管理画面_ネット買取管理_手動メール通知）	7	shared_db_table,shared_external,same_domain_cross_layer		mtb_option	API
a07-06	API ネット買取管理 — 複数ネット買取IDからネット買取受注の商品一覧を取得	a07-05	API ネット買取管理 — ネット買取注文の査定終了処理	7	shared_db_table,shared_external,same_domain		dtb_application_price,dtb_buy_main_card	API
a07-06	API ネット買取管理 — 複数ネット買取IDからネット買取受注の商品一覧を取得	f05-06	F05-06（ネット買取買取手続き〜完了）	7	shared_db_table,shared_external,same_domain_cross_layer		dtb_buy_main_card	API
a07-06	API ネット買取管理 — 複数ネット買取IDからネット買取受注の商品一覧を取得	m07-01	m07-01_admin_online_purchase_purchase_online_search_list（ネット買取管理_買取検索一覧）	7	shared_db_table,shared_external,same_domain_cross_layer		dtb_buy_main_card	API
a07-06	API ネット買取管理 — 複数ネット買取IDからネット買取受注の商品一覧を取得	m07-02	m07-02_admin_online_purchase_purchase_online_old_goods_ledger_csv_export（管理画面_ネット買取管理_古物台帳入力用CSV出力）	7	shared_db_table,shared_external,same_domain_cross_layer		dtb_buy_main_card	API
a07-06	API ネット買取管理 — 複数ネット買取IDからネット買取受注の商品一覧を取得	m07-03	ネット買取管理 — 買取情報編集（買取詳細）	7	shared_db_table,shared_external,same_domain_cross_layer		dtb_buy_main_card	API
a07-06	API ネット買取管理 — 複数ネット買取IDからネット買取受注の商品一覧を取得	m07-06	m07-06_admin_online_purchase_purchase_online_product_list_csv_export（管理画面_ネット買取管理_買取商品一覧CSV出力）	7	shared_db_table,shared_external,same_domain_cross_layer		dtb_buy_main_card	API
a07-06	API ネット買取管理 — 複数ネット買取IDからネット買取受注の商品一覧を取得	m07-07	M07-07（買取商品（キャンセル）CSV）	7	shared_db_table,shared_external,same_domain_cross_layer		dtb_buy_main_card	API
a07-06	API ネット買取管理 — 複数ネット買取IDからネット買取受注の商品一覧を取得	f06-11	F06-11（買取履歴一覧）	5	shared_db_table,shared_external		dtb_buy_main_card	API
a07-06	API ネット買取管理 — 複数ネット買取IDからネット買取受注の商品一覧を取得	f06-12	F06-12（買取履歴詳細）	5	shared_db_table,shared_external		dtb_buy_main_card	API
a07-06	API ネット買取管理 — 複数ネット買取IDからネット買取受注の商品一覧を取得	m04-17	M04-17（在庫履歴検索/一覧）	5	shared_db_table,shared_external		mtb_card_condition	API
a07-06	API ネット買取管理 — 複数ネット買取IDからネット買取受注の商品一覧を取得	m04-19	M04-19（欠品履歴検索/一覧）	5	shared_db_table,shared_external		mtb_card_condition	API
a07-06	API ネット買取管理 — 複数ネット買取IDからネット買取受注の商品一覧を取得	m16-05	データ管理 — 販売割引率一覧	5	shared_db_table,shared_external		mtb_card_condition	API
a07-07	API ネット買取管理 — 複数ネット買取IDから個別入力商品の一覧を取得	m07-01	m07-01_admin_online_purchase_purchase_online_search_list（ネット買取管理_買取検索一覧）	7	shared_db_table,shared_external,same_domain_cross_layer		dtb_buy_order_indivisual_input_product	API
a07-07	API ネット買取管理 — 複数ネット買取IDから個別入力商品の一覧を取得	m07-02	m07-02_admin_online_purchase_purchase_online_old_goods_ledger_csv_export（管理画面_ネット買取管理_古物台帳入力用CSV出力）	7	shared_db_table,shared_external,same_domain_cross_layer		dtb_buy_order_indivisual_input_product	API
a07-07	API ネット買取管理 — 複数ネット買取IDから個別入力商品の一覧を取得	m07-03	ネット買取管理 — 買取情報編集（買取詳細）	7	shared_db_table,shared_external,same_domain_cross_layer		dtb_buy_order_indivisual_input_product	API
a07-07	API ネット買取管理 — 複数ネット買取IDから個別入力商品の一覧を取得	m07-06	m07-06_admin_online_purchase_purchase_online_product_list_csv_export（管理画面_ネット買取管理_買取商品一覧CSV出力）	7	shared_db_table,shared_external,same_domain_cross_layer		dtb_buy_order_indivisual_input_product	API
a07-07	API ネット買取管理 — 複数ネット買取IDから個別入力商品の一覧を取得	m07-07	M07-07（買取商品（キャンセル）CSV）	7	shared_db_table,shared_external,same_domain_cross_layer		dtb_buy_order_indivisual_input_product	API
a07-07	API ネット買取管理 — 複数ネット買取IDから個別入力商品の一覧を取得	a07-05	API ネット買取管理 — ネット買取注文の査定終了処理	6	shared_db_table,shared_external,same_domain		dtb_buy_order_indivisual_input_product	API
a07-07	API ネット買取管理 — 複数ネット買取IDから個別入力商品の一覧を取得	f06-11	F06-11（買取履歴一覧）	5	shared_db_table,shared_external		dtb_buy_order_indivisual_input_product	API
a07-07	API ネット買取管理 — 複数ネット買取IDから個別入力商品の一覧を取得	o01-02	o01-02_other_mtg_buyer_mtg_buyer_online_purchase（その他_MTGバイヤー_ネット買取）	5	shared_db_table,shared_external		dtb_buy_order_indivisual_input_product	API
a07-07	API ネット買取管理 — 複数ネット買取IDから個別入力商品の一覧を取得	f05-01	F05-01（ネット買取トップページ）	4	shared_external,same_domain_cross_layer			API
a07-07	API ネット買取管理 — 複数ネット買取IDから個別入力商品の一覧を取得	f05-02	F05-02（ネット買取商品検索）	4	shared_external,same_domain_cross_layer			API
a07-07	API ネット買取管理 — 複数ネット買取IDから個別入力商品の一覧を取得	f05-03	F05-03（ネット買取商品一覧）	4	shared_external,same_domain_cross_layer			API
a07-07	API ネット買取管理 — 複数ネット買取IDから個別入力商品の一覧を取得	f05-04	F05-04（ネット買取商品詳細）	4	shared_external,same_domain_cross_layer			API
a08-01	API データ管理 — トップバナーIDのトップバナー情報を取得	a16-01	API データ管理 — トップバナーIDのトップバナー情報を取得	17	direct_ref,reverse_ref,shared_db_table,shared_external,same_domain		dtb_top_banner_language,mtb_language,mtb_top_banner	API
a08-01	API データ管理 — トップバナーIDのトップバナー情報を取得	a08-02	API データ管理 — 指定言語の設定済みトップバナー一覧を取得	8	shared_db_table,shared_external,same_domain		dtb_top_banner_language,mtb_language,mtb_top_banner	API
a08-01	API データ管理 — トップバナーIDのトップバナー情報を取得	a16-02	API データ管理 — 指定言語の設定済みトップバナー一覧を取得	8	shared_db_table,shared_external,same_domain		dtb_top_banner_language,mtb_language,mtb_top_banner	API
a08-01	API データ管理 — トップバナーIDのトップバナー情報を取得	m16-02	データ管理 — トップバナー管理	7	shared_db_table,shared_external		dtb_top_banner_language,mtb_language,mtb_top_banner	API
a08-01	API データ管理 — トップバナーIDのトップバナー情報を取得	m16-01	データ管理 — トップバナー管理（バナー設定）	6	shared_db_table,shared_external		dtb_top_banner_language,mtb_top_banner	API
a08-01	API データ管理 — トップバナーIDのトップバナー情報を取得	a02-02	API 商品管理 — ポップアップ用カード情報取得	5	shared_db_table,shared_external		mtb_language	API
a08-01	API データ管理 — トップバナーIDのトップバナー情報を取得	a02-04	API 商品管理 — ポップアップ用カード情報取得（旧商品ID）	5	shared_db_table,shared_external		mtb_language	API
a08-01	API データ管理 — トップバナーIDのトップバナー情報を取得	m04-17	M04-17（在庫履歴検索/一覧）	5	shared_db_table,shared_external		mtb_language	API
a08-01	API データ管理 — トップバナーIDのトップバナー情報を取得	m04-18	M04-18（在庫履歴CSV出力）	5	shared_db_table,shared_external		mtb_language	API
a08-01	API データ管理 — トップバナーIDのトップバナー情報を取得	m04-19	M04-19（欠品履歴検索/一覧）	5	shared_db_table,shared_external		mtb_language	API
a08-01	API データ管理 — トップバナーIDのトップバナー情報を取得	f01-01	F01-01（本店トップページ表示）	4	shared_external,same_domain_cross_layer			API
a08-01	API データ管理 — トップバナーIDのトップバナー情報を取得	f01-02	F01-02（支店トップページ表示）	4	shared_external,same_domain_cross_layer			API
a08-02	API データ管理 — 指定言語の設定済みトップバナー一覧を取得	a16-02	API データ管理 — 指定言語の設定済みトップバナー一覧を取得	17	direct_ref,reverse_ref,shared_db_table,shared_external,same_domain		dtb_top_banner_language,mtb_language,mtb_top_banner	API,支店
a08-02	API データ管理 — 指定言語の設定済みトップバナー一覧を取得	a08-01	API データ管理 — トップバナーIDのトップバナー情報を取得	8	shared_db_table,shared_external,same_domain		dtb_top_banner_language,mtb_language,mtb_top_banner	API
a08-02	API データ管理 — 指定言語の設定済みトップバナー一覧を取得	a16-01	API データ管理 — トップバナーIDのトップバナー情報を取得	8	shared_db_table,shared_external,same_domain		dtb_top_banner_language,mtb_language,mtb_top_banner	API
a08-02	API データ管理 — 指定言語の設定済みトップバナー一覧を取得	m16-02	データ管理 — トップバナー管理	7	shared_db_table,shared_external		dtb_top_banner_language,mtb_language,mtb_top_banner	API
a08-02	API データ管理 — 指定言語の設定済みトップバナー一覧を取得	m16-01	データ管理 — トップバナー管理（バナー設定）	6	shared_db_table,shared_external		dtb_top_banner_language,mtb_top_banner	API
a08-02	API データ管理 — 指定言語の設定済みトップバナー一覧を取得	a02-02	API 商品管理 — ポップアップ用カード情報取得	5	shared_db_table,shared_external		mtb_language	API
a08-02	API データ管理 — 指定言語の設定済みトップバナー一覧を取得	a02-04	API 商品管理 — ポップアップ用カード情報取得（旧商品ID）	5	shared_db_table,shared_external		mtb_language	API
a08-02	API データ管理 — 指定言語の設定済みトップバナー一覧を取得	m04-17	M04-17（在庫履歴検索/一覧）	5	shared_db_table,shared_external		mtb_language	API
a08-02	API データ管理 — 指定言語の設定済みトップバナー一覧を取得	m04-18	M04-18（在庫履歴CSV出力）	5	shared_db_table,shared_external		mtb_language	API
a08-02	API データ管理 — 指定言語の設定済みトップバナー一覧を取得	m04-19	M04-19（欠品履歴検索/一覧）	5	shared_db_table,shared_external		mtb_language	API
a08-02	API データ管理 — 指定言語の設定済みトップバナー一覧を取得	m04-33	M04-33（戻しリストCSV）	5	shared_db_table,shared_external		mtb_language	支店
a08-02	API データ管理 — 指定言語の設定済みトップバナー一覧を取得	m04-34	M04-34（戻しリストPDF）	5	shared_db_table,shared_external		mtb_language	支店
a14-01	API カード管理 — カードIDからカード情報を取得	m14-01	カード管理 — カード検索（一覧・条件抽出）	7	shared_db_table,shared_external,same_domain_cross_layer		mtb_card	API
a14-01	API カード管理 — カードIDからカード情報を取得	m14-02	カード管理 — カード情報 CSV 出力	7	shared_db_table,shared_external,same_domain_cross_layer		mtb_card	API
a14-01	API カード管理 — カードIDからカード情報を取得	m14-03	カード管理 — 一括削除	7	shared_db_table,shared_external,same_domain_cross_layer		mtb_card	API
a14-01	API カード管理 — カードIDからカード情報を取得	m14-04	カード管理 — 新規登録・編集・削除（詳細フォーム）	7	shared_db_table,shared_external,same_domain_cross_layer		mtb_card	API
a14-01	API カード管理 — カードIDからカード情報を取得	m14-05	カード管理 — カード CSV 登録（取込）	7	shared_db_table,shared_external,same_domain_cross_layer		mtb_card	API
a14-01	API カード管理 — カードIDからカード情報を取得	a14-03	API カード管理 — 検索クエリに一致するカード情報1件を取得	6	shared_db_table,shared_external,same_domain		mtb_card	API
a14-01	API カード管理 — カードIDからカード情報を取得	a02-02	API 商品管理 — ポップアップ用カード情報取得	5	shared_db_table,shared_external		mtb_card	API
a14-01	API カード管理 — カードIDからカード情報を取得	a02-03	API 商品管理 — ポップアップ用商品情報取得（旧商品ID）	5	shared_db_table,shared_external		mtb_card	API
a14-01	API カード管理 — カードIDからカード情報を取得	a02-04	API 商品管理 — ポップアップ用カード情報取得（旧商品ID）	5	shared_db_table,shared_external		mtb_card	API
a14-01	API カード管理 — カードIDからカード情報を取得	a06-06	API 店頭買取管理 — カード詳細IDから買取用商品情報を取得	5	shared_db_table,shared_external		mtb_card	API
a14-01	API カード管理 — カードIDからカード情報を取得	a06-07	API 店頭買取管理 — 商品IDリストから買取用商品情報を取得	5	shared_db_table,shared_external		mtb_card	API
a14-01	API カード管理 — カードIDからカード情報を取得	a06-08	API 店頭買取管理 — カード名から買取用商品情報を取得	5	shared_db_table,shared_external		mtb_card	API
a14-02	API カード管理 — カード詳細IDからカード詳細情報を取得	m14-01	カード管理 — カード検索（一覧・条件抽出）	7	shared_db_table,shared_external,same_domain_cross_layer		mtb_card_detail	API
a14-02	API カード管理 — カード詳細IDからカード詳細情報を取得	m14-02	カード管理 — カード情報 CSV 出力	7	shared_db_table,shared_external,same_domain_cross_layer		mtb_card_detail	API
a14-02	API カード管理 — カード詳細IDからカード詳細情報を取得	m14-03	カード管理 — 一括削除	7	shared_db_table,shared_external,same_domain_cross_layer		mtb_card_detail	API
a14-02	API カード管理 — カード詳細IDからカード詳細情報を取得	m14-04	カード管理 — 新規登録・編集・削除（詳細フォーム）	7	shared_db_table,shared_external,same_domain_cross_layer		mtb_card_detail	API
a14-02	API カード管理 — カード詳細IDからカード詳細情報を取得	m14-05	カード管理 — カード CSV 登録（取込）	7	shared_db_table,shared_external,same_domain_cross_layer		mtb_card_detail	API
a14-02	API カード管理 — カード詳細IDからカード詳細情報を取得	m14-07	カードセット管理 — 収録カード画像 ZIP ダウンロード（セット別／言語別）	7	shared_db_table,shared_external,same_domain_cross_layer		mtb_card_detail	API
a14-02	API カード管理 — カード詳細IDからカード詳細情報を取得	m14-08	カード管理 — カードセット新規登録・編集・削除	7	shared_db_table,shared_external,same_domain_cross_layer		mtb_card_detail	API
a14-02	API カード管理 — カード詳細IDからカード詳細情報を取得	a02-02	API 商品管理 — ポップアップ用カード情報取得	5	shared_db_table,shared_external		mtb_card_detail	API
a14-02	API カード管理 — カード詳細IDからカード詳細情報を取得	a06-06	API 店頭買取管理 — カード詳細IDから買取用商品情報を取得	5	shared_db_table,shared_external		mtb_card_detail	API
a14-02	API カード管理 — カード詳細IDからカード詳細情報を取得	a06-07	API 店頭買取管理 — 商品IDリストから買取用商品情報を取得	5	shared_db_table,shared_external		mtb_card_detail	API
a14-02	API カード管理 — カード詳細IDからカード詳細情報を取得	a06-08	API 店頭買取管理 — カード名から買取用商品情報を取得	5	shared_db_table,shared_external		mtb_card_detail	API
a14-02	API カード管理 — カード詳細IDからカード詳細情報を取得	a06-09	API 店頭買取管理 — 商品名から商品詳細の情報を取得	5	shared_db_table,shared_external		mtb_card_detail	API
a14-03	API カード管理 — 検索クエリに一致するカード情報1件を取得	m14-01	カード管理 — カード検索（一覧・条件抽出）	7	shared_db_table,shared_external,same_domain_cross_layer		mtb_card	API
a14-03	API カード管理 — 検索クエリに一致するカード情報1件を取得	m14-02	カード管理 — カード情報 CSV 出力	7	shared_db_table,shared_external,same_domain_cross_layer		mtb_card	API,支店
a14-03	API カード管理 — 検索クエリに一致するカード情報1件を取得	m14-03	カード管理 — 一括削除	7	shared_db_table,shared_external,same_domain_cross_layer		mtb_card	API,支店
a14-03	API カード管理 — 検索クエリに一致するカード情報1件を取得	m14-04	カード管理 — 新規登録・編集・削除（詳細フォーム）	7	shared_db_table,shared_external,same_domain_cross_layer		mtb_card	API,支店
a14-03	API カード管理 — 検索クエリに一致するカード情報1件を取得	m14-05	カード管理 — カード CSV 登録（取込）	7	shared_db_table,shared_external,same_domain_cross_layer		mtb_card	API,支店
a14-03	API カード管理 — 検索クエリに一致するカード情報1件を取得	a14-01	API カード管理 — カードIDからカード情報を取得	6	shared_db_table,shared_external,same_domain		mtb_card	API
a14-03	API カード管理 — 検索クエリに一致するカード情報1件を取得	a02-02	API 商品管理 — ポップアップ用カード情報取得	5	shared_db_table,shared_external		mtb_card	API
a14-03	API カード管理 — 検索クエリに一致するカード情報1件を取得	a02-03	API 商品管理 — ポップアップ用商品情報取得（旧商品ID）	5	shared_db_table,shared_external		mtb_card	API
a14-03	API カード管理 — 検索クエリに一致するカード情報1件を取得	a02-04	API 商品管理 — ポップアップ用カード情報取得（旧商品ID）	5	shared_db_table,shared_external		mtb_card	API
a14-03	API カード管理 — 検索クエリに一致するカード情報1件を取得	a06-06	API 店頭買取管理 — カード詳細IDから買取用商品情報を取得	5	shared_db_table,shared_external		mtb_card	API
a14-03	API カード管理 — 検索クエリに一致するカード情報1件を取得	a06-07	API 店頭買取管理 — 商品IDリストから買取用商品情報を取得	5	shared_db_table,shared_external		mtb_card	API
a14-03	API カード管理 — 検索クエリに一致するカード情報1件を取得	a06-08	API 店頭買取管理 — カード名から買取用商品情報を取得	5	shared_db_table,shared_external		mtb_card	API,支店
a15-01	API デッキビルダー — ログイン	a15-02	API デッキビルダー — ログアウト	15	direct_ref,reverse_ref,shared_db_table,shared_external,same_domain		dtb_customer	API
a15-01	API デッキビルダー — ログイン	a17-03	API その他 — PointGranterAPI連携	7	shared_update_table,shared_external	dtb_customer	dtb_customer	API
a15-01	API デッキビルダー — ログイン	b08-01	バッチ 会員管理 — リニューアル時パスワードリセットメール送信	7	shared_update_table,shared_external	dtb_customer	dtb_customer	API,メール
a15-01	API デッキビルダー — ログイン	f05-06	F05-06（ネット買取買取手続き〜完了）	7	shared_update_table,shared_external	dtb_customer	dtb_customer	API,メール
a15-01	API デッキビルダー — ログイン	f06-01	F06-01（仮会員登録）	7	shared_update_table,shared_external	dtb_customer	dtb_customer	API,メール
a15-01	API デッキビルダー — ログイン	f06-02	会員 — 本会員登録（アクティベート）	7	shared_update_table,shared_external	dtb_customer	dtb_customer	API,メール
a15-01	API デッキビルダー — ログイン	f06-03	F06-03（本店・支店で会員ログイン）	7	shared_update_table,shared_external	dtb_customer	dtb_customer	API,メール
a15-01	API デッキビルダー — ログイン	f06-04	会員 — パスワード変更（パスワード再発行・再設定）	7	shared_update_table,shared_external	dtb_customer	dtb_customer	API,メール
a15-01	API デッキビルダー — ログイン	f06-18	F06-18（会員情報変更）	7	shared_update_table,shared_external	dtb_customer	dtb_customer	API,メール
a15-01	API デッキビルダー — ログイン	f06-21	会員 — 退会（退会手続き）	7	shared_update_table,shared_external	dtb_customer	dtb_customer	API,メール
a15-01	API デッキビルダー — ログイン	f08-03	F08-03（店頭買取査定申込登録確認〜完了）	7	shared_update_table,shared_external	dtb_customer	dtb_customer	API,メール
a15-01	API デッキビルダー — ログイン	m02-04	m02-04_admin_home_home_shop_status（管理画面_トップショップ状況）	7	shared_update_table,shared_external	dtb_customer	dtb_customer	API
a15-02	API デッキビルダー — ログアウト	a15-01	API デッキビルダー — ログイン	15	direct_ref,reverse_ref,shared_db_table,shared_external,same_domain		dtb_customer	API
a15-02	API デッキビルダー — ログアウト	a15-03	API デッキビルダー — ユーザー情報参照	6	shared_db_table,shared_external,same_domain		dtb_player	API
a15-02	API デッキビルダー — ログアウト	a15-04	API デッキビルダー — 他ユーザー情報参照	6	shared_db_table,shared_external,same_domain		dtb_player	API
a15-02	API デッキビルダー — ログアウト	a15-05	API デッキビルダー — ユーザー情報変更	6	shared_db_table,shared_external,same_domain		dtb_player	API
a15-02	API デッキビルダー — ログアウト	a15-17	API デッキビルダー — デッキ登録インポート	6	shared_db_table,shared_external,same_domain		dtb_player	API
a15-02	API デッキビルダー — ログアウト	a15-18	API デッキビルダー — デッキ更新インポート	6	shared_db_table,shared_external,same_domain		dtb_player	API
a15-02	API デッキビルダー — ログアウト	a17-03	API その他 — PointGranterAPI連携	6	shared_db_table,shared_external		dtb_customer,dtb_player	API
a15-02	API デッキビルダー — ログアウト	b08-05	バッチ 会員管理 — ポイント差分発生通知	6	shared_db_table,shared_external		dtb_customer,dtb_player	API
a15-02	API デッキビルダー — ログアウト	f06-01	F06-01（仮会員登録）	6	shared_db_table,shared_external		dtb_customer,dtb_player	API
a15-02	API デッキビルダー — ログアウト	f06-02	会員 — 本会員登録（アクティベート）	6	shared_db_table,shared_external		dtb_customer,dtb_player	API
a15-02	API デッキビルダー — ログアウト	f06-10	F06-10（ポイント履歴）	6	shared_db_table,shared_external		dtb_customer,dtb_player	API
a15-02	API デッキビルダー — ログアウト	f06-18	F06-18（会員情報変更）	6	shared_db_table,shared_external		dtb_customer,dtb_player	API
a15-03	API デッキビルダー — ユーザー情報参照	a15-02	API デッキビルダー — ログアウト	6	shared_db_table,shared_external,same_domain		dtb_player	API
a15-03	API デッキビルダー — ユーザー情報参照	a15-04	API デッキビルダー — 他ユーザー情報参照	6	shared_db_table,shared_external,same_domain		dtb_player	API,メール
a15-03	API デッキビルダー — ユーザー情報参照	a15-05	API デッキビルダー — ユーザー情報変更	6	shared_db_table,shared_external,same_domain		dtb_player	API,メール
a15-03	API デッキビルダー — ユーザー情報参照	a15-17	API デッキビルダー — デッキ登録インポート	6	shared_db_table,shared_external,same_domain		dtb_player	API
a15-03	API デッキビルダー — ユーザー情報参照	a15-18	API デッキビルダー — デッキ更新インポート	6	shared_db_table,shared_external,same_domain		dtb_player	API
a15-03	API デッキビルダー — ユーザー情報参照	a05-04	API 受注管理 — スマレジ受信処理（ポイント履歴取得）	5	shared_db_table,shared_external		dtb_player	API
a15-03	API デッキビルダー — ユーザー情報参照	a17-03	API その他 — PointGranterAPI連携	5	shared_db_table,shared_external		dtb_player	API
a15-03	API デッキビルダー — ユーザー情報参照	b02-05	バッチ 商品管理 — お気に入り商品セール通知	5	shared_db_table,shared_external		dtb_player	API,メール
a15-03	API デッキビルダー — ユーザー情報参照	b05-08	バッチ 受注管理 — スマレジEC受注連携エラー再連携	5	shared_db_table,shared_external		dtb_player	API
a15-03	API デッキビルダー — ユーザー情報参照	b05-09	バッチ 受注管理 — スマレジ取引連携エラー再連携	5	shared_db_table,shared_external		dtb_player	API
a15-03	API デッキビルダー — ユーザー情報参照	b08-02	バッチ 会員管理 — ポイント失効	5	shared_db_table,shared_external		dtb_player	API
a15-03	API デッキビルダー — ユーザー情報参照	b08-03	バッチ 会員管理 — ポイント有効期限通知	5	shared_db_table,shared_external		dtb_player	API,メール
a15-04	API デッキビルダー — 他ユーザー情報参照	a15-02	API デッキビルダー — ログアウト	6	shared_db_table,shared_external,same_domain		dtb_player	API
a15-04	API デッキビルダー — 他ユーザー情報参照	a15-03	API デッキビルダー — ユーザー情報参照	6	shared_db_table,shared_external,same_domain		dtb_player	API,メール
a15-04	API デッキビルダー — 他ユーザー情報参照	a15-05	API デッキビルダー — ユーザー情報変更	6	shared_db_table,shared_external,same_domain		dtb_player	API,メール
a15-04	API デッキビルダー — 他ユーザー情報参照	a15-17	API デッキビルダー — デッキ登録インポート	6	shared_db_table,shared_external,same_domain		dtb_player	API
a15-04	API デッキビルダー — 他ユーザー情報参照	a15-18	API デッキビルダー — デッキ更新インポート	6	shared_db_table,shared_external,same_domain		dtb_player	API
a15-04	API デッキビルダー — 他ユーザー情報参照	a05-04	API 受注管理 — スマレジ受信処理（ポイント履歴取得）	5	shared_db_table,shared_external		dtb_player	API
a15-04	API デッキビルダー — 他ユーザー情報参照	a17-03	API その他 — PointGranterAPI連携	5	shared_db_table,shared_external		dtb_player	API
a15-04	API デッキビルダー — 他ユーザー情報参照	b02-05	バッチ 商品管理 — お気に入り商品セール通知	5	shared_db_table,shared_external		dtb_player	API,メール
a15-04	API デッキビルダー — 他ユーザー情報参照	b05-08	バッチ 受注管理 — スマレジEC受注連携エラー再連携	5	shared_db_table,shared_external		dtb_player	API
a15-04	API デッキビルダー — 他ユーザー情報参照	b05-09	バッチ 受注管理 — スマレジ取引連携エラー再連携	5	shared_db_table,shared_external		dtb_player	API
a15-04	API デッキビルダー — 他ユーザー情報参照	b08-02	バッチ 会員管理 — ポイント失効	5	shared_db_table,shared_external		dtb_player	API
a15-04	API デッキビルダー — 他ユーザー情報参照	b08-03	バッチ 会員管理 — ポイント有効期限通知	5	shared_db_table,shared_external		dtb_player	API,メール
a15-05	API デッキビルダー — ユーザー情報変更	a05-04	API 受注管理 — スマレジ受信処理（ポイント履歴取得）	7	shared_update_table,shared_external	dtb_player	dtb_player	API
a15-05	API デッキビルダー — ユーザー情報変更	a17-03	API その他 — PointGranterAPI連携	7	shared_update_table,shared_external	dtb_player	dtb_player	API
a15-05	API デッキビルダー — ユーザー情報変更	b05-09	バッチ 受注管理 — スマレジ取引連携エラー再連携	7	shared_update_table,shared_external	dtb_player	dtb_player	API
a15-05	API デッキビルダー — ユーザー情報変更	b08-02	バッチ 会員管理 — ポイント失効	7	shared_update_table,shared_external	dtb_player	dtb_player	API
a15-05	API デッキビルダー — ユーザー情報変更	b08-03	バッチ 会員管理 — ポイント有効期限通知	7	shared_update_table,shared_external	dtb_player	dtb_player	API,メール
a15-05	API デッキビルダー — ユーザー情報変更	b08-05	バッチ 会員管理 — ポイント差分発生通知	7	shared_update_table,shared_external	dtb_player	dtb_player	API,メール
a15-05	API デッキビルダー — ユーザー情報変更	b08-06	バッチ 会員管理 — スマレジ使用ポイント連携	7	shared_update_table,shared_external	dtb_player	dtb_player	API
a15-05	API デッキビルダー — ユーザー情報変更	f02-05	F02-05（通知）	7	shared_update_table,shared_external	dtb_player	dtb_player	API,メール
a15-05	API デッキビルダー — ユーザー情報変更	f06-01	F06-01（仮会員登録）	7	shared_update_table,shared_external	dtb_player	dtb_player	API,メール
a15-05	API デッキビルダー — ユーザー情報変更	f06-02	会員 — 本会員登録（アクティベート）	7	shared_update_table,shared_external	dtb_player	dtb_player	API,メール
a15-05	API デッキビルダー — ユーザー情報変更	f06-09	F06-09（お気に入り商品一覧）	7	shared_update_table,shared_external	dtb_player	dtb_player	API,メール
a15-05	API デッキビルダー — ユーザー情報変更	f06-10	F06-10（ポイント履歴）	7	shared_update_table,shared_external	dtb_player	dtb_player	API
a15-06	API デッキビルダー — マスタ検索	m15-10	m15-10_admin_deck_archetype_csv_import（デッキ管理 — アーキタイプ登録 CSV / TSV 取込）	8	shared_db_table,shared_external,same_domain_cross_layer		mtb_color,mtb_format	API
a15-06	API デッキビルダー — マスタ検索	a15-12	API デッキビルダー — デッキ情報参照	7	shared_db_table,shared_external,same_domain		mtb_campaign_tag,mtb_deck_tag	API,支店
a15-06	API デッキビルダー — マスタ検索	a15-13	API デッキビルダー — デッキ情報検索	7	shared_db_table,shared_external,same_domain		mtb_campaign_tag,mtb_deck_tag	API,支店
a15-06	API デッキビルダー — マスタ検索	m15-02	デッキ管理 — デッキ CSV 出力	7	shared_db_table,shared_external,same_domain_cross_layer		mtb_format	API
a15-06	API デッキビルダー — マスタ検索	m15-05	デッキ管理 — 新規登録・編集・削除・複製	7	shared_db_table,shared_external,same_domain_cross_layer		mtb_deck_tag	API
a15-06	API デッキビルダー — マスタ検索	m15-07	デッキ管理 — デッキタグ一覧（カスタム管理画面）	7	shared_db_table,shared_external,same_domain_cross_layer		mtb_deck_tag	API
a15-06	API デッキビルダー — マスタ検索	m15-08	pf-eccube3 — デッキ管理 — アーキタイプ検索条件	7	shared_db_table,shared_external,same_domain_cross_layer		mtb_color	API
a15-06	API デッキビルダー — マスタ検索	m15-11	デッキ管理 — 直近の大会管理（編集）	7	shared_db_table,shared_external,same_domain_cross_layer		mtb_format	API
a15-06	API デッキビルダー — マスタ検索	a15-07	API デッキビルダー — アーキタイプ検索	6	shared_db_table,shared_external,same_domain		mtb_format	API,支店
a15-06	API デッキビルダー — マスタ検索	a15-14	API デッキビルダー — メタゲーム情報参照	6	shared_db_table,shared_external,same_domain		mtb_format	API,支店
a15-06	API デッキビルダー — マスタ検索	a15-15	API デッキビルダー — 採用枚数情報参照	6	shared_db_table,shared_external,same_domain		mtb_format	API,支店
a15-06	API デッキビルダー — マスタ検索	a15-16	API デッキビルダー — 直近大会情報取得	6	shared_db_table,shared_external,same_domain		mtb_format	API,支店
a15-07	API デッキビルダー — アーキタイプ検索	m15-10	m15-10_admin_deck_archetype_csv_import（デッキ管理 — アーキタイプ登録 CSV / TSV 取込）	8	shared_db_table,shared_external,same_domain_cross_layer		dtb_archetype,mtb_format	API
a15-07	API デッキビルダー — アーキタイプ検索	a15-14	API デッキビルダー — メタゲーム情報参照	7	shared_db_table,shared_external,same_domain		dtb_archetype,mtb_format	API,支店
a15-07	API デッキビルダー — アーキタイプ検索	m15-02	デッキ管理 — デッキ CSV 出力	7	shared_db_table,shared_external,same_domain_cross_layer		mtb_format	API
a15-07	API デッキビルダー — アーキタイプ検索	m15-08	pf-eccube3 — デッキ管理 — アーキタイプ検索条件	7	shared_db_table,shared_external,same_domain_cross_layer		dtb_archetype	API
a15-07	API デッキビルダー — アーキタイプ検索	m15-09	デッキ管理 — アーキタイプ登録・編集・削除	7	shared_db_table,shared_external,same_domain_cross_layer		dtb_archetype	API
a15-07	API デッキビルダー — アーキタイプ検索	m15-11	デッキ管理 — 直近の大会管理（編集）	7	shared_db_table,shared_external,same_domain_cross_layer		mtb_format	API
a15-07	API デッキビルダー — アーキタイプ検索	a15-06	API デッキビルダー — マスタ検索	6	shared_db_table,shared_external,same_domain		mtb_format	API,支店
a15-07	API デッキビルダー — アーキタイプ検索	a15-15	API デッキビルダー — 採用枚数情報参照	6	shared_db_table,shared_external,same_domain		mtb_format	API,支店
a15-07	API デッキビルダー — アーキタイプ検索	a15-16	API デッキビルダー — 直近大会情報取得	6	shared_db_table,shared_external,same_domain		mtb_format	API,支店
a15-07	API デッキビルダー — アーキタイプ検索	a15-17	API デッキビルダー — デッキ登録インポート	6	shared_db_table,shared_external,same_domain		mtb_format	API
a15-07	API デッキビルダー — アーキタイプ検索	a15-18	API デッキビルダー — デッキ更新インポート	6	shared_db_table,shared_external,same_domain		mtb_format	API
a15-07	API デッキビルダー — アーキタイプ検索	f03-03	F03-03（商品詳細検索）	5	shared_db_table,shared_external		mtb_format	API
a15-08	API デッキビルダー — カード検索	a15-15	API デッキビルダー — 採用枚数情報参照	6	shared_db_table,shared_external,same_domain		mtb_card	API,支店
a15-08	API デッキビルダー — カード検索	a02-02	API 商品管理 — ポップアップ用カード情報取得	5	shared_db_table,shared_external		mtb_card	API
a15-08	API デッキビルダー — カード検索	a02-03	API 商品管理 — ポップアップ用商品情報取得（旧商品ID）	5	shared_db_table,shared_external		mtb_card	API
a15-08	API デッキビルダー — カード検索	a02-04	API 商品管理 — ポップアップ用カード情報取得（旧商品ID）	5	shared_db_table,shared_external		mtb_card	API
a15-08	API デッキビルダー — カード検索	a06-06	API 店頭買取管理 — カード詳細IDから買取用商品情報を取得	5	shared_db_table,shared_external		mtb_card	API
a15-08	API デッキビルダー — カード検索	a06-07	API 店頭買取管理 — 商品IDリストから買取用商品情報を取得	5	shared_db_table,shared_external		mtb_card	API
a15-08	API デッキビルダー — カード検索	a06-08	API 店頭買取管理 — カード名から買取用商品情報を取得	5	shared_db_table,shared_external		mtb_card	API,支店
a15-08	API デッキビルダー — カード検索	a06-09	API 店頭買取管理 — 商品名から商品詳細の情報を取得	5	shared_db_table,shared_external		mtb_card	API,支店
a15-08	API デッキビルダー — カード検索	a06-10	API 店頭買取管理 — 商品IDリストから買取用商品情報を取得	5	shared_db_table,shared_external		mtb_card	API
a15-08	API デッキビルダー — カード検索	a06-17	API 店頭買取管理 — カード詳細IDから買取用商品情報を取得	5	shared_db_table,shared_external		mtb_card	API
a15-08	API デッキビルダー — カード検索	a06-18	API 店頭買取管理 — 商品IDリストから買取用商品情報を取得	5	shared_db_table,shared_external		mtb_card	API
a15-08	API デッキビルダー — カード検索	a14-01	API カード管理 — カードIDからカード情報を取得	5	shared_db_table,shared_external		mtb_card	API
a15-09	API デッキビルダー — デッキ情報登録	a15-10	API デッキビルダー — デッキ情報更新	10	shared_update_table,shared_external,same_domain	dtb_attraction_card,dtb_deck,dtb_deck_card,dtb_maybe_card,dtb_sticker_card	dtb_attraction_card,dtb_deck,dtb_deck_card,dtb_maybe_card,dtb_sticker_card	API
a15-09	API デッキビルダー — デッキ情報登録	a15-17	API デッキビルダー — デッキ登録インポート	10	shared_update_table,shared_external,same_domain	dtb_attraction_card,dtb_deck,dtb_deck_card,dtb_maybe_card,dtb_sticker_card	dtb_attraction_card,dtb_deck,dtb_deck_card,dtb_maybe_card,dtb_sticker_card	API
a15-09	API デッキビルダー — デッキ情報登録	a15-18	API デッキビルダー — デッキ更新インポート	10	shared_update_table,shared_external,same_domain	dtb_attraction_card,dtb_deck,dtb_deck_card,dtb_maybe_card,dtb_sticker_card	dtb_attraction_card,dtb_deck,dtb_deck_card,dtb_maybe_card,dtb_sticker_card	API
a15-09	API デッキビルダー — デッキ情報登録	m15-03	デッキ管理 — 一括削除	10	shared_update_table,shared_external,same_domain_cross_layer	dtb_deck,dtb_deck_card	dtb_deck,dtb_deck_card	API
a15-09	API デッキビルダー — デッキ情報登録	m15-05	デッキ管理 — 新規登録・編集・削除・複製	10	shared_update_table,shared_external,same_domain_cross_layer	dtb_deck,dtb_deck_card	dtb_deck,dtb_deck_card	API
a15-09	API デッキビルダー — デッキ情報登録	m15-06	デッキ管理 — デッキ登録 CSV（取込）	10	shared_update_table,shared_external,same_domain_cross_layer	dtb_deck,dtb_deck_card	dtb_deck,dtb_deck_card	API
a15-09	API デッキビルダー — デッキ情報登録	m15-01	デッキ管理 — デッキ検索・一覧	9	shared_update_table,shared_external,same_domain_cross_layer	dtb_deck	dtb_deck,dtb_deck_card	API
a15-09	API デッキビルダー — デッキ情報登録	m15-04	デッキ管理 — 検索一覧からの一括編集	9	shared_update_table,shared_external,same_domain_cross_layer	dtb_deck	dtb_deck,dtb_deck_card	API
a15-09	API デッキビルダー — デッキ情報登録	m15-09	デッキ管理 — アーキタイプ登録・編集・削除	9	shared_update_table,shared_external,same_domain_cross_layer	dtb_deck	dtb_deck	API
a15-09	API デッキビルダー — デッキ情報登録	a15-11	API デッキビルダー — デッキ情報削除	8	shared_update_table,shared_external,same_domain	dtb_deck	dtb_deck	API
a15-09	API デッキビルダー — デッキ情報登録	a15-12	API デッキビルダー — デッキ情報参照	8	shared_update_table,shared_external,same_domain	dtb_deck	dtb_attraction_card,dtb_deck,dtb_deck_card,dtb_maybe_card,dtb_sticker_card	API
a15-09	API デッキビルダー — デッキ情報登録	a15-13	API デッキビルダー — デッキ情報検索	8	shared_update_table,shared_external,same_domain	dtb_deck	dtb_deck,dtb_deck_card	API
a15-10	API デッキビルダー — デッキ情報更新	a15-09	API デッキビルダー — デッキ情報登録	10	shared_update_table,shared_external,same_domain	dtb_attraction_card,dtb_deck,dtb_deck_card,dtb_maybe_card,dtb_sticker_card	dtb_attraction_card,dtb_deck,dtb_deck_card,dtb_maybe_card,dtb_sticker_card	API
a15-10	API デッキビルダー — デッキ情報更新	a15-17	API デッキビルダー — デッキ登録インポート	10	shared_update_table,shared_external,same_domain	dtb_attraction_card,dtb_deck,dtb_deck_card,dtb_maybe_card,dtb_sticker_card	dtb_attraction_card,dtb_deck,dtb_deck_card,dtb_maybe_card,dtb_sticker_card	API
a15-10	API デッキビルダー — デッキ情報更新	a15-18	API デッキビルダー — デッキ更新インポート	10	shared_update_table,shared_external,same_domain	dtb_attraction_card,dtb_deck,dtb_deck_card,dtb_maybe_card,dtb_sticker_card	dtb_attraction_card,dtb_deck,dtb_deck_card,dtb_maybe_card,dtb_sticker_card	API
a15-10	API デッキビルダー — デッキ情報更新	m15-03	デッキ管理 — 一括削除	10	shared_update_table,shared_external,same_domain_cross_layer	dtb_deck,dtb_deck_card	dtb_deck,dtb_deck_card	API,バッチ
a15-10	API デッキビルダー — デッキ情報更新	m15-05	デッキ管理 — 新規登録・編集・削除・複製	10	shared_update_table,shared_external,same_domain_cross_layer	dtb_deck,dtb_deck_card	dtb_deck,dtb_deck_card	API,バッチ
a15-10	API デッキビルダー — デッキ情報更新	m15-06	デッキ管理 — デッキ登録 CSV（取込）	10	shared_update_table,shared_external,same_domain_cross_layer	dtb_deck,dtb_deck_card	dtb_deck,dtb_deck_card	API,バッチ
a15-10	API デッキビルダー — デッキ情報更新	m15-01	デッキ管理 — デッキ検索・一覧	9	shared_update_table,shared_external,same_domain_cross_layer	dtb_deck	dtb_deck,dtb_deck_card	API,バッチ
a15-10	API デッキビルダー — デッキ情報更新	m15-04	デッキ管理 — 検索一覧からの一括編集	9	shared_update_table,shared_external,same_domain_cross_layer	dtb_deck	dtb_deck,dtb_deck_card	API,バッチ
a15-10	API デッキビルダー — デッキ情報更新	m15-09	デッキ管理 — アーキタイプ登録・編集・削除	9	shared_update_table,shared_external,same_domain_cross_layer	dtb_deck	dtb_deck	API,バッチ
a15-10	API デッキビルダー — デッキ情報更新	a15-11	API デッキビルダー — デッキ情報削除	8	shared_update_table,shared_external,same_domain	dtb_deck	dtb_deck	API
a15-10	API デッキビルダー — デッキ情報更新	a15-12	API デッキビルダー — デッキ情報参照	8	shared_update_table,shared_external,same_domain	dtb_deck	dtb_attraction_card,dtb_deck,dtb_deck_card,dtb_maybe_card,dtb_sticker_card	API
a15-10	API デッキビルダー — デッキ情報更新	a15-13	API デッキビルダー — デッキ情報検索	8	shared_update_table,shared_external,same_domain	dtb_deck	dtb_deck,dtb_deck_card	API
a15-11	API デッキビルダー — デッキ情報削除	m15-01	デッキ管理 — デッキ検索・一覧	9	shared_update_table,shared_external,same_domain_cross_layer	dtb_deck	dtb_deck	API
a15-11	API デッキビルダー — デッキ情報削除	m15-03	デッキ管理 — 一括削除	9	shared_update_table,shared_external,same_domain_cross_layer	dtb_deck	dtb_deck	API
a15-11	API デッキビルダー — デッキ情報削除	m15-04	デッキ管理 — 検索一覧からの一括編集	9	shared_update_table,shared_external,same_domain_cross_layer	dtb_deck	dtb_deck	API
a15-11	API デッキビルダー — デッキ情報削除	m15-05	デッキ管理 — 新規登録・編集・削除・複製	9	shared_update_table,shared_external,same_domain_cross_layer	dtb_deck	dtb_deck	API
a15-11	API デッキビルダー — デッキ情報削除	m15-06	デッキ管理 — デッキ登録 CSV（取込）	9	shared_update_table,shared_external,same_domain_cross_layer	dtb_deck	dtb_deck	API
a15-11	API デッキビルダー — デッキ情報削除	m15-09	デッキ管理 — アーキタイプ登録・編集・削除	9	shared_update_table,shared_external,same_domain_cross_layer	dtb_deck	dtb_deck	API
a15-11	API デッキビルダー — デッキ情報削除	a15-09	API デッキビルダー — デッキ情報登録	8	shared_update_table,shared_external,same_domain	dtb_deck	dtb_deck	API
a15-11	API デッキビルダー — デッキ情報削除	a15-10	API デッキビルダー — デッキ情報更新	8	shared_update_table,shared_external,same_domain	dtb_deck	dtb_deck	API
a15-11	API デッキビルダー — デッキ情報削除	a15-12	API デッキビルダー — デッキ情報参照	8	shared_update_table,shared_external,same_domain	dtb_deck	dtb_deck	API
a15-11	API デッキビルダー — デッキ情報削除	a15-13	API デッキビルダー — デッキ情報検索	8	shared_update_table,shared_external,same_domain	dtb_deck	dtb_deck	API
a15-11	API デッキビルダー — デッキ情報削除	a15-17	API デッキビルダー — デッキ登録インポート	8	shared_update_table,shared_external,same_domain	dtb_deck	dtb_deck	API
a15-11	API デッキビルダー — デッキ情報削除	a15-18	API デッキビルダー — デッキ更新インポート	8	shared_update_table,shared_external,same_domain	dtb_deck	dtb_deck	API
a15-12	API デッキビルダー — デッキ情報参照	m15-01	デッキ管理 — デッキ検索・一覧	9	shared_update_table,shared_external,same_domain_cross_layer	dtb_deck	dtb_deck,dtb_deck_card	API
a15-12	API デッキビルダー — デッキ情報参照	m15-02	デッキ管理 — デッキ CSV 出力	9	shared_db_table,shared_external,same_domain_cross_layer		dtb_deck,dtb_deck_card,mtb_disp	API
a15-12	API デッキビルダー — デッキ情報参照	m15-03	デッキ管理 — 一括削除	9	shared_update_table,shared_external,same_domain_cross_layer	dtb_deck	dtb_deck,dtb_deck_card	API,支店
a15-12	API デッキビルダー — デッキ情報参照	m15-04	デッキ管理 — 検索一覧からの一括編集	9	shared_update_table,shared_external,same_domain_cross_layer	dtb_deck	dtb_deck,dtb_deck_card	API
a15-12	API デッキビルダー — デッキ情報参照	m15-05	デッキ管理 — 新規登録・編集・削除・複製	9	shared_update_table,shared_external,same_domain_cross_layer	dtb_deck	dtb_deck,dtb_deck_card,mtb_deck_tag	API
a15-12	API デッキビルダー — デッキ情報参照	m15-06	デッキ管理 — デッキ登録 CSV（取込）	9	shared_update_table,shared_external,same_domain_cross_layer	dtb_deck	dtb_deck,dtb_deck_card	API,支店
a15-12	API デッキビルダー — デッキ情報参照	m15-09	デッキ管理 — アーキタイプ登録・編集・削除	9	shared_update_table,shared_external,same_domain_cross_layer	dtb_deck	dtb_deck	API
a15-12	API デッキビルダー — デッキ情報参照	a15-09	API デッキビルダー — デッキ情報登録	8	shared_update_table,shared_external,same_domain	dtb_deck	dtb_attraction_card,dtb_deck,dtb_deck_card,dtb_maybe_card,dtb_sticker_card	API
a15-12	API デッキビルダー — デッキ情報参照	a15-10	API デッキビルダー — デッキ情報更新	8	shared_update_table,shared_external,same_domain	dtb_deck	dtb_attraction_card,dtb_deck,dtb_deck_card,dtb_maybe_card,dtb_sticker_card	API
a15-12	API デッキビルダー — デッキ情報参照	a15-11	API デッキビルダー — デッキ情報削除	8	shared_update_table,shared_external,same_domain	dtb_deck	dtb_deck	API
a15-12	API デッキビルダー — デッキ情報参照	a15-13	API デッキビルダー — デッキ情報検索	8	shared_update_table,shared_external,same_domain	dtb_deck	dtb_deck,dtb_deck_card,mtb_campaign_tag,mtb_deck_tag	API,支店
a15-12	API デッキビルダー — デッキ情報参照	a15-17	API デッキビルダー — デッキ登録インポート	8	shared_update_table,shared_external,same_domain	dtb_deck	dtb_attraction_card,dtb_deck,dtb_deck_card,dtb_maybe_card,dtb_sticker_card	API
a15-13	API デッキビルダー — デッキ情報検索	m15-01	デッキ管理 — デッキ検索・一覧	9	shared_update_table,shared_external,same_domain_cross_layer	dtb_deck	dtb_deck,dtb_deck_card	API
a15-13	API デッキビルダー — デッキ情報検索	m15-03	デッキ管理 — 一括削除	9	shared_update_table,shared_external,same_domain_cross_layer	dtb_deck	dtb_deck,dtb_deck_card	API,支店
a15-13	API デッキビルダー — デッキ情報検索	m15-04	デッキ管理 — 検索一覧からの一括編集	9	shared_update_table,shared_external,same_domain_cross_layer	dtb_deck	dtb_deck,dtb_deck_card	API
a15-13	API デッキビルダー — デッキ情報検索	m15-05	デッキ管理 — 新規登録・編集・削除・複製	9	shared_update_table,shared_external,same_domain_cross_layer	dtb_deck	dtb_deck,dtb_deck_card,mtb_deck_tag	API
a15-13	API デッキビルダー — デッキ情報検索	m15-06	デッキ管理 — デッキ登録 CSV（取込）	9	shared_update_table,shared_external,same_domain_cross_layer	dtb_deck	dtb_deck,dtb_deck_card	API,支店
a15-13	API デッキビルダー — デッキ情報検索	m15-09	デッキ管理 — アーキタイプ登録・編集・削除	9	shared_update_table,shared_external,same_domain_cross_layer	dtb_deck	dtb_deck	API
a15-13	API デッキビルダー — デッキ情報検索	a15-09	API デッキビルダー — デッキ情報登録	8	shared_update_table,shared_external,same_domain	dtb_deck	dtb_deck,dtb_deck_card	API
a15-13	API デッキビルダー — デッキ情報検索	a15-10	API デッキビルダー — デッキ情報更新	8	shared_update_table,shared_external,same_domain	dtb_deck	dtb_deck,dtb_deck_card	API
a15-13	API デッキビルダー — デッキ情報検索	a15-11	API デッキビルダー — デッキ情報削除	8	shared_update_table,shared_external,same_domain	dtb_deck	dtb_deck	API
a15-13	API デッキビルダー — デッキ情報検索	a15-12	API デッキビルダー — デッキ情報参照	8	shared_update_table,shared_external,same_domain	dtb_deck	dtb_deck,dtb_deck_card,mtb_campaign_tag,mtb_deck_tag	API,支店
a15-13	API デッキビルダー — デッキ情報検索	a15-17	API デッキビルダー — デッキ登録インポート	8	shared_update_table,shared_external,same_domain	dtb_deck	dtb_deck,dtb_deck_card	API
a15-13	API デッキビルダー — デッキ情報検索	a15-18	API デッキビルダー — デッキ更新インポート	8	shared_update_table,shared_external,same_domain	dtb_deck	dtb_deck,dtb_deck_card	API
a15-14	API デッキビルダー — メタゲーム情報参照	a15-15	API デッキビルダー — 採用枚数情報参照	8	shared_db_table,shared_external,same_domain		dtb_deck,mtb_card_image,mtb_format	API,支店
a15-14	API デッキビルダー — メタゲーム情報参照	m15-02	デッキ管理 — デッキ CSV 出力	8	shared_db_table,shared_external,same_domain_cross_layer		dtb_deck,mtb_format	API
a15-14	API デッキビルダー — メタゲーム情報参照	m15-08	pf-eccube3 — デッキ管理 — アーキタイプ検索条件	8	shared_db_table,shared_external,same_domain_cross_layer		dtb_archetype,dtb_deck	API
a15-14	API デッキビルダー — メタゲーム情報参照	m15-09	デッキ管理 — アーキタイプ登録・編集・削除	8	shared_db_table,shared_external,same_domain_cross_layer		dtb_archetype,dtb_deck	API
a15-14	API デッキビルダー — メタゲーム情報参照	m15-10	m15-10_admin_deck_archetype_csv_import（デッキ管理 — アーキタイプ登録 CSV / TSV 取込）	8	shared_db_table,shared_external,same_domain_cross_layer		dtb_archetype,mtb_format	API
a15-14	API デッキビルダー — メタゲーム情報参照	a15-07	API デッキビルダー — アーキタイプ検索	7	shared_db_table,shared_external,same_domain		dtb_archetype,mtb_format	API,支店
a15-14	API デッキビルダー — メタゲーム情報参照	a15-17	API デッキビルダー — デッキ登録インポート	7	shared_db_table,shared_external,same_domain		dtb_deck,mtb_format	API
a15-14	API デッキビルダー — メタゲーム情報参照	a15-18	API デッキビルダー — デッキ更新インポート	7	shared_db_table,shared_external,same_domain		dtb_deck,mtb_format	API
a15-14	API デッキビルダー — メタゲーム情報参照	m15-01	デッキ管理 — デッキ検索・一覧	7	shared_db_table,shared_external,same_domain_cross_layer		dtb_deck	API
a15-14	API デッキビルダー — メタゲーム情報参照	m15-03	デッキ管理 — 一括削除	7	shared_db_table,shared_external,same_domain_cross_layer		dtb_deck	API,支店
a15-14	API デッキビルダー — メタゲーム情報参照	m15-04	デッキ管理 — 検索一覧からの一括編集	7	shared_db_table,shared_external,same_domain_cross_layer		dtb_deck	API
a15-14	API デッキビルダー — メタゲーム情報参照	m15-05	デッキ管理 — 新規登録・編集・削除・複製	7	shared_db_table,shared_external,same_domain_cross_layer		dtb_deck	API
a15-15	API デッキビルダー — 採用枚数情報参照	m15-02	デッキ管理 — デッキ CSV 出力	9	shared_db_table,shared_external,same_domain_cross_layer		dtb_deck,dtb_deck_card,mtb_format	API
a15-15	API デッキビルダー — 採用枚数情報参照	a15-14	API デッキビルダー — メタゲーム情報参照	8	shared_db_table,shared_external,same_domain		dtb_deck,mtb_card_image,mtb_format	API,支店
a15-15	API デッキビルダー — 採用枚数情報参照	a15-17	API デッキビルダー — デッキ登録インポート	8	shared_db_table,shared_external,same_domain		dtb_deck,dtb_deck_card,mtb_format	API
a15-15	API デッキビルダー — 採用枚数情報参照	a15-18	API デッキビルダー — デッキ更新インポート	8	shared_db_table,shared_external,same_domain		dtb_deck,dtb_deck_card,mtb_format	API
a15-15	API デッキビルダー — 採用枚数情報参照	m15-01	デッキ管理 — デッキ検索・一覧	8	shared_db_table,shared_external,same_domain_cross_layer		dtb_deck,dtb_deck_card	API
a15-15	API デッキビルダー — 採用枚数情報参照	m15-03	デッキ管理 — 一括削除	8	shared_db_table,shared_external,same_domain_cross_layer		dtb_deck,dtb_deck_card	API,支店
a15-15	API デッキビルダー — 採用枚数情報参照	m15-04	デッキ管理 — 検索一覧からの一括編集	8	shared_db_table,shared_external,same_domain_cross_layer		dtb_deck,dtb_deck_card	API
a15-15	API デッキビルダー — 採用枚数情報参照	m15-05	デッキ管理 — 新規登録・編集・削除・複製	8	shared_db_table,shared_external,same_domain_cross_layer		dtb_deck,dtb_deck_card	API
a15-15	API デッキビルダー — 採用枚数情報参照	m15-06	デッキ管理 — デッキ登録 CSV（取込）	8	shared_db_table,shared_external,same_domain_cross_layer		dtb_deck,dtb_deck_card	API,支店
a15-15	API デッキビルダー — 採用枚数情報参照	a15-09	API デッキビルダー — デッキ情報登録	7	shared_db_table,shared_external,same_domain		dtb_deck,dtb_deck_card	API
a15-15	API デッキビルダー — 採用枚数情報参照	a15-10	API デッキビルダー — デッキ情報更新	7	shared_db_table,shared_external,same_domain		dtb_deck,dtb_deck_card	API
a15-15	API デッキビルダー — 採用枚数情報参照	a15-12	API デッキビルダー — デッキ情報参照	7	shared_db_table,shared_external,same_domain		dtb_deck,dtb_deck_card	API,支店
a15-16	API デッキビルダー — 直近大会情報取得	m15-11	デッキ管理 — 直近の大会管理（編集）	8	shared_db_table,shared_external,same_domain_cross_layer		mtb_format,mtb_latest_event_deck	API,バッチ
a15-16	API デッキビルダー — 直近大会情報取得	m15-02	デッキ管理 — デッキ CSV 出力	7	shared_db_table,shared_external,same_domain_cross_layer		mtb_format	API,バッチ
a15-16	API デッキビルダー — 直近大会情報取得	m15-10	m15-10_admin_deck_archetype_csv_import（デッキ管理 — アーキタイプ登録 CSV / TSV 取込）	7	shared_db_table,shared_external,same_domain_cross_layer		mtb_format	API,バッチ
a15-16	API デッキビルダー — 直近大会情報取得	a15-06	API デッキビルダー — マスタ検索	6	shared_db_table,shared_external,same_domain		mtb_format	API,支店
a15-16	API デッキビルダー — 直近大会情報取得	a15-07	API デッキビルダー — アーキタイプ検索	6	shared_db_table,shared_external,same_domain		mtb_format	API,支店
a15-16	API デッキビルダー — 直近大会情報取得	a15-14	API デッキビルダー — メタゲーム情報参照	6	shared_db_table,shared_external,same_domain		mtb_format	API,支店
a15-16	API デッキビルダー — 直近大会情報取得	a15-15	API デッキビルダー — 採用枚数情報参照	6	shared_db_table,shared_external,same_domain		mtb_format	API,支店
a15-16	API デッキビルダー — 直近大会情報取得	a15-17	API デッキビルダー — デッキ登録インポート	6	shared_db_table,shared_external,same_domain		mtb_format	API
a15-16	API デッキビルダー — 直近大会情報取得	a15-18	API デッキビルダー — デッキ更新インポート	6	shared_db_table,shared_external,same_domain		mtb_format	API
a15-16	API デッキビルダー — 直近大会情報取得	f03-03	F03-03（商品詳細検索）	5	shared_db_table,shared_external		mtb_format	API,バッチ
a15-16	API デッキビルダー — 直近大会情報取得	f06-17	F06-17（大会に登録するデッキの確認・登録）	5	shared_db_table,shared_external		mtb_format	API,バッチ
a15-16	API デッキビルダー — 直近大会情報取得	f07-02	F07-02（大会詳細検索）	5	shared_db_table,shared_external		mtb_format	API,バッチ
a15-17	API デッキビルダー — デッキ登録インポート	a15-09	API デッキビルダー — デッキ情報登録	10	shared_update_table,shared_external,same_domain	dtb_attraction_card,dtb_deck,dtb_deck_card,dtb_maybe_card,dtb_sticker_card	dtb_attraction_card,dtb_deck,dtb_deck_card,dtb_maybe_card,dtb_sticker_card	API
a15-17	API デッキビルダー — デッキ登録インポート	a15-10	API デッキビルダー — デッキ情報更新	10	shared_update_table,shared_external,same_domain	dtb_attraction_card,dtb_deck,dtb_deck_card,dtb_maybe_card,dtb_sticker_card	dtb_attraction_card,dtb_deck,dtb_deck_card,dtb_maybe_card,dtb_sticker_card	API
a15-17	API デッキビルダー — デッキ登録インポート	a15-18	API デッキビルダー — デッキ更新インポート	10	shared_update_table,shared_external,same_domain	dtb_attraction_card,dtb_deck,dtb_deck_card,dtb_maybe_card,dtb_sticker_card,mtb_format	dtb_attraction_card,dtb_deck,dtb_deck_card,dtb_maybe_card,dtb_player,dtb_sticker_card,mtb_format	API
a15-17	API デッキビルダー — デッキ登録インポート	m15-03	デッキ管理 — 一括削除	10	shared_update_table,shared_external,same_domain_cross_layer	dtb_deck,dtb_deck_card	dtb_deck,dtb_deck_card	API
a15-17	API デッキビルダー — デッキ登録インポート	m15-05	デッキ管理 — 新規登録・編集・削除・複製	10	shared_update_table,shared_external,same_domain_cross_layer	dtb_deck,dtb_deck_card	dtb_deck,dtb_deck_card	API
a15-17	API デッキビルダー — デッキ登録インポート	m15-06	デッキ管理 — デッキ登録 CSV（取込）	10	shared_update_table,shared_external,same_domain_cross_layer	dtb_deck,dtb_deck_card	dtb_deck,dtb_deck_card	API
a15-17	API デッキビルダー — デッキ登録インポート	m15-01	デッキ管理 — デッキ検索・一覧	9	shared_update_table,shared_external,same_domain_cross_layer	dtb_deck	dtb_deck,dtb_deck_card	API
a15-17	API デッキビルダー — デッキ登録インポート	m15-02	デッキ管理 — デッキ CSV 出力	9	shared_db_table,shared_external,same_domain_cross_layer		dtb_deck,dtb_deck_card,mtb_format	API
a15-17	API デッキビルダー — デッキ登録インポート	m15-04	デッキ管理 — 検索一覧からの一括編集	9	shared_update_table,shared_external,same_domain_cross_layer	dtb_deck	dtb_deck,dtb_deck_card	API
a15-17	API デッキビルダー — デッキ登録インポート	m15-09	デッキ管理 — アーキタイプ登録・編集・削除	9	shared_update_table,shared_external,same_domain_cross_layer	dtb_deck	dtb_deck	API
a15-17	API デッキビルダー — デッキ登録インポート	m15-10	m15-10_admin_deck_archetype_csv_import（デッキ管理 — アーキタイプ登録 CSV / TSV 取込）	9	shared_update_table,shared_external,same_domain_cross_layer	mtb_format	mtb_format	API
a15-17	API デッキビルダー — デッキ登録インポート	a15-11	API デッキビルダー — デッキ情報削除	8	shared_update_table,shared_external,same_domain	dtb_deck	dtb_deck	API
a15-18	API デッキビルダー — デッキ更新インポート	a15-09	API デッキビルダー — デッキ情報登録	10	shared_update_table,shared_external,same_domain	dtb_attraction_card,dtb_deck,dtb_deck_card,dtb_maybe_card,dtb_sticker_card	dtb_attraction_card,dtb_deck,dtb_deck_card,dtb_maybe_card,dtb_sticker_card	API
a15-18	API デッキビルダー — デッキ更新インポート	a15-10	API デッキビルダー — デッキ情報更新	10	shared_update_table,shared_external,same_domain	dtb_attraction_card,dtb_deck,dtb_deck_card,dtb_maybe_card,dtb_sticker_card	dtb_attraction_card,dtb_deck,dtb_deck_card,dtb_maybe_card,dtb_sticker_card	API
a15-18	API デッキビルダー — デッキ更新インポート	a15-17	API デッキビルダー — デッキ登録インポート	10	shared_update_table,shared_external,same_domain	dtb_attraction_card,dtb_deck,dtb_deck_card,dtb_maybe_card,dtb_sticker_card,mtb_format	dtb_attraction_card,dtb_deck,dtb_deck_card,dtb_maybe_card,dtb_player,dtb_sticker_card,mtb_format	API
a15-18	API デッキビルダー — デッキ更新インポート	m15-03	デッキ管理 — 一括削除	10	shared_update_table,shared_external,same_domain_cross_layer	dtb_deck,dtb_deck_card	dtb_deck,dtb_deck_card	API
a15-18	API デッキビルダー — デッキ更新インポート	m15-05	デッキ管理 — 新規登録・編集・削除・複製	10	shared_update_table,shared_external,same_domain_cross_layer	dtb_deck,dtb_deck_card	dtb_deck,dtb_deck_card	API
a15-18	API デッキビルダー — デッキ更新インポート	m15-06	デッキ管理 — デッキ登録 CSV（取込）	10	shared_update_table,shared_external,same_domain_cross_layer	dtb_deck,dtb_deck_card	dtb_deck,dtb_deck_card	API
a15-18	API デッキビルダー — デッキ更新インポート	m15-01	デッキ管理 — デッキ検索・一覧	9	shared_update_table,shared_external,same_domain_cross_layer	dtb_deck	dtb_deck,dtb_deck_card	API
a15-18	API デッキビルダー — デッキ更新インポート	m15-02	デッキ管理 — デッキ CSV 出力	9	shared_db_table,shared_external,same_domain_cross_layer		dtb_deck,dtb_deck_card,mtb_format	API
a15-18	API デッキビルダー — デッキ更新インポート	m15-04	デッキ管理 — 検索一覧からの一括編集	9	shared_update_table,shared_external,same_domain_cross_layer	dtb_deck	dtb_deck,dtb_deck_card	API
a15-18	API デッキビルダー — デッキ更新インポート	m15-09	デッキ管理 — アーキタイプ登録・編集・削除	9	shared_update_table,shared_external,same_domain_cross_layer	dtb_deck	dtb_deck	API
a15-18	API デッキビルダー — デッキ更新インポート	m15-10	m15-10_admin_deck_archetype_csv_import（デッキ管理 — アーキタイプ登録 CSV / TSV 取込）	9	shared_update_table,shared_external,same_domain_cross_layer	mtb_format	mtb_format	API
a15-18	API デッキビルダー — デッキ更新インポート	a15-11	API デッキビルダー — デッキ情報削除	8	shared_update_table,shared_external,same_domain	dtb_deck	dtb_deck	API
a16-01	API データ管理 — トップバナーIDのトップバナー情報を取得	a08-01	API データ管理 — トップバナーIDのトップバナー情報を取得	17	direct_ref,reverse_ref,shared_db_table,shared_external,same_domain		dtb_top_banner_language,mtb_language,mtb_top_banner	API
a16-01	API データ管理 — トップバナーIDのトップバナー情報を取得	a08-02	API データ管理 — 指定言語の設定済みトップバナー一覧を取得	8	shared_db_table,shared_external,same_domain		dtb_top_banner_language,mtb_language,mtb_top_banner	API
a16-01	API データ管理 — トップバナーIDのトップバナー情報を取得	a16-02	API データ管理 — 指定言語の設定済みトップバナー一覧を取得	8	shared_db_table,shared_external,same_domain		dtb_top_banner_language,mtb_language,mtb_top_banner	API
a16-01	API データ管理 — トップバナーIDのトップバナー情報を取得	m16-02	データ管理 — トップバナー管理	7	shared_db_table,shared_external		dtb_top_banner_language,mtb_language,mtb_top_banner	API
a16-01	API データ管理 — トップバナーIDのトップバナー情報を取得	m16-01	データ管理 — トップバナー管理（バナー設定）	6	shared_db_table,shared_external		dtb_top_banner_language,mtb_top_banner	API
a16-01	API データ管理 — トップバナーIDのトップバナー情報を取得	a02-02	API 商品管理 — ポップアップ用カード情報取得	5	shared_db_table,shared_external		mtb_language	API
a16-01	API データ管理 — トップバナーIDのトップバナー情報を取得	a02-04	API 商品管理 — ポップアップ用カード情報取得（旧商品ID）	5	shared_db_table,shared_external		mtb_language	API
a16-01	API データ管理 — トップバナーIDのトップバナー情報を取得	m04-17	M04-17（在庫履歴検索/一覧）	5	shared_db_table,shared_external		mtb_language	API
a16-01	API データ管理 — トップバナーIDのトップバナー情報を取得	m04-18	M04-18（在庫履歴CSV出力）	5	shared_db_table,shared_external		mtb_language	API
a16-01	API データ管理 — トップバナーIDのトップバナー情報を取得	m04-19	M04-19（欠品履歴検索/一覧）	5	shared_db_table,shared_external		mtb_language	API
a16-01	API データ管理 — トップバナーIDのトップバナー情報を取得	f01-01	F01-01（本店トップページ表示）	4	shared_external,same_domain_cross_layer			API
a16-01	API データ管理 — トップバナーIDのトップバナー情報を取得	f01-02	F01-02（支店トップページ表示）	4	shared_external,same_domain_cross_layer			API
a16-02	API データ管理 — 指定言語の設定済みトップバナー一覧を取得	a08-02	API データ管理 — 指定言語の設定済みトップバナー一覧を取得	17	direct_ref,reverse_ref,shared_db_table,shared_external,same_domain		dtb_top_banner_language,mtb_language,mtb_top_banner	API,支店
a16-02	API データ管理 — 指定言語の設定済みトップバナー一覧を取得	a08-01	API データ管理 — トップバナーIDのトップバナー情報を取得	8	shared_db_table,shared_external,same_domain		dtb_top_banner_language,mtb_language,mtb_top_banner	API
a16-02	API データ管理 — 指定言語の設定済みトップバナー一覧を取得	a16-01	API データ管理 — トップバナーIDのトップバナー情報を取得	8	shared_db_table,shared_external,same_domain		dtb_top_banner_language,mtb_language,mtb_top_banner	API
a16-02	API データ管理 — 指定言語の設定済みトップバナー一覧を取得	m16-02	データ管理 — トップバナー管理	7	shared_db_table,shared_external		dtb_top_banner_language,mtb_language,mtb_top_banner	API
a16-02	API データ管理 — 指定言語の設定済みトップバナー一覧を取得	m16-01	データ管理 — トップバナー管理（バナー設定）	6	shared_db_table,shared_external		dtb_top_banner_language,mtb_top_banner	API
a16-02	API データ管理 — 指定言語の設定済みトップバナー一覧を取得	a02-02	API 商品管理 — ポップアップ用カード情報取得	5	shared_db_table,shared_external		mtb_language	API
a16-02	API データ管理 — 指定言語の設定済みトップバナー一覧を取得	a02-04	API 商品管理 — ポップアップ用カード情報取得（旧商品ID）	5	shared_db_table,shared_external		mtb_language	API
a16-02	API データ管理 — 指定言語の設定済みトップバナー一覧を取得	m04-17	M04-17（在庫履歴検索/一覧）	5	shared_db_table,shared_external		mtb_language	API
a16-02	API データ管理 — 指定言語の設定済みトップバナー一覧を取得	m04-18	M04-18（在庫履歴CSV出力）	5	shared_db_table,shared_external		mtb_language	API
a16-02	API データ管理 — 指定言語の設定済みトップバナー一覧を取得	m04-19	M04-19（欠品履歴検索/一覧）	5	shared_db_table,shared_external		mtb_language	API
a16-02	API データ管理 — 指定言語の設定済みトップバナー一覧を取得	m04-33	M04-33（戻しリストCSV）	5	shared_db_table,shared_external		mtb_language	支店
a16-02	API データ管理 — 指定言語の設定済みトップバナー一覧を取得	m04-34	M04-34（戻しリストPDF）	5	shared_db_table,shared_external		mtb_language	支店
a17-01	API その他 — 検索クエリに一致する記事情報1件を取得	a17-02	API その他 — 記事IDに関連する記事情報を取得	8	shared_update_table,shared_external,same_domain	dtb_article	dtb_article,dtb_article_archetype,dtb_article_card,dtb_article_deck,dtb_article_event_detail	API,WordPress,支店
a17-01	API その他 — 検索クエリに一致する記事情報1件を取得	m15-01	デッキ管理 — デッキ検索・一覧	5	shared_db_table,shared_external		dtb_article_deck	API
a17-01	API その他 — 検索クエリに一致する記事情報1件を取得	m15-03	デッキ管理 — 一括削除	5	shared_db_table,shared_external		dtb_article_deck	API,支店
a17-01	API その他 — 検索クエリに一致する記事情報1件を取得	m15-10	m15-10_admin_deck_archetype_csv_import（デッキ管理 — アーキタイプ登録 CSV / TSV 取込）	5	shared_db_table,shared_external		dtb_article_archetype	API
a17-01	API その他 — 検索クエリに一致する記事情報1件を取得	b17-01	バッチ その他 — 最新記事jsonファイル作成	4	shared_external,same_domain_cross_layer			API,WordPress
a17-02	API その他 — 記事IDに関連する記事情報を取得	a17-01	API その他 — 検索クエリに一致する記事情報1件を取得	8	shared_update_table,shared_external,same_domain	dtb_article	dtb_article,dtb_article_archetype,dtb_article_card,dtb_article_deck,dtb_article_event_detail	API,WordPress,支店
a17-02	API その他 — 記事IDに関連する記事情報を取得	m15-01	デッキ管理 — デッキ検索・一覧	5	shared_db_table,shared_external		dtb_article_deck	API
a17-02	API その他 — 記事IDに関連する記事情報を取得	m15-03	デッキ管理 — 一括削除	5	shared_db_table,shared_external		dtb_article_deck	API,支店
a17-02	API その他 — 記事IDに関連する記事情報を取得	m15-10	m15-10_admin_deck_archetype_csv_import（デッキ管理 — アーキタイプ登録 CSV / TSV 取込）	5	shared_db_table,shared_external		dtb_article_archetype	API
a17-02	API その他 — 記事IDに関連する記事情報を取得	b17-01	バッチ その他 — 最新記事jsonファイル作成	4	shared_external,same_domain_cross_layer			API,WordPress
a17-03	API その他 — PointGranterAPI連携	a05-04	API 受注管理 — スマレジ受信処理（ポイント履歴取得）	8	shared_update_table,shared_external	dtb_player,dtb_point_history	dtb_player,dtb_point_history	API,スマレジ
a17-03	API その他 — PointGranterAPI連携	b05-09	バッチ 受注管理 — スマレジ取引連携エラー再連携	8	shared_update_table,shared_external	dtb_player,dtb_point_history	dtb_player,dtb_point_history	API,スマレジ,バッチ
a17-03	API その他 — PointGranterAPI連携	b08-02	バッチ 会員管理 — ポイント失効	8	shared_update_table,shared_external	dtb_player,dtb_point_history	dtb_player,dtb_point_history	API,スマレジ,バッチ
a17-03	API その他 — PointGranterAPI連携	b08-03	バッチ 会員管理 — ポイント有効期限通知	8	shared_update_table,shared_external	dtb_player,dtb_point_history	dtb_player,dtb_point_history	API,バッチ
a17-03	API その他 — PointGranterAPI連携	b08-05	バッチ 会員管理 — ポイント差分発生通知	8	shared_update_table,shared_external	dtb_player,dtb_point_history	dtb_customer,dtb_player,dtb_point_history	API,スマレジ,バッチ
a17-03	API その他 — PointGranterAPI連携	f06-01	F06-01（仮会員登録）	8	shared_update_table,shared_external	dtb_customer,dtb_player	dtb_customer,dtb_player	API,スマレジ,バッチ
a17-03	API その他 — PointGranterAPI連携	f06-02	会員 — 本会員登録（アクティベート）	8	shared_update_table,shared_external	dtb_customer,dtb_player	dtb_customer,dtb_player	API,スマレジ,バッチ
a17-03	API その他 — PointGranterAPI連携	f06-10	F06-10（ポイント履歴）	8	shared_update_table,shared_external	dtb_player,dtb_point_history	dtb_customer,dtb_player,dtb_point_history	API,バッチ
a17-03	API その他 — PointGranterAPI連携	f06-18	F06-18（会員情報変更）	8	shared_update_table,shared_external	dtb_customer,dtb_player	dtb_customer,dtb_player	API,スマレジ,バッチ
a17-03	API その他 — PointGranterAPI連携	f06-21	会員 — 退会（退会手続き）	8	shared_update_table,shared_external	dtb_customer,dtb_player	dtb_customer,dtb_player	API,スマレジ,バッチ
a17-03	API その他 — PointGranterAPI連携	m08-04	M08-04（会員登録/編集）	8	shared_update_table,shared_external	dtb_customer,dtb_player	dtb_customer,dtb_player	API,スマレジ,バッチ
a17-03	API その他 — PointGranterAPI連携	m08-05	会員管理 — ポイント付与・ポイント履歴	8	shared_update_table,shared_external	dtb_player,dtb_point_history	dtb_customer,dtb_player,dtb_point_history	API,スマレジ,バッチ
a17-04	API その他 — 商品IDに紐づく商品詳細の情報を取得	a02-02	API 商品管理 — ポップアップ用カード情報取得	7	shared_db_table,shared_external		dtb_product,dtb_product_class,mtb_card,mtb_card_detail	API
a17-04	API その他 — 商品IDに紐づく商品詳細の情報を取得	a02-03	API 商品管理 — ポップアップ用商品情報取得（旧商品ID）	7	shared_db_table,shared_external		dtb_product,dtb_product_class,mtb_card	API
a17-04	API その他 — 商品IDに紐づく商品詳細の情報を取得	a02-04	API 商品管理 — ポップアップ用カード情報取得（旧商品ID）	7	shared_db_table,shared_external		dtb_product,dtb_product_class,mtb_card	API
a17-04	API その他 — 商品IDに紐づく商品詳細の情報を取得	a06-06	API 店頭買取管理 — カード詳細IDから買取用商品情報を取得	7	shared_db_table,shared_external		dtb_product,dtb_product_class,dtb_product_class_image,mtb_card,mtb_card_detail	API
a17-04	API その他 — 商品IDに紐づく商品詳細の情報を取得	a06-07	API 店頭買取管理 — 商品IDリストから買取用商品情報を取得	7	shared_db_table,shared_external		dtb_product,dtb_product_class,dtb_product_class_image,mtb_card,mtb_card_detail	API
a17-04	API その他 — 商品IDに紐づく商品詳細の情報を取得	a06-08	API 店頭買取管理 — カード名から買取用商品情報を取得	7	shared_db_table,shared_external		dtb_product,dtb_product_class,dtb_product_class_image,mtb_card,mtb_card_detail	API
a17-04	API その他 — 商品IDに紐づく商品詳細の情報を取得	a06-09	API 店頭買取管理 — 商品名から商品詳細の情報を取得	7	shared_db_table,shared_external		dtb_product,dtb_product_class,dtb_product_class_image,mtb_card,mtb_card_detail	API
a17-04	API その他 — 商品IDに紐づく商品詳細の情報を取得	a06-10	API 店頭買取管理 — 商品IDリストから買取用商品情報を取得	7	shared_db_table,shared_external		dtb_product,dtb_product_class,dtb_product_class_image,mtb_card,mtb_card_detail	API
a17-04	API その他 — 商品IDに紐づく商品詳細の情報を取得	a06-17	API 店頭買取管理 — カード詳細IDから買取用商品情報を取得	7	shared_db_table,shared_external		dtb_product,dtb_product_class,dtb_product_class_image,mtb_card,mtb_card_detail	API
a17-04	API その他 — 商品IDに紐づく商品詳細の情報を取得	a06-18	API 店頭買取管理 — 商品IDリストから買取用商品情報を取得	7	shared_db_table,shared_external		dtb_product,dtb_product_class,dtb_product_class_image,mtb_card,mtb_card_detail	API
a17-04	API その他 — 商品IDに紐づく商品詳細の情報を取得	a17-05	API 店頭買取管理 — 商品名から商品詳細の情報を取得	7	shared_db_table,shared_external		dtb_product,dtb_product_class,dtb_product_class_image,mtb_card,mtb_card_detail	API
a17-04	API その他 — 商品IDに紐づく商品詳細の情報を取得	f05-04	F05-04（ネット買取商品詳細）	7	shared_db_table,shared_external		dtb_product,dtb_product_class,mtb_card,mtb_card_detail	API
a17-05	API 店頭買取管理 — 商品名から商品詳細の情報を取得	m03-01	m03-01_admin_product_product_search_list（管理画面_商品管理_商品検索・一覧）	9	shared_db_table,shared_external,same_domain_cross_layer		dtb_product,dtb_product_class,mtb_card,mtb_card_detail	API
a17-05	API 店頭買取管理 — 商品名から商品詳細の情報を取得	m03-03	m03-03_admin_product_product_card_csv_export（管理画面_商品管理_カード商品CSV出力）	9	shared_db_table,shared_external,same_domain_cross_layer		dtb_product,dtb_product_class,mtb_card_detail	API,支店
a17-05	API 店頭買取管理 — 商品名から商品詳細の情報を取得	m03-04	m03-04_admin_product_product_goods_csv_export（管理画面_商品管理_グッズ商品CSV出力）	9	shared_db_table,shared_external,same_domain_cross_layer		dtb_product,dtb_product_class,mtb_card_detail	API,支店
a17-05	API 店頭買取管理 — 商品名から商品詳細の情報を取得	m03-23	商品管理 — 買取/販売価格履歴（検索・一覧・CSV出力）	9	shared_db_table,shared_external,same_domain_cross_layer		dtb_product,dtb_product_class,mtb_card,mtb_card_detail	API
a17-05	API 店頭買取管理 — 商品名から商品詳細の情報を取得	m03-30	m03-30_admin_product_product_product_price_csv_import（管理画面_商品管理_セール用価格変更CSV登録）	9	shared_db_table,shared_external,same_domain_cross_layer		dtb_product,dtb_product_class,dtb_product_sub_class	API
a17-05	API 店頭買取管理 — 商品名から商品詳細の情報を取得	m03-31	M03-31（セール用価格変更CSV登録）	9	shared_db_table,shared_external,same_domain_cross_layer		dtb_product,dtb_product_class,dtb_product_sub_class	API,支店
a17-05	API 店頭買取管理 — 商品名から商品詳細の情報を取得	m03-33	m03-33_admin_product_product_sale_high_price_csv_import（管理画面_商品管理_セール用高額商品価格変更CSV登録）	9	shared_db_table,shared_external,same_domain_cross_layer		dtb_product,dtb_product_class,dtb_product_sub_class	API
a17-05	API 店頭買取管理 — 商品名から商品詳細の情報を取得	a02-02	API 商品管理 — ポップアップ用カード情報取得	8	shared_db_table,shared_external,same_domain		dtb_product,dtb_product_class,dtb_product_sub_class,mtb_card,mtb_card_detail	API
a17-05	API 店頭買取管理 — 商品名から商品詳細の情報を取得	a02-03	API 商品管理 — ポップアップ用商品情報取得（旧商品ID）	8	shared_db_table,shared_external,same_domain		dtb_product,dtb_product_class,dtb_product_sub_class,mtb_card	API
a17-05	API 店頭買取管理 — 商品名から商品詳細の情報を取得	a02-04	API 商品管理 — ポップアップ用カード情報取得（旧商品ID）	8	shared_db_table,shared_external,same_domain		dtb_product,dtb_product_class,dtb_product_sub_class,mtb_card	API
a17-05	API 店頭買取管理 — 商品名から商品詳細の情報を取得	a02-05	API 商品管理 — 更新商品規格取得	8	shared_db_table,shared_external,same_domain		dtb_product,dtb_product_class,dtb_product_sub_class	API,支店
a17-05	API 店頭買取管理 — 商品名から商品詳細の情報を取得	a06-09	API 店頭買取管理 — 商品名から商品詳細の情報を取得	8	shared_db_table,shared_external,same_domain		dtb_product,dtb_product_class,dtb_product_class_image,dtb_product_sub_class,dtb_product_sub_class_image,mtb_card,mtb_card_detail	API,支店
b01-02	B01-02（在庫切れ）	b01-03	B01-03（在庫警告）	7	shared_db_table,shared_external,same_domain		dtb_product_class,dtb_product_stock	API,CSV,PDF,スマレジ,バッチ,メール
b01-02	B01-02（在庫切れ）	a02-02	API 商品管理 — ポップアップ用カード情報取得	6	shared_db_table,shared_external		dtb_product_class,dtb_product_stock	API
b01-02	B01-02（在庫切れ）	a02-03	API 商品管理 — ポップアップ用商品情報取得（旧商品ID）	6	shared_db_table,shared_external		dtb_product_class,dtb_product_stock	API
b01-02	B01-02（在庫切れ）	a02-04	API 商品管理 — ポップアップ用カード情報取得（旧商品ID）	6	shared_db_table,shared_external		dtb_product_class,dtb_product_stock	API
b01-02	B01-02（在庫切れ）	a02-05	API 商品管理 — 更新商品規格取得	6	shared_db_table,shared_external		dtb_product_class,dtb_product_stock	API,スマレジ
b01-02	B01-02（在庫切れ）	b06-01	B06-01（買取自動入庫バッチ）	6	shared_db_table,shared_external		dtb_product_class,dtb_product_stock	API,CSV,PDF,スマレジ,バッチ,メール
b01-02	B01-02（在庫切れ）	m03-01	m03-01_admin_product_product_search_list（管理画面_商品管理_商品検索・一覧）	6	shared_db_table,shared_external		dtb_product_class,dtb_product_stock	API,CSV,バッチ
b01-02	B01-02（在庫切れ）	m03-05	m03-05_admin_product_product_sale_price_csv_export（管理画面_商品管理_セール用価格変更CSV出力）	6	shared_db_table,shared_external		dtb_product_class,dtb_product_stock	API,CSV,バッチ
b01-02	B01-02（在庫切れ）	m03-09	M03-09（商品規格登録/編集）	6	shared_db_table,shared_external		dtb_product_class,dtb_product_stock	API,CSV,バッチ,メール
b01-02	B01-02（在庫切れ）	m03-26	m03-26_admin_product_product_card_csv_import（管理画面_商品管理_カード商品CSV登録）	6	shared_db_table,shared_external		dtb_product_class,dtb_product_stock	API,CSV,スマレジ,バッチ
b01-02	B01-02（在庫切れ）	m03-27	m03-27_admin_product_product_goods_csv_import（管理画面_商品管理_グッズ商品CSV登録）	6	shared_db_table,shared_external		dtb_product_class,dtb_product_stock	API,CSV,スマレジ,バッチ
b01-02	B01-02（在庫切れ）	m04-01	M04-01（在庫検索/一覧）	6	shared_db_table,shared_external		dtb_product_class,dtb_product_stock	CSV,スマレジ
b01-03	B01-03（在庫警告）	b01-02	B01-02（在庫切れ）	7	shared_db_table,shared_external,same_domain		dtb_product_class,dtb_product_stock	API,CSV,PDF,スマレジ,バッチ,メール
b01-03	B01-03（在庫警告）	a02-02	API 商品管理 — ポップアップ用カード情報取得	6	shared_db_table,shared_external		dtb_product_class,dtb_product_stock	API
b01-03	B01-03（在庫警告）	a02-03	API 商品管理 — ポップアップ用商品情報取得（旧商品ID）	6	shared_db_table,shared_external		dtb_product_class,dtb_product_stock	API
b01-03	B01-03（在庫警告）	a02-04	API 商品管理 — ポップアップ用カード情報取得（旧商品ID）	6	shared_db_table,shared_external		dtb_product_class,dtb_product_stock	API
b01-03	B01-03（在庫警告）	a02-05	API 商品管理 — 更新商品規格取得	6	shared_db_table,shared_external		dtb_product_class,dtb_product_stock	API,スマレジ
b01-03	B01-03（在庫警告）	b06-01	B06-01（買取自動入庫バッチ）	6	shared_db_table,shared_external		dtb_product_class,dtb_product_stock	API,CSV,PDF,スマレジ,バッチ,メール
b01-03	B01-03（在庫警告）	m03-01	m03-01_admin_product_product_search_list（管理画面_商品管理_商品検索・一覧）	6	shared_db_table,shared_external		dtb_product_class,dtb_product_stock	API,CSV,バッチ
b01-03	B01-03（在庫警告）	m03-05	m03-05_admin_product_product_sale_price_csv_export（管理画面_商品管理_セール用価格変更CSV出力）	6	shared_db_table,shared_external		dtb_product_class,dtb_product_stock	API,CSV,バッチ
b01-03	B01-03（在庫警告）	m03-09	M03-09（商品規格登録/編集）	6	shared_db_table,shared_external		dtb_product_class,dtb_product_stock	API,CSV,バッチ,メール
b01-03	B01-03（在庫警告）	m03-26	m03-26_admin_product_product_card_csv_import（管理画面_商品管理_カード商品CSV登録）	6	shared_db_table,shared_external		dtb_product_class,dtb_product_stock	API,CSV,スマレジ,バッチ
b01-03	B01-03（在庫警告）	m03-27	m03-27_admin_product_product_goods_csv_import（管理画面_商品管理_グッズ商品CSV登録）	6	shared_db_table,shared_external		dtb_product_class,dtb_product_stock	API,CSV,スマレジ,バッチ
b01-03	B01-03（在庫警告）	m04-01	M04-01（在庫検索/一覧）	6	shared_db_table,shared_external		dtb_product_class,dtb_product_stock	CSV,スマレジ
b02-01	バッチ 商品管理 — 期間別販売数集計	f03-05	商品 — 商品リコメンド（おすすめ商品ブロック）	9	shared_db_table,shared_external,same_domain_cross_layer		dtb_order,dtb_order_detail,dtb_order_item,dtb_product_class	API,バッチ
b02-01	バッチ 商品管理 — 期間別販売数集計	a02-01	API 商品管理 — ポップアップ用商品情報取得	8	shared_db_table,shared_external,same_domain_cross_layer		dtb_product_class,dtb_product_sub_class	API
b02-01	バッチ 商品管理 — 期間別販売数集計	a02-02	API 商品管理 — ポップアップ用カード情報取得	8	shared_db_table,shared_external,same_domain_cross_layer		dtb_product_class,dtb_product_sub_class	API
b02-01	バッチ 商品管理 — 期間別販売数集計	a02-03	API 商品管理 — ポップアップ用商品情報取得（旧商品ID）	8	shared_db_table,shared_external,same_domain_cross_layer		dtb_product_class,dtb_product_sub_class	API
b02-01	バッチ 商品管理 — 期間別販売数集計	a02-04	API 商品管理 — ポップアップ用カード情報取得（旧商品ID）	8	shared_db_table,shared_external,same_domain_cross_layer		dtb_product_class,dtb_product_sub_class	API
b02-01	バッチ 商品管理 — 期間別販売数集計	a02-05	API 商品管理 — 更新商品規格取得	8	shared_db_table,shared_external,same_domain_cross_layer		dtb_product_class,dtb_product_sub_class	API
b02-01	バッチ 商品管理 — 期間別販売数集計	a06-09	API 店頭買取管理 — 商品名から商品詳細の情報を取得	8	shared_db_table,shared_external,same_domain_cross_layer		dtb_product_class,dtb_product_sub_class	API
b02-01	バッチ 商品管理 — 期間別販売数集計	a17-05	API 店頭買取管理 — 商品名から商品詳細の情報を取得	8	shared_db_table,shared_external,same_domain_cross_layer		dtb_product_class,dtb_product_sub_class	API
b02-01	バッチ 商品管理 — 期間別販売数集計	b02-06	バッチ 商品管理 — 在庫初期化	8	shared_db_table,shared_external,same_domain		dtb_order,dtb_order_detail,dtb_order_item	API,バッチ
b02-01	バッチ 商品管理 — 期間別販売数集計	m03-08	m03-08_admin_product_product_product_class_list（管理画面_商品管理_商品規格一覧）	8	shared_db_table,shared_external,same_domain_cross_layer		dtb_product_class,dtb_product_sub_class	API,バッチ
b02-01	バッチ 商品管理 — 期間別販売数集計	m03-09	M03-09（商品規格登録/編集）	8	shared_db_table,shared_external,same_domain_cross_layer		dtb_product_class,dtb_product_sub_class	API,バッチ
b02-01	バッチ 商品管理 — 期間別販売数集計	m03-10	m03-10_admin_product_product_bulk_buy_standard_price_edit（管理画面_商品管理_買取・基準価格一括編集）	8	shared_db_table,shared_external,same_domain_cross_layer		dtb_product_class,dtb_product_sub_class	API,バッチ
b02-02	バッチ 商品管理 — 入荷通知キャンセル	a02-05	API 商品管理 — 更新商品規格取得	10	shared_update_table,shared_external,same_domain_cross_layer	dtb_product,dtb_product_class	dtb_product,dtb_product_class	API
b02-02	バッチ 商品管理 — 入荷通知キャンセル	f03-02	F03-02（商品詳細）	10	shared_update_table,shared_external,same_domain_cross_layer	dtb_product,dtb_product_class	dtb_product,dtb_product_class	API,バッチ
b02-02	バッチ 商品管理 — 入荷通知キャンセル	m03-26	m03-26_admin_product_product_card_csv_import（管理画面_商品管理_カード商品CSV登録）	10	shared_update_table,shared_external,same_domain_cross_layer	dtb_product,dtb_product_class	dtb_product,dtb_product_class	API,バッチ
b02-02	バッチ 商品管理 — 入荷通知キャンセル	m03-27	m03-27_admin_product_product_goods_csv_import（管理画面_商品管理_グッズ商品CSV登録）	10	shared_update_table,shared_external,same_domain_cross_layer	dtb_product,dtb_product_class	dtb_product,dtb_product_class	API,バッチ
b02-02	バッチ 商品管理 — 入荷通知キャンセル	m03-30	m03-30_admin_product_product_product_price_csv_import（管理画面_商品管理_セール用価格変更CSV登録）	10	shared_update_table,shared_external,same_domain_cross_layer	dtb_product,dtb_product_class	dtb_product,dtb_product_class	API,バッチ
b02-02	バッチ 商品管理 — 入荷通知キャンセル	m03-31	M03-31（セール用価格変更CSV登録）	10	shared_update_table,shared_external,same_domain_cross_layer	dtb_product,dtb_product_class	dtb_product,dtb_product_class	API,バッチ
b02-02	バッチ 商品管理 — 入荷通知キャンセル	m03-36	m03-36_admin_product_product_buy_discount_csv_import（管理画面_商品管理_買取減額率変更CSV登録）	10	shared_update_table,shared_external,same_domain_cross_layer	dtb_product,dtb_product_class	dtb_product,dtb_product_class	API,バッチ
b02-02	バッチ 商品管理 — 入荷通知キャンセル	f03-01	F03-01（商品一覧）	9	shared_update_table,shared_external,same_domain_cross_layer	dtb_product	dtb_product,dtb_product_class	API,バッチ
b02-02	バッチ 商品管理 — 入荷通知キャンセル	f03-05	商品 — 商品リコメンド（おすすめ商品ブロック）	9	shared_update_table,shared_external,same_domain_cross_layer	dtb_product	dtb_product,dtb_product_class	API,バッチ
b02-02	バッチ 商品管理 — 入荷通知キャンセル	f03-07	F03-07（入荷時通知）	9	shared_update_table,shared_external,same_domain_cross_layer	dtb_product_request	dtb_product_request	API,バッチ,メール
b02-02	バッチ 商品管理 — 入荷通知キャンセル	m03-02	M03-02（商品編集機能）	9	shared_update_table,shared_external,same_domain_cross_layer	dtb_product	dtb_product	API,バッチ
b02-02	バッチ 商品管理 — 入荷通知キャンセル	m03-09	M03-09（商品規格登録/編集）	9	shared_update_table,shared_external,same_domain_cross_layer	dtb_product_class	dtb_product_class	API,バッチ,メール
b02-03	バッチ 商品管理 — 期間別入庫数集計	m03-09	M03-09（商品規格登録/編集）	9	shared_db_table,shared_external,same_domain_cross_layer		dtb_product_stock,dtb_product_sub_class,dtb_stock_up_quantity	API,バッチ
b02-03	バッチ 商品管理 — 期間別入庫数集計	a02-02	API 商品管理 — ポップアップ用カード情報取得	8	shared_db_table,shared_external,same_domain_cross_layer		dtb_product_stock,dtb_product_sub_class	API
b02-03	バッチ 商品管理 — 期間別入庫数集計	a02-03	API 商品管理 — ポップアップ用商品情報取得（旧商品ID）	8	shared_db_table,shared_external,same_domain_cross_layer		dtb_product_stock,dtb_product_sub_class	API
b02-03	バッチ 商品管理 — 期間別入庫数集計	a02-04	API 商品管理 — ポップアップ用カード情報取得（旧商品ID）	8	shared_db_table,shared_external,same_domain_cross_layer		dtb_product_stock,dtb_product_sub_class	API
b02-03	バッチ 商品管理 — 期間別入庫数集計	a02-05	API 商品管理 — 更新商品規格取得	8	shared_db_table,shared_external,same_domain_cross_layer		dtb_product_stock,dtb_product_sub_class	API
b02-03	バッチ 商品管理 — 期間別入庫数集計	b02-06	バッチ 商品管理 — 在庫初期化	8	shared_update_table,shared_external,same_domain	dtb_stock_history	dtb_product_stock,dtb_stock_history	API,バッチ
b02-03	バッチ 商品管理 — 期間別入庫数集計	b02-07	バッチ 商品管理 — 週間在庫履歴更新	8	shared_update_table,shared_external,same_domain	dtb_stock_history	dtb_product_stock,dtb_stock_history	API,バッチ
b02-03	バッチ 商品管理 — 期間別入庫数集計	a02-01	API 商品管理 — ポップアップ用商品情報取得	7	shared_db_table,shared_external,same_domain_cross_layer		dtb_product_sub_class	API
b02-03	バッチ 商品管理 — 期間別入庫数集計	a06-09	API 店頭買取管理 — 商品名から商品詳細の情報を取得	7	shared_db_table,shared_external,same_domain_cross_layer		dtb_product_sub_class	API
b02-03	バッチ 商品管理 — 期間別入庫数集計	a17-05	API 店頭買取管理 — 商品名から商品詳細の情報を取得	7	shared_db_table,shared_external,same_domain_cross_layer		dtb_product_sub_class	API
b02-03	バッチ 商品管理 — 期間別入庫数集計	b05-02	バッチ 受注管理 — 購入完了手続き再処理	7	shared_update_table,shared_external	dtb_stock_history	dtb_stock_history	API,バッチ
b02-03	バッチ 商品管理 — 期間別入庫数集計	m03-01	m03-01_admin_product_product_search_list（管理画面_商品管理_商品検索・一覧）	7	shared_db_table,shared_external,same_domain_cross_layer		dtb_product_stock	API,バッチ
b02-04	バッチ 商品管理 — 商品部門未設定チェック	m03-04	m03-04_admin_product_product_goods_csv_export（管理画面_商品管理_グッズ商品CSV出力）	9	shared_db_table,shared_external,same_domain_cross_layer		dtb_product,dtb_product_class,mtb_section	API,バッチ
b02-04	バッチ 商品管理 — 商品部門未設定チェック	a02-02	API 商品管理 — ポップアップ用カード情報取得	8	shared_db_table,shared_external,same_domain_cross_layer		dtb_product,dtb_product_class	API
b02-04	バッチ 商品管理 — 商品部門未設定チェック	a02-03	API 商品管理 — ポップアップ用商品情報取得（旧商品ID）	8	shared_db_table,shared_external,same_domain_cross_layer		dtb_product,dtb_product_class	API
b02-04	バッチ 商品管理 — 商品部門未設定チェック	a02-04	API 商品管理 — ポップアップ用カード情報取得（旧商品ID）	8	shared_db_table,shared_external,same_domain_cross_layer		dtb_product,dtb_product_class	API
b02-04	バッチ 商品管理 — 商品部門未設定チェック	a02-05	API 商品管理 — 更新商品規格取得	8	shared_db_table,shared_external,same_domain_cross_layer		dtb_product,dtb_product_class	API
b02-04	バッチ 商品管理 — 商品部門未設定チェック	a06-09	API 店頭買取管理 — 商品名から商品詳細の情報を取得	8	shared_db_table,shared_external,same_domain_cross_layer		dtb_product,dtb_product_class	API
b02-04	バッチ 商品管理 — 商品部門未設定チェック	a17-05	API 店頭買取管理 — 商品名から商品詳細の情報を取得	8	shared_db_table,shared_external,same_domain_cross_layer		dtb_product,dtb_product_class	API
b02-04	バッチ 商品管理 — 商品部門未設定チェック	f03-01	F03-01（商品一覧）	8	shared_db_table,shared_external,same_domain_cross_layer		dtb_product,dtb_product_class	API,バッチ
b02-04	バッチ 商品管理 — 商品部門未設定チェック	f03-02	F03-02（商品詳細）	8	shared_db_table,shared_external,same_domain_cross_layer		dtb_product,dtb_product_class	API,バッチ
b02-04	バッチ 商品管理 — 商品部門未設定チェック	f03-05	商品 — 商品リコメンド（おすすめ商品ブロック）	8	shared_db_table,shared_external,same_domain_cross_layer		dtb_product,dtb_product_class	API,バッチ
b02-04	バッチ 商品管理 — 商品部門未設定チェック	m03-01	m03-01_admin_product_product_search_list（管理画面_商品管理_商品検索・一覧）	8	shared_db_table,shared_external,same_domain_cross_layer		dtb_product,dtb_product_class	API,バッチ
b02-04	バッチ 商品管理 — 商品部門未設定チェック	m03-03	m03-03_admin_product_product_card_csv_export（管理画面_商品管理_カード商品CSV出力）	8	shared_db_table,shared_external,same_domain_cross_layer		dtb_product,dtb_product_class	API,バッチ
b02-05	バッチ 商品管理 — お気に入り商品セール通知	f03-02	F03-02（商品詳細）	7	shared_db_table,shared_external,same_domain_cross_layer		dtb_favorite_product	API,バッチ
b02-05	バッチ 商品管理 — お気に入り商品セール通知	f03-08	商品 — お気に入り（登録・解除・一覧）	7	shared_db_table,shared_external,same_domain_cross_layer		dtb_favorite_product	API,バッチ,メール
b02-05	バッチ 商品管理 — お気に入り商品セール通知	f06-09	F06-09（お気に入り商品一覧）	6	shared_db_table,shared_external		dtb_favorite_product,dtb_player	API,バッチ,メール
b02-05	バッチ 商品管理 — お気に入り商品セール通知	a05-04	API 受注管理 — スマレジ受信処理（ポイント履歴取得）	5	shared_db_table,shared_external		dtb_player	API
b02-05	バッチ 商品管理 — お気に入り商品セール通知	a15-02	API デッキビルダー — ログアウト	5	shared_db_table,shared_external		dtb_player	API
b02-05	バッチ 商品管理 — お気に入り商品セール通知	a15-03	API デッキビルダー — ユーザー情報参照	5	shared_db_table,shared_external		dtb_player	API,メール
b02-05	バッチ 商品管理 — お気に入り商品セール通知	a15-04	API デッキビルダー — 他ユーザー情報参照	5	shared_db_table,shared_external		dtb_player	API,メール
b02-05	バッチ 商品管理 — お気に入り商品セール通知	a15-05	API デッキビルダー — ユーザー情報変更	5	shared_db_table,shared_external		dtb_player	API,メール
b02-05	バッチ 商品管理 — お気に入り商品セール通知	a15-17	API デッキビルダー — デッキ登録インポート	5	shared_db_table,shared_external		dtb_player	API
b02-05	バッチ 商品管理 — お気に入り商品セール通知	a15-18	API デッキビルダー — デッキ更新インポート	5	shared_db_table,shared_external		dtb_player	API
b02-05	バッチ 商品管理 — お気に入り商品セール通知	a17-03	API その他 — PointGranterAPI連携	5	shared_db_table,shared_external		dtb_player	API,バッチ
b02-05	バッチ 商品管理 — お気に入り商品セール通知	b05-08	バッチ 受注管理 — スマレジEC受注連携エラー再連携	5	shared_db_table,shared_external		dtb_player	API,バッチ
b02-06	バッチ 商品管理 — 在庫初期化	f03-05	商品 — 商品リコメンド（おすすめ商品ブロック）	9	shared_db_table,shared_external,same_domain_cross_layer		dtb_order,dtb_order_detail,dtb_order_item	API,バッチ
b02-06	バッチ 商品管理 — 在庫初期化	f04-02	F04-02（ご注文方法指定 — 注文情報の入力・確認・注文）	9	shared_update_table,shared_external	dtb_order,dtb_order_detail,dtb_order_item	dtb_order,dtb_order_detail,dtb_order_item	API,バッチ
b02-06	バッチ 商品管理 — 在庫初期化	b02-01	バッチ 商品管理 — 期間別販売数集計	8	shared_db_table,shared_external,same_domain		dtb_order,dtb_order_detail,dtb_order_item	API,バッチ
b02-06	バッチ 商品管理 — 在庫初期化	b02-03	バッチ 商品管理 — 期間別入庫数集計	8	shared_update_table,shared_external,same_domain	dtb_stock_history	dtb_product_stock,dtb_stock_history	API,バッチ
b02-06	バッチ 商品管理 — 在庫初期化	b02-07	バッチ 商品管理 — 週間在庫履歴更新	8	shared_update_table,shared_external,same_domain	dtb_stock_history	dtb_product_stock,dtb_stock_history	API,バッチ
b02-06	バッチ 商品管理 — 在庫初期化	b05-02	バッチ 受注管理 — 購入完了手続き再処理	8	shared_update_table,shared_external	dtb_order,dtb_stock_history	dtb_order,dtb_stock_history	API,バッチ
b02-06	バッチ 商品管理 — 在庫初期化	m05-11	m05-11_admin_order_order_edit（管理画面_受注管理_受注情報編集）	8	shared_update_table,shared_external	dtb_order,dtb_order_item	dtb_order,dtb_order_item	API,バッチ
b02-06	バッチ 商品管理 — 在庫初期化	a02-02	API 商品管理 — ポップアップ用カード情報取得	7	shared_db_table,shared_external,same_domain_cross_layer		dtb_product_stock	API
b02-06	バッチ 商品管理 — 在庫初期化	a02-03	API 商品管理 — ポップアップ用商品情報取得（旧商品ID）	7	shared_db_table,shared_external,same_domain_cross_layer		dtb_product_stock	API
b02-06	バッチ 商品管理 — 在庫初期化	a02-04	API 商品管理 — ポップアップ用カード情報取得（旧商品ID）	7	shared_db_table,shared_external,same_domain_cross_layer		dtb_product_stock	API
b02-06	バッチ 商品管理 — 在庫初期化	a02-05	API 商品管理 — 更新商品規格取得	7	shared_db_table,shared_external,same_domain_cross_layer		dtb_product_stock	API
b02-06	バッチ 商品管理 — 在庫初期化	a05-01	API 受注管理 — 注文印刷（印刷情報送信・印刷済み更新）	7	shared_update_table,shared_external	dtb_order	dtb_order	API
b02-07	バッチ 商品管理 — 週間在庫履歴更新	a02-05	API 商品管理 — 更新商品規格取得	9	shared_update_table,shared_external,same_domain_cross_layer	dtb_product_stock	dtb_product_stock	API,スマレジ,支店
b02-07	バッチ 商品管理 — 週間在庫履歴更新	m03-09	M03-09（商品規格登録/編集）	9	shared_update_table,shared_external,same_domain_cross_layer	dtb_product_stock	dtb_product_stock	API,CSV,バッチ,支店
b02-07	バッチ 商品管理 — 週間在庫履歴更新	m03-26	m03-26_admin_product_product_card_csv_import（管理画面_商品管理_カード商品CSV登録）	9	shared_update_table,shared_external,same_domain_cross_layer	dtb_product_stock	dtb_product_stock	API,CSV,スマレジ,バッチ,支店
b02-07	バッチ 商品管理 — 週間在庫履歴更新	m03-27	m03-27_admin_product_product_goods_csv_import（管理画面_商品管理_グッズ商品CSV登録）	9	shared_update_table,shared_external,same_domain_cross_layer	dtb_product_stock	dtb_product_stock	API,CSV,スマレジ,バッチ,支店
b02-07	バッチ 商品管理 — 週間在庫履歴更新	b02-03	バッチ 商品管理 — 期間別入庫数集計	8	shared_update_table,shared_external,same_domain	dtb_stock_history	dtb_product_stock,dtb_stock_history	API,バッチ
b02-07	バッチ 商品管理 — 週間在庫履歴更新	b02-06	バッチ 商品管理 — 在庫初期化	8	shared_update_table,shared_external,same_domain	dtb_stock_history	dtb_product_stock,dtb_stock_history	API,バッチ
b02-07	バッチ 商品管理 — 週間在庫履歴更新	m04-02	M04-02（在庫編集機能）	8	shared_update_table,shared_external	dtb_product_stock,dtb_stock_history	dtb_product_stock,dtb_stock_history	API,CSV,スマレジ
b02-07	バッチ 商品管理 — 週間在庫履歴更新	m04-03	M04-03（在庫一括編集）	8	shared_update_table,shared_external	dtb_product_stock,dtb_stock_history	dtb_product_stock,dtb_stock_history	API,CSV,バッチ,支店
b02-07	バッチ 商品管理 — 週間在庫履歴更新	m04-13	M04-13（在庫分割結合登録/編集）	8	shared_update_table,shared_external	dtb_product_stock,dtb_stock_history	dtb_product_stock,dtb_stock_history	CSV,スマレジ
b02-07	バッチ 商品管理 — 週間在庫履歴更新	m04-21	M04-21（在庫変更CSV登録）	8	shared_update_table,shared_external	dtb_product_stock,dtb_stock_history	dtb_product_stock,dtb_stock_history	API,CSV,バッチ,支店
b02-07	バッチ 商品管理 — 週間在庫履歴更新	a02-02	API 商品管理 — ポップアップ用カード情報取得	7	shared_db_table,shared_external,same_domain_cross_layer		dtb_product_stock	API
b02-07	バッチ 商品管理 — 週間在庫履歴更新	a02-03	API 商品管理 — ポップアップ用商品情報取得（旧商品ID）	7	shared_db_table,shared_external,same_domain_cross_layer		dtb_product_stock	API
b05-01	バッチ 受注管理 — 注文番号登録	a05-01	API 受注管理 — 注文印刷（印刷情報送信・印刷済み更新）	10	shared_update_table,shared_external,same_domain_cross_layer	dtb_order,dtb_order_sub	dtb_order,dtb_order_number,dtb_order_sub	API,スマレジ
b05-01	バッチ 受注管理 — 注文番号登録	a05-02	API 受注管理 — 注文印刷（印刷情報送信・印刷済み更新）	10	shared_update_table,shared_external,same_domain_cross_layer	dtb_order,dtb_order_sub	dtb_order,dtb_order_number,dtb_order_sub	API,スマレジ
b05-01	バッチ 受注管理 — 注文番号登録	a05-04	API 受注管理 — スマレジ受信処理（ポイント履歴取得）	9	shared_update_table,shared_external,same_domain_cross_layer	dtb_order_sub	dtb_order_sub	API,スマレジ
b05-01	バッチ 受注管理 — 注文番号登録	b05-02	バッチ 受注管理 — 購入完了手続き再処理	9	shared_update_table,shared_external,same_domain	dtb_order,dtb_order_sub	dtb_order,dtb_order_sub	API,スマレジ,バッチ,メール
b05-01	バッチ 受注管理 — 注文番号登録	b05-04	バッチ 受注管理 — スマレジ商品再連携	9	shared_update_table,shared_external,same_domain	dtb_order,dtb_order_sub	dtb_order,dtb_order_sub	API,スマレジ,バッチ,メール
b05-01	バッチ 受注管理 — 注文番号登録	b05-05	バッチ 受注管理 — スマレジ商品削除	9	shared_update_table,shared_external,same_domain	dtb_order,dtb_order_sub	dtb_order,dtb_order_sub	API,スマレジ,バッチ,メール
b05-01	バッチ 受注管理 — 注文番号登録	m05-08	m05-08_admin_order_order_stack_paper_print（受注管理 — スタック用紙印刷）	9	shared_update_table,shared_external,same_domain_cross_layer	dtb_order	dtb_order,dtb_order_sub	API,バッチ
b05-01	バッチ 受注管理 — 注文番号登録	m05-11	m05-11_admin_order_order_edit（管理画面_受注管理_受注情報編集）	9	shared_update_table,shared_external,same_domain_cross_layer	dtb_order	dtb_order	API,スマレジ,バッチ,メール
b05-01	バッチ 受注管理 — 注文番号登録	m05-12	m05-12_admin_order_order_bulk_status_change（管理画面_受注管理_対応状況一括変更）	9	shared_update_table,shared_external,same_domain_cross_layer	dtb_order	dtb_order	API,バッチ,メール
b05-01	バッチ 受注管理 — 注文番号登録	m05-14	m05-14_admin_order_order_status_change（管理画面_受注対応状況の変更）	9	shared_update_table,shared_external,same_domain_cross_layer	dtb_order	dtb_order	API,バッチ,メール
b05-01	バッチ 受注管理 — 注文番号登録	m05-15	m05-15_admin_order_order_mail（管理画面_受注詳細メール通知）	9	shared_update_table,shared_external,same_domain_cross_layer	dtb_order	dtb_order	API,バッチ,メール
b05-01	バッチ 受注管理 — 注文番号登録	m05-16	m05-16_admin_order_order_shop_memo（管理画面_受注編集_ショップ用メモ登録）	9	shared_update_table,shared_external,same_domain_cross_layer	dtb_order	dtb_order	API,バッチ
b05-02	バッチ 受注管理 — 購入完了手続き再処理	a05-01	API 受注管理 — 注文印刷（印刷情報送信・印刷済み更新）	10	shared_update_table,shared_external,same_domain_cross_layer	dtb_order,dtb_order_sub	dtb_order,dtb_order_sub	API,スマレジ
b05-02	バッチ 受注管理 — 購入完了手続き再処理	a05-02	API 受注管理 — 注文印刷（印刷情報送信・印刷済み更新）	10	shared_update_table,shared_external,same_domain_cross_layer	dtb_order,dtb_order_sub	dtb_order,dtb_order_sub	API,スマレジ
b05-02	バッチ 受注管理 — 購入完了手続き再処理	a05-04	API 受注管理 — スマレジ受信処理（ポイント履歴取得）	10	shared_update_table,shared_external,same_domain_cross_layer	dtb_order_sub,dtb_point_history	dtb_order_sub,dtb_point_history	API,スマレジ
b05-02	バッチ 受注管理 — 購入完了手続き再処理	b05-01	バッチ 受注管理 — 注文番号登録	9	shared_update_table,shared_external,same_domain	dtb_order,dtb_order_sub	dtb_order,dtb_order_sub	API,スマレジ,バッチ,メール
b05-02	バッチ 受注管理 — 購入完了手続き再処理	b05-04	バッチ 受注管理 — スマレジ商品再連携	9	shared_update_table,shared_external,same_domain	dtb_order,dtb_order_sub	dtb_order,dtb_order_sub	API,スマレジ,バッチ,メール
b05-02	バッチ 受注管理 — 購入完了手続き再処理	b05-05	バッチ 受注管理 — スマレジ商品削除	9	shared_update_table,shared_external,same_domain	dtb_order,dtb_order_sub	dtb_order,dtb_order_sub	API,スマレジ,バッチ,メール
b05-02	バッチ 受注管理 — 購入完了手続き再処理	m05-08	m05-08_admin_order_order_stack_paper_print（受注管理 — スタック用紙印刷）	9	shared_update_table,shared_external,same_domain_cross_layer	dtb_order	dtb_order,dtb_order_sub	API,バッチ
b05-02	バッチ 受注管理 — 購入完了手続き再処理	m05-11	m05-11_admin_order_order_edit（管理画面_受注管理_受注情報編集）	9	shared_update_table,shared_external,same_domain_cross_layer	dtb_order	dtb_order	API,スマレジ,バッチ,メール
b05-02	バッチ 受注管理 — 購入完了手続き再処理	m05-12	m05-12_admin_order_order_bulk_status_change（管理画面_受注管理_対応状況一括変更）	9	shared_update_table,shared_external,same_domain_cross_layer	dtb_order	dtb_order	API,バッチ,メール
b05-02	バッチ 受注管理 — 購入完了手続き再処理	m05-14	m05-14_admin_order_order_status_change（管理画面_受注対応状況の変更）	9	shared_update_table,shared_external,same_domain_cross_layer	dtb_order	dtb_order	API,バッチ,メール
b05-02	バッチ 受注管理 — 購入完了手続き再処理	m05-15	m05-15_admin_order_order_mail（管理画面_受注詳細メール通知）	9	shared_update_table,shared_external,same_domain_cross_layer	dtb_order	dtb_order	API,バッチ,メール
b05-02	バッチ 受注管理 — 購入完了手続き再処理	m05-16	m05-16_admin_order_order_shop_memo（管理画面_受注編集_ショップ用メモ登録）	9	shared_update_table,shared_external,same_domain_cross_layer	dtb_order	dtb_order	API,バッチ
b05-03	バッチ 受注管理 — 店頭注文番号初期化	a05-01	API 受注管理 — 注文印刷（印刷情報送信・印刷済み更新）	8	shared_db_table,shared_external,same_domain_cross_layer		dtb_order,dtb_order_sub	API
b05-03	バッチ 受注管理 — 店頭注文番号初期化	a05-02	API 受注管理 — 注文印刷（印刷情報送信・印刷済み更新）	8	shared_db_table,shared_external,same_domain_cross_layer		dtb_order,dtb_order_sub	API
b05-03	バッチ 受注管理 — 店頭注文番号初期化	a05-03	API 受注管理 — 店頭注文番号取得	8	shared_db_table,shared_external,same_domain_cross_layer		dtb_order,dtb_waiting_number	API,バッチ
b05-03	バッチ 受注管理 — 店頭注文番号初期化	m05-07	m05-07_admin_order_order_labels_csv_export（管理画面_受注管理_送り状CSV出力）	8	shared_db_table,shared_external,same_domain_cross_layer		dtb_order,dtb_order_sub	API,バッチ
b05-03	バッチ 受注管理 — 店頭注文番号初期化	m05-08	m05-08_admin_order_order_stack_paper_print（受注管理 — スタック用紙印刷）	8	shared_db_table,shared_external,same_domain_cross_layer		dtb_order,dtb_order_sub	API,バッチ
b05-03	バッチ 受注管理 — 店頭注文番号初期化	m05-26	m05-26_admin_order_order_shipping_result_csv_import（管理画面_受注管理_出荷実績インポート登録）	8	shared_db_table,shared_external,same_domain_cross_layer		dtb_order,dtb_order_sub	API,バッチ
b05-03	バッチ 受注管理 — 店頭注文番号初期化	a05-04	API 受注管理 — スマレジ受信処理（ポイント履歴取得）	7	shared_db_table,shared_external,same_domain_cross_layer		dtb_order_sub	API
b05-03	バッチ 受注管理 — 店頭注文番号初期化	b05-01	バッチ 受注管理 — 注文番号登録	7	shared_db_table,shared_external,same_domain		dtb_order,dtb_order_sub	API,バッチ
b05-03	バッチ 受注管理 — 店頭注文番号初期化	b05-02	バッチ 受注管理 — 購入完了手続き再処理	7	shared_db_table,shared_external,same_domain		dtb_order,dtb_order_sub	API,バッチ
b05-03	バッチ 受注管理 — 店頭注文番号初期化	b05-04	バッチ 受注管理 — スマレジ商品再連携	7	shared_db_table,shared_external,same_domain		dtb_order,dtb_order_sub	API,バッチ
b05-03	バッチ 受注管理 — 店頭注文番号初期化	b05-05	バッチ 受注管理 — スマレジ商品削除	7	shared_db_table,shared_external,same_domain		dtb_order,dtb_order_sub	API,バッチ
b05-03	バッチ 受注管理 — 店頭注文番号初期化	b05-08	バッチ 受注管理 — スマレジEC受注連携エラー再連携	7	shared_db_table,shared_external,same_domain		dtb_order,dtb_order_sub	API,バッチ
b05-04	バッチ 受注管理 — スマレジ商品再連携	a05-01	API 受注管理 — 注文印刷（印刷情報送信・印刷済み更新）	10	shared_update_table,shared_external,same_domain_cross_layer	dtb_order,dtb_order_sub	dtb_order,dtb_order_sub	API,スマレジ
b05-04	バッチ 受注管理 — スマレジ商品再連携	a05-02	API 受注管理 — 注文印刷（印刷情報送信・印刷済み更新）	10	shared_update_table,shared_external,same_domain_cross_layer	dtb_order,dtb_order_sub	dtb_order,dtb_order_sub	API,スマレジ
b05-04	バッチ 受注管理 — スマレジ商品再連携	a05-04	API 受注管理 — スマレジ受信処理（ポイント履歴取得）	9	shared_update_table,shared_external,same_domain_cross_layer	dtb_order_sub	dtb_order_sub	API,スマレジ
b05-04	バッチ 受注管理 — スマレジ商品再連携	b05-01	バッチ 受注管理 — 注文番号登録	9	shared_update_table,shared_external,same_domain	dtb_order,dtb_order_sub	dtb_order,dtb_order_sub	API,スマレジ,バッチ,メール
b05-04	バッチ 受注管理 — スマレジ商品再連携	b05-02	バッチ 受注管理 — 購入完了手続き再処理	9	shared_update_table,shared_external,same_domain	dtb_order,dtb_order_sub	dtb_order,dtb_order_sub	API,スマレジ,バッチ,メール
b05-04	バッチ 受注管理 — スマレジ商品再連携	b05-05	バッチ 受注管理 — スマレジ商品削除	9	shared_update_table,shared_external,same_domain	dtb_order,dtb_order_sub	dtb_order,dtb_order_sub	API,Webhook,スマレジ,バッチ,メール
b05-04	バッチ 受注管理 — スマレジ商品再連携	m05-08	m05-08_admin_order_order_stack_paper_print（受注管理 — スタック用紙印刷）	9	shared_update_table,shared_external,same_domain_cross_layer	dtb_order	dtb_order,dtb_order_sub	API,バッチ
b05-04	バッチ 受注管理 — スマレジ商品再連携	m05-11	m05-11_admin_order_order_edit（管理画面_受注管理_受注情報編集）	9	shared_update_table,shared_external,same_domain_cross_layer	dtb_order	dtb_order	API,スマレジ,バッチ,メール
b05-04	バッチ 受注管理 — スマレジ商品再連携	m05-12	m05-12_admin_order_order_bulk_status_change（管理画面_受注管理_対応状況一括変更）	9	shared_update_table,shared_external,same_domain_cross_layer	dtb_order	dtb_order	API,バッチ,メール
b05-04	バッチ 受注管理 — スマレジ商品再連携	m05-14	m05-14_admin_order_order_status_change（管理画面_受注対応状況の変更）	9	shared_update_table,shared_external,same_domain_cross_layer	dtb_order	dtb_order	API,バッチ,メール
b05-04	バッチ 受注管理 — スマレジ商品再連携	m05-15	m05-15_admin_order_order_mail（管理画面_受注詳細メール通知）	9	shared_update_table,shared_external,same_domain_cross_layer	dtb_order	dtb_order	API,バッチ,メール
b05-04	バッチ 受注管理 — スマレジ商品再連携	m05-16	m05-16_admin_order_order_shop_memo（管理画面_受注編集_ショップ用メモ登録）	9	shared_update_table,shared_external,same_domain_cross_layer	dtb_order	dtb_order	API,バッチ
b05-05	バッチ 受注管理 — スマレジ商品削除	a05-01	API 受注管理 — 注文印刷（印刷情報送信・印刷済み更新）	10	shared_update_table,shared_external,same_domain_cross_layer	dtb_order,dtb_order_sub	dtb_order,dtb_order_sub	API,スマレジ
b05-05	バッチ 受注管理 — スマレジ商品削除	a05-02	API 受注管理 — 注文印刷（印刷情報送信・印刷済み更新）	10	shared_update_table,shared_external,same_domain_cross_layer	dtb_order,dtb_order_sub	dtb_order,dtb_order_sub	API,スマレジ
b05-05	バッチ 受注管理 — スマレジ商品削除	a05-04	API 受注管理 — スマレジ受信処理（ポイント履歴取得）	9	shared_update_table,shared_external,same_domain_cross_layer	dtb_order_sub	dtb_order_sub	API,スマレジ
b05-05	バッチ 受注管理 — スマレジ商品削除	b05-01	バッチ 受注管理 — 注文番号登録	9	shared_update_table,shared_external,same_domain	dtb_order,dtb_order_sub	dtb_order,dtb_order_sub	API,スマレジ,バッチ,メール
b05-05	バッチ 受注管理 — スマレジ商品削除	b05-02	バッチ 受注管理 — 購入完了手続き再処理	9	shared_update_table,shared_external,same_domain	dtb_order,dtb_order_sub	dtb_order,dtb_order_sub	API,スマレジ,バッチ,メール
b05-05	バッチ 受注管理 — スマレジ商品削除	b05-04	バッチ 受注管理 — スマレジ商品再連携	9	shared_update_table,shared_external,same_domain	dtb_order,dtb_order_sub	dtb_order,dtb_order_sub	API,Webhook,スマレジ,バッチ,メール
b05-05	バッチ 受注管理 — スマレジ商品削除	m05-08	m05-08_admin_order_order_stack_paper_print（受注管理 — スタック用紙印刷）	9	shared_update_table,shared_external,same_domain_cross_layer	dtb_order	dtb_order,dtb_order_sub	API,バッチ
b05-05	バッチ 受注管理 — スマレジ商品削除	m05-11	m05-11_admin_order_order_edit（管理画面_受注管理_受注情報編集）	9	shared_update_table,shared_external,same_domain_cross_layer	dtb_order	dtb_order	API,スマレジ,バッチ,メール
b05-05	バッチ 受注管理 — スマレジ商品削除	m05-12	m05-12_admin_order_order_bulk_status_change（管理画面_受注管理_対応状況一括変更）	9	shared_update_table,shared_external,same_domain_cross_layer	dtb_order	dtb_order	API,バッチ,メール
b05-05	バッチ 受注管理 — スマレジ商品削除	m05-14	m05-14_admin_order_order_status_change（管理画面_受注対応状況の変更）	9	shared_update_table,shared_external,same_domain_cross_layer	dtb_order	dtb_order	API,バッチ,メール
b05-05	バッチ 受注管理 — スマレジ商品削除	m05-15	m05-15_admin_order_order_mail（管理画面_受注詳細メール通知）	9	shared_update_table,shared_external,same_domain_cross_layer	dtb_order	dtb_order	API,バッチ,メール
b05-05	バッチ 受注管理 — スマレジ商品削除	m05-16	m05-16_admin_order_order_shop_memo（管理画面_受注編集_ショップ用メモ登録）	9	shared_update_table,shared_external,same_domain_cross_layer	dtb_order	dtb_order	API,バッチ
b05-06	バッチ 受注管理 — ポイント二重登録チェック	a05-04	API 受注管理 — スマレジ受信処理（ポイント履歴取得）	9	shared_update_table,shared_external,same_domain_cross_layer	dtb_point_history	dtb_point_history	API
b05-06	バッチ 受注管理 — ポイント二重登録チェック	b05-02	バッチ 受注管理 — 購入完了手続き再処理	8	shared_update_table,shared_external,same_domain	dtb_point_history	dtb_order,dtb_point_history	API,バッチ,メール
b05-06	バッチ 受注管理 — ポイント二重登録チェック	b05-09	バッチ 受注管理 — スマレジ取引連携エラー再連携	8	shared_update_table,shared_external,same_domain	dtb_point_history	dtb_point_history	API,バッチ
b05-06	バッチ 受注管理 — ポイント二重登録チェック	a05-01	API 受注管理 — 注文印刷（印刷情報送信・印刷済み更新）	7	shared_db_table,shared_external,same_domain_cross_layer		dtb_order	API
b05-06	バッチ 受注管理 — ポイント二重登録チェック	a05-02	API 受注管理 — 注文印刷（印刷情報送信・印刷済み更新）	7	shared_db_table,shared_external,same_domain_cross_layer		dtb_order	API
b05-06	バッチ 受注管理 — ポイント二重登録チェック	a05-03	API 受注管理 — 店頭注文番号取得	7	shared_db_table,shared_external,same_domain_cross_layer		dtb_order	API,バッチ
b05-06	バッチ 受注管理 — ポイント二重登録チェック	a17-03	API その他 — PointGranterAPI連携	7	shared_update_table,shared_external	dtb_point_history	dtb_point_history	API,バッチ
b05-06	バッチ 受注管理 — ポイント二重登録チェック	b08-02	バッチ 会員管理 — ポイント失効	7	shared_update_table,shared_external	dtb_point_history	dtb_point_history	API,バッチ
b05-06	バッチ 受注管理 — ポイント二重登録チェック	b08-03	バッチ 会員管理 — ポイント有効期限通知	7	shared_update_table,shared_external	dtb_point_history	dtb_point_history	API,バッチ,メール
b05-06	バッチ 受注管理 — ポイント二重登録チェック	b08-05	バッチ 会員管理 — ポイント差分発生通知	7	shared_update_table,shared_external	dtb_point_history	dtb_point_history	API,バッチ,メール
b05-06	バッチ 受注管理 — ポイント二重登録チェック	f06-10	F06-10（ポイント履歴）	7	shared_update_table,shared_external	dtb_point_history	dtb_point_history	API,バッチ
b05-06	バッチ 受注管理 — ポイント二重登録チェック	m05-01	m05-01_admin_order_order_search_list（受注管理 — 受注情報検索・一覧）	7	shared_db_table,shared_external,same_domain_cross_layer		dtb_order	API,バッチ,メール
b05-07	バッチ 受注管理 — ポイント利用未反映チェック	a05-01	API 受注管理 — 注文印刷（印刷情報送信・印刷済み更新）	7	shared_db_table,shared_external,same_domain_cross_layer		dtb_order	API
b05-07	バッチ 受注管理 — ポイント利用未反映チェック	a05-02	API 受注管理 — 注文印刷（印刷情報送信・印刷済み更新）	7	shared_db_table,shared_external,same_domain_cross_layer		dtb_order	API
b05-07	バッチ 受注管理 — ポイント利用未反映チェック	a05-03	API 受注管理 — 店頭注文番号取得	7	shared_db_table,shared_external,same_domain_cross_layer		dtb_order	API,バッチ
b05-07	バッチ 受注管理 — ポイント利用未反映チェック	m05-01	m05-01_admin_order_order_search_list（受注管理 — 受注情報検索・一覧）	7	shared_db_table,shared_external,same_domain_cross_layer		dtb_order	API,バッチ,メール
b05-07	バッチ 受注管理 — ポイント利用未反映チェック	m05-02	m05-02_admin_order_order_csv_export（受注管理_受注情報CSV出力）	7	shared_db_table,shared_external,same_domain_cross_layer		dtb_order	API,バッチ
b05-07	バッチ 受注管理 — ポイント利用未反映チェック	m05-07	m05-07_admin_order_order_labels_csv_export（管理画面_受注管理_送り状CSV出力）	7	shared_db_table,shared_external,same_domain_cross_layer		dtb_order	API,バッチ
b05-07	バッチ 受注管理 — ポイント利用未反映チェック	m05-08	m05-08_admin_order_order_stack_paper_print（受注管理 — スタック用紙印刷）	7	shared_db_table,shared_external,same_domain_cross_layer		dtb_order	API,バッチ
b05-07	バッチ 受注管理 — ポイント利用未反映チェック	m05-09	m05-09_admin_order_order_print_delivery_slips_ja（受注管理_納品書印刷（日本語））	7	shared_db_table,shared_external,same_domain_cross_layer		dtb_order	API,バッチ
b05-07	バッチ 受注管理 — ポイント利用未反映チェック	m05-11	m05-11_admin_order_order_edit（管理画面_受注管理_受注情報編集）	7	shared_db_table,shared_external,same_domain_cross_layer		dtb_order	API,バッチ,メール
b05-07	バッチ 受注管理 — ポイント利用未反映チェック	m05-12	m05-12_admin_order_order_bulk_status_change（管理画面_受注管理_対応状況一括変更）	7	shared_db_table,shared_external,same_domain_cross_layer		dtb_order	API,バッチ,メール
b05-07	バッチ 受注管理 — ポイント利用未反映チェック	m05-14	m05-14_admin_order_order_status_change（管理画面_受注対応状況の変更）	7	shared_db_table,shared_external,same_domain_cross_layer		dtb_order	API,バッチ,メール
b05-07	バッチ 受注管理 — ポイント利用未反映チェック	m05-15	m05-15_admin_order_order_mail（管理画面_受注詳細メール通知）	7	shared_db_table,shared_external,same_domain_cross_layer		dtb_order	API,バッチ,メール
b05-08	バッチ 受注管理 — スマレジEC受注連携エラー再連携	a05-01	API 受注管理 — 注文印刷（印刷情報送信・印刷済み更新）	8	shared_db_table,shared_external,same_domain_cross_layer		dtb_order,dtb_order_sub	API,スマレジ
b05-08	バッチ 受注管理 — スマレジEC受注連携エラー再連携	a05-02	API 受注管理 — 注文印刷（印刷情報送信・印刷済み更新）	8	shared_db_table,shared_external,same_domain_cross_layer		dtb_order,dtb_order_sub	API,スマレジ
b05-08	バッチ 受注管理 — スマレジEC受注連携エラー再連携	a05-04	API 受注管理 — スマレジ受信処理（ポイント履歴取得）	8	shared_db_table,shared_external,same_domain_cross_layer		dtb_order_sub,dtb_player	API,スマレジ
b05-08	バッチ 受注管理 — スマレジEC受注連携エラー再連携	m05-07	m05-07_admin_order_order_labels_csv_export（管理画面_受注管理_送り状CSV出力）	8	shared_db_table,shared_external,same_domain_cross_layer		dtb_order,dtb_order_sub	API,バッチ
b05-08	バッチ 受注管理 — スマレジEC受注連携エラー再連携	m05-08	m05-08_admin_order_order_stack_paper_print（受注管理 — スタック用紙印刷）	8	shared_db_table,shared_external,same_domain_cross_layer		dtb_order,dtb_order_sub	API,バッチ
b05-08	バッチ 受注管理 — スマレジEC受注連携エラー再連携	m05-26	m05-26_admin_order_order_shipping_result_csv_import（管理画面_受注管理_出荷実績インポート登録）	8	shared_db_table,shared_external,same_domain_cross_layer		dtb_order,dtb_order_sub	API,バッチ
b05-08	バッチ 受注管理 — スマレジEC受注連携エラー再連携	a05-03	API 受注管理 — 店頭注文番号取得	7	shared_db_table,shared_external,same_domain_cross_layer		dtb_order	API,バッチ
b05-08	バッチ 受注管理 — スマレジEC受注連携エラー再連携	b05-01	バッチ 受注管理 — 注文番号登録	7	shared_db_table,shared_external,same_domain		dtb_order,dtb_order_sub	API,スマレジ,バッチ
b05-08	バッチ 受注管理 — スマレジEC受注連携エラー再連携	b05-02	バッチ 受注管理 — 購入完了手続き再処理	7	shared_db_table,shared_external,same_domain		dtb_order,dtb_order_sub	API,スマレジ,バッチ
b05-08	バッチ 受注管理 — スマレジEC受注連携エラー再連携	b05-03	バッチ 受注管理 — 店頭注文番号初期化	7	shared_db_table,shared_external,same_domain		dtb_order,dtb_order_sub	API,バッチ
b05-08	バッチ 受注管理 — スマレジEC受注連携エラー再連携	b05-04	バッチ 受注管理 — スマレジ商品再連携	7	shared_db_table,shared_external,same_domain		dtb_order,dtb_order_sub	API,スマレジ,バッチ
b05-08	バッチ 受注管理 — スマレジEC受注連携エラー再連携	b05-05	バッチ 受注管理 — スマレジ商品削除	7	shared_db_table,shared_external,same_domain		dtb_order,dtb_order_sub	API,スマレジ,バッチ
b05-09	バッチ 受注管理 — スマレジ取引連携エラー再連携	a05-04	API 受注管理 — スマレジ受信処理（ポイント履歴取得）	10	shared_update_table,shared_external,same_domain_cross_layer	dtb_player,dtb_point_history	dtb_player,dtb_point_history,mtb_option	API,スマレジ
b05-09	バッチ 受注管理 — スマレジ取引連携エラー再連携	a17-03	API その他 — PointGranterAPI連携	8	shared_update_table,shared_external	dtb_player,dtb_point_history	dtb_player,dtb_point_history	API,スマレジ,バッチ
b05-09	バッチ 受注管理 — スマレジ取引連携エラー再連携	b05-02	バッチ 受注管理 — 購入完了手続き再処理	8	shared_update_table,shared_external,same_domain	dtb_point_history	dtb_point_history	API,スマレジ,バッチ
b05-09	バッチ 受注管理 — スマレジ取引連携エラー再連携	b05-06	バッチ 受注管理 — ポイント二重登録チェック	8	shared_update_table,shared_external,same_domain	dtb_point_history	dtb_point_history	API,バッチ
b05-09	バッチ 受注管理 — スマレジ取引連携エラー再連携	b08-02	バッチ 会員管理 — ポイント失効	8	shared_update_table,shared_external	dtb_player,dtb_point_history	dtb_player,dtb_point_history	API,スマレジ,バッチ
b05-09	バッチ 受注管理 — スマレジ取引連携エラー再連携	b08-03	バッチ 会員管理 — ポイント有効期限通知	8	shared_update_table,shared_external	dtb_player,dtb_point_history	dtb_player,dtb_point_history	API,バッチ
b05-09	バッチ 受注管理 — スマレジ取引連携エラー再連携	b08-05	バッチ 会員管理 — ポイント差分発生通知	8	shared_update_table,shared_external	dtb_player,dtb_point_history	dtb_player,dtb_point_history	API,スマレジ,バッチ
b05-09	バッチ 受注管理 — スマレジ取引連携エラー再連携	f06-10	F06-10（ポイント履歴）	8	shared_update_table,shared_external	dtb_player,dtb_point_history	dtb_player,dtb_point_history	API,バッチ
b05-09	バッチ 受注管理 — スマレジ取引連携エラー再連携	m08-05	会員管理 — ポイント付与・ポイント履歴	8	shared_update_table,shared_external	dtb_player,dtb_point_history	dtb_player,dtb_point_history	API,スマレジ,バッチ
b05-09	バッチ 受注管理 — スマレジ取引連携エラー再連携	m08-06	会員管理 — ポイント付与・ポイント履歴	8	shared_update_table,shared_external	dtb_player,dtb_point_history	dtb_player,dtb_point_history	API,スマレジ,バッチ
b05-09	バッチ 受注管理 — スマレジ取引連携エラー再連携	a15-05	API デッキビルダー — ユーザー情報変更	7	shared_update_table,shared_external	dtb_player	dtb_player	API
b05-09	バッチ 受注管理 — スマレジ取引連携エラー再連携	b08-06	バッチ 会員管理 — スマレジ使用ポイント連携	7	shared_update_table,shared_external	dtb_player	dtb_player	API,スマレジ,バッチ
b06-01	B06-01（買取自動入庫バッチ）	m06-05	店頭買取管理 — 買取商品履歴（検索／一覧）	9	shared_update_table,shared_external	dtb_otc_buy_order_stock,dtb_otc_buy_order_stock_history,dtb_product_class	dtb_otc_buy_order_stock,dtb_otc_buy_order_stock_history,dtb_product_class	API,CSV,バッチ
b06-01	B06-01（買取自動入庫バッチ）	a02-05	API 商品管理 — 更新商品規格取得	8	shared_update_table,shared_external	dtb_product_class,dtb_product_stock	dtb_product_class,dtb_product_stock	API,スマレジ
b06-01	B06-01（買取自動入庫バッチ）	a06-14	A06-14（店頭買取情報一部キャンセル情報連携）	8	shared_update_table,shared_external	dtb_otc_buy_order_stock,dtb_otc_buy_order_stock_history	dtb_otc_buy_order_stock,dtb_otc_buy_order_stock_history	API,CSV,PDF,スマレジ,バッチ,メール
b06-01	B06-01（買取自動入庫バッチ）	m03-09	M03-09（商品規格登録/編集）	8	shared_update_table,shared_external	dtb_product_class,dtb_product_stock	dtb_product_class,dtb_product_stock	API,CSV,バッチ,メール
b06-01	B06-01（買取自動入庫バッチ）	m03-26	m03-26_admin_product_product_card_csv_import（管理画面_商品管理_カード商品CSV登録）	8	shared_update_table,shared_external	dtb_product_class,dtb_product_stock	dtb_product_class,dtb_product_stock	API,CSV,スマレジ,バッチ
b06-01	B06-01（買取自動入庫バッチ）	m03-27	m03-27_admin_product_product_goods_csv_import（管理画面_商品管理_グッズ商品CSV登録）	8	shared_update_table,shared_external	dtb_product_class,dtb_product_stock	dtb_product_class,dtb_product_stock	API,CSV,スマレジ,バッチ
b06-01	B06-01（買取自動入庫バッチ）	m04-03	M04-03（在庫一括編集）	8	shared_update_table,shared_external	dtb_product_class,dtb_product_stock	dtb_product_class,dtb_product_stock	API,CSV,バッチ,メール
b06-01	B06-01（買取自動入庫バッチ）	m04-13	M04-13（在庫分割結合登録/編集）	8	shared_update_table,shared_external	dtb_product_class,dtb_product_stock	dtb_product_class,dtb_product_stock	CSV,スマレジ,メール
b06-01	B06-01（買取自動入庫バッチ）	m04-21	M04-21（在庫変更CSV登録）	8	shared_update_table,shared_external	dtb_product_class,dtb_product_stock	dtb_product_class,dtb_product_stock	API,CSV,バッチ,メール
b06-01	B06-01（買取自動入庫バッチ）	m06-03	店頭買取管理 — 買取詳細（買取情報の確認と保存）	8	shared_update_table,shared_external	dtb_otc_buy_order_stock,dtb_otc_buy_order_stock_history	dtb_otc_buy_order_stock,dtb_otc_buy_order_stock_history	API,バッチ
b06-01	B06-01（買取自動入庫バッチ）	m07-08	M07-08（戻しリストCSV）	8	shared_update_table,shared_external	dtb_buy_order_stock,dtb_product_class	dtb_buy_order_stock,dtb_otc_buy_order_stock,dtb_product_class	API,CSV,PDF,スマレジ,バッチ,メール
b06-01	B06-01（買取自動入庫バッチ）	m07-09	M07-09（戻しリストPDF）	8	shared_update_table,shared_external	dtb_buy_order_stock,dtb_product_class	dtb_buy_order_stock,dtb_product_class	API,CSV,PDF,スマレジ,バッチ,メール
b06-02	バッチ 買取管理 — 買取集計バッチ	a06-03	API 店頭買取管理 — 店頭買取受注詳細更新	7	shared_db_table,shared_external		dtb_base_info,dtb_otc_buy_order,dtb_otc_buy_order_detail,dtb_otc_buy_order_indivisual_input_product	API
b06-02	バッチ 買取管理 — 買取集計バッチ	a06-14	A06-14（店頭買取情報一部キャンセル情報連携）	7	shared_db_table,shared_external		dtb_otc_buy_order,dtb_otc_buy_order_detail,dtb_otc_buy_order_indivisual_input_product	API,バッチ,メール
b06-02	バッチ 買取管理 — 買取集計バッチ	m06-02	m06-02_admin_store_purchase_otc_buy_order_old_goods_account_csv_export（店頭買取管理 — 古物台帳入力用CSV出力）	7	shared_db_table,shared_external		dtb_otc_buy_order,dtb_otc_buy_order_detail,dtb_otc_buy_order_indivisual_input_product	API,バッチ
b06-02	バッチ 買取管理 — 買取集計バッチ	m06-08	店頭買取管理 — 買取集計データ（検索・一覧表示）	7	shared_update_table,shared_external	dtb_otc_buy_order_summary	dtb_base_info,dtb_otc_buy_order_summary	API,バッチ
b06-02	バッチ 買取管理 — 買取集計バッチ	o01-01	o01-01_other_mtg_buyer_mtg_buyer_store_purchase（その他_MTGバイヤー_店頭買取）	7	shared_db_table,shared_external		dtb_otc_buy_order,dtb_otc_buy_order_detail,dtb_otc_buy_order_indivisual_input_product	API,バッチ
b06-02	バッチ 買取管理 — 買取集計バッチ	f08-02	F08-02（店頭買取査定申込情報入力）	6	shared_db_table,shared_external		dtb_base_info,dtb_otc_buy_order	API,バッチ,メール
b06-02	バッチ 買取管理 — 買取集計バッチ	f08-03	F08-03（店頭買取査定申込登録確認〜完了）	6	shared_db_table,shared_external		dtb_base_info,dtb_otc_buy_order	API,バッチ,メール
b06-02	バッチ 買取管理 — 買取集計バッチ	m06-01	m06-01_admin_store_purchase_purchase_store_search_list（管理画面_店頭買取管理_買取検索一覧）	6	shared_db_table,shared_external		dtb_otc_buy_order,dtb_otc_buy_order_detail	API,バッチ
b06-02	バッチ 買取管理 — 買取集計バッチ	m06-03	店頭買取管理 — 買取詳細（買取情報の確認と保存）	6	shared_db_table,shared_external		dtb_otc_buy_order,dtb_otc_buy_order_indivisual_input_product	API,バッチ
b06-02	バッチ 買取管理 — 買取集計バッチ	m06-05	店頭買取管理 — 買取商品履歴（検索／一覧）	6	shared_db_table,shared_external		dtb_base_info,dtb_otc_buy_order	API,バッチ
b06-02	バッチ 買取管理 — 買取集計バッチ	m06-07	m06-07_admin_store_purchase_purchase_store_history_select_csv_export（管理画面_店頭買取管理_買取商品履歴_選択CSV出力）	6	shared_db_table,shared_external		dtb_base_info,dtb_otc_buy_order	API,バッチ
b06-02	バッチ 買取管理 — 買取集計バッチ	m06-09	m06-09_admin_store_purchase_otc_buy_order_summary_csv_export（管理画面_店頭買取管理_買取集計データCSV出力）	6	shared_db_table,shared_external		dtb_base_info,dtb_otc_buy_order_summary	API,バッチ
b08-01	バッチ 会員管理 — リニューアル時パスワードリセットメール送信	m08-01	M08-01（会員検索/一覧）	9	shared_update_table,shared_external,same_domain_cross_layer	dtb_customer	dtb_customer	API,バッチ,メール
b08-01	バッチ 会員管理 — リニューアル時パスワードリセットメール送信	m08-02	会員管理 — メール一括送信	9	shared_update_table,shared_external,same_domain_cross_layer	dtb_customer	dtb_customer	API,バッチ,メール
b08-01	バッチ 会員管理 — リニューアル時パスワードリセットメール送信	m08-04	M08-04（会員登録/編集）	9	shared_update_table,shared_external,same_domain_cross_layer	dtb_customer	dtb_customer	API,バッチ,メール
b08-01	バッチ 会員管理 — リニューアル時パスワードリセットメール送信	m08-08	M08-08（手動メール通知）	9	shared_update_table,shared_external,same_domain_cross_layer	dtb_customer	dtb_customer	API,バッチ,メール
b08-01	バッチ 会員管理 — リニューアル時パスワードリセットメール送信	m08-10	M08-10（オンライン本人確認）	9	shared_update_table,shared_external,same_domain_cross_layer	dtb_customer	dtb_customer	API,バッチ
b08-01	バッチ 会員管理 — リニューアル時パスワードリセットメール送信	m08-14	会員管理 — 会員登録仮登録完了メール再送	9	shared_update_table,shared_external,same_domain_cross_layer	dtb_customer	dtb_customer	API,バッチ,メール
b08-01	バッチ 会員管理 — リニューアル時パスワードリセットメール送信	a15-01	API デッキビルダー — ログイン	7	shared_update_table,shared_external	dtb_customer	dtb_customer	API,メール
b08-01	バッチ 会員管理 — リニューアル時パスワードリセットメール送信	a17-03	API その他 — PointGranterAPI連携	7	shared_update_table,shared_external	dtb_customer	dtb_customer	API,バッチ
b08-01	バッチ 会員管理 — リニューアル時パスワードリセットメール送信	f05-06	F05-06（ネット買取買取手続き〜完了）	7	shared_update_table,shared_external	dtb_customer	dtb_customer	API,バッチ,メール
b08-01	バッチ 会員管理 — リニューアル時パスワードリセットメール送信	f06-01	F06-01（仮会員登録）	7	shared_update_table,shared_external	dtb_customer	dtb_customer	API,バッチ,メール
b08-01	バッチ 会員管理 — リニューアル時パスワードリセットメール送信	f06-02	会員 — 本会員登録（アクティベート）	7	shared_update_table,shared_external	dtb_customer	dtb_customer	API,バッチ,メール
b08-01	バッチ 会員管理 — リニューアル時パスワードリセットメール送信	f06-03	F06-03（本店・支店で会員ログイン）	7	shared_update_table,shared_external	dtb_customer	dtb_customer	API,バッチ,メール
b08-02	バッチ 会員管理 — ポイント失効	m08-05	会員管理 — ポイント付与・ポイント履歴	10	shared_update_table,shared_external,same_domain_cross_layer	dtb_player,dtb_point_history	dtb_player,dtb_point_history	API,スマレジ,バッチ
b08-02	バッチ 会員管理 — ポイント失効	m08-06	会員管理 — ポイント付与・ポイント履歴	10	shared_update_table,shared_external,same_domain_cross_layer	dtb_player,dtb_point_history	dtb_player,dtb_point_history	API,スマレジ,バッチ
b08-02	バッチ 会員管理 — ポイント失効	b08-03	バッチ 会員管理 — ポイント有効期限通知	9	shared_update_table,shared_external,same_domain	dtb_player,dtb_point_history	dtb_player,dtb_point_history	API,バッチ
b08-02	バッチ 会員管理 — ポイント失効	b08-05	バッチ 会員管理 — ポイント差分発生通知	9	shared_update_table,shared_external,same_domain	dtb_player,dtb_point_history	dtb_player,dtb_point_history	API,スマレジ,バッチ
b08-02	バッチ 会員管理 — ポイント失効	m08-04	M08-04（会員登録/編集）	9	shared_update_table,shared_external,same_domain_cross_layer	dtb_player	dtb_player	API,スマレジ,バッチ
b08-02	バッチ 会員管理 — ポイント失効	m08-10	M08-10（オンライン本人確認）	9	shared_update_table,shared_external,same_domain_cross_layer	dtb_player	dtb_player	API,バッチ
b08-02	バッチ 会員管理 — ポイント失効	a05-04	API 受注管理 — スマレジ受信処理（ポイント履歴取得）	8	shared_update_table,shared_external	dtb_player,dtb_point_history	dtb_player,dtb_point_history	API,スマレジ
b08-02	バッチ 会員管理 — ポイント失効	a17-03	API その他 — PointGranterAPI連携	8	shared_update_table,shared_external	dtb_player,dtb_point_history	dtb_player,dtb_point_history	API,スマレジ,バッチ
b08-02	バッチ 会員管理 — ポイント失効	b05-09	バッチ 受注管理 — スマレジ取引連携エラー再連携	8	shared_update_table,shared_external	dtb_player,dtb_point_history	dtb_player,dtb_point_history	API,スマレジ,バッチ
b08-02	バッチ 会員管理 — ポイント失効	b08-06	バッチ 会員管理 — スマレジ使用ポイント連携	8	shared_update_table,shared_external,same_domain	dtb_player	dtb_player	API,スマレジ,バッチ
b08-02	バッチ 会員管理 — ポイント失効	f06-10	F06-10（ポイント履歴）	8	shared_update_table,shared_external	dtb_player,dtb_point_history	dtb_player,dtb_point_history	API,バッチ
b08-02	バッチ 会員管理 — ポイント失効	a15-05	API デッキビルダー — ユーザー情報変更	7	shared_update_table,shared_external	dtb_player	dtb_player	API
b08-03	バッチ 会員管理 — ポイント有効期限通知	m08-05	会員管理 — ポイント付与・ポイント履歴	10	shared_update_table,shared_external,same_domain_cross_layer	dtb_player,dtb_point_history	dtb_player,dtb_point_history	API,バッチ
b08-03	バッチ 会員管理 — ポイント有効期限通知	m08-06	会員管理 — ポイント付与・ポイント履歴	10	shared_update_table,shared_external,same_domain_cross_layer	dtb_player,dtb_point_history	dtb_player,dtb_point_history	API,バッチ
b08-03	バッチ 会員管理 — ポイント有効期限通知	b08-02	バッチ 会員管理 — ポイント失効	9	shared_update_table,shared_external,same_domain	dtb_player,dtb_point_history	dtb_player,dtb_point_history	API,バッチ
b08-03	バッチ 会員管理 — ポイント有効期限通知	b08-05	バッチ 会員管理 — ポイント差分発生通知	9	shared_update_table,shared_external,same_domain	dtb_player,dtb_point_history	dtb_player,dtb_point_history	API,バッチ,メール
b08-03	バッチ 会員管理 — ポイント有効期限通知	m08-04	M08-04（会員登録/編集）	9	shared_update_table,shared_external,same_domain_cross_layer	dtb_player	dtb_player	API,バッチ,メール
b08-03	バッチ 会員管理 — ポイント有効期限通知	m08-10	M08-10（オンライン本人確認）	9	shared_update_table,shared_external,same_domain_cross_layer	dtb_player	dtb_player	API,バッチ
b08-03	バッチ 会員管理 — ポイント有効期限通知	a05-04	API 受注管理 — スマレジ受信処理（ポイント履歴取得）	8	shared_update_table,shared_external	dtb_player,dtb_point_history	dtb_player,dtb_point_history	API
b08-03	バッチ 会員管理 — ポイント有効期限通知	a17-03	API その他 — PointGranterAPI連携	8	shared_update_table,shared_external	dtb_player,dtb_point_history	dtb_player,dtb_point_history	API,バッチ
b08-03	バッチ 会員管理 — ポイント有効期限通知	b05-09	バッチ 受注管理 — スマレジ取引連携エラー再連携	8	shared_update_table,shared_external	dtb_player,dtb_point_history	dtb_player,dtb_point_history	API,バッチ
b08-03	バッチ 会員管理 — ポイント有効期限通知	b08-06	バッチ 会員管理 — スマレジ使用ポイント連携	8	shared_update_table,shared_external,same_domain	dtb_player	dtb_player	API,バッチ
b08-03	バッチ 会員管理 — ポイント有効期限通知	f06-10	F06-10（ポイント履歴）	8	shared_update_table,shared_external	dtb_player,dtb_point_history	dtb_player,dtb_point_history	API,バッチ
b08-03	バッチ 会員管理 — ポイント有効期限通知	a15-05	API デッキビルダー — ユーザー情報変更	7	shared_update_table,shared_external	dtb_player	dtb_player	API,メール
b08-04	バッチ 会員管理 — 必須項目が空欄の会員発生通知	m08-01	M08-01（会員検索/一覧）	7	shared_db_table,shared_external,same_domain_cross_layer		dtb_customer	API,バッチ,メール
b08-04	バッチ 会員管理 — 必須項目が空欄の会員発生通知	m08-02	会員管理 — メール一括送信	7	shared_db_table,shared_external,same_domain_cross_layer		dtb_customer	API,バッチ,メール
b08-04	バッチ 会員管理 — 必須項目が空欄の会員発生通知	m08-03	会員管理 — 顧客情報CSV出力	7	shared_db_table,shared_external,same_domain_cross_layer		dtb_customer	API,バッチ
b08-04	バッチ 会員管理 — 必須項目が空欄の会員発生通知	m08-04	M08-04（会員登録/編集）	7	shared_db_table,shared_external,same_domain_cross_layer		dtb_customer	API,バッチ,メール
b08-04	バッチ 会員管理 — 必須項目が空欄の会員発生通知	m08-05	会員管理 — ポイント付与・ポイント履歴	7	shared_db_table,shared_external,same_domain_cross_layer		dtb_customer	API,バッチ
b08-04	バッチ 会員管理 — 必須項目が空欄の会員発生通知	m08-06	会員管理 — ポイント付与・ポイント履歴	7	shared_db_table,shared_external,same_domain_cross_layer		dtb_customer	API,バッチ
b08-04	バッチ 会員管理 — 必須項目が空欄の会員発生通知	m08-08	M08-08（手動メール通知）	7	shared_db_table,shared_external,same_domain_cross_layer		dtb_customer	API,バッチ,メール
b08-04	バッチ 会員管理 — 必須項目が空欄の会員発生通知	m08-10	M08-10（オンライン本人確認）	7	shared_db_table,shared_external,same_domain_cross_layer		dtb_customer	API,バッチ
b08-04	バッチ 会員管理 — 必須項目が空欄の会員発生通知	m08-14	会員管理 — 会員登録仮登録完了メール再送	7	shared_db_table,shared_external,same_domain_cross_layer		dtb_customer	API,バッチ,メール
b08-04	バッチ 会員管理 — 必須項目が空欄の会員発生通知	m08-15	M08-15（会員顧客分析タグ情報CSV出力）	7	shared_db_table,shared_external,same_domain_cross_layer		dtb_customer	API,バッチ,メール
b08-04	バッチ 会員管理 — 必須項目が空欄の会員発生通知	b08-01	バッチ 会員管理 — リニューアル時パスワードリセットメール送信	6	shared_db_table,shared_external,same_domain		dtb_customer	API,バッチ,メール
b08-04	バッチ 会員管理 — 必須項目が空欄の会員発生通知	b08-05	バッチ 会員管理 — ポイント差分発生通知	6	shared_db_table,shared_external,same_domain		dtb_customer	API,バッチ,メール
b08-05	バッチ 会員管理 — ポイント差分発生通知	m08-05	会員管理 — ポイント付与・ポイント履歴	10	shared_update_table,shared_external,same_domain_cross_layer	dtb_player,dtb_point_history	dtb_customer,dtb_player,dtb_point_history	API,スマレジ,バッチ
b08-05	バッチ 会員管理 — ポイント差分発生通知	m08-06	会員管理 — ポイント付与・ポイント履歴	10	shared_update_table,shared_external,same_domain_cross_layer	dtb_player,dtb_point_history	dtb_customer,dtb_player,dtb_point_history	API,スマレジ,バッチ
b08-05	バッチ 会員管理 — ポイント差分発生通知	b08-02	バッチ 会員管理 — ポイント失効	9	shared_update_table,shared_external,same_domain	dtb_player,dtb_point_history	dtb_player,dtb_point_history	API,スマレジ,バッチ
b08-05	バッチ 会員管理 — ポイント差分発生通知	b08-03	バッチ 会員管理 — ポイント有効期限通知	9	shared_update_table,shared_external,same_domain	dtb_player,dtb_point_history	dtb_player,dtb_point_history	API,バッチ,メール
b08-05	バッチ 会員管理 — ポイント差分発生通知	m08-04	M08-04（会員登録/編集）	9	shared_update_table,shared_external,same_domain_cross_layer	dtb_player	dtb_customer,dtb_player	API,スマレジ,バッチ,メール
b08-05	バッチ 会員管理 — ポイント差分発生通知	m08-10	M08-10（オンライン本人確認）	9	shared_update_table,shared_external,same_domain_cross_layer	dtb_player	dtb_customer,dtb_player	API,バッチ
b08-05	バッチ 会員管理 — ポイント差分発生通知	a05-04	API 受注管理 — スマレジ受信処理（ポイント履歴取得）	8	shared_update_table,shared_external	dtb_player,dtb_point_history	dtb_player,dtb_point_history	API,スマレジ
b08-05	バッチ 会員管理 — ポイント差分発生通知	a17-03	API その他 — PointGranterAPI連携	8	shared_update_table,shared_external	dtb_player,dtb_point_history	dtb_customer,dtb_player,dtb_point_history	API,スマレジ,バッチ
b08-05	バッチ 会員管理 — ポイント差分発生通知	b05-09	バッチ 受注管理 — スマレジ取引連携エラー再連携	8	shared_update_table,shared_external	dtb_player,dtb_point_history	dtb_player,dtb_point_history	API,スマレジ,バッチ
b08-05	バッチ 会員管理 — ポイント差分発生通知	b08-06	バッチ 会員管理 — スマレジ使用ポイント連携	8	shared_update_table,shared_external,same_domain	dtb_player	dtb_player	API,スマレジ,バッチ
b08-05	バッチ 会員管理 — ポイント差分発生通知	f06-10	F06-10（ポイント履歴）	8	shared_update_table,shared_external	dtb_player,dtb_point_history	dtb_customer,dtb_player,dtb_point_history	API,バッチ
b08-05	バッチ 会員管理 — ポイント差分発生通知	m08-03	会員管理 — 顧客情報CSV出力	8	shared_db_table,shared_external,same_domain_cross_layer		dtb_customer,dtb_player	API,スマレジ,バッチ
b08-06	バッチ 会員管理 — スマレジ使用ポイント連携	m08-04	M08-04（会員登録/編集）	9	shared_update_table,shared_external,same_domain_cross_layer	dtb_player	dtb_player	API,スマレジ,バッチ
b08-06	バッチ 会員管理 — スマレジ使用ポイント連携	m08-05	会員管理 — ポイント付与・ポイント履歴	9	shared_update_table,shared_external,same_domain_cross_layer	dtb_player	dtb_player	API,スマレジ,バッチ
b08-06	バッチ 会員管理 — スマレジ使用ポイント連携	m08-06	会員管理 — ポイント付与・ポイント履歴	9	shared_update_table,shared_external,same_domain_cross_layer	dtb_player	dtb_player	API,スマレジ,バッチ
b08-06	バッチ 会員管理 — スマレジ使用ポイント連携	m08-10	M08-10（オンライン本人確認）	9	shared_update_table,shared_external,same_domain_cross_layer	dtb_player	dtb_player	API,バッチ
b08-06	バッチ 会員管理 — スマレジ使用ポイント連携	a05-01	API 受注管理 — 注文印刷（印刷情報送信・印刷済み更新）	8	shared_update_table,shared_external	dtb_order,dtb_order_sub	dtb_order,dtb_order_sub	API,スマレジ
b08-06	バッチ 会員管理 — スマレジ使用ポイント連携	a05-02	API 受注管理 — 注文印刷（印刷情報送信・印刷済み更新）	8	shared_update_table,shared_external	dtb_order,dtb_order_sub	dtb_order,dtb_order_sub	API,スマレジ
b08-06	バッチ 会員管理 — スマレジ使用ポイント連携	a05-04	API 受注管理 — スマレジ受信処理（ポイント履歴取得）	8	shared_update_table,shared_external	dtb_order_sub,dtb_player	dtb_order_sub,dtb_player	API,スマレジ
b08-06	バッチ 会員管理 — スマレジ使用ポイント連携	b05-01	バッチ 受注管理 — 注文番号登録	8	shared_update_table,shared_external	dtb_order,dtb_order_sub	dtb_order,dtb_order_sub	API,スマレジ,バッチ
b08-06	バッチ 会員管理 — スマレジ使用ポイント連携	b05-02	バッチ 受注管理 — 購入完了手続き再処理	8	shared_update_table,shared_external	dtb_order,dtb_order_sub	dtb_order,dtb_order_sub	API,スマレジ,バッチ
b08-06	バッチ 会員管理 — スマレジ使用ポイント連携	b05-04	バッチ 受注管理 — スマレジ商品再連携	8	shared_update_table,shared_external	dtb_order,dtb_order_sub	dtb_order,dtb_order_sub	API,スマレジ,バッチ
b08-06	バッチ 会員管理 — スマレジ使用ポイント連携	b05-05	バッチ 受注管理 — スマレジ商品削除	8	shared_update_table,shared_external	dtb_order,dtb_order_sub	dtb_order,dtb_order_sub	API,スマレジ,バッチ
b08-06	バッチ 会員管理 — スマレジ使用ポイント連携	b08-02	バッチ 会員管理 — ポイント失効	8	shared_update_table,shared_external,same_domain	dtb_player	dtb_player	API,スマレジ,バッチ
b13-01	バッチ イベント管理 — 決済処理中チェックバッチ	f07-04	F07-04（大会申込～完了）	9	shared_update_table,shared_external,same_domain_cross_layer	dtb_event_entry	dtb_entry_history,dtb_event_entry	API,バッチ,メール
b13-01	バッチ イベント管理 — 決済処理中チェックバッチ	m13-02	M13-02（イベント編集/削除）	9	shared_update_table,shared_external,same_domain_cross_layer	dtb_event_entry	dtb_event_entry	API,バッチ
b13-01	バッチ イベント管理 — 決済処理中チェックバッチ	m13-06	M13-06（イベント申込検索）	9	shared_update_table,shared_external,same_domain_cross_layer	dtb_event_entry	dtb_event_entry	API,バッチ
b13-01	バッチ イベント管理 — 決済処理中チェックバッチ	m13-07	イベント管理 — イベント申込一括編集	9	shared_update_table,shared_external,same_domain_cross_layer	dtb_event_entry	dtb_entry_history,dtb_event_entry	API,バッチ
b13-01	バッチ イベント管理 — 決済処理中チェックバッチ	b13-02	バッチ イベント管理 — コンビニ支払チェックバッチ	8	shared_update_table,shared_external,same_domain	dtb_event_entry	dtb_entry_history,dtb_event_entry	API,バッチ,メール
b13-01	バッチ イベント管理 — 決済処理中チェックバッチ	f07-03	F07-03（大会詳細）	7	shared_db_table,shared_external,same_domain_cross_layer		dtb_event_entry	API,バッチ
b13-01	バッチ イベント管理 — 決済処理中チェックバッチ	m13-09	M13-09（CSVダウンロード）	7	shared_update_table,same_domain_cross_layer	dtb_event_entry	dtb_event_entry	
b13-01	バッチ イベント管理 — 決済処理中チェックバッチ	m13-10	M13-10（イベント申込詳細・編集）	7	shared_update_table,same_domain_cross_layer	dtb_event_entry	dtb_entry_history,dtb_event_entry	
b13-01	バッチ イベント管理 — 決済処理中チェックバッチ	m13-12	M13-12（イベント新規申込登録）	7	shared_update_table,same_domain_cross_layer	dtb_event_entry	dtb_entry_history,dtb_event_entry	
b13-01	バッチ イベント管理 — 決済処理中チェックバッチ	m13-13	M13-13（イベント申込一括CSV登録）	7	shared_update_table,same_domain_cross_layer	dtb_event_entry	dtb_event_entry	
b13-01	バッチ イベント管理 — 決済処理中チェックバッチ	f06-14	F06-14（予約済み大会一覧）	5	shared_db_table,shared_external		dtb_event_entry	API,バッチ
b13-01	バッチ イベント管理 — 決済処理中チェックバッチ	f07-01	F07-01（イベント大会TOP）	4	shared_external,same_domain_cross_layer			API,バッチ
b13-02	バッチ イベント管理 — コンビニ支払チェックバッチ	f07-04	F07-04（大会申込～完了）	9	shared_update_table,shared_external,same_domain_cross_layer	dtb_event_entry	dtb_entry_history,dtb_event_entry	API,バッチ,メール
b13-02	バッチ イベント管理 — コンビニ支払チェックバッチ	m13-02	M13-02（イベント編集/削除）	9	shared_update_table,shared_external,same_domain_cross_layer	dtb_event_entry	dtb_event_entry	API,バッチ
b13-02	バッチ イベント管理 — コンビニ支払チェックバッチ	m13-06	M13-06（イベント申込検索）	9	shared_update_table,shared_external,same_domain_cross_layer	dtb_event_entry	dtb_event_entry	API,バッチ
b13-02	バッチ イベント管理 — コンビニ支払チェックバッチ	m13-07	イベント管理 — イベント申込一括編集	9	shared_update_table,shared_external,same_domain_cross_layer	dtb_event_entry	dtb_entry_history,dtb_event_entry	API,バッチ
b13-02	バッチ イベント管理 — コンビニ支払チェックバッチ	b13-01	バッチ イベント管理 — 決済処理中チェックバッチ	8	shared_update_table,shared_external,same_domain	dtb_event_entry	dtb_entry_history,dtb_event_entry	API,バッチ,メール
b13-02	バッチ イベント管理 — コンビニ支払チェックバッチ	f07-03	F07-03（大会詳細）	7	shared_db_table,shared_external,same_domain_cross_layer		dtb_event_entry	API,バッチ
b13-02	バッチ イベント管理 — コンビニ支払チェックバッチ	m13-09	M13-09（CSVダウンロード）	7	shared_update_table,same_domain_cross_layer	dtb_event_entry	dtb_event_entry	
b13-02	バッチ イベント管理 — コンビニ支払チェックバッチ	m13-10	M13-10（イベント申込詳細・編集）	7	shared_update_table,same_domain_cross_layer	dtb_event_entry	dtb_entry_history,dtb_event_entry	
b13-02	バッチ イベント管理 — コンビニ支払チェックバッチ	m13-12	M13-12（イベント新規申込登録）	7	shared_update_table,same_domain_cross_layer	dtb_event_entry	dtb_entry_history,dtb_event_entry	
b13-02	バッチ イベント管理 — コンビニ支払チェックバッチ	m13-13	M13-13（イベント申込一括CSV登録）	7	shared_update_table,same_domain_cross_layer	dtb_event_entry	dtb_event_entry	
b13-02	バッチ イベント管理 — コンビニ支払チェックバッチ	f06-14	F06-14（予約済み大会一覧）	5	shared_db_table,shared_external		dtb_event_entry	API,バッチ
b13-02	バッチ イベント管理 — コンビニ支払チェックバッチ	f07-01	F07-01（イベント大会TOP）	4	shared_external,same_domain_cross_layer			API,バッチ
b17-01	バッチ その他 — 最新記事jsonファイル作成	a17-01	API その他 — 検索クエリに一致する記事情報1件を取得	4	shared_external,same_domain_cross_layer			API,WordPress
b17-01	バッチ その他 — 最新記事jsonファイル作成	a17-02	API その他 — 記事IDに関連する記事情報を取得	4	shared_external,same_domain_cross_layer			API,WordPress
b17-01	バッチ その他 — 最新記事jsonファイル作成	a17-03	API その他 — PointGranterAPI連携	4	shared_external,same_domain_cross_layer			API,バッチ
b17-01	バッチ その他 — 最新記事jsonファイル作成	a17-04	API その他 — 商品IDに紐づく商品詳細の情報を取得	4	shared_external,same_domain_cross_layer			API
f01-01	F01-01（本店トップページ表示）	f01-02	F01-02（支店トップページ表示）	12	direct_ref,reverse_ref,shared_external,same_domain			API,バッチ,支店
f01-01	F01-01（本店トップページ表示）	f02-01	F02-01（本店PC版グローバルナビ）	7	direct_ref,shared_external			API,バッチ,支店
f01-01	F01-01（本店トップページ表示）	f02-02	F02-02（本店スマホ版ナビ）	7	direct_ref,shared_external			API,バッチ,支店
f01-01	F01-01（本店トップページ表示）	f02-05	F02-05（通知）	7	direct_ref,shared_external			API,バッチ,支店
f01-01	F01-01（本店トップページ表示）	a02-02	API 商品管理 — ポップアップ用カード情報取得	6	shared_db_table,shared_external		dtb_product,dtb_product_class	API
f01-01	F01-01（本店トップページ表示）	a02-03	API 商品管理 — ポップアップ用商品情報取得（旧商品ID）	6	shared_db_table,shared_external		dtb_product,dtb_product_class	API
f01-01	F01-01（本店トップページ表示）	a02-04	API 商品管理 — ポップアップ用カード情報取得（旧商品ID）	6	shared_db_table,shared_external		dtb_product,dtb_product_class	API
f01-01	F01-01（本店トップページ表示）	a02-05	API 商品管理 — 更新商品規格取得	6	shared_db_table,shared_external		dtb_product,dtb_product_class	API,支店
f01-01	F01-01（本店トップページ表示）	a06-06	API 店頭買取管理 — カード詳細IDから買取用商品情報を取得	6	shared_db_table,shared_external		dtb_product,dtb_product_class	API
f01-01	F01-01（本店トップページ表示）	a06-07	API 店頭買取管理 — 商品IDリストから買取用商品情報を取得	6	shared_db_table,shared_external		dtb_product,dtb_product_class	API
f01-01	F01-01（本店トップページ表示）	a06-08	API 店頭買取管理 — カード名から買取用商品情報を取得	6	shared_db_table,shared_external		dtb_product,dtb_product_class	API,支店
f01-01	F01-01（本店トップページ表示）	a06-09	API 店頭買取管理 — 商品名から商品詳細の情報を取得	6	shared_db_table,shared_external		dtb_product,dtb_product_class	API,支店
f01-02	F01-02（支店トップページ表示）	f02-03	F02-03（支店PC版ナビゲーション）	16	direct_ref,reverse_ref,shared_db_table,shared_external		dtb_base_info,dtb_shop_page_element,mtb_shop	API,バッチ,支店
f01-02	F01-02（支店トップページ表示）	f02-04	F02-04（支店スマホ版ナビゲーション）	16	direct_ref,reverse_ref,shared_db_table,shared_external		dtb_base_info,dtb_shop_page_element,mtb_shop	API,バッチ,支店
f01-02	F01-02（支店トップページ表示）	f01-01	F01-01（本店トップページ表示）	12	direct_ref,reverse_ref,shared_external,same_domain			API,バッチ,支店
f01-02	F01-02（支店トップページ表示）	a06-01	API 店頭買取管理 — 買取アプリ用ログイン	6	shared_db_table,shared_external		dtb_base_info,mtb_shop	API
f01-02	F01-02（支店トップページ表示）	a06-03	API 店頭買取管理 — 店頭買取受注詳細更新	6	shared_db_table,shared_external		dtb_base_info,mtb_shop	API,支店
f01-02	F01-02（支店トップページ表示）	m11-02	メンバー管理（システム情報設定／設定）	6	shared_db_table,shared_external		dtb_base_info,mtb_shop	API,バッチ
f01-02	F01-02（支店トップページ表示）	m16-01	データ管理 — トップバナー管理（バナー設定）	6	shared_db_table,shared_external		dtb_base_info,mtb_shop	API,バッチ
f01-02	F01-02（支店トップページ表示）	m16-02	データ管理 — トップバナー管理	6	shared_db_table,shared_external		dtb_base_info,mtb_shop	API,バッチ
f01-02	F01-02（支店トップページ表示）	b06-02	バッチ 買取管理 — 買取集計バッチ	5	shared_db_table,shared_external		dtb_base_info	API,バッチ
f01-02	F01-02（支店トップページ表示）	f04-01	F04-01（買い物かご）	5	shared_db_table,shared_external		dtb_base_info	API,バッチ
f01-02	F01-02（支店トップページ表示）	f07-01	F07-01（イベント大会TOP）	5	shared_db_table,shared_external		mtb_shop	API,バッチ
f01-02	F01-02（支店トップページ表示）	f08-01	店頭買取 — 査定申込前ログイン	5	shared_db_table,shared_external		dtb_base_info	API,バッチ,支店
f02-01	F02-01（本店PC版グローバルナビ）	f02-02	F02-02（本店スマホ版ナビ）	12	direct_ref,reverse_ref,shared_external,same_domain			API,バッチ,支店
f02-01	F02-01（本店PC版グローバルナビ）	f02-03	F02-03（支店PC版ナビゲーション）	12	direct_ref,reverse_ref,shared_external,same_domain			API,バッチ,支店
f02-01	F02-01（本店PC版グローバルナビ）	f02-04	F02-04（支店スマホ版ナビゲーション）	12	direct_ref,reverse_ref,shared_external,same_domain			API,バッチ,支店
f02-01	F02-01（本店PC版グローバルナビ）	f02-05	F02-05（通知）	12	direct_ref,reverse_ref,shared_external,same_domain			API,バッチ,支店
f02-01	F02-01（本店PC版グローバルナビ）	f01-01	F01-01（本店トップページ表示）	6	reverse_ref,shared_external			API,バッチ,支店
f02-01	F02-01（本店PC版グローバルナビ）	a15-01	API デッキビルダー — ログイン	5	shared_db_table,shared_external		dtb_customer	API
f02-01	F02-01（本店PC版グローバルナビ）	a15-02	API デッキビルダー — ログアウト	5	shared_db_table,shared_external		dtb_customer	API
f02-01	F02-01（本店PC版グローバルナビ）	a17-03	API その他 — PointGranterAPI連携	5	shared_db_table,shared_external		dtb_customer	API,バッチ
f02-01	F02-01（本店PC版グローバルナビ）	b08-01	バッチ 会員管理 — リニューアル時パスワードリセットメール送信	5	shared_db_table,shared_external		dtb_customer	API,バッチ
f02-01	F02-01（本店PC版グローバルナビ）	b08-04	バッチ 会員管理 — 必須項目が空欄の会員発生通知	5	shared_db_table,shared_external		dtb_customer	API,バッチ
f02-01	F02-01（本店PC版グローバルナビ）	b08-05	バッチ 会員管理 — ポイント差分発生通知	5	shared_db_table,shared_external		dtb_customer	API,バッチ
f02-01	F02-01（本店PC版グローバルナビ）	f05-06	F05-06（ネット買取買取手続き〜完了）	5	shared_db_table,shared_external		dtb_customer	API,バッチ,支店
f02-02	F02-02（本店スマホ版ナビ）	f02-01	F02-01（本店PC版グローバルナビ）	12	direct_ref,reverse_ref,shared_external,same_domain			API,バッチ,支店
f02-02	F02-02（本店スマホ版ナビ）	f02-03	F02-03（支店PC版ナビゲーション）	12	direct_ref,reverse_ref,shared_external,same_domain			API,バッチ,支店
f02-02	F02-02（本店スマホ版ナビ）	f02-04	F02-04（支店スマホ版ナビゲーション）	12	direct_ref,reverse_ref,shared_external,same_domain			API,バッチ,支店
f02-02	F02-02（本店スマホ版ナビ）	f02-05	F02-05（通知）	8	direct_ref,shared_external,same_domain			API,バッチ,支店
f02-02	F02-02（本店スマホ版ナビ）	f01-01	F01-01（本店トップページ表示）	6	reverse_ref,shared_external			API,バッチ,支店
f02-03	F02-03（支店PC版ナビゲーション）	f02-04	F02-04（支店スマホ版ナビゲーション）	17	direct_ref,reverse_ref,shared_db_table,shared_external,same_domain		dtb_base_info,dtb_shop_page_element,mtb_shop	API,バッチ,支店
f02-03	F02-03（支店PC版ナビゲーション）	f01-02	F01-02（支店トップページ表示）	16	direct_ref,reverse_ref,shared_db_table,shared_external		dtb_base_info,dtb_shop_page_element,mtb_shop	API,バッチ,支店
f02-03	F02-03（支店PC版ナビゲーション）	f02-01	F02-01（本店PC版グローバルナビ）	12	direct_ref,reverse_ref,shared_external,same_domain			API,バッチ,支店
f02-03	F02-03（支店PC版ナビゲーション）	f02-02	F02-02（本店スマホ版ナビ）	12	direct_ref,reverse_ref,shared_external,same_domain			API,バッチ,支店
f02-03	F02-03（支店PC版ナビゲーション）	f02-05	F02-05（通知）	8	direct_ref,shared_external,same_domain			API,バッチ,支店
f02-03	F02-03（支店PC版ナビゲーション）	a06-01	API 店頭買取管理 — 買取アプリ用ログイン	6	shared_db_table,shared_external		dtb_base_info,mtb_shop	API
f02-03	F02-03（支店PC版ナビゲーション）	a06-03	API 店頭買取管理 — 店頭買取受注詳細更新	6	shared_db_table,shared_external		dtb_base_info,mtb_shop	API,支店
f02-03	F02-03（支店PC版ナビゲーション）	m11-02	メンバー管理（システム情報設定／設定）	6	shared_db_table,shared_external		dtb_base_info,mtb_shop	API,バッチ
f02-03	F02-03（支店PC版ナビゲーション）	m16-01	データ管理 — トップバナー管理（バナー設定）	6	shared_db_table,shared_external		dtb_base_info,mtb_shop	API,バッチ
f02-03	F02-03（支店PC版ナビゲーション）	m16-02	データ管理 — トップバナー管理	6	shared_db_table,shared_external		dtb_base_info,mtb_shop	API,バッチ
f02-03	F02-03（支店PC版ナビゲーション）	b06-02	バッチ 買取管理 — 買取集計バッチ	5	shared_db_table,shared_external		dtb_base_info	API,バッチ
f02-03	F02-03（支店PC版ナビゲーション）	f04-01	F04-01（買い物かご）	5	shared_db_table,shared_external		dtb_base_info	API,バッチ
f02-04	F02-04（支店スマホ版ナビゲーション）	f02-03	F02-03（支店PC版ナビゲーション）	17	direct_ref,reverse_ref,shared_db_table,shared_external,same_domain		dtb_base_info,dtb_shop_page_element,mtb_shop	API,バッチ,支店
f02-04	F02-04（支店スマホ版ナビゲーション）	f01-02	F01-02（支店トップページ表示）	16	direct_ref,reverse_ref,shared_db_table,shared_external		dtb_base_info,dtb_shop_page_element,mtb_shop	API,バッチ,支店
f02-04	F02-04（支店スマホ版ナビゲーション）	f02-01	F02-01（本店PC版グローバルナビ）	12	direct_ref,reverse_ref,shared_external,same_domain			API,バッチ,支店
f02-04	F02-04（支店スマホ版ナビゲーション）	f02-02	F02-02（本店スマホ版ナビ）	12	direct_ref,reverse_ref,shared_external,same_domain			API,バッチ,支店
f02-04	F02-04（支店スマホ版ナビゲーション）	f02-05	F02-05（通知）	12	direct_ref,reverse_ref,shared_external,same_domain			API,バッチ,支店
f02-04	F02-04（支店スマホ版ナビゲーション）	a06-01	API 店頭買取管理 — 買取アプリ用ログイン	6	shared_db_table,shared_external		dtb_base_info,mtb_shop	API
f02-04	F02-04（支店スマホ版ナビゲーション）	a06-03	API 店頭買取管理 — 店頭買取受注詳細更新	6	shared_db_table,shared_external		dtb_base_info,mtb_shop	API,支店
f02-04	F02-04（支店スマホ版ナビゲーション）	m11-02	メンバー管理（システム情報設定／設定）	6	shared_db_table,shared_external		dtb_base_info,mtb_shop	API,バッチ
f02-04	F02-04（支店スマホ版ナビゲーション）	m16-01	データ管理 — トップバナー管理（バナー設定）	6	shared_db_table,shared_external		dtb_base_info,mtb_shop	API,バッチ
f02-04	F02-04（支店スマホ版ナビゲーション）	m16-02	データ管理 — トップバナー管理	6	shared_db_table,shared_external		dtb_base_info,mtb_shop	API,バッチ
f02-04	F02-04（支店スマホ版ナビゲーション）	b06-02	バッチ 買取管理 — 買取集計バッチ	5	shared_db_table,shared_external		dtb_base_info	API,バッチ
f02-04	F02-04（支店スマホ版ナビゲーション）	f04-01	F04-01（買い物かご）	5	shared_db_table,shared_external		dtb_base_info	API,バッチ
f02-05	F02-05（通知）	f02-01	F02-01（本店PC版グローバルナビ）	12	direct_ref,reverse_ref,shared_external,same_domain			API,バッチ,支店
f02-05	F02-05（通知）	f02-04	F02-04（支店スマホ版ナビゲーション）	12	direct_ref,reverse_ref,shared_external,same_domain			API,バッチ,支店
f02-05	F02-05（通知）	a05-04	API 受注管理 — スマレジ受信処理（ポイント履歴取得）	7	shared_update_table,shared_external	dtb_player	dtb_player	API,支店
f02-05	F02-05（通知）	a15-05	API デッキビルダー — ユーザー情報変更	7	shared_update_table,shared_external	dtb_player	dtb_player	API,メール
f02-05	F02-05（通知）	a17-03	API その他 — PointGranterAPI連携	7	shared_update_table,shared_external	dtb_player	dtb_player	API,バッチ
f02-05	F02-05（通知）	b05-09	バッチ 受注管理 — スマレジ取引連携エラー再連携	7	shared_update_table,shared_external	dtb_player	dtb_player	API,バッチ
f02-05	F02-05（通知）	b08-02	バッチ 会員管理 — ポイント失効	7	shared_update_table,shared_external	dtb_player	dtb_player	API,バッチ
f02-05	F02-05（通知）	b08-03	バッチ 会員管理 — ポイント有効期限通知	7	shared_update_table,shared_external	dtb_player	dtb_player	API,バッチ,メール
f02-05	F02-05（通知）	b08-05	バッチ 会員管理 — ポイント差分発生通知	7	shared_update_table,shared_external	dtb_player	dtb_player	API,バッチ,メール
f02-05	F02-05（通知）	b08-06	バッチ 会員管理 — スマレジ使用ポイント連携	7	shared_update_table,shared_external	dtb_player	dtb_player	API,バッチ
f02-05	F02-05（通知）	f02-02	F02-02（本店スマホ版ナビ）	7	reverse_ref,shared_external,same_domain			API,バッチ,支店
f02-05	F02-05（通知）	f02-03	F02-03（支店PC版ナビゲーション）	7	reverse_ref,shared_external,same_domain			API,バッチ,支店
f03-01	F03-01（商品一覧）	f03-02	F03-02（商品詳細）	18	direct_ref,reverse_ref,shared_update_table,shared_external,same_domain	dtb_product,mtb_product_status	dtb_product,dtb_product_class,mtb_option,mtb_product_status	API,バッチ
f03-01	F03-01（商品一覧）	f03-03	F03-03（商品詳細検索）	12	direct_ref,reverse_ref,shared_external,same_domain			API,バッチ
f03-01	F03-01（商品一覧）	f03-04	F03-04（カテゴリ一覧）	12	direct_ref,reverse_ref,shared_external,same_domain			API,バッチ
f03-01	F03-01（商品一覧）	f03-07	F03-07（入荷時通知）	10	reverse_ref,shared_db_table,shared_external,same_domain		mtb_option	API,バッチ
f03-01	F03-01（商品一覧）	m03-36	m03-36_admin_product_product_buy_discount_csv_import（管理画面_商品管理_買取減額率変更CSV登録）	10	shared_update_table,shared_external,same_domain_cross_layer	dtb_product,mtb_product_status	dtb_product,dtb_product_class,mtb_product_status	API,バッチ
f03-01	F03-01（商品一覧）	m03-38	m03-38_admin_product_product_status_csv（管理画面_商品管理_商品公開CSV登録）	10	shared_update_table,shared_external,same_domain_cross_layer	dtb_product,mtb_product_status	dtb_product,mtb_product_status	API,バッチ,支店
f03-01	F03-01（商品一覧）	a02-05	API 商品管理 — 更新商品規格取得	9	shared_update_table,shared_external,same_domain_cross_layer	dtb_product	dtb_product,dtb_product_class	API,支店
f03-01	F03-01（商品一覧）	b02-02	バッチ 商品管理 — 入荷通知キャンセル	9	shared_update_table,shared_external,same_domain_cross_layer	dtb_product	dtb_product,dtb_product_class	API,バッチ
f03-01	F03-01（商品一覧）	f03-05	商品 — 商品リコメンド（おすすめ商品ブロック）	9	shared_update_table,shared_external,same_domain	dtb_product,mtb_product_status	dtb_product,dtb_product_class,mtb_option,mtb_product_status	API,バッチ
f03-01	F03-01（商品一覧）	m03-02	M03-02（商品編集機能）	9	shared_update_table,shared_external,same_domain_cross_layer	dtb_product	dtb_product	API,バッチ,支店
f03-01	F03-01（商品一覧）	m03-26	m03-26_admin_product_product_card_csv_import（管理画面_商品管理_カード商品CSV登録）	9	shared_update_table,shared_external,same_domain_cross_layer	dtb_product	dtb_product,dtb_product_class	API,バッチ,支店
f03-01	F03-01（商品一覧）	m03-27	m03-27_admin_product_product_goods_csv_import（管理画面_商品管理_グッズ商品CSV登録）	9	shared_update_table,shared_external,same_domain_cross_layer	dtb_product	dtb_product,dtb_product_class	API,バッチ,支店
f03-02	F03-02（商品詳細）	f03-01	F03-01（商品一覧）	18	direct_ref,reverse_ref,shared_update_table,shared_external,same_domain	dtb_product,mtb_product_status	dtb_product,dtb_product_class,mtb_option,mtb_product_status	API,バッチ
f03-02	F03-02（商品詳細）	f03-07	F03-07（入荷時通知）	17	direct_ref,reverse_ref,shared_update_table,shared_external,same_domain	mtb_option	mtb_option	API,バッチ
f03-02	F03-02（商品詳細）	f03-06	F03-06（最近見た商品）	15	direct_ref,reverse_ref,shared_db_table,shared_external,same_domain		dtb_product	API,バッチ
f03-02	F03-02（商品詳細）	m03-36	m03-36_admin_product_product_buy_discount_csv_import（管理画面_商品管理_買取減額率変更CSV登録）	11	shared_update_table,shared_external,same_domain_cross_layer	dtb_product,dtb_product_class,mtb_product_status	dtb_product,dtb_product_class,mtb_product_status	API,バッチ
f03-02	F03-02（商品詳細）	a02-05	API 商品管理 — 更新商品規格取得	10	shared_update_table,shared_external,same_domain_cross_layer	dtb_product,dtb_product_class	dtb_product,dtb_product_class	API
f03-02	F03-02（商品詳細）	b02-02	バッチ 商品管理 — 入荷通知キャンセル	10	shared_update_table,shared_external,same_domain_cross_layer	dtb_product,dtb_product_class	dtb_product,dtb_product_class	API,バッチ
f03-02	F03-02（商品詳細）	m03-26	m03-26_admin_product_product_card_csv_import（管理画面_商品管理_カード商品CSV登録）	10	shared_update_table,shared_external,same_domain_cross_layer	dtb_product,dtb_product_class	dtb_product,dtb_product_class	API,バッチ
f03-02	F03-02（商品詳細）	m03-27	m03-27_admin_product_product_goods_csv_import（管理画面_商品管理_グッズ商品CSV登録）	10	shared_update_table,shared_external,same_domain_cross_layer	dtb_product,dtb_product_class	dtb_product,dtb_product_class	API,バッチ
f03-02	F03-02（商品詳細）	m03-30	m03-30_admin_product_product_product_price_csv_import（管理画面_商品管理_セール用価格変更CSV登録）	10	shared_update_table,shared_external,same_domain_cross_layer	dtb_product,dtb_product_class	dtb_product,dtb_product_class	API,バッチ
f03-02	F03-02（商品詳細）	m03-31	M03-31（セール用価格変更CSV登録）	10	shared_update_table,shared_external,same_domain_cross_layer	dtb_product,dtb_product_class	dtb_product,dtb_product_class	API,バッチ
f03-02	F03-02（商品詳細）	m03-38	m03-38_admin_product_product_status_csv（管理画面_商品管理_商品公開CSV登録）	10	shared_update_table,shared_external,same_domain_cross_layer	dtb_product,mtb_product_status	dtb_product,mtb_product_status	API,バッチ
f03-02	F03-02（商品詳細）	f03-05	商品 — 商品リコメンド（おすすめ商品ブロック）	9	shared_update_table,shared_external,same_domain	dtb_product,mtb_product_status	dtb_product,dtb_product_class,mtb_option,mtb_product_status	API,バッチ
f03-03	F03-03（商品詳細検索）	f03-04	F03-04（カテゴリ一覧）	16	direct_ref,reverse_ref,shared_db_table,shared_external,same_domain		dtb_category,mtb_cardset	API,バッチ
f03-03	F03-03（商品詳細検索）	f03-01	F03-01（商品一覧）	12	direct_ref,reverse_ref,shared_external,same_domain			API,バッチ
f03-03	F03-03（商品詳細検索）	f03-02	F03-02（商品詳細）	7	reverse_ref,shared_external,same_domain			API,バッチ
f03-03	F03-03（商品詳細検索）	m03-11	m03-11_admin_product_product_category_register_edit（管理画面_商品管理_カテゴリ登録・編集）	7	shared_db_table,shared_external,same_domain_cross_layer		dtb_category	API,バッチ
f03-03	F03-03（商品詳細検索）	m03-12	商品管理 — カテゴリ CSV 出力	7	shared_db_table,shared_external,same_domain_cross_layer		dtb_category	API,バッチ
f03-03	F03-03（商品詳細検索）	m03-23	商品管理 — 買取/販売価格履歴（検索・一覧・CSV出力）	7	shared_db_table,shared_external,same_domain_cross_layer		mtb_cardset	API,バッチ
f03-03	F03-03（商品詳細検索）	m03-41	m03-41_admin_product_product_category_csv_import（管理画面_商品管理_カテゴリCSV登録）	7	shared_db_table,shared_external,same_domain_cross_layer		dtb_category	API,バッチ
f03-03	F03-03（商品詳細検索）	m03-45	m03-45_admin_product_product_category_list（管理画面_商品管理_カテゴリ一覧）	7	shared_db_table,shared_external,same_domain_cross_layer		dtb_category	API,バッチ
f03-03	F03-03（商品詳細検索）	a15-06	API デッキビルダー — マスタ検索	6	shared_db_table,shared_external		mtb_cardtype,mtb_format	API
f03-03	F03-03（商品詳細検索）	m14-10	カード管理 — フォーマット新規登録・編集・削除	6	shared_db_table,shared_external		mtb_cardset,mtb_format	API,バッチ
f03-03	F03-03（商品詳細検索）	a15-07	API デッキビルダー — アーキタイプ検索	5	shared_db_table,shared_external		mtb_format	API
f03-03	F03-03（商品詳細検索）	a15-14	API デッキビルダー — メタゲーム情報参照	5	shared_db_table,shared_external		mtb_format	API
f03-04	F03-04（カテゴリ一覧）	f03-03	F03-03（商品詳細検索）	16	direct_ref,reverse_ref,shared_db_table,shared_external,same_domain		dtb_category,mtb_cardset	API,バッチ
f03-04	F03-04（カテゴリ一覧）	f03-01	F03-01（商品一覧）	12	direct_ref,reverse_ref,shared_external,same_domain			API,バッチ
f03-04	F03-04（カテゴリ一覧）	m03-23	商品管理 — 買取/販売価格履歴（検索・一覧・CSV出力）	8	shared_db_table,shared_external,same_domain_cross_layer		mtb_cardset,mtb_rarity	API,バッチ
f03-04	F03-04（カテゴリ一覧）	m03-11	m03-11_admin_product_product_category_register_edit（管理画面_商品管理_カテゴリ登録・編集）	7	shared_db_table,shared_external,same_domain_cross_layer		dtb_category	API,バッチ
f03-04	F03-04（カテゴリ一覧）	m03-12	商品管理 — カテゴリ CSV 出力	7	shared_db_table,shared_external,same_domain_cross_layer		dtb_category	API,バッチ
f03-04	F03-04（カテゴリ一覧）	m03-41	m03-41_admin_product_product_category_csv_import（管理画面_商品管理_カテゴリCSV登録）	7	shared_db_table,shared_external,same_domain_cross_layer		dtb_category	API,バッチ
f03-04	F03-04（カテゴリ一覧）	m03-45	m03-45_admin_product_product_category_list（管理画面_商品管理_カテゴリ一覧）	7	shared_db_table,shared_external,same_domain_cross_layer		dtb_category	API,バッチ
f03-04	F03-04（カテゴリ一覧）	a15-06	API デッキビルダー — マスタ検索	5	shared_db_table,shared_external		mtb_rarity	API
f03-04	F03-04（カテゴリ一覧）	m14-06	カード管理 — カードセット一覧	5	shared_db_table,shared_external		mtb_cardset	API,バッチ
f03-04	F03-04（カテゴリ一覧）	m14-07	カードセット管理 — 収録カード画像 ZIP ダウンロード（セット別／言語別）	5	shared_db_table,shared_external		mtb_cardset	API,バッチ
f03-04	F03-04（カテゴリ一覧）	m14-08	カード管理 — カードセット新規登録・編集・削除	5	shared_db_table,shared_external		mtb_cardset	API,バッチ
f03-04	F03-04（カテゴリ一覧）	m14-10	カード管理 — フォーマット新規登録・編集・削除	5	shared_db_table,shared_external		mtb_cardset	API,バッチ
f03-05	商品 — 商品リコメンド（おすすめ商品ブロック）	m03-36	m03-36_admin_product_product_buy_discount_csv_import（管理画面_商品管理_買取減額率変更CSV登録）	10	shared_update_table,shared_external,same_domain_cross_layer	dtb_product,mtb_product_status	dtb_product,dtb_product_class,mtb_product_status	API,バッチ
f03-05	商品 — 商品リコメンド（おすすめ商品ブロック）	m03-38	m03-38_admin_product_product_status_csv（管理画面_商品管理_商品公開CSV登録）	10	shared_update_table,shared_external,same_domain_cross_layer	dtb_product,mtb_product_status	dtb_product,mtb_product_status	API,バッチ
f03-05	商品 — 商品リコメンド（おすすめ商品ブロック）	a02-05	API 商品管理 — 更新商品規格取得	9	shared_update_table,shared_external,same_domain_cross_layer	dtb_product	dtb_product,dtb_product_class	API
f03-05	商品 — 商品リコメンド（おすすめ商品ブロック）	b02-01	バッチ 商品管理 — 期間別販売数集計	9	shared_db_table,shared_external,same_domain_cross_layer		dtb_order,dtb_order_detail,dtb_order_item,dtb_product_class	API,バッチ
f03-05	商品 — 商品リコメンド（おすすめ商品ブロック）	b02-02	バッチ 商品管理 — 入荷通知キャンセル	9	shared_update_table,shared_external,same_domain_cross_layer	dtb_product	dtb_product,dtb_product_class	API,バッチ
f03-05	商品 — 商品リコメンド（おすすめ商品ブロック）	b02-06	バッチ 商品管理 — 在庫初期化	9	shared_db_table,shared_external,same_domain_cross_layer		dtb_order,dtb_order_detail,dtb_order_item	API,バッチ
f03-05	商品 — 商品リコメンド（おすすめ商品ブロック）	f03-01	F03-01（商品一覧）	9	shared_update_table,shared_external,same_domain	dtb_product,mtb_product_status	dtb_product,dtb_product_class,mtb_option,mtb_product_status	API,バッチ
f03-05	商品 — 商品リコメンド（おすすめ商品ブロック）	f03-02	F03-02（商品詳細）	9	shared_update_table,shared_external,same_domain	dtb_product,mtb_product_status	dtb_product,dtb_product_class,mtb_option,mtb_product_status	API,バッチ
f03-05	商品 — 商品リコメンド（おすすめ商品ブロック）	m03-02	M03-02（商品編集機能）	9	shared_update_table,shared_external,same_domain_cross_layer	dtb_product	dtb_product	API,バッチ
f03-05	商品 — 商品リコメンド（おすすめ商品ブロック）	m03-26	m03-26_admin_product_product_card_csv_import（管理画面_商品管理_カード商品CSV登録）	9	shared_update_table,shared_external,same_domain_cross_layer	dtb_product	dtb_product,dtb_product_class	API,バッチ
f03-05	商品 — 商品リコメンド（おすすめ商品ブロック）	m03-27	m03-27_admin_product_product_goods_csv_import（管理画面_商品管理_グッズ商品CSV登録）	9	shared_update_table,shared_external,same_domain_cross_layer	dtb_product	dtb_product,dtb_product_class	API,バッチ
f03-05	商品 — 商品リコメンド（おすすめ商品ブロック）	m03-28	m03-28_admin_product_product_product_tag_csv_import（管理画面_商品管理_商品タグ更新CSV登録）	9	shared_update_table,shared_external,same_domain_cross_layer	dtb_product	dtb_product	API,バッチ
f03-06	F03-06（最近見た商品）	f03-02	F03-02（商品詳細）	15	direct_ref,reverse_ref,shared_db_table,shared_external,same_domain		dtb_product	API,バッチ
f03-06	F03-06（最近見た商品）	a02-02	API 商品管理 — ポップアップ用カード情報取得	7	shared_db_table,shared_external,same_domain_cross_layer		dtb_product	API
f03-06	F03-06（最近見た商品）	a02-03	API 商品管理 — ポップアップ用商品情報取得（旧商品ID）	7	shared_db_table,shared_external,same_domain_cross_layer		dtb_product	API
f03-06	F03-06（最近見た商品）	a02-04	API 商品管理 — ポップアップ用カード情報取得（旧商品ID）	7	shared_db_table,shared_external,same_domain_cross_layer		dtb_product	API
f03-06	F03-06（最近見た商品）	a02-05	API 商品管理 — 更新商品規格取得	7	shared_db_table,shared_external,same_domain_cross_layer		dtb_product	API
f03-06	F03-06（最近見た商品）	a06-09	API 店頭買取管理 — 商品名から商品詳細の情報を取得	7	shared_db_table,shared_external,same_domain_cross_layer		dtb_product	API
f03-06	F03-06（最近見た商品）	a17-05	API 店頭買取管理 — 商品名から商品詳細の情報を取得	7	shared_db_table,shared_external,same_domain_cross_layer		dtb_product	API
f03-06	F03-06（最近見た商品）	b02-02	バッチ 商品管理 — 入荷通知キャンセル	7	shared_db_table,shared_external,same_domain_cross_layer		dtb_product	API,バッチ
f03-06	F03-06（最近見た商品）	b02-04	バッチ 商品管理 — 商品部門未設定チェック	7	shared_db_table,shared_external,same_domain_cross_layer		dtb_product	API,バッチ
f03-06	F03-06（最近見た商品）	m03-01	m03-01_admin_product_product_search_list（管理画面_商品管理_商品検索・一覧）	7	shared_db_table,shared_external,same_domain_cross_layer		dtb_product	API,バッチ
f03-06	F03-06（最近見た商品）	m03-02	M03-02（商品編集機能）	7	shared_db_table,shared_external,same_domain_cross_layer		dtb_product	API,バッチ
f03-06	F03-06（最近見た商品）	m03-03	m03-03_admin_product_product_card_csv_export（管理画面_商品管理_カード商品CSV出力）	7	shared_db_table,shared_external,same_domain_cross_layer		dtb_product	API,バッチ
f03-07	F03-07（入荷時通知）	f03-02	F03-02（商品詳細）	17	direct_ref,reverse_ref,shared_update_table,shared_external,same_domain	mtb_option	mtb_option	API,バッチ
f03-07	F03-07（入荷時通知）	f03-01	F03-01（商品一覧）	11	direct_ref,shared_db_table,shared_external,same_domain		mtb_option	API,バッチ
f03-07	F03-07（入荷時通知）	f04-01	F04-01（買い物かご）	11	reverse_ref,shared_update_table,shared_external	dtb_product_request	dtb_product_request	API,バッチ
f03-07	F03-07（入荷時通知）	b02-02	バッチ 商品管理 — 入荷通知キャンセル	9	shared_update_table,shared_external,same_domain_cross_layer	dtb_product_request	dtb_product_request	API,バッチ,メール
f03-07	F03-07（入荷時通知）	a05-04	API 受注管理 — スマレジ受信処理（ポイント履歴取得）	7	shared_update_table,shared_external	mtb_option	mtb_option	API
f03-07	F03-07（入荷時通知）	a07-01	API ネット買取管理 — まとめて買取商品IDの取得	7	shared_update_table,shared_external	mtb_option	mtb_option	API
f03-07	F03-07（入荷時通知）	f06-08	F06-08（入荷待ち商品一覧）	7	shared_update_table,shared_external	dtb_product_request	dtb_product_request	API,バッチ,メール
f03-07	F03-07（入荷時通知）	f06-26	F06-26（店頭PC用アカウントで通常会員と異なる制御）	7	shared_update_table,shared_external	mtb_option	mtb_option	API,バッチ
f03-07	F03-07（入荷時通知）	m10-16	追加システム設定（HareruyaEcプラグイン）	7	shared_update_table,shared_external	mtb_option	mtb_option	API,バッチ,メール
f03-07	F03-07（入荷時通知）	m12-05	M12-05（入荷通知依頼 一覧表示）	7	shared_update_table,shared_external	dtb_product_request	dtb_product_request	API,バッチ
f03-07	F03-07（入荷時通知）	m12-06	M12-06（入荷通知依頼 CSVダウンロード）	7	shared_update_table,shared_external	dtb_product_request	dtb_product_request	API,バッチ
f03-07	F03-07（入荷時通知）	f03-05	商品 — 商品リコメンド（おすすめ商品ブロック）	6	shared_db_table,shared_external,same_domain		mtb_option	API,バッチ
f03-08	商品 — お気に入り（登録・解除・一覧）	f03-02	F03-02（商品詳細）	9	shared_update_table,shared_external,same_domain	dtb_customer_favorite_product,dtb_favorite_product	dtb_customer_favorite_product,dtb_favorite_product	API,バッチ
f03-08	商品 — お気に入り（登録・解除・一覧）	b02-05	バッチ 商品管理 — お気に入り商品セール通知	7	shared_db_table,shared_external,same_domain_cross_layer		dtb_favorite_product	API,バッチ,メール
f03-08	商品 — お気に入り（登録・解除・一覧）	f06-09	F06-09（お気に入り商品一覧）	5	shared_db_table,shared_external		dtb_favorite_product	API,バッチ,メール
f03-08	商品 — お気に入り（登録・解除・一覧）	a02-01	API 商品管理 — ポップアップ用商品情報取得	4	shared_external,same_domain_cross_layer			API
f03-08	商品 — お気に入り（登録・解除・一覧）	a02-02	API 商品管理 — ポップアップ用カード情報取得	4	shared_external,same_domain_cross_layer			API
f03-08	商品 — お気に入り（登録・解除・一覧）	a02-03	API 商品管理 — ポップアップ用商品情報取得（旧商品ID）	4	shared_external,same_domain_cross_layer			API
f03-08	商品 — お気に入り（登録・解除・一覧）	a02-04	API 商品管理 — ポップアップ用カード情報取得（旧商品ID）	4	shared_external,same_domain_cross_layer			API
f03-08	商品 — お気に入り（登録・解除・一覧）	a02-05	API 商品管理 — 更新商品規格取得	4	shared_external,same_domain_cross_layer			API
f03-08	商品 — お気に入り（登録・解除・一覧）	a06-09	API 店頭買取管理 — 商品名から商品詳細の情報を取得	4	shared_external,same_domain_cross_layer			API
f03-08	商品 — お気に入り（登録・解除・一覧）	a17-05	API 店頭買取管理 — 商品名から商品詳細の情報を取得	4	shared_external,same_domain_cross_layer			API
f03-08	商品 — お気に入り（登録・解除・一覧）	b02-01	バッチ 商品管理 — 期間別販売数集計	4	shared_external,same_domain_cross_layer			API,バッチ
f03-08	商品 — お気に入り（登録・解除・一覧）	b02-02	バッチ 商品管理 — 入荷通知キャンセル	4	shared_external,same_domain_cross_layer			API,バッチ,メール
f04-01	F04-01（買い物かご）	f03-07	F03-07（入荷時通知）	12	direct_ref,shared_update_table,shared_external	dtb_product_request	dtb_product_request	API,バッチ
f04-01	F04-01（買い物かご）	f04-02	F04-02（ご注文方法指定 — 注文情報の入力・確認・注文）	12	direct_ref,reverse_ref,shared_external,same_domain			API,バッチ
f04-01	F04-01（買い物かご）	b02-02	バッチ 商品管理 — 入荷通知キャンセル	8	shared_update_table,shared_external	dtb_product_class,dtb_product_request	dtb_product_class,dtb_product_request	API,バッチ
f04-01	F04-01（買い物かご）	f04-04	カート — 決済〜購入完了	8	shared_update_table,shared_external,same_domain	dtb_product_class	dtb_product_class	API,バッチ
f04-01	F04-01（買い物かご）	m07-08	M07-08（戻しリストCSV）	8	shared_update_table,shared_external	dtb_base_info,dtb_product_class	dtb_base_info,dtb_product_class	API,バッチ
f04-01	F04-01（買い物かご）	m07-09	M07-09（戻しリストPDF）	8	shared_update_table,shared_external	dtb_base_info,dtb_product_class	dtb_base_info,dtb_product_class	API,バッチ
f04-01	F04-01（買い物かご）	a02-05	API 商品管理 — 更新商品規格取得	7	shared_update_table,shared_external	dtb_product_class	dtb_product_class	API
f04-01	F04-01（買い物かご）	a06-01	API 店頭買取管理 — 買取アプリ用ログイン	7	shared_update_table,shared_external	dtb_base_info	dtb_base_info	API
f04-01	F04-01（買い物かご）	b05-02	バッチ 受注管理 — 購入完了手続き再処理	7	shared_update_table,shared_external	dtb_product_class	dtb_product_class	API,バッチ
f04-01	F04-01（買い物かご）	b06-01	B06-01（買取自動入庫バッチ）	7	shared_update_table,shared_external	dtb_product_class	dtb_product_class	API,バッチ
f04-01	F04-01（買い物かご）	f03-02	F03-02（商品詳細）	7	shared_update_table,shared_external	dtb_product_class	dtb_product_class	API,バッチ
f04-01	F04-01（買い物かご）	f05-01	F05-01（ネット買取トップページ）	7	shared_update_table,shared_external	dtb_product_class	dtb_product_class	API,バッチ
f04-02	F04-02（ご注文方法指定 — 注文情報の入力・確認・注文）	f04-03	F04-03（注文時の配送先登録・変更）	18	direct_ref,reverse_ref,shared_update_table,shared_external,same_domain	dtb_customer_address,dtb_shipping	dtb_customer_address,dtb_shipping	API,バッチ
f04-02	F04-02（ご注文方法指定 — 注文情報の入力・確認・注文）	f04-04	カート — 決済〜購入完了	13	direct_ref,shared_update_table,shared_external,same_domain	dtb_order	dtb_order	API,バッチ,メール
f04-02	F04-02（ご注文方法指定 — 注文情報の入力・確認・注文）	f04-01	F04-01（買い物かご）	12	direct_ref,reverse_ref,shared_external,same_domain			API,バッチ
f04-02	F04-02（ご注文方法指定 — 注文情報の入力・確認・注文）	b02-06	バッチ 商品管理 — 在庫初期化	9	shared_update_table,shared_external	dtb_order,dtb_order_detail,dtb_order_item	dtb_order,dtb_order_detail,dtb_order_item	API,バッチ
f04-02	F04-02（ご注文方法指定 — 注文情報の入力・確認・注文）	m05-11	m05-11_admin_order_order_edit（管理画面_受注管理_受注情報編集）	9	shared_update_table,shared_external	dtb_order,dtb_order_item,dtb_shipping	dtb_order,dtb_order_item,dtb_shipping	API,バッチ,メール
f04-02	F04-02（ご注文方法指定 — 注文情報の入力・確認・注文）	m05-12	m05-12_admin_order_order_bulk_status_change（管理画面_受注管理_対応状況一括変更）	8	shared_update_table,shared_external	dtb_order,dtb_shipping	dtb_order,dtb_shipping	API,バッチ,メール
f04-02	F04-02（ご注文方法指定 — 注文情報の入力・確認・注文）	m05-14	m05-14_admin_order_order_status_change（管理画面_受注対応状況の変更）	8	shared_update_table,shared_external	dtb_order,dtb_shipping	dtb_order,dtb_shipping	API,バッチ,メール
f04-02	F04-02（ご注文方法指定 — 注文情報の入力・確認・注文）	a05-01	API 受注管理 — 注文印刷（印刷情報送信・印刷済み更新）	7	shared_update_table,shared_external	dtb_order	dtb_order,dtb_shipping	API
f04-02	F04-02（ご注文方法指定 — 注文情報の入力・確認・注文）	a05-02	API 受注管理 — 注文印刷（印刷情報送信・印刷済み更新）	7	shared_update_table,shared_external	dtb_order	dtb_order,dtb_shipping	API
f04-02	F04-02（ご注文方法指定 — 注文情報の入力・確認・注文）	b02-01	バッチ 商品管理 — 期間別販売数集計	7	shared_db_table,shared_external		dtb_order,dtb_order_detail,dtb_order_item	API,バッチ
f04-02	F04-02（ご注文方法指定 — 注文情報の入力・確認・注文）	b05-01	バッチ 受注管理 — 注文番号登録	7	shared_update_table,shared_external	dtb_order	dtb_order	API,バッチ,メール
f04-02	F04-02（ご注文方法指定 — 注文情報の入力・確認・注文）	b05-02	バッチ 受注管理 — 購入完了手続き再処理	7	shared_update_table,shared_external	dtb_order	dtb_order	API,バッチ,メール
f04-03	F04-03（注文時の配送先登録・変更）	f04-02	F04-02（ご注文方法指定 — 注文情報の入力・確認・注文）	18	direct_ref,reverse_ref,shared_update_table,shared_external,same_domain	dtb_customer_address,dtb_shipping	dtb_customer_address,dtb_shipping	API,バッチ
f04-03	F04-03（注文時の配送先登録・変更）	f06-20	F06-20（会員の配送先登録・編集）	8	shared_update_table,shared_external	dtb_customer_address,dtb_customer_address_sub	dtb_customer_address,dtb_customer_address_sub	API,バッチ
f04-03	F04-03（注文時の配送先登録・変更）	m08-09	会員管理 — 配送先一覧表示/編集	8	shared_update_table,shared_external	dtb_customer_address,dtb_customer_address_sub	dtb_customer_address,dtb_customer_address_sub	API,バッチ
f04-03	F04-03（注文時の配送先登録・変更）	f06-18	F06-18（会員情報変更）	7	shared_update_table,shared_external	dtb_customer_address	dtb_customer_address	API,バッチ
f04-03	F04-03（注文時の配送先登録・変更）	m05-11	m05-11_admin_order_order_edit（管理画面_受注管理_受注情報編集）	7	shared_update_table,shared_external	dtb_shipping	dtb_shipping	API,バッチ
f04-03	F04-03（注文時の配送先登録・変更）	m05-12	m05-12_admin_order_order_bulk_status_change（管理画面_受注管理_対応状況一括変更）	7	shared_update_table,shared_external	dtb_shipping	dtb_shipping	API,バッチ
f04-03	F04-03（注文時の配送先登録・変更）	m05-13	m05-13_admin_order_order_tracking_number（管理画面_受注_問い合わせ番号入力）	7	shared_update_table,shared_external	dtb_shipping	dtb_shipping	API,バッチ
f04-03	F04-03（注文時の配送先登録・変更）	m05-14	m05-14_admin_order_order_status_change（管理画面_受注対応状況の変更）	7	shared_update_table,shared_external	dtb_shipping	dtb_shipping	API,バッチ
f04-03	F04-03（注文時の配送先登録・変更）	m05-17	m05-17_admin_order_order_shipping_memo（管理画面_受注管理_配達用メモ登録）	7	shared_update_table,shared_external	dtb_shipping	dtb_shipping	API,バッチ
f04-03	F04-03（注文時の配送先登録・変更）	m08-04	M08-04（会員登録/編集）	7	shared_update_table,shared_external	dtb_customer_address	dtb_customer_address	API,バッチ
f04-03	F04-03（注文時の配送先登録・変更）	a05-01	API 受注管理 — 注文印刷（印刷情報送信・印刷済み更新）	5	shared_db_table,shared_external		dtb_shipping	API
f04-03	F04-03（注文時の配送先登録・変更）	a05-02	API 受注管理 — 注文印刷（印刷情報送信・印刷済み更新）	5	shared_db_table,shared_external		dtb_shipping	API
f04-04	カート — 決済〜購入完了	f04-02	F04-02（ご注文方法指定 — 注文情報の入力・確認・注文）	12	reverse_ref,shared_update_table,shared_external,same_domain	dtb_order	dtb_order	API,バッチ,メール
f04-04	カート — 決済〜購入完了	b05-02	バッチ 受注管理 — 購入完了手続き再処理	8	shared_update_table,shared_external	dtb_order,dtb_product_class	dtb_order,dtb_product_class	API,スマレジ,バッチ,メール
f04-04	カート — 決済〜購入完了	f04-01	F04-01（買い物かご）	8	shared_update_table,shared_external,same_domain	dtb_product_class	dtb_product_class	API,バッチ
f04-04	カート — 決済〜購入完了	a02-05	API 商品管理 — 更新商品規格取得	7	shared_update_table,shared_external	dtb_product_class	dtb_product_class	API,スマレジ
f04-04	カート — 決済〜購入完了	a05-01	API 受注管理 — 注文印刷（印刷情報送信・印刷済み更新）	7	shared_update_table,shared_external	dtb_order	dtb_order	API,スマレジ
f04-04	カート — 決済〜購入完了	a05-02	API 受注管理 — 注文印刷（印刷情報送信・印刷済み更新）	7	shared_update_table,shared_external	dtb_order	dtb_order	API,スマレジ
f04-04	カート — 決済〜購入完了	b02-02	バッチ 商品管理 — 入荷通知キャンセル	7	shared_update_table,shared_external	dtb_product_class	dtb_product_class	API,バッチ,メール
f04-04	カート — 決済〜購入完了	b02-06	バッチ 商品管理 — 在庫初期化	7	shared_update_table,shared_external	dtb_order	dtb_order	API,バッチ
f04-04	カート — 決済〜購入完了	b05-01	バッチ 受注管理 — 注文番号登録	7	shared_update_table,shared_external	dtb_order	dtb_order	API,スマレジ,バッチ,メール
f04-04	カート — 決済〜購入完了	b05-04	バッチ 受注管理 — スマレジ商品再連携	7	shared_update_table,shared_external	dtb_order	dtb_order	API,スマレジ,バッチ,メール
f04-04	カート — 決済〜購入完了	b05-05	バッチ 受注管理 — スマレジ商品削除	7	shared_update_table,shared_external	dtb_order	dtb_order	API,スマレジ,バッチ,メール
f04-04	カート — 決済〜購入完了	b06-01	B06-01（買取自動入庫バッチ）	7	shared_update_table,shared_external	dtb_product_class	dtb_product_class	API,スマレジ,バッチ,メール
f05-01	F05-01（ネット買取トップページ）	f05-05	F05-05（ネット買取カート）	18	direct_ref,reverse_ref,shared_update_table,shared_external,same_domain	dtb_product_class,dtb_product_sub_class	dtb_product_class,dtb_product_sub_class	API,バッチ
f05-01	F05-01（ネット買取トップページ）	f05-02	F05-02（ネット買取商品検索）	12	direct_ref,shared_db_table,shared_external,same_domain		dtb_product_class,dtb_product_sub_class	API,バッチ
f05-01	F05-01（ネット買取トップページ）	f05-03	F05-03（ネット買取商品一覧）	12	direct_ref,shared_db_table,shared_external,same_domain		dtb_product_class,dtb_product_sub_class	API,バッチ
f05-01	F05-01（ネット買取トップページ）	f05-04	F05-04（ネット買取商品詳細）	12	direct_ref,shared_db_table,shared_external,same_domain		dtb_product_class,dtb_product_sub_class	API,バッチ
f05-01	F05-01（ネット買取トップページ）	f05-06	F05-06（ネット買取買取手続き〜完了）	12	direct_ref,reverse_ref,shared_external,same_domain			API,バッチ
f05-01	F05-01（ネット買取トップページ）	m07-07	M07-07（買取商品（キャンセル）CSV）	9	shared_update_table,shared_external,same_domain_cross_layer	dtb_product_class	dtb_product_class	API,バッチ
f05-01	F05-01（ネット買取トップページ）	m07-08	M07-08（戻しリストCSV）	9	shared_update_table,shared_external,same_domain_cross_layer	dtb_product_class	dtb_product_class	API,バッチ
f05-01	F05-01（ネット買取トップページ）	m07-09	M07-09（戻しリストPDF）	9	shared_update_table,shared_external,same_domain_cross_layer	dtb_product_class	dtb_product_class	API,バッチ
f05-01	F05-01（ネット買取トップページ）	a02-05	API 商品管理 — 更新商品規格取得	8	shared_update_table,shared_external	dtb_product_class,dtb_product_sub_class	dtb_product_class,dtb_product_sub_class	API
f05-01	F05-01（ネット買取トップページ）	m03-09	M03-09（商品規格登録/編集）	8	shared_update_table,shared_external	dtb_product_class,dtb_product_sub_class	dtb_product_class,dtb_product_sub_class	API,バッチ
f05-01	F05-01（ネット買取トップページ）	m03-21	商品管理 — 棚番号登録/編集	8	shared_update_table,shared_external	dtb_product_class,dtb_product_sub_class	dtb_product_class,dtb_product_sub_class	API,バッチ
f05-01	F05-01（ネット買取トップページ）	m03-31	M03-31（セール用価格変更CSV登録）	8	shared_update_table,shared_external	dtb_product_class,dtb_product_sub_class	dtb_product_class,dtb_product_sub_class	API,バッチ
f05-02	F05-02（ネット買取商品検索）	f05-03	F05-03（ネット買取商品一覧）	16	direct_ref,reverse_ref,shared_db_table,shared_external,same_domain		dtb_product_class,dtb_product_sub_class	API,バッチ
f05-02	F05-02（ネット買取商品検索）	f05-04	F05-04（ネット買取商品詳細）	12	reverse_ref,shared_db_table,shared_external,same_domain		dtb_product_class,dtb_product_sub_class,mtb_card	API,バッチ
f05-02	F05-02（ネット買取商品検索）	f05-01	F05-01（ネット買取トップページ）	11	reverse_ref,shared_db_table,shared_external,same_domain		dtb_product_class,dtb_product_sub_class	API,バッチ
f05-02	F05-02（ネット買取商品検索）	f05-05	F05-05（ネット買取カート）	11	reverse_ref,shared_db_table,shared_external,same_domain		dtb_product_class,dtb_product_sub_class	API,バッチ
f05-02	F05-02（ネット買取商品検索）	a02-02	API 商品管理 — ポップアップ用カード情報取得	7	shared_db_table,shared_external		dtb_product_class,dtb_product_sub_class,mtb_card	API
f05-02	F05-02（ネット買取商品検索）	a02-03	API 商品管理 — ポップアップ用商品情報取得（旧商品ID）	7	shared_db_table,shared_external		dtb_product_class,dtb_product_sub_class,mtb_card	API
f05-02	F05-02（ネット買取商品検索）	a02-04	API 商品管理 — ポップアップ用カード情報取得（旧商品ID）	7	shared_db_table,shared_external		dtb_product_class,dtb_product_sub_class,mtb_card	API
f05-02	F05-02（ネット買取商品検索）	a06-06	API 店頭買取管理 — カード詳細IDから買取用商品情報を取得	7	shared_db_table,shared_external		dtb_product_class,dtb_product_sub_class,mtb_card	API
f05-02	F05-02（ネット買取商品検索）	a06-07	API 店頭買取管理 — 商品IDリストから買取用商品情報を取得	7	shared_db_table,shared_external		dtb_product_class,dtb_product_sub_class,mtb_card	API
f05-02	F05-02（ネット買取商品検索）	a06-08	API 店頭買取管理 — カード名から買取用商品情報を取得	7	shared_db_table,shared_external		dtb_product_class,dtb_product_sub_class,mtb_card	API
f05-02	F05-02（ネット買取商品検索）	a06-09	API 店頭買取管理 — 商品名から商品詳細の情報を取得	7	shared_db_table,shared_external		dtb_product_class,dtb_product_sub_class,mtb_card	API
f05-02	F05-02（ネット買取商品検索）	a06-10	API 店頭買取管理 — 商品IDリストから買取用商品情報を取得	7	shared_db_table,shared_external		dtb_product_class,dtb_product_sub_class,mtb_card	API
f05-03	F05-03（ネット買取商品一覧）	f05-02	F05-02（ネット買取商品検索）	16	direct_ref,reverse_ref,shared_db_table,shared_external,same_domain		dtb_product_class,dtb_product_sub_class	API,バッチ
f05-03	F05-03（ネット買取商品一覧）	f05-04	F05-04（ネット買取商品詳細）	16	direct_ref,reverse_ref,shared_db_table,shared_external,same_domain		dtb_product_class,dtb_product_sub_class	API,バッチ
f05-03	F05-03（ネット買取商品一覧）	f05-05	F05-05（ネット買取カート）	16	direct_ref,reverse_ref,shared_db_table,shared_external,same_domain		dtb_product_class,dtb_product_sub_class	API,バッチ
f05-03	F05-03（ネット買取商品一覧）	f05-01	F05-01（ネット買取トップページ）	11	reverse_ref,shared_db_table,shared_external,same_domain		dtb_product_class,dtb_product_sub_class	API,バッチ
f05-03	F05-03（ネット買取商品一覧）	m07-06	m07-06_admin_online_purchase_purchase_online_product_list_csv_export（管理画面_ネット買取管理_買取商品一覧CSV出力）	7	shared_db_table,shared_external,same_domain_cross_layer		dtb_product_class	API,バッチ
f05-03	F05-03（ネット買取商品一覧）	m07-07	M07-07（買取商品（キャンセル）CSV）	7	shared_db_table,shared_external,same_domain_cross_layer		dtb_product_class	API,バッチ
f05-03	F05-03（ネット買取商品一覧）	m07-08	M07-08（戻しリストCSV）	7	shared_db_table,shared_external,same_domain_cross_layer		dtb_product_class	API,バッチ
f05-03	F05-03（ネット買取商品一覧）	m07-09	M07-09（戻しリストPDF）	7	shared_db_table,shared_external,same_domain_cross_layer		dtb_product_class	API,バッチ
f05-03	F05-03（ネット買取商品一覧）	a02-01	API 商品管理 — ポップアップ用商品情報取得	6	shared_db_table,shared_external		dtb_product_class,dtb_product_sub_class	API
f05-03	F05-03（ネット買取商品一覧）	a02-02	API 商品管理 — ポップアップ用カード情報取得	6	shared_db_table,shared_external		dtb_product_class,dtb_product_sub_class	API
f05-03	F05-03（ネット買取商品一覧）	a02-03	API 商品管理 — ポップアップ用商品情報取得（旧商品ID）	6	shared_db_table,shared_external		dtb_product_class,dtb_product_sub_class	API
f05-03	F05-03（ネット買取商品一覧）	a02-04	API 商品管理 — ポップアップ用カード情報取得（旧商品ID）	6	shared_db_table,shared_external		dtb_product_class,dtb_product_sub_class	API
f05-04	F05-04（ネット買取商品詳細）	f05-05	F05-05（ネット買取カート）	17	direct_ref,reverse_ref,shared_db_table,shared_external,same_domain		dtb_product,dtb_product_class,dtb_product_sub_class	API,バッチ
f05-04	F05-04（ネット買取商品詳細）	f05-03	F05-03（ネット買取商品一覧）	16	direct_ref,reverse_ref,shared_db_table,shared_external,same_domain		dtb_product_class,dtb_product_sub_class	API,バッチ
f05-04	F05-04（ネット買取商品詳細）	f05-02	F05-02（ネット買取商品検索）	13	direct_ref,shared_db_table,shared_external,same_domain		dtb_product_class,dtb_product_sub_class,mtb_card	API,バッチ
f05-04	F05-04（ネット買取商品詳細）	f05-01	F05-01（ネット買取トップページ）	11	reverse_ref,shared_db_table,shared_external,same_domain		dtb_product_class,dtb_product_sub_class	API,バッチ
f05-04	F05-04（ネット買取商品詳細）	a02-02	API 商品管理 — ポップアップ用カード情報取得	7	shared_db_table,shared_external		dtb_product,dtb_product_class,dtb_product_sub_class,mtb_card,mtb_card_detail	API
f05-04	F05-04（ネット買取商品詳細）	a02-03	API 商品管理 — ポップアップ用商品情報取得（旧商品ID）	7	shared_db_table,shared_external		dtb_product,dtb_product_class,dtb_product_sub_class,mtb_card	API
f05-04	F05-04（ネット買取商品詳細）	a02-04	API 商品管理 — ポップアップ用カード情報取得（旧商品ID）	7	shared_db_table,shared_external		dtb_product,dtb_product_class,dtb_product_sub_class,mtb_card	API
f05-04	F05-04（ネット買取商品詳細）	a02-05	API 商品管理 — 更新商品規格取得	7	shared_db_table,shared_external		dtb_product,dtb_product_class,dtb_product_sub_class	API
f05-04	F05-04（ネット買取商品詳細）	a06-06	API 店頭買取管理 — カード詳細IDから買取用商品情報を取得	7	shared_db_table,shared_external		dtb_product,dtb_product_class,dtb_product_sub_class,mtb_card,mtb_card_detail	API
f05-04	F05-04（ネット買取商品詳細）	a06-07	API 店頭買取管理 — 商品IDリストから買取用商品情報を取得	7	shared_db_table,shared_external		dtb_product,dtb_product_class,dtb_product_sub_class,mtb_card,mtb_card_detail	API
f05-04	F05-04（ネット買取商品詳細）	a06-08	API 店頭買取管理 — カード名から買取用商品情報を取得	7	shared_db_table,shared_external		dtb_product,dtb_product_class,dtb_product_sub_class,mtb_card,mtb_card_detail	API
f05-04	F05-04（ネット買取商品詳細）	a06-09	API 店頭買取管理 — 商品名から商品詳細の情報を取得	7	shared_db_table,shared_external		dtb_product,dtb_product_class,dtb_product_sub_class,mtb_card,mtb_card_detail	API
f05-05	F05-05（ネット買取カート）	f05-01	F05-01（ネット買取トップページ）	18	direct_ref,reverse_ref,shared_update_table,shared_external,same_domain	dtb_product_class,dtb_product_sub_class	dtb_product_class,dtb_product_sub_class	API,バッチ
f05-05	F05-05（ネット買取カート）	f05-04	F05-04（ネット買取商品詳細）	17	direct_ref,reverse_ref,shared_db_table,shared_external,same_domain		dtb_product,dtb_product_class,dtb_product_sub_class	API,バッチ
f05-05	F05-05（ネット買取カート）	f05-03	F05-03（ネット買取商品一覧）	16	direct_ref,reverse_ref,shared_db_table,shared_external,same_domain		dtb_product_class,dtb_product_sub_class	API,バッチ
f05-05	F05-05（ネット買取カート）	f05-02	F05-02（ネット買取商品検索）	12	direct_ref,shared_db_table,shared_external,same_domain		dtb_product_class,dtb_product_sub_class	API,バッチ
f05-05	F05-05（ネット買取カート）	f05-06	F05-06（ネット買取買取手続き〜完了）	12	direct_ref,reverse_ref,shared_external,same_domain			API,バッチ
f05-05	F05-05（ネット買取カート）	a02-05	API 商品管理 — 更新商品規格取得	9	shared_update_table,shared_external	dtb_product,dtb_product_class,dtb_product_sub_class	dtb_product,dtb_product_class,dtb_product_sub_class	API
f05-05	F05-05（ネット買取カート）	m03-31	M03-31（セール用価格変更CSV登録）	9	shared_update_table,shared_external	dtb_product,dtb_product_class,dtb_product_sub_class	dtb_product,dtb_product_class,dtb_product_sub_class	API,バッチ
f05-05	F05-05（ネット買取カート）	m07-07	M07-07（買取商品（キャンセル）CSV）	9	shared_update_table,shared_external,same_domain_cross_layer	dtb_product_class	dtb_product_class	API,バッチ
f05-05	F05-05（ネット買取カート）	m07-08	M07-08（戻しリストCSV）	9	shared_update_table,shared_external,same_domain_cross_layer	dtb_product_class	dtb_product_class	API,バッチ
f05-05	F05-05（ネット買取カート）	m07-09	M07-09（戻しリストPDF）	9	shared_update_table,shared_external,same_domain_cross_layer	dtb_product_class	dtb_product_class	API,バッチ
f05-05	F05-05（ネット買取カート）	b02-02	バッチ 商品管理 — 入荷通知キャンセル	8	shared_update_table,shared_external	dtb_product,dtb_product_class	dtb_product,dtb_product_class	API,バッチ
f05-05	F05-05（ネット買取カート）	f03-02	F03-02（商品詳細）	8	shared_update_table,shared_external	dtb_product,dtb_product_class	dtb_product,dtb_product_class	API,バッチ
f05-06	F05-06（ネット買取買取手続き〜完了）	f05-01	F05-01（ネット買取トップページ）	12	direct_ref,reverse_ref,shared_external,same_domain			API,バッチ
f05-06	F05-06（ネット買取買取手続き〜完了）	f05-05	F05-05（ネット買取カート）	12	direct_ref,reverse_ref,shared_external,same_domain			API,バッチ
f05-06	F05-06（ネット買取買取手続き〜完了）	a07-03	API ネット買取管理 — ネット買取受注コメント更新	9	shared_update_table,shared_external,same_domain_cross_layer	dtb_buy_order	dtb_buy_order	API
f05-06	F05-06（ネット買取買取手続き〜完了）	a07-04	API ネット買取管理 — ネット買取受注ステータス更新	9	shared_update_table,shared_external,same_domain_cross_layer	dtb_buy_order	dtb_buy_order	API
f05-06	F05-06（ネット買取買取手続き〜完了）	m07-03	ネット買取管理 — 買取情報編集（買取詳細）	9	shared_update_table,shared_external,same_domain_cross_layer	dtb_buy_order	dtb_bank_account,dtb_buy_main_card,dtb_buy_order,dtb_qualified_invoice_issuer_account	API,バッチ,メール,支店
f05-06	F05-06（ネット買取買取手続き〜完了）	m07-07	M07-07（買取商品（キャンセル）CSV）	9	shared_update_table,shared_external,same_domain_cross_layer	dtb_buy_order	dtb_buy_main_card,dtb_buy_order	API,バッチ,メール
f05-06	F05-06（ネット買取買取手続き〜完了）	m07-08	M07-08（戻しリストCSV）	9	shared_update_table,shared_external,same_domain_cross_layer	dtb_buy_order	dtb_buy_order	API,バッチ,メール
f05-06	F05-06（ネット買取買取手続き〜完了）	m07-09	M07-09（戻しリストPDF）	9	shared_update_table,shared_external,same_domain_cross_layer	dtb_buy_order	dtb_buy_order	API,バッチ,メール,支店
f05-06	F05-06（ネット買取買取手続き〜完了）	a07-05	API ネット買取管理 — ネット買取注文の査定終了処理	8	shared_db_table,shared_external,same_domain_cross_layer		dtb_buy_main_card,dtb_buy_order	API
f05-06	F05-06（ネット買取買取手続き〜完了）	m07-01	m07-01_admin_online_purchase_purchase_online_search_list（ネット買取管理_買取検索一覧）	8	shared_db_table,shared_external,same_domain_cross_layer		dtb_buy_main_card,dtb_buy_order	API,バッチ
f05-06	F05-06（ネット買取買取手続き〜完了）	m07-02	m07-02_admin_online_purchase_purchase_online_old_goods_ledger_csv_export（管理画面_ネット買取管理_古物台帳入力用CSV出力）	8	shared_db_table,shared_external,same_domain_cross_layer		dtb_buy_main_card,dtb_buy_order	API,バッチ,支店
f05-06	F05-06（ネット買取買取手続き〜完了）	m07-06	m07-06_admin_online_purchase_purchase_online_product_list_csv_export（管理画面_ネット買取管理_買取商品一覧CSV出力）	8	shared_db_table,shared_external,same_domain_cross_layer		dtb_buy_main_card,dtb_buy_order	API,バッチ,支店
f06-01	F06-01（仮会員登録）	f06-02	会員 — 本会員登録（アクティベート）	9	shared_update_table,shared_external,same_domain	dtb_customer,dtb_player	dtb_customer,dtb_player	API,スマレジ,バッチ,メール,支店
f06-01	F06-01（仮会員登録）	f06-18	F06-18（会員情報変更）	9	shared_update_table,shared_external,same_domain	dtb_customer,dtb_player	dtb_customer,dtb_player	API,スマレジ,バッチ,メール,支店
f06-01	F06-01（仮会員登録）	f06-21	会員 — 退会（退会手続き）	9	shared_update_table,shared_external,same_domain	dtb_customer,dtb_player	dtb_customer,dtb_player	API,スマレジ,バッチ,メール,支店
f06-01	F06-01（仮会員登録）	a17-03	API その他 — PointGranterAPI連携	8	shared_update_table,shared_external	dtb_customer,dtb_player	dtb_customer,dtb_player	API,スマレジ,バッチ
f06-01	F06-01（仮会員登録）	f06-03	F06-03（本店・支店で会員ログイン）	8	shared_update_table,shared_external,same_domain	dtb_customer	dtb_customer	API,バッチ,メール,支店
f06-01	F06-01（仮会員登録）	f06-04	会員 — パスワード変更（パスワード再発行・再設定）	8	shared_update_table,shared_external,same_domain	dtb_customer	dtb_customer	API,バッチ,メール
f06-01	F06-01（仮会員登録）	f06-09	F06-09（お気に入り商品一覧）	8	shared_update_table,shared_external,same_domain	dtb_player	dtb_player	API,バッチ,メール
f06-01	F06-01（仮会員登録）	f06-10	F06-10（ポイント履歴）	8	shared_update_table,shared_external,same_domain	dtb_player	dtb_customer,dtb_player	API,バッチ
f06-01	F06-01（仮会員登録）	f06-13	会員 — オンライン本人確認	8	shared_update_table,shared_external,same_domain	dtb_player	dtb_player	API,バッチ,メール
f06-01	F06-01（仮会員登録）	f06-17	F06-17（大会に登録するデッキの確認・登録）	8	shared_update_table,shared_external,same_domain	dtb_player	dtb_player	API,バッチ,メール
f06-01	F06-01（仮会員登録）	f06-26	F06-26（店頭PC用アカウントで通常会員と異なる制御）	8	shared_update_table,shared_external,same_domain	dtb_player	dtb_player	API,バッチ,支店
f06-01	F06-01（仮会員登録）	m08-04	M08-04（会員登録/編集）	8	shared_update_table,shared_external	dtb_customer,dtb_player	dtb_customer,dtb_player	API,スマレジ,バッチ,メール
f06-02	会員 — 本会員登録（アクティベート）	f06-01	F06-01（仮会員登録）	9	shared_update_table,shared_external,same_domain	dtb_customer,dtb_player	dtb_customer,dtb_player	API,スマレジ,バッチ,メール,支店
f06-02	会員 — 本会員登録（アクティベート）	f06-18	F06-18（会員情報変更）	9	shared_update_table,shared_external,same_domain	dtb_customer,dtb_player	dtb_customer,dtb_player	API,スマレジ,バッチ,メール,支店
f06-02	会員 — 本会員登録（アクティベート）	f06-21	会員 — 退会（退会手続き）	9	shared_update_table,shared_external,same_domain	dtb_customer,dtb_player	dtb_customer,dtb_player	API,スマレジ,バッチ,メール,支店
f06-02	会員 — 本会員登録（アクティベート）	a17-03	API その他 — PointGranterAPI連携	8	shared_update_table,shared_external	dtb_customer,dtb_player	dtb_customer,dtb_player	API,スマレジ,バッチ
f06-02	会員 — 本会員登録（アクティベート）	f06-03	F06-03（本店・支店で会員ログイン）	8	shared_update_table,shared_external,same_domain	dtb_customer	dtb_customer	API,バッチ,メール,支店
f06-02	会員 — 本会員登録（アクティベート）	f06-04	会員 — パスワード変更（パスワード再発行・再設定）	8	shared_update_table,shared_external,same_domain	dtb_customer	dtb_customer	API,バッチ,メール
f06-02	会員 — 本会員登録（アクティベート）	f06-09	F06-09（お気に入り商品一覧）	8	shared_update_table,shared_external,same_domain	dtb_player	dtb_player	API,バッチ,メール
f06-02	会員 — 本会員登録（アクティベート）	f06-10	F06-10（ポイント履歴）	8	shared_update_table,shared_external,same_domain	dtb_player	dtb_customer,dtb_player	API,バッチ
f06-02	会員 — 本会員登録（アクティベート）	f06-13	会員 — オンライン本人確認	8	shared_update_table,shared_external,same_domain	dtb_player	dtb_player	API,バッチ,メール
f06-02	会員 — 本会員登録（アクティベート）	f06-17	F06-17（大会に登録するデッキの確認・登録）	8	shared_update_table,shared_external,same_domain	dtb_player	dtb_player	API,バッチ,メール
f06-02	会員 — 本会員登録（アクティベート）	f06-26	F06-26（店頭PC用アカウントで通常会員と異なる制御）	8	shared_update_table,shared_external,same_domain	dtb_player	dtb_player	API,バッチ,支店
f06-02	会員 — 本会員登録（アクティベート）	m08-04	M08-04（会員登録/編集）	8	shared_update_table,shared_external	dtb_customer,dtb_player	dtb_customer,dtb_player	API,スマレジ,バッチ,メール
f06-03	F06-03（本店・支店で会員ログイン）	f06-01	F06-01（仮会員登録）	8	shared_update_table,shared_external,same_domain	dtb_customer	dtb_customer	API,バッチ,メール,支店
f06-03	F06-03（本店・支店で会員ログイン）	f06-02	会員 — 本会員登録（アクティベート）	8	shared_update_table,shared_external,same_domain	dtb_customer	dtb_customer	API,バッチ,メール,支店
f06-03	F06-03（本店・支店で会員ログイン）	f06-04	会員 — パスワード変更（パスワード再発行・再設定）	8	shared_update_table,shared_external,same_domain	dtb_customer	dtb_customer	API,バッチ,メール
f06-03	F06-03（本店・支店で会員ログイン）	f06-18	F06-18（会員情報変更）	8	shared_update_table,shared_external,same_domain	dtb_customer	dtb_customer	API,バッチ,メール,支店
f06-03	F06-03（本店・支店で会員ログイン）	f06-21	会員 — 退会（退会手続き）	8	shared_update_table,shared_external,same_domain	dtb_customer	dtb_customer	API,バッチ,メール,支店
f06-03	F06-03（本店・支店で会員ログイン）	a15-01	API デッキビルダー — ログイン	7	shared_update_table,shared_external	dtb_customer	dtb_customer	API,メール
f06-03	F06-03（本店・支店で会員ログイン）	a17-03	API その他 — PointGranterAPI連携	7	shared_update_table,shared_external	dtb_customer	dtb_customer	API,バッチ
f06-03	F06-03（本店・支店で会員ログイン）	b08-01	バッチ 会員管理 — リニューアル時パスワードリセットメール送信	7	shared_update_table,shared_external	dtb_customer	dtb_customer	API,バッチ,メール
f06-03	F06-03（本店・支店で会員ログイン）	f05-06	F05-06（ネット買取買取手続き〜完了）	7	shared_update_table,shared_external	dtb_customer	dtb_customer	API,バッチ,メール,支店
f06-03	F06-03（本店・支店で会員ログイン）	f08-03	F08-03（店頭買取査定申込登録確認〜完了）	7	shared_update_table,shared_external	dtb_customer	dtb_customer	API,バッチ,メール,支店
f06-03	F06-03（本店・支店で会員ログイン）	m02-04	m02-04_admin_home_home_shop_status（管理画面_トップショップ状況）	7	shared_update_table,shared_external	dtb_customer	dtb_customer	API,バッチ
f06-03	F06-03（本店・支店で会員ログイン）	m08-01	M08-01（会員検索/一覧）	7	shared_update_table,shared_external	dtb_customer	dtb_customer	API,バッチ,メール
f06-04	会員 — パスワード変更（パスワード再発行・再設定）	f06-01	F06-01（仮会員登録）	8	shared_update_table,shared_external,same_domain	dtb_customer	dtb_customer	API,バッチ,メール
f06-04	会員 — パスワード変更（パスワード再発行・再設定）	f06-02	会員 — 本会員登録（アクティベート）	8	shared_update_table,shared_external,same_domain	dtb_customer	dtb_customer	API,バッチ,メール
f06-04	会員 — パスワード変更（パスワード再発行・再設定）	f06-03	F06-03（本店・支店で会員ログイン）	8	shared_update_table,shared_external,same_domain	dtb_customer	dtb_customer	API,バッチ,メール
f06-04	会員 — パスワード変更（パスワード再発行・再設定）	f06-18	F06-18（会員情報変更）	8	shared_update_table,shared_external,same_domain	dtb_customer	dtb_customer	API,バッチ,メール
f06-04	会員 — パスワード変更（パスワード再発行・再設定）	f06-21	会員 — 退会（退会手続き）	8	shared_update_table,shared_external,same_domain	dtb_customer	dtb_customer	API,バッチ,メール
f06-04	会員 — パスワード変更（パスワード再発行・再設定）	a15-01	API デッキビルダー — ログイン	7	shared_update_table,shared_external	dtb_customer	dtb_customer	API,メール
f06-04	会員 — パスワード変更（パスワード再発行・再設定）	a17-03	API その他 — PointGranterAPI連携	7	shared_update_table,shared_external	dtb_customer	dtb_customer	API,バッチ
f06-04	会員 — パスワード変更（パスワード再発行・再設定）	b08-01	バッチ 会員管理 — リニューアル時パスワードリセットメール送信	7	shared_update_table,shared_external	dtb_customer	dtb_customer	API,バッチ,メール
f06-04	会員 — パスワード変更（パスワード再発行・再設定）	f05-06	F05-06（ネット買取買取手続き〜完了）	7	shared_update_table,shared_external	dtb_customer	dtb_customer	API,バッチ,メール
f06-04	会員 — パスワード変更（パスワード再発行・再設定）	f08-03	F08-03（店頭買取査定申込登録確認〜完了）	7	shared_update_table,shared_external	dtb_customer	dtb_customer	API,バッチ,メール
f06-04	会員 — パスワード変更（パスワード再発行・再設定）	m02-04	m02-04_admin_home_home_shop_status（管理画面_トップショップ状況）	7	shared_update_table,shared_external	dtb_customer	dtb_customer	API,バッチ
f06-04	会員 — パスワード変更（パスワード再発行・再設定）	m08-01	M08-01（会員検索/一覧）	7	shared_update_table,shared_external	dtb_customer	dtb_customer	API,バッチ,メール
f06-05	F06-05（マイページ）	f06-10	F06-10（ポイント履歴）	7	shared_db_table,shared_external,same_domain		dtb_player,dtb_point_history	API,バッチ
f06-05	F06-05（マイページ）	a05-04	API 受注管理 — スマレジ受信処理（ポイント履歴取得）	6	shared_db_table,shared_external		dtb_player,dtb_point_history	API
f06-05	F06-05（マイページ）	a17-03	API その他 — PointGranterAPI連携	6	shared_db_table,shared_external		dtb_player,dtb_point_history	API,バッチ
f06-05	F06-05（マイページ）	b05-09	バッチ 受注管理 — スマレジ取引連携エラー再連携	6	shared_db_table,shared_external		dtb_player,dtb_point_history	API,バッチ
f06-05	F06-05（マイページ）	b08-02	バッチ 会員管理 — ポイント失効	6	shared_db_table,shared_external		dtb_player,dtb_point_history	API,バッチ
f06-05	F06-05（マイページ）	b08-03	バッチ 会員管理 — ポイント有効期限通知	6	shared_db_table,shared_external		dtb_player,dtb_point_history	API,バッチ
f06-05	F06-05（マイページ）	b08-05	バッチ 会員管理 — ポイント差分発生通知	6	shared_db_table,shared_external		dtb_player,dtb_point_history	API,バッチ
f06-05	F06-05（マイページ）	f06-01	F06-01（仮会員登録）	6	shared_db_table,shared_external,same_domain		dtb_player	API,バッチ
f06-05	F06-05（マイページ）	f06-02	会員 — 本会員登録（アクティベート）	6	shared_db_table,shared_external,same_domain		dtb_player	API,バッチ
f06-05	F06-05（マイページ）	f06-08	F06-08（入荷待ち商品一覧）	6	shared_db_table,shared_external,same_domain		dtb_player	API,バッチ
f06-05	F06-05（マイページ）	f06-09	F06-09（お気に入り商品一覧）	6	shared_db_table,shared_external,same_domain		dtb_player	API,バッチ
f06-05	F06-05（マイページ）	f06-13	会員 — オンライン本人確認	6	shared_db_table,shared_external,same_domain		dtb_player	API,バッチ
f06-06	F06-06（購入履歴一覧）	f06-07	F06-07（購入履歴詳細）	8	shared_db_table,shared_external,same_domain		dtb_order,dtb_order_detail,dtb_order_item	API,バッチ
f06-06	F06-06（購入履歴一覧）	b02-01	バッチ 商品管理 — 期間別販売数集計	7	shared_db_table,shared_external		dtb_order,dtb_order_detail,dtb_order_item	API,バッチ
f06-06	F06-06（購入履歴一覧）	b02-06	バッチ 商品管理 — 在庫初期化	7	shared_db_table,shared_external		dtb_order,dtb_order_detail,dtb_order_item	API,バッチ
f06-06	F06-06（購入履歴一覧）	f03-05	商品 — 商品リコメンド（おすすめ商品ブロック）	7	shared_db_table,shared_external		dtb_order,dtb_order_detail,dtb_order_item	API,バッチ
f06-06	F06-06（購入履歴一覧）	f04-02	F04-02（ご注文方法指定 — 注文情報の入力・確認・注文）	7	shared_db_table,shared_external		dtb_order,dtb_order_detail,dtb_order_item	API,バッチ
f06-06	F06-06（購入履歴一覧）	m12-01	M12-01（日別/月別集計 集計一覧表示）	7	shared_db_table,shared_external		dtb_order,dtb_order_detail,dtb_order_item	API,バッチ
f06-06	F06-06（購入履歴一覧）	m12-02	M12-02（日別/月別集計 CSVダウンロード）	7	shared_db_table,shared_external		dtb_order,dtb_order_detail,dtb_order_item	API,バッチ
f06-06	F06-06（購入履歴一覧）	m12-03	M12-03（受注/売上分析 集計一覧表示）	7	shared_db_table,shared_external		dtb_order,dtb_order_detail,dtb_order_item	API,バッチ
f06-06	F06-06（購入履歴一覧）	m12-04	M12-04（受注/売上分析 CSVダウンロード）	7	shared_db_table,shared_external		dtb_order,dtb_order_detail,dtb_order_item	API,バッチ
f06-06	F06-06（購入履歴一覧）	m12-07	M12-07（フォーマット売上分析 集計一覧表示）	7	shared_db_table,shared_external		dtb_order,dtb_order_detail,dtb_order_item	API,バッチ
f06-06	F06-06（購入履歴一覧）	m12-08	M12-08（フォーマット売上分析 CSVダウンロード）	7	shared_db_table,shared_external		dtb_order,dtb_order_detail,dtb_order_item	API,バッチ
f06-06	F06-06（購入履歴一覧）	f06-25	F06-25（店頭モニターに受注管理から登録した番号札を表示）	6	shared_db_table,shared_external,same_domain		dtb_order	API,バッチ
f06-07	F06-07（購入履歴詳細）	f06-06	F06-06（購入履歴一覧）	8	shared_db_table,shared_external,same_domain		dtb_order,dtb_order_detail,dtb_order_item	API,バッチ
f06-07	F06-07（購入履歴詳細）	a05-01	API 受注管理 — 注文印刷（印刷情報送信・印刷済み更新）	7	shared_db_table,shared_external		dtb_order,dtb_order_sub,dtb_shipping	API
f06-07	F06-07（購入履歴詳細）	a05-02	API 受注管理 — 注文印刷（印刷情報送信・印刷済み更新）	7	shared_db_table,shared_external		dtb_order,dtb_order_sub,dtb_shipping	API
f06-07	F06-07（購入履歴詳細）	b02-01	バッチ 商品管理 — 期間別販売数集計	7	shared_db_table,shared_external		dtb_order,dtb_order_detail,dtb_order_item	API,バッチ
f06-07	F06-07（購入履歴詳細）	b02-06	バッチ 商品管理 — 在庫初期化	7	shared_db_table,shared_external		dtb_order,dtb_order_detail,dtb_order_item	API,バッチ
f06-07	F06-07（購入履歴詳細）	f03-05	商品 — 商品リコメンド（おすすめ商品ブロック）	7	shared_db_table,shared_external		dtb_order,dtb_order_detail,dtb_order_item	API,バッチ
f06-07	F06-07（購入履歴詳細）	f04-02	F04-02（ご注文方法指定 — 注文情報の入力・確認・注文）	7	shared_db_table,shared_external		dtb_order,dtb_order_detail,dtb_order_item,dtb_shipping	API,バッチ
f06-07	F06-07（購入履歴詳細）	m05-07	m05-07_admin_order_order_labels_csv_export（管理画面_受注管理_送り状CSV出力）	7	shared_db_table,shared_external		dtb_order,dtb_order_item,dtb_order_sub,dtb_shipping	API,バッチ
f06-07	F06-07（購入履歴詳細）	m05-08	m05-08_admin_order_order_stack_paper_print（受注管理 — スタック用紙印刷）	7	shared_db_table,shared_external		dtb_order,dtb_order_sub,dtb_shipping	API,バッチ
f06-07	F06-07（購入履歴詳細）	m05-09	m05-09_admin_order_order_print_delivery_slips_ja（受注管理_納品書印刷（日本語））	7	shared_db_table,shared_external		dtb_order,dtb_order_item,dtb_shipping	API,バッチ
f06-07	F06-07（購入履歴詳細）	m05-11	m05-11_admin_order_order_edit（管理画面_受注管理_受注情報編集）	7	shared_db_table,shared_external		dtb_order,dtb_order_item,dtb_shipping	API,バッチ
f06-07	F06-07（購入履歴詳細）	m05-22	m05-22_admin_order_order_shipping_standby_print_delivery_slips_ja（受注管理_出荷指示_納品書印刷（日本語））	7	shared_db_table,shared_external		dtb_order,dtb_order_item,dtb_shipping	API,バッチ
f06-08	F06-08（入荷待ち商品一覧）	b02-02	バッチ 商品管理 — 入荷通知キャンセル	7	shared_update_table,shared_external	dtb_product_request	dtb_product_class,dtb_product_request	API,バッチ,メール
f06-08	F06-08（入荷待ち商品一覧）	f03-07	F03-07（入荷時通知）	7	shared_update_table,shared_external	dtb_product_request	dtb_product_request	API,バッチ,メール
f06-08	F06-08（入荷待ち商品一覧）	f04-01	F04-01（買い物かご）	7	shared_update_table,shared_external	dtb_product_request	dtb_product_class,dtb_product_request	API,バッチ
f06-08	F06-08（入荷待ち商品一覧）	m12-05	M12-05（入荷通知依頼 一覧表示）	7	shared_update_table,shared_external	dtb_product_request	dtb_player,dtb_product_class,dtb_product_request	API,バッチ
f06-08	F06-08（入荷待ち商品一覧）	m12-06	M12-06（入荷通知依頼 CSVダウンロード）	7	shared_update_table,shared_external	dtb_product_request	dtb_player,dtb_product_class,dtb_product_request	API,バッチ
f06-08	F06-08（入荷待ち商品一覧）	a02-01	API 商品管理 — ポップアップ用商品情報取得	6	shared_db_table,shared_external		dtb_product_class,dtb_product_sub_class	API
f06-08	F06-08（入荷待ち商品一覧）	a02-02	API 商品管理 — ポップアップ用カード情報取得	6	shared_db_table,shared_external		dtb_product_class,dtb_product_sub_class	API
f06-08	F06-08（入荷待ち商品一覧）	a02-03	API 商品管理 — ポップアップ用商品情報取得（旧商品ID）	6	shared_db_table,shared_external		dtb_product_class,dtb_product_sub_class	API
f06-08	F06-08（入荷待ち商品一覧）	a02-04	API 商品管理 — ポップアップ用カード情報取得（旧商品ID）	6	shared_db_table,shared_external		dtb_product_class,dtb_product_sub_class	API
f06-08	F06-08（入荷待ち商品一覧）	a02-05	API 商品管理 — 更新商品規格取得	6	shared_db_table,shared_external		dtb_product_class,dtb_product_sub_class	API
f06-08	F06-08（入荷待ち商品一覧）	a06-06	API 店頭買取管理 — カード詳細IDから買取用商品情報を取得	6	shared_db_table,shared_external		dtb_product_class,dtb_product_sub_class	API
f06-08	F06-08（入荷待ち商品一覧）	a06-07	API 店頭買取管理 — 商品IDリストから買取用商品情報を取得	6	shared_db_table,shared_external		dtb_product_class,dtb_product_sub_class	API
f06-09	F06-09（お気に入り商品一覧）	f06-01	F06-01（仮会員登録）	8	shared_update_table,shared_external,same_domain	dtb_player	dtb_player	API,バッチ,メール
f06-09	F06-09（お気に入り商品一覧）	f06-02	会員 — 本会員登録（アクティベート）	8	shared_update_table,shared_external,same_domain	dtb_player	dtb_player	API,バッチ,メール
f06-09	F06-09（お気に入り商品一覧）	f06-10	F06-10（ポイント履歴）	8	shared_update_table,shared_external,same_domain	dtb_player	dtb_player	API,バッチ
f06-09	F06-09（お気に入り商品一覧）	f06-13	会員 — オンライン本人確認	8	shared_update_table,shared_external,same_domain	dtb_player	dtb_player	API,バッチ,メール
f06-09	F06-09（お気に入り商品一覧）	f06-17	F06-17（大会に登録するデッキの確認・登録）	8	shared_update_table,shared_external,same_domain	dtb_player	dtb_player	API,バッチ,メール
f06-09	F06-09（お気に入り商品一覧）	f06-18	F06-18（会員情報変更）	8	shared_update_table,shared_external,same_domain	dtb_player	dtb_player	API,バッチ,メール
f06-09	F06-09（お気に入り商品一覧）	f06-21	会員 — 退会（退会手続き）	8	shared_update_table,shared_external,same_domain	dtb_player	dtb_player	API,バッチ,メール
f06-09	F06-09（お気に入り商品一覧）	f06-26	F06-26（店頭PC用アカウントで通常会員と異なる制御）	8	shared_update_table,shared_external,same_domain	dtb_player	dtb_player	API,バッチ
f06-09	F06-09（お気に入り商品一覧）	a05-04	API 受注管理 — スマレジ受信処理（ポイント履歴取得）	7	shared_update_table,shared_external	dtb_player	dtb_player	API
f06-09	F06-09（お気に入り商品一覧）	a15-05	API デッキビルダー — ユーザー情報変更	7	shared_update_table,shared_external	dtb_player	dtb_player	API,メール
f06-09	F06-09（お気に入り商品一覧）	a17-03	API その他 — PointGranterAPI連携	7	shared_update_table,shared_external	dtb_player	dtb_player	API,バッチ
f06-09	F06-09（お気に入り商品一覧）	b05-09	バッチ 受注管理 — スマレジ取引連携エラー再連携	7	shared_update_table,shared_external	dtb_player	dtb_player	API,バッチ
f06-10	F06-10（ポイント履歴）	a05-04	API 受注管理 — スマレジ受信処理（ポイント履歴取得）	8	shared_update_table,shared_external	dtb_player,dtb_point_history	dtb_player,dtb_point_history	API
f06-10	F06-10（ポイント履歴）	a17-03	API その他 — PointGranterAPI連携	8	shared_update_table,shared_external	dtb_player,dtb_point_history	dtb_customer,dtb_player,dtb_point_history	API,バッチ
f06-10	F06-10（ポイント履歴）	b05-09	バッチ 受注管理 — スマレジ取引連携エラー再連携	8	shared_update_table,shared_external	dtb_player,dtb_point_history	dtb_player,dtb_point_history	API,バッチ
f06-10	F06-10（ポイント履歴）	b08-02	バッチ 会員管理 — ポイント失効	8	shared_update_table,shared_external	dtb_player,dtb_point_history	dtb_player,dtb_point_history	API,バッチ
f06-10	F06-10（ポイント履歴）	b08-03	バッチ 会員管理 — ポイント有効期限通知	8	shared_update_table,shared_external	dtb_player,dtb_point_history	dtb_player,dtb_point_history	API,バッチ
f06-10	F06-10（ポイント履歴）	b08-05	バッチ 会員管理 — ポイント差分発生通知	8	shared_update_table,shared_external	dtb_player,dtb_point_history	dtb_customer,dtb_player,dtb_point_history	API,バッチ
f06-10	F06-10（ポイント履歴）	f06-01	F06-01（仮会員登録）	8	shared_update_table,shared_external,same_domain	dtb_player	dtb_customer,dtb_player	API,バッチ
f06-10	F06-10（ポイント履歴）	f06-02	会員 — 本会員登録（アクティベート）	8	shared_update_table,shared_external,same_domain	dtb_player	dtb_customer,dtb_player	API,バッチ
f06-10	F06-10（ポイント履歴）	f06-09	F06-09（お気に入り商品一覧）	8	shared_update_table,shared_external,same_domain	dtb_player	dtb_player	API,バッチ
f06-10	F06-10（ポイント履歴）	f06-13	会員 — オンライン本人確認	8	shared_update_table,shared_external,same_domain	dtb_player	dtb_player	API,バッチ
f06-10	F06-10（ポイント履歴）	f06-17	F06-17（大会に登録するデッキの確認・登録）	8	shared_update_table,shared_external,same_domain	dtb_player	dtb_player	API,バッチ
f06-10	F06-10（ポイント履歴）	f06-18	F06-18（会員情報変更）	8	shared_update_table,shared_external,same_domain	dtb_player	dtb_customer,dtb_player	API,バッチ
f06-11	F06-11（買取履歴一覧）	a07-05	API ネット買取管理 — ネット買取注文の査定終了処理	7	shared_db_table,shared_external		dtb_buy_main_card,dtb_buy_order,dtb_buy_order_indivisual_input_product	API
f06-11	F06-11（買取履歴一覧）	f06-12	F06-12（買取履歴詳細）	7	shared_db_table,shared_external,same_domain		dtb_buy_main_card,dtb_buy_order	API,バッチ
f06-11	F06-11（買取履歴一覧）	m07-01	m07-01_admin_online_purchase_purchase_online_search_list（ネット買取管理_買取検索一覧）	7	shared_db_table,shared_external		dtb_buy_main_card,dtb_buy_order,dtb_buy_order_indivisual_input_product	API,バッチ
f06-11	F06-11（買取履歴一覧）	m07-02	m07-02_admin_online_purchase_purchase_online_old_goods_ledger_csv_export（管理画面_ネット買取管理_古物台帳入力用CSV出力）	7	shared_db_table,shared_external		dtb_buy_main_card,dtb_buy_order,dtb_buy_order_indivisual_input_product	API,バッチ
f06-11	F06-11（買取履歴一覧）	m07-03	ネット買取管理 — 買取情報編集（買取詳細）	7	shared_db_table,shared_external		dtb_buy_main_card,dtb_buy_order,dtb_buy_order_indivisual_input_product	API,バッチ
f06-11	F06-11（買取履歴一覧）	m07-06	m07-06_admin_online_purchase_purchase_online_product_list_csv_export（管理画面_ネット買取管理_買取商品一覧CSV出力）	7	shared_db_table,shared_external		dtb_buy_main_card,dtb_buy_order,dtb_buy_order_indivisual_input_product	API,バッチ
f06-11	F06-11（買取履歴一覧）	m07-07	M07-07（買取商品（キャンセル）CSV）	7	shared_db_table,shared_external		dtb_buy_main_card,dtb_buy_order,dtb_buy_order_indivisual_input_product	API,バッチ
f06-11	F06-11（買取履歴一覧）	o01-02	o01-02_other_mtg_buyer_mtg_buyer_online_purchase（その他_MTGバイヤー_ネット買取）	7	shared_db_table,shared_external		dtb_buy_main_card,dtb_buy_order,dtb_buy_order_indivisual_input_product	API,バッチ
f06-11	F06-11（買取履歴一覧）	f05-06	F05-06（ネット買取買取手続き〜完了）	6	shared_db_table,shared_external		dtb_buy_main_card,dtb_buy_order	API,バッチ
f06-11	F06-11（買取履歴一覧）	a07-02	API ネット買取管理 — ネット買取受注一覧取得	5	shared_db_table,shared_external		dtb_buy_order	API
f06-11	F06-11（買取履歴一覧）	a07-03	API ネット買取管理 — ネット買取受注コメント更新	5	shared_db_table,shared_external		dtb_buy_order	API
f06-11	F06-11（買取履歴一覧）	a07-04	API ネット買取管理 — ネット買取受注ステータス更新	5	shared_db_table,shared_external		dtb_buy_order	API
f06-12	F06-12（買取履歴詳細）	a07-04	API ネット買取管理 — ネット買取受注ステータス更新	7	shared_db_table,shared_external		dtb_buy_order,dtb_buy_order_status_history,dtb_buy_order_status_histry	API
f06-12	F06-12（買取履歴詳細）	a07-05	API ネット買取管理 — ネット買取注文の査定終了処理	7	shared_db_table,shared_external		dtb_buy_main_card,dtb_buy_order,dtb_buy_order_status_history,dtb_buy_order_status_histry	API
f06-12	F06-12（買取履歴詳細）	f06-11	F06-11（買取履歴一覧）	7	shared_db_table,shared_external,same_domain		dtb_buy_main_card,dtb_buy_order	API,バッチ
f06-12	F06-12（買取履歴詳細）	m07-01	m07-01_admin_online_purchase_purchase_online_search_list（ネット買取管理_買取検索一覧）	7	shared_db_table,shared_external		dtb_buy_main_card,dtb_buy_order,dtb_buy_order_status_histry	API,バッチ
f06-12	F06-12（買取履歴詳細）	m07-03	ネット買取管理 — 買取情報編集（買取詳細）	7	shared_db_table,shared_external		dtb_buy_main_card,dtb_buy_order,dtb_buy_order_status_histry	API,バッチ,メール
f06-12	F06-12（買取履歴詳細）	m07-06	m07-06_admin_online_purchase_purchase_online_product_list_csv_export（管理画面_ネット買取管理_買取商品一覧CSV出力）	7	shared_db_table,shared_external		dtb_buy_main_card,dtb_buy_order,dtb_buy_order_status_histry	API,バッチ
f06-12	F06-12（買取履歴詳細）	o01-02	o01-02_other_mtg_buyer_mtg_buyer_online_purchase（その他_MTGバイヤー_ネット買取）	7	shared_db_table,shared_external		dtb_buy_main_card,dtb_buy_order,dtb_buy_order_status_history	API,バッチ
f06-12	F06-12（買取履歴詳細）	f05-06	F05-06（ネット買取買取手続き〜完了）	6	shared_db_table,shared_external		dtb_buy_main_card,dtb_buy_order	API,バッチ,メール
f06-12	F06-12（買取履歴詳細）	m07-02	m07-02_admin_online_purchase_purchase_online_old_goods_ledger_csv_export（管理画面_ネット買取管理_古物台帳入力用CSV出力）	6	shared_db_table,shared_external		dtb_buy_main_card,dtb_buy_order	API,バッチ
f06-12	F06-12（買取履歴詳細）	m07-07	M07-07（買取商品（キャンセル）CSV）	6	shared_db_table,shared_external		dtb_buy_main_card,dtb_buy_order	API,バッチ,メール
f06-12	F06-12（買取履歴詳細）	a07-02	API ネット買取管理 — ネット買取受注一覧取得	5	shared_db_table,shared_external		dtb_buy_order	API
f06-12	F06-12（買取履歴詳細）	a07-03	API ネット買取管理 — ネット買取受注コメント更新	5	shared_db_table,shared_external		dtb_buy_order	API
f06-13	会員 — オンライン本人確認	f06-01	F06-01（仮会員登録）	8	shared_update_table,shared_external,same_domain	dtb_player	dtb_player	API,バッチ,メール
f06-13	会員 — オンライン本人確認	f06-02	会員 — 本会員登録（アクティベート）	8	shared_update_table,shared_external,same_domain	dtb_player	dtb_player	API,バッチ,メール
f06-13	会員 — オンライン本人確認	f06-09	F06-09（お気に入り商品一覧）	8	shared_update_table,shared_external,same_domain	dtb_player	dtb_player	API,バッチ,メール
f06-13	会員 — オンライン本人確認	f06-10	F06-10（ポイント履歴）	8	shared_update_table,shared_external,same_domain	dtb_player	dtb_player	API,バッチ
f06-13	会員 — オンライン本人確認	f06-17	F06-17（大会に登録するデッキの確認・登録）	8	shared_update_table,shared_external,same_domain	dtb_player	dtb_player	API,バッチ,メール
f06-13	会員 — オンライン本人確認	f06-18	F06-18（会員情報変更）	8	shared_update_table,shared_external,same_domain	dtb_player	dtb_player	API,バッチ,メール
f06-13	会員 — オンライン本人確認	f06-21	会員 — 退会（退会手続き）	8	shared_update_table,shared_external,same_domain	dtb_player	dtb_player	API,バッチ,メール
f06-13	会員 — オンライン本人確認	f06-26	F06-26（店頭PC用アカウントで通常会員と異なる制御）	8	shared_update_table,shared_external,same_domain	dtb_player	dtb_player	API,バッチ
f06-13	会員 — オンライン本人確認	m08-10	M08-10（オンライン本人確認）	8	shared_update_table,shared_external	dtb_identification_image,dtb_player	dtb_identification_image,dtb_player	API,バッチ
f06-13	会員 — オンライン本人確認	a05-04	API 受注管理 — スマレジ受信処理（ポイント履歴取得）	7	shared_update_table,shared_external	dtb_player	dtb_player	API
f06-13	会員 — オンライン本人確認	a15-05	API デッキビルダー — ユーザー情報変更	7	shared_update_table,shared_external	dtb_player	dtb_player	API,メール
f06-13	会員 — オンライン本人確認	a17-03	API その他 — PointGranterAPI連携	7	shared_update_table,shared_external	dtb_player	dtb_player	API,バッチ
f06-14	F06-14（予約済み大会一覧）	f06-16	F06-16（大会デッキ登録編集）	7	shared_db_table,shared_external,same_domain		dtb_event_detail,dtb_player	API,バッチ
f06-14	F06-14（予約済み大会一覧）	f07-03	F07-03（大会詳細）	7	shared_db_table,shared_external		dtb_event,dtb_event_detail,dtb_event_entry,mtb_entry_status	API,バッチ
f06-14	F06-14（予約済み大会一覧）	f07-04	F07-04（大会申込～完了）	7	shared_db_table,shared_external		dtb_entry_player,dtb_event,dtb_event_detail,dtb_event_entry,dtb_player,mtb_entry_status	API,バッチ
f06-14	F06-14（予約済み大会一覧）	m13-02	M13-02（イベント編集/削除）	7	shared_db_table,shared_external		dtb_event,dtb_event_detail,dtb_event_entry	API,バッチ
f06-14	F06-14（予約済み大会一覧）	m13-06	M13-06（イベント申込検索）	7	shared_db_table,shared_external		dtb_entry_player,dtb_event,dtb_event_detail,dtb_event_entry	API,バッチ
f06-14	F06-14（予約済み大会一覧）	f06-01	F06-01（仮会員登録）	6	shared_db_table,shared_external,same_domain		dtb_player	API,バッチ
f06-14	F06-14（予約済み大会一覧）	f06-02	会員 — 本会員登録（アクティベート）	6	shared_db_table,shared_external,same_domain		dtb_player	API,バッチ
f06-14	F06-14（予約済み大会一覧）	f06-05	F06-05（マイページ）	6	shared_db_table,shared_external,same_domain		dtb_player	API,バッチ
f06-14	F06-14（予約済み大会一覧）	f06-08	F06-08（入荷待ち商品一覧）	6	shared_db_table,shared_external,same_domain		dtb_player	API,バッチ
f06-14	F06-14（予約済み大会一覧）	f06-09	F06-09（お気に入り商品一覧）	6	shared_db_table,shared_external,same_domain		dtb_player	API,バッチ
f06-14	F06-14（予約済み大会一覧）	f06-10	F06-10（ポイント履歴）	6	shared_db_table,shared_external,same_domain		dtb_player	API,バッチ
f06-14	F06-14（予約済み大会一覧）	f06-13	会員 — オンライン本人確認	6	shared_db_table,shared_external,same_domain		dtb_player	API,バッチ
f06-16	F06-16（大会デッキ登録編集）	f06-17	F06-17（大会に登録するデッキの確認・登録）	9	shared_update_table,shared_external,same_domain	dtb_deck,dtb_deck_card	dtb_deck,dtb_deck_card,dtb_player,mtb_board	API,バッチ,メール
f06-16	F06-16（大会デッキ登録編集）	a15-09	API デッキビルダー — デッキ情報登録	8	shared_update_table,shared_external	dtb_deck,dtb_deck_card	dtb_deck,dtb_deck_card	API
f06-16	F06-16（大会デッキ登録編集）	a15-10	API デッキビルダー — デッキ情報更新	8	shared_update_table,shared_external	dtb_deck,dtb_deck_card	dtb_deck,dtb_deck_card	API,バッチ
f06-16	F06-16（大会デッキ登録編集）	a15-17	API デッキビルダー — デッキ登録インポート	8	shared_update_table,shared_external	dtb_deck,dtb_deck_card	dtb_deck,dtb_deck_card,dtb_player	API
f06-16	F06-16（大会デッキ登録編集）	a15-18	API デッキビルダー — デッキ更新インポート	8	shared_update_table,shared_external	dtb_deck,dtb_deck_card	dtb_deck,dtb_deck_card,dtb_player	API
f06-16	F06-16（大会デッキ登録編集）	m13-06	M13-06（イベント申込検索）	8	shared_update_table,shared_external	dtb_deck,dtb_event_detail	dtb_deck,dtb_event_detail	API,バッチ
f06-16	F06-16（大会デッキ登録編集）	m13-08	M13-08（デッキ表示）	8	shared_update_table,shared_external	dtb_deck,dtb_event_detail	dtb_deck,dtb_event_detail	API,バッチ
f06-16	F06-16（大会デッキ登録編集）	m15-03	デッキ管理 — 一括削除	8	shared_update_table,shared_external	dtb_deck,dtb_deck_card	dtb_deck,dtb_deck_card	API,バッチ
f06-16	F06-16（大会デッキ登録編集）	m15-05	デッキ管理 — 新規登録・編集・削除・複製	8	shared_update_table,shared_external	dtb_deck,dtb_deck_card	dtb_deck,dtb_deck_card	API,バッチ
f06-16	F06-16（大会デッキ登録編集）	m15-06	デッキ管理 — デッキ登録 CSV（取込）	8	shared_update_table,shared_external	dtb_deck,dtb_deck_card	dtb_deck,dtb_deck_card	API,バッチ
f06-16	F06-16（大会デッキ登録編集）	a15-11	API デッキビルダー — デッキ情報削除	7	shared_update_table,shared_external	dtb_deck	dtb_deck	API
f06-16	F06-16（大会デッキ登録編集）	a15-12	API デッキビルダー — デッキ情報参照	7	shared_update_table,shared_external	dtb_deck	dtb_deck,dtb_deck_card	API
f06-17	F06-17（大会に登録するデッキの確認・登録）	f06-16	F06-16（大会デッキ登録編集）	9	shared_update_table,shared_external,same_domain	dtb_deck,dtb_deck_card	dtb_deck,dtb_deck_card,dtb_player,mtb_board	API,バッチ,メール
f06-17	F06-17（大会に登録するデッキの確認・登録）	a15-09	API デッキビルダー — デッキ情報登録	8	shared_update_table,shared_external	dtb_deck,dtb_deck_card	dtb_deck,dtb_deck_card	API
f06-17	F06-17（大会に登録するデッキの確認・登録）	a15-10	API デッキビルダー — デッキ情報更新	8	shared_update_table,shared_external	dtb_deck,dtb_deck_card	dtb_deck,dtb_deck_card	API,バッチ
f06-17	F06-17（大会に登録するデッキの確認・登録）	a15-17	API デッキビルダー — デッキ登録インポート	8	shared_update_table,shared_external	dtb_deck,dtb_deck_card	dtb_deck,dtb_deck_card,dtb_player,mtb_format	API
f06-17	F06-17（大会に登録するデッキの確認・登録）	a15-18	API デッキビルダー — デッキ更新インポート	8	shared_update_table,shared_external	dtb_deck,dtb_deck_card	dtb_deck,dtb_deck_card,dtb_player,mtb_format	API
f06-17	F06-17（大会に登録するデッキの確認・登録）	f06-01	F06-01（仮会員登録）	8	shared_update_table,shared_external,same_domain	dtb_player	dtb_player	API,バッチ,メール
f06-17	F06-17（大会に登録するデッキの確認・登録）	f06-02	会員 — 本会員登録（アクティベート）	8	shared_update_table,shared_external,same_domain	dtb_player	dtb_player	API,バッチ,メール
f06-17	F06-17（大会に登録するデッキの確認・登録）	f06-09	F06-09（お気に入り商品一覧）	8	shared_update_table,shared_external,same_domain	dtb_player	dtb_player	API,バッチ,メール
f06-17	F06-17（大会に登録するデッキの確認・登録）	f06-10	F06-10（ポイント履歴）	8	shared_update_table,shared_external,same_domain	dtb_player	dtb_player	API,バッチ
f06-17	F06-17（大会に登録するデッキの確認・登録）	f06-13	会員 — オンライン本人確認	8	shared_update_table,shared_external,same_domain	dtb_player	dtb_player	API,バッチ,メール
f06-17	F06-17（大会に登録するデッキの確認・登録）	f06-18	F06-18（会員情報変更）	8	shared_update_table,shared_external,same_domain	dtb_player	dtb_player	API,バッチ,メール
f06-17	F06-17（大会に登録するデッキの確認・登録）	f06-21	会員 — 退会（退会手続き）	8	shared_update_table,shared_external,same_domain	dtb_player	dtb_player	API,バッチ,メール
f06-18	F06-18（会員情報変更）	f06-01	F06-01（仮会員登録）	9	shared_update_table,shared_external,same_domain	dtb_customer,dtb_player	dtb_customer,dtb_player	API,スマレジ,バッチ,メール,支店
f06-18	F06-18（会員情報変更）	f06-02	会員 — 本会員登録（アクティベート）	9	shared_update_table,shared_external,same_domain	dtb_customer,dtb_player	dtb_customer,dtb_player	API,スマレジ,バッチ,メール,支店
f06-18	F06-18（会員情報変更）	f06-21	会員 — 退会（退会手続き）	9	shared_update_table,shared_external,same_domain	dtb_customer,dtb_player	dtb_customer,dtb_player	API,スマレジ,バッチ,メール,支店
f06-18	F06-18（会員情報変更）	m08-04	M08-04（会員登録/編集）	9	shared_update_table,shared_external	dtb_customer,dtb_customer_address,dtb_player	dtb_customer,dtb_customer_address,dtb_player	API,スマレジ,バッチ,メール
f06-18	F06-18（会員情報変更）	a17-03	API その他 — PointGranterAPI連携	8	shared_update_table,shared_external	dtb_customer,dtb_player	dtb_customer,dtb_player	API,スマレジ,バッチ
f06-18	F06-18（会員情報変更）	f06-03	F06-03（本店・支店で会員ログイン）	8	shared_update_table,shared_external,same_domain	dtb_customer	dtb_customer	API,バッチ,メール,支店
f06-18	F06-18（会員情報変更）	f06-04	会員 — パスワード変更（パスワード再発行・再設定）	8	shared_update_table,shared_external,same_domain	dtb_customer	dtb_customer	API,バッチ,メール
f06-18	F06-18（会員情報変更）	f06-09	F06-09（お気に入り商品一覧）	8	shared_update_table,shared_external,same_domain	dtb_player	dtb_player	API,バッチ,メール
f06-18	F06-18（会員情報変更）	f06-10	F06-10（ポイント履歴）	8	shared_update_table,shared_external,same_domain	dtb_player	dtb_customer,dtb_player	API,バッチ
f06-18	F06-18（会員情報変更）	f06-13	会員 — オンライン本人確認	8	shared_update_table,shared_external,same_domain	dtb_player	dtb_player	API,バッチ,メール
f06-18	F06-18（会員情報変更）	f06-17	F06-17（大会に登録するデッキの確認・登録）	8	shared_update_table,shared_external,same_domain	dtb_player	dtb_player	API,バッチ,メール
f06-18	F06-18（会員情報変更）	f06-20	F06-20（会員の配送先登録・編集）	8	shared_update_table,shared_external,same_domain	dtb_customer_address	dtb_customer_address	API,バッチ
f06-20	F06-20（会員の配送先登録・編集）	f04-03	F04-03（注文時の配送先登録・変更）	8	shared_update_table,shared_external	dtb_customer_address,dtb_customer_address_sub	dtb_customer_address,dtb_customer_address_sub	API,バッチ
f06-20	F06-20（会員の配送先登録・編集）	f06-18	F06-18（会員情報変更）	8	shared_update_table,shared_external,same_domain	dtb_customer_address	dtb_customer_address	API,バッチ
f06-20	F06-20（会員の配送先登録・編集）	m08-09	会員管理 — 配送先一覧表示/編集	8	shared_update_table,shared_external	dtb_customer_address,dtb_customer_address_sub	dtb_customer_address,dtb_customer_address_sub	API,バッチ
f06-20	F06-20（会員の配送先登録・編集）	f04-02	F04-02（ご注文方法指定 — 注文情報の入力・確認・注文）	7	shared_update_table,shared_external	dtb_customer_address	dtb_customer_address	API,バッチ
f06-20	F06-20（会員の配送先登録・編集）	m08-04	M08-04（会員登録/編集）	7	shared_update_table,shared_external	dtb_customer_address	dtb_customer_address	API,バッチ
f06-21	会員 — 退会（退会手続き）	f06-01	F06-01（仮会員登録）	9	shared_update_table,shared_external,same_domain	dtb_customer,dtb_player	dtb_customer,dtb_player	API,スマレジ,バッチ,メール,支店
f06-21	会員 — 退会（退会手続き）	f06-02	会員 — 本会員登録（アクティベート）	9	shared_update_table,shared_external,same_domain	dtb_customer,dtb_player	dtb_customer,dtb_player	API,スマレジ,バッチ,メール,支店
f06-21	会員 — 退会（退会手続き）	f06-18	F06-18（会員情報変更）	9	shared_update_table,shared_external,same_domain	dtb_customer,dtb_player	dtb_customer,dtb_player	API,スマレジ,バッチ,メール,支店
f06-21	会員 — 退会（退会手続き）	a17-03	API その他 — PointGranterAPI連携	8	shared_update_table,shared_external	dtb_customer,dtb_player	dtb_customer,dtb_player	API,スマレジ,バッチ
f06-21	会員 — 退会（退会手続き）	f06-03	F06-03（本店・支店で会員ログイン）	8	shared_update_table,shared_external,same_domain	dtb_customer	dtb_customer	API,バッチ,メール,支店
f06-21	会員 — 退会（退会手続き）	f06-04	会員 — パスワード変更（パスワード再発行・再設定）	8	shared_update_table,shared_external,same_domain	dtb_customer	dtb_customer	API,バッチ,メール
f06-21	会員 — 退会（退会手続き）	f06-09	F06-09（お気に入り商品一覧）	8	shared_update_table,shared_external,same_domain	dtb_player	dtb_player	API,バッチ,メール
f06-21	会員 — 退会（退会手続き）	f06-10	F06-10（ポイント履歴）	8	shared_update_table,shared_external,same_domain	dtb_player	dtb_customer,dtb_player	API,バッチ
f06-21	会員 — 退会（退会手続き）	f06-13	会員 — オンライン本人確認	8	shared_update_table,shared_external,same_domain	dtb_player	dtb_player	API,バッチ,メール
f06-21	会員 — 退会（退会手続き）	f06-17	F06-17（大会に登録するデッキの確認・登録）	8	shared_update_table,shared_external,same_domain	dtb_player	dtb_player	API,バッチ,メール
f06-21	会員 — 退会（退会手続き）	f06-26	F06-26（店頭PC用アカウントで通常会員と異なる制御）	8	shared_update_table,shared_external,same_domain	dtb_player	dtb_player	API,バッチ,支店
f06-21	会員 — 退会（退会手続き）	m08-04	M08-04（会員登録/編集）	8	shared_update_table,shared_external	dtb_customer,dtb_player	dtb_customer,dtb_player	API,スマレジ,バッチ,メール
f06-22	F06-22（お問い合わせ送信）	f06-23	会員 — お問い合わせ履歴（一覧・詳細）	5	shared_db_table,shared_external		dtb_contact	API,バッチ
f06-22	F06-22（お問い合わせ送信）	f06-24	会員 — お問い合わせ履歴（一覧・詳細）	5	shared_db_table,shared_external		dtb_contact	API,バッチ
f06-23	会員 — お問い合わせ履歴（一覧・詳細）	f06-24	会員 — お問い合わせ履歴（一覧・詳細）	15	direct_ref,reverse_ref,shared_db_table,shared_external,same_domain		dtb_contact	API,バッチ
f06-23	会員 — お問い合わせ履歴（一覧・詳細）	f06-22	F06-22（お問い合わせ送信）	5	shared_db_table,shared_external		dtb_contact	API,バッチ
f06-24	会員 — お問い合わせ履歴（一覧・詳細）	f06-23	会員 — お問い合わせ履歴（一覧・詳細）	15	direct_ref,reverse_ref,shared_db_table,shared_external,same_domain		dtb_contact	API,バッチ
f06-24	会員 — お問い合わせ履歴（一覧・詳細）	f06-22	F06-22（お問い合わせ送信）	5	shared_db_table,shared_external		dtb_contact	API,バッチ
f06-25	F06-25（店頭モニターに受注管理から登録した番号札を表示）	f06-26	F06-26（店頭PC用アカウントで通常会員と異なる制御）	8	shared_update_table,shared_external,same_domain	dtb_waiting_number	dtb_waiting_number	API,バッチ
f06-25	F06-25（店頭モニターに受注管理から登録した番号札を表示）	a05-01	API 受注管理 — 注文印刷（印刷情報送信・印刷済み更新）	7	shared_update_table,shared_external	dtb_order	dtb_order	API
f06-25	F06-25（店頭モニターに受注管理から登録した番号札を表示）	a05-02	API 受注管理 — 注文印刷（印刷情報送信・印刷済み更新）	7	shared_update_table,shared_external	dtb_order	dtb_order	API
f06-25	F06-25（店頭モニターに受注管理から登録した番号札を表示）	a05-03	API 受注管理 — 店頭注文番号取得	7	shared_db_table,shared_external		dtb_order,dtb_waiting_number,dtb_waiting_tag	API,バッチ
f06-25	F06-25（店頭モニターに受注管理から登録した番号札を表示）	b02-06	バッチ 商品管理 — 在庫初期化	7	shared_update_table,shared_external	dtb_order	dtb_order	API,バッチ
f06-25	F06-25（店頭モニターに受注管理から登録した番号札を表示）	b05-01	バッチ 受注管理 — 注文番号登録	7	shared_update_table,shared_external	dtb_order	dtb_order	API,バッチ
f06-25	F06-25（店頭モニターに受注管理から登録した番号札を表示）	b05-02	バッチ 受注管理 — 購入完了手続き再処理	7	shared_update_table,shared_external	dtb_order	dtb_order	API,バッチ
f06-25	F06-25（店頭モニターに受注管理から登録した番号札を表示）	b05-03	バッチ 受注管理 — 店頭注文番号初期化	7	shared_update_table,shared_external	dtb_waiting_number	dtb_order,dtb_waiting_number,dtb_waiting_number_counter	API,バッチ
f06-25	F06-25（店頭モニターに受注管理から登録した番号札を表示）	b05-04	バッチ 受注管理 — スマレジ商品再連携	7	shared_update_table,shared_external	dtb_order	dtb_order	API,バッチ
f06-25	F06-25（店頭モニターに受注管理から登録した番号札を表示）	b05-05	バッチ 受注管理 — スマレジ商品削除	7	shared_update_table,shared_external	dtb_order	dtb_order	API,バッチ
f06-25	F06-25（店頭モニターに受注管理から登録した番号札を表示）	b08-06	バッチ 会員管理 — スマレジ使用ポイント連携	7	shared_update_table,shared_external	dtb_order	dtb_order	API,バッチ
f06-25	F06-25（店頭モニターに受注管理から登録した番号札を表示）	f04-02	F04-02（ご注文方法指定 — 注文情報の入力・確認・注文）	7	shared_update_table,shared_external	dtb_order	dtb_order	API,バッチ
f06-26	F06-26（店頭PC用アカウントで通常会員と異なる制御）	a05-04	API 受注管理 — スマレジ受信処理（ポイント履歴取得）	8	shared_update_table,shared_external	dtb_player,mtb_option	dtb_player,mtb_option	API,支店
f06-26	F06-26（店頭PC用アカウントで通常会員と異なる制御）	f06-01	F06-01（仮会員登録）	8	shared_update_table,shared_external,same_domain	dtb_player	dtb_player	API,バッチ,支店
f06-26	F06-26（店頭PC用アカウントで通常会員と異なる制御）	f06-02	会員 — 本会員登録（アクティベート）	8	shared_update_table,shared_external,same_domain	dtb_player	dtb_player	API,バッチ,支店
f06-26	F06-26（店頭PC用アカウントで通常会員と異なる制御）	f06-09	F06-09（お気に入り商品一覧）	8	shared_update_table,shared_external,same_domain	dtb_player	dtb_player	API,バッチ
f06-26	F06-26（店頭PC用アカウントで通常会員と異なる制御）	f06-10	F06-10（ポイント履歴）	8	shared_update_table,shared_external,same_domain	dtb_player	dtb_player	API,バッチ
f06-26	F06-26（店頭PC用アカウントで通常会員と異なる制御）	f06-13	会員 — オンライン本人確認	8	shared_update_table,shared_external,same_domain	dtb_player	dtb_player	API,バッチ
f06-26	F06-26（店頭PC用アカウントで通常会員と異なる制御）	f06-17	F06-17（大会に登録するデッキの確認・登録）	8	shared_update_table,shared_external,same_domain	dtb_player	dtb_player	API,バッチ
f06-26	F06-26（店頭PC用アカウントで通常会員と異なる制御）	f06-18	F06-18（会員情報変更）	8	shared_update_table,shared_external,same_domain	dtb_player	dtb_player	API,バッチ,支店
f06-26	F06-26（店頭PC用アカウントで通常会員と異なる制御）	f06-21	会員 — 退会（退会手続き）	8	shared_update_table,shared_external,same_domain	dtb_player	dtb_player	API,バッチ,支店
f06-26	F06-26（店頭PC用アカウントで通常会員と異なる制御）	f06-25	F06-25（店頭モニターに受注管理から登録した番号札を表示）	8	shared_update_table,shared_external,same_domain	dtb_waiting_number	dtb_waiting_number	API,バッチ
f06-26	F06-26（店頭PC用アカウントで通常会員と異なる制御）	a07-01	API ネット買取管理 — まとめて買取商品IDの取得	7	shared_update_table,shared_external	mtb_option	mtb_option	API
f06-26	F06-26（店頭PC用アカウントで通常会員と異なる制御）	a15-05	API デッキビルダー — ユーザー情報変更	7	shared_update_table,shared_external	dtb_player	dtb_player	API
f07-01	F07-01（イベント大会TOP）	f07-03	F07-03（大会詳細）	18	direct_ref,reverse_ref,shared_update_table,shared_external,same_domain	dtb_event,dtb_event_detail	dtb_event,dtb_event_detail	API,バッチ
f07-01	F07-01（イベント大会TOP）	f07-04	F07-04（大会申込～完了）	18	direct_ref,reverse_ref,shared_update_table,shared_external,same_domain	dtb_event,dtb_event_detail	dtb_event,dtb_event_detail	API,バッチ
f07-01	F07-01（イベント大会TOP）	f07-02	F07-02（大会詳細検索）	17	direct_ref,reverse_ref,shared_db_table,shared_external,same_domain		dtb_event,dtb_event_detail,mtb_venue	API,バッチ
f07-01	F07-01（イベント大会TOP）	m13-02	M13-02（イベント編集/削除）	10	shared_update_table,shared_external,same_domain_cross_layer	dtb_event,dtb_event_detail	dtb_event,dtb_event_detail	API,バッチ
f07-01	F07-01（イベント大会TOP）	m13-05	M13-05（複製新規）	10	shared_update_table,shared_external,same_domain_cross_layer	dtb_event,dtb_event_detail	dtb_event,dtb_event_detail	API,バッチ
f07-01	F07-01（イベント大会TOP）	m13-06	M13-06（イベント申込検索）	10	shared_update_table,shared_external,same_domain_cross_layer	dtb_event,dtb_event_detail	dtb_event,dtb_event_detail	API,バッチ
f07-01	F07-01（イベント大会TOP）	m13-08	M13-08（デッキ表示）	10	shared_update_table,shared_external,same_domain_cross_layer	dtb_event,dtb_event_detail	dtb_event,dtb_event_detail	API,バッチ
f07-01	F07-01（イベント大会TOP）	m13-11	イベント管理 — イベント申込登録検索	10	shared_update_table,shared_external,same_domain_cross_layer	dtb_event,dtb_event_detail	dtb_event,dtb_event_detail	API,バッチ
f07-01	F07-01（イベント大会TOP）	m13-01	M13-01（イベント一覧検索）	9	shared_update_table,shared_external,same_domain_cross_layer	dtb_event	dtb_event,dtb_event_detail	API,バッチ
f07-01	F07-01（イベント大会TOP）	m13-03	イベント管理 — 日程追加	9	shared_update_table,shared_external,same_domain_cross_layer	dtb_event_detail	dtb_event_detail	API,バッチ
f07-01	F07-01（イベント大会TOP）	m13-04	イベント管理 — 繰り返し日程登録	9	shared_update_table,shared_external,same_domain_cross_layer	dtb_event_detail	dtb_event_detail	API,バッチ
f07-01	F07-01（イベント大会TOP）	m13-13	M13-13（イベント申込一括CSV登録）	8	shared_update_table,same_domain_cross_layer	dtb_event,dtb_event_detail	dtb_event,dtb_event_detail	
f07-02	F07-02（大会詳細検索）	f07-01	F07-01（イベント大会TOP）	17	direct_ref,reverse_ref,shared_db_table,shared_external,same_domain		dtb_event,dtb_event_detail,mtb_venue	API,バッチ
f07-02	F07-02（大会詳細検索）	f07-03	F07-03（大会詳細）	16	direct_ref,reverse_ref,shared_db_table,shared_external,same_domain		dtb_event,dtb_event_detail	API,バッチ
f07-02	F07-02（大会詳細検索）	f07-04	F07-04（大会申込～完了）	16	direct_ref,reverse_ref,shared_db_table,shared_external,same_domain		dtb_event,dtb_event_detail	API,バッチ
f07-02	F07-02（大会詳細検索）	m13-01	M13-01（イベント一覧検索）	8	shared_db_table,shared_external,same_domain_cross_layer		dtb_event,dtb_event_detail	API,バッチ
f07-02	F07-02（大会詳細検索）	m13-02	M13-02（イベント編集/削除）	8	shared_db_table,shared_external,same_domain_cross_layer		dtb_event,dtb_event_detail	API,バッチ
f07-02	F07-02（大会詳細検索）	m13-05	M13-05（複製新規）	8	shared_db_table,shared_external,same_domain_cross_layer		dtb_event,dtb_event_detail	API,バッチ
f07-02	F07-02（大会詳細検索）	m13-06	M13-06（イベント申込検索）	8	shared_db_table,shared_external,same_domain_cross_layer		dtb_event,dtb_event_detail	API,バッチ
f07-02	F07-02（大会詳細検索）	m13-08	M13-08（デッキ表示）	8	shared_db_table,shared_external,same_domain_cross_layer		dtb_event,dtb_event_detail	API,バッチ
f07-02	F07-02（大会詳細検索）	m13-11	イベント管理 — イベント申込登録検索	8	shared_db_table,shared_external,same_domain_cross_layer		dtb_event,dtb_event_detail	API,バッチ
f07-02	F07-02（大会詳細検索）	m13-03	イベント管理 — 日程追加	7	shared_db_table,shared_external,same_domain_cross_layer		dtb_event_detail	API,バッチ
f07-02	F07-02（大会詳細検索）	m13-04	イベント管理 — 繰り返し日程登録	7	shared_db_table,shared_external,same_domain_cross_layer		dtb_event_detail	API,バッチ
f07-02	F07-02（大会詳細検索）	f06-14	F06-14（予約済み大会一覧）	6	shared_db_table,shared_external		dtb_event,dtb_event_detail	API,バッチ
f07-03	F07-03（大会詳細）	f07-01	F07-01（イベント大会TOP）	18	direct_ref,reverse_ref,shared_update_table,shared_external,same_domain	dtb_event,dtb_event_detail	dtb_event,dtb_event_detail	API,バッチ
f07-03	F07-03（大会詳細）	f07-04	F07-04（大会申込～完了）	18	direct_ref,reverse_ref,shared_update_table,shared_external,same_domain	dtb_event,dtb_event_detail	dtb_event,dtb_event_detail,dtb_event_entry,mtb_entry_status	API,バッチ
f07-03	F07-03（大会詳細）	f07-02	F07-02（大会詳細検索）	16	direct_ref,reverse_ref,shared_db_table,shared_external,same_domain		dtb_event,dtb_event_detail	API,バッチ
f07-03	F07-03（大会詳細）	m13-02	M13-02（イベント編集/削除）	10	shared_update_table,shared_external,same_domain_cross_layer	dtb_event,dtb_event_detail	dtb_event,dtb_event_detail,dtb_event_entry	API,バッチ
f07-03	F07-03（大会詳細）	m13-05	M13-05（複製新規）	10	shared_update_table,shared_external,same_domain_cross_layer	dtb_event,dtb_event_detail	dtb_event,dtb_event_detail	API,バッチ
f07-03	F07-03（大会詳細）	m13-06	M13-06（イベント申込検索）	10	shared_update_table,shared_external,same_domain_cross_layer	dtb_event,dtb_event_detail	dtb_event,dtb_event_detail,dtb_event_entry	API,バッチ
f07-03	F07-03（大会詳細）	m13-08	M13-08（デッキ表示）	10	shared_update_table,shared_external,same_domain_cross_layer	dtb_event,dtb_event_detail	dtb_event,dtb_event_detail	API,バッチ
f07-03	F07-03（大会詳細）	m13-11	イベント管理 — イベント申込登録検索	10	shared_update_table,shared_external,same_domain_cross_layer	dtb_event,dtb_event_detail	dtb_event,dtb_event_detail	API,バッチ
f07-03	F07-03（大会詳細）	m13-01	M13-01（イベント一覧検索）	9	shared_update_table,shared_external,same_domain_cross_layer	dtb_event	dtb_event,dtb_event_detail	API,バッチ
f07-03	F07-03（大会詳細）	m13-03	イベント管理 — 日程追加	9	shared_update_table,shared_external,same_domain_cross_layer	dtb_event_detail	dtb_event_detail	API,バッチ
f07-03	F07-03（大会詳細）	m13-04	イベント管理 — 繰り返し日程登録	9	shared_update_table,shared_external,same_domain_cross_layer	dtb_event_detail	dtb_event_detail	API,バッチ
f07-03	F07-03（大会詳細）	m13-13	M13-13（イベント申込一括CSV登録）	8	shared_update_table,same_domain_cross_layer	dtb_event,dtb_event_detail	dtb_event,dtb_event_detail,dtb_event_entry	
f07-04	F07-04（大会申込～完了）	f07-01	F07-01（イベント大会TOP）	18	direct_ref,reverse_ref,shared_update_table,shared_external,same_domain	dtb_event,dtb_event_detail	dtb_event,dtb_event_detail	API,バッチ
f07-04	F07-04（大会申込～完了）	f07-03	F07-03（大会詳細）	18	direct_ref,reverse_ref,shared_update_table,shared_external,same_domain	dtb_event,dtb_event_detail	dtb_event,dtb_event_detail,dtb_event_entry,mtb_entry_status	API,バッチ
f07-04	F07-04（大会申込～完了）	f07-02	F07-02（大会詳細検索）	16	direct_ref,reverse_ref,shared_db_table,shared_external,same_domain		dtb_event,dtb_event_detail	API,バッチ
f07-04	F07-04（大会申込～完了）	m13-02	M13-02（イベント編集/削除）	11	shared_update_table,shared_external,same_domain_cross_layer	dtb_event,dtb_event_detail,dtb_event_entry	dtb_event,dtb_event_detail,dtb_event_entry	API,バッチ
f07-04	F07-04（大会申込～完了）	m13-06	M13-06（イベント申込検索）	11	shared_update_table,shared_external,same_domain_cross_layer	dtb_entry_player,dtb_event,dtb_event_detail,dtb_event_entry	dtb_entry_player,dtb_event,dtb_event_detail,dtb_event_entry	API,バッチ
f07-04	F07-04（大会申込～完了）	m13-05	M13-05（複製新規）	10	shared_update_table,shared_external,same_domain_cross_layer	dtb_event,dtb_event_detail	dtb_event,dtb_event_detail	API,バッチ
f07-04	F07-04（大会申込～完了）	m13-07	イベント管理 — イベント申込一括編集	10	shared_update_table,shared_external,same_domain_cross_layer	dtb_entry_history,dtb_event_entry	dtb_entry_history,dtb_event_entry	API,バッチ
f07-04	F07-04（大会申込～完了）	m13-08	M13-08（デッキ表示）	10	shared_update_table,shared_external,same_domain_cross_layer	dtb_event,dtb_event_detail	dtb_event,dtb_event_detail	API,バッチ
f07-04	F07-04（大会申込～完了）	m13-11	イベント管理 — イベント申込登録検索	10	shared_update_table,shared_external,same_domain_cross_layer	dtb_event,dtb_event_detail	dtb_event,dtb_event_detail	API,バッチ
f07-04	F07-04（大会申込～完了）	b13-01	バッチ イベント管理 — 決済処理中チェックバッチ	9	shared_update_table,shared_external,same_domain_cross_layer	dtb_event_entry	dtb_entry_history,dtb_event_entry	API,バッチ,メール
f07-04	F07-04（大会申込～完了）	b13-02	バッチ イベント管理 — コンビニ支払チェックバッチ	9	shared_update_table,shared_external,same_domain_cross_layer	dtb_event_entry	dtb_entry_history,dtb_event_entry	API,バッチ,メール
f07-04	F07-04（大会申込～完了）	m13-01	M13-01（イベント一覧検索）	9	shared_update_table,shared_external,same_domain_cross_layer	dtb_event	dtb_event,dtb_event_detail	API,バッチ
f08-01	店頭買取 — 査定申込前ログイン	a06-01	API 店頭買取管理 — 買取アプリ用ログイン	9	shared_update_table,shared_external,same_domain_cross_layer	dtb_base_info	dtb_base_info	API
f08-01	店頭買取 — 査定申込前ログイン	f08-02	F08-02（店頭買取査定申込情報入力）	8	shared_update_table,shared_external,same_domain	dtb_base_info	dtb_base_info	API,バッチ,メール
f08-01	店頭買取 — 査定申込前ログイン	a06-03	API 店頭買取管理 — 店頭買取受注詳細更新	7	shared_db_table,shared_external,same_domain_cross_layer		dtb_base_info	API,支店
f08-01	店頭買取 — 査定申込前ログイン	f04-01	F04-01（買い物かご）	7	shared_update_table,shared_external	dtb_base_info	dtb_base_info	API,バッチ
f08-01	店頭買取 — 査定申込前ログイン	m06-05	店頭買取管理 — 買取商品履歴（検索／一覧）	7	shared_db_table,shared_external,same_domain_cross_layer		dtb_base_info	API,バッチ
f08-01	店頭買取 — 査定申込前ログイン	m06-07	m06-07_admin_store_purchase_purchase_store_history_select_csv_export（管理画面_店頭買取管理_買取商品履歴_選択CSV出力）	7	shared_db_table,shared_external,same_domain_cross_layer		dtb_base_info	API,バッチ
f08-01	店頭買取 — 査定申込前ログイン	m06-08	店頭買取管理 — 買取集計データ（検索・一覧表示）	7	shared_db_table,shared_external,same_domain_cross_layer		dtb_base_info	API,バッチ
f08-01	店頭買取 — 査定申込前ログイン	m06-09	m06-09_admin_store_purchase_otc_buy_order_summary_csv_export（管理画面_店頭買取管理_買取集計データCSV出力）	7	shared_db_table,shared_external,same_domain_cross_layer		dtb_base_info	API,バッチ
f08-01	店頭買取 — 査定申込前ログイン	m07-08	M07-08（戻しリストCSV）	7	shared_update_table,shared_external	dtb_base_info	dtb_base_info	API,バッチ,メール
f08-01	店頭買取 — 査定申込前ログイン	m07-09	M07-09（戻しリストPDF）	7	shared_update_table,shared_external	dtb_base_info	dtb_base_info	API,バッチ,メール,支店
f08-01	店頭買取 — 査定申込前ログイン	m08-08	M08-08（手動メール通知）	7	shared_update_table,shared_external	dtb_base_info	dtb_base_info	API,バッチ,メール
f08-01	店頭買取 — 査定申込前ログイン	m09-10	M09-10（支店トップページ管理）	7	shared_update_table,shared_external	dtb_base_info	dtb_base_info	API,バッチ,支店
f08-02	F08-02（店頭買取査定申込情報入力）	f08-03	F08-03（店頭買取査定申込登録確認〜完了）	18	direct_ref,reverse_ref,shared_update_table,shared_external,same_domain	dtb_otc_buy_order,dtb_qualified_invoice_issuer_account	dtb_base_info,dtb_otc_buy_order,dtb_qualified_invoice_issuer_account	API,バッチ,メール
f08-02	F08-02（店頭買取査定申込情報入力）	a06-01	API 店頭買取管理 — 買取アプリ用ログイン	9	shared_update_table,shared_external,same_domain_cross_layer	dtb_base_info	dtb_base_info	API
f08-02	F08-02（店頭買取査定申込情報入力）	a06-04	API 店頭買取管理 — 店頭買取受注コメント更新	9	shared_update_table,shared_external,same_domain_cross_layer	dtb_otc_buy_order	dtb_otc_buy_order	API
f08-02	F08-02（店頭買取査定申込情報入力）	a06-05	API 店頭買取管理 — 店頭買取受注ステータス更新	9	shared_update_table,shared_external,same_domain_cross_layer	dtb_otc_buy_order	dtb_otc_buy_order	API
f08-02	F08-02（店頭買取査定申込情報入力）	a06-13	API 店頭買取管理 — 本人確認更新	9	shared_update_table,shared_external,same_domain_cross_layer	dtb_otc_buy_order	dtb_otc_buy_order	API
f08-02	F08-02（店頭買取査定申込情報入力）	a06-16	A06-16（店頭買取情報ダブルチェック者更新）	9	shared_update_table,shared_external,same_domain_cross_layer	dtb_otc_buy_order	dtb_otc_buy_order	API,バッチ,メール
f08-02	F08-02（店頭買取査定申込情報入力）	m06-03	店頭買取管理 — 買取詳細（買取情報の確認と保存）	9	shared_update_table,shared_external,same_domain_cross_layer	dtb_otc_buy_order	dtb_otc_buy_order	API,バッチ
f08-02	F08-02（店頭買取査定申込情報入力）	m06-04	店頭買取管理 — 買取ステータス変更	9	shared_update_table,shared_external,same_domain_cross_layer	dtb_otc_buy_order	dtb_otc_buy_order	API,バッチ
f08-02	F08-02（店頭買取査定申込情報入力）	m06-05	店頭買取管理 — 買取商品履歴（検索／一覧）	9	shared_update_table,shared_external,same_domain_cross_layer	dtb_otc_buy_order	dtb_base_info,dtb_otc_buy_order	API,バッチ
f08-02	F08-02（店頭買取査定申込情報入力）	m06-13	M06-13（買取商品（キャンセル）CSV）	9	shared_update_table,shared_external,same_domain_cross_layer	dtb_otc_buy_order	dtb_otc_buy_order	API,バッチ,メール
f08-02	F08-02（店頭買取査定申込情報入力）	a06-02	API 店頭買取管理 — 店頭買取受注一覧取得	8	shared_db_table,shared_external,same_domain_cross_layer		dtb_otc_buy_order,dtb_qualified_invoice_issuer_account	API
f08-02	F08-02（店頭買取査定申込情報入力）	a06-03	API 店頭買取管理 — 店頭買取受注詳細更新	8	shared_db_table,shared_external,same_domain_cross_layer		dtb_base_info,dtb_otc_buy_order	API
f08-03	F08-03（店頭買取査定申込登録確認〜完了）	f08-02	F08-02（店頭買取査定申込情報入力）	18	direct_ref,reverse_ref,shared_update_table,shared_external,same_domain	dtb_otc_buy_order,dtb_qualified_invoice_issuer_account	dtb_base_info,dtb_otc_buy_order,dtb_qualified_invoice_issuer_account	API,バッチ,メール
f08-03	F08-03（店頭買取査定申込登録確認〜完了）	o01-01	o01-01_other_mtg_buyer_mtg_buyer_store_purchase（その他_MTGバイヤー_店頭買取）	12	reverse_ref,shared_update_table,shared_external	dtb_otc_buy_order,dtb_otc_buy_order_status_history	dtb_otc_buy_order,dtb_otc_buy_order_status_history	API,バッチ
f08-03	F08-03（店頭買取査定申込登録確認〜完了）	a06-05	API 店頭買取管理 — 店頭買取受注ステータス更新	10	shared_update_table,shared_external,same_domain_cross_layer	dtb_otc_buy_order,dtb_otc_buy_order_status_history	dtb_otc_buy_order,dtb_otc_buy_order_status_history	API
f08-03	F08-03（店頭買取査定申込登録確認〜完了）	m06-04	店頭買取管理 — 買取ステータス変更	10	shared_update_table,shared_external,same_domain_cross_layer	dtb_otc_buy_order,dtb_otc_buy_order_status_history	dtb_otc_buy_order,dtb_otc_buy_order_status_history	API,バッチ
f08-03	F08-03（店頭買取査定申込登録確認〜完了）	a06-03	API 店頭買取管理 — 店頭買取受注詳細更新	9	shared_db_table,shared_external,same_domain_cross_layer		dtb_base_info,dtb_otc_buy_order,dtb_otc_buy_order_status_history	API,支店
f08-03	F08-03（店頭買取査定申込登録確認〜完了）	a06-04	API 店頭買取管理 — 店頭買取受注コメント更新	9	shared_update_table,shared_external,same_domain_cross_layer	dtb_otc_buy_order	dtb_otc_buy_order	API
f08-03	F08-03（店頭買取査定申込登録確認〜完了）	a06-13	API 店頭買取管理 — 本人確認更新	9	shared_update_table,shared_external,same_domain_cross_layer	dtb_otc_buy_order	dtb_otc_buy_order	API
f08-03	F08-03（店頭買取査定申込登録確認〜完了）	a06-16	A06-16（店頭買取情報ダブルチェック者更新）	9	shared_update_table,shared_external,same_domain_cross_layer	dtb_otc_buy_order	dtb_otc_buy_order	API,バッチ,メール
f08-03	F08-03（店頭買取査定申込登録確認〜完了）	m06-03	店頭買取管理 — 買取詳細（買取情報の確認と保存）	9	shared_update_table,shared_external,same_domain_cross_layer	dtb_otc_buy_order	dtb_otc_buy_order	API,バッチ
f08-03	F08-03（店頭買取査定申込登録確認〜完了）	m06-05	店頭買取管理 — 買取商品履歴（検索／一覧）	9	shared_update_table,shared_external,same_domain_cross_layer	dtb_otc_buy_order	dtb_base_info,dtb_otc_buy_order	API,バッチ
f08-03	F08-03（店頭買取査定申込登録確認〜完了）	m06-13	M06-13（買取商品（キャンセル）CSV）	9	shared_update_table,shared_external,same_domain_cross_layer	dtb_otc_buy_order	dtb_otc_buy_order	API,バッチ,メール
f08-03	F08-03（店頭買取査定申込登録確認〜完了）	a06-02	API 店頭買取管理 — 店頭買取受注一覧取得	8	shared_db_table,shared_external,same_domain_cross_layer		dtb_otc_buy_order,dtb_qualified_invoice_issuer_account	API,支店
m01-01	m01-01_admin_login_login（管理画面_認証機能）	m01-02	m01-02_admin_login_two_factor_auth（管理画面_二段階認証）	8	shared_update_table,shared_external,same_domain	dtb_member	dtb_member	API,バッチ
m01-01	m01-01_admin_login_login（管理画面_認証機能）	a06-01	API 店頭買取管理 — 買取アプリ用ログイン	7	shared_update_table,shared_external	dtb_member	dtb_member	API
m01-01	m01-01_admin_login_login（管理画面_認証機能）	a06-04	API 店頭買取管理 — 店頭買取受注コメント更新	7	shared_update_table,shared_external	dtb_member	dtb_member	API
m01-01	m01-01_admin_login_login（管理画面_認証機能）	a06-13	API 店頭買取管理 — 本人確認更新	7	shared_update_table,shared_external	dtb_member	dtb_member	API
m01-01	m01-01_admin_login_login（管理画面_認証機能）	a07-03	API ネット買取管理 — ネット買取受注コメント更新	7	shared_update_table,shared_external	dtb_member	dtb_member	API
m01-01	m01-01_admin_login_login（管理画面_認証機能）	a07-04	API ネット買取管理 — ネット買取受注ステータス更新	7	shared_update_table,shared_external	dtb_member	dtb_member	API
m01-01	m01-01_admin_login_login（管理画面_認証機能）	m04-17	M04-17（在庫履歴検索/一覧）	7	shared_update_table,shared_external	dtb_member	dtb_member	API,バッチ
m01-01	m01-01_admin_login_login（管理画面_認証機能）	m04-18	M04-18（在庫履歴CSV出力）	7	shared_update_table,shared_external	dtb_member	dtb_member	API,バッチ
m01-01	m01-01_admin_login_login（管理画面_認証機能）	m04-19	M04-19（欠品履歴検索/一覧）	7	shared_update_table,shared_external	dtb_member	dtb_member	API,バッチ
m01-01	m01-01_admin_login_login（管理画面_認証機能）	m05-18	m05-18_admin_order_order_shipping_standby_list_create（受注管理 — 出荷指示リスト作成）	7	shared_update_table,shared_external	dtb_member	dtb_member	API,バッチ
m01-01	m01-01_admin_login_login（管理画面_認証機能）	m10-13	カスタムCSV出力項目設定（店舗設定／システム設定）	7	shared_update_table,shared_external	dtb_member	dtb_member	API,バッチ
m01-01	m01-01_admin_login_login（管理画面_認証機能）	m10-16	追加システム設定（HareruyaEcプラグイン）	7	shared_update_table,shared_external	dtb_member	dtb_member	API,バッチ
m01-02	m01-02_admin_login_two_factor_auth（管理画面_二段階認証）	m01-01	m01-01_admin_login_login（管理画面_認証機能）	8	shared_update_table,shared_external,same_domain	dtb_member	dtb_member	API,バッチ
m01-02	m01-02_admin_login_two_factor_auth（管理画面_二段階認証）	a06-01	API 店頭買取管理 — 買取アプリ用ログイン	7	shared_update_table,shared_external	dtb_member	dtb_member	API
m01-02	m01-02_admin_login_two_factor_auth（管理画面_二段階認証）	a06-04	API 店頭買取管理 — 店頭買取受注コメント更新	7	shared_update_table,shared_external	dtb_member	dtb_member	API
m01-02	m01-02_admin_login_two_factor_auth（管理画面_二段階認証）	a06-13	API 店頭買取管理 — 本人確認更新	7	shared_update_table,shared_external	dtb_member	dtb_member	API
m01-02	m01-02_admin_login_two_factor_auth（管理画面_二段階認証）	a07-03	API ネット買取管理 — ネット買取受注コメント更新	7	shared_update_table,shared_external	dtb_member	dtb_member	API
m01-02	m01-02_admin_login_two_factor_auth（管理画面_二段階認証）	a07-04	API ネット買取管理 — ネット買取受注ステータス更新	7	shared_update_table,shared_external	dtb_member	dtb_member	API
m01-02	m01-02_admin_login_two_factor_auth（管理画面_二段階認証）	m04-17	M04-17（在庫履歴検索/一覧）	7	shared_update_table,shared_external	dtb_member	dtb_member	API,バッチ
m01-02	m01-02_admin_login_two_factor_auth（管理画面_二段階認証）	m04-18	M04-18（在庫履歴CSV出力）	7	shared_update_table,shared_external	dtb_member	dtb_member	API,バッチ
m01-02	m01-02_admin_login_two_factor_auth（管理画面_二段階認証）	m04-19	M04-19（欠品履歴検索/一覧）	7	shared_update_table,shared_external	dtb_member	dtb_member	API,バッチ
m01-02	m01-02_admin_login_two_factor_auth（管理画面_二段階認証）	m05-18	m05-18_admin_order_order_shipping_standby_list_create（受注管理 — 出荷指示リスト作成）	7	shared_update_table,shared_external	dtb_member	dtb_member	API,バッチ
m01-02	m01-02_admin_login_two_factor_auth（管理画面_二段階認証）	m10-13	カスタムCSV出力項目設定（店舗設定／システム設定）	7	shared_update_table,shared_external	dtb_member	dtb_member	API,バッチ
m01-02	m01-02_admin_login_two_factor_auth（管理画面_二段階認証）	m10-16	追加システム設定（HareruyaEcプラグイン）	7	shared_update_table,shared_external	dtb_member	dtb_member	API,バッチ
m02-01	m02-01_admin_home_home_order_status（管理画面_トップ受注状況）	m02-02	m02-02_admin_home_home_sales_status（管理画面_トップ売上状況）	8	shared_update_table,shared_external,same_domain	dtb_order	dtb_order	API,バッチ
m02-01	m02-01_admin_home_home_order_status（管理画面_トップ受注状況）	m02-03	m02-03_admin_home_home_sales_chart（管理画面_トップ売上状況グラフ）	8	shared_update_table,shared_external,same_domain	dtb_order	dtb_order	API,バッチ
m02-01	m02-01_admin_home_home_order_status（管理画面_トップ受注状況）	m05-12	m05-12_admin_order_order_bulk_status_change（管理画面_受注管理_対応状況一括変更）	8	shared_update_table,shared_external	dtb_order,mtb_order_status	dtb_order,mtb_order_status	API,CSV,バッチ
m02-01	m02-01_admin_home_home_order_status（管理画面_トップ受注状況）	m05-14	m05-14_admin_order_order_status_change（管理画面_受注対応状況の変更）	8	shared_update_table,shared_external	dtb_order,mtb_order_status	dtb_order,mtb_order_status	API,バッチ
m02-01	m02-01_admin_home_home_order_status（管理画面_トップ受注状況）	a05-01	API 受注管理 — 注文印刷（印刷情報送信・印刷済み更新）	7	shared_update_table,shared_external	dtb_order	dtb_order	API
m02-01	m02-01_admin_home_home_order_status（管理画面_トップ受注状況）	a05-02	API 受注管理 — 注文印刷（印刷情報送信・印刷済み更新）	7	shared_update_table,shared_external	dtb_order	dtb_order	API
m02-01	m02-01_admin_home_home_order_status（管理画面_トップ受注状況）	b02-06	バッチ 商品管理 — 在庫初期化	7	shared_update_table,shared_external	dtb_order	dtb_order	API,バッチ
m02-01	m02-01_admin_home_home_order_status（管理画面_トップ受注状況）	b05-01	バッチ 受注管理 — 注文番号登録	7	shared_update_table,shared_external	dtb_order	dtb_order	API,バッチ
m02-01	m02-01_admin_home_home_order_status（管理画面_トップ受注状況）	b05-02	バッチ 受注管理 — 購入完了手続き再処理	7	shared_update_table,shared_external	dtb_order	dtb_order	API,バッチ
m02-01	m02-01_admin_home_home_order_status（管理画面_トップ受注状況）	b05-04	バッチ 受注管理 — スマレジ商品再連携	7	shared_update_table,shared_external	dtb_order	dtb_order	API,バッチ
m02-01	m02-01_admin_home_home_order_status（管理画面_トップ受注状況）	b05-05	バッチ 受注管理 — スマレジ商品削除	7	shared_update_table,shared_external	dtb_order	dtb_order	API,バッチ
m02-01	m02-01_admin_home_home_order_status（管理画面_トップ受注状況）	b08-06	バッチ 会員管理 — スマレジ使用ポイント連携	7	shared_update_table,shared_external	dtb_order	dtb_order	API,バッチ
m02-02	m02-02_admin_home_home_sales_status（管理画面_トップ売上状況）	m02-03	m02-03_admin_home_home_sales_chart（管理画面_トップ売上状況グラフ）	12	reverse_ref,shared_update_table,shared_external,same_domain	dtb_order	dtb_order	API,バッチ
m02-02	m02-02_admin_home_home_sales_status（管理画面_トップ売上状況）	m02-01	m02-01_admin_home_home_order_status（管理画面_トップ受注状況）	8	shared_update_table,shared_external,same_domain	dtb_order	dtb_order	API,バッチ
m02-02	m02-02_admin_home_home_sales_status（管理画面_トップ売上状況）	a05-01	API 受注管理 — 注文印刷（印刷情報送信・印刷済み更新）	7	shared_update_table,shared_external	dtb_order	dtb_order	API
m02-02	m02-02_admin_home_home_sales_status（管理画面_トップ売上状況）	a05-02	API 受注管理 — 注文印刷（印刷情報送信・印刷済み更新）	7	shared_update_table,shared_external	dtb_order	dtb_order	API
m02-02	m02-02_admin_home_home_sales_status（管理画面_トップ売上状況）	b02-06	バッチ 商品管理 — 在庫初期化	7	shared_update_table,shared_external	dtb_order	dtb_order	API,バッチ
m02-02	m02-02_admin_home_home_sales_status（管理画面_トップ売上状況）	b05-01	バッチ 受注管理 — 注文番号登録	7	shared_update_table,shared_external	dtb_order	dtb_order	API,バッチ
m02-02	m02-02_admin_home_home_sales_status（管理画面_トップ売上状況）	b05-02	バッチ 受注管理 — 購入完了手続き再処理	7	shared_update_table,shared_external	dtb_order	dtb_order	API,バッチ
m02-02	m02-02_admin_home_home_sales_status（管理画面_トップ売上状況）	b05-04	バッチ 受注管理 — スマレジ商品再連携	7	shared_update_table,shared_external	dtb_order	dtb_order	API,バッチ
m02-02	m02-02_admin_home_home_sales_status（管理画面_トップ売上状況）	b05-05	バッチ 受注管理 — スマレジ商品削除	7	shared_update_table,shared_external	dtb_order	dtb_order	API,バッチ
m02-02	m02-02_admin_home_home_sales_status（管理画面_トップ売上状況）	b08-06	バッチ 会員管理 — スマレジ使用ポイント連携	7	shared_update_table,shared_external	dtb_order	dtb_order	API,バッチ
m02-02	m02-02_admin_home_home_sales_status（管理画面_トップ売上状況）	f04-02	F04-02（ご注文方法指定 — 注文情報の入力・確認・注文）	7	shared_update_table,shared_external	dtb_order	dtb_order	API,バッチ
m02-02	m02-02_admin_home_home_sales_status（管理画面_トップ売上状況）	f04-04	カート — 決済〜購入完了	7	shared_update_table,shared_external	dtb_order	dtb_order	API,バッチ
m02-03	m02-03_admin_home_home_sales_chart（管理画面_トップ売上状況グラフ）	m02-02	m02-02_admin_home_home_sales_status（管理画面_トップ売上状況）	13	direct_ref,shared_update_table,shared_external,same_domain	dtb_order	dtb_order	API,バッチ
m02-03	m02-03_admin_home_home_sales_chart（管理画面_トップ売上状況グラフ）	m02-01	m02-01_admin_home_home_order_status（管理画面_トップ受注状況）	8	shared_update_table,shared_external,same_domain	dtb_order	dtb_order	API,バッチ
m02-03	m02-03_admin_home_home_sales_chart（管理画面_トップ売上状況グラフ）	a05-01	API 受注管理 — 注文印刷（印刷情報送信・印刷済み更新）	7	shared_update_table,shared_external	dtb_order	dtb_order	API
m02-03	m02-03_admin_home_home_sales_chart（管理画面_トップ売上状況グラフ）	a05-02	API 受注管理 — 注文印刷（印刷情報送信・印刷済み更新）	7	shared_update_table,shared_external	dtb_order	dtb_order	API
m02-03	m02-03_admin_home_home_sales_chart（管理画面_トップ売上状況グラフ）	b02-06	バッチ 商品管理 — 在庫初期化	7	shared_update_table,shared_external	dtb_order	dtb_order	API,バッチ
m02-03	m02-03_admin_home_home_sales_chart（管理画面_トップ売上状況グラフ）	b05-01	バッチ 受注管理 — 注文番号登録	7	shared_update_table,shared_external	dtb_order	dtb_order	API,バッチ
m02-03	m02-03_admin_home_home_sales_chart（管理画面_トップ売上状況グラフ）	b05-02	バッチ 受注管理 — 購入完了手続き再処理	7	shared_update_table,shared_external	dtb_order	dtb_order	API,バッチ
m02-03	m02-03_admin_home_home_sales_chart（管理画面_トップ売上状況グラフ）	b05-04	バッチ 受注管理 — スマレジ商品再連携	7	shared_update_table,shared_external	dtb_order	dtb_order	API,バッチ
m02-03	m02-03_admin_home_home_sales_chart（管理画面_トップ売上状況グラフ）	b05-05	バッチ 受注管理 — スマレジ商品削除	7	shared_update_table,shared_external	dtb_order	dtb_order	API,バッチ
m02-03	m02-03_admin_home_home_sales_chart（管理画面_トップ売上状況グラフ）	b08-06	バッチ 会員管理 — スマレジ使用ポイント連携	7	shared_update_table,shared_external	dtb_order	dtb_order	API,バッチ
m02-03	m02-03_admin_home_home_sales_chart（管理画面_トップ売上状況グラフ）	f04-02	F04-02（ご注文方法指定 — 注文情報の入力・確認・注文）	7	shared_update_table,shared_external	dtb_order	dtb_order	API,バッチ
m02-03	m02-03_admin_home_home_sales_chart（管理画面_トップ売上状況グラフ）	f04-04	カート — 決済〜購入完了	7	shared_update_table,shared_external	dtb_order	dtb_order	API,バッチ
m02-04	m02-04_admin_home_home_shop_status（管理画面_トップショップ状況）	a02-05	API 商品管理 — 更新商品規格取得	8	shared_update_table,shared_external	dtb_product,dtb_product_class	dtb_product,dtb_product_class	API
m02-04	m02-04_admin_home_home_shop_status（管理画面_トップショップ状況）	b02-02	バッチ 商品管理 — 入荷通知キャンセル	8	shared_update_table,shared_external	dtb_product,dtb_product_class	dtb_product,dtb_product_class	API,バッチ
m02-04	m02-04_admin_home_home_shop_status（管理画面_トップショップ状況）	f03-02	F03-02（商品詳細）	8	shared_update_table,shared_external	dtb_product,dtb_product_class	dtb_product,dtb_product_class	API,バッチ
m02-04	m02-04_admin_home_home_shop_status（管理画面_トップショップ状況）	f05-05	F05-05（ネット買取カート）	8	shared_update_table,shared_external	dtb_product,dtb_product_class	dtb_product,dtb_product_class	API,バッチ
m02-04	m02-04_admin_home_home_shop_status（管理画面_トップショップ状況）	m03-26	m03-26_admin_product_product_card_csv_import（管理画面_商品管理_カード商品CSV登録）	8	shared_update_table,shared_external	dtb_product,dtb_product_class	dtb_product,dtb_product_class	API,CSV,バッチ
m02-04	m02-04_admin_home_home_shop_status（管理画面_トップショップ状況）	m03-27	m03-27_admin_product_product_goods_csv_import（管理画面_商品管理_グッズ商品CSV登録）	8	shared_update_table,shared_external	dtb_product,dtb_product_class	dtb_product,dtb_product_class	API,CSV,バッチ
m02-04	m02-04_admin_home_home_shop_status（管理画面_トップショップ状況）	m03-30	m03-30_admin_product_product_product_price_csv_import（管理画面_商品管理_セール用価格変更CSV登録）	8	shared_update_table,shared_external	dtb_product,dtb_product_class	dtb_product,dtb_product_class	API,CSV,バッチ
m02-04	m02-04_admin_home_home_shop_status（管理画面_トップショップ状況）	m03-31	M03-31（セール用価格変更CSV登録）	8	shared_update_table,shared_external	dtb_product,dtb_product_class	dtb_product,dtb_product_class	API,CSV,バッチ
m02-04	m02-04_admin_home_home_shop_status（管理画面_トップショップ状況）	m03-36	m03-36_admin_product_product_buy_discount_csv_import（管理画面_商品管理_買取減額率変更CSV登録）	8	shared_update_table,shared_external	dtb_product,dtb_product_class	dtb_product,dtb_product_class	API,CSV,バッチ
m02-04	m02-04_admin_home_home_shop_status（管理画面_トップショップ状況）	m06-05	店頭買取管理 — 買取商品履歴（検索／一覧）	8	shared_update_table,shared_external	dtb_product,dtb_product_class	dtb_product,dtb_product_class	API,CSV,バッチ
m02-04	m02-04_admin_home_home_shop_status（管理画面_トップショップ状況）	a15-01	API デッキビルダー — ログイン	7	shared_update_table,shared_external	dtb_customer	dtb_customer	API
m02-04	m02-04_admin_home_home_shop_status（管理画面_トップショップ状況）	a17-03	API その他 — PointGranterAPI連携	7	shared_update_table,shared_external	dtb_customer	dtb_customer	API,バッチ
m02-06	m02-06_admin_home_home_recommend_plugins（管理画面_トップおすすめプラグイン）	a06-01	API 店頭買取管理 — 買取アプリ用ログイン	5	shared_db_table,shared_external		dtb_base_info	API
m02-06	m02-06_admin_home_home_recommend_plugins（管理画面_トップおすすめプラグイン）	a06-03	API 店頭買取管理 — 店頭買取受注詳細更新	5	shared_db_table,shared_external		dtb_base_info	API
m02-06	m02-06_admin_home_home_recommend_plugins（管理画面_トップおすすめプラグイン）	b06-02	バッチ 買取管理 — 買取集計バッチ	5	shared_db_table,shared_external		dtb_base_info	API,バッチ
m02-06	m02-06_admin_home_home_recommend_plugins（管理画面_トップおすすめプラグイン）	f01-02	F01-02（支店トップページ表示）	5	shared_db_table,shared_external		dtb_base_info	API,バッチ
m02-06	m02-06_admin_home_home_recommend_plugins（管理画面_トップおすすめプラグイン）	f02-03	F02-03（支店PC版ナビゲーション）	5	shared_db_table,shared_external		dtb_base_info	API,バッチ
m02-06	m02-06_admin_home_home_recommend_plugins（管理画面_トップおすすめプラグイン）	f02-04	F02-04（支店スマホ版ナビゲーション）	5	shared_db_table,shared_external		dtb_base_info	API,バッチ
m02-06	m02-06_admin_home_home_recommend_plugins（管理画面_トップおすすめプラグイン）	f04-01	F04-01（買い物かご）	5	shared_db_table,shared_external		dtb_base_info	API,バッチ
m02-06	m02-06_admin_home_home_recommend_plugins（管理画面_トップおすすめプラグイン）	f08-01	店頭買取 — 査定申込前ログイン	5	shared_db_table,shared_external		dtb_base_info	API,バッチ
m02-06	m02-06_admin_home_home_recommend_plugins（管理画面_トップおすすめプラグイン）	f08-02	F08-02（店頭買取査定申込情報入力）	5	shared_db_table,shared_external		dtb_base_info	API,バッチ
m02-06	m02-06_admin_home_home_recommend_plugins（管理画面_トップおすすめプラグイン）	f08-03	F08-03（店頭買取査定申込登録確認〜完了）	5	shared_db_table,shared_external		dtb_base_info	API,バッチ
m02-06	m02-06_admin_home_home_recommend_plugins（管理画面_トップおすすめプラグイン）	m04-16	在庫管理 — 在庫リコメンドCSV出力	5	shared_db_table,shared_external		dtb_base_info	API,バッチ
m02-06	m02-06_admin_home_home_recommend_plugins（管理画面_トップおすすめプラグイン）	m05-08	m05-08_admin_order_order_stack_paper_print（受注管理 — スタック用紙印刷）	5	shared_db_table,shared_external		dtb_base_info	API,バッチ
m03-01	m03-01_admin_product_product_search_list（管理画面_商品管理_商品検索・一覧）	m04-03	M04-03（在庫一括編集）	10	reverse_ref,shared_db_table,shared_external		dtb_product_class,dtb_product_stock	API,CSV,バッチ
m03-01	m03-01_admin_product_product_search_list（管理画面_商品管理_商品検索・一覧）	m04-17	M04-17（在庫履歴検索/一覧）	10	reverse_ref,shared_db_table,shared_external		dtb_product,dtb_product_class	API,CSV,バッチ
m03-01	m03-01_admin_product_product_search_list（管理画面_商品管理_商品検索・一覧）	a02-02	API 商品管理 — ポップアップ用カード情報取得	9	shared_db_table,shared_external,same_domain_cross_layer		dtb_product,dtb_product_class,dtb_product_stock,mtb_card,mtb_card_detail	API
m03-01	m03-01_admin_product_product_search_list（管理画面_商品管理_商品検索・一覧）	a02-03	API 商品管理 — ポップアップ用商品情報取得（旧商品ID）	9	shared_db_table,shared_external,same_domain_cross_layer		dtb_product,dtb_product_class,dtb_product_stock,mtb_card	API
m03-01	m03-01_admin_product_product_search_list（管理画面_商品管理_商品検索・一覧）	a02-04	API 商品管理 — ポップアップ用カード情報取得（旧商品ID）	9	shared_db_table,shared_external,same_domain_cross_layer		dtb_product,dtb_product_class,dtb_product_stock,mtb_card	API
m03-01	m03-01_admin_product_product_search_list（管理画面_商品管理_商品検索・一覧）	a02-05	API 商品管理 — 更新商品規格取得	9	shared_db_table,shared_external,same_domain_cross_layer		dtb_product,dtb_product_category,dtb_product_class,dtb_product_image,dtb_product_stock	API
m03-01	m03-01_admin_product_product_search_list（管理画面_商品管理_商品検索・一覧）	a06-09	API 店頭買取管理 — 商品名から商品詳細の情報を取得	9	shared_db_table,shared_external,same_domain_cross_layer		dtb_product,dtb_product_class,mtb_card,mtb_card_detail	API
m03-01	m03-01_admin_product_product_search_list（管理画面_商品管理_商品検索・一覧）	a17-05	API 店頭買取管理 — 商品名から商品詳細の情報を取得	9	shared_db_table,shared_external,same_domain_cross_layer		dtb_product,dtb_product_class,mtb_card,mtb_card_detail	API
m03-01	m03-01_admin_product_product_search_list（管理画面_商品管理_商品検索・一覧）	b02-02	バッチ 商品管理 — 入荷通知キャンセル	8	shared_db_table,shared_external,same_domain_cross_layer		dtb_product,dtb_product_class	API,バッチ
m03-01	m03-01_admin_product_product_search_list（管理画面_商品管理_商品検索・一覧）	b02-04	バッチ 商品管理 — 商品部門未設定チェック	8	shared_db_table,shared_external,same_domain_cross_layer		dtb_product,dtb_product_class	API,バッチ
m03-01	m03-01_admin_product_product_search_list（管理画面_商品管理_商品検索・一覧）	f03-01	F03-01（商品一覧）	8	shared_db_table,shared_external,same_domain_cross_layer		dtb_product,dtb_product_class	API,バッチ
m03-01	m03-01_admin_product_product_search_list（管理画面_商品管理_商品検索・一覧）	f03-02	F03-02（商品詳細）	8	shared_db_table,shared_external,same_domain_cross_layer		dtb_product,dtb_product_class	API,バッチ
m03-02	M03-02（商品編集機能）	m03-09	M03-09（商品規格登録/編集）	12	direct_ref,reverse_ref,shared_external,same_domain			API,CSV,バッチ,支店
m03-02	M03-02（商品編集機能）	a02-05	API 商品管理 — 更新商品規格取得	11	shared_update_table,shared_external,same_domain_cross_layer	dtb_product,dtb_product_category,dtb_product_image	dtb_product,dtb_product_category,dtb_product_image	API,支店
m03-02	M03-02（商品編集機能）	b02-02	バッチ 商品管理 — 入荷通知キャンセル	9	shared_update_table,shared_external,same_domain_cross_layer	dtb_product	dtb_product	API,バッチ
m03-02	M03-02（商品編集機能）	f03-01	F03-01（商品一覧）	9	shared_update_table,shared_external,same_domain_cross_layer	dtb_product	dtb_product	API,バッチ,支店
m03-02	M03-02（商品編集機能）	f03-02	F03-02（商品詳細）	9	shared_update_table,shared_external,same_domain_cross_layer	dtb_product	dtb_product	API,バッチ
m03-02	M03-02（商品編集機能）	f03-05	商品 — 商品リコメンド（おすすめ商品ブロック）	9	shared_update_table,shared_external,same_domain_cross_layer	dtb_product	dtb_product	API,バッチ
m03-02	M03-02（商品編集機能）	m03-26	m03-26_admin_product_product_card_csv_import（管理画面_商品管理_カード商品CSV登録）	9	shared_update_table,shared_external,same_domain	dtb_product,dtb_product_category	dtb_product,dtb_product_category,dtb_product_tag	API,CSV,バッチ,支店
m03-02	M03-02（商品編集機能）	m03-27	m03-27_admin_product_product_goods_csv_import（管理画面_商品管理_グッズ商品CSV登録）	9	shared_update_table,shared_external,same_domain	dtb_product,dtb_product_category	dtb_product,dtb_product_category,dtb_product_tag	API,CSV,バッチ,支店
m03-02	M03-02（商品編集機能）	m03-28	m03-28_admin_product_product_product_tag_csv_import（管理画面_商品管理_商品タグ更新CSV登録）	9	shared_update_table,shared_external,same_domain	dtb_product,dtb_product_tag	dtb_product,dtb_product_tag	API,CSV,バッチ
m03-02	M03-02（商品編集機能）	m03-31	M03-31（セール用価格変更CSV登録）	9	shared_update_table,shared_external,same_domain	dtb_product,dtb_product_tag	dtb_product,dtb_product_tag	API,CSV,バッチ,支店
m03-02	M03-02（商品編集機能）	m03-34	m03-34_admin_product_product_discount_csv_import（管理画面_商品管理_割引率変更CSV登録）	9	shared_update_table,shared_external,same_domain	dtb_product,dtb_product_sub	dtb_product,dtb_product_sub	API,CSV,バッチ,支店
m03-02	M03-02（商品編集機能）	m03-36	m03-36_admin_product_product_buy_discount_csv_import（管理画面_商品管理_買取減額率変更CSV登録）	9	shared_update_table,shared_external,same_domain	dtb_product,dtb_product_sub	dtb_product,dtb_product_sub	API,CSV,バッチ
m03-03	m03-03_admin_product_product_card_csv_export（管理画面_商品管理_カード商品CSV出力）	a02-02	API 商品管理 — ポップアップ用カード情報取得	9	shared_db_table,shared_external,same_domain_cross_layer		dtb_product,dtb_product_class,mtb_card_detail	API
m03-03	m03-03_admin_product_product_card_csv_export（管理画面_商品管理_カード商品CSV出力）	a06-09	API 店頭買取管理 — 商品名から商品詳細の情報を取得	9	shared_db_table,shared_external,same_domain_cross_layer		dtb_product,dtb_product_class,mtb_card_detail	API,支店
m03-03	m03-03_admin_product_product_card_csv_export（管理画面_商品管理_カード商品CSV出力）	a17-05	API 店頭買取管理 — 商品名から商品詳細の情報を取得	9	shared_db_table,shared_external,same_domain_cross_layer		dtb_product,dtb_product_class,mtb_card_detail	API,支店
m03-03	m03-03_admin_product_product_card_csv_export（管理画面_商品管理_カード商品CSV出力）	a02-03	API 商品管理 — ポップアップ用商品情報取得（旧商品ID）	8	shared_db_table,shared_external,same_domain_cross_layer		dtb_product,dtb_product_class	API
m03-03	m03-03_admin_product_product_card_csv_export（管理画面_商品管理_カード商品CSV出力）	a02-04	API 商品管理 — ポップアップ用カード情報取得（旧商品ID）	8	shared_db_table,shared_external,same_domain_cross_layer		dtb_product,dtb_product_class	API
m03-03	m03-03_admin_product_product_card_csv_export（管理画面_商品管理_カード商品CSV出力）	a02-05	API 商品管理 — 更新商品規格取得	8	shared_db_table,shared_external,same_domain_cross_layer		dtb_product,dtb_product_class	API,支店
m03-03	m03-03_admin_product_product_card_csv_export（管理画面_商品管理_カード商品CSV出力）	b02-02	バッチ 商品管理 — 入荷通知キャンセル	8	shared_db_table,shared_external,same_domain_cross_layer		dtb_product,dtb_product_class	API,バッチ
m03-03	m03-03_admin_product_product_card_csv_export（管理画面_商品管理_カード商品CSV出力）	b02-04	バッチ 商品管理 — 商品部門未設定チェック	8	shared_db_table,shared_external,same_domain_cross_layer		dtb_product,dtb_product_class	API,バッチ
m03-03	m03-03_admin_product_product_card_csv_export（管理画面_商品管理_カード商品CSV出力）	f03-01	F03-01（商品一覧）	8	shared_db_table,shared_external,same_domain_cross_layer		dtb_product,dtb_product_class	API,バッチ,支店
m03-03	m03-03_admin_product_product_card_csv_export（管理画面_商品管理_カード商品CSV出力）	f03-02	F03-02（商品詳細）	8	shared_db_table,shared_external,same_domain_cross_layer		dtb_product,dtb_product_class	API,バッチ
m03-03	m03-03_admin_product_product_card_csv_export（管理画面_商品管理_カード商品CSV出力）	f03-05	商品 — 商品リコメンド（おすすめ商品ブロック）	8	shared_db_table,shared_external,same_domain_cross_layer		dtb_product,dtb_product_class	API,バッチ
m03-03	m03-03_admin_product_product_card_csv_export（管理画面_商品管理_カード商品CSV出力）	m03-01	m03-01_admin_product_product_search_list（管理画面_商品管理_商品検索・一覧）	8	shared_db_table,shared_external,same_domain		dtb_card_detail,dtb_product,dtb_product_class,dtb_product_sub,dtb_product_tag,mtb_card_detail	API,CSV,バッチ
m03-04	m03-04_admin_product_product_goods_csv_export（管理画面_商品管理_グッズ商品CSV出力）	m03-27	m03-27_admin_product_product_goods_csv_import（管理画面_商品管理_グッズ商品CSV登録）	12	reverse_ref,shared_db_table,shared_external,same_domain		dtb_product,dtb_product_class,dtb_product_tag	API,CSV,スマレジ,バッチ,支店
m03-04	m03-04_admin_product_product_goods_csv_export（管理画面_商品管理_グッズ商品CSV出力）	a02-02	API 商品管理 — ポップアップ用カード情報取得	9	shared_db_table,shared_external,same_domain_cross_layer		dtb_product,dtb_product_class,mtb_card_detail	API
m03-04	m03-04_admin_product_product_goods_csv_export（管理画面_商品管理_グッズ商品CSV出力）	a06-09	API 店頭買取管理 — 商品名から商品詳細の情報を取得	9	shared_db_table,shared_external,same_domain_cross_layer		dtb_product,dtb_product_class,mtb_card_detail	API,支店
m03-04	m03-04_admin_product_product_goods_csv_export（管理画面_商品管理_グッズ商品CSV出力）	a17-05	API 店頭買取管理 — 商品名から商品詳細の情報を取得	9	shared_db_table,shared_external,same_domain_cross_layer		dtb_product,dtb_product_class,mtb_card_detail	API,支店
m03-04	m03-04_admin_product_product_goods_csv_export（管理画面_商品管理_グッズ商品CSV出力）	b02-04	バッチ 商品管理 — 商品部門未設定チェック	9	shared_db_table,shared_external,same_domain_cross_layer		dtb_product,dtb_product_class,mtb_section	API,バッチ
m03-04	m03-04_admin_product_product_goods_csv_export（管理画面_商品管理_グッズ商品CSV出力）	a02-03	API 商品管理 — ポップアップ用商品情報取得（旧商品ID）	8	shared_db_table,shared_external,same_domain_cross_layer		dtb_product,dtb_product_class	API
m03-04	m03-04_admin_product_product_goods_csv_export（管理画面_商品管理_グッズ商品CSV出力）	a02-04	API 商品管理 — ポップアップ用カード情報取得（旧商品ID）	8	shared_db_table,shared_external,same_domain_cross_layer		dtb_product,dtb_product_class	API
m03-04	m03-04_admin_product_product_goods_csv_export（管理画面_商品管理_グッズ商品CSV出力）	a02-05	API 商品管理 — 更新商品規格取得	8	shared_db_table,shared_external,same_domain_cross_layer		dtb_product,dtb_product_class	API,スマレジ,支店
m03-04	m03-04_admin_product_product_goods_csv_export（管理画面_商品管理_グッズ商品CSV出力）	b02-02	バッチ 商品管理 — 入荷通知キャンセル	8	shared_db_table,shared_external,same_domain_cross_layer		dtb_product,dtb_product_class	API,バッチ
m03-04	m03-04_admin_product_product_goods_csv_export（管理画面_商品管理_グッズ商品CSV出力）	f03-01	F03-01（商品一覧）	8	shared_db_table,shared_external,same_domain_cross_layer		dtb_product,dtb_product_class	API,バッチ,支店
m03-04	m03-04_admin_product_product_goods_csv_export（管理画面_商品管理_グッズ商品CSV出力）	f03-02	F03-02（商品詳細）	8	shared_db_table,shared_external,same_domain_cross_layer		dtb_product,dtb_product_class	API,バッチ
m03-04	m03-04_admin_product_product_goods_csv_export（管理画面_商品管理_グッズ商品CSV出力）	f03-05	商品 — 商品リコメンド（おすすめ商品ブロック）	8	shared_db_table,shared_external,same_domain_cross_layer		dtb_product,dtb_product_class	API,バッチ
m03-05	m03-05_admin_product_product_sale_price_csv_export（管理画面_商品管理_セール用価格変更CSV出力）	a02-02	API 商品管理 — ポップアップ用カード情報取得	9	shared_db_table,shared_external,same_domain_cross_layer		dtb_product,dtb_product_class,dtb_product_stock	API
m03-05	m03-05_admin_product_product_sale_price_csv_export（管理画面_商品管理_セール用価格変更CSV出力）	a02-03	API 商品管理 — ポップアップ用商品情報取得（旧商品ID）	9	shared_db_table,shared_external,same_domain_cross_layer		dtb_product,dtb_product_class,dtb_product_stock	API
m03-05	m03-05_admin_product_product_sale_price_csv_export（管理画面_商品管理_セール用価格変更CSV出力）	a02-04	API 商品管理 — ポップアップ用カード情報取得（旧商品ID）	9	shared_db_table,shared_external,same_domain_cross_layer		dtb_product,dtb_product_class,dtb_product_stock	API
m03-05	m03-05_admin_product_product_sale_price_csv_export（管理画面_商品管理_セール用価格変更CSV出力）	a02-05	API 商品管理 — 更新商品規格取得	9	shared_db_table,shared_external,same_domain_cross_layer		dtb_product,dtb_product_class,dtb_product_stock	API
m03-05	m03-05_admin_product_product_sale_price_csv_export（管理画面_商品管理_セール用価格変更CSV出力）	a06-09	API 店頭買取管理 — 商品名から商品詳細の情報を取得	8	shared_db_table,shared_external,same_domain_cross_layer		dtb_product,dtb_product_class	API
m03-05	m03-05_admin_product_product_sale_price_csv_export（管理画面_商品管理_セール用価格変更CSV出力）	a17-05	API 店頭買取管理 — 商品名から商品詳細の情報を取得	8	shared_db_table,shared_external,same_domain_cross_layer		dtb_product,dtb_product_class	API
m03-05	m03-05_admin_product_product_sale_price_csv_export（管理画面_商品管理_セール用価格変更CSV出力）	b02-02	バッチ 商品管理 — 入荷通知キャンセル	8	shared_db_table,shared_external,same_domain_cross_layer		dtb_product,dtb_product_class	API,バッチ
m03-05	m03-05_admin_product_product_sale_price_csv_export（管理画面_商品管理_セール用価格変更CSV出力）	b02-04	バッチ 商品管理 — 商品部門未設定チェック	8	shared_db_table,shared_external,same_domain_cross_layer		dtb_product,dtb_product_class	API,バッチ
m03-05	m03-05_admin_product_product_sale_price_csv_export（管理画面_商品管理_セール用価格変更CSV出力）	f03-01	F03-01（商品一覧）	8	shared_db_table,shared_external,same_domain_cross_layer		dtb_product,dtb_product_class	API,バッチ
m03-05	m03-05_admin_product_product_sale_price_csv_export（管理画面_商品管理_セール用価格変更CSV出力）	f03-02	F03-02（商品詳細）	8	shared_db_table,shared_external,same_domain_cross_layer		dtb_product,dtb_product_class	API,バッチ
m03-05	m03-05_admin_product_product_sale_price_csv_export（管理画面_商品管理_セール用価格変更CSV出力）	f03-05	商品 — 商品リコメンド（おすすめ商品ブロック）	8	shared_db_table,shared_external,same_domain_cross_layer		dtb_product,dtb_product_class	API,バッチ
m03-05	m03-05_admin_product_product_sale_price_csv_export（管理画面_商品管理_セール用価格変更CSV出力）	m03-01	m03-01_admin_product_product_search_list（管理画面_商品管理_商品検索・一覧）	8	shared_db_table,shared_external,same_domain		dtb_product,dtb_product_class,dtb_product_stock,dtb_product_tag	API,CSV,バッチ
m03-06	商品管理 — カスタムデータ CSV ダウンロード（商品情報）	m10-13	カスタムCSV出力項目設定（店舗設定／システム設定）	13	direct_ref,shared_update_table,shared_external	dtb_csv_csv_extension,dtb_csv_extension	dtb_csv,dtb_csv_csv_extension,dtb_csv_extension	API,CSV,バッチ
m03-06	商品管理 — カスタムデータ CSV ダウンロード（商品情報）	a02-01	API 商品管理 — ポップアップ用商品情報取得	7	shared_db_table,shared_external,same_domain_cross_layer		dtb_product_class	API
m03-06	商品管理 — カスタムデータ CSV ダウンロード（商品情報）	a02-02	API 商品管理 — ポップアップ用カード情報取得	7	shared_db_table,shared_external,same_domain_cross_layer		dtb_product_class	API
m03-06	商品管理 — カスタムデータ CSV ダウンロード（商品情報）	a02-03	API 商品管理 — ポップアップ用商品情報取得（旧商品ID）	7	shared_db_table,shared_external,same_domain_cross_layer		dtb_product_class	API
m03-06	商品管理 — カスタムデータ CSV ダウンロード（商品情報）	a02-04	API 商品管理 — ポップアップ用カード情報取得（旧商品ID）	7	shared_db_table,shared_external,same_domain_cross_layer		dtb_product_class	API
m03-06	商品管理 — カスタムデータ CSV ダウンロード（商品情報）	a02-05	API 商品管理 — 更新商品規格取得	7	shared_db_table,shared_external,same_domain_cross_layer		dtb_product_class	API
m03-06	商品管理 — カスタムデータ CSV ダウンロード（商品情報）	a06-09	API 店頭買取管理 — 商品名から商品詳細の情報を取得	7	shared_db_table,shared_external,same_domain_cross_layer		dtb_product_class	API
m03-06	商品管理 — カスタムデータ CSV ダウンロード（商品情報）	a17-05	API 店頭買取管理 — 商品名から商品詳細の情報を取得	7	shared_db_table,shared_external,same_domain_cross_layer		dtb_product_class	API
m03-06	商品管理 — カスタムデータ CSV ダウンロード（商品情報）	b02-01	バッチ 商品管理 — 期間別販売数集計	7	shared_db_table,shared_external,same_domain_cross_layer		dtb_product_class	API,バッチ
m03-06	商品管理 — カスタムデータ CSV ダウンロード（商品情報）	b02-02	バッチ 商品管理 — 入荷通知キャンセル	7	shared_db_table,shared_external,same_domain_cross_layer		dtb_product_class	API,バッチ
m03-06	商品管理 — カスタムデータ CSV ダウンロード（商品情報）	b02-04	バッチ 商品管理 — 商品部門未設定チェック	7	shared_db_table,shared_external,same_domain_cross_layer		dtb_product_class	API,バッチ
m03-06	商品管理 — カスタムデータ CSV ダウンロード（商品情報）	f03-01	F03-01（商品一覧）	7	shared_db_table,shared_external,same_domain_cross_layer		dtb_product_class	API,バッチ
m03-08	m03-08_admin_product_product_product_class_list（管理画面_商品管理_商品規格一覧）	a02-01	API 商品管理 — ポップアップ用商品情報取得	8	shared_db_table,shared_external,same_domain_cross_layer		dtb_product_class,dtb_product_sub_class	API
m03-08	m03-08_admin_product_product_product_class_list（管理画面_商品管理_商品規格一覧）	a02-02	API 商品管理 — ポップアップ用カード情報取得	8	shared_db_table,shared_external,same_domain_cross_layer		dtb_product_class,dtb_product_sub_class	API
m03-08	m03-08_admin_product_product_product_class_list（管理画面_商品管理_商品規格一覧）	a02-03	API 商品管理 — ポップアップ用商品情報取得（旧商品ID）	8	shared_db_table,shared_external,same_domain_cross_layer		dtb_product_class,dtb_product_sub_class	API
m03-08	m03-08_admin_product_product_product_class_list（管理画面_商品管理_商品規格一覧）	a02-04	API 商品管理 — ポップアップ用カード情報取得（旧商品ID）	8	shared_db_table,shared_external,same_domain_cross_layer		dtb_product_class,dtb_product_sub_class	API
m03-08	m03-08_admin_product_product_product_class_list（管理画面_商品管理_商品規格一覧）	a02-05	API 商品管理 — 更新商品規格取得	8	shared_db_table,shared_external,same_domain_cross_layer		dtb_product_class,dtb_product_sub_class	API,スマレジ
m03-08	m03-08_admin_product_product_product_class_list（管理画面_商品管理_商品規格一覧）	a06-09	API 店頭買取管理 — 商品名から商品詳細の情報を取得	8	shared_db_table,shared_external,same_domain_cross_layer		dtb_product_class,dtb_product_sub_class	API
m03-08	m03-08_admin_product_product_product_class_list（管理画面_商品管理_商品規格一覧）	a17-05	API 店頭買取管理 — 商品名から商品詳細の情報を取得	8	shared_db_table,shared_external,same_domain_cross_layer		dtb_product_class,dtb_product_sub_class	API
m03-08	m03-08_admin_product_product_product_class_list（管理画面_商品管理_商品規格一覧）	b02-01	バッチ 商品管理 — 期間別販売数集計	8	shared_db_table,shared_external,same_domain_cross_layer		dtb_product_class,dtb_product_sub_class	API,バッチ
m03-08	m03-08_admin_product_product_product_class_list（管理画面_商品管理_商品規格一覧）	b02-02	バッチ 商品管理 — 入荷通知キャンセル	7	shared_db_table,shared_external,same_domain_cross_layer		dtb_product_class	API,バッチ
m03-08	m03-08_admin_product_product_product_class_list（管理画面_商品管理_商品規格一覧）	b02-03	バッチ 商品管理 — 期間別入庫数集計	7	shared_db_table,shared_external,same_domain_cross_layer		dtb_product_sub_class	API,バッチ
m03-08	m03-08_admin_product_product_product_class_list（管理画面_商品管理_商品規格一覧）	b02-04	バッチ 商品管理 — 商品部門未設定チェック	7	shared_db_table,shared_external,same_domain_cross_layer		dtb_product_class	API,バッチ
m03-08	m03-08_admin_product_product_product_class_list（管理画面_商品管理_商品規格一覧）	f03-01	F03-01（商品一覧）	7	shared_db_table,shared_external,same_domain_cross_layer		dtb_product_class	API,バッチ
m03-09	M03-09（商品規格登録/編集）	m03-31	M03-31（セール用価格変更CSV登録）	18	direct_ref,reverse_ref,shared_update_table,shared_external,same_domain	dtb_product_class,dtb_product_sub_class	dtb_product_class,dtb_product_sub_class	API,CSV,バッチ,支店
m03-09	M03-09（商品規格登録/編集）	m03-02	M03-02（商品編集機能）	12	direct_ref,reverse_ref,shared_external,same_domain			API,CSV,バッチ,支店
m03-09	M03-09（商品規格登録/編集）	a02-05	API 商品管理 — 更新商品規格取得	11	shared_update_table,shared_external,same_domain_cross_layer	dtb_product_class,dtb_product_stock,dtb_product_sub_class	dtb_product_class,dtb_product_stock,dtb_product_sub_class	API,支店
m03-09	M03-09（商品規格登録/編集）	a02-02	API 商品管理 — ポップアップ用カード情報取得	9	shared_db_table,shared_external,same_domain_cross_layer		dtb_product_class,dtb_product_stock,dtb_product_sub_class	API
m03-09	M03-09（商品規格登録/編集）	a02-03	API 商品管理 — ポップアップ用商品情報取得（旧商品ID）	9	shared_db_table,shared_external,same_domain_cross_layer		dtb_product_class,dtb_product_stock,dtb_product_sub_class	API
m03-09	M03-09（商品規格登録/編集）	a02-04	API 商品管理 — ポップアップ用カード情報取得（旧商品ID）	9	shared_db_table,shared_external,same_domain_cross_layer		dtb_product_class,dtb_product_stock,dtb_product_sub_class	API
m03-09	M03-09（商品規格登録/編集）	b02-02	バッチ 商品管理 — 入荷通知キャンセル	9	shared_update_table,shared_external,same_domain_cross_layer	dtb_product_class	dtb_product_class	API,バッチ,メール
m03-09	M03-09（商品規格登録/編集）	b02-03	バッチ 商品管理 — 期間別入庫数集計	9	shared_db_table,shared_external,same_domain_cross_layer		dtb_product_stock,dtb_product_sub_class,dtb_stock_up_quantity	API,バッチ
m03-09	M03-09（商品規格登録/編集）	b02-07	バッチ 商品管理 — 週間在庫履歴更新	9	shared_update_table,shared_external,same_domain_cross_layer	dtb_product_stock	dtb_product_stock	API,CSV,バッチ,支店
m03-09	M03-09（商品規格登録/編集）	f03-02	F03-02（商品詳細）	9	shared_update_table,shared_external,same_domain_cross_layer	dtb_product_class	dtb_product_class	API,バッチ
m03-09	M03-09（商品規格登録/編集）	m03-21	商品管理 — 棚番号登録/編集	9	shared_update_table,shared_external,same_domain	dtb_product_class,dtb_product_sub_class	dtb_product_class,dtb_product_sub_class	API,CSV,バッチ
m03-09	M03-09（商品規格登録/編集）	m03-26	m03-26_admin_product_product_card_csv_import（管理画面_商品管理_カード商品CSV登録）	9	shared_update_table,shared_external,same_domain	dtb_product_class,dtb_product_stock	dtb_product_class,dtb_product_stock	API,CSV,バッチ,支店
m03-10	m03-10_admin_product_product_bulk_buy_standard_price_edit（管理画面_商品管理_買取・基準価格一括編集）	a02-05	API 商品管理 — 更新商品規格取得	9	shared_update_table,shared_external,same_domain_cross_layer	dtb_product_class	dtb_product_class,dtb_product_sub_class	API
m03-10	m03-10_admin_product_product_bulk_buy_standard_price_edit（管理画面_商品管理_買取・基準価格一括編集）	b02-02	バッチ 商品管理 — 入荷通知キャンセル	9	shared_update_table,shared_external,same_domain_cross_layer	dtb_product_class	dtb_product_class	API,バッチ
m03-10	m03-10_admin_product_product_bulk_buy_standard_price_edit（管理画面_商品管理_買取・基準価格一括編集）	f03-02	F03-02（商品詳細）	9	shared_update_table,shared_external,same_domain_cross_layer	dtb_product_class	dtb_product_class	API,バッチ
m03-10	m03-10_admin_product_product_bulk_buy_standard_price_edit（管理画面_商品管理_買取・基準価格一括編集）	m03-26	m03-26_admin_product_product_card_csv_import（管理画面_商品管理_カード商品CSV登録）	9	shared_update_table,shared_external,same_domain	dtb_price_history,dtb_product_class	dtb_price_history,dtb_product_class	API,CSV,バッチ
m03-10	m03-10_admin_product_product_bulk_buy_standard_price_edit（管理画面_商品管理_買取・基準価格一括編集）	m03-27	m03-27_admin_product_product_goods_csv_import（管理画面_商品管理_グッズ商品CSV登録）	9	shared_update_table,shared_external,same_domain	dtb_price_history,dtb_product_class	dtb_price_history,dtb_product_class	API,CSV,バッチ
m03-10	m03-10_admin_product_product_bulk_buy_standard_price_edit（管理画面_商品管理_買取・基準価格一括編集）	m03-30	m03-30_admin_product_product_product_price_csv_import（管理画面_商品管理_セール用価格変更CSV登録）	9	shared_update_table,shared_external,same_domain	dtb_price_history,dtb_product_class	dtb_price_history,dtb_product_class,dtb_product_sub_class	API,CSV,バッチ
m03-10	m03-10_admin_product_product_bulk_buy_standard_price_edit（管理画面_商品管理_買取・基準価格一括編集）	m03-31	M03-31（セール用価格変更CSV登録）	9	shared_update_table,shared_external,same_domain	dtb_price_history,dtb_product_class	dtb_price_history,dtb_product_class,dtb_product_sub_class	API,CSV,バッチ
m03-10	m03-10_admin_product_product_bulk_buy_standard_price_edit（管理画面_商品管理_買取・基準価格一括編集）	m03-33	m03-33_admin_product_product_sale_high_price_csv_import（管理画面_商品管理_セール用高額商品価格変更CSV登録）	9	shared_update_table,shared_external,same_domain	dtb_price_history,dtb_product_class	dtb_price_history,dtb_product_class,dtb_product_sub_class	API,CSV,バッチ
m03-10	m03-10_admin_product_product_bulk_buy_standard_price_edit（管理画面_商品管理_買取・基準価格一括編集）	a02-01	API 商品管理 — ポップアップ用商品情報取得	8	shared_db_table,shared_external,same_domain_cross_layer		dtb_product_class,dtb_product_sub_class	API
m03-10	m03-10_admin_product_product_bulk_buy_standard_price_edit（管理画面_商品管理_買取・基準価格一括編集）	a02-02	API 商品管理 — ポップアップ用カード情報取得	8	shared_db_table,shared_external,same_domain_cross_layer		dtb_product_class,dtb_product_sub_class	API
m03-10	m03-10_admin_product_product_bulk_buy_standard_price_edit（管理画面_商品管理_買取・基準価格一括編集）	a02-03	API 商品管理 — ポップアップ用商品情報取得（旧商品ID）	8	shared_db_table,shared_external,same_domain_cross_layer		dtb_product_class,dtb_product_sub_class	API
m03-10	m03-10_admin_product_product_bulk_buy_standard_price_edit（管理画面_商品管理_買取・基準価格一括編集）	a02-04	API 商品管理 — ポップアップ用カード情報取得（旧商品ID）	8	shared_db_table,shared_external,same_domain_cross_layer		dtb_product_class,dtb_product_sub_class	API
m03-11	m03-11_admin_product_product_category_register_edit（管理画面_商品管理_カテゴリ登録・編集）	m03-45	m03-45_admin_product_product_category_list（管理画面_商品管理_カテゴリ一覧）	13	direct_ref,shared_update_table,shared_external,same_domain	dtb_category	dtb_category,dtb_category_sub	API,CSV,バッチ,支店
m03-11	m03-11_admin_product_product_category_register_edit（管理画面_商品管理_カテゴリ登録・編集）	m03-41	m03-41_admin_product_product_category_csv_import（管理画面_商品管理_カテゴリCSV登録）	8	shared_update_table,shared_external,same_domain	dtb_category	dtb_category	API,CSV,バッチ
m03-11	m03-11_admin_product_product_category_register_edit（管理画面_商品管理_カテゴリ登録・編集）	f03-03	F03-03（商品詳細検索）	7	shared_db_table,shared_external,same_domain_cross_layer		dtb_category	API,バッチ
m03-11	m03-11_admin_product_product_category_register_edit（管理画面_商品管理_カテゴリ登録・編集）	f03-04	F03-04（カテゴリ一覧）	7	shared_db_table,shared_external,same_domain_cross_layer		dtb_category	API,バッチ
m03-11	m03-11_admin_product_product_category_register_edit（管理画面_商品管理_カテゴリ登録・編集）	m03-12	商品管理 — カテゴリ CSV 出力	6	shared_db_table,shared_external,same_domain		dtb_category	API,CSV,バッチ
m03-11	m03-11_admin_product_product_category_register_edit（管理画面_商品管理_カテゴリ登録・編集）	a02-01	API 商品管理 — ポップアップ用商品情報取得	4	shared_external,same_domain_cross_layer			API
m03-11	m03-11_admin_product_product_category_register_edit（管理画面_商品管理_カテゴリ登録・編集）	a02-02	API 商品管理 — ポップアップ用カード情報取得	4	shared_external,same_domain_cross_layer			API
m03-11	m03-11_admin_product_product_category_register_edit（管理画面_商品管理_カテゴリ登録・編集）	a02-03	API 商品管理 — ポップアップ用商品情報取得（旧商品ID）	4	shared_external,same_domain_cross_layer			API
m03-11	m03-11_admin_product_product_category_register_edit（管理画面_商品管理_カテゴリ登録・編集）	a02-04	API 商品管理 — ポップアップ用カード情報取得（旧商品ID）	4	shared_external,same_domain_cross_layer			API
m03-11	m03-11_admin_product_product_category_register_edit（管理画面_商品管理_カテゴリ登録・編集）	a02-05	API 商品管理 — 更新商品規格取得	4	shared_external,same_domain_cross_layer			API,支店
m03-11	m03-11_admin_product_product_category_register_edit（管理画面_商品管理_カテゴリ登録・編集）	a06-09	API 店頭買取管理 — 商品名から商品詳細の情報を取得	4	shared_external,same_domain_cross_layer			API,支店
m03-11	m03-11_admin_product_product_category_register_edit（管理画面_商品管理_カテゴリ登録・編集）	a17-05	API 店頭買取管理 — 商品名から商品詳細の情報を取得	4	shared_external,same_domain_cross_layer			API,支店
m03-12	商品管理 — カテゴリ CSV 出力	a02-05	API 商品管理 — 更新商品規格取得	9	shared_update_table,shared_external,same_domain_cross_layer	dtb_product_category	dtb_product_category	API
m03-12	商品管理 — カテゴリ CSV 出力	m03-02	M03-02（商品編集機能）	8	shared_update_table,shared_external,same_domain	dtb_product_category	dtb_product_category	API,CSV,バッチ
m03-12	商品管理 — カテゴリ CSV 出力	m03-26	m03-26_admin_product_product_card_csv_import（管理画面_商品管理_カード商品CSV登録）	8	shared_update_table,shared_external,same_domain	dtb_product_category	dtb_product_category	API,CSV,バッチ
m03-12	商品管理 — カテゴリ CSV 出力	m03-27	m03-27_admin_product_product_goods_csv_import（管理画面_商品管理_グッズ商品CSV登録）	8	shared_update_table,shared_external,same_domain	dtb_product_category	dtb_product_category	API,CSV,バッチ
m03-12	商品管理 — カテゴリ CSV 出力	m03-45	m03-45_admin_product_product_category_list（管理画面_商品管理_カテゴリ一覧）	8	shared_db_table,shared_external,same_domain		dtb_category,dtb_csv,dtb_product_category	API,CSV,バッチ
m03-12	商品管理 — カテゴリ CSV 出力	f03-03	F03-03（商品詳細検索）	7	shared_db_table,shared_external,same_domain_cross_layer		dtb_category	API,バッチ
m03-12	商品管理 — カテゴリ CSV 出力	f03-04	F03-04（カテゴリ一覧）	7	shared_db_table,shared_external,same_domain_cross_layer		dtb_category	API,バッチ
m03-12	商品管理 — カテゴリ CSV 出力	m03-41	m03-41_admin_product_product_category_csv_import（管理画面_商品管理_カテゴリCSV登録）	7	shared_db_table,shared_external,same_domain		dtb_category,dtb_csv	API,CSV,バッチ
m03-12	商品管理 — カテゴリ CSV 出力	m03-01	m03-01_admin_product_product_search_list（管理画面_商品管理_商品検索・一覧）	6	shared_db_table,shared_external,same_domain		dtb_product_category	API,CSV,バッチ
m03-12	商品管理 — カテゴリ CSV 出力	m03-06	商品管理 — カスタムデータ CSV ダウンロード（商品情報）	6	shared_db_table,shared_external,same_domain		dtb_csv	API,CSV,バッチ
m03-12	商品管理 — カテゴリ CSV 出力	m03-11	m03-11_admin_product_product_category_register_edit（管理画面_商品管理_カテゴリ登録・編集）	6	shared_db_table,shared_external,same_domain		dtb_category	API,CSV,バッチ
m03-12	商品管理 — カテゴリ CSV 出力	m03-19	商品管理 — 部門 CSV 出力	6	shared_db_table,shared_external,same_domain		dtb_csv	API,CSV,バッチ
m03-13	商品管理 — タグ登録/編集	m03-28	m03-28_admin_product_product_product_tag_csv_import（管理画面_商品管理_商品タグ更新CSV登録）	8	shared_update_table,shared_external,same_domain	dtb_tag	dtb_product_tag,dtb_tag	API,CSV,バッチ
m03-13	商品管理 — タグ登録/編集	m03-17	商品管理 — 売上分析タグ登録/編集	7	reverse_ref,shared_external,same_domain			API,CSV,バッチ
m03-13	商品管理 — タグ登録/編集	m03-29	m03-29_admin_product_product_tag_sales_analysis_csv_import（管理画面_商品管理_売上分析タグ更新CSV登録）	7	reverse_ref,shared_external,same_domain			API,CSV,バッチ
m03-13	商品管理 — タグ登録/編集	m09-10	M09-10（支店トップページ管理）	7	shared_update_table,shared_external	dtb_tag	dtb_tag	API,バッチ
m03-13	商品管理 — タグ登録/編集	m03-01	m03-01_admin_product_product_search_list（管理画面_商品管理_商品検索・一覧）	6	shared_db_table,shared_external,same_domain		dtb_product_tag	API,CSV,バッチ
m03-13	商品管理 — タグ登録/編集	m03-02	M03-02（商品編集機能）	6	shared_db_table,shared_external,same_domain		dtb_product_tag	API,CSV,バッチ
m03-13	商品管理 — タグ登録/編集	m03-03	m03-03_admin_product_product_card_csv_export（管理画面_商品管理_カード商品CSV出力）	6	shared_db_table,shared_external,same_domain		dtb_product_tag	API,CSV,バッチ
m03-13	商品管理 — タグ登録/編集	m03-04	m03-04_admin_product_product_goods_csv_export（管理画面_商品管理_グッズ商品CSV出力）	6	shared_db_table,shared_external,same_domain		dtb_product_tag	API,CSV,バッチ
m03-13	商品管理 — タグ登録/編集	m03-05	m03-05_admin_product_product_sale_price_csv_export（管理画面_商品管理_セール用価格変更CSV出力）	6	shared_db_table,shared_external,same_domain		dtb_product_tag	API,CSV,バッチ
m03-13	商品管理 — タグ登録/編集	m03-26	m03-26_admin_product_product_card_csv_import（管理画面_商品管理_カード商品CSV登録）	6	shared_db_table,shared_external,same_domain		dtb_product_tag	API,CSV,バッチ
m03-13	商品管理 — タグ登録/編集	m03-27	m03-27_admin_product_product_goods_csv_import（管理画面_商品管理_グッズ商品CSV登録）	6	shared_db_table,shared_external,same_domain		dtb_product_tag	API,CSV,バッチ
m03-13	商品管理 — タグ登録/編集	m03-30	m03-30_admin_product_product_product_price_csv_import（管理画面_商品管理_セール用価格変更CSV登録）	6	shared_db_table,shared_external,same_domain		dtb_product_tag	API,CSV,バッチ
m03-14	m03-14_admin_product_product_abbreviation_tag_register_edit（商品管理 — 略称タグ登録／編集）	m03-16	商品管理 — 略称タグCSV入力	8	shared_update_table,shared_external,same_domain	mtb_storage_code	mtb_storage_code	API,CSV,バッチ
m03-14	m03-14_admin_product_product_abbreviation_tag_register_edit（商品管理 — 略称タグ登録／編集）	m03-37	m03-37_admin_product_product_storage_code_csv_import（管理画面_商品管理_略称タグ更新CSV登録）	8	shared_update_table,shared_external,same_domain	mtb_storage_code	mtb_storage_code	API,CSV,バッチ
m03-14	m03-14_admin_product_product_abbreviation_tag_register_edit（商品管理 — 略称タグ登録／編集）	m03-15	商品管理 — 略称タグCSV出力	6	shared_db_table,shared_external,same_domain		mtb_storage_code	API,CSV,バッチ
m03-14	m03-14_admin_product_product_abbreviation_tag_register_edit（商品管理 — 略称タグ登録／編集）	m04-33	M04-33（戻しリストCSV）	5	shared_db_table,shared_external		mtb_storage_code	CSV
m03-14	m03-14_admin_product_product_abbreviation_tag_register_edit（商品管理 — 略称タグ登録／編集）	m04-34	M04-34（戻しリストPDF）	5	shared_db_table,shared_external		mtb_storage_code	CSV
m03-14	m03-14_admin_product_product_abbreviation_tag_register_edit（商品管理 — 略称タグ登録／編集）	a02-01	API 商品管理 — ポップアップ用商品情報取得	4	shared_external,same_domain_cross_layer			API
m03-14	m03-14_admin_product_product_abbreviation_tag_register_edit（商品管理 — 略称タグ登録／編集）	a02-02	API 商品管理 — ポップアップ用カード情報取得	4	shared_external,same_domain_cross_layer			API
m03-14	m03-14_admin_product_product_abbreviation_tag_register_edit（商品管理 — 略称タグ登録／編集）	a02-03	API 商品管理 — ポップアップ用商品情報取得（旧商品ID）	4	shared_external,same_domain_cross_layer			API
m03-14	m03-14_admin_product_product_abbreviation_tag_register_edit（商品管理 — 略称タグ登録／編集）	a02-04	API 商品管理 — ポップアップ用カード情報取得（旧商品ID）	4	shared_external,same_domain_cross_layer			API
m03-14	m03-14_admin_product_product_abbreviation_tag_register_edit（商品管理 — 略称タグ登録／編集）	a02-05	API 商品管理 — 更新商品規格取得	4	shared_external,same_domain_cross_layer			API
m03-14	m03-14_admin_product_product_abbreviation_tag_register_edit（商品管理 — 略称タグ登録／編集）	a06-09	API 店頭買取管理 — 商品名から商品詳細の情報を取得	4	shared_external,same_domain_cross_layer			API
m03-14	m03-14_admin_product_product_abbreviation_tag_register_edit（商品管理 — 略称タグ登録／編集）	a17-05	API 店頭買取管理 — 商品名から商品詳細の情報を取得	4	shared_external,same_domain_cross_layer			API
m03-15	商品管理 — 略称タグCSV出力	m03-37	m03-37_admin_product_product_storage_code_csv_import（管理画面_商品管理_略称タグ更新CSV登録）	10	reverse_ref,shared_db_table,shared_external,same_domain		mtb_storage_code	API,CSV,バッチ
m03-15	商品管理 — 略称タグCSV出力	m03-14	m03-14_admin_product_product_abbreviation_tag_register_edit（商品管理 — 略称タグ登録／編集）	6	shared_db_table,shared_external,same_domain		mtb_storage_code	API,CSV,バッチ
m03-15	商品管理 — 略称タグCSV出力	m03-16	商品管理 — 略称タグCSV入力	6	shared_db_table,shared_external,same_domain		mtb_storage_code	API,CSV,バッチ
m03-15	商品管理 — 略称タグCSV出力	m04-33	M04-33（戻しリストCSV）	5	shared_db_table,shared_external		mtb_storage_code	CSV,支店
m03-15	商品管理 — 略称タグCSV出力	m04-34	M04-34（戻しリストPDF）	5	shared_db_table,shared_external		mtb_storage_code	CSV,支店
m03-15	商品管理 — 略称タグCSV出力	a02-01	API 商品管理 — ポップアップ用商品情報取得	4	shared_external,same_domain_cross_layer			API
m03-15	商品管理 — 略称タグCSV出力	a02-02	API 商品管理 — ポップアップ用カード情報取得	4	shared_external,same_domain_cross_layer			API
m03-15	商品管理 — 略称タグCSV出力	a02-03	API 商品管理 — ポップアップ用商品情報取得（旧商品ID）	4	shared_external,same_domain_cross_layer			API
m03-15	商品管理 — 略称タグCSV出力	a02-04	API 商品管理 — ポップアップ用カード情報取得（旧商品ID）	4	shared_external,same_domain_cross_layer			API
m03-15	商品管理 — 略称タグCSV出力	a02-05	API 商品管理 — 更新商品規格取得	4	shared_external,same_domain_cross_layer			API,支店
m03-15	商品管理 — 略称タグCSV出力	a06-09	API 店頭買取管理 — 商品名から商品詳細の情報を取得	4	shared_external,same_domain_cross_layer			API,支店
m03-15	商品管理 — 略称タグCSV出力	a17-05	API 店頭買取管理 — 商品名から商品詳細の情報を取得	4	shared_external,same_domain_cross_layer			API,支店
m03-16	商品管理 — 略称タグCSV入力	m03-37	m03-37_admin_product_product_storage_code_csv_import（管理画面_商品管理_略称タグ更新CSV登録）	12	reverse_ref,shared_update_table,shared_external,same_domain	mtb_storage_code	mtb_storage_code	API,CSV,バッチ
m03-16	商品管理 — 略称タグCSV入力	m03-14	m03-14_admin_product_product_abbreviation_tag_register_edit（商品管理 — 略称タグ登録／編集）	8	shared_update_table,shared_external,same_domain	mtb_storage_code	mtb_storage_code	API,CSV,バッチ
m03-16	商品管理 — 略称タグCSV入力	m03-15	商品管理 — 略称タグCSV出力	6	shared_db_table,shared_external,same_domain		mtb_storage_code	API,CSV,バッチ
m03-16	商品管理 — 略称タグCSV入力	m04-33	M04-33（戻しリストCSV）	5	shared_db_table,shared_external		mtb_storage_code	CSV
m03-16	商品管理 — 略称タグCSV入力	m04-34	M04-34（戻しリストPDF）	5	shared_db_table,shared_external		mtb_storage_code	CSV
m03-16	商品管理 — 略称タグCSV入力	a02-01	API 商品管理 — ポップアップ用商品情報取得	4	shared_external,same_domain_cross_layer			API
m03-16	商品管理 — 略称タグCSV入力	a02-02	API 商品管理 — ポップアップ用カード情報取得	4	shared_external,same_domain_cross_layer			API
m03-16	商品管理 — 略称タグCSV入力	a02-03	API 商品管理 — ポップアップ用商品情報取得（旧商品ID）	4	shared_external,same_domain_cross_layer			API
m03-16	商品管理 — 略称タグCSV入力	a02-04	API 商品管理 — ポップアップ用カード情報取得（旧商品ID）	4	shared_external,same_domain_cross_layer			API
m03-16	商品管理 — 略称タグCSV入力	a02-05	API 商品管理 — 更新商品規格取得	4	shared_external,same_domain_cross_layer			API
m03-16	商品管理 — 略称タグCSV入力	a06-09	API 店頭買取管理 — 商品名から商品詳細の情報を取得	4	shared_external,same_domain_cross_layer			API
m03-16	商品管理 — 略称タグCSV入力	a17-05	API 店頭買取管理 — 商品名から商品詳細の情報を取得	4	shared_external,same_domain_cross_layer			API
m03-17	商品管理 — 売上分析タグ登録/編集	m03-29	m03-29_admin_product_product_tag_sales_analysis_csv_import（管理画面_商品管理_売上分析タグ更新CSV登録）	9	shared_update_table,shared_external,same_domain	dtb_product_tag_sales_analysis,mtb_tag_sales_analysis	dtb_product_tag_sales_analysis,mtb_tag_sales_analysis	API,CSV,バッチ
m03-17	商品管理 — 売上分析タグ登録/編集	m03-13	商品管理 — タグ登録/編集	8	direct_ref,shared_external,same_domain			API,CSV,バッチ
m03-17	商品管理 — 売上分析タグ登録/編集	m03-27	m03-27_admin_product_product_goods_csv_import（管理画面_商品管理_グッズ商品CSV登録）	6	shared_db_table,shared_external,same_domain		dtb_product_tag_sales_analysis	API,CSV,バッチ
m03-17	商品管理 — 売上分析タグ登録/編集	m12-07	M12-07（フォーマット売上分析 集計一覧表示）	6	shared_db_table,shared_external		dtb_order_item_tag_sales_analysis,mtb_tag_sales_analysis	API,CSV,バッチ
m03-17	商品管理 — 売上分析タグ登録/編集	m12-08	M12-08（フォーマット売上分析 CSVダウンロード）	6	shared_db_table,shared_external		dtb_order_item_tag_sales_analysis,mtb_tag_sales_analysis	API,CSV,バッチ
m03-17	商品管理 — 売上分析タグ登録/編集	a02-01	API 商品管理 — ポップアップ用商品情報取得	4	shared_external,same_domain_cross_layer			API
m03-17	商品管理 — 売上分析タグ登録/編集	a02-02	API 商品管理 — ポップアップ用カード情報取得	4	shared_external,same_domain_cross_layer			API
m03-17	商品管理 — 売上分析タグ登録/編集	a02-03	API 商品管理 — ポップアップ用商品情報取得（旧商品ID）	4	shared_external,same_domain_cross_layer			API
m03-17	商品管理 — 売上分析タグ登録/編集	a02-04	API 商品管理 — ポップアップ用カード情報取得（旧商品ID）	4	shared_external,same_domain_cross_layer			API
m03-17	商品管理 — 売上分析タグ登録/編集	a02-05	API 商品管理 — 更新商品規格取得	4	shared_external,same_domain_cross_layer			API
m03-17	商品管理 — 売上分析タグ登録/編集	a06-09	API 店頭買取管理 — 商品名から商品詳細の情報を取得	4	shared_external,same_domain_cross_layer			API
m03-17	商品管理 — 売上分析タグ登録/編集	a17-05	API 店頭買取管理 — 商品名から商品詳細の情報を取得	4	shared_external,same_domain_cross_layer			API
m03-18	商品管理 — 部門登録／編集	m03-20	商品管理 — 部門CSV入力	13	reverse_ref,shared_update_table,shared_external,same_domain	dtb_product_class,mtb_section	dtb_product_class,mtb_section	API,CSV,スマレジ,バッチ
m03-18	商品管理 — 部門登録／編集	m03-35	m03-35_admin_product_product_section_csv_import（管理画面_商品管理_部門更新CSV登録）	13	reverse_ref,shared_update_table,shared_external,same_domain	dtb_product_class,mtb_section	dtb_product_class,mtb_section	API,CSV,バッチ
m03-18	商品管理 — 部門登録／編集	m03-19	商品管理 — 部門 CSV 出力	10	reverse_ref,shared_db_table,shared_external,same_domain		mtb_section	API,CSV,スマレジ,バッチ
m03-18	商品管理 — 部門登録／編集	a02-05	API 商品管理 — 更新商品規格取得	9	shared_update_table,shared_external,same_domain_cross_layer	dtb_product_class	dtb_product_class	API,スマレジ
m03-18	商品管理 — 部門登録／編集	b02-02	バッチ 商品管理 — 入荷通知キャンセル	9	shared_update_table,shared_external,same_domain_cross_layer	dtb_product_class	dtb_product_class	API,バッチ
m03-18	商品管理 — 部門登録／編集	f03-02	F03-02（商品詳細）	9	shared_update_table,shared_external,same_domain_cross_layer	dtb_product_class	dtb_product_class	API,バッチ
m03-18	商品管理 — 部門登録／編集	b02-04	バッチ 商品管理 — 商品部門未設定チェック	8	shared_db_table,shared_external,same_domain_cross_layer		dtb_product_class,mtb_section	API,バッチ
m03-18	商品管理 — 部門登録／編集	m03-09	M03-09（商品規格登録/編集）	8	shared_update_table,shared_external,same_domain	dtb_product_class	dtb_product_class	API,CSV,バッチ
m03-18	商品管理 — 部門登録／編集	m03-10	m03-10_admin_product_product_bulk_buy_standard_price_edit（管理画面_商品管理_買取・基準価格一括編集）	8	shared_update_table,shared_external,same_domain	dtb_product_class	dtb_product_class	API,CSV,バッチ
m03-18	商品管理 — 部門登録／編集	m03-21	商品管理 — 棚番号登録/編集	8	shared_update_table,shared_external,same_domain	dtb_product_class	dtb_product_class	API,CSV,バッチ
m03-18	商品管理 — 部門登録／編集	m03-26	m03-26_admin_product_product_card_csv_import（管理画面_商品管理_カード商品CSV登録）	8	shared_update_table,shared_external,same_domain	dtb_product_class	dtb_product_class	API,CSV,スマレジ,バッチ
m03-18	商品管理 — 部門登録／編集	m03-27	m03-27_admin_product_product_goods_csv_import（管理画面_商品管理_グッズ商品CSV登録）	8	shared_update_table,shared_external,same_domain	dtb_product_class	dtb_product_class	API,CSV,スマレジ,バッチ
m03-19	商品管理 — 部門 CSV 出力	m03-18	商品管理 — 部門登録／編集	11	direct_ref,shared_db_table,shared_external,same_domain		mtb_section	API,CSV,スマレジ,バッチ
m03-19	商品管理 — 部門 CSV 出力	m03-20	商品管理 — 部門CSV入力	10	reverse_ref,shared_db_table,shared_external,same_domain		mtb_section	API,CSV,スマレジ,バッチ
m03-19	商品管理 — 部門 CSV 出力	b02-04	バッチ 商品管理 — 商品部門未設定チェック	7	shared_db_table,shared_external,same_domain_cross_layer		mtb_section	API,バッチ
m03-19	商品管理 — 部門 CSV 出力	m03-04	m03-04_admin_product_product_goods_csv_export（管理画面_商品管理_グッズ商品CSV出力）	6	shared_db_table,shared_external,same_domain		mtb_section	API,CSV,スマレジ,バッチ
m03-19	商品管理 — 部門 CSV 出力	m03-06	商品管理 — カスタムデータ CSV ダウンロード（商品情報）	6	shared_db_table,shared_external,same_domain		dtb_csv	API,CSV,バッチ
m03-19	商品管理 — 部門 CSV 出力	m03-12	商品管理 — カテゴリ CSV 出力	6	shared_db_table,shared_external,same_domain		dtb_csv	API,CSV,バッチ
m03-19	商品管理 — 部門 CSV 出力	m03-35	m03-35_admin_product_product_section_csv_import（管理画面_商品管理_部門更新CSV登録）	6	shared_db_table,shared_external,same_domain		mtb_section	API,CSV,バッチ
m03-19	商品管理 — 部門 CSV 出力	m03-41	m03-41_admin_product_product_category_csv_import（管理画面_商品管理_カテゴリCSV登録）	6	shared_db_table,shared_external,same_domain		dtb_csv	API,CSV,バッチ
m03-19	商品管理 — 部門 CSV 出力	m03-45	m03-45_admin_product_product_category_list（管理画面_商品管理_カテゴリ一覧）	6	shared_db_table,shared_external,same_domain		dtb_csv	API,CSV,バッチ
m03-19	商品管理 — 部門 CSV 出力	a06-03	API 店頭買取管理 — 店頭買取受注詳細更新	5	shared_db_table,shared_external		mtb_section	API
m03-19	商品管理 — 部門 CSV 出力	a06-11	API 店頭買取管理 — 部門一覧を取得	5	shared_db_table,shared_external		mtb_section	API
m03-19	商品管理 — 部門 CSV 出力	m04-05	在庫管理 — 在庫情報カスタムCSV出力	5	shared_db_table,shared_external		dtb_csv	API,CSV,バッチ
m03-20	商品管理 — 部門CSV入力	m03-18	商品管理 — 部門登録／編集	14	direct_ref,shared_update_table,shared_external,same_domain	dtb_product_class,mtb_section	dtb_product_class,mtb_section	API,CSV,スマレジ,バッチ
m03-20	商品管理 — 部門CSV入力	m03-19	商品管理 — 部門 CSV 出力	11	direct_ref,shared_db_table,shared_external,same_domain		mtb_section	API,CSV,スマレジ,バッチ
m03-20	商品管理 — 部門CSV入力	m03-35	m03-35_admin_product_product_section_csv_import（管理画面_商品管理_部門更新CSV登録）	10	shared_update_table,shared_external,same_domain	dtb_csv_import_history,dtb_product_class,mtb_section	dtb_csv_import_history,dtb_product_class,mtb_section	API,CSV,バッチ
m03-20	商品管理 — 部門CSV入力	m03-36	m03-36_admin_product_product_buy_discount_csv_import（管理画面_商品管理_買取減額率変更CSV登録）	10	shared_update_table,shared_external,same_domain	dtb_csv_import_history,dtb_product_class,mtb_csv_import_type	dtb_csv_import_history,dtb_product_class,mtb_csv_import_type	API,CSV,バッチ
m03-20	商品管理 — 部門CSV入力	a02-05	API 商品管理 — 更新商品規格取得	9	shared_update_table,shared_external,same_domain_cross_layer	dtb_product_class	dtb_product_class	API,スマレジ
m03-20	商品管理 — 部門CSV入力	b02-02	バッチ 商品管理 — 入荷通知キャンセル	9	shared_update_table,shared_external,same_domain_cross_layer	dtb_product_class	dtb_product_class	API,バッチ
m03-20	商品管理 — 部門CSV入力	f03-02	F03-02（商品詳細）	9	shared_update_table,shared_external,same_domain_cross_layer	dtb_product_class	dtb_product_class	API,バッチ
m03-20	商品管理 — 部門CSV入力	m03-26	m03-26_admin_product_product_card_csv_import（管理画面_商品管理_カード商品CSV登録）	9	shared_update_table,shared_external,same_domain	dtb_csv_import_history,dtb_product_class	dtb_csv_import_history,dtb_product_class	API,CSV,スマレジ,バッチ
m03-20	商品管理 — 部門CSV入力	m03-27	m03-27_admin_product_product_goods_csv_import（管理画面_商品管理_グッズ商品CSV登録）	9	shared_update_table,shared_external,same_domain	dtb_csv_import_history,dtb_product_class	dtb_csv_import_history,dtb_product_class,mtb_csv_import_type	API,CSV,スマレジ,バッチ
m03-20	商品管理 — 部門CSV入力	m03-30	m03-30_admin_product_product_product_price_csv_import（管理画面_商品管理_セール用価格変更CSV登録）	9	shared_update_table,shared_external,same_domain	dtb_csv_import_history,dtb_product_class	dtb_csv_import_history,dtb_product_class	API,CSV,スマレジ,バッチ
m03-20	商品管理 — 部門CSV入力	m03-32	m03-32_admin_product_product_simple_high_price_csv_import（管理画面_商品管理_高額商品価格変更CSV登録）	9	shared_update_table,shared_external,same_domain	dtb_csv_import_history,dtb_product_class	dtb_csv_import_history,dtb_product_class,mtb_csv_import_type	API,CSV,バッチ
m03-20	商品管理 — 部門CSV入力	m03-33	m03-33_admin_product_product_sale_high_price_csv_import（管理画面_商品管理_セール用高額商品価格変更CSV登録）	9	shared_update_table,shared_external,same_domain	dtb_csv_import_history,dtb_product_class	dtb_csv_import_history,dtb_product_class	API,CSV,スマレジ,バッチ
m03-21	商品管理 — 棚番号登録/編集	a02-05	API 商品管理 — 更新商品規格取得	10	shared_update_table,shared_external,same_domain_cross_layer	dtb_product_class,dtb_product_sub_class	dtb_product_class,dtb_product_sub_class	API
m03-21	商品管理 — 棚番号登録/編集	b02-02	バッチ 商品管理 — 入荷通知キャンセル	9	shared_update_table,shared_external,same_domain_cross_layer	dtb_product_class	dtb_product_class	API,バッチ
m03-21	商品管理 — 棚番号登録/編集	f03-02	F03-02（商品詳細）	9	shared_update_table,shared_external,same_domain_cross_layer	dtb_product_class	dtb_product_class	API,バッチ
m03-21	商品管理 — 棚番号登録/編集	m03-09	M03-09（商品規格登録/編集）	9	shared_update_table,shared_external,same_domain	dtb_product_class,dtb_product_sub_class	dtb_product_class,dtb_product_sub_class	API,CSV,バッチ
m03-21	商品管理 — 棚番号登録/編集	m03-31	M03-31（セール用価格変更CSV登録）	9	shared_update_table,shared_external,same_domain	dtb_product_class,dtb_product_sub_class	dtb_product_class,dtb_product_sub_class	API,CSV,バッチ
m03-21	商品管理 — 棚番号登録/編集	m03-40	m03-40_admin_product_product_shelf_number_csv_import（管理画面_商品管理_棚番号更新CSV登録）	9	shared_update_table,shared_external,same_domain	dtb_product_class,dtb_shelf_number	dtb_product_class,dtb_shelf_number	API,CSV,バッチ
m03-21	商品管理 — 棚番号登録/編集	a02-01	API 商品管理 — ポップアップ用商品情報取得	8	shared_db_table,shared_external,same_domain_cross_layer		dtb_product_class,dtb_product_sub_class	API
m03-21	商品管理 — 棚番号登録/編集	a02-02	API 商品管理 — ポップアップ用カード情報取得	8	shared_db_table,shared_external,same_domain_cross_layer		dtb_product_class,dtb_product_sub_class	API
m03-21	商品管理 — 棚番号登録/編集	a02-03	API 商品管理 — ポップアップ用商品情報取得（旧商品ID）	8	shared_db_table,shared_external,same_domain_cross_layer		dtb_product_class,dtb_product_sub_class	API
m03-21	商品管理 — 棚番号登録/編集	a02-04	API 商品管理 — ポップアップ用カード情報取得（旧商品ID）	8	shared_db_table,shared_external,same_domain_cross_layer		dtb_product_class,dtb_product_sub_class	API
m03-21	商品管理 — 棚番号登録/編集	a06-09	API 店頭買取管理 — 商品名から商品詳細の情報を取得	8	shared_db_table,shared_external,same_domain_cross_layer		dtb_product_class,dtb_product_sub_class	API
m03-21	商品管理 — 棚番号登録/編集	a17-05	API 店頭買取管理 — 商品名から商品詳細の情報を取得	8	shared_db_table,shared_external,same_domain_cross_layer		dtb_product_class,dtb_product_sub_class	API
m03-22	商品管理 — 購入グループ管理	m05-07	m05-07_admin_order_order_labels_csv_export（管理画面_受注管理_送り状CSV出力）	5	shared_db_table,shared_external		dtb_delivery	API,CSV,バッチ
m03-22	商品管理 — 購入グループ管理	m05-09	m05-09_admin_order_order_print_delivery_slips_ja（受注管理_納品書印刷（日本語））	5	shared_db_table,shared_external		dtb_delivery	API,CSV,バッチ
m03-22	商品管理 — 購入グループ管理	m05-10	m05-10_admin_order_order_print_delivery_slips_en（受注管理 — 納品書印刷・英語）	5	shared_db_table,shared_external		dtb_delivery	API,バッチ
m03-22	商品管理 — 購入グループ管理	m05-22	m05-22_admin_order_order_shipping_standby_print_delivery_slips_ja（受注管理_出荷指示_納品書印刷（日本語））	5	shared_db_table,shared_external		dtb_delivery	API,CSV,バッチ
m03-22	商品管理 — 購入グループ管理	m05-23	m05-23_admin_order_order_shipping_standby_print_delivery_slips_en（管理画面_受注管理_出荷指示_納品書印刷_英語）	5	shared_db_table,shared_external		dtb_delivery	API,バッチ
m03-22	商品管理 — 購入グループ管理	m10-04	店舗設定 — 支払方法管理（支払方法・手数料・利用条件）	5	shared_db_table,shared_external		dtb_payment	API,バッチ
m03-22	商品管理 — 購入グループ管理	m10-06	店舗基本設定 — 配送業者・配送料・お届け時間（配送方法管理）	5	shared_db_table,shared_external		dtb_delivery	API,バッチ
m03-22	商品管理 — 購入グループ管理	a02-01	API 商品管理 — ポップアップ用商品情報取得	4	shared_external,same_domain_cross_layer			API
m03-22	商品管理 — 購入グループ管理	a02-02	API 商品管理 — ポップアップ用カード情報取得	4	shared_external,same_domain_cross_layer			API
m03-22	商品管理 — 購入グループ管理	a02-03	API 商品管理 — ポップアップ用商品情報取得（旧商品ID）	4	shared_external,same_domain_cross_layer			API
m03-22	商品管理 — 購入グループ管理	a02-04	API 商品管理 — ポップアップ用カード情報取得（旧商品ID）	4	shared_external,same_domain_cross_layer			API
m03-22	商品管理 — 購入グループ管理	a02-05	API 商品管理 — 更新商品規格取得	4	shared_external,same_domain_cross_layer			API
m03-23	商品管理 — 買取/販売価格履歴（検索・一覧・CSV出力）	m03-24	商品管理 — 買取/販売価格履歴 CSV 出力	12	reverse_ref,shared_update_table,shared_external,same_domain	dtb_price_history	dtb_price_history,dtb_product_class	API,CSV,バッチ
m03-23	商品管理 — 買取/販売価格履歴（検索・一覧・CSV出力）	a02-02	API 商品管理 — ポップアップ用カード情報取得	9	shared_db_table,shared_external,same_domain_cross_layer		dtb_product,dtb_product_class,mtb_card,mtb_card_detail	API
m03-23	商品管理 — 買取/販売価格履歴（検索・一覧・CSV出力）	a02-03	API 商品管理 — ポップアップ用商品情報取得（旧商品ID）	9	shared_db_table,shared_external,same_domain_cross_layer		dtb_product,dtb_product_class,mtb_card	API
m03-23	商品管理 — 買取/販売価格履歴（検索・一覧・CSV出力）	a02-04	API 商品管理 — ポップアップ用カード情報取得（旧商品ID）	9	shared_db_table,shared_external,same_domain_cross_layer		dtb_product,dtb_product_class,mtb_card	API
m03-23	商品管理 — 買取/販売価格履歴（検索・一覧・CSV出力）	a06-09	API 店頭買取管理 — 商品名から商品詳細の情報を取得	9	shared_db_table,shared_external,same_domain_cross_layer		dtb_product,dtb_product_class,mtb_card,mtb_card_detail	API
m03-23	商品管理 — 買取/販売価格履歴（検索・一覧・CSV出力）	a17-05	API 店頭買取管理 — 商品名から商品詳細の情報を取得	9	shared_db_table,shared_external,same_domain_cross_layer		dtb_product,dtb_product_class,mtb_card,mtb_card_detail	API
m03-23	商品管理 — 買取/販売価格履歴（検索・一覧・CSV出力）	a02-05	API 商品管理 — 更新商品規格取得	8	shared_db_table,shared_external,same_domain_cross_layer		dtb_product,dtb_product_class	API
m03-23	商品管理 — 買取/販売価格履歴（検索・一覧・CSV出力）	b02-02	バッチ 商品管理 — 入荷通知キャンセル	8	shared_db_table,shared_external,same_domain_cross_layer		dtb_product,dtb_product_class	API,バッチ
m03-23	商品管理 — 買取/販売価格履歴（検索・一覧・CSV出力）	b02-04	バッチ 商品管理 — 商品部門未設定チェック	8	shared_db_table,shared_external,same_domain_cross_layer		dtb_product,dtb_product_class	API,バッチ
m03-23	商品管理 — 買取/販売価格履歴（検索・一覧・CSV出力）	f03-01	F03-01（商品一覧）	8	shared_db_table,shared_external,same_domain_cross_layer		dtb_product,dtb_product_class	API,バッチ
m03-23	商品管理 — 買取/販売価格履歴（検索・一覧・CSV出力）	f03-02	F03-02（商品詳細）	8	shared_db_table,shared_external,same_domain_cross_layer		dtb_product,dtb_product_class	API,バッチ
m03-23	商品管理 — 買取/販売価格履歴（検索・一覧・CSV出力）	f03-04	F03-04（カテゴリ一覧）	8	shared_db_table,shared_external,same_domain_cross_layer		mtb_cardset,mtb_rarity	API,バッチ
m03-24	商品管理 — 買取/販売価格履歴 CSV 出力	m03-23	商品管理 — 買取/販売価格履歴（検索・一覧・CSV出力）	13	direct_ref,shared_update_table,shared_external,same_domain	dtb_price_history	dtb_price_history,dtb_product_class	API,CSV,バッチ
m03-24	商品管理 — 買取/販売価格履歴 CSV 出力	m03-10	m03-10_admin_product_product_bulk_buy_standard_price_edit（管理画面_商品管理_買取・基準価格一括編集）	8	shared_update_table,shared_external,same_domain	dtb_price_history	dtb_price_history,dtb_product_class	API,CSV,バッチ
m03-24	商品管理 — 買取/販売価格履歴 CSV 出力	m03-26	m03-26_admin_product_product_card_csv_import（管理画面_商品管理_カード商品CSV登録）	8	shared_update_table,shared_external,same_domain	dtb_price_history	dtb_price_history,dtb_product_class	API,CSV,バッチ
m03-24	商品管理 — 買取/販売価格履歴 CSV 出力	m03-27	m03-27_admin_product_product_goods_csv_import（管理画面_商品管理_グッズ商品CSV登録）	8	shared_update_table,shared_external,same_domain	dtb_price_history	dtb_price_history,dtb_product_class	API,CSV,バッチ
m03-24	商品管理 — 買取/販売価格履歴 CSV 出力	m03-30	m03-30_admin_product_product_product_price_csv_import（管理画面_商品管理_セール用価格変更CSV登録）	8	shared_update_table,shared_external,same_domain	dtb_price_history	dtb_price_history,dtb_product_class	API,CSV,バッチ
m03-24	商品管理 — 買取/販売価格履歴 CSV 出力	m03-31	M03-31（セール用価格変更CSV登録）	8	shared_update_table,shared_external,same_domain	dtb_price_history	dtb_price_history,dtb_product_class	API,CSV,バッチ
m03-24	商品管理 — 買取/販売価格履歴 CSV 出力	m03-33	m03-33_admin_product_product_sale_high_price_csv_import（管理画面_商品管理_セール用高額商品価格変更CSV登録）	8	shared_update_table,shared_external,same_domain	dtb_price_history	dtb_price_history,dtb_product_class	API,CSV,バッチ
m03-24	商品管理 — 買取/販売価格履歴 CSV 出力	a02-01	API 商品管理 — ポップアップ用商品情報取得	7	shared_db_table,shared_external,same_domain_cross_layer		dtb_product_class	API
m03-24	商品管理 — 買取/販売価格履歴 CSV 出力	a02-02	API 商品管理 — ポップアップ用カード情報取得	7	shared_db_table,shared_external,same_domain_cross_layer		dtb_product_class	API
m03-24	商品管理 — 買取/販売価格履歴 CSV 出力	a02-03	API 商品管理 — ポップアップ用商品情報取得（旧商品ID）	7	shared_db_table,shared_external,same_domain_cross_layer		dtb_product_class	API
m03-24	商品管理 — 買取/販売価格履歴 CSV 出力	a02-04	API 商品管理 — ポップアップ用カード情報取得（旧商品ID）	7	shared_db_table,shared_external,same_domain_cross_layer		dtb_product_class	API
m03-24	商品管理 — 買取/販売価格履歴 CSV 出力	a02-05	API 商品管理 — 更新商品規格取得	7	shared_db_table,shared_external,same_domain_cross_layer		dtb_product_class	API
m03-25	m03-25_admin_product_product_duplicate_product_code_check（管理画面_商品管理_重複商品コード確認）	a02-02	API 商品管理 — ポップアップ用カード情報取得	8	shared_db_table,shared_external,same_domain_cross_layer		dtb_product,dtb_product_class	API
m03-25	m03-25_admin_product_product_duplicate_product_code_check（管理画面_商品管理_重複商品コード確認）	a02-03	API 商品管理 — ポップアップ用商品情報取得（旧商品ID）	8	shared_db_table,shared_external,same_domain_cross_layer		dtb_product,dtb_product_class	API
m03-25	m03-25_admin_product_product_duplicate_product_code_check（管理画面_商品管理_重複商品コード確認）	a02-04	API 商品管理 — ポップアップ用カード情報取得（旧商品ID）	8	shared_db_table,shared_external,same_domain_cross_layer		dtb_product,dtb_product_class	API
m03-25	m03-25_admin_product_product_duplicate_product_code_check（管理画面_商品管理_重複商品コード確認）	a02-05	API 商品管理 — 更新商品規格取得	8	shared_db_table,shared_external,same_domain_cross_layer		dtb_product,dtb_product_class	API
m03-25	m03-25_admin_product_product_duplicate_product_code_check（管理画面_商品管理_重複商品コード確認）	a06-09	API 店頭買取管理 — 商品名から商品詳細の情報を取得	8	shared_db_table,shared_external,same_domain_cross_layer		dtb_product,dtb_product_class	API
m03-25	m03-25_admin_product_product_duplicate_product_code_check（管理画面_商品管理_重複商品コード確認）	a17-05	API 店頭買取管理 — 商品名から商品詳細の情報を取得	8	shared_db_table,shared_external,same_domain_cross_layer		dtb_product,dtb_product_class	API
m03-25	m03-25_admin_product_product_duplicate_product_code_check（管理画面_商品管理_重複商品コード確認）	b02-02	バッチ 商品管理 — 入荷通知キャンセル	8	shared_db_table,shared_external,same_domain_cross_layer		dtb_product,dtb_product_class	API,バッチ
m03-25	m03-25_admin_product_product_duplicate_product_code_check（管理画面_商品管理_重複商品コード確認）	b02-04	バッチ 商品管理 — 商品部門未設定チェック	8	shared_db_table,shared_external,same_domain_cross_layer		dtb_product,dtb_product_class	API,バッチ
m03-25	m03-25_admin_product_product_duplicate_product_code_check（管理画面_商品管理_重複商品コード確認）	f03-01	F03-01（商品一覧）	8	shared_db_table,shared_external,same_domain_cross_layer		dtb_product,dtb_product_class	API,バッチ
m03-25	m03-25_admin_product_product_duplicate_product_code_check（管理画面_商品管理_重複商品コード確認）	f03-02	F03-02（商品詳細）	8	shared_db_table,shared_external,same_domain_cross_layer		dtb_product,dtb_product_class	API,バッチ
m03-25	m03-25_admin_product_product_duplicate_product_code_check（管理画面_商品管理_重複商品コード確認）	f03-05	商品 — 商品リコメンド（おすすめ商品ブロック）	8	shared_db_table,shared_external,same_domain_cross_layer		dtb_product,dtb_product_class	API,バッチ
m03-25	m03-25_admin_product_product_duplicate_product_code_check（管理画面_商品管理_重複商品コード確認）	a02-01	API 商品管理 — ポップアップ用商品情報取得	7	shared_db_table,shared_external,same_domain_cross_layer		dtb_product_class	API
m03-26	m03-26_admin_product_product_card_csv_import（管理画面_商品管理_カード商品CSV登録）	a02-05	API 商品管理 — 更新商品規格取得	11	shared_update_table,shared_external,same_domain_cross_layer	dtb_product,dtb_product_category,dtb_product_class,dtb_product_stock	dtb_product,dtb_product_category,dtb_product_class,dtb_product_stock	API,スマレジ,支店
m03-26	m03-26_admin_product_product_card_csv_import（管理画面_商品管理_カード商品CSV登録）	b02-02	バッチ 商品管理 — 入荷通知キャンセル	10	shared_update_table,shared_external,same_domain_cross_layer	dtb_product,dtb_product_class	dtb_product,dtb_product_class	API,バッチ
m03-26	m03-26_admin_product_product_card_csv_import（管理画面_商品管理_カード商品CSV登録）	f03-02	F03-02（商品詳細）	10	shared_update_table,shared_external,same_domain_cross_layer	dtb_product,dtb_product_class	dtb_product,dtb_product_class	API,バッチ
m03-26	m03-26_admin_product_product_card_csv_import（管理画面_商品管理_カード商品CSV登録）	m03-27	m03-27_admin_product_product_goods_csv_import（管理画面_商品管理_グッズ商品CSV登録）	10	shared_update_table,shared_external,same_domain	dtb_csv_import_history,dtb_price_history,dtb_product,dtb_product_category,dtb_product_class,dtb_product_stock	dtb_csv_import_history,dtb_price_history,dtb_product,dtb_product_category,dtb_product_class,dtb_product_stock,dtb_product_tag	API,CSV,スマレジ,バッチ,支店
m03-26	m03-26_admin_product_product_card_csv_import（管理画面_商品管理_カード商品CSV登録）	m03-30	m03-30_admin_product_product_product_price_csv_import（管理画面_商品管理_セール用価格変更CSV登録）	10	shared_update_table,shared_external,same_domain	dtb_csv_import_history,dtb_price_history,dtb_product,dtb_product_class	dtb_csv_import_history,dtb_price_history,dtb_product,dtb_product_class,dtb_product_tag	API,CSV,スマレジ,バッチ
m03-26	m03-26_admin_product_product_card_csv_import（管理画面_商品管理_カード商品CSV登録）	m03-31	M03-31（セール用価格変更CSV登録）	10	shared_update_table,shared_external,same_domain	dtb_price_history,dtb_product,dtb_product_class	dtb_csv_import_history,dtb_price_history,dtb_product,dtb_product_class,dtb_product_tag	API,CSV,バッチ,支店
m03-26	m03-26_admin_product_product_card_csv_import（管理画面_商品管理_カード商品CSV登録）	m03-33	m03-33_admin_product_product_sale_high_price_csv_import（管理画面_商品管理_セール用高額商品価格変更CSV登録）	10	shared_update_table,shared_external,same_domain	dtb_csv_import_history,dtb_price_history,dtb_product_class	dtb_csv_import_history,dtb_price_history,dtb_product,dtb_product_class,dtb_product_tag	API,CSV,スマレジ,バッチ
m03-26	m03-26_admin_product_product_card_csv_import（管理画面_商品管理_カード商品CSV登録）	m03-36	m03-36_admin_product_product_buy_discount_csv_import（管理画面_商品管理_買取減額率変更CSV登録）	10	shared_update_table,shared_external,same_domain	dtb_csv_import_history,dtb_product,dtb_product_class	dtb_csv_import_history,dtb_product,dtb_product_class	API,CSV,バッチ
m03-26	m03-26_admin_product_product_card_csv_import（管理画面_商品管理_カード商品CSV登録）	a02-02	API 商品管理 — ポップアップ用カード情報取得	9	shared_db_table,shared_external,same_domain_cross_layer		dtb_product,dtb_product_class,dtb_product_stock	API
m03-26	m03-26_admin_product_product_card_csv_import（管理画面_商品管理_カード商品CSV登録）	a02-03	API 商品管理 — ポップアップ用商品情報取得（旧商品ID）	9	shared_db_table,shared_external,same_domain_cross_layer		dtb_product,dtb_product_class,dtb_product_stock	API
m03-26	m03-26_admin_product_product_card_csv_import（管理画面_商品管理_カード商品CSV登録）	a02-04	API 商品管理 — ポップアップ用カード情報取得（旧商品ID）	9	shared_db_table,shared_external,same_domain_cross_layer		dtb_product,dtb_product_class,dtb_product_stock	API
m03-26	m03-26_admin_product_product_card_csv_import（管理画面_商品管理_カード商品CSV登録）	b02-07	バッチ 商品管理 — 週間在庫履歴更新	9	shared_update_table,shared_external,same_domain_cross_layer	dtb_product_stock	dtb_product_stock	API,CSV,スマレジ,バッチ,支店
m03-27	m03-27_admin_product_product_goods_csv_import（管理画面_商品管理_グッズ商品CSV登録）	m03-04	m03-04_admin_product_product_goods_csv_export（管理画面_商品管理_グッズ商品CSV出力）	13	direct_ref,shared_db_table,shared_external,same_domain		dtb_product,dtb_product_class,dtb_product_tag	API,CSV,スマレジ,バッチ,支店
m03-27	m03-27_admin_product_product_goods_csv_import（管理画面_商品管理_グッズ商品CSV登録）	a02-05	API 商品管理 — 更新商品規格取得	11	shared_update_table,shared_external,same_domain_cross_layer	dtb_product,dtb_product_category,dtb_product_class,dtb_product_stock	dtb_product,dtb_product_category,dtb_product_class,dtb_product_stock	API,スマレジ,支店
m03-27	m03-27_admin_product_product_goods_csv_import（管理画面_商品管理_グッズ商品CSV登録）	b02-02	バッチ 商品管理 — 入荷通知キャンセル	10	shared_update_table,shared_external,same_domain_cross_layer	dtb_product,dtb_product_class	dtb_product,dtb_product_class	API,バッチ
m03-27	m03-27_admin_product_product_goods_csv_import（管理画面_商品管理_グッズ商品CSV登録）	f03-02	F03-02（商品詳細）	10	shared_update_table,shared_external,same_domain_cross_layer	dtb_product,dtb_product_class	dtb_product,dtb_product_class	API,バッチ
m03-27	m03-27_admin_product_product_goods_csv_import（管理画面_商品管理_グッズ商品CSV登録）	m03-26	m03-26_admin_product_product_card_csv_import（管理画面_商品管理_カード商品CSV登録）	10	shared_update_table,shared_external,same_domain	dtb_csv_import_history,dtb_price_history,dtb_product,dtb_product_category,dtb_product_class,dtb_product_stock	dtb_csv_import_history,dtb_price_history,dtb_product,dtb_product_category,dtb_product_class,dtb_product_stock,dtb_product_tag	API,CSV,スマレジ,バッチ,支店
m03-27	m03-27_admin_product_product_goods_csv_import（管理画面_商品管理_グッズ商品CSV登録）	m03-30	m03-30_admin_product_product_product_price_csv_import（管理画面_商品管理_セール用価格変更CSV登録）	10	shared_update_table,shared_external,same_domain	dtb_csv_import_history,dtb_price_history,dtb_product,dtb_product_class	dtb_csv_import_history,dtb_price_history,dtb_product,dtb_product_class,dtb_product_tag	API,CSV,スマレジ,バッチ
m03-27	m03-27_admin_product_product_goods_csv_import（管理画面_商品管理_グッズ商品CSV登録）	m03-31	M03-31（セール用価格変更CSV登録）	10	shared_update_table,shared_external,same_domain	dtb_price_history,dtb_product,dtb_product_class	dtb_csv_import_history,dtb_price_history,dtb_product,dtb_product_class,dtb_product_tag	API,CSV,バッチ,支店
m03-27	m03-27_admin_product_product_goods_csv_import（管理画面_商品管理_グッズ商品CSV登録）	m03-33	m03-33_admin_product_product_sale_high_price_csv_import（管理画面_商品管理_セール用高額商品価格変更CSV登録）	10	shared_update_table,shared_external,same_domain	dtb_csv_import_history,dtb_price_history,dtb_product_class	dtb_csv_import_history,dtb_price_history,dtb_product,dtb_product_class,dtb_product_tag	API,CSV,スマレジ,バッチ
m03-27	m03-27_admin_product_product_goods_csv_import（管理画面_商品管理_グッズ商品CSV登録）	m03-36	m03-36_admin_product_product_buy_discount_csv_import（管理画面_商品管理_買取減額率変更CSV登録）	10	shared_update_table,shared_external,same_domain	dtb_csv_import_history,dtb_product,dtb_product_class	dtb_csv_import_history,dtb_product,dtb_product_class,mtb_csv_import_type	API,CSV,バッチ
m03-27	m03-27_admin_product_product_goods_csv_import（管理画面_商品管理_グッズ商品CSV登録）	a02-02	API 商品管理 — ポップアップ用カード情報取得	9	shared_db_table,shared_external,same_domain_cross_layer		dtb_product,dtb_product_class,dtb_product_stock	API
m03-27	m03-27_admin_product_product_goods_csv_import（管理画面_商品管理_グッズ商品CSV登録）	a02-03	API 商品管理 — ポップアップ用商品情報取得（旧商品ID）	9	shared_db_table,shared_external,same_domain_cross_layer		dtb_product,dtb_product_class,dtb_product_stock	API
m03-27	m03-27_admin_product_product_goods_csv_import（管理画面_商品管理_グッズ商品CSV登録）	a02-04	API 商品管理 — ポップアップ用カード情報取得（旧商品ID）	9	shared_db_table,shared_external,same_domain_cross_layer		dtb_product,dtb_product_class,dtb_product_stock	API
m03-28	m03-28_admin_product_product_product_tag_csv_import（管理画面_商品管理_商品タグ更新CSV登録）	a02-05	API 商品管理 — 更新商品規格取得	9	shared_update_table,shared_external,same_domain_cross_layer	dtb_product	dtb_product	API
m03-28	m03-28_admin_product_product_product_tag_csv_import（管理画面_商品管理_商品タグ更新CSV登録）	b02-02	バッチ 商品管理 — 入荷通知キャンセル	9	shared_update_table,shared_external,same_domain_cross_layer	dtb_product	dtb_product	API,バッチ
m03-28	m03-28_admin_product_product_product_tag_csv_import（管理画面_商品管理_商品タグ更新CSV登録）	f03-01	F03-01（商品一覧）	9	shared_update_table,shared_external,same_domain_cross_layer	dtb_product	dtb_product	API,バッチ
m03-28	m03-28_admin_product_product_product_tag_csv_import（管理画面_商品管理_商品タグ更新CSV登録）	f03-02	F03-02（商品詳細）	9	shared_update_table,shared_external,same_domain_cross_layer	dtb_product	dtb_product	API,バッチ
m03-28	m03-28_admin_product_product_product_tag_csv_import（管理画面_商品管理_商品タグ更新CSV登録）	f03-05	商品 — 商品リコメンド（おすすめ商品ブロック）	9	shared_update_table,shared_external,same_domain_cross_layer	dtb_product	dtb_product	API,バッチ
m03-28	m03-28_admin_product_product_product_tag_csv_import（管理画面_商品管理_商品タグ更新CSV登録）	m03-02	M03-02（商品編集機能）	9	shared_update_table,shared_external,same_domain	dtb_product,dtb_product_tag	dtb_product,dtb_product_tag	API,CSV,バッチ
m03-28	m03-28_admin_product_product_product_tag_csv_import（管理画面_商品管理_商品タグ更新CSV登録）	m03-26	m03-26_admin_product_product_card_csv_import（管理画面_商品管理_カード商品CSV登録）	9	shared_update_table,shared_external,same_domain	dtb_csv_import_history,dtb_product	dtb_csv_import_history,dtb_product,dtb_product_tag	API,CSV,バッチ
m03-28	m03-28_admin_product_product_product_tag_csv_import（管理画面_商品管理_商品タグ更新CSV登録）	m03-27	m03-27_admin_product_product_goods_csv_import（管理画面_商品管理_グッズ商品CSV登録）	9	shared_update_table,shared_external,same_domain	dtb_csv_import_history,dtb_product	dtb_csv_import_history,dtb_product,dtb_product_tag	API,CSV,バッチ
m03-28	m03-28_admin_product_product_product_tag_csv_import（管理画面_商品管理_商品タグ更新CSV登録）	m03-29	m03-29_admin_product_product_tag_sales_analysis_csv_import（管理画面_商品管理_売上分析タグ更新CSV登録）	9	shared_update_table,shared_external,same_domain	dtb_csv_import_history,dtb_product	dtb_csv_import_history,dtb_product	API,CSV,バッチ
m03-28	m03-28_admin_product_product_product_tag_csv_import（管理画面_商品管理_商品タグ更新CSV登録）	m03-30	m03-30_admin_product_product_product_price_csv_import（管理画面_商品管理_セール用価格変更CSV登録）	9	shared_update_table,shared_external,same_domain	dtb_csv_import_history,dtb_product	dtb_csv_import_history,dtb_product,dtb_product_tag	API,CSV,バッチ
m03-28	m03-28_admin_product_product_product_tag_csv_import（管理画面_商品管理_商品タグ更新CSV登録）	m03-31	M03-31（セール用価格変更CSV登録）	9	shared_update_table,shared_external,same_domain	dtb_product,dtb_product_tag	dtb_csv_import_history,dtb_product,dtb_product_tag	API,CSV,バッチ
m03-28	m03-28_admin_product_product_product_tag_csv_import（管理画面_商品管理_商品タグ更新CSV登録）	m03-34	m03-34_admin_product_product_discount_csv_import（管理画面_商品管理_割引率変更CSV登録）	9	shared_update_table,shared_external,same_domain	dtb_csv_import_history,dtb_product	dtb_csv_import_history,dtb_product	API,CSV,バッチ
m03-29	m03-29_admin_product_product_tag_sales_analysis_csv_import（管理画面_商品管理_売上分析タグ更新CSV登録）	a02-05	API 商品管理 — 更新商品規格取得	9	shared_update_table,shared_external,same_domain_cross_layer	dtb_product	dtb_product	API
m03-29	m03-29_admin_product_product_tag_sales_analysis_csv_import（管理画面_商品管理_売上分析タグ更新CSV登録）	b02-02	バッチ 商品管理 — 入荷通知キャンセル	9	shared_update_table,shared_external,same_domain_cross_layer	dtb_product	dtb_product	API,バッチ
m03-29	m03-29_admin_product_product_tag_sales_analysis_csv_import（管理画面_商品管理_売上分析タグ更新CSV登録）	f03-01	F03-01（商品一覧）	9	shared_update_table,shared_external,same_domain_cross_layer	dtb_product	dtb_product	API,バッチ
m03-29	m03-29_admin_product_product_tag_sales_analysis_csv_import（管理画面_商品管理_売上分析タグ更新CSV登録）	f03-02	F03-02（商品詳細）	9	shared_update_table,shared_external,same_domain_cross_layer	dtb_product	dtb_product	API,バッチ
m03-29	m03-29_admin_product_product_tag_sales_analysis_csv_import（管理画面_商品管理_売上分析タグ更新CSV登録）	f03-05	商品 — 商品リコメンド（おすすめ商品ブロック）	9	shared_update_table,shared_external,same_domain_cross_layer	dtb_product	dtb_product	API,バッチ
m03-29	m03-29_admin_product_product_tag_sales_analysis_csv_import（管理画面_商品管理_売上分析タグ更新CSV登録）	m03-17	商品管理 — 売上分析タグ登録/編集	9	shared_update_table,shared_external,same_domain	dtb_product_tag_sales_analysis,mtb_tag_sales_analysis	dtb_product_tag_sales_analysis,mtb_tag_sales_analysis	API,CSV,バッチ
m03-29	m03-29_admin_product_product_tag_sales_analysis_csv_import（管理画面_商品管理_売上分析タグ更新CSV登録）	m03-26	m03-26_admin_product_product_card_csv_import（管理画面_商品管理_カード商品CSV登録）	9	shared_update_table,shared_external,same_domain	dtb_csv_import_history,dtb_product	dtb_csv_import_history,dtb_product	API,CSV,バッチ
m03-29	m03-29_admin_product_product_tag_sales_analysis_csv_import（管理画面_商品管理_売上分析タグ更新CSV登録）	m03-27	m03-27_admin_product_product_goods_csv_import（管理画面_商品管理_グッズ商品CSV登録）	9	shared_update_table,shared_external,same_domain	dtb_csv_import_history,dtb_product	dtb_csv_import_history,dtb_product,dtb_product_tag_sales_analysis	API,CSV,バッチ
m03-29	m03-29_admin_product_product_tag_sales_analysis_csv_import（管理画面_商品管理_売上分析タグ更新CSV登録）	m03-28	m03-28_admin_product_product_product_tag_csv_import（管理画面_商品管理_商品タグ更新CSV登録）	9	shared_update_table,shared_external,same_domain	dtb_csv_import_history,dtb_product	dtb_csv_import_history,dtb_product	API,CSV,バッチ
m03-29	m03-29_admin_product_product_tag_sales_analysis_csv_import（管理画面_商品管理_売上分析タグ更新CSV登録）	m03-30	m03-30_admin_product_product_product_price_csv_import（管理画面_商品管理_セール用価格変更CSV登録）	9	shared_update_table,shared_external,same_domain	dtb_csv_import_history,dtb_product	dtb_csv_import_history,dtb_product	API,CSV,バッチ
m03-29	m03-29_admin_product_product_tag_sales_analysis_csv_import（管理画面_商品管理_売上分析タグ更新CSV登録）	m03-34	m03-34_admin_product_product_discount_csv_import（管理画面_商品管理_割引率変更CSV登録）	9	shared_update_table,shared_external,same_domain	dtb_csv_import_history,dtb_product	dtb_csv_import_history,dtb_product	API,CSV,バッチ
m03-29	m03-29_admin_product_product_tag_sales_analysis_csv_import（管理画面_商品管理_売上分析タグ更新CSV登録）	m03-36	m03-36_admin_product_product_buy_discount_csv_import（管理画面_商品管理_買取減額率変更CSV登録）	9	shared_update_table,shared_external,same_domain	dtb_csv_import_history,dtb_product	dtb_csv_import_history,dtb_product	API,CSV,バッチ
m03-30	m03-30_admin_product_product_product_price_csv_import（管理画面_商品管理_セール用価格変更CSV登録）	m03-44	M03-44（低価格帯カード価格変更CSV登録）	11	reverse_ref,shared_db_table,shared_external,same_domain		dtb_csv_import_history,dtb_product_class	API,CSV,スマレジ,バッチ
m03-30	m03-30_admin_product_product_product_price_csv_import（管理画面_商品管理_セール用価格変更CSV登録）	a02-05	API 商品管理 — 更新商品規格取得	10	shared_update_table,shared_external,same_domain_cross_layer	dtb_product,dtb_product_class	dtb_product,dtb_product_class,dtb_product_sub_class	API,スマレジ
m03-30	m03-30_admin_product_product_product_price_csv_import（管理画面_商品管理_セール用価格変更CSV登録）	b02-02	バッチ 商品管理 — 入荷通知キャンセル	10	shared_update_table,shared_external,same_domain_cross_layer	dtb_product,dtb_product_class	dtb_product,dtb_product_class	API,バッチ
m03-30	m03-30_admin_product_product_product_price_csv_import（管理画面_商品管理_セール用価格変更CSV登録）	f03-02	F03-02（商品詳細）	10	shared_update_table,shared_external,same_domain_cross_layer	dtb_product,dtb_product_class	dtb_product,dtb_product_class	API,バッチ
m03-30	m03-30_admin_product_product_product_price_csv_import（管理画面_商品管理_セール用価格変更CSV登録）	m03-26	m03-26_admin_product_product_card_csv_import（管理画面_商品管理_カード商品CSV登録）	10	shared_update_table,shared_external,same_domain	dtb_csv_import_history,dtb_price_history,dtb_product,dtb_product_class	dtb_csv_import_history,dtb_price_history,dtb_product,dtb_product_class,dtb_product_tag	API,CSV,スマレジ,バッチ
m03-30	m03-30_admin_product_product_product_price_csv_import（管理画面_商品管理_セール用価格変更CSV登録）	m03-27	m03-27_admin_product_product_goods_csv_import（管理画面_商品管理_グッズ商品CSV登録）	10	shared_update_table,shared_external,same_domain	dtb_csv_import_history,dtb_price_history,dtb_product,dtb_product_class	dtb_csv_import_history,dtb_price_history,dtb_product,dtb_product_class,dtb_product_tag	API,CSV,スマレジ,バッチ
m03-30	m03-30_admin_product_product_product_price_csv_import（管理画面_商品管理_セール用価格変更CSV登録）	m03-31	M03-31（セール用価格変更CSV登録）	10	shared_update_table,shared_external,same_domain	dtb_price_history,dtb_product,dtb_product_class	dtb_csv_import_history,dtb_price_history,dtb_product,dtb_product_class,dtb_product_sub_class,dtb_product_tag	API,CSV,バッチ
m03-30	m03-30_admin_product_product_product_price_csv_import（管理画面_商品管理_セール用価格変更CSV登録）	m03-33	m03-33_admin_product_product_sale_high_price_csv_import（管理画面_商品管理_セール用高額商品価格変更CSV登録）	10	shared_update_table,shared_external,same_domain	dtb_csv_import_history,dtb_price_history,dtb_product_class	dtb_csv_import_history,dtb_price_history,dtb_product,dtb_product_class,dtb_product_sub_class,dtb_product_tag	API,CSV,スマレジ,バッチ
m03-30	m03-30_admin_product_product_product_price_csv_import（管理画面_商品管理_セール用価格変更CSV登録）	m03-36	m03-36_admin_product_product_buy_discount_csv_import（管理画面_商品管理_買取減額率変更CSV登録）	10	shared_update_table,shared_external,same_domain	dtb_csv_import_history,dtb_product,dtb_product_class	dtb_csv_import_history,dtb_product,dtb_product_class	API,CSV,バッチ
m03-30	m03-30_admin_product_product_product_price_csv_import（管理画面_商品管理_セール用価格変更CSV登録）	a02-02	API 商品管理 — ポップアップ用カード情報取得	9	shared_db_table,shared_external,same_domain_cross_layer		dtb_product,dtb_product_class,dtb_product_sub_class	API
m03-30	m03-30_admin_product_product_product_price_csv_import（管理画面_商品管理_セール用価格変更CSV登録）	a02-03	API 商品管理 — ポップアップ用商品情報取得（旧商品ID）	9	shared_db_table,shared_external,same_domain_cross_layer		dtb_product,dtb_product_class,dtb_product_sub_class	API
m03-30	m03-30_admin_product_product_product_price_csv_import（管理画面_商品管理_セール用価格変更CSV登録）	a02-04	API 商品管理 — ポップアップ用カード情報取得（旧商品ID）	9	shared_db_table,shared_external,same_domain_cross_layer		dtb_product,dtb_product_class,dtb_product_sub_class	API
m03-31	M03-31（セール用価格変更CSV登録）	m03-09	M03-09（商品規格登録/編集）	18	direct_ref,reverse_ref,shared_update_table,shared_external,same_domain	dtb_product_class,dtb_product_sub_class	dtb_product_class,dtb_product_sub_class	API,CSV,バッチ,支店
m03-31	M03-31（セール用価格変更CSV登録）	a02-05	API 商品管理 — 更新商品規格取得	11	shared_update_table,shared_external,same_domain_cross_layer	dtb_product,dtb_product_class,dtb_product_sub_class	dtb_product,dtb_product_class,dtb_product_sub_class	API,支店
m03-31	M03-31（セール用価格変更CSV登録）	b02-02	バッチ 商品管理 — 入荷通知キャンセル	10	shared_update_table,shared_external,same_domain_cross_layer	dtb_product,dtb_product_class	dtb_product,dtb_product_class	API,バッチ
m03-31	M03-31（セール用価格変更CSV登録）	f03-02	F03-02（商品詳細）	10	shared_update_table,shared_external,same_domain_cross_layer	dtb_product,dtb_product_class	dtb_product,dtb_product_class	API,バッチ
m03-31	M03-31（セール用価格変更CSV登録）	m03-26	m03-26_admin_product_product_card_csv_import（管理画面_商品管理_カード商品CSV登録）	10	shared_update_table,shared_external,same_domain	dtb_price_history,dtb_product,dtb_product_class	dtb_csv_import_history,dtb_price_history,dtb_product,dtb_product_class,dtb_product_tag	API,CSV,バッチ,支店
m03-31	M03-31（セール用価格変更CSV登録）	m03-27	m03-27_admin_product_product_goods_csv_import（管理画面_商品管理_グッズ商品CSV登録）	10	shared_update_table,shared_external,same_domain	dtb_price_history,dtb_product,dtb_product_class	dtb_csv_import_history,dtb_price_history,dtb_product,dtb_product_class,dtb_product_tag	API,CSV,バッチ,支店
m03-31	M03-31（セール用価格変更CSV登録）	m03-30	m03-30_admin_product_product_product_price_csv_import（管理画面_商品管理_セール用価格変更CSV登録）	10	shared_update_table,shared_external,same_domain	dtb_price_history,dtb_product,dtb_product_class	dtb_csv_import_history,dtb_price_history,dtb_product,dtb_product_class,dtb_product_sub_class,dtb_product_tag	API,CSV,バッチ
m03-31	M03-31（セール用価格変更CSV登録）	a02-02	API 商品管理 — ポップアップ用カード情報取得	9	shared_db_table,shared_external,same_domain_cross_layer		dtb_product,dtb_product_class,dtb_product_sub_class	API
m03-31	M03-31（セール用価格変更CSV登録）	a02-03	API 商品管理 — ポップアップ用商品情報取得（旧商品ID）	9	shared_db_table,shared_external,same_domain_cross_layer		dtb_product,dtb_product_class,dtb_product_sub_class	API
m03-31	M03-31（セール用価格変更CSV登録）	a02-04	API 商品管理 — ポップアップ用カード情報取得（旧商品ID）	9	shared_db_table,shared_external,same_domain_cross_layer		dtb_product,dtb_product_class,dtb_product_sub_class	API
m03-31	M03-31（セール用価格変更CSV登録）	a06-09	API 店頭買取管理 — 商品名から商品詳細の情報を取得	9	shared_db_table,shared_external,same_domain_cross_layer		dtb_product,dtb_product_class,dtb_product_sub_class	API,支店
m03-31	M03-31（セール用価格変更CSV登録）	a17-05	API 店頭買取管理 — 商品名から商品詳細の情報を取得	9	shared_db_table,shared_external,same_domain_cross_layer		dtb_product,dtb_product_class,dtb_product_sub_class	API,支店
m03-32	m03-32_admin_product_product_simple_high_price_csv_import（管理画面_商品管理_高額商品価格変更CSV登録）	a02-05	API 商品管理 — 更新商品規格取得	9	shared_update_table,shared_external,same_domain_cross_layer	dtb_product_class	dtb_product_class,dtb_product_sub_class	API
m03-32	m03-32_admin_product_product_simple_high_price_csv_import（管理画面_商品管理_高額商品価格変更CSV登録）	b02-02	バッチ 商品管理 — 入荷通知キャンセル	9	shared_update_table,shared_external,same_domain_cross_layer	dtb_product_class	dtb_product_class	API,バッチ
m03-32	m03-32_admin_product_product_simple_high_price_csv_import（管理画面_商品管理_高額商品価格変更CSV登録）	f03-02	F03-02（商品詳細）	9	shared_update_table,shared_external,same_domain_cross_layer	dtb_product_class	dtb_product_class	API,バッチ
m03-32	m03-32_admin_product_product_simple_high_price_csv_import（管理画面_商品管理_高額商品価格変更CSV登録）	m03-20	商品管理 — 部門CSV入力	9	shared_update_table,shared_external,same_domain	dtb_csv_import_history,dtb_product_class	dtb_csv_import_history,dtb_product_class,mtb_csv_import_type	API,CSV,バッチ
m03-32	m03-32_admin_product_product_simple_high_price_csv_import（管理画面_商品管理_高額商品価格変更CSV登録）	m03-26	m03-26_admin_product_product_card_csv_import（管理画面_商品管理_カード商品CSV登録）	9	shared_update_table,shared_external,same_domain	dtb_csv_import_history,dtb_product_class	dtb_csv_import_history,dtb_product_class	API,CSV,バッチ
m03-32	m03-32_admin_product_product_simple_high_price_csv_import（管理画面_商品管理_高額商品価格変更CSV登録）	m03-27	m03-27_admin_product_product_goods_csv_import（管理画面_商品管理_グッズ商品CSV登録）	9	shared_update_table,shared_external,same_domain	dtb_csv_import_history,dtb_product_class	dtb_csv_import_history,dtb_product_class,mtb_csv_import_type	API,CSV,バッチ
m03-32	m03-32_admin_product_product_simple_high_price_csv_import（管理画面_商品管理_高額商品価格変更CSV登録）	m03-30	m03-30_admin_product_product_product_price_csv_import（管理画面_商品管理_セール用価格変更CSV登録）	9	shared_update_table,shared_external,same_domain	dtb_csv_import_history,dtb_product_class	dtb_csv_import_history,dtb_product_class,dtb_product_sub_class	API,CSV,バッチ
m03-32	m03-32_admin_product_product_simple_high_price_csv_import（管理画面_商品管理_高額商品価格変更CSV登録）	m03-33	m03-33_admin_product_product_sale_high_price_csv_import（管理画面_商品管理_セール用高額商品価格変更CSV登録）	9	shared_update_table,shared_external,same_domain	dtb_csv_import_history,dtb_product_class	dtb_csv_import_history,dtb_product_class,dtb_product_sub_class	API,CSV,バッチ
m03-32	m03-32_admin_product_product_simple_high_price_csv_import（管理画面_商品管理_高額商品価格変更CSV登録）	m03-35	m03-35_admin_product_product_section_csv_import（管理画面_商品管理_部門更新CSV登録）	9	shared_update_table,shared_external,same_domain	dtb_csv_import_history,dtb_product_class	dtb_csv_import_history,dtb_product_class	API,CSV,バッチ
m03-32	m03-32_admin_product_product_simple_high_price_csv_import（管理画面_商品管理_高額商品価格変更CSV登録）	m03-36	m03-36_admin_product_product_buy_discount_csv_import（管理画面_商品管理_買取減額率変更CSV登録）	9	shared_update_table,shared_external,same_domain	dtb_csv_import_history,dtb_product_class	dtb_csv_import_history,dtb_product_class,mtb_csv_import_type	API,CSV,バッチ
m03-32	m03-32_admin_product_product_simple_high_price_csv_import（管理画面_商品管理_高額商品価格変更CSV登録）	m03-40	m03-40_admin_product_product_shelf_number_csv_import（管理画面_商品管理_棚番号更新CSV登録）	9	shared_update_table,shared_external,same_domain	dtb_csv_import_history,dtb_product_class	dtb_csv_import_history,dtb_product_class	API,CSV,バッチ
m03-32	m03-32_admin_product_product_simple_high_price_csv_import（管理画面_商品管理_高額商品価格変更CSV登録）	a02-01	API 商品管理 — ポップアップ用商品情報取得	8	shared_db_table,shared_external,same_domain_cross_layer		dtb_product_class,dtb_product_sub_class	API
m03-33	m03-33_admin_product_product_sale_high_price_csv_import（管理画面_商品管理_セール用高額商品価格変更CSV登録）	m03-26	m03-26_admin_product_product_card_csv_import（管理画面_商品管理_カード商品CSV登録）	10	shared_update_table,shared_external,same_domain	dtb_csv_import_history,dtb_price_history,dtb_product_class	dtb_csv_import_history,dtb_price_history,dtb_product,dtb_product_class,dtb_product_tag	API,CSV,スマレジ,バッチ
m03-33	m03-33_admin_product_product_sale_high_price_csv_import（管理画面_商品管理_セール用高額商品価格変更CSV登録）	m03-27	m03-27_admin_product_product_goods_csv_import（管理画面_商品管理_グッズ商品CSV登録）	10	shared_update_table,shared_external,same_domain	dtb_csv_import_history,dtb_price_history,dtb_product_class	dtb_csv_import_history,dtb_price_history,dtb_product,dtb_product_class,dtb_product_tag	API,CSV,スマレジ,バッチ
m03-33	m03-33_admin_product_product_sale_high_price_csv_import（管理画面_商品管理_セール用高額商品価格変更CSV登録）	m03-30	m03-30_admin_product_product_product_price_csv_import（管理画面_商品管理_セール用価格変更CSV登録）	10	shared_update_table,shared_external,same_domain	dtb_csv_import_history,dtb_price_history,dtb_product_class	dtb_csv_import_history,dtb_price_history,dtb_product,dtb_product_class,dtb_product_sub_class,dtb_product_tag	API,CSV,スマレジ,バッチ
m03-33	m03-33_admin_product_product_sale_high_price_csv_import（管理画面_商品管理_セール用高額商品価格変更CSV登録）	a02-02	API 商品管理 — ポップアップ用カード情報取得	9	shared_db_table,shared_external,same_domain_cross_layer		dtb_product,dtb_product_class,dtb_product_sub_class	API
m03-33	m03-33_admin_product_product_sale_high_price_csv_import（管理画面_商品管理_セール用高額商品価格変更CSV登録）	a02-03	API 商品管理 — ポップアップ用商品情報取得（旧商品ID）	9	shared_db_table,shared_external,same_domain_cross_layer		dtb_product,dtb_product_class,dtb_product_sub_class	API
m03-33	m03-33_admin_product_product_sale_high_price_csv_import（管理画面_商品管理_セール用高額商品価格変更CSV登録）	a02-04	API 商品管理 — ポップアップ用カード情報取得（旧商品ID）	9	shared_db_table,shared_external,same_domain_cross_layer		dtb_product,dtb_product_class,dtb_product_sub_class	API
m03-33	m03-33_admin_product_product_sale_high_price_csv_import（管理画面_商品管理_セール用高額商品価格変更CSV登録）	a02-05	API 商品管理 — 更新商品規格取得	9	shared_update_table,shared_external,same_domain_cross_layer	dtb_product_class	dtb_product,dtb_product_class,dtb_product_sub_class	API,スマレジ
m03-33	m03-33_admin_product_product_sale_high_price_csv_import（管理画面_商品管理_セール用高額商品価格変更CSV登録）	a06-09	API 店頭買取管理 — 商品名から商品詳細の情報を取得	9	shared_db_table,shared_external,same_domain_cross_layer		dtb_product,dtb_product_class,dtb_product_sub_class	API
m03-33	m03-33_admin_product_product_sale_high_price_csv_import（管理画面_商品管理_セール用高額商品価格変更CSV登録）	a17-05	API 店頭買取管理 — 商品名から商品詳細の情報を取得	9	shared_db_table,shared_external,same_domain_cross_layer		dtb_product,dtb_product_class,dtb_product_sub_class	API
m03-33	m03-33_admin_product_product_sale_high_price_csv_import（管理画面_商品管理_セール用高額商品価格変更CSV登録）	b02-02	バッチ 商品管理 — 入荷通知キャンセル	9	shared_update_table,shared_external,same_domain_cross_layer	dtb_product_class	dtb_product,dtb_product_class	API,バッチ
m03-33	m03-33_admin_product_product_sale_high_price_csv_import（管理画面_商品管理_セール用高額商品価格変更CSV登録）	f03-02	F03-02（商品詳細）	9	shared_update_table,shared_external,same_domain_cross_layer	dtb_product_class	dtb_product,dtb_product_class	API,バッチ
m03-33	m03-33_admin_product_product_sale_high_price_csv_import（管理画面_商品管理_セール用高額商品価格変更CSV登録）	m03-10	m03-10_admin_product_product_bulk_buy_standard_price_edit（管理画面_商品管理_買取・基準価格一括編集）	9	shared_update_table,shared_external,same_domain	dtb_price_history,dtb_product_class	dtb_price_history,dtb_product_class,dtb_product_sub_class	API,CSV,バッチ
m03-34	m03-34_admin_product_product_discount_csv_import（管理画面_商品管理_割引率変更CSV登録）	m03-36	m03-36_admin_product_product_buy_discount_csv_import（管理画面_商品管理_買取減額率変更CSV登録）	10	shared_update_table,shared_external,same_domain	dtb_csv_import_history,dtb_product,dtb_product_sub,mtb_csv_import_type	dtb_csv_import_history,dtb_product,dtb_product_sub,mtb_csv_import_type	API,CSV,バッチ
m03-34	m03-34_admin_product_product_discount_csv_import（管理画面_商品管理_割引率変更CSV登録）	a02-05	API 商品管理 — 更新商品規格取得	9	shared_update_table,shared_external,same_domain_cross_layer	dtb_product	dtb_product	API,支店
m03-34	m03-34_admin_product_product_discount_csv_import（管理画面_商品管理_割引率変更CSV登録）	b02-02	バッチ 商品管理 — 入荷通知キャンセル	9	shared_update_table,shared_external,same_domain_cross_layer	dtb_product	dtb_product	API,バッチ
m03-34	m03-34_admin_product_product_discount_csv_import（管理画面_商品管理_割引率変更CSV登録）	f03-01	F03-01（商品一覧）	9	shared_update_table,shared_external,same_domain_cross_layer	dtb_product	dtb_product	API,バッチ,支店
m03-34	m03-34_admin_product_product_discount_csv_import（管理画面_商品管理_割引率変更CSV登録）	f03-02	F03-02（商品詳細）	9	shared_update_table,shared_external,same_domain_cross_layer	dtb_product	dtb_product	API,バッチ
m03-34	m03-34_admin_product_product_discount_csv_import（管理画面_商品管理_割引率変更CSV登録）	f03-05	商品 — 商品リコメンド（おすすめ商品ブロック）	9	shared_update_table,shared_external,same_domain_cross_layer	dtb_product	dtb_product	API,バッチ
m03-34	m03-34_admin_product_product_discount_csv_import（管理画面_商品管理_割引率変更CSV登録）	m03-02	M03-02（商品編集機能）	9	shared_update_table,shared_external,same_domain	dtb_product,dtb_product_sub	dtb_product,dtb_product_sub	API,CSV,バッチ,支店
m03-34	m03-34_admin_product_product_discount_csv_import（管理画面_商品管理_割引率変更CSV登録）	m03-20	商品管理 — 部門CSV入力	9	shared_update_table,shared_external,same_domain	dtb_csv_import_history,mtb_csv_import_type	dtb_csv_import_history,mtb_csv_import_type	API,CSV,バッチ
m03-34	m03-34_admin_product_product_discount_csv_import（管理画面_商品管理_割引率変更CSV登録）	m03-26	m03-26_admin_product_product_card_csv_import（管理画面_商品管理_カード商品CSV登録）	9	shared_update_table,shared_external,same_domain	dtb_csv_import_history,dtb_product	dtb_csv_import_history,dtb_product	API,CSV,バッチ,支店
m03-34	m03-34_admin_product_product_discount_csv_import（管理画面_商品管理_割引率変更CSV登録）	m03-27	m03-27_admin_product_product_goods_csv_import（管理画面_商品管理_グッズ商品CSV登録）	9	shared_update_table,shared_external,same_domain	dtb_csv_import_history,dtb_product	dtb_csv_import_history,dtb_product,mtb_csv_import_type	API,CSV,バッチ,支店
m03-34	m03-34_admin_product_product_discount_csv_import（管理画面_商品管理_割引率変更CSV登録）	m03-28	m03-28_admin_product_product_product_tag_csv_import（管理画面_商品管理_商品タグ更新CSV登録）	9	shared_update_table,shared_external,same_domain	dtb_csv_import_history,dtb_product	dtb_csv_import_history,dtb_product	API,CSV,バッチ
m03-34	m03-34_admin_product_product_discount_csv_import（管理画面_商品管理_割引率変更CSV登録）	m03-29	m03-29_admin_product_product_tag_sales_analysis_csv_import（管理画面_商品管理_売上分析タグ更新CSV登録）	9	shared_update_table,shared_external,same_domain	dtb_csv_import_history,dtb_product	dtb_csv_import_history,dtb_product	API,CSV,バッチ
m03-35	m03-35_admin_product_product_section_csv_import（管理画面_商品管理_部門更新CSV登録）	m03-18	商品管理 — 部門登録／編集	14	direct_ref,shared_update_table,shared_external,same_domain	dtb_product_class,mtb_section	dtb_product_class,mtb_section	API,CSV,バッチ
m03-35	m03-35_admin_product_product_section_csv_import（管理画面_商品管理_部門更新CSV登録）	m03-20	商品管理 — 部門CSV入力	10	shared_update_table,shared_external,same_domain	dtb_csv_import_history,dtb_product_class,mtb_section	dtb_csv_import_history,dtb_product_class,mtb_section	API,CSV,バッチ
m03-35	m03-35_admin_product_product_section_csv_import（管理画面_商品管理_部門更新CSV登録）	a02-05	API 商品管理 — 更新商品規格取得	9	shared_update_table,shared_external,same_domain_cross_layer	dtb_product_class	dtb_product_class	API
m03-35	m03-35_admin_product_product_section_csv_import（管理画面_商品管理_部門更新CSV登録）	b02-02	バッチ 商品管理 — 入荷通知キャンセル	9	shared_update_table,shared_external,same_domain_cross_layer	dtb_product_class	dtb_product_class	API,バッチ
m03-35	m03-35_admin_product_product_section_csv_import（管理画面_商品管理_部門更新CSV登録）	f03-02	F03-02（商品詳細）	9	shared_update_table,shared_external,same_domain_cross_layer	dtb_product_class	dtb_product_class	API,バッチ
m03-35	m03-35_admin_product_product_section_csv_import（管理画面_商品管理_部門更新CSV登録）	m03-26	m03-26_admin_product_product_card_csv_import（管理画面_商品管理_カード商品CSV登録）	9	shared_update_table,shared_external,same_domain	dtb_csv_import_history,dtb_product_class	dtb_csv_import_history,dtb_product_class	API,CSV,バッチ
m03-35	m03-35_admin_product_product_section_csv_import（管理画面_商品管理_部門更新CSV登録）	m03-27	m03-27_admin_product_product_goods_csv_import（管理画面_商品管理_グッズ商品CSV登録）	9	shared_update_table,shared_external,same_domain	dtb_csv_import_history,dtb_product_class	dtb_csv_import_history,dtb_product_class	API,CSV,バッチ
m03-35	m03-35_admin_product_product_section_csv_import（管理画面_商品管理_部門更新CSV登録）	m03-30	m03-30_admin_product_product_product_price_csv_import（管理画面_商品管理_セール用価格変更CSV登録）	9	shared_update_table,shared_external,same_domain	dtb_csv_import_history,dtb_product_class	dtb_csv_import_history,dtb_product_class	API,CSV,バッチ
m03-35	m03-35_admin_product_product_section_csv_import（管理画面_商品管理_部門更新CSV登録）	m03-32	m03-32_admin_product_product_simple_high_price_csv_import（管理画面_商品管理_高額商品価格変更CSV登録）	9	shared_update_table,shared_external,same_domain	dtb_csv_import_history,dtb_product_class	dtb_csv_import_history,dtb_product_class	API,CSV,バッチ
m03-35	m03-35_admin_product_product_section_csv_import（管理画面_商品管理_部門更新CSV登録）	m03-33	m03-33_admin_product_product_sale_high_price_csv_import（管理画面_商品管理_セール用高額商品価格変更CSV登録）	9	shared_update_table,shared_external,same_domain	dtb_csv_import_history,dtb_product_class	dtb_csv_import_history,dtb_product_class	API,CSV,バッチ
m03-35	m03-35_admin_product_product_section_csv_import（管理画面_商品管理_部門更新CSV登録）	m03-36	m03-36_admin_product_product_buy_discount_csv_import（管理画面_商品管理_買取減額率変更CSV登録）	9	shared_update_table,shared_external,same_domain	dtb_csv_import_history,dtb_product_class	dtb_csv_import_history,dtb_product_class	API,CSV,バッチ
m03-35	m03-35_admin_product_product_section_csv_import（管理画面_商品管理_部門更新CSV登録）	m03-40	m03-40_admin_product_product_shelf_number_csv_import（管理画面_商品管理_棚番号更新CSV登録）	9	shared_update_table,shared_external,same_domain	dtb_csv_import_history,dtb_product_class	dtb_csv_import_history,dtb_product_class	API,CSV,バッチ
m03-36	m03-36_admin_product_product_buy_discount_csv_import（管理画面_商品管理_買取減額率変更CSV登録）	f03-02	F03-02（商品詳細）	11	shared_update_table,shared_external,same_domain_cross_layer	dtb_product,dtb_product_class,mtb_product_status	dtb_product,dtb_product_class,mtb_product_status	API,バッチ
m03-36	m03-36_admin_product_product_buy_discount_csv_import（管理画面_商品管理_買取減額率変更CSV登録）	a02-05	API 商品管理 — 更新商品規格取得	10	shared_update_table,shared_external,same_domain_cross_layer	dtb_product,dtb_product_class	dtb_product,dtb_product_class	API
m03-36	m03-36_admin_product_product_buy_discount_csv_import（管理画面_商品管理_買取減額率変更CSV登録）	b02-02	バッチ 商品管理 — 入荷通知キャンセル	10	shared_update_table,shared_external,same_domain_cross_layer	dtb_product,dtb_product_class	dtb_product,dtb_product_class	API,バッチ
m03-36	m03-36_admin_product_product_buy_discount_csv_import（管理画面_商品管理_買取減額率変更CSV登録）	f03-01	F03-01（商品一覧）	10	shared_update_table,shared_external,same_domain_cross_layer	dtb_product,mtb_product_status	dtb_product,dtb_product_class,mtb_product_status	API,バッチ
m03-36	m03-36_admin_product_product_buy_discount_csv_import（管理画面_商品管理_買取減額率変更CSV登録）	f03-05	商品 — 商品リコメンド（おすすめ商品ブロック）	10	shared_update_table,shared_external,same_domain_cross_layer	dtb_product,mtb_product_status	dtb_product,dtb_product_class,mtb_product_status	API,バッチ
m03-36	m03-36_admin_product_product_buy_discount_csv_import（管理画面_商品管理_買取減額率変更CSV登録）	m03-20	商品管理 — 部門CSV入力	10	shared_update_table,shared_external,same_domain	dtb_csv_import_history,dtb_product_class,mtb_csv_import_type	dtb_csv_import_history,dtb_product_class,mtb_csv_import_type	API,CSV,バッチ
m03-36	m03-36_admin_product_product_buy_discount_csv_import（管理画面_商品管理_買取減額率変更CSV登録）	m03-26	m03-26_admin_product_product_card_csv_import（管理画面_商品管理_カード商品CSV登録）	10	shared_update_table,shared_external,same_domain	dtb_csv_import_history,dtb_product,dtb_product_class	dtb_csv_import_history,dtb_product,dtb_product_class	API,CSV,バッチ
m03-36	m03-36_admin_product_product_buy_discount_csv_import（管理画面_商品管理_買取減額率変更CSV登録）	m03-27	m03-27_admin_product_product_goods_csv_import（管理画面_商品管理_グッズ商品CSV登録）	10	shared_update_table,shared_external,same_domain	dtb_csv_import_history,dtb_product,dtb_product_class	dtb_csv_import_history,dtb_product,dtb_product_class,mtb_csv_import_type	API,CSV,バッチ
m03-36	m03-36_admin_product_product_buy_discount_csv_import（管理画面_商品管理_買取減額率変更CSV登録）	m03-30	m03-30_admin_product_product_product_price_csv_import（管理画面_商品管理_セール用価格変更CSV登録）	10	shared_update_table,shared_external,same_domain	dtb_csv_import_history,dtb_product,dtb_product_class	dtb_csv_import_history,dtb_product,dtb_product_class	API,CSV,バッチ
m03-36	m03-36_admin_product_product_buy_discount_csv_import（管理画面_商品管理_買取減額率変更CSV登録）	m03-34	m03-34_admin_product_product_discount_csv_import（管理画面_商品管理_割引率変更CSV登録）	10	shared_update_table,shared_external,same_domain	dtb_csv_import_history,dtb_product,dtb_product_sub,mtb_csv_import_type	dtb_csv_import_history,dtb_product,dtb_product_sub,mtb_csv_import_type	API,CSV,バッチ
m03-36	m03-36_admin_product_product_buy_discount_csv_import（管理画面_商品管理_買取減額率変更CSV登録）	m03-38	m03-38_admin_product_product_status_csv（管理画面_商品管理_商品公開CSV登録）	10	shared_update_table,shared_external,same_domain	dtb_csv_import_history,dtb_product,mtb_product_status	dtb_csv_import_history,dtb_product,mtb_product_status	API,CSV,バッチ
m03-36	m03-36_admin_product_product_buy_discount_csv_import（管理画面_商品管理_買取減額率変更CSV登録）	m03-02	M03-02（商品編集機能）	9	shared_update_table,shared_external,same_domain	dtb_product,dtb_product_sub	dtb_product,dtb_product_sub	API,CSV,バッチ
m03-37	m03-37_admin_product_product_storage_code_csv_import（管理画面_商品管理_略称タグ更新CSV登録）	m03-16	商品管理 — 略称タグCSV入力	13	direct_ref,shared_update_table,shared_external,same_domain	mtb_storage_code	mtb_storage_code	API,CSV,バッチ
m03-37	m03-37_admin_product_product_storage_code_csv_import（管理画面_商品管理_略称タグ更新CSV登録）	m03-15	商品管理 — 略称タグCSV出力	11	direct_ref,shared_db_table,shared_external,same_domain		mtb_storage_code	API,CSV,バッチ
m03-37	m03-37_admin_product_product_storage_code_csv_import（管理画面_商品管理_略称タグ更新CSV登録）	m03-14	m03-14_admin_product_product_abbreviation_tag_register_edit（商品管理 — 略称タグ登録／編集）	8	shared_update_table,shared_external,same_domain	mtb_storage_code	mtb_storage_code	API,CSV,バッチ
m03-37	m03-37_admin_product_product_storage_code_csv_import（管理画面_商品管理_略称タグ更新CSV登録）	m04-33	M04-33（戻しリストCSV）	5	shared_db_table,shared_external		mtb_storage_code	CSV
m03-37	m03-37_admin_product_product_storage_code_csv_import（管理画面_商品管理_略称タグ更新CSV登録）	m04-34	M04-34（戻しリストPDF）	5	shared_db_table,shared_external		mtb_storage_code	CSV
m03-37	m03-37_admin_product_product_storage_code_csv_import（管理画面_商品管理_略称タグ更新CSV登録）	a02-01	API 商品管理 — ポップアップ用商品情報取得	4	shared_external,same_domain_cross_layer			API
m03-37	m03-37_admin_product_product_storage_code_csv_import（管理画面_商品管理_略称タグ更新CSV登録）	a02-02	API 商品管理 — ポップアップ用カード情報取得	4	shared_external,same_domain_cross_layer			API
m03-37	m03-37_admin_product_product_storage_code_csv_import（管理画面_商品管理_略称タグ更新CSV登録）	a02-03	API 商品管理 — ポップアップ用商品情報取得（旧商品ID）	4	shared_external,same_domain_cross_layer			API
m03-37	m03-37_admin_product_product_storage_code_csv_import（管理画面_商品管理_略称タグ更新CSV登録）	a02-04	API 商品管理 — ポップアップ用カード情報取得（旧商品ID）	4	shared_external,same_domain_cross_layer			API
m03-37	m03-37_admin_product_product_storage_code_csv_import（管理画面_商品管理_略称タグ更新CSV登録）	a02-05	API 商品管理 — 更新商品規格取得	4	shared_external,same_domain_cross_layer			API
m03-37	m03-37_admin_product_product_storage_code_csv_import（管理画面_商品管理_略称タグ更新CSV登録）	a06-09	API 店頭買取管理 — 商品名から商品詳細の情報を取得	4	shared_external,same_domain_cross_layer			API
m03-37	m03-37_admin_product_product_storage_code_csv_import（管理画面_商品管理_略称タグ更新CSV登録）	a17-05	API 店頭買取管理 — 商品名から商品詳細の情報を取得	4	shared_external,same_domain_cross_layer			API
m03-38	m03-38_admin_product_product_status_csv（管理画面_商品管理_商品公開CSV登録）	f03-01	F03-01（商品一覧）	10	shared_update_table,shared_external,same_domain_cross_layer	dtb_product,mtb_product_status	dtb_product,mtb_product_status	API,バッチ,支店
m03-38	m03-38_admin_product_product_status_csv（管理画面_商品管理_商品公開CSV登録）	f03-02	F03-02（商品詳細）	10	shared_update_table,shared_external,same_domain_cross_layer	dtb_product,mtb_product_status	dtb_product,mtb_product_status	API,バッチ
m03-38	m03-38_admin_product_product_status_csv（管理画面_商品管理_商品公開CSV登録）	f03-05	商品 — 商品リコメンド（おすすめ商品ブロック）	10	shared_update_table,shared_external,same_domain_cross_layer	dtb_product,mtb_product_status	dtb_product,mtb_product_status	API,バッチ
m03-38	m03-38_admin_product_product_status_csv（管理画面_商品管理_商品公開CSV登録）	m03-36	m03-36_admin_product_product_buy_discount_csv_import（管理画面_商品管理_買取減額率変更CSV登録）	10	shared_update_table,shared_external,same_domain	dtb_csv_import_history,dtb_product,mtb_product_status	dtb_csv_import_history,dtb_product,mtb_product_status	API,CSV,バッチ
m03-38	m03-38_admin_product_product_status_csv（管理画面_商品管理_商品公開CSV登録）	a02-05	API 商品管理 — 更新商品規格取得	9	shared_update_table,shared_external,same_domain_cross_layer	dtb_product	dtb_product	API,支店
m03-38	m03-38_admin_product_product_status_csv（管理画面_商品管理_商品公開CSV登録）	b02-02	バッチ 商品管理 — 入荷通知キャンセル	9	shared_update_table,shared_external,same_domain_cross_layer	dtb_product	dtb_product	API,バッチ
m03-38	m03-38_admin_product_product_status_csv（管理画面_商品管理_商品公開CSV登録）	m03-26	m03-26_admin_product_product_card_csv_import（管理画面_商品管理_カード商品CSV登録）	9	shared_update_table,shared_external,same_domain	dtb_csv_import_history,dtb_product	dtb_csv_import_history,dtb_product	API,CSV,バッチ,支店
m03-38	m03-38_admin_product_product_status_csv（管理画面_商品管理_商品公開CSV登録）	m03-27	m03-27_admin_product_product_goods_csv_import（管理画面_商品管理_グッズ商品CSV登録）	9	shared_update_table,shared_external,same_domain	dtb_csv_import_history,dtb_product	dtb_csv_import_history,dtb_product	API,CSV,バッチ,支店
m03-38	m03-38_admin_product_product_status_csv（管理画面_商品管理_商品公開CSV登録）	m03-28	m03-28_admin_product_product_product_tag_csv_import（管理画面_商品管理_商品タグ更新CSV登録）	9	shared_update_table,shared_external,same_domain	dtb_csv_import_history,dtb_product	dtb_csv_import_history,dtb_product	API,CSV,バッチ
m03-38	m03-38_admin_product_product_status_csv（管理画面_商品管理_商品公開CSV登録）	m03-29	m03-29_admin_product_product_tag_sales_analysis_csv_import（管理画面_商品管理_売上分析タグ更新CSV登録）	9	shared_update_table,shared_external,same_domain	dtb_csv_import_history,dtb_product	dtb_csv_import_history,dtb_product	API,CSV,バッチ
m03-38	m03-38_admin_product_product_status_csv（管理画面_商品管理_商品公開CSV登録）	m03-30	m03-30_admin_product_product_product_price_csv_import（管理画面_商品管理_セール用価格変更CSV登録）	9	shared_update_table,shared_external,same_domain	dtb_csv_import_history,dtb_product	dtb_csv_import_history,dtb_product	API,CSV,バッチ
m03-38	m03-38_admin_product_product_status_csv（管理画面_商品管理_商品公開CSV登録）	m03-34	m03-34_admin_product_product_discount_csv_import（管理画面_商品管理_割引率変更CSV登録）	9	shared_update_table,shared_external,same_domain	dtb_csv_import_history,dtb_product	dtb_csv_import_history,dtb_product	API,CSV,バッチ,支店
m03-40	m03-40_admin_product_product_shelf_number_csv_import（管理画面_商品管理_棚番号更新CSV登録）	a02-05	API 商品管理 — 更新商品規格取得	9	shared_update_table,shared_external,same_domain_cross_layer	dtb_product_class	dtb_product_class	API
m03-40	m03-40_admin_product_product_shelf_number_csv_import（管理画面_商品管理_棚番号更新CSV登録）	b02-02	バッチ 商品管理 — 入荷通知キャンセル	9	shared_update_table,shared_external,same_domain_cross_layer	dtb_product_class	dtb_product_class	API,バッチ
m03-40	m03-40_admin_product_product_shelf_number_csv_import（管理画面_商品管理_棚番号更新CSV登録）	f03-02	F03-02（商品詳細）	9	shared_update_table,shared_external,same_domain_cross_layer	dtb_product_class	dtb_product_class	API,バッチ
m03-40	m03-40_admin_product_product_shelf_number_csv_import（管理画面_商品管理_棚番号更新CSV登録）	m03-20	商品管理 — 部門CSV入力	9	shared_update_table,shared_external,same_domain	dtb_csv_import_history,dtb_product_class	dtb_csv_import_history,dtb_product_class	API,CSV,バッチ
m03-40	m03-40_admin_product_product_shelf_number_csv_import（管理画面_商品管理_棚番号更新CSV登録）	m03-21	商品管理 — 棚番号登録/編集	9	shared_update_table,shared_external,same_domain	dtb_product_class,dtb_shelf_number	dtb_product_class,dtb_shelf_number	API,CSV,バッチ
m03-40	m03-40_admin_product_product_shelf_number_csv_import（管理画面_商品管理_棚番号更新CSV登録）	m03-26	m03-26_admin_product_product_card_csv_import（管理画面_商品管理_カード商品CSV登録）	9	shared_update_table,shared_external,same_domain	dtb_csv_import_history,dtb_product_class	dtb_csv_import_history,dtb_product_class	API,CSV,バッチ
m03-40	m03-40_admin_product_product_shelf_number_csv_import（管理画面_商品管理_棚番号更新CSV登録）	m03-27	m03-27_admin_product_product_goods_csv_import（管理画面_商品管理_グッズ商品CSV登録）	9	shared_update_table,shared_external,same_domain	dtb_csv_import_history,dtb_product_class	dtb_csv_import_history,dtb_product_class	API,CSV,バッチ
m03-40	m03-40_admin_product_product_shelf_number_csv_import（管理画面_商品管理_棚番号更新CSV登録）	m03-30	m03-30_admin_product_product_product_price_csv_import（管理画面_商品管理_セール用価格変更CSV登録）	9	shared_update_table,shared_external,same_domain	dtb_csv_import_history,dtb_product_class	dtb_csv_import_history,dtb_product_class	API,CSV,バッチ
m03-40	m03-40_admin_product_product_shelf_number_csv_import（管理画面_商品管理_棚番号更新CSV登録）	m03-32	m03-32_admin_product_product_simple_high_price_csv_import（管理画面_商品管理_高額商品価格変更CSV登録）	9	shared_update_table,shared_external,same_domain	dtb_csv_import_history,dtb_product_class	dtb_csv_import_history,dtb_product_class	API,CSV,バッチ
m03-40	m03-40_admin_product_product_shelf_number_csv_import（管理画面_商品管理_棚番号更新CSV登録）	m03-33	m03-33_admin_product_product_sale_high_price_csv_import（管理画面_商品管理_セール用高額商品価格変更CSV登録）	9	shared_update_table,shared_external,same_domain	dtb_csv_import_history,dtb_product_class	dtb_csv_import_history,dtb_product_class	API,CSV,バッチ
m03-40	m03-40_admin_product_product_shelf_number_csv_import（管理画面_商品管理_棚番号更新CSV登録）	m03-35	m03-35_admin_product_product_section_csv_import（管理画面_商品管理_部門更新CSV登録）	9	shared_update_table,shared_external,same_domain	dtb_csv_import_history,dtb_product_class	dtb_csv_import_history,dtb_product_class	API,CSV,バッチ
m03-40	m03-40_admin_product_product_shelf_number_csv_import（管理画面_商品管理_棚番号更新CSV登録）	m03-36	m03-36_admin_product_product_buy_discount_csv_import（管理画面_商品管理_買取減額率変更CSV登録）	9	shared_update_table,shared_external,same_domain	dtb_csv_import_history,dtb_product_class	dtb_csv_import_history,dtb_product_class	API,CSV,バッチ
m03-41	m03-41_admin_product_product_category_csv_import（管理画面_商品管理_カテゴリCSV登録）	m03-11	m03-11_admin_product_product_category_register_edit（管理画面_商品管理_カテゴリ登録・編集）	8	shared_update_table,shared_external,same_domain	dtb_category	dtb_category	API,CSV,バッチ
m03-41	m03-41_admin_product_product_category_csv_import（管理画面_商品管理_カテゴリCSV登録）	m03-45	m03-45_admin_product_product_category_list（管理画面_商品管理_カテゴリ一覧）	8	shared_update_table,shared_external,same_domain	dtb_category	dtb_category,dtb_csv	API,CSV,バッチ
m03-41	m03-41_admin_product_product_category_csv_import（管理画面_商品管理_カテゴリCSV登録）	f03-03	F03-03（商品詳細検索）	7	shared_db_table,shared_external,same_domain_cross_layer		dtb_category	API,バッチ
m03-41	m03-41_admin_product_product_category_csv_import（管理画面_商品管理_カテゴリCSV登録）	f03-04	F03-04（カテゴリ一覧）	7	shared_db_table,shared_external,same_domain_cross_layer		dtb_category	API,バッチ
m03-41	m03-41_admin_product_product_category_csv_import（管理画面_商品管理_カテゴリCSV登録）	m03-12	商品管理 — カテゴリ CSV 出力	7	shared_db_table,shared_external,same_domain		dtb_category,dtb_csv	API,CSV,バッチ
m03-41	m03-41_admin_product_product_category_csv_import（管理画面_商品管理_カテゴリCSV登録）	m11-03	権限管理（システム設定／拒否URL）	7	shared_update_table,shared_external	dtb_authority_role	dtb_authority_role	API,CSV,バッチ
m03-41	m03-41_admin_product_product_category_csv_import（管理画面_商品管理_カテゴリCSV登録）	m11-06	m11-06_admin_system_setting_setting_system_system_info（管理画面_設定_システム設定_システム情報）	7	shared_update_table,shared_external	dtb_authority_role	dtb_authority_role	API,バッチ
m03-41	m03-41_admin_product_product_category_csv_import（管理画面_商品管理_カテゴリCSV登録）	m03-06	商品管理 — カスタムデータ CSV ダウンロード（商品情報）	6	shared_db_table,shared_external,same_domain		dtb_csv	API,CSV,バッチ
m03-41	m03-41_admin_product_product_category_csv_import（管理画面_商品管理_カテゴリCSV登録）	m03-19	商品管理 — 部門 CSV 出力	6	shared_db_table,shared_external,same_domain		dtb_csv	API,CSV,バッチ
m03-41	m03-41_admin_product_product_category_csv_import（管理画面_商品管理_カテゴリCSV登録）	m04-05	在庫管理 — 在庫情報カスタムCSV出力	5	shared_db_table,shared_external		dtb_csv	API,CSV,バッチ
m03-41	m03-41_admin_product_product_category_csv_import（管理画面_商品管理_カテゴリCSV登録）	m04-15	M04-15（在庫分割結合情報カスタムCSV出力）	5	shared_db_table,shared_external		dtb_csv	CSV
m03-41	m03-41_admin_product_product_category_csv_import（管理画面_商品管理_カテゴリCSV登録）	m05-02	m05-02_admin_order_order_csv_export（受注管理_受注情報CSV出力）	5	shared_db_table,shared_external		dtb_csv	API,CSV,バッチ
m03-43	M03-43（低価格帯カード価格変更CSV出力）	m03-44	M03-44（低価格帯カード価格変更CSV登録）	11	direct_ref,shared_db_table,shared_external,same_domain		dtb_product_class	API,CSV,PDF,スマレジ,バッチ,メール
m03-43	M03-43（低価格帯カード価格変更CSV出力）	a02-01	API 商品管理 — ポップアップ用商品情報取得	7	shared_db_table,shared_external,same_domain_cross_layer		dtb_product_class	API
m03-43	M03-43（低価格帯カード価格変更CSV出力）	a02-02	API 商品管理 — ポップアップ用カード情報取得	7	shared_db_table,shared_external,same_domain_cross_layer		dtb_product_class	API
m03-43	M03-43（低価格帯カード価格変更CSV出力）	a02-03	API 商品管理 — ポップアップ用商品情報取得（旧商品ID）	7	shared_db_table,shared_external,same_domain_cross_layer		dtb_product_class	API
m03-43	M03-43（低価格帯カード価格変更CSV出力）	a02-04	API 商品管理 — ポップアップ用カード情報取得（旧商品ID）	7	shared_db_table,shared_external,same_domain_cross_layer		dtb_product_class	API
m03-43	M03-43（低価格帯カード価格変更CSV出力）	a02-05	API 商品管理 — 更新商品規格取得	7	shared_db_table,shared_external,same_domain_cross_layer		dtb_product_class	API,スマレジ
m03-43	M03-43（低価格帯カード価格変更CSV出力）	a06-09	API 店頭買取管理 — 商品名から商品詳細の情報を取得	7	shared_db_table,shared_external,same_domain_cross_layer		dtb_product_class	API
m03-43	M03-43（低価格帯カード価格変更CSV出力）	a17-05	API 店頭買取管理 — 商品名から商品詳細の情報を取得	7	shared_db_table,shared_external,same_domain_cross_layer		dtb_product_class	API
m03-43	M03-43（低価格帯カード価格変更CSV出力）	b02-01	バッチ 商品管理 — 期間別販売数集計	7	shared_db_table,shared_external,same_domain_cross_layer		dtb_product_class	API,バッチ
m03-43	M03-43（低価格帯カード価格変更CSV出力）	b02-02	バッチ 商品管理 — 入荷通知キャンセル	7	shared_db_table,shared_external,same_domain_cross_layer		dtb_product_class	API,バッチ,メール
m03-43	M03-43（低価格帯カード価格変更CSV出力）	b02-04	バッチ 商品管理 — 商品部門未設定チェック	7	shared_db_table,shared_external,same_domain_cross_layer		dtb_product_class	API,バッチ,メール
m03-43	M03-43（低価格帯カード価格変更CSV出力）	f03-01	F03-01（商品一覧）	7	shared_db_table,shared_external,same_domain_cross_layer		dtb_product_class	API,バッチ
m03-44	M03-44（低価格帯カード価格変更CSV登録）	m03-30	m03-30_admin_product_product_product_price_csv_import（管理画面_商品管理_セール用価格変更CSV登録）	12	direct_ref,shared_db_table,shared_external,same_domain		dtb_csv_import_history,dtb_product_class	API,CSV,スマレジ,バッチ
m03-44	M03-44（低価格帯カード価格変更CSV登録）	m03-43	M03-43（低価格帯カード価格変更CSV出力）	10	reverse_ref,shared_db_table,shared_external,same_domain		dtb_product_class	API,CSV,PDF,スマレジ,バッチ,メール
m03-44	M03-44（低価格帯カード価格変更CSV登録）	a02-01	API 商品管理 — ポップアップ用商品情報取得	7	shared_db_table,shared_external,same_domain_cross_layer		dtb_product_class	API
m03-44	M03-44（低価格帯カード価格変更CSV登録）	a02-02	API 商品管理 — ポップアップ用カード情報取得	7	shared_db_table,shared_external,same_domain_cross_layer		dtb_product_class	API
m03-44	M03-44（低価格帯カード価格変更CSV登録）	a02-03	API 商品管理 — ポップアップ用商品情報取得（旧商品ID）	7	shared_db_table,shared_external,same_domain_cross_layer		dtb_product_class	API
m03-44	M03-44（低価格帯カード価格変更CSV登録）	a02-04	API 商品管理 — ポップアップ用カード情報取得（旧商品ID）	7	shared_db_table,shared_external,same_domain_cross_layer		dtb_product_class	API
m03-44	M03-44（低価格帯カード価格変更CSV登録）	a02-05	API 商品管理 — 更新商品規格取得	7	shared_db_table,shared_external,same_domain_cross_layer		dtb_product_class	API,スマレジ
m03-44	M03-44（低価格帯カード価格変更CSV登録）	a06-09	API 店頭買取管理 — 商品名から商品詳細の情報を取得	7	shared_db_table,shared_external,same_domain_cross_layer		dtb_product_class	API
m03-44	M03-44（低価格帯カード価格変更CSV登録）	a17-05	API 店頭買取管理 — 商品名から商品詳細の情報を取得	7	shared_db_table,shared_external,same_domain_cross_layer		dtb_product_class	API
m03-44	M03-44（低価格帯カード価格変更CSV登録）	b02-01	バッチ 商品管理 — 期間別販売数集計	7	shared_db_table,shared_external,same_domain_cross_layer		dtb_product_class	API,バッチ
m03-44	M03-44（低価格帯カード価格変更CSV登録）	b02-02	バッチ 商品管理 — 入荷通知キャンセル	7	shared_db_table,shared_external,same_domain_cross_layer		dtb_product_class	API,バッチ,メール
m03-44	M03-44（低価格帯カード価格変更CSV登録）	b02-04	バッチ 商品管理 — 商品部門未設定チェック	7	shared_db_table,shared_external,same_domain_cross_layer		dtb_product_class	API,バッチ,メール
m03-45	m03-45_admin_product_product_category_list（管理画面_商品管理_カテゴリ一覧）	m03-11	m03-11_admin_product_product_category_register_edit（管理画面_商品管理_カテゴリ登録・編集）	12	reverse_ref,shared_update_table,shared_external,same_domain	dtb_category	dtb_category,dtb_category_sub	API,CSV,バッチ,支店
m03-45	m03-45_admin_product_product_category_list（管理画面_商品管理_カテゴリ一覧）	m03-12	商品管理 — カテゴリ CSV 出力	8	shared_db_table,shared_external,same_domain		dtb_category,dtb_csv,dtb_product_category	API,CSV,バッチ
m03-45	m03-45_admin_product_product_category_list（管理画面_商品管理_カテゴリ一覧）	m03-41	m03-41_admin_product_product_category_csv_import（管理画面_商品管理_カテゴリCSV登録）	8	shared_update_table,shared_external,same_domain	dtb_category	dtb_category,dtb_csv	API,CSV,バッチ
m03-45	m03-45_admin_product_product_category_list（管理画面_商品管理_カテゴリ一覧）	a02-05	API 商品管理 — 更新商品規格取得	7	shared_db_table,shared_external,same_domain_cross_layer		dtb_product_category	API,支店
m03-45	m03-45_admin_product_product_category_list（管理画面_商品管理_カテゴリ一覧）	f03-03	F03-03（商品詳細検索）	7	shared_db_table,shared_external,same_domain_cross_layer		dtb_category	API,バッチ
m03-45	m03-45_admin_product_product_category_list（管理画面_商品管理_カテゴリ一覧）	f03-04	F03-04（カテゴリ一覧）	7	shared_db_table,shared_external,same_domain_cross_layer		dtb_category	API,バッチ
m03-45	m03-45_admin_product_product_category_list（管理画面_商品管理_カテゴリ一覧）	m01-01	m01-01_admin_login_login（管理画面_認証機能）	7	direct_ref,shared_external			API,バッチ
m03-45	m03-45_admin_product_product_category_list（管理画面_商品管理_カテゴリ一覧）	m03-01	m03-01_admin_product_product_search_list（管理画面_商品管理_商品検索・一覧）	6	shared_db_table,shared_external,same_domain		dtb_product_category	API,CSV,バッチ
m03-45	m03-45_admin_product_product_category_list（管理画面_商品管理_カテゴリ一覧）	m03-02	M03-02（商品編集機能）	6	shared_db_table,shared_external,same_domain		dtb_product_category	API,CSV,バッチ,支店
m03-45	m03-45_admin_product_product_category_list（管理画面_商品管理_カテゴリ一覧）	m03-06	商品管理 — カスタムデータ CSV ダウンロード（商品情報）	6	shared_db_table,shared_external,same_domain		dtb_csv	API,CSV,バッチ
m03-45	m03-45_admin_product_product_category_list（管理画面_商品管理_カテゴリ一覧）	m03-19	商品管理 — 部門 CSV 出力	6	shared_db_table,shared_external,same_domain		dtb_csv	API,CSV,バッチ
m03-45	m03-45_admin_product_product_category_list（管理画面_商品管理_カテゴリ一覧）	m03-26	m03-26_admin_product_product_card_csv_import（管理画面_商品管理_カード商品CSV登録）	6	shared_db_table,shared_external,same_domain		dtb_product_category	API,CSV,バッチ,支店
m04-01	M04-01（在庫検索/一覧）	m04-02	M04-02（在庫編集機能）	17	direct_ref,reverse_ref,shared_db_table,shared_external,same_domain		dtb_product_class,dtb_product_stock,dtb_stock_history	CSV,スマレジ
m04-01	M04-01（在庫検索/一覧）	m04-13	M04-13（在庫分割結合登録/編集）	17	direct_ref,reverse_ref,shared_db_table,shared_external,same_domain		dtb_product_class,dtb_product_stock,dtb_stock_history	CSV,スマレジ
m04-01	M04-01（在庫検索/一覧）	m04-04	M04-04（在庫情報CSV出力）	16	direct_ref,reverse_ref,shared_db_table,shared_external,same_domain		dtb_product_class,dtb_product_stock	CSV,スマレジ,支店
m04-01	M04-01（在庫検索/一覧）	m04-09	M04-09（在庫移動・振替登録/編集）	16	direct_ref,reverse_ref,shared_db_table,shared_external,same_domain		dtb_product_stock,dtb_stock_history	CSV,スマレジ,支店
m04-01	M04-01（在庫検索/一覧）	m04-03	M04-03（在庫一括編集）	13	direct_ref,shared_db_table,shared_external,same_domain		dtb_product_class,dtb_product_stock,dtb_stock_history	CSV,支店
m04-01	M04-01（在庫検索/一覧）	m04-16	在庫管理 — 在庫リコメンドCSV出力	12	direct_ref,shared_db_table,shared_external,same_domain		dtb_product_class,dtb_product_stock	CSV
m04-01	M04-01（在庫検索/一覧）	m04-20	M04-20（欠品履歴CSV出力）	8	shared_db_table,shared_external,same_domain		dtb_product_class,dtb_product_stock,dtb_stock_history	CSV,スマレジ,支店
m04-01	M04-01（在庫検索/一覧）	m04-21	M04-21（在庫変更CSV登録）	8	shared_db_table,shared_external,same_domain		dtb_product_class,dtb_product_stock,dtb_stock_history	CSV,支店
m04-01	M04-01（在庫検索/一覧）	m04-05	在庫管理 — 在庫情報カスタムCSV出力	7	shared_db_table,shared_external,same_domain		dtb_product_class,dtb_product_stock	CSV
m04-01	M04-01（在庫検索/一覧）	m04-06	M04-06（在庫切れリストCSV出力）	7	shared_db_table,shared_external,same_domain		dtb_product_class,dtb_product_stock	CSV
m04-01	M04-01（在庫検索/一覧）	m04-07	M04-07（在庫警戒リストCSV出力）	7	shared_db_table,shared_external,same_domain		dtb_product_class,dtb_product_stock	CSV
m04-01	M04-01（在庫検索/一覧）	m04-14	M04-14（在庫分割結合情報CSV出力）	7	reverse_ref,shared_external,same_domain			CSV,スマレジ
m04-02	M04-02（在庫編集機能）	m04-01	M04-01（在庫検索/一覧）	17	direct_ref,reverse_ref,shared_db_table,shared_external,same_domain		dtb_product_class,dtb_product_stock,dtb_stock_history	CSV,スマレジ
m04-02	M04-02（在庫編集機能）	m04-03	M04-03（在庫一括編集）	15	direct_ref,shared_update_table,shared_external,same_domain	dtb_product_stock,dtb_stock_approval_list,dtb_stock_edit_approval,dtb_stock_edit_approval_detail,dtb_stock_history	dtb_product_class,dtb_product_stock,dtb_stock_approval_list,dtb_stock_edit_approval,dtb_stock_edit_approval_detail,dtb_stock_history,mtb_stock_change_type,mtb_stock_change_type_detail	API,CSV,メール
m04-02	M04-02（在庫編集機能）	m04-32	M04-32（承認一覧）	14	reverse_ref,shared_update_table,shared_external,same_domain	dtb_stock_approval_list,dtb_stock_edit_approval,dtb_stock_edit_approval_detail	dtb_stock_approval_list,dtb_stock_edit_approval,dtb_stock_edit_approval_detail,mtb_stock_change_type_detail,mtb_stock_history_source_type	API,CSV,スマレジ,メール
m04-02	M04-02（在庫編集機能）	m04-04	M04-04（在庫情報CSV出力）	12	direct_ref,shared_db_table,shared_external,same_domain		dtb_product_class,dtb_product_stock	CSV,スマレジ
m04-02	M04-02（在庫編集機能）	m04-13	M04-13（在庫分割結合登録/編集）	10	shared_update_table,shared_external,same_domain	dtb_product_stock,dtb_stock_approval_list,dtb_stock_history	dtb_product_class,dtb_product_stock,dtb_stock_approval_list,dtb_stock_history	CSV,スマレジ,メール
m04-02	M04-02（在庫編集機能）	m04-21	M04-21（在庫変更CSV登録）	10	shared_update_table,shared_external,same_domain	dtb_product_stock,dtb_stock_edit_approval,dtb_stock_history	dtb_product_class,dtb_product_stock,dtb_stock_edit_approval,dtb_stock_history	API,CSV,メール
m04-02	M04-02（在庫編集機能）	b02-07	バッチ 商品管理 — 週間在庫履歴更新	8	shared_update_table,shared_external	dtb_product_stock,dtb_stock_history	dtb_product_stock,dtb_stock_history	API,CSV,スマレジ
m04-02	M04-02（在庫編集機能）	m04-09	M04-09（在庫移動・振替登録/編集）	8	shared_update_table,shared_external,same_domain	dtb_stock_approval_list	dtb_product_stock,dtb_stock_approval_list,dtb_stock_history	API,CSV,スマレジ
m04-02	M04-02（在庫編集機能）	m04-17	M04-17（在庫履歴検索/一覧）	8	shared_db_table,shared_external,same_domain		dtb_product_class,dtb_stock_history,mtb_stock_change_type	API,CSV
m04-02	M04-02（在庫編集機能）	m04-18	M04-18（在庫履歴CSV出力）	8	shared_update_table,shared_external,same_domain	dtb_stock_history	dtb_product_class,dtb_stock_history,mtb_stock_change_type	API,CSV
m04-02	M04-02（在庫編集機能）	m04-20	M04-20（欠品履歴CSV出力）	8	shared_update_table,shared_external,same_domain	dtb_stock_history	dtb_product_class,dtb_product_stock,dtb_stock_history,mtb_stock_change_type,mtb_stock_change_type_detail	CSV,スマレジ
m04-02	M04-02（在庫編集機能）	m04-31	M04-31（棚卸計画）	8	shared_update_table,shared_external,same_domain	dtb_product_stock	dtb_product_stock	API,CSV
m04-03	M04-03（在庫一括編集）	m04-21	M04-21（在庫変更CSV登録）	19	direct_ref,reverse_ref,shared_update_table,shared_external,same_domain	dtb_product_class,dtb_product_stock,dtb_stock_edit_approval,dtb_stock_history	dtb_product_class,dtb_product_stock,dtb_product_sub_class,dtb_stock_edit_approval,dtb_stock_history	API,CSV,バッチ,メール,支店
m04-03	M04-03（在庫一括編集）	m04-02	M04-02（在庫編集機能）	14	reverse_ref,shared_update_table,shared_external,same_domain	dtb_product_stock,dtb_stock_approval_list,dtb_stock_edit_approval,dtb_stock_edit_approval_detail,dtb_stock_history	dtb_product_class,dtb_product_stock,dtb_stock_approval_list,dtb_stock_edit_approval,dtb_stock_edit_approval_detail,dtb_stock_history,mtb_stock_change_type,mtb_stock_change_type_detail	API,CSV,メール
m04-03	M04-03（在庫一括編集）	m04-32	M04-32（承認一覧）	14	reverse_ref,shared_update_table,shared_external,same_domain	dtb_stock_approval_list,dtb_stock_edit_approval,dtb_stock_edit_approval_detail	dtb_stock_approval_list,dtb_stock_edit_approval,dtb_stock_edit_approval_detail,mtb_stock_change_type_detail	API,CSV,メール
m04-03	M04-03（在庫一括編集）	m04-17	M04-17（在庫履歴検索/一覧）	13	direct_ref,shared_db_table,shared_external,same_domain		dtb_product_class,dtb_product_sub_class,dtb_stock_history,mtb_stock_change_type	API,CSV,バッチ
m04-03	M04-03（在庫一括編集）	m04-18	M04-18（在庫履歴CSV出力）	13	direct_ref,shared_update_table,shared_external,same_domain	dtb_stock_history	dtb_product_class,dtb_product_sub_class,dtb_stock_history,mtb_stock_change_type	API,CSV,バッチ
m04-03	M04-03（在庫一括編集）	m04-01	M04-01（在庫検索/一覧）	12	reverse_ref,shared_db_table,shared_external,same_domain		dtb_product_class,dtb_product_stock,dtb_stock_history	CSV,支店
m04-03	M04-03（在庫一括編集）	m03-01	m03-01_admin_product_product_search_list（管理画面_商品管理_商品検索・一覧）	11	direct_ref,shared_db_table,shared_external		dtb_product_class,dtb_product_stock	API,CSV,バッチ
m04-03	M04-03（在庫一括編集）	m04-13	M04-13（在庫分割結合登録/編集）	10	shared_update_table,shared_external,same_domain	dtb_product_class,dtb_product_stock,dtb_stock_approval_list,dtb_stock_history	dtb_product_class,dtb_product_stock,dtb_stock_approval_list,dtb_stock_history	CSV,メール
m04-03	M04-03（在庫一括編集）	a02-05	API 商品管理 — 更新商品規格取得	9	shared_update_table,shared_external	dtb_product_class,dtb_product_stock,dtb_product_sub_class	dtb_product_class,dtb_product_stock,dtb_product_sub_class	API,支店
m04-03	M04-03（在庫一括編集）	m03-09	M03-09（商品規格登録/編集）	9	shared_update_table,shared_external	dtb_product_class,dtb_product_stock,dtb_product_sub_class	dtb_product_class,dtb_product_stock,dtb_product_sub_class	API,CSV,バッチ,メール,支店
m04-03	M04-03（在庫一括編集）	b02-07	バッチ 商品管理 — 週間在庫履歴更新	8	shared_update_table,shared_external	dtb_product_stock,dtb_stock_history	dtb_product_stock,dtb_stock_history	API,CSV,バッチ,支店
m04-03	M04-03（在庫一括編集）	b05-02	バッチ 受注管理 — 購入完了手続き再処理	8	shared_update_table,shared_external	dtb_product_class,dtb_stock_history	dtb_product_class,dtb_stock_history	API,バッチ,メール
m04-04	M04-04（在庫情報CSV出力）	m04-01	M04-01（在庫検索/一覧）	16	direct_ref,reverse_ref,shared_db_table,shared_external,same_domain		dtb_product_class,dtb_product_stock	CSV,スマレジ,支店
m04-04	M04-04（在庫情報CSV出力）	m04-16	在庫管理 — 在庫リコメンドCSV出力	13	direct_ref,shared_db_table,shared_external,same_domain		dtb_product_class,dtb_product_stock,dtb_sales_quantity	CSV
m04-04	M04-04（在庫情報CSV出力）	m04-02	M04-02（在庫編集機能）	11	reverse_ref,shared_db_table,shared_external,same_domain		dtb_product_class,dtb_product_stock	CSV,スマレジ
m04-04	M04-04（在庫情報CSV出力）	m04-03	M04-03（在庫一括編集）	7	shared_db_table,shared_external,same_domain		dtb_product_class,dtb_product_stock	CSV,支店
m04-04	M04-04（在庫情報CSV出力）	m04-05	在庫管理 — 在庫情報カスタムCSV出力	7	shared_db_table,shared_external,same_domain		dtb_product_class,dtb_product_stock	CSV
m04-04	M04-04（在庫情報CSV出力）	m04-06	M04-06（在庫切れリストCSV出力）	7	shared_db_table,shared_external,same_domain		dtb_product_class,dtb_product_stock	CSV
m04-04	M04-04（在庫情報CSV出力）	m04-07	M04-07（在庫警戒リストCSV出力）	7	shared_db_table,shared_external,same_domain		dtb_product_class,dtb_product_stock	CSV
m04-04	M04-04（在庫情報CSV出力）	m04-13	M04-13（在庫分割結合登録/編集）	7	shared_db_table,shared_external,same_domain		dtb_product_class,dtb_product_stock	CSV,スマレジ
m04-04	M04-04（在庫情報CSV出力）	m04-20	M04-20（欠品履歴CSV出力）	7	shared_db_table,shared_external,same_domain		dtb_product_class,dtb_product_stock	CSV,スマレジ,支店
m04-04	M04-04（在庫情報CSV出力）	m04-21	M04-21（在庫変更CSV登録）	7	shared_db_table,shared_external,same_domain		dtb_product_class,dtb_product_stock	CSV,支店
m04-04	M04-04（在庫情報CSV出力）	m04-30	M04-30（バーコード貼替リストCSV出力）	7	shared_db_table,shared_external,same_domain		dtb_product_class,dtb_product_stock	CSV,スマレジ
m04-04	M04-04（在庫情報CSV出力）	m04-33	M04-33（戻しリストCSV）	7	shared_db_table,shared_external,same_domain		dtb_product_class,dtb_product_stock	CSV,支店
m04-05	在庫管理 — 在庫情報カスタムCSV出力	m04-13	M04-13（在庫分割結合登録/編集）	11	reverse_ref,shared_db_table,shared_external,same_domain		dtb_product_class,dtb_product_stock	CSV
m04-05	在庫管理 — 在庫情報カスタムCSV出力	m03-06	商品管理 — カスタムデータ CSV ダウンロード（商品情報）	7	shared_db_table,shared_external		dtb_csv,dtb_csv_csv_extension,dtb_csv_extension,dtb_product_class	API,CSV,バッチ
m04-05	在庫管理 — 在庫情報カスタムCSV出力	m04-01	M04-01（在庫検索/一覧）	7	shared_db_table,shared_external,same_domain		dtb_product_class,dtb_product_stock	CSV
m04-05	在庫管理 — 在庫情報カスタムCSV出力	m04-02	M04-02（在庫編集機能）	7	shared_db_table,shared_external,same_domain		dtb_product_class,dtb_product_stock	API,CSV
m04-05	在庫管理 — 在庫情報カスタムCSV出力	m04-03	M04-03（在庫一括編集）	7	shared_db_table,shared_external,same_domain		dtb_product_class,dtb_product_stock	API,CSV,バッチ
m04-05	在庫管理 — 在庫情報カスタムCSV出力	m04-04	M04-04（在庫情報CSV出力）	7	shared_db_table,shared_external,same_domain		dtb_product_class,dtb_product_stock	CSV
m04-05	在庫管理 — 在庫情報カスタムCSV出力	m04-06	M04-06（在庫切れリストCSV出力）	7	shared_db_table,shared_external,same_domain		dtb_product_class,dtb_product_stock	CSV,バッチ
m04-05	在庫管理 — 在庫情報カスタムCSV出力	m04-07	M04-07（在庫警戒リストCSV出力）	7	shared_db_table,shared_external,same_domain		dtb_product_class,dtb_product_stock	CSV,バッチ
m04-05	在庫管理 — 在庫情報カスタムCSV出力	m04-16	在庫管理 — 在庫リコメンドCSV出力	7	shared_db_table,shared_external,same_domain		dtb_product_class,dtb_product_stock	API,CSV,バッチ
m04-05	在庫管理 — 在庫情報カスタムCSV出力	m04-20	M04-20（欠品履歴CSV出力）	7	shared_db_table,shared_external,same_domain		dtb_product_class,dtb_product_stock	CSV
m04-05	在庫管理 — 在庫情報カスタムCSV出力	m04-21	M04-21（在庫変更CSV登録）	7	shared_db_table,shared_external,same_domain		dtb_product_class,dtb_product_stock	API,CSV,バッチ
m04-05	在庫管理 — 在庫情報カスタムCSV出力	m04-30	M04-30（バーコード貼替リストCSV出力）	7	shared_db_table,shared_external,same_domain		dtb_product_class,dtb_product_stock	CSV
m04-06	M04-06（在庫切れリストCSV出力）	m04-07	M04-07（在庫警戒リストCSV出力）	16	direct_ref,reverse_ref,shared_db_table,shared_external,same_domain		dtb_product_class,dtb_product_stock	CSV,バッチ
m04-06	M04-06（在庫切れリストCSV出力）	m04-01	M04-01（在庫検索/一覧）	7	shared_db_table,shared_external,same_domain		dtb_product_class,dtb_product_stock	CSV
m04-06	M04-06（在庫切れリストCSV出力）	m04-02	M04-02（在庫編集機能）	7	shared_db_table,shared_external,same_domain		dtb_product_class,dtb_product_stock	CSV
m04-06	M04-06（在庫切れリストCSV出力）	m04-03	M04-03（在庫一括編集）	7	shared_db_table,shared_external,same_domain		dtb_product_class,dtb_product_stock	CSV,バッチ
m04-06	M04-06（在庫切れリストCSV出力）	m04-04	M04-04（在庫情報CSV出力）	7	shared_db_table,shared_external,same_domain		dtb_product_class,dtb_product_stock	CSV
m04-06	M04-06（在庫切れリストCSV出力）	m04-05	在庫管理 — 在庫情報カスタムCSV出力	7	shared_db_table,shared_external,same_domain		dtb_product_class,dtb_product_stock	CSV,バッチ
m04-06	M04-06（在庫切れリストCSV出力）	m04-13	M04-13（在庫分割結合登録/編集）	7	shared_db_table,shared_external,same_domain		dtb_product_class,dtb_product_stock	CSV
m04-06	M04-06（在庫切れリストCSV出力）	m04-16	在庫管理 — 在庫リコメンドCSV出力	7	shared_db_table,shared_external,same_domain		dtb_product_class,dtb_product_stock	CSV,バッチ
m04-06	M04-06（在庫切れリストCSV出力）	m04-20	M04-20（欠品履歴CSV出力）	7	shared_db_table,shared_external,same_domain		dtb_product_class,dtb_product_stock	CSV
m04-06	M04-06（在庫切れリストCSV出力）	m04-21	M04-21（在庫変更CSV登録）	7	shared_db_table,shared_external,same_domain		dtb_product_class,dtb_product_stock	CSV,バッチ
m04-06	M04-06（在庫切れリストCSV出力）	m04-30	M04-30（バーコード貼替リストCSV出力）	7	shared_db_table,shared_external,same_domain		dtb_product_class,dtb_product_stock	CSV
m04-06	M04-06（在庫切れリストCSV出力）	m04-33	M04-33（戻しリストCSV）	7	shared_db_table,shared_external,same_domain		dtb_product_class,dtb_product_stock	CSV
m04-07	M04-07（在庫警戒リストCSV出力）	m04-06	M04-06（在庫切れリストCSV出力）	16	direct_ref,reverse_ref,shared_db_table,shared_external,same_domain		dtb_product_class,dtb_product_stock	CSV,バッチ
m04-07	M04-07（在庫警戒リストCSV出力）	m04-01	M04-01（在庫検索/一覧）	7	shared_db_table,shared_external,same_domain		dtb_product_class,dtb_product_stock	CSV
m04-07	M04-07（在庫警戒リストCSV出力）	m04-02	M04-02（在庫編集機能）	7	shared_db_table,shared_external,same_domain		dtb_product_class,dtb_product_stock	CSV
m04-07	M04-07（在庫警戒リストCSV出力）	m04-03	M04-03（在庫一括編集）	7	shared_db_table,shared_external,same_domain		dtb_product_class,dtb_product_stock	CSV,バッチ
m04-07	M04-07（在庫警戒リストCSV出力）	m04-04	M04-04（在庫情報CSV出力）	7	shared_db_table,shared_external,same_domain		dtb_product_class,dtb_product_stock	CSV
m04-07	M04-07（在庫警戒リストCSV出力）	m04-05	在庫管理 — 在庫情報カスタムCSV出力	7	shared_db_table,shared_external,same_domain		dtb_product_class,dtb_product_stock	CSV,バッチ
m04-07	M04-07（在庫警戒リストCSV出力）	m04-13	M04-13（在庫分割結合登録/編集）	7	shared_db_table,shared_external,same_domain		dtb_product_class,dtb_product_stock	CSV
m04-07	M04-07（在庫警戒リストCSV出力）	m04-16	在庫管理 — 在庫リコメンドCSV出力	7	shared_db_table,shared_external,same_domain		dtb_product_class,dtb_product_stock	CSV,バッチ
m04-07	M04-07（在庫警戒リストCSV出力）	m04-20	M04-20（欠品履歴CSV出力）	7	shared_db_table,shared_external,same_domain		dtb_product_class,dtb_product_stock	CSV
m04-07	M04-07（在庫警戒リストCSV出力）	m04-21	M04-21（在庫変更CSV登録）	7	shared_db_table,shared_external,same_domain		dtb_product_class,dtb_product_stock	CSV,バッチ
m04-07	M04-07（在庫警戒リストCSV出力）	m04-30	M04-30（バーコード貼替リストCSV出力）	7	shared_db_table,shared_external,same_domain		dtb_product_class,dtb_product_stock	CSV
m04-07	M04-07（在庫警戒リストCSV出力）	m04-33	M04-33（戻しリストCSV）	7	shared_db_table,shared_external,same_domain		dtb_product_class,dtb_product_stock	CSV
m04-08	M04-08（在庫移動・振替検索/一覧）	m04-10	M04-10（在庫移動・振替情報CSV出力）	16	direct_ref,reverse_ref,shared_db_table,shared_external,same_domain		dtb_stock_move_transfer,dtb_stock_move_transfer_detail	CSV,スマレジ
m04-08	M04-08（在庫移動・振替検索/一覧）	m04-22	M04-22（在庫移動・振替CSV登録）	16	direct_ref,reverse_ref,shared_db_table,shared_external,same_domain		dtb_stock_move_transfer,dtb_stock_move_transfer_detail	CSV,スマレジ
m04-08	M04-08（在庫移動・振替検索/一覧）	m04-09	M04-09（在庫移動・振替登録/編集）	12	direct_ref,shared_db_table,shared_external,same_domain		dtb_stock_move_transfer,dtb_stock_move_transfer_detail	CSV,PDF,スマレジ
m04-08	M04-08（在庫移動・振替検索/一覧）	m04-33	M04-33（戻しリストCSV）	12	direct_ref,shared_db_table,shared_external,same_domain		dtb_stock_move_transfer,dtb_stock_move_transfer_detail	CSV,PDF
m04-08	M04-08（在庫移動・振替検索/一覧）	m04-34	M04-34（戻しリストPDF）	12	direct_ref,shared_db_table,shared_external,same_domain		dtb_stock_move_transfer,dtb_stock_move_transfer_detail	CSV,PDF
m04-08	M04-08（在庫移動・振替検索/一覧）	m04-30	M04-30（バーコード貼替リストCSV出力）	8	direct_ref,shared_external,same_domain			CSV,スマレジ
m04-08	M04-08（在庫移動・振替検索/一覧）	m04-26	M04-26（ピッキングリスト印刷）	7	shared_db_table,shared_external,same_domain		dtb_stock_move_transfer,dtb_stock_move_transfer_detail	CSV,PDF
m04-08	M04-08（在庫移動・振替検索/一覧）	m04-11	在庫管理 — 在庫移動・振替情報カスタムCSV出力	6	shared_db_table,shared_external,same_domain		dtb_stock_move_transfer	CSV
m04-08	M04-08（在庫移動・振替検索/一覧）	m04-24	M04-24（在庫移動指示リスト作成/検索）	6	shared_db_table,shared_external,same_domain		dtb_stock_move_transfer	CSV
m04-08	M04-08（在庫移動・振替検索/一覧）	m04-25	M04-25（在庫移動指示リストエクスポート）	6	shared_db_table,shared_external,same_domain		dtb_stock_move_transfer	CSV
m04-08	M04-08（在庫移動・振替検索/一覧）	m04-27	M04-27（在庫移動実績入力用CSV出力）	6	shared_db_table,shared_external,same_domain		dtb_stock_move_transfer	CSV
m04-08	M04-08（在庫移動・振替検索/一覧）	m04-29	M04-29（在庫移動実績 インポート）	6	shared_db_table,shared_external,same_domain		dtb_stock_move_transfer	CSV
m04-09	M04-09（在庫移動・振替登録/編集）	m04-01	M04-01（在庫検索/一覧）	16	direct_ref,reverse_ref,shared_db_table,shared_external,same_domain		dtb_product_stock,dtb_stock_history	CSV,スマレジ,支店
m04-09	M04-09（在庫移動・振替登録/編集）	m04-22	M04-22（在庫移動・振替CSV登録）	12	reverse_ref,shared_update_table,shared_external,same_domain	dtb_stock_move_transfer	dtb_product_stock,dtb_stock_history,dtb_stock_move_transfer,dtb_stock_move_transfer_detail,dtb_stock_move_transfer_status_history	CSV,スマレジ
m04-09	M04-09（在庫移動・振替登録/編集）	m04-24	M04-24（在庫移動指示リスト作成/検索）	12	reverse_ref,shared_update_table,shared_external,same_domain	dtb_stock_move_transfer	dtb_stock_move_transfer	CSV
m04-09	M04-09（在庫移動・振替登録/編集）	m04-29	M04-29（在庫移動実績 インポート）	12	reverse_ref,shared_update_table,shared_external,same_domain	dtb_stock_move_transfer	dtb_stock_move_transfer	CSV
m04-09	M04-09（在庫移動・振替登録/編集）	m04-32	M04-32（承認一覧）	12	reverse_ref,shared_update_table,shared_external,same_domain	dtb_stock_approval_list	dtb_stock_approval_list	API,CSV,スマレジ
m04-09	M04-09（在庫移動・振替登録/編集）	m04-08	M04-08（在庫移動・振替検索/一覧）	11	reverse_ref,shared_db_table,shared_external,same_domain		dtb_stock_move_transfer,dtb_stock_move_transfer_detail	CSV,PDF,スマレジ
m04-09	M04-09（在庫移動・振替登録/編集）	m04-26	M04-26（ピッキングリスト印刷）	11	reverse_ref,shared_db_table,shared_external,same_domain		dtb_stock_move_transfer,dtb_stock_move_transfer_detail	CSV,PDF,支店
m04-09	M04-09（在庫移動・振替登録/編集）	m04-25	M04-25（在庫移動指示リストエクスポート）	10	reverse_ref,shared_db_table,shared_external,same_domain		dtb_stock_move_transfer	CSV
m04-09	M04-09（在庫移動・振替登録/編集）	m04-27	M04-27（在庫移動実績入力用CSV出力）	10	reverse_ref,shared_db_table,shared_external,same_domain		dtb_stock_move_transfer	CSV
m04-09	M04-09（在庫移動・振替登録/編集）	m04-10	M04-10（在庫移動・振替情報CSV出力）	9	shared_update_table,shared_external,same_domain	dtb_stock_move_transfer,dtb_stock_move_transfer_detail	dtb_stock_move_transfer,dtb_stock_move_transfer_detail	CSV,スマレジ
m04-09	M04-09（在庫移動・振替登録/編集）	m04-02	M04-02（在庫編集機能）	8	shared_update_table,shared_external,same_domain	dtb_stock_approval_list	dtb_product_stock,dtb_stock_approval_list,dtb_stock_history	API,CSV,スマレジ
m04-09	M04-09（在庫移動・振替登録/編集）	m04-03	M04-03（在庫一括編集）	8	shared_update_table,shared_external,same_domain	dtb_stock_approval_list	dtb_product_stock,dtb_stock_approval_list,dtb_stock_history	API,CSV,支店
m04-10	M04-10（在庫移動・振替情報CSV出力）	m04-08	M04-08（在庫移動・振替検索/一覧）	16	direct_ref,reverse_ref,shared_db_table,shared_external,same_domain		dtb_stock_move_transfer,dtb_stock_move_transfer_detail	CSV,スマレジ
m04-10	M04-10（在庫移動・振替情報CSV出力）	m04-33	M04-33（戻しリストCSV）	12	direct_ref,shared_db_table,shared_external,same_domain		dtb_stock_move_transfer,dtb_stock_move_transfer_detail	CSV
m04-10	M04-10（在庫移動・振替情報CSV出力）	m04-11	在庫管理 — 在庫移動・振替情報カスタムCSV出力	10	reverse_ref,shared_db_table,shared_external,same_domain		dtb_stock_move_transfer	CSV
m04-10	M04-10（在庫移動・振替情報CSV出力）	m04-09	M04-09（在庫移動・振替登録/編集）	9	shared_update_table,shared_external,same_domain	dtb_stock_move_transfer,dtb_stock_move_transfer_detail	dtb_stock_move_transfer,dtb_stock_move_transfer_detail	CSV,スマレジ
m04-10	M04-10（在庫移動・振替情報CSV出力）	m04-22	M04-22（在庫移動・振替CSV登録）	8	shared_update_table,shared_external,same_domain	dtb_stock_move_transfer	dtb_stock_move_transfer,dtb_stock_move_transfer_detail	CSV,スマレジ
m04-10	M04-10（在庫移動・振替情報CSV出力）	m04-24	M04-24（在庫移動指示リスト作成/検索）	8	shared_update_table,shared_external,same_domain	dtb_stock_move_transfer	dtb_stock_move_transfer	CSV
m04-10	M04-10（在庫移動・振替情報CSV出力）	m04-29	M04-29（在庫移動実績 インポート）	8	shared_update_table,shared_external,same_domain	dtb_stock_move_transfer	dtb_stock_move_transfer	CSV
m04-10	M04-10（在庫移動・振替情報CSV出力）	m04-30	M04-30（バーコード貼替リストCSV出力）	8	direct_ref,shared_external,same_domain			CSV,スマレジ
m04-10	M04-10（在庫移動・振替情報CSV出力）	m04-26	M04-26（ピッキングリスト印刷）	7	shared_db_table,shared_external,same_domain		dtb_stock_move_transfer,dtb_stock_move_transfer_detail	CSV
m04-10	M04-10（在庫移動・振替情報CSV出力）	m04-34	M04-34（戻しリストPDF）	7	shared_db_table,shared_external,same_domain		dtb_stock_move_transfer,dtb_stock_move_transfer_detail	CSV
m04-10	M04-10（在庫移動・振替情報CSV出力）	m04-25	M04-25（在庫移動指示リストエクスポート）	6	shared_db_table,shared_external,same_domain		dtb_stock_move_transfer	CSV
m04-10	M04-10（在庫移動・振替情報CSV出力）	m04-27	M04-27（在庫移動実績入力用CSV出力）	6	shared_db_table,shared_external,same_domain		dtb_stock_move_transfer	CSV
m04-11	在庫管理 — 在庫移動・振替情報カスタムCSV出力	m04-10	M04-10（在庫移動・振替情報CSV出力）	11	direct_ref,shared_db_table,shared_external,same_domain		dtb_stock_move_transfer	CSV
m04-11	在庫管理 — 在庫移動・振替情報カスタムCSV出力	m04-09	M04-09（在庫移動・振替登録/編集）	7	shared_db_table,shared_external,same_domain		dtb_stock_history,dtb_stock_move_transfer	API,CSV
m04-11	在庫管理 — 在庫移動・振替情報カスタムCSV出力	m04-22	M04-22（在庫移動・振替CSV登録）	7	shared_db_table,shared_external,same_domain		dtb_stock_history,dtb_stock_move_transfer	CSV
m04-11	在庫管理 — 在庫移動・振替情報カスタムCSV出力	m04-01	M04-01（在庫検索/一覧）	6	shared_db_table,shared_external,same_domain		dtb_stock_history	CSV
m04-11	在庫管理 — 在庫移動・振替情報カスタムCSV出力	m04-02	M04-02（在庫編集機能）	6	shared_db_table,shared_external,same_domain		dtb_stock_history	API,CSV
m04-11	在庫管理 — 在庫移動・振替情報カスタムCSV出力	m04-03	M04-03（在庫一括編集）	6	shared_db_table,shared_external,same_domain		dtb_stock_history	API,CSV,バッチ
m04-11	在庫管理 — 在庫移動・振替情報カスタムCSV出力	m04-08	M04-08（在庫移動・振替検索/一覧）	6	shared_db_table,shared_external,same_domain		dtb_stock_move_transfer	CSV
m04-11	在庫管理 — 在庫移動・振替情報カスタムCSV出力	m04-13	M04-13（在庫分割結合登録/編集）	6	shared_db_table,shared_external,same_domain		dtb_stock_history	CSV
m04-11	在庫管理 — 在庫移動・振替情報カスタムCSV出力	m04-17	M04-17（在庫履歴検索/一覧）	6	shared_db_table,shared_external,same_domain		dtb_stock_history	API,CSV,バッチ
m04-11	在庫管理 — 在庫移動・振替情報カスタムCSV出力	m04-18	M04-18（在庫履歴CSV出力）	6	shared_db_table,shared_external,same_domain		dtb_stock_history	API,CSV,バッチ
m04-11	在庫管理 — 在庫移動・振替情報カスタムCSV出力	m04-19	M04-19（欠品履歴検索/一覧）	6	shared_db_table,shared_external,same_domain		dtb_stock_history	API,CSV,バッチ
m04-11	在庫管理 — 在庫移動・振替情報カスタムCSV出力	m04-20	M04-20（欠品履歴CSV出力）	6	shared_db_table,shared_external,same_domain		dtb_stock_history	CSV
m04-12	M04-12（在庫分割結合検索/一覧）	m04-23	M04-23（在庫分割結合CSV登録）	18	direct_ref,reverse_ref,shared_update_table,shared_external,same_domain	dtb_stock_split_join_status_history,mtb_stock_split_join_status	dtb_stock_split_join,dtb_stock_split_join_detail,dtb_stock_split_join_status_history,mtb_stock_split_join_status	CSV,スマレジ
m04-12	M04-12（在庫分割結合検索/一覧）	m04-13	M04-13（在庫分割結合登録/編集）	17	direct_ref,reverse_ref,shared_update_table,shared_external,same_domain	mtb_stock_split_join_status	dtb_stock_split_join,dtb_stock_split_join_detail,dtb_stock_split_join_status_history,mtb_stock_split_join_status	CSV,スマレジ
m04-12	M04-12（在庫分割結合検索/一覧）	m04-14	M04-14（在庫分割結合情報CSV出力）	16	direct_ref,reverse_ref,shared_db_table,shared_external,same_domain		dtb_stock_split_join,dtb_stock_split_join_detail	CSV,スマレジ
m04-12	M04-12（在庫分割結合検索/一覧）	m04-15	M04-15（在庫分割結合情報カスタムCSV出力）	16	direct_ref,reverse_ref,shared_db_table,shared_external,same_domain		dtb_stock_split_join,dtb_stock_split_join_detail	CSV
m04-12	M04-12（在庫分割結合検索/一覧）	a01-01	A01-01（スマレジ連携処理）	4	shared_external,same_domain_cross_layer			CSV,スマレジ
m04-12	M04-12（在庫分割結合検索/一覧）	a01-02	A01-02（スマレジwebhook連携エラー再連携）	4	shared_external,same_domain_cross_layer			CSV,スマレジ
m04-13	M04-13（在庫分割結合登録/編集）	m04-01	M04-01（在庫検索/一覧）	17	direct_ref,reverse_ref,shared_db_table,shared_external,same_domain		dtb_product_class,dtb_product_stock,dtb_stock_history	CSV,スマレジ
m04-13	M04-13（在庫分割結合登録/編集）	m04-12	M04-12（在庫分割結合検索/一覧）	17	direct_ref,reverse_ref,shared_update_table,shared_external,same_domain	mtb_stock_split_join_status	dtb_stock_split_join,dtb_stock_split_join_detail,dtb_stock_split_join_status_history,mtb_stock_split_join_status	CSV,スマレジ
m04-13	M04-13（在庫分割結合登録/編集）	m04-23	M04-23（在庫分割結合CSV登録）	14	reverse_ref,shared_update_table,shared_external,same_domain	dtb_stock_split_join,dtb_stock_split_join_detail,mtb_stock_split_join_status	dtb_stock_split_join,dtb_stock_split_join_detail,dtb_stock_split_join_status_history,mtb_stock_split_join_status	CSV,スマレジ,メール
m04-13	M04-13（在庫分割結合登録/編集）	m04-05	在庫管理 — 在庫情報カスタムCSV出力	12	direct_ref,shared_db_table,shared_external,same_domain		dtb_product_class,dtb_product_stock	CSV
m04-13	M04-13（在庫分割結合登録/編集）	m04-32	M04-32（承認一覧）	12	reverse_ref,shared_update_table,shared_external,same_domain	dtb_stock_approval_list	dtb_stock_approval_list	CSV,スマレジ,メール
m04-13	M04-13（在庫分割結合登録/編集）	m04-02	M04-02（在庫編集機能）	10	shared_update_table,shared_external,same_domain	dtb_product_stock,dtb_stock_approval_list,dtb_stock_history	dtb_product_class,dtb_product_stock,dtb_stock_approval_list,dtb_stock_history	CSV,スマレジ,メール
m04-13	M04-13（在庫分割結合登録/編集）	m04-03	M04-03（在庫一括編集）	10	shared_update_table,shared_external,same_domain	dtb_product_class,dtb_product_stock,dtb_stock_approval_list,dtb_stock_history	dtb_product_class,dtb_product_stock,dtb_stock_approval_list,dtb_stock_history	CSV,メール
m04-13	M04-13（在庫分割結合登録/編集）	m04-21	M04-21（在庫変更CSV登録）	10	shared_update_table,shared_external,same_domain	dtb_product_class,dtb_product_stock,dtb_stock_history	dtb_product_class,dtb_product_stock,dtb_stock_history	CSV,メール
m04-13	M04-13（在庫分割結合登録/編集）	m04-14	M04-14（在庫分割結合情報CSV出力）	9	shared_update_table,shared_external,same_domain	dtb_stock_split_join,dtb_stock_split_join_detail	dtb_stock_split_join,dtb_stock_split_join_detail	CSV,スマレジ
m04-13	M04-13（在庫分割結合登録/編集）	a02-05	API 商品管理 — 更新商品規格取得	8	shared_update_table,shared_external	dtb_product_class,dtb_product_stock	dtb_product_class,dtb_product_stock	スマレジ
m04-13	M04-13（在庫分割結合登録/編集）	b02-07	バッチ 商品管理 — 週間在庫履歴更新	8	shared_update_table,shared_external	dtb_product_stock,dtb_stock_history	dtb_product_stock,dtb_stock_history	CSV,スマレジ
m04-13	M04-13（在庫分割結合登録/編集）	b05-02	バッチ 受注管理 — 購入完了手続き再処理	8	shared_update_table,shared_external	dtb_product_class,dtb_stock_history	dtb_product_class,dtb_stock_history	スマレジ,メール
m04-14	M04-14（在庫分割結合情報CSV出力）	m04-12	M04-12（在庫分割結合検索/一覧）	16	direct_ref,reverse_ref,shared_db_table,shared_external,same_domain		dtb_stock_split_join,dtb_stock_split_join_detail	CSV,スマレジ
m04-14	M04-14（在庫分割結合情報CSV出力）	m04-15	M04-15（在庫分割結合情報カスタムCSV出力）	16	direct_ref,reverse_ref,shared_db_table,shared_external,same_domain		dtb_stock_split_join,dtb_stock_split_join_detail	CSV
m04-14	M04-14（在庫分割結合情報CSV出力）	m04-23	M04-23（在庫分割結合CSV登録）	13	reverse_ref,shared_update_table,shared_external,same_domain	dtb_stock_split_join,dtb_stock_split_join_detail	dtb_stock_split_join,dtb_stock_split_join_detail	CSV,スマレジ
m04-14	M04-14（在庫分割結合情報CSV出力）	m04-13	M04-13（在庫分割結合登録/編集）	9	shared_update_table,shared_external,same_domain	dtb_stock_split_join,dtb_stock_split_join_detail	dtb_stock_split_join,dtb_stock_split_join_detail	CSV,スマレジ
m04-14	M04-14（在庫分割結合情報CSV出力）	m04-01	M04-01（在庫検索/一覧）	8	direct_ref,shared_external,same_domain			CSV,スマレジ
m04-14	M04-14（在庫分割結合情報CSV出力）	a01-01	A01-01（スマレジ連携処理）	4	shared_external,same_domain_cross_layer			CSV,スマレジ
m04-14	M04-14（在庫分割結合情報CSV出力）	a01-02	A01-02（スマレジwebhook連携エラー再連携）	4	shared_external,same_domain_cross_layer			CSV,スマレジ
m04-15	M04-15（在庫分割結合情報カスタムCSV出力）	m04-12	M04-12（在庫分割結合検索/一覧）	16	direct_ref,reverse_ref,shared_db_table,shared_external,same_domain		dtb_stock_split_join,dtb_stock_split_join_detail	CSV
m04-15	M04-15（在庫分割結合情報カスタムCSV出力）	m04-14	M04-14（在庫分割結合情報CSV出力）	16	direct_ref,reverse_ref,shared_db_table,shared_external,same_domain		dtb_stock_split_join,dtb_stock_split_join_detail	CSV
m04-15	M04-15（在庫分割結合情報カスタムCSV出力）	m04-23	M04-23（在庫分割結合CSV登録）	11	reverse_ref,shared_db_table,shared_external,same_domain		dtb_stock_split_join,dtb_stock_split_join_detail	CSV
m04-15	M04-15（在庫分割結合情報カスタムCSV出力）	m04-13	M04-13（在庫分割結合登録/編集）	7	shared_db_table,shared_external,same_domain		dtb_stock_split_join,dtb_stock_split_join_detail	CSV
m04-15	M04-15（在庫分割結合情報カスタムCSV出力）	m04-05	在庫管理 — 在庫情報カスタムCSV出力	6	shared_db_table,shared_external,same_domain		dtb_csv	CSV
m04-15	M04-15（在庫分割結合情報カスタムCSV出力）	m03-06	商品管理 — カスタムデータ CSV ダウンロード（商品情報）	5	shared_db_table,shared_external		dtb_csv	CSV
m04-15	M04-15（在庫分割結合情報カスタムCSV出力）	m03-12	商品管理 — カテゴリ CSV 出力	5	shared_db_table,shared_external		dtb_csv	CSV
m04-15	M04-15（在庫分割結合情報カスタムCSV出力）	m03-19	商品管理 — 部門 CSV 出力	5	shared_db_table,shared_external		dtb_csv	CSV
m04-15	M04-15（在庫分割結合情報カスタムCSV出力）	m03-41	m03-41_admin_product_product_category_csv_import（管理画面_商品管理_カテゴリCSV登録）	5	shared_db_table,shared_external		dtb_csv	CSV
m04-15	M04-15（在庫分割結合情報カスタムCSV出力）	m03-45	m03-45_admin_product_product_category_list（管理画面_商品管理_カテゴリ一覧）	5	shared_db_table,shared_external		dtb_csv	CSV
m04-15	M04-15（在庫分割結合情報カスタムCSV出力）	m05-02	m05-02_admin_order_order_csv_export（受注管理_受注情報CSV出力）	5	shared_db_table,shared_external		dtb_csv	CSV
m04-15	M04-15（在庫分割結合情報カスタムCSV出力）	m05-03	m05-03_admin_order_order_custom_csv_export（受注管理 — カスタム受注CSVダウンロード）	5	shared_db_table,shared_external		dtb_csv	CSV
m04-16	在庫管理 — 在庫リコメンドCSV出力	m04-04	M04-04（在庫情報CSV出力）	12	reverse_ref,shared_db_table,shared_external,same_domain		dtb_product_class,dtb_product_stock,dtb_sales_quantity	CSV
m04-16	在庫管理 — 在庫リコメンドCSV出力	m04-01	M04-01（在庫検索/一覧）	11	reverse_ref,shared_db_table,shared_external,same_domain		dtb_product_class,dtb_product_stock	CSV
m04-16	在庫管理 — 在庫リコメンドCSV出力	m04-20	M04-20（欠品履歴CSV出力）	8	shared_db_table,shared_external,same_domain		dtb_product,dtb_product_class,dtb_product_stock	CSV
m04-16	在庫管理 — 在庫リコメンドCSV出力	m04-21	M04-21（在庫変更CSV登録）	8	shared_db_table,shared_external,same_domain		dtb_product,dtb_product_class,dtb_product_stock,dtb_stock_up_quantity	API,CSV,バッチ
m04-16	在庫管理 — 在庫リコメンドCSV出力	m04-30	M04-30（バーコード貼替リストCSV出力）	8	shared_db_table,shared_external,same_domain		dtb_product,dtb_product_class,dtb_product_stock	CSV
m04-16	在庫管理 — 在庫リコメンドCSV出力	m04-33	M04-33（戻しリストCSV）	8	shared_db_table,shared_external,same_domain		dtb_base_info,dtb_product,dtb_product_class,dtb_product_stock	CSV
m04-16	在庫管理 — 在庫リコメンドCSV出力	m04-34	M04-34（戻しリストPDF）	8	shared_db_table,shared_external,same_domain		dtb_base_info,dtb_product,dtb_product_class,dtb_product_stock	CSV
m04-16	在庫管理 — 在庫リコメンドCSV出力	a02-02	API 商品管理 — ポップアップ用カード情報取得	7	shared_db_table,shared_external		dtb_product,dtb_product_class,dtb_product_stock	API
m04-16	在庫管理 — 在庫リコメンドCSV出力	a02-03	API 商品管理 — ポップアップ用商品情報取得（旧商品ID）	7	shared_db_table,shared_external		dtb_product,dtb_product_class,dtb_product_stock	API
m04-16	在庫管理 — 在庫リコメンドCSV出力	a02-04	API 商品管理 — ポップアップ用カード情報取得（旧商品ID）	7	shared_db_table,shared_external		dtb_product,dtb_product_class,dtb_product_stock	API
m04-16	在庫管理 — 在庫リコメンドCSV出力	a02-05	API 商品管理 — 更新商品規格取得	7	shared_db_table,shared_external		dtb_product,dtb_product_class,dtb_product_stock	API
m04-16	在庫管理 — 在庫リコメンドCSV出力	m03-01	m03-01_admin_product_product_search_list（管理画面_商品管理_商品検索・一覧）	7	shared_db_table,shared_external		dtb_product,dtb_product_class,dtb_product_stock	API,CSV,バッチ
m04-17	M04-17（在庫履歴検索/一覧）	m04-18	M04-18（在庫履歴CSV出力）	17	direct_ref,reverse_ref,shared_update_table,shared_external,same_domain	dtb_member	dtb_member,dtb_product,dtb_product_class,dtb_product_sub_class,dtb_stock_history,mtb_language,mtb_stock_change_type	API,CSV,バッチ
m04-17	M04-17（在庫履歴検索/一覧）	m04-03	M04-03（在庫一括編集）	12	reverse_ref,shared_db_table,shared_external,same_domain		dtb_product_class,dtb_product_sub_class,dtb_stock_history,mtb_stock_change_type	API,CSV,バッチ
m04-17	M04-17（在庫履歴検索/一覧）	m04-20	M04-20（欠品履歴CSV出力）	12	reverse_ref,shared_db_table,shared_external,same_domain		dtb_product,dtb_product_class,dtb_stock_history,mtb_stock_change_type	CSV
m04-17	M04-17（在庫履歴検索/一覧）	m03-01	m03-01_admin_product_product_search_list（管理画面_商品管理_商品検索・一覧）	11	direct_ref,shared_db_table,shared_external		dtb_product,dtb_product_class	API,CSV,バッチ
m04-17	M04-17（在庫履歴検索/一覧）	m04-02	M04-02（在庫編集機能）	8	shared_db_table,shared_external,same_domain		dtb_product_class,dtb_stock_history,mtb_stock_change_type	API,CSV
m04-17	M04-17（在庫履歴検索/一覧）	m04-19	M04-19（欠品履歴検索/一覧）	8	shared_update_table,shared_external,same_domain	dtb_member	dtb_member,dtb_product,dtb_product_class,dtb_product_sub_class,dtb_stock_history,mtb_card_condition,mtb_language	API,CSV,バッチ
m04-17	M04-17（在庫履歴検索/一覧）	m04-21	M04-21（在庫変更CSV登録）	8	shared_db_table,shared_external,same_domain		dtb_product,dtb_product_class,dtb_product_sub_class,dtb_stock_history	API,CSV,バッチ
m04-17	M04-17（在庫履歴検索/一覧）	m04-30	M04-30（バーコード貼替リストCSV出力）	8	shared_db_table,shared_external,same_domain		dtb_price_history,dtb_product,dtb_product_class,mtb_card_condition,mtb_language	CSV
m04-17	M04-17（在庫履歴検索/一覧）	m04-33	M04-33（戻しリストCSV）	8	shared_db_table,shared_external,same_domain		dtb_product,dtb_product_class,mtb_card_condition,mtb_language	CSV
m04-17	M04-17（在庫履歴検索/一覧）	m04-34	M04-34（戻しリストPDF）	8	shared_db_table,shared_external,same_domain		dtb_product,dtb_product_class,mtb_card_condition,mtb_language	CSV
m04-17	M04-17（在庫履歴検索/一覧）	a02-02	API 商品管理 — ポップアップ用カード情報取得	7	shared_db_table,shared_external		dtb_product,dtb_product_class,dtb_product_sub_class,mtb_language	API
m04-17	M04-17（在庫履歴検索/一覧）	a02-03	API 商品管理 — ポップアップ用商品情報取得（旧商品ID）	7	shared_db_table,shared_external		dtb_product,dtb_product_class,dtb_product_sub_class	API
m04-18	M04-18（在庫履歴CSV出力）	m04-17	M04-17（在庫履歴検索/一覧）	17	direct_ref,reverse_ref,shared_update_table,shared_external,same_domain	dtb_member	dtb_member,dtb_product,dtb_product_class,dtb_product_sub_class,dtb_stock_history,mtb_language,mtb_stock_change_type	API,CSV,バッチ
m04-18	M04-18（在庫履歴CSV出力）	m04-03	M04-03（在庫一括編集）	12	reverse_ref,shared_update_table,shared_external,same_domain	dtb_stock_history	dtb_product_class,dtb_product_sub_class,dtb_stock_history,mtb_stock_change_type	API,CSV,バッチ
m04-18	M04-18（在庫履歴CSV出力）	m04-02	M04-02（在庫編集機能）	8	shared_update_table,shared_external,same_domain	dtb_stock_history	dtb_product_class,dtb_stock_history,mtb_stock_change_type	API,CSV
m04-18	M04-18（在庫履歴CSV出力）	m04-13	M04-13（在庫分割結合登録/編集）	8	shared_update_table,shared_external,same_domain	dtb_stock_history	dtb_product_class,dtb_stock_history	CSV
m04-18	M04-18（在庫履歴CSV出力）	m04-19	M04-19（欠品履歴検索/一覧）	8	shared_update_table,shared_external,same_domain	dtb_member	dtb_member,dtb_product,dtb_product_class,dtb_product_sub_class,dtb_stock_history,mtb_language	API,CSV,バッチ
m04-18	M04-18（在庫履歴CSV出力）	m04-20	M04-20（欠品履歴CSV出力）	8	shared_update_table,shared_external,same_domain	dtb_stock_history	dtb_product,dtb_product_class,dtb_stock_history,mtb_stock_change_type	CSV
m04-18	M04-18（在庫履歴CSV出力）	m04-21	M04-21（在庫変更CSV登録）	8	shared_update_table,shared_external,same_domain	dtb_stock_history	dtb_product,dtb_product_class,dtb_product_sub_class,dtb_stock_history	API,CSV,バッチ
m04-18	M04-18（在庫履歴CSV出力）	m04-30	M04-30（バーコード貼替リストCSV出力）	8	shared_db_table,shared_external,same_domain		dtb_product,dtb_product_class,mtb_language	CSV
m04-18	M04-18（在庫履歴CSV出力）	m04-33	M04-33（戻しリストCSV）	8	shared_db_table,shared_external,same_domain		dtb_product,dtb_product_class,mtb_language	CSV
m04-18	M04-18（在庫履歴CSV出力）	m04-34	M04-34（戻しリストPDF）	8	shared_db_table,shared_external,same_domain		dtb_product,dtb_product_class,mtb_language	CSV
m04-18	M04-18（在庫履歴CSV出力）	a02-02	API 商品管理 — ポップアップ用カード情報取得	7	shared_db_table,shared_external		dtb_product,dtb_product_class,dtb_product_sub_class,mtb_language	API
m04-18	M04-18（在庫履歴CSV出力）	a02-03	API 商品管理 — ポップアップ用商品情報取得（旧商品ID）	7	shared_db_table,shared_external		dtb_product,dtb_product_class,dtb_product_sub_class	API
m04-19	M04-19（欠品履歴検索/一覧）	m04-20	M04-20（欠品履歴CSV出力）	12	reverse_ref,shared_db_table,shared_external,same_domain		dtb_product,dtb_product_class,dtb_stock_history	CSV
m04-19	M04-19（欠品履歴検索/一覧）	m04-03	M04-03（在庫一括編集）	8	shared_db_table,shared_external,same_domain		dtb_product_class,dtb_product_sub_class,dtb_stock_history	API,CSV,バッチ
m04-19	M04-19（欠品履歴検索/一覧）	m04-13	M04-13（在庫分割結合登録/編集）	8	shared_db_table,shared_external,same_domain		dtb_product_class,dtb_stock_history,dtb_stockout_history	CSV
m04-19	M04-19（欠品履歴検索/一覧）	m04-17	M04-17（在庫履歴検索/一覧）	8	shared_update_table,shared_external,same_domain	dtb_member	dtb_member,dtb_product,dtb_product_class,dtb_product_sub_class,dtb_stock_history,mtb_card_condition,mtb_language	API,CSV,バッチ
m04-19	M04-19（欠品履歴検索/一覧）	m04-18	M04-18（在庫履歴CSV出力）	8	shared_update_table,shared_external,same_domain	dtb_member	dtb_member,dtb_product,dtb_product_class,dtb_product_sub_class,dtb_stock_history,mtb_language	API,CSV,バッチ
m04-19	M04-19（欠品履歴検索/一覧）	m04-21	M04-21（在庫変更CSV登録）	8	shared_db_table,shared_external,same_domain		dtb_product,dtb_product_class,dtb_product_sub_class,dtb_stock_history	API,CSV,バッチ
m04-19	M04-19（欠品履歴検索/一覧）	m04-30	M04-30（バーコード貼替リストCSV出力）	8	shared_db_table,shared_external,same_domain		dtb_product,dtb_product_class,mtb_card_condition,mtb_language	CSV
m04-19	M04-19（欠品履歴検索/一覧）	m04-33	M04-33（戻しリストCSV）	8	shared_db_table,shared_external,same_domain		dtb_product,dtb_product_class,mtb_card_condition,mtb_language	CSV
m04-19	M04-19（欠品履歴検索/一覧）	m04-34	M04-34（戻しリストPDF）	8	shared_db_table,shared_external,same_domain		dtb_product,dtb_product_class,mtb_card_condition,mtb_language	CSV
m04-19	M04-19（欠品履歴検索/一覧）	a02-02	API 商品管理 — ポップアップ用カード情報取得	7	shared_db_table,shared_external		dtb_product,dtb_product_class,dtb_product_sub_class,mtb_language	API
m04-19	M04-19（欠品履歴検索/一覧）	a02-03	API 商品管理 — ポップアップ用商品情報取得（旧商品ID）	7	shared_db_table,shared_external		dtb_product,dtb_product_class,dtb_product_sub_class	API
m04-19	M04-19（欠品履歴検索/一覧）	a02-04	API 商品管理 — ポップアップ用カード情報取得（旧商品ID）	7	shared_db_table,shared_external		dtb_product,dtb_product_class,dtb_product_sub_class,mtb_language	API
m04-20	M04-20（欠品履歴CSV出力）	m04-17	M04-17（在庫履歴検索/一覧）	13	direct_ref,shared_db_table,shared_external,same_domain		dtb_product,dtb_product_class,dtb_stock_history,mtb_stock_change_type	CSV
m04-20	M04-20（欠品履歴CSV出力）	m04-19	M04-19（欠品履歴検索/一覧）	13	direct_ref,shared_db_table,shared_external,same_domain		dtb_product,dtb_product_class,dtb_stock_history	CSV
m04-20	M04-20（欠品履歴CSV出力）	m04-01	M04-01（在庫検索/一覧）	8	shared_db_table,shared_external,same_domain		dtb_product_class,dtb_product_stock,dtb_stock_history	CSV,スマレジ,支店
m04-20	M04-20（欠品履歴CSV出力）	m04-02	M04-02（在庫編集機能）	8	shared_update_table,shared_external,same_domain	dtb_stock_history	dtb_product_class,dtb_product_stock,dtb_stock_history,mtb_stock_change_type,mtb_stock_change_type_detail	CSV,スマレジ
m04-20	M04-20（欠品履歴CSV出力）	m04-03	M04-03（在庫一括編集）	8	shared_update_table,shared_external,same_domain	dtb_stock_history	dtb_product_class,dtb_product_stock,dtb_stock_history,mtb_stock_change_type,mtb_stock_change_type_detail	CSV,支店
m04-20	M04-20（欠品履歴CSV出力）	m04-13	M04-13（在庫分割結合登録/編集）	8	shared_update_table,shared_external,same_domain	dtb_stock_history	dtb_product_class,dtb_product_stock,dtb_stock_history	CSV,スマレジ
m04-20	M04-20（欠品履歴CSV出力）	m04-16	在庫管理 — 在庫リコメンドCSV出力	8	shared_db_table,shared_external,same_domain		dtb_product,dtb_product_class,dtb_product_stock	CSV
m04-20	M04-20（欠品履歴CSV出力）	m04-18	M04-18（在庫履歴CSV出力）	8	shared_update_table,shared_external,same_domain	dtb_stock_history	dtb_product,dtb_product_class,dtb_stock_history,mtb_stock_change_type	CSV
m04-20	M04-20（欠品履歴CSV出力）	m04-21	M04-21（在庫変更CSV登録）	8	shared_update_table,shared_external,same_domain	dtb_stock_history	dtb_product,dtb_product_class,dtb_product_stock,dtb_stock_history	CSV,支店
m04-20	M04-20（欠品履歴CSV出力）	m04-30	M04-30（バーコード貼替リストCSV出力）	8	shared_db_table,shared_external,same_domain		dtb_product,dtb_product_class,dtb_product_stock	CSV,スマレジ
m04-20	M04-20（欠品履歴CSV出力）	m04-33	M04-33（戻しリストCSV）	8	shared_db_table,shared_external,same_domain		dtb_product,dtb_product_class,dtb_product_stock	CSV,支店
m04-20	M04-20（欠品履歴CSV出力）	m04-34	M04-34（戻しリストPDF）	8	shared_db_table,shared_external,same_domain		dtb_product,dtb_product_class,dtb_product_stock	CSV,支店
m04-21	M04-21（在庫変更CSV登録）	m04-03	M04-03（在庫一括編集）	19	direct_ref,reverse_ref,shared_update_table,shared_external,same_domain	dtb_product_class,dtb_product_stock,dtb_stock_edit_approval,dtb_stock_history	dtb_product_class,dtb_product_stock,dtb_product_sub_class,dtb_stock_edit_approval,dtb_stock_history	API,CSV,バッチ,メール,支店
m04-21	M04-21（在庫変更CSV登録）	m04-02	M04-02（在庫編集機能）	10	shared_update_table,shared_external,same_domain	dtb_product_stock,dtb_stock_edit_approval,dtb_stock_history	dtb_product_class,dtb_product_stock,dtb_stock_edit_approval,dtb_stock_history	API,CSV,メール
m04-21	M04-21（在庫変更CSV登録）	m04-13	M04-13（在庫分割結合登録/編集）	10	shared_update_table,shared_external,same_domain	dtb_product_class,dtb_product_stock,dtb_stock_history	dtb_product_class,dtb_product_stock,dtb_stock_history	CSV,メール
m04-21	M04-21（在庫変更CSV登録）	m03-26	m03-26_admin_product_product_card_csv_import（管理画面_商品管理_カード商品CSV登録）	9	shared_update_table,shared_external	dtb_csv_import_history,dtb_product_class,dtb_product_stock	dtb_csv_import_history,dtb_product,dtb_product_class,dtb_product_stock	API,CSV,バッチ,支店
m04-21	M04-21（在庫変更CSV登録）	m03-27	m03-27_admin_product_product_goods_csv_import（管理画面_商品管理_グッズ商品CSV登録）	9	shared_update_table,shared_external	dtb_csv_import_history,dtb_product_class,dtb_product_stock	dtb_csv_import_history,dtb_product,dtb_product_class,dtb_product_stock	API,CSV,バッチ,支店
m04-21	M04-21（在庫変更CSV登録）	a02-05	API 商品管理 — 更新商品規格取得	8	shared_update_table,shared_external	dtb_product_class,dtb_product_stock	dtb_product,dtb_product_class,dtb_product_stock,dtb_product_sub_class	API,支店
m04-21	M04-21（在庫変更CSV登録）	b02-07	バッチ 商品管理 — 週間在庫履歴更新	8	shared_update_table,shared_external	dtb_product_stock,dtb_stock_history	dtb_product_stock,dtb_stock_history	API,CSV,バッチ,支店
m04-21	M04-21（在庫変更CSV登録）	b05-02	バッチ 受注管理 — 購入完了手続き再処理	8	shared_update_table,shared_external	dtb_product_class,dtb_stock_history	dtb_product_class,dtb_stock_history	API,バッチ,メール
m04-21	M04-21（在庫変更CSV登録）	b06-01	B06-01（買取自動入庫バッチ）	8	shared_update_table,shared_external	dtb_product_class,dtb_product_stock	dtb_product_class,dtb_product_stock	API,CSV,バッチ,メール
m04-21	M04-21（在庫変更CSV登録）	m03-09	M03-09（商品規格登録/編集）	8	shared_update_table,shared_external	dtb_product_class,dtb_product_stock	dtb_product_class,dtb_product_stock,dtb_product_sub_class,dtb_stock_up_quantity	API,CSV,バッチ,メール,支店
m04-21	M04-21（在庫変更CSV登録）	m03-20	商品管理 — 部門CSV入力	8	shared_update_table,shared_external	dtb_csv_import_history,dtb_product_class	dtb_csv_import_history,dtb_product_class	API,CSV,バッチ
m04-21	M04-21（在庫変更CSV登録）	m03-30	m03-30_admin_product_product_product_price_csv_import（管理画面_商品管理_セール用価格変更CSV登録）	8	shared_update_table,shared_external	dtb_csv_import_history,dtb_product_class	dtb_csv_import_history,dtb_product,dtb_product_class,dtb_product_sub_class	API,CSV,バッチ
m04-22	M04-22（在庫移動・振替CSV登録）	m04-08	M04-08（在庫移動・振替検索/一覧）	16	direct_ref,reverse_ref,shared_db_table,shared_external,same_domain		dtb_stock_move_transfer,dtb_stock_move_transfer_detail	CSV,スマレジ
m04-22	M04-22（在庫移動・振替CSV登録）	m04-09	M04-09（在庫移動・振替登録/編集）	13	direct_ref,shared_update_table,shared_external,same_domain	dtb_stock_move_transfer	dtb_product_stock,dtb_stock_history,dtb_stock_move_transfer,dtb_stock_move_transfer_detail,dtb_stock_move_transfer_status_history	CSV,スマレジ
m04-22	M04-22（在庫移動・振替CSV登録）	m04-10	M04-10（在庫移動・振替情報CSV出力）	8	shared_update_table,shared_external,same_domain	dtb_stock_move_transfer	dtb_stock_move_transfer,dtb_stock_move_transfer_detail	CSV,スマレジ
m04-22	M04-22（在庫移動・振替CSV登録）	m04-21	M04-21（在庫変更CSV登録）	8	shared_db_table,shared_external,same_domain		dtb_csv_import_history,dtb_product_stock,dtb_stock_history	CSV,メール
m04-22	M04-22（在庫移動・振替CSV登録）	m04-24	M04-24（在庫移動指示リスト作成/検索）	8	shared_update_table,shared_external,same_domain	dtb_stock_move_transfer	dtb_stock_move_transfer	CSV
m04-22	M04-22（在庫移動・振替CSV登録）	m04-29	M04-29（在庫移動実績 インポート）	8	shared_update_table,shared_external,same_domain	dtb_stock_move_transfer	dtb_csv_import_history,dtb_stock_move_transfer	CSV
m04-22	M04-22（在庫移動・振替CSV登録）	m04-33	M04-33（戻しリストCSV）	8	shared_db_table,shared_external,same_domain		dtb_product_stock,dtb_stock_move_transfer,dtb_stock_move_transfer_detail	CSV
m04-22	M04-22（在庫移動・振替CSV登録）	m04-34	M04-34（戻しリストPDF）	8	shared_db_table,shared_external,same_domain		dtb_product_stock,dtb_stock_move_transfer,dtb_stock_move_transfer_detail	CSV
m04-22	M04-22（在庫移動・振替CSV登録）	m04-01	M04-01（在庫検索/一覧）	7	shared_db_table,shared_external,same_domain		dtb_product_stock,dtb_stock_history	CSV,スマレジ
m04-22	M04-22（在庫移動・振替CSV登録）	m04-02	M04-02（在庫編集機能）	7	shared_db_table,shared_external,same_domain		dtb_product_stock,dtb_stock_history	CSV,スマレジ,メール
m04-22	M04-22（在庫移動・振替CSV登録）	m04-03	M04-03（在庫一括編集）	7	shared_db_table,shared_external,same_domain		dtb_product_stock,dtb_stock_history	CSV,メール
m04-22	M04-22（在庫移動・振替CSV登録）	m04-11	在庫管理 — 在庫移動・振替情報カスタムCSV出力	7	shared_db_table,shared_external,same_domain		dtb_stock_history,dtb_stock_move_transfer	CSV
m04-23	M04-23（在庫分割結合CSV登録）	m04-12	M04-12（在庫分割結合検索/一覧）	18	direct_ref,reverse_ref,shared_update_table,shared_external,same_domain	dtb_stock_split_join_status_history,mtb_stock_split_join_status	dtb_stock_split_join,dtb_stock_split_join_detail,dtb_stock_split_join_status_history,mtb_stock_split_join_status	CSV,スマレジ
m04-23	M04-23（在庫分割結合CSV登録）	m04-13	M04-13（在庫分割結合登録/編集）	15	direct_ref,shared_update_table,shared_external,same_domain	dtb_stock_split_join,dtb_stock_split_join_detail,mtb_stock_split_join_status	dtb_stock_split_join,dtb_stock_split_join_detail,dtb_stock_split_join_status_history,mtb_stock_split_join_status	CSV,スマレジ,メール
m04-23	M04-23（在庫分割結合CSV登録）	m04-14	M04-14（在庫分割結合情報CSV出力）	14	direct_ref,shared_update_table,shared_external,same_domain	dtb_stock_split_join,dtb_stock_split_join_detail	dtb_stock_split_join,dtb_stock_split_join_detail	CSV,スマレジ
m04-23	M04-23（在庫分割結合CSV登録）	m04-15	M04-15（在庫分割結合情報カスタムCSV出力）	12	direct_ref,shared_db_table,shared_external,same_domain		dtb_stock_split_join,dtb_stock_split_join_detail	CSV
m04-23	M04-23（在庫分割結合CSV登録）	m11-03	権限管理（システム設定／拒否URL）	7	direct_ref,shared_external			CSV
m04-23	M04-23（在庫分割結合CSV登録）	m04-21	M04-21（在庫変更CSV登録）	6	shared_db_table,shared_external,same_domain		dtb_csv_import_history	CSV,メール
m04-23	M04-23（在庫分割結合CSV登録）	m04-22	M04-22（在庫移動・振替CSV登録）	6	shared_db_table,shared_external,same_domain		dtb_csv_import_history	CSV,スマレジ,メール
m04-23	M04-23（在庫分割結合CSV登録）	m04-29	M04-29（在庫移動実績 インポート）	6	shared_db_table,shared_external,same_domain		dtb_csv_import_history	CSV
m04-23	M04-23（在庫分割結合CSV登録）	m03-20	商品管理 — 部門CSV入力	5	shared_db_table,shared_external		dtb_csv_import_history	CSV,スマレジ
m04-23	M04-23（在庫分割結合CSV登録）	m03-26	m03-26_admin_product_product_card_csv_import（管理画面_商品管理_カード商品CSV登録）	5	shared_db_table,shared_external		dtb_csv_import_history	CSV,スマレジ
m04-23	M04-23（在庫分割結合CSV登録）	m03-27	m03-27_admin_product_product_goods_csv_import（管理画面_商品管理_グッズ商品CSV登録）	5	shared_db_table,shared_external		dtb_csv_import_history	CSV,スマレジ
m04-23	M04-23（在庫分割結合CSV登録）	m03-28	m03-28_admin_product_product_product_tag_csv_import（管理画面_商品管理_商品タグ更新CSV登録）	5	shared_db_table,shared_external		dtb_csv_import_history	CSV
m04-24	M04-24（在庫移動指示リスト作成/検索）	m04-25	M04-25（在庫移動指示リストエクスポート）	17	direct_ref,reverse_ref,shared_update_table,shared_external,same_domain	dtb_stock_move_instruction	dtb_stock_move_instruction,dtb_stock_move_transfer	CSV
m04-24	M04-24（在庫移動指示リスト作成/検索）	m04-26	M04-26（ピッキングリスト印刷）	16	direct_ref,reverse_ref,shared_db_table,shared_external,same_domain		dtb_stock_move_instruction,dtb_stock_move_transfer	CSV
m04-24	M04-24（在庫移動指示リスト作成/検索）	m04-09	M04-09（在庫移動・振替登録/編集）	13	direct_ref,shared_update_table,shared_external,same_domain	dtb_stock_move_transfer	dtb_stock_move_transfer	CSV
m04-24	M04-24（在庫移動指示リスト作成/検索）	m04-29	M04-29（在庫移動実績 インポート）	9	shared_update_table,shared_external,same_domain	dtb_stock_move_instruction,dtb_stock_move_transfer	dtb_stock_move_instruction,dtb_stock_move_transfer	CSV
m04-24	M04-24（在庫移動指示リスト作成/検索）	m04-10	M04-10（在庫移動・振替情報CSV出力）	8	shared_update_table,shared_external,same_domain	dtb_stock_move_transfer	dtb_stock_move_transfer	CSV
m04-24	M04-24（在庫移動指示リスト作成/検索）	m04-22	M04-22（在庫移動・振替CSV登録）	8	shared_update_table,shared_external,same_domain	dtb_stock_move_transfer	dtb_stock_move_transfer	CSV
m04-24	M04-24（在庫移動指示リスト作成/検索）	m04-28	M04-28（送り状CSV出力）	8	shared_update_table,shared_external,same_domain	dtb_stock_move_instruction	dtb_stock_move_instruction	CSV
m04-24	M04-24（在庫移動指示リスト作成/検索）	m04-27	M04-27（在庫移動実績入力用CSV出力）	7	shared_db_table,shared_external,same_domain		dtb_stock_move_instruction,dtb_stock_move_transfer	CSV
m04-24	M04-24（在庫移動指示リスト作成/検索）	m11-03	権限管理（システム設定／拒否URL）	7	direct_ref,shared_external			CSV
m04-24	M04-24（在庫移動指示リスト作成/検索）	m04-08	M04-08（在庫移動・振替検索/一覧）	6	shared_db_table,shared_external,same_domain		dtb_stock_move_transfer	CSV
m04-24	M04-24（在庫移動指示リスト作成/検索）	m04-11	在庫管理 — 在庫移動・振替情報カスタムCSV出力	6	shared_db_table,shared_external,same_domain		dtb_stock_move_transfer	CSV
m04-24	M04-24（在庫移動指示リスト作成/検索）	m04-30	M04-30（バーコード貼替リストCSV出力）	6	shared_db_table,shared_external,same_domain		dtb_stock_move_instruction	CSV
m04-25	M04-25（在庫移動指示リストエクスポート）	m04-24	M04-24（在庫移動指示リスト作成/検索）	17	direct_ref,reverse_ref,shared_update_table,shared_external,same_domain	dtb_stock_move_instruction	dtb_stock_move_instruction,dtb_stock_move_transfer	CSV
m04-25	M04-25（在庫移動指示リストエクスポート）	m04-26	M04-26（ピッキングリスト印刷）	16	direct_ref,reverse_ref,shared_db_table,shared_external,same_domain		dtb_stock_move_instruction,dtb_stock_move_transfer	CSV
m04-25	M04-25（在庫移動指示リストエクスポート）	m04-29	M04-29（在庫移動実績 インポート）	12	reverse_ref,shared_update_table,shared_external,same_domain	dtb_stock_move_instruction	dtb_stock_move_instruction,dtb_stock_move_transfer	CSV
m04-25	M04-25（在庫移動指示リストエクスポート）	m04-09	M04-09（在庫移動・振替登録/編集）	11	direct_ref,shared_db_table,shared_external,same_domain		dtb_stock_move_transfer	CSV
m04-25	M04-25（在庫移動指示リストエクスポート）	m04-27	M04-27（在庫移動実績入力用CSV出力）	11	reverse_ref,shared_db_table,shared_external,same_domain		dtb_stock_move_instruction,dtb_stock_move_transfer	CSV
m04-25	M04-25（在庫移動指示リストエクスポート）	m04-28	M04-28（送り状CSV出力）	8	shared_update_table,shared_external,same_domain	dtb_stock_move_instruction	dtb_stock_move_instruction	CSV
m04-25	M04-25（在庫移動指示リストエクスポート）	m11-03	権限管理（システム設定／拒否URL）	7	direct_ref,shared_external			CSV
m04-25	M04-25（在庫移動指示リストエクスポート）	m04-08	M04-08（在庫移動・振替検索/一覧）	6	shared_db_table,shared_external,same_domain		dtb_stock_move_transfer	CSV
m04-25	M04-25（在庫移動指示リストエクスポート）	m04-10	M04-10（在庫移動・振替情報CSV出力）	6	shared_db_table,shared_external,same_domain		dtb_stock_move_transfer	CSV
m04-25	M04-25（在庫移動指示リストエクスポート）	m04-11	在庫管理 — 在庫移動・振替情報カスタムCSV出力	6	shared_db_table,shared_external,same_domain		dtb_stock_move_transfer	CSV
m04-25	M04-25（在庫移動指示リストエクスポート）	m04-22	M04-22（在庫移動・振替CSV登録）	6	shared_db_table,shared_external,same_domain		dtb_stock_move_transfer	CSV
m04-25	M04-25（在庫移動指示リストエクスポート）	m04-30	M04-30（バーコード貼替リストCSV出力）	6	shared_db_table,shared_external,same_domain		dtb_stock_move_instruction	CSV
m04-26	M04-26（ピッキングリスト印刷）	m04-24	M04-24（在庫移動指示リスト作成/検索）	16	direct_ref,reverse_ref,shared_db_table,shared_external,same_domain		dtb_stock_move_instruction,dtb_stock_move_transfer	CSV
m04-26	M04-26（ピッキングリスト印刷）	m04-25	M04-25（在庫移動指示リストエクスポート）	16	direct_ref,reverse_ref,shared_db_table,shared_external,same_domain		dtb_stock_move_instruction,dtb_stock_move_transfer	CSV
m04-26	M04-26（ピッキングリスト印刷）	m04-09	M04-09（在庫移動・振替登録/編集）	12	direct_ref,shared_db_table,shared_external,same_domain		dtb_stock_move_transfer,dtb_stock_move_transfer_detail	CSV,PDF,支店
m04-26	M04-26（ピッキングリスト印刷）	m04-08	M04-08（在庫移動・振替検索/一覧）	7	shared_db_table,shared_external,same_domain		dtb_stock_move_transfer,dtb_stock_move_transfer_detail	CSV,PDF
m04-26	M04-26（ピッキングリスト印刷）	m04-10	M04-10（在庫移動・振替情報CSV出力）	7	shared_db_table,shared_external,same_domain		dtb_stock_move_transfer,dtb_stock_move_transfer_detail	CSV
m04-26	M04-26（ピッキングリスト印刷）	m04-22	M04-22（在庫移動・振替CSV登録）	7	shared_db_table,shared_external,same_domain		dtb_stock_move_transfer,dtb_stock_move_transfer_detail	CSV
m04-26	M04-26（ピッキングリスト印刷）	m04-27	M04-27（在庫移動実績入力用CSV出力）	7	shared_db_table,shared_external,same_domain		dtb_stock_move_instruction,dtb_stock_move_transfer	CSV
m04-26	M04-26（ピッキングリスト印刷）	m04-29	M04-29（在庫移動実績 インポート）	7	shared_db_table,shared_external,same_domain		dtb_stock_move_instruction,dtb_stock_move_transfer	CSV
m04-26	M04-26（ピッキングリスト印刷）	m04-33	M04-33（戻しリストCSV）	7	shared_db_table,shared_external,same_domain		dtb_stock_move_transfer,dtb_stock_move_transfer_detail	CSV,PDF,支店
m04-26	M04-26（ピッキングリスト印刷）	m04-34	M04-34（戻しリストPDF）	7	shared_db_table,shared_external,same_domain		dtb_stock_move_transfer,dtb_stock_move_transfer_detail	CSV,PDF,支店
m04-26	M04-26（ピッキングリスト印刷）	m04-11	在庫管理 — 在庫移動・振替情報カスタムCSV出力	6	shared_db_table,shared_external,same_domain		dtb_stock_move_transfer	CSV
m04-26	M04-26（ピッキングリスト印刷）	m04-28	M04-28（送り状CSV出力）	6	shared_db_table,shared_external,same_domain		dtb_stock_move_instruction	CSV
m04-27	M04-27（在庫移動実績入力用CSV出力）	m04-29	M04-29（在庫移動実績 インポート）	16	direct_ref,reverse_ref,shared_db_table,shared_external,same_domain		dtb_stock_move_instruction,dtb_stock_move_transfer	CSV
m04-27	M04-27（在庫移動実績入力用CSV出力）	m04-28	M04-28（送り状CSV出力）	15	direct_ref,reverse_ref,shared_db_table,shared_external,same_domain		dtb_stock_move_instruction	CSV
m04-27	M04-27（在庫移動実績入力用CSV出力）	m04-25	M04-25（在庫移動指示リストエクスポート）	12	direct_ref,shared_db_table,shared_external,same_domain		dtb_stock_move_instruction,dtb_stock_move_transfer	CSV
m04-27	M04-27（在庫移動実績入力用CSV出力）	m04-09	M04-09（在庫移動・振替登録/編集）	11	direct_ref,shared_db_table,shared_external,same_domain		dtb_stock_move_transfer	CSV
m04-27	M04-27（在庫移動実績入力用CSV出力）	m04-24	M04-24（在庫移動指示リスト作成/検索）	7	shared_db_table,shared_external,same_domain		dtb_stock_move_instruction,dtb_stock_move_transfer	CSV
m04-27	M04-27（在庫移動実績入力用CSV出力）	m04-26	M04-26（ピッキングリスト印刷）	7	shared_db_table,shared_external,same_domain		dtb_stock_move_instruction,dtb_stock_move_transfer	CSV
m04-27	M04-27（在庫移動実績入力用CSV出力）	m11-03	権限管理（システム設定／拒否URL）	7	direct_ref,shared_external			CSV
m04-27	M04-27（在庫移動実績入力用CSV出力）	m04-08	M04-08（在庫移動・振替検索/一覧）	6	shared_db_table,shared_external,same_domain		dtb_stock_move_transfer	CSV
m04-27	M04-27（在庫移動実績入力用CSV出力）	m04-10	M04-10（在庫移動・振替情報CSV出力）	6	shared_db_table,shared_external,same_domain		dtb_stock_move_transfer	CSV
m04-27	M04-27（在庫移動実績入力用CSV出力）	m04-11	在庫管理 — 在庫移動・振替情報カスタムCSV出力	6	shared_db_table,shared_external,same_domain		dtb_stock_move_transfer	CSV
m04-27	M04-27（在庫移動実績入力用CSV出力）	m04-22	M04-22（在庫移動・振替CSV登録）	6	shared_db_table,shared_external,same_domain		dtb_stock_move_transfer	CSV
m04-27	M04-27（在庫移動実績入力用CSV出力）	m04-30	M04-30（バーコード貼替リストCSV出力）	6	shared_db_table,shared_external,same_domain		dtb_stock_move_instruction	CSV
m04-28	M04-28（送り状CSV出力）	m04-29	M04-29（在庫移動実績 インポート）	17	direct_ref,reverse_ref,shared_update_table,shared_external,same_domain	dtb_stock_move_instruction	dtb_stock_move_instruction	CSV
m04-28	M04-28（送り状CSV出力）	m04-27	M04-27（在庫移動実績入力用CSV出力）	15	direct_ref,reverse_ref,shared_db_table,shared_external,same_domain		dtb_stock_move_instruction	CSV
m04-28	M04-28（送り状CSV出力）	m04-24	M04-24（在庫移動指示リスト作成/検索）	8	shared_update_table,shared_external,same_domain	dtb_stock_move_instruction	dtb_stock_move_instruction	CSV
m04-28	M04-28（送り状CSV出力）	m04-25	M04-25（在庫移動指示リストエクスポート）	8	shared_update_table,shared_external,same_domain	dtb_stock_move_instruction	dtb_stock_move_instruction	CSV
m04-28	M04-28（送り状CSV出力）	m04-26	M04-26（ピッキングリスト印刷）	6	shared_db_table,shared_external,same_domain		dtb_stock_move_instruction	CSV
m04-28	M04-28（送り状CSV出力）	m04-30	M04-30（バーコード貼替リストCSV出力）	6	shared_db_table,shared_external,same_domain		dtb_stock_move_instruction	CSV
m04-28	M04-28（送り状CSV出力）	a01-01	A01-01（スマレジ連携処理）	4	shared_external,same_domain_cross_layer			CSV
m04-28	M04-28（送り状CSV出力）	a01-02	A01-02（スマレジwebhook連携エラー再連携）	4	shared_external,same_domain_cross_layer			CSV
m04-29	M04-29（在庫移動実績 インポート）	m04-28	M04-28（送り状CSV出力）	17	direct_ref,reverse_ref,shared_update_table,shared_external,same_domain	dtb_stock_move_instruction	dtb_stock_move_instruction	CSV
m04-29	M04-29（在庫移動実績 インポート）	m04-27	M04-27（在庫移動実績入力用CSV出力）	16	direct_ref,reverse_ref,shared_db_table,shared_external,same_domain		dtb_stock_move_instruction,dtb_stock_move_transfer	CSV
m04-29	M04-29（在庫移動実績 インポート）	m04-09	M04-09（在庫移動・振替登録/編集）	13	direct_ref,shared_update_table,shared_external,same_domain	dtb_stock_move_transfer	dtb_stock_move_transfer	CSV
m04-29	M04-29（在庫移動実績 インポート）	m04-25	M04-25（在庫移動指示リストエクスポート）	13	direct_ref,shared_update_table,shared_external,same_domain	dtb_stock_move_instruction	dtb_stock_move_instruction,dtb_stock_move_transfer	CSV
m04-29	M04-29（在庫移動実績 インポート）	m04-24	M04-24（在庫移動指示リスト作成/検索）	9	shared_update_table,shared_external,same_domain	dtb_stock_move_instruction,dtb_stock_move_transfer	dtb_stock_move_instruction,dtb_stock_move_transfer	CSV
m04-29	M04-29（在庫移動実績 インポート）	m04-10	M04-10（在庫移動・振替情報CSV出力）	8	shared_update_table,shared_external,same_domain	dtb_stock_move_transfer	dtb_stock_move_transfer	CSV
m04-29	M04-29（在庫移動実績 インポート）	m04-22	M04-22（在庫移動・振替CSV登録）	8	shared_update_table,shared_external,same_domain	dtb_stock_move_transfer	dtb_csv_import_history,dtb_stock_move_transfer	CSV
m04-29	M04-29（在庫移動実績 インポート）	m04-26	M04-26（ピッキングリスト印刷）	7	shared_db_table,shared_external,same_domain		dtb_stock_move_instruction,dtb_stock_move_transfer	CSV
m04-29	M04-29（在庫移動実績 インポート）	m11-03	権限管理（システム設定／拒否URL）	7	direct_ref,shared_external			CSV
m04-29	M04-29（在庫移動実績 インポート）	m04-08	M04-08（在庫移動・振替検索/一覧）	6	shared_db_table,shared_external,same_domain		dtb_stock_move_transfer	CSV
m04-29	M04-29（在庫移動実績 インポート）	m04-11	在庫管理 — 在庫移動・振替情報カスタムCSV出力	6	shared_db_table,shared_external,same_domain		dtb_stock_move_transfer	CSV
m04-29	M04-29（在庫移動実績 インポート）	m04-21	M04-21（在庫変更CSV登録）	6	shared_db_table,shared_external,same_domain		dtb_csv_import_history	CSV
m04-30	M04-30（バーコード貼替リストCSV出力）	m04-16	在庫管理 — 在庫リコメンドCSV出力	8	shared_db_table,shared_external,same_domain		dtb_product,dtb_product_class,dtb_product_stock	CSV
m04-30	M04-30（バーコード貼替リストCSV出力）	m04-17	M04-17（在庫履歴検索/一覧）	8	shared_db_table,shared_external,same_domain		dtb_price_history,dtb_product,dtb_product_class,mtb_card_condition,mtb_language	CSV
m04-30	M04-30（バーコード貼替リストCSV出力）	m04-18	M04-18（在庫履歴CSV出力）	8	shared_db_table,shared_external,same_domain		dtb_product,dtb_product_class,mtb_language	CSV
m04-30	M04-30（バーコード貼替リストCSV出力）	m04-19	M04-19（欠品履歴検索/一覧）	8	shared_db_table,shared_external,same_domain		dtb_product,dtb_product_class,mtb_card_condition,mtb_language	CSV
m04-30	M04-30（バーコード貼替リストCSV出力）	m04-20	M04-20（欠品履歴CSV出力）	8	shared_db_table,shared_external,same_domain		dtb_product,dtb_product_class,dtb_product_stock	CSV,スマレジ
m04-30	M04-30（バーコード貼替リストCSV出力）	m04-21	M04-21（在庫変更CSV登録）	8	shared_db_table,shared_external,same_domain		dtb_product,dtb_product_class,dtb_product_stock	CSV
m04-30	M04-30（バーコード貼替リストCSV出力）	m04-33	M04-33（戻しリストCSV）	8	shared_db_table,shared_external,same_domain		dtb_product,dtb_product_class,dtb_product_stock,mtb_card,mtb_card_condition,mtb_color_sequence,mtb_language	CSV
m04-30	M04-30（バーコード貼替リストCSV出力）	m04-34	M04-34（戻しリストPDF）	8	shared_db_table,shared_external,same_domain		dtb_product,dtb_product_class,dtb_product_stock,mtb_card,mtb_card_condition,mtb_color_sequence,mtb_language	CSV
m04-30	M04-30（バーコード貼替リストCSV出力）	a02-05	API 商品管理 — 更新商品規格取得	7	shared_db_table,shared_external		dtb_product,dtb_product_category,dtb_product_class,dtb_product_stock	スマレジ
m04-30	M04-30（バーコード貼替リストCSV出力）	m03-01	m03-01_admin_product_product_search_list（管理画面_商品管理_商品検索・一覧）	7	shared_db_table,shared_external		dtb_product,dtb_product_category,dtb_product_class,dtb_product_stock,mtb_card	CSV
m04-30	M04-30（バーコード貼替リストCSV出力）	m03-05	m03-05_admin_product_product_sale_price_csv_export（管理画面_商品管理_セール用価格変更CSV出力）	7	shared_db_table,shared_external		dtb_product,dtb_product_class,dtb_product_stock	CSV
m04-30	M04-30（バーコード貼替リストCSV出力）	m03-23	商品管理 — 買取/販売価格履歴（検索・一覧・CSV出力）	7	shared_db_table,shared_external		dtb_price_history,dtb_product,dtb_product_class,mtb_card	CSV
m04-31	M04-31（棚卸計画）	m04-02	M04-02（在庫編集機能）	8	shared_update_table,shared_external,same_domain	dtb_product_stock	dtb_product_stock	API,CSV
m04-31	M04-31（棚卸計画）	m04-03	M04-03（在庫一括編集）	8	shared_update_table,shared_external,same_domain	dtb_product_stock	dtb_product_stock	API,CSV,バッチ
m04-31	M04-31（棚卸計画）	m04-13	M04-13（在庫分割結合登録/編集）	8	shared_update_table,shared_external,same_domain	dtb_product_stock	dtb_product_stock	CSV
m04-31	M04-31（棚卸計画）	m04-21	M04-21（在庫変更CSV登録）	8	shared_update_table,shared_external,same_domain	dtb_product_stock	dtb_product_stock	API,CSV,バッチ
m04-31	M04-31（棚卸計画）	a02-05	API 商品管理 — 更新商品規格取得	7	shared_update_table,shared_external	dtb_product_stock	dtb_product_stock	API
m04-31	M04-31（棚卸計画）	b02-07	バッチ 商品管理 — 週間在庫履歴更新	7	shared_update_table,shared_external	dtb_product_stock	dtb_product_stock	API,CSV,バッチ
m04-31	M04-31（棚卸計画）	b06-01	B06-01（買取自動入庫バッチ）	7	shared_update_table,shared_external	dtb_product_stock	dtb_product_stock	API,CSV,バッチ
m04-31	M04-31（棚卸計画）	m03-09	M03-09（商品規格登録/編集）	7	shared_update_table,shared_external	dtb_product_stock	dtb_product_stock	API,CSV,バッチ
m04-31	M04-31（棚卸計画）	m03-26	m03-26_admin_product_product_card_csv_import（管理画面_商品管理_カード商品CSV登録）	7	shared_update_table,shared_external	dtb_product_stock	dtb_product_stock	API,CSV,バッチ
m04-31	M04-31（棚卸計画）	m03-27	m03-27_admin_product_product_goods_csv_import（管理画面_商品管理_グッズ商品CSV登録）	7	shared_update_table,shared_external	dtb_product_stock	dtb_product_stock	API,CSV,バッチ
m04-31	M04-31（棚卸計画）	m04-01	M04-01（在庫検索/一覧）	6	shared_db_table,shared_external,same_domain		dtb_product_stock	CSV
m04-31	M04-31（棚卸計画）	m04-04	M04-04（在庫情報CSV出力）	6	shared_db_table,shared_external,same_domain		dtb_product_stock	CSV
m04-32	M04-32（承認一覧）	m04-02	M04-02（在庫編集機能）	15	direct_ref,shared_update_table,shared_external,same_domain	dtb_stock_approval_list,dtb_stock_edit_approval,dtb_stock_edit_approval_detail	dtb_stock_approval_list,dtb_stock_edit_approval,dtb_stock_edit_approval_detail,mtb_stock_change_type_detail,mtb_stock_history_source_type	API,CSV,スマレジ,メール
m04-32	M04-32（承認一覧）	m04-03	M04-03（在庫一括編集）	15	direct_ref,shared_update_table,shared_external,same_domain	dtb_stock_approval_list,dtb_stock_edit_approval,dtb_stock_edit_approval_detail	dtb_stock_approval_list,dtb_stock_edit_approval,dtb_stock_edit_approval_detail,mtb_stock_change_type_detail	API,CSV,メール
m04-32	M04-32（承認一覧）	m04-09	M04-09（在庫移動・振替登録/編集）	13	direct_ref,shared_update_table,shared_external,same_domain	dtb_stock_approval_list	dtb_stock_approval_list	API,CSV,スマレジ
m04-32	M04-32（承認一覧）	m04-13	M04-13（在庫分割結合登録/編集）	13	direct_ref,shared_update_table,shared_external,same_domain	dtb_stock_approval_list	dtb_stock_approval_list	CSV,スマレジ,メール
m04-32	M04-32（承認一覧）	m04-21	M04-21（在庫変更CSV登録）	8	shared_update_table,shared_external,same_domain	dtb_stock_edit_approval	dtb_stock_edit_approval	API,CSV,メール
m04-32	M04-32（承認一覧）	m04-33	M04-33（戻しリストCSV）	7	reverse_ref,shared_external,same_domain			CSV
m04-32	M04-32（承認一覧）	m04-20	M04-20（欠品履歴CSV出力）	6	shared_db_table,shared_external,same_domain		mtb_stock_change_type_detail	CSV,スマレジ
m04-32	M04-32（承認一覧）	m03-01	m03-01_admin_product_product_search_list（管理画面_商品管理_商品検索・一覧）	5	shared_db_table,shared_external		mtb_page_max	API,CSV
m04-32	M04-32（承認一覧）	m05-01	m05-01_admin_order_order_search_list（受注管理 — 受注情報検索・一覧）	5	shared_db_table,shared_external		mtb_page_max	API,CSV,スマレジ,メール
m04-32	M04-32（承認一覧）	m05-19	m05-19_admin_order_order_shipping_standby_list_search（管理画面_受注管理_出荷指示リスト検索）	5	shared_db_table,shared_external		mtb_page_max	API
m04-32	M04-32（承認一覧）	m06-05	店頭買取管理 — 買取商品履歴（検索／一覧）	5	shared_db_table,shared_external		mtb_page_max	API,CSV
m04-32	M04-32（承認一覧）	m07-01	m07-01_admin_online_purchase_purchase_online_search_list（ネット買取管理_買取検索一覧）	5	shared_db_table,shared_external		mtb_page_max	API,CSV
m04-33	M04-33（戻しリストCSV）	m04-34	M04-34（戻しリストPDF）	17	direct_ref,reverse_ref,shared_db_table,shared_external,same_domain		dtb_base_info,dtb_product,dtb_product_class,dtb_product_stock,dtb_stock_move_transfer,dtb_stock_move_transfer_detail,mtb_card,mtb_card_condition,mtb_card_detail,mtb_color,mtb_color_sequence,mtb_language,mtb_rarity,mtb_shelf_number,mtb_storage_code	CSV,PDF,支店
m04-33	M04-33（戻しリストCSV）	m04-08	M04-08（在庫移動・振替検索/一覧）	11	reverse_ref,shared_db_table,shared_external,same_domain		dtb_stock_move_transfer,dtb_stock_move_transfer_detail	CSV,PDF
m04-33	M04-33（戻しリストCSV）	m04-10	M04-10（在庫移動・振替情報CSV出力）	11	reverse_ref,shared_db_table,shared_external,same_domain		dtb_stock_move_transfer,dtb_stock_move_transfer_detail	CSV
m04-33	M04-33（戻しリストCSV）	m04-09	M04-09（在庫移動・振替登録/編集）	8	shared_db_table,shared_external,same_domain		dtb_product_stock,dtb_stock_move_transfer,dtb_stock_move_transfer_detail	CSV,PDF,支店
m04-33	M04-33（戻しリストCSV）	m04-16	在庫管理 — 在庫リコメンドCSV出力	8	shared_db_table,shared_external,same_domain		dtb_base_info,dtb_product,dtb_product_class,dtb_product_stock	CSV
m04-33	M04-33（戻しリストCSV）	m04-17	M04-17（在庫履歴検索/一覧）	8	shared_db_table,shared_external,same_domain		dtb_product,dtb_product_class,mtb_card_condition,mtb_language	CSV
m04-33	M04-33（戻しリストCSV）	m04-18	M04-18（在庫履歴CSV出力）	8	shared_db_table,shared_external,same_domain		dtb_product,dtb_product_class,mtb_language	CSV
m04-33	M04-33（戻しリストCSV）	m04-19	M04-19（欠品履歴検索/一覧）	8	shared_db_table,shared_external,same_domain		dtb_product,dtb_product_class,mtb_card_condition,mtb_language	CSV
m04-33	M04-33（戻しリストCSV）	m04-20	M04-20（欠品履歴CSV出力）	8	shared_db_table,shared_external,same_domain		dtb_product,dtb_product_class,dtb_product_stock	CSV,支店
m04-33	M04-33（戻しリストCSV）	m04-21	M04-21（在庫変更CSV登録）	8	shared_db_table,shared_external,same_domain		dtb_product,dtb_product_class,dtb_product_stock	CSV,支店
m04-33	M04-33（戻しリストCSV）	m04-22	M04-22（在庫移動・振替CSV登録）	8	shared_db_table,shared_external,same_domain		dtb_product_stock,dtb_stock_move_transfer,dtb_stock_move_transfer_detail	CSV
m04-33	M04-33（戻しリストCSV）	m04-30	M04-30（バーコード貼替リストCSV出力）	8	shared_db_table,shared_external,same_domain		dtb_product,dtb_product_class,dtb_product_stock,mtb_card,mtb_card_condition,mtb_color_sequence,mtb_language	CSV
m04-34	M04-34（戻しリストPDF）	m04-33	M04-33（戻しリストCSV）	17	direct_ref,reverse_ref,shared_db_table,shared_external,same_domain		dtb_base_info,dtb_product,dtb_product_class,dtb_product_stock,dtb_stock_move_transfer,dtb_stock_move_transfer_detail,mtb_card,mtb_card_condition,mtb_card_detail,mtb_color,mtb_color_sequence,mtb_language,mtb_rarity,mtb_shelf_number,mtb_storage_code	CSV,PDF,支店
m04-34	M04-34（戻しリストPDF）	m04-08	M04-08（在庫移動・振替検索/一覧）	11	reverse_ref,shared_db_table,shared_external,same_domain		dtb_stock_move_transfer,dtb_stock_move_transfer_detail	CSV,PDF
m04-34	M04-34（戻しリストPDF）	m04-09	M04-09（在庫移動・振替登録/編集）	8	shared_db_table,shared_external,same_domain		dtb_product_stock,dtb_stock_move_transfer,dtb_stock_move_transfer_detail	CSV,PDF,支店
m04-34	M04-34（戻しリストPDF）	m04-16	在庫管理 — 在庫リコメンドCSV出力	8	shared_db_table,shared_external,same_domain		dtb_base_info,dtb_product,dtb_product_class,dtb_product_stock	CSV
m04-34	M04-34（戻しリストPDF）	m04-17	M04-17（在庫履歴検索/一覧）	8	shared_db_table,shared_external,same_domain		dtb_product,dtb_product_class,mtb_card_condition,mtb_language	CSV
m04-34	M04-34（戻しリストPDF）	m04-18	M04-18（在庫履歴CSV出力）	8	shared_db_table,shared_external,same_domain		dtb_product,dtb_product_class,mtb_language	CSV
m04-34	M04-34（戻しリストPDF）	m04-19	M04-19（欠品履歴検索/一覧）	8	shared_db_table,shared_external,same_domain		dtb_product,dtb_product_class,mtb_card_condition,mtb_language	CSV
m04-34	M04-34（戻しリストPDF）	m04-20	M04-20（欠品履歴CSV出力）	8	shared_db_table,shared_external,same_domain		dtb_product,dtb_product_class,dtb_product_stock	CSV,支店
m04-34	M04-34（戻しリストPDF）	m04-21	M04-21（在庫変更CSV登録）	8	shared_db_table,shared_external,same_domain		dtb_product,dtb_product_class,dtb_product_stock	CSV,支店
m04-34	M04-34（戻しリストPDF）	m04-22	M04-22（在庫移動・振替CSV登録）	8	shared_db_table,shared_external,same_domain		dtb_product_stock,dtb_stock_move_transfer,dtb_stock_move_transfer_detail	CSV
m04-34	M04-34（戻しリストPDF）	m04-30	M04-30（バーコード貼替リストCSV出力）	8	shared_db_table,shared_external,same_domain		dtb_product,dtb_product_class,dtb_product_stock,mtb_card,mtb_card_condition,mtb_color_sequence,mtb_language	CSV
m04-34	M04-34（戻しリストPDF）	a02-05	API 商品管理 — 更新商品規格取得	7	shared_db_table,shared_external		dtb_product,dtb_product_class,dtb_product_stock	支店
m05-01	m05-01_admin_order_order_search_list（受注管理 — 受注情報検索・一覧）	m05-11	m05-11_admin_order_order_edit（管理画面_受注管理_受注情報編集）	12	direct_ref,shared_db_table,shared_external,same_domain		dtb_order,dtb_shipping	API,スマレジ,バッチ,メール
m05-01	m05-01_admin_order_order_search_list（受注管理 — 受注情報検索・一覧）	a05-01	API 受注管理 — 注文印刷（印刷情報送信・印刷済み更新）	8	shared_db_table,shared_external,same_domain_cross_layer		dtb_order,dtb_shipping	API,スマレジ
m05-01	m05-01_admin_order_order_search_list（受注管理 — 受注情報検索・一覧）	a05-02	API 受注管理 — 注文印刷（印刷情報送信・印刷済み更新）	8	shared_db_table,shared_external,same_domain_cross_layer		dtb_order,dtb_shipping	API,スマレジ
m05-01	m05-01_admin_order_order_search_list（受注管理 — 受注情報検索・一覧）	a05-03	API 受注管理 — 店頭注文番号取得	7	shared_db_table,shared_external,same_domain_cross_layer		dtb_order	API,バッチ
m05-01	m05-01_admin_order_order_search_list（受注管理 — 受注情報検索・一覧）	b05-01	バッチ 受注管理 — 注文番号登録	7	shared_db_table,shared_external,same_domain_cross_layer		dtb_order	API,スマレジ,バッチ,メール
m05-01	m05-01_admin_order_order_search_list（受注管理 — 受注情報検索・一覧）	b05-02	バッチ 受注管理 — 購入完了手続き再処理	7	shared_db_table,shared_external,same_domain_cross_layer		dtb_order	API,スマレジ,バッチ,メール
m05-01	m05-01_admin_order_order_search_list（受注管理 — 受注情報検索・一覧）	b05-03	バッチ 受注管理 — 店頭注文番号初期化	7	shared_db_table,shared_external,same_domain_cross_layer		dtb_order	API,バッチ
m05-01	m05-01_admin_order_order_search_list（受注管理 — 受注情報検索・一覧）	b05-04	バッチ 受注管理 — スマレジ商品再連携	7	shared_db_table,shared_external,same_domain_cross_layer		dtb_order	API,スマレジ,バッチ,メール
m05-01	m05-01_admin_order_order_search_list（受注管理 — 受注情報検索・一覧）	b05-05	バッチ 受注管理 — スマレジ商品削除	7	shared_db_table,shared_external,same_domain_cross_layer		dtb_order	API,スマレジ,バッチ,メール
m05-01	m05-01_admin_order_order_search_list（受注管理 — 受注情報検索・一覧）	b05-06	バッチ 受注管理 — ポイント二重登録チェック	7	shared_db_table,shared_external,same_domain_cross_layer		dtb_order	API,バッチ,メール
m05-01	m05-01_admin_order_order_search_list（受注管理 — 受注情報検索・一覧）	b05-07	バッチ 受注管理 — ポイント利用未反映チェック	7	shared_db_table,shared_external,same_domain_cross_layer		dtb_order	API,バッチ,メール
m05-01	m05-01_admin_order_order_search_list（受注管理 — 受注情報検索・一覧）	b05-08	バッチ 受注管理 — スマレジEC受注連携エラー再連携	7	shared_db_table,shared_external,same_domain_cross_layer		dtb_order	API,スマレジ,バッチ
m05-02	m05-02_admin_order_order_csv_export（受注管理_受注情報CSV出力）	a05-01	API 受注管理 — 注文印刷（印刷情報送信・印刷済み更新）	7	shared_db_table,shared_external,same_domain_cross_layer		dtb_order	API
m05-02	m05-02_admin_order_order_csv_export（受注管理_受注情報CSV出力）	a05-02	API 受注管理 — 注文印刷（印刷情報送信・印刷済み更新）	7	shared_db_table,shared_external,same_domain_cross_layer		dtb_order	API
m05-02	m05-02_admin_order_order_csv_export（受注管理_受注情報CSV出力）	a05-03	API 受注管理 — 店頭注文番号取得	7	shared_db_table,shared_external,same_domain_cross_layer		dtb_order	API,バッチ
m05-02	m05-02_admin_order_order_csv_export（受注管理_受注情報CSV出力）	b05-01	バッチ 受注管理 — 注文番号登録	7	shared_db_table,shared_external,same_domain_cross_layer		dtb_order	API,バッチ
m05-02	m05-02_admin_order_order_csv_export（受注管理_受注情報CSV出力）	b05-02	バッチ 受注管理 — 購入完了手続き再処理	7	shared_db_table,shared_external,same_domain_cross_layer		dtb_order	API,バッチ
m05-02	m05-02_admin_order_order_csv_export（受注管理_受注情報CSV出力）	b05-03	バッチ 受注管理 — 店頭注文番号初期化	7	shared_db_table,shared_external,same_domain_cross_layer		dtb_order	API,バッチ
m05-02	m05-02_admin_order_order_csv_export（受注管理_受注情報CSV出力）	b05-04	バッチ 受注管理 — スマレジ商品再連携	7	shared_db_table,shared_external,same_domain_cross_layer		dtb_order	API,バッチ
m05-02	m05-02_admin_order_order_csv_export（受注管理_受注情報CSV出力）	b05-05	バッチ 受注管理 — スマレジ商品削除	7	shared_db_table,shared_external,same_domain_cross_layer		dtb_order	API,バッチ
m05-02	m05-02_admin_order_order_csv_export（受注管理_受注情報CSV出力）	b05-06	バッチ 受注管理 — ポイント二重登録チェック	7	shared_db_table,shared_external,same_domain_cross_layer		dtb_order	API,バッチ
m05-02	m05-02_admin_order_order_csv_export（受注管理_受注情報CSV出力）	b05-07	バッチ 受注管理 — ポイント利用未反映チェック	7	shared_db_table,shared_external,same_domain_cross_layer		dtb_order	API,バッチ
m05-02	m05-02_admin_order_order_csv_export（受注管理_受注情報CSV出力）	b05-08	バッチ 受注管理 — スマレジEC受注連携エラー再連携	7	shared_db_table,shared_external,same_domain_cross_layer		dtb_order	API,バッチ
m05-02	m05-02_admin_order_order_csv_export（受注管理_受注情報CSV出力）	m05-07	m05-07_admin_order_order_labels_csv_export（管理画面_受注管理_送り状CSV出力）	7	shared_db_table,shared_external,same_domain		dtb_csv,dtb_order	API,CSV,バッチ
m05-03	m05-03_admin_order_order_custom_csv_export（受注管理 — カスタム受注CSVダウンロード）	m10-13	カスタムCSV出力項目設定（店舗設定／システム設定）	12	direct_ref,shared_update_table,shared_external	dtb_csv_extension	dtb_csv,dtb_csv_csv_extension,dtb_csv_extension	API,CSV,バッチ
m05-03	m05-03_admin_order_order_custom_csv_export（受注管理 — カスタム受注CSVダウンロード）	m05-05	受注管理 — 配送カスタムCSV出力	8	shared_update_table,shared_external,same_domain	dtb_csv_extension	dtb_csv,dtb_csv_csv_extension,dtb_csv_extension	API,CSV,バッチ
m05-03	m05-03_admin_order_order_custom_csv_export（受注管理 — カスタム受注CSVダウンロード）	m03-06	商品管理 — カスタムデータ CSV ダウンロード（商品情報）	7	shared_update_table,shared_external	dtb_csv_extension	dtb_csv,dtb_csv_csv_extension,dtb_csv_extension	API,CSV,バッチ
m05-03	m05-03_admin_order_order_custom_csv_export（受注管理 — カスタム受注CSVダウンロード）	m04-05	在庫管理 — 在庫情報カスタムCSV出力	7	shared_db_table,shared_external		dtb_csv,dtb_csv_csv_extension,dtb_csv_extension	API,CSV,バッチ
m05-03	m05-03_admin_order_order_custom_csv_export（受注管理 — カスタム受注CSVダウンロード）	m05-02	m05-02_admin_order_order_csv_export（受注管理_受注情報CSV出力）	6	shared_db_table,shared_external,same_domain		dtb_csv	API,CSV,バッチ
m05-03	m05-03_admin_order_order_custom_csv_export（受注管理 — カスタム受注CSVダウンロード）	m05-04	m05-04_admin_order_order_shipping_csv_export（管理画面_受注管理_配送CSV出力）	6	shared_db_table,shared_external,same_domain		dtb_csv	API,CSV,バッチ
m05-03	m05-03_admin_order_order_custom_csv_export（受注管理 — カスタム受注CSVダウンロード）	m05-07	m05-07_admin_order_order_labels_csv_export（管理画面_受注管理_送り状CSV出力）	6	shared_db_table,shared_external,same_domain		dtb_csv	API,CSV,バッチ
m05-03	m05-03_admin_order_order_custom_csv_export（受注管理 — カスタム受注CSVダウンロード）	m03-12	商品管理 — カテゴリ CSV 出力	5	shared_db_table,shared_external		dtb_csv	API,CSV,バッチ
m05-03	m05-03_admin_order_order_custom_csv_export（受注管理 — カスタム受注CSVダウンロード）	m03-19	商品管理 — 部門 CSV 出力	5	shared_db_table,shared_external		dtb_csv	API,CSV,バッチ
m05-03	m05-03_admin_order_order_custom_csv_export（受注管理 — カスタム受注CSVダウンロード）	m03-41	m03-41_admin_product_product_category_csv_import（管理画面_商品管理_カテゴリCSV登録）	5	shared_db_table,shared_external		dtb_csv	API,CSV,バッチ
m05-03	m05-03_admin_order_order_custom_csv_export（受注管理 — カスタム受注CSVダウンロード）	m03-45	m03-45_admin_product_product_category_list（管理画面_商品管理_カテゴリ一覧）	5	shared_db_table,shared_external		dtb_csv	API,CSV,バッチ
m05-03	m05-03_admin_order_order_custom_csv_export（受注管理 — カスタム受注CSVダウンロード）	m04-15	M04-15（在庫分割結合情報カスタムCSV出力）	5	shared_db_table,shared_external		dtb_csv	CSV
m05-04	m05-04_admin_order_order_shipping_csv_export（管理画面_受注管理_配送CSV出力）	m05-01	m05-01_admin_order_order_search_list（受注管理 — 受注情報検索・一覧）	8	direct_ref,shared_external,same_domain			API,CSV,バッチ
m05-04	m05-04_admin_order_order_shipping_csv_export（管理画面_受注管理_配送CSV出力）	m05-02	m05-02_admin_order_order_csv_export（受注管理_受注情報CSV出力）	6	shared_db_table,shared_external,same_domain		dtb_csv	API,CSV,バッチ
m05-04	m05-04_admin_order_order_shipping_csv_export（管理画面_受注管理_配送CSV出力）	m05-03	m05-03_admin_order_order_custom_csv_export（受注管理 — カスタム受注CSVダウンロード）	6	shared_db_table,shared_external,same_domain		dtb_csv	API,CSV,バッチ
m05-04	m05-04_admin_order_order_shipping_csv_export（管理画面_受注管理_配送CSV出力）	m05-05	受注管理 — 配送カスタムCSV出力	6	shared_db_table,shared_external,same_domain		dtb_csv	API,CSV,バッチ
m05-04	m05-04_admin_order_order_shipping_csv_export（管理画面_受注管理_配送CSV出力）	m05-07	m05-07_admin_order_order_labels_csv_export（管理画面_受注管理_送り状CSV出力）	6	shared_db_table,shared_external,same_domain		dtb_csv	API,CSV,バッチ
m05-04	m05-04_admin_order_order_shipping_csv_export（管理画面_受注管理_配送CSV出力）	m10-10	CSV出力項目設定（店舗設定）	6	shared_db_table,shared_external		dtb_csv,mtb_csv_type	API,CSV,バッチ
m05-04	m05-04_admin_order_order_shipping_csv_export（管理画面_受注管理_配送CSV出力）	m10-13	カスタムCSV出力項目設定（店舗設定／システム設定）	6	shared_db_table,shared_external		dtb_csv,mtb_csv_type	API,CSV,バッチ
m05-04	m05-04_admin_order_order_shipping_csv_export（管理画面_受注管理_配送CSV出力）	m03-06	商品管理 — カスタムデータ CSV ダウンロード（商品情報）	5	shared_db_table,shared_external		dtb_csv	API,CSV,バッチ
m05-04	m05-04_admin_order_order_shipping_csv_export（管理画面_受注管理_配送CSV出力）	m03-12	商品管理 — カテゴリ CSV 出力	5	shared_db_table,shared_external		dtb_csv	API,CSV,バッチ
m05-04	m05-04_admin_order_order_shipping_csv_export（管理画面_受注管理_配送CSV出力）	m03-19	商品管理 — 部門 CSV 出力	5	shared_db_table,shared_external		dtb_csv	API,CSV,バッチ
m05-04	m05-04_admin_order_order_shipping_csv_export（管理画面_受注管理_配送CSV出力）	m03-41	m03-41_admin_product_product_category_csv_import（管理画面_商品管理_カテゴリCSV登録）	5	shared_db_table,shared_external		dtb_csv	API,CSV,バッチ
m05-04	m05-04_admin_order_order_shipping_csv_export（管理画面_受注管理_配送CSV出力）	m03-45	m03-45_admin_product_product_category_list（管理画面_商品管理_カテゴリ一覧）	5	shared_db_table,shared_external		dtb_csv	API,CSV,バッチ
m05-05	受注管理 — 配送カスタムCSV出力	m10-13	カスタムCSV出力項目設定（店舗設定／システム設定）	12	direct_ref,shared_update_table,shared_external	dtb_csv_extension	dtb_csv,dtb_csv_csv_extension,dtb_csv_extension	API,CSV,バッチ
m05-05	受注管理 — 配送カスタムCSV出力	m05-03	m05-03_admin_order_order_custom_csv_export（受注管理 — カスタム受注CSVダウンロード）	8	shared_update_table,shared_external,same_domain	dtb_csv_extension	dtb_csv,dtb_csv_csv_extension,dtb_csv_extension	API,CSV,バッチ
m05-05	受注管理 — 配送カスタムCSV出力	m03-06	商品管理 — カスタムデータ CSV ダウンロード（商品情報）	7	shared_update_table,shared_external	dtb_csv_extension	dtb_csv,dtb_csv_csv_extension,dtb_csv_extension	API,CSV,バッチ
m05-05	受注管理 — 配送カスタムCSV出力	m04-05	在庫管理 — 在庫情報カスタムCSV出力	7	shared_db_table,shared_external		dtb_csv,dtb_csv_csv_extension,dtb_csv_extension	API,CSV,バッチ
m05-05	受注管理 — 配送カスタムCSV出力	m05-02	m05-02_admin_order_order_csv_export（受注管理_受注情報CSV出力）	6	shared_db_table,shared_external,same_domain		dtb_csv	API,CSV,バッチ
m05-05	受注管理 — 配送カスタムCSV出力	m05-04	m05-04_admin_order_order_shipping_csv_export（管理画面_受注管理_配送CSV出力）	6	shared_db_table,shared_external,same_domain		dtb_csv	API,CSV,バッチ
m05-05	受注管理 — 配送カスタムCSV出力	m05-07	m05-07_admin_order_order_labels_csv_export（管理画面_受注管理_送り状CSV出力）	6	shared_db_table,shared_external,same_domain		dtb_csv	API,CSV,バッチ
m05-05	受注管理 — 配送カスタムCSV出力	m03-12	商品管理 — カテゴリ CSV 出力	5	shared_db_table,shared_external		dtb_csv	API,CSV,バッチ
m05-05	受注管理 — 配送カスタムCSV出力	m03-19	商品管理 — 部門 CSV 出力	5	shared_db_table,shared_external		dtb_csv	API,CSV,バッチ
m05-05	受注管理 — 配送カスタムCSV出力	m03-41	m03-41_admin_product_product_category_csv_import（管理画面_商品管理_カテゴリCSV登録）	5	shared_db_table,shared_external		dtb_csv	API,CSV,バッチ
m05-05	受注管理 — 配送カスタムCSV出力	m03-45	m03-45_admin_product_product_category_list（管理画面_商品管理_カテゴリ一覧）	5	shared_db_table,shared_external		dtb_csv	API,CSV,バッチ
m05-05	受注管理 — 配送カスタムCSV出力	m04-15	M04-15（在庫分割結合情報カスタムCSV出力）	5	shared_db_table,shared_external		dtb_csv	CSV
m05-06	m05-06_admin_order_order_bulk_manual_mail（受注管理 — メール一括通知／手動メール一括）	m05-15	m05-15_admin_order_order_mail（管理画面_受注詳細メール通知）	16	direct_ref,reverse_ref,shared_db_table,shared_external,same_domain		dtb_mail_history,dtb_mail_template	API,バッチ,メール
m05-06	m05-06_admin_order_order_bulk_manual_mail（受注管理 — メール一括通知／手動メール一括）	m05-01	m05-01_admin_order_order_search_list（受注管理 — 受注情報検索・一覧）	8	direct_ref,shared_external,same_domain			API,バッチ,メール
m05-06	m05-06_admin_order_order_bulk_manual_mail（受注管理 — メール一括通知／手動メール一括）	m07-04	m07-04_admin_online_purchase_purchase_manual_mail（管理画面_ネット買取管理_手動メール通知）	6	shared_db_table,shared_external		dtb_mail_history,dtb_mail_template	API,バッチ,メール
m05-06	m05-06_admin_order_order_bulk_manual_mail（受注管理 — メール一括通知／手動メール一括）	m08-07	会員管理 — メール送信履歴	6	shared_db_table,shared_external		dtb_mail_template,dtb_user_mail_history	API,バッチ,メール
m05-06	m05-06_admin_order_order_bulk_manual_mail（受注管理 — メール一括通知／手動メール一括）	m08-08	M08-08（手動メール通知）	6	shared_db_table,shared_external		dtb_mail_template,dtb_user_mail_history	API,バッチ,メール
m05-06	m05-06_admin_order_order_bulk_manual_mail（受注管理 — メール一括通知／手動メール一括）	m08-01	M08-01（会員検索/一覧）	5	shared_db_table,shared_external		dtb_user_mail_history	API,バッチ,メール
m05-06	m05-06_admin_order_order_bulk_manual_mail（受注管理 — メール一括通知／手動メール一括）	m08-02	会員管理 — メール一括送信	5	shared_db_table,shared_external		dtb_user_mail_history	API,バッチ,メール
m05-06	m05-06_admin_order_order_bulk_manual_mail（受注管理 — メール一括通知／手動メール一括）	m10-08	店舗設定／自動送信メールテンプレート編集（pf-eccube3 + HareruyaEc）	5	shared_db_table,shared_external		dtb_mail_template	API,バッチ,メール
m05-06	m05-06_admin_order_order_bulk_manual_mail（受注管理 — メール一括通知／手動メール一括）	a05-01	API 受注管理 — 注文印刷（印刷情報送信・印刷済み更新）	4	shared_external,same_domain_cross_layer			API
m05-06	m05-06_admin_order_order_bulk_manual_mail（受注管理 — メール一括通知／手動メール一括）	a05-02	API 受注管理 — 注文印刷（印刷情報送信・印刷済み更新）	4	shared_external,same_domain_cross_layer			API
m05-06	m05-06_admin_order_order_bulk_manual_mail（受注管理 — メール一括通知／手動メール一括）	a05-03	API 受注管理 — 店頭注文番号取得	4	shared_external,same_domain_cross_layer			API,バッチ
m05-06	m05-06_admin_order_order_bulk_manual_mail（受注管理 — メール一括通知／手動メール一括）	a05-04	API 受注管理 — スマレジ受信処理（ポイント履歴取得）	4	shared_external,same_domain_cross_layer			API
m05-07	m05-07_admin_order_order_labels_csv_export（管理画面_受注管理_送り状CSV出力）	a05-01	API 受注管理 — 注文印刷（印刷情報送信・印刷済み更新）	9	shared_db_table,shared_external,same_domain_cross_layer		dtb_order,dtb_order_sub,dtb_shipping	API
m05-07	m05-07_admin_order_order_labels_csv_export（管理画面_受注管理_送り状CSV出力）	a05-02	API 受注管理 — 注文印刷（印刷情報送信・印刷済み更新）	9	shared_db_table,shared_external,same_domain_cross_layer		dtb_order,dtb_order_sub,dtb_shipping	API
m05-07	m05-07_admin_order_order_labels_csv_export（管理画面_受注管理_送り状CSV出力）	b05-01	バッチ 受注管理 — 注文番号登録	8	shared_db_table,shared_external,same_domain_cross_layer		dtb_order,dtb_order_sub	API,バッチ
m05-07	m05-07_admin_order_order_labels_csv_export（管理画面_受注管理_送り状CSV出力）	b05-02	バッチ 受注管理 — 購入完了手続き再処理	8	shared_db_table,shared_external,same_domain_cross_layer		dtb_order,dtb_order_sub	API,バッチ
m05-07	m05-07_admin_order_order_labels_csv_export（管理画面_受注管理_送り状CSV出力）	b05-03	バッチ 受注管理 — 店頭注文番号初期化	8	shared_db_table,shared_external,same_domain_cross_layer		dtb_order,dtb_order_sub	API,バッチ
m05-07	m05-07_admin_order_order_labels_csv_export（管理画面_受注管理_送り状CSV出力）	b05-04	バッチ 受注管理 — スマレジ商品再連携	8	shared_db_table,shared_external,same_domain_cross_layer		dtb_order,dtb_order_sub	API,バッチ
m05-07	m05-07_admin_order_order_labels_csv_export（管理画面_受注管理_送り状CSV出力）	b05-05	バッチ 受注管理 — スマレジ商品削除	8	shared_db_table,shared_external,same_domain_cross_layer		dtb_order,dtb_order_sub	API,バッチ
m05-07	m05-07_admin_order_order_labels_csv_export（管理画面_受注管理_送り状CSV出力）	b05-08	バッチ 受注管理 — スマレジEC受注連携エラー再連携	8	shared_db_table,shared_external,same_domain_cross_layer		dtb_order,dtb_order_sub	API,バッチ
m05-07	m05-07_admin_order_order_labels_csv_export（管理画面_受注管理_送り状CSV出力）	m05-08	m05-08_admin_order_order_stack_paper_print（受注管理 — スタック用紙印刷）	8	shared_db_table,shared_external,same_domain		dtb_order,dtb_order_sub,dtb_shipping	API,バッチ
m05-07	m05-07_admin_order_order_labels_csv_export（管理画面_受注管理_送り状CSV出力）	m05-09	m05-09_admin_order_order_print_delivery_slips_ja（受注管理_納品書印刷（日本語））	8	shared_db_table,shared_external,same_domain		dtb_delivery,dtb_order,dtb_order_item,dtb_shipping	API,CSV,バッチ
m05-07	m05-07_admin_order_order_labels_csv_export（管理画面_受注管理_送り状CSV出力）	m05-10	m05-10_admin_order_order_print_delivery_slips_en（受注管理 — 納品書印刷・英語）	8	shared_db_table,shared_external,same_domain		dtb_delivery,dtb_order_item,dtb_shipping	API,バッチ
m05-07	m05-07_admin_order_order_labels_csv_export（管理画面_受注管理_送り状CSV出力）	m05-11	m05-11_admin_order_order_edit（管理画面_受注管理_受注情報編集）	8	shared_db_table,shared_external,same_domain		dtb_order,dtb_order_item,dtb_shipping	API,バッチ
m05-08	m05-08_admin_order_order_stack_paper_print（受注管理 — スタック用紙印刷）	a05-01	API 受注管理 — 注文印刷（印刷情報送信・印刷済み更新）	9	shared_update_table,shared_external,same_domain_cross_layer	dtb_order	dtb_order,dtb_order_sub,dtb_shipping	API
m05-08	m05-08_admin_order_order_stack_paper_print（受注管理 — スタック用紙印刷）	a05-02	API 受注管理 — 注文印刷（印刷情報送信・印刷済み更新）	9	shared_update_table,shared_external,same_domain_cross_layer	dtb_order	dtb_order,dtb_order_sub,dtb_shipping	API
m05-08	m05-08_admin_order_order_stack_paper_print（受注管理 — スタック用紙印刷）	b05-01	バッチ 受注管理 — 注文番号登録	9	shared_update_table,shared_external,same_domain_cross_layer	dtb_order	dtb_order,dtb_order_sub	API,バッチ
m05-08	m05-08_admin_order_order_stack_paper_print（受注管理 — スタック用紙印刷）	b05-02	バッチ 受注管理 — 購入完了手続き再処理	9	shared_update_table,shared_external,same_domain_cross_layer	dtb_order	dtb_order,dtb_order_sub	API,バッチ
m05-08	m05-08_admin_order_order_stack_paper_print（受注管理 — スタック用紙印刷）	b05-04	バッチ 受注管理 — スマレジ商品再連携	9	shared_update_table,shared_external,same_domain_cross_layer	dtb_order	dtb_order,dtb_order_sub	API,バッチ
m05-08	m05-08_admin_order_order_stack_paper_print（受注管理 — スタック用紙印刷）	b05-05	バッチ 受注管理 — スマレジ商品削除	9	shared_update_table,shared_external,same_domain_cross_layer	dtb_order	dtb_order,dtb_order_sub	API,バッチ
m05-08	m05-08_admin_order_order_stack_paper_print（受注管理 — スタック用紙印刷）	a05-04	API 受注管理 — スマレジ受信処理（ポイント履歴取得）	8	shared_db_table,shared_external,same_domain_cross_layer		dtb_order_sub,mtb_option	API
m05-08	m05-08_admin_order_order_stack_paper_print（受注管理 — スタック用紙印刷）	b05-03	バッチ 受注管理 — 店頭注文番号初期化	8	shared_db_table,shared_external,same_domain_cross_layer		dtb_order,dtb_order_sub	API,バッチ
m05-08	m05-08_admin_order_order_stack_paper_print（受注管理 — スタック用紙印刷）	b05-08	バッチ 受注管理 — スマレジEC受注連携エラー再連携	8	shared_db_table,shared_external,same_domain_cross_layer		dtb_order,dtb_order_sub	API,バッチ
m05-08	m05-08_admin_order_order_stack_paper_print（受注管理 — スタック用紙印刷）	m05-07	m05-07_admin_order_order_labels_csv_export（管理画面_受注管理_送り状CSV出力）	8	shared_db_table,shared_external,same_domain		dtb_order,dtb_order_sub,dtb_shipping	API,バッチ
m05-08	m05-08_admin_order_order_stack_paper_print（受注管理 — スタック用紙印刷）	m05-09	m05-09_admin_order_order_print_delivery_slips_ja（受注管理_納品書印刷（日本語））	8	shared_db_table,shared_external,same_domain		dtb_base_info,dtb_order,dtb_shipping	API,バッチ
m05-08	m05-08_admin_order_order_stack_paper_print（受注管理 — スタック用紙印刷）	m05-11	m05-11_admin_order_order_edit（管理画面_受注管理_受注情報編集）	8	shared_update_table,shared_external,same_domain	dtb_order	dtb_order,dtb_shipping	API,バッチ
m05-09	m05-09_admin_order_order_print_delivery_slips_ja（受注管理_納品書印刷（日本語））	m05-22	m05-22_admin_order_order_shipping_standby_print_delivery_slips_ja（受注管理_出荷指示_納品書印刷（日本語））	12	reverse_ref,shared_db_table,shared_external,same_domain		dtb_customer,dtb_delivery,dtb_order,dtb_order_item,dtb_shipping	API,CSV,PDF,バッチ
m05-09	m05-09_admin_order_order_print_delivery_slips_ja（受注管理_納品書印刷（日本語））	a05-01	API 受注管理 — 注文印刷（印刷情報送信・印刷済み更新）	8	shared_db_table,shared_external,same_domain_cross_layer		dtb_order,dtb_shipping	API
m05-09	m05-09_admin_order_order_print_delivery_slips_ja（受注管理_納品書印刷（日本語））	a05-02	API 受注管理 — 注文印刷（印刷情報送信・印刷済み更新）	8	shared_db_table,shared_external,same_domain_cross_layer		dtb_order,dtb_shipping	API
m05-09	m05-09_admin_order_order_print_delivery_slips_ja（受注管理_納品書印刷（日本語））	m05-07	m05-07_admin_order_order_labels_csv_export（管理画面_受注管理_送り状CSV出力）	8	shared_db_table,shared_external,same_domain		dtb_delivery,dtb_order,dtb_order_item,dtb_shipping	API,CSV,バッチ
m05-09	m05-09_admin_order_order_print_delivery_slips_ja（受注管理_納品書印刷（日本語））	m05-08	m05-08_admin_order_order_stack_paper_print（受注管理 — スタック用紙印刷）	8	shared_db_table,shared_external,same_domain		dtb_base_info,dtb_order,dtb_shipping	API,バッチ
m05-09	m05-09_admin_order_order_print_delivery_slips_ja（受注管理_納品書印刷（日本語））	m05-10	m05-10_admin_order_order_print_delivery_slips_en（受注管理 — 納品書印刷・英語）	8	shared_db_table,shared_external,same_domain		dtb_delivery,dtb_order_item,dtb_shipping	API,バッチ
m05-09	m05-09_admin_order_order_print_delivery_slips_ja（受注管理_納品書印刷（日本語））	m05-11	m05-11_admin_order_order_edit（管理画面_受注管理_受注情報編集）	8	shared_db_table,shared_external,same_domain		dtb_order,dtb_order_item,dtb_shipping	API,バッチ
m05-09	m05-09_admin_order_order_print_delivery_slips_ja（受注管理_納品書印刷（日本語））	a05-03	API 受注管理 — 店頭注文番号取得	7	shared_db_table,shared_external,same_domain_cross_layer		dtb_order	API,バッチ
m05-09	m05-09_admin_order_order_print_delivery_slips_ja（受注管理_納品書印刷（日本語））	b05-01	バッチ 受注管理 — 注文番号登録	7	shared_db_table,shared_external,same_domain_cross_layer		dtb_order	API,バッチ
m05-09	m05-09_admin_order_order_print_delivery_slips_ja（受注管理_納品書印刷（日本語））	b05-02	バッチ 受注管理 — 購入完了手続き再処理	7	shared_db_table,shared_external,same_domain_cross_layer		dtb_order	API,バッチ
m05-09	m05-09_admin_order_order_print_delivery_slips_ja（受注管理_納品書印刷（日本語））	b05-03	バッチ 受注管理 — 店頭注文番号初期化	7	shared_db_table,shared_external,same_domain_cross_layer		dtb_order	API,バッチ
m05-09	m05-09_admin_order_order_print_delivery_slips_ja（受注管理_納品書印刷（日本語））	b05-04	バッチ 受注管理 — スマレジ商品再連携	7	shared_db_table,shared_external,same_domain_cross_layer		dtb_order	API,バッチ
m05-10	m05-10_admin_order_order_print_delivery_slips_en（受注管理 — 納品書印刷・英語）	m05-23	m05-23_admin_order_order_shipping_standby_print_delivery_slips_en（管理画面_受注管理_出荷指示_納品書印刷_英語）	11	reverse_ref,shared_db_table,shared_external,same_domain		dtb_delivery,dtb_shipping	API,バッチ,メール
m05-10	m05-10_admin_order_order_print_delivery_slips_en（受注管理 — 納品書印刷・英語）	m05-07	m05-07_admin_order_order_labels_csv_export（管理画面_受注管理_送り状CSV出力）	8	shared_db_table,shared_external,same_domain		dtb_delivery,dtb_order_item,dtb_shipping	API,バッチ
m05-10	m05-10_admin_order_order_print_delivery_slips_en（受注管理 — 納品書印刷・英語）	m05-09	m05-09_admin_order_order_print_delivery_slips_ja（受注管理_納品書印刷（日本語））	8	shared_db_table,shared_external,same_domain		dtb_delivery,dtb_order_item,dtb_shipping	API,バッチ
m05-10	m05-10_admin_order_order_print_delivery_slips_en（受注管理 — 納品書印刷・英語）	m05-22	m05-22_admin_order_order_shipping_standby_print_delivery_slips_ja（受注管理_出荷指示_納品書印刷（日本語））	8	shared_db_table,shared_external,same_domain		dtb_delivery,dtb_order_item,dtb_shipping	API,バッチ
m05-10	m05-10_admin_order_order_print_delivery_slips_en（受注管理 — 納品書印刷・英語）	a05-01	API 受注管理 — 注文印刷（印刷情報送信・印刷済み更新）	7	shared_db_table,shared_external,same_domain_cross_layer		dtb_shipping	API
m05-10	m05-10_admin_order_order_print_delivery_slips_en（受注管理 — 納品書印刷・英語）	a05-02	API 受注管理 — 注文印刷（印刷情報送信・印刷済み更新）	7	shared_db_table,shared_external,same_domain_cross_layer		dtb_shipping	API
m05-10	m05-10_admin_order_order_print_delivery_slips_en（受注管理 — 納品書印刷・英語）	a05-04	API 受注管理 — スマレジ受信処理（ポイント履歴取得）	7	shared_db_table,shared_external,same_domain_cross_layer		mtb_option	API
m05-10	m05-10_admin_order_order_print_delivery_slips_en（受注管理 — 納品書印刷・英語）	b05-09	バッチ 受注管理 — スマレジ取引連携エラー再連携	7	shared_db_table,shared_external,same_domain_cross_layer		mtb_option	API,バッチ
m05-10	m05-10_admin_order_order_print_delivery_slips_en（受注管理 — 納品書印刷・英語）	m05-08	m05-08_admin_order_order_stack_paper_print（受注管理 — スタック用紙印刷）	7	shared_db_table,shared_external,same_domain		dtb_shipping,mtb_option	API,バッチ
m05-10	m05-10_admin_order_order_print_delivery_slips_en（受注管理 — 納品書印刷・英語）	m05-11	m05-11_admin_order_order_edit（管理画面_受注管理_受注情報編集）	7	shared_db_table,shared_external,same_domain		dtb_order_item,dtb_shipping	API,バッチ,メール
m05-10	m05-10_admin_order_order_print_delivery_slips_en（受注管理 — 納品書印刷・英語）	f03-05	商品 — 商品リコメンド（おすすめ商品ブロック）	6	shared_db_table,shared_external		dtb_order_item,mtb_option	API,バッチ
m05-10	m05-10_admin_order_order_print_delivery_slips_en（受注管理 — 納品書印刷・英語）	f04-02	F04-02（ご注文方法指定 — 注文情報の入力・確認・注文）	6	shared_db_table,shared_external		dtb_order_item,dtb_shipping	API,バッチ,メール
m05-11	m05-11_admin_order_order_edit（管理画面_受注管理_受注情報編集）	m05-15	m05-15_admin_order_order_mail（管理画面_受注詳細メール通知）	13	direct_ref,shared_update_table,shared_external,same_domain	dtb_order	dtb_order	API,バッチ,メール
m05-11	m05-11_admin_order_order_edit（管理画面_受注管理_受注情報編集）	m05-16	m05-16_admin_order_order_shop_memo（管理画面_受注編集_ショップ用メモ登録）	12	reverse_ref,shared_update_table,shared_external,same_domain	dtb_order	dtb_order	API,バッチ
m05-11	m05-11_admin_order_order_edit（管理画面_受注管理_受注情報編集）	m05-01	m05-01_admin_order_order_search_list（受注管理 — 受注情報検索・一覧）	11	reverse_ref,shared_db_table,shared_external,same_domain		dtb_order,dtb_shipping	API,スマレジ,バッチ,メール
m05-11	m05-11_admin_order_order_edit（管理画面_受注管理_受注情報編集）	a05-01	API 受注管理 — 注文印刷（印刷情報送信・印刷済み更新）	9	shared_update_table,shared_external,same_domain_cross_layer	dtb_order	dtb_order,dtb_shipping	API,スマレジ
m05-11	m05-11_admin_order_order_edit（管理画面_受注管理_受注情報編集）	a05-02	API 受注管理 — 注文印刷（印刷情報送信・印刷済み更新）	9	shared_update_table,shared_external,same_domain_cross_layer	dtb_order	dtb_order,dtb_shipping	API,スマレジ
m05-11	m05-11_admin_order_order_edit（管理画面_受注管理_受注情報編集）	b05-01	バッチ 受注管理 — 注文番号登録	9	shared_update_table,shared_external,same_domain_cross_layer	dtb_order	dtb_order	API,スマレジ,バッチ,メール
m05-11	m05-11_admin_order_order_edit（管理画面_受注管理_受注情報編集）	b05-02	バッチ 受注管理 — 購入完了手続き再処理	9	shared_update_table,shared_external,same_domain_cross_layer	dtb_order	dtb_order	API,スマレジ,バッチ,メール
m05-11	m05-11_admin_order_order_edit（管理画面_受注管理_受注情報編集）	b05-04	バッチ 受注管理 — スマレジ商品再連携	9	shared_update_table,shared_external,same_domain_cross_layer	dtb_order	dtb_order	API,スマレジ,バッチ,メール
m05-11	m05-11_admin_order_order_edit（管理画面_受注管理_受注情報編集）	b05-05	バッチ 受注管理 — スマレジ商品削除	9	shared_update_table,shared_external,same_domain_cross_layer	dtb_order	dtb_order	API,スマレジ,バッチ,メール
m05-11	m05-11_admin_order_order_edit（管理画面_受注管理_受注情報編集）	f04-02	F04-02（ご注文方法指定 — 注文情報の入力・確認・注文）	9	shared_update_table,shared_external	dtb_order,dtb_order_item,dtb_shipping	dtb_order,dtb_order_item,dtb_shipping	API,バッチ,メール
m05-11	m05-11_admin_order_order_edit（管理画面_受注管理_受注情報編集）	m05-12	m05-12_admin_order_order_bulk_status_change（管理画面_受注管理_対応状況一括変更）	9	shared_update_table,shared_external,same_domain	dtb_order,dtb_shipping	dtb_order,dtb_shipping	API,バッチ,メール
m05-11	m05-11_admin_order_order_edit（管理画面_受注管理_受注情報編集）	m05-14	m05-14_admin_order_order_status_change（管理画面_受注対応状況の変更）	9	shared_update_table,shared_external,same_domain	dtb_order,dtb_shipping	dtb_order,dtb_shipping	API,バッチ,メール
m05-12	m05-12_admin_order_order_bulk_status_change（管理画面_受注管理_対応状況一括変更）	m05-14	m05-14_admin_order_order_status_change（管理画面_受注対応状況の変更）	19	direct_ref,reverse_ref,shared_update_table,shared_external,same_domain	dtb_order,dtb_shipping,mtb_order_status	dtb_order,dtb_shipping,mtb_order_status	API,バッチ,メール
m05-12	m05-12_admin_order_order_bulk_status_change（管理画面_受注管理_対応状況一括変更）	m05-13	m05-13_admin_order_order_tracking_number（管理画面_受注_問い合わせ番号入力）	17	direct_ref,reverse_ref,shared_update_table,shared_external,same_domain	dtb_shipping	dtb_shipping	API,CSV,バッチ,メール
m05-12	m05-12_admin_order_order_bulk_status_change（管理画面_受注管理_対応状況一括変更）	m05-15	m05-15_admin_order_order_mail（管理画面_受注詳細メール通知）	13	direct_ref,shared_update_table,shared_external,same_domain	dtb_order	dtb_order	API,バッチ,メール
m05-12	m05-12_admin_order_order_bulk_status_change（管理画面_受注管理_対応状況一括変更）	a05-01	API 受注管理 — 注文印刷（印刷情報送信・印刷済み更新）	9	shared_update_table,shared_external,same_domain_cross_layer	dtb_order	dtb_order,dtb_shipping	API
m05-12	m05-12_admin_order_order_bulk_status_change（管理画面_受注管理_対応状況一括変更）	a05-02	API 受注管理 — 注文印刷（印刷情報送信・印刷済み更新）	9	shared_update_table,shared_external,same_domain_cross_layer	dtb_order	dtb_order,dtb_shipping	API
m05-12	m05-12_admin_order_order_bulk_status_change（管理画面_受注管理_対応状況一括変更）	b05-01	バッチ 受注管理 — 注文番号登録	9	shared_update_table,shared_external,same_domain_cross_layer	dtb_order	dtb_order	API,バッチ,メール
m05-12	m05-12_admin_order_order_bulk_status_change（管理画面_受注管理_対応状況一括変更）	b05-02	バッチ 受注管理 — 購入完了手続き再処理	9	shared_update_table,shared_external,same_domain_cross_layer	dtb_order	dtb_order	API,バッチ,メール
m05-12	m05-12_admin_order_order_bulk_status_change（管理画面_受注管理_対応状況一括変更）	b05-04	バッチ 受注管理 — スマレジ商品再連携	9	shared_update_table,shared_external,same_domain_cross_layer	dtb_order	dtb_order	API,バッチ,メール
m05-12	m05-12_admin_order_order_bulk_status_change（管理画面_受注管理_対応状況一括変更）	b05-05	バッチ 受注管理 — スマレジ商品削除	9	shared_update_table,shared_external,same_domain_cross_layer	dtb_order	dtb_order	API,バッチ,メール
m05-12	m05-12_admin_order_order_bulk_status_change（管理画面_受注管理_対応状況一括変更）	m05-11	m05-11_admin_order_order_edit（管理画面_受注管理_受注情報編集）	9	shared_update_table,shared_external,same_domain	dtb_order,dtb_shipping	dtb_order,dtb_shipping	API,バッチ,メール
m05-12	m05-12_admin_order_order_bulk_status_change（管理画面_受注管理_対応状況一括変更）	f04-02	F04-02（ご注文方法指定 — 注文情報の入力・確認・注文）	8	shared_update_table,shared_external	dtb_order,dtb_shipping	dtb_order,dtb_shipping	API,バッチ,メール
m05-12	m05-12_admin_order_order_bulk_status_change（管理画面_受注管理_対応状況一括変更）	m02-01	m02-01_admin_home_home_order_status（管理画面_トップ受注状況）	8	shared_update_table,shared_external	dtb_order,mtb_order_status	dtb_order,mtb_order_status	API,CSV,バッチ
m05-13	m05-13_admin_order_order_tracking_number（管理画面_受注_問い合わせ番号入力）	m05-12	m05-12_admin_order_order_bulk_status_change（管理画面_受注管理_対応状況一括変更）	17	direct_ref,reverse_ref,shared_update_table,shared_external,same_domain	dtb_shipping	dtb_shipping	API,CSV,バッチ,メール
m05-13	m05-13_admin_order_order_tracking_number（管理画面_受注_問い合わせ番号入力）	m05-14	m05-14_admin_order_order_status_change（管理画面_受注対応状況の変更）	17	direct_ref,reverse_ref,shared_update_table,shared_external,same_domain	dtb_shipping	dtb_shipping	API,バッチ,メール
m05-13	m05-13_admin_order_order_tracking_number（管理画面_受注_問い合わせ番号入力）	m05-17	m05-17_admin_order_order_shipping_memo（管理画面_受注管理_配達用メモ登録）	17	direct_ref,reverse_ref,shared_update_table,shared_external,same_domain	dtb_shipping	dtb_shipping	API,CSV,バッチ,メール
m05-13	m05-13_admin_order_order_tracking_number（管理画面_受注_問い合わせ番号入力）	m05-11	m05-11_admin_order_order_edit（管理画面_受注管理_受注情報編集）	8	shared_update_table,shared_external,same_domain	dtb_shipping	dtb_shipping	API,バッチ,メール
m05-13	m05-13_admin_order_order_tracking_number（管理画面_受注_問い合わせ番号入力）	m05-15	m05-15_admin_order_order_mail（管理画面_受注詳細メール通知）	8	direct_ref,shared_external,same_domain			API,バッチ,メール
m05-13	m05-13_admin_order_order_tracking_number（管理画面_受注_問い合わせ番号入力）	m05-16	m05-16_admin_order_order_shop_memo（管理画面_受注編集_ショップ用メモ登録）	8	direct_ref,shared_external,same_domain			API,CSV,バッチ
m05-13	m05-13_admin_order_order_tracking_number（管理画面_受注_問い合わせ番号入力）	a05-01	API 受注管理 — 注文印刷（印刷情報送信・印刷済み更新）	7	shared_db_table,shared_external,same_domain_cross_layer		dtb_shipping	API
m05-13	m05-13_admin_order_order_tracking_number（管理画面_受注_問い合わせ番号入力）	a05-02	API 受注管理 — 注文印刷（印刷情報送信・印刷済み更新）	7	shared_db_table,shared_external,same_domain_cross_layer		dtb_shipping	API
m05-13	m05-13_admin_order_order_tracking_number（管理画面_受注_問い合わせ番号入力）	f04-02	F04-02（ご注文方法指定 — 注文情報の入力・確認・注文）	7	shared_update_table,shared_external	dtb_shipping	dtb_shipping	API,バッチ,メール
m05-13	m05-13_admin_order_order_tracking_number（管理画面_受注_問い合わせ番号入力）	f04-03	F04-03（注文時の配送先登録・変更）	7	shared_update_table,shared_external	dtb_shipping	dtb_shipping	API,バッチ
m05-13	m05-13_admin_order_order_tracking_number（管理画面_受注_問い合わせ番号入力）	m05-01	m05-01_admin_order_order_search_list（受注管理 — 受注情報検索・一覧）	6	shared_db_table,shared_external,same_domain		dtb_shipping	API,CSV,バッチ,メール
m05-13	m05-13_admin_order_order_tracking_number（管理画面_受注_問い合わせ番号入力）	m05-07	m05-07_admin_order_order_labels_csv_export（管理画面_受注管理_送り状CSV出力）	6	shared_db_table,shared_external,same_domain		dtb_shipping	API,CSV,バッチ
m05-14	m05-14_admin_order_order_status_change（管理画面_受注対応状況の変更）	m05-12	m05-12_admin_order_order_bulk_status_change（管理画面_受注管理_対応状況一括変更）	19	direct_ref,reverse_ref,shared_update_table,shared_external,same_domain	dtb_order,dtb_shipping,mtb_order_status	dtb_order,dtb_shipping,mtb_order_status	API,バッチ,メール
m05-14	m05-14_admin_order_order_status_change（管理画面_受注対応状況の変更）	m05-13	m05-13_admin_order_order_tracking_number（管理画面_受注_問い合わせ番号入力）	17	direct_ref,reverse_ref,shared_update_table,shared_external,same_domain	dtb_shipping	dtb_shipping	API,バッチ,メール
m05-14	m05-14_admin_order_order_status_change（管理画面_受注対応状況の変更）	m05-16	m05-16_admin_order_order_shop_memo（管理画面_受注編集_ショップ用メモ登録）	17	direct_ref,reverse_ref,shared_update_table,shared_external,same_domain	dtb_order	dtb_order	API,バッチ
m05-14	m05-14_admin_order_order_status_change（管理画面_受注対応状況の変更）	m05-17	m05-17_admin_order_order_shipping_memo（管理画面_受注管理_配達用メモ登録）	17	direct_ref,reverse_ref,shared_update_table,shared_external,same_domain	dtb_shipping	dtb_shipping	API,バッチ,メール
m05-14	m05-14_admin_order_order_status_change（管理画面_受注対応状況の変更）	m05-15	m05-15_admin_order_order_mail（管理画面_受注詳細メール通知）	13	direct_ref,shared_update_table,shared_external,same_domain	dtb_order	dtb_order	API,バッチ,メール
m05-14	m05-14_admin_order_order_status_change（管理画面_受注対応状況の変更）	m10-11	m10-11_admin_base_setting_setting_shop_order_status（管理画面_店舗設定_受注対応状況設定）	12	direct_ref,shared_update_table,shared_external	mtb_order_status	mtb_order_status	API,バッチ
m05-14	m05-14_admin_order_order_status_change（管理画面_受注対応状況の変更）	a05-01	API 受注管理 — 注文印刷（印刷情報送信・印刷済み更新）	9	shared_update_table,shared_external,same_domain_cross_layer	dtb_order	dtb_order,dtb_shipping	API
m05-14	m05-14_admin_order_order_status_change（管理画面_受注対応状況の変更）	a05-02	API 受注管理 — 注文印刷（印刷情報送信・印刷済み更新）	9	shared_update_table,shared_external,same_domain_cross_layer	dtb_order	dtb_order,dtb_shipping	API
m05-14	m05-14_admin_order_order_status_change（管理画面_受注対応状況の変更）	b05-01	バッチ 受注管理 — 注文番号登録	9	shared_update_table,shared_external,same_domain_cross_layer	dtb_order	dtb_order	API,バッチ,メール
m05-14	m05-14_admin_order_order_status_change（管理画面_受注対応状況の変更）	b05-02	バッチ 受注管理 — 購入完了手続き再処理	9	shared_update_table,shared_external,same_domain_cross_layer	dtb_order	dtb_order	API,バッチ,メール
m05-14	m05-14_admin_order_order_status_change（管理画面_受注対応状況の変更）	b05-04	バッチ 受注管理 — スマレジ商品再連携	9	shared_update_table,shared_external,same_domain_cross_layer	dtb_order	dtb_order	API,バッチ,メール
m05-14	m05-14_admin_order_order_status_change（管理画面_受注対応状況の変更）	b05-05	バッチ 受注管理 — スマレジ商品削除	9	shared_update_table,shared_external,same_domain_cross_layer	dtb_order	dtb_order	API,バッチ,メール
m05-15	m05-15_admin_order_order_mail（管理画面_受注詳細メール通知）	m05-06	m05-06_admin_order_order_bulk_manual_mail（受注管理 — メール一括通知／手動メール一括）	16	direct_ref,reverse_ref,shared_db_table,shared_external,same_domain		dtb_mail_history,dtb_mail_template	API,バッチ,メール
m05-15	m05-15_admin_order_order_mail（管理画面_受注詳細メール通知）	m05-11	m05-11_admin_order_order_edit（管理画面_受注管理_受注情報編集）	12	reverse_ref,shared_update_table,shared_external,same_domain	dtb_order	dtb_order	API,バッチ,メール
m05-15	m05-15_admin_order_order_mail（管理画面_受注詳細メール通知）	m05-12	m05-12_admin_order_order_bulk_status_change（管理画面_受注管理_対応状況一括変更）	12	reverse_ref,shared_update_table,shared_external,same_domain	dtb_order	dtb_order	API,バッチ,メール
m05-15	m05-15_admin_order_order_mail（管理画面_受注詳細メール通知）	m05-14	m05-14_admin_order_order_status_change（管理画面_受注対応状況の変更）	12	reverse_ref,shared_update_table,shared_external,same_domain	dtb_order	dtb_order	API,バッチ,メール
m05-15	m05-15_admin_order_order_mail（管理画面_受注詳細メール通知）	a05-01	API 受注管理 — 注文印刷（印刷情報送信・印刷済み更新）	9	shared_update_table,shared_external,same_domain_cross_layer	dtb_order	dtb_order	API
m05-15	m05-15_admin_order_order_mail（管理画面_受注詳細メール通知）	a05-02	API 受注管理 — 注文印刷（印刷情報送信・印刷済み更新）	9	shared_update_table,shared_external,same_domain_cross_layer	dtb_order	dtb_order	API
m05-15	m05-15_admin_order_order_mail（管理画面_受注詳細メール通知）	b05-01	バッチ 受注管理 — 注文番号登録	9	shared_update_table,shared_external,same_domain_cross_layer	dtb_order	dtb_order	API,バッチ,メール
m05-15	m05-15_admin_order_order_mail（管理画面_受注詳細メール通知）	b05-02	バッチ 受注管理 — 購入完了手続き再処理	9	shared_update_table,shared_external,same_domain_cross_layer	dtb_order	dtb_order	API,バッチ,メール
m05-15	m05-15_admin_order_order_mail（管理画面_受注詳細メール通知）	b05-04	バッチ 受注管理 — スマレジ商品再連携	9	shared_update_table,shared_external,same_domain_cross_layer	dtb_order	dtb_order	API,バッチ,メール
m05-15	m05-15_admin_order_order_mail（管理画面_受注詳細メール通知）	b05-05	バッチ 受注管理 — スマレジ商品削除	9	shared_update_table,shared_external,same_domain_cross_layer	dtb_order	dtb_order	API,バッチ,メール
m05-15	m05-15_admin_order_order_mail（管理画面_受注詳細メール通知）	m05-08	m05-08_admin_order_order_stack_paper_print（受注管理 — スタック用紙印刷）	8	shared_update_table,shared_external,same_domain	dtb_order	dtb_order	API,バッチ
m05-15	m05-15_admin_order_order_mail（管理画面_受注詳細メール通知）	m05-16	m05-16_admin_order_order_shop_memo（管理画面_受注編集_ショップ用メモ登録）	8	shared_update_table,shared_external,same_domain	dtb_order	dtb_order	API,バッチ
m05-16	m05-16_admin_order_order_shop_memo（管理画面_受注編集_ショップ用メモ登録）	m05-14	m05-14_admin_order_order_status_change（管理画面_受注対応状況の変更）	17	direct_ref,reverse_ref,shared_update_table,shared_external,same_domain	dtb_order	dtb_order	API,バッチ
m05-16	m05-16_admin_order_order_shop_memo（管理画面_受注編集_ショップ用メモ登録）	m05-11	m05-11_admin_order_order_edit（管理画面_受注管理_受注情報編集）	13	direct_ref,shared_update_table,shared_external,same_domain	dtb_order	dtb_order	API,バッチ
m05-16	m05-16_admin_order_order_shop_memo（管理画面_受注編集_ショップ用メモ登録）	a05-01	API 受注管理 — 注文印刷（印刷情報送信・印刷済み更新）	9	shared_update_table,shared_external,same_domain_cross_layer	dtb_order	dtb_order	API
m05-16	m05-16_admin_order_order_shop_memo（管理画面_受注編集_ショップ用メモ登録）	a05-02	API 受注管理 — 注文印刷（印刷情報送信・印刷済み更新）	9	shared_update_table,shared_external,same_domain_cross_layer	dtb_order	dtb_order	API
m05-16	m05-16_admin_order_order_shop_memo（管理画面_受注編集_ショップ用メモ登録）	b05-01	バッチ 受注管理 — 注文番号登録	9	shared_update_table,shared_external,same_domain_cross_layer	dtb_order	dtb_order	API,バッチ
m05-16	m05-16_admin_order_order_shop_memo（管理画面_受注編集_ショップ用メモ登録）	b05-02	バッチ 受注管理 — 購入完了手続き再処理	9	shared_update_table,shared_external,same_domain_cross_layer	dtb_order	dtb_order	API,バッチ
m05-16	m05-16_admin_order_order_shop_memo（管理画面_受注編集_ショップ用メモ登録）	b05-04	バッチ 受注管理 — スマレジ商品再連携	9	shared_update_table,shared_external,same_domain_cross_layer	dtb_order	dtb_order	API,バッチ
m05-16	m05-16_admin_order_order_shop_memo（管理画面_受注編集_ショップ用メモ登録）	b05-05	バッチ 受注管理 — スマレジ商品削除	9	shared_update_table,shared_external,same_domain_cross_layer	dtb_order	dtb_order	API,バッチ
m05-16	m05-16_admin_order_order_shop_memo（管理画面_受注編集_ショップ用メモ登録）	m05-08	m05-08_admin_order_order_stack_paper_print（受注管理 — スタック用紙印刷）	8	shared_update_table,shared_external,same_domain	dtb_order	dtb_order	API,バッチ
m05-16	m05-16_admin_order_order_shop_memo（管理画面_受注編集_ショップ用メモ登録）	m05-12	m05-12_admin_order_order_bulk_status_change（管理画面_受注管理_対応状況一括変更）	8	shared_update_table,shared_external,same_domain	dtb_order	dtb_order	API,CSV,バッチ
m05-16	m05-16_admin_order_order_shop_memo（管理画面_受注編集_ショップ用メモ登録）	m05-15	m05-15_admin_order_order_mail（管理画面_受注詳細メール通知）	8	shared_update_table,shared_external,same_domain	dtb_order	dtb_order	API,バッチ
m05-16	m05-16_admin_order_order_shop_memo（管理画面_受注編集_ショップ用メモ登録）	m05-17	m05-17_admin_order_order_shipping_memo（管理画面_受注管理_配達用メモ登録）	8	direct_ref,shared_external,same_domain			API,CSV,バッチ
m05-17	m05-17_admin_order_order_shipping_memo（管理画面_受注管理_配達用メモ登録）	m05-13	m05-13_admin_order_order_tracking_number（管理画面_受注_問い合わせ番号入力）	17	direct_ref,reverse_ref,shared_update_table,shared_external,same_domain	dtb_shipping	dtb_shipping	API,CSV,バッチ,メール
m05-17	m05-17_admin_order_order_shipping_memo（管理画面_受注管理_配達用メモ登録）	m05-14	m05-14_admin_order_order_status_change（管理画面_受注対応状況の変更）	17	direct_ref,reverse_ref,shared_update_table,shared_external,same_domain	dtb_shipping	dtb_shipping	API,バッチ,メール
m05-17	m05-17_admin_order_order_shipping_memo（管理画面_受注管理_配達用メモ登録）	m05-11	m05-11_admin_order_order_edit（管理画面_受注管理_受注情報編集）	8	shared_update_table,shared_external,same_domain	dtb_shipping	dtb_shipping	API,バッチ,メール
m05-17	m05-17_admin_order_order_shipping_memo（管理画面_受注管理_配達用メモ登録）	m05-12	m05-12_admin_order_order_bulk_status_change（管理画面_受注管理_対応状況一括変更）	8	shared_update_table,shared_external,same_domain	dtb_shipping	dtb_shipping	API,CSV,バッチ,メール
m05-17	m05-17_admin_order_order_shipping_memo（管理画面_受注管理_配達用メモ登録）	a05-01	API 受注管理 — 注文印刷（印刷情報送信・印刷済み更新）	7	shared_db_table,shared_external,same_domain_cross_layer		dtb_shipping	API
m05-17	m05-17_admin_order_order_shipping_memo（管理画面_受注管理_配達用メモ登録）	a05-02	API 受注管理 — 注文印刷（印刷情報送信・印刷済み更新）	7	shared_db_table,shared_external,same_domain_cross_layer		dtb_shipping	API
m05-17	m05-17_admin_order_order_shipping_memo（管理画面_受注管理_配達用メモ登録）	f04-02	F04-02（ご注文方法指定 — 注文情報の入力・確認・注文）	7	shared_update_table,shared_external	dtb_shipping	dtb_shipping	API,バッチ,メール
m05-17	m05-17_admin_order_order_shipping_memo（管理画面_受注管理_配達用メモ登録）	f04-03	F04-03（注文時の配送先登録・変更）	7	shared_update_table,shared_external	dtb_shipping	dtb_shipping	API,バッチ
m05-17	m05-17_admin_order_order_shipping_memo（管理画面_受注管理_配達用メモ登録）	m05-16	m05-16_admin_order_order_shop_memo（管理画面_受注編集_ショップ用メモ登録）	7	reverse_ref,shared_external,same_domain			API,CSV,バッチ
m05-17	m05-17_admin_order_order_shipping_memo（管理画面_受注管理_配達用メモ登録）	m05-01	m05-01_admin_order_order_search_list（受注管理 — 受注情報検索・一覧）	6	shared_db_table,shared_external,same_domain		dtb_shipping	API,CSV,バッチ,メール
m05-17	m05-17_admin_order_order_shipping_memo（管理画面_受注管理_配達用メモ登録）	m05-07	m05-07_admin_order_order_labels_csv_export（管理画面_受注管理_送り状CSV出力）	6	shared_db_table,shared_external,same_domain		dtb_shipping	API,CSV,バッチ
m05-17	m05-17_admin_order_order_shipping_memo（管理画面_受注管理_配達用メモ登録）	m05-08	m05-08_admin_order_order_stack_paper_print（受注管理 — スタック用紙印刷）	6	shared_db_table,shared_external,same_domain		dtb_shipping	API,バッチ
m05-18	m05-18_admin_order_order_shipping_standby_list_create（受注管理 — 出荷指示リスト作成）	m05-20	m05-20_admin_order_order_shipping_standby_detail_edit_delete（管理画面_受注管理_出荷指示リスト詳細_備考編集・リスト削除）	10	shared_update_table,shared_external,same_domain	dtb_order,dtb_order_shipping_standby,dtb_shipping_standby	dtb_order,dtb_order_shipping_standby,dtb_shipping_standby	API,CSV,バッチ
m05-18	m05-18_admin_order_order_shipping_standby_list_create（受注管理 — 出荷指示リスト作成）	a05-01	API 受注管理 — 注文印刷（印刷情報送信・印刷済み更新）	9	shared_update_table,shared_external,same_domain_cross_layer	dtb_order	dtb_order	API
m05-18	m05-18_admin_order_order_shipping_standby_list_create（受注管理 — 出荷指示リスト作成）	a05-02	API 受注管理 — 注文印刷（印刷情報送信・印刷済み更新）	9	shared_update_table,shared_external,same_domain_cross_layer	dtb_order	dtb_order	API
m05-18	m05-18_admin_order_order_shipping_standby_list_create（受注管理 — 出荷指示リスト作成）	b05-01	バッチ 受注管理 — 注文番号登録	9	shared_update_table,shared_external,same_domain_cross_layer	dtb_order	dtb_order	API,バッチ
m05-18	m05-18_admin_order_order_shipping_standby_list_create（受注管理 — 出荷指示リスト作成）	b05-02	バッチ 受注管理 — 購入完了手続き再処理	9	shared_update_table,shared_external,same_domain_cross_layer	dtb_order	dtb_order	API,バッチ
m05-18	m05-18_admin_order_order_shipping_standby_list_create（受注管理 — 出荷指示リスト作成）	b05-04	バッチ 受注管理 — スマレジ商品再連携	9	shared_update_table,shared_external,same_domain_cross_layer	dtb_order	dtb_order	API,バッチ
m05-18	m05-18_admin_order_order_shipping_standby_list_create（受注管理 — 出荷指示リスト作成）	b05-05	バッチ 受注管理 — スマレジ商品削除	9	shared_update_table,shared_external,same_domain_cross_layer	dtb_order	dtb_order	API,バッチ
m05-18	m05-18_admin_order_order_shipping_standby_list_create（受注管理 — 出荷指示リスト作成）	m05-08	m05-08_admin_order_order_stack_paper_print（受注管理 — スタック用紙印刷）	8	shared_update_table,shared_external,same_domain	dtb_order	dtb_order	API,バッチ
m05-18	m05-18_admin_order_order_shipping_standby_list_create（受注管理 — 出荷指示リスト作成）	m05-11	m05-11_admin_order_order_edit（管理画面_受注管理_受注情報編集）	8	shared_update_table,shared_external,same_domain	dtb_order	dtb_order	API,バッチ
m05-18	m05-18_admin_order_order_shipping_standby_list_create（受注管理 — 出荷指示リスト作成）	m05-12	m05-12_admin_order_order_bulk_status_change（管理画面_受注管理_対応状況一括変更）	8	shared_update_table,shared_external,same_domain	dtb_order	dtb_order	API,CSV,バッチ
m05-18	m05-18_admin_order_order_shipping_standby_list_create（受注管理 — 出荷指示リスト作成）	m05-14	m05-14_admin_order_order_status_change（管理画面_受注対応状況の変更）	8	shared_update_table,shared_external,same_domain	dtb_order	dtb_order	API,バッチ
m05-18	m05-18_admin_order_order_shipping_standby_list_create（受注管理 — 出荷指示リスト作成）	m05-15	m05-15_admin_order_order_mail（管理画面_受注詳細メール通知）	8	shared_update_table,shared_external,same_domain	dtb_order	dtb_order	API,バッチ
m05-19	m05-19_admin_order_order_shipping_standby_list_search（管理画面_受注管理_出荷指示リスト検索）	m05-18	m05-18_admin_order_order_shipping_standby_list_create（受注管理 — 出荷指示リスト作成）	8	shared_update_table,shared_external,same_domain	dtb_shipping_standby	dtb_order,dtb_shipping_standby,mtb_order_type	API,バッチ
m05-19	m05-19_admin_order_order_shipping_standby_list_search（管理画面_受注管理_出荷指示リスト検索）	m05-20	m05-20_admin_order_order_shipping_standby_detail_edit_delete（管理画面_受注管理_出荷指示リスト詳細_備考編集・リスト削除）	8	shared_update_table,shared_external,same_domain	dtb_shipping_standby	dtb_order,dtb_shipping_standby	API,バッチ
m05-19	m05-19_admin_order_order_shipping_standby_list_search（管理画面_受注管理_出荷指示リスト検索）	m05-21	m05-21_admin_order_order_shipping_standby_picking_list_print（管理画面_受注管理_ピッキングリスト印刷）	8	shared_update_table,shared_external,same_domain	dtb_shipping_standby	dtb_order,dtb_shipping_standby	API,バッチ
m05-19	m05-19_admin_order_order_shipping_standby_list_search（管理画面_受注管理_出荷指示リスト検索）	a05-01	API 受注管理 — 注文印刷（印刷情報送信・印刷済み更新）	7	shared_db_table,shared_external,same_domain_cross_layer		dtb_order	API
m05-19	m05-19_admin_order_order_shipping_standby_list_search（管理画面_受注管理_出荷指示リスト検索）	a05-02	API 受注管理 — 注文印刷（印刷情報送信・印刷済み更新）	7	shared_db_table,shared_external,same_domain_cross_layer		dtb_order	API
m05-19	m05-19_admin_order_order_shipping_standby_list_search（管理画面_受注管理_出荷指示リスト検索）	a05-03	API 受注管理 — 店頭注文番号取得	7	shared_db_table,shared_external,same_domain_cross_layer		dtb_order	API,バッチ
m05-19	m05-19_admin_order_order_shipping_standby_list_search（管理画面_受注管理_出荷指示リスト検索）	b05-01	バッチ 受注管理 — 注文番号登録	7	shared_db_table,shared_external,same_domain_cross_layer		dtb_order	API,バッチ
m05-19	m05-19_admin_order_order_shipping_standby_list_search（管理画面_受注管理_出荷指示リスト検索）	b05-02	バッチ 受注管理 — 購入完了手続き再処理	7	shared_db_table,shared_external,same_domain_cross_layer		dtb_order	API,バッチ
m05-19	m05-19_admin_order_order_shipping_standby_list_search（管理画面_受注管理_出荷指示リスト検索）	b05-03	バッチ 受注管理 — 店頭注文番号初期化	7	shared_db_table,shared_external,same_domain_cross_layer		dtb_order	API,バッチ
m05-19	m05-19_admin_order_order_shipping_standby_list_search（管理画面_受注管理_出荷指示リスト検索）	b05-04	バッチ 受注管理 — スマレジ商品再連携	7	shared_db_table,shared_external,same_domain_cross_layer		dtb_order	API,バッチ
m05-19	m05-19_admin_order_order_shipping_standby_list_search（管理画面_受注管理_出荷指示リスト検索）	b05-05	バッチ 受注管理 — スマレジ商品削除	7	shared_db_table,shared_external,same_domain_cross_layer		dtb_order	API,バッチ
m05-19	m05-19_admin_order_order_shipping_standby_list_search（管理画面_受注管理_出荷指示リスト検索）	b05-06	バッチ 受注管理 — ポイント二重登録チェック	7	shared_db_table,shared_external,same_domain_cross_layer		dtb_order	API,バッチ
m05-20	m05-20_admin_order_order_shipping_standby_detail_edit_delete（管理画面_受注管理_出荷指示リスト詳細_備考編集・リスト削除）	m05-18	m05-18_admin_order_order_shipping_standby_list_create（受注管理 — 出荷指示リスト作成）	10	shared_update_table,shared_external,same_domain	dtb_order,dtb_order_shipping_standby,dtb_shipping_standby	dtb_order,dtb_order_shipping_standby,dtb_shipping_standby	API,CSV,バッチ
m05-20	m05-20_admin_order_order_shipping_standby_detail_edit_delete（管理画面_受注管理_出荷指示リスト詳細_備考編集・リスト削除）	a05-01	API 受注管理 — 注文印刷（印刷情報送信・印刷済み更新）	9	shared_update_table,shared_external,same_domain_cross_layer	dtb_order	dtb_order	API
m05-20	m05-20_admin_order_order_shipping_standby_detail_edit_delete（管理画面_受注管理_出荷指示リスト詳細_備考編集・リスト削除）	a05-02	API 受注管理 — 注文印刷（印刷情報送信・印刷済み更新）	9	shared_update_table,shared_external,same_domain_cross_layer	dtb_order	dtb_order	API
m05-20	m05-20_admin_order_order_shipping_standby_detail_edit_delete（管理画面_受注管理_出荷指示リスト詳細_備考編集・リスト削除）	b05-01	バッチ 受注管理 — 注文番号登録	9	shared_update_table,shared_external,same_domain_cross_layer	dtb_order	dtb_order	API,バッチ
m05-20	m05-20_admin_order_order_shipping_standby_detail_edit_delete（管理画面_受注管理_出荷指示リスト詳細_備考編集・リスト削除）	b05-02	バッチ 受注管理 — 購入完了手続き再処理	9	shared_update_table,shared_external,same_domain_cross_layer	dtb_order	dtb_order	API,バッチ
m05-20	m05-20_admin_order_order_shipping_standby_detail_edit_delete（管理画面_受注管理_出荷指示リスト詳細_備考編集・リスト削除）	b05-04	バッチ 受注管理 — スマレジ商品再連携	9	shared_update_table,shared_external,same_domain_cross_layer	dtb_order	dtb_order	API,バッチ
m05-20	m05-20_admin_order_order_shipping_standby_detail_edit_delete（管理画面_受注管理_出荷指示リスト詳細_備考編集・リスト削除）	b05-05	バッチ 受注管理 — スマレジ商品削除	9	shared_update_table,shared_external,same_domain_cross_layer	dtb_order	dtb_order	API,バッチ
m05-20	m05-20_admin_order_order_shipping_standby_detail_edit_delete（管理画面_受注管理_出荷指示リスト詳細_備考編集・リスト削除）	m05-08	m05-08_admin_order_order_stack_paper_print（受注管理 — スタック用紙印刷）	8	shared_update_table,shared_external,same_domain	dtb_order	dtb_order	API,バッチ
m05-20	m05-20_admin_order_order_shipping_standby_detail_edit_delete（管理画面_受注管理_出荷指示リスト詳細_備考編集・リスト削除）	m05-11	m05-11_admin_order_order_edit（管理画面_受注管理_受注情報編集）	8	shared_update_table,shared_external,same_domain	dtb_order	dtb_order	API,バッチ
m05-20	m05-20_admin_order_order_shipping_standby_detail_edit_delete（管理画面_受注管理_出荷指示リスト詳細_備考編集・リスト削除）	m05-12	m05-12_admin_order_order_bulk_status_change（管理画面_受注管理_対応状況一括変更）	8	shared_update_table,shared_external,same_domain	dtb_order	dtb_order	API,CSV,バッチ
m05-20	m05-20_admin_order_order_shipping_standby_detail_edit_delete（管理画面_受注管理_出荷指示リスト詳細_備考編集・リスト削除）	m05-14	m05-14_admin_order_order_status_change（管理画面_受注対応状況の変更）	8	shared_update_table,shared_external,same_domain	dtb_order	dtb_order	API,バッチ
m05-20	m05-20_admin_order_order_shipping_standby_detail_edit_delete（管理画面_受注管理_出荷指示リスト詳細_備考編集・リスト削除）	m05-15	m05-15_admin_order_order_mail（管理画面_受注詳細メール通知）	8	shared_update_table,shared_external,same_domain	dtb_order	dtb_order	API,バッチ
m05-21	m05-21_admin_order_order_shipping_standby_picking_list_print（管理画面_受注管理_ピッキングリスト印刷）	m05-18	m05-18_admin_order_order_shipping_standby_list_create（受注管理 — 出荷指示リスト作成）	8	shared_update_table,shared_external,same_domain	dtb_shipping_standby	dtb_member,dtb_order,dtb_order_shipping_standby,dtb_shipping_standby	API,CSV,バッチ
m05-21	m05-21_admin_order_order_shipping_standby_picking_list_print（管理画面_受注管理_ピッキングリスト印刷）	m05-19	m05-19_admin_order_order_shipping_standby_list_search（管理画面_受注管理_出荷指示リスト検索）	8	shared_update_table,shared_external,same_domain	dtb_shipping_standby	dtb_order,dtb_shipping_standby	API,バッチ
m05-21	m05-21_admin_order_order_shipping_standby_picking_list_print（管理画面_受注管理_ピッキングリスト印刷）	m05-20	m05-20_admin_order_order_shipping_standby_detail_edit_delete（管理画面_受注管理_出荷指示リスト詳細_備考編集・リスト削除）	8	shared_update_table,shared_external,same_domain	dtb_shipping_standby	dtb_order,dtb_order_shipping_standby,dtb_shipping_standby	API,CSV,バッチ
m05-21	m05-21_admin_order_order_shipping_standby_picking_list_print（管理画面_受注管理_ピッキングリスト印刷）	m05-22	m05-22_admin_order_order_shipping_standby_print_delivery_slips_ja（受注管理_出荷指示_納品書印刷（日本語））	8	shared_db_table,shared_external,same_domain		dtb_order,dtb_order_shipping_standby,dtb_shipping_standby	API,CSV,バッチ
m05-21	m05-21_admin_order_order_shipping_standby_picking_list_print（管理画面_受注管理_ピッキングリスト印刷）	a05-01	API 受注管理 — 注文印刷（印刷情報送信・印刷済み更新）	7	shared_db_table,shared_external,same_domain_cross_layer		dtb_order	API
m05-21	m05-21_admin_order_order_shipping_standby_picking_list_print（管理画面_受注管理_ピッキングリスト印刷）	a05-02	API 受注管理 — 注文印刷（印刷情報送信・印刷済み更新）	7	shared_db_table,shared_external,same_domain_cross_layer		dtb_order	API
m05-21	m05-21_admin_order_order_shipping_standby_picking_list_print（管理画面_受注管理_ピッキングリスト印刷）	a05-03	API 受注管理 — 店頭注文番号取得	7	shared_db_table,shared_external,same_domain_cross_layer		dtb_order	API,バッチ
m05-21	m05-21_admin_order_order_shipping_standby_picking_list_print（管理画面_受注管理_ピッキングリスト印刷）	a05-04	API 受注管理 — スマレジ受信処理（ポイント履歴取得）	7	shared_db_table,shared_external,same_domain_cross_layer		mtb_option	API
m05-21	m05-21_admin_order_order_shipping_standby_picking_list_print（管理画面_受注管理_ピッキングリスト印刷）	b05-01	バッチ 受注管理 — 注文番号登録	7	shared_db_table,shared_external,same_domain_cross_layer		dtb_order	API,バッチ
m05-21	m05-21_admin_order_order_shipping_standby_picking_list_print（管理画面_受注管理_ピッキングリスト印刷）	b05-02	バッチ 受注管理 — 購入完了手続き再処理	7	shared_db_table,shared_external,same_domain_cross_layer		dtb_order	API,バッチ
m05-21	m05-21_admin_order_order_shipping_standby_picking_list_print（管理画面_受注管理_ピッキングリスト印刷）	b05-03	バッチ 受注管理 — 店頭注文番号初期化	7	shared_db_table,shared_external,same_domain_cross_layer		dtb_order	API,バッチ
m05-21	m05-21_admin_order_order_shipping_standby_picking_list_print（管理画面_受注管理_ピッキングリスト印刷）	b05-04	バッチ 受注管理 — スマレジ商品再連携	7	shared_db_table,shared_external,same_domain_cross_layer		dtb_order	API,バッチ
m05-22	m05-22_admin_order_order_shipping_standby_print_delivery_slips_ja（受注管理_出荷指示_納品書印刷（日本語））	m05-09	m05-09_admin_order_order_print_delivery_slips_ja（受注管理_納品書印刷（日本語））	13	direct_ref,shared_db_table,shared_external,same_domain		dtb_customer,dtb_delivery,dtb_order,dtb_order_item,dtb_shipping	API,CSV,PDF,バッチ
m05-22	m05-22_admin_order_order_shipping_standby_print_delivery_slips_ja（受注管理_出荷指示_納品書印刷（日本語））	a05-01	API 受注管理 — 注文印刷（印刷情報送信・印刷済み更新）	8	shared_db_table,shared_external,same_domain_cross_layer		dtb_order,dtb_shipping	API
m05-22	m05-22_admin_order_order_shipping_standby_print_delivery_slips_ja（受注管理_出荷指示_納品書印刷（日本語））	a05-02	API 受注管理 — 注文印刷（印刷情報送信・印刷済み更新）	8	shared_db_table,shared_external,same_domain_cross_layer		dtb_order,dtb_shipping	API
m05-22	m05-22_admin_order_order_shipping_standby_print_delivery_slips_ja（受注管理_出荷指示_納品書印刷（日本語））	m05-07	m05-07_admin_order_order_labels_csv_export（管理画面_受注管理_送り状CSV出力）	8	shared_db_table,shared_external,same_domain		dtb_delivery,dtb_order,dtb_order_item,dtb_shipping	API,CSV,バッチ
m05-22	m05-22_admin_order_order_shipping_standby_print_delivery_slips_ja（受注管理_出荷指示_納品書印刷（日本語））	m05-10	m05-10_admin_order_order_print_delivery_slips_en（受注管理 — 納品書印刷・英語）	8	shared_db_table,shared_external,same_domain		dtb_delivery,dtb_order_item,dtb_shipping	API,バッチ
m05-22	m05-22_admin_order_order_shipping_standby_print_delivery_slips_ja（受注管理_出荷指示_納品書印刷（日本語））	m05-11	m05-11_admin_order_order_edit（管理画面_受注管理_受注情報編集）	8	shared_db_table,shared_external,same_domain		dtb_order,dtb_order_item,dtb_shipping	API,バッチ
m05-22	m05-22_admin_order_order_shipping_standby_print_delivery_slips_ja（受注管理_出荷指示_納品書印刷（日本語））	m05-18	m05-18_admin_order_order_shipping_standby_list_create（受注管理 — 出荷指示リスト作成）	8	shared_db_table,shared_external,same_domain		dtb_order,dtb_order_shipping_standby,dtb_shipping_standby	API,CSV,バッチ
m05-22	m05-22_admin_order_order_shipping_standby_print_delivery_slips_ja（受注管理_出荷指示_納品書印刷（日本語））	m05-20	m05-20_admin_order_order_shipping_standby_detail_edit_delete（管理画面_受注管理_出荷指示リスト詳細_備考編集・リスト削除）	8	shared_db_table,shared_external,same_domain		dtb_order,dtb_order_shipping_standby,dtb_shipping_standby	API,CSV,バッチ
m05-22	m05-22_admin_order_order_shipping_standby_print_delivery_slips_ja（受注管理_出荷指示_納品書印刷（日本語））	m05-21	m05-21_admin_order_order_shipping_standby_picking_list_print（管理画面_受注管理_ピッキングリスト印刷）	8	shared_db_table,shared_external,same_domain		dtb_order,dtb_order_shipping_standby,dtb_shipping_standby	API,CSV,バッチ
m05-22	m05-22_admin_order_order_shipping_standby_print_delivery_slips_ja（受注管理_出荷指示_納品書印刷（日本語））	m05-23	m05-23_admin_order_order_shipping_standby_print_delivery_slips_en（管理画面_受注管理_出荷指示_納品書印刷_英語）	8	shared_db_table,shared_external,same_domain		dtb_delivery,dtb_order_shipping_standby,dtb_shipping,dtb_shipping_standby	API,バッチ
m05-22	m05-22_admin_order_order_shipping_standby_print_delivery_slips_ja（受注管理_出荷指示_納品書印刷（日本語））	a05-03	API 受注管理 — 店頭注文番号取得	7	shared_db_table,shared_external,same_domain_cross_layer		dtb_order	API,バッチ
m05-22	m05-22_admin_order_order_shipping_standby_print_delivery_slips_ja（受注管理_出荷指示_納品書印刷（日本語））	b05-01	バッチ 受注管理 — 注文番号登録	7	shared_db_table,shared_external,same_domain_cross_layer		dtb_order	API,バッチ
m05-23	m05-23_admin_order_order_shipping_standby_print_delivery_slips_en（管理画面_受注管理_出荷指示_納品書印刷_英語）	m05-10	m05-10_admin_order_order_print_delivery_slips_en（受注管理 — 納品書印刷・英語）	12	direct_ref,shared_db_table,shared_external,same_domain		dtb_delivery,dtb_shipping	API,バッチ,メール
m05-23	m05-23_admin_order_order_shipping_standby_print_delivery_slips_en（管理画面_受注管理_出荷指示_納品書印刷_英語）	m05-22	m05-22_admin_order_order_shipping_standby_print_delivery_slips_ja（受注管理_出荷指示_納品書印刷（日本語））	8	shared_db_table,shared_external,same_domain		dtb_delivery,dtb_order_shipping_standby,dtb_shipping,dtb_shipping_standby	API,バッチ
m05-23	m05-23_admin_order_order_shipping_standby_print_delivery_slips_en（管理画面_受注管理_出荷指示_納品書印刷_英語）	a05-01	API 受注管理 — 注文印刷（印刷情報送信・印刷済み更新）	7	shared_db_table,shared_external,same_domain_cross_layer		dtb_shipping	API
m05-23	m05-23_admin_order_order_shipping_standby_print_delivery_slips_en（管理画面_受注管理_出荷指示_納品書印刷_英語）	a05-02	API 受注管理 — 注文印刷（印刷情報送信・印刷済み更新）	7	shared_db_table,shared_external,same_domain_cross_layer		dtb_shipping	API
m05-23	m05-23_admin_order_order_shipping_standby_print_delivery_slips_en（管理画面_受注管理_出荷指示_納品書印刷_英語）	m05-07	m05-07_admin_order_order_labels_csv_export（管理画面_受注管理_送り状CSV出力）	7	shared_db_table,shared_external,same_domain		dtb_delivery,dtb_shipping	API,バッチ
m05-23	m05-23_admin_order_order_shipping_standby_print_delivery_slips_en（管理画面_受注管理_出荷指示_納品書印刷_英語）	m05-09	m05-09_admin_order_order_print_delivery_slips_ja（受注管理_納品書印刷（日本語））	7	shared_db_table,shared_external,same_domain		dtb_delivery,dtb_shipping	API,バッチ
m05-23	m05-23_admin_order_order_shipping_standby_print_delivery_slips_en（管理画面_受注管理_出荷指示_納品書印刷_英語）	m05-18	m05-18_admin_order_order_shipping_standby_list_create（受注管理 — 出荷指示リスト作成）	7	shared_db_table,shared_external,same_domain		dtb_order_shipping_standby,dtb_shipping_standby	API,バッチ
m05-23	m05-23_admin_order_order_shipping_standby_print_delivery_slips_en（管理画面_受注管理_出荷指示_納品書印刷_英語）	m05-20	m05-20_admin_order_order_shipping_standby_detail_edit_delete（管理画面_受注管理_出荷指示リスト詳細_備考編集・リスト削除）	7	shared_db_table,shared_external,same_domain		dtb_order_shipping_standby,dtb_shipping_standby	API,バッチ
m05-23	m05-23_admin_order_order_shipping_standby_print_delivery_slips_en（管理画面_受注管理_出荷指示_納品書印刷_英語）	m05-21	m05-21_admin_order_order_shipping_standby_picking_list_print（管理画面_受注管理_ピッキングリスト印刷）	7	shared_db_table,shared_external,same_domain		dtb_order_shipping_standby,dtb_shipping_standby	API,バッチ
m05-23	m05-23_admin_order_order_shipping_standby_print_delivery_slips_en（管理画面_受注管理_出荷指示_納品書印刷_英語）	m05-01	m05-01_admin_order_order_search_list（受注管理 — 受注情報検索・一覧）	6	shared_db_table,shared_external,same_domain		dtb_shipping	API,バッチ,メール
m05-23	m05-23_admin_order_order_shipping_standby_print_delivery_slips_en（管理画面_受注管理_出荷指示_納品書印刷_英語）	m05-08	m05-08_admin_order_order_stack_paper_print（受注管理 — スタック用紙印刷）	6	shared_db_table,shared_external,same_domain		dtb_shipping	API,バッチ
m05-23	m05-23_admin_order_order_shipping_standby_print_delivery_slips_en（管理画面_受注管理_出荷指示_納品書印刷_英語）	m05-11	m05-11_admin_order_order_edit（管理画面_受注管理_受注情報編集）	6	shared_db_table,shared_external,same_domain		dtb_shipping	API,バッチ,メール
m05-24	m05-24_admin_order_order_shipping_export_for_import（管理画面_受注管理_出荷実績入力用CSV出力）	a05-01	API 受注管理 — 注文印刷（印刷情報送信・印刷済み更新）	8	shared_db_table,shared_external,same_domain_cross_layer		dtb_order,dtb_shipping	API
m05-24	m05-24_admin_order_order_shipping_export_for_import（管理画面_受注管理_出荷実績入力用CSV出力）	a05-02	API 受注管理 — 注文印刷（印刷情報送信・印刷済み更新）	8	shared_db_table,shared_external,same_domain_cross_layer		dtb_order,dtb_shipping	API
m05-24	m05-24_admin_order_order_shipping_export_for_import（管理画面_受注管理_出荷実績入力用CSV出力）	a05-03	API 受注管理 — 店頭注文番号取得	7	shared_db_table,shared_external,same_domain_cross_layer		dtb_order	API,バッチ
m05-24	m05-24_admin_order_order_shipping_export_for_import（管理画面_受注管理_出荷実績入力用CSV出力）	b05-01	バッチ 受注管理 — 注文番号登録	7	shared_db_table,shared_external,same_domain_cross_layer		dtb_order	API,バッチ
m05-24	m05-24_admin_order_order_shipping_export_for_import（管理画面_受注管理_出荷実績入力用CSV出力）	b05-02	バッチ 受注管理 — 購入完了手続き再処理	7	shared_db_table,shared_external,same_domain_cross_layer		dtb_order	API,バッチ
m05-24	m05-24_admin_order_order_shipping_export_for_import（管理画面_受注管理_出荷実績入力用CSV出力）	b05-03	バッチ 受注管理 — 店頭注文番号初期化	7	shared_db_table,shared_external,same_domain_cross_layer		dtb_order	API,バッチ
m05-24	m05-24_admin_order_order_shipping_export_for_import（管理画面_受注管理_出荷実績入力用CSV出力）	b05-04	バッチ 受注管理 — スマレジ商品再連携	7	shared_db_table,shared_external,same_domain_cross_layer		dtb_order	API,バッチ
m05-24	m05-24_admin_order_order_shipping_export_for_import（管理画面_受注管理_出荷実績入力用CSV出力）	b05-05	バッチ 受注管理 — スマレジ商品削除	7	shared_db_table,shared_external,same_domain_cross_layer		dtb_order	API,バッチ
m05-24	m05-24_admin_order_order_shipping_export_for_import（管理画面_受注管理_出荷実績入力用CSV出力）	b05-06	バッチ 受注管理 — ポイント二重登録チェック	7	shared_db_table,shared_external,same_domain_cross_layer		dtb_order	API,バッチ
m05-24	m05-24_admin_order_order_shipping_export_for_import（管理画面_受注管理_出荷実績入力用CSV出力）	b05-07	バッチ 受注管理 — ポイント利用未反映チェック	7	shared_db_table,shared_external,same_domain_cross_layer		dtb_order	API,バッチ
m05-24	m05-24_admin_order_order_shipping_export_for_import（管理画面_受注管理_出荷実績入力用CSV出力）	b05-08	バッチ 受注管理 — スマレジEC受注連携エラー再連携	7	shared_db_table,shared_external,same_domain_cross_layer		dtb_order	API,バッチ
m05-24	m05-24_admin_order_order_shipping_export_for_import（管理画面_受注管理_出荷実績入力用CSV出力）	m05-01	m05-01_admin_order_order_search_list（受注管理 — 受注情報検索・一覧）	7	shared_db_table,shared_external,same_domain		dtb_order,dtb_shipping	API,CSV,バッチ
m05-26	m05-26_admin_order_order_shipping_result_csv_import（管理画面_受注管理_出荷実績インポート登録）	a05-01	API 受注管理 — 注文印刷（印刷情報送信・印刷済み更新）	9	shared_update_table,shared_external,same_domain_cross_layer	dtb_order	dtb_order,dtb_order_sub,dtb_shipping	API
m05-26	m05-26_admin_order_order_shipping_result_csv_import（管理画面_受注管理_出荷実績インポート登録）	a05-02	API 受注管理 — 注文印刷（印刷情報送信・印刷済み更新）	9	shared_update_table,shared_external,same_domain_cross_layer	dtb_order	dtb_order,dtb_order_sub,dtb_shipping	API
m05-26	m05-26_admin_order_order_shipping_result_csv_import（管理画面_受注管理_出荷実績インポート登録）	b05-01	バッチ 受注管理 — 注文番号登録	9	shared_update_table,shared_external,same_domain_cross_layer	dtb_order	dtb_order,dtb_order_sub	API,バッチ,メール
m05-26	m05-26_admin_order_order_shipping_result_csv_import（管理画面_受注管理_出荷実績インポート登録）	b05-02	バッチ 受注管理 — 購入完了手続き再処理	9	shared_update_table,shared_external,same_domain_cross_layer	dtb_order	dtb_order,dtb_order_sub	API,バッチ,メール
m05-26	m05-26_admin_order_order_shipping_result_csv_import（管理画面_受注管理_出荷実績インポート登録）	b05-04	バッチ 受注管理 — スマレジ商品再連携	9	shared_update_table,shared_external,same_domain_cross_layer	dtb_order	dtb_order,dtb_order_sub	API,バッチ,メール
m05-26	m05-26_admin_order_order_shipping_result_csv_import（管理画面_受注管理_出荷実績インポート登録）	b05-05	バッチ 受注管理 — スマレジ商品削除	9	shared_update_table,shared_external,same_domain_cross_layer	dtb_order	dtb_order,dtb_order_sub	API,バッチ,メール
m05-26	m05-26_admin_order_order_shipping_result_csv_import（管理画面_受注管理_出荷実績インポート登録）	b05-03	バッチ 受注管理 — 店頭注文番号初期化	8	shared_db_table,shared_external,same_domain_cross_layer		dtb_order,dtb_order_sub	API,バッチ
m05-26	m05-26_admin_order_order_shipping_result_csv_import（管理画面_受注管理_出荷実績インポート登録）	b05-08	バッチ 受注管理 — スマレジEC受注連携エラー再連携	8	shared_db_table,shared_external,same_domain_cross_layer		dtb_order,dtb_order_sub	API,バッチ
m05-26	m05-26_admin_order_order_shipping_result_csv_import（管理画面_受注管理_出荷実績インポート登録）	m05-07	m05-07_admin_order_order_labels_csv_export（管理画面_受注管理_送り状CSV出力）	8	shared_db_table,shared_external,same_domain		dtb_order,dtb_order_sub,dtb_shipping	API,CSV,バッチ
m05-26	m05-26_admin_order_order_shipping_result_csv_import（管理画面_受注管理_出荷実績インポート登録）	m05-08	m05-08_admin_order_order_stack_paper_print（受注管理 — スタック用紙印刷）	8	shared_update_table,shared_external,same_domain	dtb_order	dtb_order,dtb_order_sub,dtb_shipping	API,バッチ
m05-26	m05-26_admin_order_order_shipping_result_csv_import（管理画面_受注管理_出荷実績インポート登録）	m05-11	m05-11_admin_order_order_edit（管理画面_受注管理_受注情報編集）	8	shared_update_table,shared_external,same_domain	dtb_order	dtb_order,dtb_shipping	API,バッチ,メール
m05-26	m05-26_admin_order_order_shipping_result_csv_import（管理画面_受注管理_出荷実績インポート登録）	m05-12	m05-12_admin_order_order_bulk_status_change（管理画面_受注管理_対応状況一括変更）	8	shared_update_table,shared_external,same_domain	dtb_order	dtb_order,dtb_shipping	API,CSV,バッチ,メール
m05-27	m05-27_admin_order_order_waiting_tag（管理画面_受注管理_店頭注文番号札管理）	a05-03	API 受注管理 — 店頭注文番号取得	7	shared_db_table,shared_external,same_domain_cross_layer		dtb_waiting_tag	API,バッチ
m05-27	m05-27_admin_order_order_waiting_tag（管理画面_受注管理_店頭注文番号札管理）	f06-25	F06-25（店頭モニターに受注管理から登録した番号札を表示）	7	shared_update_table,shared_external	dtb_waiting_tag	dtb_waiting_tag	API,バッチ
m05-27	m05-27_admin_order_order_waiting_tag（管理画面_受注管理_店頭注文番号札管理）	a05-01	API 受注管理 — 注文印刷（印刷情報送信・印刷済み更新）	4	shared_external,same_domain_cross_layer			API
m05-27	m05-27_admin_order_order_waiting_tag（管理画面_受注管理_店頭注文番号札管理）	a05-02	API 受注管理 — 注文印刷（印刷情報送信・印刷済み更新）	4	shared_external,same_domain_cross_layer			API
m05-27	m05-27_admin_order_order_waiting_tag（管理画面_受注管理_店頭注文番号札管理）	a05-04	API 受注管理 — スマレジ受信処理（ポイント履歴取得）	4	shared_external,same_domain_cross_layer			API
m05-27	m05-27_admin_order_order_waiting_tag（管理画面_受注管理_店頭注文番号札管理）	b05-01	バッチ 受注管理 — 注文番号登録	4	shared_external,same_domain_cross_layer			API,バッチ
m05-27	m05-27_admin_order_order_waiting_tag（管理画面_受注管理_店頭注文番号札管理）	b05-02	バッチ 受注管理 — 購入完了手続き再処理	4	shared_external,same_domain_cross_layer			API,バッチ
m05-27	m05-27_admin_order_order_waiting_tag（管理画面_受注管理_店頭注文番号札管理）	b05-03	バッチ 受注管理 — 店頭注文番号初期化	4	shared_external,same_domain_cross_layer			API,バッチ
m05-27	m05-27_admin_order_order_waiting_tag（管理画面_受注管理_店頭注文番号札管理）	b05-04	バッチ 受注管理 — スマレジ商品再連携	4	shared_external,same_domain_cross_layer			API,バッチ
m05-27	m05-27_admin_order_order_waiting_tag（管理画面_受注管理_店頭注文番号札管理）	b05-05	バッチ 受注管理 — スマレジ商品削除	4	shared_external,same_domain_cross_layer			API,バッチ
m05-27	m05-27_admin_order_order_waiting_tag（管理画面_受注管理_店頭注文番号札管理）	b05-06	バッチ 受注管理 — ポイント二重登録チェック	4	shared_external,same_domain_cross_layer			API,バッチ
m05-27	m05-27_admin_order_order_waiting_tag（管理画面_受注管理_店頭注文番号札管理）	b05-07	バッチ 受注管理 — ポイント利用未反映チェック	4	shared_external,same_domain_cross_layer			API,バッチ
m06-01	m06-01_admin_store_purchase_purchase_store_search_list（管理画面_店頭買取管理_買取検索一覧）	a06-03	API 店頭買取管理 — 店頭買取受注詳細更新	9	shared_db_table,shared_external,same_domain_cross_layer		dtb_otc_buy_order,dtb_otc_buy_order_detail,mtb_otc_buy_order_status	API,支店
m06-01	m06-01_admin_store_purchase_purchase_store_search_list（管理画面_店頭買取管理_買取検索一覧）	a06-02	API 店頭買取管理 — 店頭買取受注一覧取得	8	shared_db_table,shared_external,same_domain_cross_layer		dtb_otc_buy_order,mtb_otc_buy_order_status	API,支店
m06-01	m06-01_admin_store_purchase_purchase_store_search_list（管理画面_店頭買取管理_買取検索一覧）	a06-05	API 店頭買取管理 — 店頭買取受注ステータス更新	8	shared_db_table,shared_external,same_domain_cross_layer		dtb_otc_buy_order,mtb_otc_buy_order_status	API
m06-01	m06-01_admin_store_purchase_purchase_store_search_list（管理画面_店頭買取管理_買取検索一覧）	a06-14	A06-14（店頭買取情報一部キャンセル情報連携）	8	shared_db_table,shared_external,same_domain_cross_layer		dtb_otc_buy_order,dtb_otc_buy_order_detail	API,CSV,PDF,バッチ
m06-01	m06-01_admin_store_purchase_purchase_store_search_list（管理画面_店頭買取管理_買取検索一覧）	a06-04	API 店頭買取管理 — 店頭買取受注コメント更新	7	shared_db_table,shared_external,same_domain_cross_layer		dtb_otc_buy_order	API
m06-01	m06-01_admin_store_purchase_purchase_store_search_list（管理画面_店頭買取管理_買取検索一覧）	a06-13	API 店頭買取管理 — 本人確認更新	7	shared_db_table,shared_external,same_domain_cross_layer		dtb_otc_buy_order	API
m06-01	m06-01_admin_store_purchase_purchase_store_search_list（管理画面_店頭買取管理_買取検索一覧）	a06-16	A06-16（店頭買取情報ダブルチェック者更新）	7	shared_db_table,shared_external,same_domain_cross_layer		dtb_otc_buy_order	API,CSV,PDF,バッチ
m06-01	m06-01_admin_store_purchase_purchase_store_search_list（管理画面_店頭買取管理_買取検索一覧）	f08-02	F08-02（店頭買取査定申込情報入力）	7	shared_db_table,shared_external,same_domain_cross_layer		dtb_otc_buy_order	API,バッチ
m06-01	m06-01_admin_store_purchase_purchase_store_search_list（管理画面_店頭買取管理_買取検索一覧）	f08-03	F08-03（店頭買取査定申込登録確認〜完了）	7	shared_db_table,shared_external,same_domain_cross_layer		dtb_otc_buy_order	API,バッチ,支店
m06-01	m06-01_admin_store_purchase_purchase_store_search_list（管理画面_店頭買取管理_買取検索一覧）	m06-02	m06-02_admin_store_purchase_otc_buy_order_old_goods_account_csv_export（店頭買取管理 — 古物台帳入力用CSV出力）	7	shared_db_table,shared_external,same_domain		dtb_otc_buy_order,dtb_otc_buy_order_detail	API,CSV,PDF,バッチ
m06-01	m06-01_admin_store_purchase_purchase_store_search_list（管理画面_店頭買取管理_買取検索一覧）	m06-04	店頭買取管理 — 買取ステータス変更	7	shared_db_table,shared_external,same_domain		dtb_otc_buy_order,mtb_otc_buy_order_status	API,バッチ
m06-01	m06-01_admin_store_purchase_purchase_store_search_list（管理画面_店頭買取管理_買取検索一覧）	o01-01	o01-01_other_mtg_buyer_mtg_buyer_store_purchase（その他_MTGバイヤー_店頭買取）	7	shared_db_table,shared_external		dtb_otc_buy_order,dtb_otc_buy_order_detail,mtb_otc_buy_order_status	API,CSV,バッチ
m06-02	m06-02_admin_store_purchase_otc_buy_order_old_goods_account_csv_export（店頭買取管理 — 古物台帳入力用CSV出力）	a06-02	API 店頭買取管理 — 店頭買取受注一覧取得	9	shared_db_table,shared_external,same_domain_cross_layer		dtb_otc_buy_order,dtb_qualified_invoice_issuer_account,mtb_country,mtb_identification,mtb_job,mtb_pref	API
m06-02	m06-02_admin_store_purchase_otc_buy_order_old_goods_account_csv_export（店頭買取管理 — 古物台帳入力用CSV出力）	a06-03	API 店頭買取管理 — 店頭買取受注詳細更新	9	shared_db_table,shared_external,same_domain_cross_layer		dtb_otc_buy_order,dtb_otc_buy_order_detail,dtb_otc_buy_order_indivisual_input_product	API
m06-02	m06-02_admin_store_purchase_otc_buy_order_old_goods_account_csv_export（店頭買取管理 — 古物台帳入力用CSV出力）	a06-14	A06-14（店頭買取情報一部キャンセル情報連携）	9	shared_db_table,shared_external,same_domain_cross_layer		dtb_otc_buy_order,dtb_otc_buy_order_detail,dtb_otc_buy_order_indivisual_input_product	API,CSV,PDF,バッチ
m06-02	m06-02_admin_store_purchase_otc_buy_order_old_goods_account_csv_export（店頭買取管理 — 古物台帳入力用CSV出力）	a06-13	API 店頭買取管理 — 本人確認更新	8	shared_db_table,shared_external,same_domain_cross_layer		dtb_otc_buy_order,mtb_identification	API
m06-02	m06-02_admin_store_purchase_otc_buy_order_old_goods_account_csv_export（店頭買取管理 — 古物台帳入力用CSV出力）	f08-02	F08-02（店頭買取査定申込情報入力）	8	shared_db_table,shared_external,same_domain_cross_layer		dtb_otc_buy_order,dtb_qualified_invoice_issuer_account	API,バッチ
m06-02	m06-02_admin_store_purchase_otc_buy_order_old_goods_account_csv_export（店頭買取管理 — 古物台帳入力用CSV出力）	f08-03	F08-03（店頭買取査定申込登録確認〜完了）	8	shared_db_table,shared_external,same_domain_cross_layer		dtb_otc_buy_order,dtb_qualified_invoice_issuer_account	API,バッチ
m06-02	m06-02_admin_store_purchase_otc_buy_order_old_goods_account_csv_export（店頭買取管理 — 古物台帳入力用CSV出力）	a06-04	API 店頭買取管理 — 店頭買取受注コメント更新	7	shared_db_table,shared_external,same_domain_cross_layer		dtb_otc_buy_order	API
m06-02	m06-02_admin_store_purchase_otc_buy_order_old_goods_account_csv_export（店頭買取管理 — 古物台帳入力用CSV出力）	a06-05	API 店頭買取管理 — 店頭買取受注ステータス更新	7	shared_db_table,shared_external,same_domain_cross_layer		dtb_otc_buy_order	API
m06-02	m06-02_admin_store_purchase_otc_buy_order_old_goods_account_csv_export（店頭買取管理 — 古物台帳入力用CSV出力）	a06-16	A06-16（店頭買取情報ダブルチェック者更新）	7	shared_db_table,shared_external,same_domain_cross_layer		dtb_otc_buy_order	API,CSV,PDF,バッチ
m06-02	m06-02_admin_store_purchase_otc_buy_order_old_goods_account_csv_export（店頭買取管理 — 古物台帳入力用CSV出力）	b06-02	バッチ 買取管理 — 買取集計バッチ	7	shared_db_table,shared_external		dtb_otc_buy_order,dtb_otc_buy_order_detail,dtb_otc_buy_order_indivisual_input_product	API,バッチ
m06-02	m06-02_admin_store_purchase_otc_buy_order_old_goods_account_csv_export（店頭買取管理 — 古物台帳入力用CSV出力）	m06-01	m06-01_admin_store_purchase_purchase_store_search_list（管理画面_店頭買取管理_買取検索一覧）	7	shared_db_table,shared_external,same_domain		dtb_otc_buy_order,dtb_otc_buy_order_detail	API,CSV,PDF,バッチ
m06-02	m06-02_admin_store_purchase_otc_buy_order_old_goods_account_csv_export（店頭買取管理 — 古物台帳入力用CSV出力）	m06-03	店頭買取管理 — 買取詳細（買取情報の確認と保存）	7	shared_db_table,shared_external,same_domain		dtb_otc_buy_order,dtb_otc_buy_order_indivisual_input_product	API,バッチ
m06-03	店頭買取管理 — 買取詳細（買取情報の確認と保存）	a06-14	A06-14（店頭買取情報一部キャンセル情報連携）	11	shared_update_table,shared_external,same_domain_cross_layer	dtb_otc_buy_order_indivisual_input_product,dtb_otc_buy_order_stock,dtb_otc_buy_order_stock_history	dtb_otc_buy_order,dtb_otc_buy_order_indivisual_input_product,dtb_otc_buy_order_stock,dtb_otc_buy_order_stock_history	API,バッチ
m06-03	店頭買取管理 — 買取詳細（買取情報の確認と保存）	m06-05	店頭買取管理 — 買取商品履歴（検索／一覧）	10	shared_update_table,shared_external,same_domain	dtb_otc_buy_order,dtb_otc_buy_order_stock,dtb_otc_buy_order_stock_history	dtb_otc_buy_order,dtb_otc_buy_order_stock,dtb_otc_buy_order_stock_history	API,バッチ
m06-03	店頭買取管理 — 買取詳細（買取情報の確認と保存）	a06-03	API 店頭買取管理 — 店頭買取受注詳細更新	9	shared_db_table,shared_external,same_domain_cross_layer		dtb_otc_buy_order,dtb_otc_buy_order_indivisual_input_product,dtb_otc_buy_order_stock,dtb_otc_buy_order_stock_history	API
m06-03	店頭買取管理 — 買取詳細（買取情報の確認と保存）	a06-04	API 店頭買取管理 — 店頭買取受注コメント更新	9	shared_update_table,shared_external,same_domain_cross_layer	dtb_otc_buy_order	dtb_otc_buy_order	API
m06-03	店頭買取管理 — 買取詳細（買取情報の確認と保存）	a06-05	API 店頭買取管理 — 店頭買取受注ステータス更新	9	shared_update_table,shared_external,same_domain_cross_layer	dtb_otc_buy_order	dtb_otc_buy_order	API
m06-03	店頭買取管理 — 買取詳細（買取情報の確認と保存）	a06-13	API 店頭買取管理 — 本人確認更新	9	shared_update_table,shared_external,same_domain_cross_layer	dtb_otc_buy_order	dtb_otc_buy_order	API
m06-03	店頭買取管理 — 買取詳細（買取情報の確認と保存）	a06-16	A06-16（店頭買取情報ダブルチェック者更新）	9	shared_update_table,shared_external,same_domain_cross_layer	dtb_otc_buy_order	dtb_otc_buy_order	API,バッチ
m06-03	店頭買取管理 — 買取詳細（買取情報の確認と保存）	f08-02	F08-02（店頭買取査定申込情報入力）	9	shared_update_table,shared_external,same_domain_cross_layer	dtb_otc_buy_order	dtb_otc_buy_order	API,バッチ
m06-03	店頭買取管理 — 買取詳細（買取情報の確認と保存）	f08-03	F08-03（店頭買取査定申込登録確認〜完了）	9	shared_update_table,shared_external,same_domain_cross_layer	dtb_otc_buy_order	dtb_otc_buy_order	API,バッチ
m06-03	店頭買取管理 — 買取詳細（買取情報の確認と保存）	o01-01	o01-01_other_mtg_buyer_mtg_buyer_store_purchase（その他_MTGバイヤー_店頭買取）	9	shared_update_table,shared_external	dtb_otc_buy_order,dtb_otc_buy_order_indivisual_input_product,dtb_otc_buy_order_stock,dtb_otc_buy_order_stock_history	dtb_otc_buy_order,dtb_otc_buy_order_indivisual_input_product,dtb_otc_buy_order_stock,dtb_otc_buy_order_stock_history	API,バッチ
m06-03	店頭買取管理 — 買取詳細（買取情報の確認と保存）	b06-01	B06-01（買取自動入庫バッチ）	8	shared_update_table,shared_external	dtb_otc_buy_order_stock,dtb_otc_buy_order_stock_history	dtb_otc_buy_order_stock,dtb_otc_buy_order_stock_history	API,バッチ
m06-03	店頭買取管理 — 買取詳細（買取情報の確認と保存）	m06-04	店頭買取管理 — 買取ステータス変更	8	shared_update_table,shared_external,same_domain	dtb_otc_buy_order	dtb_otc_buy_order	API,バッチ
m06-04	店頭買取管理 — 買取ステータス変更	a06-05	API 店頭買取管理 — 店頭買取受注ステータス更新	11	shared_update_table,shared_external,same_domain_cross_layer	dtb_otc_buy_order,dtb_otc_buy_order_status_history,mtb_otc_buy_order_status	dtb_otc_buy_order,dtb_otc_buy_order_status_history,mtb_otc_buy_order_status	API
m06-04	店頭買取管理 — 買取ステータス変更	f08-03	F08-03（店頭買取査定申込登録確認〜完了）	10	shared_update_table,shared_external,same_domain_cross_layer	dtb_otc_buy_order,dtb_otc_buy_order_status_history	dtb_otc_buy_order,dtb_otc_buy_order_status_history	API,バッチ
m06-04	店頭買取管理 — 買取ステータス変更	a06-03	API 店頭買取管理 — 店頭買取受注詳細更新	9	shared_db_table,shared_external,same_domain_cross_layer		dtb_otc_buy_order,dtb_otc_buy_order_status_history,mtb_otc_buy_order_status	API
m06-04	店頭買取管理 — 買取ステータス変更	a06-04	API 店頭買取管理 — 店頭買取受注コメント更新	9	shared_update_table,shared_external,same_domain_cross_layer	dtb_otc_buy_order	dtb_otc_buy_order	API
m06-04	店頭買取管理 — 買取ステータス変更	a06-13	API 店頭買取管理 — 本人確認更新	9	shared_update_table,shared_external,same_domain_cross_layer	dtb_otc_buy_order	dtb_otc_buy_order	API
m06-04	店頭買取管理 — 買取ステータス変更	a06-16	A06-16（店頭買取情報ダブルチェック者更新）	9	shared_update_table,shared_external,same_domain_cross_layer	dtb_otc_buy_order	dtb_otc_buy_order	API,バッチ
m06-04	店頭買取管理 — 買取ステータス変更	f08-02	F08-02（店頭買取査定申込情報入力）	9	shared_update_table,shared_external,same_domain_cross_layer	dtb_otc_buy_order	dtb_otc_buy_order	API,バッチ
m06-04	店頭買取管理 — 買取ステータス変更	a06-02	API 店頭買取管理 — 店頭買取受注一覧取得	8	shared_db_table,shared_external,same_domain_cross_layer		dtb_otc_buy_order,mtb_otc_buy_order_status	API
m06-04	店頭買取管理 — 買取ステータス変更	m06-03	店頭買取管理 — 買取詳細（買取情報の確認と保存）	8	shared_update_table,shared_external,same_domain	dtb_otc_buy_order	dtb_otc_buy_order	API,バッチ
m06-04	店頭買取管理 — 買取ステータス変更	m06-05	店頭買取管理 — 買取商品履歴（検索／一覧）	8	shared_update_table,shared_external,same_domain	dtb_otc_buy_order	dtb_otc_buy_order	API,バッチ
m06-04	店頭買取管理 — 買取ステータス変更	m06-13	M06-13（買取商品（キャンセル）CSV）	8	shared_update_table,shared_external,same_domain	dtb_otc_buy_order	dtb_otc_buy_order	API,バッチ
m06-04	店頭買取管理 — 買取ステータス変更	o01-01	o01-01_other_mtg_buyer_mtg_buyer_store_purchase（その他_MTGバイヤー_店頭買取）	8	shared_update_table,shared_external	dtb_otc_buy_order,dtb_otc_buy_order_status_history	dtb_otc_buy_order,dtb_otc_buy_order_status_history,mtb_otc_buy_order_status	API,バッチ
m06-05	店頭買取管理 — 買取商品履歴（検索／一覧）	a06-14	A06-14（店頭買取情報一部キャンセル情報連携）	10	shared_update_table,shared_external,same_domain_cross_layer	dtb_otc_buy_order_stock,dtb_otc_buy_order_stock_history	dtb_otc_buy_order,dtb_otc_buy_order_stock,dtb_otc_buy_order_stock_history	API,CSV,バッチ
m06-05	店頭買取管理 — 買取商品履歴（検索／一覧）	m06-03	店頭買取管理 — 買取詳細（買取情報の確認と保存）	10	shared_update_table,shared_external,same_domain	dtb_otc_buy_order,dtb_otc_buy_order_stock,dtb_otc_buy_order_stock_history	dtb_otc_buy_order,dtb_otc_buy_order_stock,dtb_otc_buy_order_stock_history	API,バッチ
m06-05	店頭買取管理 — 買取商品履歴（検索／一覧）	a06-03	API 店頭買取管理 — 店頭買取受注詳細更新	9	shared_db_table,shared_external,same_domain_cross_layer		dtb_base_info,dtb_otc_buy_order,dtb_otc_buy_order_stock,dtb_otc_buy_order_stock_history	API
m06-05	店頭買取管理 — 買取商品履歴（検索／一覧）	a06-04	API 店頭買取管理 — 店頭買取受注コメント更新	9	shared_update_table,shared_external,same_domain_cross_layer	dtb_otc_buy_order	dtb_otc_buy_order	API
m06-05	店頭買取管理 — 買取商品履歴（検索／一覧）	a06-05	API 店頭買取管理 — 店頭買取受注ステータス更新	9	shared_update_table,shared_external,same_domain_cross_layer	dtb_otc_buy_order	dtb_otc_buy_order	API
m06-05	店頭買取管理 — 買取商品履歴（検索／一覧）	a06-13	API 店頭買取管理 — 本人確認更新	9	shared_update_table,shared_external,same_domain_cross_layer	dtb_otc_buy_order	dtb_otc_buy_order	API
m06-05	店頭買取管理 — 買取商品履歴（検索／一覧）	a06-16	A06-16（店頭買取情報ダブルチェック者更新）	9	shared_update_table,shared_external,same_domain_cross_layer	dtb_otc_buy_order	dtb_otc_buy_order	API,CSV,バッチ
m06-05	店頭買取管理 — 買取商品履歴（検索／一覧）	b06-01	B06-01（買取自動入庫バッチ）	9	shared_update_table,shared_external	dtb_otc_buy_order_stock,dtb_otc_buy_order_stock_history,dtb_product_class	dtb_otc_buy_order_stock,dtb_otc_buy_order_stock_history,dtb_product_class	API,CSV,バッチ
m06-05	店頭買取管理 — 買取商品履歴（検索／一覧）	f08-02	F08-02（店頭買取査定申込情報入力）	9	shared_update_table,shared_external,same_domain_cross_layer	dtb_otc_buy_order	dtb_base_info,dtb_otc_buy_order	API,バッチ
m06-05	店頭買取管理 — 買取商品履歴（検索／一覧）	f08-03	F08-03（店頭買取査定申込登録確認〜完了）	9	shared_update_table,shared_external,same_domain_cross_layer	dtb_otc_buy_order	dtb_base_info,dtb_otc_buy_order	API,バッチ
m06-05	店頭買取管理 — 買取商品履歴（検索／一覧）	o01-01	o01-01_other_mtg_buyer_mtg_buyer_store_purchase（その他_MTGバイヤー_店頭買取）	9	shared_update_table,shared_external	dtb_otc_buy_order,dtb_otc_buy_order_stock,dtb_otc_buy_order_stock_history	dtb_otc_buy_order,dtb_otc_buy_order_stock,dtb_otc_buy_order_stock_history	API,CSV,バッチ
m06-05	店頭買取管理 — 買取商品履歴（検索／一覧）	a02-05	API 商品管理 — 更新商品規格取得	8	shared_update_table,shared_external	dtb_product,dtb_product_class	dtb_product,dtb_product_class	API
m06-06	m06-06_admin_store_purchase_purchase_store_history_csv_export_all（管理画面_店頭買取管理_買取商品履歴_検索結果全件CSV出力）	a06-03	API 店頭買取管理 — 店頭買取受注詳細更新	9	shared_db_table,shared_external,same_domain_cross_layer		dtb_otc_buy_order,dtb_otc_buy_order_stock,dtb_otc_buy_order_stock_history	API
m06-06	m06-06_admin_store_purchase_purchase_store_history_csv_export_all（管理画面_店頭買取管理_買取商品履歴_検索結果全件CSV出力）	a06-14	A06-14（店頭買取情報一部キャンセル情報連携）	9	shared_db_table,shared_external,same_domain_cross_layer		dtb_otc_buy_order,dtb_otc_buy_order_stock,dtb_otc_buy_order_stock_history	API,CSV,バッチ
m06-06	m06-06_admin_store_purchase_purchase_store_history_csv_export_all（管理画面_店頭買取管理_買取商品履歴_検索結果全件CSV出力）	m06-03	店頭買取管理 — 買取詳細（買取情報の確認と保存）	8	shared_db_table,shared_external,same_domain		dtb_otc_buy_order,dtb_otc_buy_order_stock,dtb_otc_buy_order_stock_history	API,バッチ
m06-06	m06-06_admin_store_purchase_purchase_store_history_csv_export_all（管理画面_店頭買取管理_買取商品履歴_検索結果全件CSV出力）	m06-05	店頭買取管理 — 買取商品履歴（検索／一覧）	8	shared_db_table,shared_external,same_domain		dtb_otc_buy_order,dtb_otc_buy_order_stock,dtb_otc_buy_order_stock_history	API,CSV,バッチ
m06-06	m06-06_admin_store_purchase_purchase_store_history_csv_export_all（管理画面_店頭買取管理_買取商品履歴_検索結果全件CSV出力）	m06-07	m06-07_admin_store_purchase_purchase_store_history_select_csv_export（管理画面_店頭買取管理_買取商品履歴_選択CSV出力）	8	shared_db_table,shared_external,same_domain		dtb_otc_buy_order,dtb_otc_buy_order_stock,dtb_otc_buy_order_stock_history	API,CSV,バッチ
m06-06	m06-06_admin_store_purchase_purchase_store_history_csv_export_all（管理画面_店頭買取管理_買取商品履歴_検索結果全件CSV出力）	m06-10	M06-10（戻しリストCSV出力）	8	shared_db_table,shared_external,same_domain		dtb_otc_buy_order,dtb_otc_buy_order_stock,dtb_otc_buy_order_stock_history	API,CSV,バッチ
m06-06	m06-06_admin_store_purchase_purchase_store_history_csv_export_all（管理画面_店頭買取管理_買取商品履歴_検索結果全件CSV出力）	m06-12	M06-12（買取商品一覧CSV）	8	shared_db_table,shared_external,same_domain		dtb_otc_buy_order,dtb_otc_buy_order_stock,dtb_otc_buy_order_stock_history	API,CSV,バッチ
m06-06	m06-06_admin_store_purchase_purchase_store_history_csv_export_all（管理画面_店頭買取管理_買取商品履歴_検索結果全件CSV出力）	a06-02	API 店頭買取管理 — 店頭買取受注一覧取得	7	shared_db_table,shared_external,same_domain_cross_layer		dtb_otc_buy_order	API
m06-06	m06-06_admin_store_purchase_purchase_store_history_csv_export_all（管理画面_店頭買取管理_買取商品履歴_検索結果全件CSV出力）	a06-04	API 店頭買取管理 — 店頭買取受注コメント更新	7	shared_db_table,shared_external,same_domain_cross_layer		dtb_otc_buy_order	API
m06-06	m06-06_admin_store_purchase_purchase_store_history_csv_export_all（管理画面_店頭買取管理_買取商品履歴_検索結果全件CSV出力）	a06-05	API 店頭買取管理 — 店頭買取受注ステータス更新	7	shared_db_table,shared_external,same_domain_cross_layer		dtb_otc_buy_order	API
m06-06	m06-06_admin_store_purchase_purchase_store_history_csv_export_all（管理画面_店頭買取管理_買取商品履歴_検索結果全件CSV出力）	a06-13	API 店頭買取管理 — 本人確認更新	7	shared_db_table,shared_external,same_domain_cross_layer		dtb_otc_buy_order	API
m06-06	m06-06_admin_store_purchase_purchase_store_history_csv_export_all（管理画面_店頭買取管理_買取商品履歴_検索結果全件CSV出力）	a06-16	A06-16（店頭買取情報ダブルチェック者更新）	7	shared_db_table,shared_external,same_domain_cross_layer		dtb_otc_buy_order	API,CSV,バッチ
m06-07	m06-07_admin_store_purchase_purchase_store_history_select_csv_export（管理画面_店頭買取管理_買取商品履歴_選択CSV出力）	a06-03	API 店頭買取管理 — 店頭買取受注詳細更新	9	shared_db_table,shared_external,same_domain_cross_layer		dtb_base_info,dtb_otc_buy_order,dtb_otc_buy_order_stock,dtb_otc_buy_order_stock_history	API
m06-07	m06-07_admin_store_purchase_purchase_store_history_select_csv_export（管理画面_店頭買取管理_買取商品履歴_選択CSV出力）	a06-14	A06-14（店頭買取情報一部キャンセル情報連携）	9	shared_update_table,shared_external,same_domain_cross_layer	dtb_otc_buy_order_stock_history	dtb_otc_buy_order,dtb_otc_buy_order_stock,dtb_otc_buy_order_stock_history	API,CSV,バッチ
m06-07	m06-07_admin_store_purchase_purchase_store_history_select_csv_export（管理画面_店頭買取管理_買取商品履歴_選択CSV出力）	f08-02	F08-02（店頭買取査定申込情報入力）	8	shared_db_table,shared_external,same_domain_cross_layer		dtb_base_info,dtb_otc_buy_order	API,バッチ
m06-07	m06-07_admin_store_purchase_purchase_store_history_select_csv_export（管理画面_店頭買取管理_買取商品履歴_選択CSV出力）	f08-03	F08-03（店頭買取査定申込登録確認〜完了）	8	shared_db_table,shared_external,same_domain_cross_layer		dtb_base_info,dtb_otc_buy_order	API,バッチ
m06-07	m06-07_admin_store_purchase_purchase_store_history_select_csv_export（管理画面_店頭買取管理_買取商品履歴_選択CSV出力）	m06-03	店頭買取管理 — 買取詳細（買取情報の確認と保存）	8	shared_update_table,shared_external,same_domain	dtb_otc_buy_order_stock_history	dtb_otc_buy_order,dtb_otc_buy_order_stock,dtb_otc_buy_order_stock_history	API,バッチ
m06-07	m06-07_admin_store_purchase_purchase_store_history_select_csv_export（管理画面_店頭買取管理_買取商品履歴_選択CSV出力）	m06-05	店頭買取管理 — 買取商品履歴（検索／一覧）	8	shared_update_table,shared_external,same_domain	dtb_otc_buy_order_stock_history	dtb_base_info,dtb_otc_buy_order,dtb_otc_buy_order_stock,dtb_otc_buy_order_stock_history	API,CSV,バッチ
m06-07	m06-07_admin_store_purchase_purchase_store_history_select_csv_export（管理画面_店頭買取管理_買取商品履歴_選択CSV出力）	m06-06	m06-06_admin_store_purchase_purchase_store_history_csv_export_all（管理画面_店頭買取管理_買取商品履歴_検索結果全件CSV出力）	8	shared_db_table,shared_external,same_domain		dtb_otc_buy_order,dtb_otc_buy_order_stock,dtb_otc_buy_order_stock_history	API,CSV,バッチ
m06-07	m06-07_admin_store_purchase_purchase_store_history_select_csv_export（管理画面_店頭買取管理_買取商品履歴_選択CSV出力）	m06-10	M06-10（戻しリストCSV出力）	8	shared_db_table,shared_external,same_domain		dtb_otc_buy_order,dtb_otc_buy_order_stock,dtb_otc_buy_order_stock_history	API,CSV,バッチ
m06-07	m06-07_admin_store_purchase_purchase_store_history_select_csv_export（管理画面_店頭買取管理_買取商品履歴_選択CSV出力）	m06-12	M06-12（買取商品一覧CSV）	8	shared_db_table,shared_external,same_domain		dtb_otc_buy_order,dtb_otc_buy_order_stock,dtb_otc_buy_order_stock_history	API,CSV,バッチ
m06-07	m06-07_admin_store_purchase_purchase_store_history_select_csv_export（管理画面_店頭買取管理_買取商品履歴_選択CSV出力）	a06-01	API 店頭買取管理 — 買取アプリ用ログイン	7	shared_db_table,shared_external,same_domain_cross_layer		dtb_base_info	API
m06-07	m06-07_admin_store_purchase_purchase_store_history_select_csv_export（管理画面_店頭買取管理_買取商品履歴_選択CSV出力）	a06-02	API 店頭買取管理 — 店頭買取受注一覧取得	7	shared_db_table,shared_external,same_domain_cross_layer		dtb_otc_buy_order	API
m06-07	m06-07_admin_store_purchase_purchase_store_history_select_csv_export（管理画面_店頭買取管理_買取商品履歴_選択CSV出力）	a06-04	API 店頭買取管理 — 店頭買取受注コメント更新	7	shared_db_table,shared_external,same_domain_cross_layer		dtb_otc_buy_order	API
m06-08	店頭買取管理 — 買取集計データ（検索・一覧表示）	a06-03	API 店頭買取管理 — 店頭買取受注詳細更新	8	shared_db_table,shared_external,same_domain_cross_layer		dtb_base_info,mtb_section	API
m06-08	店頭買取管理 — 買取集計データ（検索・一覧表示）	m06-09	m06-09_admin_store_purchase_otc_buy_order_summary_csv_export（管理画面_店頭買取管理_買取集計データCSV出力）	8	shared_db_table,shared_external,same_domain		dtb_base_info,dtb_otc_buy_order_summary,mtb_section	API,CSV,バッチ
m06-08	店頭買取管理 — 買取集計データ（検索・一覧表示）	a06-01	API 店頭買取管理 — 買取アプリ用ログイン	7	shared_db_table,shared_external,same_domain_cross_layer		dtb_base_info	API
m06-08	店頭買取管理 — 買取集計データ（検索・一覧表示）	a06-11	API 店頭買取管理 — 部門一覧を取得	7	shared_db_table,shared_external,same_domain_cross_layer		mtb_section	API
m06-08	店頭買取管理 — 買取集計データ（検索・一覧表示）	b06-02	バッチ 買取管理 — 買取集計バッチ	7	shared_update_table,shared_external	dtb_otc_buy_order_summary	dtb_base_info,dtb_otc_buy_order_summary	API,バッチ
m06-08	店頭買取管理 — 買取集計データ（検索・一覧表示）	f08-01	店頭買取 — 査定申込前ログイン	7	shared_db_table,shared_external,same_domain_cross_layer		dtb_base_info	API,バッチ
m06-08	店頭買取管理 — 買取集計データ（検索・一覧表示）	f08-02	F08-02（店頭買取査定申込情報入力）	7	shared_db_table,shared_external,same_domain_cross_layer		dtb_base_info	API,バッチ
m06-08	店頭買取管理 — 買取集計データ（検索・一覧表示）	f08-03	F08-03（店頭買取査定申込登録確認〜完了）	7	shared_db_table,shared_external,same_domain_cross_layer		dtb_base_info	API,バッチ
m06-08	店頭買取管理 — 買取集計データ（検索・一覧表示）	m06-05	店頭買取管理 — 買取商品履歴（検索／一覧）	6	shared_db_table,shared_external,same_domain		dtb_base_info	API,CSV,バッチ
m06-08	店頭買取管理 — 買取集計データ（検索・一覧表示）	m06-07	m06-07_admin_store_purchase_purchase_store_history_select_csv_export（管理画面_店頭買取管理_買取商品履歴_選択CSV出力）	6	shared_db_table,shared_external,same_domain		dtb_base_info	API,CSV,バッチ
m06-08	店頭買取管理 — 買取集計データ（検索・一覧表示）	b02-04	バッチ 商品管理 — 商品部門未設定チェック	5	shared_db_table,shared_external		mtb_section	API,バッチ
m06-08	店頭買取管理 — 買取集計データ（検索・一覧表示）	f01-02	F01-02（支店トップページ表示）	5	shared_db_table,shared_external		dtb_base_info	API,バッチ
m06-09	m06-09_admin_store_purchase_otc_buy_order_summary_csv_export（管理画面_店頭買取管理_買取集計データCSV出力）	a06-03	API 店頭買取管理 — 店頭買取受注詳細更新	8	shared_db_table,shared_external,same_domain_cross_layer		dtb_base_info,mtb_section	API
m06-09	m06-09_admin_store_purchase_otc_buy_order_summary_csv_export（管理画面_店頭買取管理_買取集計データCSV出力）	m06-08	店頭買取管理 — 買取集計データ（検索・一覧表示）	8	shared_db_table,shared_external,same_domain		dtb_base_info,dtb_otc_buy_order_summary,mtb_section	API,CSV,バッチ
m06-09	m06-09_admin_store_purchase_otc_buy_order_summary_csv_export（管理画面_店頭買取管理_買取集計データCSV出力）	a06-01	API 店頭買取管理 — 買取アプリ用ログイン	7	shared_db_table,shared_external,same_domain_cross_layer		dtb_base_info	API
m06-09	m06-09_admin_store_purchase_otc_buy_order_summary_csv_export（管理画面_店頭買取管理_買取集計データCSV出力）	a06-11	API 店頭買取管理 — 部門一覧を取得	7	shared_db_table,shared_external,same_domain_cross_layer		mtb_section	API
m06-09	m06-09_admin_store_purchase_otc_buy_order_summary_csv_export（管理画面_店頭買取管理_買取集計データCSV出力）	f08-01	店頭買取 — 査定申込前ログイン	7	shared_db_table,shared_external,same_domain_cross_layer		dtb_base_info	API,バッチ
m06-09	m06-09_admin_store_purchase_otc_buy_order_summary_csv_export（管理画面_店頭買取管理_買取集計データCSV出力）	f08-02	F08-02（店頭買取査定申込情報入力）	7	shared_db_table,shared_external,same_domain_cross_layer		dtb_base_info	API,バッチ
m06-09	m06-09_admin_store_purchase_otc_buy_order_summary_csv_export（管理画面_店頭買取管理_買取集計データCSV出力）	f08-03	F08-03（店頭買取査定申込登録確認〜完了）	7	shared_db_table,shared_external,same_domain_cross_layer		dtb_base_info	API,バッチ
m06-09	m06-09_admin_store_purchase_otc_buy_order_summary_csv_export（管理画面_店頭買取管理_買取集計データCSV出力）	b06-02	バッチ 買取管理 — 買取集計バッチ	6	shared_db_table,shared_external		dtb_base_info,dtb_otc_buy_order_summary	API,バッチ
m06-09	m06-09_admin_store_purchase_otc_buy_order_summary_csv_export（管理画面_店頭買取管理_買取集計データCSV出力）	m06-05	店頭買取管理 — 買取商品履歴（検索／一覧）	6	shared_db_table,shared_external,same_domain		dtb_base_info	API,CSV,バッチ
m06-09	m06-09_admin_store_purchase_otc_buy_order_summary_csv_export（管理画面_店頭買取管理_買取集計データCSV出力）	m06-07	m06-07_admin_store_purchase_purchase_store_history_select_csv_export（管理画面_店頭買取管理_買取商品履歴_選択CSV出力）	6	shared_db_table,shared_external,same_domain		dtb_base_info	API,CSV,バッチ
m06-09	m06-09_admin_store_purchase_otc_buy_order_summary_csv_export（管理画面_店頭買取管理_買取集計データCSV出力）	b02-04	バッチ 商品管理 — 商品部門未設定チェック	5	shared_db_table,shared_external		mtb_section	API,バッチ
m06-09	m06-09_admin_store_purchase_otc_buy_order_summary_csv_export（管理画面_店頭買取管理_買取集計データCSV出力）	f01-02	F01-02（支店トップページ表示）	5	shared_db_table,shared_external		dtb_base_info	API,バッチ
m06-10	M06-10（戻しリストCSV出力）	a06-03	API 店頭買取管理 — 店頭買取受注詳細更新	9	shared_db_table,shared_external,same_domain_cross_layer		dtb_otc_buy_order,dtb_otc_buy_order_stock,dtb_otc_buy_order_stock_history	API
m06-10	M06-10（戻しリストCSV出力）	a06-14	A06-14（店頭買取情報一部キャンセル情報連携）	9	shared_db_table,shared_external,same_domain_cross_layer		dtb_otc_buy_order,dtb_otc_buy_order_stock,dtb_otc_buy_order_stock_history	API,CSV,PDF,スマレジ,バッチ,メール
m06-10	M06-10（戻しリストCSV出力）	m06-03	店頭買取管理 — 買取詳細（買取情報の確認と保存）	8	shared_db_table,shared_external,same_domain		dtb_otc_buy_order,dtb_otc_buy_order_stock,dtb_otc_buy_order_stock_history	API,バッチ
m06-10	M06-10（戻しリストCSV出力）	m06-05	店頭買取管理 — 買取商品履歴（検索／一覧）	8	shared_db_table,shared_external,same_domain		dtb_otc_buy_order,dtb_otc_buy_order_stock,dtb_otc_buy_order_stock_history	API,CSV,バッチ
m06-10	M06-10（戻しリストCSV出力）	m06-06	m06-06_admin_store_purchase_purchase_store_history_csv_export_all（管理画面_店頭買取管理_買取商品履歴_検索結果全件CSV出力）	8	shared_db_table,shared_external,same_domain		dtb_otc_buy_order,dtb_otc_buy_order_stock,dtb_otc_buy_order_stock_history	API,CSV,バッチ
m06-10	M06-10（戻しリストCSV出力）	m06-07	m06-07_admin_store_purchase_purchase_store_history_select_csv_export（管理画面_店頭買取管理_買取商品履歴_選択CSV出力）	8	shared_db_table,shared_external,same_domain		dtb_otc_buy_order,dtb_otc_buy_order_stock,dtb_otc_buy_order_stock_history	API,CSV,バッチ
m06-10	M06-10（戻しリストCSV出力）	m06-11	M06-11（戻しリストPDF出力）	8	shared_db_table,shared_external,same_domain		dtb_buy_order,dtb_otc_buy_order,dtb_otc_buy_order_stock	API,CSV,PDF,スマレジ,バッチ,メール
m06-10	M06-10（戻しリストCSV出力）	m06-12	M06-12（買取商品一覧CSV）	8	shared_db_table,shared_external,same_domain		dtb_buy_order,dtb_otc_buy_order,dtb_otc_buy_order_stock,dtb_otc_buy_order_stock_history	API,CSV,PDF,スマレジ,バッチ,メール
m06-10	M06-10（戻しリストCSV出力）	a06-02	API 店頭買取管理 — 店頭買取受注一覧取得	7	shared_db_table,shared_external,same_domain_cross_layer		dtb_otc_buy_order	API
m06-10	M06-10（戻しリストCSV出力）	a06-04	API 店頭買取管理 — 店頭買取受注コメント更新	7	shared_db_table,shared_external,same_domain_cross_layer		dtb_otc_buy_order	API
m06-10	M06-10（戻しリストCSV出力）	a06-05	API 店頭買取管理 — 店頭買取受注ステータス更新	7	shared_db_table,shared_external,same_domain_cross_layer		dtb_otc_buy_order	API
m06-10	M06-10（戻しリストCSV出力）	a06-13	API 店頭買取管理 — 本人確認更新	7	shared_db_table,shared_external,same_domain_cross_layer		dtb_otc_buy_order	API
m06-11	M06-11（戻しリストPDF出力）	a06-03	API 店頭買取管理 — 店頭買取受注詳細更新	8	shared_db_table,shared_external,same_domain_cross_layer		dtb_otc_buy_order,dtb_otc_buy_order_stock	API,支店
m06-11	M06-11（戻しリストPDF出力）	a06-14	A06-14（店頭買取情報一部キャンセル情報連携）	8	shared_db_table,shared_external,same_domain_cross_layer		dtb_otc_buy_order,dtb_otc_buy_order_stock	API,CSV,PDF,スマレジ,バッチ,メール
m06-11	M06-11（戻しリストPDF出力）	m06-10	M06-10（戻しリストCSV出力）	8	shared_db_table,shared_external,same_domain		dtb_buy_order,dtb_otc_buy_order,dtb_otc_buy_order_stock	API,CSV,PDF,スマレジ,バッチ,メール
m06-11	M06-11（戻しリストPDF出力）	m06-12	M06-12（買取商品一覧CSV）	8	shared_db_table,shared_external,same_domain		dtb_buy_order,dtb_otc_buy_order,dtb_otc_buy_order_stock	API,CSV,PDF,スマレジ,バッチ,メール
m06-11	M06-11（戻しリストPDF出力）	a06-02	API 店頭買取管理 — 店頭買取受注一覧取得	7	shared_db_table,shared_external,same_domain_cross_layer		dtb_otc_buy_order	API,支店
m06-11	M06-11（戻しリストPDF出力）	a06-04	API 店頭買取管理 — 店頭買取受注コメント更新	7	shared_db_table,shared_external,same_domain_cross_layer		dtb_otc_buy_order	API
m06-11	M06-11（戻しリストPDF出力）	a06-05	API 店頭買取管理 — 店頭買取受注ステータス更新	7	shared_db_table,shared_external,same_domain_cross_layer		dtb_otc_buy_order	API
m06-11	M06-11（戻しリストPDF出力）	a06-13	API 店頭買取管理 — 本人確認更新	7	shared_db_table,shared_external,same_domain_cross_layer		dtb_otc_buy_order	API
m06-11	M06-11（戻しリストPDF出力）	a06-16	A06-16（店頭買取情報ダブルチェック者更新）	7	shared_db_table,shared_external,same_domain_cross_layer		dtb_otc_buy_order	API,CSV,PDF,スマレジ,バッチ,メール
m06-11	M06-11（戻しリストPDF出力）	f08-02	F08-02（店頭買取査定申込情報入力）	7	shared_db_table,shared_external,same_domain_cross_layer		dtb_otc_buy_order	API,バッチ,メール
m06-11	M06-11（戻しリストPDF出力）	f08-03	F08-03（店頭買取査定申込登録確認〜完了）	7	shared_db_table,shared_external,same_domain_cross_layer		dtb_otc_buy_order	API,バッチ,メール,支店
m06-11	M06-11（戻しリストPDF出力）	m06-03	店頭買取管理 — 買取詳細（買取情報の確認と保存）	7	shared_db_table,shared_external,same_domain		dtb_otc_buy_order,dtb_otc_buy_order_stock	API,バッチ
m06-12	M06-12（買取商品一覧CSV）	a06-03	API 店頭買取管理 — 店頭買取受注詳細更新	9	shared_db_table,shared_external,same_domain_cross_layer		dtb_otc_buy_order,dtb_otc_buy_order_stock,dtb_otc_buy_order_stock_history	API
m06-12	M06-12（買取商品一覧CSV）	a06-14	A06-14（店頭買取情報一部キャンセル情報連携）	9	shared_db_table,shared_external,same_domain_cross_layer		dtb_otc_buy_order,dtb_otc_buy_order_stock,dtb_otc_buy_order_stock_history	API,CSV,PDF,スマレジ,バッチ,メール
m06-12	M06-12（買取商品一覧CSV）	m06-03	店頭買取管理 — 買取詳細（買取情報の確認と保存）	8	shared_db_table,shared_external,same_domain		dtb_otc_buy_order,dtb_otc_buy_order_stock,dtb_otc_buy_order_stock_history	API,バッチ
m06-12	M06-12（買取商品一覧CSV）	m06-05	店頭買取管理 — 買取商品履歴（検索／一覧）	8	shared_db_table,shared_external,same_domain		dtb_otc_buy_order,dtb_otc_buy_order_stock,dtb_otc_buy_order_stock_history	API,CSV,バッチ
m06-12	M06-12（買取商品一覧CSV）	m06-06	m06-06_admin_store_purchase_purchase_store_history_csv_export_all（管理画面_店頭買取管理_買取商品履歴_検索結果全件CSV出力）	8	shared_db_table,shared_external,same_domain		dtb_otc_buy_order,dtb_otc_buy_order_stock,dtb_otc_buy_order_stock_history	API,CSV,バッチ
m06-12	M06-12（買取商品一覧CSV）	m06-07	m06-07_admin_store_purchase_purchase_store_history_select_csv_export（管理画面_店頭買取管理_買取商品履歴_選択CSV出力）	8	shared_db_table,shared_external,same_domain		dtb_otc_buy_order,dtb_otc_buy_order_stock,dtb_otc_buy_order_stock_history	API,CSV,バッチ
m06-12	M06-12（買取商品一覧CSV）	m06-10	M06-10（戻しリストCSV出力）	8	shared_db_table,shared_external,same_domain		dtb_buy_order,dtb_otc_buy_order,dtb_otc_buy_order_stock,dtb_otc_buy_order_stock_history	API,CSV,PDF,スマレジ,バッチ,メール
m06-12	M06-12（買取商品一覧CSV）	m06-11	M06-11（戻しリストPDF出力）	8	shared_db_table,shared_external,same_domain		dtb_buy_order,dtb_otc_buy_order,dtb_otc_buy_order_stock	API,CSV,PDF,スマレジ,バッチ,メール
m06-12	M06-12（買取商品一覧CSV）	a06-02	API 店頭買取管理 — 店頭買取受注一覧取得	7	shared_db_table,shared_external,same_domain_cross_layer		dtb_otc_buy_order	API
m06-12	M06-12（買取商品一覧CSV）	a06-04	API 店頭買取管理 — 店頭買取受注コメント更新	7	shared_db_table,shared_external,same_domain_cross_layer		dtb_otc_buy_order	API
m06-12	M06-12（買取商品一覧CSV）	a06-05	API 店頭買取管理 — 店頭買取受注ステータス更新	7	shared_db_table,shared_external,same_domain_cross_layer		dtb_otc_buy_order	API
m06-12	M06-12（買取商品一覧CSV）	a06-13	API 店頭買取管理 — 本人確認更新	7	shared_db_table,shared_external,same_domain_cross_layer		dtb_otc_buy_order	API
m06-13	M06-13（買取商品（キャンセル）CSV）	a06-04	API 店頭買取管理 — 店頭買取受注コメント更新	9	shared_update_table,shared_external,same_domain_cross_layer	dtb_otc_buy_order	dtb_otc_buy_order	API
m06-13	M06-13（買取商品（キャンセル）CSV）	a06-05	API 店頭買取管理 — 店頭買取受注ステータス更新	9	shared_update_table,shared_external,same_domain_cross_layer	dtb_otc_buy_order	dtb_otc_buy_order	API
m06-13	M06-13（買取商品（キャンセル）CSV）	a06-13	API 店頭買取管理 — 本人確認更新	9	shared_update_table,shared_external,same_domain_cross_layer	dtb_otc_buy_order	dtb_otc_buy_order	API
m06-13	M06-13（買取商品（キャンセル）CSV）	a06-16	A06-16（店頭買取情報ダブルチェック者更新）	9	shared_update_table,shared_external,same_domain_cross_layer	dtb_otc_buy_order	dtb_otc_buy_order	API,CSV,PDF,スマレジ,バッチ,メール
m06-13	M06-13（買取商品（キャンセル）CSV）	f08-02	F08-02（店頭買取査定申込情報入力）	9	shared_update_table,shared_external,same_domain_cross_layer	dtb_otc_buy_order	dtb_otc_buy_order	API,バッチ,メール
m06-13	M06-13（買取商品（キャンセル）CSV）	f08-03	F08-03（店頭買取査定申込登録確認〜完了）	9	shared_update_table,shared_external,same_domain_cross_layer	dtb_otc_buy_order	dtb_otc_buy_order	API,バッチ,メール
m06-13	M06-13（買取商品（キャンセル）CSV）	m06-03	店頭買取管理 — 買取詳細（買取情報の確認と保存）	8	shared_update_table,shared_external,same_domain	dtb_otc_buy_order	dtb_otc_buy_order	API,バッチ
m06-13	M06-13（買取商品（キャンセル）CSV）	m06-04	店頭買取管理 — 買取ステータス変更	8	shared_update_table,shared_external,same_domain	dtb_otc_buy_order	dtb_otc_buy_order	API,バッチ
m06-13	M06-13（買取商品（キャンセル）CSV）	m06-05	店頭買取管理 — 買取商品履歴（検索／一覧）	8	shared_update_table,shared_external,same_domain	dtb_otc_buy_order	dtb_otc_buy_order	API,CSV,バッチ
m06-13	M06-13（買取商品（キャンセル）CSV）	a06-02	API 店頭買取管理 — 店頭買取受注一覧取得	7	shared_db_table,shared_external,same_domain_cross_layer		dtb_otc_buy_order	API
m06-13	M06-13（買取商品（キャンセル）CSV）	a06-03	API 店頭買取管理 — 店頭買取受注詳細更新	7	shared_db_table,shared_external,same_domain_cross_layer		dtb_otc_buy_order	API
m06-13	M06-13（買取商品（キャンセル）CSV）	a06-14	A06-14（店頭買取情報一部キャンセル情報連携）	7	shared_db_table,shared_external,same_domain_cross_layer		dtb_otc_buy_order	API,CSV,PDF,スマレジ,バッチ,メール
m07-01	m07-01_admin_online_purchase_purchase_online_search_list（ネット買取管理_買取検索一覧）	a07-04	API ネット買取管理 — ネット買取受注ステータス更新	9	shared_db_table,shared_external,same_domain_cross_layer		dtb_buy_order,dtb_buy_order_status_histry,mtb_buy_order_status	API
m07-01	m07-01_admin_online_purchase_purchase_online_search_list（ネット買取管理_買取検索一覧）	a07-05	API ネット買取管理 — ネット買取注文の査定終了処理	9	shared_db_table,shared_external,same_domain_cross_layer		dtb_buy_main_card,dtb_buy_order,dtb_buy_order_indivisual_input_product,dtb_buy_order_status_histry,mtb_buy_order_status,mtb_option	API
m07-01	m07-01_admin_online_purchase_purchase_online_search_list（ネット買取管理_買取検索一覧）	a07-02	API ネット買取管理 — ネット買取受注一覧取得	8	shared_db_table,shared_external,same_domain_cross_layer		dtb_buy_order,mtb_buy_order_status	API
m07-01	m07-01_admin_online_purchase_purchase_online_search_list（ネット買取管理_買取検索一覧）	f05-06	F05-06（ネット買取買取手続き〜完了）	8	shared_db_table,shared_external,same_domain_cross_layer		dtb_buy_main_card,dtb_buy_order	API,バッチ
m07-01	m07-01_admin_online_purchase_purchase_online_search_list（ネット買取管理_買取検索一覧）	m07-02	m07-02_admin_online_purchase_purchase_online_old_goods_ledger_csv_export（管理画面_ネット買取管理_古物台帳入力用CSV出力）	8	shared_db_table,shared_external,same_domain		dtb_buy_main_card,dtb_buy_order,dtb_buy_order_indivisual_input_product	API,CSV,バッチ
m07-01	m07-01_admin_online_purchase_purchase_online_search_list（ネット買取管理_買取検索一覧）	m07-03	ネット買取管理 — 買取情報編集（買取詳細）	8	shared_update_table,shared_external,same_domain	dtb_buy_main_card	dtb_buy_main_card,dtb_buy_order,dtb_buy_order_indivisual_input_product,dtb_buy_order_status_histry,mtb_buy_order_status	API,CSV,バッチ
m07-01	m07-01_admin_online_purchase_purchase_online_search_list（ネット買取管理_買取検索一覧）	m07-06	m07-06_admin_online_purchase_purchase_online_product_list_csv_export（管理画面_ネット買取管理_買取商品一覧CSV出力）	8	shared_db_table,shared_external,same_domain		dtb_buy_main_card,dtb_buy_order,dtb_buy_order_indivisual_input_product,dtb_buy_order_status_histry	API,CSV,バッチ
m07-01	m07-01_admin_online_purchase_purchase_online_search_list（ネット買取管理_買取検索一覧）	m07-07	M07-07（買取商品（キャンセル）CSV）	8	shared_update_table,shared_external,same_domain	dtb_buy_main_card	dtb_buy_main_card,dtb_buy_order,dtb_buy_order_indivisual_input_product	API,CSV,PDF,バッチ
m07-01	m07-01_admin_online_purchase_purchase_online_search_list（ネット買取管理_買取検索一覧）	a05-04	API 受注管理 — スマレジ受信処理（ポイント履歴取得）	7	shared_update_table,shared_external	dtb_player	dtb_player,mtb_option	API
m07-01	m07-01_admin_online_purchase_purchase_online_search_list（ネット買取管理_買取検索一覧）	a07-01	API ネット買取管理 — まとめて買取商品IDの取得	7	shared_db_table,shared_external,same_domain_cross_layer		mtb_option	API
m07-01	m07-01_admin_online_purchase_purchase_online_search_list（ネット買取管理_買取検索一覧）	a07-03	API ネット買取管理 — ネット買取受注コメント更新	7	shared_db_table,shared_external,same_domain_cross_layer		dtb_buy_order	API
m07-01	m07-01_admin_online_purchase_purchase_online_search_list（ネット買取管理_買取検索一覧）	a07-06	API ネット買取管理 — 複数ネット買取IDからネット買取受注の商品一覧を取得	7	shared_db_table,shared_external,same_domain_cross_layer		dtb_buy_main_card	API
m07-02	m07-02_admin_online_purchase_purchase_online_old_goods_ledger_csv_export（管理画面_ネット買取管理_古物台帳入力用CSV出力）	a07-05	API ネット買取管理 — ネット買取注文の査定終了処理	9	shared_db_table,shared_external,same_domain_cross_layer		dtb_buy_main_card,dtb_buy_order,dtb_buy_order_indivisual_input_product	API
m07-02	m07-02_admin_online_purchase_purchase_online_old_goods_ledger_csv_export（管理画面_ネット買取管理_古物台帳入力用CSV出力）	f05-06	F05-06（ネット買取買取手続き〜完了）	8	shared_db_table,shared_external,same_domain_cross_layer		dtb_buy_main_card,dtb_buy_order	API,バッチ,支店
m07-02	m07-02_admin_online_purchase_purchase_online_old_goods_ledger_csv_export（管理画面_ネット買取管理_古物台帳入力用CSV出力）	m07-01	m07-01_admin_online_purchase_purchase_online_search_list（ネット買取管理_買取検索一覧）	8	shared_db_table,shared_external,same_domain		dtb_buy_main_card,dtb_buy_order,dtb_buy_order_indivisual_input_product	API,CSV,バッチ
m07-02	m07-02_admin_online_purchase_purchase_online_old_goods_ledger_csv_export（管理画面_ネット買取管理_古物台帳入力用CSV出力）	m07-03	ネット買取管理 — 買取情報編集（買取詳細）	8	shared_db_table,shared_external,same_domain		dtb_buy_main_card,dtb_buy_order,dtb_buy_order_indivisual_input_product	API,CSV,バッチ,支店
m07-02	m07-02_admin_online_purchase_purchase_online_old_goods_ledger_csv_export（管理画面_ネット買取管理_古物台帳入力用CSV出力）	m07-06	m07-06_admin_online_purchase_purchase_online_product_list_csv_export（管理画面_ネット買取管理_買取商品一覧CSV出力）	8	shared_db_table,shared_external,same_domain		dtb_buy_main_card,dtb_buy_order,dtb_buy_order_indivisual_input_product,dtb_csv	API,CSV,バッチ,支店
m07-02	m07-02_admin_online_purchase_purchase_online_old_goods_ledger_csv_export（管理画面_ネット買取管理_古物台帳入力用CSV出力）	m07-07	M07-07（買取商品（キャンセル）CSV）	8	shared_db_table,shared_external,same_domain		dtb_buy_main_card,dtb_buy_order,dtb_buy_order_indivisual_input_product	API,CSV,バッチ
m07-02	m07-02_admin_online_purchase_purchase_online_old_goods_ledger_csv_export（管理画面_ネット買取管理_古物台帳入力用CSV出力）	a07-02	API ネット買取管理 — ネット買取受注一覧取得	7	shared_db_table,shared_external,same_domain_cross_layer		dtb_buy_order	API,支店
m07-02	m07-02_admin_online_purchase_purchase_online_old_goods_ledger_csv_export（管理画面_ネット買取管理_古物台帳入力用CSV出力）	a07-03	API ネット買取管理 — ネット買取受注コメント更新	7	shared_db_table,shared_external,same_domain_cross_layer		dtb_buy_order	API
m07-02	m07-02_admin_online_purchase_purchase_online_old_goods_ledger_csv_export（管理画面_ネット買取管理_古物台帳入力用CSV出力）	a07-04	API ネット買取管理 — ネット買取受注ステータス更新	7	shared_db_table,shared_external,same_domain_cross_layer		dtb_buy_order	API
m07-02	m07-02_admin_online_purchase_purchase_online_old_goods_ledger_csv_export（管理画面_ネット買取管理_古物台帳入力用CSV出力）	a07-06	API ネット買取管理 — 複数ネット買取IDからネット買取受注の商品一覧を取得	7	shared_db_table,shared_external,same_domain_cross_layer		dtb_buy_main_card	API
m07-02	m07-02_admin_online_purchase_purchase_online_old_goods_ledger_csv_export（管理画面_ネット買取管理_古物台帳入力用CSV出力）	a07-07	API ネット買取管理 — 複数ネット買取IDから個別入力商品の一覧を取得	7	shared_db_table,shared_external,same_domain_cross_layer		dtb_buy_order_indivisual_input_product	API
m07-02	m07-02_admin_online_purchase_purchase_online_old_goods_ledger_csv_export（管理画面_ネット買取管理_古物台帳入力用CSV出力）	f06-11	F06-11（買取履歴一覧）	7	shared_db_table,shared_external		dtb_buy_main_card,dtb_buy_order,dtb_buy_order_indivisual_input_product	API,バッチ
m07-03	ネット買取管理 — 買取情報編集（買取詳細）	m07-07	M07-07（買取商品（キャンセル）CSV）	10	shared_update_table,shared_external,same_domain	dtb_buy_main_card,dtb_buy_order,dtb_buy_order_indivisual_input_product	dtb_buy_main_card,dtb_buy_order,dtb_buy_order_indivisual_input_product	API,CSV,バッチ,メール
m07-03	ネット買取管理 — 買取情報編集（買取詳細）	a07-03	API ネット買取管理 — ネット買取受注コメント更新	9	shared_update_table,shared_external,same_domain_cross_layer	dtb_buy_order	dtb_buy_order	API
m07-03	ネット買取管理 — 買取情報編集（買取詳細）	a07-04	API ネット買取管理 — ネット買取受注ステータス更新	9	shared_update_table,shared_external,same_domain_cross_layer	dtb_buy_order	dtb_buy_order,dtb_buy_order_status_histry,mtb_buy_order_status	API
m07-03	ネット買取管理 — 買取情報編集（買取詳細）	a07-05	API ネット買取管理 — ネット買取注文の査定終了処理	9	shared_db_table,shared_external,same_domain_cross_layer		dtb_buy_main_card,dtb_buy_order,dtb_buy_order_indivisual_input_product,dtb_buy_order_status_histry,mtb_buy_order_status	API
m07-03	ネット買取管理 — 買取情報編集（買取詳細）	f05-06	F05-06（ネット買取買取手続き〜完了）	9	shared_update_table,shared_external,same_domain_cross_layer	dtb_buy_order	dtb_bank_account,dtb_buy_main_card,dtb_buy_order,dtb_qualified_invoice_issuer_account	API,バッチ,メール,支店
m07-03	ネット買取管理 — 買取情報編集（買取詳細）	m07-08	M07-08（戻しリストCSV）	9	shared_update_table,shared_external,same_domain	dtb_buy_order,dtb_buy_order_stock	dtb_buy_order,dtb_buy_order_stock	API,CSV,バッチ,メール
m07-03	ネット買取管理 — 買取情報編集（買取詳細）	m07-09	M07-09（戻しリストPDF）	9	shared_update_table,shared_external,same_domain	dtb_buy_order,dtb_buy_order_stock	dtb_buy_order,dtb_buy_order_stock	API,CSV,バッチ,メール,支店
m07-03	ネット買取管理 — 買取情報編集（買取詳細）	o01-02	o01-02_other_mtg_buyer_mtg_buyer_online_purchase（その他_MTGバイヤー_ネット買取）	9	shared_update_table,shared_external	dtb_buy_main_card,dtb_buy_order,dtb_buy_order_indivisual_input_product	dtb_buy_main_card,dtb_buy_order,dtb_buy_order_indivisual_input_product,mtb_buy_order_status	API,CSV,バッチ
m07-03	ネット買取管理 — 買取情報編集（買取詳細）	a07-02	API ネット買取管理 — ネット買取受注一覧取得	8	shared_db_table,shared_external,same_domain_cross_layer		dtb_buy_order,mtb_buy_order_status	API,支店
m07-03	ネット買取管理 — 買取情報編集（買取詳細）	m07-01	m07-01_admin_online_purchase_purchase_online_search_list（ネット買取管理_買取検索一覧）	8	shared_update_table,shared_external,same_domain	dtb_buy_main_card	dtb_buy_main_card,dtb_buy_order,dtb_buy_order_indivisual_input_product,dtb_buy_order_status_histry,mtb_buy_order_status	API,CSV,バッチ
m07-03	ネット買取管理 — 買取情報編集（買取詳細）	m07-02	m07-02_admin_online_purchase_purchase_online_old_goods_ledger_csv_export（管理画面_ネット買取管理_古物台帳入力用CSV出力）	8	shared_db_table,shared_external,same_domain		dtb_buy_main_card,dtb_buy_order,dtb_buy_order_indivisual_input_product	API,CSV,バッチ,支店
m07-03	ネット買取管理 — 買取情報編集（買取詳細）	m07-06	m07-06_admin_online_purchase_purchase_online_product_list_csv_export（管理画面_ネット買取管理_買取商品一覧CSV出力）	8	shared_db_table,shared_external,same_domain		dtb_buy_main_card,dtb_buy_order,dtb_buy_order_indivisual_input_product,dtb_buy_order_status_histry,dtb_buy_order_stock	API,CSV,バッチ,支店
m07-04	m07-04_admin_online_purchase_purchase_manual_mail（管理画面_ネット買取管理_手動メール通知）	a07-01	API ネット買取管理 — まとめて買取商品IDの取得	7	shared_db_table,shared_external,same_domain_cross_layer		mtb_option	API
m07-04	m07-04_admin_online_purchase_purchase_manual_mail（管理画面_ネット買取管理_手動メール通知）	a07-05	API ネット買取管理 — ネット買取注文の査定終了処理	7	shared_db_table,shared_external,same_domain_cross_layer		mtb_option	API
m07-04	m07-04_admin_online_purchase_purchase_manual_mail（管理画面_ネット買取管理_手動メール通知）	m05-15	m05-15_admin_order_order_mail（管理画面_受注詳細メール通知）	7	shared_update_table,shared_external	dtb_mail_history	dtb_mail_history,dtb_mail_template	API,バッチ,メール
m07-04	m07-04_admin_online_purchase_purchase_manual_mail（管理画面_ネット買取管理_手動メール通知）	m05-06	m05-06_admin_order_order_bulk_manual_mail（受注管理 — メール一括通知／手動メール一括）	6	shared_db_table,shared_external		dtb_mail_history,dtb_mail_template	API,バッチ,メール
m07-04	m07-04_admin_online_purchase_purchase_manual_mail（管理画面_ネット買取管理_手動メール通知）	m07-01	m07-01_admin_online_purchase_purchase_online_search_list（ネット買取管理_買取検索一覧）	6	shared_db_table,shared_external,same_domain		mtb_option	API,バッチ
m07-04	m07-04_admin_online_purchase_purchase_manual_mail（管理画面_ネット買取管理_手動メール通知）	a05-04	API 受注管理 — スマレジ受信処理（ポイント履歴取得）	5	shared_db_table,shared_external		mtb_option	API
m07-04	m07-04_admin_online_purchase_purchase_manual_mail（管理画面_ネット買取管理_手動メール通知）	a06-12	API 店頭買取管理 — 固定価格部門を取得	5	shared_db_table,shared_external		mtb_option	API
m07-04	m07-04_admin_online_purchase_purchase_manual_mail（管理画面_ネット買取管理_手動メール通知）	b05-09	バッチ 受注管理 — スマレジ取引連携エラー再連携	5	shared_db_table,shared_external		mtb_option	API,バッチ
m07-04	m07-04_admin_online_purchase_purchase_manual_mail（管理画面_ネット買取管理_手動メール通知）	f03-01	F03-01（商品一覧）	5	shared_db_table,shared_external		mtb_option	API,バッチ
m07-04	m07-04_admin_online_purchase_purchase_manual_mail（管理画面_ネット買取管理_手動メール通知）	f03-02	F03-02（商品詳細）	5	shared_db_table,shared_external		mtb_option	API,バッチ
m07-04	m07-04_admin_online_purchase_purchase_manual_mail（管理画面_ネット買取管理_手動メール通知）	f03-05	商品 — 商品リコメンド（おすすめ商品ブロック）	5	shared_db_table,shared_external		mtb_option	API,バッチ
m07-04	m07-04_admin_online_purchase_purchase_manual_mail（管理画面_ネット買取管理_手動メール通知）	f03-07	F03-07（入荷時通知）	5	shared_db_table,shared_external		mtb_option	API,バッチ,メール
m07-05	m07-05_admin_online_purchase_purchase_csv_export_deposit（ネット買取管理_入金CSV）	f05-06	F05-06（ネット買取買取手続き〜完了）	7	shared_db_table,shared_external,same_domain_cross_layer		dtb_bank_account	API,バッチ,支店
m07-05	m07-05_admin_online_purchase_purchase_csv_export_deposit（ネット買取管理_入金CSV）	m07-07	M07-07（買取商品（キャンセル）CSV）	7	reverse_ref,shared_external,same_domain			API,CSV,バッチ
m07-05	m07-05_admin_online_purchase_purchase_csv_export_deposit（ネット買取管理_入金CSV）	m07-01	m07-01_admin_online_purchase_purchase_online_search_list（ネット買取管理_買取検索一覧）	6	shared_db_table,shared_external,same_domain		mtb_identity_confirm_status	API,CSV,バッチ
m07-05	m07-05_admin_online_purchase_purchase_csv_export_deposit（ネット買取管理_入金CSV）	m07-03	ネット買取管理 — 買取情報編集（買取詳細）	6	shared_db_table,shared_external,same_domain		dtb_bank_account	API,CSV,バッチ,支店
m07-05	m07-05_admin_online_purchase_purchase_csv_export_deposit（ネット買取管理_入金CSV）	m08-10	M08-10（オンライン本人確認）	5	shared_db_table,shared_external		mtb_identity_confirm_status	API,バッチ
m07-05	m07-05_admin_online_purchase_purchase_csv_export_deposit（ネット買取管理_入金CSV）	a07-01	API ネット買取管理 — まとめて買取商品IDの取得	4	shared_external,same_domain_cross_layer			API
m07-05	m07-05_admin_online_purchase_purchase_csv_export_deposit（ネット買取管理_入金CSV）	a07-02	API ネット買取管理 — ネット買取受注一覧取得	4	shared_external,same_domain_cross_layer			API,支店
m07-05	m07-05_admin_online_purchase_purchase_csv_export_deposit（ネット買取管理_入金CSV）	a07-03	API ネット買取管理 — ネット買取受注コメント更新	4	shared_external,same_domain_cross_layer			API
m07-05	m07-05_admin_online_purchase_purchase_csv_export_deposit（ネット買取管理_入金CSV）	a07-04	API ネット買取管理 — ネット買取受注ステータス更新	4	shared_external,same_domain_cross_layer			API
m07-05	m07-05_admin_online_purchase_purchase_csv_export_deposit（ネット買取管理_入金CSV）	a07-05	API ネット買取管理 — ネット買取注文の査定終了処理	4	shared_external,same_domain_cross_layer			API
m07-05	m07-05_admin_online_purchase_purchase_csv_export_deposit（ネット買取管理_入金CSV）	a07-06	API ネット買取管理 — 複数ネット買取IDからネット買取受注の商品一覧を取得	4	shared_external,same_domain_cross_layer			API
m07-05	m07-05_admin_online_purchase_purchase_csv_export_deposit（ネット買取管理_入金CSV）	a07-07	API ネット買取管理 — 複数ネット買取IDから個別入力商品の一覧を取得	4	shared_external,same_domain_cross_layer			API
m07-06	m07-06_admin_online_purchase_purchase_online_product_list_csv_export（管理画面_ネット買取管理_買取商品一覧CSV出力）	m07-07	M07-07（買取商品（キャンセル）CSV）	17	direct_ref,reverse_ref,shared_db_table,shared_external,same_domain		dtb_buy_main_card,dtb_buy_order,dtb_buy_order_indivisual_input_product,dtb_otc_buy_,dtb_product_class	API,CSV,バッチ
m07-06	m07-06_admin_online_purchase_purchase_online_product_list_csv_export（管理画面_ネット買取管理_買取商品一覧CSV出力）	a07-05	API ネット買取管理 — ネット買取注文の査定終了処理	9	shared_db_table,shared_external,same_domain_cross_layer		dtb_buy_main_card,dtb_buy_order,dtb_buy_order_indivisual_input_product,dtb_buy_order_status_histry	API
m07-06	m07-06_admin_online_purchase_purchase_online_product_list_csv_export（管理画面_ネット買取管理_買取商品一覧CSV出力）	a07-04	API ネット買取管理 — ネット買取受注ステータス更新	8	shared_db_table,shared_external,same_domain_cross_layer		dtb_buy_order,dtb_buy_order_status_histry	API
m07-06	m07-06_admin_online_purchase_purchase_online_product_list_csv_export（管理画面_ネット買取管理_買取商品一覧CSV出力）	f05-06	F05-06（ネット買取買取手続き〜完了）	8	shared_db_table,shared_external,same_domain_cross_layer		dtb_buy_main_card,dtb_buy_order	API,バッチ,支店
m07-06	m07-06_admin_online_purchase_purchase_online_product_list_csv_export（管理画面_ネット買取管理_買取商品一覧CSV出力）	m07-01	m07-01_admin_online_purchase_purchase_online_search_list（ネット買取管理_買取検索一覧）	8	shared_db_table,shared_external,same_domain		dtb_buy_main_card,dtb_buy_order,dtb_buy_order_indivisual_input_product,dtb_buy_order_status_histry	API,CSV,バッチ
m07-06	m07-06_admin_online_purchase_purchase_online_product_list_csv_export（管理画面_ネット買取管理_買取商品一覧CSV出力）	m07-02	m07-02_admin_online_purchase_purchase_online_old_goods_ledger_csv_export（管理画面_ネット買取管理_古物台帳入力用CSV出力）	8	shared_db_table,shared_external,same_domain		dtb_buy_main_card,dtb_buy_order,dtb_buy_order_indivisual_input_product,dtb_csv	API,CSV,バッチ,支店
m07-06	m07-06_admin_online_purchase_purchase_online_product_list_csv_export（管理画面_ネット買取管理_買取商品一覧CSV出力）	m07-03	ネット買取管理 — 買取情報編集（買取詳細）	8	shared_db_table,shared_external,same_domain		dtb_buy_main_card,dtb_buy_order,dtb_buy_order_indivisual_input_product,dtb_buy_order_status_histry,dtb_buy_order_stock	API,CSV,バッチ,支店
m07-06	m07-06_admin_online_purchase_purchase_online_product_list_csv_export（管理画面_ネット買取管理_買取商品一覧CSV出力）	m07-08	M07-08（戻しリストCSV）	8	shared_db_table,shared_external,same_domain		dtb_buy_order,dtb_buy_order_stock,dtb_otc_buy_,dtb_otc_buy_order,dtb_product_class	API,CSV,バッチ
m07-06	m07-06_admin_online_purchase_purchase_online_product_list_csv_export（管理画面_ネット買取管理_買取商品一覧CSV出力）	m07-09	M07-09（戻しリストPDF）	8	shared_db_table,shared_external,same_domain		dtb_buy_order,dtb_buy_order_stock,dtb_otc_buy_,dtb_product_class	API,CSV,バッチ,支店
m07-06	m07-06_admin_online_purchase_purchase_online_product_list_csv_export（管理画面_ネット買取管理_買取商品一覧CSV出力）	a07-02	API ネット買取管理 — ネット買取受注一覧取得	7	shared_db_table,shared_external,same_domain_cross_layer		dtb_buy_order	API,支店
m07-06	m07-06_admin_online_purchase_purchase_online_product_list_csv_export（管理画面_ネット買取管理_買取商品一覧CSV出力）	a07-03	API ネット買取管理 — ネット買取受注コメント更新	7	shared_db_table,shared_external,same_domain_cross_layer		dtb_buy_order	API
m07-06	m07-06_admin_online_purchase_purchase_online_product_list_csv_export（管理画面_ネット買取管理_買取商品一覧CSV出力）	a07-06	API ネット買取管理 — 複数ネット買取IDからネット買取受注の商品一覧を取得	7	shared_db_table,shared_external,same_domain_cross_layer		dtb_buy_main_card	API
m07-07	M07-07（買取商品（キャンセル）CSV）	m07-06	m07-06_admin_online_purchase_purchase_online_product_list_csv_export（管理画面_ネット買取管理_買取商品一覧CSV出力）	17	direct_ref,reverse_ref,shared_db_table,shared_external,same_domain		dtb_buy_main_card,dtb_buy_order,dtb_buy_order_indivisual_input_product,dtb_otc_buy_,dtb_product_class	API,CSV,バッチ
m07-07	M07-07（買取商品（キャンセル）CSV）	m07-03	ネット買取管理 — 買取情報編集（買取詳細）	10	shared_update_table,shared_external,same_domain	dtb_buy_main_card,dtb_buy_order,dtb_buy_order_indivisual_input_product	dtb_buy_main_card,dtb_buy_order,dtb_buy_order_indivisual_input_product	API,CSV,バッチ,メール
m07-07	M07-07（買取商品（キャンセル）CSV）	m07-08	M07-08（戻しリストCSV）	10	shared_update_table,shared_external,same_domain	dtb_buy_order,dtb_otc_buy_,dtb_product_class	dtb_buy_order,dtb_otc_buy_,dtb_product_class	API,CSV,PDF,スマレジ,バッチ,メール
m07-07	M07-07（買取商品（キャンセル）CSV）	m07-09	M07-09（戻しリストPDF）	10	shared_update_table,shared_external,same_domain	dtb_buy_order,dtb_otc_buy_,dtb_product_class	dtb_buy_order,dtb_otc_buy_,dtb_product_class	API,CSV,PDF,スマレジ,バッチ,メール
m07-07	M07-07（買取商品（キャンセル）CSV）	a07-03	API ネット買取管理 — ネット買取受注コメント更新	9	shared_update_table,shared_external,same_domain_cross_layer	dtb_buy_order	dtb_buy_order	API
m07-07	M07-07（買取商品（キャンセル）CSV）	a07-04	API ネット買取管理 — ネット買取受注ステータス更新	9	shared_update_table,shared_external,same_domain_cross_layer	dtb_buy_order	dtb_buy_order	API
m07-07	M07-07（買取商品（キャンセル）CSV）	a07-05	API ネット買取管理 — ネット買取注文の査定終了処理	9	shared_db_table,shared_external,same_domain_cross_layer		dtb_buy_main_card,dtb_buy_order,dtb_buy_order_indivisual_input_product	API
m07-07	M07-07（買取商品（キャンセル）CSV）	f05-01	F05-01（ネット買取トップページ）	9	shared_update_table,shared_external,same_domain_cross_layer	dtb_product_class	dtb_product_class	API,バッチ
m07-07	M07-07（買取商品（キャンセル）CSV）	f05-05	F05-05（ネット買取カート）	9	shared_update_table,shared_external,same_domain_cross_layer	dtb_product_class	dtb_product_class	API,バッチ
m07-07	M07-07（買取商品（キャンセル）CSV）	f05-06	F05-06（ネット買取買取手続き〜完了）	9	shared_update_table,shared_external,same_domain_cross_layer	dtb_buy_order	dtb_buy_main_card,dtb_buy_order	API,バッチ,メール
m07-07	M07-07（買取商品（キャンセル）CSV）	o01-02	o01-02_other_mtg_buyer_mtg_buyer_online_purchase（その他_MTGバイヤー_ネット買取）	9	shared_update_table,shared_external	dtb_buy_main_card,dtb_buy_order,dtb_buy_order_indivisual_input_product	dtb_buy_main_card,dtb_buy_order,dtb_buy_order_indivisual_input_product	API,CSV,バッチ
m07-07	M07-07（買取商品（キャンセル）CSV）	m07-01	m07-01_admin_online_purchase_purchase_online_search_list（ネット買取管理_買取検索一覧）	8	shared_update_table,shared_external,same_domain	dtb_buy_main_card	dtb_buy_main_card,dtb_buy_order,dtb_buy_order_indivisual_input_product	API,CSV,PDF,バッチ
m07-08	M07-08（戻しリストCSV）	m07-09	M07-09（戻しリストPDF）	14	reverse_ref,shared_update_table,shared_external,same_domain	dtb_base_info,dtb_buy_order,dtb_buy_order_stock,dtb_otc_buy_,dtb_product_class,dtb_shelf_number	dtb_base_info,dtb_buy_order,dtb_buy_order_stock,dtb_otc_buy_,dtb_product_class,dtb_shelf_number	API,CSV,PDF,スマレジ,バッチ,メール
m07-08	M07-08（戻しリストCSV）	m07-07	M07-07（買取商品（キャンセル）CSV）	10	shared_update_table,shared_external,same_domain	dtb_buy_order,dtb_otc_buy_,dtb_product_class	dtb_buy_order,dtb_otc_buy_,dtb_product_class	API,CSV,PDF,スマレジ,バッチ,メール
m07-08	M07-08（戻しリストCSV）	a07-03	API ネット買取管理 — ネット買取受注コメント更新	9	shared_update_table,shared_external,same_domain_cross_layer	dtb_buy_order	dtb_buy_order	API
m07-08	M07-08（戻しリストCSV）	a07-04	API ネット買取管理 — ネット買取受注ステータス更新	9	shared_update_table,shared_external,same_domain_cross_layer	dtb_buy_order	dtb_buy_order	API
m07-08	M07-08（戻しリストCSV）	f05-01	F05-01（ネット買取トップページ）	9	shared_update_table,shared_external,same_domain_cross_layer	dtb_product_class	dtb_product_class	API,バッチ
m07-08	M07-08（戻しリストCSV）	f05-05	F05-05（ネット買取カート）	9	shared_update_table,shared_external,same_domain_cross_layer	dtb_product_class	dtb_product_class	API,バッチ
m07-08	M07-08（戻しリストCSV）	f05-06	F05-06（ネット買取買取手続き〜完了）	9	shared_update_table,shared_external,same_domain_cross_layer	dtb_buy_order	dtb_buy_order	API,バッチ,メール
m07-08	M07-08（戻しリストCSV）	m07-03	ネット買取管理 — 買取情報編集（買取詳細）	9	shared_update_table,shared_external,same_domain	dtb_buy_order,dtb_buy_order_stock	dtb_buy_order,dtb_buy_order_stock	API,CSV,バッチ,メール
m07-08	M07-08（戻しリストCSV）	b06-01	B06-01（買取自動入庫バッチ）	8	shared_update_table,shared_external	dtb_buy_order_stock,dtb_product_class	dtb_buy_order_stock,dtb_otc_buy_order_stock,dtb_product_class	API,CSV,PDF,スマレジ,バッチ,メール
m07-08	M07-08（戻しリストCSV）	f04-01	F04-01（買い物かご）	8	shared_update_table,shared_external	dtb_base_info,dtb_product_class	dtb_base_info,dtb_product_class	API,バッチ
m07-08	M07-08（戻しリストCSV）	m03-21	商品管理 — 棚番号登録/編集	8	shared_update_table,shared_external	dtb_product_class,dtb_shelf_number	dtb_product_class,dtb_shelf_number	API,CSV,バッチ
m07-08	M07-08（戻しリストCSV）	m03-40	m03-40_admin_product_product_shelf_number_csv_import（管理画面_商品管理_棚番号更新CSV登録）	8	shared_update_table,shared_external	dtb_product_class,dtb_shelf_number	dtb_product_class,dtb_shelf_number	API,CSV,バッチ
m07-09	M07-09（戻しリストPDF）	m07-08	M07-08（戻しリストCSV）	15	direct_ref,shared_update_table,shared_external,same_domain	dtb_base_info,dtb_buy_order,dtb_buy_order_stock,dtb_otc_buy_,dtb_product_class,dtb_shelf_number	dtb_base_info,dtb_buy_order,dtb_buy_order_stock,dtb_otc_buy_,dtb_product_class,dtb_shelf_number	API,CSV,PDF,スマレジ,バッチ,メール
m07-09	M07-09（戻しリストPDF）	m07-07	M07-07（買取商品（キャンセル）CSV）	10	shared_update_table,shared_external,same_domain	dtb_buy_order,dtb_otc_buy_,dtb_product_class	dtb_buy_order,dtb_otc_buy_,dtb_product_class	API,CSV,PDF,スマレジ,バッチ,メール
m07-09	M07-09（戻しリストPDF）	a07-03	API ネット買取管理 — ネット買取受注コメント更新	9	shared_update_table,shared_external,same_domain_cross_layer	dtb_buy_order	dtb_buy_order	API
m07-09	M07-09（戻しリストPDF）	a07-04	API ネット買取管理 — ネット買取受注ステータス更新	9	shared_update_table,shared_external,same_domain_cross_layer	dtb_buy_order	dtb_buy_order	API
m07-09	M07-09（戻しリストPDF）	f05-01	F05-01（ネット買取トップページ）	9	shared_update_table,shared_external,same_domain_cross_layer	dtb_product_class	dtb_product_class	API,バッチ
m07-09	M07-09（戻しリストPDF）	f05-05	F05-05（ネット買取カート）	9	shared_update_table,shared_external,same_domain_cross_layer	dtb_product_class	dtb_product_class	API,バッチ
m07-09	M07-09（戻しリストPDF）	f05-06	F05-06（ネット買取買取手続き〜完了）	9	shared_update_table,shared_external,same_domain_cross_layer	dtb_buy_order	dtb_buy_order	API,バッチ,メール,支店
m07-09	M07-09（戻しリストPDF）	m07-03	ネット買取管理 — 買取情報編集（買取詳細）	9	shared_update_table,shared_external,same_domain	dtb_buy_order,dtb_buy_order_stock	dtb_buy_order,dtb_buy_order_stock	API,CSV,バッチ,メール,支店
m07-09	M07-09（戻しリストPDF）	b06-01	B06-01（買取自動入庫バッチ）	8	shared_update_table,shared_external	dtb_buy_order_stock,dtb_product_class	dtb_buy_order_stock,dtb_product_class	API,CSV,PDF,スマレジ,バッチ,メール
m07-09	M07-09（戻しリストPDF）	f04-01	F04-01（買い物かご）	8	shared_update_table,shared_external	dtb_base_info,dtb_product_class	dtb_base_info,dtb_product_class	API,バッチ
m07-09	M07-09（戻しリストPDF）	m03-21	商品管理 — 棚番号登録/編集	8	shared_update_table,shared_external	dtb_product_class,dtb_shelf_number	dtb_product_class,dtb_shelf_number	API,CSV,バッチ
m07-09	M07-09（戻しリストPDF）	m03-40	m03-40_admin_product_product_shelf_number_csv_import（管理画面_商品管理_棚番号更新CSV登録）	8	shared_update_table,shared_external	dtb_product_class,dtb_shelf_number	dtb_product_class,dtb_shelf_number	API,CSV,バッチ
m08-01	M08-01（会員検索/一覧）	m08-04	M08-04（会員登録/編集）	17	direct_ref,reverse_ref,shared_update_table,shared_external,same_domain	dtb_customer	dtb_customer	API,バッチ,メール
m08-01	M08-01（会員検索/一覧）	m08-08	M08-08（手動メール通知）	17	direct_ref,reverse_ref,shared_update_table,shared_external,same_domain	dtb_customer	dtb_customer,dtb_user_mail_history	API,バッチ,メール
m08-01	M08-01（会員検索/一覧）	m08-10	M08-10（オンライン本人確認）	13	direct_ref,shared_update_table,shared_external,same_domain	dtb_customer	dtb_customer,dtb_identification_image	API,バッチ
m08-01	M08-01（会員検索/一覧）	m08-07	会員管理 — メール送信履歴	11	direct_ref,shared_db_table,shared_external,same_domain		dtb_user_mail_history	API,CSV,バッチ,メール
m08-01	M08-01（会員検索/一覧）	b08-01	バッチ 会員管理 — リニューアル時パスワードリセットメール送信	9	shared_update_table,shared_external,same_domain_cross_layer	dtb_customer	dtb_customer	API,バッチ,メール
m08-01	M08-01（会員検索/一覧）	m08-02	会員管理 — メール一括送信	8	shared_update_table,shared_external,same_domain	dtb_customer	dtb_customer,dtb_user_mail_history	API,CSV,バッチ,メール
m08-01	M08-01（会員検索/一覧）	m08-14	会員管理 — 会員登録仮登録完了メール再送	8	shared_update_table,shared_external,same_domain	dtb_customer	dtb_customer	API,CSV,バッチ,メール
m08-01	M08-01（会員検索/一覧）	a15-01	API デッキビルダー — ログイン	7	shared_update_table,shared_external	dtb_customer	dtb_customer	API,メール
m08-01	M08-01（会員検索/一覧）	a17-03	API その他 — PointGranterAPI連携	7	shared_update_table,shared_external	dtb_customer	dtb_customer	API,バッチ
m08-01	M08-01（会員検索/一覧）	b08-04	バッチ 会員管理 — 必須項目が空欄の会員発生通知	7	shared_db_table,shared_external,same_domain_cross_layer		dtb_customer	API,バッチ,メール
m08-01	M08-01（会員検索/一覧）	b08-05	バッチ 会員管理 — ポイント差分発生通知	7	shared_db_table,shared_external,same_domain_cross_layer		dtb_customer	API,バッチ,メール
m08-01	M08-01（会員検索/一覧）	f05-06	F05-06（ネット買取買取手続き〜完了）	7	shared_update_table,shared_external	dtb_customer	dtb_customer	API,バッチ,メール
m08-02	会員管理 — メール一括送信	b08-01	バッチ 会員管理 — リニューアル時パスワードリセットメール送信	9	shared_update_table,shared_external,same_domain_cross_layer	dtb_customer	dtb_customer	API,バッチ,メール
m08-02	会員管理 — メール一括送信	m08-08	M08-08（手動メール通知）	9	shared_update_table,shared_external,same_domain	dtb_customer,dtb_user_mail_history	dtb_customer,dtb_user_mail_history	API,バッチ,メール
m08-02	会員管理 — メール一括送信	m08-01	M08-01（会員検索/一覧）	8	shared_update_table,shared_external,same_domain	dtb_customer	dtb_customer,dtb_user_mail_history	API,CSV,バッチ,メール
m08-02	会員管理 — メール一括送信	m08-04	M08-04（会員登録/編集）	8	shared_update_table,shared_external,same_domain	dtb_customer	dtb_customer	API,バッチ,メール
m08-02	会員管理 — メール一括送信	m08-10	M08-10（オンライン本人確認）	8	shared_update_table,shared_external,same_domain	dtb_customer	dtb_customer	API,バッチ
m08-02	会員管理 — メール一括送信	m08-14	会員管理 — 会員登録仮登録完了メール再送	8	shared_update_table,shared_external,same_domain	dtb_customer	dtb_customer	API,CSV,バッチ,メール
m08-02	会員管理 — メール一括送信	a15-01	API デッキビルダー — ログイン	7	shared_update_table,shared_external	dtb_customer	dtb_customer	API,メール
m08-02	会員管理 — メール一括送信	a17-03	API その他 — PointGranterAPI連携	7	shared_update_table,shared_external	dtb_customer	dtb_customer	API,バッチ
m08-02	会員管理 — メール一括送信	b08-04	バッチ 会員管理 — 必須項目が空欄の会員発生通知	7	shared_db_table,shared_external,same_domain_cross_layer		dtb_customer	API,バッチ,メール
m08-02	会員管理 — メール一括送信	b08-05	バッチ 会員管理 — ポイント差分発生通知	7	shared_db_table,shared_external,same_domain_cross_layer		dtb_customer	API,バッチ,メール
m08-02	会員管理 — メール一括送信	f05-06	F05-06（ネット買取買取手続き〜完了）	7	shared_update_table,shared_external	dtb_customer	dtb_customer	API,バッチ,メール
m08-02	会員管理 — メール一括送信	f06-01	F06-01（仮会員登録）	7	shared_update_table,shared_external	dtb_customer	dtb_customer	API,バッチ,メール
m08-03	会員管理 — 顧客情報CSV出力	b08-05	バッチ 会員管理 — ポイント差分発生通知	8	shared_db_table,shared_external,same_domain_cross_layer		dtb_customer,dtb_player	API,スマレジ,バッチ
m08-03	会員管理 — 顧客情報CSV出力	b08-01	バッチ 会員管理 — リニューアル時パスワードリセットメール送信	7	shared_db_table,shared_external,same_domain_cross_layer		dtb_customer	API,バッチ
m08-03	会員管理 — 顧客情報CSV出力	b08-02	バッチ 会員管理 — ポイント失効	7	shared_db_table,shared_external,same_domain_cross_layer		dtb_player	API,スマレジ,バッチ
m08-03	会員管理 — 顧客情報CSV出力	b08-03	バッチ 会員管理 — ポイント有効期限通知	7	shared_db_table,shared_external,same_domain_cross_layer		dtb_player	API,バッチ
m08-03	会員管理 — 顧客情報CSV出力	b08-04	バッチ 会員管理 — 必須項目が空欄の会員発生通知	7	shared_db_table,shared_external,same_domain_cross_layer		dtb_customer	API,バッチ
m08-03	会員管理 — 顧客情報CSV出力	b08-06	バッチ 会員管理 — スマレジ使用ポイント連携	7	shared_db_table,shared_external,same_domain_cross_layer		dtb_player	API,スマレジ,バッチ
m08-03	会員管理 — 顧客情報CSV出力	m08-04	M08-04（会員登録/編集）	7	shared_db_table,shared_external,same_domain		dtb_customer,dtb_player	API,スマレジ,バッチ
m08-03	会員管理 — 顧客情報CSV出力	m08-05	会員管理 — ポイント付与・ポイント履歴	7	shared_db_table,shared_external,same_domain		dtb_customer,dtb_player	API,CSV,スマレジ,バッチ
m08-03	会員管理 — 顧客情報CSV出力	m08-06	会員管理 — ポイント付与・ポイント履歴	7	shared_db_table,shared_external,same_domain		dtb_customer,dtb_player	API,CSV,スマレジ,バッチ
m08-03	会員管理 — 顧客情報CSV出力	m08-10	M08-10（オンライン本人確認）	7	shared_db_table,shared_external,same_domain		dtb_customer,dtb_player	API,バッチ
m08-03	会員管理 — 顧客情報CSV出力	a15-02	API デッキビルダー — ログアウト	6	shared_db_table,shared_external		dtb_customer,dtb_player	API
m08-03	会員管理 — 顧客情報CSV出力	a17-03	API その他 — PointGranterAPI連携	6	shared_db_table,shared_external		dtb_customer,dtb_player	API,スマレジ,バッチ
m08-04	M08-04（会員登録/編集）	m08-10	M08-10（オンライン本人確認）	18	direct_ref,reverse_ref,shared_update_table,shared_external,same_domain	dtb_customer,dtb_player	dtb_customer,dtb_player	API,バッチ
m08-04	M08-04（会員登録/編集）	m08-01	M08-01（会員検索/一覧）	17	direct_ref,reverse_ref,shared_update_table,shared_external,same_domain	dtb_customer	dtb_customer	API,バッチ,メール
m08-04	M08-04（会員登録/編集）	m08-08	M08-08（手動メール通知）	17	direct_ref,reverse_ref,shared_update_table,shared_external,same_domain	dtb_customer	dtb_customer	API,バッチ,メール
m08-04	M08-04（会員登録/編集）	m08-09	会員管理 — 配送先一覧表示/編集	13	direct_ref,shared_update_table,shared_external,same_domain	dtb_customer_address	dtb_customer_address	API,バッチ
m08-04	M08-04（会員登録/編集）	b08-01	バッチ 会員管理 — リニューアル時パスワードリセットメール送信	9	shared_update_table,shared_external,same_domain_cross_layer	dtb_customer	dtb_customer	API,バッチ,メール
m08-04	M08-04（会員登録/編集）	b08-02	バッチ 会員管理 — ポイント失効	9	shared_update_table,shared_external,same_domain_cross_layer	dtb_player	dtb_player	API,スマレジ,バッチ
m08-04	M08-04（会員登録/編集）	b08-03	バッチ 会員管理 — ポイント有効期限通知	9	shared_update_table,shared_external,same_domain_cross_layer	dtb_player	dtb_player	API,バッチ,メール
m08-04	M08-04（会員登録/編集）	b08-05	バッチ 会員管理 — ポイント差分発生通知	9	shared_update_table,shared_external,same_domain_cross_layer	dtb_player	dtb_customer,dtb_player	API,スマレジ,バッチ,メール
m08-04	M08-04（会員登録/編集）	b08-06	バッチ 会員管理 — スマレジ使用ポイント連携	9	shared_update_table,shared_external,same_domain_cross_layer	dtb_player	dtb_player	API,スマレジ,バッチ
m08-04	M08-04（会員登録/編集）	f06-18	F06-18（会員情報変更）	9	shared_update_table,shared_external	dtb_customer,dtb_customer_address,dtb_player	dtb_customer,dtb_customer_address,dtb_player	API,スマレジ,バッチ,メール
m08-04	M08-04（会員登録/編集）	a17-03	API その他 — PointGranterAPI連携	8	shared_update_table,shared_external	dtb_customer,dtb_player	dtb_customer,dtb_player	API,スマレジ,バッチ
m08-04	M08-04（会員登録/編集）	f06-01	F06-01（仮会員登録）	8	shared_update_table,shared_external	dtb_customer,dtb_player	dtb_customer,dtb_player	API,スマレジ,バッチ,メール
m08-05	会員管理 — ポイント付与・ポイント履歴	m08-06	会員管理 — ポイント付与・ポイント履歴	18	direct_ref,reverse_ref,shared_update_table,shared_external,same_domain	dtb_player,dtb_point_history	dtb_customer,dtb_player,dtb_point_history	API,CSV,スマレジ,バッチ
m08-05	会員管理 — ポイント付与・ポイント履歴	b08-02	バッチ 会員管理 — ポイント失効	10	shared_update_table,shared_external,same_domain_cross_layer	dtb_player,dtb_point_history	dtb_player,dtb_point_history	API,スマレジ,バッチ
m08-05	会員管理 — ポイント付与・ポイント履歴	b08-03	バッチ 会員管理 — ポイント有効期限通知	10	shared_update_table,shared_external,same_domain_cross_layer	dtb_player,dtb_point_history	dtb_player,dtb_point_history	API,バッチ
m08-05	会員管理 — ポイント付与・ポイント履歴	b08-05	バッチ 会員管理 — ポイント差分発生通知	10	shared_update_table,shared_external,same_domain_cross_layer	dtb_player,dtb_point_history	dtb_customer,dtb_player,dtb_point_history	API,スマレジ,バッチ
m08-05	会員管理 — ポイント付与・ポイント履歴	b08-06	バッチ 会員管理 — スマレジ使用ポイント連携	9	shared_update_table,shared_external,same_domain_cross_layer	dtb_player	dtb_player	API,スマレジ,バッチ
m08-05	会員管理 — ポイント付与・ポイント履歴	a05-04	API 受注管理 — スマレジ受信処理（ポイント履歴取得）	8	shared_update_table,shared_external	dtb_player,dtb_point_history	dtb_player,dtb_point_history	API,スマレジ
m08-05	会員管理 — ポイント付与・ポイント履歴	a17-03	API その他 — PointGranterAPI連携	8	shared_update_table,shared_external	dtb_player,dtb_point_history	dtb_customer,dtb_player,dtb_point_history	API,スマレジ,バッチ
m08-05	会員管理 — ポイント付与・ポイント履歴	b05-09	バッチ 受注管理 — スマレジ取引連携エラー再連携	8	shared_update_table,shared_external	dtb_player,dtb_point_history	dtb_player,dtb_point_history	API,スマレジ,バッチ
m08-05	会員管理 — ポイント付与・ポイント履歴	f06-10	F06-10（ポイント履歴）	8	shared_update_table,shared_external	dtb_player,dtb_point_history	dtb_customer,dtb_player,dtb_point_history	API,バッチ
m08-05	会員管理 — ポイント付与・ポイント履歴	m08-04	M08-04（会員登録/編集）	8	shared_update_table,shared_external,same_domain	dtb_player	dtb_customer,dtb_player	API,スマレジ,バッチ
m08-05	会員管理 — ポイント付与・ポイント履歴	m08-10	M08-10（オンライン本人確認）	8	shared_update_table,shared_external,same_domain	dtb_player	dtb_customer,dtb_player	API,バッチ
m08-05	会員管理 — ポイント付与・ポイント履歴	a15-05	API デッキビルダー — ユーザー情報変更	7	shared_update_table,shared_external	dtb_player	dtb_player	API
m08-06	会員管理 — ポイント付与・ポイント履歴	m08-05	会員管理 — ポイント付与・ポイント履歴	18	direct_ref,reverse_ref,shared_update_table,shared_external,same_domain	dtb_player,dtb_point_history	dtb_customer,dtb_player,dtb_point_history	API,CSV,スマレジ,バッチ
m08-06	会員管理 — ポイント付与・ポイント履歴	b08-02	バッチ 会員管理 — ポイント失効	10	shared_update_table,shared_external,same_domain_cross_layer	dtb_player,dtb_point_history	dtb_player,dtb_point_history	API,スマレジ,バッチ
m08-06	会員管理 — ポイント付与・ポイント履歴	b08-03	バッチ 会員管理 — ポイント有効期限通知	10	shared_update_table,shared_external,same_domain_cross_layer	dtb_player,dtb_point_history	dtb_player,dtb_point_history	API,バッチ
m08-06	会員管理 — ポイント付与・ポイント履歴	b08-05	バッチ 会員管理 — ポイント差分発生通知	10	shared_update_table,shared_external,same_domain_cross_layer	dtb_player,dtb_point_history	dtb_customer,dtb_player,dtb_point_history	API,スマレジ,バッチ
m08-06	会員管理 — ポイント付与・ポイント履歴	b08-06	バッチ 会員管理 — スマレジ使用ポイント連携	9	shared_update_table,shared_external,same_domain_cross_layer	dtb_player	dtb_player	API,スマレジ,バッチ
m08-06	会員管理 — ポイント付与・ポイント履歴	a05-04	API 受注管理 — スマレジ受信処理（ポイント履歴取得）	8	shared_update_table,shared_external	dtb_player,dtb_point_history	dtb_player,dtb_point_history	API,スマレジ
m08-06	会員管理 — ポイント付与・ポイント履歴	a17-03	API その他 — PointGranterAPI連携	8	shared_update_table,shared_external	dtb_player,dtb_point_history	dtb_customer,dtb_player,dtb_point_history	API,スマレジ,バッチ
m08-06	会員管理 — ポイント付与・ポイント履歴	b05-09	バッチ 受注管理 — スマレジ取引連携エラー再連携	8	shared_update_table,shared_external	dtb_player,dtb_point_history	dtb_player,dtb_point_history	API,スマレジ,バッチ
m08-06	会員管理 — ポイント付与・ポイント履歴	f06-10	F06-10（ポイント履歴）	8	shared_update_table,shared_external	dtb_player,dtb_point_history	dtb_customer,dtb_player,dtb_point_history	API,バッチ
m08-06	会員管理 — ポイント付与・ポイント履歴	m08-04	M08-04（会員登録/編集）	8	shared_update_table,shared_external,same_domain	dtb_player	dtb_customer,dtb_player	API,スマレジ,バッチ
m08-06	会員管理 — ポイント付与・ポイント履歴	m08-10	M08-10（オンライン本人確認）	8	shared_update_table,shared_external,same_domain	dtb_player	dtb_customer,dtb_player	API,バッチ
m08-06	会員管理 — ポイント付与・ポイント履歴	a15-05	API デッキビルダー — ユーザー情報変更	7	shared_update_table,shared_external	dtb_player	dtb_player	API
m08-07	会員管理 — メール送信履歴	m08-01	M08-01（会員検索/一覧）	10	reverse_ref,shared_db_table,shared_external,same_domain		dtb_user_mail_history	API,CSV,バッチ,メール
m08-07	会員管理 — メール送信履歴	m08-04	M08-04（会員登録/編集）	7	reverse_ref,shared_external,same_domain			API,バッチ,メール
m08-07	会員管理 — メール送信履歴	m08-08	M08-08（手動メール通知）	7	shared_db_table,shared_external,same_domain		dtb_mail_template,dtb_user_mail_history	API,バッチ,メール
m08-07	会員管理 — メール送信履歴	m05-06	m05-06_admin_order_order_bulk_manual_mail（受注管理 — メール一括通知／手動メール一括）	6	shared_db_table,shared_external		dtb_mail_template,dtb_user_mail_history	API,バッチ,メール
m08-07	会員管理 — メール送信履歴	m08-02	会員管理 — メール一括送信	6	shared_db_table,shared_external,same_domain		dtb_user_mail_history	API,CSV,バッチ,メール
m08-07	会員管理 — メール送信履歴	m05-15	m05-15_admin_order_order_mail（管理画面_受注詳細メール通知）	5	shared_db_table,shared_external		dtb_mail_template	API,バッチ,メール
m08-07	会員管理 — メール送信履歴	m07-04	m07-04_admin_online_purchase_purchase_manual_mail（管理画面_ネット買取管理_手動メール通知）	5	shared_db_table,shared_external		dtb_mail_template	API,バッチ,メール
m08-07	会員管理 — メール送信履歴	m10-08	店舗設定／自動送信メールテンプレート編集（pf-eccube3 + HareruyaEc）	5	shared_db_table,shared_external		dtb_mail_template	API,バッチ,メール
m08-07	会員管理 — メール送信履歴	b08-01	バッチ 会員管理 — リニューアル時パスワードリセットメール送信	4	shared_external,same_domain_cross_layer			API,バッチ,メール
m08-07	会員管理 — メール送信履歴	b08-02	バッチ 会員管理 — ポイント失効	4	shared_external,same_domain_cross_layer			API,バッチ
m08-07	会員管理 — メール送信履歴	b08-03	バッチ 会員管理 — ポイント有効期限通知	4	shared_external,same_domain_cross_layer			API,バッチ,メール
m08-07	会員管理 — メール送信履歴	b08-04	バッチ 会員管理 — 必須項目が空欄の会員発生通知	4	shared_external,same_domain_cross_layer			API,バッチ,メール
m08-08	M08-08（手動メール通知）	m08-01	M08-01（会員検索/一覧）	17	direct_ref,reverse_ref,shared_update_table,shared_external,same_domain	dtb_customer	dtb_customer,dtb_user_mail_history	API,バッチ,メール
m08-08	M08-08（手動メール通知）	m08-04	M08-04（会員登録/編集）	17	direct_ref,reverse_ref,shared_update_table,shared_external,same_domain	dtb_customer	dtb_customer	API,バッチ,メール
m08-08	M08-08（手動メール通知）	b08-01	バッチ 会員管理 — リニューアル時パスワードリセットメール送信	9	shared_update_table,shared_external,same_domain_cross_layer	dtb_customer	dtb_customer	API,バッチ,メール
m08-08	M08-08（手動メール通知）	m08-02	会員管理 — メール一括送信	9	shared_update_table,shared_external,same_domain	dtb_customer,dtb_user_mail_history	dtb_customer,dtb_user_mail_history	API,バッチ,メール
m08-08	M08-08（手動メール通知）	m08-10	M08-10（オンライン本人確認）	8	shared_update_table,shared_external,same_domain	dtb_customer	dtb_customer	API,バッチ
m08-08	M08-08（手動メール通知）	m08-14	会員管理 — 会員登録仮登録完了メール再送	8	shared_update_table,shared_external,same_domain	dtb_customer	dtb_customer	API,バッチ,メール
m08-08	M08-08（手動メール通知）	a06-01	API 店頭買取管理 — 買取アプリ用ログイン	7	shared_update_table,shared_external	dtb_base_info	dtb_base_info	API
m08-08	M08-08（手動メール通知）	a15-01	API デッキビルダー — ログイン	7	shared_update_table,shared_external	dtb_customer	dtb_customer	API,メール
m08-08	M08-08（手動メール通知）	a17-03	API その他 — PointGranterAPI連携	7	shared_update_table,shared_external	dtb_customer	dtb_customer	API,バッチ
m08-08	M08-08（手動メール通知）	b08-04	バッチ 会員管理 — 必須項目が空欄の会員発生通知	7	shared_db_table,shared_external,same_domain_cross_layer		dtb_customer	API,バッチ,メール
m08-08	M08-08（手動メール通知）	b08-05	バッチ 会員管理 — ポイント差分発生通知	7	shared_db_table,shared_external,same_domain_cross_layer		dtb_customer	API,バッチ,メール
m08-08	M08-08（手動メール通知）	f04-01	F04-01（買い物かご）	7	shared_update_table,shared_external	dtb_base_info	dtb_base_info	API,バッチ
m08-09	会員管理 — 配送先一覧表示/編集	m08-04	M08-04（会員登録/編集）	12	reverse_ref,shared_update_table,shared_external,same_domain	dtb_customer_address	dtb_customer_address	API,バッチ
m08-09	会員管理 — 配送先一覧表示/編集	f04-03	F04-03（注文時の配送先登録・変更）	8	shared_update_table,shared_external	dtb_customer_address,dtb_customer_address_sub	dtb_customer_address,dtb_customer_address_sub	API,バッチ
m08-09	会員管理 — 配送先一覧表示/編集	f06-20	F06-20（会員の配送先登録・編集）	8	shared_update_table,shared_external	dtb_customer_address,dtb_customer_address_sub	dtb_customer_address,dtb_customer_address_sub	API,バッチ
m08-09	会員管理 — 配送先一覧表示/編集	f04-02	F04-02（ご注文方法指定 — 注文情報の入力・確認・注文）	7	shared_update_table,shared_external	dtb_customer_address	dtb_customer_address	API,バッチ
m08-09	会員管理 — 配送先一覧表示/編集	f06-18	F06-18（会員情報変更）	7	shared_update_table,shared_external	dtb_customer_address	dtb_customer_address	API,バッチ
m08-09	会員管理 — 配送先一覧表示/編集	b08-01	バッチ 会員管理 — リニューアル時パスワードリセットメール送信	4	shared_external,same_domain_cross_layer			API,バッチ
m08-09	会員管理 — 配送先一覧表示/編集	b08-02	バッチ 会員管理 — ポイント失効	4	shared_external,same_domain_cross_layer			API,バッチ
m08-09	会員管理 — 配送先一覧表示/編集	b08-03	バッチ 会員管理 — ポイント有効期限通知	4	shared_external,same_domain_cross_layer			API,バッチ
m08-09	会員管理 — 配送先一覧表示/編集	b08-04	バッチ 会員管理 — 必須項目が空欄の会員発生通知	4	shared_external,same_domain_cross_layer			API,バッチ
m08-09	会員管理 — 配送先一覧表示/編集	b08-05	バッチ 会員管理 — ポイント差分発生通知	4	shared_external,same_domain_cross_layer			API,バッチ
m08-09	会員管理 — 配送先一覧表示/編集	b08-06	バッチ 会員管理 — スマレジ使用ポイント連携	4	shared_external,same_domain_cross_layer			API,バッチ
m08-10	M08-10（オンライン本人確認）	m08-04	M08-04（会員登録/編集）	18	direct_ref,reverse_ref,shared_update_table,shared_external,same_domain	dtb_customer,dtb_player	dtb_customer,dtb_player	API,バッチ
m08-10	M08-10（オンライン本人確認）	m08-01	M08-01（会員検索/一覧）	12	reverse_ref,shared_update_table,shared_external,same_domain	dtb_customer	dtb_customer,dtb_identification_image	API,バッチ
m08-10	M08-10（オンライン本人確認）	b08-01	バッチ 会員管理 — リニューアル時パスワードリセットメール送信	9	shared_update_table,shared_external,same_domain_cross_layer	dtb_customer	dtb_customer	API,バッチ
m08-10	M08-10（オンライン本人確認）	b08-02	バッチ 会員管理 — ポイント失効	9	shared_update_table,shared_external,same_domain_cross_layer	dtb_player	dtb_player	API,バッチ
m08-10	M08-10（オンライン本人確認）	b08-03	バッチ 会員管理 — ポイント有効期限通知	9	shared_update_table,shared_external,same_domain_cross_layer	dtb_player	dtb_player	API,バッチ
m08-10	M08-10（オンライン本人確認）	b08-05	バッチ 会員管理 — ポイント差分発生通知	9	shared_update_table,shared_external,same_domain_cross_layer	dtb_player	dtb_customer,dtb_player	API,バッチ
m08-10	M08-10（オンライン本人確認）	b08-06	バッチ 会員管理 — スマレジ使用ポイント連携	9	shared_update_table,shared_external,same_domain_cross_layer	dtb_player	dtb_player	API,バッチ
m08-10	M08-10（オンライン本人確認）	a17-03	API その他 — PointGranterAPI連携	8	shared_update_table,shared_external	dtb_customer,dtb_player	dtb_customer,dtb_player	API,バッチ
m08-10	M08-10（オンライン本人確認）	f06-01	F06-01（仮会員登録）	8	shared_update_table,shared_external	dtb_customer,dtb_player	dtb_customer,dtb_player	API,バッチ
m08-10	M08-10（オンライン本人確認）	f06-02	会員 — 本会員登録（アクティベート）	8	shared_update_table,shared_external	dtb_customer,dtb_player	dtb_customer,dtb_player	API,バッチ
m08-10	M08-10（オンライン本人確認）	f06-13	会員 — オンライン本人確認	8	shared_update_table,shared_external	dtb_identification_image,dtb_player	dtb_identification_image,dtb_player	API,バッチ
m08-10	M08-10（オンライン本人確認）	f06-18	F06-18（会員情報変更）	8	shared_update_table,shared_external	dtb_customer,dtb_player	dtb_customer,dtb_player	API,バッチ
m08-11	M08-11（顧客分析タグマスター）	m08-12	会員管理 — 顧客グループ管理	11	direct_ref,shared_db_table,shared_external,same_domain		dtb_customer_group	API,CSV,バッチ
m08-11	M08-11（顧客分析タグマスター）	m08-04	M08-04（会員登録/編集）	6	shared_db_table,shared_external,same_domain		dtb_customer_group	API,スマレジ,バッチ,メール
m08-11	M08-11（顧客分析タグマスター）	m08-13	会員管理 — ブラックリスト登録/編集/削除	6	shared_db_table,shared_external,same_domain		dtb_blacklist	API,CSV,バッチ
m08-11	M08-11（顧客分析タグマスター）	m08-15	M08-15（会員顧客分析タグ情報CSV出力）	6	shared_db_table,shared_external,same_domain		dtb_customer_group	API,CSV,PDF,スマレジ,バッチ,メール
m08-11	M08-11（顧客分析タグマスター）	m08-16	M08-16（会員顧客分析タグ登録アップロード）	6	shared_db_table,shared_external,same_domain		dtb_customer_group	API,CSV,PDF,スマレジ,バッチ,メール
m08-11	M08-11（顧客分析タグマスター）	f06-26	F06-26（店頭PC用アカウントで通常会員と異なる制御）	5	shared_db_table,shared_external		dtb_customer_group	API,バッチ
m08-11	M08-11（顧客分析タグマスター）	b08-01	バッチ 会員管理 — リニューアル時パスワードリセットメール送信	4	shared_external,same_domain_cross_layer			API,バッチ,メール
m08-11	M08-11（顧客分析タグマスター）	b08-02	バッチ 会員管理 — ポイント失効	4	shared_external,same_domain_cross_layer			API,スマレジ,バッチ
m08-11	M08-11（顧客分析タグマスター）	b08-03	バッチ 会員管理 — ポイント有効期限通知	4	shared_external,same_domain_cross_layer			API,バッチ,メール
m08-11	M08-11（顧客分析タグマスター）	b08-04	バッチ 会員管理 — 必須項目が空欄の会員発生通知	4	shared_external,same_domain_cross_layer			API,バッチ,メール
m08-11	M08-11（顧客分析タグマスター）	b08-05	バッチ 会員管理 — ポイント差分発生通知	4	shared_external,same_domain_cross_layer			API,スマレジ,バッチ,メール
m08-11	M08-11（顧客分析タグマスター）	b08-06	バッチ 会員管理 — スマレジ使用ポイント連携	4	shared_external,same_domain_cross_layer			API,スマレジ,バッチ
m08-12	会員管理 — 顧客グループ管理	m08-11	M08-11（顧客分析タグマスター）	10	reverse_ref,shared_db_table,shared_external,same_domain		dtb_customer_group	API,CSV,バッチ
m08-12	会員管理 — 顧客グループ管理	f06-26	F06-26（店頭PC用アカウントで通常会員と異なる制御）	7	shared_update_table,shared_external	dtb_customer_group	dtb_customer_group	API,バッチ
m08-12	会員管理 — 顧客グループ管理	m08-04	M08-04（会員登録/編集）	6	shared_db_table,shared_external,same_domain		dtb_customer_group	API,バッチ
m08-12	会員管理 — 顧客グループ管理	m08-15	M08-15（会員顧客分析タグ情報CSV出力）	6	shared_db_table,shared_external,same_domain		dtb_customer_group	API,CSV,バッチ
m08-12	会員管理 — 顧客グループ管理	m08-16	M08-16（会員顧客分析タグ登録アップロード）	6	shared_db_table,shared_external,same_domain		dtb_customer_group	API,CSV,バッチ
m08-12	会員管理 — 顧客グループ管理	b08-01	バッチ 会員管理 — リニューアル時パスワードリセットメール送信	4	shared_external,same_domain_cross_layer			API,バッチ
m08-12	会員管理 — 顧客グループ管理	b08-02	バッチ 会員管理 — ポイント失効	4	shared_external,same_domain_cross_layer			API,バッチ
m08-12	会員管理 — 顧客グループ管理	b08-03	バッチ 会員管理 — ポイント有効期限通知	4	shared_external,same_domain_cross_layer			API,バッチ
m08-12	会員管理 — 顧客グループ管理	b08-04	バッチ 会員管理 — 必須項目が空欄の会員発生通知	4	shared_external,same_domain_cross_layer			API,バッチ
m08-12	会員管理 — 顧客グループ管理	b08-05	バッチ 会員管理 — ポイント差分発生通知	4	shared_external,same_domain_cross_layer			API,バッチ
m08-12	会員管理 — 顧客グループ管理	b08-06	バッチ 会員管理 — スマレジ使用ポイント連携	4	shared_external,same_domain_cross_layer			API,バッチ
m08-13	会員管理 — ブラックリスト登録/編集/削除	m08-11	M08-11（顧客分析タグマスター）	6	shared_db_table,shared_external,same_domain		dtb_blacklist	API,CSV,バッチ
m08-13	会員管理 — ブラックリスト登録/編集/削除	b08-01	バッチ 会員管理 — リニューアル時パスワードリセットメール送信	4	shared_external,same_domain_cross_layer			API,バッチ
m08-13	会員管理 — ブラックリスト登録/編集/削除	b08-02	バッチ 会員管理 — ポイント失効	4	shared_external,same_domain_cross_layer			API,バッチ
m08-13	会員管理 — ブラックリスト登録/編集/削除	b08-03	バッチ 会員管理 — ポイント有効期限通知	4	shared_external,same_domain_cross_layer			API,バッチ
m08-13	会員管理 — ブラックリスト登録/編集/削除	b08-04	バッチ 会員管理 — 必須項目が空欄の会員発生通知	4	shared_external,same_domain_cross_layer			API,バッチ
m08-13	会員管理 — ブラックリスト登録/編集/削除	b08-05	バッチ 会員管理 — ポイント差分発生通知	4	shared_external,same_domain_cross_layer			API,バッチ
m08-13	会員管理 — ブラックリスト登録/編集/削除	b08-06	バッチ 会員管理 — スマレジ使用ポイント連携	4	shared_external,same_domain_cross_layer			API,バッチ
m08-14	会員管理 — 会員登録仮登録完了メール再送	b08-01	バッチ 会員管理 — リニューアル時パスワードリセットメール送信	9	shared_update_table,shared_external,same_domain_cross_layer	dtb_customer	dtb_customer	API,バッチ,メール
m08-14	会員管理 — 会員登録仮登録完了メール再送	m08-01	M08-01（会員検索/一覧）	8	shared_update_table,shared_external,same_domain	dtb_customer	dtb_customer	API,CSV,バッチ,メール
m08-14	会員管理 — 会員登録仮登録完了メール再送	m08-02	会員管理 — メール一括送信	8	shared_update_table,shared_external,same_domain	dtb_customer	dtb_customer	API,CSV,バッチ,メール
m08-14	会員管理 — 会員登録仮登録完了メール再送	m08-04	M08-04（会員登録/編集）	8	shared_update_table,shared_external,same_domain	dtb_customer	dtb_customer	API,バッチ,メール
m08-14	会員管理 — 会員登録仮登録完了メール再送	m08-08	M08-08（手動メール通知）	8	shared_update_table,shared_external,same_domain	dtb_customer	dtb_customer	API,バッチ,メール
m08-14	会員管理 — 会員登録仮登録完了メール再送	m08-10	M08-10（オンライン本人確認）	8	shared_update_table,shared_external,same_domain	dtb_customer	dtb_customer	API,バッチ
m08-14	会員管理 — 会員登録仮登録完了メール再送	a15-01	API デッキビルダー — ログイン	7	shared_update_table,shared_external	dtb_customer	dtb_customer	API,メール
m08-14	会員管理 — 会員登録仮登録完了メール再送	a17-03	API その他 — PointGranterAPI連携	7	shared_update_table,shared_external	dtb_customer	dtb_customer	API,バッチ
m08-14	会員管理 — 会員登録仮登録完了メール再送	b08-04	バッチ 会員管理 — 必須項目が空欄の会員発生通知	7	shared_db_table,shared_external,same_domain_cross_layer		dtb_customer	API,バッチ,メール
m08-14	会員管理 — 会員登録仮登録完了メール再送	b08-05	バッチ 会員管理 — ポイント差分発生通知	7	shared_db_table,shared_external,same_domain_cross_layer		dtb_customer	API,バッチ,メール
m08-14	会員管理 — 会員登録仮登録完了メール再送	f05-06	F05-06（ネット買取買取手続き〜完了）	7	shared_update_table,shared_external	dtb_customer	dtb_customer	API,バッチ,メール
m08-14	会員管理 — 会員登録仮登録完了メール再送	f06-01	F06-01（仮会員登録）	7	shared_update_table,shared_external	dtb_customer	dtb_customer	API,バッチ,メール
m08-15	M08-15（会員顧客分析タグ情報CSV出力）	b08-01	バッチ 会員管理 — リニューアル時パスワードリセットメール送信	7	shared_db_table,shared_external,same_domain_cross_layer		dtb_customer	API,バッチ,メール
m08-15	M08-15（会員顧客分析タグ情報CSV出力）	b08-04	バッチ 会員管理 — 必須項目が空欄の会員発生通知	7	shared_db_table,shared_external,same_domain_cross_layer		dtb_customer	API,バッチ,メール
m08-15	M08-15（会員顧客分析タグ情報CSV出力）	b08-05	バッチ 会員管理 — ポイント差分発生通知	7	shared_db_table,shared_external,same_domain_cross_layer		dtb_customer	API,スマレジ,バッチ,メール
m08-15	M08-15（会員顧客分析タグ情報CSV出力）	m08-04	M08-04（会員登録/編集）	7	shared_db_table,shared_external,same_domain		dtb_customer,dtb_customer_group	API,スマレジ,バッチ,メール
m08-15	M08-15（会員顧客分析タグ情報CSV出力）	m08-01	M08-01（会員検索/一覧）	6	shared_db_table,shared_external,same_domain		dtb_customer	API,CSV,バッチ,メール
m08-15	M08-15（会員顧客分析タグ情報CSV出力）	m08-02	会員管理 — メール一括送信	6	shared_db_table,shared_external,same_domain		dtb_customer	API,CSV,バッチ,メール
m08-15	M08-15（会員顧客分析タグ情報CSV出力）	m08-03	会員管理 — 顧客情報CSV出力	6	shared_db_table,shared_external,same_domain		dtb_customer	API,CSV,スマレジ,バッチ
m08-15	M08-15（会員顧客分析タグ情報CSV出力）	m08-05	会員管理 — ポイント付与・ポイント履歴	6	shared_db_table,shared_external,same_domain		dtb_customer	API,CSV,スマレジ,バッチ
m08-15	M08-15（会員顧客分析タグ情報CSV出力）	m08-06	会員管理 — ポイント付与・ポイント履歴	6	shared_db_table,shared_external,same_domain		dtb_customer	API,CSV,スマレジ,バッチ
m08-15	M08-15（会員顧客分析タグ情報CSV出力）	m08-08	M08-08（手動メール通知）	6	shared_db_table,shared_external,same_domain		dtb_customer	API,バッチ,メール
m08-15	M08-15（会員顧客分析タグ情報CSV出力）	m08-10	M08-10（オンライン本人確認）	6	shared_db_table,shared_external,same_domain		dtb_customer	API,バッチ
m08-15	M08-15（会員顧客分析タグ情報CSV出力）	m08-11	M08-11（顧客分析タグマスター）	6	shared_db_table,shared_external,same_domain		dtb_customer_group	API,CSV,PDF,スマレジ,バッチ,メール
m08-16	M08-16（会員顧客分析タグ登録アップロード）	m08-04	M08-04（会員登録/編集）	6	shared_db_table,shared_external,same_domain		dtb_customer_group	API,スマレジ,バッチ,メール
m08-16	M08-16（会員顧客分析タグ登録アップロード）	m08-11	M08-11（顧客分析タグマスター）	6	shared_db_table,shared_external,same_domain		dtb_customer_group	API,CSV,PDF,スマレジ,バッチ,メール
m08-16	M08-16（会員顧客分析タグ登録アップロード）	m08-12	会員管理 — 顧客グループ管理	6	shared_db_table,shared_external,same_domain		dtb_customer_group	API,CSV,バッチ
m08-16	M08-16（会員顧客分析タグ登録アップロード）	m08-15	M08-15（会員顧客分析タグ情報CSV出力）	6	shared_db_table,shared_external,same_domain		dtb_customer_group	API,CSV,PDF,スマレジ,バッチ,メール
m08-16	M08-16（会員顧客分析タグ登録アップロード）	f06-26	F06-26（店頭PC用アカウントで通常会員と異なる制御）	5	shared_db_table,shared_external		dtb_customer_group	API,バッチ
m08-16	M08-16（会員顧客分析タグ登録アップロード）	m03-20	商品管理 — 部門CSV入力	5	shared_db_table,shared_external		dtb_csv_import_history	API,CSV,スマレジ,バッチ
m08-16	M08-16（会員顧客分析タグ登録アップロード）	m03-26	m03-26_admin_product_product_card_csv_import（管理画面_商品管理_カード商品CSV登録）	5	shared_db_table,shared_external		dtb_csv_import_history	API,CSV,スマレジ,バッチ
m08-16	M08-16（会員顧客分析タグ登録アップロード）	m03-27	m03-27_admin_product_product_goods_csv_import（管理画面_商品管理_グッズ商品CSV登録）	5	shared_db_table,shared_external		dtb_csv_import_history	API,CSV,スマレジ,バッチ
m08-16	M08-16（会員顧客分析タグ登録アップロード）	m03-28	m03-28_admin_product_product_product_tag_csv_import（管理画面_商品管理_商品タグ更新CSV登録）	5	shared_db_table,shared_external		dtb_csv_import_history	API,CSV,バッチ
m08-16	M08-16（会員顧客分析タグ登録アップロード）	m03-29	m03-29_admin_product_product_tag_sales_analysis_csv_import（管理画面_商品管理_売上分析タグ更新CSV登録）	5	shared_db_table,shared_external		dtb_csv_import_history	API,CSV,バッチ
m08-16	M08-16（会員顧客分析タグ登録アップロード）	m03-30	m03-30_admin_product_product_product_price_csv_import（管理画面_商品管理_セール用価格変更CSV登録）	5	shared_db_table,shared_external		dtb_csv_import_history	API,CSV,スマレジ,バッチ
m08-16	M08-16（会員顧客分析タグ登録アップロード）	m03-31	M03-31（セール用価格変更CSV登録）	5	shared_db_table,shared_external		dtb_csv_import_history	API,CSV,バッチ
m09-03	m09-03_admin_content_content_layout（管理画面_レイアウト管理）	m09-04	M09-04（ページ管理）	12	reverse_ref,shared_update_table,shared_external,same_domain	dtb_page_layout	dtb_page_layout	API,バッチ
m09-03	m09-03_admin_content_content_layout（管理画面_レイアウト管理）	m09-07	M09-07（ブロック管理）	7	reverse_ref,shared_external,same_domain			API,バッチ
m09-04	M09-04（ページ管理）	m09-03	m09-03_admin_content_content_layout（管理画面_レイアウト管理）	13	direct_ref,shared_update_table,shared_external,same_domain	dtb_page_layout	dtb_page_layout	API,バッチ
m09-04	M09-04（ページ管理）	m10-03	店舗設定／利用規約（ヘルプ情報の本文編集）	5	shared_db_table,shared_external		dtb_page	API,バッチ
m09-07	M09-07（ブロック管理）	m09-03	m09-03_admin_content_content_layout（管理画面_レイアウト管理）	8	direct_ref,shared_external,same_domain			API,バッチ
m09-10	M09-10（支店トップページ管理）	a06-01	API 店頭買取管理 — 買取アプリ用ログイン	7	shared_update_table,shared_external	dtb_base_info	dtb_base_info	API
m09-10	M09-10（支店トップページ管理）	f04-01	F04-01（買い物かご）	7	shared_update_table,shared_external	dtb_base_info	dtb_base_info	API,バッチ
m09-10	M09-10（支店トップページ管理）	f08-01	店頭買取 — 査定申込前ログイン	7	shared_update_table,shared_external	dtb_base_info	dtb_base_info	API,バッチ,支店
m09-10	M09-10（支店トップページ管理）	f08-02	F08-02（店頭買取査定申込情報入力）	7	shared_update_table,shared_external	dtb_base_info	dtb_base_info	API,バッチ
m09-10	M09-10（支店トップページ管理）	m03-13	商品管理 — タグ登録/編集	7	shared_update_table,shared_external	dtb_tag	dtb_tag	API,バッチ
m09-10	M09-10（支店トップページ管理）	m03-28	m03-28_admin_product_product_product_tag_csv_import（管理画面_商品管理_商品タグ更新CSV登録）	7	shared_update_table,shared_external	dtb_tag	dtb_tag	API,バッチ
m09-10	M09-10（支店トップページ管理）	m07-08	M07-08（戻しリストCSV）	7	shared_update_table,shared_external	dtb_base_info	dtb_base_info	API,バッチ
m09-10	M09-10（支店トップページ管理）	m07-09	M07-09（戻しリストPDF）	7	shared_update_table,shared_external	dtb_base_info	dtb_base_info	API,バッチ,支店
m09-10	M09-10（支店トップページ管理）	m08-08	M08-08（手動メール通知）	7	shared_update_table,shared_external	dtb_base_info	dtb_base_info	API,バッチ
m09-10	M09-10（支店トップページ管理）	m10-01	店舗基本設定（SHOPマスター／旧ショップマスター）	7	shared_update_table,shared_external	dtb_base_info	dtb_base_info	API,バッチ
m09-10	M09-10（支店トップページ管理）	m10-05	店舗基本設定 — 配送料無料条件（閾値）	7	shared_update_table,shared_external	dtb_base_info	dtb_base_info	API,バッチ
m09-10	M09-10（支店トップページ管理）	m10-07	店舗設定 — 税率設定（共通税率・商品別税率オプション）	7	shared_update_table,shared_external	dtb_base_info	dtb_base_info	API,バッチ
m10-01	店舗基本設定（SHOPマスター／旧ショップマスター）	a06-01	API 店頭買取管理 — 買取アプリ用ログイン	7	shared_update_table,shared_external	dtb_base_info	dtb_base_info	API
m10-01	店舗基本設定（SHOPマスター／旧ショップマスター）	f04-01	F04-01（買い物かご）	7	shared_update_table,shared_external	dtb_base_info	dtb_base_info	API,バッチ
m10-01	店舗基本設定（SHOPマスター／旧ショップマスター）	f08-01	店頭買取 — 査定申込前ログイン	7	shared_update_table,shared_external	dtb_base_info	dtb_base_info	API,バッチ,メール
m10-01	店舗基本設定（SHOPマスター／旧ショップマスター）	f08-02	F08-02（店頭買取査定申込情報入力）	7	shared_update_table,shared_external	dtb_base_info	dtb_base_info	API,バッチ,メール
m10-01	店舗基本設定（SHOPマスター／旧ショップマスター）	m07-08	M07-08（戻しリストCSV）	7	shared_update_table,shared_external	dtb_base_info	dtb_base_info	API,バッチ,メール
m10-01	店舗基本設定（SHOPマスター／旧ショップマスター）	m07-09	M07-09（戻しリストPDF）	7	shared_update_table,shared_external	dtb_base_info	dtb_base_info	API,バッチ,メール
m10-01	店舗基本設定（SHOPマスター／旧ショップマスター）	m08-08	M08-08（手動メール通知）	7	shared_update_table,shared_external	dtb_base_info	dtb_base_info	API,バッチ,メール
m10-01	店舗基本設定（SHOPマスター／旧ショップマスター）	m09-10	M09-10（支店トップページ管理）	7	shared_update_table,shared_external	dtb_base_info	dtb_base_info	API,バッチ
m10-01	店舗基本設定（SHOPマスター／旧ショップマスター）	m10-05	店舗基本設定 — 配送料無料条件（閾値）	7	shared_update_table,shared_external	dtb_base_info	dtb_base_info	API,バッチ,メール
m10-01	店舗基本設定（SHOPマスター／旧ショップマスター）	m10-07	店舗設定 — 税率設定（共通税率・商品別税率オプション）	7	shared_update_table,shared_external	dtb_base_info	dtb_base_info	API,バッチ
m10-01	店舗基本設定（SHOPマスター／旧ショップマスター）	m10-09	店舗基本設定のメールアドレス設定（pf-eccube3）	7	shared_update_table,shared_external	dtb_base_info	dtb_base_info	API,バッチ,メール
m10-01	店舗基本設定（SHOPマスター／旧ショップマスター）	m10-13	カスタムCSV出力項目設定（店舗設定／システム設定）	7	shared_update_table,shared_external	dtb_base_info	dtb_base_info	API,バッチ
m10-02	店舗設定／特定商取引法（ヘルプ情報の表記編集）	m10-03	店舗設定／利用規約（ヘルプ情報の本文編集）	8	shared_update_table,shared_external,same_domain	dtb_help	dtb_base_info,dtb_help	API,バッチ
m10-02	店舗設定／特定商取引法（ヘルプ情報の表記編集）	m10-04	店舗設定 — 支払方法管理（支払方法・手数料・利用条件）	6	shared_db_table,shared_external,same_domain		dtb_base_info	API,バッチ
m10-02	店舗設定／特定商取引法（ヘルプ情報の表記編集）	m10-05	店舗基本設定 — 配送料無料条件（閾値）	6	shared_db_table,shared_external,same_domain		dtb_base_info	API,バッチ,メール
m10-02	店舗設定／特定商取引法（ヘルプ情報の表記編集）	m10-07	店舗設定 — 税率設定（共通税率・商品別税率オプション）	6	shared_db_table,shared_external,same_domain		dtb_base_info	API,バッチ
m10-02	店舗設定／特定商取引法（ヘルプ情報の表記編集）	m10-09	店舗基本設定のメールアドレス設定（pf-eccube3）	6	shared_db_table,shared_external,same_domain		dtb_base_info	API,バッチ,メール
m10-02	店舗設定／特定商取引法（ヘルプ情報の表記編集）	m10-13	カスタムCSV出力項目設定（店舗設定／システム設定）	6	shared_db_table,shared_external,same_domain		dtb_base_info	API,バッチ
m10-02	店舗設定／特定商取引法（ヘルプ情報の表記編集）	m10-14	m10-14_admin_base_setting_setting_shop_mall_shop_list（管理画面_店舗設定_基本情報_店舗一覧）	6	shared_db_table,shared_external,same_domain		dtb_base_info	API,バッチ,メール
m10-02	店舗設定／特定商取引法（ヘルプ情報の表記編集）	m10-15	店舗基本設定の店舗登録（SHOPマスター保存）	6	shared_db_table,shared_external,same_domain		dtb_base_info	API,バッチ,メール
m10-02	店舗設定／特定商取引法（ヘルプ情報の表記編集）	m10-16	追加システム設定（HareruyaEcプラグイン）	6	shared_db_table,shared_external,same_domain		dtb_base_info	API,バッチ,メール
m10-02	店舗設定／特定商取引法（ヘルプ情報の表記編集）	a06-01	API 店頭買取管理 — 買取アプリ用ログイン	5	shared_db_table,shared_external		dtb_base_info	API
m10-02	店舗設定／特定商取引法（ヘルプ情報の表記編集）	a06-03	API 店頭買取管理 — 店頭買取受注詳細更新	5	shared_db_table,shared_external		dtb_base_info	API
m10-02	店舗設定／特定商取引法（ヘルプ情報の表記編集）	b06-02	バッチ 買取管理 — 買取集計バッチ	5	shared_db_table,shared_external		dtb_base_info	API,バッチ,メール
m10-03	店舗設定／利用規約（ヘルプ情報の本文編集）	m10-02	店舗設定／特定商取引法（ヘルプ情報の表記編集）	8	shared_update_table,shared_external,same_domain	dtb_help	dtb_base_info,dtb_help	API,バッチ
m10-03	店舗設定／利用規約（ヘルプ情報の本文編集）	m10-04	店舗設定 — 支払方法管理（支払方法・手数料・利用条件）	6	shared_db_table,shared_external,same_domain		dtb_base_info	API,バッチ
m10-03	店舗設定／利用規約（ヘルプ情報の本文編集）	m10-05	店舗基本設定 — 配送料無料条件（閾値）	6	shared_db_table,shared_external,same_domain		dtb_base_info	API,バッチ
m10-03	店舗設定／利用規約（ヘルプ情報の本文編集）	m10-07	店舗設定 — 税率設定（共通税率・商品別税率オプション）	6	shared_db_table,shared_external,same_domain		dtb_base_info	API,バッチ
m10-03	店舗設定／利用規約（ヘルプ情報の本文編集）	m10-09	店舗基本設定のメールアドレス設定（pf-eccube3）	6	shared_db_table,shared_external,same_domain		dtb_base_info	API,バッチ
m10-03	店舗設定／利用規約（ヘルプ情報の本文編集）	m10-13	カスタムCSV出力項目設定（店舗設定／システム設定）	6	shared_db_table,shared_external,same_domain		dtb_base_info	API,バッチ
m10-03	店舗設定／利用規約（ヘルプ情報の本文編集）	m10-14	m10-14_admin_base_setting_setting_shop_mall_shop_list（管理画面_店舗設定_基本情報_店舗一覧）	6	shared_db_table,shared_external,same_domain		dtb_base_info	API,バッチ
m10-03	店舗設定／利用規約（ヘルプ情報の本文編集）	m10-15	店舗基本設定の店舗登録（SHOPマスター保存）	6	shared_db_table,shared_external,same_domain		dtb_base_info	API,バッチ
m10-03	店舗設定／利用規約（ヘルプ情報の本文編集）	m10-16	追加システム設定（HareruyaEcプラグイン）	6	shared_db_table,shared_external,same_domain		dtb_base_info	API,バッチ
m10-03	店舗設定／利用規約（ヘルプ情報の本文編集）	a06-01	API 店頭買取管理 — 買取アプリ用ログイン	5	shared_db_table,shared_external		dtb_base_info	API
m10-03	店舗設定／利用規約（ヘルプ情報の本文編集）	a06-03	API 店頭買取管理 — 店頭買取受注詳細更新	5	shared_db_table,shared_external		dtb_base_info	API
m10-03	店舗設定／利用規約（ヘルプ情報の本文編集）	b06-02	バッチ 買取管理 — 買取集計バッチ	5	shared_db_table,shared_external		dtb_base_info	API,バッチ
m10-04	店舗設定 — 支払方法管理（支払方法・手数料・利用条件）	m10-02	店舗設定／特定商取引法（ヘルプ情報の表記編集）	6	shared_db_table,shared_external,same_domain		dtb_base_info	API,バッチ
m10-04	店舗設定 — 支払方法管理（支払方法・手数料・利用条件）	m10-03	店舗設定／利用規約（ヘルプ情報の本文編集）	6	shared_db_table,shared_external,same_domain		dtb_base_info	API,バッチ
m10-04	店舗設定 — 支払方法管理（支払方法・手数料・利用条件）	m10-05	店舗基本設定 — 配送料無料条件（閾値）	6	shared_db_table,shared_external,same_domain		dtb_base_info	API,バッチ
m10-04	店舗設定 — 支払方法管理（支払方法・手数料・利用条件）	m10-07	店舗設定 — 税率設定（共通税率・商品別税率オプション）	6	shared_db_table,shared_external,same_domain		dtb_base_info	API,バッチ
m10-04	店舗設定 — 支払方法管理（支払方法・手数料・利用条件）	m10-09	店舗基本設定のメールアドレス設定（pf-eccube3）	6	shared_db_table,shared_external,same_domain		dtb_base_info	API,バッチ
m10-04	店舗設定 — 支払方法管理（支払方法・手数料・利用条件）	m10-13	カスタムCSV出力項目設定（店舗設定／システム設定）	6	shared_db_table,shared_external,same_domain		dtb_base_info	API,バッチ
m10-04	店舗設定 — 支払方法管理（支払方法・手数料・利用条件）	m10-14	m10-14_admin_base_setting_setting_shop_mall_shop_list（管理画面_店舗設定_基本情報_店舗一覧）	6	shared_db_table,shared_external,same_domain		dtb_base_info	API,バッチ
m10-04	店舗設定 — 支払方法管理（支払方法・手数料・利用条件）	m10-15	店舗基本設定の店舗登録（SHOPマスター保存）	6	shared_db_table,shared_external,same_domain		dtb_base_info	API,バッチ
m10-04	店舗設定 — 支払方法管理（支払方法・手数料・利用条件）	m10-16	追加システム設定（HareruyaEcプラグイン）	6	shared_db_table,shared_external,same_domain		dtb_base_info	API,バッチ
m10-04	店舗設定 — 支払方法管理（支払方法・手数料・利用条件）	a06-01	API 店頭買取管理 — 買取アプリ用ログイン	5	shared_db_table,shared_external		dtb_base_info	API
m10-04	店舗設定 — 支払方法管理（支払方法・手数料・利用条件）	a06-03	API 店頭買取管理 — 店頭買取受注詳細更新	5	shared_db_table,shared_external		dtb_base_info	API
m10-04	店舗設定 — 支払方法管理（支払方法・手数料・利用条件）	b06-02	バッチ 買取管理 — 買取集計バッチ	5	shared_db_table,shared_external		dtb_base_info	API,バッチ
m10-05	店舗基本設定 — 配送料無料条件（閾値）	m10-07	店舗設定 — 税率設定（共通税率・商品別税率オプション）	8	shared_update_table,shared_external,same_domain	dtb_base_info	dtb_base_info	API,バッチ
m10-05	店舗基本設定 — 配送料無料条件（閾値）	m10-09	店舗基本設定のメールアドレス設定（pf-eccube3）	8	shared_update_table,shared_external,same_domain	dtb_base_info	dtb_base_info	API,バッチ,メール
m10-05	店舗基本設定 — 配送料無料条件（閾値）	m10-13	カスタムCSV出力項目設定（店舗設定／システム設定）	8	shared_update_table,shared_external,same_domain	dtb_base_info	dtb_base_info	API,バッチ
m10-05	店舗基本設定 — 配送料無料条件（閾値）	m10-14	m10-14_admin_base_setting_setting_shop_mall_shop_list（管理画面_店舗設定_基本情報_店舗一覧）	8	shared_update_table,shared_external,same_domain	dtb_base_info	dtb_base_info	API,バッチ,メール
m10-05	店舗基本設定 — 配送料無料条件（閾値）	m10-15	店舗基本設定の店舗登録（SHOPマスター保存）	8	shared_update_table,shared_external,same_domain	dtb_base_info	dtb_base_info	API,バッチ,メール
m10-05	店舗基本設定 — 配送料無料条件（閾値）	a06-01	API 店頭買取管理 — 買取アプリ用ログイン	7	shared_update_table,shared_external	dtb_base_info	dtb_base_info	API
m10-05	店舗基本設定 — 配送料無料条件（閾値）	f04-01	F04-01（買い物かご）	7	shared_update_table,shared_external	dtb_base_info	dtb_base_info	API,バッチ
m10-05	店舗基本設定 — 配送料無料条件（閾値）	f08-01	店頭買取 — 査定申込前ログイン	7	shared_update_table,shared_external	dtb_base_info	dtb_base_info	API,バッチ,メール
m10-05	店舗基本設定 — 配送料無料条件（閾値）	f08-02	F08-02（店頭買取査定申込情報入力）	7	shared_update_table,shared_external	dtb_base_info	dtb_base_info	API,バッチ,メール
m10-05	店舗基本設定 — 配送料無料条件（閾値）	m07-08	M07-08（戻しリストCSV）	7	shared_update_table,shared_external	dtb_base_info	dtb_base_info	API,バッチ,メール
m10-05	店舗基本設定 — 配送料無料条件（閾値）	m07-09	M07-09（戻しリストPDF）	7	shared_update_table,shared_external	dtb_base_info	dtb_base_info	API,バッチ,メール
m10-05	店舗基本設定 — 配送料無料条件（閾値）	m08-08	M08-08（手動メール通知）	7	shared_update_table,shared_external	dtb_base_info	dtb_base_info	API,バッチ,メール
m10-06	店舗基本設定 — 配送業者・配送料・お届け時間（配送方法管理）	m03-22	商品管理 — 購入グループ管理	5	shared_db_table,shared_external		dtb_delivery	API,バッチ
m10-06	店舗基本設定 — 配送業者・配送料・お届け時間（配送方法管理）	m05-07	m05-07_admin_order_order_labels_csv_export（管理画面_受注管理_送り状CSV出力）	5	shared_db_table,shared_external		dtb_delivery	API,バッチ
m10-06	店舗基本設定 — 配送業者・配送料・お届け時間（配送方法管理）	m05-09	m05-09_admin_order_order_print_delivery_slips_ja（受注管理_納品書印刷（日本語））	5	shared_db_table,shared_external		dtb_delivery	API,バッチ
m10-06	店舗基本設定 — 配送業者・配送料・お届け時間（配送方法管理）	m05-10	m05-10_admin_order_order_print_delivery_slips_en（受注管理 — 納品書印刷・英語）	5	shared_db_table,shared_external		dtb_delivery	API,バッチ
m10-06	店舗基本設定 — 配送業者・配送料・お届け時間（配送方法管理）	m05-22	m05-22_admin_order_order_shipping_standby_print_delivery_slips_ja（受注管理_出荷指示_納品書印刷（日本語））	5	shared_db_table,shared_external		dtb_delivery	API,バッチ
m10-06	店舗基本設定 — 配送業者・配送料・お届け時間（配送方法管理）	m05-23	m05-23_admin_order_order_shipping_standby_print_delivery_slips_en（管理画面_受注管理_出荷指示_納品書印刷_英語）	5	shared_db_table,shared_external		dtb_delivery	API,バッチ
m10-07	店舗設定 — 税率設定（共通税率・商品別税率オプション）	m10-05	店舗基本設定 — 配送料無料条件（閾値）	8	shared_update_table,shared_external,same_domain	dtb_base_info	dtb_base_info	API,バッチ
m10-07	店舗設定 — 税率設定（共通税率・商品別税率オプション）	m10-09	店舗基本設定のメールアドレス設定（pf-eccube3）	8	shared_update_table,shared_external,same_domain	dtb_base_info	dtb_base_info	API,バッチ
m10-07	店舗設定 — 税率設定（共通税率・商品別税率オプション）	m10-13	カスタムCSV出力項目設定（店舗設定／システム設定）	8	shared_update_table,shared_external,same_domain	dtb_base_info	dtb_base_info	API,バッチ
m10-07	店舗設定 — 税率設定（共通税率・商品別税率オプション）	m10-14	m10-14_admin_base_setting_setting_shop_mall_shop_list（管理画面_店舗設定_基本情報_店舗一覧）	8	shared_update_table,shared_external,same_domain	dtb_base_info	dtb_base_info	API,バッチ
m10-07	店舗設定 — 税率設定（共通税率・商品別税率オプション）	m10-15	店舗基本設定の店舗登録（SHOPマスター保存）	8	shared_update_table,shared_external,same_domain	dtb_base_info	dtb_base_info	API,バッチ
m10-07	店舗設定 — 税率設定（共通税率・商品別税率オプション）	a06-01	API 店頭買取管理 — 買取アプリ用ログイン	7	shared_update_table,shared_external	dtb_base_info	dtb_base_info	API
m10-07	店舗設定 — 税率設定（共通税率・商品別税率オプション）	f04-01	F04-01（買い物かご）	7	shared_update_table,shared_external	dtb_base_info	dtb_base_info	API,バッチ
m10-07	店舗設定 — 税率設定（共通税率・商品別税率オプション）	f08-01	店頭買取 — 査定申込前ログイン	7	shared_update_table,shared_external	dtb_base_info	dtb_base_info	API,バッチ
m10-07	店舗設定 — 税率設定（共通税率・商品別税率オプション）	f08-02	F08-02（店頭買取査定申込情報入力）	7	shared_update_table,shared_external	dtb_base_info	dtb_base_info	API,バッチ
m10-07	店舗設定 — 税率設定（共通税率・商品別税率オプション）	m07-08	M07-08（戻しリストCSV）	7	shared_update_table,shared_external	dtb_base_info	dtb_base_info	API,バッチ
m10-07	店舗設定 — 税率設定（共通税率・商品別税率オプション）	m07-09	M07-09（戻しリストPDF）	7	shared_update_table,shared_external	dtb_base_info	dtb_base_info	API,バッチ
m10-07	店舗設定 — 税率設定（共通税率・商品別税率オプション）	m08-08	M08-08（手動メール通知）	7	shared_update_table,shared_external	dtb_base_info	dtb_base_info	API,バッチ
m10-08	店舗設定／自動送信メールテンプレート編集（pf-eccube3 + HareruyaEc）	m05-15	m05-15_admin_order_order_mail（管理画面_受注詳細メール通知）	7	shared_update_table,shared_external	dtb_mail_template	dtb_mail_template	API,バッチ,メール
m10-08	店舗設定／自動送信メールテンプレート編集（pf-eccube3 + HareruyaEc）	m08-08	M08-08（手動メール通知）	7	shared_update_table,shared_external	dtb_mail_template	dtb_mail_template	API,バッチ,メール
m10-08	店舗設定／自動送信メールテンプレート編集（pf-eccube3 + HareruyaEc）	m05-06	m05-06_admin_order_order_bulk_manual_mail（受注管理 — メール一括通知／手動メール一括）	5	shared_db_table,shared_external		dtb_mail_template	API,バッチ,メール
m10-08	店舗設定／自動送信メールテンプレート編集（pf-eccube3 + HareruyaEc）	m07-04	m07-04_admin_online_purchase_purchase_manual_mail（管理画面_ネット買取管理_手動メール通知）	5	shared_db_table,shared_external		dtb_mail_template	API,バッチ,メール
m10-08	店舗設定／自動送信メールテンプレート編集（pf-eccube3 + HareruyaEc）	m08-07	会員管理 — メール送信履歴	5	shared_db_table,shared_external		dtb_mail_template	API,バッチ,メール
m10-09	店舗基本設定のメールアドレス設定（pf-eccube3）	m10-05	店舗基本設定 — 配送料無料条件（閾値）	8	shared_update_table,shared_external,same_domain	dtb_base_info	dtb_base_info	API,バッチ,メール
m10-09	店舗基本設定のメールアドレス設定（pf-eccube3）	m10-07	店舗設定 — 税率設定（共通税率・商品別税率オプション）	8	shared_update_table,shared_external,same_domain	dtb_base_info	dtb_base_info	API,バッチ
m10-09	店舗基本設定のメールアドレス設定（pf-eccube3）	m10-13	カスタムCSV出力項目設定（店舗設定／システム設定）	8	shared_update_table,shared_external,same_domain	dtb_base_info	dtb_base_info	API,CSV,バッチ
m10-09	店舗基本設定のメールアドレス設定（pf-eccube3）	m10-14	m10-14_admin_base_setting_setting_shop_mall_shop_list（管理画面_店舗設定_基本情報_店舗一覧）	8	shared_update_table,shared_external,same_domain	dtb_base_info	dtb_base_info	API,バッチ,メール
m10-09	店舗基本設定のメールアドレス設定（pf-eccube3）	m10-15	店舗基本設定の店舗登録（SHOPマスター保存）	8	shared_update_table,shared_external,same_domain	dtb_base_info	dtb_base_info	API,バッチ,メール
m10-09	店舗基本設定のメールアドレス設定（pf-eccube3）	a06-01	API 店頭買取管理 — 買取アプリ用ログイン	7	shared_update_table,shared_external	dtb_base_info	dtb_base_info	API
m10-09	店舗基本設定のメールアドレス設定（pf-eccube3）	f04-01	F04-01（買い物かご）	7	shared_update_table,shared_external	dtb_base_info	dtb_base_info	API,バッチ
m10-09	店舗基本設定のメールアドレス設定（pf-eccube3）	f08-01	店頭買取 — 査定申込前ログイン	7	shared_update_table,shared_external	dtb_base_info	dtb_base_info	API,バッチ,メール
m10-09	店舗基本設定のメールアドレス設定（pf-eccube3）	f08-02	F08-02（店頭買取査定申込情報入力）	7	shared_update_table,shared_external	dtb_base_info	dtb_base_info	API,バッチ,メール
m10-09	店舗基本設定のメールアドレス設定（pf-eccube3）	m07-08	M07-08（戻しリストCSV）	7	shared_update_table,shared_external	dtb_base_info	dtb_base_info	API,CSV,バッチ,メール
m10-09	店舗基本設定のメールアドレス設定（pf-eccube3）	m07-09	M07-09（戻しリストPDF）	7	shared_update_table,shared_external	dtb_base_info	dtb_base_info	API,CSV,バッチ,メール
m10-09	店舗基本設定のメールアドレス設定（pf-eccube3）	m08-08	M08-08（手動メール通知）	7	shared_update_table,shared_external	dtb_base_info	dtb_base_info	API,バッチ,メール
m10-10	CSV出力項目設定（店舗設定）	m10-13	カスタムCSV出力項目設定（店舗設定／システム設定）	9	shared_update_table,shared_external,same_domain	dtb_csv,mtb_csv_type	dtb_csv,mtb_csv_type	API,CSV,バッチ
m10-10	CSV出力項目設定（店舗設定）	m05-04	m05-04_admin_order_order_shipping_csv_export（管理画面_受注管理_配送CSV出力）	6	shared_db_table,shared_external		dtb_csv,mtb_csv_type	API,CSV,バッチ
m10-10	CSV出力項目設定（店舗設定）	m03-06	商品管理 — カスタムデータ CSV ダウンロード（商品情報）	5	shared_db_table,shared_external		dtb_csv	API,CSV,バッチ
m10-10	CSV出力項目設定（店舗設定）	m03-12	商品管理 — カテゴリ CSV 出力	5	shared_db_table,shared_external		dtb_csv	API,CSV,バッチ
m10-10	CSV出力項目設定（店舗設定）	m03-19	商品管理 — 部門 CSV 出力	5	shared_db_table,shared_external		dtb_csv	API,CSV,バッチ
m10-10	CSV出力項目設定（店舗設定）	m03-41	m03-41_admin_product_product_category_csv_import（管理画面_商品管理_カテゴリCSV登録）	5	shared_db_table,shared_external		dtb_csv	API,CSV,バッチ
m10-10	CSV出力項目設定（店舗設定）	m03-45	m03-45_admin_product_product_category_list（管理画面_商品管理_カテゴリ一覧）	5	shared_db_table,shared_external		dtb_csv	API,CSV,バッチ
m10-10	CSV出力項目設定（店舗設定）	m04-05	在庫管理 — 在庫情報カスタムCSV出力	5	shared_db_table,shared_external		dtb_csv	API,CSV,バッチ
m10-10	CSV出力項目設定（店舗設定）	m04-15	M04-15（在庫分割結合情報カスタムCSV出力）	5	shared_db_table,shared_external		dtb_csv	CSV
m10-10	CSV出力項目設定（店舗設定）	m05-02	m05-02_admin_order_order_csv_export（受注管理_受注情報CSV出力）	5	shared_db_table,shared_external		dtb_csv	API,CSV,バッチ
m10-10	CSV出力項目設定（店舗設定）	m05-03	m05-03_admin_order_order_custom_csv_export（受注管理 — カスタム受注CSVダウンロード）	5	shared_db_table,shared_external		dtb_csv	API,CSV,バッチ
m10-10	CSV出力項目設定（店舗設定）	m05-05	受注管理 — 配送カスタムCSV出力	5	shared_db_table,shared_external		dtb_csv	API,CSV,バッチ
m10-11	m10-11_admin_base_setting_setting_shop_order_status（管理画面_店舗設定_受注対応状況設定）	m05-14	m05-14_admin_order_order_status_change（管理画面_受注対応状況の変更）	11	reverse_ref,shared_update_table,shared_external	mtb_order_status	mtb_order_status	API,バッチ
m10-11	m10-11_admin_base_setting_setting_shop_order_status（管理画面_店舗設定_受注対応状況設定）	m02-01	m02-01_admin_home_home_order_status（管理画面_トップ受注状況）	7	shared_update_table,shared_external	mtb_order_status	mtb_order_status	API,バッチ
m10-11	m10-11_admin_base_setting_setting_shop_order_status（管理画面_店舗設定_受注対応状況設定）	m05-12	m05-12_admin_order_order_bulk_status_change（管理画面_受注管理_対応状況一括変更）	7	shared_update_table,shared_external	mtb_order_status	mtb_order_status	API,バッチ
m10-11	m10-11_admin_base_setting_setting_shop_order_status（管理画面_店舗設定_受注対応状況設定）	m11-03	権限管理（システム設定／拒否URL）	6	shared_db_table,shared_external		dtb_authority_role,mtb_authority	API,バッチ
m10-11	m10-11_admin_base_setting_setting_shop_order_status（管理画面_店舗設定_受注対応状況設定）	m03-41	m03-41_admin_product_product_category_csv_import（管理画面_商品管理_カテゴリCSV登録）	5	shared_db_table,shared_external		dtb_authority_role	API,バッチ
m10-11	m10-11_admin_base_setting_setting_shop_order_status（管理画面_店舗設定_受注対応状況設定）	m11-01	メンバー管理一覧（システム情報設定／設定）	5	shared_db_table,shared_external		mtb_authority	API,バッチ
m10-11	m10-11_admin_base_setting_setting_shop_order_status（管理画面_店舗設定_受注対応状況設定）	m11-02	メンバー管理（システム情報設定／設定）	5	shared_db_table,shared_external		mtb_authority	API,バッチ
m10-11	m10-11_admin_base_setting_setting_shop_order_status（管理画面_店舗設定_受注対応状況設定）	m11-05	m11-05_admin_system_setting_setting_system_masterdata（管理画面_設定_システム設定_マスタデータ管理）	5	shared_db_table,shared_external		dtb_authority_role	API,バッチ
m10-11	m10-11_admin_base_setting_setting_shop_order_status（管理画面_店舗設定_受注対応状況設定）	m11-06	m11-06_admin_system_setting_setting_system_system_info（管理画面_設定_システム設定_システム情報）	5	shared_db_table,shared_external		dtb_authority_role	API,バッチ
m10-13	カスタムCSV出力項目設定（店舗設定／システム設定）	m03-06	商品管理 — カスタムデータ CSV ダウンロード（商品情報）	12	reverse_ref,shared_update_table,shared_external	dtb_csv_csv_extension,dtb_csv_extension	dtb_csv,dtb_csv_csv_extension,dtb_csv_extension	API,CSV,バッチ
m10-13	カスタムCSV出力項目設定（店舗設定／システム設定）	m05-03	m05-03_admin_order_order_custom_csv_export（受注管理 — カスタム受注CSVダウンロード）	11	reverse_ref,shared_update_table,shared_external	dtb_csv_extension	dtb_csv,dtb_csv_csv_extension,dtb_csv_extension	API,CSV,バッチ
m10-13	カスタムCSV出力項目設定（店舗設定／システム設定）	m05-05	受注管理 — 配送カスタムCSV出力	11	reverse_ref,shared_update_table,shared_external	dtb_csv_extension	dtb_csv,dtb_csv_csv_extension,dtb_csv_extension	API,CSV,バッチ
m10-13	カスタムCSV出力項目設定（店舗設定／システム設定）	m10-10	CSV出力項目設定（店舗設定）	9	shared_update_table,shared_external,same_domain	dtb_csv,mtb_csv_type	dtb_csv,mtb_csv_type	API,CSV,バッチ
m10-13	カスタムCSV出力項目設定（店舗設定／システム設定）	a06-01	API 店頭買取管理 — 買取アプリ用ログイン	8	shared_update_table,shared_external	dtb_base_info,dtb_member	dtb_base_info,dtb_member	API
m10-13	カスタムCSV出力項目設定（店舗設定／システム設定）	m10-05	店舗基本設定 — 配送料無料条件（閾値）	8	shared_update_table,shared_external,same_domain	dtb_base_info	dtb_base_info	API,バッチ
m10-13	カスタムCSV出力項目設定（店舗設定／システム設定）	m10-07	店舗設定 — 税率設定（共通税率・商品別税率オプション）	8	shared_update_table,shared_external,same_domain	dtb_base_info	dtb_base_info	API,バッチ
m10-13	カスタムCSV出力項目設定（店舗設定／システム設定）	m10-09	店舗基本設定のメールアドレス設定（pf-eccube3）	8	shared_update_table,shared_external,same_domain	dtb_base_info	dtb_base_info	API,CSV,バッチ
m10-13	カスタムCSV出力項目設定（店舗設定／システム設定）	m10-14	m10-14_admin_base_setting_setting_shop_mall_shop_list（管理画面_店舗設定_基本情報_店舗一覧）	8	shared_update_table,shared_external,same_domain	dtb_base_info	dtb_base_info	API,バッチ
m10-13	カスタムCSV出力項目設定（店舗設定／システム設定）	m10-15	店舗基本設定の店舗登録（SHOPマスター保存）	8	shared_update_table,shared_external,same_domain	dtb_base_info	dtb_base_info	API,バッチ
m10-13	カスタムCSV出力項目設定（店舗設定／システム設定）	m10-16	追加システム設定（HareruyaEcプラグイン）	8	shared_update_table,shared_external,same_domain	dtb_member	dtb_base_info,dtb_member	API,バッチ
m10-13	カスタムCSV出力項目設定（店舗設定／システム設定）	m11-02	メンバー管理（システム情報設定／設定）	8	shared_update_table,shared_external	dtb_base_info,dtb_member	dtb_base_info,dtb_member	API,バッチ
m10-14	m10-14_admin_base_setting_setting_shop_mall_shop_list（管理画面_店舗設定_基本情報_店舗一覧）	m10-05	店舗基本設定 — 配送料無料条件（閾値）	8	shared_update_table,shared_external,same_domain	dtb_base_info	dtb_base_info	API,バッチ,メール
m10-14	m10-14_admin_base_setting_setting_shop_mall_shop_list（管理画面_店舗設定_基本情報_店舗一覧）	m10-07	店舗設定 — 税率設定（共通税率・商品別税率オプション）	8	shared_update_table,shared_external,same_domain	dtb_base_info	dtb_base_info	API,バッチ
m10-14	m10-14_admin_base_setting_setting_shop_mall_shop_list（管理画面_店舗設定_基本情報_店舗一覧）	m10-09	店舗基本設定のメールアドレス設定（pf-eccube3）	8	shared_update_table,shared_external,same_domain	dtb_base_info	dtb_base_info	API,バッチ,メール
m10-14	m10-14_admin_base_setting_setting_shop_mall_shop_list（管理画面_店舗設定_基本情報_店舗一覧）	m10-13	カスタムCSV出力項目設定（店舗設定／システム設定）	8	shared_update_table,shared_external,same_domain	dtb_base_info	dtb_base_info	API,バッチ
m10-14	m10-14_admin_base_setting_setting_shop_mall_shop_list（管理画面_店舗設定_基本情報_店舗一覧）	m10-15	店舗基本設定の店舗登録（SHOPマスター保存）	8	shared_update_table,shared_external,same_domain	dtb_base_info	dtb_base_info	API,バッチ,メール
m10-14	m10-14_admin_base_setting_setting_shop_mall_shop_list（管理画面_店舗設定_基本情報_店舗一覧）	a06-01	API 店頭買取管理 — 買取アプリ用ログイン	7	shared_update_table,shared_external	dtb_base_info	dtb_base_info	API
m10-14	m10-14_admin_base_setting_setting_shop_mall_shop_list（管理画面_店舗設定_基本情報_店舗一覧）	f04-01	F04-01（買い物かご）	7	shared_update_table,shared_external	dtb_base_info	dtb_base_info	API,バッチ
m10-14	m10-14_admin_base_setting_setting_shop_mall_shop_list（管理画面_店舗設定_基本情報_店舗一覧）	f08-01	店頭買取 — 査定申込前ログイン	7	shared_update_table,shared_external	dtb_base_info	dtb_base_info	API,バッチ,メール
m10-14	m10-14_admin_base_setting_setting_shop_mall_shop_list（管理画面_店舗設定_基本情報_店舗一覧）	f08-02	F08-02（店頭買取査定申込情報入力）	7	shared_update_table,shared_external	dtb_base_info	dtb_base_info	API,バッチ,メール
m10-14	m10-14_admin_base_setting_setting_shop_mall_shop_list（管理画面_店舗設定_基本情報_店舗一覧）	m07-08	M07-08（戻しリストCSV）	7	shared_update_table,shared_external	dtb_base_info	dtb_base_info	API,バッチ,メール
m10-14	m10-14_admin_base_setting_setting_shop_mall_shop_list（管理画面_店舗設定_基本情報_店舗一覧）	m07-09	M07-09（戻しリストPDF）	7	shared_update_table,shared_external	dtb_base_info	dtb_base_info	API,バッチ,メール
m10-14	m10-14_admin_base_setting_setting_shop_mall_shop_list（管理画面_店舗設定_基本情報_店舗一覧）	m08-08	M08-08（手動メール通知）	7	shared_update_table,shared_external	dtb_base_info	dtb_base_info	API,バッチ,メール
m10-15	店舗基本設定の店舗登録（SHOPマスター保存）	m10-05	店舗基本設定 — 配送料無料条件（閾値）	8	shared_update_table,shared_external,same_domain	dtb_base_info	dtb_base_info	API,バッチ,メール
m10-15	店舗基本設定の店舗登録（SHOPマスター保存）	m10-07	店舗設定 — 税率設定（共通税率・商品別税率オプション）	8	shared_update_table,shared_external,same_domain	dtb_base_info	dtb_base_info	API,バッチ
m10-15	店舗基本設定の店舗登録（SHOPマスター保存）	m10-09	店舗基本設定のメールアドレス設定（pf-eccube3）	8	shared_update_table,shared_external,same_domain	dtb_base_info	dtb_base_info	API,バッチ,メール
m10-15	店舗基本設定の店舗登録（SHOPマスター保存）	m10-13	カスタムCSV出力項目設定（店舗設定／システム設定）	8	shared_update_table,shared_external,same_domain	dtb_base_info	dtb_base_info	API,バッチ
m10-15	店舗基本設定の店舗登録（SHOPマスター保存）	m10-14	m10-14_admin_base_setting_setting_shop_mall_shop_list（管理画面_店舗設定_基本情報_店舗一覧）	8	shared_update_table,shared_external,same_domain	dtb_base_info	dtb_base_info	API,バッチ,メール
m10-15	店舗基本設定の店舗登録（SHOPマスター保存）	a06-01	API 店頭買取管理 — 買取アプリ用ログイン	7	shared_update_table,shared_external	dtb_base_info	dtb_base_info	API
m10-15	店舗基本設定の店舗登録（SHOPマスター保存）	f04-01	F04-01（買い物かご）	7	shared_update_table,shared_external	dtb_base_info	dtb_base_info	API,バッチ
m10-15	店舗基本設定の店舗登録（SHOPマスター保存）	f08-01	店頭買取 — 査定申込前ログイン	7	shared_update_table,shared_external	dtb_base_info	dtb_base_info	API,バッチ,メール
m10-15	店舗基本設定の店舗登録（SHOPマスター保存）	f08-02	F08-02（店頭買取査定申込情報入力）	7	shared_update_table,shared_external	dtb_base_info	dtb_base_info	API,バッチ,メール
m10-15	店舗基本設定の店舗登録（SHOPマスター保存）	m07-08	M07-08（戻しリストCSV）	7	shared_update_table,shared_external	dtb_base_info	dtb_base_info	API,バッチ,メール
m10-15	店舗基本設定の店舗登録（SHOPマスター保存）	m07-09	M07-09（戻しリストPDF）	7	shared_update_table,shared_external	dtb_base_info	dtb_base_info	API,バッチ,メール
m10-15	店舗基本設定の店舗登録（SHOPマスター保存）	m08-08	M08-08（手動メール通知）	7	shared_update_table,shared_external	dtb_base_info	dtb_base_info	API,バッチ,メール
m10-16	追加システム設定（HareruyaEcプラグイン）	m10-13	カスタムCSV出力項目設定（店舗設定／システム設定）	8	shared_update_table,shared_external,same_domain	dtb_member	dtb_base_info,dtb_member	API,バッチ
m10-16	追加システム設定（HareruyaEcプラグイン）	a05-04	API 受注管理 — スマレジ受信処理（ポイント履歴取得）	7	shared_update_table,shared_external	mtb_option	mtb_option	API,スマレジ,支店
m10-16	追加システム設定（HareruyaEcプラグイン）	a06-01	API 店頭買取管理 — 買取アプリ用ログイン	7	shared_update_table,shared_external	dtb_member	dtb_base_info,dtb_member	API
m10-16	追加システム設定（HareruyaEcプラグイン）	a06-04	API 店頭買取管理 — 店頭買取受注コメント更新	7	shared_update_table,shared_external	dtb_member	dtb_member	API
m10-16	追加システム設定（HareruyaEcプラグイン）	a06-13	API 店頭買取管理 — 本人確認更新	7	shared_update_table,shared_external	dtb_member	dtb_member	API
m10-16	追加システム設定（HareruyaEcプラグイン）	a07-01	API ネット買取管理 — まとめて買取商品IDの取得	7	shared_update_table,shared_external	mtb_option	mtb_option	API
m10-16	追加システム設定（HareruyaEcプラグイン）	a07-03	API ネット買取管理 — ネット買取受注コメント更新	7	shared_update_table,shared_external	dtb_member	dtb_member	API
m10-16	追加システム設定（HareruyaEcプラグイン）	a07-04	API ネット買取管理 — ネット買取受注ステータス更新	7	shared_update_table,shared_external	dtb_member	dtb_member	API
m10-16	追加システム設定（HareruyaEcプラグイン）	f03-02	F03-02（商品詳細）	7	shared_update_table,shared_external	mtb_option	mtb_option	API,バッチ
m10-16	追加システム設定（HareruyaEcプラグイン）	f03-07	F03-07（入荷時通知）	7	shared_update_table,shared_external	mtb_option	mtb_option	API,バッチ,メール
m10-16	追加システム設定（HareruyaEcプラグイン）	f06-26	F06-26（店頭PC用アカウントで通常会員と異なる制御）	7	shared_update_table,shared_external	mtb_option	mtb_option	API,バッチ,支店
m10-16	追加システム設定（HareruyaEcプラグイン）	m01-01	m01-01_admin_login_login（管理画面_認証機能）	7	shared_update_table,shared_external	dtb_member	dtb_member	API,バッチ
m11-01	メンバー管理一覧（システム情報設定／設定）	m11-02	メンバー管理（システム情報設定／設定）	17	direct_ref,reverse_ref,shared_update_table,shared_external,same_domain	dtb_member	dtb_member,dtb_member_base_info,dtb_member_sub,mtb_authority,mtb_department,mtb_work	API,スマレジ,バッチ,メール
m11-01	メンバー管理一覧（システム情報設定／設定）	m11-03	権限管理（システム設定／拒否URL）	8	shared_update_table,shared_external,same_domain	dtb_member	dtb_member,mtb_authority	API,バッチ
m11-01	メンバー管理一覧（システム情報設定／設定）	a06-01	API 店頭買取管理 — 買取アプリ用ログイン	7	shared_update_table,shared_external	dtb_member	dtb_member,dtb_member_base_info,dtb_member_sub	API
m11-01	メンバー管理一覧（システム情報設定／設定）	a06-04	API 店頭買取管理 — 店頭買取受注コメント更新	7	shared_update_table,shared_external	dtb_member	dtb_member	API
m11-01	メンバー管理一覧（システム情報設定／設定）	a06-13	API 店頭買取管理 — 本人確認更新	7	shared_update_table,shared_external	dtb_member	dtb_member	API
m11-01	メンバー管理一覧（システム情報設定／設定）	a07-03	API ネット買取管理 — ネット買取受注コメント更新	7	shared_update_table,shared_external	dtb_member	dtb_member	API
m11-01	メンバー管理一覧（システム情報設定／設定）	a07-04	API ネット買取管理 — ネット買取受注ステータス更新	7	shared_update_table,shared_external	dtb_member	dtb_member	API
m11-01	メンバー管理一覧（システム情報設定／設定）	m01-01	m01-01_admin_login_login（管理画面_認証機能）	7	shared_update_table,shared_external	dtb_member	dtb_member	API,バッチ
m11-01	メンバー管理一覧（システム情報設定／設定）	m01-02	m01-02_admin_login_two_factor_auth（管理画面_二段階認証）	7	shared_update_table,shared_external	dtb_member	dtb_member	API,バッチ
m11-01	メンバー管理一覧（システム情報設定／設定）	m04-17	M04-17（在庫履歴検索/一覧）	7	shared_update_table,shared_external	dtb_member	dtb_member	API,バッチ
m11-01	メンバー管理一覧（システム情報設定／設定）	m04-18	M04-18（在庫履歴CSV出力）	7	shared_update_table,shared_external	dtb_member	dtb_member	API,バッチ
m11-01	メンバー管理一覧（システム情報設定／設定）	m04-19	M04-19（欠品履歴検索/一覧）	7	shared_update_table,shared_external	dtb_member	dtb_member	API,バッチ
m11-02	メンバー管理（システム情報設定／設定）	m11-01	メンバー管理一覧（システム情報設定／設定）	17	direct_ref,reverse_ref,shared_update_table,shared_external,same_domain	dtb_member	dtb_member,dtb_member_base_info,dtb_member_sub,mtb_authority,mtb_department,mtb_work	API,スマレジ,バッチ,メール
m11-02	メンバー管理（システム情報設定／設定）	m11-03	権限管理（システム設定／拒否URL）	14	direct_ref,shared_update_table,shared_external,same_domain	dtb_member,mtb_authority	dtb_member,mtb_authority	API,バッチ
m11-02	メンバー管理（システム情報設定／設定）	a06-01	API 店頭買取管理 — 買取アプリ用ログイン	9	shared_update_table,shared_external	dtb_base_info,dtb_member,dtb_member_sub	dtb_base_info,dtb_member,dtb_member_base_info,dtb_member_sub,mtb_shop	API
m11-02	メンバー管理（システム情報設定／設定）	m10-13	カスタムCSV出力項目設定（店舗設定／システム設定）	8	shared_update_table,shared_external	dtb_base_info,dtb_member	dtb_base_info,dtb_member	API,バッチ
m11-02	メンバー管理（システム情報設定／設定）	a06-03	API 店頭買取管理 — 店頭買取受注詳細更新	7	shared_db_table,shared_external		dtb_base_info,dtb_member,mtb_shop	API
m11-02	メンバー管理（システム情報設定／設定）	a06-04	API 店頭買取管理 — 店頭買取受注コメント更新	7	shared_update_table,shared_external	dtb_member	dtb_member	API
m11-02	メンバー管理（システム情報設定／設定）	a06-13	API 店頭買取管理 — 本人確認更新	7	shared_update_table,shared_external	dtb_member	dtb_member	API
m11-02	メンバー管理（システム情報設定／設定）	a07-03	API ネット買取管理 — ネット買取受注コメント更新	7	shared_update_table,shared_external	dtb_member	dtb_member	API
m11-02	メンバー管理（システム情報設定／設定）	a07-04	API ネット買取管理 — ネット買取受注ステータス更新	7	shared_update_table,shared_external	dtb_member	dtb_member	API
m11-02	メンバー管理（システム情報設定／設定）	f04-01	F04-01（買い物かご）	7	shared_update_table,shared_external	dtb_base_info	dtb_base_info	API,バッチ
m11-02	メンバー管理（システム情報設定／設定）	f08-01	店頭買取 — 査定申込前ログイン	7	shared_update_table,shared_external	dtb_base_info	dtb_base_info	API,バッチ,メール
m11-02	メンバー管理（システム情報設定／設定）	f08-02	F08-02（店頭買取査定申込情報入力）	7	shared_update_table,shared_external	dtb_base_info	dtb_base_info	API,バッチ,メール
m11-03	権限管理（システム設定／拒否URL）	m11-02	メンバー管理（システム情報設定／設定）	13	reverse_ref,shared_update_table,shared_external,same_domain	dtb_member,mtb_authority	dtb_member,mtb_authority	API,バッチ
m11-03	権限管理（システム設定／拒否URL）	m11-01	メンバー管理一覧（システム情報設定／設定）	8	shared_update_table,shared_external,same_domain	dtb_member	dtb_member,mtb_authority	API,バッチ
m11-03	権限管理（システム設定／拒否URL）	m11-06	m11-06_admin_system_setting_setting_system_system_info（管理画面_設定_システム設定_システム情報）	8	shared_update_table,shared_external,same_domain	dtb_authority_role	dtb_authority_role	API,バッチ
m11-03	権限管理（システム設定／拒否URL）	a06-01	API 店頭買取管理 — 買取アプリ用ログイン	7	shared_update_table,shared_external	dtb_member	dtb_member	API
m11-03	権限管理（システム設定／拒否URL）	a06-04	API 店頭買取管理 — 店頭買取受注コメント更新	7	shared_update_table,shared_external	dtb_member	dtb_member	API
m11-03	権限管理（システム設定／拒否URL）	a06-13	API 店頭買取管理 — 本人確認更新	7	shared_update_table,shared_external	dtb_member	dtb_member	API
m11-03	権限管理（システム設定／拒否URL）	a07-03	API ネット買取管理 — ネット買取受注コメント更新	7	shared_update_table,shared_external	dtb_member	dtb_member	API
m11-03	権限管理（システム設定／拒否URL）	a07-04	API ネット買取管理 — ネット買取受注ステータス更新	7	shared_update_table,shared_external	dtb_member	dtb_member	API
m11-03	権限管理（システム設定／拒否URL）	m01-01	m01-01_admin_login_login（管理画面_認証機能）	7	shared_update_table,shared_external	dtb_member	dtb_member	API,バッチ
m11-03	権限管理（システム設定／拒否URL）	m01-02	m01-02_admin_login_two_factor_auth（管理画面_二段階認証）	7	shared_update_table,shared_external	dtb_member	dtb_member	API,バッチ
m11-03	権限管理（システム設定／拒否URL）	m03-41	m03-41_admin_product_product_category_csv_import（管理画面_商品管理_カテゴリCSV登録）	7	shared_update_table,shared_external	dtb_authority_role	dtb_authority_role	API,CSV,バッチ
m11-03	権限管理（システム設定／拒否URL）	m04-17	M04-17（在庫履歴検索/一覧）	7	shared_update_table,shared_external	dtb_member	dtb_member	API,CSV,バッチ
m11-04	m11-04_admin_system_setting_setting_system_login_history（管理画面_ログイン履歴）	m01-01	m01-01_admin_login_login（管理画面_認証機能）	7	shared_update_table,shared_external	dtb_login_history	dtb_login_history	API,バッチ
m11-05	m11-05_admin_system_setting_setting_system_masterdata（管理画面_設定_システム設定_マスタデータ管理）	m11-03	権限管理（システム設定／拒否URL）	6	shared_db_table,shared_external,same_domain		dtb_authority_role	API,バッチ
m11-05	m11-05_admin_system_setting_setting_system_masterdata（管理画面_設定_システム設定_マスタデータ管理）	m11-06	m11-06_admin_system_setting_setting_system_system_info（管理画面_設定_システム設定_システム情報）	6	shared_db_table,shared_external,same_domain		dtb_authority_role	API,バッチ
m11-05	m11-05_admin_system_setting_setting_system_masterdata（管理画面_設定_システム設定_マスタデータ管理）	m03-41	m03-41_admin_product_product_category_csv_import（管理画面_商品管理_カテゴリCSV登録）	5	shared_db_table,shared_external		dtb_authority_role	API,バッチ
m11-05	m11-05_admin_system_setting_setting_system_masterdata（管理画面_設定_システム設定_マスタデータ管理）	m10-11	m10-11_admin_base_setting_setting_shop_order_status（管理画面_店舗設定_受注対応状況設定）	5	shared_db_table,shared_external		dtb_authority_role	API,バッチ
m11-06	m11-06_admin_system_setting_setting_system_system_info（管理画面_設定_システム設定_システム情報）	m11-03	権限管理（システム設定／拒否URL）	8	shared_update_table,shared_external,same_domain	dtb_authority_role	dtb_authority_role	API,バッチ
m11-06	m11-06_admin_system_setting_setting_system_system_info（管理画面_設定_システム設定_システム情報）	m03-41	m03-41_admin_product_product_category_csv_import（管理画面_商品管理_カテゴリCSV登録）	7	shared_update_table,shared_external	dtb_authority_role	dtb_authority_role	API,バッチ
m11-06	m11-06_admin_system_setting_setting_system_system_info（管理画面_設定_システム設定_システム情報）	m11-05	m11-05_admin_system_setting_setting_system_masterdata（管理画面_設定_システム設定_マスタデータ管理）	6	shared_db_table,shared_external,same_domain		dtb_authority_role	API,バッチ
m11-06	m11-06_admin_system_setting_setting_system_system_info（管理画面_設定_システム設定_システム情報）	m10-11	m10-11_admin_base_setting_setting_shop_order_status（管理画面_店舗設定_受注対応状況設定）	5	shared_db_table,shared_external		dtb_authority_role	API,バッチ
m12-01	M12-01（日別/月別集計 集計一覧表示）	m12-02	M12-02（日別/月別集計 CSVダウンロード）	17	direct_ref,reverse_ref,shared_update_table,shared_external,same_domain	dtb_player	dtb_order,dtb_order_detail,dtb_order_item,dtb_player	API,CSV,バッチ,メール
m12-01	M12-01（日別/月別集計 集計一覧表示）	m12-03	M12-03（受注/売上分析 集計一覧表示）	17	direct_ref,reverse_ref,shared_db_table,shared_external,same_domain		dtb_order,dtb_order_detail,dtb_order_item	API,CSV,バッチ
m12-01	M12-01（日別/月別集計 集計一覧表示）	m12-08	M12-08（フォーマット売上分析 CSVダウンロード）	13	direct_ref,shared_db_table,shared_external,same_domain		dtb_order,dtb_order_detail,dtb_order_item	API,CSV,バッチ
m12-01	M12-01（日別/月別集計 集計一覧表示）	m12-07	M12-07（フォーマット売上分析 集計一覧表示）	12	reverse_ref,shared_db_table,shared_external,same_domain		dtb_order,dtb_order_detail,dtb_order_item	API,CSV,バッチ
m12-01	M12-01（日別/月別集計 集計一覧表示）	m12-04	M12-04（受注/売上分析 CSVダウンロード）	8	shared_db_table,shared_external,same_domain		dtb_order,dtb_order_detail,dtb_order_item	API,CSV,バッチ
m12-01	M12-01（日別/月別集計 集計一覧表示）	a05-04	API 受注管理 — スマレジ受信処理（ポイント履歴取得）	7	shared_update_table,shared_external	dtb_player	dtb_player	API
m12-01	M12-01（日別/月別集計 集計一覧表示）	a15-05	API デッキビルダー — ユーザー情報変更	7	shared_update_table,shared_external	dtb_player	dtb_player	API,メール
m12-01	M12-01（日別/月別集計 集計一覧表示）	a17-03	API その他 — PointGranterAPI連携	7	shared_update_table,shared_external	dtb_player	dtb_player	API,バッチ
m12-01	M12-01（日別/月別集計 集計一覧表示）	b02-01	バッチ 商品管理 — 期間別販売数集計	7	shared_db_table,shared_external		dtb_order,dtb_order_detail,dtb_order_item	API,バッチ
m12-01	M12-01（日別/月別集計 集計一覧表示）	b02-06	バッチ 商品管理 — 在庫初期化	7	shared_db_table,shared_external		dtb_order,dtb_order_detail,dtb_order_item	API,バッチ
m12-01	M12-01（日別/月別集計 集計一覧表示）	b05-09	バッチ 受注管理 — スマレジ取引連携エラー再連携	7	shared_update_table,shared_external	dtb_player	dtb_player	API,バッチ
m12-01	M12-01（日別/月別集計 集計一覧表示）	b08-02	バッチ 会員管理 — ポイント失効	7	shared_update_table,shared_external	dtb_player	dtb_player	API,バッチ
m12-02	M12-02（日別/月別集計 CSVダウンロード）	m12-01	M12-01（日別/月別集計 集計一覧表示）	17	direct_ref,reverse_ref,shared_update_table,shared_external,same_domain	dtb_player	dtb_order,dtb_order_detail,dtb_order_item,dtb_player	API,CSV,バッチ,メール
m12-02	M12-02（日別/月別集計 CSVダウンロード）	m12-04	M12-04（受注/売上分析 CSVダウンロード）	17	direct_ref,reverse_ref,shared_db_table,shared_external,same_domain		dtb_order,dtb_order_detail,dtb_order_item	API,CSV,バッチ
m12-02	M12-02（日別/月別集計 CSVダウンロード）	m12-08	M12-08（フォーマット売上分析 CSVダウンロード）	17	direct_ref,reverse_ref,shared_db_table,shared_external,same_domain		dtb_order,dtb_order_detail,dtb_order_item	API,CSV,バッチ
m12-02	M12-02（日別/月別集計 CSVダウンロード）	m12-06	M12-06（入荷通知依頼 CSVダウンロード）	16	direct_ref,reverse_ref,shared_db_table,shared_external,same_domain		dtb_order,dtb_player	API,CSV,バッチ
m12-02	M12-02（日別/月別集計 CSVダウンロード）	m12-03	M12-03（受注/売上分析 集計一覧表示）	12	reverse_ref,shared_db_table,shared_external,same_domain		dtb_order,dtb_order_detail,dtb_order_item	API,CSV,バッチ
m12-02	M12-02（日別/月別集計 CSVダウンロード）	m12-07	M12-07（フォーマット売上分析 集計一覧表示）	8	shared_db_table,shared_external,same_domain		dtb_order,dtb_order_detail,dtb_order_item	API,CSV,バッチ
m12-02	M12-02（日別/月別集計 CSVダウンロード）	a05-04	API 受注管理 — スマレジ受信処理（ポイント履歴取得）	7	shared_update_table,shared_external	dtb_player	dtb_player	API
m12-02	M12-02（日別/月別集計 CSVダウンロード）	a15-05	API デッキビルダー — ユーザー情報変更	7	shared_update_table,shared_external	dtb_player	dtb_player	API,メール
m12-02	M12-02（日別/月別集計 CSVダウンロード）	a17-03	API その他 — PointGranterAPI連携	7	shared_update_table,shared_external	dtb_player	dtb_player	API,バッチ
m12-02	M12-02（日別/月別集計 CSVダウンロード）	b02-01	バッチ 商品管理 — 期間別販売数集計	7	shared_db_table,shared_external		dtb_order,dtb_order_detail,dtb_order_item	API,バッチ
m12-02	M12-02（日別/月別集計 CSVダウンロード）	b02-06	バッチ 商品管理 — 在庫初期化	7	shared_db_table,shared_external		dtb_order,dtb_order_detail,dtb_order_item	API,バッチ
m12-02	M12-02（日別/月別集計 CSVダウンロード）	b05-09	バッチ 受注管理 — スマレジ取引連携エラー再連携	7	shared_update_table,shared_external	dtb_player	dtb_player	API,バッチ
m12-03	M12-03（受注/売上分析 集計一覧表示）	m12-01	M12-01（日別/月別集計 集計一覧表示）	17	direct_ref,reverse_ref,shared_db_table,shared_external,same_domain		dtb_order,dtb_order_detail,dtb_order_item	API,CSV,バッチ
m12-03	M12-03（受注/売上分析 集計一覧表示）	m12-04	M12-04（受注/売上分析 CSVダウンロード）	17	direct_ref,reverse_ref,shared_db_table,shared_external,same_domain		dtb_order,dtb_order_detail,dtb_order_item,dtb_order_sub	API,CSV,バッチ
m12-03	M12-03（受注/売上分析 集計一覧表示）	m12-02	M12-02（日別/月別集計 CSVダウンロード）	13	direct_ref,shared_db_table,shared_external,same_domain		dtb_order,dtb_order_detail,dtb_order_item	API,CSV,バッチ
m12-03	M12-03（受注/売上分析 集計一覧表示）	m12-08	M12-08（フォーマット売上分析 CSVダウンロード）	13	direct_ref,shared_db_table,shared_external,same_domain		dtb_order,dtb_order_detail,dtb_order_item	API,CSV,バッチ
m12-03	M12-03（受注/売上分析 集計一覧表示）	m12-05	M12-05（入荷通知依頼 一覧表示）	11	direct_ref,shared_db_table,shared_external,same_domain		dtb_order	API,CSV,バッチ
m12-03	M12-03（受注/売上分析 集計一覧表示）	m12-07	M12-07（フォーマット売上分析 集計一覧表示）	8	shared_db_table,shared_external,same_domain		dtb_order,dtb_order_detail,dtb_order_item	API,CSV,バッチ
m12-03	M12-03（受注/売上分析 集計一覧表示）	b02-01	バッチ 商品管理 — 期間別販売数集計	7	shared_db_table,shared_external		dtb_order,dtb_order_detail,dtb_order_item	API,バッチ
m12-03	M12-03（受注/売上分析 集計一覧表示）	b02-06	バッチ 商品管理 — 在庫初期化	7	shared_db_table,shared_external		dtb_order,dtb_order_detail,dtb_order_item	API,バッチ
m12-03	M12-03（受注/売上分析 集計一覧表示）	f03-05	商品 — 商品リコメンド（おすすめ商品ブロック）	7	shared_db_table,shared_external		dtb_order,dtb_order_detail,dtb_order_item	API,バッチ
m12-03	M12-03（受注/売上分析 集計一覧表示）	f04-02	F04-02（ご注文方法指定 — 注文情報の入力・確認・注文）	7	shared_db_table,shared_external		dtb_order,dtb_order_detail,dtb_order_item	API,バッチ
m12-03	M12-03（受注/売上分析 集計一覧表示）	f06-06	F06-06（購入履歴一覧）	7	shared_db_table,shared_external		dtb_order,dtb_order_detail,dtb_order_item	API,バッチ
m12-03	M12-03（受注/売上分析 集計一覧表示）	f06-07	F06-07（購入履歴詳細）	7	shared_db_table,shared_external		dtb_order,dtb_order_detail,dtb_order_item,dtb_order_sub	API,バッチ
m12-04	M12-04（受注/売上分析 CSVダウンロード）	m12-02	M12-02（日別/月別集計 CSVダウンロード）	17	direct_ref,reverse_ref,shared_db_table,shared_external,same_domain		dtb_order,dtb_order_detail,dtb_order_item	API,CSV,バッチ
m12-04	M12-04（受注/売上分析 CSVダウンロード）	m12-03	M12-03（受注/売上分析 集計一覧表示）	17	direct_ref,reverse_ref,shared_db_table,shared_external,same_domain		dtb_order,dtb_order_detail,dtb_order_item,dtb_order_sub	API,CSV,バッチ
m12-04	M12-04（受注/売上分析 CSVダウンロード）	m12-08	M12-08（フォーマット売上分析 CSVダウンロード）	17	direct_ref,reverse_ref,shared_db_table,shared_external,same_domain		dtb_order,dtb_order_detail,dtb_order_item	API,CSV,バッチ
m12-04	M12-04（受注/売上分析 CSVダウンロード）	m12-06	M12-06（入荷通知依頼 CSVダウンロード）	15	direct_ref,reverse_ref,shared_db_table,shared_external,same_domain		dtb_order	API,CSV,バッチ
m12-04	M12-04（受注/売上分析 CSVダウンロード）	m12-01	M12-01（日別/月別集計 集計一覧表示）	8	shared_db_table,shared_external,same_domain		dtb_order,dtb_order_detail,dtb_order_item	API,CSV,バッチ
m12-04	M12-04（受注/売上分析 CSVダウンロード）	m12-07	M12-07（フォーマット売上分析 集計一覧表示）	8	shared_db_table,shared_external,same_domain		dtb_order,dtb_order_detail,dtb_order_item	API,CSV,バッチ
m12-04	M12-04（受注/売上分析 CSVダウンロード）	b02-01	バッチ 商品管理 — 期間別販売数集計	7	shared_db_table,shared_external		dtb_order,dtb_order_detail,dtb_order_item	API,バッチ
m12-04	M12-04（受注/売上分析 CSVダウンロード）	b02-06	バッチ 商品管理 — 在庫初期化	7	shared_db_table,shared_external		dtb_order,dtb_order_detail,dtb_order_item	API,バッチ
m12-04	M12-04（受注/売上分析 CSVダウンロード）	f03-05	商品 — 商品リコメンド（おすすめ商品ブロック）	7	shared_db_table,shared_external		dtb_order,dtb_order_detail,dtb_order_item	API,バッチ
m12-04	M12-04（受注/売上分析 CSVダウンロード）	f04-02	F04-02（ご注文方法指定 — 注文情報の入力・確認・注文）	7	shared_db_table,shared_external		dtb_order,dtb_order_detail,dtb_order_item	API,バッチ
m12-04	M12-04（受注/売上分析 CSVダウンロード）	f06-06	F06-06（購入履歴一覧）	7	shared_db_table,shared_external		dtb_order,dtb_order_detail,dtb_order_item	API,バッチ
m12-04	M12-04（受注/売上分析 CSVダウンロード）	f06-07	F06-07（購入履歴詳細）	7	shared_db_table,shared_external		dtb_order,dtb_order_detail,dtb_order_item,dtb_order_sub	API,バッチ
m12-05	M12-05（入荷通知依頼 一覧表示）	m12-06	M12-06（入荷通知依頼 CSVダウンロード）	17	direct_ref,reverse_ref,shared_update_table,shared_external,same_domain	dtb_product_request	dtb_customer,dtb_order,dtb_player,dtb_product_class,dtb_product_request	API,CSV,バッチ
m12-05	M12-05（入荷通知依頼 一覧表示）	m12-03	M12-03（受注/売上分析 集計一覧表示）	10	reverse_ref,shared_db_table,shared_external,same_domain		dtb_order	API,CSV,バッチ
m12-05	M12-05（入荷通知依頼 一覧表示）	b02-02	バッチ 商品管理 — 入荷通知キャンセル	7	shared_update_table,shared_external	dtb_product_request	dtb_product_class,dtb_product_request	API,バッチ
m12-05	M12-05（入荷通知依頼 一覧表示）	f03-07	F03-07（入荷時通知）	7	shared_update_table,shared_external	dtb_product_request	dtb_product_request	API,バッチ
m12-05	M12-05（入荷通知依頼 一覧表示）	f04-01	F04-01（買い物かご）	7	shared_update_table,shared_external	dtb_product_request	dtb_product_class,dtb_product_request	API,バッチ
m12-05	M12-05（入荷通知依頼 一覧表示）	f06-08	F06-08（入荷待ち商品一覧）	7	shared_update_table,shared_external	dtb_product_request	dtb_player,dtb_product_class,dtb_product_request	API,バッチ
m12-05	M12-05（入荷通知依頼 一覧表示）	m12-01	M12-01（日別/月別集計 集計一覧表示）	7	shared_db_table,shared_external,same_domain		dtb_order,dtb_player	API,CSV,バッチ
m12-05	M12-05（入荷通知依頼 一覧表示）	m12-02	M12-02（日別/月別集計 CSVダウンロード）	7	shared_db_table,shared_external,same_domain		dtb_order,dtb_player	API,CSV,バッチ
m12-05	M12-05（入荷通知依頼 一覧表示）	a15-02	API デッキビルダー — ログアウト	6	shared_db_table,shared_external		dtb_customer,dtb_player	API
m12-05	M12-05（入荷通知依頼 一覧表示）	a17-03	API その他 — PointGranterAPI連携	6	shared_db_table,shared_external		dtb_customer,dtb_player	API,バッチ
m12-05	M12-05（入荷通知依頼 一覧表示）	b02-01	バッチ 商品管理 — 期間別販売数集計	6	shared_db_table,shared_external		dtb_order,dtb_product_class	API,バッチ
m12-05	M12-05（入荷通知依頼 一覧表示）	b05-02	バッチ 受注管理 — 購入完了手続き再処理	6	shared_db_table,shared_external		dtb_order,dtb_product_class	API,バッチ
m12-06	M12-06（入荷通知依頼 CSVダウンロード）	m12-05	M12-05（入荷通知依頼 一覧表示）	17	direct_ref,reverse_ref,shared_update_table,shared_external,same_domain	dtb_product_request	dtb_customer,dtb_order,dtb_player,dtb_product_class,dtb_product_request	API,CSV,バッチ
m12-06	M12-06（入荷通知依頼 CSVダウンロード）	m12-02	M12-02（日別/月別集計 CSVダウンロード）	16	direct_ref,reverse_ref,shared_db_table,shared_external,same_domain		dtb_order,dtb_player	API,CSV,バッチ
m12-06	M12-06（入荷通知依頼 CSVダウンロード）	m12-04	M12-04（受注/売上分析 CSVダウンロード）	15	direct_ref,reverse_ref,shared_db_table,shared_external,same_domain		dtb_order	API,CSV,バッチ
m12-06	M12-06（入荷通知依頼 CSVダウンロード）	m12-08	M12-08（フォーマット売上分析 CSVダウンロード）	15	direct_ref,reverse_ref,shared_db_table,shared_external,same_domain		dtb_order	API,CSV,バッチ
m12-06	M12-06（入荷通知依頼 CSVダウンロード）	m12-07	M12-07（フォーマット売上分析 集計一覧表示）	10	reverse_ref,shared_db_table,shared_external,same_domain		dtb_order	API,CSV,バッチ
m12-06	M12-06（入荷通知依頼 CSVダウンロード）	b02-02	バッチ 商品管理 — 入荷通知キャンセル	7	shared_update_table,shared_external	dtb_product_request	dtb_product_class,dtb_product_request	API,バッチ
m12-06	M12-06（入荷通知依頼 CSVダウンロード）	f03-07	F03-07（入荷時通知）	7	shared_update_table,shared_external	dtb_product_request	dtb_product_request	API,バッチ
m12-06	M12-06（入荷通知依頼 CSVダウンロード）	f04-01	F04-01（買い物かご）	7	shared_update_table,shared_external	dtb_product_request	dtb_product_class,dtb_product_request	API,バッチ
m12-06	M12-06（入荷通知依頼 CSVダウンロード）	f06-08	F06-08（入荷待ち商品一覧）	7	shared_update_table,shared_external	dtb_product_request	dtb_player,dtb_product_class,dtb_product_request	API,バッチ
m12-06	M12-06（入荷通知依頼 CSVダウンロード）	m12-01	M12-01（日別/月別集計 集計一覧表示）	7	shared_db_table,shared_external,same_domain		dtb_order,dtb_player	API,CSV,バッチ
m12-06	M12-06（入荷通知依頼 CSVダウンロード）	a15-02	API デッキビルダー — ログアウト	6	shared_db_table,shared_external		dtb_customer,dtb_player	API
m12-06	M12-06（入荷通知依頼 CSVダウンロード）	a17-03	API その他 — PointGranterAPI連携	6	shared_db_table,shared_external		dtb_customer,dtb_player	API,バッチ
m12-07	M12-07（フォーマット売上分析 集計一覧表示）	m12-08	M12-08（フォーマット売上分析 CSVダウンロード）	17	direct_ref,reverse_ref,shared_db_table,shared_external,same_domain		dtb_order,dtb_order_detail,dtb_order_detail_sub_tag_sales_analysis,dtb_order_item,dtb_order_item_tag_sales_analysis,dtb_product,dtb_product_sub,mtb_tag_sales_analysis	API,CSV,バッチ
m12-07	M12-07（フォーマット売上分析 集計一覧表示）	m12-01	M12-01（日別/月別集計 集計一覧表示）	13	direct_ref,shared_db_table,shared_external,same_domain		dtb_order,dtb_order_detail,dtb_order_item	API,CSV,バッチ
m12-07	M12-07（フォーマット売上分析 集計一覧表示）	m12-06	M12-06（入荷通知依頼 CSVダウンロード）	11	direct_ref,shared_db_table,shared_external,same_domain		dtb_order	API,CSV,バッチ
m12-07	M12-07（フォーマット売上分析 集計一覧表示）	m12-02	M12-02（日別/月別集計 CSVダウンロード）	8	shared_db_table,shared_external,same_domain		dtb_order,dtb_order_detail,dtb_order_item	API,CSV,バッチ
m12-07	M12-07（フォーマット売上分析 集計一覧表示）	m12-03	M12-03（受注/売上分析 集計一覧表示）	8	shared_db_table,shared_external,same_domain		dtb_order,dtb_order_detail,dtb_order_item	API,CSV,バッチ
m12-07	M12-07（フォーマット売上分析 集計一覧表示）	m12-04	M12-04（受注/売上分析 CSVダウンロード）	8	shared_db_table,shared_external,same_domain		dtb_order,dtb_order_detail,dtb_order_item	API,CSV,バッチ
m12-07	M12-07（フォーマット売上分析 集計一覧表示）	b02-01	バッチ 商品管理 — 期間別販売数集計	7	shared_db_table,shared_external		dtb_order,dtb_order_detail,dtb_order_item	API,バッチ
m12-07	M12-07（フォーマット売上分析 集計一覧表示）	b02-06	バッチ 商品管理 — 在庫初期化	7	shared_db_table,shared_external		dtb_order,dtb_order_detail,dtb_order_item	API,バッチ
m12-07	M12-07（フォーマット売上分析 集計一覧表示）	f03-05	商品 — 商品リコメンド（おすすめ商品ブロック）	7	shared_db_table,shared_external		dtb_order,dtb_order_detail,dtb_order_item,dtb_product	API,バッチ
m12-07	M12-07（フォーマット売上分析 集計一覧表示）	f04-02	F04-02（ご注文方法指定 — 注文情報の入力・確認・注文）	7	shared_db_table,shared_external		dtb_order,dtb_order_detail,dtb_order_item	API,バッチ
m12-07	M12-07（フォーマット売上分析 集計一覧表示）	f06-06	F06-06（購入履歴一覧）	7	shared_db_table,shared_external		dtb_order,dtb_order_detail,dtb_order_item	API,バッチ
m12-07	M12-07（フォーマット売上分析 集計一覧表示）	f06-07	F06-07（購入履歴詳細）	7	shared_db_table,shared_external		dtb_order,dtb_order_detail,dtb_order_item	API,バッチ
m12-08	M12-08（フォーマット売上分析 CSVダウンロード）	m12-02	M12-02（日別/月別集計 CSVダウンロード）	17	direct_ref,reverse_ref,shared_db_table,shared_external,same_domain		dtb_order,dtb_order_detail,dtb_order_item	API,CSV,バッチ
m12-08	M12-08（フォーマット売上分析 CSVダウンロード）	m12-04	M12-04（受注/売上分析 CSVダウンロード）	17	direct_ref,reverse_ref,shared_db_table,shared_external,same_domain		dtb_order,dtb_order_detail,dtb_order_item	API,CSV,バッチ
m12-08	M12-08（フォーマット売上分析 CSVダウンロード）	m12-07	M12-07（フォーマット売上分析 集計一覧表示）	17	direct_ref,reverse_ref,shared_db_table,shared_external,same_domain		dtb_order,dtb_order_detail,dtb_order_detail_sub_tag_sales_analysis,dtb_order_item,dtb_order_item_tag_sales_analysis,dtb_product,dtb_product_sub,mtb_tag_sales_analysis	API,CSV,バッチ
m12-08	M12-08（フォーマット売上分析 CSVダウンロード）	m12-06	M12-06（入荷通知依頼 CSVダウンロード）	15	direct_ref,reverse_ref,shared_db_table,shared_external,same_domain		dtb_order	API,CSV,バッチ
m12-08	M12-08（フォーマット売上分析 CSVダウンロード）	m12-01	M12-01（日別/月別集計 集計一覧表示）	12	reverse_ref,shared_db_table,shared_external,same_domain		dtb_order,dtb_order_detail,dtb_order_item	API,CSV,バッチ
m12-08	M12-08（フォーマット売上分析 CSVダウンロード）	m12-03	M12-03（受注/売上分析 集計一覧表示）	12	reverse_ref,shared_db_table,shared_external,same_domain		dtb_order,dtb_order_detail,dtb_order_item	API,CSV,バッチ
m12-08	M12-08（フォーマット売上分析 CSVダウンロード）	b02-01	バッチ 商品管理 — 期間別販売数集計	7	shared_db_table,shared_external		dtb_order,dtb_order_detail,dtb_order_item	API,バッチ
m12-08	M12-08（フォーマット売上分析 CSVダウンロード）	b02-06	バッチ 商品管理 — 在庫初期化	7	shared_db_table,shared_external		dtb_order,dtb_order_detail,dtb_order_item	API,バッチ
m12-08	M12-08（フォーマット売上分析 CSVダウンロード）	f03-05	商品 — 商品リコメンド（おすすめ商品ブロック）	7	shared_db_table,shared_external		dtb_order,dtb_order_detail,dtb_order_item,dtb_product	API,バッチ
m12-08	M12-08（フォーマット売上分析 CSVダウンロード）	f04-02	F04-02（ご注文方法指定 — 注文情報の入力・確認・注文）	7	shared_db_table,shared_external		dtb_order,dtb_order_detail,dtb_order_item	API,バッチ
m12-08	M12-08（フォーマット売上分析 CSVダウンロード）	f06-06	F06-06（購入履歴一覧）	7	shared_db_table,shared_external		dtb_order,dtb_order_detail,dtb_order_item	API,バッチ
m12-08	M12-08（フォーマット売上分析 CSVダウンロード）	f06-07	F06-07（購入履歴詳細）	7	shared_db_table,shared_external		dtb_order,dtb_order_detail,dtb_order_item	API,バッチ
m12-09	分析集計 — デッキ採用枚数集計（出力条件変更・特集タグ編集用CSVダウンロード）	m12-10	分析集計 — デッキ採用枚数集計（出力条件変更・特集タグ編集用CSVダウンロード）	16	direct_ref,reverse_ref,shared_db_table,shared_external,same_domain		dtb_deck,dtb_deck_card	API,CSV,バッチ
m12-09	分析集計 — デッキ採用枚数集計（出力条件変更・特集タグ編集用CSVダウンロード）	a15-09	API デッキビルダー — デッキ情報登録	6	shared_db_table,shared_external		dtb_deck,dtb_deck_card	API
m12-09	分析集計 — デッキ採用枚数集計（出力条件変更・特集タグ編集用CSVダウンロード）	a15-10	API デッキビルダー — デッキ情報更新	6	shared_db_table,shared_external		dtb_deck,dtb_deck_card	API,バッチ
m12-09	分析集計 — デッキ採用枚数集計（出力条件変更・特集タグ編集用CSVダウンロード）	a15-12	API デッキビルダー — デッキ情報参照	6	shared_db_table,shared_external		dtb_deck,dtb_deck_card	API
m12-09	分析集計 — デッキ採用枚数集計（出力条件変更・特集タグ編集用CSVダウンロード）	a15-13	API デッキビルダー — デッキ情報検索	6	shared_db_table,shared_external		dtb_deck,dtb_deck_card	API
m12-09	分析集計 — デッキ採用枚数集計（出力条件変更・特集タグ編集用CSVダウンロード）	a15-15	API デッキビルダー — 採用枚数情報参照	6	shared_db_table,shared_external		dtb_deck,dtb_deck_card	API
m12-09	分析集計 — デッキ採用枚数集計（出力条件変更・特集タグ編集用CSVダウンロード）	a15-17	API デッキビルダー — デッキ登録インポート	6	shared_db_table,shared_external		dtb_deck,dtb_deck_card	API
m12-09	分析集計 — デッキ採用枚数集計（出力条件変更・特集タグ編集用CSVダウンロード）	a15-18	API デッキビルダー — デッキ更新インポート	6	shared_db_table,shared_external		dtb_deck,dtb_deck_card	API
m12-09	分析集計 — デッキ採用枚数集計（出力条件変更・特集タグ編集用CSVダウンロード）	f06-16	F06-16（大会デッキ登録編集）	6	shared_db_table,shared_external		dtb_deck,dtb_deck_card	API,バッチ
m12-09	分析集計 — デッキ採用枚数集計（出力条件変更・特集タグ編集用CSVダウンロード）	f06-17	F06-17（大会に登録するデッキの確認・登録）	6	shared_db_table,shared_external		dtb_deck,dtb_deck_card	API,バッチ
m12-09	分析集計 — デッキ採用枚数集計（出力条件変更・特集タグ編集用CSVダウンロード）	m15-01	デッキ管理 — デッキ検索・一覧	6	shared_db_table,shared_external		dtb_deck,dtb_deck_card	API,CSV,バッチ
m12-09	分析集計 — デッキ採用枚数集計（出力条件変更・特集タグ編集用CSVダウンロード）	m15-02	デッキ管理 — デッキ CSV 出力	6	shared_db_table,shared_external		dtb_deck,dtb_deck_card	API,CSV,バッチ
m12-10	分析集計 — デッキ採用枚数集計（出力条件変更・特集タグ編集用CSVダウンロード）	m12-09	分析集計 — デッキ採用枚数集計（出力条件変更・特集タグ編集用CSVダウンロード）	16	direct_ref,reverse_ref,shared_db_table,shared_external,same_domain		dtb_deck,dtb_deck_card	API,CSV,バッチ
m12-10	分析集計 — デッキ採用枚数集計（出力条件変更・特集タグ編集用CSVダウンロード）	a15-09	API デッキビルダー — デッキ情報登録	6	shared_db_table,shared_external		dtb_deck,dtb_deck_card	API
m12-10	分析集計 — デッキ採用枚数集計（出力条件変更・特集タグ編集用CSVダウンロード）	a15-10	API デッキビルダー — デッキ情報更新	6	shared_db_table,shared_external		dtb_deck,dtb_deck_card	API,バッチ
m12-10	分析集計 — デッキ採用枚数集計（出力条件変更・特集タグ編集用CSVダウンロード）	a15-12	API デッキビルダー — デッキ情報参照	6	shared_db_table,shared_external		dtb_deck,dtb_deck_card	API
m12-10	分析集計 — デッキ採用枚数集計（出力条件変更・特集タグ編集用CSVダウンロード）	a15-13	API デッキビルダー — デッキ情報検索	6	shared_db_table,shared_external		dtb_deck,dtb_deck_card	API
m12-10	分析集計 — デッキ採用枚数集計（出力条件変更・特集タグ編集用CSVダウンロード）	a15-15	API デッキビルダー — 採用枚数情報参照	6	shared_db_table,shared_external		dtb_deck,dtb_deck_card	API
m12-10	分析集計 — デッキ採用枚数集計（出力条件変更・特集タグ編集用CSVダウンロード）	a15-17	API デッキビルダー — デッキ登録インポート	6	shared_db_table,shared_external		dtb_deck,dtb_deck_card	API
m12-10	分析集計 — デッキ採用枚数集計（出力条件変更・特集タグ編集用CSVダウンロード）	a15-18	API デッキビルダー — デッキ更新インポート	6	shared_db_table,shared_external		dtb_deck,dtb_deck_card	API
m12-10	分析集計 — デッキ採用枚数集計（出力条件変更・特集タグ編集用CSVダウンロード）	f06-16	F06-16（大会デッキ登録編集）	6	shared_db_table,shared_external		dtb_deck,dtb_deck_card	API,バッチ
m12-10	分析集計 — デッキ採用枚数集計（出力条件変更・特集タグ編集用CSVダウンロード）	f06-17	F06-17（大会に登録するデッキの確認・登録）	6	shared_db_table,shared_external		dtb_deck,dtb_deck_card	API,バッチ
m12-10	分析集計 — デッキ採用枚数集計（出力条件変更・特集タグ編集用CSVダウンロード）	m15-01	デッキ管理 — デッキ検索・一覧	6	shared_db_table,shared_external		dtb_deck,dtb_deck_card	API,CSV,バッチ
m12-10	分析集計 — デッキ採用枚数集計（出力条件変更・特集タグ編集用CSVダウンロード）	m15-02	デッキ管理 — デッキ CSV 出力	6	shared_db_table,shared_external		dtb_deck,dtb_deck_card	API,CSV,バッチ
m13-01	M13-01（イベント一覧検索）	m13-02	M13-02（イベント編集/削除）	17	direct_ref,reverse_ref,shared_update_table,shared_external,same_domain	dtb_event	dtb_event,dtb_event_detail,dtb_event_format	API,バッチ
m13-01	M13-01（イベント一覧検索）	m13-05	M13-05（複製新規）	17	direct_ref,reverse_ref,shared_update_table,shared_external,same_domain	dtb_event	dtb_event,dtb_event_detail	API,バッチ
m13-01	M13-01（イベント一覧検索）	m13-06	M13-06（イベント申込検索）	17	direct_ref,reverse_ref,shared_update_table,shared_external,same_domain	dtb_event	dtb_event,dtb_event_detail	API,バッチ
m13-01	M13-01（イベント一覧検索）	f07-01	F07-01（イベント大会TOP）	9	shared_update_table,shared_external,same_domain_cross_layer	dtb_event	dtb_event,dtb_event_detail	API,バッチ
m13-01	M13-01（イベント一覧検索）	f07-03	F07-03（大会詳細）	9	shared_update_table,shared_external,same_domain_cross_layer	dtb_event	dtb_event,dtb_event_detail	API,バッチ
m13-01	M13-01（イベント一覧検索）	f07-04	F07-04（大会申込～完了）	9	shared_update_table,shared_external,same_domain_cross_layer	dtb_event	dtb_event,dtb_event_detail	API,バッチ
m13-01	M13-01（イベント一覧検索）	f07-02	F07-02（大会詳細検索）	8	shared_db_table,shared_external,same_domain_cross_layer		dtb_event,dtb_event_detail	API,バッチ
m13-01	M13-01（イベント一覧検索）	m13-08	M13-08（デッキ表示）	8	shared_update_table,shared_external,same_domain	dtb_event	dtb_event,dtb_event_detail	API,バッチ
m13-01	M13-01（イベント一覧検索）	m13-11	イベント管理 — イベント申込登録検索	8	shared_update_table,shared_external,same_domain	dtb_event	dtb_event,dtb_event_detail	API,バッチ
m13-01	M13-01（イベント一覧検索）	f06-14	F06-14（予約済み大会一覧）	6	shared_db_table,shared_external		dtb_event,dtb_event_detail	API,バッチ
m13-01	M13-01（イベント一覧検索）	m13-03	イベント管理 — 日程追加	6	shared_db_table,shared_external,same_domain		dtb_event_detail	API,バッチ
m13-01	M13-01（イベント一覧検索）	m13-04	イベント管理 — 繰り返し日程登録	6	shared_db_table,shared_external,same_domain		dtb_event_detail	API,バッチ
m13-02	M13-02（イベント編集/削除）	m13-06	M13-06（イベント申込検索）	19	direct_ref,reverse_ref,shared_update_table,shared_external,same_domain	dtb_event,dtb_event_detail,dtb_event_entry	dtb_event,dtb_event_detail,dtb_event_entry	API,バッチ
m13-02	M13-02（イベント編集/削除）	m13-05	M13-05（複製新規）	18	direct_ref,reverse_ref,shared_update_table,shared_external,same_domain	dtb_event,dtb_event_detail	dtb_event,dtb_event_detail	API,バッチ
m13-02	M13-02（イベント編集/削除）	m13-01	M13-01（イベント一覧検索）	17	direct_ref,reverse_ref,shared_update_table,shared_external,same_domain	dtb_event	dtb_event,dtb_event_detail,dtb_event_format	API,バッチ
m13-02	M13-02（イベント編集/削除）	m13-08	M13-08（デッキ表示）	14	direct_ref,shared_update_table,shared_external,same_domain	dtb_event,dtb_event_detail	dtb_event,dtb_event_detail	API,バッチ
m13-02	M13-02（イベント編集/削除）	f07-04	F07-04（大会申込～完了）	11	shared_update_table,shared_external,same_domain_cross_layer	dtb_event,dtb_event_detail,dtb_event_entry	dtb_event,dtb_event_detail,dtb_event_entry	API,バッチ
m13-02	M13-02（イベント編集/削除）	f07-01	F07-01（イベント大会TOP）	10	shared_update_table,shared_external,same_domain_cross_layer	dtb_event,dtb_event_detail	dtb_event,dtb_event_detail	API,バッチ
m13-02	M13-02（イベント編集/削除）	f07-03	F07-03（大会詳細）	10	shared_update_table,shared_external,same_domain_cross_layer	dtb_event,dtb_event_detail	dtb_event,dtb_event_detail,dtb_event_entry	API,バッチ
m13-02	M13-02（イベント編集/削除）	b13-01	バッチ イベント管理 — 決済処理中チェックバッチ	9	shared_update_table,shared_external,same_domain_cross_layer	dtb_event_entry	dtb_event_entry	API,バッチ
m13-02	M13-02（イベント編集/削除）	b13-02	バッチ イベント管理 — コンビニ支払チェックバッチ	9	shared_update_table,shared_external,same_domain_cross_layer	dtb_event_entry	dtb_event_entry	API,バッチ
m13-02	M13-02（イベント編集/削除）	m13-11	イベント管理 — イベント申込登録検索	9	shared_update_table,shared_external,same_domain	dtb_event,dtb_event_detail	dtb_event,dtb_event_detail	API,バッチ
m13-02	M13-02（イベント編集/削除）	f07-02	F07-02（大会詳細検索）	8	shared_db_table,shared_external,same_domain_cross_layer		dtb_event,dtb_event_detail	API,バッチ
m13-02	M13-02（イベント編集/削除）	m13-03	イベント管理 — 日程追加	8	shared_update_table,shared_external,same_domain	dtb_event_detail	dtb_event_detail	API,バッチ
m13-03	イベント管理 — 日程追加	f07-01	F07-01（イベント大会TOP）	9	shared_update_table,shared_external,same_domain_cross_layer	dtb_event_detail	dtb_event_detail	API,バッチ
m13-03	イベント管理 — 日程追加	f07-03	F07-03（大会詳細）	9	shared_update_table,shared_external,same_domain_cross_layer	dtb_event_detail	dtb_event_detail	API,バッチ
m13-03	イベント管理 — 日程追加	f07-04	F07-04（大会申込～完了）	9	shared_update_table,shared_external,same_domain_cross_layer	dtb_event_detail	dtb_event_detail	API,バッチ
m13-03	イベント管理 — 日程追加	m13-02	M13-02（イベント編集/削除）	8	shared_update_table,shared_external,same_domain	dtb_event_detail	dtb_event_detail	API,バッチ
m13-03	イベント管理 — 日程追加	m13-04	イベント管理 — 繰り返し日程登録	8	shared_update_table,shared_external,same_domain	dtb_event_detail	dtb_event_detail	API,CSV,バッチ
m13-03	イベント管理 — 日程追加	m13-05	M13-05（複製新規）	8	shared_update_table,shared_external,same_domain	dtb_event_detail	dtb_event_detail	API,バッチ
m13-03	イベント管理 — 日程追加	m13-06	M13-06（イベント申込検索）	8	shared_update_table,shared_external,same_domain	dtb_event_detail	dtb_event_detail	API,CSV,バッチ
m13-03	イベント管理 — 日程追加	m13-08	M13-08（デッキ表示）	8	shared_update_table,shared_external,same_domain	dtb_event_detail	dtb_event_detail	API,CSV,バッチ
m13-03	イベント管理 — 日程追加	m13-11	イベント管理 — イベント申込登録検索	8	shared_update_table,shared_external,same_domain	dtb_event_detail	dtb_event_detail	API,CSV,バッチ
m13-03	イベント管理 — 日程追加	m13-13	M13-13（イベント申込一括CSV登録）	8	shared_update_table,shared_external,same_domain	dtb_event_detail	dtb_event_detail	CSV
m13-03	イベント管理 — 日程追加	f06-16	F06-16（大会デッキ登録編集）	7	shared_update_table,shared_external	dtb_event_detail	dtb_event_detail	API,バッチ
m13-03	イベント管理 — 日程追加	f07-02	F07-02（大会詳細検索）	7	shared_db_table,shared_external,same_domain_cross_layer		dtb_event_detail	API,バッチ
m13-04	イベント管理 — 繰り返し日程登録	f07-01	F07-01（イベント大会TOP）	9	shared_update_table,shared_external,same_domain_cross_layer	dtb_event_detail	dtb_event_detail	API,バッチ
m13-04	イベント管理 — 繰り返し日程登録	f07-03	F07-03（大会詳細）	9	shared_update_table,shared_external,same_domain_cross_layer	dtb_event_detail	dtb_event_detail	API,バッチ
m13-04	イベント管理 — 繰り返し日程登録	f07-04	F07-04（大会申込～完了）	9	shared_update_table,shared_external,same_domain_cross_layer	dtb_event_detail	dtb_event_detail	API,バッチ
m13-04	イベント管理 — 繰り返し日程登録	m13-02	M13-02（イベント編集/削除）	8	shared_update_table,shared_external,same_domain	dtb_event_detail	dtb_event_detail,dtb_event_payment	API,バッチ
m13-04	イベント管理 — 繰り返し日程登録	m13-03	イベント管理 — 日程追加	8	shared_update_table,shared_external,same_domain	dtb_event_detail	dtb_event_detail	API,CSV,バッチ
m13-04	イベント管理 — 繰り返し日程登録	m13-05	M13-05（複製新規）	8	shared_update_table,shared_external,same_domain	dtb_event_detail	dtb_event_detail	API,バッチ
m13-04	イベント管理 — 繰り返し日程登録	m13-06	M13-06（イベント申込検索）	8	shared_update_table,shared_external,same_domain	dtb_event_detail	dtb_event_detail	API,CSV,バッチ
m13-04	イベント管理 — 繰り返し日程登録	m13-08	M13-08（デッキ表示）	8	shared_update_table,shared_external,same_domain	dtb_event_detail	dtb_event_detail	API,CSV,バッチ
m13-04	イベント管理 — 繰り返し日程登録	m13-11	イベント管理 — イベント申込登録検索	8	shared_update_table,shared_external,same_domain	dtb_event_detail	dtb_event_detail	API,CSV,バッチ
m13-04	イベント管理 — 繰り返し日程登録	m13-13	M13-13（イベント申込一括CSV登録）	8	shared_update_table,shared_external,same_domain	dtb_event_detail	dtb_event_detail	CSV
m13-04	イベント管理 — 繰り返し日程登録	f06-16	F06-16（大会デッキ登録編集）	7	shared_update_table,shared_external	dtb_event_detail	dtb_event_detail	API,バッチ
m13-04	イベント管理 — 繰り返し日程登録	f07-02	F07-02（大会詳細検索）	7	shared_db_table,shared_external,same_domain_cross_layer		dtb_event_detail	API,バッチ
m13-05	M13-05（複製新規）	m13-02	M13-02（イベント編集/削除）	18	direct_ref,reverse_ref,shared_update_table,shared_external,same_domain	dtb_event,dtb_event_detail	dtb_event,dtb_event_detail	API,バッチ
m13-05	M13-05（複製新規）	m13-01	M13-01（イベント一覧検索）	17	direct_ref,reverse_ref,shared_update_table,shared_external,same_domain	dtb_event	dtb_event,dtb_event_detail	API,バッチ
m13-05	M13-05（複製新規）	m13-06	M13-06（イベント申込検索）	14	direct_ref,shared_update_table,shared_external,same_domain	dtb_event,dtb_event_detail	dtb_event,dtb_event_detail	API,バッチ
m13-05	M13-05（複製新規）	m13-08	M13-08（デッキ表示）	14	direct_ref,shared_update_table,shared_external,same_domain	dtb_event,dtb_event_detail	dtb_event,dtb_event_detail	API,バッチ
m13-05	M13-05（複製新規）	f07-01	F07-01（イベント大会TOP）	10	shared_update_table,shared_external,same_domain_cross_layer	dtb_event,dtb_event_detail	dtb_event,dtb_event_detail	API,バッチ
m13-05	M13-05（複製新規）	f07-03	F07-03（大会詳細）	10	shared_update_table,shared_external,same_domain_cross_layer	dtb_event,dtb_event_detail	dtb_event,dtb_event_detail	API,バッチ
m13-05	M13-05（複製新規）	f07-04	F07-04（大会申込～完了）	10	shared_update_table,shared_external,same_domain_cross_layer	dtb_event,dtb_event_detail	dtb_event,dtb_event_detail	API,バッチ
m13-05	M13-05（複製新規）	m13-11	イベント管理 — イベント申込登録検索	9	shared_update_table,shared_external,same_domain	dtb_event,dtb_event_detail	dtb_event,dtb_event_detail	API,バッチ
m13-05	M13-05（複製新規）	f07-02	F07-02（大会詳細検索）	8	shared_db_table,shared_external,same_domain_cross_layer		dtb_event,dtb_event_detail	API,バッチ
m13-05	M13-05（複製新規）	m13-03	イベント管理 — 日程追加	8	shared_update_table,shared_external,same_domain	dtb_event_detail	dtb_event_detail	API,バッチ
m13-05	M13-05（複製新規）	m13-04	イベント管理 — 繰り返し日程登録	8	shared_update_table,shared_external,same_domain	dtb_event_detail	dtb_event_detail	API,バッチ
m13-05	M13-05（複製新規）	f06-16	F06-16（大会デッキ登録編集）	7	shared_update_table,shared_external	dtb_event_detail	dtb_event_detail	API,バッチ
m13-06	M13-06（イベント申込検索）	m13-02	M13-02（イベント編集/削除）	19	direct_ref,reverse_ref,shared_update_table,shared_external,same_domain	dtb_event,dtb_event_detail,dtb_event_entry	dtb_event,dtb_event_detail,dtb_event_entry	API,バッチ
m13-06	M13-06（イベント申込検索）	m13-08	M13-08（デッキ表示）	19	direct_ref,reverse_ref,shared_update_table,shared_external,same_domain	dtb_deck,dtb_event,dtb_event_detail	dtb_deck,dtb_event,dtb_event_detail	API,CSV,バッチ
m13-06	M13-06（イベント申込検索）	m13-01	M13-01（イベント一覧検索）	17	direct_ref,reverse_ref,shared_update_table,shared_external,same_domain	dtb_event	dtb_event,dtb_event_detail	API,バッチ
m13-06	M13-06（イベント申込検索）	m13-05	M13-05（複製新規）	13	reverse_ref,shared_update_table,shared_external,same_domain	dtb_event,dtb_event_detail	dtb_event,dtb_event_detail	API,バッチ
m13-06	M13-06（イベント申込検索）	f07-04	F07-04（大会申込～完了）	11	shared_update_table,shared_external,same_domain_cross_layer	dtb_entry_player,dtb_event,dtb_event_detail,dtb_event_entry	dtb_entry_player,dtb_event,dtb_event_detail,dtb_event_entry	API,バッチ
m13-06	M13-06（イベント申込検索）	f07-01	F07-01（イベント大会TOP）	10	shared_update_table,shared_external,same_domain_cross_layer	dtb_event,dtb_event_detail	dtb_event,dtb_event_detail	API,バッチ
m13-06	M13-06（イベント申込検索）	f07-03	F07-03（大会詳細）	10	shared_update_table,shared_external,same_domain_cross_layer	dtb_event,dtb_event_detail	dtb_event,dtb_event_detail,dtb_event_entry	API,バッチ
m13-06	M13-06（イベント申込検索）	m13-13	M13-13（イベント申込一括CSV登録）	10	shared_update_table,shared_external,same_domain	dtb_event,dtb_event_detail,dtb_event_entry	dtb_event,dtb_event_detail,dtb_event_entry	CSV
m13-06	M13-06（イベント申込検索）	b13-01	バッチ イベント管理 — 決済処理中チェックバッチ	9	shared_update_table,shared_external,same_domain_cross_layer	dtb_event_entry	dtb_event_entry	API,バッチ
m13-06	M13-06（イベント申込検索）	b13-02	バッチ イベント管理 — コンビニ支払チェックバッチ	9	shared_update_table,shared_external,same_domain_cross_layer	dtb_event_entry	dtb_event_entry	API,バッチ
m13-06	M13-06（イベント申込検索）	m13-09	M13-09（CSVダウンロード）	9	shared_update_table,shared_external,same_domain	dtb_entry_player,dtb_event_entry	dtb_entry_player,dtb_event_entry	CSV
m13-06	M13-06（イベント申込検索）	m13-10	M13-10（イベント申込詳細・編集）	9	shared_update_table,shared_external,same_domain	dtb_entry_player,dtb_event_entry	dtb_entry_player,dtb_event_entry	CSV
m13-07	イベント管理 — イベント申込一括編集	f07-04	F07-04（大会申込～完了）	10	shared_update_table,shared_external,same_domain_cross_layer	dtb_entry_history,dtb_event_entry	dtb_entry_history,dtb_event_entry	API,バッチ
m13-07	イベント管理 — イベント申込一括編集	b13-01	バッチ イベント管理 — 決済処理中チェックバッチ	9	shared_update_table,shared_external,same_domain_cross_layer	dtb_event_entry	dtb_entry_history,dtb_event_entry	API,バッチ
m13-07	イベント管理 — イベント申込一括編集	b13-02	バッチ イベント管理 — コンビニ支払チェックバッチ	9	shared_update_table,shared_external,same_domain_cross_layer	dtb_event_entry	dtb_entry_history,dtb_event_entry	API,バッチ
m13-07	イベント管理 — イベント申込一括編集	m13-10	M13-10（イベント申込詳細・編集）	9	shared_update_table,shared_external,same_domain	dtb_entry_history,dtb_event_entry	dtb_entry_history,dtb_event_entry	CSV
m13-07	イベント管理 — イベント申込一括編集	m13-12	M13-12（イベント新規申込登録）	9	shared_update_table,shared_external,same_domain	dtb_entry_history,dtb_event_entry	dtb_entry_history,dtb_event_entry	CSV
m13-07	イベント管理 — イベント申込一括編集	m13-02	M13-02（イベント編集/削除）	8	shared_update_table,shared_external,same_domain	dtb_event_entry	dtb_event_entry	API,バッチ
m13-07	イベント管理 — イベント申込一括編集	m13-06	M13-06（イベント申込検索）	8	shared_update_table,shared_external,same_domain	dtb_event_entry	dtb_event_entry	API,CSV,バッチ
m13-07	イベント管理 — イベント申込一括編集	m13-09	M13-09（CSVダウンロード）	8	shared_update_table,shared_external,same_domain	dtb_event_entry	dtb_event_entry	CSV
m13-07	イベント管理 — イベント申込一括編集	m13-13	M13-13（イベント申込一括CSV登録）	8	shared_update_table,shared_external,same_domain	dtb_event_entry	dtb_event_entry	CSV
m13-07	イベント管理 — イベント申込一括編集	f07-03	F07-03（大会詳細）	7	shared_db_table,shared_external,same_domain_cross_layer		dtb_event_entry	API,バッチ
m13-07	イベント管理 — イベント申込一括編集	f06-14	F06-14（予約済み大会一覧）	5	shared_db_table,shared_external		dtb_event_entry	API,バッチ
m13-07	イベント管理 — イベント申込一括編集	f07-01	F07-01（イベント大会TOP）	4	shared_external,same_domain_cross_layer			API,バッチ
m13-08	M13-08（デッキ表示）	m13-06	M13-06（イベント申込検索）	19	direct_ref,reverse_ref,shared_update_table,shared_external,same_domain	dtb_deck,dtb_event,dtb_event_detail	dtb_deck,dtb_event,dtb_event_detail	API,CSV,バッチ
m13-08	M13-08（デッキ表示）	m13-02	M13-02（イベント編集/削除）	13	reverse_ref,shared_update_table,shared_external,same_domain	dtb_event,dtb_event_detail	dtb_event,dtb_event_detail	API,バッチ
m13-08	M13-08（デッキ表示）	m13-05	M13-05（複製新規）	13	reverse_ref,shared_update_table,shared_external,same_domain	dtb_event,dtb_event_detail	dtb_event,dtb_event_detail	API,バッチ
m13-08	M13-08（デッキ表示）	f07-01	F07-01（イベント大会TOP）	10	shared_update_table,shared_external,same_domain_cross_layer	dtb_event,dtb_event_detail	dtb_event,dtb_event_detail	API,バッチ
m13-08	M13-08（デッキ表示）	f07-03	F07-03（大会詳細）	10	shared_update_table,shared_external,same_domain_cross_layer	dtb_event,dtb_event_detail	dtb_event,dtb_event_detail	API,バッチ
m13-08	M13-08（デッキ表示）	f07-04	F07-04（大会申込～完了）	10	shared_update_table,shared_external,same_domain_cross_layer	dtb_event,dtb_event_detail	dtb_event,dtb_event_detail	API,バッチ
m13-08	M13-08（デッキ表示）	m13-11	イベント管理 — イベント申込登録検索	9	shared_update_table,shared_external,same_domain	dtb_event,dtb_event_detail	dtb_event,dtb_event_detail	API,CSV,バッチ
m13-08	M13-08（デッキ表示）	m13-13	M13-13（イベント申込一括CSV登録）	9	shared_update_table,shared_external,same_domain	dtb_event,dtb_event_detail	dtb_event,dtb_event_detail	CSV
m13-08	M13-08（デッキ表示）	f06-16	F06-16（大会デッキ登録編集）	8	shared_update_table,shared_external	dtb_deck,dtb_event_detail	dtb_deck,dtb_event_detail	API,バッチ
m13-08	M13-08（デッキ表示）	f07-02	F07-02（大会詳細検索）	8	shared_db_table,shared_external,same_domain_cross_layer		dtb_event,dtb_event_detail	API,バッチ
m13-08	M13-08（デッキ表示）	m13-01	M13-01（イベント一覧検索）	8	shared_update_table,shared_external,same_domain	dtb_event	dtb_event,dtb_event_detail	API,バッチ
m13-08	M13-08（デッキ表示）	m13-03	イベント管理 — 日程追加	8	shared_update_table,shared_external,same_domain	dtb_event_detail	dtb_event_detail	API,CSV,バッチ
m13-09	M13-09（CSVダウンロード）	m13-13	M13-13（イベント申込一括CSV登録）	17	direct_ref,reverse_ref,shared_update_table,shared_external,same_domain	dtb_event_entry	dtb_event_entry	CSV
m13-09	M13-09（CSVダウンロード）	m13-10	M13-10（イベント申込詳細・編集）	13	reverse_ref,shared_update_table,shared_external,same_domain	dtb_entry_player,dtb_event_entry	dtb_entry_player,dtb_event_entry	CSV
m13-09	M13-09（CSVダウンロード）	m13-12	M13-12（イベント新規申込登録）	13	reverse_ref,shared_update_table,shared_external,same_domain	dtb_entry_player,dtb_event_entry	dtb_entry_player,dtb_event_entry	CSV
m13-09	M13-09（CSVダウンロード）	m13-06	M13-06（イベント申込検索）	9	shared_update_table,shared_external,same_domain	dtb_entry_player,dtb_event_entry	dtb_entry_player,dtb_event_entry	CSV
m13-09	M13-09（CSVダウンロード）	f07-04	F07-04（大会申込～完了）	8	shared_update_table,same_domain_cross_layer	dtb_entry_player,dtb_event_entry	dtb_entry_player,dtb_event_entry	
m13-09	M13-09（CSVダウンロード）	m13-07	イベント管理 — イベント申込一括編集	8	shared_update_table,shared_external,same_domain	dtb_event_entry	dtb_event_entry	CSV
m13-09	M13-09（CSVダウンロード）	b13-01	バッチ イベント管理 — 決済処理中チェックバッチ	7	shared_update_table,same_domain_cross_layer	dtb_event_entry	dtb_event_entry	
m13-09	M13-09（CSVダウンロード）	b13-02	バッチ イベント管理 — コンビニ支払チェックバッチ	7	shared_update_table,same_domain_cross_layer	dtb_event_entry	dtb_event_entry	
m13-09	M13-09（CSVダウンロード）	m13-02	M13-02（イベント編集/削除）	6	shared_update_table,same_domain	dtb_event_entry	dtb_event_entry	
m13-09	M13-09（CSVダウンロード）	f07-03	F07-03（大会詳細）	5	shared_db_table,same_domain_cross_layer		dtb_event_entry	
m13-09	M13-09（CSVダウンロード）	f06-14	F06-14（予約済み大会一覧）	4	shared_db_table		dtb_entry_player,dtb_event_entry	
m13-10	M13-10（イベント申込詳細・編集）	m13-12	M13-12（イベント新規申込登録）	19	direct_ref,reverse_ref,shared_update_table,shared_external,same_domain	dtb_entry_history,dtb_entry_player,dtb_event_entry	dtb_entry_history,dtb_entry_player,dtb_event_entry	CSV
m13-10	M13-10（イベント申込詳細・編集）	m13-13	M13-13（イベント申込一括CSV登録）	17	direct_ref,reverse_ref,shared_update_table,shared_external,same_domain	dtb_event_entry	dtb_event_entry	CSV
m13-10	M13-10（イベント申込詳細・編集）	m13-09	M13-09（CSVダウンロード）	14	direct_ref,shared_update_table,shared_external,same_domain	dtb_entry_player,dtb_event_entry	dtb_entry_player,dtb_event_entry	CSV
m13-10	M13-10（イベント申込詳細・編集）	f07-04	F07-04（大会申込～完了）	9	shared_update_table,same_domain_cross_layer	dtb_entry_history,dtb_entry_player,dtb_event_entry	dtb_entry_history,dtb_entry_player,dtb_event_entry	
m13-10	M13-10（イベント申込詳細・編集）	m13-06	M13-06（イベント申込検索）	9	shared_update_table,shared_external,same_domain	dtb_entry_player,dtb_event_entry	dtb_entry_player,dtb_event_entry	CSV
m13-10	M13-10（イベント申込詳細・編集）	m13-07	イベント管理 — イベント申込一括編集	9	shared_update_table,shared_external,same_domain	dtb_entry_history,dtb_event_entry	dtb_entry_history,dtb_event_entry	CSV
m13-10	M13-10（イベント申込詳細・編集）	b13-01	バッチ イベント管理 — 決済処理中チェックバッチ	7	shared_update_table,same_domain_cross_layer	dtb_event_entry	dtb_entry_history,dtb_event_entry	
m13-10	M13-10（イベント申込詳細・編集）	b13-02	バッチ イベント管理 — コンビニ支払チェックバッチ	7	shared_update_table,same_domain_cross_layer	dtb_event_entry	dtb_entry_history,dtb_event_entry	
m13-10	M13-10（イベント申込詳細・編集）	m13-02	M13-02（イベント編集/削除）	6	shared_update_table,same_domain	dtb_event_entry	dtb_event_entry	
m13-10	M13-10（イベント申込詳細・編集）	f07-03	F07-03（大会詳細）	5	shared_db_table,same_domain_cross_layer		dtb_event_entry	
m13-10	M13-10（イベント申込詳細・編集）	m13-15	M13-15（画像設定）	5	reverse_ref,same_domain			
m13-10	M13-10（イベント申込詳細・編集）	f06-14	F06-14（予約済み大会一覧）	4	shared_db_table		dtb_entry_player,dtb_event_entry	
m13-11	イベント管理 — イベント申込登録検索	f07-01	F07-01（イベント大会TOP）	10	shared_update_table,shared_external,same_domain_cross_layer	dtb_event,dtb_event_detail	dtb_event,dtb_event_detail	API,バッチ
m13-11	イベント管理 — イベント申込登録検索	f07-03	F07-03（大会詳細）	10	shared_update_table,shared_external,same_domain_cross_layer	dtb_event,dtb_event_detail	dtb_event,dtb_event_detail	API,バッチ
m13-11	イベント管理 — イベント申込登録検索	f07-04	F07-04（大会申込～完了）	10	shared_update_table,shared_external,same_domain_cross_layer	dtb_event,dtb_event_detail	dtb_event,dtb_event_detail	API,バッチ
m13-11	イベント管理 — イベント申込登録検索	m13-02	M13-02（イベント編集/削除）	9	shared_update_table,shared_external,same_domain	dtb_event,dtb_event_detail	dtb_event,dtb_event_detail	API,バッチ
m13-11	イベント管理 — イベント申込登録検索	m13-05	M13-05（複製新規）	9	shared_update_table,shared_external,same_domain	dtb_event,dtb_event_detail	dtb_event,dtb_event_detail	API,バッチ
m13-11	イベント管理 — イベント申込登録検索	m13-06	M13-06（イベント申込検索）	9	shared_update_table,shared_external,same_domain	dtb_event,dtb_event_detail	dtb_event,dtb_event_detail	API,CSV,バッチ
m13-11	イベント管理 — イベント申込登録検索	m13-08	M13-08（デッキ表示）	9	shared_update_table,shared_external,same_domain	dtb_event,dtb_event_detail	dtb_event,dtb_event_detail	API,CSV,バッチ
m13-11	イベント管理 — イベント申込登録検索	m13-13	M13-13（イベント申込一括CSV登録）	9	shared_update_table,shared_external,same_domain	dtb_event,dtb_event_detail	dtb_event,dtb_event_detail	CSV
m13-11	イベント管理 — イベント申込登録検索	f07-02	F07-02（大会詳細検索）	8	shared_db_table,shared_external,same_domain_cross_layer		dtb_event,dtb_event_detail	API,バッチ
m13-11	イベント管理 — イベント申込登録検索	m13-01	M13-01（イベント一覧検索）	8	shared_update_table,shared_external,same_domain	dtb_event	dtb_event,dtb_event_detail	API,バッチ
m13-11	イベント管理 — イベント申込登録検索	m13-03	イベント管理 — 日程追加	8	shared_update_table,shared_external,same_domain	dtb_event_detail	dtb_event_detail	API,CSV,バッチ
m13-11	イベント管理 — イベント申込登録検索	m13-04	イベント管理 — 繰り返し日程登録	8	shared_update_table,shared_external,same_domain	dtb_event_detail	dtb_event_detail	API,CSV,バッチ
m13-12	M13-12（イベント新規申込登録）	m13-10	M13-10（イベント申込詳細・編集）	19	direct_ref,reverse_ref,shared_update_table,shared_external,same_domain	dtb_entry_history,dtb_entry_player,dtb_event_entry	dtb_entry_history,dtb_entry_player,dtb_event_entry	CSV
m13-12	M13-12（イベント新規申込登録）	m13-13	M13-13（イベント申込一括CSV登録）	17	direct_ref,reverse_ref,shared_update_table,shared_external,same_domain	dtb_event_entry	dtb_event_entry	CSV
m13-12	M13-12（イベント新規申込登録）	m13-09	M13-09（CSVダウンロード）	14	direct_ref,shared_update_table,shared_external,same_domain	dtb_entry_player,dtb_event_entry	dtb_entry_player,dtb_event_entry	CSV
m13-12	M13-12（イベント新規申込登録）	f07-04	F07-04（大会申込～完了）	9	shared_update_table,same_domain_cross_layer	dtb_entry_history,dtb_entry_player,dtb_event_entry	dtb_entry_history,dtb_entry_player,dtb_event_entry	
m13-12	M13-12（イベント新規申込登録）	m13-06	M13-06（イベント申込検索）	9	shared_update_table,shared_external,same_domain	dtb_entry_player,dtb_event_entry	dtb_entry_player,dtb_event_entry	CSV
m13-12	M13-12（イベント新規申込登録）	m13-07	イベント管理 — イベント申込一括編集	9	shared_update_table,shared_external,same_domain	dtb_entry_history,dtb_event_entry	dtb_entry_history,dtb_event_entry	CSV
m13-12	M13-12（イベント新規申込登録）	b13-01	バッチ イベント管理 — 決済処理中チェックバッチ	7	shared_update_table,same_domain_cross_layer	dtb_event_entry	dtb_entry_history,dtb_event_entry	
m13-12	M13-12（イベント新規申込登録）	b13-02	バッチ イベント管理 — コンビニ支払チェックバッチ	7	shared_update_table,same_domain_cross_layer	dtb_event_entry	dtb_entry_history,dtb_event_entry	
m13-12	M13-12（イベント新規申込登録）	m13-02	M13-02（イベント編集/削除）	6	shared_update_table,same_domain	dtb_event_entry	dtb_event_entry	
m13-12	M13-12（イベント新規申込登録）	f07-03	F07-03（大会詳細）	5	shared_db_table,same_domain_cross_layer		dtb_event_entry	
m13-12	M13-12（イベント新規申込登録）	m13-15	M13-15（画像設定）	5	reverse_ref,same_domain			
m13-12	M13-12（イベント新規申込登録）	f06-14	F06-14（予約済み大会一覧）	4	shared_db_table		dtb_entry_player,dtb_event_entry	
m13-13	M13-13（イベント申込一括CSV登録）	m13-09	M13-09（CSVダウンロード）	17	direct_ref,reverse_ref,shared_update_table,shared_external,same_domain	dtb_event_entry	dtb_event_entry	CSV
m13-13	M13-13（イベント申込一括CSV登録）	m13-10	M13-10（イベント申込詳細・編集）	17	direct_ref,reverse_ref,shared_update_table,shared_external,same_domain	dtb_event_entry	dtb_event_entry	CSV
m13-13	M13-13（イベント申込一括CSV登録）	m13-12	M13-12（イベント新規申込登録）	17	direct_ref,reverse_ref,shared_update_table,shared_external,same_domain	dtb_event_entry	dtb_event_entry	CSV
m13-13	M13-13（イベント申込一括CSV登録）	m13-06	M13-06（イベント申込検索）	10	shared_update_table,shared_external,same_domain	dtb_event,dtb_event_detail,dtb_event_entry	dtb_event,dtb_event_detail,dtb_event_entry	CSV
m13-13	M13-13（イベント申込一括CSV登録）	f07-04	F07-04（大会申込～完了）	9	shared_update_table,same_domain_cross_layer	dtb_event,dtb_event_detail,dtb_event_entry	dtb_event,dtb_event_detail,dtb_event_entry	
m13-13	M13-13（イベント申込一括CSV登録）	m13-08	M13-08（デッキ表示）	9	shared_update_table,shared_external,same_domain	dtb_event,dtb_event_detail	dtb_event,dtb_event_detail	CSV
m13-13	M13-13（イベント申込一括CSV登録）	m13-11	イベント管理 — イベント申込登録検索	9	shared_update_table,shared_external,same_domain	dtb_event,dtb_event_detail	dtb_event,dtb_event_detail	CSV
m13-13	M13-13（イベント申込一括CSV登録）	f07-01	F07-01（イベント大会TOP）	8	shared_update_table,same_domain_cross_layer	dtb_event,dtb_event_detail	dtb_event,dtb_event_detail	
m13-13	M13-13（イベント申込一括CSV登録）	f07-03	F07-03（大会詳細）	8	shared_update_table,same_domain_cross_layer	dtb_event,dtb_event_detail	dtb_event,dtb_event_detail,dtb_event_entry	
m13-13	M13-13（イベント申込一括CSV登録）	m13-02	M13-02（イベント編集/削除）	8	shared_update_table,same_domain	dtb_event,dtb_event_detail,dtb_event_entry	dtb_event,dtb_event_detail,dtb_event_entry	
m13-13	M13-13（イベント申込一括CSV登録）	m13-03	イベント管理 — 日程追加	8	shared_update_table,shared_external,same_domain	dtb_event_detail	dtb_event_detail	CSV
m13-13	M13-13（イベント申込一括CSV登録）	m13-04	イベント管理 — 繰り返し日程登録	8	shared_update_table,shared_external,same_domain	dtb_event_detail	dtb_event_detail	CSV
m13-14	イベント管理 — バナー設定	m13-15	M13-15（画像設定）	12	reverse_ref,shared_update_table,shared_external,same_domain	mtb_banner	mtb_banner	API,バッチ
m13-14	イベント管理 — バナー設定	b13-01	バッチ イベント管理 — 決済処理中チェックバッチ	4	shared_external,same_domain_cross_layer			API,バッチ
m13-14	イベント管理 — バナー設定	b13-02	バッチ イベント管理 — コンビニ支払チェックバッチ	4	shared_external,same_domain_cross_layer			API,バッチ
m13-14	イベント管理 — バナー設定	f07-01	F07-01（イベント大会TOP）	4	shared_external,same_domain_cross_layer			API,バッチ
m13-14	イベント管理 — バナー設定	f07-02	F07-02（大会詳細検索）	4	shared_external,same_domain_cross_layer			API,バッチ
m13-14	イベント管理 — バナー設定	f07-03	F07-03（大会詳細）	4	shared_external,same_domain_cross_layer			API,バッチ
m13-14	イベント管理 — バナー設定	f07-04	F07-04（大会申込～完了）	4	shared_external,same_domain_cross_layer			API,バッチ
m13-15	M13-15（画像設定）	m13-14	イベント管理 — バナー設定	13	direct_ref,shared_update_table,shared_external,same_domain	mtb_banner	mtb_banner	API,バッチ
m13-15	M13-15（画像設定）	m13-10	M13-10（イベント申込詳細・編集）	6	direct_ref,same_domain			
m13-15	M13-15（画像設定）	m13-12	M13-12（イベント新規申込登録）	6	direct_ref,same_domain			
m13-15	M13-15（画像設定）	m13-13	M13-13（イベント申込一括CSV登録）	6	direct_ref,same_domain			
m13-15	M13-15（画像設定）	b13-01	バッチ イベント管理 — 決済処理中チェックバッチ	4	shared_external,same_domain_cross_layer			API,バッチ
m13-15	M13-15（画像設定）	b13-02	バッチ イベント管理 — コンビニ支払チェックバッチ	4	shared_external,same_domain_cross_layer			API,バッチ
m13-15	M13-15（画像設定）	f07-01	F07-01（イベント大会TOP）	4	shared_external,same_domain_cross_layer			API,バッチ
m13-15	M13-15（画像設定）	f07-02	F07-02（大会詳細検索）	4	shared_external,same_domain_cross_layer			API,バッチ
m13-15	M13-15（画像設定）	f07-03	F07-03（大会詳細）	4	shared_external,same_domain_cross_layer			API,バッチ
m13-15	M13-15（画像設定）	f07-04	F07-04（大会申込～完了）	4	shared_external,same_domain_cross_layer			API,バッチ
m14-01	カード管理 — カード検索（一覧・条件抽出）	m14-02	カード管理 — カード情報 CSV 出力	11	reverse_ref,shared_db_table,shared_external,same_domain		mtb_card,mtb_card_detail	API,CSV,バッチ
m14-01	カード管理 — カード検索（一覧・条件抽出）	m14-03	カード管理 — 一括削除	11	reverse_ref,shared_db_table,shared_external,same_domain		mtb_card,mtb_card_detail	API,CSV,バッチ
m14-01	カード管理 — カード検索（一覧・条件抽出）	m14-04	カード管理 — 新規登録・編集・削除（詳細フォーム）	8	shared_db_table,shared_external,same_domain		dtb_card_format,mtb_card,mtb_card_detail	API,CSV,バッチ
m14-01	カード管理 — カード検索（一覧・条件抽出）	m14-05	カード管理 — カード CSV 登録（取込）	8	shared_db_table,shared_external,same_domain		dtb_card_format,mtb_card,mtb_card_detail	API,CSV,バッチ
m14-01	カード管理 — カード検索（一覧・条件抽出）	a14-01	API カード管理 — カードIDからカード情報を取得	7	shared_db_table,shared_external,same_domain_cross_layer		mtb_card	API
m14-01	カード管理 — カード検索（一覧・条件抽出）	a14-02	API カード管理 — カード詳細IDからカード詳細情報を取得	7	shared_db_table,shared_external,same_domain_cross_layer		mtb_card_detail	API
m14-01	カード管理 — カード検索（一覧・条件抽出）	a14-03	API カード管理 — 検索クエリに一致するカード情報1件を取得	7	shared_db_table,shared_external,same_domain_cross_layer		mtb_card	API
m14-01	カード管理 — カード検索（一覧・条件抽出）	m03-01	m03-01_admin_product_product_search_list（管理画面_商品管理_商品検索・一覧）	7	shared_db_table,shared_external		mtb_card,mtb_card_detail,mtb_page_max	API,CSV,バッチ
m14-01	カード管理 — カード検索（一覧・条件抽出）	a02-02	API 商品管理 — ポップアップ用カード情報取得	6	shared_db_table,shared_external		mtb_card,mtb_card_detail	API
m14-01	カード管理 — カード検索（一覧・条件抽出）	a06-06	API 店頭買取管理 — カード詳細IDから買取用商品情報を取得	6	shared_db_table,shared_external		mtb_card,mtb_card_detail	API
m14-01	カード管理 — カード検索（一覧・条件抽出）	a06-07	API 店頭買取管理 — 商品IDリストから買取用商品情報を取得	6	shared_db_table,shared_external		mtb_card,mtb_card_detail	API
m14-01	カード管理 — カード検索（一覧・条件抽出）	a06-08	API 店頭買取管理 — カード名から買取用商品情報を取得	6	shared_db_table,shared_external		mtb_card,mtb_card_detail	API
m14-02	カード管理 — カード情報 CSV 出力	m14-01	カード管理 — カード検索（一覧・条件抽出）	12	direct_ref,shared_db_table,shared_external,same_domain		mtb_card,mtb_card_detail	API,CSV,バッチ
m14-02	カード管理 — カード情報 CSV 出力	m14-04	カード管理 — 新規登録・編集・削除（詳細フォーム）	8	shared_db_table,shared_external,same_domain		mtb_card,mtb_card_detail,mtb_card_image	API,CSV,バッチ,支店
m14-02	カード管理 — カード情報 CSV 出力	m14-05	カード管理 — カード CSV 登録（取込）	8	shared_db_table,shared_external,same_domain		mtb_card,mtb_card_detail,mtb_card_image	API,CSV,バッチ,支店
m14-02	カード管理 — カード情報 CSV 出力	a14-01	API カード管理 — カードIDからカード情報を取得	7	shared_db_table,shared_external,same_domain_cross_layer		mtb_card	API
m14-02	カード管理 — カード情報 CSV 出力	a14-02	API カード管理 — カード詳細IDからカード詳細情報を取得	7	shared_db_table,shared_external,same_domain_cross_layer		mtb_card_detail	API
m14-02	カード管理 — カード情報 CSV 出力	a14-03	API カード管理 — 検索クエリに一致するカード情報1件を取得	7	shared_db_table,shared_external,same_domain_cross_layer		mtb_card	API,支店
m14-02	カード管理 — カード情報 CSV 出力	m14-03	カード管理 — 一括削除	7	shared_db_table,shared_external,same_domain		mtb_card,mtb_card_detail	API,CSV,バッチ,支店
m14-02	カード管理 — カード情報 CSV 出力	m14-07	カードセット管理 — 収録カード画像 ZIP ダウンロード（セット別／言語別）	7	shared_db_table,shared_external,same_domain		mtb_card_detail,mtb_card_image	API,バッチ
m14-02	カード管理 — カード情報 CSV 出力	a02-02	API 商品管理 — ポップアップ用カード情報取得	6	shared_db_table,shared_external		mtb_card,mtb_card_detail	API
m14-02	カード管理 — カード情報 CSV 出力	a06-06	API 店頭買取管理 — カード詳細IDから買取用商品情報を取得	6	shared_db_table,shared_external		mtb_card,mtb_card_detail	API
m14-02	カード管理 — カード情報 CSV 出力	a06-07	API 店頭買取管理 — 商品IDリストから買取用商品情報を取得	6	shared_db_table,shared_external		mtb_card,mtb_card_detail	API
m14-02	カード管理 — カード情報 CSV 出力	a06-08	API 店頭買取管理 — カード名から買取用商品情報を取得	6	shared_db_table,shared_external		mtb_card,mtb_card_detail	API,支店
m14-03	カード管理 — 一括削除	m14-01	カード管理 — カード検索（一覧・条件抽出）	12	direct_ref,shared_db_table,shared_external,same_domain		mtb_card,mtb_card_detail	API,CSV,バッチ
m14-03	カード管理 — 一括削除	m14-04	カード管理 — 新規登録・編集・削除（詳細フォーム）	10	shared_update_table,shared_external,same_domain	dtb_product,dtb_product_sub,mtb_card,mtb_card_detail	dtb_deck_card,dtb_product,dtb_product_sub,mtb_card,mtb_card_detail	API,CSV,バッチ,支店
m14-03	カード管理 — 一括削除	m03-02	M03-02（商品編集機能）	9	shared_update_table,shared_external	dtb_product,dtb_product_sub,mtb_card_detail	dtb_product,dtb_product_sub,mtb_card_detail	API,CSV,バッチ,支店
m14-03	カード管理 — 一括削除	m14-05	カード管理 — カード CSV 登録（取込）	9	shared_update_table,shared_external,same_domain	mtb_card,mtb_card_detail	mtb_card,mtb_card_detail	API,CSV,バッチ,支店
m14-03	カード管理 — 一括削除	m03-34	m03-34_admin_product_product_discount_csv_import（管理画面_商品管理_割引率変更CSV登録）	8	shared_update_table,shared_external	dtb_product,dtb_product_sub	dtb_product,dtb_product_sub	API,CSV,バッチ,支店
m14-03	カード管理 — 一括削除	m03-36	m03-36_admin_product_product_buy_discount_csv_import（管理画面_商品管理_買取減額率変更CSV登録）	8	shared_update_table,shared_external	dtb_product,dtb_product_sub	dtb_product,dtb_product_sub	API,CSV,バッチ
m14-03	カード管理 — 一括削除	m14-08	カード管理 — カードセット新規登録・編集・削除	8	shared_update_table,shared_external,same_domain	mtb_card_detail	mtb_card_detail	API,CSV,バッチ,支店
m14-03	カード管理 — 一括削除	a02-02	API 商品管理 — ポップアップ用カード情報取得	7	shared_db_table,shared_external		dtb_product,mtb_card,mtb_card_detail	API
m14-03	カード管理 — 一括削除	a02-05	API 商品管理 — 更新商品規格取得	7	shared_update_table,shared_external	dtb_product	dtb_product	API,支店
m14-03	カード管理 — 一括削除	a06-06	API 店頭買取管理 — カード詳細IDから買取用商品情報を取得	7	shared_db_table,shared_external		dtb_product,dtb_product_sub,mtb_card,mtb_card_detail	API
m14-03	カード管理 — 一括削除	a06-07	API 店頭買取管理 — 商品IDリストから買取用商品情報を取得	7	shared_db_table,shared_external		dtb_product,dtb_product_sub,mtb_card,mtb_card_detail	API
m14-03	カード管理 — 一括削除	a06-08	API 店頭買取管理 — カード名から買取用商品情報を取得	7	shared_db_table,shared_external		dtb_product,dtb_product_sub,mtb_card,mtb_card_detail	API,支店
m14-04	カード管理 — 新規登録・編集・削除（詳細フォーム）	m14-03	カード管理 — 一括削除	10	shared_update_table,shared_external,same_domain	dtb_product,dtb_product_sub,mtb_card,mtb_card_detail	dtb_deck_card,dtb_product,dtb_product_sub,mtb_card,mtb_card_detail	API,CSV,バッチ,支店
m14-04	カード管理 — 新規登録・編集・削除（詳細フォーム）	m14-05	カード管理 — カード CSV 登録（取込）	10	shared_update_table,shared_external,same_domain	dtb_card_format,mtb_card,mtb_card_detail,mtb_card_image	dtb_card_format,mtb_card,mtb_card_detail,mtb_card_image	API,CSV,バッチ,支店
m14-04	カード管理 — 新規登録・編集・削除（詳細フォーム）	m03-02	M03-02（商品編集機能）	9	shared_update_table,shared_external	dtb_product,dtb_product_sub,mtb_card_detail	dtb_product,dtb_product_sub,mtb_card_detail	API,CSV,バッチ,支店
m14-04	カード管理 — 新規登録・編集・削除（詳細フォーム）	m03-34	m03-34_admin_product_product_discount_csv_import（管理画面_商品管理_割引率変更CSV登録）	8	shared_update_table,shared_external	dtb_product,dtb_product_sub	dtb_product,dtb_product_sub	API,CSV,バッチ,支店
m14-04	カード管理 — 新規登録・編集・削除（詳細フォーム）	m03-36	m03-36_admin_product_product_buy_discount_csv_import（管理画面_商品管理_買取減額率変更CSV登録）	8	shared_update_table,shared_external	dtb_product,dtb_product_sub	dtb_product,dtb_product_sub	API,CSV,バッチ
m14-04	カード管理 — 新規登録・編集・削除（詳細フォーム）	m14-01	カード管理 — カード検索（一覧・条件抽出）	8	shared_db_table,shared_external,same_domain		dtb_card_format,mtb_card,mtb_card_detail	API,CSV,バッチ
m14-04	カード管理 — 新規登録・編集・削除（詳細フォーム）	m14-02	カード管理 — カード情報 CSV 出力	8	shared_db_table,shared_external,same_domain		mtb_card,mtb_card_detail,mtb_card_image	API,CSV,バッチ,支店
m14-04	カード管理 — 新規登録・編集・削除（詳細フォーム）	m14-07	カードセット管理 — 収録カード画像 ZIP ダウンロード（セット別／言語別）	8	shared_update_table,shared_external,same_domain	mtb_card_image	mtb_card_detail,mtb_card_image	API,バッチ
m14-04	カード管理 — 新規登録・編集・削除（詳細フォーム）	m14-08	カード管理 — カードセット新規登録・編集・削除	8	shared_update_table,shared_external,same_domain	mtb_card_detail	mtb_card_detail	API,CSV,バッチ,支店
m14-04	カード管理 — 新規登録・編集・削除（詳細フォーム）	m14-10	カード管理 — フォーマット新規登録・編集・削除	8	shared_update_table,shared_external,same_domain	dtb_card_format	dtb_card_format	API,バッチ
m14-04	カード管理 — 新規登録・編集・削除（詳細フォーム）	a02-02	API 商品管理 — ポップアップ用カード情報取得	7	shared_db_table,shared_external		dtb_product,mtb_card,mtb_card_detail	API
m14-04	カード管理 — 新規登録・編集・削除（詳細フォーム）	a02-05	API 商品管理 — 更新商品規格取得	7	shared_update_table,shared_external	dtb_product	dtb_product	API,支店
m14-05	カード管理 — カード CSV 登録（取込）	m14-04	カード管理 — 新規登録・編集・削除（詳細フォーム）	10	shared_update_table,shared_external,same_domain	dtb_card_format,mtb_card,mtb_card_detail,mtb_card_image	dtb_card_format,mtb_card,mtb_card_detail,mtb_card_image	API,CSV,バッチ,支店
m14-05	カード管理 — カード CSV 登録（取込）	m14-03	カード管理 — 一括削除	9	shared_update_table,shared_external,same_domain	mtb_card,mtb_card_detail	mtb_card,mtb_card_detail	API,CSV,バッチ,支店
m14-05	カード管理 — カード CSV 登録（取込）	m14-01	カード管理 — カード検索（一覧・条件抽出）	8	shared_db_table,shared_external,same_domain		dtb_card_format,mtb_card,mtb_card_detail	API,CSV,バッチ
m14-05	カード管理 — カード CSV 登録（取込）	m14-02	カード管理 — カード情報 CSV 出力	8	shared_db_table,shared_external,same_domain		mtb_card,mtb_card_detail,mtb_card_image	API,CSV,バッチ,支店
m14-05	カード管理 — カード CSV 登録（取込）	m14-07	カードセット管理 — 収録カード画像 ZIP ダウンロード（セット別／言語別）	8	shared_update_table,shared_external,same_domain	mtb_card_image	mtb_card_detail,mtb_card_image	API,バッチ
m14-05	カード管理 — カード CSV 登録（取込）	m14-08	カード管理 — カードセット新規登録・編集・削除	8	shared_update_table,shared_external,same_domain	mtb_card_detail	mtb_card_detail	API,CSV,バッチ,支店
m14-05	カード管理 — カード CSV 登録（取込）	m14-10	カード管理 — フォーマット新規登録・編集・削除	8	shared_update_table,shared_external,same_domain	dtb_card_format	dtb_card_format	API,バッチ
m14-05	カード管理 — カード CSV 登録（取込）	a14-01	API カード管理 — カードIDからカード情報を取得	7	shared_db_table,shared_external,same_domain_cross_layer		mtb_card	API
m14-05	カード管理 — カード CSV 登録（取込）	a14-02	API カード管理 — カード詳細IDからカード詳細情報を取得	7	shared_db_table,shared_external,same_domain_cross_layer		mtb_card_detail	API
m14-05	カード管理 — カード CSV 登録（取込）	a14-03	API カード管理 — 検索クエリに一致するカード情報1件を取得	7	shared_db_table,shared_external,same_domain_cross_layer		mtb_card	API,支店
m14-05	カード管理 — カード CSV 登録（取込）	m03-02	M03-02（商品編集機能）	7	shared_update_table,shared_external	mtb_card_detail	mtb_card_detail	API,CSV,バッチ,支店
m14-05	カード管理 — カード CSV 登録（取込）	a02-02	API 商品管理 — ポップアップ用カード情報取得	6	shared_db_table,shared_external		mtb_card,mtb_card_detail	API
m14-06	カード管理 — カードセット一覧	m14-01	カード管理 — カード検索（一覧・条件抽出）	6	shared_db_table,shared_external,same_domain		mtb_page_max	API,CSV,バッチ
m14-06	カード管理 — カードセット一覧	m14-07	カードセット管理 — 収録カード画像 ZIP ダウンロード（セット別／言語別）	6	shared_db_table,shared_external,same_domain		mtb_cardset	API,バッチ
m14-06	カード管理 — カードセット一覧	m14-08	カード管理 — カードセット新規登録・編集・削除	6	shared_db_table,shared_external,same_domain		mtb_cardset	API,CSV,バッチ,支店
m14-06	カード管理 — カードセット一覧	m14-10	カード管理 — フォーマット新規登録・編集・削除	6	shared_db_table,shared_external,same_domain		mtb_cardset	API,バッチ
m14-06	カード管理 — カードセット一覧	f03-03	F03-03（商品詳細検索）	5	shared_db_table,shared_external		mtb_cardset	API,バッチ
m14-06	カード管理 — カードセット一覧	f03-04	F03-04（カテゴリ一覧）	5	shared_db_table,shared_external		mtb_cardset	API,バッチ
m14-06	カード管理 — カードセット一覧	m03-01	m03-01_admin_product_product_search_list（管理画面_商品管理_商品検索・一覧）	5	shared_db_table,shared_external		mtb_page_max	API,CSV,バッチ
m14-06	カード管理 — カードセット一覧	m03-23	商品管理 — 買取/販売価格履歴（検索・一覧・CSV出力）	5	shared_db_table,shared_external		mtb_cardset	API,CSV,バッチ
m14-06	カード管理 — カードセット一覧	m04-32	M04-32（承認一覧）	5	shared_db_table,shared_external		mtb_page_max	API,CSV
m14-06	カード管理 — カードセット一覧	m05-01	m05-01_admin_order_order_search_list（受注管理 — 受注情報検索・一覧）	5	shared_db_table,shared_external		mtb_page_max	API,CSV,バッチ,支店
m14-06	カード管理 — カードセット一覧	m05-19	m05-19_admin_order_order_shipping_standby_list_search（管理画面_受注管理_出荷指示リスト検索）	5	shared_db_table,shared_external		mtb_page_max	API,バッチ
m14-06	カード管理 — カードセット一覧	m06-05	店頭買取管理 — 買取商品履歴（検索／一覧）	5	shared_db_table,shared_external		mtb_page_max	API,CSV,バッチ
m14-07	カードセット管理 — 収録カード画像 ZIP ダウンロード（セット別／言語別）	m14-04	カード管理 — 新規登録・編集・削除（詳細フォーム）	8	shared_update_table,shared_external,same_domain	mtb_card_image	mtb_card_detail,mtb_card_image	API,バッチ
m14-07	カードセット管理 — 収録カード画像 ZIP ダウンロード（セット別／言語別）	m14-05	カード管理 — カード CSV 登録（取込）	8	shared_update_table,shared_external,same_domain	mtb_card_image	mtb_card_detail,mtb_card_image	API,バッチ
m14-07	カードセット管理 — 収録カード画像 ZIP ダウンロード（セット別／言語別）	a14-02	API カード管理 — カード詳細IDからカード詳細情報を取得	7	shared_db_table,shared_external,same_domain_cross_layer		mtb_card_detail	API
m14-07	カードセット管理 — 収録カード画像 ZIP ダウンロード（セット別／言語別）	m14-02	カード管理 — カード情報 CSV 出力	7	shared_db_table,shared_external,same_domain		mtb_card_detail,mtb_card_image	API,バッチ
m14-07	カードセット管理 — 収録カード画像 ZIP ダウンロード（セット別／言語別）	m14-08	カード管理 — カードセット新規登録・編集・削除	7	shared_db_table,shared_external,same_domain		mtb_card_detail,mtb_cardset	API,バッチ
m14-07	カードセット管理 — 収録カード画像 ZIP ダウンロード（セット別／言語別）	m03-23	商品管理 — 買取/販売価格履歴（検索・一覧・CSV出力）	6	shared_db_table,shared_external		mtb_card_detail,mtb_cardset	API,バッチ
m14-07	カードセット管理 — 収録カード画像 ZIP ダウンロード（セット別／言語別）	m14-01	カード管理 — カード検索（一覧・条件抽出）	6	shared_db_table,shared_external,same_domain		mtb_card_detail	API,バッチ
m14-07	カードセット管理 — 収録カード画像 ZIP ダウンロード（セット別／言語別）	m14-03	カード管理 — 一括削除	6	shared_db_table,shared_external,same_domain		mtb_card_detail	API,バッチ
m14-07	カードセット管理 — 収録カード画像 ZIP ダウンロード（セット別／言語別）	m14-06	カード管理 — カードセット一覧	6	shared_db_table,shared_external,same_domain		mtb_cardset	API,バッチ
m14-07	カードセット管理 — 収録カード画像 ZIP ダウンロード（セット別／言語別）	m14-10	カード管理 — フォーマット新規登録・編集・削除	6	shared_db_table,shared_external,same_domain		mtb_cardset	API,バッチ
m14-07	カードセット管理 — 収録カード画像 ZIP ダウンロード（セット別／言語別）	a02-02	API 商品管理 — ポップアップ用カード情報取得	5	shared_db_table,shared_external		mtb_card_detail	API
m14-07	カードセット管理 — 収録カード画像 ZIP ダウンロード（セット別／言語別）	a06-06	API 店頭買取管理 — カード詳細IDから買取用商品情報を取得	5	shared_db_table,shared_external		mtb_card_detail	API
m14-08	カード管理 — カードセット新規登録・編集・削除	m14-03	カード管理 — 一括削除	8	shared_update_table,shared_external,same_domain	mtb_card_detail	mtb_card_detail	API,CSV,バッチ,支店
m14-08	カード管理 — カードセット新規登録・編集・削除	m14-04	カード管理 — 新規登録・編集・削除（詳細フォーム）	8	shared_update_table,shared_external,same_domain	mtb_card_detail	mtb_card_detail	API,CSV,バッチ,支店
m14-08	カード管理 — カードセット新規登録・編集・削除	m14-05	カード管理 — カード CSV 登録（取込）	8	shared_update_table,shared_external,same_domain	mtb_card_detail	mtb_card_detail	API,CSV,バッチ,支店
m14-08	カード管理 — カードセット新規登録・編集・削除	a14-02	API カード管理 — カード詳細IDからカード詳細情報を取得	7	shared_db_table,shared_external,same_domain_cross_layer		mtb_card_detail	API
m14-08	カード管理 — カードセット新規登録・編集・削除	m03-02	M03-02（商品編集機能）	7	shared_update_table,shared_external	mtb_card_detail	mtb_card_detail	API,CSV,バッチ,支店
m14-08	カード管理 — カードセット新規登録・編集・削除	m14-07	カードセット管理 — 収録カード画像 ZIP ダウンロード（セット別／言語別）	7	shared_db_table,shared_external,same_domain		mtb_card_detail,mtb_cardset	API,バッチ
m14-08	カード管理 — カードセット新規登録・編集・削除	m03-23	商品管理 — 買取/販売価格履歴（検索・一覧・CSV出力）	6	shared_db_table,shared_external		mtb_card_detail,mtb_cardset	API,CSV,バッチ
m14-08	カード管理 — カードセット新規登録・編集・削除	m14-01	カード管理 — カード検索（一覧・条件抽出）	6	shared_db_table,shared_external,same_domain		mtb_card_detail	API,CSV,バッチ
m14-08	カード管理 — カードセット新規登録・編集・削除	m14-02	カード管理 — カード情報 CSV 出力	6	shared_db_table,shared_external,same_domain		mtb_card_detail	API,CSV,バッチ,支店
m14-08	カード管理 — カードセット新規登録・編集・削除	m14-06	カード管理 — カードセット一覧	6	shared_db_table,shared_external,same_domain		mtb_cardset	API,CSV,バッチ,支店
m14-08	カード管理 — カードセット新規登録・編集・削除	m14-10	カード管理 — フォーマット新規登録・編集・削除	6	shared_db_table,shared_external,same_domain		mtb_cardset	API,バッチ
m14-08	カード管理 — カードセット新規登録・編集・削除	a02-02	API 商品管理 — ポップアップ用カード情報取得	5	shared_db_table,shared_external		mtb_card_detail	API
m14-09	カード管理 — フォーマット一覧	m14-10	カード管理 — フォーマット新規登録・編集・削除	12	reverse_ref,shared_update_table,shared_external,same_domain	mtb_format	mtb_format	API,バッチ
m14-09	カード管理 — フォーマット一覧	a15-17	API デッキビルダー — デッキ登録インポート	7	shared_update_table,shared_external	mtb_format	mtb_format	API
m14-09	カード管理 — フォーマット一覧	a15-18	API デッキビルダー — デッキ更新インポート	7	shared_update_table,shared_external	mtb_format	mtb_format	API
m14-09	カード管理 — フォーマット一覧	m15-10	m15-10_admin_deck_archetype_csv_import（デッキ管理 — アーキタイプ登録 CSV / TSV 取込）	7	shared_update_table,shared_external	mtb_format	mtb_format	API,バッチ
m14-09	カード管理 — フォーマット一覧	a15-06	API デッキビルダー — マスタ検索	5	shared_db_table,shared_external		mtb_format	API
m14-09	カード管理 — フォーマット一覧	a15-07	API デッキビルダー — アーキタイプ検索	5	shared_db_table,shared_external		mtb_format	API
m14-09	カード管理 — フォーマット一覧	a15-14	API デッキビルダー — メタゲーム情報参照	5	shared_db_table,shared_external		mtb_format	API
m14-09	カード管理 — フォーマット一覧	a15-15	API デッキビルダー — 採用枚数情報参照	5	shared_db_table,shared_external		mtb_format	API
m14-09	カード管理 — フォーマット一覧	a15-16	API デッキビルダー — 直近大会情報取得	5	shared_db_table,shared_external		mtb_format	API,バッチ
m14-09	カード管理 — フォーマット一覧	f03-03	F03-03（商品詳細検索）	5	shared_db_table,shared_external		mtb_format	API,バッチ
m14-09	カード管理 — フォーマット一覧	f06-17	F06-17（大会に登録するデッキの確認・登録）	5	shared_db_table,shared_external		mtb_format	API,バッチ
m14-09	カード管理 — フォーマット一覧	f07-02	F07-02（大会詳細検索）	5	shared_db_table,shared_external		mtb_format	API,バッチ
m14-10	カード管理 — フォーマット新規登録・編集・削除	m14-09	カード管理 — フォーマット一覧	13	direct_ref,shared_update_table,shared_external,same_domain	mtb_format	mtb_format	API,バッチ
m14-10	カード管理 — フォーマット新規登録・編集・削除	m14-04	カード管理 — 新規登録・編集・削除（詳細フォーム）	8	shared_update_table,shared_external,same_domain	dtb_card_format	dtb_card_format	API,バッチ
m14-10	カード管理 — フォーマット新規登録・編集・削除	m14-05	カード管理 — カード CSV 登録（取込）	8	shared_update_table,shared_external,same_domain	dtb_card_format	dtb_card_format	API,バッチ
m14-10	カード管理 — フォーマット新規登録・編集・削除	a15-17	API デッキビルダー — デッキ登録インポート	7	shared_update_table,shared_external	mtb_format	mtb_format	API
m14-10	カード管理 — フォーマット新規登録・編集・削除	a15-18	API デッキビルダー — デッキ更新インポート	7	shared_update_table,shared_external	mtb_format	mtb_format	API
m14-10	カード管理 — フォーマット新規登録・編集・削除	m15-10	m15-10_admin_deck_archetype_csv_import（デッキ管理 — アーキタイプ登録 CSV / TSV 取込）	7	shared_update_table,shared_external	mtb_format	mtb_format	API,バッチ
m14-10	カード管理 — フォーマット新規登録・編集・削除	f03-03	F03-03（商品詳細検索）	6	shared_db_table,shared_external		mtb_cardset,mtb_format	API,バッチ
m14-10	カード管理 — フォーマット新規登録・編集・削除	m14-01	カード管理 — カード検索（一覧・条件抽出）	6	shared_db_table,shared_external,same_domain		dtb_card_format	API,バッチ
m14-10	カード管理 — フォーマット新規登録・編集・削除	m14-06	カード管理 — カードセット一覧	6	shared_db_table,shared_external,same_domain		mtb_cardset	API,バッチ
m14-10	カード管理 — フォーマット新規登録・編集・削除	m14-07	カードセット管理 — 収録カード画像 ZIP ダウンロード（セット別／言語別）	6	shared_db_table,shared_external,same_domain		mtb_cardset	API,バッチ
m14-10	カード管理 — フォーマット新規登録・編集・削除	m14-08	カード管理 — カードセット新規登録・編集・削除	6	shared_db_table,shared_external,same_domain		mtb_cardset	API,バッチ
m14-10	カード管理 — フォーマット新規登録・編集・削除	a15-06	API デッキビルダー — マスタ検索	5	shared_db_table,shared_external		mtb_format	API
m15-01	デッキ管理 — デッキ検索・一覧	m15-03	デッキ管理 — 一括削除	12	reverse_ref,shared_update_table,shared_external,same_domain	dtb_deck	dtb_article_deck,dtb_deck,dtb_deck_card,dtb_deck_deck_tag	API,CSV,バッチ
m15-01	デッキ管理 — デッキ検索・一覧	m15-05	デッキ管理 — 新規登録・編集・削除・複製	12	reverse_ref,shared_update_table,shared_external,same_domain	dtb_deck	dtb_deck,dtb_deck_card	API,CSV,バッチ
m15-01	デッキ管理 — デッキ検索・一覧	m15-08	pf-eccube3 — デッキ管理 — アーキタイプ検索条件	10	reverse_ref,shared_db_table,shared_external,same_domain		dtb_deck	API,バッチ
m15-01	デッキ管理 — デッキ検索・一覧	a15-09	API デッキビルダー — デッキ情報登録	9	shared_update_table,shared_external,same_domain_cross_layer	dtb_deck	dtb_deck,dtb_deck_card	API
m15-01	デッキ管理 — デッキ検索・一覧	a15-10	API デッキビルダー — デッキ情報更新	9	shared_update_table,shared_external,same_domain_cross_layer	dtb_deck	dtb_deck,dtb_deck_card	API,バッチ
m15-01	デッキ管理 — デッキ検索・一覧	a15-11	API デッキビルダー — デッキ情報削除	9	shared_update_table,shared_external,same_domain_cross_layer	dtb_deck	dtb_deck	API
m15-01	デッキ管理 — デッキ検索・一覧	a15-12	API デッキビルダー — デッキ情報参照	9	shared_update_table,shared_external,same_domain_cross_layer	dtb_deck	dtb_deck,dtb_deck_card	API
m15-01	デッキ管理 — デッキ検索・一覧	a15-13	API デッキビルダー — デッキ情報検索	9	shared_update_table,shared_external,same_domain_cross_layer	dtb_deck	dtb_deck,dtb_deck_card	API
m15-01	デッキ管理 — デッキ検索・一覧	a15-17	API デッキビルダー — デッキ登録インポート	9	shared_update_table,shared_external,same_domain_cross_layer	dtb_deck	dtb_deck,dtb_deck_card	API
m15-01	デッキ管理 — デッキ検索・一覧	a15-18	API デッキビルダー — デッキ更新インポート	9	shared_update_table,shared_external,same_domain_cross_layer	dtb_deck	dtb_deck,dtb_deck_card	API
m15-01	デッキ管理 — デッキ検索・一覧	a15-15	API デッキビルダー — 採用枚数情報参照	8	shared_db_table,shared_external,same_domain_cross_layer		dtb_deck,dtb_deck_card	API
m15-01	デッキ管理 — デッキ検索・一覧	m15-04	デッキ管理 — 検索一覧からの一括編集	8	shared_update_table,shared_external,same_domain	dtb_deck	dtb_deck,dtb_deck_card	API,CSV,バッチ
m15-02	デッキ管理 — デッキ CSV 出力	m15-06	デッキ管理 — デッキ登録 CSV（取込）	11	reverse_ref,shared_db_table,shared_external,same_domain		dtb_deck,dtb_deck_card	API,CSV,バッチ
m15-02	デッキ管理 — デッキ CSV 出力	a15-12	API デッキビルダー — デッキ情報参照	9	shared_db_table,shared_external,same_domain_cross_layer		dtb_deck,dtb_deck_card,mtb_disp	API
m15-02	デッキ管理 — デッキ CSV 出力	a15-15	API デッキビルダー — 採用枚数情報参照	9	shared_db_table,shared_external,same_domain_cross_layer		dtb_deck,dtb_deck_card,mtb_format	API
m15-02	デッキ管理 — デッキ CSV 出力	a15-17	API デッキビルダー — デッキ登録インポート	9	shared_db_table,shared_external,same_domain_cross_layer		dtb_deck,dtb_deck_card,mtb_format	API
m15-02	デッキ管理 — デッキ CSV 出力	a15-18	API デッキビルダー — デッキ更新インポート	9	shared_db_table,shared_external,same_domain_cross_layer		dtb_deck,dtb_deck_card,mtb_format	API
m15-02	デッキ管理 — デッキ CSV 出力	a15-09	API デッキビルダー — デッキ情報登録	8	shared_db_table,shared_external,same_domain_cross_layer		dtb_deck,dtb_deck_card	API
m15-02	デッキ管理 — デッキ CSV 出力	a15-10	API デッキビルダー — デッキ情報更新	8	shared_db_table,shared_external,same_domain_cross_layer		dtb_deck,dtb_deck_card	API,バッチ
m15-02	デッキ管理 — デッキ CSV 出力	a15-13	API デッキビルダー — デッキ情報検索	8	shared_db_table,shared_external,same_domain_cross_layer		dtb_deck,dtb_deck_card	API
m15-02	デッキ管理 — デッキ CSV 出力	a15-14	API デッキビルダー — メタゲーム情報参照	8	shared_db_table,shared_external,same_domain_cross_layer		dtb_deck,mtb_format	API
m15-02	デッキ管理 — デッキ CSV 出力	a15-06	API デッキビルダー — マスタ検索	7	shared_db_table,shared_external,same_domain_cross_layer		mtb_format	API
m15-02	デッキ管理 — デッキ CSV 出力	a15-07	API デッキビルダー — アーキタイプ検索	7	shared_db_table,shared_external,same_domain_cross_layer		mtb_format	API
m15-02	デッキ管理 — デッキ CSV 出力	a15-11	API デッキビルダー — デッキ情報削除	7	shared_db_table,shared_external,same_domain_cross_layer		dtb_deck	API
m15-03	デッキ管理 — 一括削除	m15-01	デッキ管理 — デッキ検索・一覧	13	direct_ref,shared_update_table,shared_external,same_domain	dtb_deck	dtb_article_deck,dtb_deck,dtb_deck_card,dtb_deck_deck_tag	API,CSV,バッチ
m15-03	デッキ管理 — 一括削除	m15-05	デッキ管理 — 新規登録・編集・削除・複製	13	reverse_ref,shared_update_table,shared_external,same_domain	dtb_deck,dtb_deck_card	dtb_deck,dtb_deck_card	API,CSV,バッチ
m15-03	デッキ管理 — 一括削除	a15-09	API デッキビルダー — デッキ情報登録	10	shared_update_table,shared_external,same_domain_cross_layer	dtb_deck,dtb_deck_card	dtb_deck,dtb_deck_card	API
m15-03	デッキ管理 — 一括削除	a15-10	API デッキビルダー — デッキ情報更新	10	shared_update_table,shared_external,same_domain_cross_layer	dtb_deck,dtb_deck_card	dtb_deck,dtb_deck_card	API,バッチ
m15-03	デッキ管理 — 一括削除	a15-17	API デッキビルダー — デッキ登録インポート	10	shared_update_table,shared_external,same_domain_cross_layer	dtb_deck,dtb_deck_card	dtb_deck,dtb_deck_card	API
m15-03	デッキ管理 — 一括削除	a15-18	API デッキビルダー — デッキ更新インポート	10	shared_update_table,shared_external,same_domain_cross_layer	dtb_deck,dtb_deck_card	dtb_deck,dtb_deck_card	API
m15-03	デッキ管理 — 一括削除	a15-11	API デッキビルダー — デッキ情報削除	9	shared_update_table,shared_external,same_domain_cross_layer	dtb_deck	dtb_deck	API
m15-03	デッキ管理 — 一括削除	a15-12	API デッキビルダー — デッキ情報参照	9	shared_update_table,shared_external,same_domain_cross_layer	dtb_deck	dtb_deck,dtb_deck_card	API,支店
m15-03	デッキ管理 — 一括削除	a15-13	API デッキビルダー — デッキ情報検索	9	shared_update_table,shared_external,same_domain_cross_layer	dtb_deck	dtb_deck,dtb_deck_card	API,支店
m15-03	デッキ管理 — 一括削除	m15-06	デッキ管理 — デッキ登録 CSV（取込）	9	shared_update_table,shared_external,same_domain	dtb_deck,dtb_deck_card	dtb_deck,dtb_deck_card,dtb_deck_deck_tag	API,CSV,バッチ,支店
m15-03	デッキ管理 — 一括削除	a15-15	API デッキビルダー — 採用枚数情報参照	8	shared_db_table,shared_external,same_domain_cross_layer		dtb_deck,dtb_deck_card	API,支店
m15-03	デッキ管理 — 一括削除	f06-16	F06-16（大会デッキ登録編集）	8	shared_update_table,shared_external	dtb_deck,dtb_deck_card	dtb_deck,dtb_deck_card	API,バッチ
m15-04	デッキ管理 — 検索一覧からの一括編集	a15-09	API デッキビルダー — デッキ情報登録	9	shared_update_table,shared_external,same_domain_cross_layer	dtb_deck	dtb_deck,dtb_deck_card	API
m15-04	デッキ管理 — 検索一覧からの一括編集	a15-10	API デッキビルダー — デッキ情報更新	9	shared_update_table,shared_external,same_domain_cross_layer	dtb_deck	dtb_deck,dtb_deck_card	API,バッチ
m15-04	デッキ管理 — 検索一覧からの一括編集	a15-11	API デッキビルダー — デッキ情報削除	9	shared_update_table,shared_external,same_domain_cross_layer	dtb_deck	dtb_deck	API
m15-04	デッキ管理 — 検索一覧からの一括編集	a15-12	API デッキビルダー — デッキ情報参照	9	shared_update_table,shared_external,same_domain_cross_layer	dtb_deck	dtb_deck,dtb_deck_card	API
m15-04	デッキ管理 — 検索一覧からの一括編集	a15-13	API デッキビルダー — デッキ情報検索	9	shared_update_table,shared_external,same_domain_cross_layer	dtb_deck	dtb_deck,dtb_deck_card	API
m15-04	デッキ管理 — 検索一覧からの一括編集	a15-17	API デッキビルダー — デッキ登録インポート	9	shared_update_table,shared_external,same_domain_cross_layer	dtb_deck	dtb_deck,dtb_deck_card	API
m15-04	デッキ管理 — 検索一覧からの一括編集	a15-18	API デッキビルダー — デッキ更新インポート	9	shared_update_table,shared_external,same_domain_cross_layer	dtb_deck	dtb_deck,dtb_deck_card	API
m15-04	デッキ管理 — 検索一覧からの一括編集	a15-15	API デッキビルダー — 採用枚数情報参照	8	shared_db_table,shared_external,same_domain_cross_layer		dtb_deck,dtb_deck_card	API
m15-04	デッキ管理 — 検索一覧からの一括編集	m15-01	デッキ管理 — デッキ検索・一覧	8	shared_update_table,shared_external,same_domain	dtb_deck	dtb_deck,dtb_deck_card	API,CSV,バッチ
m15-04	デッキ管理 — 検索一覧からの一括編集	m15-03	デッキ管理 — 一括削除	8	shared_update_table,shared_external,same_domain	dtb_deck	dtb_deck,dtb_deck_card	API,CSV,バッチ
m15-04	デッキ管理 — 検索一覧からの一括編集	m15-05	デッキ管理 — 新規登録・編集・削除・複製	8	shared_update_table,shared_external,same_domain	dtb_deck	dtb_deck,dtb_deck_card	API,CSV,バッチ
m15-04	デッキ管理 — 検索一覧からの一括編集	m15-06	デッキ管理 — デッキ登録 CSV（取込）	8	shared_update_table,shared_external,same_domain	dtb_deck	dtb_deck,dtb_deck_card	API,CSV,バッチ
m15-05	デッキ管理 — 新規登録・編集・削除・複製	m15-03	デッキ管理 — 一括削除	14	direct_ref,shared_update_table,shared_external,same_domain	dtb_deck,dtb_deck_card	dtb_deck,dtb_deck_card	API,CSV,バッチ
m15-05	デッキ管理 — 新規登録・編集・削除・複製	m15-01	デッキ管理 — デッキ検索・一覧	13	direct_ref,shared_update_table,shared_external,same_domain	dtb_deck	dtb_deck,dtb_deck_card	API,CSV,バッチ
m15-05	デッキ管理 — 新規登録・編集・削除・複製	a15-09	API デッキビルダー — デッキ情報登録	10	shared_update_table,shared_external,same_domain_cross_layer	dtb_deck,dtb_deck_card	dtb_deck,dtb_deck_card	API
m15-05	デッキ管理 — 新規登録・編集・削除・複製	a15-10	API デッキビルダー — デッキ情報更新	10	shared_update_table,shared_external,same_domain_cross_layer	dtb_deck,dtb_deck_card	dtb_deck,dtb_deck_card	API,バッチ
m15-05	デッキ管理 — 新規登録・編集・削除・複製	a15-17	API デッキビルダー — デッキ登録インポート	10	shared_update_table,shared_external,same_domain_cross_layer	dtb_deck,dtb_deck_card	dtb_deck,dtb_deck_card	API
m15-05	デッキ管理 — 新規登録・編集・削除・複製	a15-18	API デッキビルダー — デッキ更新インポート	10	shared_update_table,shared_external,same_domain_cross_layer	dtb_deck,dtb_deck_card	dtb_deck,dtb_deck_card	API
m15-05	デッキ管理 — 新規登録・編集・削除・複製	m15-08	pf-eccube3 — デッキ管理 — アーキタイプ検索条件	10	reverse_ref,shared_db_table,shared_external,same_domain		dtb_deck	API,バッチ
m15-05	デッキ管理 — 新規登録・編集・削除・複製	a15-11	API デッキビルダー — デッキ情報削除	9	shared_update_table,shared_external,same_domain_cross_layer	dtb_deck	dtb_deck	API
m15-05	デッキ管理 — 新規登録・編集・削除・複製	a15-12	API デッキビルダー — デッキ情報参照	9	shared_update_table,shared_external,same_domain_cross_layer	dtb_deck	dtb_deck,dtb_deck_card,mtb_deck_tag	API
m15-05	デッキ管理 — 新規登録・編集・削除・複製	a15-13	API デッキビルダー — デッキ情報検索	9	shared_update_table,shared_external,same_domain_cross_layer	dtb_deck	dtb_deck,dtb_deck_card,mtb_deck_tag	API
m15-05	デッキ管理 — 新規登録・編集・削除・複製	m15-06	デッキ管理 — デッキ登録 CSV（取込）	9	shared_update_table,shared_external,same_domain	dtb_deck,dtb_deck_card	dtb_deck,dtb_deck_card	API,CSV,バッチ
m15-05	デッキ管理 — 新規登録・編集・削除・複製	a15-15	API デッキビルダー — 採用枚数情報参照	8	shared_db_table,shared_external,same_domain_cross_layer		dtb_deck,dtb_deck_card	API
m15-06	デッキ管理 — デッキ登録 CSV（取込）	m15-02	デッキ管理 — デッキ CSV 出力	12	direct_ref,shared_db_table,shared_external,same_domain		dtb_deck,dtb_deck_card	API,CSV,バッチ
m15-06	デッキ管理 — デッキ登録 CSV（取込）	a15-09	API デッキビルダー — デッキ情報登録	10	shared_update_table,shared_external,same_domain_cross_layer	dtb_deck,dtb_deck_card	dtb_deck,dtb_deck_card	API
m15-06	デッキ管理 — デッキ登録 CSV（取込）	a15-10	API デッキビルダー — デッキ情報更新	10	shared_update_table,shared_external,same_domain_cross_layer	dtb_deck,dtb_deck_card	dtb_deck,dtb_deck_card	API,バッチ
m15-06	デッキ管理 — デッキ登録 CSV（取込）	a15-17	API デッキビルダー — デッキ登録インポート	10	shared_update_table,shared_external,same_domain_cross_layer	dtb_deck,dtb_deck_card	dtb_deck,dtb_deck_card	API
m15-06	デッキ管理 — デッキ登録 CSV（取込）	a15-18	API デッキビルダー — デッキ更新インポート	10	shared_update_table,shared_external,same_domain_cross_layer	dtb_deck,dtb_deck_card	dtb_deck,dtb_deck_card	API
m15-06	デッキ管理 — デッキ登録 CSV（取込）	a15-11	API デッキビルダー — デッキ情報削除	9	shared_update_table,shared_external,same_domain_cross_layer	dtb_deck	dtb_deck	API
m15-06	デッキ管理 — デッキ登録 CSV（取込）	a15-12	API デッキビルダー — デッキ情報参照	9	shared_update_table,shared_external,same_domain_cross_layer	dtb_deck	dtb_deck,dtb_deck_card	API,支店
m15-06	デッキ管理 — デッキ登録 CSV（取込）	a15-13	API デッキビルダー — デッキ情報検索	9	shared_update_table,shared_external,same_domain_cross_layer	dtb_deck	dtb_deck,dtb_deck_card	API,支店
m15-06	デッキ管理 — デッキ登録 CSV（取込）	m15-03	デッキ管理 — 一括削除	9	shared_update_table,shared_external,same_domain	dtb_deck,dtb_deck_card	dtb_deck,dtb_deck_card,dtb_deck_deck_tag	API,CSV,バッチ,支店
m15-06	デッキ管理 — デッキ登録 CSV（取込）	m15-05	デッキ管理 — 新規登録・編集・削除・複製	9	shared_update_table,shared_external,same_domain	dtb_deck,dtb_deck_card	dtb_deck,dtb_deck_card	API,CSV,バッチ
m15-06	デッキ管理 — デッキ登録 CSV（取込）	a15-15	API デッキビルダー — 採用枚数情報参照	8	shared_db_table,shared_external,same_domain_cross_layer		dtb_deck,dtb_deck_card	API,支店
m15-06	デッキ管理 — デッキ登録 CSV（取込）	f06-16	F06-16（大会デッキ登録編集）	8	shared_update_table,shared_external	dtb_deck,dtb_deck_card	dtb_deck,dtb_deck_card	API,バッチ
m15-07	デッキ管理 — デッキタグ一覧（カスタム管理画面）	a15-06	API デッキビルダー — マスタ検索	7	shared_db_table,shared_external,same_domain_cross_layer		mtb_deck_tag	API
m15-07	デッキ管理 — デッキタグ一覧（カスタム管理画面）	a15-12	API デッキビルダー — デッキ情報参照	7	shared_db_table,shared_external,same_domain_cross_layer		mtb_deck_tag	API
m15-07	デッキ管理 — デッキタグ一覧（カスタム管理画面）	a15-13	API デッキビルダー — デッキ情報検索	7	shared_db_table,shared_external,same_domain_cross_layer		mtb_deck_tag	API
m15-07	デッキ管理 — デッキタグ一覧（カスタム管理画面）	m15-01	デッキ管理 — デッキ検索・一覧	6	shared_db_table,shared_external,same_domain		dtb_deck_deck_tag	API,CSV,バッチ
m15-07	デッキ管理 — デッキタグ一覧（カスタム管理画面）	m15-03	デッキ管理 — 一括削除	6	shared_db_table,shared_external,same_domain		dtb_deck_deck_tag	API,CSV,バッチ
m15-07	デッキ管理 — デッキタグ一覧（カスタム管理画面）	m15-05	デッキ管理 — 新規登録・編集・削除・複製	6	shared_db_table,shared_external,same_domain		mtb_deck_tag	API,CSV,バッチ
m15-07	デッキ管理 — デッキタグ一覧（カスタム管理画面）	m15-06	デッキ管理 — デッキ登録 CSV（取込）	6	shared_db_table,shared_external,same_domain		dtb_deck_deck_tag	API,CSV,バッチ
m15-07	デッキ管理 — デッキタグ一覧（カスタム管理画面）	m15-09	デッキ管理 — アーキタイプ登録・編集・削除	6	shared_db_table,shared_external,same_domain		dtb_archetype_deck_tag	API,バッチ
m15-07	デッキ管理 — デッキタグ一覧（カスタム管理画面）	m15-10	m15-10_admin_deck_archetype_csv_import（デッキ管理 — アーキタイプ登録 CSV / TSV 取込）	6	shared_db_table,shared_external,same_domain		dtb_archetype_deck_tag	API,CSV,バッチ
m15-07	デッキ管理 — デッキタグ一覧（カスタム管理画面）	m16-04	データ管理 — MTGマスターデータ編集	6	reverse_ref,shared_external			API,バッチ
m15-07	デッキ管理 — デッキタグ一覧（カスタム管理画面）	a15-01	API デッキビルダー — ログイン	4	shared_external,same_domain_cross_layer			API
m15-07	デッキ管理 — デッキタグ一覧（カスタム管理画面）	a15-02	API デッキビルダー — ログアウト	4	shared_external,same_domain_cross_layer			API
m15-08	pf-eccube3 — デッキ管理 — アーキタイプ検索条件	m15-01	デッキ管理 — デッキ検索・一覧	11	direct_ref,shared_db_table,shared_external,same_domain		dtb_deck	API,バッチ
m15-08	pf-eccube3 — デッキ管理 — アーキタイプ検索条件	m15-05	デッキ管理 — 新規登録・編集・削除・複製	11	direct_ref,shared_db_table,shared_external,same_domain		dtb_deck	API,バッチ
m15-08	pf-eccube3 — デッキ管理 — アーキタイプ検索条件	a15-14	API デッキビルダー — メタゲーム情報参照	8	shared_db_table,shared_external,same_domain_cross_layer		dtb_archetype,dtb_deck	API
m15-08	pf-eccube3 — デッキ管理 — アーキタイプ検索条件	m15-09	デッキ管理 — アーキタイプ登録・編集・削除	8	shared_db_table,shared_external,same_domain		dtb_archetype,dtb_archetype_color,dtb_deck	API,バッチ
m15-08	pf-eccube3 — デッキ管理 — アーキタイプ検索条件	m15-10	m15-10_admin_deck_archetype_csv_import（デッキ管理 — アーキタイプ登録 CSV / TSV 取込）	8	shared_db_table,shared_external,same_domain		dtb_archetype,dtb_archetype_color,mtb_color	API,バッチ
m15-08	pf-eccube3 — デッキ管理 — アーキタイプ検索条件	a15-06	API デッキビルダー — マスタ検索	7	shared_db_table,shared_external,same_domain_cross_layer		mtb_color	API
m15-08	pf-eccube3 — デッキ管理 — アーキタイプ検索条件	a15-07	API デッキビルダー — アーキタイプ検索	7	shared_db_table,shared_external,same_domain_cross_layer		dtb_archetype	API
m15-08	pf-eccube3 — デッキ管理 — アーキタイプ検索条件	a15-09	API デッキビルダー — デッキ情報登録	7	shared_db_table,shared_external,same_domain_cross_layer		dtb_deck	API
m15-08	pf-eccube3 — デッキ管理 — アーキタイプ検索条件	a15-10	API デッキビルダー — デッキ情報更新	7	shared_db_table,shared_external,same_domain_cross_layer		dtb_deck	API,バッチ
m15-08	pf-eccube3 — デッキ管理 — アーキタイプ検索条件	a15-11	API デッキビルダー — デッキ情報削除	7	shared_db_table,shared_external,same_domain_cross_layer		dtb_deck	API
m15-08	pf-eccube3 — デッキ管理 — アーキタイプ検索条件	a15-12	API デッキビルダー — デッキ情報参照	7	shared_db_table,shared_external,same_domain_cross_layer		dtb_deck	API
m15-08	pf-eccube3 — デッキ管理 — アーキタイプ検索条件	a15-13	API デッキビルダー — デッキ情報検索	7	shared_db_table,shared_external,same_domain_cross_layer		dtb_deck	API
m15-09	デッキ管理 — アーキタイプ登録・編集・削除	a15-09	API デッキビルダー — デッキ情報登録	9	shared_update_table,shared_external,same_domain_cross_layer	dtb_deck	dtb_deck	API
m15-09	デッキ管理 — アーキタイプ登録・編集・削除	a15-10	API デッキビルダー — デッキ情報更新	9	shared_update_table,shared_external,same_domain_cross_layer	dtb_deck	dtb_deck	API,バッチ
m15-09	デッキ管理 — アーキタイプ登録・編集・削除	a15-11	API デッキビルダー — デッキ情報削除	9	shared_update_table,shared_external,same_domain_cross_layer	dtb_deck	dtb_deck	API
m15-09	デッキ管理 — アーキタイプ登録・編集・削除	a15-12	API デッキビルダー — デッキ情報参照	9	shared_update_table,shared_external,same_domain_cross_layer	dtb_deck	dtb_deck	API
m15-09	デッキ管理 — アーキタイプ登録・編集・削除	a15-13	API デッキビルダー — デッキ情報検索	9	shared_update_table,shared_external,same_domain_cross_layer	dtb_deck	dtb_deck	API
m15-09	デッキ管理 — アーキタイプ登録・編集・削除	a15-17	API デッキビルダー — デッキ登録インポート	9	shared_update_table,shared_external,same_domain_cross_layer	dtb_deck	dtb_deck	API
m15-09	デッキ管理 — アーキタイプ登録・編集・削除	a15-18	API デッキビルダー — デッキ更新インポート	9	shared_update_table,shared_external,same_domain_cross_layer	dtb_deck	dtb_deck	API
m15-09	デッキ管理 — アーキタイプ登録・編集・削除	m15-10	m15-10_admin_deck_archetype_csv_import（デッキ管理 — アーキタイプ登録 CSV / TSV 取込）	9	shared_update_table,shared_external,same_domain	dtb_archetype,dtb_archetype_color	dtb_archetype,dtb_archetype_color,dtb_archetype_deck_tag	API,バッチ
m15-09	デッキ管理 — アーキタイプ登録・編集・削除	a15-14	API デッキビルダー — メタゲーム情報参照	8	shared_db_table,shared_external,same_domain_cross_layer		dtb_archetype,dtb_deck	API
m15-09	デッキ管理 — アーキタイプ登録・編集・削除	m15-01	デッキ管理 — デッキ検索・一覧	8	shared_update_table,shared_external,same_domain	dtb_deck	dtb_deck	API,バッチ
m15-09	デッキ管理 — アーキタイプ登録・編集・削除	m15-03	デッキ管理 — 一括削除	8	shared_update_table,shared_external,same_domain	dtb_deck	dtb_deck	API,バッチ
m15-09	デッキ管理 — アーキタイプ登録・編集・削除	m15-04	デッキ管理 — 検索一覧からの一括編集	8	shared_update_table,shared_external,same_domain	dtb_deck	dtb_deck	API,バッチ
m15-10	m15-10_admin_deck_archetype_csv_import（デッキ管理 — アーキタイプ登録 CSV / TSV 取込）	a15-17	API デッキビルダー — デッキ登録インポート	9	shared_update_table,shared_external,same_domain_cross_layer	mtb_format	mtb_format	API
m15-10	m15-10_admin_deck_archetype_csv_import（デッキ管理 — アーキタイプ登録 CSV / TSV 取込）	a15-18	API デッキビルダー — デッキ更新インポート	9	shared_update_table,shared_external,same_domain_cross_layer	mtb_format	mtb_format	API
m15-10	m15-10_admin_deck_archetype_csv_import（デッキ管理 — アーキタイプ登録 CSV / TSV 取込）	m15-09	デッキ管理 — アーキタイプ登録・編集・削除	9	shared_update_table,shared_external,same_domain	dtb_archetype,dtb_archetype_color	dtb_archetype,dtb_archetype_color,dtb_archetype_deck_tag	API,バッチ
m15-10	m15-10_admin_deck_archetype_csv_import（デッキ管理 — アーキタイプ登録 CSV / TSV 取込）	a15-06	API デッキビルダー — マスタ検索	8	shared_db_table,shared_external,same_domain_cross_layer		mtb_color,mtb_format	API
m15-10	m15-10_admin_deck_archetype_csv_import（デッキ管理 — アーキタイプ登録 CSV / TSV 取込）	a15-07	API デッキビルダー — アーキタイプ検索	8	shared_db_table,shared_external,same_domain_cross_layer		dtb_archetype,mtb_format	API
m15-10	m15-10_admin_deck_archetype_csv_import（デッキ管理 — アーキタイプ登録 CSV / TSV 取込）	a15-14	API デッキビルダー — メタゲーム情報参照	8	shared_db_table,shared_external,same_domain_cross_layer		dtb_archetype,mtb_format	API
m15-10	m15-10_admin_deck_archetype_csv_import（デッキ管理 — アーキタイプ登録 CSV / TSV 取込）	m15-08	pf-eccube3 — デッキ管理 — アーキタイプ検索条件	8	shared_db_table,shared_external,same_domain		dtb_archetype,dtb_archetype_color,mtb_color	API,バッチ
m15-10	m15-10_admin_deck_archetype_csv_import（デッキ管理 — アーキタイプ登録 CSV / TSV 取込）	a15-15	API デッキビルダー — 採用枚数情報参照	7	shared_db_table,shared_external,same_domain_cross_layer		mtb_format	API
m15-10	m15-10_admin_deck_archetype_csv_import（デッキ管理 — アーキタイプ登録 CSV / TSV 取込）	a15-16	API デッキビルダー — 直近大会情報取得	7	shared_db_table,shared_external,same_domain_cross_layer		mtb_format	API,バッチ
m15-10	m15-10_admin_deck_archetype_csv_import（デッキ管理 — アーキタイプ登録 CSV / TSV 取込）	m14-09	カード管理 — フォーマット一覧	7	shared_update_table,shared_external	mtb_format	mtb_format	API,バッチ
m15-10	m15-10_admin_deck_archetype_csv_import（デッキ管理 — アーキタイプ登録 CSV / TSV 取込）	m14-10	カード管理 — フォーマット新規登録・編集・削除	7	shared_update_table,shared_external	mtb_format	mtb_format	API,バッチ
m15-10	m15-10_admin_deck_archetype_csv_import（デッキ管理 — アーキタイプ登録 CSV / TSV 取込）	m15-02	デッキ管理 — デッキ CSV 出力	6	shared_db_table,shared_external,same_domain		mtb_format	API,CSV,バッチ
m15-11	デッキ管理 — 直近の大会管理（編集）	a15-16	API デッキビルダー — 直近大会情報取得	8	shared_db_table,shared_external,same_domain_cross_layer		mtb_format,mtb_latest_event_deck	API,バッチ
m15-11	デッキ管理 — 直近の大会管理（編集）	a15-06	API デッキビルダー — マスタ検索	7	shared_db_table,shared_external,same_domain_cross_layer		mtb_format	API
m15-11	デッキ管理 — 直近の大会管理（編集）	a15-07	API デッキビルダー — アーキタイプ検索	7	shared_db_table,shared_external,same_domain_cross_layer		mtb_format	API
m15-11	デッキ管理 — 直近の大会管理（編集）	a15-14	API デッキビルダー — メタゲーム情報参照	7	shared_db_table,shared_external,same_domain_cross_layer		mtb_format	API
m15-11	デッキ管理 — 直近の大会管理（編集）	a15-15	API デッキビルダー — 採用枚数情報参照	7	shared_db_table,shared_external,same_domain_cross_layer		mtb_format	API
m15-11	デッキ管理 — 直近の大会管理（編集）	a15-17	API デッキビルダー — デッキ登録インポート	7	shared_db_table,shared_external,same_domain_cross_layer		mtb_format	API
m15-11	デッキ管理 — 直近の大会管理（編集）	a15-18	API デッキビルダー — デッキ更新インポート	7	shared_db_table,shared_external,same_domain_cross_layer		mtb_format	API
m15-11	デッキ管理 — 直近の大会管理（編集）	m15-02	デッキ管理 — デッキ CSV 出力	6	shared_db_table,shared_external,same_domain		mtb_format	API,バッチ
m15-11	デッキ管理 — 直近の大会管理（編集）	m15-10	m15-10_admin_deck_archetype_csv_import（デッキ管理 — アーキタイプ登録 CSV / TSV 取込）	6	shared_db_table,shared_external,same_domain		mtb_format	API,バッチ
m15-11	デッキ管理 — 直近の大会管理（編集）	f03-03	F03-03（商品詳細検索）	5	shared_db_table,shared_external		mtb_format	API,バッチ
m15-11	デッキ管理 — 直近の大会管理（編集）	f06-17	F06-17（大会に登録するデッキの確認・登録）	5	shared_db_table,shared_external		mtb_format	API,バッチ
m15-11	デッキ管理 — 直近の大会管理（編集）	f07-02	F07-02（大会詳細検索）	5	shared_db_table,shared_external		mtb_format	API,バッチ
m16-01	データ管理 — トップバナー管理（バナー設定）	m16-02	データ管理 — トップバナー管理	13	reverse_ref,shared_update_table,shared_external,same_domain	dtb_top_banner_language,mtb_top_banner	dtb_base_info,dtb_top_banner_language,mtb_shop,mtb_top_banner	API,バッチ
m16-01	データ管理 — トップバナー管理（バナー設定）	a06-01	API 店頭買取管理 — 買取アプリ用ログイン	6	shared_db_table,shared_external		dtb_base_info,mtb_shop	API
m16-01	データ管理 — トップバナー管理（バナー設定）	a06-03	API 店頭買取管理 — 店頭買取受注詳細更新	6	shared_db_table,shared_external		dtb_base_info,mtb_shop	API
m16-01	データ管理 — トップバナー管理（バナー設定）	a08-01	API データ管理 — トップバナーIDのトップバナー情報を取得	6	shared_db_table,shared_external		dtb_top_banner_language,mtb_top_banner	API
m16-01	データ管理 — トップバナー管理（バナー設定）	a08-02	API データ管理 — 指定言語の設定済みトップバナー一覧を取得	6	shared_db_table,shared_external		dtb_top_banner_language,mtb_top_banner	API
m16-01	データ管理 — トップバナー管理（バナー設定）	a16-01	API データ管理 — トップバナーIDのトップバナー情報を取得	6	shared_db_table,shared_external		dtb_top_banner_language,mtb_top_banner	API
m16-01	データ管理 — トップバナー管理（バナー設定）	a16-02	API データ管理 — 指定言語の設定済みトップバナー一覧を取得	6	shared_db_table,shared_external		dtb_top_banner_language,mtb_top_banner	API
m16-01	データ管理 — トップバナー管理（バナー設定）	f01-02	F01-02（支店トップページ表示）	6	shared_db_table,shared_external		dtb_base_info,mtb_shop	API,バッチ
m16-01	データ管理 — トップバナー管理（バナー設定）	f02-03	F02-03（支店PC版ナビゲーション）	6	shared_db_table,shared_external		dtb_base_info,mtb_shop	API,バッチ
m16-01	データ管理 — トップバナー管理（バナー設定）	f02-04	F02-04（支店スマホ版ナビゲーション）	6	shared_db_table,shared_external		dtb_base_info,mtb_shop	API,バッチ
m16-01	データ管理 — トップバナー管理（バナー設定）	m11-02	メンバー管理（システム情報設定／設定）	6	shared_db_table,shared_external		dtb_base_info,mtb_shop	API,バッチ
m16-01	データ管理 — トップバナー管理（バナー設定）	b06-02	バッチ 買取管理 — 買取集計バッチ	5	shared_db_table,shared_external		dtb_base_info	API,バッチ
m16-02	データ管理 — トップバナー管理	m16-01	データ管理 — トップバナー管理（バナー設定）	14	direct_ref,shared_update_table,shared_external,same_domain	dtb_top_banner_language,mtb_top_banner	dtb_base_info,dtb_top_banner_language,mtb_shop,mtb_top_banner	API,バッチ
m16-02	データ管理 — トップバナー管理	a08-01	API データ管理 — トップバナーIDのトップバナー情報を取得	7	shared_db_table,shared_external		dtb_top_banner_language,mtb_language,mtb_top_banner	API
m16-02	データ管理 — トップバナー管理	a08-02	API データ管理 — 指定言語の設定済みトップバナー一覧を取得	7	shared_db_table,shared_external		dtb_top_banner_language,mtb_language,mtb_top_banner	API
m16-02	データ管理 — トップバナー管理	a16-01	API データ管理 — トップバナーIDのトップバナー情報を取得	7	shared_db_table,shared_external		dtb_top_banner_language,mtb_language,mtb_top_banner	API
m16-02	データ管理 — トップバナー管理	a16-02	API データ管理 — 指定言語の設定済みトップバナー一覧を取得	7	shared_db_table,shared_external		dtb_top_banner_language,mtb_language,mtb_top_banner	API
m16-02	データ管理 — トップバナー管理	a06-01	API 店頭買取管理 — 買取アプリ用ログイン	6	shared_db_table,shared_external		dtb_base_info,mtb_shop	API
m16-02	データ管理 — トップバナー管理	a06-03	API 店頭買取管理 — 店頭買取受注詳細更新	6	shared_db_table,shared_external		dtb_base_info,mtb_shop	API
m16-02	データ管理 — トップバナー管理	f01-02	F01-02（支店トップページ表示）	6	shared_db_table,shared_external		dtb_base_info,mtb_shop	API,バッチ
m16-02	データ管理 — トップバナー管理	f02-03	F02-03（支店PC版ナビゲーション）	6	shared_db_table,shared_external		dtb_base_info,mtb_shop	API,バッチ
m16-02	データ管理 — トップバナー管理	f02-04	F02-04（支店スマホ版ナビゲーション）	6	shared_db_table,shared_external		dtb_base_info,mtb_shop	API,バッチ
m16-02	データ管理 — トップバナー管理	m11-02	メンバー管理（システム情報設定／設定）	6	shared_db_table,shared_external		dtb_base_info,mtb_shop	API,バッチ
m16-02	データ管理 — トップバナー管理	a02-02	API 商品管理 — ポップアップ用カード情報取得	5	shared_db_table,shared_external		mtb_language	API
m16-03	データ管理 — 祝日の追加・削除	f07-01	F07-01（イベント大会TOP）	8	shared_update_table,shared_external	dtb_event_detail,mtb_holiday	dtb_event_detail,mtb_holiday	API,バッチ
m16-03	データ管理 — 祝日の追加・削除	f06-16	F06-16（大会デッキ登録編集）	7	shared_update_table,shared_external	dtb_event_detail	dtb_event_detail	API,バッチ
m16-03	データ管理 — 祝日の追加・削除	f07-03	F07-03（大会詳細）	7	shared_update_table,shared_external	dtb_event_detail	dtb_event_detail	API,バッチ
m16-03	データ管理 — 祝日の追加・削除	f07-04	F07-04（大会申込～完了）	7	shared_update_table,shared_external	dtb_event_detail	dtb_event_detail	API,バッチ
m16-03	データ管理 — 祝日の追加・削除	m13-02	M13-02（イベント編集/削除）	7	shared_update_table,shared_external	dtb_event_detail	dtb_event_detail	API,バッチ
m16-03	データ管理 — 祝日の追加・削除	m13-03	イベント管理 — 日程追加	7	shared_update_table,shared_external	dtb_event_detail	dtb_event_detail	API,バッチ
m16-03	データ管理 — 祝日の追加・削除	m13-04	イベント管理 — 繰り返し日程登録	7	shared_update_table,shared_external	dtb_event_detail	dtb_event_detail	API,バッチ
m16-03	データ管理 — 祝日の追加・削除	m13-05	M13-05（複製新規）	7	shared_update_table,shared_external	dtb_event_detail	dtb_event_detail	API,バッチ
m16-03	データ管理 — 祝日の追加・削除	m13-06	M13-06（イベント申込検索）	7	shared_update_table,shared_external	dtb_event_detail	dtb_event_detail	API,バッチ
m16-03	データ管理 — 祝日の追加・削除	m13-08	M13-08（デッキ表示）	7	shared_update_table,shared_external	dtb_event_detail	dtb_event_detail	API,バッチ
m16-03	データ管理 — 祝日の追加・削除	m13-11	イベント管理 — イベント申込登録検索	7	shared_update_table,shared_external	dtb_event_detail	dtb_event_detail	API,バッチ
m16-03	データ管理 — 祝日の追加・削除	f06-14	F06-14（予約済み大会一覧）	5	shared_db_table,shared_external		dtb_event_detail	API,バッチ
m16-04	データ管理 — MTGマスターデータ編集	m15-07	デッキ管理 — デッキタグ一覧（カスタム管理画面）	7	direct_ref,shared_external			API,バッチ
m16-04	データ管理 — MTGマスターデータ編集	b01-02	B01-02（在庫切れ）	4	shared_external,same_domain_cross_layer			API,バッチ
m16-04	データ管理 — MTGマスターデータ編集	b01-03	B01-03（在庫警告）	4	shared_external,same_domain_cross_layer			API,バッチ
m16-05	データ管理 — 販売割引率一覧	m16-06	データ管理 — 買取価格対応表（一覧）	6	shared_db_table,shared_external,same_domain		mtb_card_condition	API,バッチ
m16-05	データ管理 — 販売割引率一覧	m16-08	データ管理 — 買取減額率一覧	6	shared_db_table,shared_external,same_domain		mtb_card_condition	API,バッチ
m16-05	データ管理 — 販売割引率一覧	a07-06	API ネット買取管理 — 複数ネット買取IDからネット買取受注の商品一覧を取得	5	shared_db_table,shared_external		mtb_card_condition	API
m16-05	データ管理 — 販売割引率一覧	m03-34	m03-34_admin_product_product_discount_csv_import（管理画面_商品管理_割引率変更CSV登録）	5	shared_db_table,shared_external		mtb_discount	API,バッチ
m16-05	データ管理 — 販売割引率一覧	m04-17	M04-17（在庫履歴検索/一覧）	5	shared_db_table,shared_external		mtb_card_condition	API,バッチ
m16-05	データ管理 — 販売割引率一覧	m04-19	M04-19（欠品履歴検索/一覧）	5	shared_db_table,shared_external		mtb_card_condition	API,バッチ
m16-05	データ管理 — 販売割引率一覧	b01-02	B01-02（在庫切れ）	4	shared_external,same_domain_cross_layer			API,バッチ
m16-05	データ管理 — 販売割引率一覧	b01-03	B01-03（在庫警告）	4	shared_external,same_domain_cross_layer			API,バッチ
m16-06	データ管理 — 買取価格対応表（一覧）	m16-07	データ管理 — 買取価格対応表（編集）	15	direct_ref,reverse_ref,shared_db_table,shared_external,same_domain		mtb_buy_price_list	API,バッチ
m16-06	データ管理 — 買取価格対応表（一覧）	m16-05	データ管理 — 販売割引率一覧	6	shared_db_table,shared_external,same_domain		mtb_card_condition	API,バッチ
m16-06	データ管理 — 買取価格対応表（一覧）	m16-08	データ管理 — 買取減額率一覧	6	shared_db_table,shared_external,same_domain		mtb_card_condition	API,バッチ
m16-06	データ管理 — 買取価格対応表（一覧）	a07-06	API ネット買取管理 — 複数ネット買取IDからネット買取受注の商品一覧を取得	5	shared_db_table,shared_external		mtb_card_condition	API
m16-06	データ管理 — 買取価格対応表（一覧）	m03-10	m03-10_admin_product_product_bulk_buy_standard_price_edit（管理画面_商品管理_買取・基準価格一括編集）	5	shared_db_table,shared_external		mtb_buy_price_list	API,CSV,バッチ
m16-06	データ管理 — 買取価格対応表（一覧）	m04-17	M04-17（在庫履歴検索/一覧）	5	shared_db_table,shared_external		mtb_card_condition	API,CSV,バッチ
m16-06	データ管理 — 買取価格対応表（一覧）	m04-19	M04-19（欠品履歴検索/一覧）	5	shared_db_table,shared_external		mtb_card_condition	API,CSV,バッチ
m16-06	データ管理 — 買取価格対応表（一覧）	m04-30	M04-30（バーコード貼替リストCSV出力）	5	shared_db_table,shared_external		mtb_card_condition	CSV
m16-06	データ管理 — 買取価格対応表（一覧）	m04-33	M04-33（戻しリストCSV）	5	shared_db_table,shared_external		mtb_card_condition	CSV
m16-06	データ管理 — 買取価格対応表（一覧）	m04-34	M04-34（戻しリストPDF）	5	shared_db_table,shared_external		mtb_card_condition	CSV
m16-06	データ管理 — 買取価格対応表（一覧）	b01-02	B01-02（在庫切れ）	4	shared_external,same_domain_cross_layer			API,CSV,バッチ
m16-06	データ管理 — 買取価格対応表（一覧）	b01-03	B01-03（在庫警告）	4	shared_external,same_domain_cross_layer			API,CSV,バッチ
m16-07	データ管理 — 買取価格対応表（編集）	m16-06	データ管理 — 買取価格対応表（一覧）	15	direct_ref,reverse_ref,shared_db_table,shared_external,same_domain		mtb_buy_price_list	API,バッチ
m16-07	データ管理 — 買取価格対応表（編集）	m03-10	m03-10_admin_product_product_bulk_buy_standard_price_edit（管理画面_商品管理_買取・基準価格一括編集）	5	shared_db_table,shared_external		mtb_buy_price_list	API,バッチ
m16-07	データ管理 — 買取価格対応表（編集）	b01-02	B01-02（在庫切れ）	4	shared_external,same_domain_cross_layer			API,バッチ
m16-07	データ管理 — 買取価格対応表（編集）	b01-03	B01-03（在庫警告）	4	shared_external,same_domain_cross_layer			API,バッチ
m16-08	データ管理 — 買取減額率一覧	m16-05	データ管理 — 販売割引率一覧	6	shared_db_table,shared_external,same_domain		mtb_card_condition	API,バッチ
m16-08	データ管理 — 買取減額率一覧	m16-06	データ管理 — 買取価格対応表（一覧）	6	shared_db_table,shared_external,same_domain		mtb_card_condition	API,バッチ
m16-08	データ管理 — 買取減額率一覧	a07-06	API ネット買取管理 — 複数ネット買取IDからネット買取受注の商品一覧を取得	5	shared_db_table,shared_external		mtb_card_condition	API
m16-08	データ管理 — 買取減額率一覧	m03-36	m03-36_admin_product_product_buy_discount_csv_import（管理画面_商品管理_買取減額率変更CSV登録）	5	shared_db_table,shared_external		mtb_buy_discount	API,バッチ
m16-08	データ管理 — 買取減額率一覧	m04-17	M04-17（在庫履歴検索/一覧）	5	shared_db_table,shared_external		mtb_card_condition	API,バッチ
m16-08	データ管理 — 買取減額率一覧	m04-19	M04-19（欠品履歴検索/一覧）	5	shared_db_table,shared_external		mtb_card_condition	API,バッチ
m16-08	データ管理 — 買取減額率一覧	b01-02	B01-02（在庫切れ）	4	shared_external,same_domain_cross_layer			API,バッチ
m16-08	データ管理 — 買取減額率一覧	b01-03	B01-03（在庫警告）	4	shared_external,same_domain_cross_layer			API,バッチ
o01-01	o01-01_other_mtg_buyer_mtg_buyer_store_purchase（その他_MTGバイヤー_店頭買取）	a06-05	API 店頭買取管理 — 店頭買取受注ステータス更新	13	direct_ref,shared_update_table,shared_external	dtb_otc_buy_order,dtb_otc_buy_order_status_history	dtb_otc_buy_order,dtb_otc_buy_order_status_history,mtb_otc_buy_order_status	API
o01-01	o01-01_other_mtg_buyer_mtg_buyer_store_purchase（その他_MTGバイヤー_店頭買取）	f08-03	F08-03（店頭買取査定申込登録確認〜完了）	13	direct_ref,shared_update_table,shared_external	dtb_otc_buy_order,dtb_otc_buy_order_status_history	dtb_otc_buy_order,dtb_otc_buy_order_status_history	API,バッチ
o01-01	o01-01_other_mtg_buyer_mtg_buyer_store_purchase（その他_MTGバイヤー_店頭買取）	a06-03	API 店頭買取管理 — 店頭買取受注詳細更新	12	direct_ref,shared_db_table,shared_external		dtb_otc_buy_order,dtb_otc_buy_order_detail,dtb_otc_buy_order_indivisual_input_product,dtb_otc_buy_order_status_history,dtb_otc_buy_order_stock,dtb_otc_buy_order_stock_history,mtb_otc_buy_order_status	API
o01-01	o01-01_other_mtg_buyer_mtg_buyer_store_purchase（その他_MTGバイヤー_店頭買取）	a06-04	API 店頭買取管理 — 店頭買取受注コメント更新	12	direct_ref,shared_update_table,shared_external	dtb_otc_buy_order	dtb_otc_buy_order	API
o01-01	o01-01_other_mtg_buyer_mtg_buyer_store_purchase（その他_MTGバイヤー_店頭買取）	a06-13	API 店頭買取管理 — 本人確認更新	12	direct_ref,shared_update_table,shared_external	dtb_otc_buy_order	dtb_otc_buy_order	API
o01-01	o01-01_other_mtg_buyer_mtg_buyer_store_purchase（その他_MTGバイヤー_店頭買取）	o01-02	o01-02_other_mtg_buyer_mtg_buyer_online_purchase（その他_MTGバイヤー_ネット買取）	12	reverse_ref,shared_update_table,shared_external,same_domain	dtb_otc_buy_order_detail	dtb_otc_buy_order,dtb_otc_buy_order_detail	API,CSV,バッチ
o01-01	o01-01_other_mtg_buyer_mtg_buyer_store_purchase（その他_MTGバイヤー_店頭買取）	a06-02	API 店頭買取管理 — 店頭買取受注一覧取得	11	direct_ref,shared_db_table,shared_external		dtb_otc_buy_order,mtb_otc_buy_order_status	API
o01-01	o01-01_other_mtg_buyer_mtg_buyer_store_purchase（その他_MTGバイヤー_店頭買取）	a06-14	A06-14（店頭買取情報一部キャンセル情報連携）	9	shared_update_table,shared_external	dtb_otc_buy_order_indivisual_input_product,dtb_otc_buy_order_stock,dtb_otc_buy_order_stock_history	dtb_otc_buy_order,dtb_otc_buy_order_detail,dtb_otc_buy_order_indivisual_input_product,dtb_otc_buy_order_stock,dtb_otc_buy_order_stock_history	API,CSV,スマレジ,バッチ
o01-01	o01-01_other_mtg_buyer_mtg_buyer_store_purchase（その他_MTGバイヤー_店頭買取）	m06-03	店頭買取管理 — 買取詳細（買取情報の確認と保存）	9	shared_update_table,shared_external	dtb_otc_buy_order,dtb_otc_buy_order_indivisual_input_product,dtb_otc_buy_order_stock,dtb_otc_buy_order_stock_history	dtb_otc_buy_order,dtb_otc_buy_order_indivisual_input_product,dtb_otc_buy_order_stock,dtb_otc_buy_order_stock_history	API,バッチ
o01-01	o01-01_other_mtg_buyer_mtg_buyer_store_purchase（その他_MTGバイヤー_店頭買取）	m06-05	店頭買取管理 — 買取商品履歴（検索／一覧）	9	shared_update_table,shared_external	dtb_otc_buy_order,dtb_otc_buy_order_stock,dtb_otc_buy_order_stock_history	dtb_otc_buy_order,dtb_otc_buy_order_stock,dtb_otc_buy_order_stock_history	API,CSV,バッチ
o01-01	o01-01_other_mtg_buyer_mtg_buyer_store_purchase（その他_MTGバイヤー_店頭買取）	b06-01	B06-01（買取自動入庫バッチ）	8	shared_update_table,shared_external	dtb_otc_buy_order_stock,dtb_otc_buy_order_stock_history	dtb_otc_buy_order_stock,dtb_otc_buy_order_stock_history	API,CSV,スマレジ,バッチ
o01-01	o01-01_other_mtg_buyer_mtg_buyer_store_purchase（その他_MTGバイヤー_店頭買取）	m06-04	店頭買取管理 — 買取ステータス変更	8	shared_update_table,shared_external	dtb_otc_buy_order,dtb_otc_buy_order_status_history	dtb_otc_buy_order,dtb_otc_buy_order_status_history,mtb_otc_buy_order_status	API,バッチ
o01-02	o01-02_other_mtg_buyer_mtg_buyer_online_purchase（その他_MTGバイヤー_ネット買取）	o01-03	o01-03_other_mtg_buyer_mtg_buyer_stock_inbound（その他_MTGバイヤー_入庫モード）	18	direct_ref,reverse_ref,shared_update_table,shared_external,same_domain	dtb_buy_order,mtb_buy_order_status	dtb_buy_order,mtb_buy_order_status	API,バッチ
o01-02	o01-02_other_mtg_buyer_mtg_buyer_online_purchase（その他_MTGバイヤー_ネット買取）	o01-01	o01-01_other_mtg_buyer_mtg_buyer_store_purchase（その他_MTGバイヤー_店頭買取）	13	direct_ref,shared_update_table,shared_external,same_domain	dtb_otc_buy_order_detail	dtb_otc_buy_order,dtb_otc_buy_order_detail	API,CSV,バッチ
o01-02	o01-02_other_mtg_buyer_mtg_buyer_online_purchase（その他_MTGバイヤー_ネット買取）	a07-04	API ネット買取管理 — ネット買取受注ステータス更新	9	shared_update_table,shared_external	dtb_buy_order,dtb_buy_order_status_history,mtb_buy_order_status	dtb_buy_order,dtb_buy_order_status_history,mtb_buy_order_status	API
o01-02	o01-02_other_mtg_buyer_mtg_buyer_online_purchase（その他_MTGバイヤー_ネット買取）	m07-03	ネット買取管理 — 買取情報編集（買取詳細）	9	shared_update_table,shared_external	dtb_buy_main_card,dtb_buy_order,dtb_buy_order_indivisual_input_product	dtb_buy_main_card,dtb_buy_order,dtb_buy_order_indivisual_input_product,mtb_buy_order_status	API,CSV,バッチ
o01-02	o01-02_other_mtg_buyer_mtg_buyer_online_purchase（その他_MTGバイヤー_ネット買取）	m07-07	M07-07（買取商品（キャンセル）CSV）	9	shared_update_table,shared_external	dtb_buy_main_card,dtb_buy_order,dtb_buy_order_indivisual_input_product	dtb_buy_main_card,dtb_buy_order,dtb_buy_order_indivisual_input_product	API,CSV,バッチ
o01-02	o01-02_other_mtg_buyer_mtg_buyer_online_purchase（その他_MTGバイヤー_ネット買取）	a07-02	API ネット買取管理 — ネット買取受注一覧取得	7	shared_update_table,shared_external	mtb_buy_order_status	dtb_buy_order,mtb_buy_order_status	API
o01-02	o01-02_other_mtg_buyer_mtg_buyer_online_purchase（その他_MTGバイヤー_ネット買取）	a07-03	API ネット買取管理 — ネット買取受注コメント更新	7	shared_update_table,shared_external	dtb_buy_order	dtb_buy_order	API
o01-02	o01-02_other_mtg_buyer_mtg_buyer_online_purchase（その他_MTGバイヤー_ネット買取）	a07-05	API ネット買取管理 — ネット買取注文の査定終了処理	7	shared_db_table,shared_external		dtb_buy_main_card,dtb_buy_order,dtb_buy_order_indivisual_input_product,dtb_buy_order_status_history,mtb_buy_order_status	API
o01-02	o01-02_other_mtg_buyer_mtg_buyer_online_purchase（その他_MTGバイヤー_ネット買取）	f05-06	F05-06（ネット買取買取手続き〜完了）	7	shared_update_table,shared_external	dtb_buy_order	dtb_buy_main_card,dtb_buy_order	API,バッチ
o01-02	o01-02_other_mtg_buyer_mtg_buyer_online_purchase（その他_MTGバイヤー_ネット買取）	f06-11	F06-11（買取履歴一覧）	7	shared_db_table,shared_external		dtb_buy_main_card,dtb_buy_order,dtb_buy_order_indivisual_input_product	API,バッチ
o01-02	o01-02_other_mtg_buyer_mtg_buyer_online_purchase（その他_MTGバイヤー_ネット買取）	f06-12	F06-12（買取履歴詳細）	7	shared_db_table,shared_external		dtb_buy_main_card,dtb_buy_order,dtb_buy_order_status_history	API,バッチ
o01-02	o01-02_other_mtg_buyer_mtg_buyer_online_purchase（その他_MTGバイヤー_ネット買取）	m06-13	M06-13（買取商品（キャンセル）CSV）	7	shared_update_table,shared_external	dtb_buy_order	dtb_buy_order,dtb_otc_buy_order	API,CSV,バッチ
o01-03	o01-03_other_mtg_buyer_mtg_buyer_stock_inbound（その他_MTGバイヤー_入庫モード）	o01-02	o01-02_other_mtg_buyer_mtg_buyer_online_purchase（その他_MTGバイヤー_ネット買取）	18	direct_ref,reverse_ref,shared_update_table,shared_external,same_domain	dtb_buy_order,mtb_buy_order_status	dtb_buy_order,mtb_buy_order_status	API,バッチ
o01-03	o01-03_other_mtg_buyer_mtg_buyer_stock_inbound（その他_MTGバイヤー_入庫モード）	a07-04	API ネット買取管理 — ネット買取受注ステータス更新	8	shared_update_table,shared_external	dtb_buy_order,mtb_buy_order_status	dtb_buy_order,mtb_buy_order_status	API
o01-03	o01-03_other_mtg_buyer_mtg_buyer_stock_inbound（その他_MTGバイヤー_入庫モード）	b06-01	B06-01（買取自動入庫バッチ）	8	shared_update_table,shared_external	dtb_buy_order_stock,dtb_buy_order_stock_history	dtb_buy_order_stock,dtb_buy_order_stock_history	API,バッチ
o01-03	o01-03_other_mtg_buyer_mtg_buyer_stock_inbound（その他_MTGバイヤー_入庫モード）	m07-03	ネット買取管理 — 買取情報編集（買取詳細）	8	shared_update_table,shared_external	dtb_buy_order,dtb_buy_order_stock	dtb_buy_order,dtb_buy_order_stock,mtb_buy_order_status	API,バッチ
o01-03	o01-03_other_mtg_buyer_mtg_buyer_stock_inbound（その他_MTGバイヤー_入庫モード）	m07-08	M07-08（戻しリストCSV）	8	shared_update_table,shared_external	dtb_buy_order,dtb_buy_order_stock	dtb_buy_order,dtb_buy_order_stock	API,バッチ
o01-03	o01-03_other_mtg_buyer_mtg_buyer_stock_inbound（その他_MTGバイヤー_入庫モード）	m07-09	M07-09（戻しリストPDF）	8	shared_update_table,shared_external	dtb_buy_order,dtb_buy_order_stock	dtb_buy_order,dtb_buy_order_stock	API,バッチ
o01-03	o01-03_other_mtg_buyer_mtg_buyer_stock_inbound（その他_MTGバイヤー_入庫モード）	o01-01	o01-01_other_mtg_buyer_mtg_buyer_store_purchase（その他_MTGバイヤー_店頭買取）	8	direct_ref,shared_external,same_domain			API,バッチ
o01-03	o01-03_other_mtg_buyer_mtg_buyer_stock_inbound（その他_MTGバイヤー_入庫モード）	a07-02	API ネット買取管理 — ネット買取受注一覧取得	7	shared_update_table,shared_external	mtb_buy_order_status	dtb_buy_order,mtb_buy_order_status	API
o01-03	o01-03_other_mtg_buyer_mtg_buyer_stock_inbound（その他_MTGバイヤー_入庫モード）	a07-03	API ネット買取管理 — ネット買取受注コメント更新	7	shared_update_table,shared_external	dtb_buy_order	dtb_buy_order	API
o01-03	o01-03_other_mtg_buyer_mtg_buyer_stock_inbound（その他_MTGバイヤー_入庫モード）	f05-06	F05-06（ネット買取買取手続き〜完了）	7	shared_update_table,shared_external	dtb_buy_order	dtb_buy_order	API,バッチ
o01-03	o01-03_other_mtg_buyer_mtg_buyer_stock_inbound（その他_MTGバイヤー_入庫モード）	m06-13	M06-13（買取商品（キャンセル）CSV）	7	shared_update_table,shared_external	dtb_buy_order	dtb_buy_order	API,バッチ
o01-03	o01-03_other_mtg_buyer_mtg_buyer_stock_inbound（その他_MTGバイヤー_入庫モード）	m07-07	M07-07（買取商品（キャンセル）CSV）	7	shared_update_table,shared_external	dtb_buy_order	dtb_buy_order	API,バッチ
