要求ID	判定	重要度	指摘区分	乖離種別	設計根拠_引用	設計期待値	実装参照	実装実態	判定根拠	画像確認メモ	確信度	根本原因
sheet-1-R001	OUT_OF_SCOPE								sheet-1 は表紙シートで、記載は文書のタイトル・対象機能名・改訂履歴のみ。表紙の宛名（晴れる屋様）。実装対象の要求ではない。 画面・処理・データのふるまいを述べた記述は1行も無い。	sheet-1 に画像は無い（images/ に sheet-1_img*.png 無し）。	high	
sheet-1-R002	OUT_OF_SCOPE								sheet-1 は表紙シートで、記載は文書のタイトル・対象機能名・改訂履歴のみ。表紙のプロジェクト名（サイトリニューアル）。実装対象の要求ではない。 画面・処理・データのふるまいを述べた記述は1行も無い。	sheet-1 に画像は無い（images/ に sheet-1_img*.png 無し）。	high	
sheet-1-R003	OUT_OF_SCOPE								sheet-1 は表紙シートで、記載は文書のタイトル・対象機能名・改訂履歴のみ。表紙の文書種別（基本設計仕様書）。実装対象の要求ではない。 画面・処理・データのふるまいを述べた記述は1行も無い。	sheet-1 に画像は無い（images/ に sheet-1_img*.png 無し）。	high	
sheet-1-R004	OUT_OF_SCOPE								sheet-1 は表紙シートで、記載は文書のタイトル・対象機能名・改訂履歴のみ。表紙の対象機能名（イベント管理機能）。実装対象の要求ではない。 画面・処理・データのふるまいを述べた記述は1行も無い。	sheet-1 に画像は無い（images/ に sheet-1_img*.png 無し）。	high	
sheet-1-R005	OUT_OF_SCOPE								sheet-1 は表紙シートで、記載は文書のタイトル・対象機能名・改訂履歴のみ。改訂履歴表のヘッダ行（Ver/改訂内容/改訂者/改訂日）。実装対象の要求ではない。 画面・処理・データのふるまいを述べた記述は1行も無い。	sheet-1 に画像は無い（images/ に sheet-1_img*.png 無し）。	high	
sheet-1-R006	OUT_OF_SCOPE								sheet-1 は表紙シートで、記載は文書のタイトル・対象機能名・改訂履歴のみ。改訂履歴の1件（0.1 新規作成 佐藤 2025/5/29）。文書管理情報であり実装対象の要求ではない。 画面・処理・データのふるまいを述べた記述は1行も無い。	sheet-1 に画像は無い（images/ に sheet-1_img*.png 無し）。	high	
sheet-2-R001	OUT_OF_SCOPE								目次シートの索引項目「目次」。設計書内の各シートを指す見出しの列挙で、何がどうなるかを述べた仕様記述ではない。対応する画面挙動を持たないため実装対象の要求ではない。	sheet-2 は画像0枚。本文（目次の見出し列挙）のみを確認した。	high	
sheet-2-R002	OUT_OF_SCOPE								目次シートの索引項目「画面遷移設計」。設計書内の各シートを指す見出しの列挙で、何がどうなるかを述べた仕様記述ではない。対応する画面挙動を持たないため実装対象の要求ではない。	sheet-2 は画像0枚。本文（目次の見出し列挙）のみを確認した。	high	
sheet-2-R003	OUT_OF_SCOPE								目次シートの索引項目「画面遷移図」。設計書内の各シートを指す見出しの列挙で、何がどうなるかを述べた仕様記述ではない。対応する画面挙動を持たないため実装対象の要求ではない。	sheet-2 は画像0枚。本文（目次の見出し列挙）のみを確認した。	high	
sheet-2-R004	OUT_OF_SCOPE								目次シートの索引項目「画面設計」。設計書内の各シートを指す見出しの列挙で、何がどうなるかを述べた仕様記述ではない。対応する画面挙動を持たないため実装対象の要求ではない。	sheet-2 は画像0枚。本文（目次の見出し列挙）のみを確認した。	high	
sheet-2-R005	OUT_OF_SCOPE								目次シートの索引項目「M13-01 イベント一覧(検索入力)」。設計書内の各シートを指す見出しの列挙で、何がどうなるかを述べた仕様記述ではない。対応する画面挙動を持たないため実装対象の要求ではない。	sheet-2 は画像0枚。本文（目次の見出し列挙）のみを確認した。	high	
sheet-2-R006	OUT_OF_SCOPE								目次シートの索引項目「M13-01 イベント一覧(検索結果)」。設計書内の各シートを指す見出しの列挙で、何がどうなるかを述べた仕様記述ではない。対応する画面挙動を持たないため実装対象の要求ではない。	sheet-2 は画像0枚。本文（目次の見出し列挙）のみを確認した。	high	
sheet-2-R007	OUT_OF_SCOPE								目次シートの索引項目「M13-02 イベント編集」。設計書内の各シートを指す見出しの列挙で、何がどうなるかを述べた仕様記述ではない。対応する画面挙動を持たないため実装対象の要求ではない。	sheet-2 は画像0枚。本文（目次の見出し列挙）のみを確認した。	high	
sheet-2-R008	OUT_OF_SCOPE								目次シートの索引項目「M13-02 イベント削除」。設計書内の各シートを指す見出しの列挙で、何がどうなるかを述べた仕様記述ではない。対応する画面挙動を持たないため実装対象の要求ではない。	sheet-2 は画像0枚。本文（目次の見出し列挙）のみを確認した。	high	
sheet-2-R009	OUT_OF_SCOPE								目次シートの索引項目「M13-03 日程登録」。設計書内の各シートを指す見出しの列挙で、何がどうなるかを述べた仕様記述ではない。対応する画面挙動を持たないため実装対象の要求ではない。	sheet-2 は画像0枚。本文（目次の見出し列挙）のみを確認した。	high	
sheet-2-R010	OUT_OF_SCOPE								目次シートの索引項目「M13-04 繰返日程追加」。設計書内の各シートを指す見出しの列挙で、何がどうなるかを述べた仕様記述ではない。対応する画面挙動を持たないため実装対象の要求ではない。	sheet-2 は画像0枚。本文（目次の見出し列挙）のみを確認した。	high	
sheet-2-R011	OUT_OF_SCOPE								目次シートの索引項目「M13-05 複製新規」。設計書内の各シートを指す見出しの列挙で、何がどうなるかを述べた仕様記述ではない。対応する画面挙動を持たないため実装対象の要求ではない。	sheet-2 は画像0枚。本文（目次の見出し列挙）のみを確認した。	high	
sheet-2-R012	OUT_OF_SCOPE								目次シートの索引項目「M13-06 イベント申込一覧(検索入力)」。設計書内の各シートを指す見出しの列挙で、何がどうなるかを述べた仕様記述ではない。対応する画面挙動を持たないため実装対象の要求ではない。	sheet-2 は画像0枚。本文（目次の見出し列挙）のみを確認した。	high	
sheet-2-R013	OUT_OF_SCOPE								目次シートの索引項目「M13-06 イベント申込一覧(検索結果)」。設計書内の各シートを指す見出しの列挙で、何がどうなるかを述べた仕様記述ではない。対応する画面挙動を持たないため実装対象の要求ではない。	sheet-2 は画像0枚。本文（目次の見出し列挙）のみを確認した。	high	
sheet-2-R014	OUT_OF_SCOPE								目次シートの索引項目「M13-07 イベント申込一括編集」。設計書内の各シートを指す見出しの列挙で、何がどうなるかを述べた仕様記述ではない。対応する画面挙動を持たないため実装対象の要求ではない。	sheet-2 は画像0枚。本文（目次の見出し列挙）のみを確認した。	high	
sheet-2-R015	OUT_OF_SCOPE								目次シートの索引項目「M13-08 デッキ表示」。設計書内の各シートを指す見出しの列挙で、何がどうなるかを述べた仕様記述ではない。対応する画面挙動を持たないため実装対象の要求ではない。	sheet-2 は画像0枚。本文（目次の見出し列挙）のみを確認した。	high	
sheet-2-R016	OUT_OF_SCOPE								目次シートの索引項目「M13-09 CSVダウンロード」。設計書内の各シートを指す見出しの列挙で、何がどうなるかを述べた仕様記述ではない。対応する画面挙動を持たないため実装対象の要求ではない。	sheet-2 は画像0枚。本文（目次の見出し列挙）のみを確認した。	high	
sheet-2-R017	OUT_OF_SCOPE								目次シートの索引項目「M13-10 イベント申込詳細・編集」。設計書内の各シートを指す見出しの列挙で、何がどうなるかを述べた仕様記述ではない。対応する画面挙動を持たないため実装対象の要求ではない。	sheet-2 は画像0枚。本文（目次の見出し列挙）のみを確認した。	high	
sheet-2-R018	OUT_OF_SCOPE								目次シートの索引項目「M13-11 イベント申込登録一覧(検索入力)」。設計書内の各シートを指す見出しの列挙で、何がどうなるかを述べた仕様記述ではない。対応する画面挙動を持たないため実装対象の要求ではない。	sheet-2 は画像0枚。本文（目次の見出し列挙）のみを確認した。	high	
sheet-2-R019	OUT_OF_SCOPE								目次シートの索引項目「M13-11 イベント申込登録一覧(検索結果)」。設計書内の各シートを指す見出しの列挙で、何がどうなるかを述べた仕様記述ではない。対応する画面挙動を持たないため実装対象の要求ではない。	sheet-2 は画像0枚。本文（目次の見出し列挙）のみを確認した。	high	
sheet-2-R020	OUT_OF_SCOPE								目次シートの索引項目「機能A」。設計書内の各シートを指す見出しの列挙で、何がどうなるかを述べた仕様記述ではない。対応する画面挙動を持たないため実装対象の要求ではない。	sheet-2 は画像0枚。本文（目次の見出し列挙）のみを確認した。	high	
sheet-2-R021	OUT_OF_SCOPE								目次シートの索引項目「データ項目管理」。設計書内の各シートを指す見出しの列挙で、何がどうなるかを述べた仕様記述ではない。対応する画面挙動を持たないため実装対象の要求ではない。	sheet-2 は画像0枚。本文（目次の見出し列挙）のみを確認した。	high	
sheet-2-R022	OUT_OF_SCOPE								目次シートの索引項目「予約CSV出力項目設定」。設計書内の各シートを指す見出しの列挙で、何がどうなるかを述べた仕様記述ではない。対応する画面挙動を持たないため実装対象の要求ではない。	sheet-2 は画像0枚。本文（目次の見出し列挙）のみを確認した。	high	
sheet-2-R023	OUT_OF_SCOPE								目次シートの索引項目「状態遷移設計」。設計書内の各シートを指す見出しの列挙で、何がどうなるかを述べた仕様記述ではない。対応する画面挙動を持たないため実装対象の要求ではない。	sheet-2 は画像0枚。本文（目次の見出し列挙）のみを確認した。	high	
sheet-2-R024	OUT_OF_SCOPE								目次シートの索引項目「対応状況管理」。設計書内の各シートを指す見出しの列挙で、何がどうなるかを述べた仕様記述ではない。対応する画面挙動を持たないため実装対象の要求ではない。	sheet-2 は画像0枚。本文（目次の見出し列挙）のみを確認した。	high	
sheet-2-R025	OUT_OF_SCOPE								目次シートの索引項目「メール管理」。設計書内の各シートを指す見出しの列挙で、何がどうなるかを述べた仕様記述ではない。対応する画面挙動を持たないため実装対象の要求ではない。	sheet-2 は画像0枚。本文（目次の見出し列挙）のみを確認した。	high	
sheet-2-R026	OUT_OF_SCOPE								目次シートの索引項目「メール管理_商品予約完了」。設計書内の各シートを指す見出しの列挙で、何がどうなるかを述べた仕様記述ではない。対応する画面挙動を持たないため実装対象の要求ではない。	sheet-2 は画像0枚。本文（目次の見出し列挙）のみを確認した。	high	
sheet-2-R027	OUT_OF_SCOPE								目次シートの索引項目「M13-12 イベント新規申込登録」。設計書内の各シートを指す見出しの列挙で、何がどうなるかを述べた仕様記述ではない。対応する画面挙動を持たないため実装対象の要求ではない。	sheet-2 は画像0枚。本文（目次の見出し列挙）のみを確認した。	high	
sheet-2-R028	OUT_OF_SCOPE								目次シートの索引項目「M13-13 イベント一括登録」。設計書内の各シートを指す見出しの列挙で、何がどうなるかを述べた仕様記述ではない。対応する画面挙動を持たないため実装対象の要求ではない。	sheet-2 は画像0枚。本文（目次の見出し列挙）のみを確認した。	high	
sheet-2-R029	OUT_OF_SCOPE								目次シートの索引項目「M13-14 バナー設定」。設計書内の各シートを指す見出しの列挙で、何がどうなるかを述べた仕様記述ではない。対応する画面挙動を持たないため実装対象の要求ではない。	sheet-2 は画像0枚。本文（目次の見出し列挙）のみを確認した。	high	
sheet-2-R030	OUT_OF_SCOPE								目次シートの索引項目「M13-15 画像設定」。設計書内の各シートを指す見出しの列挙で、何がどうなるかを述べた仕様記述ではない。対応する画面挙動を持たないため実装対象の要求ではない。	sheet-2 は画像0枚。本文（目次の見出し列挙）のみを確認した。	high	
sheet-3-R001	MATCHED								src/Eccube/Controller/Admin/Event/EventController.php:70-75 で担当者のデフォルト表示店舗を取り出し、検索フォームの店舗欄の初期値として渡している。src/Eccube/Form/Type/Admin/SearchEventType.php:95-106 の店舗欄がその値を初期選択にする。	レイアウト図(sheet-3_img1.png)には新規登録ボタン・イベント名の入力欄・開催日From〜To・フォーマット・会場・ルール適用度・検索条件をクリア・検索するボタンが描かれている。図は現行の姿のため会場が単一選択で描かれているが、カスタマイズ説明と項目表では店舗の複数選択に置き換わっており、後者を正とした。文字数上限は図から読み取れない。	high	
sheet-3-R002	OUT_OF_SCOPE								要求文が箇条書きの記号のみで、何がどうなるかを述べていない。次行(sheet-3-R003)の前置き。	レイアウト図(sheet-3_img1.png)には新規登録ボタン・イベント名の入力欄・開催日From〜To・フォーマット・会場・ルール適用度・検索条件をクリア・検索するボタンが描かれている。図は現行の姿のため会場が単一選択で描かれているが、カスタマイズ説明と項目表では店舗の複数選択に置き換わっており、後者を正とした。文字数上限は図から読み取れない。	high	
sheet-3-R003	MATCHED								src/Eccube/Resource/template/admin/Event/index.twig:167 で対象イベントの店舗を編集できる担当者にだけ削除の操作を出し、それ以外には出さない。src/Eccube/Controller/Admin/Event/EventController.php:294 で編集画面へも店舗の編集可否を渡し、src/Eccube/Resource/template/admin/Event/edit.twig:405,422,483,489 で編集・削除の操作を可否で出し分けている。	レイアウト図(sheet-3_img1.png)には新規登録ボタン・イベント名の入力欄・開催日From〜To・フォーマット・会場・ルール適用度・検索条件をクリア・検索するボタンが描かれている。図は現行の姿のため会場が単一選択で描かれているが、カスタマイズ説明と項目表では店舗の複数選択に置き換わっており、後者を正とした。文字数上限は図から読み取れない。	med	
sheet-3-R004	MATCHED								src/Eccube/Form/Type/Admin/SearchEventType.php:47 で開催日(From)の初期値を3か月前の日付にしている。	レイアウト図(sheet-3_img1.png)には新規登録ボタン・イベント名の入力欄・開催日From〜To・フォーマット・会場・ルール適用度・検索条件をクリア・検索するボタンが描かれている。図は現行の姿のため会場が単一選択で描かれているが、カスタマイズ説明と項目表では店舗の複数選択に置き換わっており、後者を正とした。文字数上限は図から読み取れない。	high	
sheet-3-R005	MATCHED								src/Eccube/Form/Type/Admin/SearchEventType.php:95-106 の店舗欄は複数選択で、src/Eccube/Repository/DtbEventRepository.php:122-131 で選ばれた店舗すべてを検索対象にする。src/Eccube/Resource/template/admin/Event/index.twig:12 で複数選択の入力補助を付けている。	レイアウト図(sheet-3_img1.png)には新規登録ボタン・イベント名の入力欄・開催日From〜To・フォーマット・会場・ルール適用度・検索条件をクリア・検索するボタンが描かれている。図は現行の姿のため会場が単一選択で描かれているが、カスタマイズ説明と項目表では店舗の複数選択に置き換わっており、後者を正とした。文字数上限は図から読み取れない。	high	
sheet-3-R006	OUT_OF_SCOPE								カスタマイズ範囲の線引きを述べた方針記述であり、個別の実装要求ではない。踏襲対象の中身は現行仕様の各行(sheet-3-R027〜R052)で判定した。	レイアウト図(sheet-3_img1.png)には新規登録ボタン・イベント名の入力欄・開催日From〜To・フォーマット・会場・ルール適用度・検索条件をクリア・検索するボタンが描かれている。図は現行の姿のため会場が単一選択で描かれているが、カスタマイズ説明と項目表では店舗の複数選択に置き換わっており、後者を正とした。文字数上限は図から読み取れない。	high	
sheet-3-R007	MATCHED								src/Eccube/Resource/template/admin/Event/index.twig:101 の検索ボタンで検索フォームを送信し、src/Eccube/Controller/Admin/Event/EventController.php:106-143 で入力条件による検索と一覧表示を行う。	レイアウト図(sheet-3_img1.png)には新規登録ボタン・イベント名の入力欄・開催日From〜To・フォーマット・会場・ルール適用度・検索条件をクリア・検索するボタンが描かれている。図は現行の姿のため会場が単一選択で描かれているが、カスタマイズ説明と項目表では店舗の複数選択に置き換わっており、後者を正とした。文字数上限は図から読み取れない。	high	
sheet-3-R008	MATCHED								src/Eccube/Resource/template/admin/Event/index.twig:56 の新規登録ボタンがイベント登録画面(admin_event_create)へのリンクになっており、src/Eccube/Controller/Admin/Event/EventController.php:211-213 が登録画面を表示する。	レイアウト図(sheet-3_img1.png)には新規登録ボタン・イベント名の入力欄・開催日From〜To・フォーマット・会場・ルール適用度・検索条件をクリア・検索するボタンが描かれている。図は現行の姿のため会場が単一選択で描かれているが、カスタマイズ説明と項目表では店舗の複数選択に置き換わっており、後者を正とした。文字数上限は図から読み取れない。	high	
sheet-3-R009	OUT_OF_SCOPE								ブロック見出しの行であり、何がどうなるかを述べていない。中身は同ブロックのsheet-3-R010で判定した。	レイアウト図(sheet-3_img1.png)には新規登録ボタン・イベント名の入力欄・開催日From〜To・フォーマット・会場・ルール適用度・検索条件をクリア・検索するボタンが描かれている。図は現行の姿のため会場が単一選択で描かれているが、カスタマイズ説明と項目表では店舗の複数選択に置き換わっており、後者を正とした。文字数上限は図から読み取れない。	high	
sheet-3-R010	MATCHED								src/Eccube/Controller/Admin/Event/EventController.php:70-75 で担当者のデフォルト表示店舗を取り出し、src/Eccube/Form/Type/Admin/SearchEventType.php:95-106 の店舗欄の初期値に設定している。図では識別ID:5が会場だが、項目表では識別ID:6が店舗であり、実装は店舗欄に初期値を入れている。	レイアウト図(sheet-3_img1.png)には新規登録ボタン・イベント名の入力欄・開催日From〜To・フォーマット・会場・ルール適用度・検索条件をクリア・検索するボタンが描かれている。図は現行の姿のため会場が単一選択で描かれているが、カスタマイズ説明と項目表では店舗の複数選択に置き換わっており、後者を正とした。文字数上限は図から読み取れない。	high	
sheet-3-R011	MATCHED								src/Eccube/Form/Type/Admin/SearchEventType.php:95-106 で店舗欄を複数選択にしており、src/Eccube/Repository/DtbEventRepository.php:122-131 が選択された店舗すべてを検索条件に使う。	レイアウト図(sheet-3_img1.png)には新規登録ボタン・イベント名の入力欄・開催日From〜To・フォーマット・会場・ルール適用度・検索条件をクリア・検索するボタンが描かれている。図は現行の姿のため会場が単一選択で描かれているが、カスタマイズ説明と項目表では店舗の複数選択に置き換わっており、後者を正とした。文字数上限は図から読み取れない。	high	
sheet-3-R012	MATCHED								src/Eccube/Form/Type/Admin/SearchEventType.php:47 で開催日(From)の初期値に3か月前の日付を入れている。	レイアウト図(sheet-3_img1.png)には新規登録ボタン・イベント名の入力欄・開催日From〜To・フォーマット・会場・ルール適用度・検索条件をクリア・検索するボタンが描かれている。図は現行の姿のため会場が単一選択で描かれているが、カスタマイズ説明と項目表では店舗の複数選択に置き換わっており、後者を正とした。文字数上限は図から読み取れない。	high	
sheet-3-R013	OUT_OF_SCOPE								対応済みである旨の但し書きであり、それ自体は実装要求ではない。実体は同ブロックのsheet-3-R012で判定した。	レイアウト図(sheet-3_img1.png)には新規登録ボタン・イベント名の入力欄・開催日From〜To・フォーマット・会場・ルール適用度・検索条件をクリア・検索するボタンが描かれている。図は現行の姿のため会場が単一選択で描かれているが、カスタマイズ説明と項目表では店舗の複数選択に置き換わっており、後者を正とした。文字数上限は図から読み取れない。	high	
sheet-3-R014	MATCHED								src/Eccube/Resource/template/admin/Event/index.twig:56 の新規登録ボタンがイベント登録画面へのリンクになっている。	レイアウト図(sheet-3_img1.png)には新規登録ボタン・イベント名の入力欄・開催日From〜To・フォーマット・会場・ルール適用度・検索条件をクリア・検索するボタンが描かれている。図は現行の姿のため会場が単一選択で描かれているが、カスタマイズ説明と項目表では店舗の複数選択に置き換わっており、後者を正とした。文字数上限は図から読み取れない。	high	
sheet-3-R015	DRIFT	P3	実装違い	IO	"2	イベント名、略称	全角・半角	-	50	-	部分一致
3	開催日(From)	日付	-	-	3か月前	開催日(From)>開催日(To)の場合エラー
4	開催日(To)	日付	-	-	-	-
5	フォーマット	単一選択	-	-	-	選択肢:フォーマット全種"	イベント名・略称の検索欄は50字を超える文字を受け付けない。	src/Eccube/Form/Type/Admin/SearchEventType.php:39-42;src/Eccube/Resource/template/admin/Event/index.twig:47-49	イベント名の検索欄に文字数の上限が無く、50字を超える入力もそのまま受け付けて検索する。	src/Eccube/Form/Type/Admin/SearchEventType.php:39-42 はテキスト欄のみで長さの制限が付いていない。src/Eccube/Resource/template/admin/Event/index.twig:47-49 も入力欄に上限を付けていない。部分一致で絞り込む点は src/Eccube/Repository/DtbEventRepository.php:66-91 で実装済みで、欠けているのは入力文字数の上限だけ。なお「略称」はイベントの項目としての定義が本設計書に無く（イベント編集の項目表はイベント名(日)/(英)のみ）、指摘の根拠にしていない。	レイアウト図(sheet-3_img1.png)には新規登録ボタン・イベント名の入力欄・開催日From〜To・フォーマット・会場・ルール適用度・検索条件をクリア・検索するボタンが描かれている。図は現行の姿のため会場が単一選択で描かれているが、カスタマイズ説明と項目表では店舗の複数選択に置き換わっており、後者を正とした。文字数上限は図から読み取れない。	med	SearchEventType-event-name-no-maxlength
sheet-3-R016	MATCHED								src/Eccube/Form/Type/Admin/SearchEventType.php:43-59 で開催日(From)を日付欄とし初期値を3か月前にしている。src/Eccube/Form/Type/Admin/SearchEventType.php:113-126 で開催日(From)が開催日(To)より後のときにエラーを出す。	レイアウト図(sheet-3_img1.png)には新規登録ボタン・イベント名の入力欄・開催日From〜To・フォーマット・会場・ルール適用度・検索条件をクリア・検索するボタンが描かれている。図は現行の姿のため会場が単一選択で描かれているが、カスタマイズ説明と項目表では店舗の複数選択に置き換わっており、後者を正とした。文字数上限は図から読み取れない。	high	
sheet-3-R017	MATCHED								src/Eccube/Form/Type/Admin/SearchEventType.php:60-76 で開催日(To)を日付欄として初期値なしで用意している。	レイアウト図(sheet-3_img1.png)には新規登録ボタン・イベント名の入力欄・開催日From〜To・フォーマット・会場・ルール適用度・検索条件をクリア・検索するボタンが描かれている。図は現行の姿のため会場が単一選択で描かれているが、カスタマイズ説明と項目表では店舗の複数選択に置き換わっており、後者を正とした。文字数上限は図から読み取れない。	high	
sheet-3-R018	MATCHED								src/Eccube/Form/Type/Admin/SearchEventType.php:77-85 でフォーマットを単一選択にし、絞り込みなしで全種を選択肢にしている。	レイアウト図(sheet-3_img1.png)には新規登録ボタン・イベント名の入力欄・開催日From〜To・フォーマット・会場・ルール適用度・検索条件をクリア・検索するボタンが描かれている。図は現行の姿のため会場が単一選択で描かれているが、カスタマイズ説明と項目表では店舗の複数選択に置き換わっており、後者を正とした。文字数上限は図から読み取れない。	high	
sheet-3-R019	MATCHED								src/Eccube/Form/Type/Admin/SearchEventType.php:95-106 で店舗を複数選択にし、絞り込みなしで全店舗を選択肢にしたうえで、src/Eccube/Controller/Admin/Event/EventController.php:70-75 のデフォルト表示店舗を初期値にしている。	レイアウト図(sheet-3_img1.png)には新規登録ボタン・イベント名の入力欄・開催日From〜To・フォーマット・会場・ルール適用度・検索条件をクリア・検索するボタンが描かれている。図は現行の姿のため会場が単一選択で描かれているが、カスタマイズ説明と項目表では店舗の複数選択に置き換わっており、後者を正とした。文字数上限は図から読み取れない。	high	
sheet-3-R020	MATCHED								src/Eccube/Form/Type/Admin/SearchEventType.php:86-94 でルール適用度を単一選択にし、絞り込みなしで全種を選択肢にしている。	レイアウト図(sheet-3_img1.png)には新規登録ボタン・イベント名の入力欄・開催日From〜To・フォーマット・会場・ルール適用度・検索条件をクリア・検索するボタンが描かれている。図は現行の姿のため会場が単一選択で描かれているが、カスタマイズ説明と項目表では店舗の複数選択に置き換わっており、後者を正とした。文字数上限は図から読み取れない。	high	
sheet-3-R021	MATCHED								src/Eccube/Resource/template/admin/Event/index.twig:94-98 の検索条件をクリアのリンクに対し、html/template/admin/assets/js/function.js:186-202 が検索欄の入力・選択をすべて空に戻す。src/Eccube/Resource/template/admin/Event/index.twig:38 で検索欄がその対象範囲(search-box-inner)に入っており、src/Eccube/Resource/template/admin/Event/index.twig:14-16 で複数選択の店舗欄も併せて空にする。	レイアウト図(sheet-3_img1.png)には新規登録ボタン・イベント名の入力欄・開催日From〜To・フォーマット・会場・ルール適用度・検索条件をクリア・検索するボタンが描かれている。図は現行の姿のため会場が単一選択で描かれているが、カスタマイズ説明と項目表では店舗の複数選択に置き換わっており、後者を正とした。文字数上限は図から読み取れない。	high	
sheet-3-R022	MATCHED								src/Eccube/Resource/template/admin/Event/index.twig:101 の検索ボタンで検索フォームを送信し、src/Eccube/Controller/Admin/Event/EventController.php:106-143 が入力された値で検索する。	レイアウト図(sheet-3_img1.png)には新規登録ボタン・イベント名の入力欄・開催日From〜To・フォーマット・会場・ルール適用度・検索条件をクリア・検索するボタンが描かれている。図は現行の姿のため会場が単一選択で描かれているが、カスタマイズ説明と項目表では店舗の複数選択に置き換わっており、後者を正とした。文字数上限は図から読み取れない。	high	
sheet-3-R023	OUT_OF_SCOPE								現行仕様の節の見出し行であり、何がどうなるかを述べていない。	レイアウト図(sheet-3_img1.png)には新規登録ボタン・イベント名の入力欄・開催日From〜To・フォーマット・会場・ルール適用度・検索条件をクリア・検索するボタンが描かれている。図は現行の姿のため会場が単一選択で描かれているが、カスタマイズ説明と項目表では店舗の複数選択に置き換わっており、後者を正とした。文字数上限は図から読み取れない。	high	
sheet-3-R024	MATCHED								src/Eccube/Controller/Admin/Event/EventController.php:106-143 と src/Eccube/Repository/DtbEventRepository.php:59-143 で、イベント名・開催日・店舗・フォーマット・ルール適用度による検索と一覧表示を行う。会場はカスタマイズで店舗に置き換わっている。	レイアウト図(sheet-3_img1.png)には新規登録ボタン・イベント名の入力欄・開催日From〜To・フォーマット・会場・ルール適用度・検索条件をクリア・検索するボタンが描かれている。図は現行の姿のため会場が単一選択で描かれているが、カスタマイズ説明と項目表では店舗の複数選択に置き換わっており、後者を正とした。文字数上限は図から読み取れない。	med	
sheet-3-R025	OUT_OF_SCOPE								表の見出し（区分行）であり、何がどうなるかを述べていない。	レイアウト図(sheet-3_img1.png)には新規登録ボタン・イベント名の入力欄・開催日From〜To・フォーマット・会場・ルール適用度・検索条件をクリア・検索するボタンが描かれている。図は現行の姿のため会場が単一選択で描かれているが、カスタマイズ説明と項目表では店舗の複数選択に置き換わっており、後者を正とした。文字数上限は図から読み取れない。	high	
sheet-3-R026	OUT_OF_SCOPE								表のヘッダ行であり、何がどうなるかを述べていない。	レイアウト図(sheet-3_img1.png)には新規登録ボタン・イベント名の入力欄・開催日From〜To・フォーマット・会場・ルール適用度・検索条件をクリア・検索するボタンが描かれている。図は現行の姿のため会場が単一選択で描かれているが、カスタマイズ説明と項目表では店舗の複数選択に置き換わっており、後者を正とした。文字数上限は図から読み取れない。	high	
sheet-3-R027	DRIFT	P2	実装違い	ふるまい	"イベント名	全角空白を半角にしたうえで、半角空白・全角空白・カンマで語に分割する。各語について、イベント名（日）・イベント名（英）・略称（日）・略称（英）への部分一致をORで束ね、語どうしをANDで積み上げる"	イベント名に複数の語を入れたときは、区切った語をすべて含むものだけが一覧に残る。	src/Eccube/Repository/DtbEventRepository.php:66-91	語ごとの条件をすべてORでつないでいるため、いずれか1語でも含めば該当してしまう。「A B」と入れるとAだけを含むものもBだけを含むものも一覧に出る。	src/Eccube/Repository/DtbEventRepository.php:77-87 で語ごとの条件を1つの配列に積み、src/Eccube/Repository/DtbEventRepository.php:88-90 でその全体をORで結んで1つの条件にしている。語の単位でANDにするには語ごとに条件をまとめる必要があるが、そうなっていない。全角空白の半角化と語への分割(src/Eccube/Repository/DtbEventRepository.php:70-72)、部分一致(src/Eccube/Repository/DtbEventRepository.php:81)は設計どおり。略称はイベントの項目として本設計書に定義が無く、指摘の根拠にしていない。	レイアウト図(sheet-3_img1.png)には新規登録ボタン・イベント名の入力欄・開催日From〜To・フォーマット・会場・ルール適用度・検索条件をクリア・検索するボタンが描かれている。図は現行の姿のため会場が単一選択で描かれているが、カスタマイズ説明と項目表では店舗の複数選択に置き換わっており、後者を正とした。文字数上限は図から読み取れない。	high	DtbEventRepository-event-name-words-or-not-and
sheet-3-R028	MATCHED								src/Eccube/Repository/DtbEventRepository.php:93-98 で開催日Fromが入っているとき、開始日時がその日時以降の日程を持つものに限定する。	レイアウト図(sheet-3_img1.png)には新規登録ボタン・イベント名の入力欄・開催日From〜To・フォーマット・会場・ルール適用度・検索条件をクリア・検索するボタンが描かれている。図は現行の姿のため会場が単一選択で描かれているが、カスタマイズ説明と項目表では店舗の複数選択に置き換わっており、後者を正とした。文字数上限は図から読み取れない。	high	
sheet-3-R029	MATCHED								src/Eccube/Repository/DtbEventRepository.php:100-106 で開催日Toに1日加えた日時より前に開始日時があるものに限定しており、指定日を含む日までが対象になる。	レイアウト図(sheet-3_img1.png)には新規登録ボタン・イベント名の入力欄・開催日From〜To・フォーマット・会場・ルール適用度・検索条件をクリア・検索するボタンが描かれている。図は現行の姿のため会場が単一選択で描かれているが、カスタマイズ説明と項目表では店舗の複数選択に置き換わっており、後者を正とした。文字数上限は図から読み取れない。	high	
sheet-3-R030	MATCHED								src/Eccube/Repository/DtbEventRepository.php:108-113 で指定したフォーマットを持つものに限定する。	レイアウト図(sheet-3_img1.png)には新規登録ボタン・イベント名の入力欄・開催日From〜To・フォーマット・会場・ルール適用度・検索条件をクリア・検索するボタンが描かれている。図は現行の姿のため会場が単一選択で描かれているが、カスタマイズ説明と項目表では店舗の複数選択に置き換わっており、後者を正とした。文字数上限は図から読み取れない。	high	
sheet-3-R031	MATCHED								src/Eccube/Repository/DtbEventRepository.php:115-120 で指定したルール適用度に一致するものに限定する。	レイアウト図(sheet-3_img1.png)には新規登録ボタン・イベント名の入力欄・開催日From〜To・フォーマット・会場・ルール適用度・検索条件をクリア・検索するボタンが描かれている。図は現行の姿のため会場が単一選択で描かれているが、カスタマイズ説明と項目表では店舗の複数選択に置き換わっており、後者を正とした。文字数上限は図から読み取れない。	high	
sheet-3-R032	OUT_OF_SCOPE								会場での絞り込みは現行仕様の記述で、カスタマイズ説明（sheet-3-R001,R005）とリニューアル後の項目表（識別ID:6 店舗）が店舗の複数選択に置き換えている。後者が優先されるため現行仕様側は対象外。置き換え後の実装は src/Eccube/Repository/DtbEventRepository.php:122-131 にある。	レイアウト図(sheet-3_img1.png)には新規登録ボタン・イベント名の入力欄・開催日From〜To・フォーマット・会場・ルール適用度・検索条件をクリア・検索するボタンが描かれている。図は現行の姿のため会場が単一選択で描かれているが、カスタマイズ説明と項目表では店舗の複数選択に置き換わっており、後者を正とした。文字数上限は図から読み取れない。	high	
sheet-3-R033	OUT_OF_SCOPE								表の見出し（区分行）であり、何がどうなるかを述べていない。中身は同ブロックのsheet-3-R034で判定した。	レイアウト図(sheet-3_img1.png)には新規登録ボタン・イベント名の入力欄・開催日From〜To・フォーマット・会場・ルール適用度・検索条件をクリア・検索するボタンが描かれている。図は現行の姿のため会場が単一選択で描かれているが、カスタマイズ説明と項目表では店舗の複数選択に置き換わっており、後者を正とした。文字数上限は図から読み取れない。	high	
sheet-3-R034	DRIFT	P3	実装違い	ふるまい	一覧の初期表示では、保持している検索条件・ページ番号・表示件数を破棄し、空の一覧・ページ番号1・既定の表示件数で表示する。検索結果の表は描画しない。	一覧を初期表示で開いたときは、直前に選んだ表示件数が残らず既定の表示件数に戻り、その後の検索も既定の件数で表示される。	src/Eccube/Controller/Admin/Event/EventController.php:87-90;src/Eccube/Controller/Admin/Event/EventController.php:192-198	初期表示で検索条件とページ番号は破棄されるが、表示件数だけは前に選んだ値が残る。100件表示に変えてから一覧を開き直して検索すると、既定の件数ではなく100件のまま表示される。	src/Eccube/Controller/Admin/Event/EventController.php:192-198 の初期表示の分岐は検索条件とページ番号だけを書き戻しており、表示件数には触れていない。表示件数は src/Eccube/Controller/Admin/Event/EventController.php:87-90 で常に保持値が優先され、破棄する箇所がどこにも無い。空の一覧（src/Eccube/Resource/template/admin/Event/index.twig:206-207 で表を描かない）とページ番号1は設計どおり。	レイアウト図(sheet-3_img1.png)には新規登録ボタン・イベント名の入力欄・開催日From〜To・フォーマット・会場・ルール適用度・検索条件をクリア・検索するボタンが描かれている。図は現行の姿のため会場が単一選択で描かれているが、カスタマイズ説明と項目表では店舗の複数選択に置き換わっており、後者を正とした。文字数上限は図から読み取れない。	med	EventController-initial-display-keeps-page-count
sheet-3-R035	OUT_OF_SCOPE								表の見出し（区分行）であり、何がどうなるかを述べていない。中身は同ブロックのsheet-3-R036で判定した。	レイアウト図(sheet-3_img1.png)には新規登録ボタン・イベント名の入力欄・開催日From〜To・フォーマット・会場・ルール適用度・検索条件をクリア・検索するボタンが描かれている。図は現行の姿のため会場が単一選択で描かれているが、カスタマイズ説明と項目表では店舗の複数選択に置き換わっており、後者を正とした。文字数上限は図から読み取れない。	high	
sheet-3-R036	DRIFT	P3	実装違い	ふるまい	ソートキーの既定はイベントIDで、イベント名で並べるときは日本語のイベント名を用いる。ソートキーと並び順は、リクエストの指定・保持している値・既定の順に決める。並び順の既定は降順とする。並び順が昇順・降順のいずれでもないときは、並び順のエラーを表示して初期表示へ戻す。	並び順の指定が昇順・降順のいずれでもないときは、並び順が不正である旨を画面に表示し、空の一覧の初期表示に戻る。	src/Eccube/Repository/DtbEventRepository.php:133-140;src/Eccube/Controller/Admin/Event/EventController.php:106-143	並び順が昇順を表す値でなければ、どんな値でも黙って降順として扱い、そのまま検索結果を表示する。不正な並び順を示すメッセージは出ず、初期表示にも戻らない。	src/Eccube/Repository/DtbEventRepository.php:38-41 の既定のソートキーはイベントID、イベント名は日本語名、src/Eccube/Repository/DtbEventRepository.php:135 の並び順の既定は降順で、ここまでは設計どおり。しかし src/Eccube/Repository/DtbEventRepository.php:135 は昇順以外をすべて降順に丸めるだけで、不正な並び順を検出する箇所が src/Eccube/Form/Type/Admin/SearchEventType.php:107-112 にも src/Eccube/Controller/Admin/Event/EventController.php:106-143 にも無い。	レイアウト図(sheet-3_img1.png)には新規登録ボタン・イベント名の入力欄・開催日From〜To・フォーマット・会場・ルール適用度・検索条件をクリア・検索するボタンが描かれている。図は現行の姿のため会場が単一選択で描かれているが、カスタマイズ説明と項目表では店舗の複数選択に置き換わっており、後者を正とした。文字数上限は図から読み取れない。	high	DtbEventRepository-no-sort-order-validation
sheet-3-R037	OUT_OF_SCOPE								表の見出し（区分行）であり、何がどうなるかを述べていない。中身は同ブロックのsheet-3-R038で判定した。	レイアウト図(sheet-3_img1.png)には新規登録ボタン・イベント名の入力欄・開催日From〜To・フォーマット・会場・ルール適用度・検索条件をクリア・検索するボタンが描かれている。図は現行の姿のため会場が単一選択で描かれているが、カスタマイズ説明と項目表では店舗の複数選択に置き換わっており、後者を正とした。文字数上限は図から読み取れない。	high	
sheet-3-R038	MATCHED								src/Eccube/Controller/Admin/Event/EventController.php:87-90 で保持している表示件数を用い、無ければ既定を使う。src/Eccube/Controller/Admin/Event/EventController.php:91-102 で指定された表示件数をページ表示件数マスタの値と突き合わせ、一致したときだけ採用して以後のために保持する。	レイアウト図(sheet-3_img1.png)には新規登録ボタン・イベント名の入力欄・開催日From〜To・フォーマット・会場・ルール適用度・検索条件をクリア・検索するボタンが描かれている。図は現行の姿のため会場が単一選択で描かれているが、カスタマイズ説明と項目表では店舗の複数選択に置き換わっており、後者を正とした。文字数上限は図から読み取れない。	high	
sheet-3-R039	OUT_OF_SCOPE								表の見出し（区分行）であり、何がどうなるかを述べていない。中身は同ブロックのsheet-3-R040,R041で判定した。	レイアウト図(sheet-3_img1.png)には新規登録ボタン・イベント名の入力欄・開催日From〜To・フォーマット・会場・ルール適用度・検索条件をクリア・検索するボタンが描かれている。図は現行の姿のため会場が単一選択で描かれているが、カスタマイズ説明と項目表では店舗の複数選択に置き換わっており、後者を正とした。文字数上限は図から読み取れない。	high	
sheet-3-R040	MATCHED								src/Eccube/Controller/Admin/Event/EventController.php:155-166 で条件が送られてこない表示要求のときは保持している検索条件を復元して検索し、src/Eccube/Controller/Admin/Event/EventController.php:192-198 で保持値も無いときは空の一覧の初期表示に戻る。	レイアウト図(sheet-3_img1.png)には新規登録ボタン・イベント名の入力欄・開催日From〜To・フォーマット・会場・ルール適用度・検索条件をクリア・検索するボタンが描かれている。図は現行の姿のため会場が単一選択で描かれているが、カスタマイズ説明と項目表では店舗の複数選択に置き換わっており、後者を正とした。文字数上限は図から読み取れない。	high	
sheet-3-R041	MATCHED								ページ送りは src/Eccube/Resource/template/admin/Event/index.twig:180 のページャから src/Eccube/Controller/Admin/Event/EventController.php:155-191 に入り、保持している検索条件を復元して再検索する。表示件数の変更は src/Eccube/Resource/template/admin/Event/index.twig:118-122 が件数付きの表示要求を出し src/Eccube/Controller/Admin/Event/EventController.php:91-102 が採用する。並び替えは src/Eccube/Resource/template/admin/Event/index.twig:24-32 がソートキーと並び順を検索フォームに入れて送信し、src/Eccube/Repository/DtbEventRepository.php:133-140 がその指定を優先する。	レイアウト図(sheet-3_img1.png)には新規登録ボタン・イベント名の入力欄・開催日From〜To・フォーマット・会場・ルール適用度・検索条件をクリア・検索するボタンが描かれている。図は現行の姿のため会場が単一選択で描かれているが、カスタマイズ説明と項目表では店舗の複数選択に置き換わっており、後者を正とした。文字数上限は図から読み取れない。	high	
sheet-3-R042	OUT_OF_SCOPE								表の見出し（区分行）であり、何がどうなるかを述べていない。中身は同ブロックのsheet-3-R043で判定した。	レイアウト図(sheet-3_img1.png)には新規登録ボタン・イベント名の入力欄・開催日From〜To・フォーマット・会場・ルール適用度・検索条件をクリア・検索するボタンが描かれている。図は現行の姿のため会場が単一選択で描かれているが、カスタマイズ説明と項目表では店舗の複数選択に置き換わっており、後者を正とした。文字数上限は図から読み取れない。	high	
sheet-3-R043	MATCHED								src/Eccube/Controller/Admin/Event/EventController.php:390-394 で、件数が前ページまでの件数と一致するときはページ番号を1つ前に戻し、src/Eccube/Controller/Admin/Event/EventController.php:135-143 で補正後のページ番号で取り直す。	レイアウト図(sheet-3_img1.png)には新規登録ボタン・イベント名の入力欄・開催日From〜To・フォーマット・会場・ルール適用度・検索条件をクリア・検索するボタンが描かれている。図は現行の姿のため会場が単一選択で描かれているが、カスタマイズ説明と項目表では店舗の複数選択に置き換わっており、後者を正とした。文字数上限は図から読み取れない。	high	
sheet-3-R044	OUT_OF_SCOPE								表の見出し（区分行）であり、何がどうなるかを述べていない。中身は同ブロックのsheet-3-R045で判定した。	レイアウト図(sheet-3_img1.png)には新規登録ボタン・イベント名の入力欄・開催日From〜To・フォーマット・会場・ルール適用度・検索条件をクリア・検索するボタンが描かれている。図は現行の姿のため会場が単一選択で描かれているが、カスタマイズ説明と項目表では店舗の複数選択に置き換わっており、後者を正とした。文字数上限は図から読み取れない。	high	
sheet-3-R045	MATCHED								src/Eccube/Resource/template/admin/Event/index.twig:155 でイベント名（日）とイベント名（英）を空白1つで連結して1つの欄に表示している。	レイアウト図(sheet-3_img1.png)には新規登録ボタン・イベント名の入力欄・開催日From〜To・フォーマット・会場・ルール適用度・検索条件をクリア・検索するボタンが描かれている。図は現行の姿のため会場が単一選択で描かれているが、カスタマイズ説明と項目表では店舗の複数選択に置き換わっており、後者を正とした。文字数上限は図から読み取れない。	med	
sheet-3-R046	OUT_OF_SCOPE								表の見出し（区分行）であり、何がどうなるかを述べていない。中身は同ブロックのsheet-3-R047〜R049で判定した。	レイアウト図(sheet-3_img1.png)には新規登録ボタン・イベント名の入力欄・開催日From〜To・フォーマット・会場・ルール適用度・検索条件をクリア・検索するボタンが描かれている。図は現行の姿のため会場が単一選択で描かれているが、カスタマイズ説明と項目表では店舗の複数選択に置き換わっており、後者を正とした。文字数上限は図から読み取れない。	high	
sheet-3-R047	NOT_IMPLEMENTED	P3	未実装	ふるまい	"並び順が不正	並び順のエラーを表示し、初期表示へ戻す"	並び順の指定が昇順・降順のいずれでもないときは、並び順が不正である旨を画面に表示し、空の一覧の初期表示に戻る。	src/Eccube/Repository/DtbEventRepository.php:133-140;src/Eccube/Controller/Admin/Event/EventController.php:106-143;src/Eccube/Form/Type/Admin/SearchEventType.php:107-112	並び順を検査する処理が無く、昇順を表す値でなければ黙って降順として扱って検索結果を表示する。エラー表示も初期表示への復帰も起きない。	src/Eccube/Form/Type/Admin/SearchEventType.php:107-112 の並び順の欄には値の検査が付いておらず、src/Eccube/Controller/Admin/Event/EventController.php:106-143 にも不正な並び順を扱う分岐が無い。src/Eccube/Repository/DtbEventRepository.php:135 が昇順以外をすべて降順に丸めるため、不正値がそのまま通る。	レイアウト図(sheet-3_img1.png)には新規登録ボタン・イベント名の入力欄・開催日From〜To・フォーマット・会場・ルール適用度・検索条件をクリア・検索するボタンが描かれている。図は現行の姿のため会場が単一選択で描かれているが、カスタマイズ説明と項目表では店舗の複数選択に置き換わっており、後者を正とした。文字数上限は図から読み取れない。	high	DtbEventRepository-no-sort-order-validation
sheet-3-R048	MATCHED								src/Eccube/Controller/Admin/Event/EventController.php:192-198 で、検索条件も保持値も無いときは検索を行わず、空の一覧の初期表示に戻る（src/Eccube/Resource/template/admin/Event/index.twig:206-207 で表を描かない）。	レイアウト図(sheet-3_img1.png)には新規登録ボタン・イベント名の入力欄・開催日From〜To・フォーマット・会場・ルール適用度・検索条件をクリア・検索するボタンが描かれている。図は現行の姿のため会場が単一選択で描かれているが、カスタマイズ説明と項目表では店舗の複数選択に置き換わっており、後者を正とした。文字数上限は図から読み取れない。	high	
sheet-3-R049	MATCHED								src/Eccube/Controller/Admin/Event/EventController.php:116-143 の検索処理には読み取り失敗を個別に受け止める処理が無く、共通の例外処理に委ねられている。	レイアウト図(sheet-3_img1.png)には新規登録ボタン・イベント名の入力欄・開催日From〜To・フォーマット・会場・ルール適用度・検索条件をクリア・検索するボタンが描かれている。図は現行の姿のため会場が単一選択で描かれているが、カスタマイズ説明と項目表では店舗の複数選択に置き換わっており、後者を正とした。文字数上限は図から読み取れない。	med	
sheet-3-R050	MATCHED								src/Eccube/Controller/Admin/Event/EventController.php:63-66 で一覧の表示要求とページ送りの表示要求、および検索フォームの送信のいずれも受け付ける。	レイアウト図(sheet-3_img1.png)には新規登録ボタン・イベント名の入力欄・開催日From〜To・フォーマット・会場・ルール適用度・検索条件をクリア・検索するボタンが描かれている。図は現行の姿のため会場が単一選択で描かれているが、カスタマイズ説明と項目表では店舗の複数選択に置き換わっており、後者を正とした。文字数上限は図から読み取れない。	high	
sheet-3-R051	MATCHED								src/Eccube/Resource/template/admin/Event/index.twig:37-107 で検索フォームを常に表示し、src/Eccube/Resource/template/admin/Event/index.twig:112-181 で該当があるときだけイベント一覧の表を表示する。	レイアウト図(sheet-3_img1.png)には新規登録ボタン・イベント名の入力欄・開催日From〜To・フォーマット・会場・ルール適用度・検索条件をクリア・検索するボタンが描かれている。図は現行の姿のため会場が単一選択で描かれているが、カスタマイズ説明と項目表では店舗の複数選択に置き換わっており、後者を正とした。文字数上限は図から読み取れない。	high	
sheet-3-R052	NOT_IMPLEMENTED	P3	未実装	ふるまい	"失敗時出力	並び順が不正なときは並び順のエラーを表示して初期表示へ戻す"	並び順の指定が昇順・降順のいずれでもないときは、並び順が不正である旨を画面に表示し、空の一覧の初期表示に戻る。	src/Eccube/Repository/DtbEventRepository.php:133-140;src/Eccube/Controller/Admin/Event/EventController.php:106-143;src/Eccube/Form/Type/Admin/SearchEventType.php:107-112	並び順を検査する処理が無く、昇順を表す値でなければ黙って降順として扱って検索結果を表示する。エラー表示も初期表示への復帰も起きない。	sheet-3-R036,R047と同じ欠陥。src/Eccube/Repository/DtbEventRepository.php:135 が昇順以外をすべて降順に丸め、src/Eccube/Controller/Admin/Event/EventController.php:106-143 にも src/Eccube/Form/Type/Admin/SearchEventType.php:107-112 にも並び順の検査が無い。	レイアウト図(sheet-3_img1.png)には新規登録ボタン・イベント名の入力欄・開催日From〜To・フォーマット・会場・ルール適用度・検索条件をクリア・検索するボタンが描かれている。図は現行の姿のため会場が単一選択で描かれているが、カスタマイズ説明と項目表では店舗の複数選択に置き換わっており、後者を正とした。文字数上限は図から読み取れない。	high	DtbEventRepository-no-sort-order-validation
sheet-3-R053	MATCHED								src/Eccube/Resource/template/admin/Event/index.twig:167-168 で、店舗を編集できる担当者かつ日程が未登録のイベントのときだけ削除の操作から確認のモーダルを開き、src/Eccube/Resource/template/admin/Event/index.twig:187-206 の画面中央のモーダルが src/Eccube/Resource/locale/messages.ja.yaml:6105 の「このイベント情報を削除してもよろしいですか？」を表示する。確定すると削除要求を送り、src/Eccube/Controller/Admin/Event/EventController.php:344-360 が成功時にイベント一覧へ戻す。	レイアウト図(sheet-3_img1.png)には新規登録ボタン・イベント名の入力欄・開催日From〜To・フォーマット・会場・ルール適用度・検索条件をクリア・検索するボタンが描かれている。図は現行の姿のため会場が単一選択で描かれているが、カスタマイズ説明と項目表では店舗の複数選択に置き換わっており、後者を正とした。文字数上限は図から読み取れない。	med	
sheet-3-R054	MATCHED								src/Eccube/Resource/template/admin/Event/index.twig:102-104 で該当件数を一覧上部に表示する。文言は src/Eccube/Resource/locale/messages.ja.yaml:1735 の「検索結果：%count%件が該当しました」で、設計の文言と同じ内容。	レイアウト図(sheet-3_img1.png)には新規登録ボタン・イベント名の入力欄・開催日From〜To・フォーマット・会場・ルール適用度・検索条件をクリア・検索するボタンが描かれている。図は現行の姿のため会場が単一選択で描かれているが、カスタマイズ説明と項目表では店舗の複数選択に置き換わっており、後者を正とした。文字数上限は図から読み取れない。	high	
sheet-3-R055	MATCHED								src/Eccube/Resource/template/admin/Event/index.twig:208-215 で検索結果が0件のときに該当データが無い旨を一覧の位置に表示し、一覧に留まる。文言は管理画面共通の src/Eccube/Resource/locale/messages.ja.yaml:1739「検索条件に合致するデータが見つかりませんでした」で、設計の「検索条件に該当するデータがありませんでした。」と語句は異なるが同じ内容。同じ表示メッセージ表が並び順エラーについて文言は共通実装を正とすると定めており、共通実装の文言差は指摘にしていない。	レイアウト図(sheet-3_img1.png)には新規登録ボタン・イベント名の入力欄・開催日From〜To・フォーマット・会場・ルール適用度・検索条件をクリア・検索するボタンが描かれている。図は現行の姿のため会場が単一選択で描かれているが、カスタマイズ説明と項目表では店舗の複数選択に置き換わっており、後者を正とした。文字数上限は図から読み取れない。	med	
sheet-3-R056	NOT_IMPLEMENTED	P3	未実装	ふるまい	"—	画面上部	並び順エラー（文言は共通実装を正とする）	並び順が昇順・降順のいずれでもないとき	初期表示へ戻す"	並び順の指定が昇順・降順のいずれでもないときは、画面上部に並び順が不正である旨を表示し、空の一覧の初期表示に戻る。	src/Eccube/Repository/DtbEventRepository.php:133-140;src/Eccube/Controller/Admin/Event/EventController.php:106-143;src/Eccube/Form/Type/Admin/SearchEventType.php:107-112	並び順を検査する処理が無く、昇順を表す値でなければ黙って降順として扱って検索結果を表示する。画面上部にメッセージは出ず、初期表示にも戻らない。	sheet-3-R036,R047,R052と同じ欠陥。src/Eccube/Form/Type/Admin/SearchEventType.php:107-112 の並び順の欄に検査が無く、src/Eccube/Repository/DtbEventRepository.php:135 が昇順以外を降順に丸めるため不正値が素通りする。	レイアウト図(sheet-3_img1.png)には新規登録ボタン・イベント名の入力欄・開催日From〜To・フォーマット・会場・ルール適用度・検索条件をクリア・検索するボタンが描かれている。図は現行の姿のため会場が単一選択で描かれているが、カスタマイズ説明と項目表では店舗の複数選択に置き換わっており、後者を正とした。文字数上限は図から読み取れない。	high	DtbEventRepository-no-sort-order-validation
sheet-4-R001	OUT_OF_SCOPE								カスタマイズ説明の箇条書き記号「・」だけの行で、続く内容が同ブロックの別行に分かれている。この行単体には要求として読める記述が無い。	sheet-4_img1.png を確認。上部に「検索結果　14件が該当しました」、右上に件数プルダウン（10件）と「並びかえ　イベントID｜昇順」。表の列は左から イベントID／イベント名（青リンク）／開催店舗（TC東京）／開催日時（2025/11/12 17:00 形式）、右端に「…」ボタンと展開時の「編集／削除」メニュー。下部にページャ（前へ 1..5 次へ）。	high	
sheet-4-R002	MATCHED								編集画面はメンバーが当該イベントの開催店舗を編集できるかを判定し（src/Eccube/Controller/Admin/Event/EventController.php:294）、編集できない場合は登録（保存）ボタンと削除ボタンを描画しない（src/Eccube/Resource/template/admin/Event/edit.twig:483, src/Eccube/Resource/template/admin/Event/edit.twig:489）。一覧側でも権限の無い店舗のイベントには削除メニューを出さない（src/Eccube/Resource/template/admin/Event/index.twig:167）。権限を保持している店舗のイベントのみ編集できるという要件どおり。	sheet-4_img1.png を確認。上部に「検索結果　14件が該当しました」、右上に件数プルダウン（10件）と「並びかえ　イベントID｜昇順」。表の列は左から イベントID／イベント名（青リンク）／開催店舗（TC東京）／開催日時（2025/11/12 17:00 形式）、右端に「…」ボタンと展開時の「編集／削除」メニュー。下部にページャ（前へ 1..5 次へ）。	high	
sheet-4-R003	MATCHED								一覧表の見出しに「開催店舗」「開催日時」の2列が加わり（src/Eccube/Resource/template/admin/Event/index.twig:146, src/Eccube/Resource/template/admin/Event/index.twig:147）、各行に店舗名と開催日時が出力される（src/Eccube/Resource/template/admin/Event/index.twig:156, src/Eccube/Resource/template/admin/Event/index.twig:157）。	sheet-4_img1.png を確認。上部に「検索結果　14件が該当しました」、右上に件数プルダウン（10件）と「並びかえ　イベントID｜昇順」。表の列は左から イベントID／イベント名（青リンク）／開催店舗（TC東京）／開催日時（2025/11/12 17:00 形式）、右端に「…」ボタンと展開時の「編集／削除」メニュー。下部にページャ（前へ 1..5 次へ）。	high	
sheet-4-R004	OUT_OF_SCOPE								「カスタマイズ要件に記載の内容以外は現行踏襲とする」は適用方針を述べたメタ記述で、この画面の個別の挙動を定めていない。	sheet-4_img1.png を確認。上部に「検索結果　14件が該当しました」、右上に件数プルダウン（10件）と「並びかえ　イベントID｜昇順」。表の列は左から イベントID／イベント名（青リンク）／開催店舗（TC東京）／開催日時（2025/11/12 17:00 形式）、右端に「…」ボタンと展開時の「編集／削除」メニュー。下部にページャ（前へ 1..5 次へ）。	high	
sheet-4-R005	MATCHED								検索条件から絞り込んだイベントをページングして一覧に渡し（src/Eccube/Controller/Admin/Event/EventController.php:112, src/Eccube/Controller/Admin/Event/EventController.php:128）、一覧表が1件ずつ行を出力する（src/Eccube/Resource/template/admin/Event/index.twig:152）。	sheet-4_img1.png を確認。上部に「検索結果　14件が該当しました」、右上に件数プルダウン（10件）と「並びかえ　イベントID｜昇順」。表の列は左から イベントID／イベント名（青リンク）／開催店舗（TC東京）／開催日時（2025/11/12 17:00 形式）、右端に「…」ボタンと展開時の「編集／削除」メニュー。下部にページャ（前へ 1..5 次へ）。	high	
sheet-4-R006	MATCHED								イベント名がイベント編集画面へのリンクになっており（src/Eccube/Resource/template/admin/Event/index.twig:155）、操作メニューの「編集」からも同じ編集画面へ遷移する（src/Eccube/Resource/template/admin/Event/index.twig:166）。	sheet-4_img1.png を確認。上部に「検索結果　14件が該当しました」、右上に件数プルダウン（10件）と「並びかえ　イベントID｜昇順」。表の列は左から イベントID／イベント名（青リンク）／開催店舗（TC東京）／開催日時（2025/11/12 17:00 形式）、右端に「…」ボタンと展開時の「編集／削除」メニュー。下部にページャ（前へ 1..5 次へ）。	high	
sheet-4-R007	MATCHED								操作メニューの「削除」で確認ダイアログを開き（src/Eccube/Resource/template/admin/Event/index.twig:168）、ダイアログの削除実行で当該イベントの削除が行われる（src/Eccube/Resource/template/admin/Event/index.twig:199）。	sheet-4_img1.png を確認。上部に「検索結果　14件が該当しました」、右上に件数プルダウン（10件）と「並びかえ　イベントID｜昇順」。表の列は左から イベントID／イベント名（青リンク）／開催店舗（TC東京）／開催日時（2025/11/12 17:00 形式）、右端に「…」ボタンと展開時の「編集／削除」メニュー。下部にページャ（前へ 1..5 次へ）。	high	
sheet-4-R008	MATCHED								表示項目として「開催店舗」列と「開催日時」列が追加されている（src/Eccube/Resource/template/admin/Event/index.twig:146, src/Eccube/Resource/template/admin/Event/index.twig:147, src/Eccube/Resource/template/admin/Event/index.twig:156, src/Eccube/Resource/template/admin/Event/index.twig:157）。	sheet-4_img1.png を確認。上部に「検索結果　14件が該当しました」、右上に件数プルダウン（10件）と「並びかえ　イベントID｜昇順」。表の列は左から イベントID／イベント名（青リンク）／開催店舗（TC東京）／開催日時（2025/11/12 17:00 形式）、右端に「…」ボタンと展開時の「編集／削除」メニュー。下部にページャ（前へ 1..5 次へ）。	high	
sheet-4-R009	MATCHED								開催日時は当該イベントの日程を開始日時の昇順に並べた先頭、すなわち一番早い開催日時だけを表示する（src/Eccube/Resource/template/admin/Event/index.twig:157）。	sheet-4_img1.png を確認。上部に「検索結果　14件が該当しました」、右上に件数プルダウン（10件）と「並びかえ　イベントID｜昇順」。表の列は左から イベントID／イベント名（青リンク）／開催店舗（TC東京）／開催日時（2025/11/12 17:00 形式）、右端に「…」ボタンと展開時の「編集／削除」メニュー。下部にページャ（前へ 1..5 次へ）。	high	
sheet-4-R010	OUT_OF_SCOPE								「★権限による制御」はブロックの見出し行で、具体的な挙動は同ブロックの sheet-4-R011 に書かれている。	sheet-4_img1.png を確認。上部に「検索結果　14件が該当しました」、右上に件数プルダウン（10件）と「並びかえ　イベントID｜昇順」。表の列は左から イベントID／イベント名（青リンク）／開催店舗（TC東京）／開催日時（2025/11/12 17:00 形式）、右端に「…」ボタンと展開時の「編集／削除」メニュー。下部にページャ（前へ 1..5 次へ）。	high	
sheet-4-R011	MATCHED								操作メニュー内の「削除」は、そのイベントの開催店舗をメンバーが編集できる場合だけ描画される（src/Eccube/Resource/template/admin/Event/index.twig:167, src/Eccube/Resource/template/admin/Event/index.twig:168, src/Eccube/Resource/template/admin/Event/index.twig:169）。	sheet-4_img1.png を確認。上部に「検索結果　14件が該当しました」、右上に件数プルダウン（10件）と「並びかえ　イベントID｜昇順」。表の列は左から イベントID／イベント名（青リンク）／開催店舗（TC東京）／開催日時（2025/11/12 17:00 形式）、右端に「…」ボタンと展開時の「編集／削除」メニュー。下部にページャ（前へ 1..5 次へ）。	high	
sheet-4-R012	MATCHED								検索結果の件数が「検索結果 N件が該当しました」として一覧の上に表示される（src/Eccube/Resource/template/admin/Event/index.twig:102, src/Eccube/Resource/template/admin/Event/index.twig:103）。	sheet-4_img1.png を確認。上部に「検索結果　14件が該当しました」、右上に件数プルダウン（10件）と「並びかえ　イベントID｜昇順」。表の列は左から イベントID／イベント名（青リンク）／開催店舗（TC東京）／開催日時（2025/11/12 17:00 形式）、右端に「…」ボタンと展開時の「編集／削除」メニュー。下部にページャ（前へ 1..5 次へ）。	high	
sheet-4-R013	MATCHED								表示件数は単一選択のプルダウンで、選択肢は表示件数マスタの全件を並べる（src/Eccube/Resource/template/admin/Event/index.twig:118, src/Eccube/Resource/template/admin/Event/index.twig:119, src/Eccube/Resource/template/admin/Event/index.twig:120）。マスタの登録値は 10/50/100/300/500/1000/2000/10000/12000 の9件で（src/Eccube/Resource/doctrine/import_csv/ja/mtb_page_max.csv:2）、設計の選択肢と一致する。	sheet-4_img1.png を確認。上部に「検索結果　14件が該当しました」、右上に件数プルダウン（10件）と「並びかえ　イベントID｜昇順」。表の列は左から イベントID／イベント名（青リンク）／開催店舗（TC東京）／開催日時（2025/11/12 17:00 形式）、右端に「…」ボタンと展開時の「編集／削除」メニュー。下部にページャ（前へ 1..5 次へ）。	high	
sheet-4-R014	MATCHED								並べ替えの項目は単一選択で、選択肢はイベントIDとイベント名の2つ（src/Eccube/Resource/template/admin/Event/index.twig:126, src/Eccube/Resource/template/admin/Event/index.twig:127, src/Eccube/Resource/template/admin/Event/index.twig:128）。	sheet-4_img1.png を確認。上部に「検索結果　14件が該当しました」、右上に件数プルダウン（10件）と「並びかえ　イベントID｜昇順」。表の列は左から イベントID／イベント名（青リンク）／開催店舗（TC東京）／開催日時（2025/11/12 17:00 形式）、右端に「…」ボタンと展開時の「編集／削除」メニュー。下部にページャ（前へ 1..5 次へ）。	high	
sheet-4-R015	MATCHED								並べ替えのソート順は単一選択で、昇順・降順の2つ（src/Eccube/Resource/template/admin/Event/index.twig:130, src/Eccube/Resource/template/admin/Event/index.twig:132, src/Eccube/Resource/template/admin/Event/index.twig:133）。初期値は設計では「-」（指定なし）のため、実装が降順を初期選択にしている点は要求との食い違いにならない。	sheet-4_img1.png を確認。上部に「検索結果　14件が該当しました」、右上に件数プルダウン（10件）と「並びかえ　イベントID｜昇順」。表の列は左から イベントID／イベント名（青リンク）／開催店舗（TC東京）／開催日時（2025/11/12 17:00 形式）、右端に「…」ボタンと展開時の「編集／削除」メニュー。下部にページャ（前へ 1..5 次へ）。	med	
sheet-4-R016	MATCHED								イベントIDが編集不可のラベルとして各行の先頭に表示される（src/Eccube/Resource/template/admin/Event/index.twig:154）。	sheet-4_img1.png を確認。上部に「検索結果　14件が該当しました」、右上に件数プルダウン（10件）と「並びかえ　イベントID｜昇順」。表の列は左から イベントID／イベント名（青リンク）／開催店舗（TC東京）／開催日時（2025/11/12 17:00 形式）、右端に「…」ボタンと展開時の「編集／削除」メニュー。下部にページャ（前へ 1..5 次へ）。	high	
sheet-4-R017	MATCHED								イベント名がリンクとして描画され、押下でそのイベントの編集画面へ遷移する（src/Eccube/Resource/template/admin/Event/index.twig:155）。	sheet-4_img1.png を確認。上部に「検索結果　14件が該当しました」、右上に件数プルダウン（10件）と「並びかえ　イベントID｜昇順」。表の列は左から イベントID／イベント名（青リンク）／開催店舗（TC東京）／開催日時（2025/11/12 17:00 形式）、右端に「…」ボタンと展開時の「編集／削除」メニュー。下部にページャ（前へ 1..5 次へ）。	high	
sheet-4-R018	MATCHED								開催店舗の列にイベントの開催店舗名がラベルとして表示される（src/Eccube/Resource/template/admin/Event/index.twig:156）。店舗の割り当てが無いときは「-」。	sheet-4_img1.png を確認。上部に「検索結果　14件が該当しました」、右上に件数プルダウン（10件）と「並びかえ　イベントID｜昇順」。表の列は左から イベントID／イベント名（青リンク）／開催店舗（TC東京）／開催日時（2025/11/12 17:00 形式）、右端に「…」ボタンと展開時の「編集／削除」メニュー。下部にページャ（前へ 1..5 次へ）。	high	
sheet-4-R019	MATCHED								開催日時の列に日程の開始日時が「2025/11/12 17:00」の形式で表示される（src/Eccube/Resource/template/admin/Event/index.twig:157）。	sheet-4_img1.png を確認。上部に「検索結果　14件が該当しました」、右上に件数プルダウン（10件）と「並びかえ　イベントID｜昇順」。表の列は左から イベントID／イベント名（青リンク）／開催店舗（TC東京）／開催日時（2025/11/12 17:00 形式）、右端に「…」ボタンと展開時の「編集／削除」メニュー。下部にページャ（前へ 1..5 次へ）。	high	
sheet-4-R020	MATCHED								日程が複数あるときは開始日時の昇順で並べた先頭の1件だけを表示するため、一番早い開催日時が出る（src/Eccube/Resource/template/admin/Event/index.twig:157）。	sheet-4_img1.png を確認。上部に「検索結果　14件が該当しました」、右上に件数プルダウン（10件）と「並びかえ　イベントID｜昇順」。表の列は左から イベントID／イベント名（青リンク）／開催店舗（TC東京）／開催日時（2025/11/12 17:00 形式）、右端に「…」ボタンと展開時の「編集／削除」メニュー。下部にページャ（前へ 1..5 次へ）。	high	
sheet-4-R021	MATCHED								行末の操作ボタンを押すとポップアップメニュー（ドロップダウン）が開く（src/Eccube/Resource/template/admin/Event/index.twig:161, src/Eccube/Resource/template/admin/Event/index.twig:162, src/Eccube/Resource/template/admin/Event/index.twig:165）。	sheet-4_img1.png を確認。上部に「検索結果　14件が該当しました」、右上に件数プルダウン（10件）と「並びかえ　イベントID｜昇順」。表の列は左から イベントID／イベント名（青リンク）／開催店舗（TC東京）／開催日時（2025/11/12 17:00 形式）、右端に「…」ボタンと展開時の「編集／削除」メニュー。下部にページャ（前へ 1..5 次へ）。	high	
sheet-4-R022	MATCHED								ポップアップメニューの項目は「編集」と「削除」の2つ（src/Eccube/Resource/template/admin/Event/index.twig:166, src/Eccube/Resource/template/admin/Event/index.twig:168）。	sheet-4_img1.png を確認。上部に「検索結果　14件が該当しました」、右上に件数プルダウン（10件）と「並びかえ　イベントID｜昇順」。表の列は左から イベントID／イベント名（青リンク）／開催店舗（TC東京）／開催日時（2025/11/12 17:00 形式）、右端に「…」ボタンと展開時の「編集／削除」メニュー。下部にページャ（前へ 1..5 次へ）。	high	
sheet-4-R023	MATCHED								「編集」を選ぶと、その行のイベントの編集画面へ遷移する（src/Eccube/Resource/template/admin/Event/index.twig:166）。	sheet-4_img1.png を確認。上部に「検索結果　14件が該当しました」、右上に件数プルダウン（10件）と「並びかえ　イベントID｜昇順」。表の列は左から イベントID／イベント名（青リンク）／開催店舗（TC東京）／開催日時（2025/11/12 17:00 形式）、右端に「…」ボタンと展開時の「編集／削除」メニュー。下部にページャ（前へ 1..5 次へ）。	high	
sheet-4-R024	MATCHED								「削除」を選ぶと確認ダイアログが開き、実行するとその行のイベントが削除される（src/Eccube/Resource/template/admin/Event/index.twig:168, src/Eccube/Resource/template/admin/Event/index.twig:199）。	sheet-4_img1.png を確認。上部に「検索結果　14件が該当しました」、右上に件数プルダウン（10件）と「並びかえ　イベントID｜昇順」。表の列は左から イベントID／イベント名（青リンク）／開催店舗（TC東京）／開催日時（2025/11/12 17:00 形式）、右端に「…」ボタンと展開時の「編集／削除」メニュー。下部にページャ（前へ 1..5 次へ）。	high	
sheet-4-R025	MATCHED								削除の確認ダイアログの本文は「このイベント情報を削除してもよろしいですか？」（src/Eccube/Resource/template/admin/Event/index.twig:195 が参照するsrc/Eccube/Resource/locale/messages.ja.yaml:6105）で、設計の文言と一致する。	sheet-4_img1.png を確認。上部に「検索結果　14件が該当しました」、右上に件数プルダウン（10件）と「並びかえ　イベントID｜昇順」。表の列は左から イベントID／イベント名（青リンク）／開催店舗（TC東京）／開催日時（2025/11/12 17:00 形式）、右端に「…」ボタンと展開時の「編集／削除」メニュー。下部にページャ（前へ 1..5 次へ）。	high	
sheet-4-R026	MATCHED								確認ダイアログを表示し、肯定側のボタンを押したときだけ削除が実行される（src/Eccube/Resource/template/admin/Event/index.twig:195, src/Eccube/Resource/template/admin/Event/index.twig:197, src/Eccube/Resource/template/admin/Event/index.twig:199）。肯定側ボタンの表記は「削除」で設計の「OK」と文字は違うが、確認して肯定で削除するというふるまいは設計どおり。文言は同一ダイアログの取り消し／実行の対で決まっており、設計の項目表もボタン名を定義していない。	sheet-4_img1.png を確認。上部に「検索結果　14件が該当しました」、右上に件数プルダウン（10件）と「並びかえ　イベントID｜昇順」。表の列は左から イベントID／イベント名（青リンク）／開催店舗（TC東京）／開催日時（2025/11/12 17:00 形式）、右端に「…」ボタンと展開時の「編集／削除」メニュー。下部にページャ（前へ 1..5 次へ）。	med	
sheet-4-R027	MATCHED								「削除」の項目自体が、そのイベントの開催店舗をメンバーが編集できるときだけ描画される（src/Eccube/Resource/template/admin/Event/index.twig:167）。	sheet-4_img1.png を確認。上部に「検索結果　14件が該当しました」、右上に件数プルダウン（10件）と「並びかえ　イベントID｜昇順」。表の列は左から イベントID／イベント名（青リンク）／開催店舗（TC東京）／開催日時（2025/11/12 17:00 形式）、右端に「…」ボタンと展開時の「編集／削除」メニュー。下部にページャ（前へ 1..5 次へ）。	high	
sheet-4-R028	MATCHED								一覧下部にページャが表示され、選んだページの一覧へ遷移する（src/Eccube/Resource/template/admin/Event/index.twig:181）。	sheet-4_img1.png を確認。上部に「検索結果　14件が該当しました」、右上に件数プルダウン（10件）と「並びかえ　イベントID｜昇順」。表の列は左から イベントID／イベント名（青リンク）／開催店舗（TC東京）／開催日時（2025/11/12 17:00 形式）、右端に「…」ボタンと展開時の「編集／削除」メニュー。下部にページャ（前へ 1..5 次へ）。	high	
sheet-5-R001	OUT_OF_SCOPE								カスタマイズ要件の箇条書き記号のみで、要求内容を述べていない行のため対象外。	img1(イベント編集レイアウト図)とimg2(編集/削除のポップアップ)を確認。	high	
sheet-5-R002	MATCHED								店舗の編集権限を持たないイベントは保存できない（src/Eccube/Form/Type/Admin/EventType.php:294-298 で編集不可店舗を選ぶと入力エラー）。編集画面でも更新・削除等の操作ボタンは編集権限のある店舗のイベントにだけ出る（src/Eccube/Resource/template/admin/Event/edit.twig:483-501）。	img1(イベント編集レイアウト図)とimg2(編集/削除のポップアップ)を確認。	high	
sheet-5-R003	MATCHED								イベント規模（大型/特別など）とルール適用度（初心者歓迎など）はそれぞれ独立した単一選択項目として設定できる（src/Eccube/Form/Type/Admin/EventType.php:100-117、src/Eccube/Resource/template/admin/Event/edit.twig:125-158）。	img1(イベント編集レイアウト図)とimg2(編集/削除のポップアップ)を確認。	high	
sheet-5-R004	MATCHED								支払方法の選択肢はクレジットカード決済だけで、コンビニ決済は選べない（src/Eccube/Form/Type/Admin/EventType.php:159-169）。	img1のレイアウト図には「コンビニ決済」チェックが残るが、処理概要で削除と明記されており後者を優先した。	high	
sheet-5-R005	OUT_OF_SCOPE								「以下の入力項目を追加する」という後続箇条書きの前置きで、単独では要求を述べていないため対象外。追加項目の実体はR006/R007で判定した。	img1(イベント編集レイアウト図)とimg2(編集/削除のポップアップ)を確認。	high	
sheet-5-R006	MATCHED								イベント規模の入力項目が編集画面にある（src/Eccube/Form/Type/Admin/EventType.php:100-109、src/Eccube/Resource/template/admin/Event/edit.twig:147-160）。	img1(イベント編集レイアウト図)とimg2(編集/削除のポップアップ)を確認。	high	
sheet-5-R007	MATCHED								フリー入力エリアの入力項目が編集画面にある（src/Eccube/Form/Type/Admin/EventType.php:188-271、src/Eccube/Resource/template/admin/Event/edit.twig:247-381）。	img1(イベント編集レイアウト図)とimg2(編集/削除のポップアップ)を確認。	high	
sheet-5-R008	OUT_OF_SCOPE								カスタマイズ要件以外は現行踏襲という方針記述で、個別の実装要求ではないため対象外。	img1(イベント編集レイアウト図)とimg2(編集/削除のポップアップ)を確認。	high	
sheet-5-R009	MATCHED								新規登録はsrc/Eccube/Controller/Admin/Event/EventController.php:214-267、既存イベントの編集はsrc/Eccube/Controller/Admin/Event/EventController.php:275-346 で行える。	img1(イベント編集レイアウト図)とimg2(編集/削除のポップアップ)を確認。	high	
sheet-5-R010	MATCHED								日程追加はsrc/Eccube/Controller/Admin/Event/ScheduleController.php:47、日程一覧はsrc/Eccube/Resource/template/admin/Event/edit.twig:420-454、日程削除はsrc/Eccube/Controller/Admin/Event/ScheduleController.php:171-213 にある。	img1(イベント編集レイアウト図)とimg2(編集/削除のポップアップ)を確認。	high	
sheet-5-R011	MATCHED								日程に申込が1件でもあると支払方法の入力欄が操作できなくなる（src/Eccube/Form/Type/Admin/EventType.php:67、src/Eccube/Form/Type/Admin/EventType.php:165）。	img1(イベント編集レイアウト図)とimg2(編集/削除のポップアップ)を確認。	high	
sheet-5-R012	MATCHED								日程が1件でも残っているイベントは削除できず、日程が存在する旨のエラーになる（src/Eccube/Controller/Admin/Event/EventController.php:361-365）。編集画面の削除確認ダイアログでも削除ボタンが押せない（src/Eccube/Resource/template/admin/Event/edit.twig:517-525）。	img1(イベント編集レイアウト図)とimg2(編集/削除のポップアップ)を確認。	high	
sheet-5-R013	MATCHED								デッキ登録がある日程は削除できずエラーになる（src/Eccube/Controller/Admin/Event/ScheduleController.php:187-190）。一覧の削除メニューも出ない（src/Eccube/Resource/template/admin/Event/edit.twig:439-448）。	img1(イベント編集レイアウト図)とimg2(編集/削除のポップアップ)を確認。	high	
sheet-5-R014	MATCHED								申込がある日程は削除できずエラーになる（src/Eccube/Controller/Admin/Event/ScheduleController.php:193-196）。一覧の削除メニューも出ない（src/Eccube/Resource/template/admin/Event/edit.twig:439-448）。	img1(イベント編集レイアウト図)とimg2(編集/削除のポップアップ)を確認。	high	
sheet-5-R015	MATCHED								支払方法を1つも選ばずに保存しようとすると、紐づく日程を調べてから可否を決める（src/Eccube/Form/Type/Admin/EventType.php:280-289）。	img1(イベント編集レイアウト図)とimg2(編集/削除のポップアップ)を確認。	high	
sheet-5-R016	MATCHED								参加費が有料かつオンライン受付ありの日程があると支払方法欄にエラーが出て保存できない（src/Eccube/Form/Type/Admin/EventType.php:283-288、src/Eccube/Resource/locale/validators.ja.yaml:68）。	img1(イベント編集レイアウト図)とimg2(編集/削除のポップアップ)を確認。	high	
sheet-5-R017	OUT_OF_SCOPE								★権限による制御 という見出し行のため対象外。個々の制御はR018以降で判定した。	img1(イベント編集レイアウト図)とimg2(編集/削除のポップアップ)を確認。	high	
sheet-5-R018	MATCHED								登録・編集は編集権限のない店舗を選ぶと入力エラーになり保存できない（src/Eccube/Form/Type/Admin/EventType.php:294-298）。削除も編集権限がなければ不正なリクエストとして拒否される（src/Eccube/Controller/Admin/Event/EventController.php:354-359）。	img1(イベント編集レイアウト図)とimg2(編集/削除のポップアップ)を確認。	high	
sheet-5-R019	MATCHED								編集権限のない店舗を選んで保存すると店舗欄に「ユーザーの編集可能店舗を選択してください。」が出る（src/Eccube/Form/Type/Admin/EventType.php:295-297、src/Eccube/Resource/locale/validators.ja.yaml:69）。	img1(イベント編集レイアウト図)とimg2(編集/削除のポップアップ)を確認。	high	
sheet-5-R020	MATCHED								新規登録画面を開いた時点で、ログイン中のメンバーのデフォルト表示店舗が店舗欄の初期値になる（src/Eccube/Controller/Admin/Event/EventController.php:216-221）。	img1(イベント編集レイアウト図)とimg2(編集/削除のポップアップ)を確認。	high	
sheet-5-R021	MATCHED								日程追加ボタンは編集権限のある店舗のイベントでのみ表示される（src/Eccube/Resource/template/admin/Event/edit.twig:489-492）。	img1(イベント編集レイアウト図)とimg2(編集/削除のポップアップ)を確認。	high	
sheet-5-R022	MATCHED								繰返日程追加ボタンは編集権限のある店舗のイベントでのみ表示される（src/Eccube/Resource/template/admin/Event/edit.twig:489-493）。	img1(イベント編集レイアウト図)とimg2(編集/削除のポップアップ)を確認。	high	
sheet-5-R023	MATCHED								削除ボタンは編集権限のある店舗のイベントでのみ表示される（src/Eccube/Resource/template/admin/Event/edit.twig:483-487）。	img1(イベント編集レイアウト図)とimg2(編集/削除のポップアップ)を確認。	high	
sheet-5-R024	MATCHED								チェックした日程削除ボタンは編集権限のある店舗のイベントでのみ表示される（src/Eccube/Resource/template/admin/Event/edit.twig:489-496）。	img1(イベント編集レイアウト図)とimg2(編集/削除のポップアップ)を確認。	high	
sheet-5-R025	MATCHED								複製新規ボタンは編集権限のある店舗のイベントでのみ表示される（src/Eccube/Resource/template/admin/Event/edit.twig:489-497）。	img1(イベント編集レイアウト図)とimg2(編集/削除のポップアップ)を確認。	high	
sheet-5-R026	MATCHED								更新（登録実行）ボタンは編集権限のある店舗のイベントでのみ表示される（src/Eccube/Resource/template/admin/Event/edit.twig:489-501）。表示文言の差異はR094で別途指摘した。	img1(イベント編集レイアウト図)とimg2(編集/削除のポップアップ)を確認。	high	
sheet-5-R027	MATCHED								日程一覧の操作メニュー内の削除は、編集権限のある店舗のイベントでのみ表示される（src/Eccube/Resource/template/admin/Event/edit.twig:439、src/Eccube/Resource/template/admin/Event/edit.twig:446-448）。	img2の編集/削除ポップアップに対応。編集は常時、削除は権限と削除可否で出し分けている。	high	
sheet-5-R028	OUT_OF_SCOPE								★入力項目の追加、削除について という見出し行のため対象外。個々の追加削除はR029以降で判定した。	img1(イベント編集レイアウト図)とimg2(編集/削除のポップアップ)を確認。	high	
sheet-5-R029	MATCHED								支払方法の選択肢はクレジットカード決済のみで、コンビニ決済は表示されない（src/Eccube/Form/Type/Admin/EventType.php:166-168、src/Eccube/Resource/template/admin/Event/edit.twig:204-215）。	img1にはコンビニ決済チェックが残るが処理概要の削除指示を優先した。	high	
sheet-5-R030	DRIFT	P3	実装違い	IO	・識別ID:1-8 「イベント規模」を追加する、おすすめイベント、デイリーイベント、特別イベント、大型イベントから選択	イベント規模の選択肢は、おすすめイベント／デイリーイベント／特別イベント／大型イベントの4つになる	app/DoctrineMigrations/Version20260514110000.php:32-37	選択肢の2つ目が「デイリーイベント」ではなく「定番イベント」として登録される。当初は「デイリーイベント」で投入されていた（app/DoctrineMigrations/Version20260219100000.php:57）が、後続で名称が上書きされている。	イベント規模の選択肢はマスタ登録値をそのまま並べる（src/Eccube/Form/Type/Admin/EventType.php:100-109）。現在の登録値は おすすめイベント／定番イベント／特別イベント／大型イベント で、設計の「デイリーイベント」と1件食い違う。上書き側は別設計書（F07-01 イベント大会TOP）を根拠としており、どちらの名称を採るかは設計裁定が要る可能性がある。	img1のイベント規模欄は選択肢が描かれていないため、文言は本文の記載で判定した。	med	Version20260514110000-event-scale-daily-renamed
sheet-5-R031	MATCHED								備考(日)・備考(英)に相当する入力欄も保持項目も無く、賞品の次はフリー入力エリアになっている（src/Eccube/Form/Type/Admin/EventType.php:176-193、src/Eccube/Entity/DtbEvent.php:59-88、src/Eccube/Resource/template/admin/Event/edit.twig:229-255）。	img1には備考(日)(英)が残るが、処理概要と項目表の「削除」を優先した。	high	
sheet-5-R032	MATCHED								フリー入力エリアは1〜3の3組（項目名日英・内容日英・アコーディオン表示）が用意されている（src/Eccube/Form/Type/Admin/EventType.php:188-271、src/Eccube/Resource/template/admin/Event/edit.twig:247-381）。	img1(イベント編集レイアウト図)とimg2(編集/削除のポップアップ)を確認。	high	
sheet-5-R033	MATCHED								ルール適用度の選択肢はマスタ登録値を並べており（src/Eccube/Form/Type/Admin/EventType.php:110-117）、マスタに初心者歓迎・カジュアル対戦・上級者向けが登録されている（app/DoctrineMigrations/Version20251125164616.php:87-102）。	img1(イベント編集レイアウト図)とimg2(編集/削除のポップアップ)を確認。	high	
sheet-5-R034	MATCHED								チーム人数の入力欄・保持項目は無く、代わりにチーム戦のチェックボックスがある（src/Eccube/Form/Type/Admin/EventType.php:155-158、src/Eccube/Entity/DtbEvent.php:77-78）。	img1には「チーム人数」欄が残るが、処理概要の削除・追加指示を優先した。	high	
sheet-5-R035	MATCHED								定員欄の右の単位表示は、チーム戦チェックのオン/オフで「組」「人」に切り替わる（src/Eccube/Resource/template/admin/Event/edit.twig:15-23、src/Eccube/Resource/template/admin/Event/edit.twig:190-192、src/Eccube/Resource/locale/messages.ja.yaml:6045-6046）。	img1(イベント編集レイアウト図)とimg2(編集/削除のポップアップ)を確認。	high	
sheet-5-R036	OUT_OF_SCOPE								項目表の区分行（イベント属性）で、実装要求ではないため対象外。	img1(イベント編集レイアウト図)とimg2(編集/削除のポップアップ)を確認。	high	
sheet-5-R037	MATCHED								イベント名(日)は必須の文字入力で255字までに制限される（src/Eccube/Form/Type/Admin/EventType.php:76-81、app/config/eccube/packages/eccube.yaml:141）。	img1(イベント編集レイアウト図)とimg2(編集/削除のポップアップ)を確認。	high	
sheet-5-R038	MATCHED								イベント名(英)は必須の文字入力で255字までに制限される（src/Eccube/Form/Type/Admin/EventType.php:82-87、app/config/eccube/packages/eccube.yaml:141）。	img1(イベント編集レイアウト図)とimg2(編集/削除のポップアップ)を確認。	high	
sheet-5-R039	MATCHED								店舗は全店舗から1つ選ぶ単一選択で、新規登録時はメンバーのデフォルト表示店舗が初期選択となる（src/Eccube/Form/Type/Admin/EventType.php:88-92、src/Eccube/Controller/Admin/Event/EventController.php:216-221）。空欄の選択肢は用意されないため未選択のまま保存できない。	img1(イベント編集レイアウト図)とimg2(編集/削除のポップアップ)を確認。	high	
sheet-5-R040	MATCHED								編集権限のない店舗を選ぶと店舗欄にエラーが出て保存されない（src/Eccube/Form/Type/Admin/EventType.php:295-297）。	img1(イベント編集レイアウト図)とimg2(編集/削除のポップアップ)を確認。	high	
sheet-5-R041	MATCHED								会場の入力欄も保持項目も存在せず、項目表の「2026/6/11 会場は不要のため削除」に沿っている（src/Eccube/Entity/DtbEvent.php:36-160、src/Eccube/Resource/template/admin/Event/edit.twig:95-108）。	img1にも会場欄があるが、項目表の削除注記を優先した。	high	
sheet-5-R042	MATCHED								フォーマットは複数選択で、選択済みの値はタグとして並ぶ（src/Eccube/Form/Type/Admin/EventType.php:93-99、src/Eccube/Resource/template/admin/Event/edit.twig:13、src/Eccube/Resource/template/admin/Event/edit.twig:109-121）。	img1(イベント編集レイアウト図)とimg2(編集/削除のポップアップ)を確認。	high	
sheet-5-R043	MATCHED								フォーマット欄は入力に応じて候補を絞り込むサジェスト付きの選択になっている（src/Eccube/Resource/template/admin/Event/edit.twig:10、src/Eccube/Resource/template/admin/Event/edit.twig:13）。	img1(イベント編集レイアウト図)とimg2(編集/削除のポップアップ)を確認。	high	
sheet-5-R044	MATCHED								ルール適用度はマスタに登録された全種から1つ選ぶ必須の単一選択（src/Eccube/Form/Type/Admin/EventType.php:110-117）。	img1(イベント編集レイアウト図)とimg2(編集/削除のポップアップ)を確認。	high	
sheet-5-R045	MATCHED								ルール適用度のマスタに初心者歓迎・カジュアル対戦・上級者向けが登録済み（app/DoctrineMigrations/Version20251125164616.php:87-102）。	img1(イベント編集レイアウト図)とimg2(編集/削除のポップアップ)を確認。	high	
sheet-5-R046	MATCHED								公開状態は必須の単一選択で、選択肢は公開・非公開・限定公開（src/Eccube/Form/Type/Admin/EventType.php:118-126、app/DoctrineMigrations/Version20260212120000.php:58-62）。	img1(イベント編集レイアウト図)とimg2(編集/削除のポップアップ)を確認。	high	
sheet-5-R047	DRIFT	P3	実装違い	IO	1-8 イベント規模 単一選択 - - - 選択肢:大型イベント 特別イベント デイリーイベント おすすめイベント	イベント規模は未選択のままでもイベントを保存でき、必須項目としては扱わない	src/Eccube/Form/Type/Admin/EventType.php:100-109;src/Eccube/Resource/template/admin/Event/edit.twig:147-160;src/Eccube/Entity/DtbEvent.php:80-82	イベント規模が未選択だと入力エラーになり保存できず、画面にも必須の印が付いている。	項目表の必須列はイベント規模だけ「-」（任意）で、バナーURL等の任意項目は実装でも任意になっている。イベント規模のみ空欄を許さない検証が入り（src/Eccube/Form/Type/Admin/EventType.php:103-106）、ラベル横に必須バッジが出る（src/Eccube/Resource/template/admin/Event/edit.twig:151-153）。保持側は未設定を許す作りで（src/Eccube/Entity/DtbEvent.php:80-82 は値なしを許容）、入力段だけが空欄を拒んでいる。	img1のイベント規模欄には必須の朱書きが無く、任意項目として描かれている。	med	EventType-event-scale-required
sheet-5-R048	MATCHED								バナーURL(日)は任意の文字入力で255字までに制限される（src/Eccube/Form/Type/Admin/EventType.php:127-137）。	img1(イベント編集レイアウト図)とimg2(編集/削除のポップアップ)を確認。	high	
sheet-5-R049	MATCHED								バナーURL(英)は任意の文字入力で255字までに制限される（src/Eccube/Form/Type/Admin/EventType.php:138-148）。	img1(イベント編集レイアウト図)とimg2(編集/削除のポップアップ)を確認。	high	
sheet-5-R050	MATCHED								定員は整数の必須入力で1以上に制限され、単位表示がチーム戦のオン/オフで「組」「人」に切り替わる（src/Eccube/Form/Type/Admin/EventType.php:149-154、src/Eccube/Resource/template/admin/Event/edit.twig:190-192）。桁上限は9桁で設計の8字より1桁緩いが、入力欄・単位切替のふるまいは設計どおりのためMATCHEDとした（上限差は要確認）。	img1では定員欄の右に「チーム人数」が並ぶ旧レイアウトだが、項目表の指定を優先した。	med	
sheet-5-R051	MATCHED								チーム戦はチェックボックスで任意入力（src/Eccube/Form/Type/Admin/EventType.php:155-158、src/Eccube/Resource/template/admin/Event/edit.twig:195-202）。	img1(イベント編集レイアウト図)とimg2(編集/削除のポップアップ)を確認。	high	
sheet-5-R052	DRIFT	P3	実装違い	IO	1-13 支払方法 単一選択 - - クレジットカード決済 コンビニ決済は削除	新規登録画面を開いたとき、支払方法はクレジットカード決済が選ばれた状態で表示される	src/Eccube/Form/Type/Admin/EventType.php:68-73;src/Eccube/Form/Type/Admin/EventType.php:159-169;src/Eccube/Controller/Admin/Event/EventController.php:216-222	新規登録画面では支払方法が未選択（オフ）の状態で表示され、クレジットカード決済は初期選択されない。既存イベントの編集時のみ、保存済みの値が反映される。	項目表の初期値列はクレジットカード決済。実装では支払方法の初期表示値をイベントの保存済み支払方法から組み立てるため（src/Eccube/Form/Type/Admin/EventType.php:68-73）、保存済み支払方法を持たない新規登録では空になる。店舗（1-3）の初期値は実装されており、初期値列は実装対象として扱われている。	img1では支払方法のチェックが2つとも未チェックで描かれており、初期値の判断は項目表の初期値列に拠った。	med	EventType-payment-default-unchecked
sheet-5-R053	MATCHED								参加費は整数の必須入力で0以上・8桁までに制限される（src/Eccube/Form/Type/Admin/EventType.php:170-175、app/config/eccube/packages/eccube.yaml:129）。	img1(イベント編集レイアウト図)とimg2(編集/削除のポップアップ)を確認。	high	
sheet-5-R054	OUT_OF_SCOPE								項目表の区分行（イベント説明）で、実装要求ではないため対象外。	img1(イベント編集レイアウト図)とimg2(編集/削除のポップアップ)を確認。	high	
sheet-5-R055	MATCHED								賞品(日)は任意の複数行入力で4096字までに制限される（src/Eccube/Form/Type/Admin/EventType.php:176-181、app/config/eccube/packages/eccube.yaml:388）。	img1(イベント編集レイアウト図)とimg2(編集/削除のポップアップ)を確認。	high	
sheet-5-R056	MATCHED								賞品(英)は任意の複数行入力で4096字までに制限される（src/Eccube/Form/Type/Admin/EventType.php:182-187、app/config/eccube/packages/eccube.yaml:388）。	img1(イベント編集レイアウト図)とimg2(編集/削除のポップアップ)を確認。	high	
sheet-5-R057	MATCHED								備考(日)の入力欄・保持項目は存在せず、項目表の「削除」に沿っている（src/Eccube/Form/Type/Admin/EventType.php:176-193、src/Eccube/Entity/DtbEvent.php:59-88）。	img1には備考(日)欄が残るが、項目表の削除指定を優先した。	high	
sheet-5-R058	MATCHED								備考(英)の入力欄・保持項目は存在せず、項目表の「削除」に沿っている（src/Eccube/Form/Type/Admin/EventType.php:176-193、src/Eccube/Entity/DtbEvent.php:59-88）。	img1には備考(英)欄が残るが、項目表の削除指定を優先した。	high	
sheet-5-R059	MATCHED								フリー入力エリア1の項目名(日)欄がある（src/Eccube/Form/Type/Admin/EventType.php:188-193、src/Eccube/Resource/template/admin/Event/edit.twig:247-255）。	img1(イベント編集レイアウト図)とimg2(編集/削除のポップアップ)を確認。	high	
sheet-5-R060	MATCHED								フリー入力エリア1の項目名(日)は任意の文字入力で255字までに制限される（src/Eccube/Form/Type/Admin/EventType.php:188-193）。	img1(イベント編集レイアウト図)とimg2(編集/削除のポップアップ)を確認。	high	
sheet-5-R061	MATCHED								フリー入力エリア1の項目名(英)欄がある（src/Eccube/Form/Type/Admin/EventType.php:194-199、src/Eccube/Resource/template/admin/Event/edit.twig:256-264）。	img1(イベント編集レイアウト図)とimg2(編集/削除のポップアップ)を確認。	high	
sheet-5-R062	MATCHED								フリー入力エリア1の項目名(英)は任意の文字入力で255字までに制限される（src/Eccube/Form/Type/Admin/EventType.php:194-199）。	img1(イベント編集レイアウト図)とimg2(編集/削除のポップアップ)を確認。	high	
sheet-5-R063	MATCHED								フリー入力エリア1の内容(日)欄がある（src/Eccube/Form/Type/Admin/EventType.php:200-205、src/Eccube/Resource/template/admin/Event/edit.twig:265-273）。	img1(イベント編集レイアウト図)とimg2(編集/削除のポップアップ)を確認。	high	
sheet-5-R064	MATCHED								フリー入力エリア1の内容(日)は任意の複数行入力で4096字までに制限される（src/Eccube/Form/Type/Admin/EventType.php:200-205）。	img1(イベント編集レイアウト図)とimg2(編集/削除のポップアップ)を確認。	high	
sheet-5-R065	MATCHED								フリー入力エリア1の内容(英)欄がある（src/Eccube/Form/Type/Admin/EventType.php:206-211、src/Eccube/Resource/template/admin/Event/edit.twig:274-282）。	img1(イベント編集レイアウト図)とimg2(編集/削除のポップアップ)を確認。	high	
sheet-5-R066	MATCHED								フリー入力エリア1の内容(英)は任意の複数行入力で4096字までに制限される（src/Eccube/Form/Type/Admin/EventType.php:206-211）。	img1(イベント編集レイアウト図)とimg2(編集/削除のポップアップ)を確認。	high	
sheet-5-R067	MATCHED								フリー入力エリア1のアコーディオン表示欄がある（src/Eccube/Form/Type/Admin/EventType.php:212-215、src/Eccube/Resource/template/admin/Event/edit.twig:283-291）。	img1(イベント編集レイアウト図)とimg2(編集/削除のポップアップ)を確認。	high	
sheet-5-R068	MATCHED								フリー入力エリア1のアコーディオン表示はチェックボックスで、任意入力（src/Eccube/Form/Type/Admin/EventType.php:212-215）。	img1(イベント編集レイアウト図)とimg2(編集/削除のポップアップ)を確認。	high	
sheet-5-R069	MATCHED								チェックするとフロントのイベント詳細でフリー入力エリア1が折りたたまれた状態で表示される（src/Eccube/Resource/template/default/Event/detail.twig:148-158）。	img1(イベント編集レイアウト図)とimg2(編集/削除のポップアップ)を確認。	high	
sheet-5-R070	MATCHED								フリー入力エリア2の項目名(日)欄がある（src/Eccube/Form/Type/Admin/EventType.php:216-221、src/Eccube/Resource/template/admin/Event/edit.twig:292-300）。	img1(イベント編集レイアウト図)とimg2(編集/削除のポップアップ)を確認。	high	
sheet-5-R071	MATCHED								フリー入力エリア2の項目名(日)は任意の文字入力で255字までに制限される（src/Eccube/Form/Type/Admin/EventType.php:216-221）。	img1(イベント編集レイアウト図)とimg2(編集/削除のポップアップ)を確認。	high	
sheet-5-R072	MATCHED								フリー入力エリア2の項目名(英)欄がある（src/Eccube/Form/Type/Admin/EventType.php:222-227、src/Eccube/Resource/template/admin/Event/edit.twig:301-309）。	img1(イベント編集レイアウト図)とimg2(編集/削除のポップアップ)を確認。	high	
sheet-5-R073	MATCHED								フリー入力エリア2の項目名(英)は任意の文字入力で255字までに制限される（src/Eccube/Form/Type/Admin/EventType.php:222-227）。	img1(イベント編集レイアウト図)とimg2(編集/削除のポップアップ)を確認。	high	
sheet-5-R074	MATCHED								フリー入力エリア2の内容(日)欄がある（src/Eccube/Form/Type/Admin/EventType.php:228-233、src/Eccube/Resource/template/admin/Event/edit.twig:310-318）。	img1(イベント編集レイアウト図)とimg2(編集/削除のポップアップ)を確認。	high	
sheet-5-R075	MATCHED								フリー入力エリア2の内容(日)は任意の複数行入力で4096字までに制限される（src/Eccube/Form/Type/Admin/EventType.php:228-233）。	img1(イベント編集レイアウト図)とimg2(編集/削除のポップアップ)を確認。	high	
sheet-5-R076	MATCHED								フリー入力エリア2の内容(英)欄がある（src/Eccube/Form/Type/Admin/EventType.php:234-239、src/Eccube/Resource/template/admin/Event/edit.twig:319-327）。	img1(イベント編集レイアウト図)とimg2(編集/削除のポップアップ)を確認。	high	
sheet-5-R077	MATCHED								フリー入力エリア2の内容(英)は任意の複数行入力で4096字までに制限される（src/Eccube/Form/Type/Admin/EventType.php:234-239）。	img1(イベント編集レイアウト図)とimg2(編集/削除のポップアップ)を確認。	high	
sheet-5-R078	MATCHED								フリー入力エリア2のアコーディオン表示欄がある（src/Eccube/Form/Type/Admin/EventType.php:240-243、src/Eccube/Resource/template/admin/Event/edit.twig:328-336）。	img1(イベント編集レイアウト図)とimg2(編集/削除のポップアップ)を確認。	high	
sheet-5-R079	MATCHED								フリー入力エリア2のアコーディオン表示はチェックボックスで、任意入力（src/Eccube/Form/Type/Admin/EventType.php:240-243）。	img1(イベント編集レイアウト図)とimg2(編集/削除のポップアップ)を確認。	high	
sheet-5-R080	MATCHED								チェックするとフロントのイベント詳細でフリー入力エリア2が折りたたまれた状態で表示される（src/Eccube/Resource/template/default/Event/detail.twig:148-158）。	img1(イベント編集レイアウト図)とimg2(編集/削除のポップアップ)を確認。	high	
sheet-5-R081	MATCHED								フリー入力エリア3の項目名(日)欄がある（src/Eccube/Form/Type/Admin/EventType.php:244-249、src/Eccube/Resource/template/admin/Event/edit.twig:337-345）。	img1(イベント編集レイアウト図)とimg2(編集/削除のポップアップ)を確認。	high	
sheet-5-R082	MATCHED								フリー入力エリア3の項目名(日)は任意の文字入力で255字までに制限される（src/Eccube/Form/Type/Admin/EventType.php:244-249）。	img1(イベント編集レイアウト図)とimg2(編集/削除のポップアップ)を確認。	high	
sheet-5-R083	MATCHED								フリー入力エリア3の項目名(英)欄がある（src/Eccube/Form/Type/Admin/EventType.php:250-255、src/Eccube/Resource/template/admin/Event/edit.twig:346-354）。	img1(イベント編集レイアウト図)とimg2(編集/削除のポップアップ)を確認。	high	
sheet-5-R084	MATCHED								フリー入力エリア3の項目名(英)は任意の文字入力で255字までに制限される（src/Eccube/Form/Type/Admin/EventType.php:250-255）。	img1(イベント編集レイアウト図)とimg2(編集/削除のポップアップ)を確認。	high	
sheet-5-R085	MATCHED								フリー入力エリア3の内容(日)欄がある（src/Eccube/Form/Type/Admin/EventType.php:256-261、src/Eccube/Resource/template/admin/Event/edit.twig:355-363）。	img1(イベント編集レイアウト図)とimg2(編集/削除のポップアップ)を確認。	high	
sheet-5-R086	MATCHED								フリー入力エリア3の内容(日)は任意の複数行入力で4096字までに制限される（src/Eccube/Form/Type/Admin/EventType.php:256-261）。	img1(イベント編集レイアウト図)とimg2(編集/削除のポップアップ)を確認。	high	
sheet-5-R087	MATCHED								フリー入力エリア3の内容(英)欄がある（src/Eccube/Form/Type/Admin/EventType.php:262-267、src/Eccube/Resource/template/admin/Event/edit.twig:364-372）。	img1(イベント編集レイアウト図)とimg2(編集/削除のポップアップ)を確認。	high	
sheet-5-R088	MATCHED								フリー入力エリア3の内容(英)は任意の複数行入力で4096字までに制限される（src/Eccube/Form/Type/Admin/EventType.php:262-267）。	img1(イベント編集レイアウト図)とimg2(編集/削除のポップアップ)を確認。	high	
sheet-5-R089	MATCHED								フリー入力エリア3のアコーディオン表示欄がある（src/Eccube/Form/Type/Admin/EventType.php:268-271、src/Eccube/Resource/template/admin/Event/edit.twig:373-381）。	img1(イベント編集レイアウト図)とimg2(編集/削除のポップアップ)を確認。	high	
sheet-5-R090	MATCHED								フリー入力エリア3のアコーディオン表示はチェックボックスで、任意入力（src/Eccube/Form/Type/Admin/EventType.php:268-271）。	img1(イベント編集レイアウト図)とimg2(編集/削除のポップアップ)を確認。	high	
sheet-5-R091	MATCHED								チェックするとフロントのイベント詳細でフリー入力エリア3が折りたたまれた状態で表示される（src/Eccube/Resource/template/default/Event/detail.twig:148-158）。	img1(イベント編集レイアウト図)とimg2(編集/削除のポップアップ)を確認。	high	
sheet-5-R092	OUT_OF_SCOPE								項目表の区分行（ボタン、リンク）で、実装要求ではないため対象外。	img1(イベント編集レイアウト図)とimg2(編集/削除のポップアップ)を確認。	high	
sheet-5-R093	MATCHED								「<br>タグを挿入」ボタンを押すと、編集フォーム内の全テキストエリアの各行末に<br>が付加される（src/Eccube/Resource/template/admin/Event/edit.twig:25-33、src/Eccube/Resource/template/admin/Event/edit.twig:383-387）。	img1下部の「<br>タグを挿入」ボタンに対応する。	high	
sheet-5-R094	DRIFT	P3	実装違い	IO	3-2 更新 ボタン - - - フォームに入力された値でイベント編集	イベント編集画面で入力値を確定するボタンには「更新」と表示される	src/Eccube/Resource/template/admin/Event/edit.twig:499;src/Eccube/Resource/locale/messages.ja.yaml:1633	確定ボタンの表示文言は新規登録時も編集時も「登録」で、「更新」とは表示されない。押したときの動作（入力値でイベントを更新）は設計どおり。	編集画面の送信ボタンは表示文言を admin.common.registration（=登録）で描画しており（src/Eccube/Resource/template/admin/Event/edit.twig:499）、新規/編集の出し分けもない。ふるまい自体はsrc/Eccube/Controller/Admin/Event/EventController.php:296-316 で設計どおり更新される。	img1のボタン群では最上部に「イベント更新」と描かれており、項目表の「更新」と合わせて、少なくとも「登録」ではない。	med	edit.twig-update-button-label
sheet-5-R095	MATCHED								更新（確定）ボタンは編集権限のある店舗のイベントでのみ表示される（src/Eccube/Resource/template/admin/Event/edit.twig:489-501）。	img1(イベント編集レイアウト図)とimg2(編集/削除のポップアップ)を確認。	high	
sheet-5-R096	MATCHED								日程追加ボタンから日程追加画面へ遷移する（src/Eccube/Resource/template/admin/Event/edit.twig:492、src/Eccube/Controller/Admin/Event/ScheduleController.php:47-49）。	img1(イベント編集レイアウト図)とimg2(編集/削除のポップアップ)を確認。	high	
sheet-5-R097	MATCHED								日程追加ボタンは新規登録時には表示されない（src/Eccube/Resource/template/admin/Event/edit.twig:491-492）。	img1(イベント編集レイアウト図)とimg2(編集/削除のポップアップ)を確認。	high	
sheet-5-R098	MATCHED								日程追加ボタンは編集権限のある店舗のイベントでのみ表示される（src/Eccube/Resource/template/admin/Event/edit.twig:489-492）。	img1(イベント編集レイアウト図)とimg2(編集/削除のポップアップ)を確認。	high	
sheet-5-R099	DRIFT	P3	実装違い	IO	3-4 繰返日程追加 ボタン - - - 繰返日程追加画面へ遷移	日程一覧下部のボタン群に「繰返日程追加」と表示されたボタンがあり、押すと繰返日程追加画面が開く。	src/Eccube/Resource/template/admin/Event/edit.twig:493;src/Eccube/Resource/locale/messages.ja.yaml:6111	ボタンの表示文言は「繰返日程」。押下時の遷移先は繰返日程追加画面で設計どおりだが、ラベルの「追加」が欠けている。	edit.twig:493 のボタン文言は admin.event.repeat_schedule で、messages.ja.yaml:6111 の値が「繰返日程」。設計の項目表とレイアウト図はいずれも「繰返日程追加」。遷移先自体は繰返日程追加画面（src/Eccube/Controller/Admin/Event/RepeatScheduleController.php 相当のadmin_repeat_schedule_createへのリンク）で一致。	sheet-5_img1（イベント編集レイアウト図）とsheet-5_img2（編集ボタンのポップアップ:編集/削除）を確認。img1右上のボタン列に「繰返日程追加」と描かれており、ラベルは図でも確認できる。	high	messages.ja.yaml-repeat-schedule-label-missing-suffix
sheet-5-R100	MATCHED				登録時は非表示		src/Eccube/Resource/template/admin/Event/edit.twig:491-493	新規登録画面(isNew)では日程追加・繰返日程追加・チェックした日程削除・複製新規のボタンを出力しない。	edit.twig:491 の {% if not isNew %} で囲まれた範囲に繰返日程追加ボタン(src/Eccube/Resource/template/admin/Event/edit.twig:493)があり、登録時は非表示。	sheet-5_img1（イベント編集レイアウト図）とsheet-5_img2（編集ボタンのポップアップ:編集/削除）を確認。	high	
sheet-5-R101	MATCHED				メンバーが権限を保持している店舗のイベントのみ表示		src/Eccube/Resource/template/admin/Event/edit.twig:489-493	編集権限のある店舗のイベントのときだけボタン群を出力する。	edit.twig:489 の isEditableBaseInfo 判定の内側に繰返日程追加ボタン(src/Eccube/Resource/template/admin/Event/edit.twig:493)がある。権限判定は src/Eccube/Controller/Admin/Event/EventController.php:294。	sheet-5_img1（イベント編集レイアウト図）とsheet-5_img2（編集ボタンのポップアップ:編集/削除）を確認。	high	
sheet-5-R102	MATCHED				3-5 削除 ボタン - - - イベントを削除		src/Eccube/Resource/template/admin/Event/edit.twig:484-486;src/Eccube/Controller/Admin/Event/EventController.php:352-385	削除ボタンからモーダルを開き、確認後にイベントを削除する。	edit.twig:484 の削除ボタンが event_delete モーダル(src/Eccube/Resource/template/admin/Event/edit.twig:509-529)を開き、src/Eccube/Resource/template/admin/Event/edit.twig:524 のリンクで src/Eccube/Controller/Admin/Event/EventController.php:352 のイベント削除処理を実行する。	sheet-5_img1（イベント編集レイアウト図）とsheet-5_img2（編集ボタンのポップアップ:編集/削除）を確認。	high	
sheet-5-R103	MATCHED				登録時は非表示		src/Eccube/Resource/template/admin/Event/edit.twig:483-487	新規登録画面では削除ボタンを出力しない。	edit.twig:483 の {% if isEditableBaseInfo and not isNew %} により登録時は非表示。	sheet-5_img1（イベント編集レイアウト図）とsheet-5_img2（編集ボタンのポップアップ:編集/削除）を確認。	high	
sheet-5-R104	MATCHED				メンバーが権限を保持している店舗のイベントのみ表示		src/Eccube/Resource/template/admin/Event/edit.twig:483-487	編集権限のある店舗のイベントのときだけ削除ボタンを出力する。	edit.twig:483 の isEditableBaseInfo 判定。値は src/Eccube/Controller/Admin/Event/EventController.php:294 で算出。	sheet-5_img1（イベント編集レイアウト図）とsheet-5_img2（編集ボタンのポップアップ:編集/削除）を確認。	high	
sheet-5-R105	MATCHED				3-6 チェックした日程削除 ボタン - - - チェックされている日程を削除		src/Eccube/Resource/template/admin/Event/edit.twig:494-496;src/Eccube/Controller/Admin/Event/ScheduleController.php:219-269	チェックした日程削除ボタンで、選択済みの日程をまとめて削除する。	edit.twig:494 のボタンが一括削除モーダル(src/Eccube/Resource/template/admin/Event/edit.twig:574-590)を開き、src/Eccube/Resource/template/admin/Event/edit.twig:394 のフォームから src/Eccube/Controller/Admin/Event/ScheduleController.php:220 の一括削除処理へ送信される。	sheet-5_img1（イベント編集レイアウト図）とsheet-5_img2（編集ボタンのポップアップ:編集/削除）を確認。	high	
sheet-5-R106	MATCHED				登録時は非表示		src/Eccube/Resource/template/admin/Event/edit.twig:491-496	新規登録画面ではチェックした日程削除ボタンを出力しない。	edit.twig:491 の {% if not isNew %} の内側にボタンがある(src/Eccube/Resource/template/admin/Event/edit.twig:494)。	sheet-5_img1（イベント編集レイアウト図）とsheet-5_img2（編集ボタンのポップアップ:編集/削除）を確認。	high	
sheet-5-R107	MATCHED				メンバーが権限を保持している店舗のイベントのみ表示		src/Eccube/Resource/template/admin/Event/edit.twig:489-496	編集権限のある店舗のイベントのときだけチェックした日程削除ボタンを出力する。	edit.twig:489 の isEditableBaseInfo 判定の内側にある(src/Eccube/Resource/template/admin/Event/edit.twig:494)。	sheet-5_img1（イベント編集レイアウト図）とsheet-5_img2（編集ボタンのポップアップ:編集/削除）を確認。	high	
sheet-5-R108	MATCHED				3-7 複製新規 ボタン - - - 複製新規画面へ遷移		src/Eccube/Resource/template/admin/Event/edit.twig:497;src/Eccube/Controller/Admin/Event/EventController.php:272-280	複製新規ボタンから複製新規（コピー）画面へ遷移する。	edit.twig:497 が admin_event_copy へリンクし、src/Eccube/Controller/Admin/Event/EventController.php:273-280 が日程を空にした複製用の編集画面を表示する。	sheet-5_img1（イベント編集レイアウト図）とsheet-5_img2（編集ボタンのポップアップ:編集/削除）を確認。	high	
sheet-5-R109	MATCHED				登録時は非表示		src/Eccube/Resource/template/admin/Event/edit.twig:491-497	新規登録画面では複製新規ボタンを出力しない。	edit.twig:491 の {% if not isNew %} の内側にある(src/Eccube/Resource/template/admin/Event/edit.twig:497)。	sheet-5_img1（イベント編集レイアウト図）とsheet-5_img2（編集ボタンのポップアップ:編集/削除）を確認。	high	
sheet-5-R110	MATCHED				メンバーが権限を保持している店舗のイベントのみ表示		src/Eccube/Resource/template/admin/Event/edit.twig:489-497	編集権限のある店舗のイベントのときだけ複製新規ボタンを出力する。	edit.twig:489 の isEditableBaseInfo 判定の内側にある(src/Eccube/Resource/template/admin/Event/edit.twig:497)。	sheet-5_img1（イベント編集レイアウト図）とsheet-5_img2（編集ボタンのポップアップ:編集/削除）を確認。	high	
sheet-5-R111	MATCHED				3-8 イベント一覧 リンク - - - イベント一覧画面へ遷移する		src/Eccube/Resource/template/admin/Event/edit.twig:477;src/Eccube/Controller/Admin/Event/EventController.php:63-64	画面左下のイベント一覧リンクからイベント一覧（検索結果）へ戻る。	edit.twig:477 が admin_event_index_page へリンクし、保持中の検索ページ番号を付けて src/Eccube/Controller/Admin/Event/EventController.php:66 の一覧を表示する。	sheet-5_img1（イベント編集レイアウト図）とsheet-5_img2（編集ボタンのポップアップ:編集/削除）を確認。	high	
sheet-5-R112	OUT_OF_SCOPE				日程一覧				項目表の区分行（日程一覧グループの見出し）であり、単独では要求を述べていない。配下の4-1〜4-8で判定する。	sheet-5_img1（イベント編集レイアウト図）とsheet-5_img2（編集ボタンのポップアップ:編集/削除）を確認。	high	
sheet-5-R113	MATCHED				4-1 チェックボックス チェックボックス - - - チェックした日程を削除で使用		src/Eccube/Resource/template/admin/Event/edit.twig:424;src/Eccube/Controller/Admin/Event/ScheduleController.php:231-252	日程一覧の各行にチェックボックスがあり、チェックした日程が一括削除の対象になる。	edit.twig:424 の event_detail_ids[] チェックボックスが src/Eccube/Resource/template/admin/Event/edit.twig:394 のフォームで送信され、src/Eccube/Controller/Admin/Event/ScheduleController.php:231 で受け取られる。	sheet-5_img1（イベント編集レイアウト図）とsheet-5_img2（編集ボタンのポップアップ:編集/削除）を確認。	high	
sheet-5-R114	MATCHED				メンバーが権限を保持している店舗のイベントのみ表示		src/Eccube/Resource/template/admin/Event/edit.twig:422-426	編集権限のある店舗のイベントのときだけ日程一覧のチェックボックス列を出力する。	edit.twig:405 と src/Eccube/Resource/template/admin/Event/edit.twig:422 の isEditableBaseInfo 判定で見出し・明細ともに列ごと非表示。	sheet-5_img1（イベント編集レイアウト図）とsheet-5_img2（編集ボタンのポップアップ:編集/削除）を確認。	high	
sheet-5-R115	MATCHED				4-2 開始時間 ラベル - - - -		src/Eccube/Resource/template/admin/Event/edit.twig:410;src/Eccube/Resource/template/admin/Event/edit.twig:427	日程一覧に開始時間を表示する。	edit.twig:410 が見出し「開始時間」(src/Eccube/Resource/locale/messages.ja.yaml:6084)、src/Eccube/Resource/template/admin/Event/edit.twig:427 が開始日時の表示。	sheet-5_img1（イベント編集レイアウト図）とsheet-5_img2（編集ボタンのポップアップ:編集/削除）を確認。	high	
sheet-5-R116	MATCHED				4-3 受付時間 ラベル - - - -		src/Eccube/Resource/template/admin/Event/edit.twig:411;src/Eccube/Resource/template/admin/Event/edit.twig:429	日程一覧に受付時間を表示する。	edit.twig:411 が見出し「受付時間」(src/Eccube/Resource/locale/messages.ja.yaml:6087)、src/Eccube/Resource/template/admin/Event/edit.twig:429 が受付開始〜終了の表示。	sheet-5_img1（イベント編集レイアウト図）とsheet-5_img2（編集ボタンのポップアップ:編集/削除）を確認。	high	
sheet-5-R117	MATCHED				4-4 オンライン受付時間 ラベル - - - -		src/Eccube/Resource/template/admin/Event/edit.twig:412;src/Eccube/Resource/template/admin/Event/edit.twig:432	日程一覧にオンライン受付時間を表示する。	edit.twig:412 が見出し「オンライン受付時間」(src/Eccube/Resource/locale/messages.ja.yaml:6094)、src/Eccube/Resource/template/admin/Event/edit.twig:432 が開始〜終了の表示。	sheet-5_img1（イベント編集レイアウト図）とsheet-5_img2（編集ボタンのポップアップ:編集/削除）を確認。	high	
sheet-5-R118	MATCHED				4-5 デッキ登録締切 ラベル - - - -		src/Eccube/Resource/template/admin/Event/edit.twig:413;src/Eccube/Resource/template/admin/Event/edit.twig:434	日程一覧にデッキ登録締切を表示する。	edit.twig:413 が見出し「デッキ登録締切」(src/Eccube/Resource/locale/messages.ja.yaml:6091)、src/Eccube/Resource/template/admin/Event/edit.twig:434 が締切日時の表示。	sheet-5_img1（イベント編集レイアウト図）とsheet-5_img2（編集ボタンのポップアップ:編集/削除）を確認。	high	
sheet-5-R119	MATCHED				4-6 申込人数 ラベル - - - -		src/Eccube/Resource/template/admin/Event/edit.twig:414;src/Eccube/Resource/template/admin/Event/edit.twig:435	日程一覧に申込人数を表示する。	edit.twig:414 が見出し「申込人数」(src/Eccube/Resource/locale/messages.ja.yaml:6072)、src/Eccube/Resource/template/admin/Event/edit.twig:435 が申込人数/定員の表示。件数は src/Eccube/Controller/Admin/Event/EventController.php:331-337 で集計。	sheet-5_img1（イベント編集レイアウト図）とsheet-5_img2（編集ボタンのポップアップ:編集/削除）を確認。	high	
sheet-5-R120	MATCHED				4-7 申込一覧 リンク - - - 選択したイベントの情報を用いてイベント申込一覧画面へ遷移		src/Eccube/Resource/template/admin/Event/edit.twig:436;src/Eccube/Controller/Admin/Event/EntryController.php:97	日程ごとの申込一覧リンクから、その日程のイベント申込一覧へ遷移する。	edit.twig:436 が admin_event_entry_event_detail に event_detail_id を渡し、EntryController.php:97,192-199 が当該日程で絞り込んだ申込一覧を表示する。	sheet-5_img1（イベント編集レイアウト図）とsheet-5_img2（編集ボタンのポップアップ:編集/削除）を確認。	high	
sheet-5-R121	MATCHED				4-8 編集ボタン ボタン - - - ポップアップメニューを表示する。		src/Eccube/Resource/template/admin/Event/edit.twig:440-450	日程一覧の各行の操作ボタンを押すとポップアップメニューが開く。	edit.twig:440-444 の dropdown ボタンで src/Eccube/Resource/template/admin/Event/edit.twig:444 のメニューが開く。	sheet-5_img1（イベント編集レイアウト図）とsheet-5_img2（編集ボタンのポップアップ:編集/削除）を確認。img2は当該メニュー（編集/削除）の図。	high	
sheet-5-R122	MATCHED				選択肢:編集 削除		src/Eccube/Resource/template/admin/Event/edit.twig:445;src/Eccube/Resource/template/admin/Event/edit.twig:447	ポップアップメニューの選択肢は編集と削除。	edit.twig:445 が「編集」(src/Eccube/Resource/locale/messages.ja.yaml:1595 と同じ admin.common.edit)、src/Eccube/Resource/template/admin/Event/edit.twig:447 が「削除」。	sheet-5_img1（イベント編集レイアウト図）とsheet-5_img2（編集ボタンのポップアップ:編集/削除）を確認。img2に「編集」「削除」の2項目が描かれており実装と一致。	high	
sheet-5-R123	MATCHED				編集選択時は日程編集へ遷移		src/Eccube/Resource/template/admin/Event/edit.twig:445;src/Eccube/Controller/Admin/Event/ScheduleController.php:109-111	編集を選ぶと当該日程の日程編集画面へ遷移する。	edit.twig:445 が admin_schedule_edit へリンクし、src/Eccube/Controller/Admin/Event/ScheduleController.php:111 が日程編集画面を表示する。	sheet-5_img1（イベント編集レイアウト図）とsheet-5_img2（編集ボタンのポップアップ:編集/削除）を確認。	high	
sheet-5-R124	MATCHED				削除選択時は選択された日程削除		src/Eccube/Resource/template/admin/Event/edit.twig:447;src/Eccube/Resource/template/admin/Event/edit.twig:562-567;src/Eccube/Controller/Admin/Event/ScheduleController.php:171-213	削除を選ぶと確認のうえ当該日程を削除する。	edit.twig:447 が schedule_delete モーダルを開き、src/Eccube/Resource/template/admin/Event/edit.twig:562-567 のリンクが src/Eccube/Controller/Admin/Event/ScheduleController.php:172 の日程削除を実行する。	sheet-5_img1（イベント編集レイアウト図）とsheet-5_img2（編集ボタンのポップアップ:編集/削除）を確認。	high	
sheet-5-R125	MATCHED				削除はメンバーが権限を保持している店舗のイベントのみ表示		src/Eccube/Resource/template/admin/Event/edit.twig:439;src/Eccube/Resource/template/admin/Event/edit.twig:446-448	編集権限のある店舗のイベントのときだけメニューに削除を出す。	edit.twig:439 の canDeleteSchedule に isEditableBaseInfo が含まれ、src/Eccube/Resource/template/admin/Event/edit.twig:446 で削除項目を囲っている。デッキ登録・申込がある日程でも出さないが、これは同シートの機能仕様（デッキ登録・申込済みの日程は削除できない）に沿った上乗せで、権限条件そのものは設計どおり。	sheet-5_img1（イベント編集レイアウト図）とsheet-5_img2（編集ボタンのポップアップ:編集/削除）を確認。	high	
sheet-5-R126	OUT_OF_SCOPE				M13-02 イベント編集/削除 / イベント管理 — イベント編集/削除				現行仕様節の見出し（機能名の表示）であり、実装対象の要求ではない。	sheet-5_img1（イベント編集レイアウト図）とsheet-5_img2（編集ボタンのポップアップ:編集/削除）を確認。	high	
sheet-5-R127	OUT_OF_SCOPE				刷新後は実装不要本節は現行実装（pf-eccube3）からのリバースです。次の記述は Excel基本設計により廃止されており、刷新後に実装する必要はありません。				現行仕様節の前置きで、刷新後は実装不要である旨の注記。実装対象の要求ではない。	sheet-5_img1（イベント編集レイアウト図）とsheet-5_img2（編集ボタンのポップアップ:編集/削除）を確認。	high	
sheet-5-R128	OUT_OF_SCOPE				チーム人数 は チーム戦フラグ（dtb_event.is_team_battle、真偽） へ変更（0214 イベント編集 識別ID:1-12）これに伴い実装不要: チームメンバーのメールアドレス・席次の入力／メールのみの仮選手（dtb_player）の作成／チームメンバー招待メールの送信／未承認（confirm_flg=UNCONFIRMED）での申込選手登録／招待リンクからのチームプレイヤー認証（events_team_player_activate）				Excel基本設計の識別ID:1-12（チーム戦チェックボックス）により廃止と正本が宣言している記述。実装対象外。	sheet-5_img1（イベント編集レイアウト図）とsheet-5_img2（編集ボタンのポップアップ:編集/削除）を確認。	high	
sheet-5-R129	OUT_OF_SCOPE				支払方法の選択肢「コンビニ決済」 は クレジットカード決済のみ（コンビニ決済を削除） へ変更（0214 イベント編集 識別ID:1-13）これに伴い実装不要: B13-02 コンビニ支払チェックバッチ（0413で明示的に廃止）				Excel基本設計の識別ID:1-13（コンビニ決済削除）により廃止と正本が宣言している記述。実装対象外。	sheet-5_img1（イベント編集レイアウト図）とsheet-5_img2（編集ボタンのポップアップ:編集/削除）を確認。	high	
sheet-5-R130	OUT_OF_SCOPE				備考（日）・備考（英） は廃止し、フリー入力エリア1〜3（項目名・内容の日英、free_text_area1〜3）へ再編（0214 イベント編集 識別ID:2-3）				Excel基本設計の識別ID:2-3（備考廃止・フリー入力エリアへ再編）により廃止と正本が宣言している記述。実装対象外。	sheet-5_img1（イベント編集レイアウト図）とsheet-5_img2（編集ボタンのポップアップ:編集/削除）を確認。	high	
sheet-5-R131	OUT_OF_SCOPE				刷新後は実装しない（廃止）				「刷新後は実装しない（廃止）」の区分見出し。実装対象の要求ではない。	sheet-5_img1（イベント編集レイアウト図）とsheet-5_img2（編集ボタンのポップアップ:編集/削除）を確認。	high	
sheet-5-R132	OUT_OF_SCOPE				Excel基本設計 0214 識別ID:1-12 により廃止。刷新後は実装しない。				正本が識別ID:1-12により廃止と宣言している記述。実装対象外。	sheet-5_img1（イベント編集レイアウト図）とsheet-5_img2（編集ボタンのポップアップ:編集/削除）を確認。	high	
sheet-5-R133	OUT_OF_SCOPE				Excel基本設計 0214 識別ID:1-13 により廃止。刷新後は実装しない。				正本が識別ID:1-13により廃止と宣言している記述。実装対象外。	sheet-5_img1（イベント編集レイアウト図）とsheet-5_img2（編集ボタンのポップアップ:編集/削除）を確認。	high	
sheet-5-R134	OUT_OF_SCOPE				Excel基本設計 0214 識別ID:2-3 により廃止。刷新後は実装しない。				正本が識別ID:2-3により廃止と宣言している記述。実装対象外。	sheet-5_img1（イベント編集レイアウト図）とsheet-5_img2（編集ボタンのポップアップ:編集/削除）を確認。	high	
sheet-5-R135	OUT_OF_SCOPE				編集画面の表示				「編集画面の表示」の見出し行。配下の行で判定する。	sheet-5_img1（イベント編集レイアウト図）とsheet-5_img2（編集ボタンのポップアップ:編集/削除）を確認。	high	
sheet-5-R136	MATCHED				登録済みイベントの編集画面は、当該イベントの日程を開始日時の降順で並べ、日程ごとの申込人数を集計して表示する。申込が1件も無い日程は0件として表示する。		src/Eccube/Controller/Admin/Event/EventController.php:318-337	編集画面は当該イベントの日程を開始日時の降順で並べ、日程ごとの申込人数を表示する。申込が無い日程は0件。	EventController.php:318-325 が startDate DESC で日程を並べ、:327-330 で全日程を0件で初期化し、:331-337 で申込件数を上書きする。表示は src/Eccube/Resource/template/admin/Event/edit.twig:435。	sheet-5_img1（イベント編集レイアウト図）とsheet-5_img2（編集ボタンのポップアップ:編集/削除）を確認。	high	
sheet-5-R137	OUT_OF_SCOPE				支払方法の選択肢は、イベント申込で利用できる支払方法に絞り、ランク昇順で並べる。				現行仕様（pf）の支払方法選択肢の絞り込み・並び順の記述。リニューアル後の識別ID:1-13で支払方法はクレジットカード決済のみと確定しており（コンビニ決済を削除）、選択肢は src/Eccube/Form/Type/Admin/EventType.php:159-169 の1件のみ。現行仕様とリニューアル後が食い違う箇所は後者が優先のため対象外。	sheet-5_img1（イベント編集レイアウト図）とsheet-5_img2（編集ボタンのポップアップ:編集/削除）を確認。	high	
sheet-5-R138	OUT_OF_SCOPE				更新の判定順序				「更新の判定順序」の見出し行。配下の順序表で判定する。	sheet-5_img1（イベント編集レイアウト図）とsheet-5_img2（編集ボタンのポップアップ:編集/削除）を確認。	high	
sheet-5-R139	MATCHED				1 パスの識別子のイベントが存在するか 存在しなければアクセス拒否とする		src/Eccube/Controller/Admin/Event/EventController.php:272-275	編集画面の要求で、パスの識別子に対応するイベントが無ければ画面を出さずに拒否する。	EventController.php:272-275 のルート引数解決で該当イベントが無い場合は例外となり、編集画面は表示されない。	sheet-5_img1（イベント編集レイアウト図）とsheet-5_img2（編集ボタンのポップアップ:編集/削除）を確認。	high	
sheet-5-R140	MATCHED				2 入力の検証 失敗なら登録失敗のエラーを表示し、編集画面を再表示する		src/Eccube/Controller/Admin/Event/EventController.php:296-316;src/Eccube/Controller/Admin/Event/EventController.php:339-345	入力の検証に失敗した場合は保存せず、入力値とエラーを載せた編集画面を再表示する。	EventController.php:296 の isValid が偽のときは保存処理を通らず、:339-345 で同じ編集画面を再描画する。項目ごとのエラー文言は src/Eccube/Form/Type/Admin/EventType.php:131-147,287,296 とM13-02-MSG-017〜020で規定される。	sheet-5_img1（イベント編集レイアウト図）とsheet-5_img2（編集ボタンのポップアップ:編集/削除）を確認。	high	
sheet-5-R141	MATCHED				3 保存 成功なら完了メッセージを表示し、当該イベントの編集画面へ戻す		src/Eccube/Controller/Admin/Event/EventController.php:301-312	保存に成功したら完了メッセージを出し、当該イベントの編集画面へ戻す。	EventController.php:301 で保存し :312 で「保存しました」(src/Eccube/Resource/locale/messages.ja.yaml:1595)を表示、そのまま編集画面を再描画する。	sheet-5_img1（イベント編集レイアウト図）とsheet-5_img2（編集ボタンのポップアップ:編集/削除）を確認。	high	
sheet-5-R142	MATCHED				新規登録は、検証に成功した場合にイベントを登録し、登録したイベントの編集画面へ遷移する。		src/Eccube/Controller/Admin/Event/EventController.php:236-254	新規登録は検証成功時にイベントを登録し、登録したイベントの編集画面へ遷移する。	EventController.php:236-241 で登録し :254 で admin_event_edit へ遷移する。	sheet-5_img1（イベント編集レイアウト図）とsheet-5_img2（編集ボタンのポップアップ:編集/削除）を確認。	high	
sheet-5-R143	OUT_OF_SCOPE				イベント削除の判定順序				「イベント削除の判定順序」の見出し行。配下の順序表で判定する。	sheet-5_img1（イベント編集レイアウト図）とsheet-5_img2（編集ボタンのポップアップ:編集/削除）を確認。	high	
sheet-5-R144	MATCHED				1 パスの識別子のイベントが存在するか 存在しなければアクセス拒否とする		src/Eccube/Controller/Admin/Event/EventController.php:351-352	削除要求で、パスの識別子に対応するイベントが無ければ処理せずに拒否する。	EventController.php:351-352 のルート引数解決で該当イベントが無い場合は例外となり削除処理に入らない。	sheet-5_img1（イベント編集レイアウト図）とsheet-5_img2（編集ボタンのポップアップ:編集/削除）を確認。	high	
sheet-5-R145	NOT_IMPLEMENTED	P2	未実装	ふるまい	2 なりすまし対策トークン 不正なら共通のアクセス拒否として扱う	イベント削除の要求は、なりすまし対策のための検証に通らなければ削除せずアクセス拒否として扱う。	src/Eccube/Controller/Admin/Event/EventController.php:352-368;src/Eccube/Controller/AbstractController.php:252-263	イベント削除処理は受け取った検証用の値を一切確かめずに削除まで進む。同じ画面の日程一括削除(src/Eccube/Controller/Admin/Event/ScheduleController.php:222)は検証しており、そこでは不正時にアクセス拒否となる。	EventController.php:352-368 に検証呼び出しが無く、AbstractController.php:252-263 の共通検証（不正ならアクセス拒否）を通らない。画面側は src/Eccube/Resource/template/admin/Event/edit.twig:524 で値を送っているが、受け側が確かめていない。外部サイトからの誘導で意図しない削除が成立しうる。	sheet-5_img1（イベント編集レイアウト図）とsheet-5_img2（編集ボタンのポップアップ:編集/削除）を確認。	med	EventController-delete-no-csrf-check
sheet-5-R146	MATCHED				3 削除 完了メッセージを表示し、検索結果ページへ戻す。ページ番号は保持した検索ページ番号、無ければ1ページ目とする		src/Eccube/Controller/Admin/Event/EventController.php:378-384	削除に成功したら完了メッセージを出し、保持していた検索ページ番号（無ければ1ページ目）のイベント一覧検索結果へ戻す。	EventController.php:378 で「削除しました」(src/Eccube/Resource/locale/messages.ja.yaml:1597)を表示し、:380-384 で保持中のページ番号（既定1）を付けて一覧へ戻す。	sheet-5_img1（イベント編集レイアウト図）とsheet-5_img2（編集ボタンのポップアップ:編集/削除）を確認。	high	
sheet-5-R147	OUT_OF_SCOPE				日程一括削除の判定順序				「日程一括削除の判定順序」の見出し行。配下の順序表で判定する。	sheet-5_img1（イベント編集レイアウト図）とsheet-5_img2（編集ボタンのポップアップ:編集/削除）を確認。	high	
sheet-5-R148	MATCHED				1 削除対象の日程識別子が空でないか 空なら該当なしとして扱う		src/Eccube/Controller/Admin/Event/ScheduleController.php:231-236	削除対象の日程が1件も選ばれていなければ、何も削除せず編集画面へ戻す。	ScheduleController.php:231-236 で対象が空なら削除せずメッセージ（src/Eccube/Resource/locale/messages.ja.yaml:6101）を出して編集画面へ戻す。	sheet-5_img1（イベント編集レイアウト図）とsheet-5_img2（編集ボタンのポップアップ:編集/削除）を確認。	high	
sheet-5-R149	MATCHED				2 当該イベントに該当する日程が存在するか 無ければ該当なしとして扱う		src/Eccube/Controller/Admin/Event/ScheduleController.php:239-243	当該イベントに属さない日程識別子は該当なしとして扱い、削除しない。	ScheduleController.php:240-243 で見つからない、または別イベントの日程は読み飛ばす。	sheet-5_img1（イベント編集レイアウト図）とsheet-5_img2（編集ボタンのポップアップ:編集/削除）を確認。	high	
sheet-5-R150	MATCHED				3 なりすまし対策トークン 不正なら共通のアクセス拒否として扱う		src/Eccube/Controller/Admin/Event/ScheduleController.php:222;src/Eccube/Controller/AbstractController.php:252-263	日程一括削除は、なりすまし対策のための検証に通らなければ共通のアクセス拒否として扱う。	ScheduleController.php:222 が AbstractController.php:252-263 の共通検証を呼び、不正なら共通のアクセス拒否となる。判定の並び順の差は実装手段の差として扱わない。	sheet-5_img1（イベント編集レイアウト図）とsheet-5_img2（編集ボタンのポップアップ:編集/削除）を確認。	high	
sheet-5-R151	MATCHED				4 削除 日程削除の完了メッセージを表示し、編集画面へ戻す		src/Eccube/Controller/Admin/Event/ScheduleController.php:254-268	日程を削除したら完了メッセージを出し、編集画面へ戻す。	ScheduleController.php:254-265 で削除件数付きの完了メッセージ(src/Eccube/Resource/locale/messages.ja.yaml:6100)を出し、:268 で編集画面へ戻す。	sheet-5_img1（イベント編集レイアウト図）とsheet-5_img2（編集ボタンのポップアップ:編集/削除）を確認。	high	
sheet-5-R152	MATCHED				判定は選択された日程を1件ずつ順に見て、削除できない日程に当たった時点で中止する。中止したときは、同じ要求で選択した他の日程も削除しない。		src/Eccube/Controller/Admin/Event/ScheduleController.php:239-252	選択された日程を1件ずつ判定し、削除できない日程に当たった時点で中止して、同じ要求の他の日程も削除しない。	ScheduleController.php:244-248 でデッキ登録または申込がある日程に当たると確定させずに戻るため、それ以前に外した日程も削除されない（確定は :254-255 のみ）。	sheet-5_img1（イベント編集レイアウト図）とsheet-5_img2（編集ボタンのポップアップ:編集/削除）を確認。	high	
sheet-5-R153	OUT_OF_SCOPE				登録者と入力値の扱い				「登録者と入力値の扱い」の見出し行。配下の行で判定する。	sheet-5_img1（イベント編集レイアウト図）とsheet-5_img2（編集ボタンのポップアップ:編集/削除）を確認。	high	
sheet-5-R154	MATCHED				新規登録・更新の保存前に、ログイン中の管理者を登録者として設定する。参加費・定員は入力値をそのまま整数として保存し、金額計算・税計算・丸めは行わない。定員の入力欄は1を、参加費の入力欄は0を下限とする。		src/Eccube/Service/EntityManager/EventEntityManager.php:89;src/Eccube/Form/Type/Admin/EventType.php:149-154;src/Eccube/Form/Type/Admin/EventType.php:170-175;app/config/eccube/packages/eccube.yaml:127	保存前にログイン中の管理者を登録者として設定し、参加費・定員は入力値をそのまま整数で保存する。定員は1以上、参加費は0以上。	EventEntityManager.php:89 でログイン中の管理者を登録者として設定。EventType.php:149-154 の定員は下限1（app/config/eccube/packages/eccube.yaml:127 の eccube_capacity_min）、:170-175 の参加費は0以上。EventEntityManager.php:83-84 は入力値をそのまま設定し、金額計算・税計算・丸めは無い。	sheet-5_img1（イベント編集レイアウト図）とsheet-5_img2（編集ボタンのポップアップ:編集/削除）を確認。	high	
sheet-5-R155	OUT_OF_SCOPE				エラー時の扱い				「エラー時の扱い」の見出し行。配下の表で判定する。	sheet-5_img1（イベント編集レイアウト図）とsheet-5_img2（編集ボタンのポップアップ:編集/削除）を確認。	high	
sheet-5-R156	MATCHED				更新対象が削除済み アクセス拒否とする		src/Eccube/Controller/Admin/Event/EventController.php:272-275	削除済みのイベントを編集しようとしても画面を出さずに拒否する。	EventController.php:272-275 のルート引数解決で該当行が無ければ編集画面に到達しない（削除は物理削除のため「削除済み」は不存在と同義）。	sheet-5_img1（イベント編集レイアウト図）とsheet-5_img2（編集ボタンのポップアップ:編集/削除）を確認。	high	
sheet-5-R157	MATCHED				削除対象が存在しない アクセス拒否とする		src/Eccube/Controller/Admin/Event/EventController.php:351-352	存在しないイベントの削除要求は処理せず拒否する。	EventController.php:351-352 のルート引数解決で該当行が無ければ削除処理に入らない。	sheet-5_img1（イベント編集レイアウト図）とsheet-5_img2（編集ボタンのポップアップ:編集/削除）を確認。	high	
sheet-5-R158	MATCHED				日程一括削除で対象識別子が空・該当無し 該当なしとして扱う		src/Eccube/Controller/Admin/Event/ScheduleController.php:231-243	日程一括削除で対象識別子が空、または該当する日程が無いときは削除しない。	ScheduleController.php:231-236 が空、:240-243 が該当なしを読み飛ばす。	sheet-5_img1（イベント編集レイアウト図）とsheet-5_img2（編集ボタンのポップアップ:編集/削除）を確認。	high	
sheet-5-R159	MATCHED				入力の検証失敗 登録失敗のエラーを表示し、編集画面を再表示する		src/Eccube/Controller/Admin/Event/EventController.php:296-316;src/Eccube/Controller/Admin/Event/EventController.php:339-345	入力の検証に失敗したら保存せず、エラーを載せた編集画面を再表示する。	EventController.php:296 の検証失敗時は保存に入らず :339-345 で編集画面を再描画する。R140と同じ実装。	sheet-5_img1（イベント編集レイアウト図）とsheet-5_img2（編集ボタンのポップアップ:編集/削除）を確認。	high	
sheet-5-R160	NOT_IMPLEMENTED	P2	未実装	ふるまい	なりすまし対策トークン不正 共通のアクセス拒否として扱う	なりすまし対策のための検証に通らない要求は、削除などの処理を行わず共通のアクセス拒否として扱う。	src/Eccube/Controller/Admin/Event/EventController.php:352-368;src/Eccube/Controller/AbstractController.php:252-263;src/Eccube/Controller/Admin/Event/ScheduleController.php:222	日程一括削除(src/Eccube/Controller/Admin/Event/ScheduleController.php:222)は共通検証を通すが、イベント削除(src/Eccube/Controller/Admin/Event/EventController.php:352-368)は検証せずに削除まで進むため、不正な値でもアクセス拒否にならない。	AbstractController.php:258-259 が不正時に共通のアクセス拒否を投げる仕組みだが、EventController.php:352-368 はこれを呼ばない。R145と同一の実装欠陥。	sheet-5_img1（イベント編集レイアウト図）とsheet-5_img2（編集ボタンのポップアップ:編集/削除）を確認。	med	EventController-delete-no-csrf-check
sheet-5-R161	MATCHED				入力 編集画面・新規登録画面の表示要求、イベント登録・更新の送信（なりすまし対策トークンを含む）、イベント削除の送信、日程一括削除の送信		src/Eccube/Controller/Admin/Event/EventController.php:63-64;src/Eccube/Controller/Admin/Event/EventController.php:212;src/Eccube/Controller/Admin/Event/EventController.php:272-273;src/Eccube/Controller/Admin/Event/EventController.php:351;src/Eccube/Controller/Admin/Event/ScheduleController.php:219	編集画面・新規登録画面の表示要求、イベント登録・更新の送信、イベント削除の送信、日程一括削除の送信を受け付ける。	EventController.php:212(新規登録)、:272-273(編集・複製)、:351(削除)、ScheduleController.php:219(日程一括削除)の各受付が揃っている。送信は src/Eccube/Resource/template/admin/Event/edit.twig:57-62,394-395,524 のフォーム・リンクから行われる。	sheet-5_img1（イベント編集レイアウト図）とsheet-5_img2（編集ボタンのポップアップ:編集/削除）を確認。	high	
sheet-5-R162	MATCHED				成功時出力 更新・登録は編集画面への遷移と成功メッセージ。イベント削除は検索結果ページへの遷移と成功メッセージ。日程一括削除は編集画面への遷移と成功メッセージ		src/Eccube/Controller/Admin/Event/EventController.php:252-254;src/Eccube/Controller/Admin/Event/EventController.php:312;src/Eccube/Controller/Admin/Event/EventController.php:378-384;src/Eccube/Controller/Admin/Event/ScheduleController.php:265-268	更新・登録は編集画面へ遷移して成功メッセージ、イベント削除は検索結果ページへ遷移して成功メッセージ、日程一括削除は編集画面へ遷移して成功メッセージ。	EventController.php:252-254(登録)、:312(更新)、:378-384(削除→一覧)、ScheduleController.php:265-268(日程一括削除→編集画面)。	sheet-5_img1（イベント編集レイアウト図）とsheet-5_img2（編集ボタンのポップアップ:編集/削除）を確認。	high	
sheet-5-R163	MATCHED				失敗時出力 検証失敗は該当のエラーメッセージと編集画面の再表示。処理を中止したエラーは該当のエラーメッセージと直前画面への復帰。存在しない識別子はアクセス拒否または該当なし		src/Eccube/Controller/Admin/Event/EventController.php:256;src/Eccube/Controller/Admin/Event/EventController.php:314;src/Eccube/Controller/Admin/Event/ScheduleController.php:245-247;src/Eccube/Controller/Admin/Event/EventController.php:339-345	失敗時は該当のエラーメッセージを出し、編集画面の再表示または直前画面へ戻す。存在しない識別子は拒否または該当なし。	EventController.php:256,314 が保存失敗メッセージ、:339-345 が編集画面の再表示、ScheduleController.php:245-247 が一括削除の中止メッセージと編集画面への復帰。存在しない識別子は src/Eccube/Controller/Admin/Event/EventController.php:272-275,351-352 で拒否。	sheet-5_img1（イベント編集レイアウト図）とsheet-5_img2（編集ボタンのポップアップ:編集/削除）を確認。	high	
sheet-5-R164	DRIFT	P3	実装違い	IO	— 削除確認ダイアログ （イベント名を埋め込んだ削除確認文言） イベントの削除リンクを押したとき —	イベント編集画面で削除を押したとき、削除確認ダイアログに削除対象のイベント名が入った確認文言を表示する。	src/Eccube/Resource/template/admin/Event/edit.twig:517;src/Eccube/Resource/locale/messages.ja.yaml:1790;src/Eccube/Resource/locale/messages.ja.yaml:5935	確認文言に埋め込まれるのは固定語「イベント管理」(src/Eccube/Resource/locale/messages.ja.yaml:5935)で、対象イベントの名称が入らない。日程側(src/Eccube/Resource/template/admin/Event/edit.twig:553)は開始日時を埋め込んでおり対比になっている。	edit.twig:517 は delete_modal__message(src/Eccube/Resource/locale/messages.ja.yaml:1790 の「…「%name%」を削除してよろしいですか？」)の %name% に admin.event.event_management を渡している。どのイベントを消すのか文言から判別できない。	sheet-5_img1（イベント編集レイアウト図）とsheet-5_img2（編集ボタンのポップアップ:編集/削除）を確認。レイアウト図にダイアログの図は無く、文言は本文の表で確認した。	high	edit.twig-delete-modal-name-not-event-name
sheet-5-R165	MATCHED				— イベント一覧の削除確認ダイアログ このイベント情報を削除してもよろしいですか？ イベント一覧の削除リンクを押したとき —		src/Eccube/Resource/template/admin/Event/index.twig:195;src/Eccube/Resource/locale/messages.ja.yaml:6105	イベント一覧の削除リンクを押すと「このイベント情報を削除してもよろしいですか？」の確認ダイアログを表示する。	index.twig:195 が admin.event.delete.confirm(src/Eccube/Resource/locale/messages.ja.yaml:6105 の同文言)を表示する。	sheet-5_img1（イベント編集レイアウト図）とsheet-5_img2（編集ボタンのポップアップ:編集/削除）を確認。	high	
sheet-5-R166	MATCHED				— 削除確認ダイアログ （開始日時を埋め込んだ削除確認文言） 日程の削除リンクを押したとき —		src/Eccube/Resource/template/admin/Event/edit.twig:553;src/Eccube/Resource/locale/messages.ja.yaml:1790	日程の削除リンクを押すと、対象日程の開始日時を埋め込んだ削除確認文言を表示する。	edit.twig:553 が delete_modal__message の %name% に当該日程の開始日時を渡している。	sheet-5_img1（イベント編集レイアウト図）とsheet-5_img2（編集ボタンのポップアップ:編集/削除）を確認。	high	
sheet-5-R167	OUT_OF_SCOPE				— フラッシュ イベント情報を登録しました。 新規登録・更新の保存に成功したとき —				pf設計文言として書かれた現行仕様側のメッセージ。同じ表のM13-02-MSG-001/003（保存しました）が同一の表示条件をリニューアル後の文言で規定しており、食い違う箇所は後者が優先のため対象外。	sheet-5_img1（イベント編集レイアウト図）とsheet-5_img2（編集ボタンのポップアップ:編集/削除）を確認。	high	
sheet-5-R168	OUT_OF_SCOPE				— フラッシュ イベント情報を削除しました。 イベントの削除に成功したとき（pf設計文言） —				pf設計文言として書かれた現行仕様側のメッセージ。同じ表のM13-02-MSG-007（削除しました）が同一の表示条件をリニューアル後の文言で規定しており、食い違う箇所は後者が優先のため対象外。	sheet-5_img1（イベント編集レイアウト図）とsheet-5_img2（編集ボタンのポップアップ:編集/削除）を確認。	high	
sheet-5-R169	OUT_OF_SCOPE				— フラッシュ 日程情報を削除しました。 日程の一括削除に成功したとき —				pf設計文言として書かれた現行仕様側のメッセージ。同じ表のM13-02-MSG-012/016（削除しました／%count%件の日程を削除しました）が同一の表示条件をリニューアル後の文言で規定しており、食い違う箇所は後者が優先のため対象外。	sheet-5_img1（イベント編集レイアウト図）とsheet-5_img2（編集ボタンのポップアップ:編集/削除）を確認。	high	
sheet-5-R170	OUT_OF_SCOPE				— フラッシュ イベント情報を登録できませんでした。 入力の検証に失敗したとき —				pf設計文言として書かれた現行仕様側のメッセージ。同じ表のM13-02-MSG-002/004（保存に失敗しました）が同一の表示条件をリニューアル後の文言で規定しており、食い違う箇所は後者が優先のため対象外。	sheet-5_img1（イベント編集レイアウト図）とsheet-5_img2（編集ボタンのポップアップ:編集/削除）を確認。	high	
sheet-5-R171	OUT_OF_SCOPE				— フラッシュ 申込済みの場合、支払方法を変更できません。 申込済みで支払方法に差分があるとき —				pf設計文言として書かれた現行仕様側のメッセージで、リニューアル後のM13-02-MSG-001〜022に対応行が無い。実装は申込がある場合に支払方法の選択自体を操作不可にしており（src/Eccube/Form/Type/Admin/EventType.php:67,159-169）、支払方法に差分が生じないためこのメッセージの表示条件が発生しない。	sheet-5_img1（イベント編集レイアウト図）とsheet-5_img2（編集ボタンのポップアップ:編集/削除）を確認。	high	
sheet-5-R172	OUT_OF_SCOPE				— フラッシュ 日程情報が存在する場合、イベント情報を削除することができません。 日程が残るイベントを削除しようとしたとき —				pf設計文言として書かれた現行仕様側のメッセージ。同じ表のM13-02-MSG-006（admin.event.delete.schedule_exists）が同一の表示条件をリニューアル後の文言で規定しており、食い違う箇所は後者が優先のため対象外。	sheet-5_img1（イベント編集レイアウト図）とsheet-5_img2（編集ボタンのポップアップ:編集/削除）を確認。	high	
sheet-5-R173	OUT_OF_SCOPE				— フラッシュ デッキ登録済みの場合、イベント情報を削除することができません。 デッキ登録済みの日程を一括削除しようとしたとき —				pf設計文言として書かれた現行仕様側のメッセージ。同じ表のM13-02-MSG-015（デッキ登録または申込がある日程が含まれていたため、一括削除できませんでした。）が同一の表示条件をリニューアル後の文言で規定しており、食い違う箇所は後者が優先のため対象外。	sheet-5_img1（イベント編集レイアウト図）とsheet-5_img2（編集ボタンのポップアップ:編集/削除）を確認。	high	
sheet-5-R174	OUT_OF_SCOPE				— フラッシュ 申込済みの場合、イベント情報を削除することができません。 申込済みの日程を一括削除しようとしたとき —				pf設計文言として書かれた現行仕様側のメッセージ。同じ表のM13-02-MSG-015（同上）が同一の表示条件をリニューアル後の文言で規定しており、食い違う箇所は後者が優先のため対象外。	sheet-5_img1（イベント編集レイアウト図）とsheet-5_img2（編集ボタンのポップアップ:編集/削除）を確認。	high	
sheet-5-R175	MATCHED				M13-02-MSG-001 管理画面上部 保存しました イベントを新規登録して保存したとき イベント編集画面に遷移する		src/Eccube/Controller/Admin/Event/EventController.php:252-254;src/Eccube/Resource/locale/messages.ja.yaml:1595	新規登録して保存したとき、管理画面上部に「保存しました」を表示し、イベント編集画面へ遷移する。	EventController.php:252 が admin.common.save_complete（src/Eccube/Resource/locale/messages.ja.yaml:1595「保存しました」）を出し、:254 で編集画面へ遷移する。	sheet-5_img1（イベント編集レイアウト図）とsheet-5_img2（編集ボタンのポップアップ:編集/削除）を確認。	high	
sheet-5-R176	MATCHED				M13-02-MSG-002 管理画面上部 保存に失敗しました イベントの新規登録の保存に失敗したとき イベント登録画面に留まる		src/Eccube/Controller/Admin/Event/EventController.php:255-257;src/Eccube/Resource/locale/messages.ja.yaml:1596	新規登録の保存に失敗したとき、管理画面上部に「保存に失敗しました」を表示し、登録画面に留まる。	EventController.php:256 が admin.common.save_error（src/Eccube/Resource/locale/messages.ja.yaml:1596「保存に失敗しました」）を出し、遷移せず :260-266 で登録画面を再描画する。	sheet-5_img1（イベント編集レイアウト図）とsheet-5_img2（編集ボタンのポップアップ:編集/削除）を確認。	high	
sheet-5-R177	MATCHED				M13-02-MSG-003 管理画面上部 保存しました イベントを編集して保存したとき イベント編集画面に留まる		src/Eccube/Controller/Admin/Event/EventController.php:312;src/Eccube/Resource/locale/messages.ja.yaml:1595	編集して保存したとき、管理画面上部に「保存しました」を表示し、編集画面に留まる。	EventController.php:312 が「保存しました」を出し、そのまま :339-345 で編集画面を返す。	sheet-5_img1（イベント編集レイアウト図）とsheet-5_img2（編集ボタンのポップアップ:編集/削除）を確認。	high	
sheet-5-R178	MATCHED				M13-02-MSG-004 管理画面上部 保存に失敗しました イベント編集の保存に失敗したとき イベント編集画面に留まる		src/Eccube/Controller/Admin/Event/EventController.php:313-315;src/Eccube/Resource/locale/messages.ja.yaml:1596	編集の保存に失敗したとき、管理画面上部に「保存に失敗しました」を表示し、編集画面に留まる。	EventController.php:314 が「保存に失敗しました」を出し、:339-345 で編集画面を返す。	sheet-5_img1（イベント編集レイアウト図）とsheet-5_img2（編集ボタンのポップアップ:編集/削除）を確認。	high	
sheet-5-R179	MATCHED				M13-02-MSG-005 管理画面上部 不正なリクエストです。 イベントを削除しようとしたが、対象店舗を編集する権限がないとき イベント編集画面に遷移する		src/Eccube/Controller/Admin/Event/EventController.php:354-358;src/Eccube/Resource/locale/messages.ja.yaml:1612	削除しようとしたが対象店舗の編集権限が無いとき、「不正なリクエストです。」を表示し編集画面へ遷移する。	EventController.php:354-358 が admin.common.error_invalid_request（src/Eccube/Resource/locale/messages.ja.yaml:1612「不正なリクエストです。」）を出し編集画面へ戻す。	sheet-5_img1（イベント編集レイアウト図）とsheet-5_img2（編集ボタンのポップアップ:編集/削除）を確認。	high	
sheet-5-R180	MATCHED				M13-02-MSG-006 管理画面上部 admin.event.delete.schedule_exists 日程情報が登録されているイベントを削除しようとしたとき イベント編集画面に遷移する		src/Eccube/Controller/Admin/Event/EventController.php:361-364	日程情報が登録されているイベントを削除しようとしたとき、admin.event.delete.schedule_exists を表示し編集画面へ遷移する。	EventController.php:361-364 が当該キーをそのまま出す。src/Eccube/Resource/locale/messages.ja.yaml にこのキーの訳が無いため画面にはキー文字列がそのまま出る（設計の画面上の文言と一致）。	sheet-5_img1（イベント編集レイアウト図）とsheet-5_img2（編集ボタンのポップアップ:編集/削除）を確認。	high	
sheet-5-R181	MATCHED				M13-02-MSG-007 管理画面上部 削除しました 日程が登録されていないイベントを削除したとき イベント一覧検索画面に遷移する		src/Eccube/Controller/Admin/Event/EventController.php:361-384;src/Eccube/Resource/locale/messages.ja.yaml:1597	日程が登録されていないイベントを削除したとき、「削除しました」を表示しイベント一覧検索画面へ遷移する。	EventController.php:361 の分岐を通らない場合に :367-378 で削除と「削除しました」(src/Eccube/Resource/locale/messages.ja.yaml:1597)を実行し、:380-384 で一覧へ戻す。	sheet-5_img1（イベント編集レイアウト図）とsheet-5_img2（編集ボタンのポップアップ:編集/削除）を確認。	high	
sheet-5-R182	MATCHED				M13-02-MSG-008 管理画面上部 不正なリクエストです。 対象イベントの店舗を編集する権限がないとき イベント編集画面に遷移する		src/Eccube/Controller/Admin/Event/ScheduleController.php:174-178;src/Eccube/Resource/locale/messages.ja.yaml:1612	対象イベントの店舗を編集する権限が無いとき、「不正なリクエストです。」を表示し編集画面へ遷移する。	ScheduleController.php:174-178（日程削除）が error_invalid_request を出し編集画面へ戻す。	sheet-5_img1（イベント編集レイアウト図）とsheet-5_img2（編集ボタンのポップアップ:編集/削除）を確認。	high	
sheet-5-R183	MATCHED				M13-02-MSG-009 管理画面上部 不正なリクエストです。 別のイベントに属する日程を操作しようとしたとき イベント編集画面に遷移する		src/Eccube/Controller/Admin/Event/ScheduleController.php:181-185;src/Eccube/Controller/Admin/Event/ScheduleController.php:113-117	別のイベントに属する日程を操作しようとしたとき、「不正なリクエストです。」を表示し編集画面へ遷移する。	ScheduleController.php:181-185（削除）と :113-117（編集）で、イベントが一致しない日程は error_invalid_request(src/Eccube/Resource/locale/messages.ja.yaml:1612)を出して編集画面へ戻す。	sheet-5_img1（イベント編集レイアウト図）とsheet-5_img2（編集ボタンのポップアップ:編集/削除）を確認。	high	
sheet-5-R184	MATCHED				M13-02-MSG-010 管理画面上部 admin.event.delete.deckerror デッキ登録がある日程を削除しようとしたとき イベント編集画面に遷移する		src/Eccube/Controller/Admin/Event/ScheduleController.php:187-191	デッキ登録がある日程を削除しようとしたとき、admin.event.delete.deckerror を表示し編集画面へ遷移する。	ScheduleController.php:187-191 が当該キーをそのまま出す（訳が無いためキー文字列が画面に出る＝設計の文言と一致）。	sheet-5_img1（イベント編集レイアウト図）とsheet-5_img2（編集ボタンのポップアップ:編集/削除）を確認。	high	
sheet-5-R185	MATCHED				M13-02-MSG-011 管理画面上部 admin.event.delete.entryerror 申込がある日程を削除しようとしたとき イベント編集画面に遷移する		src/Eccube/Controller/Admin/Event/ScheduleController.php:193-197	申込がある日程を削除しようとしたとき、admin.event.delete.entryerror を表示し編集画面へ遷移する。	ScheduleController.php:193-197 が当該キーをそのまま出す。	sheet-5_img1（イベント編集レイアウト図）とsheet-5_img2（編集ボタンのポップアップ:編集/削除）を確認。	high	
sheet-5-R186	MATCHED				M13-02-MSG-012 管理画面上部 削除しました イベントの日程を削除したとき イベント編集画面に遷移する		src/Eccube/Controller/Admin/Event/ScheduleController.php:199-213;src/Eccube/Resource/locale/messages.ja.yaml:1597	イベントの日程を削除したとき、「削除しました」を表示し編集画面へ遷移する。	ScheduleController.php:211 が admin.common.delete_complete(src/Eccube/Resource/locale/messages.ja.yaml:1597)を出し :213 で編集画面へ戻す。	sheet-5_img1（イベント編集レイアウト図）とsheet-5_img2（編集ボタンのポップアップ:編集/削除）を確認。	high	
sheet-5-R187	MATCHED				M13-02-MSG-013 管理画面上部 不正なリクエストです。 対象イベントの店舗を編集する権限がないとき イベント編集画面に遷移する		src/Eccube/Controller/Admin/Event/ScheduleController.php:224-228;src/Eccube/Resource/locale/messages.ja.yaml:1612	一括削除で対象イベントの店舗を編集する権限が無いとき、「不正なリクエストです。」を表示し編集画面へ遷移する。	ScheduleController.php:224-228 が error_invalid_request を出し編集画面へ戻す。	sheet-5_img1（イベント編集レイアウト図）とsheet-5_img2（編集ボタンのポップアップ:編集/削除）を確認。	high	
sheet-5-R188	MATCHED				M13-02-MSG-014 管理画面上部 削除する日程を選択してください 日程を選択せずに一括削除を実行したとき イベント編集画面に遷移する		src/Eccube/Controller/Admin/Event/ScheduleController.php:232-236;src/Eccube/Resource/locale/messages.ja.yaml:6101	日程を選択せずに一括削除を実行したとき、「削除する日程を選択してください」を表示し編集画面へ遷移する。	ScheduleController.php:233 が admin.event.schedule.bulk_delete.nothing_selected（src/Eccube/Resource/locale/messages.ja.yaml:6101 同文言）を出す。	sheet-5_img1（イベント編集レイアウト図）とsheet-5_img2（編集ボタンのポップアップ:編集/削除）を確認。	high	
sheet-5-R189	MATCHED				M13-02-MSG-015 管理画面上部 デッキ登録または申込がある日程が含まれていたため、一括削除できませんでした。 デッキ登録または申込がある日程を含めて一括削除しようとしたとき イベント編集画面に遷移する		src/Eccube/Controller/Admin/Event/ScheduleController.php:244-248;src/Eccube/Resource/locale/messages.ja.yaml:6104	デッキ登録または申込がある日程を含めて一括削除しようとしたとき、「デッキ登録または申込がある日程が含まれていたため、一括削除できませんでした。」を表示し編集画面へ遷移する。	ScheduleController.php:245 が admin.event.schedule.bulk_delete.error（src/Eccube/Resource/locale/messages.ja.yaml:6104 同文言）を出し :247 で編集画面へ戻す。	sheet-5_img1（イベント編集レイアウト図）とsheet-5_img2（編集ボタンのポップアップ:編集/削除）を確認。	high	
sheet-5-R190	MATCHED				M13-02-MSG-016 管理画面上部 %count%件の日程を削除しました 選択した日程を一括削除したとき イベント編集画面に遷移する		src/Eccube/Controller/Admin/Event/ScheduleController.php:254-266;src/Eccube/Resource/locale/messages.ja.yaml:6100	選択した日程を一括削除したとき、「%count%件の日程を削除しました」を表示し編集画面へ遷移する。	ScheduleController.php:265 が admin.event.schedule.bulk_delete.complete（src/Eccube/Resource/locale/messages.ja.yaml:6100「%count%件の日程を削除しました」）を削除件数付きで出す。	sheet-5_img1（イベント編集レイアウト図）とsheet-5_img2（編集ボタンのポップアップ:編集/削除）を確認。	high	
sheet-5-R191	MATCHED				M13-02-MSG-017 入力項目直下 admin.banner.regex_error バナーURLに「admin.hareruyamtg.com」を含む値を入力して保存したとき 入力画面に留まる		src/Eccube/Form/Type/Admin/EventType.php:127-137	バナーURLに admin.hareruyamtg.com を含む値を入力して保存すると、入力項目直下に admin.banner.regex_error を表示し入力画面に留まる。	EventType.php:131-136 が当該文字列を含む場合にエラー文言 admin.banner.regex_error を付ける。訳が無いためキー文字列がそのまま項目直下に出る。検証失敗のため src/Eccube/Controller/Admin/Event/EventController.php:339-345 で入力画面に留まる。	sheet-5_img1（イベント編集レイアウト図）とsheet-5_img2（編集ボタンのポップアップ:編集/削除）を確認。	high	
sheet-5-R192	MATCHED				M13-02-MSG-018 入力項目直下 admin.banner.regex_error 英語用バナーURLに「admin.hareruyamtg.com」を含む値を入力して保存したとき 入力画面に留まる		src/Eccube/Form/Type/Admin/EventType.php:138-148	英語用バナーURLに admin.hareruyamtg.com を含む値を入力して保存すると、入力項目直下に admin.banner.regex_error を表示し入力画面に留まる。	EventType.php:142-147 が同じ検証を英語用バナーURLに付けている。	sheet-5_img1（イベント編集レイアウト図）とsheet-5_img2（編集ボタンのポップアップ:編集/削除）を確認。	high	
sheet-5-R193	MATCHED				M13-02-MSG-019 入力項目直下/フォーム上部 参加費が有料かつオンライン受付ありの日程が存在するため、支払方法をオフにできません。 有料のオンライン受付日程があるイベントで、支払方法をすべてオフにして保存しようとしたとき イベント編集画面に留まる		src/Eccube/Form/Type/Admin/EventType.php:280-289;src/Eccube/Resource/locale/validators.ja.yaml:68	参加費が有料かつオンライン受付ありの日程があるイベントで支払方法をすべてオフにして保存しようとすると、「参加費が有料かつオンライン受付ありの日程が存在するため、支払方法をオフにできません。」を表示し編集画面に留まる。	EventType.php:280-288 が該当日程の有無を判定し form_error.payment_off_paid_online_schedule_error（src/Eccube/Resource/locale/validators.ja.yaml:68 同文言）を支払方法欄に付ける。検証失敗のため編集画面に留まる。	sheet-5_img1（イベント編集レイアウト図）とsheet-5_img2（編集ボタンのポップアップ:編集/削除）を確認。	high	
sheet-5-R194	MATCHED				M13-02-MSG-020 入力項目直下/フォーム上部 ユーザーの編集可能店舗を選択してください。 編集できない店舗を選択したとき イベント登録・編集画面に留まる		src/Eccube/Form/Type/Admin/EventType.php:292-298;src/Eccube/Resource/locale/validators.ja.yaml:69	編集できない店舗を選択して保存しようとすると、「ユーザーの編集可能店舗を選択してください。」を表示し登録・編集画面に留まる。	EventType.php:293-297 が編集権限を判定し form_error.event_not_editable（src/Eccube/Resource/locale/validators.ja.yaml:69 同文言）を店舗欄に付ける。	sheet-5_img1（イベント編集レイアウト図）とsheet-5_img2（編集ボタンのポップアップ:編集/削除）を確認。	high	
sheet-5-R195	MATCHED				M13-02-MSG-021 イベント編集画面の日程一覧にある一括削除用チェックボックスのツールチップ デッキ登録があるため削除できません 編集可能なイベントで、デッキ登録がある日程の一括削除用チェックボックスにカーソルを合わせたとき 対象日程のチェックボックスは選択できず、一括削除の対象にできない		src/Eccube/Resource/template/admin/Event/edit.twig:424;src/Eccube/Resource/locale/messages.ja.yaml:6108	デッキ登録がある日程の一括削除用チェックボックスは選択できず、カーソルを合わせると「デッキ登録があるため削除できません」と出る。	edit.twig:424 がデッキ登録ありの行のチェックボックスを操作不可にし、admin.event.delete.not.deck_exists（src/Eccube/Resource/locale/messages.ja.yaml:6108 同文言）を吹き出し文言に設定する。操作不可のため一括削除の対象にもならない。	sheet-5_img1（イベント編集レイアウト図）とsheet-5_img2（編集ボタンのポップアップ:編集/削除）を確認。	high	
sheet-5-R196	MATCHED				M13-02-MSG-022 イベント編集画面の日程一覧にある一括削除用チェックボックスのツールチップ 申込があるため削除できません 編集可能なイベントで、デッキ登録がなく申込がある日程の一括削除用チェックボックスにカーソルを合わせたとき 対象日程のチェックボックスは選択できず、一括削除の対象にできない		src/Eccube/Resource/template/admin/Event/edit.twig:424;src/Eccube/Resource/locale/messages.ja.yaml:6109	デッキ登録が無く申込がある日程の一括削除用チェックボックスは選択できず、カーソルを合わせると「申込があるため削除できません」と出る。	edit.twig:424 の同じ判定で、デッキ登録が無く申込がある行には admin.event.delete.not.entry_exists（src/Eccube/Resource/locale/messages.ja.yaml:6109 同文言）を設定する。	sheet-5_img1（イベント編集レイアウト図）とsheet-5_img2（編集ボタンのポップアップ:編集/削除）を確認。	high	
sheet-6-R001	MATCHED				・編集権限を保持している店舗のイベントのみ編集を可能とする		src/Eccube/Controller/Admin/Event/EventController.php:354;src/Eccube/Controller/Admin/Event/EventController.php:355;src/Eccube/Resource/template/admin/Event/index.twig:167	イベント削除時に対象イベントの店舗が操作者の編集可能店舗でなければ削除せずエラーを表示してイベント編集画面へ戻す。一覧の削除メニュー自体も編集権限のある店舗のイベントにしか出さない。	src/Eccube/Controller/Admin/Event/EventController.php:354 で対象イベントの店舗に対する編集可否を判定し、権限が無ければ削除を行わずエラー表示のうえ編集画面へ戻す。一覧側も src/Eccube/Resource/template/admin/Event/index.twig:167 で編集権限のある店舗のイベントにだけ削除操作を出しており、設計の「編集権限を保持している店舗のイベントのみ」に一致する。	sheet-6 に画像は無い（images/ に sheet-6_img*.png 無し）。レイアウト図の節も本文に存在しない。	high	
sheet-6-R002	OUT_OF_SCOPE								「カスタマイズ要件に記載の内容以外は現行踏襲とする。」は、このシートの読み方を述べた前置き（適用方針）であって、個別の画面・処理のふるまいを定めていない。対応する実装位置を特定できる要求ではないため対象外とする。	sheet-6 に画像は無い。	high	
sheet-6-R003	OUT_OF_SCOPE								「★権限による制御」は同ブロック（sheet-6-R004〜R006）の見出し行であり、それ自体は何がどうなるかを述べていない。実体の判定は配下の各行で行った。	sheet-6 に画像は無い。	high	
sheet-6-R004	DESIGN_ISSUE				・識別ID:5「会場」にメンバーのデフォルト表示の店舗を設定する				sheet-6（イベント削除）にはレイアウト図も項目定義表も無く、識別ID:5 という項目がこのシートに存在しない。同じ設計書内の項目定義では「会場」は sheet-5:1-4 / sheet-9:1-4 等に置かれ、しかも sheet-5 では「2026/6/11 会場は不要のため削除」、sheet-15・sheet-18 では「会場の概念はなくなった」と明記されている。削除機能に入力項目の初期値設定を求めている点も、同シートの他の記述（削除して一覧へ遷移／日程があれば削除不可）と整合しない。どの項目に何を設定する要求なのかが正本内部で確定できないため、設計裁定を待つ。	sheet-6 に画像は無い。他シートの項目定義（sheet-5 の 1-4「会場」等）を突き合わせて識別IDの不一致を確認した。	med	
sheet-6-R005	MATCHED				・イベント情報を削除して、イベント一覧（検索結果）画面に遷移する。		src/Eccube/Controller/Admin/Event/EventController.php:367;src/Eccube/Controller/Admin/Event/EventController.php:378;src/Eccube/Controller/Admin/Event/EventController.php:380	削除実行後にイベントを削除し、削除完了メッセージを出したうえで直前に表示していたページ番号のイベント一覧へ戻り、直前の検索条件で絞り込んだ結果を再表示する。	src/Eccube/Controller/Admin/Event/EventController.php:367 でイベントを削除し、同 :378 で削除完了を通知したのち :380 でイベント一覧へ遷移する。遷移先は直前のページ番号を引き継ぎ、検索条件を復元した検索結果一覧が表示されるため、設計の「イベント一覧（検索結果）画面に遷移する」に一致する。	sheet-6 に画像は無い。	high	
sheet-6-R006	MATCHED				・日程情報がある場合、削除はできない。		src/Eccube/Controller/Admin/Event/EventController.php:361;src/Eccube/Resource/template/admin/Event/index.twig:160;src/Eccube/Resource/template/admin/Event/edit.twig:517;src/Eccube/Resource/template/admin/Event/edit.twig:525	日程が1件でもあるイベントは、一覧の削除操作が「日程情報が登録されているため削除できません」の説明付きで押せず、編集画面の削除確認でも削除ボタンが押せない。削除要求が届いた場合もサーバ側で日程件数を数えて削除せず編集画面へ戻す。	src/Eccube/Resource/template/admin/Event/index.twig:160 で日程0件のときだけ削除操作を有効にし、日程がある場合は理由を添えて押せなくしている。編集画面でも src/Eccube/Resource/template/admin/Event/edit.twig:517 で削除不可の理由を表示し :525 の分岐で削除ボタンを無効化する。サーバ側も src/Eccube/Controller/Admin/Event/EventController.php:361 で日程件数を確認し、1件以上あれば削除せず編集画面へ戻すため、設計どおり日程情報がある場合は削除できない。	sheet-6 に画像は無い。	high	
sheet-7-R001	DRIFT	P2	実装違い	ふるまい	・編集権限を保持している店舗のイベントのみ編集を可能とする	編集権限を持たない店舗のイベントでは、日程の登録・更新が行われず保存されない。	src/Eccube/Controller/Admin/Event/ScheduleController.php:67-101;src/Eccube/Controller/Admin/Event/ScheduleController.php:133-165;src/Eccube/Resource/template/admin/Event/Schedule/edit.twig:258	日程登録画面・日程編集画面は編集可能店舗かどうかを画面表示用に求めるだけで（src/Eccube/Controller/Admin/Event/ScheduleController.php:92-93, src/Eccube/Controller/Admin/Event/ScheduleController.php:156-157）、登録処理（src/Eccube/Controller/Admin/Event/ScheduleController.php:67-90）と更新処理（src/Eccube/Controller/Admin/Event/ScheduleController.php:133-154）の手前では確かめていない。画面上の抑止は実行ボタンを押せなくすること（src/Eccube/Resource/template/admin/Event/Schedule/edit.twig:258, src/Eccube/Resource/template/admin/Event/Schedule/edit.twig:264）だけで、送信内容が届けば編集権限の無い店舗のイベントでも日程が登録・更新される。	削除（src/Eccube/Controller/Admin/Event/ScheduleController.php:174-179）・一括削除（src/Eccube/Controller/Admin/Event/ScheduleController.php:224-229）と繰返し日程登録（src/Eccube/Controller/Admin/Event/RepeatScheduleController.php:59-65）では保存前に編集可能店舗かを確かめて不正なリクエストとして差し戻すのに対し、日程の登録・更新だけがその判定を持たない。	sheet-7_img1.png（日程編集画面：イベントID/イベント詳細ID/イベント名（日）/イベントページURL/開始時間/受付あり/受付時間/デッキ登録あり/デッキ登録締切/デッキ登録を終了する/オンライン受付あり/オンライン受付時間/定員/参加費/公開状態/賞品（日）/賞品（英））、img2.png（ボタン群「日程登録」「日程更新」「削除」「戻る」）、img3.png（定員欄の右の接尾辞「人/組」）を確認。	high	ScheduleController-no-editable-shop-guard
sheet-7-R002	OUT_OF_SCOPE								カスタマイズ要件以外は現行踏襲とする、という適用範囲の宣言であり、個別の実装要求ではない。	sheet-7_img1.png（日程編集画面：イベントID/イベント詳細ID/イベント名（日）/イベントページURL/開始時間/受付あり/受付時間/デッキ登録あり/デッキ登録締切/デッキ登録を終了する/オンライン受付あり/オンライン受付時間/定員/参加費/公開状態/賞品（日）/賞品（英））、img2.png（ボタン群「日程登録」「日程更新」「削除」「戻る」）、img3.png（定員欄の右の接尾辞「人/組」）を確認。	high	
sheet-7-R003	OUT_OF_SCOPE								カスタマイズ説明の区分見出しであり、それ自体は実装要求ではない。ブロック内の各行（R004〜R009）で判定している。	sheet-7_img1.png（日程編集画面：イベントID/イベント詳細ID/イベント名（日）/イベントページURL/開始時間/受付あり/受付時間/デッキ登録あり/デッキ登録締切/デッキ登録を終了する/オンライン受付あり/オンライン受付時間/定員/参加費/公開状態/賞品（日）/賞品（英））、img2.png（ボタン群「日程登録」「日程更新」「削除」「戻る」）、img3.png（定員欄の右の接尾辞「人/組」）を確認。	high	
sheet-7-R004	DRIFT	P2	実装違い	ふるまい	・メンバーが権限を保持している店舗のイベントのみ日程追加が可能にする	権限を保持していない店舗のイベントに対しては日程を追加できず、追加しようとしても保存されない。	src/Eccube/Controller/Admin/Event/ScheduleController.php:67-101;src/Eccube/Resource/template/admin/Event/Schedule/edit.twig:264	日程登録画面・日程編集画面は編集可能店舗かどうかを画面表示用に求めるだけで（src/Eccube/Controller/Admin/Event/ScheduleController.php:92-93, src/Eccube/Controller/Admin/Event/ScheduleController.php:156-157）、登録処理（src/Eccube/Controller/Admin/Event/ScheduleController.php:67-90）と更新処理（src/Eccube/Controller/Admin/Event/ScheduleController.php:133-154）の手前では確かめていない。画面上の抑止は実行ボタンを押せなくすること（src/Eccube/Resource/template/admin/Event/Schedule/edit.twig:258, src/Eccube/Resource/template/admin/Event/Schedule/edit.twig:264）だけで、送信内容が届けば編集権限の無い店舗のイベントでも日程が登録・更新される。	削除（src/Eccube/Controller/Admin/Event/ScheduleController.php:174-179）・一括削除（src/Eccube/Controller/Admin/Event/ScheduleController.php:224-229）と繰返し日程登録（src/Eccube/Controller/Admin/Event/RepeatScheduleController.php:59-65）では保存前に編集可能店舗かを確かめて不正なリクエストとして差し戻すのに対し、日程の登録・更新だけがその判定を持たない。	sheet-7_img1.png（日程編集画面：イベントID/イベント詳細ID/イベント名（日）/イベントページURL/開始時間/受付あり/受付時間/デッキ登録あり/デッキ登録締切/デッキ登録を終了する/オンライン受付あり/オンライン受付時間/定員/参加費/公開状態/賞品（日）/賞品（英））、img2.png（ボタン群「日程登録」「日程更新」「削除」「戻る」）、img3.png（定員欄の右の接尾辞「人/組」）を確認。	high	ScheduleController-no-editable-shop-guard
sheet-7-R005	MATCHED						src/Eccube/Controller/Admin/Event/ScheduleController.php:47-102		同じ画面で新規の日程登録（src/Eccube/Controller/Admin/Event/ScheduleController.php:47-102）と既存日程の更新（src/Eccube/Controller/Admin/Event/ScheduleController.php:109-166）を行い、いずれも保存後に保存しました を表示する（src/Eccube/Controller/Admin/Event/ScheduleController.php:84, src/Eccube/Controller/Admin/Event/ScheduleController.php:150）。	sheet-7_img1.png（日程編集画面：イベントID/イベント詳細ID/イベント名（日）/イベントページURL/開始時間/受付あり/受付時間/デッキ登録あり/デッキ登録締切/デッキ登録を終了する/オンライン受付あり/オンライン受付時間/定員/参加費/公開状態/賞品（日）/賞品（英））、img2.png（ボタン群「日程登録」「日程更新」「削除」「戻る」）、img3.png（定員欄の右の接尾辞「人/組」）を確認。	high	
sheet-7-R006	MATCHED						src/Eccube/Controller/Admin/Event/ScheduleController.php:199-213		削除したときはイベント編集画面へ移る（src/Eccube/Controller/Admin/Event/ScheduleController.php:199-213）。	sheet-7_img1.png（日程編集画面：イベントID/イベント詳細ID/イベント名（日）/イベントページURL/開始時間/受付あり/受付時間/デッキ登録あり/デッキ登録締切/デッキ登録を終了する/オンライン受付あり/オンライン受付時間/定員/参加費/公開状態/賞品（日）/賞品（英））、img2.png（ボタン群「日程登録」「日程更新」「削除」「戻る」）、img3.png（定員欄の右の接尾辞「人/組」）を確認。	high	
sheet-7-R007	MATCHED						src/Eccube/Controller/Admin/Event/ScheduleController.php:187-197		対象の日程にデッキ登録があるとき、または申込があるときは削除せずエラーを表示してイベント編集画面へ戻す（src/Eccube/Controller/Admin/Event/ScheduleController.php:187-197）。	sheet-7_img1.png（日程編集画面：イベントID/イベント詳細ID/イベント名（日）/イベントページURL/開始時間/受付あり/受付時間/デッキ登録あり/デッキ登録締切/デッキ登録を終了する/オンライン受付あり/オンライン受付時間/定員/参加費/公開状態/賞品（日）/賞品（英））、img2.png（ボタン群「日程登録」「日程更新」「削除」「戻る」）、img3.png（定員欄の右の接尾辞「人/組」）を確認。	high	
sheet-7-R008	MATCHED						src/Eccube/Form/Type/Admin/ScheduleType.php:191-199		オンライン受付ありがオンで参加費が0より大きいとき、親イベントに支払方法が無ければ入力エラーとして保存しない（src/Eccube/Form/Type/Admin/ScheduleType.php:191-199）。	sheet-7_img1.png（日程編集画面：イベントID/イベント詳細ID/イベント名（日）/イベントページURL/開始時間/受付あり/受付時間/デッキ登録あり/デッキ登録締切/デッキ登録を終了する/オンライン受付あり/オンライン受付時間/定員/参加費/公開状態/賞品（日）/賞品（英））、img2.png（ボタン群「日程登録」「日程更新」「削除」「戻る」）、img3.png（定員欄の右の接尾辞「人/組」）を確認。	high	
sheet-7-R009	MATCHED						src/Eccube/Form/Type/Admin/ScheduleType.php:191-199		親イベントの支払方法の有無を見て、無ければ支払方法の設定を促す入力エラーにする（src/Eccube/Form/Type/Admin/ScheduleType.php:191-199、文言は src/Eccube/Resource/locale/validators.ja.yaml:67）。	sheet-7_img1.png（日程編集画面：イベントID/イベント詳細ID/イベント名（日）/イベントページURL/開始時間/受付あり/受付時間/デッキ登録あり/デッキ登録締切/デッキ登録を終了する/オンライン受付あり/オンライン受付時間/定員/参加費/公開状態/賞品（日）/賞品（英））、img2.png（ボタン群「日程登録」「日程更新」「削除」「戻る」）、img3.png（定員欄の右の接尾辞「人/組」）を確認。	high	
sheet-7-R010	MATCHED						src/Eccube/Resource/template/admin/Event/Schedule/edit.twig:195-203		定員欄の右の接尾辞を、親イベントのチーム戦設定がオンなら「組」、オフなら「人」に切り替えて表示する（src/Eccube/Resource/template/admin/Event/Schedule/edit.twig:195-203、文言は src/Eccube/Resource/locale/messages.ja.yaml:6045-6046）。	sheet-7_img1.png（日程編集画面：イベントID/イベント詳細ID/イベント名（日）/イベントページURL/開始時間/受付あり/受付時間/デッキ登録あり/デッキ登録締切/デッキ登録を終了する/オンライン受付あり/オンライン受付時間/定員/参加費/公開状態/賞品（日）/賞品（英））、img2.png（ボタン群「日程登録」「日程更新」「削除」「戻る」）、img3.png（定員欄の右の接尾辞「人/組」）を確認。	high	
sheet-7-R011	MATCHED						src/Eccube/Resource/template/admin/Event/Schedule/edit.twig:97-100		イベントIDを入力欄ではなく値の表示として出している（src/Eccube/Resource/template/admin/Event/Schedule/edit.twig:97-100、値は src/Eccube/Form/Type/Admin/ScheduleType.php:80-86）。	sheet-7_img1.png（日程編集画面：イベントID/イベント詳細ID/イベント名（日）/イベントページURL/開始時間/受付あり/受付時間/デッキ登録あり/デッキ登録締切/デッキ登録を終了する/オンライン受付あり/オンライン受付時間/定員/参加費/公開状態/賞品（日）/賞品（英））、img2.png（ボタン群「日程登録」「日程更新」「削除」「戻る」）、img3.png（定員欄の右の接尾辞「人/組」）を確認。	high	
sheet-7-R012	MATCHED						src/Eccube/Resource/template/admin/Event/Schedule/edit.twig:101-104		イベント詳細IDを値の表示として出している（src/Eccube/Resource/template/admin/Event/Schedule/edit.twig:101-104、値は src/Eccube/Form/Type/Admin/ScheduleType.php:87-93。新規登録時は空）。	sheet-7_img1.png（日程編集画面：イベントID/イベント詳細ID/イベント名（日）/イベントページURL/開始時間/受付あり/受付時間/デッキ登録あり/デッキ登録締切/デッキ登録を終了する/オンライン受付あり/オンライン受付時間/定員/参加費/公開状態/賞品（日）/賞品（英））、img2.png（ボタン群「日程登録」「日程更新」「削除」「戻る」）、img3.png（定員欄の右の接尾辞「人/組」）を確認。	high	
sheet-7-R013	MATCHED						src/Eccube/Resource/template/admin/Event/Schedule/edit.twig:105-108		イベント名（日）を親イベントの名称の表示として出している（src/Eccube/Resource/template/admin/Event/Schedule/edit.twig:105-108、値は src/Eccube/Form/Type/Admin/ScheduleType.php:94-100）。	sheet-7_img1.png（日程編集画面：イベントID/イベント詳細ID/イベント名（日）/イベントページURL/開始時間/受付あり/受付時間/デッキ登録あり/デッキ登録締切/デッキ登録を終了する/オンライン受付あり/オンライン受付時間/定員/参加費/公開状態/賞品（日）/賞品（英））、img2.png（ボタン群「日程登録」「日程更新」「削除」「戻る」）、img3.png（定員欄の右の接尾辞「人/組」）を確認。	high	
sheet-7-R014	MATCHED						src/Eccube/Resource/template/admin/Event/Schedule/edit.twig:110-118		イベント詳細IDがあるときにフロントのイベント詳細ページへのリンクを表示する（src/Eccube/Resource/template/admin/Event/Schedule/edit.twig:110-118）。	sheet-7_img1.png（日程編集画面：イベントID/イベント詳細ID/イベント名（日）/イベントページURL/開始時間/受付あり/受付時間/デッキ登録あり/デッキ登録締切/デッキ登録を終了する/オンライン受付あり/オンライン受付時間/定員/参加費/公開状態/賞品（日）/賞品（英））、img2.png（ボタン群「日程登録」「日程更新」「削除」「戻る」）、img3.png（定員欄の右の接尾辞「人/組」）を確認。	high	
sheet-7-R015	MATCHED						src/Eccube/Form/Type/Admin/ScheduleType.php:101-108		開始時間は日付と時刻を入れる欄で未入力を許さず、画面でも必須の印が付く（src/Eccube/Form/Type/Admin/ScheduleType.php:101-108, src/Eccube/Resource/template/admin/Event/Schedule/edit.twig:120-129）。	sheet-7_img1.png（日程編集画面：イベントID/イベント詳細ID/イベント名（日）/イベントページURL/開始時間/受付あり/受付時間/デッキ登録あり/デッキ登録締切/デッキ登録を終了する/オンライン受付あり/オンライン受付時間/定員/参加費/公開状態/賞品（日）/賞品（英））、img2.png（ボタン群「日程登録」「日程更新」「削除」「戻る」）、img3.png（定員欄の右の接尾辞「人/組」）を確認。	high	
sheet-7-R016	MATCHED						src/Eccube/Form/Type/Admin/ScheduleType.php:181-186		受付ありはチェックボックスで、新規登録時の初期状態はオン（src/Eccube/Form/Type/Admin/ScheduleType.php:181-186, src/Eccube/Resource/template/admin/Event/Schedule/edit.twig:131-133）。	sheet-7_img1.png（日程編集画面：イベントID/イベント詳細ID/イベント名（日）/イベントページURL/開始時間/受付あり/受付時間/デッキ登録あり/デッキ登録締切/デッキ登録を終了する/オンライン受付あり/オンライン受付時間/定員/参加費/公開状態/賞品（日）/賞品（英））、img2.png（ボタン群「日程登録」「日程更新」「削除」「戻る」）、img3.png（定員欄の右の接尾辞「人/組」）を確認。	high	
sheet-7-R017	MATCHED						src/Eccube/Form/Type/Admin/ScheduleType.php:109-113		受付開始時間は時刻の入力欄で、受付ありのオン・オフに合わせて表示・非表示が切り替わる（src/Eccube/Form/Type/Admin/ScheduleType.php:109-113, src/Eccube/Resource/template/admin/Event/Schedule/edit.twig:26-33, src/Eccube/Resource/template/admin/Event/Schedule/edit.twig:135-148）。初期値は空欄で、レイアウト図の表示と厳密に一致するかは静的には確かめられないが、表示切替と必須の切替は設計どおり。	sheet-7_img1.png（日程編集画面：イベントID/イベント詳細ID/イベント名（日）/イベントページURL/開始時間/受付あり/受付時間/デッキ登録あり/デッキ登録締切/デッキ登録を終了する/オンライン受付あり/オンライン受付時間/定員/参加費/公開状態/賞品（日）/賞品（英））、img2.png（ボタン群「日程登録」「日程更新」「削除」「戻る」）、img3.png（定員欄の右の接尾辞「人/組」）を確認。	high	
sheet-7-R018	MATCHED						src/Eccube/Resource/template/admin/Event/Schedule/edit.twig:29-32		受付ありがオンのときだけ受付開始・終了時間が入力必須になる（src/Eccube/Resource/template/admin/Event/Schedule/edit.twig:26-33）。	sheet-7_img1.png（日程編集画面：イベントID/イベント詳細ID/イベント名（日）/イベントページURL/開始時間/受付あり/受付時間/デッキ登録あり/デッキ登録締切/デッキ登録を終了する/オンライン受付あり/オンライン受付時間/定員/参加費/公開状態/賞品（日）/賞品（英））、img2.png（ボタン群「日程登録」「日程更新」「削除」「戻る」）、img3.png（定員欄の右の接尾辞「人/組」）を確認。	high	
sheet-7-R019	MATCHED						src/Eccube/Form/Type/Admin/ScheduleType.php:52		受付開始時間が受付終了時間より前でないときは入力エラーになる（src/Eccube/Form/Type/Admin/ScheduleType.php:52, src/Eccube/Form/Type/Admin/ScheduleType.php:223-246）。	sheet-7_img1.png（日程編集画面：イベントID/イベント詳細ID/イベント名（日）/イベントページURL/開始時間/受付あり/受付時間/デッキ登録あり/デッキ登録締切/デッキ登録を終了する/オンライン受付あり/オンライン受付時間/定員/参加費/公開状態/賞品（日）/賞品（英））、img2.png（ボタン群「日程登録」「日程更新」「削除」「戻る」）、img3.png（定員欄の右の接尾辞「人/組」）を確認。	high	
sheet-7-R020	MATCHED						src/Eccube/Form/Type/Admin/ScheduleType.php:114-118		受付終了時間は時刻の入力欄で、受付ありのオン・オフに合わせて表示・非表示が切り替わる（src/Eccube/Form/Type/Admin/ScheduleType.php:114-118, src/Eccube/Resource/template/admin/Event/Schedule/edit.twig:26-33）。	sheet-7_img1.png（日程編集画面：イベントID/イベント詳細ID/イベント名（日）/イベントページURL/開始時間/受付あり/受付時間/デッキ登録あり/デッキ登録締切/デッキ登録を終了する/オンライン受付あり/オンライン受付時間/定員/参加費/公開状態/賞品（日）/賞品（英））、img2.png（ボタン群「日程登録」「日程更新」「削除」「戻る」）、img3.png（定員欄の右の接尾辞「人/組」）を確認。	high	
sheet-7-R021	MATCHED						src/Eccube/Resource/template/admin/Event/Schedule/edit.twig:29-32		受付ありがオンのときだけ受付終了時間が入力必須になる（src/Eccube/Resource/template/admin/Event/Schedule/edit.twig:26-33）。	sheet-7_img1.png（日程編集画面：イベントID/イベント詳細ID/イベント名（日）/イベントページURL/開始時間/受付あり/受付時間/デッキ登録あり/デッキ登録締切/デッキ登録を終了する/オンライン受付あり/オンライン受付時間/定員/参加費/公開状態/賞品（日）/賞品（英））、img2.png（ボタン群「日程登録」「日程更新」「削除」「戻る」）、img3.png（定員欄の右の接尾辞「人/組」）を確認。	high	
sheet-7-R022	MATCHED						src/Eccube/Form/Type/Admin/ScheduleType.php:54		受付終了時間が開始時間以下でないときは入力エラーになる（src/Eccube/Form/Type/Admin/ScheduleType.php:54, src/Eccube/Form/Type/Admin/ScheduleType.php:223-246）。	sheet-7_img1.png（日程編集画面：イベントID/イベント詳細ID/イベント名（日）/イベントページURL/開始時間/受付あり/受付時間/デッキ登録あり/デッキ登録締切/デッキ登録を終了する/オンライン受付あり/オンライン受付時間/定員/参加費/公開状態/賞品（日）/賞品（英））、img2.png（ボタン群「日程登録」「日程更新」「削除」「戻る」）、img3.png（定員欄の右の接尾辞「人/組」）を確認。	high	
sheet-7-R023	MATCHED						src/Eccube/Form/Type/Admin/ScheduleType.php:173-176		デッキ登録ありはチェックボックスで（src/Eccube/Form/Type/Admin/ScheduleType.php:173-176, src/Eccube/Resource/template/admin/Event/Schedule/edit.twig:150-152）、新規の日程は初期状態がオン（src/Eccube/Entity/DtbEventDetail.php:87）。	sheet-7_img1.png（日程編集画面：イベントID/イベント詳細ID/イベント名（日）/イベントページURL/開始時間/受付あり/受付時間/デッキ登録あり/デッキ登録締切/デッキ登録を終了する/オンライン受付あり/オンライン受付時間/定員/参加費/公開状態/賞品（日）/賞品（英））、img2.png（ボタン群「日程登録」「日程更新」「削除」「戻る」）、img3.png（定員欄の右の接尾辞「人/組」）を確認。	high	
sheet-7-R024	MATCHED						src/Eccube/Form/Type/Admin/ScheduleType.php:131-136		デッキ登録締め切りは日付と時刻を入れる欄で、デッキ登録ありのオン・オフに合わせて表示・非表示が切り替わる（src/Eccube/Form/Type/Admin/ScheduleType.php:131-136, src/Eccube/Resource/template/admin/Event/Schedule/edit.twig:35-39, src/Eccube/Resource/template/admin/Event/Schedule/edit.twig:153-165）。デッキ登録ありをオンにすると開始日の23:59が自動で入る（src/Eccube/Resource/template/admin/Event/Schedule/edit.twig:54-66）。	sheet-7_img1.png（日程編集画面：イベントID/イベント詳細ID/イベント名（日）/イベントページURL/開始時間/受付あり/受付時間/デッキ登録あり/デッキ登録締切/デッキ登録を終了する/オンライン受付あり/オンライン受付時間/定員/参加費/公開状態/賞品（日）/賞品（英））、img2.png（ボタン群「日程登録」「日程更新」「削除」「戻る」）、img3.png（定員欄の右の接尾辞「人/組」）を確認。	high	
sheet-7-R025	DRIFT	P3	実装違い	ふるまい	デッキ登録ありの場合必須	デッキ登録ありがオンのとき、デッキ登録締め切りを空にしたまま保存しようとすると入力エラーが表示され、保存されない。	src/Eccube/Form/Type/Admin/ScheduleType.php:131-136;src/Eccube/Resource/template/admin/Event/Schedule/edit.twig:35-39	デッキ登録締め切りには入力必須の指定が無く（src/Eccube/Form/Type/Admin/ScheduleType.php:131-136）、画面側もデッキ登録ありのオン・オフで入力可否を切り替えるだけで必須にはしない（src/Eccube/Resource/template/admin/Event/Schedule/edit.twig:35-39）。受付時間とオンライン受付時間では同じ画面で必須の切替を行っている（src/Eccube/Resource/template/admin/Event/Schedule/edit.twig:29-32, src/Eccube/Resource/template/admin/Event/Schedule/edit.twig:44-51）。	自動入力された値を消して送っても入力エラーにならず、デッキ登録ありのまま締め切りが未設定の日程が保存される（src/Eccube/Service/Admin/Event/ScheduleStoreAction.php:52, src/Eccube/Service/Admin/Event/ScheduleUpdateAction.php:51）。	sheet-7_img1.png（日程編集画面：イベントID/イベント詳細ID/イベント名（日）/イベントページURL/開始時間/受付あり/受付時間/デッキ登録あり/デッキ登録締切/デッキ登録を終了する/オンライン受付あり/オンライン受付時間/定員/参加費/公開状態/賞品（日）/賞品（英））、img2.png（ボタン群「日程登録」「日程更新」「削除」「戻る」）、img3.png（定員欄の右の接尾辞「人/組」）を確認。	med	ScheduleType-deck-deadline-not-required
sheet-7-R026	MATCHED						src/Eccube/Form/Type/Admin/ScheduleType.php:169-172		デッキ登録を終了するはチェックボックスで、デッキ登録締め切りの右に表示する（src/Eccube/Form/Type/Admin/ScheduleType.php:169-172, src/Eccube/Resource/template/admin/Event/Schedule/edit.twig:160-164）。	sheet-7_img1.png（日程編集画面：イベントID/イベント詳細ID/イベント名（日）/イベントページURL/開始時間/受付あり/受付時間/デッキ登録あり/デッキ登録締切/デッキ登録を終了する/オンライン受付あり/オンライン受付時間/定員/参加費/公開状態/賞品（日）/賞品（英））、img2.png（ボタン群「日程登録」「日程更新」「削除」「戻る」）、img3.png（定員欄の右の接尾辞「人/組」）を確認。	high	
sheet-7-R027	MATCHED						src/Eccube/Form/Type/Admin/ScheduleType.php:177-180		オンライン受付ありはチェックボックスで、新規の日程は初期状態がオフ（src/Eccube/Form/Type/Admin/ScheduleType.php:177-180, src/Eccube/Resource/template/admin/Event/Schedule/edit.twig:167-169, src/Eccube/Entity/DtbEventDetail.php:89）。	sheet-7_img1.png（日程編集画面：イベントID/イベント詳細ID/イベント名（日）/イベントページURL/開始時間/受付あり/受付時間/デッキ登録あり/デッキ登録締切/デッキ登録を終了する/オンライン受付あり/オンライン受付時間/定員/参加費/公開状態/賞品（日）/賞品（英））、img2.png（ボタン群「日程登録」「日程更新」「削除」「戻る」）、img3.png（定員欄の右の接尾辞「人/組」）を確認。	high	
sheet-7-R028	MATCHED						src/Eccube/Form/Type/Admin/ScheduleType.php:119-124		オンライン受付開始時間は日付と時刻を入れる欄で、オンライン受付ありのオン・オフに合わせて表示・非表示が切り替わる（src/Eccube/Form/Type/Admin/ScheduleType.php:119-124, src/Eccube/Resource/template/admin/Event/Schedule/edit.twig:41-52, src/Eccube/Resource/template/admin/Event/Schedule/edit.twig:170-183）。	sheet-7_img1.png（日程編集画面：イベントID/イベント詳細ID/イベント名（日）/イベントページURL/開始時間/受付あり/受付時間/デッキ登録あり/デッキ登録締切/デッキ登録を終了する/オンライン受付あり/オンライン受付時間/定員/参加費/公開状態/賞品（日）/賞品（英））、img2.png（ボタン群「日程登録」「日程更新」「削除」「戻る」）、img3.png（定員欄の右の接尾辞「人/組」）を確認。	high	
sheet-7-R029	MATCHED						src/Eccube/Resource/template/admin/Event/Schedule/edit.twig:44-51		オンライン受付ありがオンのときだけオンライン受付の開始・終了時間が入力必須になる（src/Eccube/Resource/template/admin/Event/Schedule/edit.twig:41-52）。	sheet-7_img1.png（日程編集画面：イベントID/イベント詳細ID/イベント名（日）/イベントページURL/開始時間/受付あり/受付時間/デッキ登録あり/デッキ登録締切/デッキ登録を終了する/オンライン受付あり/オンライン受付時間/定員/参加費/公開状態/賞品（日）/賞品（英））、img2.png（ボタン群「日程登録」「日程更新」「削除」「戻る」）、img3.png（定員欄の右の接尾辞「人/組」）を確認。	high	
sheet-7-R030	MATCHED						src/Eccube/Form/Type/Admin/ScheduleType.php:56		オンライン受付開始時間がオンライン受付終了時間より前でないときは入力エラーになる（src/Eccube/Form/Type/Admin/ScheduleType.php:56, src/Eccube/Form/Type/Admin/ScheduleType.php:223-246）。	sheet-7_img1.png（日程編集画面：イベントID/イベント詳細ID/イベント名（日）/イベントページURL/開始時間/受付あり/受付時間/デッキ登録あり/デッキ登録締切/デッキ登録を終了する/オンライン受付あり/オンライン受付時間/定員/参加費/公開状態/賞品（日）/賞品（英））、img2.png（ボタン群「日程登録」「日程更新」「削除」「戻る」）、img3.png（定員欄の右の接尾辞「人/組」）を確認。	high	
sheet-7-R031	MATCHED						src/Eccube/Form/Type/Admin/ScheduleType.php:125-130		オンライン受付終了時間は日付と時刻を入れる欄で、オンライン受付ありのオン・オフに合わせて表示・非表示が切り替わる（src/Eccube/Form/Type/Admin/ScheduleType.php:125-130, src/Eccube/Resource/template/admin/Event/Schedule/edit.twig:41-52）。	sheet-7_img1.png（日程編集画面：イベントID/イベント詳細ID/イベント名（日）/イベントページURL/開始時間/受付あり/受付時間/デッキ登録あり/デッキ登録締切/デッキ登録を終了する/オンライン受付あり/オンライン受付時間/定員/参加費/公開状態/賞品（日）/賞品（英））、img2.png（ボタン群「日程登録」「日程更新」「削除」「戻る」）、img3.png（定員欄の右の接尾辞「人/組」）を確認。	high	
sheet-7-R032	MATCHED						src/Eccube/Resource/template/admin/Event/Schedule/edit.twig:44-51		オンライン受付ありがオンのときだけオンライン受付終了時間が入力必須になる（src/Eccube/Resource/template/admin/Event/Schedule/edit.twig:41-52）。	sheet-7_img1.png（日程編集画面：イベントID/イベント詳細ID/イベント名（日）/イベントページURL/開始時間/受付あり/受付時間/デッキ登録あり/デッキ登録締切/デッキ登録を終了する/オンライン受付あり/オンライン受付時間/定員/参加費/公開状態/賞品（日）/賞品（英））、img2.png（ボタン群「日程登録」「日程更新」「削除」「戻る」）、img3.png（定員欄の右の接尾辞「人/組」）を確認。	high	
sheet-7-R033	MATCHED						src/Eccube/Form/Type/Admin/ScheduleType.php:58		オンライン受付終了時間が開始時間より前でないときは入力エラーになる（src/Eccube/Form/Type/Admin/ScheduleType.php:58, src/Eccube/Form/Type/Admin/ScheduleType.php:223-246）。	sheet-7_img1.png（日程編集画面：イベントID/イベント詳細ID/イベント名（日）/イベントページURL/開始時間/受付あり/受付時間/デッキ登録あり/デッキ登録締切/デッキ登録を終了する/オンライン受付あり/オンライン受付時間/定員/参加費/公開状態/賞品（日）/賞品（英））、img2.png（ボタン群「日程登録」「日程更新」「削除」「戻る」）、img3.png（定員欄の右の接尾辞「人/組」）を確認。	high	
sheet-7-R034	MATCHED						src/Eccube/Form/Type/Admin/ScheduleType.php:137-142		定員は整数の入力欄で未入力を許さず、1未満は入力エラーになる（src/Eccube/Form/Type/Admin/ScheduleType.php:137-142、下限は app/config/eccube/packages/eccube.yaml:127 の1）。新規の日程は親イベントの定員を引き継ぐ（src/Eccube/Entity/DtbEventDetail.php:136, src/Eccube/Controller/Admin/Event/ScheduleController.php:51）。最大値は9桁で、設計の「50文字」より狭いが、定員は整数の項目で50桁は保持できないため差とはみなさない。	sheet-7_img1.png（日程編集画面：イベントID/イベント詳細ID/イベント名（日）/イベントページURL/開始時間/受付あり/受付時間/デッキ登録あり/デッキ登録締切/デッキ登録を終了する/オンライン受付あり/オンライン受付時間/定員/参加費/公開状態/賞品（日）/賞品（英））、img2.png（ボタン群「日程登録」「日程更新」「削除」「戻る」）、img3.png（定員欄の右の接尾辞「人/組」）を確認。	high	
sheet-7-R035	MATCHED						src/Eccube/Resource/template/admin/Event/Schedule/edit.twig:195-203		定員欄の接尾辞は親イベントのチーム戦設定がオフなら「人」、オンなら「組」（src/Eccube/Resource/template/admin/Event/Schedule/edit.twig:195-203）。初期値は親イベントの定員（src/Eccube/Entity/DtbEventDetail.php:136）。	sheet-7_img1.png（日程編集画面：イベントID/イベント詳細ID/イベント名（日）/イベントページURL/開始時間/受付あり/受付時間/デッキ登録あり/デッキ登録締切/デッキ登録を終了する/オンライン受付あり/オンライン受付時間/定員/参加費/公開状態/賞品（日）/賞品（英））、img2.png（ボタン群「日程登録」「日程更新」「削除」「戻る」）、img3.png（定員欄の右の接尾辞「人/組」）を確認。	high	
sheet-7-R036	MATCHED						src/Eccube/Form/Type/Admin/ScheduleType.php:143-148		参加費は整数の入力欄で未入力を許さず、負の値は入力エラーになる（src/Eccube/Form/Type/Admin/ScheduleType.php:143-148, src/Eccube/Resource/template/admin/Event/Schedule/edit.twig:206-213）。新規の日程は親イベントの参加費を引き継ぐ（src/Eccube/Entity/DtbEventDetail.php:137）。	sheet-7_img1.png（日程編集画面：イベントID/イベント詳細ID/イベント名（日）/イベントページURL/開始時間/受付あり/受付時間/デッキ登録あり/デッキ登録締切/デッキ登録を終了する/オンライン受付あり/オンライン受付時間/定員/参加費/公開状態/賞品（日）/賞品（英））、img2.png（ボタン群「日程登録」「日程更新」「削除」「戻る」）、img3.png（定員欄の右の接尾辞「人/組」）を確認。	high	
sheet-7-R037	MATCHED						src/Eccube/Form/Type/Admin/ScheduleType.php:161-168		公開状態は単一選択で未選択を許さない（src/Eccube/Form/Type/Admin/ScheduleType.php:161-168, src/Eccube/Resource/template/admin/Event/Schedule/edit.twig:214-221）。新規の日程は親イベントの公開状態を引き継ぐ（src/Eccube/Entity/DtbEventDetail.php:138）。	sheet-7_img1.png（日程編集画面：イベントID/イベント詳細ID/イベント名（日）/イベントページURL/開始時間/受付あり/受付時間/デッキ登録あり/デッキ登録締切/デッキ登録を終了する/オンライン受付あり/オンライン受付時間/定員/参加費/公開状態/賞品（日）/賞品（英））、img2.png（ボタン群「日程登録」「日程更新」「削除」「戻る」）、img3.png（定員欄の右の接尾辞「人/組」）を確認。	high	
sheet-7-R038	MATCHED						src/Eccube/Form/Type/Admin/ScheduleType.php:149-154		賞品（日）は4096文字までの複数行入力欄（src/Eccube/Form/Type/Admin/ScheduleType.php:149-154、上限は app/config/eccube/packages/eccube.yaml:388 の4096、表示は src/Eccube/Resource/template/admin/Event/Schedule/edit.twig:224-227）。新規の日程は親イベントの賞品（日）を引き継ぐ（src/Eccube/Entity/DtbEventDetail.php:135）。	sheet-7_img1.png（日程編集画面：イベントID/イベント詳細ID/イベント名（日）/イベントページURL/開始時間/受付あり/受付時間/デッキ登録あり/デッキ登録締切/デッキ登録を終了する/オンライン受付あり/オンライン受付時間/定員/参加費/公開状態/賞品（日）/賞品（英））、img2.png（ボタン群「日程登録」「日程更新」「削除」「戻る」）、img3.png（定員欄の右の接尾辞「人/組」）を確認。	high	
sheet-7-R039	MATCHED						src/Eccube/Form/Type/Admin/ScheduleType.php:155-160		賞品（英）は4096文字までの複数行入力欄（src/Eccube/Form/Type/Admin/ScheduleType.php:155-160, src/Eccube/Resource/template/admin/Event/Schedule/edit.twig:228-231）。新規の日程は親イベントの賞品（英）を引き継ぐ（src/Eccube/Entity/DtbEventDetail.php:134）。	sheet-7_img1.png（日程編集画面：イベントID/イベント詳細ID/イベント名（日）/イベントページURL/開始時間/受付あり/受付時間/デッキ登録あり/デッキ登録締切/デッキ登録を終了する/オンライン受付あり/オンライン受付時間/定員/参加費/公開状態/賞品（日）/賞品（英））、img2.png（ボタン群「日程登録」「日程更新」「削除」「戻る」）、img3.png（定員欄の右の接尾辞「人/組」）を確認。	high	
sheet-7-R040	DRIFT	P3	実装違い	IO	20 登録 ボタン - - - 新規日程登録時のみ表示	新規の日程登録画面では、実行ボタンに「登録」と表示される。	src/Eccube/Resource/template/admin/Event/Schedule/edit.twig:262-266	新規登録時に表示される実行ボタンの文言は「保存」（src/Eccube/Resource/template/admin/Event/Schedule/edit.twig:264、文言は src/Eccube/Resource/locale/messages.ja.yaml:1631）。表示条件（新規のときだけ出す）は設計どおりだが、文言が「登録」ではない。	同じ設計書の繰返し日程登録画面では「登録」（src/Eccube/Resource/locale/messages.ja.yaml:1633）を使っており（src/Eccube/Controller/Admin/Event/RepeatScheduleController.php:41-43 の画面）、日程登録画面だけ「保存」になっている。レイアウト図の文言は「日程登録」で、いずれとも異なる。	sheet-7_img1.png（日程編集画面：イベントID/イベント詳細ID/イベント名（日）/イベントページURL/開始時間/受付あり/受付時間/デッキ登録あり/デッキ登録締切/デッキ登録を終了する/オンライン受付あり/オンライン受付時間/定員/参加費/公開状態/賞品（日）/賞品（英））、img2.png（ボタン群「日程登録」「日程更新」「削除」「戻る」）、img3.png（定員欄の右の接尾辞「人/組」）を確認。	med	edit.twig-submit-label-not-register-update
sheet-7-R041	DRIFT	P3	実装違い	IO	21 更新 ボタン - - - 既存の日程更新時のみ表示	既存の日程を編集する画面では、実行ボタンに「更新」と表示される。	src/Eccube/Resource/template/admin/Event/Schedule/edit.twig:247-260	既存日程の編集時に表示される実行ボタンの文言は「保存」（src/Eccube/Resource/template/admin/Event/Schedule/edit.twig:258、文言は src/Eccube/Resource/locale/messages.ja.yaml:1631）。表示条件（既存のときだけ出す）は設計どおりだが、文言が「更新」ではない。	レイアウト図のボタンは「日程更新」で、項目表は「更新」。実装の「保存」はいずれとも異なる。	sheet-7_img1.png（日程編集画面：イベントID/イベント詳細ID/イベント名（日）/イベントページURL/開始時間/受付あり/受付時間/デッキ登録あり/デッキ登録締切/デッキ登録を終了する/オンライン受付あり/オンライン受付時間/定員/参加費/公開状態/賞品（日）/賞品（英））、img2.png（ボタン群「日程登録」「日程更新」「削除」「戻る」）、img3.png（定員欄の右の接尾辞「人/組」）を確認。	med	edit.twig-submit-label-not-register-update
sheet-7-R042	MATCHED						src/Eccube/Resource/template/admin/Event/Schedule/edit.twig:247-255		削除ボタンは既存日程の編集時だけ表示し、押すと削除の確認を出す（src/Eccube/Resource/template/admin/Event/Schedule/edit.twig:247-255, src/Eccube/Resource/template/admin/Event/Schedule/edit.twig:272-303、文言は src/Eccube/Resource/locale/messages.ja.yaml:1641）。	sheet-7_img1.png（日程編集画面：イベントID/イベント詳細ID/イベント名（日）/イベントページURL/開始時間/受付あり/受付時間/デッキ登録あり/デッキ登録締切/デッキ登録を終了する/オンライン受付あり/オンライン受付時間/定員/参加費/公開状態/賞品（日）/賞品（英））、img2.png（ボタン群「日程登録」「日程更新」「削除」「戻る」）、img3.png（定員欄の右の接尾辞「人/組」）を確認。	high	
sheet-7-R043	MATCHED						src/Eccube/Resource/template/admin/Event/Schedule/edit.twig:241-245		画面左下に「イベント編集」への戻りリンクを表示し、押すとイベント編集画面へ移る（src/Eccube/Resource/template/admin/Event/Schedule/edit.twig:241-245、文言は src/Eccube/Resource/locale/messages.ja.yaml:5938）。	sheet-7_img1.png（日程編集画面：イベントID/イベント詳細ID/イベント名（日）/イベントページURL/開始時間/受付あり/受付時間/デッキ登録あり/デッキ登録締切/デッキ登録を終了する/オンライン受付あり/オンライン受付時間/定員/参加費/公開状態/賞品（日）/賞品（英））、img2.png（ボタン群「日程登録」「日程更新」「削除」「戻る」）、img3.png（定員欄の右の接尾辞「人/組」）を確認。	high	
sheet-7-R044	OUT_OF_SCOPE								現行仕様の出典・機能名の見出し行であり、実装要求ではない。	sheet-7_img1.png（日程編集画面：イベントID/イベント詳細ID/イベント名（日）/イベントページURL/開始時間/受付あり/受付時間/デッキ登録あり/デッキ登録締切/デッキ登録を終了する/オンライン受付あり/オンライン受付時間/定員/参加費/公開状態/賞品（日）/賞品（英））、img2.png（ボタン群「日程登録」「日程更新」「削除」「戻る」）、img3.png（定員欄の右の接尾辞「人/組」）を確認。	high	
sheet-7-R045	OUT_OF_SCOPE								現行仕様の小見出し（追加の判定順序）であり、実装要求ではない。判定内容は R046 以降で見ている。	sheet-7_img1.png（日程編集画面：イベントID/イベント詳細ID/イベント名（日）/イベントページURL/開始時間/受付あり/受付時間/デッキ登録あり/デッキ登録締切/デッキ登録を終了する/オンライン受付あり/オンライン受付時間/定員/参加費/公開状態/賞品（日）/賞品（英））、img2.png（ボタン群「日程登録」「日程更新」「削除」「戻る」）、img3.png（定員欄の右の接尾辞「人/組」）を確認。	high	
sheet-7-R046	MATCHED						src/Eccube/Controller/Admin/Event/ScheduleController.php:47-49		経路のイベントIDに一致するイベントが無いときは、ページが見つからない扱いになる（src/Eccube/Controller/Admin/Event/ScheduleController.php:47-49 のイベント取り出しで見つからなければ404）。	sheet-7_img1.png（日程編集画面：イベントID/イベント詳細ID/イベント名（日）/イベントページURL/開始時間/受付あり/受付時間/デッキ登録あり/デッキ登録締切/デッキ登録を終了する/オンライン受付あり/オンライン受付時間/定員/参加費/公開状態/賞品（日）/賞品（英））、img2.png（ボタン群「日程登録」「日程更新」「削除」「戻る」）、img3.png（定員欄の右の接尾辞「人/組」）を確認。	high	
sheet-7-R047	MATCHED						src/Eccube/Resource/template/admin/Event/Schedule/edit.twig:83		入力画面はなりすまし対策トークンを送信内容に含め（src/Eccube/Resource/template/admin/Event/Schedule/edit.twig:83）、値が一致しないときは検証が通らないため登録処理へ進まず日程は追加されない（src/Eccube/Controller/Admin/Event/ScheduleController.php:67-90）。差し戻しは入力画面の再表示という形になる。	sheet-7_img1.png（日程編集画面：イベントID/イベント詳細ID/イベント名（日）/イベントページURL/開始時間/受付あり/受付時間/デッキ登録あり/デッキ登録締切/デッキ登録を終了する/オンライン受付あり/オンライン受付時間/定員/参加費/公開状態/賞品（日）/賞品（英））、img2.png（ボタン群「日程登録」「日程更新」「削除」「戻る」）、img3.png（定員欄の右の接尾辞「人/組」）を確認。	med	
sheet-7-R048	MATCHED						src/Eccube/Controller/Admin/Event/ScheduleController.php:67-101		入力の検証に失敗したときは登録処理へ進まず、入力した値と項目ごとのエラーを付けて日程入力画面を再表示する（src/Eccube/Controller/Admin/Event/ScheduleController.php:67-90, src/Eccube/Controller/Admin/Event/ScheduleController.php:95-101）。	sheet-7_img1.png（日程編集画面：イベントID/イベント詳細ID/イベント名（日）/イベントページURL/開始時間/受付あり/受付時間/デッキ登録あり/デッキ登録締切/デッキ登録を終了する/オンライン受付あり/オンライン受付時間/定員/参加費/公開状態/賞品（日）/賞品（英））、img2.png（ボタン群「日程登録」「日程更新」「削除」「戻る」）、img3.png（定員欄の右の接尾辞「人/組」）を確認。	high	
sheet-7-R049	MATCHED						src/Eccube/Controller/Admin/Event/ScheduleController.php:86		追加できたときは、追加した日程の日程編集画面へ移る（src/Eccube/Controller/Admin/Event/ScheduleController.php:86）。	sheet-7_img1.png（日程編集画面：イベントID/イベント詳細ID/イベント名（日）/イベントページURL/開始時間/受付あり/受付時間/デッキ登録あり/デッキ登録締切/デッキ登録を終了する/オンライン受付あり/オンライン受付時間/定員/参加費/公開状態/賞品（日）/賞品（英））、img2.png（ボタン群「日程登録」「日程更新」「削除」「戻る」）、img3.png（定員欄の右の接尾辞「人/組」）を確認。	high	
sheet-7-R050	OUT_OF_SCOPE								現行仕様の小見出し（登録時に記録する値）であり、実装要求ではない。	sheet-7_img1.png（日程編集画面：イベントID/イベント詳細ID/イベント名（日）/イベントページURL/開始時間/受付あり/受付時間/デッキ登録あり/デッキ登録締切/デッキ登録を終了する/オンライン受付あり/オンライン受付時間/定員/参加費/公開状態/賞品（日）/賞品（英））、img2.png（ボタン群「日程登録」「日程更新」「削除」「戻る」）、img3.png（定員欄の右の接尾辞「人/組」）を確認。	high	
sheet-7-R051	OUT_OF_SCOPE								入力欄では指定しない値がある、という前置きの説明であり、個別の実装要求ではない。記録内容は R053〜R055 で見ている。	sheet-7_img1.png（日程編集画面：イベントID/イベント詳細ID/イベント名（日）/イベントページURL/開始時間/受付あり/受付時間/デッキ登録あり/デッキ登録締切/デッキ登録を終了する/オンライン受付あり/オンライン受付時間/定員/参加費/公開状態/賞品（日）/賞品（英））、img2.png（ボタン群「日程登録」「日程更新」「削除」「戻る」）、img3.png（定員欄の右の接尾辞「人/組」）を確認。	high	
sheet-7-R052	OUT_OF_SCOPE								表のヘッダ行（記録する値／決め方）であり、実装要求ではない。	sheet-7_img1.png（日程編集画面：イベントID/イベント詳細ID/イベント名（日）/イベントページURL/開始時間/受付あり/受付時間/デッキ登録あり/デッキ登録締切/デッキ登録を終了する/オンライン受付あり/オンライン受付時間/定員/参加費/公開状態/賞品（日）/賞品（英））、img2.png（ボタン群「日程登録」「日程更新」「削除」「戻る」）、img3.png（定員欄の右の接尾辞「人/組」）を確認。	high	
sheet-7-R053	MATCHED						src/Eccube/Form/Type/Admin/ScheduleType.php:254-265		受付開始時間・受付終了時間は、開始時間の日付と入力された時刻を組み合わせて記録する（src/Eccube/Form/Type/Admin/ScheduleType.php:254-265, src/Eccube/Form/Type/Admin/ScheduleType.php:269-277）。	sheet-7_img1.png（日程編集画面：イベントID/イベント詳細ID/イベント名（日）/イベントページURL/開始時間/受付あり/受付時間/デッキ登録あり/デッキ登録締切/デッキ登録を終了する/オンライン受付あり/オンライン受付時間/定員/参加費/公開状態/賞品（日）/賞品（英））、img2.png（ボタン群「日程登録」「日程更新」「削除」「戻る」）、img3.png（定員欄の右の接尾辞「人/組」）を確認。	high	
sheet-7-R054	MATCHED						src/Eccube/Service/Admin/Event/ScheduleStoreAction.php:47		開始時間の日付が祝日（土曜・日曜または休日マスタ登録日）にあたるときは休日として記録する（src/Eccube/Service/Admin/Event/ScheduleStoreAction.php:47, src/Eccube/Repository/Master/MtbHolidayRepository.php:61-64）。更新時も同じ（src/Eccube/Service/Admin/Event/ScheduleUpdateAction.php:46）。	sheet-7_img1.png（日程編集画面：イベントID/イベント詳細ID/イベント名（日）/イベントページURL/開始時間/受付あり/受付時間/デッキ登録あり/デッキ登録締切/デッキ登録を終了する/オンライン受付あり/オンライン受付時間/定員/参加費/公開状態/賞品（日）/賞品（英））、img2.png（ボタン群「日程登録」「日程更新」「削除」「戻る」）、img3.png（定員欄の右の接尾辞「人/組」）を確認。	high	
sheet-7-R055	MATCHED						src/Eccube/Service/EntityManager/EventDetailEntityManager.php:71		操作した管理ユーザを日程の登録者として記録する（src/Eccube/Controller/Admin/Event/ScheduleController.php:70 で担当者を渡し、src/Eccube/Service/Admin/Event/ScheduleStoreAction.php:43、src/Eccube/Service/EntityManager/EventDetailEntityManager.php:71 で記録）。	sheet-7_img1.png（日程編集画面：イベントID/イベント詳細ID/イベント名（日）/イベントページURL/開始時間/受付あり/受付時間/デッキ登録あり/デッキ登録締切/デッキ登録を終了する/オンライン受付あり/オンライン受付時間/定員/参加費/公開状態/賞品（日）/賞品（英））、img2.png（ボタン群「日程登録」「日程更新」「削除」「戻る」）、img3.png（定員欄の右の接尾辞「人/組」）を確認。	high	
sheet-7-R056	OUT_OF_SCOPE								入出力の小見出し（受け取るものと返すもの）であり、実装要求ではない。	sheet-7_img1.png（日程編集画面：イベントID/イベント詳細ID/イベント名（日）/イベントページURL/開始時間/受付あり/受付時間/デッキ登録あり/デッキ登録締切/デッキ登録を終了する/オンライン受付あり/オンライン受付時間/定員/参加費/公開状態/賞品（日）/賞品（英））、img2.png（ボタン群「日程登録」「日程更新」「削除」「戻る」）、img3.png（定員欄の右の接尾辞「人/組」）を確認。	high	
sheet-7-R057	MATCHED						src/Eccube/Controller/Admin/Event/ScheduleController.php:47-49		追加先のイベントIDは画面の呼び出し先の一部として受け取り（src/Eccube/Controller/Admin/Event/ScheduleController.php:47-49）、日程の各項目となりすまし対策トークンは送信内容として受け取る（src/Eccube/Resource/template/admin/Event/Schedule/edit.twig:82-83, src/Eccube/Controller/Admin/Event/ScheduleController.php:65）。	sheet-7_img1.png（日程編集画面：イベントID/イベント詳細ID/イベント名（日）/イベントページURL/開始時間/受付あり/受付時間/デッキ登録あり/デッキ登録締切/デッキ登録を終了する/オンライン受付あり/オンライン受付時間/定員/参加費/公開状態/賞品（日）/賞品（英））、img2.png（ボタン群「日程登録」「日程更新」「削除」「戻る」）、img3.png（定員欄の右の接尾辞「人/組」）を確認。	high	
sheet-7-R058	MATCHED						src/Eccube/Controller/Admin/Event/ScheduleController.php:86		追加できたときの遷移先は、追加した日程の日程編集画面（src/Eccube/Controller/Admin/Event/ScheduleController.php:86）。	sheet-7_img1.png（日程編集画面：イベントID/イベント詳細ID/イベント名（日）/イベントページURL/開始時間/受付あり/受付時間/デッキ登録あり/デッキ登録締切/デッキ登録を終了する/オンライン受付あり/オンライン受付時間/定員/参加費/公開状態/賞品（日）/賞品（英））、img2.png（ボタン群「日程登録」「日程更新」「削除」「戻る」）、img3.png（定員欄の右の接尾辞「人/組」）を確認。	high	
sheet-7-R059	MATCHED						src/Eccube/Controller/Admin/Event/ScheduleController.php:47-49		イベントが無いときはページが見つからない扱い（src/Eccube/Controller/Admin/Event/ScheduleController.php:47-49）、トークンが一致しないときと検証に失敗したときは追加せず日程入力画面を再表示する（src/Eccube/Controller/Admin/Event/ScheduleController.php:67-90, src/Eccube/Controller/Admin/Event/ScheduleController.php:95-101）。	sheet-7_img1.png（日程編集画面：イベントID/イベント詳細ID/イベント名（日）/イベントページURL/開始時間/受付あり/受付時間/デッキ登録あり/デッキ登録締切/デッキ登録を終了する/オンライン受付あり/オンライン受付時間/定員/参加費/公開状態/賞品（日）/賞品（英））、img2.png（ボタン群「日程登録」「日程更新」「削除」「戻る」）、img3.png（定員欄の右の接尾辞「人/組」）を確認。	med	
sheet-7-R060	MATCHED						src/Eccube/Controller/Admin/Event/ScheduleController.php:84-86		日程追加の内容を保存したときは「保存しました」を管理画面上部に表示し、日程編集画面へ移る（src/Eccube/Controller/Admin/Event/ScheduleController.php:84-86、文言は src/Eccube/Resource/locale/messages.ja.yaml:1595）。	sheet-7_img1.png（日程編集画面：イベントID/イベント詳細ID/イベント名（日）/イベントページURL/開始時間/受付あり/受付時間/デッキ登録あり/デッキ登録締切/デッキ登録を終了する/オンライン受付あり/オンライン受付時間/定員/参加費/公開状態/賞品（日）/賞品（英））、img2.png（ボタン群「日程登録」「日程更新」「削除」「戻る」）、img3.png（定員欄の右の接尾辞「人/組」）を確認。	high	
sheet-7-R061	MATCHED						src/Eccube/Controller/Admin/Event/ScheduleController.php:87-89		保存中にエラーが起きたときは「保存に失敗しました」を管理画面上部に表示し、日程入力画面に留まる（src/Eccube/Controller/Admin/Event/ScheduleController.php:87-89, src/Eccube/Controller/Admin/Event/ScheduleController.php:95-101、文言は src/Eccube/Resource/locale/messages.ja.yaml:1596）。	sheet-7_img1.png（日程編集画面：イベントID/イベント詳細ID/イベント名（日）/イベントページURL/開始時間/受付あり/受付時間/デッキ登録あり/デッキ登録締切/デッキ登録を終了する/オンライン受付あり/オンライン受付時間/定員/参加費/公開状態/賞品（日）/賞品（英））、img2.png（ボタン群「日程登録」「日程更新」「削除」「戻る」）、img3.png（定員欄の右の接尾辞「人/組」）を確認。	high	
sheet-8-R001	MATCHED						src/Eccube/Controller/Admin/Event/RepeatScheduleController.php:59-65		繰返し日程の登録画面は、対象イベントの店舗が編集可能店舗でないときは登録処理へ進まず、不正なリクエストである旨を表示して同じ画面へ戻す（src/Eccube/Controller/Admin/Event/RepeatScheduleController.php:59-65）。この判定は保存処理（src/Eccube/Controller/Admin/Event/RepeatScheduleController.php:67-93）より前に置かれている。	sheet-8_img1.png（繰返し日程登録画面）で、期間・曜日選択（月〜日）・開始時間・受付あり・受付時間・デッキ登録あり・デッキ登録締切（開始日前日数/時刻 23:59）・オンライン受付あり・オンライン受付開始/終了時間（開始日前日数/時刻）・右上の「日程登録」「戻る」を確認。	high	
sheet-8-R002	OUT_OF_SCOPE								カスタマイズ要件以外は現行踏襲とする、という適用範囲の宣言であり、個別の実装要求ではない。	sheet-8_img1.png（繰返し日程登録画面）で、期間・曜日選択（月〜日）・開始時間・受付あり・受付時間・デッキ登録あり・デッキ登録締切（開始日前日数/時刻 23:59）・オンライン受付あり・オンライン受付開始/終了時間（開始日前日数/時刻）・右上の「日程登録」「戻る」を確認。	high	
sheet-8-R003	OUT_OF_SCOPE								カスタマイズ説明の区分見出しであり、それ自体は実装要求ではない。ブロック内の各行（R004〜R007）で判定している。	sheet-8_img1.png（繰返し日程登録画面）で、期間・曜日選択（月〜日）・開始時間・受付あり・受付時間・デッキ登録あり・デッキ登録締切（開始日前日数/時刻 23:59）・オンライン受付あり・オンライン受付開始/終了時間（開始日前日数/時刻）・右上の「日程登録」「戻る」を確認。	high	
sheet-8-R004	MATCHED						src/Eccube/Controller/Admin/Event/RepeatScheduleController.php:59-65		編集権限を持つ店舗のイベントかどうかを保存前に確かめ、権限が無ければ日程を1件も作成しない（src/Eccube/Controller/Admin/Event/RepeatScheduleController.php:59-65）。画面側でも権限が無いときは実行ボタンを押せない（src/Eccube/Resource/template/admin/Event/RepeatSchedule/create.twig:230）。	sheet-8_img1.png（繰返し日程登録画面）で、期間・曜日選択（月〜日）・開始時間・受付あり・受付時間・デッキ登録あり・デッキ登録締切（開始日前日数/時刻 23:59）・オンライン受付あり・オンライン受付開始/終了時間（開始日前日数/時刻）・右上の「日程登録」「戻る」を確認。	high	
sheet-8-R005	MATCHED						src/Eccube/Service/Admin/Event/RepeatScheduleStoreAction.php:55-112		期間開始日から期間終了日まで1日ずつ進めながら日程を作成し、まとめて確定している（src/Eccube/Service/Admin/Event/RepeatScheduleStoreAction.php:55-112, src/Eccube/Service/Admin/Event/RepeatScheduleStoreAction.php:114）。	sheet-8_img1.png（繰返し日程登録画面）で、期間・曜日選択（月〜日）・開始時間・受付あり・受付時間・デッキ登録あり・デッキ登録締切（開始日前日数/時刻 23:59）・オンライン受付あり・オンライン受付開始/終了時間（開始日前日数/時刻）・右上の「日程登録」「戻る」を確認。	high	
sheet-8-R006	MATCHED						src/Eccube/Service/Admin/Event/RepeatScheduleStoreAction.php:57-61		期間内の各日について、選択された曜日に含まれない日は読み飛ばし、含まれる日だけ日程を作成する（src/Eccube/Service/Admin/Event/RepeatScheduleStoreAction.php:57-61）。曜日の選択肢は月〜日の7つ（src/Eccube/Form/Type/Admin/RepeatScheduleType.php:103-119）。	sheet-8_img1.png（繰返し日程登録画面）で、期間・曜日選択（月〜日）・開始時間・受付あり・受付時間・デッキ登録あり・デッキ登録締切（開始日前日数/時刻 23:59）・オンライン受付あり・オンライン受付開始/終了時間（開始日前日数/時刻）・右上の「日程登録」「戻る」を確認。	high	
sheet-8-R007	MATCHED						src/Eccube/Service/Admin/Event/RepeatScheduleStoreAction.php:94-108		作成する各日程の公開状態・定員・参加費・賞品（日）・賞品（英）に親イベントの値をそのまま渡している（src/Eccube/Service/Admin/Event/RepeatScheduleStoreAction.php:94, src/Eccube/Service/Admin/Event/RepeatScheduleStoreAction.php:105-108）。	sheet-8_img1.png（繰返し日程登録画面）で、期間・曜日選択（月〜日）・開始時間・受付あり・受付時間・デッキ登録あり・デッキ登録締切（開始日前日数/時刻 23:59）・オンライン受付あり・オンライン受付開始/終了時間（開始日前日数/時刻）・右上の「日程登録」「戻る」を確認。	high	
sheet-8-R008	MATCHED						src/Eccube/Resource/template/admin/Event/RepeatSchedule/create.twig:78-80		イベントIDを入力欄ではなく値の表示として出している（src/Eccube/Resource/template/admin/Event/RepeatSchedule/create.twig:78-80、値は src/Eccube/Form/Type/Admin/RepeatScheduleType.php:68-74）。	sheet-8_img1.png（繰返し日程登録画面）で、期間・曜日選択（月〜日）・開始時間・受付あり・受付時間・デッキ登録あり・デッキ登録締切（開始日前日数/時刻 23:59）・オンライン受付あり・オンライン受付開始/終了時間（開始日前日数/時刻）・右上の「日程登録」「戻る」を確認。	high	
sheet-8-R009	MATCHED						src/Eccube/Resource/template/admin/Event/RepeatSchedule/create.twig:81-84		イベント詳細IDを値の表示として出している（src/Eccube/Resource/template/admin/Event/RepeatSchedule/create.twig:81-84、値は src/Eccube/Form/Type/Admin/RepeatScheduleType.php:75-81）。新規登録画面のため値は空。	sheet-8_img1.png（繰返し日程登録画面）で、期間・曜日選択（月〜日）・開始時間・受付あり・受付時間・デッキ登録あり・デッキ登録締切（開始日前日数/時刻 23:59）・オンライン受付あり・オンライン受付開始/終了時間（開始日前日数/時刻）・右上の「日程登録」「戻る」を確認。	high	
sheet-8-R010	MATCHED						src/Eccube/Resource/template/admin/Event/RepeatSchedule/create.twig:85-88		イベント名（日）を親イベントの名称の表示として出している（src/Eccube/Resource/template/admin/Event/RepeatSchedule/create.twig:85-88、値は src/Eccube/Form/Type/Admin/RepeatScheduleType.php:82-88）。	sheet-8_img1.png（繰返し日程登録画面）で、期間・曜日選択（月〜日）・開始時間・受付あり・受付時間・デッキ登録あり・デッキ登録締切（開始日前日数/時刻 23:59）・オンライン受付あり・オンライン受付開始/終了時間（開始日前日数/時刻）・右上の「日程登録」「戻る」を確認。	high	
sheet-8-R011	MATCHED						src/Eccube/Resource/template/admin/Event/RepeatSchedule/create.twig:89-97		イベント詳細IDがあるときだけフロントのイベント詳細ページへのリンクを表示する（src/Eccube/Resource/template/admin/Event/RepeatSchedule/create.twig:89-97）。繰返し日程登録は新規のみのため画面では空欄になり、レイアウト図でも空欄。	sheet-8_img1.png（繰返し日程登録画面）で、期間・曜日選択（月〜日）・開始時間・受付あり・受付時間・デッキ登録あり・デッキ登録締切（開始日前日数/時刻 23:59）・オンライン受付あり・オンライン受付開始/終了時間（開始日前日数/時刻）・右上の「日程登録」「戻る」を確認。	high	
sheet-8-R012	MATCHED						src/Eccube/Form/Type/Admin/RepeatScheduleType.php:89-95		期間開始は日付の入力欄で未入力を許さず（src/Eccube/Form/Type/Admin/RepeatScheduleType.php:89-95）、期間開始が期間終了より前でないときは入力エラーになる（src/Eccube/Form/Type/Admin/RepeatScheduleType.php:44, src/Eccube/Form/Type/Admin/RepeatScheduleType.php:226-249）。画面では「期間」に必須の印が付く（src/Eccube/Resource/template/admin/Event/RepeatSchedule/create.twig:98-112）。	sheet-8_img1.png（繰返し日程登録画面）で、期間・曜日選択（月〜日）・開始時間・受付あり・受付時間・デッキ登録あり・デッキ登録締切（開始日前日数/時刻 23:59）・オンライン受付あり・オンライン受付開始/終了時間（開始日前日数/時刻）・右上の「日程登録」「戻る」を確認。	high	
sheet-8-R013	MATCHED						src/Eccube/Form/Type/Admin/RepeatScheduleType.php:96-102		期間終了は日付の入力欄で未入力を許さず（src/Eccube/Form/Type/Admin/RepeatScheduleType.php:96-102）、期間開始が期間終了より前でないときは入力エラーになる（src/Eccube/Form/Type/Admin/RepeatScheduleType.php:44, src/Eccube/Form/Type/Admin/RepeatScheduleType.php:226-249）。	sheet-8_img1.png（繰返し日程登録画面）で、期間・曜日選択（月〜日）・開始時間・受付あり・受付時間・デッキ登録あり・デッキ登録締切（開始日前日数/時刻 23:59）・オンライン受付あり・オンライン受付開始/終了時間（開始日前日数/時刻）・右上の「日程登録」「戻る」を確認。	high	
sheet-8-R014	MATCHED						src/Eccube/Form/Type/Admin/RepeatScheduleType.php:103-119		月〜日の7つから複数選べる選択欄として表示している（src/Eccube/Form/Type/Admin/RepeatScheduleType.php:103-119, src/Eccube/Resource/template/admin/Event/RepeatSchedule/create.twig:113-128）。	sheet-8_img1.png（繰返し日程登録画面）で、期間・曜日選択（月〜日）・開始時間・受付あり・受付時間・デッキ登録あり・デッキ登録締切（開始日前日数/時刻 23:59）・オンライン受付あり・オンライン受付開始/終了時間（開始日前日数/時刻）・右上の「日程登録」「戻る」を確認。	high	
sheet-8-R015	MATCHED						src/Eccube/Form/Type/Admin/RepeatScheduleType.php:120-126		開始時間は時刻の入力欄で未入力を許さない（src/Eccube/Form/Type/Admin/RepeatScheduleType.php:120-126, src/Eccube/Resource/template/admin/Event/RepeatSchedule/create.twig:129-138）。	sheet-8_img1.png（繰返し日程登録画面）で、期間・曜日選択（月〜日）・開始時間・受付あり・受付時間・デッキ登録あり・デッキ登録締切（開始日前日数/時刻 23:59）・オンライン受付あり・オンライン受付開始/終了時間（開始日前日数/時刻）・右上の「日程登録」「戻る」を確認。	high	
sheet-8-R016	MATCHED						src/Eccube/Form/Type/Admin/RepeatScheduleType.php:127-131		受付ありはチェックボックスで、初期状態はオン（src/Eccube/Form/Type/Admin/RepeatScheduleType.php:127-131, src/Eccube/Resource/template/admin/Event/RepeatSchedule/create.twig:139-141）。	sheet-8_img1.png（繰返し日程登録画面）で、期間・曜日選択（月〜日）・開始時間・受付あり・受付時間・デッキ登録あり・デッキ登録締切（開始日前日数/時刻 23:59）・オンライン受付あり・オンライン受付開始/終了時間（開始日前日数/時刻）・右上の「日程登録」「戻る」を確認。	high	
sheet-8-R017	MATCHED						src/Eccube/Form/Type/Admin/RepeatScheduleType.php:132-136		受付開始時間は時刻の入力欄で、受付ありのオン・オフに合わせて表示・非表示が切り替わる（src/Eccube/Form/Type/Admin/RepeatScheduleType.php:132-136, src/Eccube/Resource/template/admin/Event/RepeatSchedule/create.twig:28-35, src/Eccube/Resource/template/admin/Event/RepeatSchedule/create.twig:142-155）。初期値は空欄で、レイアウト図の 00:00 表示と厳密に一致するかは静的には確かめられないが、表示切替と必須の切替は設計どおり。	sheet-8_img1.png（繰返し日程登録画面）で、期間・曜日選択（月〜日）・開始時間・受付あり・受付時間・デッキ登録あり・デッキ登録締切（開始日前日数/時刻 23:59）・オンライン受付あり・オンライン受付開始/終了時間（開始日前日数/時刻）・右上の「日程登録」「戻る」を確認。	high	
sheet-8-R018	MATCHED						src/Eccube/Resource/template/admin/Event/RepeatSchedule/create.twig:31-34		受付ありがオンのときだけ受付開始・終了時間が入力必須になる（src/Eccube/Resource/template/admin/Event/RepeatSchedule/create.twig:28-35）。	sheet-8_img1.png（繰返し日程登録画面）で、期間・曜日選択（月〜日）・開始時間・受付あり・受付時間・デッキ登録あり・デッキ登録締切（開始日前日数/時刻 23:59）・オンライン受付あり・オンライン受付開始/終了時間（開始日前日数/時刻）・右上の「日程登録」「戻る」を確認。	high	
sheet-8-R019	MATCHED						src/Eccube/Form/Type/Admin/RepeatScheduleType.php:45		受付開始時間が受付終了時間より前でないときは入力エラーになる（src/Eccube/Form/Type/Admin/RepeatScheduleType.php:45, src/Eccube/Form/Type/Admin/RepeatScheduleType.php:226-249）。	sheet-8_img1.png（繰返し日程登録画面）で、期間・曜日選択（月〜日）・開始時間・受付あり・受付時間・デッキ登録あり・デッキ登録締切（開始日前日数/時刻 23:59）・オンライン受付あり・オンライン受付開始/終了時間（開始日前日数/時刻）・右上の「日程登録」「戻る」を確認。	high	
sheet-8-R020	MATCHED						src/Eccube/Form/Type/Admin/RepeatScheduleType.php:137-141		受付終了時間は時刻の入力欄で、受付ありのオン・オフに合わせて表示・非表示が切り替わる（src/Eccube/Form/Type/Admin/RepeatScheduleType.php:137-141, src/Eccube/Resource/template/admin/Event/RepeatSchedule/create.twig:28-35）。	sheet-8_img1.png（繰返し日程登録画面）で、期間・曜日選択（月〜日）・開始時間・受付あり・受付時間・デッキ登録あり・デッキ登録締切（開始日前日数/時刻 23:59）・オンライン受付あり・オンライン受付開始/終了時間（開始日前日数/時刻）・右上の「日程登録」「戻る」を確認。	high	
sheet-8-R021	MATCHED						src/Eccube/Resource/template/admin/Event/RepeatSchedule/create.twig:31-34		受付ありがオンのときだけ受付終了時間が入力必須になる（src/Eccube/Resource/template/admin/Event/RepeatSchedule/create.twig:28-35）。	sheet-8_img1.png（繰返し日程登録画面）で、期間・曜日選択（月〜日）・開始時間・受付あり・受付時間・デッキ登録あり・デッキ登録締切（開始日前日数/時刻 23:59）・オンライン受付あり・オンライン受付開始/終了時間（開始日前日数/時刻）・右上の「日程登録」「戻る」を確認。	high	
sheet-8-R022	MATCHED						src/Eccube/Form/Type/Admin/RepeatScheduleType.php:46		受付終了時間が開始時間以下でないときは入力エラーになる（src/Eccube/Form/Type/Admin/RepeatScheduleType.php:46, src/Eccube/Form/Type/Admin/RepeatScheduleType.php:226-249）。	sheet-8_img1.png（繰返し日程登録画面）で、期間・曜日選択（月〜日）・開始時間・受付あり・受付時間・デッキ登録あり・デッキ登録締切（開始日前日数/時刻 23:59）・オンライン受付あり・オンライン受付開始/終了時間（開始日前日数/時刻）・右上の「日程登録」「戻る」を確認。	high	
sheet-8-R023	MATCHED						src/Eccube/Form/Type/Admin/RepeatScheduleType.php:142-146		デッキ登録ありはチェックボックスで、初期状態はオン（src/Eccube/Form/Type/Admin/RepeatScheduleType.php:142-146, src/Eccube/Resource/template/admin/Event/RepeatSchedule/create.twig:156-158）。	sheet-8_img1.png（繰返し日程登録画面）で、期間・曜日選択（月〜日）・開始時間・受付あり・受付時間・デッキ登録あり・デッキ登録締切（開始日前日数/時刻 23:59）・オンライン受付あり・オンライン受付開始/終了時間（開始日前日数/時刻）・右上の「日程登録」「戻る」を確認。	high	
sheet-8-R024	MATCHED						src/Eccube/Resource/template/admin/Event/RepeatSchedule/create.twig:159-162		デッキ登録締切の見出しを表示し、その右に開始日前日数と時刻を並べている（src/Eccube/Resource/template/admin/Event/RepeatSchedule/create.twig:159-175）。	sheet-8_img1.png（繰返し日程登録画面）で、期間・曜日選択（月〜日）・開始時間・受付あり・受付時間・デッキ登録あり・デッキ登録締切（開始日前日数/時刻 23:59）・オンライン受付あり・オンライン受付開始/終了時間（開始日前日数/時刻）・右上の「日程登録」「戻る」を確認。	high	
sheet-8-R025	MATCHED						src/Eccube/Form/Type/Admin/RepeatScheduleType.php:147-151		デッキ登録締切の開始日前日数は整数の入力欄で初期値0、デッキ登録ありのオン・オフに合わせて表示・非表示が切り替わる（src/Eccube/Form/Type/Admin/RepeatScheduleType.php:147-151, src/Eccube/Resource/template/admin/Event/RepeatSchedule/create.twig:37-41, src/Eccube/Resource/template/admin/Event/RepeatSchedule/create.twig:163-168）。	sheet-8_img1.png（繰返し日程登録画面）で、期間・曜日選択（月〜日）・開始時間・受付あり・受付時間・デッキ登録あり・デッキ登録締切（開始日前日数/時刻 23:59）・オンライン受付あり・オンライン受付開始/終了時間（開始日前日数/時刻）・右上の「日程登録」「戻る」を確認。	high	
sheet-8-R026	DRIFT	P3	実装違い	ふるまい	デッキ登録ありの場合必須	デッキ登録ありがオンのとき、デッキ登録締切の開始日前日数を空にしたまま登録しようとすると入力エラーが表示され、日程は作成されない。	src/Eccube/Form/Type/Admin/RepeatScheduleType.php:147-151;src/Eccube/Resource/template/admin/Event/RepeatSchedule/create.twig:37-41	デッキ登録締切の開始日前日数には入力必須の指定が無く（src/Eccube/Form/Type/Admin/RepeatScheduleType.php:147-151）、画面側もデッキ登録ありのオン・オフで入力可否を切り替えるだけで必須にはしない（src/Eccube/Resource/template/admin/Event/RepeatSchedule/create.twig:37-41）。受付時間とオンライン受付時間では同じ画面で必須の切替を行っている（src/Eccube/Resource/template/admin/Event/RepeatSchedule/create.twig:31-34, src/Eccube/Resource/template/admin/Event/RepeatSchedule/create.twig:46-49）。	空のまま送っても入力エラーにならず、日程が作成される。空欄は登録処理で黙って0日として扱われ（src/Eccube/Service/Admin/Event/RepeatScheduleStoreAction.php:47）、必須の入力エラーは出ない。	sheet-8_img1.png（繰返し日程登録画面）で、期間・曜日選択（月〜日）・開始時間・受付あり・受付時間・デッキ登録あり・デッキ登録締切（開始日前日数/時刻 23:59）・オンライン受付あり・オンライン受付開始/終了時間（開始日前日数/時刻）・右上の「日程登録」「戻る」を確認。	med	RepeatScheduleType-deck-deadline-not-required
sheet-8-R027	MATCHED						src/Eccube/Resource/template/admin/Event/RepeatSchedule/create.twig:169-173		デッキ登録締切の時刻の見出しと入力欄を表示している（src/Eccube/Resource/template/admin/Event/RepeatSchedule/create.twig:169-174）。	sheet-8_img1.png（繰返し日程登録画面）で、期間・曜日選択（月〜日）・開始時間・受付あり・受付時間・デッキ登録あり・デッキ登録締切（開始日前日数/時刻 23:59）・オンライン受付あり・オンライン受付開始/終了時間（開始日前日数/時刻）・右上の「日程登録」「戻る」を確認。	high	
sheet-8-R028	MATCHED						src/Eccube/Form/Type/Admin/RepeatScheduleType.php:152-157		デッキ登録締切の時刻は時刻の入力欄で初期値23:59、デッキ登録ありのオン・オフに合わせて表示・非表示が切り替わる（src/Eccube/Form/Type/Admin/RepeatScheduleType.php:152-157, src/Eccube/Resource/template/admin/Event/RepeatSchedule/create.twig:37-41）。レイアウト図の 23:59 と一致。	sheet-8_img1.png（繰返し日程登録画面）で、期間・曜日選択（月〜日）・開始時間・受付あり・受付時間・デッキ登録あり・デッキ登録締切（開始日前日数/時刻 23:59）・オンライン受付あり・オンライン受付開始/終了時間（開始日前日数/時刻）・右上の「日程登録」「戻る」を確認。	high	
sheet-8-R029	DRIFT	P3	実装違い	ふるまい	デッキ登録ありの場合必須	デッキ登録ありがオンのとき、デッキ登録締切の時刻を空にしたまま登録しようとすると入力エラーが表示され、日程は作成されない。	src/Eccube/Form/Type/Admin/RepeatScheduleType.php:152-157;src/Eccube/Resource/template/admin/Event/RepeatSchedule/create.twig:37-41	デッキ登録締切の時刻には入力必須の指定が無く（src/Eccube/Form/Type/Admin/RepeatScheduleType.php:152-157）、画面側もデッキ登録ありのオン・オフで入力可否を切り替えるだけで必須にはしない（src/Eccube/Resource/template/admin/Event/RepeatSchedule/create.twig:37-41）。	時刻を消して送ると入力エラーにならず、デッキ登録締切が設定されないまま日程が作成される（src/Eccube/Service/Admin/Event/RepeatScheduleStoreAction.php:76-79）。	sheet-8_img1.png（繰返し日程登録画面）で、期間・曜日選択（月〜日）・開始時間・受付あり・受付時間・デッキ登録あり・デッキ登録締切（開始日前日数/時刻 23:59）・オンライン受付あり・オンライン受付開始/終了時間（開始日前日数/時刻）・右上の「日程登録」「戻る」を確認。	med	RepeatScheduleType-deck-deadline-not-required
sheet-8-R030	MATCHED						src/Eccube/Form/Type/Admin/RepeatScheduleType.php:159-162		オンライン受付ありはチェックボックスで、初期状態はオフ（src/Eccube/Form/Type/Admin/RepeatScheduleType.php:159-162, src/Eccube/Resource/template/admin/Event/RepeatSchedule/create.twig:176-178）。	sheet-8_img1.png（繰返し日程登録画面）で、期間・曜日選択（月〜日）・開始時間・受付あり・受付時間・デッキ登録あり・デッキ登録締切（開始日前日数/時刻 23:59）・オンライン受付あり・オンライン受付開始/終了時間（開始日前日数/時刻）・右上の「日程登録」「戻る」を確認。	high	
sheet-8-R031	MATCHED						src/Eccube/Resource/template/admin/Event/RepeatSchedule/create.twig:179-182		オンライン受付開始時間の見出しを表示し、その右に開始日前日数と時刻を並べている（src/Eccube/Resource/template/admin/Event/RepeatSchedule/create.twig:179-195）。	sheet-8_img1.png（繰返し日程登録画面）で、期間・曜日選択（月〜日）・開始時間・受付あり・受付時間・デッキ登録あり・デッキ登録締切（開始日前日数/時刻 23:59）・オンライン受付あり・オンライン受付開始/終了時間（開始日前日数/時刻）・右上の「日程登録」「戻る」を確認。	high	
sheet-8-R032	MATCHED						src/Eccube/Form/Type/Admin/RepeatScheduleType.php:163-170		オンライン受付開始時間の開始日前日数は整数の入力欄で初期値0、負の値は入力エラーになる（src/Eccube/Form/Type/Admin/RepeatScheduleType.php:163-170）。オンライン受付ありのオン・オフで表示・非表示が切り替わる（src/Eccube/Resource/template/admin/Event/RepeatSchedule/create.twig:43-50）。	sheet-8_img1.png（繰返し日程登録画面）で、期間・曜日選択（月〜日）・開始時間・受付あり・受付時間・デッキ登録あり・デッキ登録締切（開始日前日数/時刻 23:59）・オンライン受付あり・オンライン受付開始/終了時間（開始日前日数/時刻）・右上の「日程登録」「戻る」を確認。	high	
sheet-8-R033	MATCHED						src/Eccube/Resource/template/admin/Event/RepeatSchedule/create.twig:46-49		オンライン受付ありがオンのときだけ、開始日前日数と時刻が入力必須になる（src/Eccube/Resource/template/admin/Event/RepeatSchedule/create.twig:43-50）。	sheet-8_img1.png（繰返し日程登録画面）で、期間・曜日選択（月〜日）・開始時間・受付あり・受付時間・デッキ登録あり・デッキ登録締切（開始日前日数/時刻 23:59）・オンライン受付あり・オンライン受付開始/終了時間（開始日前日数/時刻）・右上の「日程登録」「戻る」を確認。	high	
sheet-8-R034	MATCHED						src/Eccube/Resource/template/admin/Event/RepeatSchedule/create.twig:189-194		オンライン受付開始時間の時刻の見出しと入力欄を表示している（src/Eccube/Resource/template/admin/Event/RepeatSchedule/create.twig:189-194）。	sheet-8_img1.png（繰返し日程登録画面）で、期間・曜日選択（月〜日）・開始時間・受付あり・受付時間・デッキ登録あり・デッキ登録締切（開始日前日数/時刻 23:59）・オンライン受付あり・オンライン受付開始/終了時間（開始日前日数/時刻）・右上の「日程登録」「戻る」を確認。	high	
sheet-8-R035	MATCHED						src/Eccube/Form/Type/Admin/RepeatScheduleType.php:171-174		オンライン受付開始時間の時刻は時刻の入力欄で、オンライン受付ありのオン・オフに合わせて表示・非表示が切り替わる（src/Eccube/Form/Type/Admin/RepeatScheduleType.php:171-174, src/Eccube/Resource/template/admin/Event/RepeatSchedule/create.twig:43-50）。初期値は空欄で、レイアウト図の 00:00 表示と厳密に一致するかは静的には確かめられない。	sheet-8_img1.png（繰返し日程登録画面）で、期間・曜日選択（月〜日）・開始時間・受付あり・受付時間・デッキ登録あり・デッキ登録締切（開始日前日数/時刻 23:59）・オンライン受付あり・オンライン受付開始/終了時間（開始日前日数/時刻）・右上の「日程登録」「戻る」を確認。	high	
sheet-8-R036	MATCHED						src/Eccube/Resource/template/admin/Event/RepeatSchedule/create.twig:46-49		オンライン受付ありがオンのときだけ入力必須になる（src/Eccube/Resource/template/admin/Event/RepeatSchedule/create.twig:43-50）。	sheet-8_img1.png（繰返し日程登録画面）で、期間・曜日選択（月〜日）・開始時間・受付あり・受付時間・デッキ登録あり・デッキ登録締切（開始日前日数/時刻 23:59）・オンライン受付あり・オンライン受付開始/終了時間（開始日前日数/時刻）・右上の「日程登録」「戻る」を確認。	high	
sheet-8-R037	MATCHED						src/Eccube/Resource/template/admin/Event/RepeatSchedule/create.twig:196-199		オンライン受付終了時間の見出しを表示し、その右に開始日前日数と時刻を並べている（src/Eccube/Resource/template/admin/Event/RepeatSchedule/create.twig:196-212）。	sheet-8_img1.png（繰返し日程登録画面）で、期間・曜日選択（月〜日）・開始時間・受付あり・受付時間・デッキ登録あり・デッキ登録締切（開始日前日数/時刻 23:59）・オンライン受付あり・オンライン受付開始/終了時間（開始日前日数/時刻）・右上の「日程登録」「戻る」を確認。	high	
sheet-8-R038	MATCHED						src/Eccube/Form/Type/Admin/RepeatScheduleType.php:175-182		オンライン受付終了時間の開始日前日数は整数の入力欄で初期値0、負の値は入力エラーになる（src/Eccube/Form/Type/Admin/RepeatScheduleType.php:175-182, src/Eccube/Resource/template/admin/Event/RepeatSchedule/create.twig:200-205）。	sheet-8_img1.png（繰返し日程登録画面）で、期間・曜日選択（月〜日）・開始時間・受付あり・受付時間・デッキ登録あり・デッキ登録締切（開始日前日数/時刻 23:59）・オンライン受付あり・オンライン受付開始/終了時間（開始日前日数/時刻）・右上の「日程登録」「戻る」を確認。	high	
sheet-8-R039	MATCHED						src/Eccube/Resource/template/admin/Event/RepeatSchedule/create.twig:46-49		オンライン受付ありがオンのときだけ入力必須になる（src/Eccube/Resource/template/admin/Event/RepeatSchedule/create.twig:43-50）。	sheet-8_img1.png（繰返し日程登録画面）で、期間・曜日選択（月〜日）・開始時間・受付あり・受付時間・デッキ登録あり・デッキ登録締切（開始日前日数/時刻 23:59）・オンライン受付あり・オンライン受付開始/終了時間（開始日前日数/時刻）・右上の「日程登録」「戻る」を確認。	high	
sheet-8-R040	MATCHED						src/Eccube/Form/Type/Admin/RepeatScheduleType.php:257-266		開始日前日数と時刻から求めたオンライン受付開始日時が、同じく求めた終了日時以上になる入力は入力エラーになる（src/Eccube/Form/Type/Admin/RepeatScheduleType.php:251-267）。	sheet-8_img1.png（繰返し日程登録画面）で、期間・曜日選択（月〜日）・開始時間・受付あり・受付時間・デッキ登録あり・デッキ登録締切（開始日前日数/時刻 23:59）・オンライン受付あり・オンライン受付開始/終了時間（開始日前日数/時刻）・右上の「日程登録」「戻る」を確認。	high	
sheet-8-R041	MATCHED						src/Eccube/Resource/template/admin/Event/RepeatSchedule/create.twig:206-211		オンライン受付終了時間の時刻の見出しと入力欄を表示している（src/Eccube/Resource/template/admin/Event/RepeatSchedule/create.twig:206-211）。	sheet-8_img1.png（繰返し日程登録画面）で、期間・曜日選択（月〜日）・開始時間・受付あり・受付時間・デッキ登録あり・デッキ登録締切（開始日前日数/時刻 23:59）・オンライン受付あり・オンライン受付開始/終了時間（開始日前日数/時刻）・右上の「日程登録」「戻る」を確認。	high	
sheet-8-R042	MATCHED						src/Eccube/Form/Type/Admin/RepeatScheduleType.php:183-186		オンライン受付終了時間の時刻は時刻の入力欄で、オンライン受付ありのオン・オフに合わせて表示・非表示が切り替わる（src/Eccube/Form/Type/Admin/RepeatScheduleType.php:183-186, src/Eccube/Resource/template/admin/Event/RepeatSchedule/create.twig:43-50）。	sheet-8_img1.png（繰返し日程登録画面）で、期間・曜日選択（月〜日）・開始時間・受付あり・受付時間・デッキ登録あり・デッキ登録締切（開始日前日数/時刻 23:59）・オンライン受付あり・オンライン受付開始/終了時間（開始日前日数/時刻）・右上の「日程登録」「戻る」を確認。	high	
sheet-8-R043	MATCHED						src/Eccube/Resource/template/admin/Event/RepeatSchedule/create.twig:46-49		オンライン受付ありがオンのときだけ入力必須になる（src/Eccube/Resource/template/admin/Event/RepeatSchedule/create.twig:43-50）。	sheet-8_img1.png（繰返し日程登録画面）で、期間・曜日選択（月〜日）・開始時間・受付あり・受付時間・デッキ登録あり・デッキ登録締切（開始日前日数/時刻 23:59）・オンライン受付あり・オンライン受付開始/終了時間（開始日前日数/時刻）・右上の「日程登録」「戻る」を確認。	high	
sheet-8-R044	MATCHED						src/Eccube/Form/Type/Admin/RepeatScheduleType.php:257-266		オンライン受付開始日時が終了日時以上になる入力は入力エラーになる（src/Eccube/Form/Type/Admin/RepeatScheduleType.php:251-267）。あわせて終了日時が開始時間以降になる入力もエラーとする（src/Eccube/Form/Type/Admin/RepeatScheduleType.php:269-278）。	sheet-8_img1.png（繰返し日程登録画面）で、期間・曜日選択（月〜日）・開始時間・受付あり・受付時間・デッキ登録あり・デッキ登録締切（開始日前日数/時刻 23:59）・オンライン受付あり・オンライン受付開始/終了時間（開始日前日数/時刻）・右上の「日程登録」「戻る」を確認。	high	
sheet-8-R045	MATCHED						src/Eccube/Resource/template/admin/Event/RepeatSchedule/create.twig:229-231		画面下部に「登録」ボタンを1つだけ表示する（src/Eccube/Resource/template/admin/Event/RepeatSchedule/create.twig:227-232、文言は src/Eccube/Resource/locale/messages.ja.yaml:1633 の「登録」）。繰返し日程登録は新規登録専用の画面で、更新・削除のボタンは無い。	sheet-8_img1.png を確認。画面右の実行ボタンは図では「日程登録」だが、項目表の識別ID:20 は「登録」で、実装の表示は「登録」。	high	
sheet-8-R046	MATCHED						src/Eccube/Resource/template/admin/Event/RepeatSchedule/create.twig:222-225		画面左下に「イベント編集」への戻りリンクを表示し、押すとイベント編集画面へ移る（src/Eccube/Resource/template/admin/Event/RepeatSchedule/create.twig:222-225、文言は src/Eccube/Resource/locale/messages.ja.yaml:5938 の「イベント編集」）。	sheet-8_img1.png（繰返し日程登録画面）で、期間・曜日選択（月〜日）・開始時間・受付あり・受付時間・デッキ登録あり・デッキ登録締切（開始日前日数/時刻 23:59）・オンライン受付あり・オンライン受付開始/終了時間（開始日前日数/時刻）・右上の「日程登録」「戻る」を確認。	high	
sheet-8-R047	OUT_OF_SCOPE								現行仕様の出典・機能名の見出し行であり、実装要求ではない。	sheet-8_img1.png（繰返し日程登録画面）で、期間・曜日選択（月〜日）・開始時間・受付あり・受付時間・デッキ登録あり・デッキ登録締切（開始日前日数/時刻 23:59）・オンライン受付あり・オンライン受付開始/終了時間（開始日前日数/時刻）・右上の「日程登録」「戻る」を確認。	high	
sheet-8-R048	OUT_OF_SCOPE								現行仕様の小見出し（登録の判定順序）であり、実装要求ではない。判定内容は R049 以降で見ている。	sheet-8_img1.png（繰返し日程登録画面）で、期間・曜日選択（月〜日）・開始時間・受付あり・受付時間・デッキ登録あり・デッキ登録締切（開始日前日数/時刻 23:59）・オンライン受付あり・オンライン受付開始/終了時間（開始日前日数/時刻）・右上の「日程登録」「戻る」を確認。	high	
sheet-8-R049	MATCHED						src/Eccube/Controller/Admin/Event/RepeatScheduleController.php:41-43		経路のイベントIDに一致するイベントが無いときは、画面表示・登録のどちらでもページが見つからない扱いになる（src/Eccube/Controller/Admin/Event/RepeatScheduleController.php:41-43 のイベント取り出しで見つからなければ404）。	sheet-8_img1.png（繰返し日程登録画面）で、期間・曜日選択（月〜日）・開始時間・受付あり・受付時間・デッキ登録あり・デッキ登録締切（開始日前日数/時刻 23:59）・オンライン受付あり・オンライン受付開始/終了時間（開始日前日数/時刻）・右上の「日程登録」「戻る」を確認。	high	
sheet-8-R050	MATCHED						src/Eccube/Controller/Admin/Event/RepeatScheduleController.php:67-99		入力の検証に失敗したときは登録処理へ進まず、入力した値と項目ごとのエラーを付けて入力画面を再表示する（src/Eccube/Controller/Admin/Event/RepeatScheduleController.php:67-93, src/Eccube/Controller/Admin/Event/RepeatScheduleController.php:95-99, src/Eccube/Resource/template/admin/Event/RepeatSchedule/create.twig:104-111 ほかの各 form_errors）。画面上部の「保存に失敗しました」はリニューアル後の仕様（M13-04-MSG-003）で登録中のエラー時と定義されているため、そちらに従っている。	sheet-8_img1.png（繰返し日程登録画面）で、期間・曜日選択（月〜日）・開始時間・受付あり・受付時間・デッキ登録あり・デッキ登録締切（開始日前日数/時刻 23:59）・オンライン受付あり・オンライン受付開始/終了時間（開始日前日数/時刻）・右上の「日程登録」「戻る」を確認。	med	
sheet-8-R051	OUT_OF_SCOPE								現行仕様では「受付あり」を有効にしたときの支払方法チェックとしているが、リニューアル後の仕様（M13-04-MSG-004、R063）では「オンライン受付ありかつ参加費が有料」のときと定めており、食い違う箇所は後者が優先。現行仕様側は対象外。	sheet-8_img1.png（繰返し日程登録画面）で、期間・曜日選択（月〜日）・開始時間・受付あり・受付時間・デッキ登録あり・デッキ登録締切（開始日前日数/時刻 23:59）・オンライン受付あり・オンライン受付開始/終了時間（開始日前日数/時刻）・右上の「日程登録」「戻る」を確認。	high	
sheet-8-R052	OUT_OF_SCOPE								現行仕様の小見出し（作成した日程に設定される値）であり、実装要求ではない。	sheet-8_img1.png（繰返し日程登録画面）で、期間・曜日選択（月〜日）・開始時間・受付あり・受付時間・デッキ登録あり・デッキ登録締切（開始日前日数/時刻 23:59）・オンライン受付あり・オンライン受付開始/終了時間（開始日前日数/時刻）・右上の「日程登録」「戻る」を確認。	high	
sheet-8-R053	MATCHED						src/Eccube/Service/Admin/Event/RepeatScheduleStoreAction.php:99		作成する日程の休日扱いを、その日が土曜・日曜であるか休日マスタに登録されているかで決めている（src/Eccube/Service/Admin/Event/RepeatScheduleStoreAction.php:99, src/Eccube/Repository/Master/MtbHolidayRepository.php:61-64）。	sheet-8_img1.png（繰返し日程登録画面）で、期間・曜日選択（月〜日）・開始時間・受付あり・受付時間・デッキ登録あり・デッキ登録締切（開始日前日数/時刻 23:59）・オンライン受付あり・オンライン受付開始/終了時間（開始日前日数/時刻）・右上の「日程登録」「戻る」を確認。	high	
sheet-8-R054	MATCHED						src/Eccube/Service/EntityManager/EventDetailEntityManager.php:71		日程の登録者に操作した担当者を記録している（src/Eccube/Service/Admin/Event/RepeatScheduleStoreAction.php:95 で担当者を渡し、src/Eccube/Service/EntityManager/EventDetailEntityManager.php:71 で記録）。	sheet-8_img1.png（繰返し日程登録画面）で、期間・曜日選択（月〜日）・開始時間・受付あり・受付時間・デッキ登録あり・デッキ登録締切（開始日前日数/時刻 23:59）・オンライン受付あり・オンライン受付開始/終了時間（開始日前日数/時刻）・右上の「日程登録」「戻る」を確認。	high	
sheet-8-R055	MATCHED						src/Eccube/Service/Admin/Event/RepeatScheduleStoreAction.php:76-86		デッキ登録締切とオンライン受付の開始・終了の日時を、その日程の日付から指定の前日数を引いた日付と指定の時刻の組み合わせで作っている（src/Eccube/Service/Admin/Event/RepeatScheduleStoreAction.php:76-79, src/Eccube/Service/Admin/Event/RepeatScheduleStoreAction.php:82-87）。	sheet-8_img1.png（繰返し日程登録画面）で、期間・曜日選択（月〜日）・開始時間・受付あり・受付時間・デッキ登録あり・デッキ登録締切（開始日前日数/時刻 23:59）・オンライン受付あり・オンライン受付開始/終了時間（開始日前日数/時刻）・右上の「日程登録」「戻る」を確認。	high	
sheet-8-R056	OUT_OF_SCOPE								現行仕様の小見出し（該当する日が無いとき）であり、実装要求ではない。内容は R057 で見ている。	sheet-8_img1.png（繰返し日程登録画面）で、期間・曜日選択（月〜日）・開始時間・受付あり・受付時間・デッキ登録あり・デッキ登録締切（開始日前日数/時刻 23:59）・オンライン受付あり・オンライン受付開始/終了時間（開始日前日数/時刻）・右上の「日程登録」「戻る」を確認。	high	
sheet-8-R057	MATCHED						src/Eccube/Service/Admin/Event/RepeatScheduleStoreAction.php:57-61		選択した曜日に当たる日が期間内に1日も無いときは、日程を1件も作らずに処理を終え（src/Eccube/Service/Admin/Event/RepeatScheduleStoreAction.php:57-61, src/Eccube/Service/Admin/Event/RepeatScheduleStoreAction.php:114）、保存しました を表示してイベント編集画面へ移る（src/Eccube/Controller/Admin/Event/RepeatScheduleController.php:87-89）。	sheet-8_img1.png（繰返し日程登録画面）で、期間・曜日選択（月〜日）・開始時間・受付あり・受付時間・デッキ登録あり・デッキ登録締切（開始日前日数/時刻 23:59）・オンライン受付あり・オンライン受付開始/終了時間（開始日前日数/時刻）・右上の「日程登録」「戻る」を確認。	high	
sheet-8-R058	OUT_OF_SCOPE								入出力の表の区分行（入力）であり、実装要求ではない。内容は R059 で見ている。	sheet-8_img1.png（繰返し日程登録画面）で、期間・曜日選択（月〜日）・開始時間・受付あり・受付時間・デッキ登録あり・デッキ登録締切（開始日前日数/時刻 23:59）・オンライン受付あり・オンライン受付開始/終了時間（開始日前日数/時刻）・右上の「日程登録」「戻る」を確認。	high	
sheet-8-R059	MATCHED						src/Eccube/Resource/template/admin/Event/RepeatSchedule/create.twig:64		入力画面はなりすまし対策トークンを送信内容に含め（src/Eccube/Resource/template/admin/Event/RepeatSchedule/create.twig:64）、値が一致しないときは検証が通らないため登録処理へ進まず日程は作成されない（src/Eccube/Controller/Admin/Event/RepeatScheduleController.php:67-93）。	sheet-8_img1.png（繰返し日程登録画面）で、期間・曜日選択（月〜日）・開始時間・受付あり・受付時間・デッキ登録あり・デッキ登録締切（開始日前日数/時刻 23:59）・オンライン受付あり・オンライン受付開始/終了時間（開始日前日数/時刻）・右上の「日程登録」「戻る」を確認。	med	
sheet-8-R060	MATCHED						src/Eccube/Controller/Admin/Event/RepeatScheduleController.php:59-65		対象イベントの店舗情報が無いか、その店舗を編集できないときに「不正なリクエストです。」を管理画面上部に表示し、繰返し日程登録画面へ戻す（src/Eccube/Controller/Admin/Event/RepeatScheduleController.php:59-65、文言は src/Eccube/Resource/locale/messages.ja.yaml:1612）。	sheet-8_img1.png（繰返し日程登録画面）で、期間・曜日選択（月〜日）・開始時間・受付あり・受付時間・デッキ登録あり・デッキ登録締切（開始日前日数/時刻 23:59）・オンライン受付あり・オンライン受付開始/終了時間（開始日前日数/時刻）・右上の「日程登録」「戻る」を確認。	high	
sheet-8-R061	MATCHED						src/Eccube/Controller/Admin/Event/RepeatScheduleController.php:87-89		登録できたときは「保存しました」を管理画面上部に表示し、イベント編集画面へ移る（src/Eccube/Controller/Admin/Event/RepeatScheduleController.php:87-89、文言は src/Eccube/Resource/locale/messages.ja.yaml:1595）。	sheet-8_img1.png（繰返し日程登録画面）で、期間・曜日選択（月〜日）・開始時間・受付あり・受付時間・デッキ登録あり・デッキ登録締切（開始日前日数/時刻 23:59）・オンライン受付あり・オンライン受付開始/終了時間（開始日前日数/時刻）・右上の「日程登録」「戻る」を確認。	high	
sheet-8-R062	MATCHED						src/Eccube/Controller/Admin/Event/RepeatScheduleController.php:90-92		登録中にエラーが起きたときは「保存に失敗しました」を管理画面上部に表示し、繰返し日程登録画面に留まる（src/Eccube/Controller/Admin/Event/RepeatScheduleController.php:90-92、文言は src/Eccube/Resource/locale/messages.ja.yaml:1596）。	sheet-8_img1.png（繰返し日程登録画面）で、期間・曜日選択（月〜日）・開始時間・受付あり・受付時間・デッキ登録あり・デッキ登録締切（開始日前日数/時刻 23:59）・オンライン受付あり・オンライン受付開始/終了時間（開始日前日数/時刻）・右上の「日程登録」「戻る」を確認。	high	
sheet-8-R063	MATCHED						src/Eccube/Form/Type/Admin/RepeatScheduleType.php:190-194		オンライン受付ありがオンで親イベントの参加費が有料、かつ親イベントに支払方法が無いときに「オンライン受付ありかつ参加費が有料の場合は、イベント編集画面で支払方法を設定してください。」をオンライン受付ありの項目直下に表示し、登録せず画面に留まる（src/Eccube/Form/Type/Admin/RepeatScheduleType.php:190-194、文言は src/Eccube/Resource/locale/validators.ja.yaml:67、表示位置は src/Eccube/Resource/template/admin/Event/RepeatSchedule/create.twig:176-178）。	sheet-8_img1.png（繰返し日程登録画面）で、期間・曜日選択（月〜日）・開始時間・受付あり・受付時間・デッキ登録あり・デッキ登録締切（開始日前日数/時刻 23:59）・オンライン受付あり・オンライン受付開始/終了時間（開始日前日数/時刻）・右上の「日程登録」「戻る」を確認。	high	
sheet-9-R001	MATCHED				・編集権限を保持している店舗のイベントのみ編集を可能とする		src/Eccube/Form/Type/Admin/EventType.php:292-298; src/Eccube/Resource/template/admin/Event/edit.twig:483; src/Eccube/Resource/template/admin/Event/edit.twig:489-499	登録・更新の検証で、ログイン中メンバーが編集権限を持たない店舗を選ぶとエラーになる。編集権限の無い店舗のイベントでは削除・登録ボタン自体が出ない。	src/Eccube/Form/Type/Admin/EventType.php:292-298 が Member->isEditableShop で店舗を検証し、src/Eccube/Resource/template/admin/Event/edit.twig:483 と src/Eccube/Resource/template/admin/Event/edit.twig:489 が isEditableBaseInfo でボタンを出し分けている。	sheet-9_img1.png（イベント編集レイアウト）	high	
sheet-9-R002	MATCHED				・大型イベント、特別イベント、イベントレベル(初心者など)を個別に設定できる		src/Eccube/Form/Type/Admin/EventType.php:100-109; src/Eccube/Form/Type/Admin/EventType.php:110-117; app/DoctrineMigrations/Version20260514110000.php:31-36; app/DoctrineMigrations/Version20251125164616.php:88-102	イベント規模（大型イベント・特別イベントを含む4区分）とルール適用度（初心者歓迎などを含む8区分）を、それぞれ単一選択で設定できる。	src/Eccube/Form/Type/Admin/EventType.php:100-109 のイベント規模と src/Eccube/Form/Type/Admin/EventType.php:110-117 のルール適用度が別々の入力項目として存在し、選択肢は app/DoctrineMigrations/Version20260514110000.php:31-36 と app/DoctrineMigrations/Version20251125164616.php:88-102 のマスタ値。	sheet-9_img1.png（イベント編集レイアウト）	high	
sheet-9-R003	MATCHED				・コンビニ決済を削除する		src/Eccube/Form/Type/Admin/EventType.php:159-169	支払方法の選択肢はクレジットカード決済の1つだけで、コンビニ決済は選べない。	src/Eccube/Form/Type/Admin/EventType.php:166-168 の choices が Payment::EC_CREDIT のみ。コンビニ決済の選択肢は存在しない。	sheet-9_img1.png（イベント編集レイアウト）/sheet-9_img2.png（複製新規レイアウト。「イベント登録」「戻る」ボタン） には現行のコンビニ決済チェックが残るが、識別ID:1-13 の記述が優先。	high	
sheet-9-R004	OUT_OF_SCOPE				・以下の入力項目を追加する				「以下の入力項目を追加する」は直後2行（R005 イベント規模 / R006 フリー入力エリア）の前置き。単独では要求として判定できないため対象外。		high	
sheet-9-R005	MATCHED				・イベント規模		src/Eccube/Form/Type/Admin/EventType.php:100-109; src/Eccube/Resource/template/admin/Event/edit.twig:146-156	イベント規模の単一選択が入力項目として存在する。	src/Eccube/Form/Type/Admin/EventType.php:100-109 で eventScale を追加し、src/Eccube/Resource/template/admin/Event/edit.twig:155 で画面に描画している。	sheet-9_img1.png（イベント編集レイアウト）	high	
sheet-9-R006	MATCHED				・フリー入力エリア		src/Eccube/Form/Type/Admin/EventType.php:188-271; src/Eccube/Resource/template/admin/Event/edit.twig:246-380	フリー入力エリア（項目名日英・内容日英・アコーディオン表示）が3組、入力項目として存在する。	src/Eccube/Form/Type/Admin/EventType.php:188-271 に freeTextArea1〜3 の各5項目があり、src/Eccube/Resource/template/admin/Event/edit.twig:246-380 で画面に描画している。	sheet-9_img1.png（イベント編集レイアウト）	high	
sheet-9-R007	OUT_OF_SCOPE				・カスタマイズ要件に記載の内容以外は現行踏襲とする。				「カスタマイズ要件に記載の内容以外は現行踏襲とする」は適用範囲の宣言であって、実装対象の個別要求ではないため対象外。		high	
sheet-9-R008	OUT_OF_SCOPE				★権限による制御				★見出し行（この下の4行が仕様本体）。見出しのため対象外。		high	
sheet-9-R009	MATCHED				・識別ID:5「会場」にメンバーのデフォルト表示の店舗を設定する　メンバーが権限を保持している店舗のイベントのみ、登録が可能		src/Eccube/Form/Type/Admin/EventType.php:292-298; src/Eccube/Resource/locale/validators.ja.yaml:69	編集権限の無い店舗を選んで登録しようとすると「ユーザーの編集可能店舗を選択してください。」のエラーになり登録されない。	src/Eccube/Form/Type/Admin/EventType.php:294-297 が isEditableShop で判定し、src/Eccube/Resource/locale/validators.ja.yaml:69 のメッセージをフォームエラーとして付ける。左セルの「識別ID:5「会場」に…」は結合セルの重複で、仕様本体は右セル側。		high	
sheet-9-R010	DESIGN_ISSUE	P2			・識別ID:5「会場」にメンバーのデフォルト表示の店舗を設定する　識別ID:1-3 「店舗」は編集権限のある店舗のみ表示する	店舗の選択肢に、ログイン中メンバーが編集権限を持つ店舗だけを並べる。ただし同じ画面を説明するイベント編集シートは同項目を「選択肢:全店舗」としており、どちらを採るかの裁定が要る。	src/Eccube/Form/Type/Admin/EventType.php:88-92; src/Eccube/Form/Type/Admin/EventType.php:292-298	店舗の選択肢は登録されている全店舗が並び順どおりに出る。編集権限による絞り込みは無く、編集権限の無い店舗を選んで登録しようとしたときにエラーで止まる（src/Eccube/Form/Type/Admin/EventType.php:292-298）。	本シートは店舗欄を「編集権限のある店舗のみ表示する」とするが、同じ入力フォームを説明するイベント編集シート(sheet-5)の同一項目 1-3 は「選択肢:全店舗」「編集権限のない店舗が選択された場合エラー」と書かれており、正本内部で食い違う。本シート冒頭は「編集と同仕様」と宣言しているため、どちらを正とするかは設計裁定が要る。実装（src/Eccube/Form/Type/Admin/EventType.php:88-92）は全店舗表示で、イベント編集シート側の記述と一致している。	sheet-9_img2.png（複製新規レイアウト）の店舗欄は単一選択のプルダウンで、選択肢の範囲は図からは読み取れない。	high	EventType-shop-choices-design-conflict
sheet-9-R011	MATCHED				・識別ID:5「会場」にメンバーのデフォルト表示の店舗を設定する　識別ID:1-3 「店舗」は編集権限のない店舗が選択された場合エラーとする		src/Eccube/Form/Type/Admin/EventType.php:292-298; src/Eccube/Resource/locale/validators.ja.yaml:69	編集権限の無い店舗が選ばれた状態で登録すると、店舗欄にエラーが表示され登録されない。	src/Eccube/Form/Type/Admin/EventType.php:294-297 が送信後の検証でエラーを付ける。		high	
sheet-9-R012	MATCHED				・識別ID:5「会場」にメンバーのデフォルト表示の店舗を設定する　識別ID:1-3 「店舗」の初期値にメンバーのデフォルト表示の店舗を設定する		src/Eccube/Controller/Admin/Event/EventController.php:217-221	新規登録画面を開いたとき、店舗の初期値にメンバーのデフォルト表示店舗が入る。	src/Eccube/Controller/Admin/Event/EventController.php:218-221 が getDefaultSearchBaseInfo の店舗を初期値に設定する。複製新規で開いたときは R021 のとおり複製元イベントの店舗が入る。		high	
sheet-9-R013	OUT_OF_SCOPE				★入力項目の追加、削除について				★見出し行。見出しのため対象外。		high	
sheet-9-R014	MATCHED				・識別ID:1-13 「支払方法」からコンビニ決済を削除する		src/Eccube/Form/Type/Admin/EventType.php:159-169	支払方法の選択肢はクレジットカード決済のみ。	src/Eccube/Form/Type/Admin/EventType.php:166-168 の choices に Payment::EC_CREDIT しか無い。		high	
sheet-9-R015	MATCHED				・識別ID:1-8 「イベント規模」の追加する		src/Eccube/Form/Type/Admin/EventType.php:100-109	イベント規模の入力項目がある。	src/Eccube/Form/Type/Admin/EventType.php:100-109 で eventScale を追加している。		high	
sheet-9-R016	MATCHED				・識別ID:2-6 - 2-15 「フリー入力エリア」2つ追加する		src/Eccube/Form/Type/Admin/EventType.php:188-271	フリー入力エリアが複数組（実装は3組）用意されている。	src/Eccube/Form/Type/Admin/EventType.php:188-271 に freeTextArea1〜3 がある。項目定義表（識別ID:2-5〜2-19）は3組を定義しており、実装はそれに一致する。カスタマイズ説明の「2つ」は項目定義表と食い違うが、項目の正本は項目定義表。		med	
sheet-9-R017	MATCHED				・識別ID:1-6 「ルール適用度」に、初心者歓迎、カジュアル対戦、上級者向けを追加する		app/DoctrineMigrations/Version20251125164616.php:88-102	ルール適用度の選択肢に初心者歓迎・カジュアル対戦・上級者向けがある。	app/DoctrineMigrations/Version20251125164616.php:88-102 で id=6,7,8 として登録されている。		high	
sheet-9-R018	MATCHED				・識別ID:1-12 現行の「チーム人数」を削除し、「チーム戦」チェックボックスを追加する		src/Eccube/Form/Type/Admin/EventType.php:155-158; src/Eccube/Resource/template/admin/Event/edit.twig:198-199	チーム人数の入力欄は無く、チーム戦のチェックボックスがある。	src/Eccube/Form/Type/Admin/EventType.php:155-158 が isTeamBattle のチェックボックスを定義し、src/Eccube/Resource/template/admin/Event/edit.twig:198 で描画。チーム人数に相当する入力項目はフォームにもエンティティにも無い。	sheet-9_img1.png（イベント編集レイアウト） には現行の「チーム人数」が残るが、識別ID:1-12 の記述が優先。	high	
sheet-9-R019	MATCHED				★識別ID:1-11「定員」の接尾辞は、 識別ID:1-12 「チーム戦」チェックボックスがオフの時は「人」、オンの時は「組」に切り替える		src/Eccube/Resource/template/admin/Event/edit.twig:15-23; src/Eccube/Resource/template/admin/Event/edit.twig:191	定員の右の単位表示が、チーム戦チェックのオン・オフに追従して「組」「人」に切り替わる。	src/Eccube/Resource/template/admin/Event/edit.twig:15-23 がチェック状態に応じて src/Eccube/Resource/template/admin/Event/edit.twig:191 の表示を data-person/data-group（人/組）へ書き替える。		high	
sheet-9-R020	MATCHED				・新規登録は複製新規と同仕様		src/Eccube/Controller/Admin/Event/EventController.php:214-262; src/Eccube/Controller/Admin/Event/EventController.php:271-347; src/Eccube/Resource/template/admin/Event/edit.twig:57-61	新規登録画面と複製新規画面は同じ入力項目・同じ登録動作。	どちらも src/Eccube/Resource/template/admin/Event/edit.twig を EventType で描画し（src/Eccube/Controller/Admin/Event/EventController.php:213 と src/Eccube/Controller/Admin/Event/EventController.php:274）、登録は同じ src/Eccube/Controller/Admin/Event/EventController.php:214 の登録処理へ送られる（src/Eccube/Resource/template/admin/Event/edit.twig:57-61）。		high	
sheet-9-R021	MATCHED				・「複製新規」から表示した場合、入力項目は複製元のイベントのものを複製して入力済みで画面を表示する。		src/Eccube/Controller/Admin/Event/EventController.php:271-282; src/Eccube/Resource/template/admin/Event/edit.twig:57-61	複製新規で開くと、複製元イベントの入力値が入った状態で画面が表示される。	src/Eccube/Controller/Admin/Event/EventController.php:275-280 が複製元イベントをそのままフォームの初期データにして src/Eccube/Resource/template/admin/Event/edit.twig を描画する。登録先は新規登録の処理（src/Eccube/Resource/template/admin/Event/edit.twig:60）。	sheet-9_img2.png（複製新規レイアウト。「イベント登録」「戻る」ボタン）	high	
sheet-9-R022	OUT_OF_SCOPE				入力項目1				「入力項目1」は表の区分行（見出し）のため対象外。		high	
sheet-9-R023	MATCHED				"1-1	イベント名(日)	全角・半角	〇	255字	-	-"		src/Eccube/Form/Type/Admin/EventType.php:76-81	イベント名(日)は必須のテキスト入力で、255字を超えるとエラー。	src/Eccube/Form/Type/Admin/EventType.php:76-81 に NotBlank と最大長 eccube_stext_len(255) の制限がある。	sheet-9_img1.png（イベント編集レイアウト）	high	
sheet-9-R024	MATCHED				"1-2	イベント名(英)	全角・半角	〇	255字	-	-"		src/Eccube/Form/Type/Admin/EventType.php:82-87	イベント名(英)は必須のテキスト入力で、255字を超えるとエラー。	src/Eccube/Form/Type/Admin/EventType.php:82-87 に NotBlank と最大長255の制限がある。	sheet-9_img1.png（イベント編集レイアウト）	high	
sheet-9-R025	DESIGN_ISSUE	P2			"1-3	店舗	単一選択	〇	-	デフォルト表示の店舗	編集権限のある店舗のみ表示"	店舗の選択肢に、ログイン中メンバーが編集権限を持つ店舗だけを並べる。ただし同じ画面を説明するイベント編集シートは同項目を「選択肢:全店舗」としており、どちらを採るかの裁定が要る。	src/Eccube/Form/Type/Admin/EventType.php:88-92; src/Eccube/Controller/Admin/Event/EventController.php:215-221	店舗の選択肢は登録されている全店舗が並び順どおりに出る。編集権限による絞り込みは無く、編集権限の無い店舗を選んで登録しようとしたときにエラーで止まる（src/Eccube/Form/Type/Admin/EventType.php:292-298）。　初期値は新規登録時にメンバーのデフォルト表示店舗が入る（src/Eccube/Controller/Admin/Event/EventController.php:216-219）。	本シートは店舗欄を「編集権限のある店舗のみ表示する」とするが、同じ入力フォームを説明するイベント編集シート(sheet-5)の同一項目 1-3 は「選択肢:全店舗」「編集権限のない店舗が選択された場合エラー」と書かれており、正本内部で食い違う。本シート冒頭は「編集と同仕様」と宣言しているため、どちらを正とするかは設計裁定が要る。実装（src/Eccube/Form/Type/Admin/EventType.php:88-92）は全店舗表示で、イベント編集シート側の記述と一致している。　同一行の初期値「デフォルト表示の店舗」は実装済みで、裁定が要るのは選択肢の範囲だけ（R010 と同一の設計矛盾）。	sheet-9_img2.png（複製新規レイアウト）の店舗欄は単一選択のプルダウンで、選択肢の範囲は図からは読み取れない。	high	EventType-shop-choices-design-conflict
sheet-9-R026	MATCHED				編集権限のない店舗が選択された場合エラー		src/Eccube/Form/Type/Admin/EventType.php:292-298; src/Eccube/Resource/locale/validators.ja.yaml:69	編集権限の無い店舗を選んで登録するとエラーになる。	src/Eccube/Form/Type/Admin/EventType.php:294-297 と src/Eccube/Resource/locale/validators.ja.yaml:69。		high	
sheet-9-R027	OUT_OF_SCOPE								同じ入力フォームを説明するイベント編集シート(sheet-5)の同一項目 1-4 会場には「2026/6/11 会場は不要のため削除」と注記があり、正本が削除を宣言している。本シート冒頭も「編集と同仕様」と宣言しているため、会場は実装対象の要求ではない。ee 側にも会場に当たる入力項目・保持項目は無い（src/Eccube/Form/Type/Admin/EventType.php:75-271、src/Eccube/Entity/DtbEvent.php:36-160）。	sheet-9_img1.png・sheet-9_img2.png とも「店舗」の右に「会場」のプルダウンが描かれているが、項目表側の削除宣言（イベント編集シート）を優先した。	high	
sheet-9-R028	MATCHED				"1-5	フォーマット	複数選択	〇	-	-	タグ表示"		src/Eccube/Form/Type/Admin/EventType.php:93-99; src/Eccube/Resource/template/admin/Event/edit.twig:13; src/Eccube/Resource/template/admin/Event/edit.twig:110-117	フォーマットは複数選択で、選んだものがタグとして並ぶ。	src/Eccube/Form/Type/Admin/EventType.php:93-99 が複数選択、src/Eccube/Resource/template/admin/Event/edit.twig:13 が選択済みをタグ表示する部品を適用している。	sheet-9_img1.png（イベント編集レイアウト）	high	
sheet-9-R029	MATCHED				サジェスト		src/Eccube/Resource/template/admin/Event/edit.twig:13	フォーマットの選択時に候補を絞り込むサジェストが出る。	src/Eccube/Resource/template/admin/Event/edit.twig:13 の部品適用により入力に応じた候補の絞り込みが働く。		med	
sheet-9-R030	MATCHED				"1-6	ルール適用度	単一選択	〇	-	-	選択肢:ルール全種"		src/Eccube/Form/Type/Admin/EventType.php:110-117; app/DoctrineMigrations/Version20251125164616.php:60-102	ルール適用度は単一選択で、マスタの全種類が選べる。	src/Eccube/Form/Type/Admin/EventType.php:110-117 が並び順どおり全件を選択肢にし、app/DoctrineMigrations/Version20251125164616.php:60-102 が全8種のマスタ。	sheet-9_img1.png（イベント編集レイアウト）	high	
sheet-9-R031	MATCHED				初心者歓迎、カジュアル対戦、上級者向けを追加		app/DoctrineMigrations/Version20251125164616.php:88-102	初心者歓迎・カジュアル対戦・上級者向けが選べる。	app/DoctrineMigrations/Version20251125164616.php:88-102。		high	
sheet-9-R032	MATCHED				"1-7	公開状態	単一選択	〇	-	-	選択肢: 公開 非公開 限定公開"		src/Eccube/Form/Type/Admin/EventType.php:118-126; app/DoctrineMigrations/Version20260212120000.php:58-61	公開状態は公開・非公開・限定公開の単一選択。	src/Eccube/Form/Type/Admin/EventType.php:118-126 が必須の単一選択、選択肢は Version20260212120000.php:58-61 の3件。	sheet-9_img1.png（イベント編集レイアウト）	high	
sheet-9-R033	DRIFT	P3	実装違い	IO	"1-8	イベント規模	単一選択	-	-	-	大型イベント、特別イベント"	イベント規模は任意項目で、選ばないままでも登録できる。	src/Eccube/Form/Type/Admin/EventType.php:100-109; src/Eccube/Resource/template/admin/Event/edit.twig:146-153	src/Eccube/Form/Type/Admin/EventType.php:104-106 でイベント規模を必須にしており、未選択のままでは登録できない。空欄の選択肢も無く、画面には必須バッジが出る（src/Eccube/Resource/template/admin/Event/edit.twig:153）。	項目定義表の必須欄は「-」（任意）だが、実装は必須。レイアウト図でもイベント規模だけ必須マークが無い。	sheet-9_img1.png（イベント編集レイアウト） のイベント規模には赤字の「必須」が付いていない（他の必須項目には付いている）。	med	EventType-event-scale-required
sheet-9-R034	MATCHED				"1-9	バナーURL(日)	全角・半角	-	255字	-	-"		src/Eccube/Form/Type/Admin/EventType.php:127-137	バナーURL(日)は任意入力で255字まで。	src/Eccube/Form/Type/Admin/EventType.php:127-137 に最大長255の制限があり required は無い。	sheet-9_img1.png（イベント編集レイアウト）	high	
sheet-9-R035	MATCHED				"1-10	バナーURL(英)	全角・半角	-	255字	-	-"		src/Eccube/Form/Type/Admin/EventType.php:138-148	バナーURL(英)は任意入力で255字まで。	src/Eccube/Form/Type/Admin/EventType.php:138-148。	sheet-9_img1.png（イベント編集レイアウト）	high	
sheet-9-R036	MATCHED				"1-11	定員	数値(整数)	〇	8字	-	接尾辞はチーム戦オフの時「人」、オンの時「組」"		src/Eccube/Form/Type/Admin/EventType.php:149-154; src/Eccube/Resource/template/admin/Event/edit.twig:15-23; src/Eccube/Resource/template/admin/Event/edit.twig:191	定員は必須の整数入力で、右の単位がチーム戦オフで「人」、オンで「組」に変わる。	src/Eccube/Form/Type/Admin/EventType.php:149-154 が整数・1以上の必須入力、src/Eccube/Resource/template/admin/Event/edit.twig:15-23 が単位表示を切り替える。最大桁は実装が9桁（eccube_int_len）で設計の「8字」と1桁違うが、定員として意味のある差ではないため指摘にしない。	sheet-9_img1.png（イベント編集レイアウト）	med	
sheet-9-R037	MATCHED				"1-12	チーム戦	チェックボックス	-	-	-	-"		src/Eccube/Form/Type/Admin/EventType.php:155-158; src/Eccube/Resource/template/admin/Event/edit.twig:198-199	チーム戦は任意のチェックボックス。	src/Eccube/Form/Type/Admin/EventType.php:155-158。		high	
sheet-9-R038	MATCHED				"1-13	支払方法	複数選択	-	-	クレジットカード決済	コンビニ決済は削除"		src/Eccube/Form/Type/Admin/EventType.php:68-73; src/Eccube/Form/Type/Admin/EventType.php:159-169	支払方法は複数選択でクレジットカード決済のみが並ぶ。	src/Eccube/Form/Type/Admin/EventType.php:166-168 の選択肢はクレジットカード決済だけ。初期値は src/Eccube/Form/Type/Admin/EventType.php:68-73 でイベントの保持値から復元され、複製新規では複製元の値が入る（R021）。初期値は、複製新規では複製元イベントの支払方法がそのままチェック済みで表示される（src/Eccube/Form/Type/Admin/EventType.php:68-73、src/Eccube/Form/Type/Admin/EventType.php:159-169）。	sheet-9_img1.png（イベント編集レイアウト）	med	
sheet-9-R039	MATCHED				"1-14	参加費	数値(整数)	〇	8字	-	-"		src/Eccube/Form/Type/Admin/EventType.php:170-175	参加費は必須の整数入力で、8桁まで・0以上。	src/Eccube/Form/Type/Admin/EventType.php:170-175 に最大長 eccube_price_len(8) と0以上の制限がある。	sheet-9_img1.png（イベント編集レイアウト）	high	
sheet-9-R040	OUT_OF_SCOPE				入力項目2				「入力項目2」は表の区分行（見出し）のため対象外。		high	
sheet-9-R041	MATCHED				"2-1	賞品(日)	全角・半角	-	4096字	-	-"		src/Eccube/Form/Type/Admin/EventType.php:176-181	賞品(日)は任意のテキストエリアで4096字まで。	src/Eccube/Form/Type/Admin/EventType.php:176-181 に最大長4096の制限。	sheet-9_img1.png（イベント編集レイアウト）	high	
sheet-9-R042	MATCHED				"2-2	賞品(英)	全角・半角	-	4096字	-	-"		src/Eccube/Form/Type/Admin/EventType.php:182-187	賞品(英)は任意のテキストエリアで4096字まで。	src/Eccube/Form/Type/Admin/EventType.php:182-187。	sheet-9_img1.png（イベント編集レイアウト）	high	
sheet-9-R043	OUT_OF_SCOPE								同じ入力フォームを説明するイベント編集シート(sheet-5)は、カスタマイズ説明で「・識別ID:2-3、2-4 「備考」を削除する」と述べ、項目表の 2-3/2-4 の説明欄も「削除」となっている。正本が削除を宣言しており、本シート冒頭も「編集と同仕様」のため実装対象の要求ではない。ee 側にも備考に当たる入力項目・保持項目は無い（src/Eccube/Form/Type/Admin/EventType.php:176-271、src/Eccube/Entity/DtbEvent.php:36-160）。	sheet-9_img1.png・sheet-9_img2.png とも賞品の下に「備考(日)」のテキストエリアが描かれているが、項目表側の削除宣言（イベント編集シート）を優先した。	high	
sheet-9-R044	OUT_OF_SCOPE								同じ入力フォームを説明するイベント編集シート(sheet-5)は、カスタマイズ説明で「・識別ID:2-3、2-4 「備考」を削除する」と述べ、項目表の 2-3/2-4 の説明欄も「削除」となっている。正本が削除を宣言しており、本シート冒頭も「編集と同仕様」のため実装対象の要求ではない。ee 側にも備考に当たる入力項目・保持項目は無い（src/Eccube/Form/Type/Admin/EventType.php:176-271、src/Eccube/Entity/DtbEvent.php:36-160）。	sheet-9_img1.png・sheet-9_img2.png とも賞品の下に「備考(英)」のテキストエリアが描かれているが、項目表側の削除宣言（イベント編集シート）を優先した。	high	
sheet-9-R045	MATCHED				"2-5	フリー入力エリア1"		src/Eccube/Form/Type/Admin/EventType.php:188-193	フリー入力エリア1項目名(日)が任意入力として存在し、255字まで入力できる。	src/Eccube/Form/Type/Admin/EventType.php:188-193 が フリー入力エリア1項目名(日) を任意入力・最大長255で定義している。	sheet-9_img1.png（イベント編集レイアウト）	high	
sheet-9-R046	MATCHED				"項目名(日)	全角・半角	-	255字	-	-"		src/Eccube/Form/Type/Admin/EventType.php:188-193	フリー入力エリア1項目名(日)が任意入力として存在し、255字まで入力できる。	src/Eccube/Form/Type/Admin/EventType.php:188-193 が フリー入力エリア1項目名(日) を任意入力・最大長255で定義している。	sheet-9_img1.png（イベント編集レイアウト）	high	
sheet-9-R047	MATCHED				"2-6	フリー入力エリア1"		src/Eccube/Form/Type/Admin/EventType.php:194-199	フリー入力エリア1項目名(英)が任意入力として存在し、255字まで入力できる。	src/Eccube/Form/Type/Admin/EventType.php:194-199 が フリー入力エリア1項目名(英) を任意入力・最大長255で定義している。	sheet-9_img1.png（イベント編集レイアウト）	high	
sheet-9-R048	MATCHED				"項目名(英)	全角・半角	-	255字	-	-"		src/Eccube/Form/Type/Admin/EventType.php:194-199	フリー入力エリア1項目名(英)が任意入力として存在し、255字まで入力できる。	src/Eccube/Form/Type/Admin/EventType.php:194-199 が フリー入力エリア1項目名(英) を任意入力・最大長255で定義している。	sheet-9_img1.png（イベント編集レイアウト）	high	
sheet-9-R049	MATCHED				"2-7	フリー入力エリア1"		src/Eccube/Form/Type/Admin/EventType.php:200-205	フリー入力エリア1内容(日)が任意入力として存在し、4096字まで入力できる。	src/Eccube/Form/Type/Admin/EventType.php:200-205 が フリー入力エリア1内容(日) を任意入力・最大長4096で定義している。	sheet-9_img1.png（イベント編集レイアウト）	high	
sheet-9-R050	MATCHED				"内容(日)	全角・半角	-	4096字	-	-"		src/Eccube/Form/Type/Admin/EventType.php:200-205	フリー入力エリア1内容(日)が任意入力として存在し、4096字まで入力できる。	src/Eccube/Form/Type/Admin/EventType.php:200-205 が フリー入力エリア1内容(日) を任意入力・最大長4096で定義している。	sheet-9_img1.png（イベント編集レイアウト）	high	
sheet-9-R051	MATCHED				"2-8	フリー入力エリア1"		src/Eccube/Form/Type/Admin/EventType.php:206-211	フリー入力エリア1内容(英)が任意入力として存在し、4096字まで入力できる。	src/Eccube/Form/Type/Admin/EventType.php:206-211 が フリー入力エリア1内容(英) を任意入力・最大長4096で定義している。	sheet-9_img1.png（イベント編集レイアウト）	high	
sheet-9-R052	MATCHED				"内容(英)	全角・半角	-	4096字	-	-"		src/Eccube/Form/Type/Admin/EventType.php:206-211	フリー入力エリア1内容(英)が任意入力として存在し、4096字まで入力できる。	src/Eccube/Form/Type/Admin/EventType.php:206-211 が フリー入力エリア1内容(英) を任意入力・最大長4096で定義している。	sheet-9_img1.png（イベント編集レイアウト）	high	
sheet-9-R053	MATCHED				"2-9	フリー入力エリア1"		src/Eccube/Form/Type/Admin/EventType.php:212-215; src/Eccube/Resource/template/default/Event/detail.twig:150-156	フリー入力エリア1のアコーディオン表示チェックがあり、チェックするとフロントの該当エリアが折りたたみ表示になる。	src/Eccube/Form/Type/Admin/EventType.php:212-215 のチェックボックスの値を src/Eccube/Resource/template/default/Event/detail.twig:150-152 が読み、フロントの折りたたみ表示を切り替えている。	sheet-9_img1.png（イベント編集レイアウト）	high	
sheet-9-R054	MATCHED				"アコーディオン表示	チェックボックス	-	-	-	チェックでフロント側のアコーディオン表示制御"		src/Eccube/Form/Type/Admin/EventType.php:212-215; src/Eccube/Resource/template/default/Event/detail.twig:150-156	フリー入力エリア1のアコーディオン表示チェックがあり、チェックするとフロントの該当エリアが折りたたみ表示になる。	src/Eccube/Form/Type/Admin/EventType.php:212-215 のチェックボックスの値を src/Eccube/Resource/template/default/Event/detail.twig:150-152 が読み、フロントの折りたたみ表示を切り替えている。	sheet-9_img1.png（イベント編集レイアウト）	high	
sheet-9-R055	MATCHED				"2-10	フリー入力エリア2"		src/Eccube/Form/Type/Admin/EventType.php:216-221	フリー入力エリア2項目名(日)が任意入力として存在し、255字まで入力できる。	src/Eccube/Form/Type/Admin/EventType.php:216-221 が フリー入力エリア2項目名(日) を任意入力・最大長255で定義している。	sheet-9_img1.png（イベント編集レイアウト）	high	
sheet-9-R056	MATCHED				"項目名(日)	全角・半角	-	255字	-	-"		src/Eccube/Form/Type/Admin/EventType.php:216-221	フリー入力エリア2項目名(日)が任意入力として存在し、255字まで入力できる。	src/Eccube/Form/Type/Admin/EventType.php:216-221 が フリー入力エリア2項目名(日) を任意入力・最大長255で定義している。	sheet-9_img1.png（イベント編集レイアウト）	high	
sheet-9-R057	MATCHED				"2-11	フリー入力エリア2"		src/Eccube/Form/Type/Admin/EventType.php:222-227	フリー入力エリア2項目名(英)が任意入力として存在し、255字まで入力できる。	src/Eccube/Form/Type/Admin/EventType.php:222-227 が フリー入力エリア2項目名(英) を任意入力・最大長255で定義している。	sheet-9_img1.png（イベント編集レイアウト）	high	
sheet-9-R058	MATCHED				"項目名(英)	全角・半角	-	255字	-	-"		src/Eccube/Form/Type/Admin/EventType.php:222-227	フリー入力エリア2項目名(英)が任意入力として存在し、255字まで入力できる。	src/Eccube/Form/Type/Admin/EventType.php:222-227 が フリー入力エリア2項目名(英) を任意入力・最大長255で定義している。	sheet-9_img1.png（イベント編集レイアウト）	high	
sheet-9-R059	MATCHED				"2-12	フリー入力エリア2"		src/Eccube/Form/Type/Admin/EventType.php:228-233	フリー入力エリア2内容(日)が任意入力として存在し、4096字まで入力できる。	src/Eccube/Form/Type/Admin/EventType.php:228-233 が フリー入力エリア2内容(日) を任意入力・最大長4096で定義している。	sheet-9_img1.png（イベント編集レイアウト）	high	
sheet-9-R060	MATCHED				"内容(日)	全角・半角	-	4096字	-	-"		src/Eccube/Form/Type/Admin/EventType.php:228-233	フリー入力エリア2内容(日)が任意入力として存在し、4096字まで入力できる。	src/Eccube/Form/Type/Admin/EventType.php:228-233 が フリー入力エリア2内容(日) を任意入力・最大長4096で定義している。	sheet-9_img1.png（イベント編集レイアウト）	high	
sheet-9-R061	MATCHED				"2-13	フリー入力エリア2"		src/Eccube/Form/Type/Admin/EventType.php:234-239	フリー入力エリア2内容(英)が任意入力として存在し、4096字まで入力できる。	src/Eccube/Form/Type/Admin/EventType.php:234-239 が フリー入力エリア2内容(英) を任意入力・最大長4096で定義している。	sheet-9_img1.png（イベント編集レイアウト）	high	
sheet-9-R062	MATCHED				"内容(英)	全角・半角	-	4096字	-	-"		src/Eccube/Form/Type/Admin/EventType.php:234-239	フリー入力エリア2内容(英)が任意入力として存在し、4096字まで入力できる。	src/Eccube/Form/Type/Admin/EventType.php:234-239 が フリー入力エリア2内容(英) を任意入力・最大長4096で定義している。	sheet-9_img1.png（イベント編集レイアウト）	high	
sheet-9-R063	MATCHED				"2-14	フリー入力エリア2"		src/Eccube/Form/Type/Admin/EventType.php:240-243; src/Eccube/Resource/template/default/Event/detail.twig:150-156	フリー入力エリア2のアコーディオン表示チェックがあり、チェックするとフロントの該当エリアが折りたたみ表示になる。	src/Eccube/Form/Type/Admin/EventType.php:240-243 のチェックボックスの値を src/Eccube/Resource/template/default/Event/detail.twig:150-152 が読み、フロントの折りたたみ表示を切り替えている。	sheet-9_img1.png（イベント編集レイアウト）	high	
sheet-9-R064	MATCHED				"アコーディオン表示	チェックボックス	-	-	-	チェックでフロント側のアコーディオン表示制御"		src/Eccube/Form/Type/Admin/EventType.php:240-243; src/Eccube/Resource/template/default/Event/detail.twig:150-156	フリー入力エリア2のアコーディオン表示チェックがあり、チェックするとフロントの該当エリアが折りたたみ表示になる。	src/Eccube/Form/Type/Admin/EventType.php:240-243 のチェックボックスの値を src/Eccube/Resource/template/default/Event/detail.twig:150-152 が読み、フロントの折りたたみ表示を切り替えている。	sheet-9_img1.png（イベント編集レイアウト）	high	
sheet-9-R065	MATCHED				"2-15	フリー入力エリア3項目名(日)	全角・半角	-	255字	-	-"		src/Eccube/Form/Type/Admin/EventType.php:244-249	フリー入力エリア3項目名(日)が任意入力として存在し、255字まで入力できる。	src/Eccube/Form/Type/Admin/EventType.php:244-249 が フリー入力エリア3項目名(日) を任意入力・最大長255で定義している。	sheet-9_img1.png（イベント編集レイアウト）	high	
sheet-9-R066	MATCHED				"2-16	フリー入力エリア3項目名(英)	全角・半角	-	255字	-	-"		src/Eccube/Form/Type/Admin/EventType.php:250-255	フリー入力エリア3項目名(英)が任意入力として存在し、255字まで入力できる。	src/Eccube/Form/Type/Admin/EventType.php:250-255 が フリー入力エリア3項目名(英) を任意入力・最大長255で定義している。	sheet-9_img1.png（イベント編集レイアウト）	high	
sheet-9-R067	MATCHED				"2-17	フリー入力エリア3内容(日)	全角・半角	-	4096字	-	-"		src/Eccube/Form/Type/Admin/EventType.php:256-261	フリー入力エリア3内容(日)が任意入力として存在し、4096字まで入力できる。	src/Eccube/Form/Type/Admin/EventType.php:256-261 が フリー入力エリア3内容(日) を任意入力・最大長4096で定義している。	sheet-9_img1.png（イベント編集レイアウト）	high	
sheet-9-R068	MATCHED				"2-18	フリー入力エリア3内容(英)	全角・半角	-	4096字	-	-"		src/Eccube/Form/Type/Admin/EventType.php:262-267	フリー入力エリア3内容(英)が任意入力として存在し、4096字まで入力できる。	src/Eccube/Form/Type/Admin/EventType.php:262-267 が フリー入力エリア3内容(英) を任意入力・最大長4096で定義している。	sheet-9_img1.png（イベント編集レイアウト）	high	
sheet-9-R069	MATCHED				"2-19	フリー入力エリア3アコーディオン表示	チェックボックス	-	-	-	チェックでフロント側のアコーディオン表示制御"		src/Eccube/Form/Type/Admin/EventType.php:268-271; src/Eccube/Resource/template/default/Event/detail.twig:150-156	フリー入力エリア3のアコーディオン表示チェックがあり、チェックするとフロントの該当エリアが折りたたみ表示になる。	src/Eccube/Form/Type/Admin/EventType.php:268-271 のチェックボックスの値を src/Eccube/Resource/template/default/Event/detail.twig:150-152 が読み、フロントの折りたたみ表示を切り替えている。	sheet-9_img1.png（イベント編集レイアウト）	high	
sheet-9-R070	OUT_OF_SCOPE				ボタン、リンク				「ボタン、リンク」は表の区分行（見出し）のため対象外。		high	
sheet-9-R071	MATCHED				"3-1	<br>タグを挿入	ボタン	-	-	-	全てのテキストエリアの全行に<br>を追加"		src/Eccube/Resource/template/admin/Event/edit.twig:25-33; src/Eccube/Resource/template/admin/Event/edit.twig:385	「<br>タグを挿入」ボタンを押すと、画面上の全テキストエリアの各行末に<br>が付く。	src/Eccube/Resource/template/admin/Event/edit.twig:385 のボタン押下で src/Eccube/Resource/template/admin/Event/edit.twig:25-33 が全テキストエリアの各行に <br> を追加する。	sheet-9_img1.png（イベント編集レイアウト）・sheet-9_img2.png（複製新規レイアウト。「イベント登録」「戻る」ボタン） の下部に「<br>タグを挿入」ボタンがある。	high	
sheet-9-R072	MATCHED				"3-2	イベント一覧	ボタン	-	-	-	イベント一覧（検索結果）へ戻る"		src/Eccube/Resource/template/admin/Event/edit.twig:477	「イベント一覧」を押すと、直前の検索結果のページのイベント一覧へ戻る。	src/Eccube/Resource/template/admin/Event/edit.twig:477 が検索条件と表示ページを引き継ぐ形（resume）でイベント一覧へ戻るリンクになっている。	sheet-9_img2.png（複製新規レイアウト。「イベント登録」「戻る」ボタン） の「戻る」に相当。	high	
sheet-9-R073	MATCHED				"3-3	登録	ボタン	-	-	-	フォームに入力された値でイベント登録"		src/Eccube/Resource/template/admin/Event/edit.twig:499; src/Eccube/Resource/template/admin/Event/edit.twig:57-61; src/Eccube/Controller/Admin/Event/EventController.php:214-262	「登録」を押すと、入力値でイベントが登録される。	src/Eccube/Resource/template/admin/Event/edit.twig:499 の送信ボタンが src/Eccube/Resource/template/admin/Event/edit.twig:60 の登録先へ送り、src/Eccube/Controller/Admin/Event/EventController.php:236-254 が登録して編集画面へ遷移する。	sheet-9_img2.png（複製新規レイアウト。「イベント登録」「戻る」ボタン） の「イベント登録」ボタン。	high	
sheet-9-R074	OUT_OF_SCOPE				M13-05 複製新規 / M13-05（複製新規）				現行仕様セクションの見出し（機能名）。要求ではないため対象外。		high	
sheet-9-R075	OUT_OF_SCOPE				刷新後は実装不要本節は現行実装（pf-eccube3）からのリバースです。次の記述は Excel基本設計により廃止されており、刷新後に実装する必要はありません。				現行仕様セクションの前置き。「刷新後に実装する必要はありません」と正本が宣言している範囲のため対象外。		high	
sheet-9-R076	OUT_OF_SCOPE				チーム人数 は チーム戦フラグ（dtb_event.is_team_battle、真偽） へ変更（0214 イベント編集 識別ID:1-12）これに伴い実装不要: チームメンバーのメールアドレス・席次の入力／メールのみの仮選手（dtb_player）の作成／チームメンバー招待メールの送信／未承認（confirm_flg=UNCONFIRMED）での申込選手登録／招待リンクからのチームプレイヤー認証（events_team_player_activate）				Excel基本設計 識別ID:1-12 により廃止と正本が宣言しているため対象外。		high	
sheet-9-R077	OUT_OF_SCOPE				支払方法の選択肢「コンビニ決済」 は クレジットカード決済のみ（コンビニ決済を削除） へ変更（0214 イベント編集 識別ID:1-13）これに伴い実装不要: B13-02 コンビニ支払チェックバッチ（0413で明示的に廃止）				Excel基本設計 識別ID:1-13 により廃止と正本が宣言しているため対象外。		high	
sheet-9-R078	OUT_OF_SCOPE				刷新後は実装しない（廃止）				「刷新後は実装しない（廃止）」の見出し。対象外。		high	
sheet-9-R079	OUT_OF_SCOPE				Excel基本設計 0214 識別ID:1-12 により廃止。刷新後は実装しない。				正本が廃止・実装しないと宣言しているため対象外。		high	
sheet-9-R080	OUT_OF_SCOPE				Excel基本設計 0214 識別ID:1-13 により廃止。刷新後は実装しない。				正本が廃止・実装しないと宣言しているため対象外。		high	
sheet-9-R081	OUT_OF_SCOPE				複製新規画面の表示				「複製新規画面の表示」は見出しのため対象外。		high	
sheet-9-R082	MATCHED				複製元のイベントが見つからないときは404とする。		src/Eccube/Controller/Admin/Event/EventController.php:273-276	複製新規を存在しないイベントで開くと404になる。	src/Eccube/Controller/Admin/Event/EventController.php:273-275 は複製元イベントを id で解決してから処理に入る形で、該当が無ければ 404 応答になる。		high	
sheet-9-R083	MATCHED				複製新規で開いた画面には、日程一覧と各日程の申込人数、日程の追加・繰返し追加・削除の操作、申込一覧へのリンクを表示しない。		src/Eccube/Resource/template/admin/Event/edit.twig:392-394; src/Eccube/Resource/template/admin/Event/edit.twig:491-496	複製新規で開いた画面には、日程一覧・各日程の申込人数・日程の追加/繰返し追加/削除・申込一覧へのリンクが出ない。	src/Eccube/Resource/template/admin/Event/edit.twig:392 が「新規扱いでないとき」だけ日程一覧（申込人数・申込一覧リンクを含む src/Eccube/Resource/template/admin/Event/edit.twig:435-436）を描画し、src/Eccube/Resource/template/admin/Event/edit.twig:491-496 も同じ条件で日程追加・繰返し日程追加・チェックした日程削除を出す。複製新規は新規扱い（src/Eccube/Controller/Admin/Event/EventController.php:342）のためどれも出ない。	sheet-9_img1.png（イベント編集レイアウト） には日程一覧があるが、sheet-9_img2.png（複製新規レイアウト。「イベント登録」「戻る」ボタン） には無い。	high	
sheet-9-R084	OUT_OF_SCOPE				複製しない項目				「複製しない項目」は見出しのため対象外。		high	
sheet-9-R085	OUT_OF_SCOPE				"項目	複製時の扱い"				表のヘッダ行のため対象外。		high	
sheet-9-R086	MATCHED				"イベントID	載せない。保存したときに新規採番する"		src/Eccube/Controller/Admin/Event/EventController.php:214-221; src/Eccube/Resource/template/admin/Event/edit.twig:57-61	複製新規から登録すると、複製元とは別の新しいイベントとして採番される。	複製新規の登録先は新規登録の処理（src/Eccube/Resource/template/admin/Event/edit.twig:60）で、src/Eccube/Controller/Admin/Event/EventController.php:216-217 が新しいイベントを作って登録するためイベントIDは新規に採番される。複製元のイベントIDを持ち回す入力項目はフォームに無い。		high	
sheet-9-R087	MATCHED				"登録者	載せない。保存したときにログイン中の管理者を設定する"		src/Eccube/Service/EntityManager/EventEntityManager.php:89; src/Eccube/Service/Admin/Event/EventCreateAction.php:46-59	複製新規で登録したイベントの登録者は、ログイン中の管理者になる。	src/Eccube/Service/Admin/Event/EventCreateAction.php:59 がログイン中メンバーを渡し、src/Eccube/Service/EntityManager/EventEntityManager.php:89 が登録者として設定する。		high	
sheet-9-R088	MATCHED				"日程（イベント詳細）・申込・デッキ登録	引き継がない。保存しても新規のイベントに日程は紐づかない"		src/Eccube/Controller/Admin/Event/EventController.php:277-280; src/Eccube/Service/Admin/Event/EventCreateAction.php:33-79	複製新規では日程・申込・デッキ登録を引き継がず、登録しても新しいイベントに日程は紐づかない。	src/Eccube/Controller/Admin/Event/EventController.php:278-279 が複製時に日程を空にし、src/Eccube/Service/Admin/Event/EventCreateAction.php:46-79 の登録処理は日程・申込・デッキを一切登録しない。	sheet-9_img2.png（複製新規レイアウト。「イベント登録」「戻る」ボタン） に日程一覧が無い。	high	
sheet-9-R089	OUT_OF_SCOPE				保存				「保存」は見出しのため対象外。		high	
sheet-9-R090	MATCHED				検証を通過したときだけ、新規の1件として登録する。登録者にはログイン中の管理者を設定する。複製元のイベントは更新しない。保存に成功したときは、登録したイベントの編集画面へ遷移する。		src/Eccube/Controller/Admin/Event/EventController.php:236-254; src/Eccube/Service/Admin/Event/EventCreateAction.php:33-88; src/Eccube/Service/EntityManager/EventEntityManager.php:89	検証を通ったときだけ新規1件として登録し、登録者はログイン中の管理者。複製元は更新されず、登録後は登録したイベントの編集画面へ移る。	src/Eccube/Controller/Admin/Event/EventController.php:236 が検証通過時のみ登録処理を呼び、src/Eccube/Controller/Admin/Event/EventController.php:254 が登録したイベントの編集画面へ遷移する。登録処理（src/Eccube/Service/Admin/Event/EventCreateAction.php:46-79）は新しいイベントだけを保存するので複製元は更新されない。		high	
sheet-9-R091	OUT_OF_SCOPE				エラー時の扱い				「エラー時の扱い」は見出しのため対象外。		high	
sheet-9-R092	MATCHED				"複製元イベントが存在しないとき	404とする"		src/Eccube/Controller/Admin/Event/EventController.php:273-276	複製元イベントが存在しないときは404。	src/Eccube/Controller/Admin/Event/EventController.php:273-275 で複製元を id 解決してから処理に入るため、該当が無ければ404応答になる。		high	
sheet-9-R093	MATCHED				"保存時の検証に失敗したとき	登録せず、入力した値を保持したまま同じ画面を再表示する"		src/Eccube/Controller/Admin/Event/EventController.php:236-262	登録時の検証に失敗したときは登録せず、入力した値を保持したまま同じ入力画面を再表示する。	src/Eccube/Controller/Admin/Event/EventController.php:236 の検証が通らなければ登録処理を呼ばず、src/Eccube/Controller/Admin/Event/EventController.php:256-262 が入力済みのフォームをそのまま同じ画面として返す。		high	
sheet-9-R094	MATCHED				"入力	複製元のイベント"		src/Eccube/Controller/Admin/Event/EventController.php:271-280	複製新規は複製元のイベントを入力として開く。	src/Eccube/Controller/Admin/Event/EventController.php:273-279 が複製元イベントを読み込んでフォームの初期値にする。	sheet-9_img2.png（複製新規レイアウト。「イベント登録」「戻る」ボタン）	high	
sheet-9-R095	MATCHED				"成功時出力	保存に成功したときは成功メッセージを表示し、登録したイベントの編集画面へ遷移する"		src/Eccube/Controller/Admin/Event/EventController.php:252-254	登録に成功すると成功メッセージが出て、登録したイベントの編集画面へ移る。	src/Eccube/Controller/Admin/Event/EventController.php:252 が保存完了メッセージを出し、src/Eccube/Controller/Admin/Event/EventController.php:254 が登録したイベントの編集画面へ遷移する。		high	
sheet-9-R096	MATCHED				"失敗時出力	複製元が存在しないときは404。保存時の検証に失敗したときは同じ画面を再表示する"		src/Eccube/Controller/Admin/Event/EventController.php:273-276; src/Eccube/Controller/Admin/Event/EventController.php:256-262	複製元が無いときは404、登録時の検証に失敗したときは同じ画面を再表示する。	src/Eccube/Controller/Admin/Event/EventController.php:273-275 と src/Eccube/Controller/Admin/Event/EventController.php:256-262。		high	
sheet-9-R097	OUT_OF_SCOPE				入出力: 永続化				「入出力: 永続化」は見出しのため対象外。		high	
sheet-9-R098	MATCHED				"追加	保存したとき。複製した内容を新規の1件として登録する。識別子は新規採番とし、登録者はログイン中の管理者とする"		src/Eccube/Controller/Admin/Event/EventController.php:236-254; src/Eccube/Service/Admin/Event/EventCreateAction.php:33-88; src/Eccube/Service/EntityManager/EventEntityManager.php:89	登録したときに複製内容が新規1件として保存され、識別子は新規採番、登録者はログイン中の管理者になる。	src/Eccube/Service/Admin/Event/EventCreateAction.php:46-82 が新しいイベントを1件保存し、src/Eccube/Service/EntityManager/EventEntityManager.php:89 が登録者を設定する。		high	
sheet-9-R099	MATCHED				複製元は更新しない。日程・申込・デッキ登録は登録しない。		src/Eccube/Service/Admin/Event/EventCreateAction.php:33-88	複製元は更新されず、日程・申込・デッキ登録も登録されない。	src/Eccube/Service/Admin/Event/EventCreateAction.php:46-79 は新しいイベント1件だけを保存し、複製元や日程・申込・デッキには一切触れない。		high	
sheet-9-R100	MATCHED				本機能に固有のメッセージは無い。保存時のメッセージはM13-02を正とする。		src/Eccube/Controller/Admin/Event/EventController.php:252; src/Eccube/Resource/locale/messages.ja.yaml:1863	本機能に固有のメッセージは無く、保存時のメッセージは共通の保存完了メッセージ。	src/Eccube/Controller/Admin/Event/EventController.php:252 が共通の保存完了メッセージ（admin.common.save_complete）を使っており、複製新規に固有の文言は無い。		med	
sheet-10-R001	MATCHED								メンバーの既定店舗を検索フォームの店舗初期値に流し込んでいる（src/Eccube/Controller/Admin/Event/EntryController.php:104、src/Eccube/Form/Type/Admin/SearchEntryType.php:76 の data 指定）。	レイアウト図に店舗・申込情報・支払方法・支払番号・プレイヤー名・開始時間・デッキ登録有無・イベント詳細ID・検索種別・検索する・イベント情報を検索・検索条件をクリアが描かれ、DCIナンバー/チームメンバー確認状況/決済中処理バッチ実行も現行の姿として描かれている（後者3つは項目表で削除指定）。	high	
sheet-10-R002	OUT_OF_SCOPE								要求文が箇条書きの記号「・」だけで、何がどうなるかを述べていない断片行のため実装対象の要求ではない。		high	
sheet-10-R003	MATCHED								申込の編集は担当店舗を持つ会員だけに許可されている。一覧の編集リンク・一括編集チェックは src/Eccube/Resource/template/admin/Event/Entry/index.twig:408,415,447 で権限判定に包まれ、編集画面自体も src/Eccube/Controller/Admin/Event/EntryController.php:265-268 で権限の無い店舗のとき404にしている。	レイアウト図に店舗・申込情報・支払方法・支払番号・プレイヤー名・開始時間・デッキ登録有無・イベント詳細ID・検索種別・検索する・イベント情報を検索・検索条件をクリアが描かれ、DCIナンバー/チームメンバー確認状況/決済中処理バッチ実行も現行の姿として描かれている（後者3つは項目表で削除指定）。	high	
sheet-10-R004	MATCHED								DCIナンバーの検索欄は実装に無い。検索フォームの項目は src/Eccube/Form/Type/Admin/SearchEntryType.php:64-171 に列挙されており、そこにDCIナンバーは含まれない。画面側 src/Eccube/Resource/template/admin/Event/Entry/index.twig:239-320 にも入力欄は無い。	レイアウト図に店舗・申込情報・支払方法・支払番号・プレイヤー名・開始時間・デッキ登録有無・イベント詳細ID・検索種別・検索する・イベント情報を検索・検索条件をクリアが描かれ、DCIナンバー/チームメンバー確認状況/決済中処理バッチ実行も現行の姿として描かれている（後者3つは項目表で削除指定）。レイアウト図（現行姿）にはDCIナンバー欄があるが、項目表 識別ID:3-1 で削除指定。	high	
sheet-10-R005	MATCHED								決済中処理バッチ実行のボタンは実装に無い（src/Eccube/Resource/template/admin/Event/Entry/index.twig:233-330 の検索ブロックにボタンが無く、messages.ja.yaml にも該当文言が無い）。	レイアウト図に店舗・申込情報・支払方法・支払番号・プレイヤー名・開始時間・デッキ登録有無・イベント詳細ID・検索種別・検索する・イベント情報を検索・検索条件をクリアが描かれ、DCIナンバー/チームメンバー確認状況/決済中処理バッチ実行も現行の姿として描かれている（後者3つは項目表で削除指定）。レイアウト図（現行姿）右上に決済中処理バッチ実行ボタンがあるが、項目表 識別ID:3-2 で削除指定。	high	
sheet-10-R006	OUT_OF_SCOPE								カスタマイズ要件以外は現行踏襲という総則の宣言で、個別の実装対象を定めていない。実体は同シートの各項目行・現行仕様節で判定している。		high	
sheet-10-R007	OUT_OF_SCOPE								★権限による制御 は節見出しで、何がどうなるかを述べていない。		high	
sheet-10-R008	MATCHED								識別ID:1-2「店舗」の初期値はメンバーの既定表示店舗になっている（src/Eccube/Controller/Admin/Event/EntryController.php:104、src/Eccube/Form/Type/Admin/SearchEntryType.php:76）。識別ID:5「会場」は本シートの項目表に存在せず（項目表は1-1〜1-10/2-1〜2-4/3-1〜3-3）、他シートからの定型文言。	レイアウト図に店舗・申込情報・支払方法・支払番号・プレイヤー名・開始時間・デッキ登録有無・イベント詳細ID・検索種別・検索する・イベント情報を検索・検索条件をクリアが描かれ、DCIナンバー/チームメンバー確認状況/決済中処理バッチ実行も現行の姿として描かれている（後者3つは項目表で削除指定）。	high	
sheet-10-R009	OUT_OF_SCOPE								★入力項目の削除について は節見出しで、何がどうなるかを述べていない。		high	
sheet-10-R010	MATCHED								DCIナンバーは検索フォームに存在しない（src/Eccube/Form/Type/Admin/SearchEntryType.php:64-171）。	レイアウト図に店舗・申込情報・支払方法・支払番号・プレイヤー名・開始時間・デッキ登録有無・イベント詳細ID・検索種別・検索する・イベント情報を検索・検索条件をクリアが描かれ、DCIナンバー/チームメンバー確認状況/決済中処理バッチ実行も現行の姿として描かれている（後者3つは項目表で削除指定）。	high	
sheet-10-R011	MATCHED								決済中処理バッチ実行ボタンは画面に存在しない（src/Eccube/Resource/template/admin/Event/Entry/index.twig:233-330）。	レイアウト図に店舗・申込情報・支払方法・支払番号・プレイヤー名・開始時間・デッキ登録有無・イベント詳細ID・検索種別・検索する・イベント情報を検索・検索条件をクリアが描かれ、DCIナンバー/チームメンバー確認状況/決済中処理バッチ実行も現行の姿として描かれている（後者3つは項目表で削除指定）。	high	
sheet-10-R012	MATCHED								検索種別に応じてイベント申込とデッキ登録のどちらかを検索している（src/Eccube/Controller/Admin/Event/EntryController.php:232-246、申込は src/Eccube/Repository/DtbEventEntryRepository.php:65、デッキは src/Eccube/Repository/DtbDeckRepository.php:840）。	レイアウト図に店舗・申込情報・支払方法・支払番号・プレイヤー名・開始時間・デッキ登録有無・イベント詳細ID・検索種別・検索する・イベント情報を検索・検索条件をクリアが描かれ、DCIナンバー/チームメンバー確認状況/決済中処理バッチ実行も現行の姿として描かれている（後者3つは項目表で削除指定）。	high	
sheet-10-R013	OUT_OF_SCOPE								「入力項目」は項目表の区分行で、仕様を述べていない。		high	
sheet-10-R014	MATCHED								イベント名は部分一致で絞り込んでいる（src/Eccube/Repository/DtbEventEntryRepository.php:72-76）。全角・半角いずれも入力できるテキスト欄（src/Eccube/Form/Type/Admin/SearchEntryType.php:64-67）。なお複数語の扱いの欠落は sheet-10-R080 で指摘。	レイアウト図に店舗・申込情報・支払方法・支払番号・プレイヤー名・開始時間・デッキ登録有無・イベント詳細ID・検索種別・検索する・イベント情報を検索・検索条件をクリアが描かれ、DCIナンバー/チームメンバー確認状況/決済中処理バッチ実行も現行の姿として描かれている（後者3つは項目表で削除指定）。	high	
sheet-10-R015	MATCHED								店舗は複数選択で、初期値にメンバーの既定表示店舗が入る（src/Eccube/Form/Type/Admin/SearchEntryType.php:68-79）。選択済みの店舗はタグ表示になる（src/Eccube/Resource/template/admin/Event/Entry/index.twig:28-31 で複数選択UIを適用、src/Eccube/Resource/template/admin/Event/Entry/index.twig:256）。	レイアウト図に店舗・申込情報・支払方法・支払番号・プレイヤー名・開始時間・デッキ登録有無・イベント詳細ID・検索種別・検索する・イベント情報を検索・検索条件をクリアが描かれ、DCIナンバー/チームメンバー確認状況/決済中処理バッチ実行も現行の姿として描かれている（後者3つは項目表で削除指定）。	high	
sheet-10-R016	MATCHED								店舗の選択肢は登録されている全店舗（src/Eccube/Form/Type/Admin/SearchEntryType.php:76-78 で全件を並べている）。	レイアウト図に店舗・申込情報・支払方法・支払番号・プレイヤー名・開始時間・デッキ登録有無・イベント詳細ID・検索種別・検索する・イベント情報を検索・検索条件をクリアが描かれ、DCIナンバー/チームメンバー確認状況/決済中処理バッチ実行も現行の姿として描かれている（後者3つは項目表で削除指定）。	high	
sheet-10-R017	MATCHED								申込状況は複数選択でタグ表示（src/Eccube/Form/Type/Admin/SearchEntryType.php:80-88、src/Eccube/Resource/template/admin/Event/Entry/index.twig:261）。	レイアウト図に店舗・申込情報・支払方法・支払番号・プレイヤー名・開始時間・デッキ登録有無・イベント詳細ID・検索種別・検索する・イベント情報を検索・検索条件をクリアが描かれ、DCIナンバー/チームメンバー確認状況/決済中処理バッチ実行も現行の姿として描かれている（後者3つは項目表で削除指定）。	high	
sheet-10-R018	MATCHED								申込状況の選択肢は 決済中／入金待ち／申込済み／入金期限切れ／キャンセル済み／支払番号が存在しない の6つで一致する（app/DoctrineMigrations/Version20251125144837.php:62-99 が登録し、src/Eccube/Form/Type/Admin/SearchEntryType.php:49-51 が全件を選択肢にしている）。	レイアウト図に店舗・申込情報・支払方法・支払番号・プレイヤー名・開始時間・デッキ登録有無・イベント詳細ID・検索種別・検索する・イベント情報を検索・検索条件をクリアが描かれ、DCIナンバー/チームメンバー確認状況/決済中処理バッチ実行も現行の姿として描かれている（後者3つは項目表で削除指定）。	high	
sheet-10-R019	MATCHED								デッキ登録を検索に切り替えると申込状況は操作できなくなる（src/Eccube/Resource/template/admin/Event/Entry/index.twig:40-56）。	レイアウト図に店舗・申込情報・支払方法・支払番号・プレイヤー名・開始時間・デッキ登録有無・イベント詳細ID・検索種別・検索する・イベント情報を検索・検索条件をクリアが描かれ、DCIナンバー/チームメンバー確認状況/決済中処理バッチ実行も現行の姿として描かれている（後者3つは項目表で削除指定）。	high	
sheet-10-R020	MATCHED								支払方法は複数選択でタグ表示（src/Eccube/Form/Type/Admin/SearchEntryType.php:89-97、src/Eccube/Resource/template/admin/Event/Entry/index.twig:268）。	レイアウト図に店舗・申込情報・支払方法・支払番号・プレイヤー名・開始時間・デッキ登録有無・イベント詳細ID・検索種別・検索する・イベント情報を検索・検索条件をクリアが描かれ、DCIナンバー/チームメンバー確認状況/決済中処理バッチ実行も現行の姿として描かれている（後者3つは項目表で削除指定）。	high	
sheet-10-R021	MATCHED								支払方法の選択肢はクレジットカード決済・コンビニ決済・管理者追加の3つに限定されている（src/Eccube/Form/Type/Admin/SearchEntryType.php:52-59）。	レイアウト図に店舗・申込情報・支払方法・支払番号・プレイヤー名・開始時間・デッキ登録有無・イベント詳細ID・検索種別・検索する・イベント情報を検索・検索条件をクリアが描かれ、DCIナンバー/チームメンバー確認状況/決済中処理バッチ実行も現行の姿として描かれている（後者3つは項目表で削除指定）。	high	
sheet-10-R022	MATCHED								デッキ登録を検索に切り替えると支払方法は操作できなくなる（src/Eccube/Resource/template/admin/Event/Entry/index.twig:40-56）。	レイアウト図に店舗・申込情報・支払方法・支払番号・プレイヤー名・開始時間・デッキ登録有無・イベント詳細ID・検索種別・検索する・イベント情報を検索・検索条件をクリアが描かれ、DCIナンバー/チームメンバー確認状況/決済中処理バッチ実行も現行の姿として描かれている（後者3つは項目表で削除指定）。	high	
sheet-10-R023	DRIFT	P3	実装違い	IO	"1-5	支払番号	全角・半角	-	64字	-	デッキ登録を検索時は操作不可"	支払番号の入力欄は64字を超える文字を受け付けない。	src/Eccube/Form/Type/Admin/SearchEntryType.php:98-101	支払番号欄に文字数の上限が無く、64字を超える入力もそのまま受け付けて検索する。	src/Eccube/Form/Type/Admin/SearchEntryType.php:98-101 の支払番号はテキスト欄のみで長さの制限が付いていない。同じフォームのイベント詳細IDには src/Eccube/Form/Type/Admin/SearchEntryType.php:152-158 で10字の上限が付いており、上限を設ける仕組みはある。現行(pf-eccube3 app/Plugin/HareruyaEc/Form/Type/Admin/Entry/EntryListType.php:70-77)では同項目に入力可能文字数の上限を設定していた。	レイアウト図に店舗・申込情報・支払方法・支払番号・プレイヤー名・開始時間・デッキ登録有無・イベント詳細ID・検索種別・検索する・イベント情報を検索・検索条件をクリアが描かれ、DCIナンバー/チームメンバー確認状況/決済中処理バッチ実行も現行の姿として描かれている（後者3つは項目表で削除指定）。文字数上限は図から読み取れないため項目表の最大値列で判断。	med	SearchEntryType-search-fields-no-maxlength
sheet-10-R024	DRIFT	P3	実装違い	IO	"1-5	支払番号	全角・半角	-	64字	-	デッキ登録を検索時は操作不可
1-6	プレイヤー名	全角・半角	-	255字	-	-"	プレイヤー名の入力欄は255字を超える文字を受け付けない。	src/Eccube/Form/Type/Admin/SearchEntryType.php:102-105	プレイヤー名欄に文字数の上限が無く、255字を超える入力もそのまま受け付けて検索する。	src/Eccube/Form/Type/Admin/SearchEntryType.php:102-105 のプレイヤー名はテキスト欄のみで長さの制限が付いていない。支払番号（識別ID:1-5）と同じ欠落で、現行(pf-eccube3 app/Plugin/HareruyaEc/Form/Type/Admin/Entry/EntryListType.php:78-85)では入力可能文字数の上限を設定していた。	レイアウト図に店舗・申込情報・支払方法・支払番号・プレイヤー名・開始時間・デッキ登録有無・イベント詳細ID・検索種別・検索する・イベント情報を検索・検索条件をクリアが描かれ、DCIナンバー/チームメンバー確認状況/決済中処理バッチ実行も現行の姿として描かれている（後者3つは項目表で削除指定）。文字数上限は図から読み取れないため項目表の最大値列で判断。	med	SearchEntryType-search-fields-no-maxlength
sheet-10-R025	DRIFT	P3	実装違い	IO	"1-7	開始時間(From)	日付時刻	-	-	表示日	開始時間(From)>開始時間(To)の場合エラー"	開始時間(From)は日付と時刻を指定して検索でき、初期値には表示日が入る。	src/Eccube/Form/Type/Admin/SearchEntryType.php:106-123	開始時間(From)は日付だけを選ぶ欄で、時刻を指定できない（初期値に当日が入る点は設計どおり）。画面上の見出しも「開催日」になっている。	src/Eccube/Form/Type/Admin/SearchEntryType.php:106-111 は日付だけの入力欄で、時刻の桁を持たない。項目表の書式は「日付時刻」で、同シート下部のモーダル側（識別ID:1-3/1-4）はあえて「日付」と書き分けられている。現行(pf-eccube3 app/Plugin/HareruyaEc/Form/Type/Admin/Entry/EntryListType.php:96-115)は YYYY-MM-DD HH:MI の日時入力。見出し文言は src/Eccube/Resource/template/admin/Event/Entry/index.twig:284 が「開催日」。	レイアウト図では当該欄の見出しは「開始時間」で、入力欄が2つ（〜で連結）並ぶ。	med	SearchEntryType-start-date-not-datetime
sheet-10-R026	DRIFT	P3	実装違い	IO	"1-7	開始時間(From)	日付時刻	-	-	表示日	開始時間(From)>開始時間(To)の場合エラー
1-8	開始時間(To)	日付時刻	-	-	-	-"	開始時間(To)は日付と時刻を指定して検索できる。	src/Eccube/Form/Type/Admin/SearchEntryType.php:124-140	開始時間(To)も日付だけを選ぶ欄で、時刻を指定できない。	src/Eccube/Form/Type/Admin/SearchEntryType.php:124-129 は日付だけの入力欄。識別ID:1-7 と同一の欠落。	レイアウト図では当該欄の見出しは「開始時間」で、入力欄が2つ（〜で連結）並ぶ。	med	SearchEntryType-start-date-not-datetime
sheet-10-R027	MATCHED								デッキ登録有無は複数選択で、選択肢は「登録デッキあり」「デッキ未登録」（src/Eccube/Form/Type/Admin/SearchEntryType.php:141-151、文言は src/Eccube/Resource/locale/messages.ja.yaml:6138-6139）。絞り込みは src/Eccube/Repository/DtbEventEntryRepository.php:131-153。	レイアウト図に店舗・申込情報・支払方法・支払番号・プレイヤー名・開始時間・デッキ登録有無・イベント詳細ID・検索種別・検索する・イベント情報を検索・検索条件をクリアが描かれ、DCIナンバー/チームメンバー確認状況/決済中処理バッチ実行も現行の姿として描かれている（後者3つは項目表で削除指定）。	high	
sheet-10-R028	MATCHED								イベント詳細IDは10字までに制限され（src/Eccube/Form/Type/Admin/SearchEntryType.php:152-158、上限値は app/config/eccube/packages/eccube.yaml:224 の10）、数字だけを条件に使う（src/Eccube/Repository/DtbEventEntryRepository.php:122-129）。	レイアウト図に店舗・申込情報・支払方法・支払番号・プレイヤー名・開始時間・デッキ登録有無・イベント詳細ID・検索種別・検索する・イベント情報を検索・検索条件をクリアが描かれ、DCIナンバー/チームメンバー確認状況/決済中処理バッチ実行も現行の姿として描かれている（後者3つは項目表で削除指定）。	high	
sheet-10-R029	OUT_OF_SCOPE								「ボタン、リンク、その他」は項目表の区分行で、仕様を述べていない。		high	
sheet-10-R030	MATCHED								イベント情報を検索ボタンでイベント検索モーダルが開く（src/Eccube/Resource/template/admin/Event/Entry/index.twig:246-249、モーダル本体 src/Eccube/Resource/template/admin/Event/Entry/index.twig:485-534）。	レイアウト図に店舗・申込情報・支払方法・支払番号・プレイヤー名・開始時間・デッキ登録有無・イベント詳細ID・検索種別・検索する・イベント情報を検索・検索条件をクリアが描かれ、DCIナンバー/チームメンバー確認状況/決済中処理バッチ実行も現行の姿として描かれている（後者3つは項目表で削除指定）。	high	
sheet-10-R031	OUT_OF_SCOPE								モーダルの内容の記載場所を案内する注記で、実装対象の要求ではない。		high	
sheet-10-R032	MATCHED								検索条件をクリアのリンクがあり（src/Eccube/Resource/template/admin/Event/Entry/index.twig:317-321）、押下で検索ブロック内の入力欄・選択欄が空に戻る（共通処理 html/template/admin/assets/js/function.js:187-203）。加えて src/Eccube/Resource/template/admin/Event/Entry/index.twig:114-120 で検索種別を既定へ戻す。	レイアウト図に店舗・申込情報・支払方法・支払番号・プレイヤー名・開始時間・デッキ登録有無・イベント詳細ID・検索種別・検索する・イベント情報を検索・検索条件をクリアが描かれ、DCIナンバー/チームメンバー確認状況/決済中処理バッチ実行も現行の姿として描かれている（後者3つは項目表で削除指定）。	high	
sheet-10-R033	MATCHED								検索種別はラジオボタンの単一選択（src/Eccube/Form/Type/Admin/SearchEntryType.php:159-170 で選択肢を展開表示、src/Eccube/Resource/template/admin/Event/Entry/index.twig:313）。	レイアウト図に店舗・申込情報・支払方法・支払番号・プレイヤー名・開始時間・デッキ登録有無・イベント詳細ID・検索種別・検索する・イベント情報を検索・検索条件をクリアが描かれ、DCIナンバー/チームメンバー確認状況/決済中処理バッチ実行も現行の姿として描かれている（後者3つは項目表で削除指定）。	high	
sheet-10-R034	MATCHED								検索種別の選択肢は「イベント申込を検索」「デッキ登録を検索」（src/Eccube/Form/Type/Admin/SearchEntryType.php:165-168、文言は src/Eccube/Resource/locale/messages.ja.yaml:6142-6143）。	レイアウト図に店舗・申込情報・支払方法・支払番号・プレイヤー名・開始時間・デッキ登録有無・イベント詳細ID・検索種別・検索する・イベント情報を検索・検索条件をクリアが描かれ、DCIナンバー/チームメンバー確認状況/決済中処理バッチ実行も現行の姿として描かれている（後者3つは項目表で削除指定）。	high	
sheet-10-R035	MATCHED								検索するボタンでフォームの入力値により検索する（src/Eccube/Resource/template/admin/Event/Entry/index.twig:324、src/Eccube/Controller/Admin/Event/EntryController.php:143-186）。	レイアウト図に店舗・申込情報・支払方法・支払番号・プレイヤー名・開始時間・デッキ登録有無・イベント詳細ID・検索種別・検索する・イベント情報を検索・検索条件をクリアが描かれ、DCIナンバー/チームメンバー確認状況/決済中処理バッチ実行も現行の姿として描かれている（後者3つは項目表で削除指定）。	high	
sheet-10-R036	OUT_OF_SCOPE								「削除項目」は項目表の区分行で、仕様を述べていない。		high	
sheet-10-R037	MATCHED								DCIナンバーは検索フォームに存在しない（src/Eccube/Form/Type/Admin/SearchEntryType.php:64-171）。設計どおり削除されている。	レイアウト図に店舗・申込情報・支払方法・支払番号・プレイヤー名・開始時間・デッキ登録有無・イベント詳細ID・検索種別・検索する・イベント情報を検索・検索条件をクリアが描かれ、DCIナンバー/チームメンバー確認状況/決済中処理バッチ実行も現行の姿として描かれている（後者3つは項目表で削除指定）。	high	
sheet-10-R038	MATCHED								決済中処理バッチ実行ボタンは画面に存在しない（src/Eccube/Resource/template/admin/Event/Entry/index.twig:233-330）。設計どおり削除されている。	レイアウト図に店舗・申込情報・支払方法・支払番号・プレイヤー名・開始時間・デッキ登録有無・イベント詳細ID・検索種別・検索する・イベント情報を検索・検索条件をクリアが描かれ、DCIナンバー/チームメンバー確認状況/決済中処理バッチ実行も現行の姿として描かれている（後者3つは項目表で削除指定）。	high	
sheet-10-R039	MATCHED								チームメンバー確認状況の検索欄は存在しない（src/Eccube/Form/Type/Admin/SearchEntryType.php:64-171）。設計どおり削除されている。	レイアウト図に店舗・申込情報・支払方法・支払番号・プレイヤー名・開始時間・デッキ登録有無・イベント詳細ID・検索種別・検索する・イベント情報を検索・検索条件をクリアが描かれ、DCIナンバー/チームメンバー確認状況/決済中処理バッチ実行も現行の姿として描かれている（後者3つは項目表で削除指定）。レイアウト図（現行姿）にはチームメンバー確認状況のラジオがあるが、項目表 識別ID:3-3 で削除指定。	high	
sheet-10-R040	OUT_OF_SCOPE								「イベント情報を検索」はモーダル節の見出し行で、仕様を述べていない。		high	
sheet-10-R041	MATCHED								モーダルの店舗はメンバーの既定表示店舗が初期選択になる（src/Eccube/Controller/Admin/Event/EntryController.php:445-450、src/Eccube/Form/Type/Admin/SearchEntryEventModalType.php:41-52）。		high	
sheet-10-R042	MATCHED								モーダルの検索結果は会員が担当する店舗のイベントに限られる（src/Eccube/Controller/Admin/Event/EntryController.php:469-486）。決定時のイベント解決でも担当外は弾く（src/Eccube/Controller/Admin/Event/EntryController.php:558-563）。		high	
sheet-10-R043	MATCHED								期間の絞り込みに初期値が入る。開催日(From)に3か月前の日付が初期表示される（src/Eccube/Form/Type/Admin/SearchEntryEventModalType.php:53-70）。		high	
sheet-10-R044	OUT_OF_SCOPE								カスタマイズ要件以外は現行踏襲という総則の宣言で、個別の実装対象を定めていない。		high	
sheet-10-R045	OUT_OF_SCOPE								★権限による制御 は節見出しで、何がどうなるかを述べていない。		high	
sheet-10-R046	MATCHED								モーダルの識別ID:1-2「店舗」の初期値はメンバーの既定表示店舗（src/Eccube/Controller/Admin/Event/EntryController.php:445-450、src/Eccube/Form/Type/Admin/SearchEntryEventModalType.php:49）。識別ID:5「会場」は本シートの項目表に無く、他シートからの定型文言。		high	
sheet-10-R047	MATCHED								開催日(From)の初期値は3か月前の日付（src/Eccube/Form/Type/Admin/SearchEntryEventModalType.php:53-59）。		high	
sheet-10-R048	OUT_OF_SCOPE								エンハンスで対応済みという経緯の但し書きで、新たな実装対象を定めていない。実体の3か月前初期表示は sheet-10-R047/R060 で判定済み。		high	
sheet-10-R049	MATCHED								モーダルの検索はイベント申込登録画面のイベント検索と同じ処理を共有している（src/Eccube/Controller/Admin/Event/EntryController.php:487-497 と src/Eccube/Controller/Admin/Event/EntryRegistrationController.php:129-144 が同じ検索条件組み立てと日程行の組み立てを使い、表示も同じ src/Eccube/Resource/template/admin/Event/Entry/search_event_modal_list.twig）。		high	
sheet-10-R050	MATCHED								検索条件に該当するイベントの日程を一覧表示する（src/Eccube/Controller/Admin/Event/EntryController.php:499-513、src/Eccube/Resource/template/admin/Event/Entry/search_event_modal_list.twig:8-62）。		high	
sheet-10-R051	MATCHED								オンライン受付ありの日程だけが検索対象（src/Eccube/Repository/DtbEventRepository.php:153-155 で受付ありの日程を持つイベントに限り、src/Eccube/Service/Admin/Event/EntryRegistrationScheduleRowBuilder.php:39-52 で受付ありの日程だけを行にする）。		high	
sheet-10-R052	MATCHED								1ページに日程を最大10件表示（src/Eccube/Controller/Admin/Event/EntryController.php:63、src/Eccube/Controller/Admin/Event/EntryController.php:499-507）。		high	
sheet-10-R053	MATCHED								表示順はイベントの新しい順（イベントID降順）で、同一イベント内は日程ID降順（src/Eccube/Repository/DtbEventRepository.php:199、src/Eccube/Service/Admin/Event/EntryRegistrationScheduleRowBuilder.php:55）。		high	
sheet-10-R054	OUT_OF_SCOPE								新規登録ボタンで申込登録画面へ遷移する記述は、参照先であるイベント申込登録(検索結果)の仕様。本シートのモーダルの当該位置のボタンは識別ID:2-4「決定」であり（項目表・レイアウト図とも）、新規登録ボタンは置かれない。		high	
sheet-10-R055	MATCHED								1イベントに複数日程があるときはイベントID・イベント名を日程行にまたがる1つのセルにまとめる（src/Eccube/Service/Admin/Event/EntryRegistrationScheduleRowBuilder.php:84-116、src/Eccube/Resource/template/admin/Event/Entry/search_event_modal_list.twig:25-31）。		high	
sheet-10-R056	MATCHED								決定を押すと申込検索フォームのイベント名・店舗・開始時間From/Toに値が入る（src/Eccube/Resource/template/admin/Event/Entry/index.twig:177-221、値の取得は src/Eccube/Controller/Admin/Event/EntryController.php:585-605）。		high	
sheet-10-R057	OUT_OF_SCOPE								「検索項目」は項目表の区分行で、仕様を述べていない。		high	
sheet-10-R058	DRIFT	P3	実装違い	IO	"1-1	イベント名、略称	テキスト	-	50	-	部分一致
1-2	店舗	単一選択	-	-	デフォルト表示の店舗	選択肢:全店舗"	モーダルのイベント名欄は50字を超える文字を受け付けない。	src/Eccube/Form/Type/Admin/SearchEntryEventModalType.php:37-40	イベント名欄に文字数の上限が無く、50字を超える入力もそのまま受け付けて検索する。	src/Eccube/Form/Type/Admin/SearchEntryEventModalType.php:37-40 はテキスト欄のみで長さの制限が付いていない。部分一致で絞り込む点は src/Eccube/Repository/DtbEventRepository.php:157-176 で実装済みで、欠けているのは入力文字数の上限だけ。なお「略称」は本設計書にイベントの項目としての定義が無く（イベント編集シートの項目表はイベント名(日)/(英)のみ）、指摘の根拠にしていない。	モーダルはレイアウト図に描かれていない（図は検索入力の現行姿のみ）。	med	SearchEntryEventModalType-event-name-no-maxlength
sheet-10-R059	MATCHED								モーダルの店舗は単一選択で、初期値はメンバーの既定表示店舗、選択肢は全店舗（src/Eccube/Form/Type/Admin/SearchEntryEventModalType.php:41-52）。		high	
sheet-10-R060	MATCHED								開催日(From)は日付入力で初期値は3か月前（src/Eccube/Form/Type/Admin/SearchEntryEventModalType.php:53-70）。From が To より後のときはエラーになる（src/Eccube/Form/Type/Admin/SearchEntryEventModalType.php:88-95）。		high	
sheet-10-R061	MATCHED								開催日(To)は日付入力で初期値なし（src/Eccube/Form/Type/Admin/SearchEntryEventModalType.php:71-88）。		high	
sheet-10-R062	MATCHED								検索するボタンでフォームの入力値により検索する（src/Eccube/Resource/template/admin/Event/Entry/index.twig:526-531、src/Eccube/Controller/Admin/Event/EntryController.php:437-513）。		high	
sheet-10-R063	OUT_OF_SCOPE								「イベント一覧」は項目表の区分行で、仕様を述べていない。		high	
sheet-10-R064	MATCHED								一覧にイベントIDを表示する（src/Eccube/Resource/template/admin/Event/Entry/search_event_modal_list.twig:26）。		high	
sheet-10-R065	MATCHED								イベント名の欄はイベント名（日）とイベント名（英）を並べて表示する（src/Eccube/Service/Admin/Event/EntryRegistrationScheduleRowBuilder.php:66、src/Eccube/Resource/template/admin/Event/Entry/search_event_modal_list.twig:28）。		high	
sheet-10-R066	MATCHED								イベント名の欄の2行目に開催店舗を表示する（src/Eccube/Service/Admin/Event/EntryRegistrationScheduleRowBuilder.php:67、src/Eccube/Resource/template/admin/Event/Entry/search_event_modal_list.twig:29）。		high	
sheet-10-R067	MATCHED								イベント名の欄の3行目にフォーマットを表示する（src/Eccube/Service/Admin/Event/EntryRegistrationScheduleRowBuilder.php:68、src/Eccube/Resource/template/admin/Event/Entry/search_event_modal_list.twig:30）。		high	
sheet-10-R068	MATCHED								イベント名・開催店舗・フォーマットを縦に並べた書式で表示する（src/Eccube/Resource/template/admin/Event/Entry/search_event_modal_list.twig:27-31）。		high	
sheet-10-R069	MATCHED								日程（開催日時）を表示する（src/Eccube/Resource/template/admin/Event/Entry/search_event_modal_list.twig:33-38）。		high	
sheet-10-R070	MATCHED								決定ボタンで選んだイベントの値を申込検索フォームへ入れ、モーダルを閉じる（src/Eccube/Resource/template/admin/Event/Entry/search_event_modal_list.twig:41-49、src/Eccube/Resource/template/admin/Event/Entry/index.twig:177-221）。		high	
sheet-10-R071	MATCHED								ページングのリンクで選んだページへ切り替わる（src/Eccube/Resource/template/admin/Event/Entry/search_event_modal_list.twig:64-69、src/Eccube/Resource/template/admin/Event/Entry/index.twig:107-113、src/Eccube/Controller/Admin/Event/EntryController.php:434-435）。		high	
sheet-10-R072	OUT_OF_SCOPE								現行仕様節の見出し行で、仕様を述べていない。		high	
sheet-10-R073	OUT_OF_SCOPE								「刷新後は実装不要」と本節の性格を述べる前置きで、実装対象の要求ではない。		high	
sheet-10-R074	OUT_OF_SCOPE								Excel基本設計 識別ID:3-1 により廃止と宣言されている行で、刷新後の実装対象ではない。実装側にも該当欄は無い。		high	
sheet-10-R075	OUT_OF_SCOPE								Excel基本設計 識別ID:3-2 により廃止と宣言されている行で、刷新後の実装対象ではない。実装側にも該当ボタンは無い。		high	
sheet-10-R076	OUT_OF_SCOPE								「Excel基本設計により廃止された仕様（刷新後は実装不要）」の見出し行。		high	
sheet-10-R077	OUT_OF_SCOPE								廃止・刷新後は実装しないと明記された行で、実装対象ではない。		high	
sheet-10-R078	OUT_OF_SCOPE								廃止・刷新後は実装しないと明記された行で、実装対象ではない。		high	
sheet-10-R079	OUT_OF_SCOPE								「検索条件の絞り込み方」は小見出しで、仕様を述べていない。		high	
sheet-10-R080	DRIFT	P2	実装違い	ふるまい	イベント名は、空白またはカンマで区切った語ごとに絞り込む。語ごとに、イベント名（日本語）・イベント名（英語）・略称（日本語）・略称（英語）のいずれかへ部分一致すれば該当とし、指定した語すべてに一致するものだけを残す。	イベント名に複数の語を入れると、空白やカンマで区切った語ごとに判定し、指定した語をすべて含む申込だけが残る。	src/Eccube/Repository/DtbEventEntryRepository.php:72-76	入力文字列を区切らず1つの語として扱い、その並びをそのまま含むものだけに絞り込む。「A B」と入れると「A B」という並びを含む申込しか該当しない。	src/Eccube/Repository/DtbEventEntryRepository.php:72-76 は入力全体を1つの部分一致条件にしているだけで、語への分割も語どうしの積み上げも無い。同じ設計書のイベント検索モーダル側は src/Eccube/Repository/DtbEventRepository.php:157-176 で語分割を実装しており、申込一覧側だけ欠けている。なお「略称」はイベントの項目として本設計書に定義が無いため、指摘の根拠にしていない。	レイアウト図に店舗・申込情報・支払方法・支払番号・プレイヤー名・開始時間・デッキ登録有無・イベント詳細ID・検索種別・検索する・イベント情報を検索・検索条件をクリアが描かれ、DCIナンバー/チームメンバー確認状況/決済中処理バッチ実行も現行の姿として描かれている（後者3つは項目表で削除指定）。	high	DtbEventEntryRepository-event-name-not-split-by-word
sheet-10-R081	DRIFT	P2	実装違い	ふるまい	プレイヤー名も同じ区切りで語ごとに絞り込み、会員の姓・名、その読み仮名、プレイヤーの英語姓・英語名のいずれかへ部分一致すれば該当とする。	プレイヤー名も空白やカンマで区切った語ごとに判定し、会員の姓・名、その読み仮名、プレイヤーの英語姓・英語名のいずれかに含まれていれば該当する。	src/Eccube/Repository/DtbEventEntryRepository.php:103-120	入力を語に区切らず、プレイヤーの日本語姓名をつないだ文字列とニックネームにしか当てない。読み仮名や英語の姓・名で検索しても該当しない。	src/Eccube/Repository/DtbEventEntryRepository.php:103-120 の照合先は日本語姓名の連結2通りとニックネームのみ。ee にも英語姓・英語名（src/Eccube/Entity/DtbPlayer.php:58,64）と会員の読み仮名は存在するのに条件に入っていない。語分割も無い。	レイアウト図に店舗・申込情報・支払方法・支払番号・プレイヤー名・開始時間・デッキ登録有無・イベント詳細ID・検索種別・検索する・イベント情報を検索・検索条件をクリアが描かれ、DCIナンバー/チームメンバー確認状況/決済中処理バッチ実行も現行の姿として描かれている（後者3つは項目表で削除指定）。	high	DtbEventEntryRepository-player-name-wrong-match-columns
sheet-10-R082	DRIFT	P3	実装違い	ふるまい	支払番号は完全一致で絞り込む。	支払番号は入力した番号と完全に一致する申込だけが該当する。	src/Eccube/Repository/DtbEventEntryRepository.php:97-101	部分一致で絞り込むため、入力した番号を一部に含む別の申込まで該当する。	src/Eccube/Repository/DtbEventEntryRepository.php:97-101 は前後を任意とする部分一致で照合している。現行(pf-eccube3 app/Plugin/HareruyaEc/Repository/DtbEntryPlayerRepository.php:106-110)は完全一致。	レイアウト図に店舗・申込情報・支払方法・支払番号・プレイヤー名・開始時間・デッキ登録有無・イベント詳細ID・検索種別・検索する・イベント情報を検索・検索条件をクリアが描かれ、DCIナンバー/チームメンバー確認状況/決済中処理バッチ実行も現行の姿として描かれている（後者3つは項目表で削除指定）。	high	DtbEventEntryRepository-payment-no-partial-match
sheet-10-R083	OUT_OF_SCOPE								「支払方法の選択肢の並び」は小見出しで、仕様を述べていない。		high	
sheet-10-R084	MATCHED								支払方法の選択肢は表示順の昇順で並ぶ（src/Eccube/Form/Type/Admin/SearchEntryType.php:52-59）。		high	
sheet-10-R085	OUT_OF_SCOPE								「検索モードと並び順」は小見出しで、仕様を述べていない。		high	
sheet-10-R086	MATCHED								選んだ検索種別で使えない並び順が来たときは、その種別の既定の並び順に補正する（src/Eccube/Controller/Admin/Event/EntryController.php:217-223）。申込検索とデッキ登録検索の並び順の候補は重複が無く（src/Eccube/Repository/DtbEventEntryRepository.php:40-44 と src/Eccube/Repository/DtbDeckRepository.php:73-77）、種別を切り替えた直後に並び順の指定が無いときも切り替え先の既定になる。		high	
sheet-10-R087	OUT_OF_SCOPE								「初期表示」は小見出しで、仕様を述べていない。		high	
sheet-10-R088	DRIFT	P3	実装違い	ふるまい	一覧の初期表示では、保持していた検索条件・ページ番号・表示件数を破棄し、空の一覧・ページ番号1・既定の表示件数で表示する。	一覧を初期表示したときは、前回の検索条件・ページ番号・表示件数をすべて捨て、空の一覧・1ページ目・既定の表示件数で表示する。	src/Eccube/Controller/Admin/Event/EntryController.php:209-214	初期表示で検索条件とページ番号は初期化されるが、表示件数だけは前回選んだ値が残り、既定の表示件数に戻らない。	src/Eccube/Controller/Admin/Event/EntryController.php:209-214 の初期表示では検索条件とページ番号を初期化しているが、表示件数は初期化しておらず、src/Eccube/Controller/Admin/Event/EntryController.php:126-129 が前回値を優先して読み出す。現行(pf-eccube3 app/Plugin/HareruyaEc/Controller/Admin/SearchControllerTrait.php:56-59)は表示件数も破棄していた。	レイアウト図に店舗・申込情報・支払方法・支払番号・プレイヤー名・開始時間・デッキ登録有無・イベント詳細ID・検索種別・検索する・イベント情報を検索・検索条件をクリアが描かれ、DCIナンバー/チームメンバー確認状況/決済中処理バッチ実行も現行の姿として描かれている（後者3つは項目表で削除指定）。	med	EntryController-initial-view-keeps-page-count
sheet-10-R089	OUT_OF_SCOPE								「検索の成立条件」は小見出しで、仕様を述べていない。		high	
sheet-10-R090	DRIFT	P3	実装違い	ふるまい	検索条件を受け取れないときは、保持していた前回の検索条件で検索する。保持もしていないときは初期表示へ戻す。	前回の検索条件が残っていないままページ番号だけを指定して開いたときは、検索を行わず空の一覧（初期表示）に戻る。	src/Eccube/Controller/Admin/Event/EntryController.php:200-208	前回の検索条件が残っていなくても空の条件で検索してしまい、初期表示に戻らず全件が一覧に並ぶ。	src/Eccube/Controller/Admin/Event/EntryController.php:200-208 はページ番号付きで開かれたとき、保持した条件が空でもそのまま検索を実行している（検索取りやめの分岐が無い）。現行(pf-eccube3 app/Plugin/HareruyaEc/Controller/Admin/SearchControllerTrait.php:166-172)は条件が無いときに初期表示へ戻していた。	レイアウト図に店舗・申込情報・支払方法・支払番号・プレイヤー名・開始時間・デッキ登録有無・イベント詳細ID・検索種別・検索する・イベント情報を検索・検索条件をクリアが描かれ、DCIナンバー/チームメンバー確認状況/決済中処理バッチ実行も現行の姿として描かれている（後者3つは項目表で削除指定）。	med	EntryController-no-initial-fallback-without-saved-conditions
sheet-10-R091	DRIFT	P3	実装違い	ふるまい	並び順が昇順・降順のいずれでもないときは並び順エラーを表示し、初期表示へ戻す。	並び順の指定が昇順・降順のどちらでもないときは、並び順エラーを表示して初期表示に戻す。	src/Eccube/Controller/Admin/Event/EntryController.php:225-228	不正な並び順は黙って降順として扱われ、エラー表示も初期表示への差し戻しも行われない。そのまま検索結果が表示される。	src/Eccube/Controller/Admin/Event/EntryController.php:225-228 は昇順・降順以外を降順に読み替えるだけで、エラーの表示も初期表示への復帰も無い（src/Eccube/Controller/Admin/Event/EntryController.php:160-165 の入力エラー時の経路も同じ）。現行(pf-eccube3 app/Plugin/HareruyaEc/Controller/Admin/SearchControllerTrait.php:138-141)はエラーを出して初期表示へ戻していた。	レイアウト図に店舗・申込情報・支払方法・支払番号・プレイヤー名・開始時間・デッキ登録有無・イベント詳細ID・検索種別・検索する・イベント情報を検索・検索条件をクリアが描かれ、DCIナンバー/チームメンバー確認状況/決済中処理バッチ実行も現行の姿として描かれている（後者3つは項目表で削除指定）。	high	EntryController-invalid-order-silently-corrected
sheet-10-R092	OUT_OF_SCOPE								「表示件数と並び順の決定」は小見出しで、仕様を述べていない。		high	
sheet-10-R093	MATCHED								表示件数は指定値が表示件数の候補に登録されているときだけ採用する（src/Eccube/Controller/Admin/Event/EntryController.php:130-139）。並び順とソートキーは指定・前回の保持・既定の順に優先する（src/Eccube/Controller/Admin/Event/EntryController.php:221-226）。		high	
sheet-10-R094	MATCHED								検索が成立したときは検索条件・ページ番号・表示件数・並び順・ソートキーを引き継ぎ（src/Eccube/Controller/Admin/Event/EntryController.php:180-186、src/Eccube/Controller/Admin/Event/EntryController.php:136、src/Eccube/Controller/Admin/Event/EntryController.php:229-230）、ページ送り・表示件数変更・並び替えでは前回の検索条件を復元して検索し直す（src/Eccube/Controller/Admin/Event/EntryController.php:200-208、src/Eccube/Resource/template/admin/Event/Entry/index.twig:344-347、src/Eccube/Resource/template/admin/Event/Entry/index.twig:379-381）。同時に指定された並び順・ソートキー・表示件数はそちらを優先する（src/Eccube/Controller/Admin/Event/EntryController.php:130-139、src/Eccube/Controller/Admin/Event/EntryController.php:221-226）。		high	
sheet-10-R095	NOT_IMPLEMENTED	P3	未実装	ふるまい	最終ページの表示対象が無くなったときは、ページ番号を1つ前に戻す。	最終ページの表示対象が無くなったときは、1つ前のページを表示する。	src/Eccube/Controller/Admin/Event/EntryController.php:232-246	対象が無くなったページ番号のまま検索し、空のページを表示する。ページ番号を戻す処理が無い。	src/Eccube/Controller/Admin/Event/EntryController.php:232-246 の検索実行にページ番号を戻す判定が無い。同じ設計書のイベント一覧では src/Eccube/Controller/Admin/Event/EventController.php:390-394 に同じ処理が実装されており、申込一覧だけ欠けている。	レイアウト図に店舗・申込情報・支払方法・支払番号・プレイヤー名・開始時間・デッキ登録有無・イベント詳細ID・検索種別・検索する・イベント情報を検索・検索条件をクリアが描かれ、DCIナンバー/チームメンバー確認状況/決済中処理バッチ実行も現行の姿として描かれている（後者3つは項目表で削除指定）。	high	EntryController-no-page-back-on-empty-last-page
sheet-10-R096	OUT_OF_SCOPE								「イベント詳細を指定した表示」は小見出しで、仕様を述べていない。		high	
sheet-10-R097	DRIFT	P3	実装違い	ふるまい	特定の日程を指定して開いたときは、その日程を検索条件に設定し、並び順は既定とする。検索モードはイベント申込検索に固定する。	特定の日程を指定して開いたときは、その日程を検索条件にした一覧を既定の並び順で表示する。	src/Eccube/Controller/Admin/Event/EntryController.php:192-199	日程が検索条件に入り検索種別がイベント申込検索になる点は設計どおりだが、並び順は直前に使っていた並び順が引き継がれ、既定の並び順に戻らない。	src/Eccube/Controller/Admin/Event/EntryController.php:192-199 は日程を条件に入れるだけで並び順を既定に戻していない。src/Eccube/Controller/Admin/Event/EntryController.php:221-228 が前回の並び順を優先するため、直前の並び替えがそのまま残る。現行(pf-eccube3 app/Plugin/HareruyaEc/Controller/Admin/EntryController.php:951-953,976-984)は既定の並び順に固定していた。	レイアウト図に店舗・申込情報・支払方法・支払番号・プレイヤー名・開始時間・デッキ登録有無・イベント詳細ID・検索種別・検索する・イベント情報を検索・検索条件をクリアが描かれ、DCIナンバー/チームメンバー確認状況/決済中処理バッチ実行も現行の姿として描かれている（後者3つは項目表で削除指定）。	med	EntryController-event-detail-view-sort-not-reset
sheet-10-R098	MATCHED								検索条件・検索種別・ページ番号・表示件数・並び順を受け取り、日程を指定して開く経路も持つ（src/Eccube/Controller/Admin/Event/EntryController.php:93-96、src/Eccube/Controller/Admin/Event/EntryController.php:126-139、src/Eccube/Controller/Admin/Event/EntryController.php:192-199、src/Eccube/Controller/Admin/Event/EntryController.php:221-226）。		high	
sheet-10-R099	MATCHED								成功時は検索フォームと該当する申込またはデッキの一覧を返す（src/Eccube/Controller/Admin/Event/EntryController.php:248-262、src/Eccube/Resource/template/admin/Event/Entry/index.twig:233-482）。		high	
sheet-10-R100	DRIFT	P2	実装違い	ふるまい	"失敗時出力	並び順が不正なときは並び順エラーを表示して初期表示へ戻す。"	並び順が不正なときは並び順エラーを表示して初期表示に戻す。	src/Eccube/Controller/Admin/Event/EntryController.php:225-228	不正な並び順は黙って降順として扱われ、エラーの表示も初期表示への差し戻しも起きない。	src/Eccube/Controller/Admin/Event/EntryController.php:225-228 に不正値の通知が無い。sheet-10-R091 と同一の実装欠陥。	レイアウト図に店舗・申込情報・支払方法・支払番号・プレイヤー名・開始時間・デッキ登録有無・イベント詳細ID・検索種別・検索する・イベント情報を検索・検索条件をクリアが描かれ、DCIナンバー/チームメンバー確認状況/決済中処理バッチ実行も現行の姿として描かれている（後者3つは項目表で削除指定）。	high	EntryController-invalid-order-silently-corrected
sheet-10-R101	MATCHED								開始日時より前の終了日時を指定して検索すると「終了日時は、開始日時より大きく設定してください」が当該入力欄の直下に表示され、画面に留まる（src/Eccube/Form/Type/Admin/SearchEntryType.php:171-181、文言 src/Eccube/Resource/locale/messages.ja.yaml:1615、表示位置 src/Eccube/Resource/template/admin/Event/Entry/index.twig:292-293、留まる処理 src/Eccube/Controller/Admin/Event/EntryController.php:145-186）。	レイアウト図に店舗・申込情報・支払方法・支払番号・プレイヤー名・開始時間・デッキ登録有無・イベント詳細ID・検索種別・検索する・イベント情報を検索・検索条件をクリアが描かれ、DCIナンバー/チームメンバー確認状況/決済中処理バッチ実行も現行の姿として描かれている（後者3つは項目表で削除指定）。	high	
sheet-10-R102	DRIFT	P2	実装違い	ふるまい	"—	画面上部のフラッシュ領域	並び順エラー（並び順の不正）	並び順が昇順・降順のいずれでもないとき	初期表示へ戻す。文言は共通実装を正とする"	並び順が昇順・降順のいずれでもないときは、画面上部に並び順エラーを表示して初期表示に戻す。	src/Eccube/Controller/Admin/Event/EntryController.php:225-228	画面上部にエラーは出ず、不正な並び順は黙って降順に読み替えられて検索結果が表示される。	src/Eccube/Controller/Admin/Event/EntryController.php:225-228 にエラー表示も初期表示への復帰も無い。sheet-10-R091/R100 と同一の実装欠陥。	レイアウト図に店舗・申込情報・支払方法・支払番号・プレイヤー名・開始時間・デッキ登録有無・イベント詳細ID・検索種別・検索する・イベント情報を検索・検索条件をクリアが描かれ、DCIナンバー/チームメンバー確認状況/決済中処理バッチ実行も現行の姿として描かれている（後者3つは項目表で削除指定）。	high	EntryController-invalid-order-silently-corrected
sheet-10-R103	OUT_OF_SCOPE								件数・0件の文言は一覧の実装を正とすると宣言する注記で、設計側の期待値を定めていない（実装は src/Eccube/Resource/template/admin/Event/Entry/index.twig:326-328,473-478）。		high	
sheet-11-R001	OUT_OF_SCOPE								要求文が箇条書きの記号「・」だけで、何がどうなるかを述べていない。カスタマイズ要件の見出し直下の空箇条であり実装要求ではない。	sheet-11_img1（イベント申込検索結果のレイアウト図）を確認。上部に「一括編集 10件 CSVダウンロード 並べかえ：エントリーID 降順 デッキ表示」、表は チェックボックス/申込ID/プレイヤー名・デッキ登録状況/イベント名・店舗・開催日/申込日時・支払状況・番号 の5列、下部に前へ 1..5 次へ のページング。	high	
sheet-11-R002	MATCHED						src/Eccube/Controller/Admin/Event/EntryController.php:275;src/Eccube/Resource/template/admin/Event/Entry/index.twig:415	申込の店舗が編集権限のある店舗でない場合、編集画面はNotFoundとなり、一覧のプレイヤー名も編集画面へのリンクにならない。	src/Eccube/Controller/Admin/Event/EntryController.php:275 で申込のイベントの店舗に対する編集権限が無ければ編集画面を開けない。一覧側も src/Eccube/Resource/template/admin/Event/Entry/index.twig:415 と src/Eccube/Resource/template/admin/Event/Entry/index.twig:448 で編集権限のある店舗の行だけ編集リンク・編集メニューを出す。	sheet-11_img1（イベント申込検索結果のレイアウト図）を確認。上部に「一括編集 10件 CSVダウンロード 並べかえ：エントリーID 降順 デッキ表示」、表は チェックボックス/申込ID/プレイヤー名・デッキ登録状況/イベント名・店舗・開催日/申込日時・支払状況・番号 の5列、下部に前へ 1..5 次へ のページング。	high	
sheet-11-R003	OUT_OF_SCOPE								「カスタマイズ要件に記載の内容以外は現行踏襲とする。」は個別の画面挙動を定めない全体方針の記述で、突合できる要求ではない。	sheet-11_img1（イベント申込検索結果のレイアウト図）を確認。上部に「一括編集 10件 CSVダウンロード 並べかえ：エントリーID 降順 デッキ表示」、表は チェックボックス/申込ID/プレイヤー名・デッキ登録状況/イベント名・店舗・開催日/申込日時・支払状況・番号 の5列、下部に前へ 1..5 次へ のページング。	high	
sheet-11-R004	OUT_OF_SCOPE								「★権限による制御」はカスタマイズ処理概要のブロック見出しで、それ自体は仕様を述べていない。配下のsheet-11-R005〜R010で個別に判定した。	sheet-11_img1（イベント申込検索結果のレイアウト図）を確認。上部に「一括編集 10件 CSVダウンロード 並べかえ：エントリーID 降順 デッキ表示」、表は チェックボックス/申込ID/プレイヤー名・デッキ登録状況/イベント名・店舗・開催日/申込日時・支払状況・番号 の5列、下部に前へ 1..5 次へ のページング。	high	
sheet-11-R005	MATCHED						src/Eccube/Resource/template/admin/Event/Entry/index.twig:406-411	申込行のチェックボックスは、その申込のイベントの店舗が編集権限のある店舗のときだけ出力される。	src/Eccube/Resource/template/admin/Event/Entry/index.twig:408 の条件により編集権限のある店舗の申込だけチェックボックスを描画し、権限の無い行はセルが空になる。	sheet-11_img1（イベント申込検索結果のレイアウト図）を確認。上部に「一括編集 10件 CSVダウンロード 並べかえ：エントリーID 降順 デッキ表示」、表は チェックボックス/申込ID/プレイヤー名・デッキ登録状況/イベント名・店舗・開催日/申込日時・支払状況・番号 の5列、下部に前へ 1..5 次へ のページング。	high	
sheet-11-R006	MATCHED						src/Eccube/Controller/Admin/Event/EntryController.php:232-248;src/Eccube/Resource/template/admin/Event/Entry/index.twig:404	検索条件（イベント名・店舗・申込状況・支払方法・支払番号・プレイヤー名・開催日・デッキ登録有無・日程ID）に該当する申込が一覧表示される。	src/Eccube/Controller/Admin/Event/EntryController.php:239 で検索条件から申込を取得しページングし、src/Eccube/Resource/template/admin/Event/Entry/index.twig:404 以降で1申込1行として表示する。	sheet-11_img1（イベント申込検索結果のレイアウト図）を確認。上部に「一括編集 10件 CSVダウンロード 並べかえ：エントリーID 降順 デッキ表示」、表は チェックボックス/申込ID/プレイヤー名・デッキ登録状況/イベント名・店舗・開催日/申込日時・支払状況・番号 の5列、下部に前へ 1..5 次へ のページング。	high	
sheet-11-R007	MATCHED						src/Eccube/Resource/template/admin/Event/Entry/index.twig:358;src/Eccube/Controller/Admin/Event/EntryController.php:389-431	一覧の「CSVダウンロード」から、直前の検索条件と並び順のまま申込のCSVが出力される。	src/Eccube/Resource/template/admin/Event/Entry/index.twig:358 のリンク先が src/Eccube/Controller/Admin/Event/EntryController.php:389 のCSV出力で、src/Eccube/Controller/Admin/Event/EntryController.php:412-419 が一覧と同じ検索条件・並び順で対象を組み立てている。	sheet-11_img1（イベント申込検索結果のレイアウト図）を確認。上部に「一括編集 10件 CSVダウンロード 並べかえ：エントリーID 降順 デッキ表示」、表は チェックボックス/申込ID/プレイヤー名・デッキ登録状況/イベント名・店舗・開催日/申込日時・支払状況・番号 の5列、下部に前へ 1..5 次へ のページング。	high	
sheet-11-R008	MATCHED						src/Eccube/Resource/template/admin/Event/Entry/index.twig:381-384;src/Eccube/Controller/Admin/Event/EntryController.php:578-610	「デッキ表示」を押すと、検索条件に該当する申込に紐づくデッキ登録の一覧（デッキ表示画面）が別ウィンドウで開く。	src/Eccube/Resource/template/admin/Event/Entry/index.twig:381 のボタンが src/Eccube/Controller/Admin/Event/EntryController.php:578 のデッキ表示へ遷移し、src/Eccube/Controller/Admin/Event/EntryController.php:600-606 で一覧と同じ検索条件のデッキを取得して表示する。	sheet-11_img1（イベント申込検索結果のレイアウト図）を確認。上部に「一括編集 10件 CSVダウンロード 並べかえ：エントリーID 降順 デッキ表示」、表は チェックボックス/申込ID/プレイヤー名・デッキ登録状況/イベント名・店舗・開催日/申込日時・支払状況・番号 の5列、下部に前へ 1..5 次へ のページング。	high	
sheet-11-R009	MATCHED						src/Eccube/Resource/template/admin/Event/Entry/index.twig:416;src/Eccube/Resource/template/admin/Event/Entry/index.twig:455	プレイヤー名のリンク、および行末の操作メニューの「編集」から各申込の詳細・編集画面へ遷移できる。	src/Eccube/Resource/template/admin/Event/Entry/index.twig:416 と src/Eccube/Resource/template/admin/Event/Entry/index.twig:455 がイベント申込詳細・編集画面へのリンクで、遷移先は src/Eccube/Controller/Admin/Event/EntryController.php:270-272 の編集画面。	sheet-11_img1（イベント申込検索結果のレイアウト図）を確認。上部に「一括編集 10件 CSVダウンロード 並べかえ：エントリーID 降順 デッキ表示」、表は チェックボックス/申込ID/プレイヤー名・デッキ登録状況/イベント名・店舗・開催日/申込日時・支払状況・番号 の5列、下部に前へ 1..5 次へ のページング。	high	
sheet-11-R010	MATCHED						src/Eccube/Resource/template/admin/Event/Entry/index.twig:344;src/Eccube/Controller/Admin/Event/EntryController.php:341-383	チェックした申込に対し、モーダルで選んだ申込状況へ一括更新できる。	src/Eccube/Resource/template/admin/Event/Entry/index.twig:344 の「一括編集」で開くモーダルから src/Eccube/Controller/Admin/Event/EntryController.php:341 の一括更新を呼び、src/Eccube/Controller/Admin/Event/EntryController.php:366 で選択した申込の申込状況をまとめて更新する。	sheet-11_img1（イベント申込検索結果のレイアウト図）を確認。上部に「一括編集 10件 CSVダウンロード 並べかえ：エントリーID 降順 デッキ表示」、表は チェックボックス/申込ID/プレイヤー名・デッキ登録状況/イベント名・店舗・開催日/申込日時・支払状況・番号 の5列、下部に前へ 1..5 次へ のページング。	high	
sheet-11-R011	OUT_OF_SCOPE								「イベント申込一括編集（ポップアップ画面）」は次に定義される別画面の見出しで、その画面の仕様は sheet-12（イベント申込一括編集）で定義され、そちらで判定される。	sheet-11_img1（イベント申込検索結果のレイアウト図）を確認。上部に「一括編集 10件 CSVダウンロード 並べかえ：エントリーID 降順 デッキ表示」、表は チェックボックス/申込ID/プレイヤー名・デッキ登録状況/イベント名・店舗・開催日/申込日時・支払状況・番号 の5列、下部に前へ 1..5 次へ のページング。	high	
sheet-11-R012	OUT_OF_SCOPE								「画面上部パーツ」は項目表の区分行で、仕様を述べていない。	sheet-11_img1（イベント申込検索結果のレイアウト図）を確認。上部に「一括編集 10件 CSVダウンロード 並べかえ：エントリーID 降順 デッキ表示」、表は チェックボックス/申込ID/プレイヤー名・デッキ登録状況/イベント名・店舗・開催日/申込日時・支払状況・番号 の5列、下部に前へ 1..5 次へ のページング。	high	
sheet-11-R013	MATCHED						src/Eccube/Resource/template/admin/Event/Entry/index.twig:344;src/Eccube/Resource/template/admin/Event/Entry/index.twig:538-556;src/Eccube/Resource/locale/messages.ja.yaml:6168	一覧上部に「一括編集」リンクがあり、押すとイベント申込一括編集のモーダルが開く。	src/Eccube/Resource/template/admin/Event/Entry/index.twig:344 のリンクが src/Eccube/Resource/template/admin/Event/Entry/index.twig:538 のモーダルを開く。表示文言は admin.event.entry.bulk_edit（src/Eccube/Resource/locale/messages.ja.yaml:6168「一括編集」）。	sheet-11_img1（イベント申込検索結果のレイアウト図）を確認。上部に「一括編集 10件 CSVダウンロード 並べかえ：エントリーID 降順 デッキ表示」、表は チェックボックス/申込ID/プレイヤー名・デッキ登録状況/イベント名・店舗・開催日/申込日時・支払状況・番号 の5列、下部に前へ 1..5 次へ のページング。	high	
sheet-11-R014	MATCHED						src/Eccube/Resource/template/admin/Event/Entry/index.twig:346-350;app/DoctrineMigrations/Version20260527100000.php:38	件数のプルダウンは10/50/100/300/500/1000/2000/10000/12000件から1つを選ぶ。	src/Eccube/Resource/template/admin/Event/Entry/index.twig:347 が件数マスタを列挙し、app/DoctrineMigrations/Version20260527100000.php:38 でマスタの値が10/50/100/300/500/1000/2000/10000/12000に揃えられている。	sheet-11_img1（イベント申込検索結果のレイアウト図）を確認。上部に「一括編集 10件 CSVダウンロード 並べかえ：エントリーID 降順 デッキ表示」、表は チェックボックス/申込ID/プレイヤー名・デッキ登録状況/イベント名・店舗・開催日/申込日時・支払状況・番号 の5列、下部に前へ 1..5 次へ のページング。	high	
sheet-11-R015	MATCHED						src/Eccube/Resource/template/admin/Event/Entry/index.twig:352-364	「CSVダウンロード」を押すと「CSVダウンロード」「出力項目設定」の2つの選択肢が開く。	src/Eccube/Resource/template/admin/Event/Entry/index.twig:353 のボタン配下に src/Eccube/Resource/template/admin/Event/Entry/index.twig:358 と src/Eccube/Resource/template/admin/Event/Entry/index.twig:361 の2項目だけが並ぶ。	sheet-11_img1（イベント申込検索結果のレイアウト図）を確認。上部に「一括編集 10件 CSVダウンロード 並べかえ：エントリーID 降順 デッキ表示」、表は チェックボックス/申込ID/プレイヤー名・デッキ登録状況/イベント名・店舗・開催日/申込日時・支払状況・番号 の5列、下部に前へ 1..5 次へ のページング。	high	
sheet-11-R016	MATCHED						src/Eccube/Resource/template/admin/Event/Entry/index.twig:358;src/Eccube/Controller/Admin/Event/EntryController.php:389-431	「CSVダウンロード」を選ぶと申込のCSVがダウンロードされる。	src/Eccube/Resource/template/admin/Event/Entry/index.twig:358 のリンク先が src/Eccube/Controller/Admin/Event/EntryController.php:389 のCSV出力で、src/Eccube/Controller/Admin/Event/EntryController.php:431 がCSVを返す。	sheet-11_img1（イベント申込検索結果のレイアウト図）を確認。上部に「一括編集 10件 CSVダウンロード 並べかえ：エントリーID 降順 デッキ表示」、表は チェックボックス/申込ID/プレイヤー名・デッキ登録状況/イベント名・店舗・開催日/申込日時・支払状況・番号 の5列、下部に前へ 1..5 次へ のページング。	high	
sheet-11-R017	MATCHED						src/Eccube/Resource/template/admin/Event/Entry/index.twig:361	「出力項目設定」を選ぶとイベント申込のCSV出力項目設定画面へ遷移する。	src/Eccube/Resource/template/admin/Event/Entry/index.twig:361 のリンク先がイベント申込のCSV種別を指定したCSV出力項目設定画面。	sheet-11_img1（イベント申込検索結果のレイアウト図）を確認。上部に「一括編集 10件 CSVダウンロード 並べかえ：エントリーID 降順 デッキ表示」、表は チェックボックス/申込ID/プレイヤー名・デッキ登録状況/イベント名・店舗・開催日/申込日時・支払状況・番号 の5列、下部に前へ 1..5 次へ のページング。	high	
sheet-11-R018	MATCHED						src/Eccube/Resource/template/admin/Event/Entry/index.twig:365-379;src/Eccube/Resource/locale/messages.ja.yaml:6160-6162	並べ替えの項目は「エントリーID」「申込日」「申込状況」の3つから選ぶ。ただし選択部の前置き文言は「並び順：」で描画される。	src/Eccube/Resource/template/admin/Event/Entry/index.twig:370 が並べ替え候補を列挙し、候補は src/Eccube/Controller/Admin/Event/EntryController.php:142 経由の3件（src/Eccube/Repository/DtbEventEntryRepository.php:41-45）。表示名は src/Eccube/Resource/locale/messages.ja.yaml:6160-6162 で「エントリーID」「申込日」「申込状況」と一致。前置きは src/Eccube/Resource/template/admin/Event/Entry/index.twig:367 の admin.common.sort_order（src/Eccube/Resource/locale/messages.ja.yaml:1867「並び順」）で、正本の項目表は「並べ替え」、レイアウト図は「並べかえ」と表記が割れており、選択肢の一致をもってMATCHEDとした（文言差は要裁定）。	sheet-11_img1（イベント申込検索結果のレイアウト図）を確認。上部に「一括編集 10件 CSVダウンロード 並べかえ：エントリーID 降順 デッキ表示」、表は チェックボックス/申込ID/プレイヤー名・デッキ登録状況/イベント名・店舗・開催日/申込日時・支払状況・番号 の5列、下部に前へ 1..5 次へ のページング。	med	
sheet-11-R019	MATCHED						src/Eccube/Resource/template/admin/Event/Entry/index.twig:374-375;src/Eccube/Resource/locale/messages.ja.yaml:1754-1755	並べ替えのソート順は「昇順」「降順」の2つから選ぶ。	src/Eccube/Resource/template/admin/Event/Entry/index.twig:374 と src/Eccube/Resource/template/admin/Event/Entry/index.twig:375 が昇順・降順の2つで、文言は src/Eccube/Resource/locale/messages.ja.yaml:1754-1755。	sheet-11_img1（イベント申込検索結果のレイアウト図）を確認。上部に「一括編集 10件 CSVダウンロード 並べかえ：エントリーID 降順 デッキ表示」、表は チェックボックス/申込ID/プレイヤー名・デッキ登録状況/イベント名・店舗・開催日/申込日時・支払状況・番号 の5列、下部に前へ 1..5 次へ のページング。	high	
sheet-11-R020	OUT_OF_SCOPE								「イベント申込情報」は項目表の区分行で、仕様を述べていない。	sheet-11_img1（イベント申込検索結果のレイアウト図）を確認。上部に「一括編集 10件 CSVダウンロード 並べかえ：エントリーID 降順 デッキ表示」、表は チェックボックス/申込ID/プレイヤー名・デッキ登録状況/イベント名・店舗・開催日/申込日時・支払状況・番号 の5列、下部に前へ 1..5 次へ のページング。	high	
sheet-11-R021	MATCHED						src/Eccube/Resource/template/admin/Event/Entry/index.twig:409;src/Eccube/Resource/template/admin/Event/Entry/index.twig:121-136	各申込行の先頭にチェックボックスがあり、チェックした申込が一括編集の対象になる。	src/Eccube/Resource/template/admin/Event/Entry/index.twig:409 のチェックボックスを src/Eccube/Resource/template/admin/Event/Entry/index.twig:132 が集めて一括更新に渡す。ヘッダの src/Eccube/Resource/template/admin/Event/Entry/index.twig:394 は全選択用。	sheet-11_img1（イベント申込検索結果のレイアウト図）を確認。上部に「一括編集 10件 CSVダウンロード 並べかえ：エントリーID 降順 デッキ表示」、表は チェックボックス/申込ID/プレイヤー名・デッキ登録状況/イベント名・店舗・開催日/申込日時・支払状況・番号 の5列、下部に前へ 1..5 次へ のページング。	high	
sheet-11-R022	MATCHED						src/Eccube/Resource/template/admin/Event/Entry/index.twig:406-411	編集権限のある店舗の申込にだけチェックボックスが表示される。	src/Eccube/Resource/template/admin/Event/Entry/index.twig:408 の条件で編集権限のある店舗の申込だけチェックボックスを出力する。	sheet-11_img1（イベント申込検索結果のレイアウト図）を確認。上部に「一括編集 10件 CSVダウンロード 並べかえ：エントリーID 降順 デッキ表示」、表は チェックボックス/申込ID/プレイヤー名・デッキ登録状況/イベント名・店舗・開催日/申込日時・支払状況・番号 の5列、下部に前へ 1..5 次へ のページング。	high	
sheet-11-R023	MATCHED						src/Eccube/Resource/template/admin/Event/Entry/index.twig:413	申込IDの列に申込のIDが表示される。	src/Eccube/Resource/template/admin/Event/Entry/index.twig:413 がイベント申込検索時は申込IDを出力する。列見出しは src/Eccube/Resource/template/admin/Event/Entry/index.twig:396（src/Eccube/Resource/locale/messages.ja.yaml:6151「申込ID」）。	sheet-11_img1（イベント申込検索結果のレイアウト図）を確認。上部に「一括編集 10件 CSVダウンロード 並べかえ：エントリーID 降順 デッキ表示」、表は チェックボックス/申込ID/プレイヤー名・デッキ登録状況/イベント名・店舗・開催日/申込日時・支払状況・番号 の5列、下部に前へ 1..5 次へ のページング。	high	
sheet-11-R024	MATCHED						src/Eccube/Resource/template/admin/Event/Entry/index.twig:417;src/Eccube/Service/Admin/Event/EntryListRowBuilder.php:71-87	プレイヤー名（複数申込者のときは連名）が表示される。	src/Eccube/Resource/template/admin/Event/Entry/index.twig:417 が姓名を表示し、src/Eccube/Service/Admin/Event/EntryListRowBuilder.php:71-87 が表示名を組み立てる。	sheet-11_img1（イベント申込検索結果のレイアウト図）を確認。上部に「一括編集 10件 CSVダウンロード 並べかえ：エントリーID 降順 デッキ表示」、表は チェックボックス/申込ID/プレイヤー名・デッキ登録状況/イベント名・店舗・開催日/申込日時・支払状況・番号 の5列、下部に前へ 1..5 次へ のページング。	high	
sheet-11-R025	MATCHED						src/Eccube/Resource/template/admin/Event/Entry/index.twig:415-427	プレイヤー名の下にデッキ登録状況（登録日時＋「にデッキ登録」／「デッキ未登録」）が表示され、プレイヤー名からイベント申込詳細・編集画面へ遷移する。	src/Eccube/Resource/template/admin/Event/Entry/index.twig:423-427 がデッキ登録状況を表示し、src/Eccube/Resource/template/admin/Event/Entry/index.twig:416 がイベント申込詳細・編集画面（src/Eccube/Controller/Admin/Event/EntryController.php:270）へのリンク。図でも「2025/04/25 13:09にデッキ登録」の表記を確認。	sheet-11_img1（イベント申込検索結果のレイアウト図）を確認。上部に「一括編集 10件 CSVダウンロード 並べかえ：エントリーID 降順 デッキ表示」、表は チェックボックス/申込ID/プレイヤー名・デッキ登録状況/イベント名・店舗・開催日/申込日時・支払状況・番号 の5列、下部に前へ 1..5 次へ のページング。	high	
sheet-11-R026	MATCHED						src/Eccube/Resource/template/admin/Event/Entry/index.twig:430	イベント名（和名、英名があれば併記）が表示される。	src/Eccube/Resource/template/admin/Event/Entry/index.twig:430 がイベント名を表示する。図の「テストイベント test event」と同じ並び。	sheet-11_img1（イベント申込検索結果のレイアウト図）を確認。上部に「一括編集 10件 CSVダウンロード 並べかえ：エントリーID 降順 デッキ表示」、表は チェックボックス/申込ID/プレイヤー名・デッキ登録状況/イベント名・店舗・開催日/申込日時・支払状況・番号 の5列、下部に前へ 1..5 次へ のページング。	high	
sheet-11-R027	MATCHED						src/Eccube/Resource/template/admin/Event/Entry/index.twig:431	イベント名の下に店舗名が表示される。	src/Eccube/Resource/template/admin/Event/Entry/index.twig:431 が店舗名を表示する。	sheet-11_img1（イベント申込検索結果のレイアウト図）を確認。上部に「一括編集 10件 CSVダウンロード 並べかえ：エントリーID 降順 デッキ表示」、表は チェックボックス/申込ID/プレイヤー名・デッキ登録状況/イベント名・店舗・開催日/申込日時・支払状況・番号 の5列、下部に前へ 1..5 次へ のページング。	high	
sheet-11-R028	MATCHED						src/Eccube/Resource/template/admin/Event/Entry/index.twig:432-436	店舗の下に開催日時が表示され、未設定のときは「-」が表示される。	src/Eccube/Resource/template/admin/Event/Entry/index.twig:433 が開催日時を表示する。列見出しは src/Eccube/Resource/template/admin/Event/Entry/index.twig:398（src/Eccube/Resource/locale/messages.ja.yaml:6152「イベント名・店舗・開催日」）。	sheet-11_img1（イベント申込検索結果のレイアウト図）を確認。上部に「一括編集 10件 CSVダウンロード 並べかえ：エントリーID 降順 デッキ表示」、表は チェックボックス/申込ID/プレイヤー名・デッキ登録状況/イベント名・店舗・開催日/申込日時・支払状況・番号 の5列、下部に前へ 1..5 次へ のページング。	high	
sheet-11-R029	MATCHED						src/Eccube/Resource/template/admin/Event/Entry/index.twig:442	申込日時が表示される。	src/Eccube/Resource/template/admin/Event/Entry/index.twig:442 が申込日時を表示する。図の「2025/04/25 13:19」と同じ位置。	sheet-11_img1（イベント申込検索結果のレイアウト図）を確認。上部に「一括編集 10件 CSVダウンロード 並べかえ：エントリーID 降順 デッキ表示」、表は チェックボックス/申込ID/プレイヤー名・デッキ登録状況/イベント名・店舗・開催日/申込日時・支払状況・番号 の5列、下部に前へ 1..5 次へ のページング。	high	
sheet-11-R030	MATCHED						src/Eccube/Resource/template/admin/Event/Entry/index.twig:443;src/Eccube/Service/Admin/Event/EntryListRowBuilder.php:113	申込日時の下に申込状況（「申込済み」等）が表示される。	src/Eccube/Resource/template/admin/Event/Entry/index.twig:443 が src/Eccube/Service/Admin/Event/EntryListRowBuilder.php:113 の申込状況名を表示する。図でも同じ位置に「申込済み」があり、正本の列見出し「支払状況」と表示内容の対応は図と一致。	sheet-11_img1（イベント申込検索結果のレイアウト図）を確認。上部に「一括編集 10件 CSVダウンロード 並べかえ：エントリーID 降順 デッキ表示」、表は チェックボックス/申込ID/プレイヤー名・デッキ登録状況/イベント名・店舗・開催日/申込日時・支払状況・番号 の5列、下部に前へ 1..5 次へ のページング。	high	
sheet-11-R031	MATCHED						src/Eccube/Resource/template/admin/Event/Entry/index.twig:444	申込状況の下に支払番号が表示される。	src/Eccube/Resource/template/admin/Event/Entry/index.twig:444 が支払番号を表示する。図の「EV202504250119-0000093912」と同じ位置。	sheet-11_img1（イベント申込検索結果のレイアウト図）を確認。上部に「一括編集 10件 CSVダウンロード 並べかえ：エントリーID 降順 デッキ表示」、表は チェックボックス/申込ID/プレイヤー名・デッキ登録状況/イベント名・店舗・開催日/申込日時・支払状況・番号 の5列、下部に前へ 1..5 次へ のページング。	high	
sheet-11-R032	OUT_OF_SCOPE								「ボタン、リンク、その他」は項目表の区分行で、仕様を述べていない。	sheet-11_img1（イベント申込検索結果のレイアウト図）を確認。上部に「一括編集 10件 CSVダウンロード 並べかえ：エントリーID 降順 デッキ表示」、表は チェックボックス/申込ID/プレイヤー名・デッキ登録状況/イベント名・店舗・開催日/申込日時・支払状況・番号 の5列、下部に前へ 1..5 次へ のページング。	high	
sheet-11-R033	MATCHED						src/Eccube/Resource/template/admin/Event/Entry/index.twig:325-327;src/Eccube/Resource/locale/messages.ja.yaml:1735	検索条件に該当した申込の件数が「検索結果：○件が該当しました」として表示される。	src/Eccube/Resource/template/admin/Event/Entry/index.twig:326 が該当件数を表示する。文言は src/Eccube/Resource/locale/messages.ja.yaml:1735。	sheet-11_img1（イベント申込検索結果のレイアウト図）を確認。上部に「一括編集 10件 CSVダウンロード 並べかえ：エントリーID 降順 デッキ表示」、表は チェックボックス/申込ID/プレイヤー名・デッキ登録状況/イベント名・店舗・開催日/申込日時・支払状況・番号 の5列、下部に前へ 1..5 次へ のページング。	high	
sheet-11-R034	MATCHED						src/Eccube/Resource/template/admin/Event/Entry/index.twig:381-384;src/Eccube/Controller/Admin/Event/EntryController.php:578	「デッキ表示」ボタンからデッキ表示画面へ遷移する。	src/Eccube/Resource/template/admin/Event/Entry/index.twig:381 のボタンが src/Eccube/Controller/Admin/Event/EntryController.php:578 のデッキ表示画面を開く（src/Eccube/Resource/template/admin/Event/Entry/index.twig:59-64）。	sheet-11_img1（イベント申込検索結果のレイアウト図）を確認。上部に「一括編集 10件 CSVダウンロード 並べかえ：エントリーID 降順 デッキ表示」、表は チェックボックス/申込ID/プレイヤー名・デッキ登録状況/イベント名・店舗・開催日/申込日時・支払状況・番号 の5列、下部に前へ 1..5 次へ のページング。	high	
sheet-11-R035	MATCHED						src/Eccube/Resource/template/admin/Event/Entry/index.twig:465-467;src/Eccube/Resource/template/admin/pager.twig:1	一覧下部にページングが表示され、選択したページへ遷移する。	src/Eccube/Resource/template/admin/Event/Entry/index.twig:466 が申込一覧のページングを描画する。図の「前へ 1..5 次へ」と同じ位置。	sheet-11_img1（イベント申込検索結果のレイアウト図）を確認。上部に「一括編集 10件 CSVダウンロード 並べかえ：エントリーID 降順 デッキ表示」、表は チェックボックス/申込ID/プレイヤー名・デッキ登録状況/イベント名・店舗・開催日/申込日時・支払状況・番号 の5列、下部に前へ 1..5 次へ のページング。	high	
sheet-11-R036	OUT_OF_SCOPE								「デッキ登録を検索」は2枚目のレイアウト図（デッキ登録検索結果）の見出しで、仕様を述べていない。配下のsheet-11-R037以降で判定した。	sheet-11_img2（デッキ登録検索結果のレイアウト図）を確認。申込IDに「なし」、申込日時・支払状況・番号の列は「-」のみ、チェックボックス列は空欄、並べかえは「デッキ登録日｜降順」。上部の「一括編集」は淡色で描かれている。	high	
sheet-11-R037	DESIGN_ISSUE				・権限を保持している店舗のイベントのみ表示を可能とする		src/Eccube/Controller/Admin/Event/EntryController.php:217-247;src/Eccube/Repository/DtbDeckRepository.php:730-760	デッキ登録検索の結果は、検索条件で店舗を絞らない限り全店舗のイベントの申込が表示される（メンバーの権限店舗による絞り込みは無い）。	同じシート内で記述が食い違う。カスタマイズ要件は「権限を保持している店舗のイベントのみ表示を可能とする」と述べる一方、同ブロックの★権限による制御は『識別ID2-1「チェックボックス」は編集権限のある店舗の申込のみ表示する』とだけ定め、権限外の店舗の申込も行として表示される前提になっている。1枚目のブロック（sheet-11-R002）は同じ画面について「編集可能とする」と書いており、表示制限か編集制限かが定まらない。実装は行の絞り込みを行わず（src/Eccube/Repository/DtbDeckRepository.php:730-760、src/Eccube/Repository/DtbEventEntryRepository.php:65-78 とも権限店舗の条件を持たない）、チェックボックスと編集リンクだけを権限で制御している（src/Eccube/Resource/template/admin/Event/Entry/index.twig:408、src/Eccube/Resource/template/admin/Event/Entry/index.twig:415）。どちらが正かは設計裁定が要る。	sheet-11_img2（デッキ登録検索結果のレイアウト図）を確認。申込IDに「なし」、申込日時・支払状況・番号の列は「-」のみ、チェックボックス列は空欄、並べかえは「デッキ登録日｜降順」。上部の「一括編集」は淡色で描かれている。	med	
sheet-11-R038	OUT_OF_SCOPE								「カスタマイズ要件に記載の内容以外は現行踏襲とする。」は全体方針の記述で、突合できる要求ではない。	sheet-11_img2（デッキ登録検索結果のレイアウト図）を確認。申込IDに「なし」、申込日時・支払状況・番号の列は「-」のみ、チェックボックス列は空欄、並べかえは「デッキ登録日｜降順」。上部の「一括編集」は淡色で描かれている。	high	
sheet-11-R039	OUT_OF_SCOPE								「★権限による制御」はブロック見出しで、それ自体は仕様を述べていない。配下のsheet-11-R040〜R043で判定した。	sheet-11_img2（デッキ登録検索結果のレイアウト図）を確認。申込IDに「なし」、申込日時・支払状況・番号の列は「-」のみ、チェックボックス列は空欄、並べかえは「デッキ登録日｜降順」。上部の「一括編集」は淡色で描かれている。	high	
sheet-11-R040	MATCHED						src/Eccube/Resource/template/admin/Event/Entry/index.twig:393-395;src/Eccube/Resource/template/admin/Event/Entry/index.twig:406-411	デッキ登録検索の結果ではチェックボックス列自体が出力されない。イベント申込検索の結果では編集権限のある店舗の申込にだけチェックボックスが出る。	src/Eccube/Resource/template/admin/Event/Entry/index.twig:406 でデッキ登録検索時はチェックボックス列を出さず（項目表のsheet-11-R054「デッキ登録検索結果では非表示」と一致）、出す場合も src/Eccube/Resource/template/admin/Event/Entry/index.twig:408 で編集権限のある店舗に限る。権限の無い店舗の申込にチェックボックスが出ることはない。	sheet-11_img2（デッキ登録検索結果のレイアウト図）を確認。申込IDに「なし」、申込日時・支払状況・番号の列は「-」のみ、チェックボックス列は空欄、並べかえは「デッキ登録日｜降順」。上部の「一括編集」は淡色で描かれている。	high	
sheet-11-R041	MATCHED						src/Eccube/Controller/Admin/Event/EntryController.php:217-247;src/Eccube/Repository/DtbDeckRepository.php:730	検索モードが「デッキ登録を検索」のとき、検索条件に該当するデッキ登録（申込＋プレイヤー単位）の一覧が表示される。	src/Eccube/Controller/Admin/Event/EntryController.php:217 で検索モードを判定し、src/Eccube/Controller/Admin/Event/EntryController.php:237 でデッキ登録検索用の取得（src/Eccube/Repository/DtbDeckRepository.php:730）に切り替えて一覧表示する。	sheet-11_img2（デッキ登録検索結果のレイアウト図）を確認。申込IDに「なし」、申込日時・支払状況・番号の列は「-」のみ、チェックボックス列は空欄、並べかえは「デッキ登録日｜降順」。上部の「一括編集」は淡色で描かれている。	high	
sheet-11-R042	MATCHED						src/Eccube/Controller/Admin/Event/EntryController.php:404-419;src/Eccube/Resource/template/admin/Event/Entry/index.twig:358	デッキ登録検索の状態でも「CSVダウンロード」から同じ検索条件・並び順のCSVが出力される。	src/Eccube/Controller/Admin/Event/EntryController.php:404 で直前の検索モードを見て、src/Eccube/Controller/Admin/Event/EntryController.php:417 のデッキ登録検索用の取得結果をCSVに出力する。	sheet-11_img2（デッキ登録検索結果のレイアウト図）を確認。申込IDに「なし」、申込日時・支払状況・番号の列は「-」のみ、チェックボックス列は空欄、並べかえは「デッキ登録日｜降順」。上部の「一括編集」は淡色で描かれている。	high	
sheet-11-R043	MATCHED						src/Eccube/Resource/template/admin/Event/Entry/index.twig:381-384;src/Eccube/Controller/Admin/Event/EntryController.php:578-610	デッキ登録検索の結果でも「デッキ表示」ボタンが表示され、該当するデッキの表示画面が開く。	src/Eccube/Resource/template/admin/Event/Entry/index.twig:381 のボタンはデッキ登録検索時も出力され（src/Eccube/Resource/template/admin/Event/Entry/index.twig:343 の非表示条件の外にある）、src/Eccube/Controller/Admin/Event/EntryController.php:606 が同じ検索条件のデッキを取得する。	sheet-11_img2（デッキ登録検索結果のレイアウト図）を確認。申込IDに「なし」、申込日時・支払状況・番号の列は「-」のみ、チェックボックス列は空欄、並べかえは「デッキ登録日｜降順」。上部の「一括編集」は淡色で描かれている。	high	
sheet-11-R044	OUT_OF_SCOPE								「画面上部パーツ」は項目表の区分行で、仕様を述べていない。	sheet-11_img2（デッキ登録検索結果のレイアウト図）を確認。申込IDに「なし」、申込日時・支払状況・番号の列は「-」のみ、チェックボックス列は空欄、並べかえは「デッキ登録日｜降順」。上部の「一括編集」は淡色で描かれている。	high	
sheet-11-R045	DRIFT	P3	実装違い	IO	（デッキ登録検索結果ではデータを選択できないので使用不可）	デッキ登録検索の結果でも一覧上部に「一括編集」の項目が置かれ、選択できるデータが無いため使えない状態になっている。	src/Eccube/Resource/template/admin/Event/Entry/index.twig:343-345	デッキ登録検索の結果では「一括編集」自体が画面に出力されず、項目そのものが無くなる。	src/Eccube/Resource/template/admin/Event/Entry/index.twig:343 でデッキ登録検索時は「一括編集」を出力しない。正本は同じ項目表で識別ID2-1を「デッキ登録検索結果では非表示」と明記する一方、1-1は「使用不可」と書き分けており、レイアウト図（sheet-11_img2）にも「一括編集」が淡色で描かれている。sheet-11-R046と同一の実装欠陥。	sheet-11_img2（デッキ登録検索結果のレイアウト図）を確認。申込IDに「なし」、申込日時・支払状況・番号の列は「-」のみ、チェックボックス列は空欄、並べかえは「デッキ登録日｜降順」。上部の「一括編集」は淡色で描かれている。	med	index.twig-bulk-edit-removed-in-deck-search
sheet-11-R046	DRIFT	P3	実装違い	IO	（デッキ登録検索結果ではデータを選択できないので使用不可）	デッキ登録検索の結果では「一括編集」は表示されたまま使えない状態になる（項目自体が消えるのではない）。	src/Eccube/Resource/template/admin/Event/Entry/index.twig:343-345	デッキ登録検索の結果では「一括編集」のリンクが出力されず、画面から消える。	src/Eccube/Resource/template/admin/Event/Entry/index.twig:343 の条件でデッキ登録検索時は「一括編集」を描画しない。正本は識別ID2-1に「デッキ登録検索結果では非表示」と書くのに対し、識別ID1-1には「使用不可」と書き分けており、図でも当該位置に「一括編集」が描かれている。	sheet-11_img2（デッキ登録検索結果のレイアウト図）を確認。申込IDに「なし」、申込日時・支払状況・番号の列は「-」のみ、チェックボックス列は空欄、並べかえは「デッキ登録日｜降順」。上部の「一括編集」は淡色で描かれている。	med	index.twig-bulk-edit-removed-in-deck-search
sheet-11-R047	MATCHED						src/Eccube/Resource/template/admin/Event/Entry/index.twig:346-350;app/DoctrineMigrations/Version20260527100000.php:38	デッキ登録検索の結果でも件数プルダウンは10/50/100/300/500/1000/2000/10000/12000件。	src/Eccube/Resource/template/admin/Event/Entry/index.twig:346 の件数プルダウンは検索モードに関わらず同じマスタ（app/DoctrineMigrations/Version20260527100000.php:38）を列挙する。	sheet-11_img2（デッキ登録検索結果のレイアウト図）を確認。申込IDに「なし」、申込日時・支払状況・番号の列は「-」のみ、チェックボックス列は空欄、並べかえは「デッキ登録日｜降順」。上部の「一括編集」は淡色で描かれている。	high	
sheet-11-R048	MATCHED						src/Eccube/Resource/template/admin/Event/Entry/index.twig:352-364	デッキ登録検索の結果でも「CSVダウンロード」から「CSVダウンロード」「出力項目設定」の2つを選べる。	src/Eccube/Resource/template/admin/Event/Entry/index.twig:352 のメニューは検索モードに関わらず出力され、src/Eccube/Resource/template/admin/Event/Entry/index.twig:358 と src/Eccube/Resource/template/admin/Event/Entry/index.twig:361 の2項目が並ぶ。	sheet-11_img2（デッキ登録検索結果のレイアウト図）を確認。申込IDに「なし」、申込日時・支払状況・番号の列は「-」のみ、チェックボックス列は空欄、並べかえは「デッキ登録日｜降順」。上部の「一括編集」は淡色で描かれている。	high	
sheet-11-R049	MATCHED						src/Eccube/Resource/template/admin/Event/Entry/index.twig:358;src/Eccube/Controller/Admin/Event/EntryController.php:404-419	「CSVダウンロード」を選ぶとデッキ登録検索条件に該当するCSVがダウンロードされる。	src/Eccube/Resource/template/admin/Event/Entry/index.twig:358 のリンク先 src/Eccube/Controller/Admin/Event/EntryController.php:389 が src/Eccube/Controller/Admin/Event/EntryController.php:417 でデッキ登録検索の条件を使ってCSVを出力する。	sheet-11_img2（デッキ登録検索結果のレイアウト図）を確認。申込IDに「なし」、申込日時・支払状況・番号の列は「-」のみ、チェックボックス列は空欄、並べかえは「デッキ登録日｜降順」。上部の「一括編集」は淡色で描かれている。	high	
sheet-11-R050	MATCHED						src/Eccube/Resource/template/admin/Event/Entry/index.twig:361	「出力項目設定」を選ぶとCSV出力項目設定画面へ遷移する。	src/Eccube/Resource/template/admin/Event/Entry/index.twig:361 のリンク先がイベント申込のCSV出力項目設定画面。デッキ登録検索時も同じメニューが出る。	sheet-11_img2（デッキ登録検索結果のレイアウト図）を確認。申込IDに「なし」、申込日時・支払状況・番号の列は「-」のみ、チェックボックス列は空欄、並べかえは「デッキ登録日｜降順」。上部の「一括編集」は淡色で描かれている。	high	
sheet-11-R051	MATCHED						src/Eccube/Resource/template/admin/Event/Entry/index.twig:365-379;src/Eccube/Resource/locale/messages.ja.yaml:6163-6165;src/Eccube/Repository/DtbDeckRepository.php:73-77	デッキ登録検索の結果では並べ替えの項目が「デッキ登録日」「デッキ更新日」「大会開催日」の3つになる。	src/Eccube/Controller/Admin/Event/EntryController.php:218 でデッキ登録検索時は src/Eccube/Repository/DtbDeckRepository.php:73-77 の3候補に切り替わり、表示名は src/Eccube/Resource/locale/messages.ja.yaml:6163-6165 で「デッキ登録日」「デッキ更新日」「大会開催日」。図の「並べかえ：デッキ登録日｜降順」と一致（前置き文言の差はsheet-11-R018に記載）。	sheet-11_img2（デッキ登録検索結果のレイアウト図）を確認。申込IDに「なし」、申込日時・支払状況・番号の列は「-」のみ、チェックボックス列は空欄、並べかえは「デッキ登録日｜降順」。上部の「一括編集」は淡色で描かれている。	med	
sheet-11-R052	MATCHED						src/Eccube/Resource/template/admin/Event/Entry/index.twig:374-375;src/Eccube/Resource/locale/messages.ja.yaml:1754-1755	デッキ登録検索の結果でもソート順は「昇順」「降順」の2つ。	src/Eccube/Resource/template/admin/Event/Entry/index.twig:374-375 のソート順は検索モードに関わらず昇順・降順の2つ（src/Eccube/Resource/locale/messages.ja.yaml:1754-1755）。	sheet-11_img2（デッキ登録検索結果のレイアウト図）を確認。申込IDに「なし」、申込日時・支払状況・番号の列は「-」のみ、チェックボックス列は空欄、並べかえは「デッキ登録日｜降順」。上部の「一括編集」は淡色で描かれている。	high	
sheet-11-R053	OUT_OF_SCOPE								「イベント申込情報」は項目表の区分行で、仕様を述べていない。	sheet-11_img2（デッキ登録検索結果のレイアウト図）を確認。申込IDに「なし」、申込日時・支払状況・番号の列は「-」のみ、チェックボックス列は空欄、並べかえは「デッキ登録日｜降順」。上部の「一括編集」は淡色で描かれている。	high	
sheet-11-R054	MATCHED						src/Eccube/Resource/template/admin/Event/Entry/index.twig:393-395;src/Eccube/Resource/template/admin/Event/Entry/index.twig:406-412	デッキ登録検索の結果ではチェックボックスの列（見出し・各行とも）が出力されない。	src/Eccube/Resource/template/admin/Event/Entry/index.twig:393 と src/Eccube/Resource/template/admin/Event/Entry/index.twig:406 でデッキ登録検索時はチェックボックスのセルを出さない。図でも当該列は空欄。	sheet-11_img2（デッキ登録検索結果のレイアウト図）を確認。申込IDに「なし」、申込日時・支払状況・番号の列は「-」のみ、チェックボックス列は空欄、並べかえは「デッキ登録日｜降順」。上部の「一括編集」は淡色で描かれている。	high	
sheet-11-R055	MATCHED						src/Eccube/Resource/template/admin/Event/Entry/index.twig:413;src/Eccube/Resource/locale/messages.ja.yaml:6156	デッキ登録検索の結果では申込IDの列に「なし」が表示される。	src/Eccube/Resource/template/admin/Event/Entry/index.twig:413 がデッキ登録検索時は admin.event.entry.deck_search.entry_id_display（src/Eccube/Resource/locale/messages.ja.yaml:6156「なし」）を表示する。図の「なし」と一致。	sheet-11_img2（デッキ登録検索結果のレイアウト図）を確認。申込IDに「なし」、申込日時・支払状況・番号の列は「-」のみ、チェックボックス列は空欄、並べかえは「デッキ登録日｜降順」。上部の「一括編集」は淡色で描かれている。	high	
sheet-11-R056	MATCHED						src/Eccube/Resource/template/admin/Event/Entry/index.twig:419-421	デッキ登録検索の結果でもプレイヤー名が表示される。	src/Eccube/Resource/template/admin/Event/Entry/index.twig:420 がプレイヤー名を表示する（デッキ登録検索時はリンクにしない）。図の「開発 テスト」と一致。	sheet-11_img2（デッキ登録検索結果のレイアウト図）を確認。申込IDに「なし」、申込日時・支払状況・番号の列は「-」のみ、チェックボックス列は空欄、並べかえは「デッキ登録日｜降順」。上部の「一括編集」は淡色で描かれている。	high	
sheet-11-R057	MATCHED						src/Eccube/Resource/template/admin/Event/Entry/index.twig:415;src/Eccube/Resource/template/admin/Event/Entry/index.twig:422-427	デッキ登録検索の結果では、プレイヤー名の下のデッキ登録状況がリンクではないラベルとして表示される。	src/Eccube/Resource/template/admin/Event/Entry/index.twig:415 の条件でデッキ登録検索時はリンクにせず、src/Eccube/Resource/template/admin/Event/Entry/index.twig:423-427 のデッキ登録状況をそのまま文字で表示する。図の「2025/08/25 16:04にデッキ登録」と一致。	sheet-11_img2（デッキ登録検索結果のレイアウト図）を確認。申込IDに「なし」、申込日時・支払状況・番号の列は「-」のみ、チェックボックス列は空欄、並べかえは「デッキ登録日｜降順」。上部の「一括編集」は淡色で描かれている。	high	
sheet-11-R058	MATCHED						src/Eccube/Resource/template/admin/Event/Entry/index.twig:430	デッキ登録検索の結果でもイベント名が表示される。	src/Eccube/Resource/template/admin/Event/Entry/index.twig:430 のイベント名表示は検索モードで分岐しない。図の「テスト大会25/09 test 25/09」と一致。	sheet-11_img2（デッキ登録検索結果のレイアウト図）を確認。申込IDに「なし」、申込日時・支払状況・番号の列は「-」のみ、チェックボックス列は空欄、並べかえは「デッキ登録日｜降順」。上部の「一括編集」は淡色で描かれている。	high	
sheet-11-R059	MATCHED						src/Eccube/Resource/template/admin/Event/Entry/index.twig:431	デッキ登録検索の結果でも店舗名が表示される。	src/Eccube/Resource/template/admin/Event/Entry/index.twig:431 の店舗名表示は検索モードで分岐しない。図の「トーナメントセンター 東京」と一致。	sheet-11_img2（デッキ登録検索結果のレイアウト図）を確認。申込IDに「なし」、申込日時・支払状況・番号の列は「-」のみ、チェックボックス列は空欄、並べかえは「デッキ登録日｜降順」。上部の「一括編集」は淡色で描かれている。	high	
sheet-11-R060	MATCHED						src/Eccube/Resource/template/admin/Event/Entry/index.twig:432-436	デッキ登録検索の結果でも開催日が文字列として表示される。	src/Eccube/Resource/template/admin/Event/Entry/index.twig:433 の開催日表示は検索モードで分岐しない。図の「2025/08/30 00:00」と一致。	sheet-11_img2（デッキ登録検索結果のレイアウト図）を確認。申込IDに「なし」、申込日時・支払状況・番号の列は「-」のみ、チェックボックス列は空欄、並べかえは「デッキ登録日｜降順」。上部の「一括編集」は淡色で描かれている。	high	
sheet-11-R061	MATCHED						src/Eccube/Resource/template/admin/Event/Entry/index.twig:438-445;src/Eccube/Resource/locale/messages.ja.yaml:6157	デッキ登録検索の結果では、申込日時・支払状況・番号の列はデータを表示せず「-」だけになる。	src/Eccube/Resource/template/admin/Event/Entry/index.twig:439-440 でデッキ登録検索時は列全体を admin.event.entry.deck_search.payment_column_placeholder（src/Eccube/Resource/locale/messages.ja.yaml:6157「-」）に置き換える。図でも当該列は「-」のみで申込日時は出ていない。	sheet-11_img2（デッキ登録検索結果のレイアウト図）を確認。申込IDに「なし」、申込日時・支払状況・番号の列は「-」のみ、チェックボックス列は空欄、並べかえは「デッキ登録日｜降順」。上部の「一括編集」は淡色で描かれている。	high	
sheet-11-R062	MATCHED						src/Eccube/Resource/template/admin/Event/Entry/index.twig:438-445;src/Eccube/Resource/locale/messages.ja.yaml:6157	デッキ登録検索の結果では支払状況も表示されず、列は「-」だけになる。	src/Eccube/Resource/template/admin/Event/Entry/index.twig:439-440 が当該列を「-」に置き換える（src/Eccube/Resource/locale/messages.ja.yaml:6157）。図でも支払状況の表示は無い。	sheet-11_img2（デッキ登録検索結果のレイアウト図）を確認。申込IDに「なし」、申込日時・支払状況・番号の列は「-」のみ、チェックボックス列は空欄、並べかえは「デッキ登録日｜降順」。上部の「一括編集」は淡色で描かれている。	high	
sheet-11-R063	MATCHED						src/Eccube/Resource/template/admin/Event/Entry/index.twig:438-445;src/Eccube/Resource/locale/messages.ja.yaml:6157	デッキ登録検索の結果では番号を表示せず「-」が表示される。	src/Eccube/Resource/template/admin/Event/Entry/index.twig:439-440 でデッキ登録検索時は番号を出さず src/Eccube/Resource/locale/messages.ja.yaml:6157 の「-」を表示する。図でも当該セルは「-」。	sheet-11_img2（デッキ登録検索結果のレイアウト図）を確認。申込IDに「なし」、申込日時・支払状況・番号の列は「-」のみ、チェックボックス列は空欄、並べかえは「デッキ登録日｜降順」。上部の「一括編集」は淡色で描かれている。	high	
sheet-11-R064	OUT_OF_SCOPE								「ボタン、リンク、その他」は項目表の区分行で、仕様を述べていない。	sheet-11_img2（デッキ登録検索結果のレイアウト図）を確認。申込IDに「なし」、申込日時・支払状況・番号の列は「-」のみ、チェックボックス列は空欄、並べかえは「デッキ登録日｜降順」。上部の「一括編集」は淡色で描かれている。	high	
sheet-11-R065	MATCHED						src/Eccube/Resource/template/admin/Event/Entry/index.twig:325-327;src/Eccube/Controller/Admin/Event/EntryController.php:241-246;src/Eccube/Resource/locale/messages.ja.yaml:1735	デッキ登録検索の結果でも、検索条件に該当した件数が「検索結果：○件が該当しました」として表示される。	src/Eccube/Resource/template/admin/Event/Entry/index.twig:326 が src/Eccube/Controller/Admin/Event/EntryController.php:241 のページングの総件数（デッキ登録検索時は src/Eccube/Repository/DtbDeckRepository.php:730 の結果件数）を表示する。図の「検索結果 ○件 が該当しました」と同じ位置。	sheet-11_img2（デッキ登録検索結果のレイアウト図）を確認。申込IDに「なし」、申込日時・支払状況・番号の列は「-」のみ、チェックボックス列は空欄、並べかえは「デッキ登録日｜降順」。上部の「一括編集」は淡色で描かれている。	med	
sheet-11-R066	MATCHED						src/Eccube/Resource/template/admin/Event/Entry/index.twig:381-384;src/Eccube/Controller/Admin/Event/EntryController.php:578-610	デッキ登録検索の結果でも「デッキ表示」ボタンからデッキ表示画面が開く。	src/Eccube/Resource/template/admin/Event/Entry/index.twig:381 のボタンは検索モードで分岐せず出力され、src/Eccube/Controller/Admin/Event/EntryController.php:578 のデッキ表示画面を開く。図でも右上に「デッキ表示」がある。	sheet-11_img2（デッキ登録検索結果のレイアウト図）を確認。申込IDに「なし」、申込日時・支払状況・番号の列は「-」のみ、チェックボックス列は空欄、並べかえは「デッキ登録日｜降順」。上部の「一括編集」は淡色で描かれている。	high	
sheet-11-R067	MATCHED						src/Eccube/Resource/template/admin/Event/Entry/index.twig:465-467;src/Eccube/Resource/template/admin/pager.twig:1	デッキ登録検索の結果でも一覧下部にページングが表示され、選択したページへ遷移する。	src/Eccube/Resource/template/admin/Event/Entry/index.twig:466 のページングは検索モードで分岐しない。図でも下部に「1」のページングがある。	sheet-11_img2（デッキ登録検索結果のレイアウト図）を確認。申込IDに「なし」、申込日時・支払状況・番号の列は「-」のみ、チェックボックス列は空欄、並べかえは「デッキ登録日｜降順」。上部の「一括編集」は淡色で描かれている。	high	
sheet-12-R001	MATCHED								一括更新は対象の申込を1件ずつ見て、その申込のイベントの開催店舗をメンバーが編集できない場合は更新せずエラーとして扱う（src/Eccube/Service/Admin/Entry/EntryStatusBulkUpdateAction.php:46, src/Eccube/Service/Admin/Entry/EntryStatusBulkUpdateAction.php:47, src/Eccube/Service/Admin/Entry/EntryStatusBulkUpdateAction.php:48, src/Eccube/Service/Admin/Entry/EntryStatusBulkUpdateAction.php:49）。	sheet-12_img1.png を確認。「申込状況」ラベル＋単一選択プルダウン（初期表示は空）と、その右の青い「更新」ボタンだけの横1行。	high	
sheet-12-R002	OUT_OF_SCOPE								「カスタマイズ要件に記載の内容以外は現行踏襲とする」は適用方針を述べたメタ記述で、個別の画面挙動を定めていない。	sheet-12_img1.png を確認。「申込状況」ラベル＋単一選択プルダウン（初期表示は空）と、その右の青い「更新」ボタンだけの横1行。	high	
sheet-12-R003	OUT_OF_SCOPE								「★権限による制御」はブロックの見出し行。具体的な挙動は同ブロックの sheet-12-R004 以降に書かれている。	sheet-12_img1.png を確認。「申込状況」ラベル＋単一選択プルダウン（初期表示は空）と、その右の青い「更新」ボタンだけの横1行。	high	
sheet-12-R004	MATCHED								編集権限の無い店舗のイベント申込が対象に含まれていると、その時点で「更新できない申込が含まれています。」として更新を行わない（src/Eccube/Service/Admin/Entry/EntryStatusBulkUpdateAction.php:48, src/Eccube/Service/Admin/Entry/EntryStatusBulkUpdateAction.php:49、文言は src/Eccube/Resource/locale/messages.ja.yaml:6173）。更新は一括で巻き戻されるため、権限のある申込だけが更新されることもない。	sheet-12_img1.png を確認。「申込状況」ラベル＋単一選択プルダウン（初期表示は空）と、その右の青い「更新」ボタンだけの横1行。	high	
sheet-12-R005	MATCHED								一覧でチェックした申込の識別子が一括更新の対象として送られ（src/Eccube/Resource/template/admin/Event/Entry/index.twig:131, src/Eccube/Resource/template/admin/Event/Entry/index.twig:150）、対象の申込すべてに選んだ申込状況が設定される（src/Eccube/Service/Admin/Entry/EntryStatusBulkUpdateAction.php:46, src/Eccube/Service/Admin/Entry/EntryStatusBulkUpdateAction.php:52, src/Eccube/Service/Admin/Entry/EntryStatusBulkUpdateAction.php:55）。	sheet-12_img1.png を確認。「申込状況」ラベル＋単一選択プルダウン（初期表示は空）と、その右の青い「更新」ボタンだけの横1行。	high	
sheet-12-R006	MATCHED								申込状況を更新した申込ごとに申込履歴を1件追加する（src/Eccube/Service/Admin/Entry/EntryStatusBulkUpdateAction.php:63、追加処理は src/Eccube/Repository/DtbEntryHistoryRepository.php:37）。	sheet-12_img1.png を確認。「申込状況」ラベル＋単一選択プルダウン（初期表示は空）と、その右の青い「更新」ボタンだけの横1行。	high	
sheet-12-R007	MATCHED								申込状況は単一選択のプルダウンで、申込状況マスタの全件を並べる（src/Eccube/Form/Type/Admin/EventEntryBulkUpdateType.php:30, src/Eccube/Form/Type/Admin/EventEntryBulkUpdateType.php:37、描画は src/Eccube/Resource/template/admin/Event/Entry/index.twig:547）。マスタの登録値は 決済中／入金待ち／申込済み／入金期限切れ／キャンセル済み／支払番号が存在しない の6件で（app/DoctrineMigrations/Version20251125144837.php:63）、設計の選択肢と一致する。先頭の未選択表記は「指定なし」で設計の「申込状況選択」と字面が違うが、レイアウト図では未選択時のプルダウンは空欄で描かれており、図と本文のどちらも特定の文言を要求していない。	sheet-12_img1.png を確認。「申込状況」ラベル＋単一選択プルダウン（初期表示は空）と、その右の青い「更新」ボタンだけの横1行。	med	
sheet-12-R008	MATCHED								「更新」ボタンを押すと、一覧でチェックされている申込の識別子を集めて一括更新を行う（src/Eccube/Resource/template/admin/Event/Entry/index.twig:549, src/Eccube/Resource/template/admin/Event/Entry/index.twig:130, src/Eccube/Resource/template/admin/Event/Entry/index.twig:131）。更新処理の入口は src/Eccube/Controller/Admin/Event/EntryController.php:341。	sheet-12_img1.png を確認。「申込状況」ラベル＋単一選択プルダウン（初期表示は空）と、その右の青い「更新」ボタンだけの横1行。	high	
sheet-12-R009	OUT_OF_SCOPE								現行仕様パートの見出し（機能番号と機能名の再掲）で、挙動を述べていない。	sheet-12_img1.png を確認。「申込状況」ラベル＋単一選択プルダウン（初期表示は空）と、その右の青い「更新」ボタンだけの横1行。	high	
sheet-12-R010	OUT_OF_SCOPE								「一括編集の受け付け条件」は表の見出し行。個々の条件は同ブロックの sheet-12-R012 以降に書かれている。	sheet-12_img1.png を確認。「申込状況」ラベル＋単一選択プルダウン（初期表示は空）と、その右の青い「更新」ボタンだけの横1行。	high	
sheet-12-R011	OUT_OF_SCOPE								「順序／判定／満たさないときの扱い」は表のヘッダ行で、仕様そのものではない。	sheet-12_img1.png を確認。「申込状況」ラベル＋単一選択プルダウン（初期表示は空）と、その右の青い「更新」ボタンだけの横1行。	high	
sheet-12-R012	MATCHED								1件もチェックされていない状態で更新を実行すると、要求を送らずに警告のダイアログを出して処理を打ち切り、イベント申込一覧に留まる（src/Eccube/Resource/template/admin/Event/Entry/index.twig:131, src/Eccube/Resource/template/admin/Event/Entry/index.twig:132, src/Eccube/Resource/template/admin/Event/Entry/index.twig:133, src/Eccube/Resource/template/admin/Event/Entry/index.twig:134）。要求が届いた場合も対象が空なら更新せずエラーを返す（src/Eccube/Controller/Admin/Event/EntryController.php:357, src/Eccube/Controller/Admin/Event/EntryController.php:358, src/Eccube/Controller/Admin/Event/EntryController.php:359）。	sheet-12_img1.png を確認。「申込状況」ラベル＋単一選択プルダウン（初期表示は空）と、その右の青い「更新」ボタンだけの横1行。	high	
sheet-12-R013	OUT_OF_SCOPE								「非同期の呼び出しであること」は要求の送られ方（通信のしかた）についての条件で、画面から操作した結果には現れない。実装手段の差は指摘の対象外という規約に当たるため対象外とする。なお不正な要求は更新せずエラー内容を返す（src/Eccube/Controller/Admin/Event/EntryController.php:347, src/Eccube/Controller/Admin/Event/EntryController.php:354）。	sheet-12_img1.png を確認。「申込状況」ラベル＋単一選択プルダウン（初期表示は空）と、その右の青い「更新」ボタンだけの横1行。	med	
sheet-12-R014	MATCHED								入力内容が検証に外れた場合は更新を行わず、エラー内容を応答として返す（src/Eccube/Controller/Admin/Event/EntryController.php:347, src/Eccube/Controller/Admin/Event/EntryController.php:348, src/Eccube/Controller/Admin/Event/EntryController.php:349, src/Eccube/Controller/Admin/Event/EntryController.php:354）。申込状況は必須のため、未選択のまま更新するとこの経路になる。	sheet-12_img1.png を確認。「申込状況」ラベル＋単一選択プルダウン（初期表示は空）と、その右の青い「更新」ボタンだけの横1行。	high	
sheet-12-R015	MATCHED								満たさない判定が出た時点で以降の更新を行わない。対象未選択は要求を送る前に打ち切り（src/Eccube/Resource/template/admin/Event/Entry/index.twig:132, src/Eccube/Resource/template/admin/Event/Entry/index.twig:133, src/Eccube/Resource/template/admin/Event/Entry/index.twig:134）、検証に外れたときも対象が空のときも更新前に応答を返して終える（src/Eccube/Controller/Admin/Event/EntryController.php:347, src/Eccube/Controller/Admin/Event/EntryController.php:354, src/Eccube/Controller/Admin/Event/EntryController.php:358, src/Eccube/Controller/Admin/Event/EntryController.php:359）。サーバ側で検証と対象件数のどちらを先に見るかは実装上の検証順序の差で、画面から見える結果は設計どおり。	sheet-12_img1.png を確認。「申込状況」ラベル＋単一選択プルダウン（初期表示は空）と、その右の青い「更新」ボタンだけの横1行。	med	
sheet-12-R016	OUT_OF_SCOPE								「一括更新後の一覧表示」は表の見出し行で、内容は同ブロックの sheet-12-R017 に書かれている。	sheet-12_img1.png を確認。「申込状況」ラベル＋単一選択プルダウン（初期表示は空）と、その右の青い「更新」ボタンだけの横1行。	high	
sheet-12-R017	OUT_OF_SCOPE								「一覧を再表示するまで更新前の値のまま残る」は、現行ソースが更新結果を一覧へ反映し忘れる副作用を記述したもので、機能として定義された挙動ではない（現行仕様に書かれた現行ソースの不用意な副作用は踏襲対象外という規約に当たる）。実装は更新完了後に一覧を読み直して最新の申込状況を表示する（src/Eccube/Resource/template/admin/Event/Entry/index.twig:155, src/Eccube/Resource/template/admin/Event/Entry/index.twig:156）。この差は画面上は改善であり、リニューアル後の仕様側にも「再読み込みしない」という要求は無い。	sheet-12_img1.png を確認。「申込状況」ラベル＋単一選択プルダウン（初期表示は空）と、その右の青い「更新」ボタンだけの横1行。	med	
sheet-12-R018	MATCHED								更新が完了すると「N 件の申込状況を更新しました。」の完了メッセージを応答として返し（src/Eccube/Controller/Admin/Event/EntryController.php:383、文言は src/Eccube/Resource/locale/messages.ja.yaml:6174）、他の画面へは移動しない（src/Eccube/Resource/template/admin/Event/Entry/index.twig:154, src/Eccube/Resource/template/admin/Event/Entry/index.twig:155 でメッセージを出して同じ一覧に留まる）。	sheet-12_img1.png を確認。「申込状況」ラベル＋単一選択プルダウン（初期表示は空）と、その右の青い「更新」ボタンだけの横1行。	high	
sheet-12-R019	MATCHED								更新できないときは更新を行わずに理由を応答として返す。検証に外れたときは検証エラーの内容（src/Eccube/Controller/Admin/Event/EntryController.php:347, src/Eccube/Controller/Admin/Event/EntryController.php:354）、対象が不正・権限外のときはその旨のメッセージ（src/Eccube/Controller/Admin/Event/EntryController.php:371, src/Eccube/Controller/Admin/Event/EntryController.php:372, src/Eccube/Service/Admin/Entry/EntryStatusBulkUpdateAction.php:39, src/Eccube/Service/Admin/Entry/EntryStatusBulkUpdateAction.php:48）。	sheet-12_img1.png を確認。「申込状況」ラベル＋単一選択プルダウン（初期表示は空）と、その右の青い「更新」ボタンだけの横1行。	high	
sheet-12-R020	MATCHED								対象行を選ばずに更新を実行すると、画面中央のダイアログに「更新する行にチェックを入れてください。」を出し（src/Eccube/Resource/template/admin/Event/Entry/index.twig:133, src/Eccube/Resource/template/admin/Event/Entry/index.twig:134、文言は src/Eccube/Resource/locale/messages.ja.yaml:6171）、更新は行わずイベント申込一覧に留まる。	sheet-12_img1.png を確認。「申込状況」ラベル＋単一選択プルダウン（初期表示は空）と、その右の青い「更新」ボタンだけの横1行。	high	
sheet-12-R021	MATCHED								検証に外れたときは更新せず失敗の内容を応答として返す（src/Eccube/Controller/Admin/Event/EntryController.php:347, src/Eccube/Controller/Admin/Event/EntryController.php:348, src/Eccube/Controller/Admin/Event/EntryController.php:354）。行のうち「非同期でないとき」の条件は要求の送られ方に関する実装手段の差で、画面上の結果には現れない（不正な要求はいずれもこの経路で更新せずメッセージを返す）。	sheet-12_img1.png を確認。「申込状況」ラベル＋単一選択プルダウン（初期表示は空）と、その右の青い「更新」ボタンだけの横1行。	med	
sheet-12-R022	MATCHED								一括更新が完了したときは完了メッセージを応答として返す（src/Eccube/Controller/Admin/Event/EntryController.php:383、文言は src/Eccube/Resource/locale/messages.ja.yaml:6174）。	sheet-12_img1.png を確認。「申込状況」ラベル＋単一選択プルダウン（初期表示は空）と、その右の青い「更新」ボタンだけの横1行。	high	
sheet-13-R001	NOT_IMPLEMENTED	P2	未実装	ふるまい	・権限を保持している店舗のイベントのデッキのみ表示を可能とする	デッキ表示には担当者が権限を持つ店舗のイベントのデッキだけが並び、権限の無い店舗のイベントのデッキは出ない。	src/Eccube/Controller/Admin/Event/EntryController.php:582-609;src/Eccube/Repository/DtbDeckRepository.php:730-762	デッキ表示は申込一覧で使った検索条件をそのまま渡してデッキを取得しており、担当者が権限を持つ店舗かどうかでの絞り込みはどこにも無い。店舗の絞り込み条件も全店舗から選べる（src/Eccube/Form/Type/Admin/SearchEntryType.php:68-78）ため、権限の無い店舗を指定するとその店舗のデッキが印刷できる。	EntryController.php:582-609 の deckList は申込一覧の検索条件を復元して DtbDeckRepository.php:730-762 に渡すだけで、担当者の権限店舗を条件に足す箇所が無い。同じイベント管理でもモーダル検索側（src/Eccube/Controller/Admin/Event/EntryController.php:471-495）は権限店舗で絞っており、デッキ表示だけ絞りが無いことを確認した。	レイアウト図(sheet-13_img1.png)を確認。印刷するボタン/Name/First Letter of Last Name/Table Number/DCI Number/Event/Date/メインボード(60)とサイドボード(15)を含むカード一覧/Deck Check Rd・Status・Judgeの記入欄が描かれている。	high	EntryController-decklist-no-store-permission-filter
sheet-13-R002	MATCHED								カード一覧はカード種別マスタの並び順でまとめられ、種別ごとの見出しと枚数を付けて表示される（src/Eccube/Service/Admin/Event/EntryDeckListDisplayBuilder.php:186-236、src/Eccube/Resource/template/admin/Event/Entry/decklist.twig:349-396）。	レイアウト図(sheet-13_img1.png)を確認。印刷するボタン/Name/First Letter of Last Name/Table Number/DCI Number/Event/Date/メインボード(60)とサイドボード(15)を含むカード一覧/Deck Check Rd・Status・Judgeの記入欄が描かれている。	high	
sheet-13-R003	MATCHED								カード1行は枚数・日本語名・「英語名」の順に出る（src/Eccube/Resource/template/admin/Event/Entry/decklist.twig:354-358）。	レイアウト図(sheet-13_img1.png)を確認。印刷するボタン/Name/First Letter of Last Name/Table Number/DCI Number/Event/Date/メインボード(60)とサイドボード(15)を含むカード一覧/Deck Check Rd・Status・Judgeの記入欄が描かれている。	high	
sheet-13-R004	MATCHED								DCI Number の欄は画面から無くなっている。meta 欄は Event と Date だけである（src/Eccube/Resource/template/admin/Event/Entry/decklist.twig:322-331）。	レイアウト図(sheet-13_img1.png)を確認。印刷するボタン/Name/First Letter of Last Name/Table Number/DCI Number/Event/Date/メインボード(60)とサイドボード(15)を含むカード一覧/Deck Check Rd・Status・Judgeの記入欄が描かれている。	high	
sheet-13-R005	OUT_OF_SCOPE								カスタマイズ要件以外は現行踏襲という方針の記述であり、個別の実装要求を述べていない。	レイアウト図(sheet-13_img1.png)を確認。印刷するボタン/Name/First Letter of Last Name/Table Number/DCI Number/Event/Date/メインボード(60)とサイドボード(15)を含むカード一覧/Deck Check Rd・Status・Judgeの記入欄が描かれている。	high	
sheet-13-R006	OUT_OF_SCOPE								ブロック見出し。中身は同ブロックの sheet-13-R007 で判定した。	レイアウト図(sheet-13_img1.png)を確認。印刷するボタン/Name/First Letter of Last Name/Table Number/DCI Number/Event/Date/メインボード(60)とサイドボード(15)を含むカード一覧/Deck Check Rd・Status・Judgeの記入欄が描かれている。	high	
sheet-13-R007	MATCHED								識別ID:8 カード一覧はカード種別ごとにまとめて表示される（src/Eccube/Service/Admin/Event/EntryDeckListDisplayBuilder.php:186-236、src/Eccube/Resource/template/admin/Event/Entry/decklist.twig:349-396）。	レイアウト図(sheet-13_img1.png)を確認。印刷するボタン/Name/First Letter of Last Name/Table Number/DCI Number/Event/Date/メインボード(60)とサイドボード(15)を含むカード一覧/Deck Check Rd・Status・Judgeの記入欄が描かれている。	high	
sheet-13-R008	OUT_OF_SCOPE								ブロック見出し。中身は同ブロックの sheet-13-R009〜R012 で判定した。	レイアウト図(sheet-13_img1.png)を確認。印刷するボタン/Name/First Letter of Last Name/Table Number/DCI Number/Event/Date/メインボード(60)とサイドボード(15)を含むカード一覧/Deck Check Rd・Status・Judgeの記入欄が描かれている。	high	
sheet-13-R009	MATCHED								日本語名の後ろに英語名が続き、英語名の欄は1行に収まらないとき「…」で省略される（src/Eccube/Resource/template/admin/Event/Entry/decklist.twig:247-254、src/Eccube/Resource/template/admin/Event/Entry/decklist.twig:354-358）。	レイアウト図(sheet-13_img1.png)を確認。印刷するボタン/Name/First Letter of Last Name/Table Number/DCI Number/Event/Date/メインボード(60)とサイドボード(15)を含むカード一覧/Deck Check Rd・Status・Judgeの記入欄が描かれている。	high	
sheet-13-R010	MATCHED								DCI Number の欄は画面に無い（src/Eccube/Resource/template/admin/Event/Entry/decklist.twig:322-331）。	レイアウト図(sheet-13_img1.png)を確認。印刷するボタン/Name/First Letter of Last Name/Table Number/DCI Number/Event/Date/メインボード(60)とサイドボード(15)を含むカード一覧/Deck Check Rd・Status・Judgeの記入欄が描かれている。	high	
sheet-13-R011	MATCHED								Deck Check Rd・Status・Judge の記入欄は画面に無い。フッタ用の指定が残っているだけで、本文にはこの3欄を出す記述が無い（src/Eccube/Resource/template/admin/Event/Entry/decklist.twig:294-403）。	レイアウト図(sheet-13_img1.png)を確認。印刷するボタン/Name/First Letter of Last Name/Table Number/DCI Number/Event/Date/メインボード(60)とサイドボード(15)を含むカード一覧/Deck Check Rd・Status・Judgeの記入欄が描かれている。	high	
sheet-13-R012	MATCHED								申込一覧で実行した検索条件を引き継いで、その結果に紐づくデッキを取得して表示する（src/Eccube/Controller/Admin/Event/EntryController.php:582-609）。	レイアウト図(sheet-13_img1.png)を確認。印刷するボタン/Name/First Letter of Last Name/Table Number/DCI Number/Event/Date/メインボード(60)とサイドボード(15)を含むカード一覧/Deck Check Rd・Status・Judgeの記入欄が描かれている。	high	
sheet-13-R013	MATCHED								印刷するボタンが画面上部にあり、押すと印刷が始まる（src/Eccube/Resource/template/admin/Event/Entry/decklist.twig:283-292、src/Eccube/Resource/template/admin/Event/Entry/decklist.twig:295-297）。	レイアウト図(sheet-13_img1.png)を確認。印刷するボタン/Name/First Letter of Last Name/Table Number/DCI Number/Event/Date/メインボード(60)とサイドボード(15)を含むカード一覧/Deck Check Rd・Status・Judgeの記入欄が描かれている。	high	
sheet-13-R014	MATCHED								Name のラベルとプレイヤー名が表示される（src/Eccube/Resource/template/admin/Event/Entry/decklist.twig:306-309）。	レイアウト図(sheet-13_img1.png)を確認。印刷するボタン/Name/First Letter of Last Name/Table Number/DCI Number/Event/Date/メインボード(60)とサイドボード(15)を含むカード一覧/Deck Check Rd・Status・Judgeの記入欄が描かれている。	high	
sheet-13-R015	MATCHED								First Letter of Last Name の枠にプレイヤー名の先頭1文字が表示される（src/Eccube/Resource/template/admin/Event/Entry/decklist.twig:311-314、src/Eccube/Service/Admin/Event/EntryDeckListDisplayBuilder.php:139）。	レイアウト図(sheet-13_img1.png)を確認。印刷するボタン/Name/First Letter of Last Name/Table Number/DCI Number/Event/Date/メインボード(60)とサイドボード(15)を含むカード一覧/Deck Check Rd・Status・Judgeの記入欄が描かれている。	high	
sheet-13-R016	MATCHED								Table Number の枠は用意されているが値は入らず空欄である（src/Eccube/Resource/template/admin/Event/Entry/decklist.twig:315-318、src/Eccube/Service/Admin/Event/EntryDeckListDisplayBuilder.php:142）。設計の現行仕様（表番号の欄は値を出さず空欄とする）と一致する。	レイアウト図(sheet-13_img1.png)を確認。印刷するボタン/Name/First Letter of Last Name/Table Number/DCI Number/Event/Date/メインボード(60)とサイドボード(15)を含むカード一覧/Deck Check Rd・Status・Judgeの記入欄が描かれている。	high	
sheet-13-R017	MATCHED								DCI Number の欄は画面に無く、削除されている（src/Eccube/Resource/template/admin/Event/Entry/decklist.twig:322-331）。	レイアウト図(sheet-13_img1.png)を確認。印刷するボタン/Name/First Letter of Last Name/Table Number/DCI Number/Event/Date/メインボード(60)とサイドボード(15)を含むカード一覧/Deck Check Rd・Status・Judgeの記入欄が描かれている。	high	
sheet-13-R018	DRIFT	P3	実装違い	IO	イベント名（英）を表示	デッキ表示の Event 欄にはイベント名の英語表記が出る。	src/Eccube/Service/Admin/Event/EntryDeckListDisplayBuilder.php:144;src/Eccube/Resource/template/admin/Event/Entry/decklist.twig:323-326	Event 欄に入るのはイベント名の日本語表記である（src/Eccube/Service/Admin/Event/EntryDeckListDisplayBuilder.php:144 が日本語名を eventName に入れている）。英語名は画面のどこにも出ない。	識別ID:6 Event の画面部品の説明は「イベント名（英）を表示」だが、src/Eccube/Service/Admin/Event/EntryDeckListDisplayBuilder.php:144 は getNameJp() の値を eventName に設定し、src/Eccube/Resource/template/admin/Event/Entry/decklist.twig:323-326 がそれを Event 欄へ出している。DtbEvent には英語名の項目があり（src/Eccube/Entity/DtbEvent.php:200-203）取得できるにもかかわらず使っていない。	レイアウト図(sheet-13_img1.png)を確認。印刷するボタン/Name/First Letter of Last Name/Table Number/DCI Number/Event/Date/メインボード(60)とサイドボード(15)を含むカード一覧/Deck Check Rd・Status・Judgeの記入欄が描かれている。	high	EntryDeckListDisplayBuilder-event-name-jp-instead-of-en
sheet-13-R019	MATCHED								Date の欄に開催日が 年/月/日 の書式で表示される（src/Eccube/Resource/template/admin/Event/Entry/decklist.twig:327-330、src/Eccube/Service/Admin/Event/EntryDeckListDisplayBuilder.php:145）。	レイアウト図(sheet-13_img1.png)を確認。印刷するボタン/Name/First Letter of Last Name/Table Number/DCI Number/Event/Date/メインボード(60)とサイドボード(15)を含むカード一覧/Deck Check Rd・Status・Judgeの記入欄が描かれている。	high	
sheet-13-R020	MATCHED								カード一覧はカード種別ごとにまとめられて表示される（src/Eccube/Service/Admin/Event/EntryDeckListDisplayBuilder.php:186-236、src/Eccube/Resource/template/admin/Event/Entry/decklist.twig:349-396）。	レイアウト図(sheet-13_img1.png)を確認。印刷するボタン/Name/First Letter of Last Name/Table Number/DCI Number/Event/Date/メインボード(60)とサイドボード(15)を含むカード一覧/Deck Check Rd・Status・Judgeの記入欄が描かれている。	high	
sheet-13-R021	MATCHED								日本語名の後ろに英語名が表示される（src/Eccube/Resource/template/admin/Event/Entry/decklist.twig:354-358）。	レイアウト図(sheet-13_img1.png)を確認。印刷するボタン/Name/First Letter of Last Name/Table Number/DCI Number/Event/Date/メインボード(60)とサイドボード(15)を含むカード一覧/Deck Check Rd・Status・Judgeの記入欄が描かれている。	high	
sheet-13-R022	MATCHED								Deck Check Rd の記入欄は画面に無い（src/Eccube/Resource/template/admin/Event/Entry/decklist.twig:294-403）。	レイアウト図(sheet-13_img1.png)を確認。印刷するボタン/Name/First Letter of Last Name/Table Number/DCI Number/Event/Date/メインボード(60)とサイドボード(15)を含むカード一覧/Deck Check Rd・Status・Judgeの記入欄が描かれている。	high	
sheet-13-R023	MATCHED								Status の記入欄は画面に無い（src/Eccube/Resource/template/admin/Event/Entry/decklist.twig:294-403）。	レイアウト図(sheet-13_img1.png)を確認。印刷するボタン/Name/First Letter of Last Name/Table Number/DCI Number/Event/Date/メインボード(60)とサイドボード(15)を含むカード一覧/Deck Check Rd・Status・Judgeの記入欄が描かれている。	high	
sheet-13-R024	MATCHED								Judge の記入欄は画面に無い（src/Eccube/Resource/template/admin/Event/Entry/decklist.twig:294-403）。	レイアウト図(sheet-13_img1.png)を確認。印刷するボタン/Name/First Letter of Last Name/Table Number/DCI Number/Event/Date/メインボード(60)とサイドボード(15)を含むカード一覧/Deck Check Rd・Status・Judgeの記入欄が描かれている。	high	
sheet-13-R025	OUT_OF_SCOPE								現行仕様節の見出し（機能名の表示）であり、実装要求ではない。	レイアウト図(sheet-13_img1.png)を確認。印刷するボタン/Name/First Letter of Last Name/Table Number/DCI Number/Event/Date/メインボード(60)とサイドボード(15)を含むカード一覧/Deck Check Rd・Status・Judgeの記入欄が描かれている。	high	
sheet-13-R026	OUT_OF_SCOPE								現行仕様節の前置きで、以下の記述が廃止済みであることの断り書きである。	レイアウト図(sheet-13_img1.png)を確認。印刷するボタン/Name/First Letter of Last Name/Table Number/DCI Number/Event/Date/メインボード(60)とサイドボード(15)を含むカード一覧/Deck Check Rd・Status・Judgeの記入欄が描かれている。	high	
sheet-13-R027	OUT_OF_SCOPE								正本が廃止と宣言している項目であり、刷新後の実装対象ではない。	レイアウト図(sheet-13_img1.png)を確認。印刷するボタン/Name/First Letter of Last Name/Table Number/DCI Number/Event/Date/メインボード(60)とサイドボード(15)を含むカード一覧/Deck Check Rd・Status・Judgeの記入欄が描かれている。	high	
sheet-13-R028	OUT_OF_SCOPE								正本が廃止と宣言している項目であり、刷新後の実装対象ではない。	レイアウト図(sheet-13_img1.png)を確認。印刷するボタン/Name/First Letter of Last Name/Table Number/DCI Number/Event/Date/メインボード(60)とサイドボード(15)を含むカード一覧/Deck Check Rd・Status・Judgeの記入欄が描かれている。	high	
sheet-13-R029	OUT_OF_SCOPE								見出し（刷新後は実装しない＝廃止）であり、実装要求ではない。	レイアウト図(sheet-13_img1.png)を確認。印刷するボタン/Name/First Letter of Last Name/Table Number/DCI Number/Event/Date/メインボード(60)とサイドボード(15)を含むカード一覧/Deck Check Rd・Status・Judgeの記入欄が描かれている。	high	
sheet-13-R030	OUT_OF_SCOPE								正本が廃止と宣言しており、刷新後の実装対象ではない。	レイアウト図(sheet-13_img1.png)を確認。印刷するボタン/Name/First Letter of Last Name/Table Number/DCI Number/Event/Date/メインボード(60)とサイドボード(15)を含むカード一覧/Deck Check Rd・Status・Judgeの記入欄が描かれている。	high	
sheet-13-R031	OUT_OF_SCOPE								正本が廃止と宣言しており、刷新後の実装対象ではない。	レイアウト図(sheet-13_img1.png)を確認。印刷するボタン/Name/First Letter of Last Name/Table Number/DCI Number/Event/Date/メインボード(60)とサイドボード(15)を含むカード一覧/Deck Check Rd・Status・Judgeの記入欄が描かれている。	high	
sheet-13-R032	OUT_OF_SCOPE								現行仕様の小見出し。中身は sheet-13-R033 で判定した。	レイアウト図(sheet-13_img1.png)を確認。印刷するボタン/Name/First Letter of Last Name/Table Number/DCI Number/Event/Date/メインボード(60)とサイドボード(15)を含むカード一覧/Deck Check Rd・Status・Judgeの記入欄が描かれている。	high	
sheet-13-R033	MATCHED								デッキ表示の画面には検索条件の入力欄が無く（src/Eccube/Resource/template/admin/Event/Entry/decklist.twig:294-403）、申込一覧側の条件が残っていなければ空の条件として扱う（src/Eccube/Controller/Admin/Event/EntryController.php:584-590）。並び順は既定値が使われる（src/Eccube/Controller/Admin/Event/EntryController.php:600-604）。申込一覧からは別ウィンドウで開く（src/Eccube/Resource/template/admin/Event/Entry/index.twig:59-64）。	レイアウト図(sheet-13_img1.png)を確認。印刷するボタン/Name/First Letter of Last Name/Table Number/DCI Number/Event/Date/メインボード(60)とサイドボード(15)を含むカード一覧/Deck Check Rd・Status・Judgeの記入欄が描かれている。	high	
sheet-13-R034	OUT_OF_SCOPE								現行仕様の小見出し。中身は sheet-13-R035 で判定した。	レイアウト図(sheet-13_img1.png)を確認。印刷するボタン/Name/First Letter of Last Name/Table Number/DCI Number/Event/Date/メインボード(60)とサイドボード(15)を含むカード一覧/Deck Check Rd・Status・Judgeの記入欄が描かれている。	high	
sheet-13-R035	DRIFT	P3	実装違い	ふるまい	デッキに登録されたプレイヤー名から前後の空白を除いて用いる。プレイヤー名が空のときは、会員のカナ姓とカナ名を半角空白で連結して表示する。	Name 欄にはデッキに登録されたプレイヤー名を前後の空白を取り除いて出し、それが空のときだけ会員のカナ姓とカナ名を半角空白でつないだ名前を出す。	src/Eccube/Service/Admin/Event/EntryDeckListDisplayBuilder.php:338-357	会員のカナ姓・カナ名が入っていればそれを最優先で出し、次にプレイヤーの日本語の姓名、最後にデッキのプレイヤー名という順で選ぶ。デッキにプレイヤー名が登録されていても、会員のカナ名がある限りその名前は画面に出ない。	src/Eccube/Service/Admin/Event/EntryDeckListDisplayBuilder.php:338-357 の優先順位は会員カナ→プレイヤー日本語姓名→デッキのプレイヤー名で、設計が定める順序（デッキのプレイヤー名が先、空のときだけ会員カナ）と逆である。設計に無いプレイヤー日本語姓名の段も挟まっており、Name 欄に出る名前が設計と変わる。	レイアウト図(sheet-13_img1.png)を確認。印刷するボタン/Name/First Letter of Last Name/Table Number/DCI Number/Event/Date/メインボード(60)とサイドボード(15)を含むカード一覧/Deck Check Rd・Status・Judgeの記入欄が描かれている。	high	EntryDeckListDisplayBuilder-player-name-priority-reversed
sheet-13-R036	OUT_OF_SCOPE								現行仕様の小見出し。中身は sheet-13-R037 で判定した。	レイアウト図(sheet-13_img1.png)を確認。印刷するボタン/Name/First Letter of Last Name/Table Number/DCI Number/Event/Date/メインボード(60)とサイドボード(15)を含むカード一覧/Deck Check Rd・Status・Judgeの記入欄が描かれている。	high	
sheet-13-R037	DRIFT	P2	実装違い	ふるまい	メインとサイドそれぞれの枚数を合計し、各見出しに枚数を表示する。	カード一覧にメインボードとサイドボードの両方が並び、それぞれの見出しに合計枚数が出る。	src/Eccube/Service/Admin/Event/EntryDeckListDisplayBuilder.php:127-148;src/Eccube/Resource/template/admin/Event/Entry/decklist.twig:333-401	組み立てるのはメインボードだけで、サイドボードのカードも合計枚数も画面に出ない。見出しはメインボードの合計枚数だけである。	src/Eccube/Service/Admin/Event/EntryDeckListDisplayBuilder.php:127-148 が返すのは mainboard だけで、サイドのカードを取り出す処理が無い（src/Eccube/Service/Admin/Event/EntryDeckListDisplayBuilder.php:151-178 もメインの板のカードだけを拾う）。src/Eccube/Resource/template/admin/Event/Entry/decklist.twig:333-401 にもサイドボードを出す記述は無い。レイアウト図にはサイドボード(15)が明記されており、合計枚数付きの見出しが必要である。	レイアウト図(sheet-13_img1.png)を確認。印刷するボタン/Name/First Letter of Last Name/Table Number/DCI Number/Event/Date/メインボード(60)とサイドボード(15)を含むカード一覧/Deck Check Rd・Status・Judgeの記入欄が描かれている。	high	EntryDeckListDisplayBuilder-no-sideboard
sheet-13-R038	OUT_OF_SCOPE								現行仕様の小見出し。中身は sheet-13-R039 で判定した。	レイアウト図(sheet-13_img1.png)を確認。印刷するボタン/Name/First Letter of Last Name/Table Number/DCI Number/Event/Date/メインボード(60)とサイドボード(15)を含むカード一覧/Deck Check Rd・Status・Judgeの記入欄が描かれている。	high	
sheet-13-R039	DRIFT	P2	実装違い	ふるまい	プレイヤー名の後ろに、そのデッキの中での現在ページ番号と総ページ数を表示する。	1つのデッキのメインカードが40枚を超えるときはページを分けて印刷し、プレイヤー名の後ろにはそのデッキの中での現在ページ番号と総ページ数が出る。	src/Eccube/Service/Admin/Event/EntryDeckListDisplayBuilder.php:45-79;src/Eccube/Resource/template/admin/Event/Entry/decklist.twig:306-309	デッキ1件につき必ず1ページしか作らず、メインカードが40枚を超えても分割しない。プレイヤー名の後ろに出る番号は印刷対象のデッキ全体の通し番号と総デッキ数なので、2件目のデッキでは「2 / 3」のように、そのデッキの中でのページ番号とは違う値が出る。	src/Eccube/Service/Admin/Event/EntryDeckListDisplayBuilder.php:56-69 はデッキ1件につき buildPage を1回だけ呼び、40枚での分割を行わない。src/Eccube/Service/Admin/Event/EntryDeckListDisplayBuilder.php:71-75 は全デッキを通した連番と総件数を pageNo・totalPages に入れており、src/Eccube/Resource/template/admin/Event/Entry/decklist.twig:306-309 がそれをプレイヤー名の後ろに出す。設計の「そのデッキの中での」ページ番号にならない。	レイアウト図(sheet-13_img1.png)を確認。印刷するボタン/Name/First Letter of Last Name/Table Number/DCI Number/Event/Date/メインボード(60)とサイドボード(15)を含むカード一覧/Deck Check Rd・Status・Judgeの記入欄が描かれている。	high	EntryDeckListDisplayBuilder-no-page-split
sheet-13-R040	OUT_OF_SCOPE								現行仕様の小見出し（エラー時の扱い）。中身は sheet-13-R041・R042 で判定した。	レイアウト図(sheet-13_img1.png)を確認。印刷するボタン/Name/First Letter of Last Name/Table Number/DCI Number/Event/Date/メインボード(60)とサイドボード(15)を含むカード一覧/Deck Check Rd・Status・Judgeの記入欄が描かれている。	high	
sheet-13-R041	MATCHED								申込一覧側の検索条件が残っていないときは空の条件として扱い、取得できたデッキをそのまま表示する（src/Eccube/Controller/Admin/Event/EntryController.php:584-590、src/Eccube/Controller/Admin/Event/EntryController.php:600-606）。	レイアウト図(sheet-13_img1.png)を確認。印刷するボタン/Name/First Letter of Last Name/Table Number/DCI Number/Event/Date/メインボード(60)とサイドボード(15)を含むカード一覧/Deck Check Rd・Status・Judgeの記入欄が描かれている。	high	
sheet-13-R042	MATCHED								デッキ表示の処理には固有の例外の握りつぶしが無く、読み取りに失敗すれば共通の例外処理に渡る（src/Eccube/Controller/Admin/Event/EntryController.php:580-609）。画面にも本画面固有の利用者向けエラー文言は無い（src/Eccube/Resource/template/admin/Event/Entry/decklist.twig:294-403）。	レイアウト図(sheet-13_img1.png)を確認。印刷するボタン/Name/First Letter of Last Name/Table Number/DCI Number/Event/Date/メインボード(60)とサイドボード(15)を含むカード一覧/Deck Check Rd・Status・Judgeの記入欄が描かれている。	med	
sheet-13-R043	MATCHED								デッキ表示の画面に利用者が入力する項目は無く、印刷ボタンだけである（src/Eccube/Resource/template/admin/Event/Entry/decklist.twig:294-403）。	レイアウト図(sheet-13_img1.png)を確認。印刷するボタン/Name/First Letter of Last Name/Table Number/DCI Number/Event/Date/メインボード(60)とサイドボード(15)を含むカード一覧/Deck Check Rd・Status・Judgeの記入欄が描かれている。	high	
sheet-13-R044	MATCHED								成功時は印刷向けのデッキリストが表示される（src/Eccube/Resource/template/admin/Event/Entry/decklist.twig:303-403、src/Eccube/Controller/Admin/Event/EntryController.php:606-609）。	レイアウト図(sheet-13_img1.png)を確認。印刷するボタン/Name/First Letter of Last Name/Table Number/DCI Number/Event/Date/メインボード(60)とサイドボード(15)を含むカード一覧/Deck Check Rd・Status・Judgeの記入欄が描かれている。	high	
sheet-13-R045	MATCHED								本画面固有のエラー画面は持たず、例外は共通の処理に委ねられる（src/Eccube/Controller/Admin/Event/EntryController.php:580-609）。	レイアウト図(sheet-13_img1.png)を確認。印刷するボタン/Name/First Letter of Last Name/Table Number/DCI Number/Event/Date/メインボード(60)とサイドボード(15)を含むカード一覧/Deck Check Rd・Status・Judgeの記入欄が描かれている。	high	
sheet-13-R046	DRIFT	P3	実装違い	IO	画面はデッキ情報と印刷の導線だけで、操作結果を知らせる文言を出さない。	デッキ表示の画面にはデッキの情報と印刷の導線だけが出て、該当するデッキが無いときも操作結果を知らせる文言は出ない。	src/Eccube/Resource/template/admin/Event/Entry/decklist.twig:299-301;src/Eccube/Resource/locale/messages.ja.yaml:1739	対象のデッキが1件も無いとき、画面に「検索条件に合致するデータが見つかりませんでした」という文言を表示する。	src/Eccube/Resource/template/admin/Event/Entry/decklist.twig:299-301 は pages が空のとき admin.common.search_no_result を出す。この文言は src/Eccube/Resource/locale/messages.ja.yaml:1739 で「検索条件に合致するデータが見つかりませんでした」と定義されており、設計が「メッセージを表示しない」と定めた本画面に操作結果を知らせる文言が出る。	レイアウト図(sheet-13_img1.png)を確認。印刷するボタン/Name/First Letter of Last Name/Table Number/DCI Number/Event/Date/メインボード(60)とサイドボード(15)を含むカード一覧/Deck Check Rd・Status・Judgeの記入欄が描かれている。	high	decklist.twig-shows-no-result-message
sheet-14-R001	OUT_OF_SCOPE								「CSV出力項目」は直後の識別ID表の見出しであり、何がどうなるかを述べていない。表の各行は sheet-14-R002〜R040 で個別に判定した。	本シートに画像は無い（images配下に sheet-14_img* が存在しない）。	high	
sheet-14-R002	MATCHED								識別ID 1 申込日時 は イベント申込CSV の出力項目として登録されている（app/DoctrineMigrations/Version20251117010327.php:53）。出力対象の項目は app/DoctrineMigrations/Version20251117010327.php が投入する dtb_csv を src/Eccube/Service/CsvExportService.php:129-136 が読んで組み立てる。	本シートに画像は無い（images配下に sheet-14_img* が存在しない）。	high	
sheet-14-R003	MATCHED								識別ID 2 イベント申込ID は イベント申込CSV の出力項目として登録されている（app/DoctrineMigrations/Version20251117010327.php:61）。出力対象の項目は app/DoctrineMigrations/Version20251117010327.php が投入する dtb_csv を src/Eccube/Service/CsvExportService.php:129-136 が読んで組み立てる。	本シートに画像は無い（images配下に sheet-14_img* が存在しない）。	high	
sheet-14-R004	MATCHED								識別ID 3 申込状況名称 は イベント申込CSV の出力項目として登録されている（app/DoctrineMigrations/Version20251117010327.php:93）。出力対象の項目は app/DoctrineMigrations/Version20251117010327.php が投入する dtb_csv を src/Eccube/Service/CsvExportService.php:129-136 が読んで組み立てる。	本シートに画像は無い（images配下に sheet-14_img* が存在しない）。	high	
sheet-14-R005	MATCHED								識別ID 4 支払番号 は イベント申込CSV の出力項目として登録されている（app/DoctrineMigrations/Version20251117010327.php:101）。出力対象の項目は app/DoctrineMigrations/Version20251117010327.php が投入する dtb_csv を src/Eccube/Service/CsvExportService.php:129-136 が読んで組み立てる。	本シートに画像は無い（images配下に sheet-14_img* が存在しない）。	high	
sheet-14-R006	MATCHED								識別ID 5 支払金額 は イベント申込CSV の出力項目として登録されている（app/DoctrineMigrations/Version20251117010327.php:117）。出力対象の項目は app/DoctrineMigrations/Version20251117010327.php が投入する dtb_csv を src/Eccube/Service/CsvExportService.php:129-136 が読んで組み立てる。	本シートに画像は無い（images配下に sheet-14_img* が存在しない）。	high	
sheet-14-R007	MATCHED								識別ID 6 コンビニ入金日 は イベント申込CSV の出力項目として登録されている（app/DoctrineMigrations/Version20251117010327.php:141）。出力対象の項目は app/DoctrineMigrations/Version20251117010327.php が投入する dtb_csv を src/Eccube/Service/CsvExportService.php:129-136 が読んで組み立てる。	本シートに画像は無い（images配下に sheet-14_img* が存在しない）。	high	
sheet-14-R008	MATCHED								識別ID 7 ショップID は イベント申込CSV の出力項目として登録されている（app/DoctrineMigrations/Version20251117010327.php:157）。出力対象の項目は app/DoctrineMigrations/Version20251117010327.php が投入する dtb_csv を src/Eccube/Service/CsvExportService.php:129-136 が読んで組み立てる。	本シートに画像は無い（images配下に sheet-14_img* が存在しない）。	high	
sheet-14-R009	MATCHED								識別ID 8 開催日時 は イベント申込CSV の出力項目として登録されている（app/DoctrineMigrations/Version20251117010327.php:149）。出力対象の項目は app/DoctrineMigrations/Version20251117010327.php が投入する dtb_csv を src/Eccube/Service/CsvExportService.php:129-136 が読んで組み立てる。	本シートに画像は無い（images配下に sheet-14_img* が存在しない）。	high	
sheet-14-R010	MATCHED								識別ID 9 イベント名(日) は イベント申込CSV の出力項目として登録されている（app/DoctrineMigrations/Version20251117010327.php:173）。出力対象の項目は app/DoctrineMigrations/Version20251117010327.php が投入する dtb_csv を src/Eccube/Service/CsvExportService.php:129-136 が読んで組み立てる。	本シートに画像は無い（images配下に sheet-14_img* が存在しない）。	high	
sheet-14-R011	MATCHED								識別ID10「席順」は CSV出力項目として登録されているが enabled='0'（app/DoctrineMigrations/Version20251117010327.php:186-192）。src/Eccube/Service/CsvExportService.php:129-136 は enabled=true の項目だけを出力するため、初期状態では出力されない。設定画面の「出力しない項目」側に並ぶ（src/Eccube/Controller/Admin/Setting/Shop/CsvController.php:75-91）。	本シートに画像は無い（images配下に sheet-14_img* が存在しない）。	high	
sheet-14-R012	MATCHED								識別ID 11 支払会員名01 は イベント申込CSV の出力項目として登録されている（app/DoctrineMigrations/Version20251117010327.php:197）。出力対象の項目は app/DoctrineMigrations/Version20251117010327.php が投入する dtb_csv を src/Eccube/Service/CsvExportService.php:129-136 が読んで組み立てる。	本シートに画像は無い（images配下に sheet-14_img* が存在しない）。	high	
sheet-14-R013	MATCHED								識別ID 12 支払会員名02 は イベント申込CSV の出力項目として登録されている（app/DoctrineMigrations/Version20251117010327.php:213）。出力対象の項目は app/DoctrineMigrations/Version20251117010327.php が投入する dtb_csv を src/Eccube/Service/CsvExportService.php:129-136 が読んで組み立てる。	本シートに画像は無い（images配下に sheet-14_img* が存在しない）。	high	
sheet-14-R014	MATCHED								識別ID 13 名前(英) は イベント申込CSV の出力項目として登録されている（app/DoctrineMigrations/Version20251117010327.php:221）。出力対象の項目は app/DoctrineMigrations/Version20251117010327.php が投入する dtb_csv を src/Eccube/Service/CsvExportService.php:129-136 が読んで組み立てる。	本シートに画像は無い（images配下に sheet-14_img* が存在しない）。	high	
sheet-14-R015	MATCHED								識別ID 14 苗字(英) は イベント申込CSV の出力項目として登録されている（app/DoctrineMigrations/Version20251117010327.php:237）。出力対象の項目は app/DoctrineMigrations/Version20251117010327.php が投入する dtb_csv を src/Eccube/Service/CsvExportService.php:129-136 が読んで組み立てる。	本シートに画像は無い（images配下に sheet-14_img* が存在しない）。	high	
sheet-14-R016	MATCHED								識別ID 15 Eメール は イベント申込CSV の出力項目として登録されている（app/DoctrineMigrations/Version20251117010327.php:269）。出力対象の項目は app/DoctrineMigrations/Version20251117010327.php が投入する dtb_csv を src/Eccube/Service/CsvExportService.php:129-136 が読んで組み立てる。	本シートに画像は無い（images配下に sheet-14_img* が存在しない）。	high	
sheet-14-R017	MATCHED								識別ID 16 デッキ登録 は イベント申込CSV の出力項目として登録されている（app/DoctrineMigrations/Version20251117010327.php:309）。出力対象の項目は app/DoctrineMigrations/Version20251117010327.php が投入する dtb_csv を src/Eccube/Service/CsvExportService.php:129-136 が読んで組み立てる。	本シートに画像は無い（images配下に sheet-14_img* が存在しない）。	high	
sheet-14-R018	MATCHED								識別ID 17 デッキフォーマット(日) は イベント申込CSV の出力項目として登録されている（app/DoctrineMigrations/Version20251117010327.php:318）。出力対象の項目は app/DoctrineMigrations/Version20251117010327.php が投入する dtb_csv を src/Eccube/Service/CsvExportService.php:129-136 が読んで組み立てる。	本シートに画像は無い（images配下に sheet-14_img* が存在しない）。	high	
sheet-14-R019	MATCHED								識別ID 18 デッキフォーマット(英) は イベント申込CSV の出力項目として登録されている（app/DoctrineMigrations/Version20251117010327.php:326）。出力対象の項目は app/DoctrineMigrations/Version20251117010327.php が投入する dtb_csv を src/Eccube/Service/CsvExportService.php:129-136 が読んで組み立てる。	本シートに画像は無い（images配下に sheet-14_img* が存在しない）。	high	
sheet-14-R020	MATCHED								識別ID 19 苗字(カナ) は イベント申込CSV の出力項目として登録されている（app/DoctrineMigrations/Version20251117010327.php:334）。出力対象の項目は app/DoctrineMigrations/Version20251117010327.php が投入する dtb_csv を src/Eccube/Service/CsvExportService.php:129-136 が読んで組み立てる。	本シートに画像は無い（images配下に sheet-14_img* が存在しない）。	high	
sheet-14-R021	MATCHED								識別ID 20 名前(カナ) は イベント申込CSV の出力項目として登録されている（app/DoctrineMigrations/Version20251117010327.php:342）。出力対象の項目は app/DoctrineMigrations/Version20251117010327.php が投入する dtb_csv を src/Eccube/Service/CsvExportService.php:129-136 が読んで組み立てる。	本シートに画像は無い（images配下に sheet-14_img* が存在しない）。	high	
sheet-14-R022	MATCHED								識別ID 21 イベント詳細ID は イベント申込CSV の出力項目として登録されている（app/DoctrineMigrations/Version20251117010327.php:69）。出力対象の項目は app/DoctrineMigrations/Version20251117010327.php が投入する dtb_csv を src/Eccube/Service/CsvExportService.php:129-136 が読んで組み立てる。	本シートに画像は無い（images配下に sheet-14_img* が存在しない）。	high	
sheet-14-R023	MATCHED								識別ID 22 イベントID は イベント申込CSV の出力項目として登録されている（app/DoctrineMigrations/Version20251117010327.php:125）。出力対象の項目は app/DoctrineMigrations/Version20251117010327.php が投入する dtb_csv を src/Eccube/Service/CsvExportService.php:129-136 が読んで組み立てる。	本シートに画像は無い（images配下に sheet-14_img* が存在しない）。	high	
sheet-14-R024	MATCHED								識別ID23「会場ID」は enabled='0' で登録されており（app/DoctrineMigrations/Version20251117010327.php:160-167）、src/Eccube/Service/CsvExportService.php:129-136 が enabled=true のみを出力するため CSV には現れない。本書は「削除する」を「CSV出力項目設定で出力しない項目に設定」で実現する書き方（sheet-14-R042〜R044 と R049〜R051）を採っているため、出力されないことをもって設計どおりと判断した。	本シートに画像は無い（images配下に sheet-14_img* が存在しない）。	med	
sheet-14-R025	MATCHED								識別ID24「DCIナンバー」は enabled='0' で登録されており（app/DoctrineMigrations/Version20251117010327.php:249-255）、src/Eccube/Service/CsvExportService.php:129-136 の enabled=true 条件により出力されない。	本シートに画像は無い（images配下に sheet-14_img* が存在しない）。	high	
sheet-14-R026	MATCHED								識別ID 25 プレイヤーID は イベント申込CSV の出力項目として登録されている（app/DoctrineMigrations/Version20251117010327.php:45）。出力対象の項目は app/DoctrineMigrations/Version20251117010327.php が投入する dtb_csv を src/Eccube/Service/CsvExportService.php:129-136 が読んで組み立てる。	本シートに画像は無い（images配下に sheet-14_img* が存在しない）。	high	
sheet-14-R027	MATCHED								識別ID 26 申込状況ID は イベント申込CSV の出力項目として登録されている（app/DoctrineMigrations/Version20251117010327.php:77）。出力対象の項目は app/DoctrineMigrations/Version20251117010327.php が投入する dtb_csv を src/Eccube/Service/CsvExportService.php:129-136 が読んで組み立てる。	本シートに画像は無い（images配下に sheet-14_img* が存在しない）。	high	
sheet-14-R028	MATCHED								支払方法に対応する出力項目は登録されている（app/DoctrineMigrations/Version20251117010327.php:80-87、表示名は「支払方法」）。設計行は項目名だけで何がどうなるかを述べていないため、表示名がIDでなく支払方法名である点は指摘にしない（規約: 項目名だけを根拠にしない）。	本シートに画像は無い（images配下に sheet-14_img* が存在しない）。	med	
sheet-14-R029	MATCHED								識別ID 28 終了予定時刻 は イベント申込CSV の出力項目として登録されている（app/DoctrineMigrations/Version20251117010327.php:133）。出力対象の項目は app/DoctrineMigrations/Version20251117010327.php が投入する dtb_csv を src/Eccube/Service/CsvExportService.php:129-136 が読んで組み立てる。	本シートに画像は無い（images配下に sheet-14_img* が存在しない）。	high	
sheet-14-R030	MATCHED								識別ID 29 イベント名(英) は イベント申込CSV の出力項目として登録されている（app/DoctrineMigrations/Version20251117010327.php:181）。出力対象の項目は app/DoctrineMigrations/Version20251117010327.php が投入する dtb_csv を src/Eccube/Service/CsvExportService.php:129-136 が読んで組み立てる。	本シートに画像は無い（images配下に sheet-14_img* が存在しない）。	high	
sheet-14-R031	MATCHED								識別ID 30 フォーマット(英) は イベント申込CSV の出力項目として登録されている（app/DoctrineMigrations/Version20251117010327.php:205）。出力対象の項目は app/DoctrineMigrations/Version20251117010327.php が投入する dtb_csv を src/Eccube/Service/CsvExportService.php:129-136 が読んで組み立てる。	本シートに画像は無い（images配下に sheet-14_img* が存在しない）。	high	
sheet-14-R032	MATCHED								識別ID31「ショップID」は識別ID7と同じ項目名で、登録は1件（app/DoctrineMigrations/Version20251117010327.php:152-159）。設計側で同じ項目名が二度並んでいるだけで、実装に対応する項目は存在する。	本シートに画像は無い（images配下に sheet-14_img* が存在しない）。	med	
sheet-14-R033	MATCHED								「DCI確認フラグ」という出力項目は dtb_csv に登録されていない（app/DoctrineMigrations/Version20251117010327.php:38-345 に該当する disp_name が無い）。src/Eccube/Service/CsvExportService.php:129-136 は登録済みかつ enabled=true の項目しか出力しないため、CSVに現れない＝備考の「出力しない項目に設定」と同じ結果になる。	本シートに画像は無い（images配下に sheet-14_img* が存在しない）。	med	
sheet-14-R034	MATCHED								識別ID 33 申込状況英語名称 は イベント申込CSV の出力項目として登録されている（app/DoctrineMigrations/Version20251117010327.php:229）。出力対象の項目は app/DoctrineMigrations/Version20251117010327.php が投入する dtb_csv を src/Eccube/Service/CsvExportService.php:129-136 が読んで組み立てる。	本シートに画像は無い（images配下に sheet-14_img* が存在しない）。	high	
sheet-14-R035	MATCHED								識別ID 34 フォーマット(日) は イベント申込CSV の出力項目として登録されている（app/DoctrineMigrations/Version20251117010327.php:245）。出力対象の項目は app/DoctrineMigrations/Version20251117010327.php が投入する dtb_csv を src/Eccube/Service/CsvExportService.php:129-136 が読んで組み立てる。	本シートに画像は無い（images配下に sheet-14_img* が存在しない）。	high	
sheet-14-R036	MATCHED								識別ID 35 確認フラグ は イベント申込CSV の出力項目として登録されている（app/DoctrineMigrations/Version20251117010327.php:261）。出力対象の項目は app/DoctrineMigrations/Version20251117010327.php が投入する dtb_csv を src/Eccube/Service/CsvExportService.php:129-136 が読んで組み立てる。	本シートに画像は無い（images配下に sheet-14_img* が存在しない）。	high	
sheet-14-R037	MATCHED								識別ID 36 支払期限 は イベント申込CSV の出力項目として登録されている（app/DoctrineMigrations/Version20251117010327.php:277）。出力対象の項目は app/DoctrineMigrations/Version20251117010327.php が投入する dtb_csv を src/Eccube/Service/CsvExportService.php:129-136 が読んで組み立てる。	本シートに画像は無い（images配下に sheet-14_img* が存在しない）。	high	
sheet-14-R038	MATCHED								識別ID 37 申込プレイヤーID は イベント申込CSV の出力項目として登録されている（app/DoctrineMigrations/Version20251117010327.php:285）。出力対象の項目は app/DoctrineMigrations/Version20251117010327.php が投入する dtb_csv を src/Eccube/Service/CsvExportService.php:129-136 が読んで組み立てる。	本シートに画像は無い（images配下に sheet-14_img* が存在しない）。	high	
sheet-14-R039	MATCHED								識別ID38「苗字(英)」は識別ID14と同じ項目名で、登録は1件（app/DoctrineMigrations/Version20251117010327.php:232-239, DtbPlayer.last_name_en）。設計側で同じ項目名が二度並んでいるだけで、実装に対応する項目は存在する。	本シートに画像は無い（images配下に sheet-14_img* が存在しない）。	med	
sheet-14-R040	MATCHED								識別ID39「名前(英)」は識別ID13と同じ項目名で、登録は1件（app/DoctrineMigrations/Version20251117010327.php:216-223, DtbPlayer.first_name_en）。設計側で同じ項目名が二度並んでいるだけで、実装に対応する項目は存在する。	本シートに画像は無い（images配下に sheet-14_img* が存在しない）。	med	
sheet-14-R041	UNVERIFIABLE								「権限を保持している店舗のイベントのみ表示を可能とする」がCSV出力に何を求めるのかが正本から決まらない。本書はこの要件の実現形を各シートの★節で個別に規定しており（sheet-15 では行内ボタンの表示可否、sheet-16 ではデフォルト表示店舗の設定）、本シートには対応する★節が無い。ee 側は編集権限による制御（src/Eccube/Entity/Member.php:78-91 の isEditableShop、src/Eccube/Resource/template/admin/Event/Entry/index.twig:408）は持つが、申込の検索結果自体は店舗で絞っていない（src/Eccube/Repository/DtbEventEntryRepository.php:65-83、src/Eccube/Controller/Admin/Event/EntryController.php:390-431）。どちらを求めた記述か設計裁定が要る。	本シートに画像は無い（images配下に sheet-14_img* が存在しない）。	med	
sheet-14-R042	MATCHED								「席順の項目を削除する」は同シートの★節（sheet-14-R049）で「CSV出力項目設定でCSV出力しない項目に設定」と具体化されており、席順は enabled='0' で登録され出力されない（app/DoctrineMigrations/Version20251117010327.php:186-192, src/Eccube/Service/CsvExportService.php:129-136）。	本シートに画像は無い（images配下に sheet-14_img* が存在しない）。	high	
sheet-14-R043	MATCHED								「DCIナンバーの項目を削除する」は★節（sheet-14-R050）で出力しない設定と具体化されており、enabled='0' で登録され出力されない（app/DoctrineMigrations/Version20251117010327.php:249-255, src/Eccube/Service/CsvExportService.php:129-136）。	本シートに画像は無い（images配下に sheet-14_img* が存在しない）。	high	
sheet-14-R044	MATCHED								「DCI確認フラグの項目を削除する」は★節（sheet-14-R051）で出力しない設定と具体化されている。当該項目は dtb_csv に登録が無く（app/DoctrineMigrations/Version20251117010327.php:38-345）、CSVに出力されない。	本シートに画像は無い（images配下に sheet-14_img* が存在しない）。	med	
sheet-14-R045	OUT_OF_SCOPE								「カスタマイズ要件に記載の内容以外は現行踏襲とする。」はカスタマイズ要件の適用方針を述べた締めの一文で、個別の実装要求ではない。中身は同シートの他行で判定した。	本シートに画像は無い（images配下に sheet-14_img* が存在しない）。	high	
sheet-14-R046	MATCHED								イベント申込一覧の検索条件（セッションに保持した検索フォームの入力）とソートをそのまま使って対象を組み立て、CSVをダウンロードさせる（src/Eccube/Controller/Admin/Event/EntryController.php:390-431）。一覧のダウンロード導線は src/Eccube/Resource/template/admin/Event/Entry/index.twig にある。	本シートに画像は無い（images配下に sheet-14_img* が存在しない）。	high	
sheet-14-R047	MATCHED								ファイル名は event_entry_ + 現在日時のYmdHis + .csv で組み立て、ダウンロード名として返している（src/Eccube/Service/Csv/Exporter/EventEntryCsvExportService.php:42, 86-89）。	本シートに画像は無い（images配下に sheet-14_img* が存在しない）。	high	
sheet-14-R048	OUT_OF_SCOPE								「★表示項目の削除について」はブロックの見出しで、何がどうなるかを述べていない。中身は sheet-14-R049〜R051 で判定した。	本シートに画像は無い（images配下に sheet-14_img* が存在しない）。	high	
sheet-14-R049	MATCHED								識別ID10「席順」は enabled='0' で登録され（app/DoctrineMigrations/Version20251117010327.php:186-192）、CSV出力項目設定では「出力しない項目」側に並び（src/Eccube/Controller/Admin/Setting/Shop/CsvController.php:75-91）、出力時も除外される（src/Eccube/Service/CsvExportService.php:129-136）。	本シートに画像は無い（images配下に sheet-14_img* が存在しない）。	high	
sheet-14-R050	MATCHED								識別ID24「DCIナンバー」は enabled='0' で登録され（app/DoctrineMigrations/Version20251117010327.php:249-255）、CSV出力項目設定の「出力しない項目」側に並び（src/Eccube/Controller/Admin/Setting/Shop/CsvController.php:75-91）、出力されない。	本シートに画像は無い（images配下に sheet-14_img* が存在しない）。	high	
sheet-14-R051	MATCHED								「DCI確認フラグ」は dtb_csv に登録が無く（app/DoctrineMigrations/Version20251117010327.php:38-345）、出力対象にならない（src/Eccube/Service/CsvExportService.php:129-136）。出力されないという結果は備考の指示と一致する。	本シートに画像は無い（images配下に sheet-14_img* が存在しない）。	med	
sheet-15-R001	MATCHED						src/Eccube/Controller/Admin/Event/EntryController.php:274-277;src/Eccube/Controller/Admin/Event/EntryRegistrationController.php:163-166		編集画面・新規申込画面とも、対象イベントの店舗が担当店舗でなければ画面自体を表示せず404を返す（src/Eccube/Controller/Admin/Event/EntryController.php:274-277、src/Eccube/Controller/Admin/Event/EntryRegistrationController.php:163-166）。担当店舗の申込だけが登録・編集できる。	sheet-15_img1.png を確認。レイアウト図は席順・DCIナンバー・チームメンバー確認済を含む現行画面で、カスタマイズ説明でこの3列の削除と支払金額の参照化が指示されている。	high	
sheet-15-R002	MATCHED						src/Eccube/Resource/template/admin/Event/EntryRegistration/edit.twig:259-288		参加プレイヤー表の列はプレイヤー名・MTG Companion登録本名・操作の3列だけで、席順の選択欄は存在しない（src/Eccube/Resource/template/admin/Event/EntryRegistration/edit.twig:259-288）。席順の入力・保存は画面から行えない。	sheet-15_img1.png を確認。レイアウト図は席順・DCIナンバー・チームメンバー確認済を含む現行画面で、カスタマイズ説明でこの3列の削除と支払金額の参照化が指示されている。	high	
sheet-15-R003	MATCHED						src/Eccube/Form/Type/Admin/EventEntryDetailType.php:109-116		支払金額の入力欄は常に操作不可で描画され、送信値も取り込まれない（src/Eccube/Form/Type/Admin/EventEntryDetailType.php:109-116）。参照のみとなっている。	sheet-15_img1.png を確認。レイアウト図は席順・DCIナンバー・チームメンバー確認済を含む現行画面で、カスタマイズ説明でこの3列の削除と支払金額の参照化が指示されている。	high	
sheet-15-R004	MATCHED						src/Eccube/Resource/template/admin/Event/EntryRegistration/edit.twig:261-266;src/Eccube/Resource/template/admin/Event/Entry/search_player_modal_list.twig:7-12		参加プレイヤー表にもプレイヤー検索モーダルの一覧にもDCIナンバー列が無い（src/Eccube/Resource/template/admin/Event/EntryRegistration/edit.twig:261-266、src/Eccube/Resource/template/admin/Event/Entry/search_player_modal_list.twig:7-12）。	sheet-15_img1.png を確認。レイアウト図は席順・DCIナンバー・チームメンバー確認済を含む現行画面で、カスタマイズ説明でこの3列の削除と支払金額の参照化が指示されている。	high	
sheet-15-R005	MATCHED						src/Eccube/Resource/template/admin/Event/EntryRegistration/edit.twig:259-288		参加プレイヤー表にチームメンバー確認済のチェック欄が無い（src/Eccube/Resource/template/admin/Event/EntryRegistration/edit.twig:259-288）。	sheet-15_img1.png を確認。レイアウト図は席順・DCIナンバー・チームメンバー確認済を含む現行画面で、カスタマイズ説明でこの3列の削除と支払金額の参照化が指示されている。	high	
sheet-15-R006	OUT_OF_SCOPE								カスタマイズ要件以外は現行踏襲、という包括方針の記述で、単独では実装対象を特定できない。現行踏襲の個々のふるまいは本シートの現行仕様ブロック（sheet-15-R081以降）で個別に判定した（例 src/Eccube/Controller/Admin/Event/EntryController.php:272-339）。	sheet-15_img1.png を確認。本行に対応する図中の記述は無い。	high	
sheet-15-R007	OUT_OF_SCOPE								★節の見出し行で、それ自体は実装要求ではない。配下の各行で判定した。	sheet-15_img1.png を確認。本行に対応する図中の記述は無い。	high	
sheet-15-R008	MATCHED						src/Eccube/Controller/Admin/Event/EntryController.php:274-277		編集画面は対象イベントの店舗が担当店舗でないとき404となり、フォームも更新処理も到達しない（src/Eccube/Controller/Admin/Event/EntryController.php:274-277）。権限を持つ店舗の申込だけが編集できる。	sheet-15_img1.png を確認。レイアウト図は席順・DCIナンバー・チームメンバー確認済を含む現行画面で、カスタマイズ説明でこの3列の削除と支払金額の参照化が指示されている。	high	
sheet-15-R009	MATCHED						src/Eccube/Resource/template/admin/Event/EntryRegistration/edit.twig:281-283;src/Eccube/Controller/Admin/Event/EntryController.php:274-277		削除ボタンは編集画面上にあり（src/Eccube/Resource/template/admin/Event/EntryRegistration/edit.twig:281-283）、その編集画面は担当店舗でなければ表示されない（src/Eccube/Controller/Admin/Event/EntryController.php:274-277）ため、権限を持つ店舗の申込でのみ表示される。	sheet-15_img1.png を確認。レイアウト図は席順・DCIナンバー・チームメンバー確認済を含む現行画面で、カスタマイズ説明でこの3列の削除と支払金額の参照化が指示されている。	med	
sheet-15-R010	MATCHED						src/Eccube/Resource/template/admin/Event/EntryRegistration/edit.twig:278-280;src/Eccube/Controller/Admin/Event/EntryController.php:274-277		検索ボタンは編集画面上にあり（src/Eccube/Resource/template/admin/Event/EntryRegistration/edit.twig:278-280）、その編集画面は担当店舗でなければ表示されない（src/Eccube/Controller/Admin/Event/EntryController.php:274-277）ため、権限を持つ店舗の申込でのみ表示される。	sheet-15_img1.png を確認。レイアウト図は席順・DCIナンバー・チームメンバー確認済を含む現行画面で、カスタマイズ説明でこの3列の削除と支払金額の参照化が指示されている。	med	
sheet-15-R011	MATCHED						src/Eccube/Resource/template/admin/Event/EntryRegistration/edit.twig:352-354;src/Eccube/Controller/Admin/Event/EntryController.php:274-277		登録ボタンは編集画面下部にあり（src/Eccube/Resource/template/admin/Event/EntryRegistration/edit.twig:352-354）、その編集画面は担当店舗でなければ表示されない（src/Eccube/Controller/Admin/Event/EntryController.php:274-277）ため、権限を持つ店舗の申込でのみ表示される。	sheet-15_img1.png の右上に「イベント申込を登録」「同日程の新規申込へ」「戻る」があり、図中注記「ボタンの位置を画面下部に移動する」「「戻る」は、前の画面名を表示する」を確認。	med	
sheet-15-R012	MATCHED						src/Eccube/Resource/template/admin/Event/EntryRegistration/edit.twig:349-351;src/Eccube/Controller/Admin/Event/EntryController.php:274-277		「同日程の新規申込へ」ボタンは編集画面下部にあり（src/Eccube/Resource/template/admin/Event/EntryRegistration/edit.twig:349-351）、その編集画面は担当店舗でなければ表示されない（src/Eccube/Controller/Admin/Event/EntryController.php:274-277）ため、権限を持つ店舗の申込でのみ表示される。	sheet-15_img1.png の右上に「イベント申込を登録」「同日程の新規申込へ」「戻る」があり、図中注記「ボタンの位置を画面下部に移動する」「「戻る」は、前の画面名を表示する」を確認。	med	
sheet-15-R013	OUT_OF_SCOPE								★節の見出し行で、それ自体は実装要求ではない。配下の行で判定した。	sheet-15_img1.png を確認。本行に対応する図中の記述は無い。	high	
sheet-15-R014	MATCHED						src/Eccube/Form/Type/Admin/EventEntryDetailType.php:109-116		支払金額欄は常に操作不可で描画され、送信されても値は反映されない（src/Eccube/Form/Type/Admin/EventEntryDetailType.php:109-116）。画面では金額が読めるだけで編集できない。	sheet-15_img1.png を確認。レイアウト図は席順・DCIナンバー・チームメンバー確認済を含む現行画面で、カスタマイズ説明でこの3列の削除と支払金額の参照化が指示されている。	high	
sheet-15-R015	OUT_OF_SCOPE								★節の見出し行で、それ自体は実装要求ではない。配下の行で判定した。	sheet-15_img1.png を確認。本行に対応する図中の記述は無い。	high	
sheet-15-R016	MATCHED						src/Eccube/Resource/template/admin/Event/EntryRegistration/edit.twig:259-288		参加プレイヤー表に席順の列・選択欄が無い（src/Eccube/Resource/template/admin/Event/EntryRegistration/edit.twig:259-288）。	sheet-15_img1.png を確認。レイアウト図は席順・DCIナンバー・チームメンバー確認済を含む現行画面で、カスタマイズ説明でこの3列の削除と支払金額の参照化が指示されている。	high	
sheet-15-R017	MATCHED						src/Eccube/Resource/template/admin/Event/EntryRegistration/edit.twig:261-266		参加プレイヤー表にDCIナンバーの列が無い（src/Eccube/Resource/template/admin/Event/EntryRegistration/edit.twig:261-266）。	sheet-15_img1.png を確認。レイアウト図は席順・DCIナンバー・チームメンバー確認済を含む現行画面で、カスタマイズ説明でこの3列の削除と支払金額の参照化が指示されている。	high	
sheet-15-R018	MATCHED						src/Eccube/Resource/template/admin/Event/EntryRegistration/edit.twig:259-288		参加プレイヤー表にチームメンバー確認済の列・チェックが無い（src/Eccube/Resource/template/admin/Event/EntryRegistration/edit.twig:259-288）。	sheet-15_img1.png を確認。レイアウト図は席順・DCIナンバー・チームメンバー確認済を含む現行画面で、カスタマイズ説明でこの3列の削除と支払金額の参照化が指示されている。	high	
sheet-15-R019	MATCHED						src/Eccube/Resource/template/admin/Event/EntryRegistration/edit.twig:234-326;src/Eccube/Form/Type/Admin/EventEntryDetailType.php:73-92		申込ID・イベント名・店舗・フォーマット・支払会員・支払番号を表示し（src/Eccube/Resource/template/admin/Event/EntryRegistration/edit.twig:234-326）、申込状況は編集可能な単一選択で描画され（src/Eccube/Controller/Admin/Event/EntryController.php:279-282、src/Eccube/Form/Type/Admin/EventEntryDetailType.php:73-92）、プレイヤーは検索ボタンで登録・削除ボタンで解除できる（src/Eccube/Resource/template/admin/Event/EntryRegistration/edit.twig:276-284）。	sheet-15_img1.png を確認。レイアウト図は席順・DCIナンバー・チームメンバー確認済を含む現行画面で、カスタマイズ説明でこの3列の削除と支払金額の参照化が指示されている。	high	
sheet-15-R020	MATCHED						src/Eccube/Resource/template/admin/Event/EntryRegistration/edit.twig:277-283		プレイヤーが登録済みのときは検索ボタンの入った枠を非表示にし、削除ボタンの枠を表示する（src/Eccube/Resource/template/admin/Event/EntryRegistration/edit.twig:277-283）。	sheet-15_img1.png を確認。レイアウト図は席順・DCIナンバー・チームメンバー確認済を含む現行画面で、カスタマイズ説明でこの3列の削除と支払金額の参照化が指示されている。	high	
sheet-15-R021	MATCHED						src/Eccube/Resource/template/admin/Event/EntryRegistration/edit.twig:277-283;src/Eccube/Resource/template/admin/Event/EntryRegistration/edit.twig:85-110		プレイヤー未登録のときは削除ボタンの枠を非表示にし、検索ボタンを表示する（src/Eccube/Resource/template/admin/Event/EntryRegistration/edit.twig:277-283）。削除ボタン押下時も同じ状態へ戻す（src/Eccube/Resource/template/admin/Event/EntryRegistration/edit.twig:85-110）。	sheet-15_img1.png を確認。レイアウト図は席順・DCIナンバー・チームメンバー確認済を含む現行画面で、カスタマイズ説明でこの3列の削除と支払金額の参照化が指示されている。	high	
sheet-15-R022	MATCHED						src/Eccube/Resource/template/admin/Event/EntryRegistration/edit.twig:279;src/Eccube/Resource/template/admin/Event/EntryRegistration/edit.twig:368-386		検索ボタンはプレイヤー検索モーダルを開くボタンとして定義され（src/Eccube/Resource/template/admin/Event/EntryRegistration/edit.twig:279）、同画面内にモーダルがある（src/Eccube/Resource/template/admin/Event/EntryRegistration/edit.twig:368-386）。	sheet-15_img1.png を確認。レイアウト図は席順・DCIナンバー・チームメンバー確認済を含む現行画面で、カスタマイズ説明でこの3列の削除と支払金額の参照化が指示されている。	high	
sheet-15-R023	OUT_OF_SCOPE								「プレイヤー検索ポップアップ画面」はレイアウト図の見出しで、それ自体は実装要求ではない。モーダルの各要素は識別ID1〜8の行で判定した。	sheet-15_img1.png を確認。本行に対応する図中の記述は無い。	high	
sheet-15-R024	MATCHED						src/Eccube/Resource/template/admin/Event/EntryRegistration/edit.twig:349-351;src/Eccube/Controller/Admin/Event/EntryRegistrationController.php:159-161		「同日程の新規申込へ」は表示中の申込の日程IDを付けたイベント申込新規登録画面へのリンクになっている（src/Eccube/Resource/template/admin/Event/EntryRegistration/edit.twig:349-351、遷移先は src/Eccube/Controller/Admin/Event/EntryRegistrationController.php:159-161）。	sheet-15_img1.png の右上に「イベント申込を登録」「同日程の新規申込へ」「戻る」があり、図中注記「ボタンの位置を画面下部に移動する」「「戻る」は、前の画面名を表示する」を確認。	high	
sheet-15-R025	OUT_OF_SCOPE								項目表の区分行「入力項目」で、それ自体は実装要求ではない。	sheet-15_img1.png を確認。本行に対応する図中の記述は無い。	high	
sheet-15-R026	MATCHED						src/Eccube/Resource/template/admin/Event/EntryRegistration/edit.twig:234-238		イベント申込IDをラベルとして表示する（src/Eccube/Resource/template/admin/Event/EntryRegistration/edit.twig:234-238）。	sheet-15_img1.png を確認。レイアウト図は席順・DCIナンバー・チームメンバー確認済を含む現行画面で、カスタマイズ説明でこの3列の削除と支払金額の参照化が指示されている。	high	
sheet-15-R027	MATCHED						src/Eccube/Resource/template/admin/Event/EntryRegistration/edit.twig:240-245		イベント名（和名・英名・開始日時）をラベルとして表示する（src/Eccube/Resource/template/admin/Event/EntryRegistration/edit.twig:240-245、見出し文言は src/Eccube/Resource/locale/messages.ja.yaml:6027）。	sheet-15_img1.png を確認。レイアウト図は席順・DCIナンバー・チームメンバー確認済を含む現行画面で、カスタマイズ説明でこの3列の削除と支払金額の参照化が指示されている。	high	
sheet-15-R028	MATCHED						src/Eccube/Resource/template/admin/Event/EntryRegistration/edit.twig:246-249		店舗名をラベルとして表示する（src/Eccube/Resource/template/admin/Event/EntryRegistration/edit.twig:246-249、見出し文言は src/Eccube/Resource/locale/messages.ja.yaml:6037）。	sheet-15_img1.png を確認。レイアウト図は席順・DCIナンバー・チームメンバー確認済を含む現行画面で、カスタマイズ説明でこの3列の削除と支払金額の参照化が指示されている。	high	
sheet-15-R029	MATCHED						src/Eccube/Resource/template/admin/Event/EntryRegistration/edit.twig:234-326		備考「会場の概念はなくなっているので項目削除」のとおり、編集画面に会場の表示項目は無い（src/Eccube/Resource/template/admin/Event/EntryRegistration/edit.twig:234-326）。	sheet-15_img1.png には「会場 テスト会場」の行があるが、項目表の備考で削除指示があり、実装に会場の行が無いことと整合する。	high	
sheet-15-R030	MATCHED						src/Eccube/Resource/template/admin/Event/EntryRegistration/edit.twig:250-257		フォーマット名をラベルとして表示する（src/Eccube/Resource/template/admin/Event/EntryRegistration/edit.twig:250-257、見出し文言は src/Eccube/Resource/locale/messages.ja.yaml:6038）。	sheet-15_img1.png を確認。レイアウト図は席順・DCIナンバー・チームメンバー確認済を含む現行画面で、カスタマイズ説明でこの3列の削除と支払金額の参照化が指示されている。	high	
sheet-15-R031	MATCHED						src/Eccube/Resource/template/admin/Event/EntryRegistration/edit.twig:290-299;src/Eccube/Resource/locale/messages.ja.yaml:5951		支払会員（申込の支払会員の姓名）をラベルとして表示する（src/Eccube/Resource/template/admin/Event/EntryRegistration/edit.twig:290-299）。画面文言は「支払い会員」（src/Eccube/Resource/locale/messages.ja.yaml:5951）で、設計の「支払会員」との差は送り仮名のみ。	sheet-15_img1.png を確認。レイアウト図は席順・DCIナンバー・チームメンバー確認済を含む現行画面で、カスタマイズ説明でこの3列の削除と支払金額の参照化が指示されている。	med	
sheet-15-R032	MATCHED						src/Eccube/Form/Type/Admin/EventEntryDetailType.php:73-92;app/DoctrineMigrations/Version20251125144837.php:62-99		申込状況は編集可能な単一選択で、選択肢はマスタ全件（src/Eccube/Form/Type/Admin/EventEntryDetailType.php:73-92）。マスタの登録値は決済中・入金待ち・申込済み・入金期限切れ・キャンセル済み・支払番号が存在しないの6件で設計の選択肢と一致する（app/DoctrineMigrations/Version20251125144837.php:62-99）。	sheet-15_img1.png を確認。レイアウト図は席順・DCIナンバー・チームメンバー確認済を含む現行画面で、カスタマイズ説明でこの3列の削除と支払金額の参照化が指示されている。	high	
sheet-15-R033	MATCHED						src/Eccube/Form/Type/Admin/EventEntryDetailType.php:93-108		支払方法は単一選択だが常に操作不可で描画される（src/Eccube/Form/Type/Admin/EventEntryDetailType.php:93-108）。	sheet-15_img1.png を確認。レイアウト図は席順・DCIナンバー・チームメンバー確認済を含む現行画面で、カスタマイズ説明でこの3列の削除と支払金額の参照化が指示されている。	high	
sheet-15-R034	MATCHED						src/Eccube/Form/Type/Admin/EventEntryDetailType.php:109-116;src/Eccube/Resource/template/admin/Event/EntryRegistration/edit.twig:314-320		支払金額は操作不可で描画され、送信値は反映されない（src/Eccube/Form/Type/Admin/EventEntryDetailType.php:109-116、画面は src/Eccube/Resource/template/admin/Event/EntryRegistration/edit.twig:314-320）。	sheet-15_img1.png を確認。レイアウト図は席順・DCIナンバー・チームメンバー確認済を含む現行画面で、カスタマイズ説明でこの3列の削除と支払金額の参照化が指示されている。	high	
sheet-15-R035	MATCHED						src/Eccube/Resource/template/admin/Event/EntryRegistration/edit.twig:321-326		支払番号をラベルとして表示し、未採番のときは「なし」を表示する（src/Eccube/Resource/template/admin/Event/EntryRegistration/edit.twig:321-326、src/Eccube/Resource/locale/messages.ja.yaml:5961）。	sheet-15_img1.png を確認。レイアウト図は席順・DCIナンバー・チームメンバー確認済を含む現行画面で、カスタマイズ説明でこの3列の削除と支払金額の参照化が指示されている。	high	
sheet-15-R036	OUT_OF_SCOPE								項目表の区分行「プレイヤー情報」で、それ自体は実装要求ではない。	sheet-15_img1.png を確認。本行に対応する図中の記述は無い。	high	
sheet-15-R037	MATCHED						src/Eccube/Resource/template/admin/Event/EntryRegistration/edit.twig:263;src/Eccube/Resource/template/admin/Event/EntryRegistration/edit.twig:269-272		参加プレイヤー表の1列目にプレイヤー名（会員姓名）をラベル表示する（src/Eccube/Resource/template/admin/Event/EntryRegistration/edit.twig:263、src/Eccube/Resource/template/admin/Event/EntryRegistration/edit.twig:269-272）。	sheet-15_img1.png を確認。レイアウト図は席順・DCIナンバー・チームメンバー確認済を含む現行画面で、カスタマイズ説明でこの3列の削除と支払金額の参照化が指示されている。	high	
sheet-15-R038	MATCHED						src/Eccube/Resource/template/admin/Event/EntryRegistration/edit.twig:264;src/Eccube/Resource/template/admin/Event/EntryRegistration/edit.twig:273-275		2列目にMTG Companion登録本名をラベル表示する（src/Eccube/Resource/template/admin/Event/EntryRegistration/edit.twig:264、src/Eccube/Resource/template/admin/Event/EntryRegistration/edit.twig:273-275、列見出し文言は src/Eccube/Resource/locale/messages.ja.yaml:5947）。	sheet-15_img1.png を確認。レイアウト図は席順・DCIナンバー・チームメンバー確認済を含む現行画面で、カスタマイズ説明でこの3列の削除と支払金額の参照化が指示されている。	high	
sheet-15-R039	MATCHED						src/Eccube/Resource/template/admin/Event/EntryRegistration/edit.twig:281-283;src/Eccube/Controller/Admin/Event/EntryController.php:274-277		削除ボタンは参加プレイヤー行に置かれ（src/Eccube/Resource/template/admin/Event/EntryRegistration/edit.twig:281-283）、画面自体が担当店舗の申込でしか表示されない（src/Eccube/Controller/Admin/Event/EntryController.php:274-277）。	sheet-15_img1.png を確認。レイアウト図は席順・DCIナンバー・チームメンバー確認済を含む現行画面で、カスタマイズ説明でこの3列の削除と支払金額の参照化が指示されている。	med	
sheet-15-R040	MATCHED						src/Eccube/Resource/template/admin/Event/EntryRegistration/edit.twig:85-110;src/Eccube/Resource/template/admin/Event/EntryRegistration/edit.twig:186-192		削除ボタン押下でプレイヤー名・登録本名・プレイヤーIDを空にし、削除ボタンを隠して検索ボタンを表示する（src/Eccube/Resource/template/admin/Event/EntryRegistration/edit.twig:85-110、src/Eccube/Resource/template/admin/Event/EntryRegistration/edit.twig:186-192）。	sheet-15_img1.png を確認。レイアウト図は席順・DCIナンバー・チームメンバー確認済を含む現行画面で、カスタマイズ説明でこの3列の削除と支払金額の参照化が指示されている。	high	
sheet-15-R041	MATCHED						src/Eccube/Resource/template/admin/Event/EntryRegistration/edit.twig:278-280;src/Eccube/Controller/Admin/Event/EntryController.php:274-277		検索ボタンは参加プレイヤー行に置かれ（src/Eccube/Resource/template/admin/Event/EntryRegistration/edit.twig:278-280）、画面自体が担当店舗の申込でしか表示されない（src/Eccube/Controller/Admin/Event/EntryController.php:274-277）。	sheet-15_img1.png を確認。レイアウト図は席順・DCIナンバー・チームメンバー確認済を含む現行画面で、カスタマイズ説明でこの3列の削除と支払金額の参照化が指示されている。	med	
sheet-15-R042	MATCHED						src/Eccube/Resource/template/admin/Event/EntryRegistration/edit.twig:279;src/Eccube/Resource/template/admin/Event/EntryRegistration/edit.twig:368-386		検索ボタンはプレイヤー検索モーダルを開く（src/Eccube/Resource/template/admin/Event/EntryRegistration/edit.twig:279、src/Eccube/Resource/template/admin/Event/EntryRegistration/edit.twig:368-386）。	sheet-15_img1.png を確認。レイアウト図は席順・DCIナンバー・チームメンバー確認済を含む現行画面で、カスタマイズ説明でこの3列の削除と支払金額の参照化が指示されている。	high	
sheet-15-R043	OUT_OF_SCOPE								項目表の区分行「ボタン、リンク」で、それ自体は実装要求ではない。	sheet-15_img1.png を確認。本行に対応する図中の記述は無い。	high	
sheet-15-R044	MATCHED						src/Eccube/Resource/template/admin/Event/EntryRegistration/edit.twig:352-354;src/Eccube/Controller/Admin/Event/EntryController.php:274-277		登録ボタンは画面下部にあり（src/Eccube/Resource/template/admin/Event/EntryRegistration/edit.twig:352-354、文言は src/Eccube/Resource/locale/messages.ja.yaml:1633）、画面自体が担当店舗の申込でしか表示されない（src/Eccube/Controller/Admin/Event/EntryController.php:274-277）。	sheet-15_img1.png の右上に「イベント申込を登録」「同日程の新規申込へ」「戻る」があり、図中注記「ボタンの位置を画面下部に移動する」「「戻る」は、前の画面名を表示する」を確認。	med	
sheet-15-R045	MATCHED						src/Eccube/Controller/Admin/Event/EntryController.php:295-319;src/Eccube/Service/Admin/Event/EntryUpdateAction.php:39-83		登録ボタンの送信で入力されたフォームの値（申込状況・プレイヤー）を申込へ反映して保存する（src/Eccube/Controller/Admin/Event/EntryController.php:295-319、src/Eccube/Service/Admin/Event/EntryUpdateAction.php:39-83）。	sheet-15_img1.png の右上に「イベント申込を登録」「同日程の新規申込へ」「戻る」があり、図中注記「ボタンの位置を画面下部に移動する」「「戻る」は、前の画面名を表示する」を確認。	high	
sheet-15-R046	MATCHED						src/Eccube/Resource/template/admin/Event/EntryRegistration/edit.twig:349-351;src/Eccube/Controller/Admin/Event/EntryController.php:274-277		「同日程の新規申込へ」は画面下部にあり（src/Eccube/Resource/template/admin/Event/EntryRegistration/edit.twig:349-351、文言は src/Eccube/Resource/locale/messages.ja.yaml:5954）、画面自体が担当店舗の申込でしか表示されない（src/Eccube/Controller/Admin/Event/EntryController.php:274-277）。	sheet-15_img1.png の右上に「イベント申込を登録」「同日程の新規申込へ」「戻る」があり、図中注記「ボタンの位置を画面下部に移動する」「「戻る」は、前の画面名を表示する」を確認。	med	
sheet-15-R047	MATCHED						src/Eccube/Resource/template/admin/Event/EntryRegistration/edit.twig:339-341		画面左下に「イベント申込一覧」リンクがあり一覧画面へ遷移する（src/Eccube/Resource/template/admin/Event/EntryRegistration/edit.twig:339-341、文言は src/Eccube/Resource/locale/messages.ja.yaml:5940）。	sheet-15_img1.png の右上に「イベント申込を登録」「同日程の新規申込へ」「戻る」があり、図中注記「ボタンの位置を画面下部に移動する」「「戻る」は、前の画面名を表示する」を確認。	high	
sheet-15-R048	OUT_OF_SCOPE								項目表の区分行「削除項目」で、それ自体は実装要求ではない。	sheet-15_img1.png を確認。本行に対応する図中の記述は無い。	high	
sheet-15-R049	MATCHED						src/Eccube/Resource/template/admin/Event/EntryRegistration/edit.twig:259-288		席順の列・選択欄は参加プレイヤー表に無い（src/Eccube/Resource/template/admin/Event/EntryRegistration/edit.twig:259-288）。	sheet-15_img1.png を確認。レイアウト図は席順・DCIナンバー・チームメンバー確認済を含む現行画面で、カスタマイズ説明でこの3列の削除と支払金額の参照化が指示されている。	high	
sheet-15-R050	MATCHED						src/Eccube/Resource/template/admin/Event/EntryRegistration/edit.twig:261-266		DCIナンバーの列は参加プレイヤー表に無い（src/Eccube/Resource/template/admin/Event/EntryRegistration/edit.twig:261-266）。	sheet-15_img1.png を確認。レイアウト図は席順・DCIナンバー・チームメンバー確認済を含む現行画面で、カスタマイズ説明でこの3列の削除と支払金額の参照化が指示されている。	high	
sheet-15-R051	MATCHED						src/Eccube/Resource/template/admin/Event/EntryRegistration/edit.twig:259-288		チームメンバー確認済のチェックボックスは参加プレイヤー表に無い（src/Eccube/Resource/template/admin/Event/EntryRegistration/edit.twig:259-288）。	sheet-15_img1.png を確認。レイアウト図は席順・DCIナンバー・チームメンバー確認済を含む現行画面で、カスタマイズ説明でこの3列の削除と支払金額の参照化が指示されている。	high	
sheet-15-R052	OUT_OF_SCOPE								レイアウト図の見出し「プレイヤー検索」で、それ自体は実装要求ではない。	sheet-15_img1.png を確認。本行に対応する図中の記述は無い。	high	
sheet-15-R053	MATCHED						src/Eccube/Resource/template/admin/Event/Entry/search_player_modal_list.twig:7-12		プレイヤー検索モーダルの一覧はID・プレイヤー名・操作の3列でDCIナンバー列が無い（src/Eccube/Resource/template/admin/Event/Entry/search_player_modal_list.twig:7-12）。	sheet-15_img1.png を確認。本行に対応する図中の記述は無い。	high	
sheet-15-R054	OUT_OF_SCOPE								カスタマイズ要件以外は現行踏襲、という包括方針の記述で、単独では実装対象を特定できない。プレイヤー検索の個々のふるまいは識別ID1〜8の行および現行仕様ブロックで判定した（例 src/Eccube/Controller/Admin/Event/EntryRegistrationController.php:232-328）。	sheet-15_img1.png を確認。本行に対応する図中の記述は無い。	high	
sheet-15-R055	OUT_OF_SCOPE								★節の見出し行で、それ自体は実装要求ではない。配下の行で判定した。	sheet-15_img1.png を確認。本行に対応する図中の記述は無い。	high	
sheet-15-R056	MATCHED						src/Eccube/Resource/template/admin/Event/Entry/search_player_modal_list.twig:7-12		プレイヤー検索一覧にDCIナンバー列は無い（src/Eccube/Resource/template/admin/Event/Entry/search_player_modal_list.twig:7-12）。★節は識別ID:8と書くが項目表ではDCIナンバーは識別ID:6（8はページング）で、番号の食い違いは削除対象の特定に影響しない。	sheet-15_img1.png を確認。本行に対応する図中の記述は無い。	high	
sheet-15-R057	MATCHED						src/Eccube/Controller/Admin/Event/EntryRegistrationController.php:265-287;src/Eccube/Resource/template/admin/Event/Entry/search_player_modal_list.twig:15-40		検索語で絞り込んだプレイヤーを一覧表示する（src/Eccube/Controller/Admin/Event/EntryRegistrationController.php:265-287、一覧描画は src/Eccube/Resource/template/admin/Event/Entry/search_player_modal_list.twig:15-40）。	sheet-15_img1.png を確認。本行に対応する図中の記述は無い。	high	
sheet-15-R058	MATCHED						src/Eccube/Repository/DtbPlayerRepository.php:59-68		検索語は会員の姓・名（と姓カナ・名カナ）およびプレイヤーの姓・名に部分一致で照合する（src/Eccube/Repository/DtbPlayerRepository.php:59-68）。	sheet-15_img1.png を確認。本行に対応する図中の記述は無い。	high	
sheet-15-R059	MATCHED						src/Eccube/Resource/template/admin/Event/Entry/search_player_modal_list.twig:31-36;src/Eccube/Resource/template/admin/Event/EntryRegistration/edit.twig:58-83		決定ボタン押下で選んだプレイヤーのID・和名・英名を申込のプレイヤー行へ反映し、送信用のプレイヤーIDにも同じ値を入れる（src/Eccube/Resource/template/admin/Event/Entry/search_player_modal_list.twig:31-36、src/Eccube/Resource/template/admin/Event/EntryRegistration/edit.twig:155-181、src/Eccube/Resource/template/admin/Event/EntryRegistration/edit.twig:58-83）。	sheet-15_img1.png を確認。本行に対応する図中の記述は無い。	high	
sheet-15-R060	MATCHED						src/Eccube/Form/Type/Admin/EventEntryDetailType.php:117-124;src/Eccube/Resource/template/admin/Event/EntryRegistration/edit.twig:376-378		モーダル内にプレイヤー名を入れる検索入力欄がある（src/Eccube/Form/Type/Admin/EventEntryDetailType.php:117-124、src/Eccube/Resource/template/admin/Event/EntryRegistration/edit.twig:376-378）。全角半角の制限は課していない。	sheet-15_img1.png を確認。本行に対応する図中の記述は無い。	high	
sheet-15-R061	MATCHED						src/Eccube/Resource/template/admin/Event/EntryRegistration/edit.twig:379-381;src/Eccube/Resource/template/admin/Event/EntryRegistration/edit.twig:141-153		「検索する」ボタン押下で入力欄の値を検索語として検索し、結果一覧を差し替える（src/Eccube/Resource/template/admin/Event/EntryRegistration/edit.twig:379-381、src/Eccube/Resource/template/admin/Event/EntryRegistration/edit.twig:141-153）。	sheet-15_img1.png を確認。本行に対応する図中の記述は無い。	high	
sheet-15-R062	MATCHED						src/Eccube/Resource/template/admin/Event/EntryRegistration/edit.twig:373		モーダル右上に閉じる操作があり、押下でモーダルを閉じる（src/Eccube/Resource/template/admin/Event/EntryRegistration/edit.twig:373、文言は src/Eccube/Resource/locale/messages.ja.yaml:1647）。	sheet-15_img1.png を確認。本行に対応する図中の記述は無い。	med	
sheet-15-R063	MATCHED						src/Eccube/Resource/template/admin/Event/Entry/search_player_modal_list.twig:9;src/Eccube/Resource/template/admin/Event/Entry/search_player_modal_list.twig:23		検索結果一覧の1列目にプレイヤーIDをラベル表示する（src/Eccube/Resource/template/admin/Event/Entry/search_player_modal_list.twig:9、src/Eccube/Resource/template/admin/Event/Entry/search_player_modal_list.twig:23）。	sheet-15_img1.png を確認。本行に対応する図中の記述は無い。	high	
sheet-15-R064	MATCHED						src/Eccube/Resource/template/admin/Event/Entry/search_player_modal_list.twig:16-18;src/Eccube/Resource/template/admin/Event/Entry/search_player_modal_list.twig:24		プレイヤー名列は会員姓・会員名を組み立てて表示する（src/Eccube/Resource/template/admin/Event/Entry/search_player_modal_list.twig:16-18、src/Eccube/Resource/template/admin/Event/Entry/search_player_modal_list.twig:24）。	sheet-15_img1.png を確認。本行に対応する図中の記述は無い。	high	
sheet-15-R065	MATCHED						src/Eccube/Resource/template/admin/Event/Entry/search_player_modal_list.twig:19;src/Eccube/Resource/template/admin/Event/Entry/search_player_modal_list.twig:24		和名の下に英名（名（英）・姓（英））を表示する（src/Eccube/Resource/template/admin/Event/Entry/search_player_modal_list.twig:19、src/Eccube/Resource/template/admin/Event/Entry/search_player_modal_list.twig:24）。	sheet-15_img1.png を確認。本行に対応する図中の記述は無い。	high	
sheet-15-R066	MATCHED						src/Eccube/Resource/template/admin/Event/Entry/search_player_modal_list.twig:24		和名と英名は改行で区切って1セルに表示する（src/Eccube/Resource/template/admin/Event/Entry/search_player_modal_list.twig:24）。	sheet-15_img1.png を確認。本行に対応する図中の記述は無い。	high	
sheet-15-R067	MATCHED						src/Eccube/Resource/template/admin/Event/Entry/search_player_modal_list.twig:7-12		検索結果一覧にDCIナンバー列は無い（src/Eccube/Resource/template/admin/Event/Entry/search_player_modal_list.twig:7-12）。	sheet-15_img1.png を確認。本行に対応する図中の記述は無い。	high	
sheet-15-R068	MATCHED						src/Eccube/Resource/template/admin/Event/Entry/search_player_modal_list.twig:31-36;src/Eccube/Resource/template/admin/Event/EntryRegistration/edit.twig:166-181		決定ボタン押下でモーダルを閉じ、選んだプレイヤー情報を申込のプレイヤー行へ挿入する（src/Eccube/Resource/template/admin/Event/Entry/search_player_modal_list.twig:31-36、src/Eccube/Resource/template/admin/Event/EntryRegistration/edit.twig:166-181）。	sheet-15_img1.png を確認。本行に対応する図中の記述は無い。	high	
sheet-15-R069	MATCHED						src/Eccube/Resource/template/admin/Event/EntryRegistration/edit.twig:74-79		決定後は検索ボタンの枠を隠し削除ボタンの枠を表示する（src/Eccube/Resource/template/admin/Event/EntryRegistration/edit.twig:74-79）。	sheet-15_img1.png を確認。本行に対応する図中の記述は無い。	high	
sheet-15-R070	MATCHED						src/Eccube/Resource/template/admin/Event/Entry/search_player_modal_list.twig:44-50;src/Eccube/Resource/template/admin/Event/EntryRegistration/edit.twig:155-165		検索結果にページングを表示し、リンク押下で選んだページの結果へ差し替える（src/Eccube/Resource/template/admin/Event/Entry/search_player_modal_list.twig:44-50、src/Eccube/Resource/template/admin/Event/EntryRegistration/edit.twig:155-165、src/Eccube/Controller/Admin/Event/EntryRegistrationController.php:279-287）。	sheet-15_img1.png を確認。本行に対応する図中の記述は無い。	high	
sheet-15-R071	OUT_OF_SCOPE								現行仕様セクションの見出し行で、それ自体は実装要求ではない。	sheet-15_img1.png を確認。本行に対応する図中の記述は無い。	high	
sheet-15-R072	OUT_OF_SCOPE								「刷新後は実装不要」という前置きで、実装要求ではない。	sheet-15_img1.png を確認。本行に対応する図中の記述は無い。	high	
sheet-15-R073	OUT_OF_SCOPE								席順（席次）の廃止宣言。正本が刷新後は実装不要と明記している。	sheet-15_img1.png を確認。本行に対応する図中の記述は無い。	high	
sheet-15-R074	OUT_OF_SCOPE								DCIナンバー（参加プレイヤー表）の廃止宣言。正本が刷新後は実装不要と明記している。	sheet-15_img1.png を確認。本行に対応する図中の記述は無い。	high	
sheet-15-R075	OUT_OF_SCOPE								チームメンバー確認済み（承認フラグ）と招待リンクからのチームプレイヤー認証の廃止宣言。正本が刷新後は実装不要と明記している。	sheet-15_img1.png を確認。本行に対応する図中の記述は無い。	high	
sheet-15-R076	OUT_OF_SCOPE								「Excel基本設計により廃止された仕様」の見出し行で、実装要求ではない。	sheet-15_img1.png を確認。本行に対応する図中の記述は無い。	high	
sheet-15-R077	OUT_OF_SCOPE								識別ID:4-1により廃止という注記で、刷新後の実装・テスト対象外と正本が明記している。	sheet-15_img1.png を確認。本行に対応する図中の記述は無い。	high	
sheet-15-R078	OUT_OF_SCOPE								識別ID:4-2により廃止という注記で、刷新後の実装・テスト対象外と正本が明記している。	sheet-15_img1.png を確認。本行に対応する図中の記述は無い。	high	
sheet-15-R079	OUT_OF_SCOPE								識別ID:4-3により廃止という注記で、刷新後の実装・テスト対象外と正本が明記している。	sheet-15_img1.png を確認。本行に対応する図中の記述は無い。	high	
sheet-15-R080	OUT_OF_SCOPE								「申込詳細の初期表示」の見出し行で、それ自体は実装要求ではない。	sheet-15_img1.png を確認。本行に対応する図中の記述は無い。	high	
sheet-15-R081	MATCHED						src/Eccube/Controller/Admin/Event/EntryController.php:270-272;src/Eccube/Resource/template/admin/Event/EntryRegistration/edit.twig:269-285;src/Eccube/Service/Admin/Event/EntryUpdateAction.php:61-65		存在しない申込IDは画面を出さず404になる（src/Eccube/Controller/Admin/Event/EntryController.php:270-272）。会員・プレイヤーの削除済みを除外する条件は詳細表示側に無く（src/Eccube/Resource/template/admin/Event/EntryRegistration/edit.twig:269-284）、削除済みでも表示される。参加プレイヤーの行は1行を用意しており（src/Eccube/Resource/template/admin/Event/EntryRegistration/edit.twig:269-285）、刷新後は申込に紐づく参加者を作る経路が管理画面登録・更新とフロント申込の3か所とも1件ずつで（src/Eccube/Controller/Admin/Event/EntryRegistrationController.php:161-227、src/Eccube/Service/Admin/Event/EntryUpdateAction.php:61-65）、チームメンバーの招待登録は識別ID:4-3の廃止で実装不要とされているため、行数は常に参加者数と一致する。	sheet-15_img1.png を確認。レイアウト図は席順・DCIナンバー・チームメンバー確認済を含む現行画面で、カスタマイズ説明でこの3列の削除と支払金額の参照化が指示されている。	med	
sheet-15-R082	OUT_OF_SCOPE								「更新の判定順序」の表見出し行で、それ自体は実装要求ではない。	sheet-15_img1.png を確認。本行に対応する図中の記述は無い。	high	
sheet-15-R083	MATCHED						src/Eccube/Controller/Admin/Event/EntryController.php:270-272		申込IDに該当する申込が無いときは画面を出さず404になる（src/Eccube/Controller/Admin/Event/EntryController.php:270-272）。	sheet-15_img1.png を確認。本行に対応する図中の記述は無い。	high	
sheet-15-R084	DRIFT	P2	実装違い	IO	送信によらない到達は更新失敗を表示し、編集画面へ戻す	更新として受け付けられない送信で編集画面に戻したときは、更新できなかったことを示すメッセージを管理画面上部に表示する。	src/Eccube/Controller/Admin/Event/EntryController.php:295-325;src/Eccube/Resource/template/admin/Event/EntryRegistration/edit.twig:207-216	更新の送信として妥当でなかったとき（なりすまし対策トークンの不一致、プレイヤー未選択など）は、何のメッセージも出さずに編集画面を描き直すだけになる。	src/Eccube/Controller/Admin/Event/EntryController.php:297 の分岐は成立時のみ処理し、不成立時に何も付け足さずに src/Eccube/Controller/Admin/Event/EntryController.php:333-338 の描画へ落ちる。テンプレート側もフォーム全体のエラーを出す記述が無く（src/Eccube/Resource/template/admin/Event/EntryRegistration/edit.twig:207-216、src/Eccube/Resource/template/admin/Event/EntryRegistration/edit.twig:387）、申込状況・支払方法・支払金額の欄に付いた項目エラー（src/Eccube/Resource/template/admin/Event/EntryRegistration/edit.twig:304、src/Eccube/Resource/template/admin/Event/EntryRegistration/edit.twig:311、src/Eccube/Resource/template/admin/Event/EntryRegistration/edit.twig:318）以外は画面に出ない。同モジュールの日程画面では不正な送信に対して明示のエラーを出している（src/Eccube/Controller/Admin/Event/ScheduleController.php:114）。	sheet-15_img1.png を確認。本行に対応する図中の記述は無い。	med	EntryController-no-error-on-invalid-submit
sheet-15-R085	NOT_IMPLEMENTED	P2	未実装	ふるまい	参加者が実在し、同じ日程の他の申込に登録されていないか 実在しないか重複するときは申込重複のメッセージを表示し、編集画面を再描画する	更新時に、指定された参加者が同じ日程の別の申込に既に登録されていれば、申込が重複している旨のメッセージを表示して更新せず編集画面を描き直す。	src/Eccube/Service/Admin/Event/EntryUpdateAction.php:39-83;src/Eccube/Controller/Admin/Event/EntryController.php:295-325	参加者が実在するかは確認してメッセージを出す（存在しないプレイヤーIDのとき）が、同じ日程の他の申込への登録済みかどうかは更新時に一切確認せず、重複したまま更新が成功する。重複を知らせる文言も存在しない。	src/Eccube/Service/Admin/Event/EntryUpdateAction.php:49-52 でプレイヤーの実在のみ確認し、src/Eccube/Service/Admin/Event/EntryUpdateAction.php:54-78 の更新は重複判定を行わない。同一日程の登録済み判定（src/Eccube/Entity/DtbEventDetail.php:540-549）は検索モーダルの表示にしか使われておらず（src/Eccube/Controller/Admin/Event/EntryRegistrationController.php:300-307）、更新経路からは呼ばれない。申込重複を表す文言も src/Eccube/Resource/locale/messages.ja.yaml に無い。	sheet-15_img1.png を確認。本行に対応する図中の記述は無い。	med	EntryUpdateAction-no-duplicate-entry-check
sheet-15-R086	MATCHED						src/Eccube/Controller/Admin/Event/EntryController.php:295-297;src/Eccube/Resource/template/admin/Event/EntryRegistration/edit.twig:300-320		入力内容が妥当でないときは更新せず編集画面を描き直し、申込状況・支払方法・支払金額の各欄には項目ごとのエラーを表示する（src/Eccube/Controller/Admin/Event/EntryController.php:295-297、src/Eccube/Controller/Admin/Event/EntryController.php:333-338、src/Eccube/Resource/template/admin/Event/EntryRegistration/edit.twig:304、src/Eccube/Resource/template/admin/Event/EntryRegistration/edit.twig:311、src/Eccube/Resource/template/admin/Event/EntryRegistration/edit.twig:318）。フォーム全体に付くエラーが画面に出ない点は sheet-15-R084 で指摘した。	sheet-15_img1.png を確認。本行に対応する図中の記述は無い。	med	
sheet-15-R087	MATCHED						src/Eccube/Controller/Admin/Event/EntryController.php:297-319;src/Eccube/Service/Admin/Event/EntryUpdateAction.php:39-83		検証を通ると申込を更新し、成功メッセージを出して同じ申込の編集画面へ戻す（src/Eccube/Controller/Admin/Event/EntryController.php:297-319、更新本体は src/Eccube/Service/Admin/Event/EntryUpdateAction.php:39-83）。	sheet-15_img1.png を確認。本行に対応する図中の記述は無い。	high	
sheet-15-R088	OUT_OF_SCOPE								「参加者の反映」の見出し行で、それ自体は実装要求ではない。	sheet-15_img1.png を確認。本行に対応する図中の記述は無い。	high	
sheet-15-R089	MATCHED						src/Eccube/Service/Admin/Event/EntryUpdateAction.php:61-65;src/Eccube/Service/Admin/Event/EntryUpdateAction.php:80		プレイヤーが差し替えられたときは、それまでの参加者を削除して新しい参加者を登録する（src/Eccube/Service/Admin/Event/EntryUpdateAction.php:61-65）。更新が成功するたびに申込履歴を1件記録する（src/Eccube/Service/Admin/Event/EntryUpdateAction.php:80）。	sheet-15_img1.png を確認。本行に対応する図中の記述は無い。	high	
sheet-15-R090	OUT_OF_SCOPE								「プレイヤー検索の絞り込みと選択可否」の見出し行で、それ自体は実装要求ではない。	sheet-15_img1.png を確認。本行に対応する図中の記述は無い。	high	
sheet-15-R091	MATCHED						src/Eccube/Repository/DtbPlayerRepository.php:59-68;src/Eccube/Util/SqlUtil.php:128-157		検索語は空白・カンマで区切り、区切った語すべてに一致するものだけを残す（src/Eccube/Repository/DtbPlayerRepository.php:59-68、語ごとの絞り込みは src/Eccube/Util/SqlUtil.php:128-157）。一致対象には会員の姓カナ・名カナも含む（src/Eccube/Repository/DtbPlayerRepository.php:63-66）。	sheet-15_img1.png を確認。本行に対応する図中の記述は無い。	high	
sheet-15-R092	MATCHED						src/Eccube/Resource/template/admin/Event/Entry/search_player_modal_list.twig:26-30;src/Eccube/Controller/Admin/Event/EntryRegistrationController.php:296-307		同じ日程の別の申込に登録済みのプレイヤーは「登録済」と表示し決定ボタンを押せなくする（src/Eccube/Resource/template/admin/Event/Entry/search_player_modal_list.twig:26-30、判定は src/Eccube/Controller/Admin/Event/EntryRegistrationController.php:296-307、文言は src/Eccube/Resource/locale/messages.ja.yaml:5959）。編集中の申込で選択済みのプレイヤーには「選択済」を出す仕組みがあり（src/Eccube/Resource/template/admin/Event/Entry/search_player_modal_list.twig:28-30）、この画面ではプレイヤーを選ぶと検索ボタン自体が隠れる（src/Eccube/Resource/template/admin/Event/EntryRegistration/edit.twig:74-79）ため選択済みのまま再検索する状態にならない。	sheet-15_img1.png を確認。本行に対応する図中の記述は無い。	med	
sheet-15-R093	OUT_OF_SCOPE								「エラー時の扱い」の表見出し行で、それ自体は実装要求ではない。	sheet-15_img1.png を確認。本行に対応する図中の記述は無い。	high	
sheet-15-R094	MATCHED						src/Eccube/Controller/Admin/Event/EntryController.php:270-272		該当する申込が無いときは404となり、画面のメッセージは出さない（src/Eccube/Controller/Admin/Event/EntryController.php:270-272）。	sheet-15_img1.png を確認。本行に対応する図中の記述は無い。	high	
sheet-15-R095	DRIFT	P2	実装違い	IO	更新の送信でない 更新失敗を表示し編集画面へ戻す	正規の更新送信として受け付けられなかったときは、更新できなかったことを示すメッセージを管理画面上部に表示したうえで編集画面へ戻す。	src/Eccube/Controller/Admin/Event/EntryController.php:295-325;src/Eccube/Resource/template/admin/Event/EntryRegistration/edit.twig:207-216	更新の送信として妥当でなかったとき（なりすまし対策トークンの不一致など）は、何のメッセージも出さずに編集画面を描き直すだけになる。	src/Eccube/Controller/Admin/Event/EntryController.php:297 の分岐が不成立のときエラーを積む処理が無く src/Eccube/Controller/Admin/Event/EntryController.php:333-338 の描画へ落ちる。テンプレートにもフォーム全体のエラーを出す記述が無い（src/Eccube/Resource/template/admin/Event/EntryRegistration/edit.twig:207-216、src/Eccube/Resource/template/admin/Event/EntryRegistration/edit.twig:387）。管理画面上部の通知は src/Eccube/Resource/template/admin/alert.twig:31-50 で描かれるが、この経路では何も積まれない。	sheet-15_img1.png を確認。本行に対応する図中の記述は無い。	med	EntryController-no-error-on-invalid-submit
sheet-15-R096	NOT_IMPLEMENTED	P2	未実装	ふるまい	参加者が実在しない・参加者重複 申込重複のメッセージを表示し編集画面を再描画する	更新しようとした参加者が同じ日程の別の申込に既に登録されているときは、申込が重複している旨のメッセージを表示して編集画面を描き直す。	src/Eccube/Service/Admin/Event/EntryUpdateAction.php:39-83;src/Eccube/Resource/locale/messages.ja.yaml	参加者が実在しないときのメッセージはあるが、参加者の重複を判定する処理も、重複を知らせる文言も無い。	src/Eccube/Service/Admin/Event/EntryUpdateAction.php:49-52 は実在確認のみで、重複確認は src/Eccube/Service/Admin/Event/EntryUpdateAction.php のどこにも無い。申込重複を表す文言も src/Eccube/Resource/locale/messages.ja.yaml に存在しない（イベント関連で「重複」を含むのは並び順の警告 src/Eccube/Resource/locale/messages.ja.yaml:6008 だけ）。	sheet-15_img1.png を確認。本行に対応する図中の記述は無い。	med	EntryUpdateAction-no-duplicate-entry-check
sheet-15-R097	MATCHED						src/Eccube/Controller/Admin/Event/EntryController.php:295-297;src/Eccube/Resource/template/admin/Event/EntryRegistration/edit.twig:300-320		検証不備のときは更新せず編集画面を描き直し、申込状況・支払方法・支払金額の欄には項目ごとのエラーを表示する（src/Eccube/Controller/Admin/Event/EntryController.php:295-297、src/Eccube/Resource/template/admin/Event/EntryRegistration/edit.twig:304、src/Eccube/Resource/template/admin/Event/EntryRegistration/edit.twig:311、src/Eccube/Resource/template/admin/Event/EntryRegistration/edit.twig:318）。フォーム全体に付くエラーが画面に出ない点は sheet-15-R095 で指摘した。	sheet-15_img1.png を確認。本行に対応する図中の記述は無い。	med	
sheet-15-R098	MATCHED						src/Eccube/Controller/Admin/Event/EntryController.php:270-272;src/Eccube/Resource/template/admin/Event/EntryRegistration/edit.twig:217-220		URLの申込IDで対象申込を特定し（src/Eccube/Controller/Admin/Event/EntryController.php:270-272）、なりすまし対策トークンと参加者（プレイヤー）の指定を同じフォームで受け取る（src/Eccube/Resource/template/admin/Event/EntryRegistration/edit.twig:217-220、src/Eccube/Controller/Admin/Event/EntryController.php:295-298）。	sheet-15_img1.png を確認。本行に対応する図中の記述は無い。	high	
sheet-15-R099	MATCHED						src/Eccube/Controller/Admin/Event/EntryController.php:317-319;src/Eccube/Service/Admin/Event/EntryUpdateAction.php:39-83		成功時は申込を更新し、成功メッセージを出して同じ申込の編集画面へ遷移する（src/Eccube/Controller/Admin/Event/EntryController.php:317-319、src/Eccube/Service/Admin/Event/EntryUpdateAction.php:39-83）。	sheet-15_img1.png を確認。本行に対応する図中の記述は無い。	high	
sheet-15-R100	DRIFT	P2	実装違い	IO	更新の送信でないとき・検証不備はエラー表示のうえ編集画面の再描画または遷移。申込不在は404	更新できなかったときは、その旨のメッセージを表示したうえで編集画面を描き直す。	src/Eccube/Controller/Admin/Event/EntryController.php:295-325;src/Eccube/Resource/template/admin/Event/EntryRegistration/edit.twig:207-216	申込不在の404と編集画面の再描画は行われるが、正規の更新送信として受け付けられなかったときはメッセージが出ないまま編集画面が描き直される。	申込不在は src/Eccube/Controller/Admin/Event/EntryController.php:270-272 で404、保存中の例外は src/Eccube/Controller/Admin/Event/EntryController.php:320-323 でメッセージを出す。一方 src/Eccube/Controller/Admin/Event/EntryController.php:297 の分岐が不成立のときはエラーを積まずに src/Eccube/Controller/Admin/Event/EntryController.php:333-338 の描画へ落ち、テンプレートにもフォーム全体のエラー表示が無い（src/Eccube/Resource/template/admin/Event/EntryRegistration/edit.twig:207-216）。	sheet-15_img1.png を確認。本行に対応する図中の記述は無い。	med	EntryController-no-error-on-invalid-submit
sheet-15-R101	OUT_OF_SCOPE								「入出力: 永続化」の見出し行で、それ自体は実装要求ではない。	sheet-15_img1.png を確認。本行に対応する図中の記述は無い。	high	
sheet-15-R102	MATCHED						src/Eccube/Service/Admin/Event/EntryUpdateAction.php:80;src/Eccube/Service/Admin/Event/EntryUpdateAction.php:65-67		更新成功時に申込履歴を1件追加し（src/Eccube/Service/Admin/Event/EntryUpdateAction.php:80）、参加者が差し替えられたときは新しい参加者を追加する（src/Eccube/Service/Admin/Event/EntryUpdateAction.php:65-67）。	sheet-15_img1.png を確認。本行に対応する図中の記述は無い。	high	
sheet-15-R103	MATCHED						src/Eccube/Service/Admin/Event/EntryUpdateAction.php:68-78		更新成功時に申込本体を更新する（src/Eccube/Service/Admin/Event/EntryUpdateAction.php:68-78）。	sheet-15_img1.png を確認。本行に対応する図中の記述は無い。	high	
sheet-15-R104	MATCHED						src/Eccube/Service/Admin/Event/EntryUpdateAction.php:61-64		差し替えで外れた参加者は削除する（src/Eccube/Service/Admin/Event/EntryUpdateAction.php:61-64）。	sheet-15_img1.png を確認。本行に対応する図中の記述は無い。	high	
sheet-15-R105	MATCHED						src/Eccube/Controller/Admin/Event/EntryController.php:317-319;src/Eccube/Resource/locale/messages.ja.yaml:1595		保存に成功すると「保存しました」を管理画面上部の通知として出し（src/Eccube/Controller/Admin/Event/EntryController.php:317、文言は src/Eccube/Resource/locale/messages.ja.yaml:1595、描画は src/Eccube/Resource/template/admin/alert.twig:21-30）、イベント申込詳細・編集画面へ遷移する（src/Eccube/Controller/Admin/Event/EntryController.php:319）。	sheet-15_img1.png を確認。本行に対応する図中の記述は無い。	high	
sheet-15-R106	MATCHED						src/Eccube/Service/Admin/Event/EntryUpdateAction.php:49-52;src/Eccube/Controller/Admin/Event/EntryController.php:320-321		存在しないプレイヤーIDで更新すると「プレイヤーID %player_id% が見つかりません。」を管理画面上部に出し（src/Eccube/Service/Admin/Event/EntryUpdateAction.php:49-52、src/Eccube/Controller/Admin/Event/EntryController.php:320-321、文言は src/Eccube/Resource/locale/messages.ja.yaml:5950、描画は src/Eccube/Resource/template/admin/alert.twig:31-50）、遷移せず編集画面を描き直す（src/Eccube/Controller/Admin/Event/EntryController.php:333-338）。支払会員未登録のときは設計が併記する admin.event.entry.paying_member_customer_not_registered を出す（src/Eccube/Service/Admin/Event/EntryUpdateAction.php:57-60）。	sheet-15_img1.png を確認。本行に対応する図中の記述は無い。	high	
sheet-15-R107	MATCHED						src/Eccube/Controller/Admin/Event/EntryController.php:322-323;src/Eccube/Resource/locale/messages.ja.yaml:1596		保存中に例外が起きると「保存に失敗しました」を管理画面上部に出し（src/Eccube/Controller/Admin/Event/EntryController.php:322-323、文言は src/Eccube/Resource/locale/messages.ja.yaml:1596）、遷移せず編集画面に留まる（src/Eccube/Controller/Admin/Event/EntryController.php:333-338）。	sheet-15_img1.png を確認。本行に対応する図中の記述は無い。	high	
sheet-15-R108	OUT_OF_SCOPE								現行仕様（pf-eccube3）由来の成功文言で、メッセージIDが「—」の行。同じ表のM13-10-MSG-001が刷新後の成功文言「保存しました」を定めており、後者が優先される（実装は src/Eccube/Controller/Admin/Event/EntryController.php:317）。	sheet-15_img1.png を確認。本行に対応する図中の記述は無い。	high	
sheet-15-R109	OUT_OF_SCOPE								現行仕様（pf-eccube3）由来の失敗文言で、メッセージIDが「—」の行。刷新後の失敗文言はM13-10-MSG-003「保存に失敗しました」が定めており、後者が優先される（実装は src/Eccube/Controller/Admin/Event/EntryController.php:322-323）。エラー表示自体の欠落は sheet-15-R095 で指摘した。	sheet-15_img1.png を確認。本行に対応する図中の記述は無い。	high	
sheet-15-R110	OUT_OF_SCOPE								現行仕様（pf-eccube3）由来の文言で、メッセージIDが「—」の行。刷新後は識別ID:1-9のとおり支払金額が参照のみ・操作不可（src/Eccube/Form/Type/Admin/EventEntryDetailType.php:109-116）で、金額の入力誤りという条件自体が発生しない。	sheet-15_img1.png を確認。本行に対応する図中の記述は無い。	high	
sheet-15-R111	OUT_OF_SCOPE								表の補足行。「登録が完了しました。」は現行仕様側の文言でM13-10-MSG-001が優先される。申込が存在しないときにメッセージを出さない点は満たしている（src/Eccube/Controller/Admin/Event/EntryController.php:270-272）。参加者重複時の文言が無い点は sheet-15-R085・R096 で指摘した。	sheet-15_img1.png を確認。本行に対応する図中の記述は無い。	high	
sheet-16-R001	MATCHED								メンバー管理で設定された既定の店舗が店舗欄の初期選択として入る（src/Eccube/Controller/Admin/Event/EntryRegistrationController.php:73-78、src/Eccube/Form/Type/Admin/EntryRegisterSearchType.php:41-52 の初期値、src/Eccube/Entity/Member.php:269-287）。	レイアウト図(sheet-16_img1.png)を確認。検索イベント名のテキスト欄、店舗のプルダウン、開催日の2つの日付欄を「〜」でつないだ範囲指定、下部中央の「検索する＞」ボタンが描かれている。一覧領域は図に含まれない。	high	
sheet-16-R002	NOT_IMPLEMENTED	P2	未実装	ふるまい	・権限を保持している店舗のイベントの情報のみ表示を可能とする	検索結果には担当者が権限を持つ店舗のイベントだけが並び、権限の無い店舗のイベントは一覧に出ない。	src/Eccube/Controller/Admin/Event/EntryRegistrationController.php:128-145;src/Eccube/Repository/DtbEventRepository.php:151-202	検索は入力された店舗（未指定なら全店舗）でしか絞られず、担当者が権限を持つ店舗かどうかでの絞り込みが無い。店舗の選択肢も全店舗が出る（src/Eccube/Form/Type/Admin/EntryRegisterSearchType.php:41-52）ため、権限の無い店舗を選ぶとその店舗のイベントと日程が一覧に出る。	src/Eccube/Controller/Admin/Event/EntryRegistrationController.php:128-145 は検索条件をそのまま src/Eccube/Repository/DtbEventRepository.php:151-202 へ渡すだけで、担当者の権限店舗を条件に足していない。同じイベント管理でも、申込一覧のイベント検索枠（src/Eccube/Controller/Admin/Event/EntryController.php:470-496）や申込登録画面の入口（src/Eccube/Controller/Admin/Event/EntryRegistrationController.php:161-166）は権限店舗で弾いており、この検索一覧だけ絞りが無いことを確認した。	レイアウト図(sheet-16_img1.png)を確認。検索イベント名のテキスト欄、店舗のプルダウン、開催日の2つの日付欄を「〜」でつないだ範囲指定、下部中央の「検索する＞」ボタンが描かれている。一覧領域は図に含まれない。	high	EntryRegistrationController-no-store-permission-filter
sheet-16-R003	MATCHED								開催日(From)には当日の日付が初期表示される（src/Eccube/Form/Type/Admin/EntryRegisterSearchType.php:53-70 の初期値が当日0時である）。	レイアウト図(sheet-16_img1.png)を確認。検索イベント名のテキスト欄、店舗のプルダウン、開催日の2つの日付欄を「〜」でつないだ範囲指定、下部中央の「検索する＞」ボタンが描かれている。一覧領域は図に含まれない。	high	
sheet-16-R004	MATCHED								店舗は複数選択できる（src/Eccube/Form/Type/Admin/EntryRegisterSearchType.php:41-52 が複数選択として組み立てる）。画面ではタグ形式の複数選択として描画される（src/Eccube/Resource/template/admin/Event/EntryRegistration/index.twig:16-22、src/Eccube/Resource/template/admin/Event/EntryRegistration/index.twig:38-42）。	レイアウト図(sheet-16_img1.png)を確認。検索イベント名のテキスト欄、店舗のプルダウン、開催日の2つの日付欄を「〜」でつないだ範囲指定、下部中央の「検索する＞」ボタンが描かれている。一覧領域は図に含まれない。	high	
sheet-16-R005	OUT_OF_SCOPE								カスタマイズ要件以外は現行踏襲という方針の記述であり、個別の実装要求を述べていない。	レイアウト図(sheet-16_img1.png)を確認。検索イベント名のテキスト欄、店舗のプルダウン、開催日の2つの日付欄を「〜」でつないだ範囲指定、下部中央の「検索する＞」ボタンが描かれている。一覧領域は図に含まれない。	high	
sheet-16-R006	OUT_OF_SCOPE								ブロック見出し。中身は同ブロックの sheet-16-R007 で判定した。	レイアウト図(sheet-16_img1.png)を確認。検索イベント名のテキスト欄、店舗のプルダウン、開催日の2つの日付欄を「〜」でつないだ範囲指定、下部中央の「検索する＞」ボタンが描かれている。一覧領域は図に含まれない。	high	
sheet-16-R007	MATCHED								店舗欄にはメンバーの既定表示店舗が初期選択として入る（src/Eccube/Controller/Admin/Event/EntryRegistrationController.php:73-78、src/Eccube/Form/Type/Admin/EntryRegisterSearchType.php:41-52）。なお本シートの項目表では識別ID:5 は「検索する」ボタンで会場欄は無く、要求文の識別ID:5「会場」に対応する項目は本画面に存在しない。実装対象となるのは識別ID:2「店舗」の側で、そちらは満たされている。	レイアウト図(sheet-16_img1.png)を確認。検索イベント名のテキスト欄、店舗のプルダウン、開催日の2つの日付欄を「〜」でつないだ範囲指定、下部中央の「検索する＞」ボタンが描かれている。一覧領域は図に含まれない。	med	
sheet-16-R008	OUT_OF_SCOPE								ブロック見出し。中身は同ブロックの sheet-16-R009 で判定した。	レイアウト図(sheet-16_img1.png)を確認。検索イベント名のテキスト欄、店舗のプルダウン、開催日の2つの日付欄を「〜」でつないだ範囲指定、下部中央の「検索する＞」ボタンが描かれている。一覧領域は図に含まれない。	high	
sheet-16-R009	MATCHED								開催日(From)には当日の日付が初期表示される（src/Eccube/Form/Type/Admin/EntryRegisterSearchType.php:53-70）。	レイアウト図(sheet-16_img1.png)を確認。検索イベント名のテキスト欄、店舗のプルダウン、開催日の2つの日付欄を「〜」でつないだ範囲指定、下部中央の「検索する＞」ボタンが描かれている。一覧領域は図に含まれない。	high	
sheet-16-R010	OUT_OF_SCOPE								ブロック見出し。中身は同ブロックの sheet-16-R011・R012 で判定した。	レイアウト図(sheet-16_img1.png)を確認。検索イベント名のテキスト欄、店舗のプルダウン、開催日の2つの日付欄を「〜」でつないだ範囲指定、下部中央の「検索する＞」ボタンが描かれている。一覧領域は図に含まれない。	high	
sheet-16-R011	MATCHED								申込登録の対象になるイベント日程を検索し、日程ごとに申込登録への導線を並べる（src/Eccube/Controller/Admin/Event/EntryRegistrationController.php:128-145、src/Eccube/Resource/template/admin/Event/EntryRegistration/index.twig:92-113）。申込受付中の日程だけが対象になる（src/Eccube/Repository/DtbEventRepository.php:153-155）。	レイアウト図(sheet-16_img1.png)を確認。検索イベント名のテキスト欄、店舗のプルダウン、開催日の2つの日付欄を「〜」でつないだ範囲指定、下部中央の「検索する＞」ボタンが描かれている。一覧領域は図に含まれない。	high	
sheet-16-R012	MATCHED								検索イベント名は部分一致で絞り込まれる（src/Eccube/Repository/DtbEventRepository.php:157-176 が前後を挟んだ部分一致の条件を組む）。	レイアウト図(sheet-16_img1.png)を確認。検索イベント名のテキスト欄、店舗のプルダウン、開催日の2つの日付欄を「〜」でつないだ範囲指定、下部中央の「検索する＞」ボタンが描かれている。一覧領域は図に含まれない。	high	
sheet-16-R013	MATCHED								検索イベント名は文字種の制限なく入力でき、部分一致で絞り込まれる（src/Eccube/Form/Type/Admin/EntryRegisterSearchType.php:37-40、src/Eccube/Repository/DtbEventRepository.php:157-176）。なお画面のラベルは「イベント名・略称」である（src/Eccube/Resource/locale/messages.ja.yaml:6029）。	レイアウト図(sheet-16_img1.png)を確認。検索イベント名のテキスト欄、店舗のプルダウン、開催日の2つの日付欄を「〜」でつないだ範囲指定、下部中央の「検索する＞」ボタンが描かれている。一覧領域は図に含まれない。	high	
sheet-16-R014	MATCHED								店舗は全店舗を選択肢とする複数選択で、初期値はメンバーの既定表示店舗である（src/Eccube/Form/Type/Admin/EntryRegisterSearchType.php:41-52、src/Eccube/Controller/Admin/Event/EntryRegistrationController.php:73-78）。	レイアウト図(sheet-16_img1.png)を確認。検索イベント名のテキスト欄、店舗のプルダウン、開催日の2つの日付欄を「〜」でつないだ範囲指定、下部中央の「検索する＞」ボタンが描かれている。一覧領域は図に含まれない。	high	
sheet-16-R015	MATCHED								開催日(From)は日付の入力欄で初期値は当日、開催日(From)が開催日(To)より後のときは検証エラーになる（src/Eccube/Form/Type/Admin/EntryRegisterSearchType.php:53-70、src/Eccube/Form/Type/Admin/EntryRegisterSearchType.php:88-99）。	レイアウト図(sheet-16_img1.png)を確認。検索イベント名のテキスト欄、店舗のプルダウン、開催日の2つの日付欄を「〜」でつないだ範囲指定、下部中央の「検索する＞」ボタンが描かれている。一覧領域は図に含まれない。	high	
sheet-16-R016	MATCHED								開催日(To)は日付の入力欄で初期値を持たない（src/Eccube/Form/Type/Admin/EntryRegisterSearchType.php:71-87）。	レイアウト図(sheet-16_img1.png)を確認。検索イベント名のテキスト欄、店舗のプルダウン、開催日の2つの日付欄を「〜」でつないだ範囲指定、下部中央の「検索する＞」ボタンが描かれている。一覧領域は図に含まれない。	high	
sheet-16-R017	MATCHED								検索するボタンが下部にあり、押すと検索が実行される（src/Eccube/Resource/template/admin/Event/EntryRegistration/index.twig:66-71、src/Eccube/Controller/Admin/Event/EntryRegistrationController.php:94-101）。	レイアウト図(sheet-16_img1.png)を確認。検索イベント名のテキスト欄、店舗のプルダウン、開催日の2つの日付欄を「〜」でつないだ範囲指定、下部中央の「検索する＞」ボタンが描かれている。一覧領域は図に含まれない。	high	
sheet-16-R018	OUT_OF_SCOPE								現行仕様節の見出し（機能名の表示）であり、実装要求ではない。	レイアウト図(sheet-16_img1.png)を確認。検索イベント名のテキスト欄、店舗のプルダウン、開催日の2つの日付欄を「〜」でつないだ範囲指定、下部中央の「検索する＞」ボタンが描かれている。一覧領域は図に含まれない。	high	
sheet-16-R019	OUT_OF_SCOPE								現行仕様の小見出し。中身は sheet-16-R020 で判定した。	レイアウト図(sheet-16_img1.png)を確認。検索イベント名のテキスト欄、店舗のプルダウン、開催日の2つの日付欄を「〜」でつないだ範囲指定、下部中央の「検索する＞」ボタンが描かれている。一覧領域は図に含まれない。	high	
sheet-16-R020	DRIFT	P3	実装違い	ふるまい	イベント名（日本語）・イベント名（英語）・略称（日本語）・略称（英語）のいずれかに含まれていれば該当とする。	検索イベント名に入れた語がイベントの略称（日本語・英語）に含まれる日程も検索結果に出る。	src/Eccube/Repository/DtbEventRepository.php:157-176;src/Eccube/Entity/DtbEvent.php:46-50	語ごとの判定はイベント名（日本語）とイベント名（英語）の2つだけで、略称は見ていない。略称でしか呼ばれないイベントを略称で検索しても結果に出ない。イベントに略称を持たせる項目自体が無い。	src/Eccube/Repository/DtbEventRepository.php:162 が照合対象をイベント名の日本語と英語の2つに限っている。src/Eccube/Entity/DtbEvent.php:46-50 にもイベント名の日本語・英語しかなく、略称に相当する項目が無いため略称での該当は起こり得ない。語の区切り（半角空白・全角空白・カンマ）と、どれか1つでも当たれば該当という扱いは src/Eccube/Repository/DtbEventRepository.php:159-175 で満たされている。	レイアウト図(sheet-16_img1.png)を確認。検索イベント名のテキスト欄、店舗のプルダウン、開催日の2つの日付欄を「〜」でつないだ範囲指定、下部中央の「検索する＞」ボタンが描かれている。一覧領域は図に含まれない。	high	DtbEventRepository-entry-registration-search-omits-short-name
sheet-16-R021	OUT_OF_SCOPE								現行仕様の小見出し。中身は sheet-16-R022 で判定した。	レイアウト図(sheet-16_img1.png)を確認。検索イベント名のテキスト欄、店舗のプルダウン、開催日の2つの日付欄を「〜」でつないだ範囲指定、下部中央の「検索する＞」ボタンが描かれている。一覧領域は図に含まれない。	high	
sheet-16-R022	MATCHED								開催日(From)を指定するとその日の0時以降、開催日(To)を指定するとその日の終わりまでの日程が対象になり、いずれも指定した日を含む。片方だけの指定もでき、指定しない側では絞らない（src/Eccube/Repository/DtbEventRepository.php:178-187、src/Eccube/Form/Type/Admin/EntryRegisterSearchType.php:53-87）。	レイアウト図(sheet-16_img1.png)を確認。検索イベント名のテキスト欄、店舗のプルダウン、開催日の2つの日付欄を「〜」でつないだ範囲指定、下部中央の「検索する＞」ボタンが描かれている。一覧領域は図に含まれない。	high	
sheet-16-R023	OUT_OF_SCOPE								現行仕様の小見出し。中身は sheet-16-R024 で判定した。	レイアウト図(sheet-16_img1.png)を確認。検索イベント名のテキスト欄、店舗のプルダウン、開催日の2つの日付欄を「〜」でつないだ範囲指定、下部中央の「検索する＞」ボタンが描かれている。一覧領域は図に含まれない。	high	
sheet-16-R024	MATCHED								検索を実行したときは常に1ページ目を表示し（src/Eccube/Controller/Admin/Event/EntryRegistrationController.php:94-101）、ページを指定して移動したときは直前の検索条件を引き継いでそのページの結果を出す（src/Eccube/Controller/Admin/Event/EntryRegistrationController.php:110-119）。	レイアウト図(sheet-16_img1.png)を確認。検索イベント名のテキスト欄、店舗のプルダウン、開催日の2つの日付欄を「〜」でつないだ範囲指定、下部中央の「検索する＞」ボタンが描かれている。一覧領域は図に含まれない。	high	
sheet-16-R025	OUT_OF_SCOPE								現行仕様の小見出し。中身は sheet-16-R026 で判定した。	レイアウト図(sheet-16_img1.png)を確認。検索イベント名のテキスト欄、店舗のプルダウン、開催日の2つの日付欄を「〜」でつないだ範囲指定、下部中央の「検索する＞」ボタンが描かれている。一覧領域は図に含まれない。	high	
sheet-16-R026	MATCHED								検索結果は検索条件を入力した画面の中の一覧領域へ出る（src/Eccube/Resource/template/admin/Event/EntryRegistration/index.twig:26-133）。検索の実行を伴わない開き方のときは検索を行わず、一覧領域は空のまま返る（src/Eccube/Controller/Admin/Event/EntryRegistrationController.php:120-125、src/Eccube/Resource/template/admin/Event/EntryRegistration/index.twig:121-122）。	レイアウト図(sheet-16_img1.png)を確認。検索イベント名のテキスト欄、店舗のプルダウン、開催日の2つの日付欄を「〜」でつないだ範囲指定、下部中央の「検索する＞」ボタンが描かれている。一覧領域は図に含まれない。	med	
sheet-16-R027	OUT_OF_SCOPE								現行仕様の小見出し。中身は sheet-16-R028 で判定した。	レイアウト図(sheet-16_img1.png)を確認。検索イベント名のテキスト欄、店舗のプルダウン、開催日の2つの日付欄を「〜」でつないだ範囲指定、下部中央の「検索する＞」ボタンが描かれている。一覧領域は図に含まれない。	high	
sheet-16-R028	MATCHED								本画面の一覧の各行には、選んだ日程を呼び出し元へ渡す操作は出ず、申込登録への導線だけが出る（src/Eccube/Resource/template/admin/Event/EntryRegistration/index.twig:109-111）。設計も「イベント申込登録の画面はこの枠を求めないため、この操作は出ない」としており一致する。日程を呼び出し元へ渡す枠は申込一覧側の別画面が担い、本画面の要求ではない（src/Eccube/Resource/template/admin/Event/Entry/search_event_modal_list.twig:41-50）。	レイアウト図(sheet-16_img1.png)を確認。検索イベント名のテキスト欄、店舗のプルダウン、開催日の2つの日付欄を「〜」でつないだ範囲指定、下部中央の「検索する＞」ボタンが描かれている。一覧領域は図に含まれない。	med	
sheet-16-R029	MATCHED								入力は検索条件とページ番号である（src/Eccube/Controller/Admin/Event/EntryRegistrationController.php:66-68、src/Eccube/Controller/Admin/Event/EntryRegistrationController.php:110-119、src/Eccube/Resource/template/admin/Event/EntryRegistration/index.twig:29-59）。	レイアウト図(sheet-16_img1.png)を確認。検索イベント名のテキスト欄、店舗のプルダウン、開催日の2つの日付欄を「〜」でつないだ範囲指定、下部中央の「検索する＞」ボタンが描かれている。一覧領域は図に含まれない。	high	
sheet-16-R030	MATCHED								成功時は該当する日程の一覧が出る（src/Eccube/Controller/Admin/Event/EntryRegistrationController.php:128-151、src/Eccube/Resource/template/admin/Event/EntryRegistration/index.twig:79-120）。	レイアウト図(sheet-16_img1.png)を確認。検索イベント名のテキスト欄、店舗のプルダウン、開催日の2つの日付欄を「〜」でつないだ範囲指定、下部中央の「検索する＞」ボタンが描かれている。一覧領域は図に含まれない。	high	
sheet-16-R031	MATCHED								検索の実行を伴わない開き方のときは検索を行わず、一覧領域は空のまま返る（src/Eccube/Controller/Admin/Event/EntryRegistrationController.php:120-125、src/Eccube/Resource/template/admin/Event/EntryRegistration/index.twig:121-122）。	レイアウト図(sheet-16_img1.png)を確認。検索イベント名のテキスト欄、店舗のプルダウン、開催日の2つの日付欄を「〜」でつないだ範囲指定、下部中央の「検索する＞」ボタンが描かれている。一覧領域は図に含まれない。	med	
sheet-16-R032	DRIFT	P3	実装違い	IO	検索条件に該当するデータがありませんでした。	検索結果が0件のとき、一覧領域に「検索条件に該当するデータがありませんでした。」と出す。	src/Eccube/Resource/locale/messages.ja.yaml:1739;src/Eccube/Resource/template/admin/Event/EntryRegistration/index.twig:123-129	0件のときは一覧とページ送りを出さない点は設計どおりだが、出る文言は「検索条件に合致するデータが見つかりませんでした」で、続けて「検索条件を変えて、再度検索をお試しください」も出る。設計が定めた文言と一致しない。	src/Eccube/Resource/template/admin/Event/EntryRegistration/index.twig:123-129 が一覧領域へ出す文言は admin.common.search_no_result と admin.common.search_try_change_condition で、src/Eccube/Resource/locale/messages.ja.yaml:1739-1740 の定義はそれぞれ「検索条件に合致するデータが見つかりませんでした」「検索条件を変えて、再度検索をお試しください」である。後続処理（一覧とページ送りを表示しない）は src/Eccube/Resource/template/admin/Event/EntryRegistration/index.twig:79 の分岐で満たされているため、食い違うのは文言だけである。	レイアウト図(sheet-16_img1.png)を確認。検索イベント名のテキスト欄、店舗のプルダウン、開催日の2つの日付欄を「〜」でつないだ範囲指定、下部中央の「検索する＞」ボタンが描かれている。一覧領域は図に含まれない。	high	messages.ja.yaml-search-no-result-wording-differs
sheet-17-R001	MATCHED								申込登録画面は、対象日程のイベントの開催店舗をメンバーが編集できないときは開かれず、存在しない扱いになる（src/Eccube/Controller/Admin/Event/EntryRegistrationController.php:163, src/Eccube/Controller/Admin/Event/EntryRegistrationController.php:164, src/Eccube/Controller/Admin/Event/EntryRegistrationController.php:165）。したがって登録できるのは権限を保持している店舗のイベントに限られる。一覧上のボタン表示の可否については sheet-17-R004 を参照。	sheet-17_img1.png を確認。列は左から ID／イベント名／日程／イベント申込登録。イベント名欄は「イベント名（日） イベント名（英）」「開催店舗」「フォーマット」の3行組。ID5656 は3日程をまたいでID・イベント名が1セルに結合され、日程ごとに青い「新規登録」ボタンが並ぶ。日程の並びは 06/12→06/11→06/30 で日付順ではなく日程IDの降順に見える。下部にページャ。ボタンの表示可否を分ける描き分けは図には無い。	high	
sheet-17-R002	OUT_OF_SCOPE								「カスタマイズ要件に記載の内容以外は現行踏襲とする」は適用方針を述べたメタ記述で、個別の画面挙動を定めていない。	sheet-17_img1.png を確認。列は左から ID／イベント名／日程／イベント申込登録。イベント名欄は「イベント名（日） イベント名（英）」「開催店舗」「フォーマット」の3行組。ID5656 は3日程をまたいでID・イベント名が1セルに結合され、日程ごとに青い「新規登録」ボタンが並ぶ。日程の並びは 06/12→06/11→06/30 で日付順ではなく日程IDの降順に見える。下部にページャ。ボタンの表示可否を分ける描き分けは図には無い。	high	
sheet-17-R003	OUT_OF_SCOPE								「★権限による制御」はブロックの見出し行。具体的な挙動は同ブロックの sheet-17-R004 以降に書かれている。	sheet-17_img1.png を確認。列は左から ID／イベント名／日程／イベント申込登録。イベント名欄は「イベント名（日） イベント名（英）」「開催店舗」「フォーマット」の3行組。ID5656 は3日程をまたいでID・イベント名が1セルに結合され、日程ごとに青い「新規登録」ボタンが並ぶ。日程の並びは 06/12→06/11→06/30 で日付順ではなく日程IDの降順に見える。下部にページャ。ボタンの表示可否を分ける描き分けは図には無い。	high	
sheet-17-R004	NOT_IMPLEMENTED	P2	未実装	ふるまい	・識別ID:4「新規登録」ボタンは権限を保持している店舗のイベントのみ表示する	メンバーが編集権限を持たない店舗のイベントの日程行には「新規登録」ボタンが表示されないこと。権限のある店舗のイベントの日程行にだけボタンが並ぶ。	src/Eccube/Resource/template/admin/Event/EntryRegistration/index.twig:110	日程行のボタンは開催店舗を見ずに無条件で描画される。権限の無い店舗のイベントでもボタンが表示され、押下して初めて「見つかりません」として拒否される。	一覧の各日程行は、その日程のイベントの開催店舗にかかわらず必ず「新規登録」ボタンを描画する（src/Eccube/Resource/template/admin/Event/EntryRegistration/index.twig:109, src/Eccube/Resource/template/admin/Event/EntryRegistration/index.twig:110）。一覧に渡す行データには開催店舗が含まれている（src/Eccube/Service/Admin/Event/EntryRegistrationScheduleRowBuilder.php:71, src/Eccube/Service/Admin/Event/EntryRegistrationScheduleRowBuilder.php:72）が、表示の可否を分ける判定はどこにも無い。検索の絞り込みにも権限の条件は入らず（src/Eccube/Repository/DtbEventRepository.php:151, src/Eccube/Repository/DtbEventRepository.php:189）、店舗の選択肢も全店舗が選べる（src/Eccube/Form/Type/Admin/EntryRegisterSearchType.php:41, src/Eccube/Form/Type/Admin/EntryRegisterSearchType.php:50）ため、権限の無い店舗のイベントも一覧に出てボタンが並ぶ。押した先では拒否されるので登録はできないが、設計が求める「ボタンを表示しない」というふるまいは無い（src/Eccube/Controller/Admin/Event/EntryRegistrationController.php:163, src/Eccube/Controller/Admin/Event/EntryRegistrationController.php:164, src/Eccube/Controller/Admin/Event/EntryRegistrationController.php:165）。	sheet-17_img1.png を確認。列は左から ID／イベント名／日程／イベント申込登録。イベント名欄は「イベント名（日） イベント名（英）」「開催店舗」「フォーマット」の3行組。ID5656 は3日程をまたいでID・イベント名が1セルに結合され、日程ごとに青い「新規登録」ボタンが並ぶ。日程の並びは 06/12→06/11→06/30 で日付順ではなく日程IDの降順に見える。下部にページャ。ボタンの表示可否を分ける描き分けは図には無い。	high	index.twig-entry-registration-button-no-shop-permission
sheet-17-R005	MATCHED								検索条件で絞り込んだイベントの日程を行に展開し（src/Eccube/Controller/Admin/Event/EntryRegistrationController.php:128, src/Eccube/Controller/Admin/Event/EntryRegistrationController.php:129, src/Eccube/Controller/Admin/Event/EntryRegistrationController.php:134）、一覧表に1日程1行で表示する（src/Eccube/Resource/template/admin/Event/EntryRegistration/index.twig:92, src/Eccube/Resource/template/admin/Event/EntryRegistration/index.twig:102）。	sheet-17_img1.png を確認。列は左から ID／イベント名／日程／イベント申込登録。イベント名欄は「イベント名（日） イベント名（英）」「開催店舗」「フォーマット」の3行組。ID5656 は3日程をまたいでID・イベント名が1セルに結合され、日程ごとに青い「新規登録」ボタンが並ぶ。日程の並びは 06/12→06/11→06/30 で日付順ではなく日程IDの降順に見える。下部にページャ。ボタンの表示可否を分ける描き分けは図には無い。	high	
sheet-17-R006	MATCHED								検索対象はオンライン受付ありの日程だけに絞られる（src/Eccube/Repository/DtbEventRepository.php:155 の絞り込みと src/Eccube/Service/Admin/Event/EntryRegistrationScheduleRowBuilder.php:40, src/Eccube/Service/Admin/Event/EntryRegistrationScheduleRowBuilder.php:41 の除外）。この条件は日程編集画面の「オンライン受付あり」に対応する（src/Eccube/Form/Type/Admin/ScheduleType.php:177, src/Eccube/Form/Type/Admin/ScheduleType.php:178）。	sheet-17_img1.png を確認。列は左から ID／イベント名／日程／イベント申込登録。イベント名欄は「イベント名（日） イベント名（英）」「開催店舗」「フォーマット」の3行組。ID5656 は3日程をまたいでID・イベント名が1セルに結合され、日程ごとに青い「新規登録」ボタンが並ぶ。日程の並びは 06/12→06/11→06/30 で日付順ではなく日程IDの降順に見える。下部にページャ。ボタンの表示可否を分ける描き分けは図には無い。	high	
sheet-17-R007	MATCHED								1ページに表示する日程は最大10件（src/Eccube/Controller/Admin/Event/EntryRegistrationController.php:48、ページングへの受け渡しは src/Eccube/Controller/Admin/Event/EntryRegistrationController.php:139, src/Eccube/Controller/Admin/Event/EntryRegistrationController.php:143）。	sheet-17_img1.png を確認。列は左から ID／イベント名／日程／イベント申込登録。イベント名欄は「イベント名（日） イベント名（英）」「開催店舗」「フォーマット」の3行組。ID5656 は3日程をまたいでID・イベント名が1セルに結合され、日程ごとに青い「新規登録」ボタンが並ぶ。日程の並びは 06/12→06/11→06/30 で日付順ではなく日程IDの降順に見える。下部にページャ。ボタンの表示可否を分ける描き分けは図には無い。	high	
sheet-17-R008	MATCHED								イベントはイベントIDの降順に並び（src/Eccube/Repository/DtbEventRepository.php:199）、同じイベントの中では日程が日程IDの降順に並ぶ（src/Eccube/Service/Admin/Event/EntryRegistrationScheduleRowBuilder.php:57）。レイアウト図の日程が日付順になっていないのもこの並びと整合する。	sheet-17_img1.png を確認。列は左から ID／イベント名／日程／イベント申込登録。イベント名欄は「イベント名（日） イベント名（英）」「開催店舗」「フォーマット」の3行組。ID5656 は3日程をまたいでID・イベント名が1セルに結合され、日程ごとに青い「新規登録」ボタンが並ぶ。日程の並びは 06/12→06/11→06/30 で日付順ではなく日程IDの降順に見える。下部にページャ。ボタンの表示可否を分ける描き分けは図には無い。	high	
sheet-17-R009	MATCHED								日程行の「新規登録」を押すと、その日程を対象としたイベント新規申込登録画面へ遷移する（src/Eccube/Resource/template/admin/Event/EntryRegistration/index.twig:110, src/Eccube/Controller/Admin/Event/EntryRegistrationController.php:159, src/Eccube/Controller/Admin/Event/EntryRegistrationController.php:161）。	sheet-17_img1.png を確認。列は左から ID／イベント名／日程／イベント申込登録。イベント名欄は「イベント名（日） イベント名（英）」「開催店舗」「フォーマット」の3行組。ID5656 は3日程をまたいでID・イベント名が1セルに結合され、日程ごとに青い「新規登録」ボタンが並ぶ。日程の並びは 06/12→06/11→06/30 で日付順ではなく日程IDの降順に見える。下部にページャ。ボタンの表示可否を分ける描き分けは図には無い。	high	
sheet-17-R010	MATCHED								同じイベントに複数の日程があるときは、そのページに載る日程の数だけIDとイベント名のセルを縦に結合し、先頭行にだけ出す（src/Eccube/Resource/template/admin/Event/EntryRegistration/index.twig:94, src/Eccube/Resource/template/admin/Event/EntryRegistration/index.twig:95, src/Eccube/Resource/template/admin/Event/EntryRegistration/index.twig:96、結合数の算出は src/Eccube/Service/Admin/Event/EntryRegistrationScheduleRowBuilder.php:107, src/Eccube/Service/Admin/Event/EntryRegistrationScheduleRowBuilder.php:108）。	sheet-17_img1.png を確認。列は左から ID／イベント名／日程／イベント申込登録。イベント名欄は「イベント名（日） イベント名（英）」「開催店舗」「フォーマット」の3行組。ID5656 は3日程をまたいでID・イベント名が1セルに結合され、日程ごとに青い「新規登録」ボタンが並ぶ。日程の並びは 06/12→06/11→06/30 で日付順ではなく日程IDの降順に見える。下部にページャ。ボタンの表示可否を分ける描き分けは図には無い。	high	
sheet-17-R011	MATCHED								IDの列にイベントIDがラベルとして表示される（src/Eccube/Resource/template/admin/Event/EntryRegistration/index.twig:95）。	sheet-17_img1.png を確認。列は左から ID／イベント名／日程／イベント申込登録。イベント名欄は「イベント名（日） イベント名（英）」「開催店舗」「フォーマット」の3行組。ID5656 は3日程をまたいでID・イベント名が1セルに結合され、日程ごとに青い「新規登録」ボタンが並ぶ。日程の並びは 06/12→06/11→06/30 で日付順ではなく日程IDの降順に見える。下部にページャ。ボタンの表示可否を分ける描き分けは図には無い。	high	
sheet-17-R012	MATCHED								イベント名の欄の1行目に「イベント名（日） イベント名（英）」を空白で連結して表示する（src/Eccube/Service/Admin/Event/EntryRegistrationScheduleRowBuilder.php:66、描画は src/Eccube/Resource/template/admin/Event/EntryRegistration/index.twig:97）。	sheet-17_img1.png を確認。列は左から ID／イベント名／日程／イベント申込登録。イベント名欄は「イベント名（日） イベント名（英）」「開催店舗」「フォーマット」の3行組。ID5656 は3日程をまたいでID・イベント名が1セルに結合され、日程ごとに青い「新規登録」ボタンが並ぶ。日程の並びは 06/12→06/11→06/30 で日付順ではなく日程IDの降順に見える。下部にページャ。ボタンの表示可否を分ける描き分けは図には無い。	high	
sheet-17-R013	MATCHED								イベント名の欄の2行目に開催店舗名を表示する（src/Eccube/Service/Admin/Event/EntryRegistrationScheduleRowBuilder.php:59、描画は src/Eccube/Resource/template/admin/Event/EntryRegistration/index.twig:98）。	sheet-17_img1.png を確認。列は左から ID／イベント名／日程／イベント申込登録。イベント名欄は「イベント名（日） イベント名（英）」「開催店舗」「フォーマット」の3行組。ID5656 は3日程をまたいでID・イベント名が1セルに結合され、日程ごとに青い「新規登録」ボタンが並ぶ。日程の並びは 06/12→06/11→06/30 で日付順ではなく日程IDの降順に見える。下部にページャ。ボタンの表示可否を分ける描き分けは図には無い。	high	
sheet-17-R014	MATCHED								イベント名の欄の3行目にフォーマット名を表示する（src/Eccube/Service/Admin/Event/EntryRegistrationScheduleRowBuilder.php:60、描画は src/Eccube/Resource/template/admin/Event/EntryRegistration/index.twig:99）。複数あるときは空白区切りで並べる。	sheet-17_img1.png を確認。列は左から ID／イベント名／日程／イベント申込登録。イベント名欄は「イベント名（日） イベント名（英）」「開催店舗」「フォーマット」の3行組。ID5656 は3日程をまたいでID・イベント名が1セルに結合され、日程ごとに青い「新規登録」ボタンが並ぶ。日程の並びは 06/12→06/11→06/30 で日付順ではなく日程IDの降順に見える。下部にページャ。ボタンの表示可否を分ける描き分けは図には無い。	high	
sheet-17-R015	MATCHED								イベント名の欄は「イベント名（日） イベント名（英）」「開催店舗」「フォーマット」を改行で区切った3行組として出力され、設計の書式どおりになっている（src/Eccube/Resource/template/admin/Event/EntryRegistration/index.twig:96, src/Eccube/Resource/template/admin/Event/EntryRegistration/index.twig:97, src/Eccube/Resource/template/admin/Event/EntryRegistration/index.twig:98, src/Eccube/Resource/template/admin/Event/EntryRegistration/index.twig:99）。	sheet-17_img1.png を確認。列は左から ID／イベント名／日程／イベント申込登録。イベント名欄は「イベント名（日） イベント名（英）」「開催店舗」「フォーマット」の3行組。ID5656 は3日程をまたいでID・イベント名が1セルに結合され、日程ごとに青い「新規登録」ボタンが並ぶ。日程の並びは 06/12→06/11→06/30 で日付順ではなく日程IDの降順に見える。下部にページャ。ボタンの表示可否を分ける描き分けは図には無い。	high	
sheet-17-R016	MATCHED								日程の列に開始日時が「2025/06/12 16:00」の形式でラベル表示される（src/Eccube/Resource/template/admin/Event/EntryRegistration/index.twig:103, src/Eccube/Resource/template/admin/Event/EntryRegistration/index.twig:104）。未設定なら「-」（src/Eccube/Resource/template/admin/Event/EntryRegistration/index.twig:106）。	sheet-17_img1.png を確認。列は左から ID／イベント名／日程／イベント申込登録。イベント名欄は「イベント名（日） イベント名（英）」「開催店舗」「フォーマット」の3行組。ID5656 は3日程をまたいでID・イベント名が1セルに結合され、日程ごとに青い「新規登録」ボタンが並ぶ。日程の並びは 06/12→06/11→06/30 で日付順ではなく日程IDの降順に見える。下部にページャ。ボタンの表示可否を分ける描き分けは図には無い。	high	
sheet-17-R017	MATCHED								「新規登録」ボタンから、その日程のイベント新規申込登録画面へ遷移する（src/Eccube/Resource/template/admin/Event/EntryRegistration/index.twig:110、遷移先は src/Eccube/Controller/Admin/Event/EntryRegistrationController.php:159）。	sheet-17_img1.png を確認。列は左から ID／イベント名／日程／イベント申込登録。イベント名欄は「イベント名（日） イベント名（英）」「開催店舗」「フォーマット」の3行組。ID5656 は3日程をまたいでID・イベント名が1セルに結合され、日程ごとに青い「新規登録」ボタンが並ぶ。日程の並びは 06/12→06/11→06/30 で日付順ではなく日程IDの降順に見える。下部にページャ。ボタンの表示可否を分ける描き分けは図には無い。	high	
sheet-17-R018	NOT_IMPLEMENTED	P2	未実装	ふるまい	"4	新規登録	ボタン	-	-	-	イベント新規申込登録画面へ遷移 権限を保持している店舗のイベントのみ表示"	「新規登録」ボタンは、メンバーが編集権限を持つ店舗のイベントの日程行にだけ表示されること。	src/Eccube/Resource/template/admin/Event/EntryRegistration/index.twig:110	ボタンは開催店舗を見ずに全ての日程行へ描画される。権限の無い店舗のイベントの行にも同じボタンが並ぶ。	項目表の「新規登録」ボタンに付された表示条件だが、実装は開催店舗を見ずに全ての日程行へボタンを描画する（src/Eccube/Resource/template/admin/Event/EntryRegistration/index.twig:110）。行データには開催店舗が入っている（src/Eccube/Service/Admin/Event/EntryRegistrationScheduleRowBuilder.php:71, src/Eccube/Service/Admin/Event/EntryRegistrationScheduleRowBuilder.php:72）ものの、表示の可否を分ける判定が無い。sheet-17-R004 と同じ1つの実装欠陥。	sheet-17_img1.png を確認。列は左から ID／イベント名／日程／イベント申込登録。イベント名欄は「イベント名（日） イベント名（英）」「開催店舗」「フォーマット」の3行組。ID5656 は3日程をまたいでID・イベント名が1セルに結合され、日程ごとに青い「新規登録」ボタンが並ぶ。日程の並びは 06/12→06/11→06/30 で日付順ではなく日程IDの降順に見える。下部にページャ。ボタンの表示可否を分ける描き分けは図には無い。	high	index.twig-entry-registration-button-no-shop-permission
sheet-17-R019	MATCHED								一覧の下にページャが表示され、選んだページの一覧へ遷移する（src/Eccube/Resource/template/admin/Event/EntryRegistration/index.twig:116, src/Eccube/Resource/template/admin/Event/EntryRegistration/index.twig:117）。	sheet-17_img1.png を確認。列は左から ID／イベント名／日程／イベント申込登録。イベント名欄は「イベント名（日） イベント名（英）」「開催店舗」「フォーマット」の3行組。ID5656 は3日程をまたいでID・イベント名が1セルに結合され、日程ごとに青い「新規登録」ボタンが並ぶ。日程の並びは 06/12→06/11→06/30 で日付順ではなく日程IDの降順に見える。下部にページャ。ボタンの表示可否を分ける描き分けは図には無い。	high	
sheet-18-R001	OUT_OF_SCOPE								「現行の処理内容は後で記載する」は内容が未記載の前置きで、実装要求を述べていない。	レイアウト図 sheet-18_img1.png を確認。図には席順・DCIナンバー・チームメンバー確認済の列と画面右上の「イベント申込を登録」「戻る」ボタンが描かれ、図の注記に「登録 ボタンの位置を画面下部に移動する」「「戻る」は、前の画面名を表示する」「※ 一行目の会員が支払会員に設定されます。」がある。	high	
sheet-18-R002	MATCHED						src/Eccube/Controller/Admin/Event/EntryRegistrationController.php:163-166	src/Eccube/Controller/Admin/Event/EntryRegistrationController.php:163-166 で申込登録画面（新規）は対象イベントの店舗がメンバーの編集可能店舗でなければ「ページが見つかりません」となり、権限のある店舗のイベントにしか申込を登録できない。	src/Eccube/Controller/Admin/Event/EntryRegistrationController.php:163-166 で申込登録画面（新規）は対象イベントの店舗がメンバーの編集可能店舗でなければ「ページが見つかりません」となり、権限のある店舗のイベントにしか申込を登録できない。	レイアウト図 sheet-18_img1.png を確認。図には席順・DCIナンバー・チームメンバー確認済の列と画面右上の「イベント申込を登録」「戻る」ボタンが描かれ、図の注記に「登録 ボタンの位置を画面下部に移動する」「「戻る」は、前の画面名を表示する」「※ 一行目の会員が支払会員に設定されます。」がある。	high	
sheet-18-R003	MATCHED						src/Eccube/Resource/template/admin/Event/EntryRegistration/edit.twig:259-288;src/Eccube/Controller/Admin/Event/EntryRegistrationController.php:225	src/Eccube/Resource/template/admin/Event/EntryRegistration/edit.twig:259-288 の参加プレイヤー表にはプレイヤー名・MTG Companion登録本名・操作ボタンしか無く席順の選択欄が無い。src/Eccube/Controller/Admin/Event/EntryRegistrationController.php:225 も席順候補を空で渡しており、席順の編集はできない。	src/Eccube/Resource/template/admin/Event/EntryRegistration/edit.twig:259-288 の参加プレイヤー表にはプレイヤー名・MTG Companion登録本名・操作ボタンしか無く席順の選択欄が無い。src/Eccube/Controller/Admin/Event/EntryRegistrationController.php:225 も席順候補を空で渡しており、席順の編集はできない。	レイアウト図 sheet-18_img1.png を確認。図には席順・DCIナンバー・チームメンバー確認済の列と画面右上の「イベント申込を登録」「戻る」ボタンが描かれ、図の注記に「登録 ボタンの位置を画面下部に移動する」「「戻る」は、前の画面名を表示する」「※ 一行目の会員が支払会員に設定されます。」がある。	high	
sheet-18-R004	MATCHED						src/Eccube/Form/Type/Admin/EventEntryDetailType.php:109-116;src/Eccube/Resource/template/admin/Event/EntryRegistration/edit.twig:314-320	src/Eccube/Form/Type/Admin/EventEntryDetailType.php:109-116 で支払金額は操作できない状態で描画され、src/Eccube/Resource/template/admin/Event/EntryRegistration/edit.twig:314-320 で値の表示だけが行われる。画面から金額を書き換えることはできない。	src/Eccube/Form/Type/Admin/EventEntryDetailType.php:109-116 で支払金額は操作できない状態で描画され、src/Eccube/Resource/template/admin/Event/EntryRegistration/edit.twig:314-320 で値の表示だけが行われる。画面から金額を書き換えることはできない。	レイアウト図 sheet-18_img1.png を確認。図には席順・DCIナンバー・チームメンバー確認済の列と画面右上の「イベント申込を登録」「戻る」ボタンが描かれ、図の注記に「登録 ボタンの位置を画面下部に移動する」「「戻る」は、前の画面名を表示する」「※ 一行目の会員が支払会員に設定されます。」がある。	high	
sheet-18-R005	MATCHED						src/Eccube/Resource/template/admin/Event/EntryRegistration/edit.twig:259-288;src/Eccube/Resource/template/admin/Event/Entry/search_player_modal_list.twig:7-13	src/Eccube/Resource/template/admin/Event/EntryRegistration/edit.twig:259-288 の参加プレイヤー表にも src/Eccube/Resource/template/admin/Event/Entry/search_player_modal_list.twig:7-13 の検索結果表にもDCIナンバーの列が無い。	src/Eccube/Resource/template/admin/Event/EntryRegistration/edit.twig:259-288 の参加プレイヤー表にも src/Eccube/Resource/template/admin/Event/Entry/search_player_modal_list.twig:7-13 の検索結果表にもDCIナンバーの列が無い。	レイアウト図 sheet-18_img1.png を確認。図には席順・DCIナンバー・チームメンバー確認済の列と画面右上の「イベント申込を登録」「戻る」ボタンが描かれ、図の注記に「登録 ボタンの位置を画面下部に移動する」「「戻る」は、前の画面名を表示する」「※ 一行目の会員が支払会員に設定されます。」がある。	high	
sheet-18-R006	MATCHED						src/Eccube/Resource/template/admin/Event/EntryRegistration/edit.twig:259-288	src/Eccube/Resource/template/admin/Event/EntryRegistration/edit.twig:259-288 の参加プレイヤー表にチームメンバー確認済のチェック欄が無い。	src/Eccube/Resource/template/admin/Event/EntryRegistration/edit.twig:259-288 の参加プレイヤー表にチームメンバー確認済のチェック欄が無い。	レイアウト図 sheet-18_img1.png を確認。図には席順・DCIナンバー・チームメンバー確認済の列と画面右上の「イベント申込を登録」「戻る」ボタンが描かれ、図の注記に「登録 ボタンの位置を画面下部に移動する」「「戻る」は、前の画面名を表示する」「※ 一行目の会員が支払会員に設定されます。」がある。	high	
sheet-18-R007	OUT_OF_SCOPE								「カスタマイズ要件に記載の内容以外は現行踏襲とする。」は個別の実装要求ではなく、他の要求の読み方を定める総則。	レイアウト図 sheet-18_img1.png を確認。図には席順・DCIナンバー・チームメンバー確認済の列と画面右上の「イベント申込を登録」「戻る」ボタンが描かれ、図の注記に「登録 ボタンの位置を画面下部に移動する」「「戻る」は、前の画面名を表示する」「※ 一行目の会員が支払会員に設定されます。」がある。	high	
sheet-18-R008	OUT_OF_SCOPE								★見出し行で、何がどうなるかを述べていない。	レイアウト図 sheet-18_img1.png を確認。図には席順・DCIナンバー・チームメンバー確認済の列と画面右上の「イベント申込を登録」「戻る」ボタンが描かれ、図の注記に「登録 ボタンの位置を画面下部に移動する」「「戻る」は、前の画面名を表示する」「※ 一行目の会員が支払会員に設定されます。」がある。	high	
sheet-18-R009	MATCHED						src/Eccube/Controller/Admin/Event/EntryRegistrationController.php:163-166	src/Eccube/Controller/Admin/Event/EntryRegistrationController.php:163-166 で権限を持たない店舗のイベント日程に対する新規申込登録は「ページが見つかりません」となる。会場欄は項目1-3の注記どおり画面から削除されており（src/Eccube/Resource/template/admin/Event/EntryRegistration/edit.twig:246-257 に会場の行が無い）、会場への既定店舗設定は成立しない。	src/Eccube/Controller/Admin/Event/EntryRegistrationController.php:163-166 で権限を持たない店舗のイベント日程に対する新規申込登録は「ページが見つかりません」となる。会場欄は項目1-3の注記どおり画面から削除されており（src/Eccube/Resource/template/admin/Event/EntryRegistration/edit.twig:246-257 に会場の行が無い）、会場への既定店舗設定は成立しない。	レイアウト図 sheet-18_img1.png を確認。図には席順・DCIナンバー・チームメンバー確認済の列と画面右上の「イベント申込を登録」「戻る」ボタンが描かれ、図の注記に「登録 ボタンの位置を画面下部に移動する」「「戻る」は、前の画面名を表示する」「※ 一行目の会員が支払会員に設定されます。」がある。	high	
sheet-18-R010	MATCHED						src/Eccube/Controller/Admin/Event/EntryRegistrationController.php:163-166;src/Eccube/Resource/template/admin/Event/EntryRegistration/edit.twig:356-362	src/Eccube/Controller/Admin/Event/EntryRegistrationController.php:163-166 で権限の無い店舗のイベントでは画面自体が開けず、src/Eccube/Resource/template/admin/Event/EntryRegistration/edit.twig:356-362 の登録ボタンも権限のある店舗のイベントでのみ表示される。	src/Eccube/Controller/Admin/Event/EntryRegistrationController.php:163-166 で権限の無い店舗のイベントでは画面自体が開けず、src/Eccube/Resource/template/admin/Event/EntryRegistration/edit.twig:356-362 の登録ボタンも権限のある店舗のイベントでのみ表示される。	レイアウト図 sheet-18_img1.png を確認。図には席順・DCIナンバー・チームメンバー確認済の列と画面右上の「イベント申込を登録」「戻る」ボタンが描かれ、図の注記に「登録 ボタンの位置を画面下部に移動する」「「戻る」は、前の画面名を表示する」「※ 一行目の会員が支払会員に設定されます。」がある。	high	
sheet-18-R011	OUT_OF_SCOPE								★見出し行で、何がどうなるかを述べていない。	レイアウト図 sheet-18_img1.png を確認。図には席順・DCIナンバー・チームメンバー確認済の列と画面右上の「イベント申込を登録」「戻る」ボタンが描かれ、図の注記に「登録 ボタンの位置を画面下部に移動する」「「戻る」は、前の画面名を表示する」「※ 一行目の会員が支払会員に設定されます。」がある。	high	
sheet-18-R012	MATCHED						src/Eccube/Resource/template/admin/Event/EntryRegistration/edit.twig:259-288;src/Eccube/Controller/Admin/Event/EntryRegistrationController.php:225	src/Eccube/Resource/template/admin/Event/EntryRegistration/edit.twig:259-288 に席順の欄が無く、src/Eccube/Controller/Admin/Event/EntryRegistrationController.php:225 で席順候補も空。席順は画面から削除されている。	src/Eccube/Resource/template/admin/Event/EntryRegistration/edit.twig:259-288 に席順の欄が無く、src/Eccube/Controller/Admin/Event/EntryRegistrationController.php:225 で席順候補も空。席順は画面から削除されている。	レイアウト図 sheet-18_img1.png を確認。図には席順・DCIナンバー・チームメンバー確認済の列と画面右上の「イベント申込を登録」「戻る」ボタンが描かれ、図の注記に「登録 ボタンの位置を画面下部に移動する」「「戻る」は、前の画面名を表示する」「※ 一行目の会員が支払会員に設定されます。」がある。	high	
sheet-18-R013	MATCHED						src/Eccube/Resource/template/admin/Event/EntryRegistration/edit.twig:259-288	src/Eccube/Resource/template/admin/Event/EntryRegistration/edit.twig:259-288 の参加プレイヤー表にDCIナンバーの列が無い。	src/Eccube/Resource/template/admin/Event/EntryRegistration/edit.twig:259-288 の参加プレイヤー表にDCIナンバーの列が無い。	レイアウト図 sheet-18_img1.png を確認。図には席順・DCIナンバー・チームメンバー確認済の列と画面右上の「イベント申込を登録」「戻る」ボタンが描かれ、図の注記に「登録 ボタンの位置を画面下部に移動する」「「戻る」は、前の画面名を表示する」「※ 一行目の会員が支払会員に設定されます。」がある。	high	
sheet-18-R014	MATCHED						src/Eccube/Resource/template/admin/Event/EntryRegistration/edit.twig:259-288	src/Eccube/Resource/template/admin/Event/EntryRegistration/edit.twig:259-288 の参加プレイヤー表にチームメンバー確認済の列が無い。	src/Eccube/Resource/template/admin/Event/EntryRegistration/edit.twig:259-288 の参加プレイヤー表にチームメンバー確認済の列が無い。	レイアウト図 sheet-18_img1.png を確認。図には席順・DCIナンバー・チームメンバー確認済の列と画面右上の「イベント申込を登録」「戻る」ボタンが描かれ、図の注記に「登録 ボタンの位置を画面下部に移動する」「「戻る」は、前の画面名を表示する」「※ 一行目の会員が支払会員に設定されます。」がある。	high	
sheet-18-R015	MATCHED						src/Eccube/Controller/Admin/Event/EntryRegistrationController.php:159-205;src/Eccube/Service/Admin/Event/EntryRegistrationStoreAction.php:39-75	src/Eccube/Controller/Admin/Event/EntryRegistrationController.php:159-205 で選択したイベント日程を指定して新規申込の画面を開き登録でき、src/Eccube/Service/Admin/Event/EntryRegistrationStoreAction.php:39-75 で申込・申込プレイヤーが新規登録される。	src/Eccube/Controller/Admin/Event/EntryRegistrationController.php:159-205 で選択したイベント日程を指定して新規申込の画面を開き登録でき、src/Eccube/Service/Admin/Event/EntryRegistrationStoreAction.php:39-75 で申込・申込プレイヤーが新規登録される。	レイアウト図 sheet-18_img1.png を確認。図には席順・DCIナンバー・チームメンバー確認済の列と画面右上の「イベント申込を登録」「戻る」ボタンが描かれ、図の注記に「登録 ボタンの位置を画面下部に移動する」「「戻る」は、前の画面名を表示する」「※ 一行目の会員が支払会員に設定されます。」がある。	high	
sheet-18-R016	MATCHED						src/Eccube/Resource/template/admin/Event/EntryRegistration/edit.twig:281-283;src/Eccube/Resource/template/admin/Event/EntryRegistration/edit.twig:58-83	src/Eccube/Resource/template/admin/Event/EntryRegistration/edit.twig:281-283 でプレイヤーが入っている行は削除ボタンだけが表示され、src/Eccube/Resource/template/admin/Event/EntryRegistration/edit.twig:58-83 でプレイヤー決定時に検索ボタンを隠して削除ボタンを出す。	src/Eccube/Resource/template/admin/Event/EntryRegistration/edit.twig:281-283 でプレイヤーが入っている行は削除ボタンだけが表示され、src/Eccube/Resource/template/admin/Event/EntryRegistration/edit.twig:58-83 でプレイヤー決定時に検索ボタンを隠して削除ボタンを出す。	レイアウト図 sheet-18_img1.png を確認。図には席順・DCIナンバー・チームメンバー確認済の列と画面右上の「イベント申込を登録」「戻る」ボタンが描かれ、図の注記に「登録 ボタンの位置を画面下部に移動する」「「戻る」は、前の画面名を表示する」「※ 一行目の会員が支払会員に設定されます。」がある。	high	
sheet-18-R017	MATCHED						src/Eccube/Resource/template/admin/Event/EntryRegistration/edit.twig:278-280;src/Eccube/Resource/template/admin/Event/EntryRegistration/edit.twig:85-110	src/Eccube/Resource/template/admin/Event/EntryRegistration/edit.twig:278-280 でプレイヤー未登録の行は検索ボタンだけが表示され、src/Eccube/Resource/template/admin/Event/EntryRegistration/edit.twig:85-110 で削除すると再び検索ボタンに戻る。	src/Eccube/Resource/template/admin/Event/EntryRegistration/edit.twig:278-280 でプレイヤー未登録の行は検索ボタンだけが表示され、src/Eccube/Resource/template/admin/Event/EntryRegistration/edit.twig:85-110 で削除すると再び検索ボタンに戻る。	レイアウト図 sheet-18_img1.png を確認。図には席順・DCIナンバー・チームメンバー確認済の列と画面右上の「イベント申込を登録」「戻る」ボタンが描かれ、図の注記に「登録 ボタンの位置を画面下部に移動する」「「戻る」は、前の画面名を表示する」「※ 一行目の会員が支払会員に設定されます。」がある。	high	
sheet-18-R018	MATCHED						src/Eccube/Resource/template/admin/Event/EntryRegistration/edit.twig:279;src/Eccube/Resource/template/admin/Event/EntryRegistration/edit.twig:368-386	src/Eccube/Resource/template/admin/Event/EntryRegistration/edit.twig:279 の検索ボタン押下で src/Eccube/Resource/template/admin/Event/EntryRegistration/edit.twig:368-386 のプレイヤー検索モーダルが開く。	src/Eccube/Resource/template/admin/Event/EntryRegistration/edit.twig:279 の検索ボタン押下で src/Eccube/Resource/template/admin/Event/EntryRegistration/edit.twig:368-386 のプレイヤー検索モーダルが開く。	レイアウト図 sheet-18_img1.png を確認。図には席順・DCIナンバー・チームメンバー確認済の列と画面右上の「イベント申込を登録」「戻る」ボタンが描かれ、図の注記に「登録 ボタンの位置を画面下部に移動する」「「戻る」は、前の画面名を表示する」「※ 一行目の会員が支払会員に設定されます。」がある。	high	
sheet-18-R019	OUT_OF_SCOPE								「プレイヤー検索ポップアップ画面」は後続の説明の見出しで、何がどうなるかを述べていない。	レイアウト図 sheet-18_img1.png を確認。図には席順・DCIナンバー・チームメンバー確認済の列と画面右上の「イベント申込を登録」「戻る」ボタンが描かれ、図の注記に「登録 ボタンの位置を画面下部に移動する」「「戻る」は、前の画面名を表示する」「※ 一行目の会員が支払会員に設定されます。」がある。	high	
sheet-18-R020	OUT_OF_SCOPE								「入力項目」は項目表の区分行。	レイアウト図 sheet-18_img1.png を確認。図には席順・DCIナンバー・チームメンバー確認済の列と画面右上の「イベント申込を登録」「戻る」ボタンが描かれ、図の注記に「登録 ボタンの位置を画面下部に移動する」「「戻る」は、前の画面名を表示する」「※ 一行目の会員が支払会員に設定されます。」がある。	high	
sheet-18-R021	MATCHED						src/Eccube/Resource/template/admin/Event/EntryRegistration/edit.twig:241-245	src/Eccube/Resource/template/admin/Event/EntryRegistration/edit.twig:241-245 でイベント名は「イベント名(日)（イベント名(英)） 開催日時」の並びで表示される。	src/Eccube/Resource/template/admin/Event/EntryRegistration/edit.twig:241-245 でイベント名は「イベント名(日)（イベント名(英)） 開催日時」の並びで表示される。	レイアウト図 sheet-18_img1.png を確認。図には席順・DCIナンバー・チームメンバー確認済の列と画面右上の「イベント申込を登録」「戻る」ボタンが描かれ、図の注記に「登録 ボタンの位置を画面下部に移動する」「「戻る」は、前の画面名を表示する」「※ 一行目の会員が支払会員に設定されます。」がある。	high	
sheet-18-R022	MATCHED						src/Eccube/Resource/template/admin/Event/EntryRegistration/edit.twig:243	src/Eccube/Resource/template/admin/Event/EntryRegistration/edit.twig:243 が『日本語名（英語名） 開始日時』の書式で出力しており、1-1の書式指定と一致する。	src/Eccube/Resource/template/admin/Event/EntryRegistration/edit.twig:243 が『日本語名（英語名） 開始日時』の書式で出力しており、1-1の書式指定と一致する。	レイアウト図 sheet-18_img1.png を確認。図には席順・DCIナンバー・チームメンバー確認済の列と画面右上の「イベント申込を登録」「戻る」ボタンが描かれ、図の注記に「登録 ボタンの位置を画面下部に移動する」「「戻る」は、前の画面名を表示する」「※ 一行目の会員が支払会員に設定されます。」がある。	high	
sheet-18-R023	MATCHED						src/Eccube/Resource/template/admin/Event/EntryRegistration/edit.twig:246-249	src/Eccube/Resource/template/admin/Event/EntryRegistration/edit.twig:246-249 で店舗名がラベル表示される。	src/Eccube/Resource/template/admin/Event/EntryRegistration/edit.twig:246-249 で店舗名がラベル表示される。	レイアウト図 sheet-18_img1.png を確認。図には席順・DCIナンバー・チームメンバー確認済の列と画面右上の「イベント申込を登録」「戻る」ボタンが描かれ、図の注記に「登録 ボタンの位置を画面下部に移動する」「「戻る」は、前の画面名を表示する」「※ 一行目の会員が支払会員に設定されます。」がある。	high	
sheet-18-R024	MATCHED						src/Eccube/Resource/template/admin/Event/EntryRegistration/edit.twig:246-257	src/Eccube/Resource/template/admin/Event/EntryRegistration/edit.twig:246-257 に会場の行が無く、備考「会場の概念はなくなったため項目削除」のとおり画面から削除されている。	src/Eccube/Resource/template/admin/Event/EntryRegistration/edit.twig:246-257 に会場の行が無く、備考「会場の概念はなくなったため項目削除」のとおり画面から削除されている。	レイアウト図 sheet-18_img1.png を確認。図には席順・DCIナンバー・チームメンバー確認済の列と画面右上の「イベント申込を登録」「戻る」ボタンが描かれ、図の注記に「登録 ボタンの位置を画面下部に移動する」「「戻る」は、前の画面名を表示する」「※ 一行目の会員が支払会員に設定されます。」がある。	high	
sheet-18-R025	MATCHED						src/Eccube/Resource/template/admin/Event/EntryRegistration/edit.twig:250-257	src/Eccube/Resource/template/admin/Event/EntryRegistration/edit.twig:250-257 でフォーマット名がラベル表示される。	src/Eccube/Resource/template/admin/Event/EntryRegistration/edit.twig:250-257 でフォーマット名がラベル表示される。	レイアウト図 sheet-18_img1.png を確認。図には席順・DCIナンバー・チームメンバー確認済の列と画面右上の「イベント申込を登録」「戻る」ボタンが描かれ、図の注記に「登録 ボタンの位置を画面下部に移動する」「「戻る」は、前の画面名を表示する」「※ 一行目の会員が支払会員に設定されます。」がある。	high	
sheet-18-R026	MATCHED						src/Eccube/Resource/template/admin/Event/EntryRegistration/edit.twig:290-299;src/Eccube/Resource/template/admin/Event/EntryRegistration/edit.twig:48-56	src/Eccube/Resource/template/admin/Event/EntryRegistration/edit.twig:290-299 で支払会員に1行目のプレイヤーの会員氏名（未選択時は「－」）が表示され、src/Eccube/Resource/template/admin/Event/EntryRegistration/edit.twig:48-56 でプレイヤー決定・削除に追随して書き換わる。	src/Eccube/Resource/template/admin/Event/EntryRegistration/edit.twig:290-299 で支払会員に1行目のプレイヤーの会員氏名（未選択時は「－」）が表示され、src/Eccube/Resource/template/admin/Event/EntryRegistration/edit.twig:48-56 でプレイヤー決定・削除に追随して書き換わる。	レイアウト図 sheet-18_img1.png を確認。図には席順・DCIナンバー・チームメンバー確認済の列と画面右上の「イベント申込を登録」「戻る」ボタンが描かれ、図の注記に「登録 ボタンの位置を画面下部に移動する」「「戻る」は、前の画面名を表示する」「※ 一行目の会員が支払会員に設定されます。」がある。	high	
sheet-18-R027	MATCHED						src/Eccube/Form/Type/Admin/EventEntryDetailType.php:73-92;src/Eccube/Form/Type/Admin/EventEntryDetailType.php:127-138	src/Eccube/Form/Type/Admin/EventEntryDetailType.php:80-88 で新規登録時の申込状況の選択肢は「申込済み」だけに絞られ操作できない状態で描画され、src/Eccube/Form/Type/Admin/EventEntryDetailType.php:135-138 で初期値も申込済みが入る。	src/Eccube/Form/Type/Admin/EventEntryDetailType.php:80-88 で新規登録時の申込状況の選択肢は「申込済み」だけに絞られ操作できない状態で描画され、src/Eccube/Form/Type/Admin/EventEntryDetailType.php:135-138 で初期値も申込済みが入る。	レイアウト図 sheet-18_img1.png を確認。図には席順・DCIナンバー・チームメンバー確認済の列と画面右上の「イベント申込を登録」「戻る」ボタンが描かれ、図の注記に「登録 ボタンの位置を画面下部に移動する」「「戻る」は、前の画面名を表示する」「※ 一行目の会員が支払会員に設定されます。」がある。	high	
sheet-18-R028	MATCHED						src/Eccube/Form/Type/Admin/EventEntryDetailType.php:93-108;src/Eccube/Form/Type/Admin/EventEntryDetailType.php:139-142	src/Eccube/Form/Type/Admin/EventEntryDetailType.php:101-104 で支払方法は管理者追加のみに絞られ操作できない状態で描画され、src/Eccube/Form/Type/Admin/EventEntryDetailType.php:139-142 で初期値も管理者追加が入る。	src/Eccube/Form/Type/Admin/EventEntryDetailType.php:101-104 で支払方法は管理者追加のみに絞られ操作できない状態で描画され、src/Eccube/Form/Type/Admin/EventEntryDetailType.php:139-142 で初期値も管理者追加が入る。	レイアウト図 sheet-18_img1.png を確認。図には席順・DCIナンバー・チームメンバー確認済の列と画面右上の「イベント申込を登録」「戻る」ボタンが描かれ、図の注記に「登録 ボタンの位置を画面下部に移動する」「「戻る」は、前の画面名を表示する」「※ 一行目の会員が支払会員に設定されます。」がある。	high	
sheet-18-R029	MATCHED						src/Eccube/Form/Type/Admin/EventEntryDetailType.php:109-116;src/Eccube/Resource/template/admin/Event/EntryRegistration/edit.twig:314-320	src/Eccube/Form/Type/Admin/EventEntryDetailType.php:109-116 で支払金額は整数の欄として定義され、src/Eccube/Resource/template/admin/Event/EntryRegistration/edit.twig:314-320 で表示される。	src/Eccube/Form/Type/Admin/EventEntryDetailType.php:109-116 で支払金額は整数の欄として定義され、src/Eccube/Resource/template/admin/Event/EntryRegistration/edit.twig:314-320 で表示される。	レイアウト図 sheet-18_img1.png を確認。図には席順・DCIナンバー・チームメンバー確認済の列と画面右上の「イベント申込を登録」「戻る」ボタンが描かれ、図の注記に「登録 ボタンの位置を画面下部に移動する」「「戻る」は、前の画面名を表示する」「※ 一行目の会員が支払会員に設定されます。」がある。	high	
sheet-18-R030	OUT_OF_SCOPE								「プレイヤー情報」は項目表の区分行。	レイアウト図 sheet-18_img1.png を確認。図には席順・DCIナンバー・チームメンバー確認済の列と画面右上の「イベント申込を登録」「戻る」ボタンが描かれ、図の注記に「登録 ボタンの位置を画面下部に移動する」「「戻る」は、前の画面名を表示する」「※ 一行目の会員が支払会員に設定されます。」がある。	high	
sheet-18-R031	MATCHED						src/Eccube/Resource/template/admin/Event/EntryRegistration/edit.twig:269-272	src/Eccube/Resource/template/admin/Event/EntryRegistration/edit.twig:269-272 でプレイヤー名（会員の姓名）がラベル表示される。	src/Eccube/Resource/template/admin/Event/EntryRegistration/edit.twig:269-272 でプレイヤー名（会員の姓名）がラベル表示される。	レイアウト図 sheet-18_img1.png を確認。図には席順・DCIナンバー・チームメンバー確認済の列と画面右上の「イベント申込を登録」「戻る」ボタンが描かれ、図の注記に「登録 ボタンの位置を画面下部に移動する」「「戻る」は、前の画面名を表示する」「※ 一行目の会員が支払会員に設定されます。」がある。	high	
sheet-18-R032	MATCHED						src/Eccube/Resource/template/admin/Event/EntryRegistration/edit.twig:263-265;src/Eccube/Resource/template/admin/Event/EntryRegistration/edit.twig:273-275	src/Eccube/Resource/template/admin/Event/EntryRegistration/edit.twig:264 の見出しがMTG Companion登録本名で、src/Eccube/Resource/template/admin/Event/EntryRegistration/edit.twig:273-275 に登録本名が表示される。	src/Eccube/Resource/template/admin/Event/EntryRegistration/edit.twig:264 の見出しがMTG Companion登録本名で、src/Eccube/Resource/template/admin/Event/EntryRegistration/edit.twig:273-275 に登録本名が表示される。	レイアウト図 sheet-18_img1.png を確認。図には席順・DCIナンバー・チームメンバー確認済の列と画面右上の「イベント申込を登録」「戻る」ボタンが描かれ、図の注記に「登録 ボタンの位置を画面下部に移動する」「「戻る」は、前の画面名を表示する」「※ 一行目の会員が支払会員に設定されます。」がある。	high	
sheet-18-R033	MATCHED						src/Eccube/Resource/template/admin/Event/EntryRegistration/edit.twig:281-283;src/Eccube/Controller/Admin/Event/EntryRegistrationController.php:163-166	src/Eccube/Resource/template/admin/Event/EntryRegistration/edit.twig:281-283 に削除ボタンがあり、src/Eccube/Controller/Admin/Event/EntryRegistrationController.php:163-166 により権限を持つ店舗のイベントの申込でしか画面が開かないため、このボタンも権限のある場合だけ表示される。	src/Eccube/Resource/template/admin/Event/EntryRegistration/edit.twig:281-283 に削除ボタンがあり、src/Eccube/Controller/Admin/Event/EntryRegistrationController.php:163-166 により権限を持つ店舗のイベントの申込でしか画面が開かないため、このボタンも権限のある場合だけ表示される。	レイアウト図 sheet-18_img1.png を確認。図には席順・DCIナンバー・チームメンバー確認済の列と画面右上の「イベント申込を登録」「戻る」ボタンが描かれ、図の注記に「登録 ボタンの位置を画面下部に移動する」「「戻る」は、前の画面名を表示する」「※ 一行目の会員が支払会員に設定されます。」がある。	high	
sheet-18-R034	MATCHED						src/Eccube/Resource/template/admin/Event/EntryRegistration/edit.twig:85-110	src/Eccube/Resource/template/admin/Event/EntryRegistration/edit.twig:85-110 で削除ボタン押下時にプレイヤー情報を消し、検索ボタンを再表示する。	src/Eccube/Resource/template/admin/Event/EntryRegistration/edit.twig:85-110 で削除ボタン押下時にプレイヤー情報を消し、検索ボタンを再表示する。	レイアウト図 sheet-18_img1.png を確認。図には席順・DCIナンバー・チームメンバー確認済の列と画面右上の「イベント申込を登録」「戻る」ボタンが描かれ、図の注記に「登録 ボタンの位置を画面下部に移動する」「「戻る」は、前の画面名を表示する」「※ 一行目の会員が支払会員に設定されます。」がある。	high	
sheet-18-R035	MATCHED						src/Eccube/Resource/template/admin/Event/EntryRegistration/edit.twig:278-280;src/Eccube/Controller/Admin/Event/EntryRegistrationController.php:163-166	src/Eccube/Resource/template/admin/Event/EntryRegistration/edit.twig:278-280 に検索ボタンがあり、src/Eccube/Controller/Admin/Event/EntryRegistrationController.php:163-166 により権限のある店舗のイベントの申込でのみ画面が開く。	src/Eccube/Resource/template/admin/Event/EntryRegistration/edit.twig:278-280 に検索ボタンがあり、src/Eccube/Controller/Admin/Event/EntryRegistrationController.php:163-166 により権限のある店舗のイベントの申込でのみ画面が開く。	レイアウト図 sheet-18_img1.png を確認。図には席順・DCIナンバー・チームメンバー確認済の列と画面右上の「イベント申込を登録」「戻る」ボタンが描かれ、図の注記に「登録 ボタンの位置を画面下部に移動する」「「戻る」は、前の画面名を表示する」「※ 一行目の会員が支払会員に設定されます。」がある。	high	
sheet-18-R036	MATCHED						src/Eccube/Resource/template/admin/Event/EntryRegistration/edit.twig:279;src/Eccube/Resource/template/admin/Event/EntryRegistration/edit.twig:368-386	src/Eccube/Resource/template/admin/Event/EntryRegistration/edit.twig:279 の検索ボタンが src/Eccube/Resource/template/admin/Event/EntryRegistration/edit.twig:368-386 のプレイヤー検索モーダルを開く。	src/Eccube/Resource/template/admin/Event/EntryRegistration/edit.twig:279 の検索ボタンが src/Eccube/Resource/template/admin/Event/EntryRegistration/edit.twig:368-386 のプレイヤー検索モーダルを開く。	レイアウト図 sheet-18_img1.png を確認。図には席順・DCIナンバー・チームメンバー確認済の列と画面右上の「イベント申込を登録」「戻る」ボタンが描かれ、図の注記に「登録 ボタンの位置を画面下部に移動する」「「戻る」は、前の画面名を表示する」「※ 一行目の会員が支払会員に設定されます。」がある。	high	
sheet-18-R037	OUT_OF_SCOPE								「ボタン、リンク」は項目表の区分行。	レイアウト図 sheet-18_img1.png を確認。図には席順・DCIナンバー・チームメンバー確認済の列と画面右上の「イベント申込を登録」「戻る」ボタンが描かれ、図の注記に「登録 ボタンの位置を画面下部に移動する」「「戻る」は、前の画面名を表示する」「※ 一行目の会員が支払会員に設定されます。」がある。	high	
sheet-18-R038	MATCHED						src/Eccube/Resource/template/admin/Event/EntryRegistration/edit.twig:356-362;src/Eccube/Controller/Admin/Event/EntryRegistrationController.php:163-166	src/Eccube/Resource/template/admin/Event/EntryRegistration/edit.twig:356-362 に画面下部の登録ボタンがあり、src/Eccube/Controller/Admin/Event/EntryRegistrationController.php:163-166 により権限のある店舗のイベントでのみ表示・実行できる。	src/Eccube/Resource/template/admin/Event/EntryRegistration/edit.twig:356-362 に画面下部の登録ボタンがあり、src/Eccube/Controller/Admin/Event/EntryRegistrationController.php:163-166 により権限のある店舗のイベントでのみ表示・実行できる。	レイアウト図 sheet-18_img1.png を確認。図には席順・DCIナンバー・チームメンバー確認済の列と画面右上の「イベント申込を登録」「戻る」ボタンが描かれ、図の注記に「登録 ボタンの位置を画面下部に移動する」「「戻る」は、前の画面名を表示する」「※ 一行目の会員が支払会員に設定されます。」がある。	high	
sheet-18-R039	MATCHED						src/Eccube/Controller/Admin/Event/EntryRegistrationController.php:183-205;src/Eccube/Service/Admin/Event/EntryRegistrationStoreAction.php:39-75	src/Eccube/Controller/Admin/Event/EntryRegistrationController.php:183-205 で入力されたフォームの内容を受け取り、src/Eccube/Service/Admin/Event/EntryRegistrationStoreAction.php:39-75 で申込として登録する。	src/Eccube/Controller/Admin/Event/EntryRegistrationController.php:183-205 で入力されたフォームの内容を受け取り、src/Eccube/Service/Admin/Event/EntryRegistrationStoreAction.php:39-75 で申込として登録する。	レイアウト図 sheet-18_img1.png を確認。図には席順・DCIナンバー・チームメンバー確認済の列と画面右上の「イベント申込を登録」「戻る」ボタンが描かれ、図の注記に「登録 ボタンの位置を画面下部に移動する」「「戻る」は、前の画面名を表示する」「※ 一行目の会員が支払会員に設定されます。」がある。	high	
sheet-18-R040	DRIFT	P3	実装違い	IO	「戻る」は、前の画面名を表示する	画面左下の戻りリンクには、遷移元であるイベント申込登録（検索結果）画面の名称が文言として表示される。	src/Eccube/Resource/template/admin/Event/EntryRegistration/edit.twig:339-344;src/Eccube/Resource/locale/messages.ja.yaml:5955	src/Eccube/Resource/template/admin/Event/EntryRegistration/edit.twig:342 は新規登録時の戻りリンク文言に固定の訳語（src/Eccube/Resource/locale/messages.ja.yaml:5955「戻る」）を使っており、遷移先はイベント申込登録の検索画面だが、画面名は文言として出ない。	遷移先自体は識別ID:3-2の説明どおりイベント申込登録（検索結果）画面だが、レイアウト図の注記が求める「前の画面名を表示する」が満たされておらず、表示文言が設計と異なる。	レイアウト図 sheet-18_img1.png を確認。図には席順・DCIナンバー・チームメンバー確認済の列と画面右上の「イベント申込を登録」「戻る」ボタンが描かれ、図の注記に「登録 ボタンの位置を画面下部に移動する」「「戻る」は、前の画面名を表示する」「※ 一行目の会員が支払会員に設定されます。」がある。	med	edit.twig-back-link-label-not-screen-name
sheet-18-R041	OUT_OF_SCOPE								「削除項目」は項目表の区分行。	レイアウト図 sheet-18_img1.png を確認。図には席順・DCIナンバー・チームメンバー確認済の列と画面右上の「イベント申込を登録」「戻る」ボタンが描かれ、図の注記に「登録 ボタンの位置を画面下部に移動する」「「戻る」は、前の画面名を表示する」「※ 一行目の会員が支払会員に設定されます。」がある。	high	
sheet-18-R042	MATCHED						src/Eccube/Resource/template/admin/Event/EntryRegistration/edit.twig:259-288	src/Eccube/Resource/template/admin/Event/EntryRegistration/edit.twig:259-288 に席順の欄が無い。削除指示どおり。	src/Eccube/Resource/template/admin/Event/EntryRegistration/edit.twig:259-288 に席順の欄が無い。削除指示どおり。	レイアウト図 sheet-18_img1.png を確認。図には席順・DCIナンバー・チームメンバー確認済の列と画面右上の「イベント申込を登録」「戻る」ボタンが描かれ、図の注記に「登録 ボタンの位置を画面下部に移動する」「「戻る」は、前の画面名を表示する」「※ 一行目の会員が支払会員に設定されます。」がある。	high	
sheet-18-R043	MATCHED						src/Eccube/Resource/template/admin/Event/EntryRegistration/edit.twig:259-288	src/Eccube/Resource/template/admin/Event/EntryRegistration/edit.twig:259-288 にDCIナンバーの列が無い。削除指示どおり。	src/Eccube/Resource/template/admin/Event/EntryRegistration/edit.twig:259-288 にDCIナンバーの列が無い。削除指示どおり。	レイアウト図 sheet-18_img1.png を確認。図には席順・DCIナンバー・チームメンバー確認済の列と画面右上の「イベント申込を登録」「戻る」ボタンが描かれ、図の注記に「登録 ボタンの位置を画面下部に移動する」「「戻る」は、前の画面名を表示する」「※ 一行目の会員が支払会員に設定されます。」がある。	high	
sheet-18-R044	MATCHED						src/Eccube/Resource/template/admin/Event/EntryRegistration/edit.twig:259-288	src/Eccube/Resource/template/admin/Event/EntryRegistration/edit.twig:259-288 にチームメンバー確認済のチェックボックスが無い。削除指示どおり。	src/Eccube/Resource/template/admin/Event/EntryRegistration/edit.twig:259-288 にチームメンバー確認済のチェックボックスが無い。削除指示どおり。	レイアウト図 sheet-18_img1.png を確認。図には席順・DCIナンバー・チームメンバー確認済の列と画面右上の「イベント申込を登録」「戻る」ボタンが描かれ、図の注記に「登録 ボタンの位置を画面下部に移動する」「「戻る」は、前の画面名を表示する」「※ 一行目の会員が支払会員に設定されます。」がある。	high	
sheet-18-R045	OUT_OF_SCOPE								「プレイヤー検索」は後続のプレイヤー検索モーダル説明の見出し。	レイアウト図 sheet-18_img1.png を確認。図には席順・DCIナンバー・チームメンバー確認済の列と画面右上の「イベント申込を登録」「戻る」ボタンが描かれ、図の注記に「登録 ボタンの位置を画面下部に移動する」「「戻る」は、前の画面名を表示する」「※ 一行目の会員が支払会員に設定されます。」がある。	high	
sheet-18-R046	MATCHED						src/Eccube/Resource/template/admin/Event/Entry/search_player_modal_list.twig:7-13	src/Eccube/Resource/template/admin/Event/Entry/search_player_modal_list.twig:7-13 の検索結果表の列はID・プレイヤー名・操作のみで、DCIナンバーの列が無い。	src/Eccube/Resource/template/admin/Event/Entry/search_player_modal_list.twig:7-13 の検索結果表の列はID・プレイヤー名・操作のみで、DCIナンバーの列が無い。	レイアウト図 sheet-18_img1.png を確認。プレイヤー検索モーダルの図はこのシートには無く、項目表のみで突合した。	high	
sheet-18-R047	OUT_OF_SCOPE								「カスタマイズ要件に記載の内容以外は現行踏襲とする。」は総則で、個別の実装要求ではない。	レイアウト図 sheet-18_img1.png を確認。プレイヤー検索モーダルの図はこのシートには無く、項目表のみで突合した。	high	
sheet-18-R048	OUT_OF_SCOPE								★見出し行。	レイアウト図 sheet-18_img1.png を確認。プレイヤー検索モーダルの図はこのシートには無く、項目表のみで突合した。	high	
sheet-18-R049	MATCHED						src/Eccube/Resource/template/admin/Event/Entry/search_player_modal_list.twig:7-13;src/Eccube/Resource/template/admin/Event/Entry/search_player_modal_list.twig:22-39	src/Eccube/Resource/template/admin/Event/Entry/search_player_modal_list.twig:7-13 と src/Eccube/Resource/template/admin/Event/Entry/search_player_modal_list.twig:22-39 の検索結果にDCIナンバーの列が無い。	src/Eccube/Resource/template/admin/Event/Entry/search_player_modal_list.twig:7-13 と src/Eccube/Resource/template/admin/Event/Entry/search_player_modal_list.twig:22-39 の検索結果にDCIナンバーの列が無い。	レイアウト図 sheet-18_img1.png を確認。プレイヤー検索モーダルの図はこのシートには無く、項目表のみで突合した。	high	
sheet-18-R050	OUT_OF_SCOPE								「現行の処理内容は後で記載する」は内容が未記載の前置き。	レイアウト図 sheet-18_img1.png を確認。プレイヤー検索モーダルの図はこのシートには無く、項目表のみで突合した。	high	
sheet-18-R051	MATCHED						src/Eccube/Resource/template/admin/Event/EntryRegistration/edit.twig:376-378;src/Eccube/Repository/DtbPlayerRepository.php:59-68	src/Eccube/Resource/template/admin/Event/EntryRegistration/edit.twig:376-378 のテキスト欄に入れた語で検索し、src/Eccube/Repository/DtbPlayerRepository.php:59-68 で各氏名項目への部分一致（前後にワイルドカード）で照合する。	src/Eccube/Resource/template/admin/Event/EntryRegistration/edit.twig:376-378 のテキスト欄に入れた語で検索し、src/Eccube/Repository/DtbPlayerRepository.php:59-68 で各氏名項目への部分一致（前後にワイルドカード）で照合する。	レイアウト図 sheet-18_img1.png を確認。プレイヤー検索モーダルの図はこのシートには無く、項目表のみで突合した。	high	
sheet-18-R052	MATCHED						src/Eccube/Resource/template/admin/Event/EntryRegistration/edit.twig:379-381;src/Eccube/Controller/Admin/Event/EntryRegistrationController.php:265-287	src/Eccube/Resource/template/admin/Event/EntryRegistration/edit.twig:379-381 の「検索する」ボタン押下で入力値を検索条件として結果を取得し（src/Eccube/Controller/Admin/Event/EntryRegistrationController.php:265-287）、モーダル内に一覧を描画する。	src/Eccube/Resource/template/admin/Event/EntryRegistration/edit.twig:379-381 の「検索する」ボタン押下で入力値を検索条件として結果を取得し（src/Eccube/Controller/Admin/Event/EntryRegistrationController.php:265-287）、モーダル内に一覧を描画する。	レイアウト図 sheet-18_img1.png を確認。プレイヤー検索モーダルの図はこのシートには無く、項目表のみで突合した。	high	
sheet-18-R053	MATCHED						src/Eccube/Resource/template/admin/Event/EntryRegistration/edit.twig:371-374	src/Eccube/Resource/template/admin/Event/EntryRegistration/edit.twig:373 の閉じるボタンでモーダルを閉じる。	src/Eccube/Resource/template/admin/Event/EntryRegistration/edit.twig:373 の閉じるボタンでモーダルを閉じる。	レイアウト図 sheet-18_img1.png を確認。プレイヤー検索モーダルの図はこのシートには無く、項目表のみで突合した。	high	
sheet-18-R054	MATCHED						src/Eccube/Resource/template/admin/Event/Entry/search_player_modal_list.twig:8-12;src/Eccube/Resource/template/admin/Event/Entry/search_player_modal_list.twig:22-24	src/Eccube/Resource/template/admin/Event/Entry/search_player_modal_list.twig:9 の見出しと src/Eccube/Resource/template/admin/Event/Entry/search_player_modal_list.twig:23 でプレイヤーIDが数値表示される。	src/Eccube/Resource/template/admin/Event/Entry/search_player_modal_list.twig:9 の見出しと src/Eccube/Resource/template/admin/Event/Entry/search_player_modal_list.twig:23 でプレイヤーIDが数値表示される。	レイアウト図 sheet-18_img1.png を確認。プレイヤー検索モーダルの図はこのシートには無く、項目表のみで突合した。	high	
sheet-18-R055	MATCHED						src/Eccube/Resource/template/admin/Event/Entry/search_player_modal_list.twig:10;src/Eccube/Resource/template/admin/Event/Entry/search_player_modal_list.twig:24	src/Eccube/Resource/template/admin/Event/Entry/search_player_modal_list.twig:10 の見出しと src/Eccube/Resource/template/admin/Event/Entry/search_player_modal_list.twig:24 でプレイヤー名が表示される。	src/Eccube/Resource/template/admin/Event/Entry/search_player_modal_list.twig:10 の見出しと src/Eccube/Resource/template/admin/Event/Entry/search_player_modal_list.twig:24 でプレイヤー名が表示される。	レイアウト図 sheet-18_img1.png を確認。プレイヤー検索モーダルの図はこのシートには無く、項目表のみで突合した。	high	
sheet-18-R056	MATCHED						src/Eccube/Resource/template/admin/Event/Entry/search_player_modal_list.twig:30-37;src/Eccube/Resource/template/admin/Event/EntryRegistration/edit.twig:155-182	src/Eccube/Resource/template/admin/Event/Entry/search_player_modal_list.twig:30-37 の決定ボタン押下で src/Eccube/Resource/template/admin/Event/EntryRegistration/edit.twig:166-181 が選んだプレイヤーを申込画面の参加プレイヤー行へ差し込み、モーダルを閉じる。	src/Eccube/Resource/template/admin/Event/Entry/search_player_modal_list.twig:30-37 の決定ボタン押下で src/Eccube/Resource/template/admin/Event/EntryRegistration/edit.twig:166-181 が選んだプレイヤーを申込画面の参加プレイヤー行へ差し込み、モーダルを閉じる。	レイアウト図 sheet-18_img1.png を確認。プレイヤー検索モーダルの図はこのシートには無く、項目表のみで突合した。	high	
sheet-18-R057	MATCHED						src/Eccube/Resource/template/admin/Event/EntryRegistration/edit.twig:58-83	src/Eccube/Resource/template/admin/Event/EntryRegistration/edit.twig:74-79 で決定後に検索ボタンを隠し削除ボタンを表示する。	src/Eccube/Resource/template/admin/Event/EntryRegistration/edit.twig:74-79 で決定後に検索ボタンを隠し削除ボタンを表示する。	レイアウト図 sheet-18_img1.png を確認。プレイヤー検索モーダルの図はこのシートには無く、項目表のみで突合した。	high	
sheet-18-R058	MATCHED						src/Eccube/Resource/template/admin/Event/Entry/search_player_modal_list.twig:44-50;src/Eccube/Resource/template/admin/Event/EntryRegistration/edit.twig:155-165	src/Eccube/Resource/template/admin/Event/Entry/search_player_modal_list.twig:44-50 のページ送りリンクを src/Eccube/Resource/template/admin/Event/EntryRegistration/edit.twig:156-165 が受けて、選んだページの検索結果へ差し替える。	src/Eccube/Resource/template/admin/Event/Entry/search_player_modal_list.twig:44-50 のページ送りリンクを src/Eccube/Resource/template/admin/Event/EntryRegistration/edit.twig:156-165 が受けて、選んだページの検索結果へ差し替える。	レイアウト図 sheet-18_img1.png を確認。プレイヤー検索モーダルの図はこのシートには無く、項目表のみで突合した。	high	
sheet-18-R059	MATCHED						src/Eccube/Resource/template/admin/Event/Entry/search_player_modal_list.twig:7-13	src/Eccube/Resource/template/admin/Event/Entry/search_player_modal_list.twig:7-13 の検索結果にDCIナンバーの列が無い。削除指示どおり。	src/Eccube/Resource/template/admin/Event/Entry/search_player_modal_list.twig:7-13 の検索結果にDCIナンバーの列が無い。削除指示どおり。	レイアウト図 sheet-18_img1.png を確認。プレイヤー検索モーダルの図はこのシートには無く、項目表のみで突合した。	high	
sheet-18-R060	OUT_OF_SCOPE								現行仕様節の見出し行。	レイアウト図 sheet-18_img1.png を確認。プレイヤー検索モーダルの図はこのシートには無く、項目表のみで突合した。	high	
sheet-18-R061	OUT_OF_SCOPE								現行実装からのリバースであり刷新後は実装不要と正本自身が宣言している前置き。	レイアウト図 sheet-18_img1.png を確認。プレイヤー検索モーダルの図はこのシートには無く、項目表のみで突合した。	high	
sheet-18-R062	OUT_OF_SCOPE								正本が「Excel基本設計により廃止／刷新後に実装する必要はない」と宣言している行。	レイアウト図 sheet-18_img1.png を確認。プレイヤー検索モーダルの図はこのシートには無く、項目表のみで突合した。	high	
sheet-18-R063	OUT_OF_SCOPE								正本が「Excel基本設計により廃止／刷新後に実装する必要はない」と宣言している行。	レイアウト図 sheet-18_img1.png を確認。プレイヤー検索モーダルの図はこのシートには無く、項目表のみで突合した。	high	
sheet-18-R064	OUT_OF_SCOPE								正本が「Excel基本設計により廃止／刷新後に実装する必要はない」と宣言している行。	レイアウト図 sheet-18_img1.png を確認。プレイヤー検索モーダルの図はこのシートには無く、項目表のみで突合した。	high	
sheet-18-R065	OUT_OF_SCOPE								正本が「Excel基本設計により廃止／刷新後に実装する必要はない」と宣言している行。	レイアウト図 sheet-18_img1.png を確認。プレイヤー検索モーダルの図はこのシートには無く、項目表のみで突合した。	high	
sheet-18-R066	OUT_OF_SCOPE								正本が「Excel基本設計により廃止／刷新後に実装する必要はない」と宣言している行。	レイアウト図 sheet-18_img1.png を確認。プレイヤー検索モーダルの図はこのシートには無く、項目表のみで突合した。	high	
sheet-18-R067	OUT_OF_SCOPE								「刷新後は実装しない（廃止）」は廃止宣言の見出し。	レイアウト図 sheet-18_img1.png を確認。プレイヤー検索モーダルの図はこのシートには無く、項目表のみで突合した。	high	
sheet-18-R068	OUT_OF_SCOPE								正本が「刷新後は実装しない」と宣言している廃止行。	レイアウト図 sheet-18_img1.png を確認。プレイヤー検索モーダルの図はこのシートには無く、項目表のみで突合した。	high	
sheet-18-R069	OUT_OF_SCOPE								正本が「刷新後は実装しない」と宣言している廃止行。	レイアウト図 sheet-18_img1.png を確認。プレイヤー検索モーダルの図はこのシートには無く、項目表のみで突合した。	high	
sheet-18-R070	OUT_OF_SCOPE								正本が「刷新後は実装しない」と宣言している廃止行。	レイアウト図 sheet-18_img1.png を確認。プレイヤー検索モーダルの図はこのシートには無く、項目表のみで突合した。	high	
sheet-18-R071	OUT_OF_SCOPE								正本が「刷新後は実装しない」と宣言している廃止行。	レイアウト図 sheet-18_img1.png を確認。プレイヤー検索モーダルの図はこのシートには無く、項目表のみで突合した。	high	
sheet-18-R072	OUT_OF_SCOPE								正本が「刷新後は実装しない」と宣言している廃止行。	レイアウト図 sheet-18_img1.png を確認。プレイヤー検索モーダルの図はこのシートには無く、項目表のみで突合した。	high	
sheet-18-R073	OUT_OF_SCOPE								「新規申込フォームの初期表示」は見出し行。	レイアウト図 sheet-18_img1.png を確認。プレイヤー検索モーダルの図はこのシートには無く、項目表のみで突合した。	high	
sheet-18-R074	MATCHED						src/Eccube/Form/Type/Admin/EventEntryDetailType.php:127-145	src/Eccube/Form/Type/Admin/EventEntryDetailType.php:143-144 で新規申込のとき支払金額に対象イベント日程の参加費が初期表示される。	src/Eccube/Form/Type/Admin/EventEntryDetailType.php:143-144 で新規申込のとき支払金額に対象イベント日程の参加費が初期表示される。	レイアウト図 sheet-18_img1.png を確認。プレイヤー検索モーダルの図はこのシートには無く、項目表のみで突合した。	high	
sheet-18-R075	OUT_OF_SCOPE								「プレイヤー検索」は見出し行。	レイアウト図 sheet-18_img1.png を確認。プレイヤー検索モーダルの図はこのシートには無く、項目表のみで突合した。	high	
sheet-18-R076	MATCHED						src/Eccube/Repository/DtbPlayerRepository.php:59-68	src/Eccube/Repository/DtbPlayerRepository.php:63-66 で会員の姓・名・姓カナ・名カナと、プレイヤーの和名（姓・名）・英名（姓・名）のいずれかに部分一致した場合に該当とする。	src/Eccube/Repository/DtbPlayerRepository.php:63-66 で会員の姓・名・姓カナ・名カナと、プレイヤーの和名（姓・名）・英名（姓・名）のいずれかに部分一致した場合に該当とする。	レイアウト図 sheet-18_img1.png を確認。プレイヤー検索モーダルの図はこのシートには無く、項目表のみで突合した。	high	
sheet-18-R077	MATCHED						src/Eccube/Repository/DtbPlayerRepository.php:61-67;src/Eccube/Util/SqlUtil.php:128-158	src/Eccube/Repository/DtbPlayerRepository.php:61 で検索語を半角スペース・全角スペース・カンマで分割し、src/Eccube/Util/SqlUtil.php:130-157 で分割した語すべてに一致するものだけへ絞り込む。	src/Eccube/Repository/DtbPlayerRepository.php:61 で検索語を半角スペース・全角スペース・カンマで分割し、src/Eccube/Util/SqlUtil.php:130-157 で分割した語すべてに一致するものだけへ絞り込む。	レイアウト図 sheet-18_img1.png を確認。プレイヤー検索モーダルの図はこのシートには無く、項目表のみで突合した。	high	
sheet-18-R078	MATCHED						src/Eccube/Resource/template/admin/Event/Entry/search_player_modal_list.twig:25-37	src/Eccube/Resource/template/admin/Event/Entry/search_player_modal_list.twig:26-29 で登録済・選択済のプレイヤーは押せない状態のボタンとして表示され、決定できない。	src/Eccube/Resource/template/admin/Event/Entry/search_player_modal_list.twig:26-29 で登録済・選択済のプレイヤーは押せない状態のボタンとして表示され、決定できない。	レイアウト図 sheet-18_img1.png を確認。プレイヤー検索モーダルの図はこのシートには無く、項目表のみで突合した。	high	
sheet-18-R079	OUT_OF_SCOPE								「状態／決定欄の表示」は表のヘッダ行。	レイアウト図 sheet-18_img1.png を確認。プレイヤー検索モーダルの図はこのシートには無く、項目表のみで突合した。	high	
sheet-18-R080	MATCHED						src/Eccube/Resource/template/admin/Event/Entry/search_player_modal_list.twig:26-27;src/Eccube/Controller/Admin/Event/EntryRegistrationController.php:300-307	src/Eccube/Controller/Admin/Event/EntryRegistrationController.php:300-307 で同じイベント日程に既に申込済みのプレイヤーを判定し、src/Eccube/Resource/template/admin/Event/Entry/search_player_modal_list.twig:26-27 で「登録済」の押せないボタンとして表示する。	src/Eccube/Controller/Admin/Event/EntryRegistrationController.php:300-307 で同じイベント日程に既に申込済みのプレイヤーを判定し、src/Eccube/Resource/template/admin/Event/Entry/search_player_modal_list.twig:26-27 で「登録済」の押せないボタンとして表示する。	レイアウト図 sheet-18_img1.png を確認。プレイヤー検索モーダルの図はこのシートには無く、項目表のみで突合した。	high	
sheet-18-R081	MATCHED						src/Eccube/Resource/template/admin/Event/Entry/search_player_modal_list.twig:28-29;src/Eccube/Controller/Admin/Event/EntryRegistrationController.php:311-320	src/Eccube/Resource/template/admin/Event/Entry/search_player_modal_list.twig:28-29 で既に選んであるプレイヤーは「選択済」の押せないボタンとして表示される。新規申込画面は参加プレイヤーが1名で、選択後は検索ボタン自体が隠れる（src/Eccube/Resource/template/admin/Event/EntryRegistration/edit.twig:74-79）ため、この状態はモーダル側の表示だけで完結する。	src/Eccube/Resource/template/admin/Event/Entry/search_player_modal_list.twig:28-29 で既に選んであるプレイヤーは「選択済」の押せないボタンとして表示される。新規申込画面は参加プレイヤーが1名で、選択後は検索ボタン自体が隠れる（src/Eccube/Resource/template/admin/Event/EntryRegistration/edit.twig:74-79）ため、この状態はモーダル側の表示だけで完結する。	レイアウト図 sheet-18_img1.png を確認。プレイヤー検索モーダルの図はこのシートには無く、項目表のみで突合した。	med	
sheet-18-R082	MATCHED						src/Eccube/Resource/template/admin/Event/Entry/search_player_modal_list.twig:51-53;src/Eccube/Resource/locale/messages.ja.yaml:1739	src/Eccube/Resource/template/admin/Event/Entry/search_player_modal_list.twig:51-52 で該当0件のときは一覧に代えて「検索条件に合致するデータが見つかりませんでした」（src/Eccube/Resource/locale/messages.ja.yaml:1739）を表示する。	src/Eccube/Resource/template/admin/Event/Entry/search_player_modal_list.twig:51-52 で該当0件のときは一覧に代えて「検索条件に合致するデータが見つかりませんでした」（src/Eccube/Resource/locale/messages.ja.yaml:1739）を表示する。	レイアウト図 sheet-18_img1.png を確認。プレイヤー検索モーダルの図はこのシートには無く、項目表のみで突合した。	high	
sheet-18-R083	OUT_OF_SCOPE								「登録」は見出し行。	レイアウト図 sheet-18_img1.png を確認。プレイヤー検索モーダルの図はこのシートには無く、項目表のみで突合した。	high	
sheet-18-R084	OUT_OF_SCOPE								登録成功後の遷移先は、リニューアル後の表示メッセージ M13-12-MSG-002 が「イベント申込検索画面に遷移する」と定めており、現行仕様の「編集画面へ移る」と食い違う。後者（リニューアル後）が優先されるため現行仕様側は対象外。	レイアウト図 sheet-18_img1.png を確認。プレイヤー検索モーダルの図はこのシートには無く、項目表のみで突合した。	high	
sheet-18-R085	OUT_OF_SCOPE								「エラー時の扱い」は見出し行。	レイアウト図 sheet-18_img1.png を確認。プレイヤー検索モーダルの図はこのシートには無く、項目表のみで突合した。	high	
sheet-18-R086	MATCHED						src/Eccube/Controller/Admin/Event/EntryRegistrationController.php:159-166	src/Eccube/Controller/Admin/Event/EntryRegistrationController.php:161 で指定のイベント日程が存在しなければ「ページが見つかりません」となり、画面上のメッセージは出さない。	src/Eccube/Controller/Admin/Event/EntryRegistrationController.php:161 で指定のイベント日程が存在しなければ「ページが見つかりません」となり、画面上のメッセージは出さない。	レイアウト図 sheet-18_img1.png を確認。プレイヤー検索モーダルの図はこのシートには無く、項目表のみで突合した。	high	
sheet-18-R087	DRIFT	P3	実装違い	ふるまい	登録失敗を表示し、新規申込画面へ戻す	申込が登録されないまま新規申込画面へ戻ったときは、登録できなかったことが画面上のメッセージとして操作者に伝わる。	src/Eccube/Controller/Admin/Event/EntryRegistrationController.php:188-227;src/Eccube/Resource/template/admin/Event/EntryRegistration/edit.twig:207-220;src/Eccube/Resource/template/admin/Event/EntryRegistration/edit.twig:387	src/Eccube/Controller/Admin/Event/EntryRegistrationController.php:188-211 は登録に成功したときと登録処理で例外が出たときにだけメッセージを出す。入力内容の検証に通らず登録されなかった場合は src/Eccube/Controller/Admin/Event/EntryRegistrationController.php:221-226 でそのまま新規申込画面を描き直すだけで、src/Eccube/Resource/template/admin/Event/EntryRegistration/edit.twig:207-220 と src/Eccube/Resource/template/admin/Event/EntryRegistration/edit.twig:387 は参加プレイヤーやフォーム全体の検証エラーを描画しないため、画面には何も出ない。	検証エラーの描画は src/Eccube/Resource/template/admin/Event/EntryRegistration/edit.twig:300-320 の申込状況・支払方法・支払金額に限られ、参加プレイヤー欄（src/Eccube/Resource/template/admin/Event/EntryRegistration/edit.twig:220）とフォーム全体のエラーは出力されない。登録されなかったことが画面上で分からない。	レイアウト図 sheet-18_img1.png を確認。プレイヤー検索モーダルの図はこのシートには無く、項目表のみで突合した。	med	EntryRegistrationController-no-error-message-on-invalid-submit
sheet-18-R088	OUT_OF_SCOPE								支払金額はカスタマイズ要件「支払金額の項目は参照のみとする」により画面から入力できない項目になっており（実装も操作不可）、現行仕様の金額入力エラーとは食い違う。後者（リニューアル後のカスタマイズ）が優先されるため対象外。	レイアウト図 sheet-18_img1.png を確認。プレイヤー検索モーダルの図はこのシートには無く、項目表のみで突合した。	high	
sheet-18-R089	NOT_IMPLEMENTED	P2	未実装	ふるまい	参加者重複 申込重複のメッセージを表示し、新規申込画面へ戻す	同じイベント日程に既に申し込んでいるプレイヤーで登録しようとしたときは、申込は作られず、重複している旨のメッセージを表示して新規申込画面へ戻る。	src/Eccube/Service/Admin/Event/EntryRegistrationStoreAction.php:39-76;src/Eccube/Controller/Admin/Event/EntryRegistrationController.php:188-211	src/Eccube/Service/Admin/Event/EntryRegistrationStoreAction.php:39-75 は参加プレイヤーが同じイベント日程に既に申し込んでいるかを確かめずに申込と申込プレイヤーを登録する。src/Eccube/Controller/Admin/Event/EntryRegistrationController.php:188-211 にも重複時の分岐が無く、重複した申込がそのまま登録される。検索モーダルで登録済のプレイヤーを選べなくしているだけで、登録時の判定は無い。	src/Eccube/Service/Admin/Event/EntryRegistrationStoreAction.php と src/Eccube/Controller/Admin/Event/EntryRegistrationController.php の登録経路に重複判定が無く、申込プレイヤーにも重複を防ぐ一意制約が無い（src/Eccube/Entity/DtbEntryPlayer.php:22 のテーブル定義に一意制約の指定が無い）。	レイアウト図 sheet-18_img1.png を確認。プレイヤー検索モーダルの図はこのシートには無く、項目表のみで突合した。	med	EntryRegistrationStoreAction-no-duplicate-entry-check
sheet-18-R090	MATCHED						src/Eccube/Controller/Admin/Event/EntryRegistrationController.php:159-191;src/Eccube/Resource/template/admin/Event/EntryRegistration/edit.twig:217-220;src/Eccube/Form/Type/Admin/EventEntryDetailType.php:127-145	src/Eccube/Controller/Admin/Event/EntryRegistrationController.php:159-161 でイベント日程を受け取り、src/Eccube/Resource/template/admin/Event/EntryRegistration/edit.twig:217 のなりすまし対策の値と src/Eccube/Resource/template/admin/Event/EntryRegistration/edit.twig:220 の参加プレイヤーが送られる。支払金額はカスタマイズにより参照のみとなり、src/Eccube/Form/Type/Admin/EventEntryDetailType.php:143-144 の参加費が申込の金額として登録される。	src/Eccube/Controller/Admin/Event/EntryRegistrationController.php:159-161 でイベント日程を受け取り、src/Eccube/Resource/template/admin/Event/EntryRegistration/edit.twig:217 のなりすまし対策の値と src/Eccube/Resource/template/admin/Event/EntryRegistration/edit.twig:220 の参加プレイヤーが送られる。支払金額はカスタマイズにより参照のみとなり、src/Eccube/Form/Type/Admin/EventEntryDetailType.php:143-144 の参加費が申込の金額として登録される。	レイアウト図 sheet-18_img1.png を確認。プレイヤー検索モーダルの図はこのシートには無く、項目表のみで突合した。	high	
sheet-18-R091	MATCHED						src/Eccube/Service/Admin/Event/EntryRegistrationStoreAction.php:39-75;src/Eccube/Controller/Admin/Event/EntryRegistrationController.php:203-205	src/Eccube/Service/Admin/Event/EntryRegistrationStoreAction.php:52-72 で申込・申込プレイヤー・申込履歴が登録され、src/Eccube/Controller/Admin/Event/EntryRegistrationController.php:203 で完了メッセージを表示する。移動先はリニューアル後の M13-12-MSG-002 が定めるイベント申込検索画面（src/Eccube/Controller/Admin/Event/EntryRegistrationController.php:205）で、現行仕様の「編集画面への移動」はこれに置き換わっているため対象外とした。	src/Eccube/Service/Admin/Event/EntryRegistrationStoreAction.php:52-72 で申込・申込プレイヤー・申込履歴が登録され、src/Eccube/Controller/Admin/Event/EntryRegistrationController.php:203 で完了メッセージを表示する。移動先はリニューアル後の M13-12-MSG-002 が定めるイベント申込検索画面（src/Eccube/Controller/Admin/Event/EntryRegistrationController.php:205）で、現行仕様の「編集画面への移動」はこれに置き換わっているため対象外とした。	レイアウト図 sheet-18_img1.png を確認。プレイヤー検索モーダルの図はこのシートには無く、項目表のみで突合した。	high	
sheet-18-R092	DRIFT	P3	実装違い	ふるまい	未送信・検証NGはエラーを表示のうえ新規申込画面へ戻す。	登録に至らなかったときは、その理由が画面上のメッセージとして示されたうえで新規申込画面に戻る。イベント日程が無い場合はページが見つからない扱いとする。	src/Eccube/Controller/Admin/Event/EntryRegistrationController.php:188-227;src/Eccube/Resource/template/admin/Event/EntryRegistration/edit.twig:207-220;src/Eccube/Resource/template/admin/Event/EntryRegistration/edit.twig:387	イベント日程が無い場合の扱い（src/Eccube/Controller/Admin/Event/EntryRegistrationController.php:161-166）は設計どおりだが、検証に通らなかったときは src/Eccube/Controller/Admin/Event/EntryRegistrationController.php:221-226 が新規申込画面を描き直すだけで、src/Eccube/Resource/template/admin/Event/EntryRegistration/edit.twig:220 の参加プレイヤー欄と src/Eccube/Resource/template/admin/Event/EntryRegistration/edit.twig:387 のフォーム全体の検証エラーが描画されないため、画面上にエラーが出ない。	src/Eccube/Controller/Admin/Event/EntryRegistrationController.php:206-210 の例外時以外にメッセージを出す経路が無く、検証NGは無言で画面が戻る。sheet-18-R087・R098 と同一の実装欠陥。	レイアウト図 sheet-18_img1.png を確認。プレイヤー検索モーダルの図はこのシートには無く、項目表のみで突合した。	med	EntryRegistrationController-no-error-message-on-invalid-submit
sheet-18-R093	OUT_OF_SCOPE								「入出力: 永続化」は見出し行。	レイアウト図 sheet-18_img1.png を確認。プレイヤー検索モーダルの図はこのシートには無く、項目表のみで突合した。	high	
sheet-18-R094	MATCHED						src/Eccube/Service/Admin/Event/EntryRegistrationStoreAction.php:41-75	src/Eccube/Service/Admin/Event/EntryRegistrationStoreAction.php:52-72 で検証に通った新規申込の登録時に、申込・申込プレイヤー・申込履歴を記録する。	src/Eccube/Service/Admin/Event/EntryRegistrationStoreAction.php:52-72 で検証に通った新規申込の登録時に、申込・申込プレイヤー・申込履歴を記録する。	レイアウト図 sheet-18_img1.png を確認。プレイヤー検索モーダルの図はこのシートには無く、項目表のみで突合した。	high	
sheet-18-R095	MATCHED						src/Eccube/Controller/Admin/Event/EntryRegistrationController.php:203-205;src/Eccube/Resource/locale/messages.ja.yaml:1595	src/Eccube/Controller/Admin/Event/EntryRegistrationController.php:203 で登録成功時に管理画面上部へ「保存しました」（src/Eccube/Resource/locale/messages.ja.yaml:1595）を出し、src/Eccube/Controller/Admin/Event/EntryRegistrationController.php:205 で当該イベント日程のイベント申込検索画面へ遷移する。	src/Eccube/Controller/Admin/Event/EntryRegistrationController.php:203 で登録成功時に管理画面上部へ「保存しました」（src/Eccube/Resource/locale/messages.ja.yaml:1595）を出し、src/Eccube/Controller/Admin/Event/EntryRegistrationController.php:205 で当該イベント日程のイベント申込検索画面へ遷移する。	レイアウト図 sheet-18_img1.png を確認。プレイヤー検索モーダルの図はこのシートには無く、項目表のみで突合した。	high	
sheet-18-R096	MATCHED						src/Eccube/Form/Type/Admin/EntryRegisterSearchType.php:88-99;src/Eccube/Resource/locale/messages.ja.yaml:1615;src/Eccube/Controller/Admin/Event/EntryRegistrationController.php:94-109	src/Eccube/Form/Type/Admin/EntryRegisterSearchType.php:96 で開始日時の開始が終了より後のとき「終了日時は、開始日時より大きく設定してください」（src/Eccube/Resource/locale/messages.ja.yaml:1615）を対象の入力項目のエラーとして付け、src/Eccube/Controller/Admin/Event/EntryRegistrationController.php:102-108 でイベント申込登録の画面に留まったまま再表示する。	src/Eccube/Form/Type/Admin/EntryRegisterSearchType.php:96 で開始日時の開始が終了より後のとき「終了日時は、開始日時より大きく設定してください」（src/Eccube/Resource/locale/messages.ja.yaml:1615）を対象の入力項目のエラーとして付け、src/Eccube/Controller/Admin/Event/EntryRegistrationController.php:102-108 でイベント申込登録の画面に留まったまま再表示する。	レイアウト図 sheet-18_img1.png を確認。プレイヤー検索モーダルの図はこのシートには無く、項目表のみで突合した。	high	
sheet-18-R097	DESIGN_ISSUE				登録が完了しました。 申込の新規登録が成功したとき 登録した申込の編集画面へ移る	申込の新規登録が成功したときの画面上の文言と移動先を1つに定めること。	src/Eccube/Controller/Admin/Event/EntryRegistrationController.php:203-205	src/Eccube/Controller/Admin/Event/EntryRegistrationController.php:203-205 は「保存しました」を表示してイベント申込検索画面へ遷移しており、M13-12-MSG-002 の記述と一致する。	同じ表示メッセージ表の中で、同じ「申込の新規登録が成功したとき」に対し M13-12-MSG-002 が『保存しました／イベント申込検索画面に遷移する』、この行が『登録が完了しました。／登録した申込の編集画面へ移る』と、文言も移動先も食い違っている。どちらを正とするか設計裁定が要る。	レイアウト図 sheet-18_img1.png を確認。プレイヤー検索モーダルの図はこのシートには無く、項目表のみで突合した。	med	
sheet-18-R098	DRIFT	P3	実装違い	ふるまい	登録できませんでした。 未送信で登録できなかったとき 登録せず新規申込画面へ戻る	送信内容が受け付けられず登録できなかったときは、管理画面上部に登録できなかった旨のメッセージを出したうえで新規申込画面へ戻る。	src/Eccube/Controller/Admin/Event/EntryRegistrationController.php:188-227;src/Eccube/Resource/template/admin/Event/EntryRegistration/edit.twig:387	src/Eccube/Controller/Admin/Event/EntryRegistrationController.php:206-210 は登録処理で例外が出たときだけ管理画面上部にメッセージを出す。送信内容が検証に通らず登録されなかった場合は src/Eccube/Controller/Admin/Event/EntryRegistrationController.php:221-226 が画面を描き直すだけで、管理画面上部にも入力項目にも何も表示されない（src/Eccube/Resource/template/admin/Event/EntryRegistration/edit.twig:387 は未描画のエラーを出さない）。	sheet-18-R087・R092 と同一の実装欠陥。登録できなかったことを操作者に伝える表示が無い。	レイアウト図 sheet-18_img1.png を確認。プレイヤー検索モーダルの図はこのシートには無く、項目表のみで突合した。	med	EntryRegistrationController-no-error-message-on-invalid-submit
sheet-18-R099	OUT_OF_SCOPE								支払金額はカスタマイズ要件「支払金額の項目は参照のみとする」により入力できない項目に変更されており、金額の入力エラーは発生しない。現行仕様由来のこのメッセージはカスタマイズと食い違うため対象外。	レイアウト図 sheet-18_img1.png を確認。プレイヤー検索モーダルの図はこのシートには無く、項目表のみで突合した。	high	
sheet-18-R100	NOT_IMPLEMENTED	P2	未実装	ふるまい	参加者が重複しているとき（申込重複用の文言） 登録せず新規申込画面へ戻る	参加者が重複しているときは申込を登録せず、新規申込画面へ戻す。	src/Eccube/Service/Admin/Event/EntryRegistrationStoreAction.php:39-76;src/Eccube/Controller/Admin/Event/EntryRegistrationController.php:188-211	src/Eccube/Service/Admin/Event/EntryRegistrationStoreAction.php:39-75 は同じイベント日程への重複申込を判定せずに登録するため、重複しても登録が成立し、新規申込画面へ戻ることもない。	sheet-18-R089 と同一の実装欠陥（登録時の重複判定が無い）。表示文言は正本でも未定のため、判定は「登録せず新規申込画面へ戻る」というふるまいに対して行った。	レイアウト図 sheet-18_img1.png を確認。プレイヤー検索モーダルの図はこのシートには無く、項目表のみで突合した。	med	EntryRegistrationStoreAction-no-duplicate-entry-check
sheet-19-R001	MATCHED				・イベントと、それに紐づく日程情報をCSVで一括登録できる。		src/Eccube/Controller/Admin/Event/EventEntryBulkCsvController.php:137;src/Eccube/Service/Csv/Importer/Event/EventBulkCsvImportHandler.php:473;src/Eccube/Service/Csv/Importer/Event/EventBulkCsvImportHandler.php:551	管理画面のイベント一括登録でCSVを取り込み、1行からイベントを1件作り、開始時間の記入があればそのイベントに紐づく日程を1件併せて登録する。	src/Eccube/Controller/Admin/Event/EventEntryBulkCsvController.php:137 でアップロードされたCSVを取り込み、src/Eccube/Service/Csv/Importer/Event/EventBulkCsvImportHandler.php:473 で行の内容からイベントを登録、開始時間が入力されている行では同 :551 で当該イベントに紐づく日程を併せて登録する。イベントと日程をCSVで一括登録できるという設計に一致する。	sheet-19_img1.png を確認。イベント登録CSVのファイル選択・アップロードと、イベント登録CSVファイルフォーマットの一覧が描かれており、イベント項目と日程項目（受付・オンライン受付等）が同一CSVに並ぶ構成であることを確認した。	high	
sheet-19-R002	MATCHED				・新規登録のみ行える。		src/Eccube/Service/Csv/Importer/Event/EventBulkCsvImportHandler.php:56-98;src/Eccube/Service/Csv/Importer/Event/EventBulkCsvImportHandler.php:473;src/Eccube/Service/Csv/Importer/Event/EventBulkCsvImportHandler.php:474	CSVの列に既存イベントを指す識別子の欄が無く、取り込みは常に新しいイベントとして登録する。既存イベントを書き換える経路は無い。	src/Eccube/Service/Csv/Importer/Event/EventBulkCsvImportHandler.php:56-98 の取り込み対象列にイベントを特定する識別子の欄が無く、同 :473-474 で常に既存イベントを渡さずに新規イベントとして登録する。既存イベントを引き当てて上書きする分岐が無いため、設計の「新規登録のみ行える」に一致する。	sheet-19_img1.png のフォーマット表にもイベントを特定するID列は無く、イベント名・店舗などの内容列のみであることを確認した。	high	
sheet-19-R003	MATCHED				・1つの1ベントに複数の日程は登録できない。		src/Eccube/Service/Csv/Importer/Event/EventBulkCsvImportHandler.php:507;src/Eccube/Service/Csv/Importer/Event/EventBulkCsvImportHandler.php:551;src/Eccube/Service/Csv/Importer/Event/EventBulkCsvImportHandler.php:569	CSV1行につき開始時間は1つしか書けず、登録される日程も最大1件。既存イベントに日程だけを追加する経路が無いため、1イベントに日程が2件以上付くことはない。	src/Eccube/Service/Csv/Importer/Event/EventBulkCsvImportHandler.php:507 で開始時間の記入有無を見て、記入があるときだけ同 :551 で日程を1件だけ作り :569 でそのイベントに紐づける。行ごとに必ず新しいイベントを作るため同一イベントへ2件目の日程が付く経路が無く、設計の「1つのイベントに複数の日程は登録できない」に一致する。	sheet-19_img1.png のフォーマット表でも日程系の列（開始時間・受付・オンライン受付・定員_日程・参加費_日程等）は1組しか用意されていないことを確認した。	high	
sheet-19-R004	MATCHED				・親イベント情報に支払方法（クレジットカード決済）の設定がないのに日程情報のオンライン受付が「あり」かつ参加費が有料とされている場合はエラーとする。		src/Eccube/Service/Csv/Importer/Event/EventBulkCsvImportHandler.php:310;src/Eccube/Service/Csv/Importer/Event/EventBulkCsvImportHandler.php:311;src/Eccube/Resource/locale/messages.ja.yaml:5978	クレジットカード支払いが「あり」でない行で、オンライン受付が「あり」かつ日程の参加費が0円より大きい場合、取り込みを中止し「オンライン受付が「あり」かつ参加費が有料の日程を登録するには、クレジットカード支払いを「あり」にしてください。」を行番号付きで表示する。	src/Eccube/Service/Csv/Importer/Event/EventBulkCsvImportHandler.php:310 でクレジットカード支払いが「あり」でない・オンライン受付が「あり」・有効な参加費が0円超、の3条件が揃う行を検出し、同 :311 でエラーを積んで取り込みを中止する。参加費は日程側が空なら親イベントの参加費を使うため、設計の「参加費が有料」の判定とも一致する。文言は src/Eccube/Resource/locale/messages.ja.yaml:5978。	sheet-19_img1.png のフォーマット表にクレジットカード支払い列・オンライン受付列・参加費列が存在することを確認した。	high	
sheet-19-R005	MATCHED				"1	CSVファイル選択	ボタン"		src/Eccube/Resource/template/admin/Event/Entry/event_bulk_csv_import.twig:61;src/Eccube/Resource/template/admin/Event/Entry/event_bulk_csv_import.twig:67;src/Eccube/Resource/template/admin/Event/Entry/event_bulk_csv_import.twig:68	「CSVファイル選択」の見出しの右に「ファイルを選択」ボタンがあり、押すとファイル選択が開く。未選択時は「選択されていません」、選択後はファイル名が並んで表示される。	src/Eccube/Resource/template/admin/Event/Entry/event_bulk_csv_import.twig:61 に「CSVファイル選択」の表示があり、同 :67 に押下でファイル選択を開くボタン、:68 に選択状態の表示がある。識別ID:1 のCSVファイル選択ボタンとして実装されている。	sheet-19_img1.png の「CSVファイル選択」行に「ファイルを選択」ボタンと「選択されていません」の表示があり、実装の並びと一致することを確認した。	high	
sheet-19-R006	MATCHED				"2	CSVファイルのアップロード	ボタン"		src/Eccube/Resource/template/admin/Event/Entry/event_bulk_csv_import.twig:72;src/Eccube/Resource/template/admin/Event/Entry/event_bulk_csv_import.twig:64;src/Eccube/Controller/Admin/Event/EventEntryBulkCsvController.php:90	ファイル選択欄の下にアップロード実行ボタンがあり、押すと選択したCSVが送られて取り込みが走る。ファイル未選択の間は押せない。ボタンの文字は「一括登録を実行」で、レイアウト図の「CSVファイルのアップロード」とは表記が異なる。	src/Eccube/Resource/template/admin/Event/Entry/event_bulk_csv_import.twig:72 にCSVを送信して取り込みを開始するボタンがあり、同 :64 のフォームから src/Eccube/Controller/Admin/Event/EventEntryBulkCsvController.php:90 の取り込み処理へ渡る。識別ID:2 のアップロード用ボタンとして実装されている。ボタン表記は「一括登録を実行」でレイアウト図の文言と異なるが、項目定義表のラベル欄だけを根拠にした表記差であり、ふるまいは設計どおりのため MATCHED とした。	sheet-19_img1.png ではこのボタンの表示文字が「CSVファイルのアップロード」。実装は「一括登録を実行」で、文字だけが異なる。	med	
sheet-19-R007	MATCHED				"3	CSVファイルフォーマット	ラベル"		src/Eccube/Resource/template/admin/Event/Entry/event_bulk_csv_import.twig:84;src/Eccube/Resource/template/admin/Event/Entry/event_bulk_csv_import.twig:97;src/Eccube/Controller/Admin/Event/EventEntryBulkCsvController.php:81	「CSVファイルフォーマット」の見出しの下に、取り込みCSVの各列名と、必須の印・書式の説明を並べた表が表示される。	src/Eccube/Resource/template/admin/Event/Entry/event_bulk_csv_import.twig:84 に「CSVファイルフォーマット」の表示があり、同 :97 以降で列名・必須表示・説明を並べる。表示内容は src/Eccube/Controller/Admin/Event/EventEntryBulkCsvController.php:81 で列の並び・必須・説明から組み立てられる。識別ID:3 のラベルとして実装されている。	sheet-19_img1.png では「イベント登録CSVファイルフォーマット」の見出しの下に列名と必須表示・「複数指定の場合は,(カンマ)区切り」等の説明が並ぶ。実装は同じ内容を縦並びの表で表示する（並べ方のみ異なる）。	high	
sheet-19-R008	MATCHED				"4	雛形ファイルダウンロード	ボタン"		src/Eccube/Resource/template/admin/Event/Entry/event_bulk_csv_import.twig:89;src/Eccube/Controller/Admin/Event/EventEntryBulkCsvController.php:182;src/Eccube/Controller/Admin/Event/EventEntryBulkCsvController.php:192	CSVファイルフォーマットの見出し右に「雛形ファイルダウンロード」ボタンがあり、押すと取り込み用の列名だけを並べた雛形CSVが取得できる。	src/Eccube/Resource/template/admin/Event/Entry/event_bulk_csv_import.twig:89 に「雛形ファイルダウンロード」ボタンがあり、押下時に src/Eccube/Controller/Admin/Event/EventEntryBulkCsvController.php:182 が列名だけの雛形CSVを組み立てて :192 で出力する。識別ID:4 のボタンとして実装されている。	sheet-19_img1.png の「イベント登録CSVファイルフォーマット」見出しの右に「雛形ファイルダウンロード」ボタンがあり、実装の配置と一致する。	high	
sheet-20-R001	OUT_OF_SCOPE								ブロック見出しの行（表題）であり、何がどうなるかを述べていない。実装対象の要求ではない。	本シートは画像0枚。レイアウト図は無く、CSV項目表のみで判定した。	high	
sheet-20-R002	OUT_OF_SCOPE								CSV項目表のヘッダ行（『または最大値／入力例／備考』）であり要求ではない。	本シートは画像0枚。レイアウト図は無く、CSV項目表のみで判定した。	high	
sheet-20-R003	MATCHED						src/Eccube/Service/Csv/Importer/Event/EventBulkCsvImportHandler.php:648		イベント一括登録CSVの取込は src/Eccube/Service/Csv/Importer/Event/EventBulkCsvImportHandler.php の列定義で実装されており、画面(src/Eccube/Controller/Admin/Event/EventEntryBulkCsvController.php:79-86)は同じ列定義から項目表を描画する。イベント名(日)は必須の文字列列として定義されている。	本シートは画像0枚。レイアウト図は無く、CSV項目表のみで判定した。	high	
sheet-20-R004	MATCHED						src/Eccube/Service/Csv/Importer/Event/EventBulkCsvImportHandler.php:652		イベント一括登録CSVの取込は src/Eccube/Service/Csv/Importer/Event/EventBulkCsvImportHandler.php の列定義で実装されており、画面(src/Eccube/Controller/Admin/Event/EventEntryBulkCsvController.php:79-86)は同じ列定義から項目表を描画する。イベント名(英)は必須の文字列列として定義されている。	本シートは画像0枚。レイアウト図は無く、CSV項目表のみで判定した。	high	
sheet-20-R005	MATCHED						src/Eccube/Service/Csv/Importer/Event/EventBulkCsvImportHandler.php:656		イベント一括登録CSVの取込は src/Eccube/Service/Csv/Importer/Event/EventBulkCsvImportHandler.php の列定義で実装されており、画面(src/Eccube/Controller/Admin/Event/EventEntryBulkCsvController.php:79-86)は同じ列定義から項目表を描画する。店舗は必須の文字列列。取込時に店舗名からBaseInfoを解決し(src/Eccube/Service/Csv/Importer/Event/EventBulkCsvImportHandler.php:884)、担当者が編集可能な店舗でなければ行エラーで取り込まない(src/Eccube/Service/Csv/Importer/Event/EventBulkCsvImportHandler.php:258-263)。	本シートは画像0枚。レイアウト図は無く、CSV項目表のみで判定した。	high	
sheet-20-R006	OUT_OF_SCOPE								正本自身が『2026/6/11 会場は不要のため削除』と削除を宣言している列であり、踏襲対象ではない。実装(src/Eccube/Service/Csv/Importer/Event/EventBulkCsvImportHandler.php:55-99)の取込列にも会場は無い。	本シートは画像0枚。レイアウト図は無く、CSV項目表のみで判定した。	high	
sheet-20-R007	MATCHED						src/Eccube/Service/Csv/Importer/Event/EventBulkCsvImportHandler.php:660		イベント一括登録CSVの取込は src/Eccube/Service/Csv/Importer/Event/EventBulkCsvImportHandler.php の列定義で実装されており、画面(src/Eccube/Controller/Admin/Event/EventEntryBulkCsvController.php:79-86)は同じ列定義から項目表を描画する。フォーマットは必須列で、カンマ(および読点)区切りで複数指定を分割し、1つでも未登録なら行エラーとする(src/Eccube/Service/Csv/Importer/Event/EventBulkCsvImportHandler.php:921-932, src/Eccube/Service/Csv/Importer/Event/EventBulkCsvImportHandler.php:265-271)。	本シートは画像0枚。レイアウト図は無く、CSV項目表のみで判定した。	high	
sheet-20-R008	MATCHED						src/Eccube/Service/Csv/Importer/Event/EventBulkCsvImportHandler.php:664		イベント一括登録CSVの取込は src/Eccube/Service/Csv/Importer/Event/EventBulkCsvImportHandler.php の列定義で実装されており、画面(src/Eccube/Controller/Admin/Event/EventEntryBulkCsvController.php:79-86)は同じ列定義から項目表を描画する。ルール適用度は必須列で、名称からマスタを解決できなければ行エラーとする(src/Eccube/Service/Csv/Importer/Event/EventBulkCsvImportHandler.php:934-937, src/Eccube/Service/Csv/Importer/Event/EventBulkCsvImportHandler.php:273-279)。	本シートは画像0枚。レイアウト図は無く、CSV項目表のみで判定した。	high	
sheet-20-R009	MATCHED						src/Eccube/Service/Csv/Importer/Event/EventBulkCsvImportHandler.php:668		イベント一括登録CSVの取込は src/Eccube/Service/Csv/Importer/Event/EventBulkCsvImportHandler.php の列定義で実装されており、画面(src/Eccube/Controller/Admin/Event/EventEntryBulkCsvController.php:79-86)は同じ列定義から項目表を描画する。公開状態は必須列で、『公開』『非公開』を表示/非表示に解決する(src/Eccube/Service/Csv/Importer/Event/EventBulkCsvImportHandler.php:939-949)。解決できなければ行エラー(src/Eccube/Service/Csv/Importer/Event/EventBulkCsvImportHandler.php:281-287)。	本シートは画像0枚。レイアウト図は無く、CSV項目表のみで判定した。	high	
sheet-20-R010	MATCHED						src/Eccube/Service/Csv/Importer/Event/EventBulkCsvImportHandler.php:672		イベント一括登録CSVの取込は src/Eccube/Service/Csv/Importer/Event/EventBulkCsvImportHandler.php の列定義で実装されており、画面(src/Eccube/Controller/Admin/Event/EventEntryBulkCsvController.php:79-86)は同じ列定義から項目表を描画する。バナーURL(日)は任意の文字列列として定義され、取込時にイベントへ設定される(src/Eccube/Service/Csv/Importer/Event/EventBulkCsvImportHandler.php:489)。	本シートは画像0枚。レイアウト図は無く、CSV項目表のみで判定した。	high	
sheet-20-R011	MATCHED						src/Eccube/Service/Csv/Importer/Event/EventBulkCsvImportHandler.php:676		イベント一括登録CSVの取込は src/Eccube/Service/Csv/Importer/Event/EventBulkCsvImportHandler.php の列定義で実装されており、画面(src/Eccube/Controller/Admin/Event/EventEntryBulkCsvController.php:79-86)は同じ列定義から項目表を描画する。バナーURL(英)は任意の文字列列として定義され、取込時にイベントへ設定される(src/Eccube/Service/Csv/Importer/Event/EventBulkCsvImportHandler.php:490)。	本シートは画像0枚。レイアウト図は無く、CSV項目表のみで判定した。	high	
sheet-20-R012	MATCHED						src/Eccube/Service/Csv/Importer/Event/EventBulkCsvImportHandler.php:680		イベント一括登録CSVの取込は src/Eccube/Service/Csv/Importer/Event/EventBulkCsvImportHandler.php の列定義で実装されており、画面(src/Eccube/Controller/Admin/Event/EventEntryBulkCsvController.php:79-86)は同じ列定義から項目表を描画する。定員は必須の整数列で、下限チェックの上イベントの定員として登録される(src/Eccube/Service/Csv/Importer/Event/EventBulkCsvImportHandler.php:225-231, src/Eccube/Service/Csv/Importer/Event/EventBulkCsvImportHandler.php:478)。チーム戦=1のときは同じ定員の値が組数として扱われる(src/Eccube/Service/Csv/Importer/Event/EventBulkCsvImportHandler.php:470-471)。	本シートは画像0枚。レイアウト図は無く、CSV項目表のみで判定した。	high	
sheet-20-R013	MATCHED						src/Eccube/Service/Csv/Importer/Event/EventBulkCsvImportHandler.php:686		イベント一括登録CSVの取込は src/Eccube/Service/Csv/Importer/Event/EventBulkCsvImportHandler.php の列定義で実装されており、画面(src/Eccube/Controller/Admin/Event/EventEntryBulkCsvController.php:79-86)は同じ列定義から項目表を描画する。チーム戦は必須の整数列で、0/1以外は行エラー(src/Eccube/Service/Csv/Importer/Event/EventBulkCsvImportHandler.php:241-247)。1のときチーム戦として登録される(src/Eccube/Service/Csv/Importer/Event/EventBulkCsvImportHandler.php:470-471)。	本シートは画像0枚。レイアウト図は無く、CSV項目表のみで判定した。	high	
sheet-20-R014	MATCHED						src/Eccube/Service/Csv/Importer/Event/EventBulkCsvImportHandler.php:692		イベント一括登録CSVの取込は src/Eccube/Service/Csv/Importer/Event/EventBulkCsvImportHandler.php の列定義で実装されており、画面(src/Eccube/Controller/Admin/Event/EventEntryBulkCsvController.php:79-86)は同じ列定義から項目表を描画する。クレジットカード支払いは任意の文字列列で、『あり』『なし』以外は行エラー(src/Eccube/Service/Csv/Importer/Event/EventBulkCsvImportHandler.php:289-295)。『あり』のときクレジット決済を紐づける(src/Eccube/Service/Csv/Importer/Event/EventBulkCsvImportHandler.php:463-468)。	本シートは画像0枚。レイアウト図は無く、CSV項目表のみで判定した。	high	
sheet-20-R015	MATCHED						src/Eccube/Service/Csv/Importer/Event/EventBulkCsvImportHandler.php:696		イベント一括登録CSVの取込は src/Eccube/Service/Csv/Importer/Event/EventBulkCsvImportHandler.php の列定義で実装されており、画面(src/Eccube/Controller/Admin/Event/EventEntryBulkCsvController.php:79-86)は同じ列定義から項目表を描画する。参加費は必須の整数列で、負値は行エラー(src/Eccube/Service/Csv/Importer/Event/EventBulkCsvImportHandler.php:233-239)。	本シートは画像0枚。レイアウト図は無く、CSV項目表のみで判定した。	high	
sheet-20-R016	MATCHED						src/Eccube/Service/Csv/Importer/Event/EventBulkCsvImportHandler.php:702		イベント一括登録CSVの取込は src/Eccube/Service/Csv/Importer/Event/EventBulkCsvImportHandler.php の列定義で実装されており、画面(src/Eccube/Controller/Admin/Event/EventEntryBulkCsvController.php:79-86)は同じ列定義から項目表を描画する。賞品(日)は任意の文字列列として定義され、取込時にイベントへ設定される(src/Eccube/Service/Csv/Importer/Event/EventBulkCsvImportHandler.php:487)。なお実装の列名は半角括弧の『賞品 (日)』で、正本の全角括弧表記と表記が異なるが、当該要求行に挙動の記述が無いため注記に留める。	本シートは画像0枚。レイアウト図は無く、CSV項目表のみで判定した。	high	
sheet-20-R017	MATCHED						src/Eccube/Service/Csv/Importer/Event/EventBulkCsvImportHandler.php:706		イベント一括登録CSVの取込は src/Eccube/Service/Csv/Importer/Event/EventBulkCsvImportHandler.php の列定義で実装されており、画面(src/Eccube/Controller/Admin/Event/EventEntryBulkCsvController.php:79-86)は同じ列定義から項目表を描画する。賞品(英)は任意の文字列列として定義され、取込時にイベントへ設定される(src/Eccube/Service/Csv/Importer/Event/EventBulkCsvImportHandler.php:488)。列名の括弧の全角/半角差は R016 と同じ注記。	本シートは画像0枚。レイアウト図は無く、CSV項目表のみで判定した。	high	
sheet-20-R018	MATCHED						src/Eccube/Service/Csv/Importer/Event/EventBulkCsvImportHandler.php:710		イベント一括登録CSVの取込は src/Eccube/Service/Csv/Importer/Event/EventBulkCsvImportHandler.php の列定義で実装されており、画面(src/Eccube/Controller/Admin/Event/EventEntryBulkCsvController.php:79-86)は同じ列定義から項目表を描画する。フリー入力エリア1項目名(日)の列(識別ID16の1行目)。	本シートは画像0枚。レイアウト図は無く、CSV項目表のみで判定した。	high	
sheet-20-R019	MATCHED						src/Eccube/Service/Csv/Importer/Event/EventBulkCsvImportHandler.php:710		イベント一括登録CSVの取込は src/Eccube/Service/Csv/Importer/Event/EventBulkCsvImportHandler.php の列定義で実装されており、画面(src/Eccube/Controller/Admin/Event/EventEntryBulkCsvController.php:79-86)は同じ列定義から項目表を描画する。フリー入力エリア1項目名(日)は任意の文字列列として定義され、取込時に設定される(src/Eccube/Service/Csv/Importer/Event/EventBulkCsvImportHandler.php:492)。	本シートは画像0枚。レイアウト図は無く、CSV項目表のみで判定した。	high	
sheet-20-R020	MATCHED						src/Eccube/Service/Csv/Importer/Event/EventBulkCsvImportHandler.php:714		イベント一括登録CSVの取込は src/Eccube/Service/Csv/Importer/Event/EventBulkCsvImportHandler.php の列定義で実装されており、画面(src/Eccube/Controller/Admin/Event/EventEntryBulkCsvController.php:79-86)は同じ列定義から項目表を描画する。フリー入力エリア1項目名(英)の列(識別ID17の1行目)。	本シートは画像0枚。レイアウト図は無く、CSV項目表のみで判定した。	high	
sheet-20-R021	MATCHED						src/Eccube/Service/Csv/Importer/Event/EventBulkCsvImportHandler.php:714		イベント一括登録CSVの取込は src/Eccube/Service/Csv/Importer/Event/EventBulkCsvImportHandler.php の列定義で実装されており、画面(src/Eccube/Controller/Admin/Event/EventEntryBulkCsvController.php:79-86)は同じ列定義から項目表を描画する。フリー入力エリア1項目名(英)は任意の文字列列として定義され、取込時に設定される(src/Eccube/Service/Csv/Importer/Event/EventBulkCsvImportHandler.php:493)。	本シートは画像0枚。レイアウト図は無く、CSV項目表のみで判定した。	high	
sheet-20-R022	MATCHED						src/Eccube/Service/Csv/Importer/Event/EventBulkCsvImportHandler.php:718		イベント一括登録CSVの取込は src/Eccube/Service/Csv/Importer/Event/EventBulkCsvImportHandler.php の列定義で実装されており、画面(src/Eccube/Controller/Admin/Event/EventEntryBulkCsvController.php:79-86)は同じ列定義から項目表を描画する。フリー入力エリア1内容(日)の列(識別ID18の1行目)。	本シートは画像0枚。レイアウト図は無く、CSV項目表のみで判定した。	high	
sheet-20-R023	MATCHED						src/Eccube/Service/Csv/Importer/Event/EventBulkCsvImportHandler.php:718		イベント一括登録CSVの取込は src/Eccube/Service/Csv/Importer/Event/EventBulkCsvImportHandler.php の列定義で実装されており、画面(src/Eccube/Controller/Admin/Event/EventEntryBulkCsvController.php:79-86)は同じ列定義から項目表を描画する。フリー入力エリア1内容(日)は任意の文字列列として定義され、取込時に設定される(src/Eccube/Service/Csv/Importer/Event/EventBulkCsvImportHandler.php:494)。	本シートは画像0枚。レイアウト図は無く、CSV項目表のみで判定した。	high	
sheet-20-R024	MATCHED						src/Eccube/Service/Csv/Importer/Event/EventBulkCsvImportHandler.php:722		イベント一括登録CSVの取込は src/Eccube/Service/Csv/Importer/Event/EventBulkCsvImportHandler.php の列定義で実装されており、画面(src/Eccube/Controller/Admin/Event/EventEntryBulkCsvController.php:79-86)は同じ列定義から項目表を描画する。フリー入力エリア1内容(英)の列(識別ID19の1行目)。	本シートは画像0枚。レイアウト図は無く、CSV項目表のみで判定した。	high	
sheet-20-R025	MATCHED						src/Eccube/Service/Csv/Importer/Event/EventBulkCsvImportHandler.php:722		イベント一括登録CSVの取込は src/Eccube/Service/Csv/Importer/Event/EventBulkCsvImportHandler.php の列定義で実装されており、画面(src/Eccube/Controller/Admin/Event/EventEntryBulkCsvController.php:79-86)は同じ列定義から項目表を描画する。フリー入力エリア1内容(英)は任意の文字列列として定義され、取込時に設定される(src/Eccube/Service/Csv/Importer/Event/EventBulkCsvImportHandler.php:495)。	本シートは画像0枚。レイアウト図は無く、CSV項目表のみで判定した。	high	
sheet-20-R026	MATCHED						src/Eccube/Service/Csv/Importer/Event/EventBulkCsvImportHandler.php:726		イベント一括登録CSVの取込は src/Eccube/Service/Csv/Importer/Event/EventBulkCsvImportHandler.php の列定義で実装されており、画面(src/Eccube/Controller/Admin/Event/EventEntryBulkCsvController.php:79-86)は同じ列定義から項目表を描画する。フリー入力エリア1アコーディオン表示の列(識別ID20の1行目)。	本シートは画像0枚。レイアウト図は無く、CSV項目表のみで判定した。	high	
sheet-20-R027	MATCHED						src/Eccube/Service/Csv/Importer/Event/EventBulkCsvImportHandler.php:726		イベント一括登録CSVの取込は src/Eccube/Service/Csv/Importer/Event/EventBulkCsvImportHandler.php の列定義で実装されており、画面(src/Eccube/Controller/Admin/Event/EventEntryBulkCsvController.php:79-86)は同じ列定義から項目表を描画する。フリー入力エリア1アコーディオン表示は空・0・1のみ許す列で、1のときアコーディオン表示として登録される(src/Eccube/Service/Csv/Importer/Event/EventBulkCsvImportHandler.php:951-954, src/Eccube/Service/Csv/Importer/Event/EventBulkCsvImportHandler.php:482)。	本シートは画像0枚。レイアウト図は無く、CSV項目表のみで判定した。	high	
sheet-20-R028	MATCHED						src/Eccube/Service/Csv/Importer/Event/EventBulkCsvImportHandler.php:730		イベント一括登録CSVの取込は src/Eccube/Service/Csv/Importer/Event/EventBulkCsvImportHandler.php の列定義で実装されており、画面(src/Eccube/Controller/Admin/Event/EventEntryBulkCsvController.php:79-86)は同じ列定義から項目表を描画する。フリー入力エリア2項目名(日)の列(識別ID21の1行目)。	本シートは画像0枚。レイアウト図は無く、CSV項目表のみで判定した。	high	
sheet-20-R029	MATCHED						src/Eccube/Service/Csv/Importer/Event/EventBulkCsvImportHandler.php:730		イベント一括登録CSVの取込は src/Eccube/Service/Csv/Importer/Event/EventBulkCsvImportHandler.php の列定義で実装されており、画面(src/Eccube/Controller/Admin/Event/EventEntryBulkCsvController.php:79-86)は同じ列定義から項目表を描画する。フリー入力エリア2項目名(日)は任意の文字列列として定義され、取込時に設定される(src/Eccube/Service/Csv/Importer/Event/EventBulkCsvImportHandler.php:496)。	本シートは画像0枚。レイアウト図は無く、CSV項目表のみで判定した。	high	
sheet-20-R030	MATCHED						src/Eccube/Service/Csv/Importer/Event/EventBulkCsvImportHandler.php:734		イベント一括登録CSVの取込は src/Eccube/Service/Csv/Importer/Event/EventBulkCsvImportHandler.php の列定義で実装されており、画面(src/Eccube/Controller/Admin/Event/EventEntryBulkCsvController.php:79-86)は同じ列定義から項目表を描画する。フリー入力エリア2項目名(英)の列(識別ID22の1行目)。	本シートは画像0枚。レイアウト図は無く、CSV項目表のみで判定した。	high	
sheet-20-R031	MATCHED						src/Eccube/Service/Csv/Importer/Event/EventBulkCsvImportHandler.php:734		イベント一括登録CSVの取込は src/Eccube/Service/Csv/Importer/Event/EventBulkCsvImportHandler.php の列定義で実装されており、画面(src/Eccube/Controller/Admin/Event/EventEntryBulkCsvController.php:79-86)は同じ列定義から項目表を描画する。フリー入力エリア2項目名(英)は任意の文字列列として定義され、取込時に設定される(src/Eccube/Service/Csv/Importer/Event/EventBulkCsvImportHandler.php:497)。	本シートは画像0枚。レイアウト図は無く、CSV項目表のみで判定した。	high	
sheet-20-R032	MATCHED						src/Eccube/Service/Csv/Importer/Event/EventBulkCsvImportHandler.php:738		イベント一括登録CSVの取込は src/Eccube/Service/Csv/Importer/Event/EventBulkCsvImportHandler.php の列定義で実装されており、画面(src/Eccube/Controller/Admin/Event/EventEntryBulkCsvController.php:79-86)は同じ列定義から項目表を描画する。フリー入力エリア2内容(日)の列(識別ID23の1行目)。	本シートは画像0枚。レイアウト図は無く、CSV項目表のみで判定した。	high	
sheet-20-R033	MATCHED						src/Eccube/Service/Csv/Importer/Event/EventBulkCsvImportHandler.php:738		イベント一括登録CSVの取込は src/Eccube/Service/Csv/Importer/Event/EventBulkCsvImportHandler.php の列定義で実装されており、画面(src/Eccube/Controller/Admin/Event/EventEntryBulkCsvController.php:79-86)は同じ列定義から項目表を描画する。フリー入力エリア2内容(日)は任意の文字列列として定義され、取込時に設定される(src/Eccube/Service/Csv/Importer/Event/EventBulkCsvImportHandler.php:498)。	本シートは画像0枚。レイアウト図は無く、CSV項目表のみで判定した。	high	
sheet-20-R034	MATCHED						src/Eccube/Service/Csv/Importer/Event/EventBulkCsvImportHandler.php:742		イベント一括登録CSVの取込は src/Eccube/Service/Csv/Importer/Event/EventBulkCsvImportHandler.php の列定義で実装されており、画面(src/Eccube/Controller/Admin/Event/EventEntryBulkCsvController.php:79-86)は同じ列定義から項目表を描画する。フリー入力エリア2内容(英)の列(識別ID24の1行目)。	本シートは画像0枚。レイアウト図は無く、CSV項目表のみで判定した。	high	
sheet-20-R035	MATCHED						src/Eccube/Service/Csv/Importer/Event/EventBulkCsvImportHandler.php:742		イベント一括登録CSVの取込は src/Eccube/Service/Csv/Importer/Event/EventBulkCsvImportHandler.php の列定義で実装されており、画面(src/Eccube/Controller/Admin/Event/EventEntryBulkCsvController.php:79-86)は同じ列定義から項目表を描画する。フリー入力エリア2内容(英)は任意の文字列列として定義され、取込時に設定される(src/Eccube/Service/Csv/Importer/Event/EventBulkCsvImportHandler.php:499)。	本シートは画像0枚。レイアウト図は無く、CSV項目表のみで判定した。	high	
sheet-20-R036	MATCHED						src/Eccube/Service/Csv/Importer/Event/EventBulkCsvImportHandler.php:746		イベント一括登録CSVの取込は src/Eccube/Service/Csv/Importer/Event/EventBulkCsvImportHandler.php の列定義で実装されており、画面(src/Eccube/Controller/Admin/Event/EventEntryBulkCsvController.php:79-86)は同じ列定義から項目表を描画する。フリー入力エリア2アコーディオン表示の列(識別ID25の1行目)。	本シートは画像0枚。レイアウト図は無く、CSV項目表のみで判定した。	high	
sheet-20-R037	MATCHED						src/Eccube/Service/Csv/Importer/Event/EventBulkCsvImportHandler.php:746		イベント一括登録CSVの取込は src/Eccube/Service/Csv/Importer/Event/EventBulkCsvImportHandler.php の列定義で実装されており、画面(src/Eccube/Controller/Admin/Event/EventEntryBulkCsvController.php:79-86)は同じ列定義から項目表を描画する。フリー入力エリア2アコーディオン表示は空・0・1のみ許す列で、1のときアコーディオン表示として登録される(src/Eccube/Service/Csv/Importer/Event/EventBulkCsvImportHandler.php:483)。	本シートは画像0枚。レイアウト図は無く、CSV項目表のみで判定した。	high	
sheet-20-R038	MATCHED						src/Eccube/Service/Csv/Importer/Event/EventBulkCsvImportHandler.php:750		イベント一括登録CSVの取込は src/Eccube/Service/Csv/Importer/Event/EventBulkCsvImportHandler.php の列定義で実装されており、画面(src/Eccube/Controller/Admin/Event/EventEntryBulkCsvController.php:79-86)は同じ列定義から項目表を描画する。フリー入力エリア3項目名(日)の列(識別ID26の1行目)。	本シートは画像0枚。レイアウト図は無く、CSV項目表のみで判定した。	high	
sheet-20-R039	MATCHED						src/Eccube/Service/Csv/Importer/Event/EventBulkCsvImportHandler.php:750		イベント一括登録CSVの取込は src/Eccube/Service/Csv/Importer/Event/EventBulkCsvImportHandler.php の列定義で実装されており、画面(src/Eccube/Controller/Admin/Event/EventEntryBulkCsvController.php:79-86)は同じ列定義から項目表を描画する。フリー入力エリア3項目名(日)は任意の文字列列として定義され、取込時に設定される(src/Eccube/Service/Csv/Importer/Event/EventBulkCsvImportHandler.php:500)。	本シートは画像0枚。レイアウト図は無く、CSV項目表のみで判定した。	high	
sheet-20-R040	MATCHED						src/Eccube/Service/Csv/Importer/Event/EventBulkCsvImportHandler.php:754		イベント一括登録CSVの取込は src/Eccube/Service/Csv/Importer/Event/EventBulkCsvImportHandler.php の列定義で実装されており、画面(src/Eccube/Controller/Admin/Event/EventEntryBulkCsvController.php:79-86)は同じ列定義から項目表を描画する。フリー入力エリア3項目名(英)の列(識別ID27の1行目)。	本シートは画像0枚。レイアウト図は無く、CSV項目表のみで判定した。	high	
sheet-20-R041	MATCHED						src/Eccube/Service/Csv/Importer/Event/EventBulkCsvImportHandler.php:754		イベント一括登録CSVの取込は src/Eccube/Service/Csv/Importer/Event/EventBulkCsvImportHandler.php の列定義で実装されており、画面(src/Eccube/Controller/Admin/Event/EventEntryBulkCsvController.php:79-86)は同じ列定義から項目表を描画する。フリー入力エリア3項目名(英)は任意の文字列列として定義され、取込時に設定される(src/Eccube/Service/Csv/Importer/Event/EventBulkCsvImportHandler.php:501)。	本シートは画像0枚。レイアウト図は無く、CSV項目表のみで判定した。	high	
sheet-20-R042	MATCHED						src/Eccube/Service/Csv/Importer/Event/EventBulkCsvImportHandler.php:758		イベント一括登録CSVの取込は src/Eccube/Service/Csv/Importer/Event/EventBulkCsvImportHandler.php の列定義で実装されており、画面(src/Eccube/Controller/Admin/Event/EventEntryBulkCsvController.php:79-86)は同じ列定義から項目表を描画する。フリー入力エリア3内容(日)の列(識別ID28の1行目)。	本シートは画像0枚。レイアウト図は無く、CSV項目表のみで判定した。	high	
sheet-20-R043	MATCHED						src/Eccube/Service/Csv/Importer/Event/EventBulkCsvImportHandler.php:758		イベント一括登録CSVの取込は src/Eccube/Service/Csv/Importer/Event/EventBulkCsvImportHandler.php の列定義で実装されており、画面(src/Eccube/Controller/Admin/Event/EventEntryBulkCsvController.php:79-86)は同じ列定義から項目表を描画する。フリー入力エリア3内容(日)は任意の文字列列として定義され、取込時に設定される(src/Eccube/Service/Csv/Importer/Event/EventBulkCsvImportHandler.php:502)。	本シートは画像0枚。レイアウト図は無く、CSV項目表のみで判定した。	high	
sheet-20-R044	MATCHED						src/Eccube/Service/Csv/Importer/Event/EventBulkCsvImportHandler.php:762		イベント一括登録CSVの取込は src/Eccube/Service/Csv/Importer/Event/EventBulkCsvImportHandler.php の列定義で実装されており、画面(src/Eccube/Controller/Admin/Event/EventEntryBulkCsvController.php:79-86)は同じ列定義から項目表を描画する。フリー入力エリア3内容(英)の列(識別ID29の1行目)。	本シートは画像0枚。レイアウト図は無く、CSV項目表のみで判定した。	high	
sheet-20-R045	MATCHED						src/Eccube/Service/Csv/Importer/Event/EventBulkCsvImportHandler.php:762		イベント一括登録CSVの取込は src/Eccube/Service/Csv/Importer/Event/EventBulkCsvImportHandler.php の列定義で実装されており、画面(src/Eccube/Controller/Admin/Event/EventEntryBulkCsvController.php:79-86)は同じ列定義から項目表を描画する。フリー入力エリア3内容(英)は任意の文字列列として定義され、取込時に設定される(src/Eccube/Service/Csv/Importer/Event/EventBulkCsvImportHandler.php:503)。	本シートは画像0枚。レイアウト図は無く、CSV項目表のみで判定した。	high	
sheet-20-R046	MATCHED						src/Eccube/Service/Csv/Importer/Event/EventBulkCsvImportHandler.php:766		イベント一括登録CSVの取込は src/Eccube/Service/Csv/Importer/Event/EventBulkCsvImportHandler.php の列定義で実装されており、画面(src/Eccube/Controller/Admin/Event/EventEntryBulkCsvController.php:79-86)は同じ列定義から項目表を描画する。フリー入力エリア3アコーディオン表示の列(識別ID30の1行目)。	本シートは画像0枚。レイアウト図は無く、CSV項目表のみで判定した。	high	
sheet-20-R047	MATCHED						src/Eccube/Service/Csv/Importer/Event/EventBulkCsvImportHandler.php:766		イベント一括登録CSVの取込は src/Eccube/Service/Csv/Importer/Event/EventBulkCsvImportHandler.php の列定義で実装されており、画面(src/Eccube/Controller/Admin/Event/EventEntryBulkCsvController.php:79-86)は同じ列定義から項目表を描画する。フリー入力エリア3アコーディオン表示は空・0・1のみ許す列で、1のときアコーディオン表示として登録される(src/Eccube/Service/Csv/Importer/Event/EventBulkCsvImportHandler.php:484)。	本シートは画像0枚。レイアウト図は無く、CSV項目表のみで判定した。	high	
sheet-20-R048	MATCHED						src/Eccube/Service/Csv/Importer/Event/EventBulkCsvImportHandler.php:770		イベント一括登録CSVの取込は src/Eccube/Service/Csv/Importer/Event/EventBulkCsvImportHandler.php の列定義で実装されており、画面(src/Eccube/Controller/Admin/Event/EventEntryBulkCsvController.php:79-86)は同じ列定義から項目表を描画する。開始時間は任意の文字列列。値がある行だけイベント詳細情報(日程)を1件登録し(src/Eccube/Service/Csv/Importer/Event/EventBulkCsvImportHandler.php:508-573)、空なのに日程側の列が埋まっていれば行エラーとする(src/Eccube/Service/Csv/Importer/Event/EventBulkCsvImportHandler.php:317-325)。	本シートは画像0枚。レイアウト図は無く、CSV項目表のみで判定した。	high	
sheet-20-R049	MATCHED						src/Eccube/Service/Csv/Importer/Event/EventBulkCsvImportHandler.php:774		イベント一括登録CSVの取込は src/Eccube/Service/Csv/Importer/Event/EventBulkCsvImportHandler.php の列定義で実装されており、画面(src/Eccube/Controller/Admin/Event/EventEntryBulkCsvController.php:79-86)は同じ列定義から項目表を描画する。受付は任意の文字列列で、『あり』『なし』以外は行エラー(src/Eccube/Service/Csv/Importer/Event/EventBulkCsvImportHandler.php:297-305)。『あり』のとき日程の受付ありとして登録される(src/Eccube/Service/Csv/Importer/Event/EventBulkCsvImportHandler.php:522-523)。	本シートは画像0枚。レイアウト図は無く、CSV項目表のみで判定した。	high	
sheet-20-R050	MATCHED						src/Eccube/Service/Csv/Importer/Event/EventBulkCsvImportHandler.php:778		イベント一括登録CSVの取込は src/Eccube/Service/Csv/Importer/Event/EventBulkCsvImportHandler.php の列定義で実装されており、画面(src/Eccube/Controller/Admin/Event/EventEntryBulkCsvController.php:79-86)は同じ列定義から項目表を描画する。受付時間Fromは任意の文字列列だが、受付が『あり』のときは未入力を行エラーとし(src/Eccube/Service/Csv/Importer/Event/EventBulkCsvImportHandler.php:336-345)、開始日と組み合わせて受付開始日時に登録する(src/Eccube/Service/Csv/Importer/Event/EventBulkCsvImportHandler.php:528)。	本シートは画像0枚。レイアウト図は無く、CSV項目表のみで判定した。	high	
sheet-20-R051	MATCHED						src/Eccube/Service/Csv/Importer/Event/EventBulkCsvImportHandler.php:782		イベント一括登録CSVの取込は src/Eccube/Service/Csv/Importer/Event/EventBulkCsvImportHandler.php の列定義で実装されており、画面(src/Eccube/Controller/Admin/Event/EventEntryBulkCsvController.php:79-86)は同じ列定義から項目表を描画する。受付時間Toは任意の文字列列だが、受付が『あり』のときは未入力を行エラーとし(src/Eccube/Service/Csv/Importer/Event/EventBulkCsvImportHandler.php:336-345)、開始日と組み合わせて受付終了日時に登録する(src/Eccube/Service/Csv/Importer/Event/EventBulkCsvImportHandler.php:529)。	本シートは画像0枚。レイアウト図は無く、CSV項目表のみで判定した。	high	
sheet-20-R052	MATCHED						src/Eccube/Service/Csv/Importer/Event/EventBulkCsvImportHandler.php:786		イベント一括登録CSVの取込は src/Eccube/Service/Csv/Importer/Event/EventBulkCsvImportHandler.php の列定義で実装されており、画面(src/Eccube/Controller/Admin/Event/EventEntryBulkCsvController.php:79-86)は同じ列定義から項目表を描画する。デッキ登録は任意の文字列列で、『あり』『なし』以外は行エラー(src/Eccube/Service/Csv/Importer/Event/EventBulkCsvImportHandler.php:297-305)。『なし』以外のときデッキ登録ありとして登録される(src/Eccube/Service/Csv/Importer/Event/EventBulkCsvImportHandler.php:539-540)。	本シートは画像0枚。レイアウト図は無く、CSV項目表のみで判定した。	high	
sheet-20-R053	MATCHED						src/Eccube/Service/Csv/Importer/Event/EventBulkCsvImportHandler.php:790		イベント一括登録CSVの取込は src/Eccube/Service/Csv/Importer/Event/EventBulkCsvImportHandler.php の列定義で実装されており、画面(src/Eccube/Controller/Admin/Event/EventEntryBulkCsvController.php:79-86)は同じ列定義から項目表を描画する。デッキ登録締切は任意の文字列列で、書式不正は行エラー(src/Eccube/Service/Csv/Importer/Event/EventBulkCsvImportHandler.php:412-418)。デッキ登録ありのとき締切日時として登録される(src/Eccube/Service/Csv/Importer/Event/EventBulkCsvImportHandler.php:541-547)。	本シートは画像0枚。レイアウト図は無く、CSV項目表のみで判定した。	high	
sheet-20-R054	MATCHED						src/Eccube/Service/Csv/Importer/Event/EventBulkCsvImportHandler.php:794		イベント一括登録CSVの取込は src/Eccube/Service/Csv/Importer/Event/EventBulkCsvImportHandler.php の列定義で実装されており、画面(src/Eccube/Controller/Admin/Event/EventEntryBulkCsvController.php:79-86)は同じ列定義から項目表を描画する。オンライン受付は任意の文字列列で、『あり』『なし』以外は行エラー(src/Eccube/Service/Csv/Importer/Event/EventBulkCsvImportHandler.php:297-305)。	本シートは画像0枚。レイアウト図は無く、CSV項目表のみで判定した。	high	
sheet-20-R055	MATCHED						src/Eccube/Service/Csv/Importer/Event/EventBulkCsvImportHandler.php:798		イベント一括登録CSVの取込は src/Eccube/Service/Csv/Importer/Event/EventBulkCsvImportHandler.php の列定義で実装されており、画面(src/Eccube/Controller/Admin/Event/EventEntryBulkCsvController.php:79-86)は同じ列定義から項目表を描画する。オンライン受付時間Fromは任意の文字列列だが、オンライン受付が『あり』のときは未入力を行エラーとし(src/Eccube/Service/Csv/Importer/Event/EventBulkCsvImportHandler.php:374-383)、オンライン受付開始日時に登録する(src/Eccube/Service/Csv/Importer/Event/EventBulkCsvImportHandler.php:535)。	本シートは画像0枚。レイアウト図は無く、CSV項目表のみで判定した。	high	
sheet-20-R056	MATCHED						src/Eccube/Service/Csv/Importer/Event/EventBulkCsvImportHandler.php:802		イベント一括登録CSVの取込は src/Eccube/Service/Csv/Importer/Event/EventBulkCsvImportHandler.php の列定義で実装されており、画面(src/Eccube/Controller/Admin/Event/EventEntryBulkCsvController.php:79-86)は同じ列定義から項目表を描画する。オンライン受付時間Toは任意の文字列列だが、オンライン受付が『あり』のときは未入力を行エラーとし(src/Eccube/Service/Csv/Importer/Event/EventBulkCsvImportHandler.php:374-383)、オンライン受付終了日時に登録する(src/Eccube/Service/Csv/Importer/Event/EventBulkCsvImportHandler.php:536)。	本シートは画像0枚。レイアウト図は無く、CSV項目表のみで判定した。	high	
sheet-20-R057	MATCHED						src/Eccube/Service/Csv/Importer/Event/EventBulkCsvImportHandler.php:806		イベント一括登録CSVの取込は src/Eccube/Service/Csv/Importer/Event/EventBulkCsvImportHandler.php の列定義で実装されており、画面(src/Eccube/Controller/Admin/Event/EventEntryBulkCsvController.php:79-86)は同じ列定義から項目表を描画する。定員_日程は任意の整数列で、省略時は親イベントの定員が日程の定員として登録される(src/Eccube/Service/Csv/Importer/Event/EventBulkCsvImportHandler.php:517-519)。	本シートは画像0枚。レイアウト図は無く、CSV項目表のみで判定した。	high	
sheet-20-R058	MATCHED						src/Eccube/Service/Csv/Importer/Event/EventBulkCsvImportHandler.php:812		イベント一括登録CSVの取込は src/Eccube/Service/Csv/Importer/Event/EventBulkCsvImportHandler.php の列定義で実装されており、画面(src/Eccube/Controller/Admin/Event/EventEntryBulkCsvController.php:79-86)は同じ列定義から項目表を描画する。参加費_日程は任意の整数列で、省略時は親イベントの参加費が日程の参加費として登録される(src/Eccube/Service/Csv/Importer/Event/EventBulkCsvImportHandler.php:518-520)。	本シートは画像0枚。レイアウト図は無く、CSV項目表のみで判定した。	high	
sheet-20-R059	MATCHED						src/Eccube/Service/Csv/Importer/Event/EventBulkCsvImportHandler.php:818		イベント一括登録CSVの取込は src/Eccube/Service/Csv/Importer/Event/EventBulkCsvImportHandler.php の列定義で実装されており、画面(src/Eccube/Controller/Admin/Event/EventEntryBulkCsvController.php:79-86)は同じ列定義から項目表を描画する。公開状態_日程は必須列で、開始時間がある行では『公開』『非公開』に解決できなければ行エラーとし(src/Eccube/Service/Csv/Importer/Event/EventBulkCsvImportHandler.php:420-426)、日程の公開状態として登録される(src/Eccube/Service/Csv/Importer/Event/EventBulkCsvImportHandler.php:512-513)。	本シートは画像0枚。レイアウト図は無く、CSV項目表のみで判定した。	high	
sheet-20-R060	MATCHED						src/Eccube/Service/Csv/Importer/Event/EventBulkCsvImportHandler.php:822		イベント一括登録CSVの取込は src/Eccube/Service/Csv/Importer/Event/EventBulkCsvImportHandler.php の列定義で実装されており、画面(src/Eccube/Controller/Admin/Event/EventEntryBulkCsvController.php:79-86)は同じ列定義から項目表を描画する。賞品_日程(日)は任意の文字列列として定義され、日程の賞品として登録される(src/Eccube/Service/Csv/Importer/Event/EventBulkCsvImportHandler.php:568)。列名の括弧の全角/半角差は R016 と同じ注記。	本シートは画像0枚。レイアウト図は無く、CSV項目表のみで判定した。	high	
sheet-20-R061	MATCHED						src/Eccube/Service/Csv/Importer/Event/EventBulkCsvImportHandler.php:826		イベント一括登録CSVの取込は src/Eccube/Service/Csv/Importer/Event/EventBulkCsvImportHandler.php の列定義で実装されており、画面(src/Eccube/Controller/Admin/Event/EventEntryBulkCsvController.php:79-86)は同じ列定義から項目表を描画する。賞品_日程(英)は任意の文字列列として定義され、日程の賞品として登録される(src/Eccube/Service/Csv/Importer/Event/EventBulkCsvImportHandler.php:569)。列名の括弧の全角/半角差は R016 と同じ注記。	本シートは画像0枚。レイアウト図は無く、CSV項目表のみで判定した。	high	
sheet-21-R001	MATCHED								表示店舗は複数選択できるセレクトボックスとして出る（src/Eccube/Form/Type/Admin/Event/EventBannerSettingType.php:138-150 は multiple を有効にし expanded を無効にしている）。画面ではタグ形式の複数選択として描画される（src/Eccube/Resource/template/admin/Event/banner.twig:68-69、src/Eccube/Resource/template/admin/Event/banner.twig:199-205）。	レイアウト図2枚を確認。sheet-21_img1.png はバナー1件分の設定行（バナー設定ボタン・▼画像設定リンク・画像・画像URL・リンク先URL・表示店舗のチェック群・言語（日本語/英語）・表示タイプのプルダウン（特設のみ）・画像alt属性・並び順、上下にバナー設定ボタン）。sheet-21_img2.png は表示店舗を複数選択にした後のタグ表示（×TC東京・×成田店）で、店舗名から「晴れる屋」を除いた表記になっている。	high	
sheet-21-R002	MATCHED								バナー設定は15スロット分が一覧表示される。mtb_banner は15件に揃えられ（app/DoctrineMigrations/Version20260420120000.php:26、app/DoctrineMigrations/Version20260420120000.php:40-56）、全件を id 昇順で読み（src/Eccube/Controller/Admin/Event/BannerController.php:205-225）、その件数だけ設定行を繰り返す（src/Eccube/Resource/template/admin/Event/banner.twig:173-241）。	レイアウト図2枚を確認。sheet-21_img1.png はバナー1件分の設定行（バナー設定ボタン・▼画像設定リンク・画像・画像URL・リンク先URL・表示店舗のチェック群・言語（日本語/英語）・表示タイプのプルダウン（特設のみ）・画像alt属性・並び順、上下にバナー設定ボタン）。sheet-21_img2.png は表示店舗を複数選択にした後のタグ表示（×TC東京・×成田店）で、店舗名から「晴れる屋」を除いた表記になっている。	high	
sheet-21-R003	MATCHED								画像URLが空のバナーはフロントの取得対象から外れる（src/Eccube/Repository/Master/MtbBannerRepository.php:52-71 の絞り込みが画像URLの空でないものに限っている）。保存時にも画像URLが空なら表示タイプを非表示へ揃える（src/Eccube/Service/Admin/Event/EventBannerStoreAction.php:62-64）。フロント側はこの取得結果だけを描く（src/Eccube/Controller/Front/EventTopController.php:55-66）。	レイアウト図2枚を確認。sheet-21_img1.png はバナー1件分の設定行（バナー設定ボタン・▼画像設定リンク・画像・画像URL・リンク先URL・表示店舗のチェック群・言語（日本語/英語）・表示タイプのプルダウン（特設のみ）・画像alt属性・並び順、上下にバナー設定ボタン）。sheet-21_img2.png は表示店舗を複数選択にした後のタグ表示（×TC東京・×成田店）で、店舗名から「晴れる屋」を除いた表記になっている。	high	
sheet-21-R004	OUT_OF_SCOPE								ブロック見出し。内容は sheet-21-R001 と同じ表示店舗の複数選択化であり、そちらで判定した。	レイアウト図2枚を確認。sheet-21_img1.png はバナー1件分の設定行（バナー設定ボタン・▼画像設定リンク・画像・画像URL・リンク先URL・表示店舗のチェック群・言語（日本語/英語）・表示タイプのプルダウン（特設のみ）・画像alt属性・並び順、上下にバナー設定ボタン）。sheet-21_img2.png は表示店舗を複数選択にした後のタグ表示（×TC東京・×成田店）で、店舗名から「晴れる屋」を除いた表記になっている。	high	
sheet-21-R005	MATCHED								バナー設定ボタンを押すと設定フォーム全体が送られ、全スロットのバナーがまとめて保存される（src/Eccube/Resource/template/admin/Event/banner.twig:164-167、src/Eccube/Resource/template/admin/Event/banner.twig:246-248、src/Eccube/Controller/Admin/Event/BannerController.php:83-105、src/Eccube/Service/Admin/Event/EventBannerStoreAction.php:56-94）。	レイアウト図2枚を確認。sheet-21_img1.png はバナー1件分の設定行（バナー設定ボタン・▼画像設定リンク・画像・画像URL・リンク先URL・表示店舗のチェック群・言語（日本語/英語）・表示タイプのプルダウン（特設のみ）・画像alt属性・並び順、上下にバナー設定ボタン）。sheet-21_img2.png は表示店舗を複数選択にした後のタグ表示（×TC東京・×成田店）で、店舗名から「晴れる屋」を除いた表記になっている。	high	
sheet-21-R006	MATCHED								並び順が空のスロットがあると、バナー設定ボタン押下時にアラートを出して送信を止める（src/Eccube/Resource/template/admin/Event/banner.twig:81-88、src/Eccube/Resource/template/admin/Event/banner.twig:114-122）。サーバ側でも空なら検証エラーとして保存させない（src/Eccube/Form/Type/Admin/Event/EventBannerSettingType.php:196-203）。	レイアウト図2枚を確認。sheet-21_img1.png はバナー1件分の設定行（バナー設定ボタン・▼画像設定リンク・画像・画像URL・リンク先URL・表示店舗のチェック群・言語（日本語/英語）・表示タイプのプルダウン（特設のみ）・画像alt属性・並び順、上下にバナー設定ボタン）。sheet-21_img2.png は表示店舗を複数選択にした後のタグ表示（×TC東京・×成田店）で、店舗名から「晴れる屋」を除いた表記になっている。	high	
sheet-21-R007	MATCHED								並び順が他のバナーと重複しているとアラートを出して送信を止める（src/Eccube/Resource/template/admin/Event/banner.twig:89-106、src/Eccube/Resource/template/admin/Event/banner.twig:114-122）。サーバ側でも重複を検証エラーとして保存させない（src/Eccube/Form/Type/Admin/Event/EventBannerSettingType.php:213-221）。	レイアウト図2枚を確認。sheet-21_img1.png はバナー1件分の設定行（バナー設定ボタン・▼画像設定リンク・画像・画像URL・リンク先URL・表示店舗のチェック群・言語（日本語/英語）・表示タイプのプルダウン（特設のみ）・画像alt属性・並び順、上下にバナー設定ボタン）。sheet-21_img2.png は表示店舗を複数選択にした後のタグ表示（×TC東京・×成田店）で、店舗名から「晴れる屋」を除いた表記になっている。	high	
sheet-21-R008	MATCHED								バナー設定ボタンが一覧の上と下の2か所にあり、押すと保存処理へ進む（src/Eccube/Resource/template/admin/Event/banner.twig:164-167、src/Eccube/Resource/template/admin/Event/banner.twig:246-248）。レイアウト図と同じ配置である。	レイアウト図2枚を確認。sheet-21_img1.png はバナー1件分の設定行（バナー設定ボタン・▼画像設定リンク・画像・画像URL・リンク先URL・表示店舗のチェック群・言語（日本語/英語）・表示タイプのプルダウン（特設のみ）・画像alt属性・並び順、上下にバナー設定ボタン）。sheet-21_img2.png は表示店舗を複数選択にした後のタグ表示（×TC東京・×成田店）で、店舗名から「晴れる屋」を除いた表記になっている。	high	
sheet-21-R009	MATCHED								画像設定へのページ内リンク（▼画像設定）があり、同じ画面の画像アップロード欄へ飛ぶ（src/Eccube/Resource/template/admin/Event/banner.twig:169-171、src/Eccube/Resource/template/admin/Event/banner.twig:254）。	レイアウト図2枚を確認。sheet-21_img1.png はバナー1件分の設定行（バナー設定ボタン・▼画像設定リンク・画像・画像URL・リンク先URL・表示店舗のチェック群・言語（日本語/英語）・表示タイプのプルダウン（特設のみ）・画像alt属性・並び順、上下にバナー設定ボタン）。sheet-21_img2.png は表示店舗を複数選択にした後のタグ表示（×TC東京・×成田店）で、店舗名から「晴れる屋」を除いた表記になっている。	high	
sheet-21-R010	MATCHED								各バナー行の左側に設定済みの画像が表示される（src/Eccube/Resource/template/admin/Event/banner.twig:179-185）。	レイアウト図2枚を確認。sheet-21_img1.png はバナー1件分の設定行（バナー設定ボタン・▼画像設定リンク・画像・画像URL・リンク先URL・表示店舗のチェック群・言語（日本語/英語）・表示タイプのプルダウン（特設のみ）・画像alt属性・並び順、上下にバナー設定ボタン）。sheet-21_img2.png は表示店舗を複数選択にした後のタグ表示（×TC東京・×成田店）で、店舗名から「晴れる屋」を除いた表記になっている。	high	
sheet-21-R011	MATCHED								画像URLは255文字まで、半角の URL に使える文字だけを受け付け、「admin.hareruyamtg.com」を含む値は検証エラーになる（src/Eccube/Form/Type/Admin/Event/EventBannerSettingType.php:84-100）。上限値は255である（app/config/eccube/packages/eccube.yaml:141）。	レイアウト図2枚を確認。sheet-21_img1.png はバナー1件分の設定行（バナー設定ボタン・▼画像設定リンク・画像・画像URL・リンク先URL・表示店舗のチェック群・言語（日本語/英語）・表示タイプのプルダウン（特設のみ）・画像alt属性・並び順、上下にバナー設定ボタン）。sheet-21_img2.png は表示店舗を複数選択にした後のタグ表示（×TC東京・×成田店）で、店舗名から「晴れる屋」を除いた表記になっている。	high	
sheet-21-R012	MATCHED								リンク先URLは255文字まで、半角の URL に使える文字だけを受け付ける（src/Eccube/Form/Type/Admin/Event/EventBannerSettingType.php:101-112、app/config/eccube/packages/eccube.yaml:141）。	レイアウト図2枚を確認。sheet-21_img1.png はバナー1件分の設定行（バナー設定ボタン・▼画像設定リンク・画像・画像URL・リンク先URL・表示店舗のチェック群・言語（日本語/英語）・表示タイプのプルダウン（特設のみ）・画像alt属性・並び順、上下にバナー設定ボタン）。sheet-21_img2.png は表示店舗を複数選択にした後のタグ表示（×TC東京・×成田店）で、店舗名から「晴れる屋」を除いた表記になっている。	high	
sheet-21-R013	MATCHED								表示店舗は全店舗を選択肢とする複数選択である（src/Eccube/Controller/Admin/Event/BannerController.php:334-339 が全店舗を渡し、src/Eccube/Form/Type/Admin/Event/EventBannerSettingType.php:138-150 が複数選択として組み立てる）。	レイアウト図2枚を確認。sheet-21_img1.png はバナー1件分の設定行（バナー設定ボタン・▼画像設定リンク・画像・画像URL・リンク先URL・表示店舗のチェック群・言語（日本語/英語）・表示タイプのプルダウン（特設のみ）・画像alt属性・並び順、上下にバナー設定ボタン）。sheet-21_img2.png は表示店舗を複数選択にした後のタグ表示（×TC東京・×成田店）で、店舗名から「晴れる屋」を除いた表記になっている。	high	
sheet-21-R014	MATCHED								言語は日本語と英語の2つを選択肢とする複数選択である（src/Eccube/Form/Type/Admin/Event/EventBannerSettingType.php:64-71、src/Eccube/Form/Type/Admin/Event/EventBannerSettingType.php:125-137、src/Eccube/Entity/Master/MtbLanguage.php:29-37）。	レイアウト図2枚を確認。sheet-21_img1.png はバナー1件分の設定行（バナー設定ボタン・▼画像設定リンク・画像・画像URL・リンク先URL・表示店舗のチェック群・言語（日本語/英語）・表示タイプのプルダウン（特設のみ）・画像alt属性・並び順、上下にバナー設定ボタン）。sheet-21_img2.png は表示店舗を複数選択にした後のタグ表示（×TC東京・×成田店）で、店舗名から「晴れる屋」を除いた表記になっている。	high	
sheet-21-R015	MATCHED								表示タイプは非表示・スライド+特設・スライドのみ・特設のみの4つからの単一選択である（src/Eccube/Entity/Master/MtbBanner.php:36-41、src/Eccube/Form/Type/Admin/Event/EventBannerSettingType.php:113-119）。	レイアウト図2枚を確認。sheet-21_img1.png はバナー1件分の設定行（バナー設定ボタン・▼画像設定リンク・画像・画像URL・リンク先URL・表示店舗のチェック群・言語（日本語/英語）・表示タイプのプルダウン（特設のみ）・画像alt属性・並び順、上下にバナー設定ボタン）。sheet-21_img2.png は表示店舗を複数選択にした後のタグ表示（×TC東京・×成田店）で、店舗名から「晴れる屋」を除いた表記になっている。	high	
sheet-21-R016	MATCHED								画像alt属性は文字種の制限なく入力できる（src/Eccube/Form/Type/Admin/Event/EventBannerSettingType.php:120-124）。	レイアウト図2枚を確認。sheet-21_img1.png はバナー1件分の設定行（バナー設定ボタン・▼画像設定リンク・画像・画像URL・リンク先URL・表示店舗のチェック群・言語（日本語/英語）・表示タイプのプルダウン（特設のみ）・画像alt属性・並び順、上下にバナー設定ボタン）。sheet-21_img2.png は表示店舗を複数選択にした後のタグ表示（×TC東京・×成田店）で、店舗名から「晴れる屋」を除いた表記になっている。	high	
sheet-21-R017	MATCHED								並び順は整数の入力欄で必須である（src/Eccube/Form/Type/Admin/Event/EventBannerSettingType.php:151-155）。空欄・範囲外・重複は検証エラーになる（src/Eccube/Form/Type/Admin/Event/EventBannerSettingType.php:191-222）。	レイアウト図2枚を確認。sheet-21_img1.png はバナー1件分の設定行（バナー設定ボタン・▼画像設定リンク・画像・画像URL・リンク先URL・表示店舗のチェック群・言語（日本語/英語）・表示タイプのプルダウン（特設のみ）・画像alt属性・並び順、上下にバナー設定ボタン）。sheet-21_img2.png は表示店舗を複数選択にした後のタグ表示（×TC東京・×成田店）で、店舗名から「晴れる屋」を除いた表記になっている。	high	
sheet-21-R018	OUT_OF_SCOPE								現行仕様節の見出し（機能名の表示）であり、実装要求ではない。	レイアウト図2枚を確認。sheet-21_img1.png はバナー1件分の設定行（バナー設定ボタン・▼画像設定リンク・画像・画像URL・リンク先URL・表示店舗のチェック群・言語（日本語/英語）・表示タイプのプルダウン（特設のみ）・画像alt属性・並び順、上下にバナー設定ボタン）。sheet-21_img2.png は表示店舗を複数選択にした後のタグ表示（×TC東京・×成田店）で、店舗名から「晴れる屋」を除いた表記になっている。	high	
sheet-21-R019	OUT_OF_SCOPE								現行仕様の小見出し。中身は sheet-21-R020・R021 で判定した。	レイアウト図2枚を確認。sheet-21_img1.png はバナー1件分の設定行（バナー設定ボタン・▼画像設定リンク・画像・画像URL・リンク先URL・表示店舗のチェック群・言語（日本語/英語）・表示タイプのプルダウン（特設のみ）・画像alt属性・並び順、上下にバナー設定ボタン）。sheet-21_img2.png は表示店舗を複数選択にした後のタグ表示（×TC東京・×成田店）で、店舗名から「晴れる屋」を除いた表記になっている。	high	
sheet-21-R020	MATCHED								並び順を保存する項目はバナーに無く（src/Eccube/Entity/Master/MtbBanner.php:43-76 に並び順の列が無い）、画面を開くたびに並び順欄にはそのバナーのスロット番号が初期表示される（src/Eccube/Form/Type/Admin/Event/EventBannerSettingType.php:151-155）。	レイアウト図2枚を確認。sheet-21_img1.png はバナー1件分の設定行（バナー設定ボタン・▼画像設定リンク・画像・画像URL・リンク先URL・表示店舗のチェック群・言語（日本語/英語）・表示タイプのプルダウン（特設のみ）・画像alt属性・並び順、上下にバナー設定ボタン）。sheet-21_img2.png は表示店舗を複数選択にした後のタグ表示（×TC東京・×成田店）で、店舗名から「晴れる屋」を除いた表記になっている。	high	
sheet-21-R021	MATCHED								保存時は入力された並び順の小さい順に各スロットの入力内容を並べ替え、先頭から順に id 昇順のバナーへ割り当てて保存する（src/Eccube/Service/Admin/Event/EventBannerStoreAction.php:111-132、src/Eccube/Service/Admin/Event/EventBannerStoreAction.php:56-94）。並び順を入れ替えると入力内容そのものが別のバナーへ移る。	レイアウト図2枚を確認。sheet-21_img1.png はバナー1件分の設定行（バナー設定ボタン・▼画像設定リンク・画像・画像URL・リンク先URL・表示店舗のチェック群・言語（日本語/英語）・表示タイプのプルダウン（特設のみ）・画像alt属性・並び順、上下にバナー設定ボタン）。sheet-21_img2.png は表示店舗を複数選択にした後のタグ表示（×TC東京・×成田店）で、店舗名から「晴れる屋」を除いた表記になっている。	high	
sheet-21-R022	OUT_OF_SCOPE								現行仕様の小見出し。中身は sheet-21-R023 で判定した。	レイアウト図2枚を確認。sheet-21_img1.png はバナー1件分の設定行（バナー設定ボタン・▼画像設定リンク・画像・画像URL・リンク先URL・表示店舗のチェック群・言語（日本語/英語）・表示タイプのプルダウン（特設のみ）・画像alt属性・並び順、上下にバナー設定ボタン）。sheet-21_img2.png は表示店舗を複数選択にした後のタグ表示（×TC東京・×成田店）で、店舗名から「晴れる屋」を除いた表記になっている。	high	
sheet-21-R023	MATCHED								検証に通らなかったときは保存処理を呼ばずに設定画面を描き直す（src/Eccube/Controller/Admin/Event/BannerController.php:88-104）。保存はまとめて行われ、途中で失敗すれば1件も残らない（src/Eccube/Service/Admin/Event/EventBannerStoreAction.php:54-101）。	レイアウト図2枚を確認。sheet-21_img1.png はバナー1件分の設定行（バナー設定ボタン・▼画像設定リンク・画像・画像URL・リンク先URL・表示店舗のチェック群・言語（日本語/英語）・表示タイプのプルダウン（特設のみ）・画像alt属性・並び順、上下にバナー設定ボタン）。sheet-21_img2.png は表示店舗を複数選択にした後のタグ表示（×TC東京・×成田店）で、店舗名から「晴れる屋」を除いた表記になっている。	high	
sheet-21-R024	OUT_OF_SCOPE								現行仕様の小見出し。中身は sheet-21-R025 で判定した。	レイアウト図2枚を確認。sheet-21_img1.png はバナー1件分の設定行（バナー設定ボタン・▼画像設定リンク・画像・画像URL・リンク先URL・表示店舗のチェック群・言語（日本語/英語）・表示タイプのプルダウン（特設のみ）・画像alt属性・並び順、上下にバナー設定ボタン）。sheet-21_img2.png は表示店舗を複数選択にした後のタグ表示（×TC東京・×成田店）で、店舗名から「晴れる屋」を除いた表記になっている。	high	
sheet-21-R025	MATCHED								表示店舗の選択肢は店舗名から「晴れる屋」を除いた表記で出る（src/Eccube/Form/Type/Admin/Event/EventBannerSettingType.php:181-186）。レイアウト図2枚目の「TC東京」「成田店」という表記と一致する。	レイアウト図2枚を確認。sheet-21_img1.png はバナー1件分の設定行（バナー設定ボタン・▼画像設定リンク・画像・画像URL・リンク先URL・表示店舗のチェック群・言語（日本語/英語）・表示タイプのプルダウン（特設のみ）・画像alt属性・並び順、上下にバナー設定ボタン）。sheet-21_img2.png は表示店舗を複数選択にした後のタグ表示（×TC東京・×成田店）で、店舗名から「晴れる屋」を除いた表記になっている。	high	
sheet-21-R026	OUT_OF_SCOPE								現行仕様の小見出し。中身は sheet-21-R027 で判定した。	レイアウト図2枚を確認。sheet-21_img1.png はバナー1件分の設定行（バナー設定ボタン・▼画像設定リンク・画像・画像URL・リンク先URL・表示店舗のチェック群・言語（日本語/英語）・表示タイプのプルダウン（特設のみ）・画像alt属性・並び順、上下にバナー設定ボタン）。sheet-21_img2.png は表示店舗を複数選択にした後のタグ表示（×TC東京・×成田店）で、店舗名から「晴れる屋」を除いた表記になっている。	high	
sheet-21-R027	MATCHED								リンク先URLが空欄のときは空文字として保存される（src/Eccube/Service/Admin/Event/EventBannerStoreAction.php:60、src/Eccube/Service/Admin/Event/EventBannerStoreAction.php:85-91）。	レイアウト図2枚を確認。sheet-21_img1.png はバナー1件分の設定行（バナー設定ボタン・▼画像設定リンク・画像・画像URL・リンク先URL・表示店舗のチェック群・言語（日本語/英語）・表示タイプのプルダウン（特設のみ）・画像alt属性・並び順、上下にバナー設定ボタン）。sheet-21_img2.png は表示店舗を複数選択にした後のタグ表示（×TC東京・×成田店）で、店舗名から「晴れる屋」を除いた表記になっている。	high	
sheet-21-R028	MATCHED								入力は各バナーの設定内容と並び順、およびなりすまし対策の検証値である（src/Eccube/Form/Type/Admin/Event/EventBannerSettingType.php:83-155、src/Eccube/Resource/template/admin/Event/banner.twig:159 のフォーム開始で検証値が埋め込まれ、src/Eccube/Controller/Admin/Event/BannerController.php:86-88 で検証される）。	レイアウト図2枚を確認。sheet-21_img1.png はバナー1件分の設定行（バナー設定ボタン・▼画像設定リンク・画像・画像URL・リンク先URL・表示店舗のチェック群・言語（日本語/英語）・表示タイプのプルダウン（特設のみ）・画像alt属性・並び順、上下にバナー設定ボタン）。sheet-21_img2.png は表示店舗を複数選択にした後のタグ表示（×TC東京・×成田店）で、店舗名から「晴れる屋」を除いた表記になっている。	high	
sheet-21-R029	MATCHED								保存に成功すると設定内容を保存したうえでバナー設定画面へ戻る（src/Eccube/Controller/Admin/Event/BannerController.php:88-101、src/Eccube/Controller/Admin/Event/BannerController.php:374-381）。	レイアウト図2枚を確認。sheet-21_img1.png はバナー1件分の設定行（バナー設定ボタン・▼画像設定リンク・画像・画像URL・リンク先URL・表示店舗のチェック群・言語（日本語/英語）・表示タイプのプルダウン（特設のみ）・画像alt属性・並び順、上下にバナー設定ボタン）。sheet-21_img2.png は表示店舗を複数選択にした後のタグ表示（×TC東京・×成田店）で、店舗名から「晴れる屋」を除いた表記になっている。	high	
sheet-21-R030	MATCHED								検証に通らなかったときは保存せずに設定画面を描き直す（src/Eccube/Controller/Admin/Event/BannerController.php:102-104）。	レイアウト図2枚を確認。sheet-21_img1.png はバナー1件分の設定行（バナー設定ボタン・▼画像設定リンク・画像・画像URL・リンク先URL・表示店舗のチェック群・言語（日本語/英語）・表示タイプのプルダウン（特設のみ）・画像alt属性・並び順、上下にバナー設定ボタン）。sheet-21_img2.png は表示店舗を複数選択にした後のタグ表示（×TC東京・×成田店）で、店舗名から「晴れる屋」を除いた表記になっている。	high	
sheet-21-R031	OUT_OF_SCOPE								入出力表の区分行（永続化）であり、実装要求を述べていない。中身は sheet-21-R032 で判定した。	レイアウト図2枚を確認。sheet-21_img1.png はバナー1件分の設定行（バナー設定ボタン・▼画像設定リンク・画像・画像URL・リンク先URL・表示店舗のチェック群・言語（日本語/英語）・表示タイプのプルダウン（特設のみ）・画像alt属性・並び順、上下にバナー設定ボタン）。sheet-21_img2.png は表示店舗を複数選択にした後のタグ表示（×TC東京・×成田店）で、店舗名から「晴れる屋」を除いた表記になっている。	high	
sheet-21-R032	MATCHED								バナー設定の保存を契機に、各バナーの内容が登録・更新される（src/Eccube/Service/Admin/Event/EventBannerStoreAction.php:85-97）。	レイアウト図2枚を確認。sheet-21_img1.png はバナー1件分の設定行（バナー設定ボタン・▼画像設定リンク・画像・画像URL・リンク先URL・表示店舗のチェック群・言語（日本語/英語）・表示タイプのプルダウン（特設のみ）・画像alt属性・並び順、上下にバナー設定ボタン）。sheet-21_img2.png は表示店舗を複数選択にした後のタグ表示（×TC東京・×成田店）で、店舗名から「晴れる屋」を除いた表記になっている。	high	
sheet-21-R033	MATCHED								保存すると管理画面上部に「保存しました」が出て、バナー設定画面へ戻る（src/Eccube/Controller/Admin/Event/BannerController.php:99-101、src/Eccube/Resource/locale/messages.ja.yaml:1595、src/Eccube/Controller/Admin/Event/BannerController.php:374-381）。	レイアウト図2枚を確認。sheet-21_img1.png はバナー1件分の設定行（バナー設定ボタン・▼画像設定リンク・画像・画像URL・リンク先URL・表示店舗のチェック群・言語（日本語/英語）・表示タイプのプルダウン（特設のみ）・画像alt属性・並び順、上下にバナー設定ボタン）。sheet-21_img2.png は表示店舗を複数選択にした後のタグ表示（×TC東京・×成田店）で、店舗名から「晴れる屋」を除いた表記になっている。	high	
sheet-21-R034	MATCHED								画像URLに admin.hareruyamtg.com を含む値を入れて保存すると、その入力欄の直下に「「admin.hareruyamtg.com」は指定できません。」が出て保存されず画面に留まる（src/Eccube/Form/Type/Admin/Event/EventBannerSettingType.php:90-94、src/Eccube/Resource/locale/validators.ja.yaml:131、src/Eccube/Resource/template/admin/Event/banner.twig:186-190、src/Eccube/Controller/Admin/Event/BannerController.php:102-104）。	レイアウト図2枚を確認。sheet-21_img1.png はバナー1件分の設定行（バナー設定ボタン・▼画像設定リンク・画像・画像URL・リンク先URL・表示店舗のチェック群・言語（日本語/英語）・表示タイプのプルダウン（特設のみ）・画像alt属性・並び順、上下にバナー設定ボタン）。sheet-21_img2.png は表示店舗を複数選択にした後のタグ表示（×TC東京・×成田店）で、店舗名から「晴れる屋」を除いた表記になっている。	high	
sheet-22-R001	MATCHED								src/Eccube/Controller/Admin/Event/BannerController.php:211-222 でアップロード先の店舗の選択肢を、担当者が編集権限を持つ店舗だけに絞り、src/Eccube/Controller/Admin/Event/BannerController.php:317-327 がその絞り込みを行う。さらに src/Eccube/Service/Admin/Event/EventBannerStorageService.php:71-75 で送信時にも編集権限を確かめ、権限が無ければ保管しない。	レイアウト図(sheet-22_img1.png)には上段に店舗の単一選択・画像のアップロード（ファイルを選択）・アップロードボタン、下段に「全て」の絞り込みプルダウンと、画像／更新日付／画面URL／削除の4列の一覧が描かれている。一覧の画像欄は上段に画像、下段にURL(https://stg-files.hareruyamtg.com/banner/)が置かれ、URL欄に「画像URLコピー」、右端に「削除」のリンクがある。図には並び順・保管フォルダ・確認ダイアログの文言は描かれていないため、それらは本文の記述で判定した。	high	
sheet-22-R002	MATCHED								src/Eccube/Service/Admin/Event/EventBannerStorageService.php:26 でイベントバナーの保管先をイベント専用のフォルダ(banner/event/)にしており、TOPバナーの保管先 src/Eccube/Service/Admin/Data/TopBannerUploadAction.php:25 (banner/top)とは別のフォルダになっている。	レイアウト図(sheet-22_img1.png)には上段に店舗の単一選択・画像のアップロード（ファイルを選択）・アップロードボタン、下段に「全て」の絞り込みプルダウンと、画像／更新日付／画面URL／削除の4列の一覧が描かれている。一覧の画像欄は上段に画像、下段にURL(https://stg-files.hareruyamtg.com/banner/)が置かれ、URL欄に「画像URLコピー」、右端に「削除」のリンクがある。図には並び順・保管フォルダ・確認ダイアログの文言は描かれていないため、それらは本文の記述で判定した。	high	
sheet-22-R003	MATCHED								app/config/eccube/packages/eccube_nav.yaml:299-318 で画像設定（banner_setting）がイベント管理(event)のメニューの下に置かれている。src/Eccube/Resource/template/admin/Event/banner.twig:13 も同じ位置を指している。	レイアウト図(sheet-22_img1.png)には上段に店舗の単一選択・画像のアップロード（ファイルを選択）・アップロードボタン、下段に「全て」の絞り込みプルダウンと、画像／更新日付／画面URL／削除の4列の一覧が描かれている。一覧の画像欄は上段に画像、下段にURL(https://stg-files.hareruyamtg.com/banner/)が置かれ、URL欄に「画像URLコピー」、右端に「削除」のリンクがある。図には並び順・保管フォルダ・確認ダイアログの文言は描かれていないため、それらは本文の記述で判定した。	high	
sheet-22-R004	OUT_OF_SCOPE								カスタマイズ範囲の線引きを述べた方針記述であり、個別の実装要求ではない。踏襲対象の中身は現行仕様の各行(sheet-22-R030〜R044)で判定した。	レイアウト図(sheet-22_img1.png)には上段に店舗の単一選択・画像のアップロード（ファイルを選択）・アップロードボタン、下段に「全て」の絞り込みプルダウンと、画像／更新日付／画面URL／削除の4列の一覧が描かれている。一覧の画像欄は上段に画像、下段にURL(https://stg-files.hareruyamtg.com/banner/)が置かれ、URL欄に「画像URLコピー」、右端に「削除」のリンクがある。図には並び順・保管フォルダ・確認ダイアログの文言は描かれていないため、それらは本文の記述で判定した。	high	
sheet-22-R005	OUT_OF_SCOPE								ブロック見出しの行であり、何がどうなるかを述べていない。中身は同ブロックのsheet-22-R006〜R008で判定した。	レイアウト図(sheet-22_img1.png)には上段に店舗の単一選択・画像のアップロード（ファイルを選択）・アップロードボタン、下段に「全て」の絞り込みプルダウンと、画像／更新日付／画面URL／削除の4列の一覧が描かれている。一覧の画像欄は上段に画像、下段にURL(https://stg-files.hareruyamtg.com/banner/)が置かれ、URL欄に「画像URLコピー」、右端に「削除」のリンクがある。図には並び順・保管フォルダ・確認ダイアログの文言は描かれていないため、それらは本文の記述で判定した。	high	
sheet-22-R006	MATCHED								権限の部分は src/Eccube/Controller/Admin/Event/BannerController.php:211-222 と src/Eccube/Service/Admin/Event/EventBannerStorageService.php:71-75 で、編集権限を持つ店舗にだけ画像を保管できるようになっている。引用中の「識別ID:5「会場」」は本シートの項目表に会場が無く（識別ID:5は画像）、★書きの識別IDずれとして指摘対象外の扱い。デフォルト表示の店舗を初期値にする点は項目表の識別ID:1(sheet-22-R015)で判定した。	レイアウト図(sheet-22_img1.png)には上段に店舗の単一選択・画像のアップロード（ファイルを選択）・アップロードボタン、下段に「全て」の絞り込みプルダウンと、画像／更新日付／画面URL／削除の4列の一覧が描かれている。一覧の画像欄は上段に画像、下段にURL(https://stg-files.hareruyamtg.com/banner/)が置かれ、URL欄に「画像URLコピー」、右端に「削除」のリンクがある。図には並び順・保管フォルダ・確認ダイアログの文言は描かれていないため、それらは本文の記述で判定した。	med	
sheet-22-R007	MATCHED								src/Eccube/Controller/Admin/Event/BannerController.php:211 と src/Eccube/Controller/Admin/Event/BannerController.php:317-327 で店舗の選択肢を編集権限のある店舗だけに絞り、src/Eccube/Form/Type/Admin/Event/EventBannerUploadType.php:42-54 がその選択肢だけを表示する。	レイアウト図(sheet-22_img1.png)には上段に店舗の単一選択・画像のアップロード（ファイルを選択）・アップロードボタン、下段に「全て」の絞り込みプルダウンと、画像／更新日付／画面URL／削除の4列の一覧が描かれている。一覧の画像欄は上段に画像、下段にURL(https://stg-files.hareruyamtg.com/banner/)が置かれ、URL欄に「画像URLコピー」、右端に「削除」のリンクがある。図には並び順・保管フォルダ・確認ダイアログの文言は描かれていないため、それらは本文の記述で判定した。	high	
sheet-22-R008	MATCHED								src/Eccube/Resource/template/admin/Event/banner.twig:322-332 で、全店舗表示のときは画像の保管先店舗が編集可能な場合だけ、店舗で絞り込み中のときはその店舗が編集可能な場合だけ削除のリンクを出す。判定に使う編集可能店舗の一覧は src/Eccube/Controller/Admin/Event/BannerController.php:414-425 で作る。	レイアウト図(sheet-22_img1.png)には上段に店舗の単一選択・画像のアップロード（ファイルを選択）・アップロードボタン、下段に「全て」の絞り込みプルダウンと、画像／更新日付／画面URL／削除の4列の一覧が描かれている。一覧の画像欄は上段に画像、下段にURL(https://stg-files.hareruyamtg.com/banner/)が置かれ、URL欄に「画像URLコピー」、右端に「削除」のリンクがある。図には並び順・保管フォルダ・確認ダイアログの文言は描かれていないため、それらは本文の記述で判定した。	high	
sheet-22-R009	OUT_OF_SCOPE								ブロック見出しの行であり、何がどうなるかを述べていない。中身は同ブロックのsheet-22-R010〜R014で判定した。	レイアウト図(sheet-22_img1.png)には上段に店舗の単一選択・画像のアップロード（ファイルを選択）・アップロードボタン、下段に「全て」の絞り込みプルダウンと、画像／更新日付／画面URL／削除の4列の一覧が描かれている。一覧の画像欄は上段に画像、下段にURL(https://stg-files.hareruyamtg.com/banner/)が置かれ、URL欄に「画像URLコピー」、右端に「削除」のリンクがある。図には並び順・保管フォルダ・確認ダイアログの文言は描かれていないため、それらは本文の記述で判定した。	high	
sheet-22-R010	MATCHED								src/Eccube/Service/Admin/Event/EventBannerStorageService.php:26 で参照・保管の双方がイベント専用フォルダ(banner/event/)を指し、src/Eccube/Service/Admin/Event/EventBannerStorageService.php:172-179 の一覧取得も src/Eccube/Service/Admin/Event/EventBannerStorageService.php:91-98 のアップロードも同じフォルダを使う。TOPバナー用フォルダ(src/Eccube/Service/Admin/Data/TopBannerFileListAction.php:22)とは別。	レイアウト図(sheet-22_img1.png)には上段に店舗の単一選択・画像のアップロード（ファイルを選択）・アップロードボタン、下段に「全て」の絞り込みプルダウンと、画像／更新日付／画面URL／削除の4列の一覧が描かれている。一覧の画像欄は上段に画像、下段にURL(https://stg-files.hareruyamtg.com/banner/)が置かれ、URL欄に「画像URLコピー」、右端に「削除」のリンクがある。図には並び順・保管フォルダ・確認ダイアログの文言は描かれていないため、それらは本文の記述で判定した。	high	
sheet-22-R011	MATCHED								src/Eccube/Controller/Admin/Event/BannerController.php:112-140 のアップロードから src/Eccube/Service/Admin/Event/EventBannerStorageService.php:61-101 が画像ファイルを保管する。	レイアウト図(sheet-22_img1.png)には上段に店舗の単一選択・画像のアップロード（ファイルを選択）・アップロードボタン、下段に「全て」の絞り込みプルダウンと、画像／更新日付／画面URL／削除の4列の一覧が描かれている。一覧の画像欄は上段に画像、下段にURL(https://stg-files.hareruyamtg.com/banner/)が置かれ、URL欄に「画像URLコピー」、右端に「削除」のリンクがある。図には並び順・保管フォルダ・確認ダイアログの文言は描かれていないため、それらは本文の記述で判定した。	high	
sheet-22-R012	MATCHED								src/Eccube/Resource/template/admin/Event/banner.twig:296-337 でアップロード済みファイルを一覧表示し、src/Eccube/Resource/template/admin/Event/banner.twig:269-293 の店舗の選択で絞り込める。絞り込みは src/Eccube/Controller/Admin/Event/BannerController.php:62-73 と src/Eccube/Service/Admin/Event/EventBannerStorageService.php:41-52 が受け持つ。	レイアウト図(sheet-22_img1.png)には上段に店舗の単一選択・画像のアップロード（ファイルを選択）・アップロードボタン、下段に「全て」の絞り込みプルダウンと、画像／更新日付／画面URL／削除の4列の一覧が描かれている。一覧の画像欄は上段に画像、下段にURL(https://stg-files.hareruyamtg.com/banner/)が置かれ、URL欄に「画像URLコピー」、右端に「削除」のリンクがある。図には並び順・保管フォルダ・確認ダイアログの文言は描かれていないため、それらは本文の記述で判定した。	high	
sheet-22-R013	MATCHED								src/Eccube/Service/Admin/Event/EventBannerStorageService.php:91-98 で保管先を banner/event/{店舗の識別子}/ にしている。/banner 配下に選択店舗の識別子のフォルダを作る形で、同ブロックのsheet-22-R010がTOPバナー用フォルダと分けることを求めているため event の1階層が入っている。	レイアウト図(sheet-22_img1.png)には上段に店舗の単一選択・画像のアップロード（ファイルを選択）・アップロードボタン、下段に「全て」の絞り込みプルダウンと、画像／更新日付／画面URL／削除の4列の一覧が描かれている。一覧の画像欄は上段に画像、下段にURL(https://stg-files.hareruyamtg.com/banner/)が置かれ、URL欄に「画像URLコピー」、右端に「削除」のリンクがある。図には並び順・保管フォルダ・確認ダイアログの文言は描かれていないため、それらは本文の記述で判定した。	med	
sheet-22-R014	MATCHED								src/Eccube/Controller/Admin/Event/BannerController.php:126-138 と src/Eccube/Controller/Admin/Event/BannerController.php:345-356 で、アップロード後はフォームで選んだアップロード先の店舗で絞り込んだ一覧へ移り、その店舗が選択された状態で表示される。	レイアウト図(sheet-22_img1.png)には上段に店舗の単一選択・画像のアップロード（ファイルを選択）・アップロードボタン、下段に「全て」の絞り込みプルダウンと、画像／更新日付／画面URL／削除の4列の一覧が描かれている。一覧の画像欄は上段に画像、下段にURL(https://stg-files.hareruyamtg.com/banner/)が置かれ、URL欄に「画像URLコピー」、右端に「削除」のリンクがある。図には並び順・保管フォルダ・確認ダイアログの文言は描かれていないため、それらは本文の記述で判定した。	high	
sheet-22-R015	DRIFT	P3	実装違い	IO	"1	店舗	単一選択	〇	-	デフォルト表示の店舗	編集権限のある店舗のみ表示"	アップロード先の店舗欄は、画面を開いたときに担当者のデフォルト表示店舗が選ばれた状態になる。	src/Eccube/Controller/Admin/Event/BannerController.php:205-224;src/Eccube/Form/Type/Admin/Event/EventBannerUploadType.php:42-54	担当者のデフォルト表示店舗を初期値にする処理が無い。店舗で絞り込んで開いたときだけその店舗が初期選択になり、全店舗表示で開いたときは初期値が決まらず、編集できる店舗のうち先頭の店舗が選ばれた状態になる。	src/Eccube/Controller/Admin/Event/BannerController.php:212-215 は絞り込み中の店舗だけを初期値にしており、担当者のデフォルト表示店舗を取り出す処理が src/Eccube/Controller/Admin/Event/BannerController.php のどこにも無い（同じ設計書のイベント一覧では src/Eccube/Controller/Admin/Event/EventController.php:70-75 でデフォルト表示店舗を初期値にしている）。src/Eccube/Form/Type/Admin/Event/EventBannerUploadType.php:49 は空の選択肢を出さない設定のため、初期値が無いと先頭の店舗が選ばれた状態になる。単一選択・必須・編集権限のある店舗のみ表示は設計どおり（src/Eccube/Form/Type/Admin/Event/EventBannerUploadType.php:42-54, src/Eccube/Controller/Admin/Event/BannerController.php:317-327）。	レイアウト図(sheet-22_img1.png)には上段に店舗の単一選択・画像のアップロード（ファイルを選択）・アップロードボタン、下段に「全て」の絞り込みプルダウンと、画像／更新日付／画面URL／削除の4列の一覧が描かれている。一覧の画像欄は上段に画像、下段にURL(https://stg-files.hareruyamtg.com/banner/)が置かれ、URL欄に「画像URLコピー」、右端に「削除」のリンクがある。図には並び順・保管フォルダ・確認ダイアログの文言は描かれていないため、それらは本文の記述で判定した。	med	BannerController-upload-shop-no-default-shop
sheet-22-R016	MATCHED								src/Eccube/Service/Admin/Event/EventBannerStorageService.php:71-75 で、選ばれた店舗に編集権限が無ければ保管せずエラー文言（src/Eccube/Resource/locale/messages.ja.yaml:6013）を返し、src/Eccube/Resource/template/admin/Event/banner.twig:264-266 が画面に表示する。	レイアウト図(sheet-22_img1.png)には上段に店舗の単一選択・画像のアップロード（ファイルを選択）・アップロードボタン、下段に「全て」の絞り込みプルダウンと、画像／更新日付／画面URL／削除の4列の一覧が描かれている。一覧の画像欄は上段に画像、下段にURL(https://stg-files.hareruyamtg.com/banner/)が置かれ、URL欄に「画像URLコピー」、右端に「削除」のリンクがある。図には並び順・保管フォルダ・確認ダイアログの文言は描かれていないため、それらは本文の記述で判定した。	high	
sheet-22-R017	MATCHED								src/Eccube/Form/Type/Admin/Event/EventBannerUploadType.php:38-41 でファイルの入力欄を用意し、src/Eccube/Service/Admin/Event/EventBannerStorageService.php:63-65 で未選択のときは保管しない。src/Eccube/Service/Admin/Event/EventBannerStorageService.php:28 と src/Eccube/Service/Admin/Event/EventBannerStorageService.php:77-82 で520000バイトを超えるときは保管せずエラーにする。	レイアウト図(sheet-22_img1.png)には上段に店舗の単一選択・画像のアップロード（ファイルを選択）・アップロードボタン、下段に「全て」の絞り込みプルダウンと、画像／更新日付／画面URL／削除の4列の一覧が描かれている。一覧の画像欄は上段に画像、下段にURL(https://stg-files.hareruyamtg.com/banner/)が置かれ、URL欄に「画像URLコピー」、右端に「削除」のリンクがある。図には並び順・保管フォルダ・確認ダイアログの文言は描かれていないため、それらは本文の記述で判定した。	high	
sheet-22-R018	MATCHED								src/Eccube/Resource/template/admin/Event/banner.twig:263 のアップロードボタンで src/Eccube/Controller/Admin/Event/BannerController.php:112-140 のアップロード処理を実行する。	レイアウト図(sheet-22_img1.png)には上段に店舗の単一選択・画像のアップロード（ファイルを選択）・アップロードボタン、下段に「全て」の絞り込みプルダウンと、画像／更新日付／画面URL／削除の4列の一覧が描かれている。一覧の画像欄は上段に画像、下段にURL(https://stg-files.hareruyamtg.com/banner/)が置かれ、URL欄に「画像URLコピー」、右端に「削除」のリンクがある。図には並び順・保管フォルダ・確認ダイアログの文言は描かれていないため、それらは本文の記述で判定した。	high	
sheet-22-R019	MATCHED								src/Eccube/Resource/template/admin/Event/banner.twig:269-293 の選択店舗のプルダウンは src/Eccube/Controller/Admin/Event/BannerController.php:210 と src/Eccube/Controller/Admin/Event/BannerController.php:329-337 で取得した全店舗を選択肢にしている（編集権限での絞り込みはしていない）。	レイアウト図(sheet-22_img1.png)には上段に店舗の単一選択・画像のアップロード（ファイルを選択）・アップロードボタン、下段に「全て」の絞り込みプルダウンと、画像／更新日付／画面URL／削除の4列の一覧が描かれている。一覧の画像欄は上段に画像、下段にURL(https://stg-files.hareruyamtg.com/banner/)が置かれ、URL欄に「画像URLコピー」、右端に「削除」のリンクがある。図には並び順・保管フォルダ・確認ダイアログの文言は描かれていないため、それらは本文の記述で判定した。	high	
sheet-22-R020	MATCHED								src/Eccube/Resource/template/admin/Event/banner.twig:284-288 で店舗を選ぶとその店舗の一覧へ移り、src/Eccube/Controller/Admin/Event/BannerController.php:253 と src/Eccube/Service/Admin/Event/EventBannerStorageService.php:41-52,172-179 がその店舗の画像だけに絞り込む。	レイアウト図(sheet-22_img1.png)には上段に店舗の単一選択・画像のアップロード（ファイルを選択）・アップロードボタン、下段に「全て」の絞り込みプルダウンと、画像／更新日付／画面URL／削除の4列の一覧が描かれている。一覧の画像欄は上段に画像、下段にURL(https://stg-files.hareruyamtg.com/banner/)が置かれ、URL欄に「画像URLコピー」、右端に「削除」のリンクがある。図には並び順・保管フォルダ・確認ダイアログの文言は描かれていないため、それらは本文の記述で判定した。	high	
sheet-22-R021	MATCHED								src/Eccube/Resource/template/admin/Event/banner.twig:310-313 で一覧の画像欄の上段に画像を表示する。	レイアウト図(sheet-22_img1.png)には上段に店舗の単一選択・画像のアップロード（ファイルを選択）・アップロードボタン、下段に「全て」の絞り込みプルダウンと、画像／更新日付／画面URL／削除の4列の一覧が描かれている。一覧の画像欄は上段に画像、下段にURL(https://stg-files.hareruyamtg.com/banner/)が置かれ、URL欄に「画像URLコピー」、右端に「削除」のリンクがある。図には並び順・保管フォルダ・確認ダイアログの文言は描かれていないため、それらは本文の記述で判定した。	high	
sheet-22-R022	MATCHED								src/Eccube/Resource/template/admin/Event/banner.twig:314 で画像欄の下段に画像のURLを表示する。	レイアウト図(sheet-22_img1.png)には上段に店舗の単一選択・画像のアップロード（ファイルを選択）・アップロードボタン、下段に「全て」の絞り込みプルダウンと、画像／更新日付／画面URL／削除の4列の一覧が描かれている。一覧の画像欄は上段に画像、下段にURL(https://stg-files.hareruyamtg.com/banner/)が置かれ、URL欄に「画像URLコピー」、右端に「削除」のリンクがある。図には並び順・保管フォルダ・確認ダイアログの文言は描かれていないため、それらは本文の記述で判定した。	high	
sheet-22-R023	MATCHED								src/Eccube/Resource/template/admin/Event/banner.twig:301,316-318 で更新日付の列に保管日時を表示する。	レイアウト図(sheet-22_img1.png)には上段に店舗の単一選択・画像のアップロード（ファイルを選択）・アップロードボタン、下段に「全て」の絞り込みプルダウンと、画像／更新日付／画面URL／削除の4列の一覧が描かれている。一覧の画像欄は上段に画像、下段にURL(https://stg-files.hareruyamtg.com/banner/)が置かれ、URL欄に「画像URLコピー」、右端に「削除」のリンクがある。図には並び順・保管フォルダ・確認ダイアログの文言は描かれていないため、それらは本文の記述で判定した。	high	
sheet-22-R024	MATCHED								src/Eccube/Resource/template/admin/Event/banner.twig:319-321 の画像URLコピーのリンクと src/Eccube/Resource/template/admin/Event/banner.twig:52-61 の処理で、URLをクリップボードへ写す（クリップボードが使えないときは入力欄に出す）。文言は src/Eccube/Resource/locale/messages.ja.yaml:6024。	レイアウト図(sheet-22_img1.png)には上段に店舗の単一選択・画像のアップロード（ファイルを選択）・アップロードボタン、下段に「全て」の絞り込みプルダウンと、画像／更新日付／画面URL／削除の4列の一覧が描かれている。一覧の画像欄は上段に画像、下段にURL(https://stg-files.hareruyamtg.com/banner/)が置かれ、URL欄に「画像URLコピー」、右端に「削除」のリンクがある。図には並び順・保管フォルダ・確認ダイアログの文言は描かれていないため、それらは本文の記述で判定した。	high	
sheet-22-R025	MATCHED								src/Eccube/Resource/template/admin/Event/banner.twig:322-332 で編集権限のある店舗の画像にだけ削除のリンクを出す。	レイアウト図(sheet-22_img1.png)には上段に店舗の単一選択・画像のアップロード（ファイルを選択）・アップロードボタン、下段に「全て」の絞り込みプルダウンと、画像／更新日付／画面URL／削除の4列の一覧が描かれている。一覧の画像欄は上段に画像、下段にURL(https://stg-files.hareruyamtg.com/banner/)が置かれ、URL欄に「画像URLコピー」、右端に「削除」のリンクがある。図には並び順・保管フォルダ・確認ダイアログの文言は描かれていないため、それらは本文の記述で判定した。	high	
sheet-22-R026	DESIGN_ISSUE	P3	実装違い	IO	"「一度削除したデータは元に戻せません。削除してもよろしいですか？」
を表示し「OK」を選択で削除"	削除を選んだときの確認ダイアログの文言を正本の中で1つに定めること。	src/Eccube/Resource/template/admin/Event/banner.twig:327,330;src/Eccube/Resource/locale/messages.ja.yaml:6025	実装の確認ダイアログは「この画像を削除します。よろしいですか？」で、OKを選ぶと削除する。正本の表示メッセージ表(M13-15-MSG-001/002)が定める文言と同じだが、項目表の識別ID:8が定める文言とは異なる。	同じシートの中で確認ダイアログの文言が2通り書かれている。項目表の識別ID:8は「一度削除したデータは元に戻せません。削除してもよろしいですか？」、表示メッセージ表のM13-15-MSG-001/002は「この画像を削除します。よろしいですか？」で、どちらも同じ画面・同じ操作の確認ダイアログを指している。実装(src/Eccube/Resource/template/admin/Event/banner.twig:327,330 と src/Eccube/Resource/locale/messages.ja.yaml:6025、ダイアログは html/template/admin/assets/js/function.js:161-171)は後者に一致する。どちらを正とするかは設計の裁定が要る。	レイアウト図(sheet-22_img1.png)には上段に店舗の単一選択・画像のアップロード（ファイルを選択）・アップロードボタン、下段に「全て」の絞り込みプルダウンと、画像／更新日付／画面URL／削除の4列の一覧が描かれている。一覧の画像欄は上段に画像、下段にURL(https://stg-files.hareruyamtg.com/banner/)が置かれ、URL欄に「画像URLコピー」、右端に「削除」のリンクがある。図には並び順・保管フォルダ・確認ダイアログの文言は描かれていないため、それらは本文の記述で判定した。	high	banner.twig-delete-confirm-wording-conflict
sheet-22-R027	DESIGN_ISSUE	P3	実装違い	IO	"「一度削除したデータは元に戻せません。削除してもよろしいですか？」
を表示し「OK」を選択で削除"	削除を選んだときの確認ダイアログの文言を正本の中で1つに定めること。	src/Eccube/Resource/template/admin/Event/banner.twig:327,330;src/Eccube/Resource/locale/messages.ja.yaml:6025	実装の確認ダイアログは「この画像を削除します。よろしいですか？」で、OKを選ぶと削除する。OKを選んだときに削除する動作自体は設計どおり。	sheet-22-R026と同じ設計内の食い違い。「OK」を選ぶと削除する点は html/template/admin/assets/js/function.js:161-171 と src/Eccube/Controller/Admin/Event/BannerController.php:149-190 で設計どおりだが、表示する文言が正本内で2通りある。	レイアウト図(sheet-22_img1.png)には上段に店舗の単一選択・画像のアップロード（ファイルを選択）・アップロードボタン、下段に「全て」の絞り込みプルダウンと、画像／更新日付／画面URL／削除の4列の一覧が描かれている。一覧の画像欄は上段に画像、下段にURL(https://stg-files.hareruyamtg.com/banner/)が置かれ、URL欄に「画像URLコピー」、右端に「削除」のリンクがある。図には並び順・保管フォルダ・確認ダイアログの文言は描かれていないため、それらは本文の記述で判定した。	high	banner.twig-delete-confirm-wording-conflict
sheet-22-R028	OUT_OF_SCOPE								現行仕様の節の見出し行であり、何がどうなるかを述べていない。	レイアウト図(sheet-22_img1.png)には上段に店舗の単一選択・画像のアップロード（ファイルを選択）・アップロードボタン、下段に「全て」の絞り込みプルダウンと、画像／更新日付／画面URL／削除の4列の一覧が描かれている。一覧の画像欄は上段に画像、下段にURL(https://stg-files.hareruyamtg.com/banner/)が置かれ、URL欄に「画像URLコピー」、右端に「削除」のリンクがある。図には並び順・保管フォルダ・確認ダイアログの文言は描かれていないため、それらは本文の記述で判定した。	high	
sheet-22-R029	OUT_OF_SCOPE								表の見出し（区分行）であり、何がどうなるかを述べていない。中身は同ブロックのsheet-22-R030,R031で判定した。	レイアウト図(sheet-22_img1.png)には上段に店舗の単一選択・画像のアップロード（ファイルを選択）・アップロードボタン、下段に「全て」の絞り込みプルダウンと、画像／更新日付／画面URL／削除の4列の一覧が描かれている。一覧の画像欄は上段に画像、下段にURL(https://stg-files.hareruyamtg.com/banner/)が置かれ、URL欄に「画像URLコピー」、右端に「削除」のリンクがある。図には並び順・保管フォルダ・確認ダイアログの文言は描かれていないため、それらは本文の記述で判定した。	high	
sheet-22-R030	DRIFT	P3	実装違い	ふるまい	画像一覧は保管先のパスの降順で並べ、表示するのは先頭2000件までとする。更新日付の順ではないので、全店舗を表示するときは店舗ごとの区分の降順にまとまり、同じ区分の中では後から保管したものほど先に並ぶ。保管先の区分（フォルダ）そのものは一覧に出さず、ファイルだけを並べる。	画像一覧は保管先のパスの降順で並び、全店舗を表示すると店舗ごとにまとまって並ぶ。表示するのは先頭2000件まで。	src/Eccube/Service/Admin/Event/EventBannerStorageService.php:207-219	更新日時の新しい順に並べている。全店舗を表示すると店舗ごとにまとまらず、各店舗の画像が更新日時の順で入り混じって並ぶ。2000件の上限とフォルダ自体を一覧に出さない点は設計どおり。	src/Eccube/Service/Admin/Event/EventBannerStorageService.php:209-216 は更新日時(LastModified)の降順で並べ替えており、保管先のパスでは並べていない。正本は「更新日付の順ではないので」とわざわざ断って店舗ごとにまとまることを述べているため、並び順そのものが要求である。件数上限は src/Eccube/Service/Admin/Event/EventBannerStorageService.php:218 で2000件、フォルダを出さない点は src/Eccube/Service/S3AccessService.php:109-113 で満たしている。	レイアウト図(sheet-22_img1.png)には上段に店舗の単一選択・画像のアップロード（ファイルを選択）・アップロードボタン、下段に「全て」の絞り込みプルダウンと、画像／更新日付／画面URL／削除の4列の一覧が描かれている。一覧の画像欄は上段に画像、下段にURL(https://stg-files.hareruyamtg.com/banner/)が置かれ、URL欄に「画像URLコピー」、右端に「削除」のリンクがある。図には並び順・保管フォルダ・確認ダイアログの文言は描かれていないため、それらは本文の記述で判定した。	high	EventBannerStorageService-list-sorted-by-modified-not-path
sheet-22-R031	OUT_OF_SCOPE								アップロード失敗時に店舗の絞り込みと件数上限が外れて全店舗が昇順で出るのは、現行ソースが再表示の経路で別の一覧取得を通ることによる副作用であり、機能として定義された挙動ではない。リニューアル後の表示メッセージ表(sheet-22-R051〜R053)は失敗時の後続処理を「アップロードせず画面を再表示する」とだけ定めており、実装(src/Eccube/Controller/Admin/Event/BannerController.php:112-140)もそのとおり絞り込みを保ったまま同じ画面を再表示する。	レイアウト図(sheet-22_img1.png)には上段に店舗の単一選択・画像のアップロード（ファイルを選択）・アップロードボタン、下段に「全て」の絞り込みプルダウンと、画像／更新日付／画面URL／削除の4列の一覧が描かれている。一覧の画像欄は上段に画像、下段にURL(https://stg-files.hareruyamtg.com/banner/)が置かれ、URL欄に「画像URLコピー」、右端に「削除」のリンクがある。図には並び順・保管フォルダ・確認ダイアログの文言は描かれていないため、それらは本文の記述で判定した。	med	
sheet-22-R032	OUT_OF_SCOPE								表の見出し（区分行）であり、何がどうなるかを述べていない。中身は同ブロックのsheet-22-R033で判定した。	レイアウト図(sheet-22_img1.png)には上段に店舗の単一選択・画像のアップロード（ファイルを選択）・アップロードボタン、下段に「全て」の絞り込みプルダウンと、画像／更新日付／画面URL／削除の4列の一覧が描かれている。一覧の画像欄は上段に画像、下段にURL(https://stg-files.hareruyamtg.com/banner/)が置かれ、URL欄に「画像URLコピー」、右端に「削除」のリンクがある。図には並び順・保管フォルダ・確認ダイアログの文言は描かれていないため、それらは本文の記述で判定した。	high	
sheet-22-R033	MATCHED								src/Eccube/Service/Admin/Event/EventBannerStorageService.php:84-88 で画像の内容から種別を判定し、GIF・JPEG・PNGのいずれでもなければ保管せずエラー文言を返す。src/Eccube/Controller/Admin/Event/BannerController.php:139 が同じ画面を再表示する。	レイアウト図(sheet-22_img1.png)には上段に店舗の単一選択・画像のアップロード（ファイルを選択）・アップロードボタン、下段に「全て」の絞り込みプルダウンと、画像／更新日付／画面URL／削除の4列の一覧が描かれている。一覧の画像欄は上段に画像、下段にURL(https://stg-files.hareruyamtg.com/banner/)が置かれ、URL欄に「画像URLコピー」、右端に「削除」のリンクがある。図には並び順・保管フォルダ・確認ダイアログの文言は描かれていないため、それらは本文の記述で判定した。	high	
sheet-22-R034	OUT_OF_SCOPE								表の見出し（区分行）であり、何がどうなるかを述べていない。中身は同ブロックのsheet-22-R035で判定した。	レイアウト図(sheet-22_img1.png)には上段に店舗の単一選択・画像のアップロード（ファイルを選択）・アップロードボタン、下段に「全て」の絞り込みプルダウンと、画像／更新日付／画面URL／削除の4列の一覧が描かれている。一覧の画像欄は上段に画像、下段にURL(https://stg-files.hareruyamtg.com/banner/)が置かれ、URL欄に「画像URLコピー」、右端に「削除」のリンクがある。図には並び順・保管フォルダ・確認ダイアログの文言は描かれていないため、それらは本文の記述で判定した。	high	
sheet-22-R035	MATCHED								src/Eccube/Service/S3AccessService.php:49-65 で、保管先に同名が無くなるまで作り直した一意な名前を使い、拡張子は小文字にして付ける。拡張子のもとになる種別は src/Eccube/Service/Admin/Event/EventBannerStorageService.php:90 で画像の内容から判定している。一覧のURLは src/Eccube/Resource/template/admin/Event/banner.twig:308,314 で保管後の名前から作られる。	レイアウト図(sheet-22_img1.png)には上段に店舗の単一選択・画像のアップロード（ファイルを選択）・アップロードボタン、下段に「全て」の絞り込みプルダウンと、画像／更新日付／画面URL／削除の4列の一覧が描かれている。一覧の画像欄は上段に画像、下段にURL(https://stg-files.hareruyamtg.com/banner/)が置かれ、URL欄に「画像URLコピー」、右端に「削除」のリンクがある。図には並び順・保管フォルダ・確認ダイアログの文言は描かれていないため、それらは本文の記述で判定した。	high	
sheet-22-R036	OUT_OF_SCOPE								表の見出し（区分行）であり、何がどうなるかを述べていない。中身は同ブロックのsheet-22-R037で判定した。	レイアウト図(sheet-22_img1.png)には上段に店舗の単一選択・画像のアップロード（ファイルを選択）・アップロードボタン、下段に「全て」の絞り込みプルダウンと、画像／更新日付／画面URL／削除の4列の一覧が描かれている。一覧の画像欄は上段に画像、下段にURL(https://stg-files.hareruyamtg.com/banner/)が置かれ、URL欄に「画像URLコピー」、右端に「削除」のリンクがある。図には並び順・保管フォルダ・確認ダイアログの文言は描かれていないため、それらは本文の記述で判定した。	high	
sheet-22-R037	MATCHED								src/Eccube/Service/Admin/Event/EventBannerStorageService.php:61-101 のアップロードは画像の保管だけを行い、バナー設定の内容には触れない。バナー設定の保存は src/Eccube/Controller/Admin/Event/BannerController.php:82-105 の別の操作になっている。	レイアウト図(sheet-22_img1.png)には上段に店舗の単一選択・画像のアップロード（ファイルを選択）・アップロードボタン、下段に「全て」の絞り込みプルダウンと、画像／更新日付／画面URL／削除の4列の一覧が描かれている。一覧の画像欄は上段に画像、下段にURL(https://stg-files.hareruyamtg.com/banner/)が置かれ、URL欄に「画像URLコピー」、右端に「削除」のリンクがある。図には並び順・保管フォルダ・確認ダイアログの文言は描かれていないため、それらは本文の記述で判定した。	high	
sheet-22-R038	OUT_OF_SCOPE								表の見出し（区分行）であり、何がどうなるかを述べていない。中身は同ブロックのsheet-22-R039で判定した。	レイアウト図(sheet-22_img1.png)には上段に店舗の単一選択・画像のアップロード（ファイルを選択）・アップロードボタン、下段に「全て」の絞り込みプルダウンと、画像／更新日付／画面URL／削除の4列の一覧が描かれている。一覧の画像欄は上段に画像、下段にURL(https://stg-files.hareruyamtg.com/banner/)が置かれ、URL欄に「画像URLコピー」、右端に「削除」のリンクがある。図には並び順・保管フォルダ・確認ダイアログの文言は描かれていないため、それらは本文の記述で判定した。	high	
sheet-22-R039	MATCHED								src/Eccube/Controller/Admin/Event/BannerController.php:151 で送信情報の正しさを確かめ、src/Eccube/Controller/Admin/Event/BannerController.php:163-177 で対象が指定の保管先の配下かと編集権限を確かめる。src/Eccube/Service/Admin/Event/EventBannerStorageService.php:162-167 で保管先に存在するときだけ削除し、src/Eccube/Controller/Admin/Event/BannerController.php:189 と src/Eccube/Controller/Admin/Event/BannerController.php:404-411 で全店舗の一覧または絞り込み中の店舗の一覧へ戻る。	レイアウト図(sheet-22_img1.png)には上段に店舗の単一選択・画像のアップロード（ファイルを選択）・アップロードボタン、下段に「全て」の絞り込みプルダウンと、画像／更新日付／画面URL／削除の4列の一覧が描かれている。一覧の画像欄は上段に画像、下段にURL(https://stg-files.hareruyamtg.com/banner/)が置かれ、URL欄に「画像URLコピー」、右端に「削除」のリンクがある。図には並び順・保管フォルダ・確認ダイアログの文言は描かれていないため、それらは本文の記述で判定した。	high	
sheet-22-R040	MATCHED								src/Eccube/Controller/Admin/Event/BannerController.php:136-138 と src/Eccube/Controller/Admin/Event/BannerController.php:189 でアップロード・削除のあと一覧へ移り、src/Eccube/Controller/Admin/Event/BannerController.php:253 が保管先の内容を取り直して一覧を出し直す。	レイアウト図(sheet-22_img1.png)には上段に店舗の単一選択・画像のアップロード（ファイルを選択）・アップロードボタン、下段に「全て」の絞り込みプルダウンと、画像／更新日付／画面URL／削除の4列の一覧が描かれている。一覧の画像欄は上段に画像、下段にURL(https://stg-files.hareruyamtg.com/banner/)が置かれ、URL欄に「画像URLコピー」、右端に「削除」のリンクがある。図には並び順・保管フォルダ・確認ダイアログの文言は描かれていないため、それらは本文の記述で判定した。	high	
sheet-22-R041	MATCHED								src/Eccube/Service/Admin/Event/EventBannerStorageService.php:84-88 で画像種別が対象外のときは保管せずエラー文言を返し、src/Eccube/Resource/template/admin/Event/banner.twig:264-266 が画面にその文言を表示する。	レイアウト図(sheet-22_img1.png)には上段に店舗の単一選択・画像のアップロード（ファイルを選択）・アップロードボタン、下段に「全て」の絞り込みプルダウンと、画像／更新日付／画面URL／削除の4列の一覧が描かれている。一覧の画像欄は上段に画像、下段にURL(https://stg-files.hareruyamtg.com/banner/)が置かれ、URL欄に「画像URLコピー」、右端に「削除」のリンクがある。図には並び順・保管フォルダ・確認ダイアログの文言は描かれていないため、それらは本文の記述で判定した。	high	
sheet-22-R042	OUT_OF_SCOPE								表の見出し（区分行）であり、何がどうなるかを述べていない。中身は同ブロックのsheet-22-R043,R044で判定した。	レイアウト図(sheet-22_img1.png)には上段に店舗の単一選択・画像のアップロード（ファイルを選択）・アップロードボタン、下段に「全て」の絞り込みプルダウンと、画像／更新日付／画面URL／削除の4列の一覧が描かれている。一覧の画像欄は上段に画像、下段にURL(https://stg-files.hareruyamtg.com/banner/)が置かれ、URL欄に「画像URLコピー」、右端に「削除」のリンクがある。図には並び順・保管フォルダ・確認ダイアログの文言は描かれていないため、それらは本文の記述で判定した。	high	
sheet-22-R043	MATCHED								アップロードを契機に src/Eccube/Service/Admin/Event/EventBannerStorageService.php:91-98 が画像ファイルを保管先へ書き込む。	レイアウト図(sheet-22_img1.png)には上段に店舗の単一選択・画像のアップロード（ファイルを選択）・アップロードボタン、下段に「全て」の絞り込みプルダウンと、画像／更新日付／画面URL／削除の4列の一覧が描かれている。一覧の画像欄は上段に画像、下段にURL(https://stg-files.hareruyamtg.com/banner/)が置かれ、URL欄に「画像URLコピー」、右端に「削除」のリンクがある。図には並び順・保管フォルダ・確認ダイアログの文言は描かれていないため、それらは本文の記述で判定した。	high	
sheet-22-R044	MATCHED								削除を契機に src/Eccube/Service/Admin/Event/EventBannerStorageService.php:162-167 が画像ファイルを保管先から消す。	レイアウト図(sheet-22_img1.png)には上段に店舗の単一選択・画像のアップロード（ファイルを選択）・アップロードボタン、下段に「全て」の絞り込みプルダウンと、画像／更新日付／画面URL／削除の4列の一覧が描かれている。一覧の画像欄は上段に画像、下段にURL(https://stg-files.hareruyamtg.com/banner/)が置かれ、URL欄に「画像URLコピー」、右端に「削除」のリンクがある。図には並び順・保管フォルダ・確認ダイアログの文言は描かれていないため、それらは本文の記述で判定した。	high	
sheet-22-R045	MATCHED								src/Eccube/Resource/template/admin/Event/banner.twig:323-328 で全店舗表示のとき編集可能な店舗の画像にだけ削除のリンクを出し、html/template/admin/assets/js/function.js:161-171 が画面中央の確認ダイアログに src/Eccube/Resource/locale/messages.ja.yaml:6025 の「この画像を削除します。よろしいですか？」を出す。OKで削除へ進み、src/Eccube/Controller/Admin/Event/BannerController.php:404-411 で全店舗の一覧へ戻る。キャンセルでは送信せず現在の画面に留まる（html/template/admin/assets/js/function.js:165-171）。	レイアウト図(sheet-22_img1.png)には上段に店舗の単一選択・画像のアップロード（ファイルを選択）・アップロードボタン、下段に「全て」の絞り込みプルダウンと、画像／更新日付／画面URL／削除の4列の一覧が描かれている。一覧の画像欄は上段に画像、下段にURL(https://stg-files.hareruyamtg.com/banner/)が置かれ、URL欄に「画像URLコピー」、右端に「削除」のリンクがある。図には並び順・保管フォルダ・確認ダイアログの文言は描かれていないため、それらは本文の記述で判定した。	high	
sheet-22-R046	MATCHED								src/Eccube/Resource/template/admin/Event/banner.twig:329-331 で店舗を絞り込み中に編集可能な画像にだけ削除のリンクを出し、html/template/admin/assets/js/function.js:161-171 が同じ確認ダイアログを出す。OKで削除へ進み、src/Eccube/Controller/Admin/Event/BannerController.php:404-411 でその店舗で絞り込んだ一覧へ戻る。	レイアウト図(sheet-22_img1.png)には上段に店舗の単一選択・画像のアップロード（ファイルを選択）・アップロードボタン、下段に「全て」の絞り込みプルダウンと、画像／更新日付／画面URL／削除の4列の一覧が描かれている。一覧の画像欄は上段に画像、下段にURL(https://stg-files.hareruyamtg.com/banner/)が置かれ、URL欄に「画像URLコピー」、右端に「削除」のリンクがある。図には並び順・保管フォルダ・確認ダイアログの文言は描かれていないため、それらは本文の記述で判定した。	high	
sheet-22-R047	MATCHED								src/Eccube/Controller/Admin/Event/BannerController.php:135 で src/Eccube/Resource/locale/messages.ja.yaml:1604 の「アップロードしました」を管理画面上部に出し、src/Eccube/Controller/Admin/Event/BannerController.php:137,345-356 でアップロード先の店舗で絞り込んだ一覧へ移る。	レイアウト図(sheet-22_img1.png)には上段に店舗の単一選択・画像のアップロード（ファイルを選択）・アップロードボタン、下段に「全て」の絞り込みプルダウンと、画像／更新日付／画面URL／削除の4列の一覧が描かれている。一覧の画像欄は上段に画像、下段にURL(https://stg-files.hareruyamtg.com/banner/)が置かれ、URL欄に「画像URLコピー」、右端に「削除」のリンクがある。図には並び順・保管フォルダ・確認ダイアログの文言は描かれていないため、それらは本文の記述で判定した。	high	
sheet-22-R048	MATCHED								src/Eccube/Controller/Admin/Event/BannerController.php:163-168 で絞り込み中の店舗に編集権限が無いときは src/Eccube/Resource/locale/messages.ja.yaml:6014 の「編集権限のない店舗の画像は削除できません。」を管理画面上部に出し、削除せずその店舗で絞り込んだ一覧へ戻る。	レイアウト図(sheet-22_img1.png)には上段に店舗の単一選択・画像のアップロード（ファイルを選択）・アップロードボタン、下段に「全て」の絞り込みプルダウンと、画像／更新日付／画面URL／削除の4列の一覧が描かれている。一覧の画像欄は上段に画像、下段にURL(https://stg-files.hareruyamtg.com/banner/)が置かれ、URL欄に「画像URLコピー」、右端に「削除」のリンクがある。図には並び順・保管フォルダ・確認ダイアログの文言は描かれていないため、それらは本文の記述で判定した。	high	
sheet-22-R049	MATCHED								src/Eccube/Controller/Admin/Event/BannerController.php:180-184 で対象の画像の店舗を編集できないときは src/Eccube/Resource/locale/messages.ja.yaml:6014 の「編集権限のない店舗の画像は削除できません。」を出し、削除せず現在の表示条件の一覧へ戻る。	レイアウト図(sheet-22_img1.png)には上段に店舗の単一選択・画像のアップロード（ファイルを選択）・アップロードボタン、下段に「全て」の絞り込みプルダウンと、画像／更新日付／画面URL／削除の4列の一覧が描かれている。一覧の画像欄は上段に画像、下段にURL(https://stg-files.hareruyamtg.com/banner/)が置かれ、URL欄に「画像URLコピー」、右端に「削除」のリンクがある。図には並び順・保管フォルダ・確認ダイアログの文言は描かれていないため、それらは本文の記述で判定した。	high	
sheet-22-R050	MATCHED								src/Eccube/Controller/Admin/Event/BannerController.php:187 で src/Eccube/Resource/locale/messages.ja.yaml:1597 の「削除しました」を管理画面上部に出し、src/Eccube/Controller/Admin/Event/BannerController.php:189,404-411 で現在の表示条件の一覧へ戻る。	レイアウト図(sheet-22_img1.png)には上段に店舗の単一選択・画像のアップロード（ファイルを選択）・アップロードボタン、下段に「全て」の絞り込みプルダウンと、画像／更新日付／画面URL／削除の4列の一覧が描かれている。一覧の画像欄は上段に画像、下段にURL(https://stg-files.hareruyamtg.com/banner/)が置かれ、URL欄に「画像URLコピー」、右端に「削除」のリンクがある。図には並び順・保管フォルダ・確認ダイアログの文言は描かれていないため、それらは本文の記述で判定した。	high	
sheet-22-R051	MATCHED								src/Eccube/Service/Admin/Event/EventBannerStorageService.php:63-65 でファイルが選ばれていないときは保管せず、src/Eccube/Resource/template/admin/Event/banner.twig:264-266 がアップロードボタンの直下に src/Eccube/Resource/locale/messages.ja.yaml:6016 の「ファイルを選択してください。」を出して画面を再表示する。文言は設計の「ファイルが選択されていません。」と語句が異なるが、表示位置・表示条件・後続処理は設計どおり。この行はメッセージIDを持たず、IDのあるM13-15-MSG-001〜006が実装の文言と逐語一致していることから、ID無しの行は文言まで確定していないものとして扱った。	レイアウト図(sheet-22_img1.png)には上段に店舗の単一選択・画像のアップロード（ファイルを選択）・アップロードボタン、下段に「全て」の絞り込みプルダウンと、画像／更新日付／画面URL／削除の4列の一覧が描かれている。一覧の画像欄は上段に画像、下段にURL(https://stg-files.hareruyamtg.com/banner/)が置かれ、URL欄に「画像URLコピー」、右端に「削除」のリンクがある。図には並び順・保管フォルダ・確認ダイアログの文言は描かれていないため、それらは本文の記述で判定した。	med	
sheet-22-R052	MATCHED								src/Eccube/Service/Admin/Event/EventBannerStorageService.php:28,77-82 で520000バイトを超えるときは保管せず、src/Eccube/Resource/template/admin/Event/banner.twig:264-266 が src/Eccube/Resource/locale/messages.ja.yaml:6017 の「ファイルサイズが大きすぎます（最大 %max% バイト）。」を上限の数値付きで出して画面を再表示する。設計の「ファイルサイズは（上限）バイト以下にしてください。」と語句は異なるが上限値の扱いを含めて内容は同じ。	レイアウト図(sheet-22_img1.png)には上段に店舗の単一選択・画像のアップロード（ファイルを選択）・アップロードボタン、下段に「全て」の絞り込みプルダウンと、画像／更新日付／画面URL／削除の4列の一覧が描かれている。一覧の画像欄は上段に画像、下段にURL(https://stg-files.hareruyamtg.com/banner/)が置かれ、URL欄に「画像URLコピー」、右端に「削除」のリンクがある。図には並び順・保管フォルダ・確認ダイアログの文言は描かれていないため、それらは本文の記述で判定した。	med	
sheet-22-R053	MATCHED								src/Eccube/Service/Admin/Event/EventBannerStorageService.php:84-88 で画像種別がGIF・JPEG・PNGのいずれでもないときは保管せず、src/Eccube/Resource/template/admin/Event/banner.twig:264-266 が src/Eccube/Resource/locale/messages.ja.yaml:6018 の「画像ファイル（JPEG/PNG/GIF）を指定してください。」を出して画面を再表示する。設計の「ファイルがGIF・JPG・PNGではありません。」と語句は異なるが内容は同じ。	レイアウト図(sheet-22_img1.png)には上段に店舗の単一選択・画像のアップロード（ファイルを選択）・アップロードボタン、下段に「全て」の絞り込みプルダウンと、画像／更新日付／画面URL／削除の4列の一覧が描かれている。一覧の画像欄は上段に画像、下段にURL(https://stg-files.hareruyamtg.com/banner/)が置かれ、URL欄に「画像URLコピー」、右端に「削除」のリンクがある。図には並び順・保管フォルダ・確認ダイアログの文言は描かれていないため、それらは本文の記述で判定した。	med	
sheet-22-R054	DESIGN_ISSUE	P3	実装違い	IO	"—	削除の確認	一度削除したデータは元に戻せません。削除してもよろしいですか？	削除を選択したとき	確認後に削除する"	削除を選んだときの確認ダイアログの文言を正本の中で1つに定めること。	src/Eccube/Resource/template/admin/Event/banner.twig:327,330;src/Eccube/Resource/locale/messages.ja.yaml:6025	実装の確認ダイアログは「この画像を削除します。よろしいですか？」で、確認後に削除する。	同じ表示メッセージ表の中で、M13-15-MSG-001/002が同じ削除の確認ダイアログを「この画像を削除します。よろしいですか？」と定めているのに対し、この行は別の文言を定めている。実装(src/Eccube/Resource/template/admin/Event/banner.twig:327,330 と src/Eccube/Resource/locale/messages.ja.yaml:6025)は前者に一致する。どちらを正とするかは設計の裁定が要る。	レイアウト図(sheet-22_img1.png)には上段に店舗の単一選択・画像のアップロード（ファイルを選択）・アップロードボタン、下段に「全て」の絞り込みプルダウンと、画像／更新日付／画面URL／削除の4列の一覧が描かれている。一覧の画像欄は上段に画像、下段にURL(https://stg-files.hareruyamtg.com/banner/)が置かれ、URL欄に「画像URLコピー」、右端に「削除」のリンクがある。図には並び順・保管フォルダ・確認ダイアログの文言は描かれていないため、それらは本文の記述で判定した。	high	banner.twig-delete-confirm-wording-conflict
