EVID	機能ID	根拠doc	行	節	列1	列2	列3	抽出パス	抽出ルート名	参照機能ID
EV-1e8e4969	A05-03	functions/pf-eccube3/a05-03_api_order_order_store_call_number.md	63	利用者視点の入口	店頭注文番号リストの取得	`GET /{_locale}/waiting_api/get_waiting`	ピック完了の注文番号札（数字）と注文番号札（アルファベット）を1配列にまとめて返す。	/waiting_api/get_waiting		
EV-e20240f7	A05-04	functions/pf-eccube3/a05-04_api_order_order_smaregi_receive.md	68	利用者視点の入口	スマレジ取引通知の受信	`POST /{_locale}/smaregi/transaction`	取引情報を受け取り、会員ポイントとポイント履歴を更新し、対象注文を出荷完了に反映し、更新件数を返す。	/smaregi/transaction		
EV-39ae2505	A17-03	functions/pf-eccube3/a17-03_api_other_point_granter.md	62	利用者視点の入口	PointGranterからの取引連携	`POST /admin_api/point_granter`	受け取った処理名・パラメータをスマレジ取引APIへ中継し、取引更新時は会員へポイントを付与して履歴を登録する。	/admin_api/point_granter		
EV-4b3f65ad	B02-01	functions/pf-eccube3/b02-01_batch_product_product_sales_period_summary.md	60	利用者視点の入口	コンソールのバッチコマンド	`product:batch updateProductSummary`	受注詳細から期間別の販売数を集計し、商品規格サブの販売数列を更新する。			
EV-cdddc506	B02-02	functions/pf-eccube3/b02-02_batch_product_product_arrival_notification_cancel.md	62	利用者視点の入口	コンソールのバッチコマンド	`product:batch deleteProductRequest`	削除済み商品・商品規格に対応する入荷通知リクエストを論理削除する。			
EV-3edbeed9	B02-03	functions/pf-eccube3/b02-03_batch_product_product_storage_period_summary.md	63	利用者視点の入口	コンソールのバッチコマンド	`product:batch updateProductSummaryForStockUp`	在庫履歴から期間別の入庫数を集計し、商品規格サブの入庫数列を更新する。			
EV-b351302c	B02-04	functions/pf-eccube3/b02-04_batch_product_product_no_section_check.md	61	利用者視点の入口	コンソールのバッチコマンド	`product:batch checkNoSectionProduct`	公開中かつ部門未設定の商品を抽出し、該当があれば管理者へアラートメールを送信する。			
EV-9b7f3a79	B02-05	functions/pf-eccube3/b02-05_batch_product_product_favorite_sale_notification.md	63	利用者視点の入口	コンソールのバッチコマンド	`product:batch saleNotification`	セール中のお気に入り商品を会員ごとにまとめ、対象会員へセール通知メールを送信する。			
EV-1ab0eeff	B02-06	functions/pf-eccube3/b02-06_batch_product_product_stock_initialize.md	64	利用者視点の入口	コンソールのバッチコマンド	`product:batch insertStockHistory <開始日> <終了日>`	指定した受注日範囲の受注をたどり、受注分の在庫減算の在庫履歴を作成する。			
EV-1552bf52	B02-07	functions/pf-eccube3/b02-07_batch_product_product_weekly_stock_history_update.md	63	利用者視点の入口	コンソールのバッチコマンド	`product:batch exportWeeklyStockHistoryCsv`	全商品規格の週次在庫を在庫履歴から集計し、設定された出力パスへCSVを出力する。			
EV-d7eb9da6	B05-01	functions/pf-eccube3/b05-01_batch_order_order_copy_order_number.md	62	利用者視点の入口	コンソールのバッチコマンド	`order:batch copyOrderNumber`	注文番号テーブルから受注サブテーブルへ注文番号をコピーし、店頭受取注文はスマレジへ連携する。			
EV-8f132943	B05-02	functions/pf-eccube3/b05-02_batch_order_order_resend_mail.md	63	利用者視点の入口	コンソールのバッチコマンド	`order:batch resendMail`	メール未送信の受注について、ポイント・在庫を整え、注文完了メールを再送信する。			
EV-7db39eb8	B05-03	functions/pf-eccube3/b05-03_batch_order_order_store_call_number_initialize.md	59	利用者視点の入口	コンソールのバッチコマンド	`order:batch truncateWaitingNumber`	店頭注文番号テーブルの全レコードを削除し、採番カウンタを1へ戻す。			
EV-c3b7df5b	B05-04	functions/pf-eccube3/b05-04_batch_order_order_resend_smaregi_product.md	58	利用者視点の入口	コンソールのバッチコマンド	`order:batch resendSmaregiProduct`	スマレジ未連携の店頭注文受注について、未連携の商品・在庫をスマレジへ再連携する。			
EV-9a62e708	B05-05	functions/pf-eccube3/b05-05_batch_order_order_delete_smaregi_product.md	58	利用者視点の入口	コンソールのバッチコマンド	`order:batch deleteSmaregiProduct`	手続きが完了した店頭注文をスマレジ商品から削除する。			
EV-858434e4	B05-06	functions/pf-eccube3/b05-06_batch_order_order_check_duplicate_point.md	63	利用者視点の入口	コンソールのバッチコマンド	`order:batch checkDuplicatePoint`	二重登録されたポイント履歴を検知し、該当があれば注文番号を添えて管理者へ通知メールを送信する。			
EV-cf566a0f	B05-07	functions/pf-eccube3/b05-07_batch_order_order_check_not_reflected_point.md	62	利用者視点の入口	コンソールのバッチコマンド	`order:batch checkNotReflectedPointUsage`	直近のSPLINKS決済でポイント利用が未反映の決済を検知し、該当があれば管理者へアラートメールを送信する。			
EV-de6545b6	B05-08	functions/pf-eccube3/b05-08_batch_order_smaregi_check_error_order.md	62	利用者視点の入口	コンソールのバッチコマンド	`smaregi:batch checkSmaregiErrorOrder`	スマレジ連携エラーのEC受注について、会員ポイントの連携をリトライし、成否で状態を更新する。			
EV-a9c93fc5	B05-09	functions/pf-eccube3/b05-09_batch_order_smaregi_check_transaction.md	62	利用者視点の入口	コンソールのバッチコマンド	`smaregi:batch checkSmaregiTransaction`	スマレジの取引情報を取得し、連携エラーの取引の連携を更新する。			
EV-d4f14028	B06-02	functions/pf-eccube3/b06-02_batch_purchase_purchase_summary.md	69	利用者視点の入口	コンソールのバッチコマンド	`otcBuyOrder:batch updateSummary [YYYY-MM-DD]`	集計日の店頭買取データを店舗・部門単位で集計し、当日分の既存集計を入れ替える。部門未設定商品があれば管理者へ通知メールを送る。			
EV-44e0e2f0	B08-01	functions/pf-eccube3/b08-01_batch_customer_customer_send_account_migration.md	59	利用者視点の入口	コンソールのバッチコマンド	`customer:batch sendAccountMigration <基準日>`	基準日以降に更新された会員へ、パスワード再設定を促す案内メールを送信する。			
EV-59f4288c	B08-02	functions/pf-eccube3/b08-02_batch_customer_customer_lost_points.md	61	利用者視点の入口	コンソールのバッチコマンド	`customer:batch lostPoint`	失効対象の会員について、失効分をスマレジへ連携し、保有ポイントを更新してポイント履歴を記録する。			
EV-36009361	B08-03	functions/pf-eccube3/b08-03_batch_customer_customer_point_expire_notification.md	61	利用者視点の入口	コンソールのバッチコマンド	`customer:batch pointExpireNotification`	失効が近い会員へ、失効予定日と失効予定ポイントを案内する通知メールを送信する。			
EV-1d0c0f71	B08-04	functions/pf-eccube3/b08-04_batch_customer_customer_check_blank_required.md	57	利用者視点の入口	コンソールのバッチコマンド	`customer:batch checkBlankRequiredItemCustomer`	必須項目が空欄の会員を抽出し、該当があれば管理者へアラートメールを送信する。			
EV-f29020a6	B08-05	functions/pf-eccube3/b08-05_batch_customer_customer_adjust_point_variance.md	62	利用者視点の入口	コンソールのバッチコマンド	`customer:batch adjustPointVariance`	保有ポイントと履歴合計に差分のある会員を検出し、保有ポイントを履歴合計へ補正して差分一覧を管理者へ通知する。			
EV-5da3c925	B08-06	functions/pf-eccube3/b08-06_batch_customer_smaregi_update_point.md	60	利用者視点の入口	コンソールのバッチコマンド	`smaregi:batch updatePoint <受注ID>`	指定受注の使用ポイントをスマレジ会員ポイントへ減算連携する。失敗時はエラーを記録する。			
EV-5f94019e	B13-01	functions/pf-eccube3/b13-01_batch_event_event_check_processing_payment.md	69	利用者視点の入口	コンソールのバッチコマンド	`entry:batch checkProssesingPayment`	一定時間以上「決済中」のイベント申込を決済サービスへ照会し、ステータスを整合させる。			
EV-e20cc69e	B13-02	functions/pf-eccube3/b13-02_batch_event_event_check_cvs_payment.md	70	利用者視点の入口	コンソールのバッチコマンド	`entry:batch checkCvsPayment`	コンビニ決済で入金待ちのイベント申込を決済サービスへ照会し、ステータスを整合させる。			
EV-bbb3595d	B17-01	functions/pf-eccube3/b17-01_batch_other_create_latest_article_list.md	66	利用者視点の入口	コンソールのバッチコマンド	`list:batch createLatestArticleList`	外部記事APIから最新記事20件を取得し、jsonファイルとして作成する。			
EV-6d3c3769	F01-01	functions/pf-eccube3/f01-01_front_top_home_main.md	68	利用者視点の入口	サイトルート直下を開く	`GET /{_locale}/`	本店TOP画面を描画する。共通レイアウト枠へページ設定ブロックを差し込み、未ログイン時はログイン用モーダルを併せて出力する。			
EV-145296e2	F01-01	functions/pf-eccube3/f01-01_front_top_home_main.md	69	利用者視点の入口	ロゴ・ショップ導線からの遷移	`GET /{_locale}/`	同上。			
EV-3f59d150	F01-01	functions/pf-eccube3/f01-01_front_top_home_main.md	202	画面遷移	サイトルート直下を開く	同一画面に本店TOPを表示				
EV-6671ff5c	F01-01	functions/pf-eccube3/f01-01_front_top_home_main.md	203	画面遷移	グローバルナビの各リンク	各遷移先（F02-01・F02-02を正とする）				F02-01
EV-acef3581	F01-01	functions/pf-eccube3/f01-01_front_top_home_main.md	204	画面遷移	言語切替リンク	反対ロケールの対応URL				
EV-486e7494	F01-01	functions/pf-eccube3/f01-01_front_top_home_main.md	205	画面遷移	ログイン用モーダルの送信	会員ログインの処理結果に従う（会員ログイン機能を正とする）				
EV-2b9cab43	F01-02	functions/pf-eccube3/f01-02_front_top_home_branch.md	72	利用者視点の入口	店舗紹介ページを開く	`GET /{_locale}/shoppage/{name}`	店舗識別名から店舗を特定し、表示言語に対応する店舗ページを描画する。	/shoppage/{name}		
EV-c0d36710	F01-02	functions/pf-eccube3/f01-02_front_top_home_branch.md	73	利用者視点の入口	店舗一覧（左カラム・SP）内のリンク	`GET /{_locale}/shoppage/{name}`	選択した店舗の店舗紹介ページへ遷移する。	/shoppage/{name}		
EV-263a47ae	F01-02	functions/pf-eccube3/f01-02_front_top_home_branch.md	74	利用者視点の入口	店舗未存在・当該言語のページ要素なし	`GET /{_locale}/shoppage/{name}`	見つからない（HTTP404）として扱う。	/shoppage/{name}		
EV-4469223a	F01-02	functions/pf-eccube3/f01-02_front_top_home_branch.md	205	画面遷移	店舗紹介ページを開く	同一画面に支店TOPを表示				
EV-2e1a1de8	F01-02	functions/pf-eccube3/f01-02_front_top_home_branch.md	206	画面遷移	店舗一覧（左カラム・SP）内のリンク押下	選択した店舗の店舗紹介ページ				
EV-fe0e77f5	F01-02	functions/pf-eccube3/f01-02_front_top_home_branch.md	207	画面遷移	右カラムナビの各リンク押下	同一画面内の対応セクションへアンカー移動				
EV-ca3cb464	F01-02	functions/pf-eccube3/f01-02_front_top_home_branch.md	208	画面遷移	大会情報リンク・アクセス詳細・スタッフ募集等の外部リンク	各リンク先				
EV-fd65ea03	F01-02	functions/pf-eccube3/f01-02_front_top_home_branch.md	209	画面遷移	店舗未存在・当該言語のページ要素なし	見つからない（HTTP404）				
EV-824493c0	F02-01	functions/pf-eccube3/f02-01_front_global_nav_global_nav_pc.md	75	利用者視点の入口	本店の各画面を開く（ヘッダ・ナビは画面の一部として描画）	`GET /{_locale}/`ほか本店フロントの各URL	ページ設定の割り当てに従い、ECヘッダとグローバルナビを画面上部へ描画する。			
EV-306515ad	F02-01	functions/pf-eccube3/f02-01_front_global_nav_global_nav_pc.md	76	利用者視点の入口	ナビゲーションブロック単体（ページ設定が部分描画する境界）	`GET|POST /{_locale}/block/ec_navigator`	ナビゲーションの部分テンプレートを返す。	/block/ec_navigator		
EV-b9c57ea0	F02-01	functions/pf-eccube3/f02-01_front_global_nav_global_nav_pc.md	77	利用者視点の入口	ECヘッダブロック単体（同上）	`GET|POST /{_locale}/block/ec_header`	言語に応じた言語切替先を組み立て、ECヘッダの部分テンプレートを返す。	/block/ec_header		
EV-15ee2b49	F02-01	functions/pf-eccube3/f02-01_front_global_nav_global_nav_pc.md	219	画面遷移	買取（jaのみ）押下	買取トップ				
EV-ac64641a	F02-01	functions/pf-eccube3/f02-01_front_global_nav_global_nav_pc.md	220	画面遷移	記事押下	外部の記事サイト				
EV-c140bf96	F02-01	functions/pf-eccube3/f02-01_front_global_nav_global_nav_pc.md	221	画面遷移	デッキ検索押下	デッキ検索				
EV-4b65a960	F02-01	functions/pf-eccube3/f02-01_front_global_nav_global_nav_pc.md	222	画面遷移	選手一覧押下	外部の選手一覧サイト				
EV-bb6531cb	F02-01	functions/pf-eccube3/f02-01_front_global_nav_global_nav_pc.md	223	画面遷移	店舗一覧押下	店舗一覧の利用者データページ				
EV-29b94000	F02-01	functions/pf-eccube3/f02-01_front_global_nav_global_nav_pc.md	224	画面遷移	イベント押下	イベントトップ				
EV-479167da	F02-01	functions/pf-eccube3/f02-01_front_global_nav_global_nav_pc.md	225	画面遷移	ヘルプ押下	ヘルプ				
EV-51b94e76	F02-01	functions/pf-eccube3/f02-01_front_global_nav_global_nav_pc.md	226	画面遷移	ロゴ押下	本店TOP				
EV-6fe7426d	F02-01	functions/pf-eccube3/f02-01_front_global_nav_global_nav_pc.md	227	画面遷移	商品検索フォーム送信	商品検索結果（商品機能を正とする）				
EV-f43db3ae	F02-01	functions/pf-eccube3/f02-01_front_global_nav_global_nav_pc.md	228	画面遷移	詳細検索押下	詳細検索（商品機能を正とする）				
EV-b5ee914d	F02-01	functions/pf-eccube3/f02-01_front_global_nav_global_nav_pc.md	229	画面遷移	マイページ隠しメニュー押下	マイページまたはログイン／会員登録				
EV-f1771d89	F02-01	functions/pf-eccube3/f02-01_front_global_nav_global_nav_pc.md	230	画面遷移	カート押下	カート				
EV-2ccfd981	F02-01	functions/pf-eccube3/f02-01_front_global_nav_global_nav_pc.md	231	画面遷移	言語切替押下	反対ロケールの対応URL（条件により英語TOP）				
EV-ec34830c	F02-02	functions/pf-eccube3/f02-02_front_global_nav_global_nav_sp.md	71	利用者視点の入口	本店の各画面をスマホで開く（ナビは画面の一部として描画）	`GET /{_locale}/`ほか本店フロントの各URL	スマホ版ナビと商品検索を画面上部へ描画する。			
EV-f47b4eb4	F02-02	functions/pf-eccube3/f02-02_front_global_nav_global_nav_sp.md	72	利用者視点の入口	ナビ内の各導線押下	各リンクのパス	対応する画面へ遷移する。			
EV-e17cc9b3	F02-02	functions/pf-eccube3/f02-02_front_global_nav_global_nav_sp.md	73	利用者視点の入口	商品検索フォーム送信	呼び出し元から渡される商品検索の遷移先	入力キーワードで商品検索へ遷移する（商品機能を正とする）。			
EV-40d7758b	F02-02	functions/pf-eccube3/f02-02_front_global_nav_global_nav_sp.md	200	画面遷移	ショップ押下	本店TOP				
EV-6e863056	F02-02	functions/pf-eccube3/f02-02_front_global_nav_global_nav_sp.md	201	画面遷移	買取（jaのみ）押下	買取トップ				
EV-1bf59abb	F02-02	functions/pf-eccube3/f02-02_front_global_nav_global_nav_sp.md	202	画面遷移	記事押下	外部の記事サイト				
EV-46a8956a	F02-02	functions/pf-eccube3/f02-02_front_global_nav_global_nav_sp.md	203	画面遷移	デッキ検索押下	デッキ検索				
EV-7f3c48ab	F02-02	functions/pf-eccube3/f02-02_front_global_nav_global_nav_sp.md	204	画面遷移	デッキ構築（jaのみ）押下	デッキ構築				
EV-e24c6406	F02-02	functions/pf-eccube3/f02-02_front_global_nav_global_nav_sp.md	205	画面遷移	選手一覧（enのみ）押下	外部の選手一覧サイト				
EV-c6e4349a	F02-02	functions/pf-eccube3/f02-02_front_global_nav_global_nav_sp.md	206	画面遷移	店舗一覧押下	店舗一覧の利用者データページ				
EV-00eed56c	F02-02	functions/pf-eccube3/f02-02_front_global_nav_global_nav_sp.md	207	画面遷移	イベント押下	イベントトップ				
EV-6597b416	F02-02	functions/pf-eccube3/f02-02_front_global_nav_global_nav_sp.md	208	画面遷移	ヘルプ押下	ヘルプ				
EV-0200b4d1	F02-02	functions/pf-eccube3/f02-02_front_global_nav_global_nav_sp.md	209	画面遷移	商品カテゴリ押下	呼び出し元から渡される商品カテゴリの遷移先				
EV-23f7a45c	F02-02	functions/pf-eccube3/f02-02_front_global_nav_global_nav_sp.md	210	画面遷移	商品検索フォーム送信	呼び出し元から渡される商品検索の遷移先				
EV-6d9d621c	F02-03	functions/pf-eccube3/f02-03_front_global_nav_branch_global_nav_pc.md	76	利用者視点の入口	店舗紹介ページをPCで開く	`GET /{_locale}/shoppage/{name}`	店舗ヘッダ・左カラム店舗一覧・右カラムセクションナビを描画する。	/shoppage/{name}		
EV-c2f0549e	F02-03	functions/pf-eccube3/f02-03_front_global_nav_branch_global_nav_pc.md	77	利用者視点の入口	左カラム店舗一覧の店舗リンク押下	`GET /{_locale}/shoppage/{name}`	選択した店舗の店舗紹介ページへ遷移する。	/shoppage/{name}		
EV-797ca01b	F02-03	functions/pf-eccube3/f02-03_front_global_nav_branch_global_nav_pc.md	78	利用者視点の入口	右カラムセクションナビ押下	（同一ページ内アンカー）	当該セクションへページ内移動する。			
EV-c2cb38c5	F02-03	functions/pf-eccube3/f02-03_front_global_nav_branch_global_nav_pc.md	79	利用者視点の入口	店舗ヘッダブロック単体（部分描画の境界）	`GET|POST /{_locale}/block/shop_header`	店舗ヘッダの部分テンプレートを返す。	/block/shop_header		
EV-7a914ca8	F02-03	functions/pf-eccube3/f02-03_front_global_nav_branch_global_nav_pc.md	80	利用者視点の入口	イベント店舗文脈の店舗選択	`GET /{_locale}/events?shop={店舗ID}`	選択した店舗のイベント店舗文脈へ遷移する。	/events		
EV-706f4c3e	F02-03	functions/pf-eccube3/f02-03_front_global_nav_branch_global_nav_pc.md	81	利用者視点の入口	イベント店舗選択ブロック単体（部分描画の境界）	`GET|POST /{_locale}/block/events/shop_buttons`、`GET|POST /{_locale}/block/events/top_buttons`	店舗選択ボタン列・店舗切替セレクトの部分テンプレートを返す。	/block/events/shop_buttons;/block/events/top_buttons		
EV-f1663ac3	F02-03	functions/pf-eccube3/f02-03_front_global_nav_branch_global_nav_pc.md	216	画面遷移	店舗ヘッダのロゴ押下	本店TOP				
EV-efdfa583	F02-03	functions/pf-eccube3/f02-03_front_global_nav_branch_global_nav_pc.md	217	画面遷移	店舗ヘッダの店舗一覧導線押下	店舗一覧の利用者データページ				
EV-01f8d410	F02-03	functions/pf-eccube3/f02-03_front_global_nav_branch_global_nav_pc.md	218	画面遷移	店舗ヘッダのカート押下	カート				
EV-d13b3342	F02-03	functions/pf-eccube3/f02-03_front_global_nav_branch_global_nav_pc.md	219	画面遷移	店舗ヘッダの言語切替押下	反対ロケールの対応URL				
EV-39261485	F02-03	functions/pf-eccube3/f02-03_front_global_nav_branch_global_nav_pc.md	220	画面遷移	左カラム店舗一覧の店舗リンク押下	選択した店舗の店舗紹介ページ				
EV-98af8e64	F02-03	functions/pf-eccube3/f02-03_front_global_nav_branch_global_nav_pc.md	221	画面遷移	右カラムセクションナビ押下	同一ページ内の対応セクションへアンカー移動				
EV-6c3f168f	F02-03	functions/pf-eccube3/f02-03_front_global_nav_branch_global_nav_pc.md	222	画面遷移	イベント店舗選択ボタン・店舗切替セレクト操作	選択した店舗のイベント店舗文脈				
EV-14005cf5	F02-04	functions/pf-eccube3/f02-04_front_global_nav_branch_global_nav_sp.md	76	利用者視点の入口	店舗紹介ページをスマホで開く	`GET /{_locale}/shoppage/{name}`	タブレット用店舗一覧・右カラムセクションナビ・店舗ヘッダを描画する。	/shoppage/{name}		
EV-82b4b7ab	F02-04	functions/pf-eccube3/f02-04_front_global_nav_branch_global_nav_sp.md	77	利用者視点の入口	タブレット用店舗一覧の店舗リンク押下	`GET /{_locale}/shoppage/{name}`	選択した店舗の店舗紹介ページへ遷移する。	/shoppage/{name}		
EV-f533d694	F02-04	functions/pf-eccube3/f02-04_front_global_nav_branch_global_nav_sp.md	78	利用者視点の入口	右カラムセクションナビ押下	（同一ページ内アンカー）	当該セクションへページ内移動する。			
EV-198a7ca1	F02-04	functions/pf-eccube3/f02-04_front_global_nav_branch_global_nav_sp.md	79	利用者視点の入口	イベント店舗文脈の店舗切替セレクト操作	`GET /{_locale}/events?shop={店舗ID}`	選択した店舗のイベント店舗文脈へ遷移する。	/events		
EV-31482172	F02-04	functions/pf-eccube3/f02-04_front_global_nav_branch_global_nav_sp.md	80	利用者視点の入口	店舗ヘッダ・店舗選択ブロック単体（部分描画の境界）	`GET|POST /{_locale}/block/shop_header`、`GET|POST /{_locale}/block/events/shop_buttons`、`GET|POST /{_locale}/block/events/top_buttons`	各部分テンプレートを返す。	/block/shop_header;/block/events/shop_buttons;/block/events/top_buttons		
EV-f80d39ff	F02-04	functions/pf-eccube3/f02-04_front_global_nav_branch_global_nav_sp.md	215	画面遷移	店舗ヘッダの隠しメニュー各項目押下	各項目の遷移先（ショップ・買取・記事・デッキ検索・デッキ構築・選手一覧・店舗一覧・イベント・ヘルプ・お問い合わせ）				
EV-aa272122	F02-04	functions/pf-eccube3/f02-04_front_global_nav_branch_global_nav_sp.md	216	画面遷移	店舗ヘッダのカート押下	カート				
EV-06e703f4	F02-04	functions/pf-eccube3/f02-04_front_global_nav_branch_global_nav_sp.md	217	画面遷移	店舗ヘッダの言語切替押下	反対ロケールの対応URL				
EV-7b08d037	F02-04	functions/pf-eccube3/f02-04_front_global_nav_branch_global_nav_sp.md	218	画面遷移	タブレット用店舗一覧の店舗リンク押下	選択した店舗の店舗紹介ページ				
EV-c5078d9c	F02-04	functions/pf-eccube3/f02-04_front_global_nav_branch_global_nav_sp.md	219	画面遷移	右カラムセクションナビ押下	同一ページ内の対応セクションへアンカー移動				
EV-69dc3b2d	F02-04	functions/pf-eccube3/f02-04_front_global_nav_branch_global_nav_sp.md	220	画面遷移	イベント店舗文脈の店舗切替セレクト操作	選択した店舗のイベント店舗文脈				
EV-3f035666	F02-05	functions/pf-eccube3/f02-05_front_global_nav_global_nav_notification.md	73	利用者視点の入口	共通ヘッダを含む各画面を開く	`GET /{_locale}/`ほかフロントの各URL	ログイン状態に応じて保有ポイント表示・マイページ導線を出し分け、カート個数を非同期取得して表示する。			
EV-4d7b0103	F02-05	functions/pf-eccube3/f02-05_front_global_nav_global_nav_notification.md	74	利用者視点の入口	保有ポイントヘッダ表示（部分描画の境界）	`GET|POST /{_locale}/mypage/point_in_header`	ログイン会員のとき、保有ポイントの部分テンプレートを返す。	/mypage/point_in_header		
EV-b797c842	F02-05	functions/pf-eccube3/f02-05_front_global_nav_global_nav_notification.md	75	利用者視点の入口	カート個数の非同期取得	`GET /{_locale}/cart/get`	カート情報を取得し、ヘッダのカート個数表示へ反映する（カート機能を正とする）。	/cart/get		
EV-443f11b3	F02-05	functions/pf-eccube3/f02-05_front_global_nav_global_nav_notification.md	232	画面遷移	保有ポイント表示押下	マイページ				
EV-6e7692b6	F02-05	functions/pf-eccube3/f02-05_front_global_nav_global_nav_notification.md	233	画面遷移	マイページ導線押下	マイページ				
EV-92a8cad6	F02-05	functions/pf-eccube3/f02-05_front_global_nav_global_nav_notification.md	234	画面遷移	ログイン／会員登録導線押下	ログイン／会員登録				
EV-e385a83c	F02-05	functions/pf-eccube3/f02-05_front_global_nav_global_nav_notification.md	235	画面遷移	カート押下	カート				
EV-0fbf3929	F02-05	functions/pf-eccube3/f02-05_front_global_nav_global_nav_notification.md	236	画面遷移	言語切替リンク押下	反対ロケールの対応URL				
EV-3e4fe002	F03-01	functions/pf-eccube3/f03-01_front_product_product_search_list.md	72	利用者視点の入口	検索条件なしで商品一覧を開く	`GET /{_locale}/products/search`	検索フォームのみを表示し、商品結果は表示しない（初期表示）。	/products/search		
EV-f4e6c097	F03-01	functions/pf-eccube3/f03-01_front_product_product_search_list.md	73	利用者視点の入口	検索条件付きで商品一覧を開く	`GET /{_locale}/products/search?（検索条件）`	条件に合致する商品を抽出し、商品数・並び順・ページ送りとともに一覧表示する。	/products/search		
EV-b990cb8d	F03-01	functions/pf-eccube3/f03-01_front_product_product_search_list.md	74	利用者視点の入口	並び順を切り替える	`GET /{_locale}/products/search?...&sort=price&order=ASC`（色順は`sort=default`）	同じ検索条件で並び順を変えて一覧を再表示する。	/products/search		
EV-1b0593b5	F03-01	functions/pf-eccube3/f03-01_front_product_product_search_list.md	75	利用者視点の入口	ページを移動する	`GET /{_locale}/products/search?...&page=（番号）`	同じ検索条件で指定ページの一覧を表示する。	/products/search		
EV-1f870be5	F03-01	functions/pf-eccube3/f03-01_front_product_product_search_list.md	76	利用者視点の入口	一覧の商品サムネイルの遅延読み込み	`GET /{_locale}/products/search/lazy` ・ `GET /{_locale}/products/search/unisearch/lazy`	一覧に並ぶ商品規格の表示用HTMLを非同期で取得して描画する。	/products/search/lazy;/products/search/unisearch/lazy		
EV-0689672c	F03-01	functions/pf-eccube3/f03-01_front_product_product_search_list.md	247	画面遷移	検索条件なしで一覧を開く	検索フォームのみの初期表示				
EV-5174771e	F03-01	functions/pf-eccube3/f03-01_front_product_product_search_list.md	248	画面遷移	検索条件付きで一覧を開く	同一画面に検索結果一覧を表示				
EV-d7a805f9	F03-01	functions/pf-eccube3/f03-01_front_product_product_search_list.md	249	画面遷移	並び順・ページ送りリンク	同一の一覧URL（条件に`sort`・`order`・`page`を上書き）				
EV-063b42d4	F03-01	functions/pf-eccube3/f03-01_front_product_product_search_list.md	250	画面遷移	商品サムネイルのリンク	当該商品の商品詳細（F03-02）				F03-02
EV-adfbb519	F03-01	functions/pf-eccube3/f03-01_front_product_product_search_list.md	251	画面遷移	絞り込みアイコン押下	条件を変えた一覧URL				
EV-7f84329e	F03-02	functions/pf-eccube3/f03-02_front_product_product_detail.md	71	利用者視点の入口	商品詳細を開く	`GET /{_locale}/products/detail/{id}`（`id`は数値）	当該商品の詳細を、言語・コンディションごとの価格・在庫とともに表示する。	/products/detail/{id}		
EV-bd942718	F03-02	functions/pf-eccube3/f03-02_front_product_product_detail.md	72	利用者視点の入口	言語・規格を指定して開く	`GET /{_locale}/products/detail/{id}?lang=JP&class=（規格）`	初期表示する言語・規格を指定して詳細を表示する。	/products/detail/{id}		
EV-a0762e01	F03-02	functions/pf-eccube3/f03-02_front_product_product_detail.md	73	利用者視点の入口	旧商品コードから開く	`GET /{_locale}/forward/{oldCode}`	旧コードを新商品IDへ対応づけ、対応する商品詳細へ転送する。対応がなければトップへ転送する。	/forward/{oldCode}		
EV-a17709fb	F03-02	functions/pf-eccube3/f03-02_front_product_product_detail.md	233	画面遷移	商品詳細を開く	同一画面に商品詳細を表示				
EV-f2d5b79e	F03-02	functions/pf-eccube3/f03-02_front_product_product_detail.md	234	画面遷移	旧コードURL	対応する商品詳細、または対応がなければトップ				
EV-4c4cc612	F03-02	functions/pf-eccube3/f03-02_front_product_product_detail.md	235	画面遷移	同名商品のリンク	当該商品の商品詳細				
EV-7b0cf473	F03-02	functions/pf-eccube3/f03-02_front_product_product_detail.md	236	画面遷移	関連デッキのリンク	デッキ詳細（デッキ機能を正とする）				
EV-48019d99	F03-02	functions/pf-eccube3/f03-02_front_product_product_detail.md	237	画面遷移	お気に入り・入荷通知・カート追加	画面遷移せず各機能の非同期処理を呼ぶ				
EV-c13fe31e	F03-03	functions/pf-eccube3/f03-03_front_product_product_detail_search.md	73	利用者視点の入口	詳細検索フォームを表示する	`GET /{_locale}/products/search`（検索条件なし）	商品結果を表示せず、詳細検索フォームを表示する。	/products/search		
EV-d41fe32b	F03-03	functions/pf-eccube3/f03-03_front_product_product_detail_search.md	74	利用者視点の入口	詳細検索フォームを送信する	`GET /{_locale}/products/search?（入力値）`	入力値をクエリとして商品一覧の検索エンドポイントへ送り、検索結果一覧を表示する。	/products/search		
EV-3aa69ae0	F03-03	functions/pf-eccube3/f03-03_front_product_product_detail_search.md	231	画面遷移	検索条件なしでアクセス	詳細検索フォームの表示				
EV-8f10d41c	F03-03	functions/pf-eccube3/f03-03_front_product_product_detail_search.md	232	画面遷移	フォーム送信	商品一覧の検索結果（F03-01）				F03-01
EV-2272ed6e	F03-03	functions/pf-eccube3/f03-03_front_product_product_detail_search.md	238	遷移時に引き継ぐ状態	フォーム送信	並び順・カードID・タグ・セールフラグを隠しパラメータとして付与する。	一覧側で当該条件を初期の検索条件として扱う。			
EV-8b9511c9	F03-04	functions/pf-eccube3/f03-04_front_product_product_category_list.md	63	利用者視点の入口	カテゴリ一覧を開く	`GET /{_locale}/products/category`	カードセット・レアリティ・カテゴリの見出しとリンクの一覧を表示する。	/products/category		
EV-2958bbca	F03-04	functions/pf-eccube3/f03-04_front_product_product_category_list.md	64	利用者視点の入口	カテゴリ一覧内のリンクを押下	`GET /{_locale}/products/search?（検索条件）`	当該区分の検索条件付きで商品一覧へ遷移する。	/products/search		
EV-809effdc	F03-04	functions/pf-eccube3/f03-04_front_product_product_category_list.md	199	画面遷移	カテゴリ一覧を開く	同一画面にカテゴリ一覧を表示				
EV-83845aab	F03-04	functions/pf-eccube3/f03-04_front_product_product_category_list.md	200	画面遷移	カードセット・レアリティ・パック／ボックス等のリンク	商品一覧の検索結果（F03-01、検索条件付き）				F03-01
EV-f53a5138	F03-05	functions/pf-eccube3/f03-05_front_product_block_recommend.md	64	利用者視点の入口	マイページ表示時のおすすめブロック	非同期のおすすめ取得（種別`mypage`）	会員の最新注文商品を基準におすすめを表示する。			
EV-653b9b38	F03-05	functions/pf-eccube3/f03-05_front_product_block_recommend.md	65	利用者視点の入口	購入完了表示時のおすすめブロック	非同期のおすすめ取得（種別`complete`）	会員の最新注文商品を基準におすすめを表示する。			
EV-0029c4b7	F03-05	functions/pf-eccube3/f03-05_front_product_block_recommend.md	66	利用者視点の入口	商品詳細表示時のおすすめブロック	非同期のおすすめ取得（種別`detail`、`product_id`付き）	表示中の商品を基準におすすめを表示する。			
EV-98778c4f	F03-05	functions/pf-eccube3/f03-05_front_product_block_recommend.md	67	利用者視点の入口	買い物かご表示時のおすすめブロック	非同期のおすすめ取得（上記以外の種別）	カート内で最も高額な商品を基準におすすめを表示する。			
EV-7b1ff54d	F03-05	functions/pf-eccube3/f03-05_front_product_block_recommend.md	222	画面遷移	おすすめ商品のリンク	当該商品の商品詳細				
EV-70422d49	F03-06	functions/pf-eccube3/f03-06_front_product_product_recently_viewed.md	57	利用者視点の入口	最近見た商品ブロックの読み込み	`GET /{_locale}/block/history`（埋め込み・非同期取得）	履歴Cookieの商品IDからカード画像を取得し、サムネイルの一覧として描画する。	/block/history		
EV-3482dd16	F03-06	functions/pf-eccube3/f03-06_front_product_product_recently_viewed.md	187	画面遷移	サムネイルのリンク押下	当該商品の商品詳細（F03-02）				F03-02
EV-84cf3a11	F03-07	functions/pf-eccube3/f03-07_front_product_product_arrival_notification.md	60	利用者視点の入口	入荷通知ボタン（商品詳細・商品一覧）	`POST /{_locale}/cart/pushReceive`	非同期で当該商品規格の入荷通知依頼を登録する。既に依頼済みなら取り消す。	/cart/pushReceive		
EV-8c9a86d2	F03-07	functions/pf-eccube3/f03-07_front_product_product_arrival_notification.md	61	利用者視点の入口	入荷通知依頼一覧を開く	`GET /{_locale}/mypage/notifylist`	ログイン会員自身の入荷通知依頼の対象商品を一覧表示する。	/mypage/notifylist		
EV-81e43119	F03-07	functions/pf-eccube3/f03-07_front_product_product_arrival_notification.md	245	画面遷移	マイページの入荷通知依頼一覧	入荷通知依頼一覧（`GET /{_locale}/mypage/notifylist`）		/mypage/notifylist		
EV-8a7821f2	F03-07	functions/pf-eccube3/f03-07_front_product_product_arrival_notification.md	246	画面遷移	入荷通知ボタン	画面遷移せず非同期で結果を反映する				
EV-d28fc991	F03-07	functions/pf-eccube3/f03-07_front_product_product_arrival_notification.md	252	遷移時に引き継ぐ状態	未ログインで入荷通知ボタン	検索の戻り先（参照元）をセッションへ保存する。	会員ログイン後、保存した戻り先を起点に利用を続けられる（ログイン機能を正とする）。			
EV-857323d8	F03-08	functions/pf-eccube3/f03-08_front_product_product_favorite.md	57	利用者視点の入口	商品詳細などのお気に入り登録ボタン	`POST /products/favorite/add`	非同期で当該商品・言語をお気に入りに追加し、結果をJSONで返す。	/products/favorite/add		
EV-765d621f	F03-08	functions/pf-eccube3/f03-08_front_product_product_favorite.md	58	利用者視点の入口	お気に入り解除ボタン	`DELETE /products/favorite/remove`	非同期で当該商品・言語のお気に入りを解除し、結果をJSONで返す。	/products/favorite/remove		
EV-1198aa28	F03-08	functions/pf-eccube3/f03-08_front_product_product_favorite.md	59	利用者視点の入口	マイページの「お気に入り登録商品一覧」ブロック	`GET /mypage/favorite/list`	会員自身のお気に入り商品を一覧表示する。	/mypage/favorite/list		
EV-d5f2a670	F03-08	functions/pf-eccube3/f03-08_front_product_product_favorite.md	60	利用者視点の入口	一覧の「セール対象商品のみ表示する」切替	`GET /mypage/favorite/list?sale=1`（解除時は`sale=0`）	セール対象のみに絞り込んだ一覧を表示する。	/mypage/favorite/list		
EV-04140056	F03-08	functions/pf-eccube3/f03-08_front_product_product_favorite.md	248	画面遷移	マイページの「お気に入り登録商品一覧」ブロック	一覧（`GET /mypage/favorite/list`）		/mypage/favorite/list		
EV-d4e1b1ab	F03-08	functions/pf-eccube3/f03-08_front_product_product_favorite.md	249	画面遷移	一覧の「セール対象商品のみ表示する」切替	一覧（`?sale=1`／`?sale=0`）				
EV-90619ba6	F03-08	functions/pf-eccube3/f03-08_front_product_product_favorite.md	250	画面遷移	登録・解除ボタン	画面遷移せず非同期で結果を反映する				
EV-828fc071	F04-01	functions/pf-eccube3/f04-01_front_cart_cart_index.md	60	利用者視点の入口	買い物かごを開く	`GET /{_locale}/cart`	カート内商品一覧・数量・金額・送料無料案内を表示する。購入グループが複数のときは同時注文不可の案内を表示する。	/cart		
EV-2e5adcf9	F04-01	functions/pf-eccube3/f04-01_front_cart_cart_index.md	61	利用者視点の入口	再計算（数量更新）	`POST /{_locale}/cart/update`	入力した数量でカートを更新し、買い物かご画面へ戻る。数量0以下は当該商品を削除する。	/cart/update		
EV-ce9a318a	F04-01	functions/pf-eccube3/f04-01_front_cart_cart_index.md	62	利用者視点の入口	商品の削除	`PUT /{_locale}/cart/remove/{productClassId}`	当該商品をカートから取り除き、買い物かご画面へ戻る。	/cart/remove/{productClassId}		
EV-3b8e5317	F04-01	functions/pf-eccube3/f04-01_front_cart_cart_index.md	63	利用者視点の入口	数量を1増やす	`PUT /{_locale}/cart/up/{productClassId}`	当該商品の数量を1増やし、買い物かご画面へ戻る。	/cart/up/{productClassId}		
EV-03dcd599	F04-01	functions/pf-eccube3/f04-01_front_cart_cart_index.md	64	利用者視点の入口	数量を1減らす	`PUT /{_locale}/cart/down/{productClassId}`	当該商品の数量を1減らす。0未満になる場合は削除し、買い物かご画面へ戻る。	/cart/down/{productClassId}		
EV-5946446c	F04-01	functions/pf-eccube3/f04-01_front_cart_cart_index.md	65	利用者視点の入口	カート一括削除	`GET /{_locale}/cart/clear`	カートの内容を全て空にし、買い物かご画面へ戻る。	/cart/clear		
EV-56f91ac1	F04-01	functions/pf-eccube3/f04-01_front_cart_cart_index.md	66	利用者視点の入口	購入手続きへ進む	`POST /{_locale}/cart/buystep`	数量を更新し、追加メッセージが無ければカートをロックして注文情報入力へ遷移する。メッセージがあれば買い物かごへ戻る。	/cart/buystep		
EV-5448491d	F04-01	functions/pf-eccube3/f04-01_front_cart_cart_index.md	67	利用者視点の入口	カートに商品を追加（XHR）	`POST /{_locale}/cart/add`	1商品をカートへ追加し、カート内容をJSONで返す。	/cart/add		
EV-ee6872c6	F04-01	functions/pf-eccube3/f04-01_front_cart_cart_index.md	68	利用者視点の入口	カートに商品を一括追加（XHR）	`POST /{_locale}/cart/add_bulk`	商品の配列をカートへ追加し、カート内容をJSONで返す。	/cart/add_bulk		
EV-5c6d9b65	F04-01	functions/pf-eccube3/f04-01_front_cart_cart_index.md	69	利用者視点の入口	カートに追加して表示	`POST /{_locale}/cart/add_show`	1商品を追加し、買い物かご画面へリダイレクトする。	/cart/add_show		
EV-8ae95d45	F04-01	functions/pf-eccube3/f04-01_front_cart_cart_index.md	70	利用者視点の入口	カート内容取得（XHR）	`GET /{_locale}/cart/get`	カート内容をJSONで返す。CORS用ヘッダを付与する。	/cart/get		
EV-aa301e63	F04-01	functions/pf-eccube3/f04-01_front_cart_cart_index.md	71	利用者視点の入口	入荷通知依頼（XHR）	`POST /{_locale}/cart/pushReceive`	対象商品の入荷通知依頼を登録または取消し、結果をJSONで返す。	/cart/pushReceive		
EV-3a941030	F04-01	functions/pf-eccube3/f04-01_front_cart_cart_index.md	72	利用者視点の入口	プリフライト	`OPTIONS /{_locale}/cart/get`、`OPTIONS /{_locale}/cart/add`	CORS許可ヘッダを返して終了する。	/cart/get;/cart/add		
EV-0ab54a20	F04-01	functions/pf-eccube3/f04-01_front_cart_cart_index.md	280	画面遷移	数量更新・増減・削除・一括削除	買い物かご画面				
EV-11276f1b	F04-01	functions/pf-eccube3/f04-01_front_cart_cart_index.md	281	画面遷移	購入手続きへ進む（メッセージなし）	注文情報入力（ご注文方法指定）				
EV-bb7c6d09	F04-01	functions/pf-eccube3/f04-01_front_cart_cart_index.md	282	画面遷移	購入手続きへ進む（メッセージあり）	買い物かご画面				
EV-97d53a6d	F04-01	functions/pf-eccube3/f04-01_front_cart_cart_index.md	283	画面遷移	「他の商品を見る」	トップページ				
EV-5ff8e278	F04-01	functions/pf-eccube3/f04-01_front_cart_cart_index.md	284	画面遷移	カート追加（add_show）	買い物かご画面				
EV-19a496b4	F04-01	functions/pf-eccube3/f04-01_front_cart_cart_index.md	290	遷移時に引き継ぐ状態	購入手続きへ進む	数量を更新し、メッセージが無ければカートをロックして保存する	注文情報入力側がロック済みカートを参照する			
EV-d4958b15	F04-01	functions/pf-eccube3/f04-01_front_cart_cart_index.md	291	遷移時に引き継ぐ状態	購入グループ複数	フラッシュに購入グループ情報を保存する	買い物かご画面でエラーを表示する			
EV-bc515c09	F04-02	functions/pf-eccube3/f04-02_front_cart_shopping_order_method.md	62	利用者視点の入口	ご注文方法指定を開く	`GET /{_locale}/shopping`	ロック済みカードから受注情報を作成または取得し、ご注文方法指定画面を表示する。未ログインかつ非会員未登録ならログインへ誘導する。	/shopping		
EV-24e60643	F04-02	functions/pf-eccube3/f04-02_front_cart_shopping_order_method.md	63	利用者視点の入口	配送業者を変更	`POST /{_locale}/shopping/delivery`	配送方法の選択を受注へ反映し、ご注文方法指定画面へ戻る。	/shopping/delivery		
EV-c9e55010	F04-02	functions/pf-eccube3/f04-02_front_cart_shopping_order_method.md	64	利用者視点の入口	お支払い方法・要望・ポイントを変更	`POST /{_locale}/shopping/payment`	お支払い方法・要望欄・ポイント利用を受注へ反映し、合計を再計算してご注文方法指定画面へ戻る。	/shopping/payment		
EV-cf5f48ae	F04-02	functions/pf-eccube3/f04-02_front_cart_shopping_order_method.md	65	利用者視点の入口	お届け先を選択	`POST /{_locale}/shopping/shipping/{id}`	選択したお届け先を配送先へ反映し、配送料・合計を再計算してご注文方法指定画面へ戻る。	/shopping/shipping/{id}		
EV-6b9cf13b	F04-02	functions/pf-eccube3/f04-02_front_cart_shopping_order_method.md	66	利用者視点の入口	お届け先変更（メッセージ送信）	`POST /{_locale}/shopping/shipping_change/{id}`	要望欄を保存し、お届け先設定一覧へ遷移する。	/shopping/shipping_change/{id}		
EV-a8a98a09	F04-02	functions/pf-eccube3/f04-02_front_cart_shopping_order_method.md	67	利用者視点の入口	確認・注文確定	`POST /{_locale}/shopping/confirm`	入力を検証し、購入処理を行って受注を確定し、購入完了画面へ遷移する。	/shopping/confirm		
EV-9a43e02e	F04-02	functions/pf-eccube3/f04-02_front_cart_shopping_order_method.md	68	利用者視点の入口	注文エラー画面	`GET /{_locale}/shopping/shopping_error`	受注情報が無いなどの異常を案内する。	/shopping/shopping_error		
EV-a67820a3	F04-02	functions/pf-eccube3/f04-02_front_cart_shopping_order_method.md	297	画面遷移	配送業者・お支払い方法・お届け先の変更後	ご注文方法指定画面				
EV-03d87e16	F04-02	functions/pf-eccube3/f04-02_front_cart_shopping_order_method.md	298	画面遷移	お届け先変更（メッセージ送信）	お届け先設定一覧				
EV-d4d590c4	F04-02	functions/pf-eccube3/f04-02_front_cart_shopping_order_method.md	299	画面遷移	カート未ロック・カート空	買い物かご画面				
EV-d8378ef7	F04-02	functions/pf-eccube3/f04-02_front_cart_shopping_order_method.md	300	画面遷移	未ログインかつ非会員未登録	ログイン画面				
EV-f27ae40a	F04-02	functions/pf-eccube3/f04-02_front_cart_shopping_order_method.md	301	画面遷移	受注情報なし・合計マイナス・購入処理失敗	注文エラー画面				
EV-f227e8d4	F04-02	functions/pf-eccube3/f04-02_front_cart_shopping_order_method.md	302	画面遷移	注文確定成功	購入完了画面				
EV-597d9dbe	F04-02	functions/pf-eccube3/f04-02_front_cart_shopping_order_method.md	308	遷移時に引き継ぐ状態	ご注文方法指定の初回表示	受注情報を作成し、受注IDをセッション・プレオーダーIDをCookieへ保存する	各部分送信が同一受注を参照する			
EV-19dd4f52	F04-02	functions/pf-eccube3/f04-02_front_cart_shopping_order_method.md	309	遷移時に引き継ぐ状態	お届け先選択	お届け先IDをセッション・Cookieへ保存する	次回表示時に直近のお届け先を参照する			
EV-e215d2a5	F04-02	functions/pf-eccube3/f04-02_front_cart_shopping_order_method.md	310	遷移時に引き継ぐ状態	注文確定	カートを空にし、受注IDをセッションへ保存し、ポイントを使用する	購入完了処理（別機能）が受注IDを参照する			
EV-7efde384	F04-03	functions/pf-eccube3/f04-03_front_cart_shopping_delivery_edit.md	58	利用者視点の入口	お届け先を新規登録（編集画面）	`GET /{_locale}/shopping/delivery/new/edit`、`POST /{_locale}/shopping/delivery/new/edit`	登録上限内なら新規入力画面を表示する。送信が妥当なら確認画面、不備や入力変更時は編集画面を再表示する。	/shopping/delivery/new/edit		
EV-7812fede	F04-03	functions/pf-eccube3/f04-03_front_cart_shopping_delivery_edit.md	59	利用者視点の入口	既存お届け先を編集	`GET /{_locale}/shopping/delivery/{id}/edit`、`POST /{_locale}/shopping/delivery/{id}/edit`	指定IDの住所を読み込み編集画面を表示する。送信が妥当なら確認画面、不備や入力変更時は編集画面を再表示する。	/shopping/delivery/{id}/edit		
EV-5cfe3037	F04-03	functions/pf-eccube3/f04-03_front_cart_shopping_delivery_edit.md	60	利用者視点の入口	確認画面から登録	`POST /{_locale}/shopping/delivery/new/confirm`、`POST /{_locale}/shopping/delivery/{id}/confirm`	登録上限内かつ検証通過で住所と配送先名称を登録し、当該注文の配送先選択へ遷移する。戻る送信や検証不備は編集画面を表示する。	/shopping/delivery/new/confirm;/shopping/delivery/{id}/confirm		
EV-2cd9ca0c	F04-03	functions/pf-eccube3/f04-03_front_cart_shopping_delivery_edit.md	231	画面遷移	編集画面の送信が妥当	確認画面				
EV-ed79cebb	F04-03	functions/pf-eccube3/f04-03_front_cart_shopping_delivery_edit.md	232	画面遷移	編集画面の送信が不備・入力変更指定	編集画面（再表示）				
EV-8d2f04a4	F04-03	functions/pf-eccube3/f04-03_front_cart_shopping_delivery_edit.md	233	画面遷移	確認画面の登録成功	当該注文の配送先選択（お届け先反映）				
EV-125f1b1f	F04-03	functions/pf-eccube3/f04-03_front_cart_shopping_delivery_edit.md	234	画面遷移	確認画面で戻る送信・検証不備	編集画面				
EV-b82f37c9	F04-03	functions/pf-eccube3/f04-03_front_cart_shopping_delivery_edit.md	235	画面遷移	新規登録で上限超過	ご注文方法指定画面				
EV-7df06720	F04-03	functions/pf-eccube3/f04-03_front_cart_shopping_delivery_edit.md	236	画面遷移	編集画面の「戻る」	ご注文方法指定画面				
EV-121be1a4	F04-03	functions/pf-eccube3/f04-03_front_cart_shopping_delivery_edit.md	242	遷移時に引き継ぐ状態	確認画面の登録	お届け先住所とサブ情報を登録し、お届け先IDをセッション・Cookieへ保存する	配送先選択で登録したお届け先が反映される			
EV-761e4161	F04-04	functions/pf-eccube3/f04-04_front_cart_shopping_complete.md	67	利用者視点の入口	ご注文方法指定の最終送信（注文確定）	`POST /shopping`（確認・確定処理）	受注データを作成し、受注IDをセッションに保存し、ポイントを使用して購入完了へ遷移する。	/shopping		
EV-b2970133	F04-04	functions/pf-eccube3/f04-04_front_cart_shopping_complete.md	68	利用者視点の入口	購入完了画面	`GET /shopping/complete`	セッションの受注を確認し、完了処理を行って購入完了画面を表示する。	/shopping/complete		
EV-326c8739	F04-04	functions/pf-eccube3/f04-04_front_cart_shopping_complete.md	247	画面遷移	注文確定（POST `/shopping`）成功	購入完了画面（`/shopping/complete`へリダイレクト）		/shopping;/shopping/complete		
EV-4a5f131f	F04-04	functions/pf-eccube3/f04-04_front_cart_shopping_complete.md	248	画面遷移	受注IDなし	トップページ				
EV-e7ac7276	F04-04	functions/pf-eccube3/f04-04_front_cart_shopping_complete.md	249	画面遷移	受注ステータス異常	共通エラー画面（購入処理エラー）				
EV-261fc8c2	F04-04	functions/pf-eccube3/f04-04_front_cart_shopping_complete.md	250	画面遷移	SPLINKS決済記録なし	共通エラー画面（決済記録不整合）				
EV-e1c291f2	F04-04	functions/pf-eccube3/f04-04_front_cart_shopping_complete.md	251	画面遷移	ロケール不一致	ロケールを合わせたURL				
EV-3d5deccc	F04-04	functions/pf-eccube3/f04-04_front_cart_shopping_complete.md	252	画面遷移	購入完了	購入完了画面（`Shopping/complete.twig`）		/complete.twig		
EV-16e1ec47	F04-04	functions/pf-eccube3/f04-04_front_cart_shopping_complete.md	258	遷移時に引き継ぐ状態	注文確定	受注IDをセッションに保存し、ポイントを使用する	購入完了画面で受注IDを参照し完了処理を行う			
EV-aeb31eab	F04-04	functions/pf-eccube3/f04-04_front_cart_shopping_complete.md	259	遷移時に引き継ぐ状態	購入完了	セッションの受注情報を初期化する	完了画面の再訪時は受注IDが無くトップページへ戻る			
EV-e857444b	F05-01	functions/pf-eccube3/f05-01_front_online_purchase_buy_top.md	64	利用者視点の入口	ネット買取トップへの遷移	`GET /{_locale}/purchase/`（buyステップを兼ねる入口）	目玉買取商品の一覧を表示する。	/purchase		
EV-5622b185	F05-01	functions/pf-eccube3/f05-01_front_online_purchase_buy_top.md	65	利用者視点の入口	買取詳細検索への導線	`GET /{_locale}/purchase/search`	買取詳細検索・買取商品一覧へ遷移する（F05-02／F05-03を正とする）。	/purchase/search		F05-02
EV-0d9867d0	F05-01	functions/pf-eccube3/f05-01_front_online_purchase_buy_top.md	66	利用者視点の入口	買取希望品カートへの導線	`GET /{_locale}/purchase/cart`	買取希望品カートへ遷移する（F05-05を正とする）。	/purchase/cart		
EV-3b244dd8	F05-01	functions/pf-eccube3/f05-01_front_online_purchase_buy_top.md	194	画面遷移	目玉買取商品のカード押下	買取商品詳細（F05-04）				F05-04
EV-535305c5	F05-01	functions/pf-eccube3/f05-01_front_online_purchase_buy_top.md	195	画面遷移	カートに追加ボタン押下	画面遷移せず非同期で買取カートへ追加（F05-05）				F05-05
EV-0938ac84	F05-01	functions/pf-eccube3/f05-01_front_online_purchase_buy_top.md	196	画面遷移	買取詳細検索の操作	買取商品一覧（F05-03）				F05-03
EV-200c2d02	F05-01	functions/pf-eccube3/f05-01_front_online_purchase_buy_top.md	197	画面遷移	カートへの導線	買取希望品カート（F05-05）				F05-05
EV-fa0a1895	F05-02	functions/pf-eccube3/f05-02_front_online_purchase_buy_product_search.md	64	利用者視点の入口	買取詳細検索フォームの表示	`GET /{_locale}/purchase/search`（クエリなし）	検索フォームのみを表示する（検索結果は出さない）。	/purchase/search		
EV-720a9e0c	F05-02	functions/pf-eccube3/f05-02_front_online_purchase_buy_product_search.md	65	利用者視点の入口	買取詳細検索の送信	`GET /{_locale}/purchase/search?（各検索条件）`	指定条件で買取商品を絞り込み、一覧を表示する（一覧の表示はF05-03を正とする）。	/purchase/search		
EV-281dcc2d	F05-02	functions/pf-eccube3/f05-02_front_online_purchase_buy_product_search.md	66	利用者視点の入口	商品カテゴリ一覧（主にスマートフォン用）からの導線	`GET /{_locale}/purchase/category`	カードセット・レアリティ・カテゴリの一覧から検索条件付きの検索へ誘導する。	/purchase/category		
EV-bbba55e8	F05-02	functions/pf-eccube3/f05-02_front_online_purchase_buy_product_search.md	242	画面遷移	検索フォームの送信	買取商品一覧（F05-03、同一エンドポイントに結果を表示）				F05-03
EV-85e20265	F05-02	functions/pf-eccube3/f05-02_front_online_purchase_buy_product_search.md	243	画面遷移	一覧側の表示順リンク・ページリンク	検索条件を引き継いだ同一エンドポイントの一覧				
EV-170a9a65	F05-02	functions/pf-eccube3/f05-02_front_online_purchase_buy_product_search.md	244	画面遷移	商品カテゴリ一覧からの選択	検索条件付きの買取商品一覧				
EV-f2d98dba	F05-02	functions/pf-eccube3/f05-02_front_online_purchase_buy_product_search.md	250	遷移時に引き継ぐ状態	検索フォーム送信	各検索条件・表示順・カードID・買取特集タグをクエリに載せる	一覧で同一条件を反映した結果と選択状態を表示する			
EV-733d61d3	F05-03	functions/pf-eccube3/f05-03_front_online_purchase_buy_product_list.md	66	利用者視点の入口	検索条件付きの一覧表示	`GET /{_locale}/purchase/search?（各検索条件）`	条件で買取商品を絞り込み、件数・表示順・ページングとともに一覧表示する。	/purchase/search		
EV-b38fc40d	F05-03	functions/pf-eccube3/f05-03_front_online_purchase_buy_product_list.md	67	利用者視点の入口	表示順の切替	`GET /{_locale}/purchase/search?sort=default|price&order=ASC|DESC&page=1`（既存条件に合成）	色順・価格（高い順／安い順）で並べ替えた一覧を表示する。	/purchase/search		
EV-1249fe62	F05-03	functions/pf-eccube3/f05-03_front_online_purchase_buy_product_list.md	68	利用者視点の入口	ページ送り	`GET /{_locale}/purchase/search?page=（ページ番号）`（既存条件に合成）	指定ページの一覧を表示する。	/purchase/search		
EV-d203a182	F05-03	functions/pf-eccube3/f05-03_front_online_purchase_buy_product_list.md	248	画面遷移	商品行のカード押下	買取商品詳細（F05-04）				F05-04
EV-47c7bc7d	F05-03	functions/pf-eccube3/f05-03_front_online_purchase_buy_product_list.md	249	画面遷移	カートに追加ボタン押下	画面遷移せず非同期で買取カートへ追加（F05-05）。完了ダイアログのYesで買取カートへ				F05-05
EV-8fe121ab	F05-03	functions/pf-eccube3/f05-03_front_online_purchase_buy_product_list.md	250	画面遷移	表示順リンク・ページリンク	検索条件を引き継いだ同一エンドポイントの一覧				
EV-d65affba	F05-03	functions/pf-eccube3/f05-03_front_online_purchase_buy_product_list.md	251	画面遷移	画面下部の検索フォーム	買取商品一覧（再検索）				
EV-848787df	F05-03	functions/pf-eccube3/f05-03_front_online_purchase_buy_product_list.md	257	遷移時に引き継ぐ状態	表示順・ページ操作	既存の検索条件にソート・ページのクエリを合成する	同一条件で並び順・ページを反映した一覧を表示する			
EV-ac867058	F05-04	functions/pf-eccube3/f05-04_front_online_purchase_buy_product_detail.md	66	利用者視点の入口	買取商品詳細の表示	`GET /{_locale}/purchase/detail/{id}`（`id`は商品ID、`lang`・`class`をクエリで受ける）	当該商品の言語・状態ごとの買取価格・画像・情報・同名カード一覧・使用デッキを表示する。	/purchase/detail/{id}		
EV-4e13ab47	F05-04	functions/pf-eccube3/f05-04_front_online_purchase_buy_product_detail.md	67	利用者視点の入口	カートに追加（詳細から）	`POST /{_locale}/purchase/add`	選択中の商品クラスと数量を非同期で買取カートへ追加する（追加処理はF05-05を正とする）。	/purchase/add		
EV-8482cb52	F05-04	functions/pf-eccube3/f05-04_front_online_purchase_buy_product_detail.md	68	利用者視点の入口	旧商品コードからの転送	`GET /{_locale}/purchase/forward/{oldCode}`	旧コードを新商品コードに対応づけ、対応する買取商品詳細へリダイレクトする。	/purchase/forward/{oldCode}		
EV-011b370e	F05-04	functions/pf-eccube3/f05-04_front_online_purchase_buy_product_detail.md	226	画面遷移	カートに追加ボタン押下	画面遷移せず非同期で買取カートへ追加（F05-05）。完了ダイアログのYesで買取カートへ				F05-05
EV-b8a7b407	F05-04	functions/pf-eccube3/f05-04_front_online_purchase_buy_product_detail.md	227	画面遷移	同名カードのリンク	同名カードの買取商品詳細				
EV-63d9eba8	F05-04	functions/pf-eccube3/f05-04_front_online_purchase_buy_product_detail.md	228	画面遷移	旧コードアクセス（対応あり）	新しい買取商品詳細へリダイレクト				
EV-60f72195	F05-04	functions/pf-eccube3/f05-04_front_online_purchase_buy_product_detail.md	229	画面遷移	旧コードアクセス（対応なし）／商品取得不可	トップページへリダイレクト				
EV-eb040808	F05-05	functions/pf-eccube3/f05-05_front_online_purchase_buy_cart.md	67	利用者視点の入口	買取希望品カートの表示	`GET /{_locale}/purchase/cart`	カート内商品の一覧・数量・合計買取価格を表示する。空のときは空メッセージを表示する。	/purchase/cart		
EV-6cad4dc3	F05-05	functions/pf-eccube3/f05-05_front_online_purchase_buy_cart.md	68	利用者視点の入口	カートに追加（一覧・詳細から）	`POST /{_locale}/purchase/add`	商品クラスと数量を非同期で買取カートへ追加する。	/purchase/add		
EV-31a6f9b0	F05-05	functions/pf-eccube3/f05-05_front_online_purchase_buy_cart.md	69	利用者視点の入口	カート内商品の削除	`PUT /{_locale}/purchase/{id}/remove`（`id`は商品クラスID）	指定商品をカートから削除し、カート表示へ戻す。	/purchase/{id}/remove		
EV-2218523f	F05-05	functions/pf-eccube3/f05-05_front_online_purchase_buy_cart.md	70	利用者視点の入口	数量の再計算（更新）	`POST /{_locale}/purchase/update`	入力された数量でカートを更新し、カート表示へ戻す。	/purchase/update		
EV-ba3d0d82	F05-05	functions/pf-eccube3/f05-05_front_online_purchase_buy_cart.md	268	画面遷移	カートに商品があり「買取手続きへ」押下	買取手続き（F05-06、`/purchase/fill`）		/purchase/fill		F05-06
EV-e2332b4b	F05-05	functions/pf-eccube3/f05-05_front_online_purchase_buy_cart.md	269	画面遷移	「商品一覧へ戻る」押下	ネット買取トップ（F05-01）				F05-01
EV-c5d6bea9	F05-05	functions/pf-eccube3/f05-05_front_online_purchase_buy_cart.md	270	画面遷移	削除・数量更新の送信後	買取希望品カート（同一画面）				
EV-9f908c5a	F05-05	functions/pf-eccube3/f05-05_front_online_purchase_buy_cart.md	271	画面遷移	カート追加（非同期）	画面遷移せず結果をダイアログ表示。完了ダイアログのYesで買取カートへ				
EV-90fd547d	F05-05	functions/pf-eccube3/f05-05_front_online_purchase_buy_cart.md	277	遷移時に引き継ぐ状態	「買取手続きへ」	カート内容（商品クラスID・数量）をセッションに保持したまま遷移する	手続き画面でカート内容を参照し合計を表示する（F05-06）			F05-06
EV-0c075c63	F05-06	functions/pf-eccube3/f05-06_front_online_purchase_buy_shopping_complete.md	72	利用者視点の入口	買取手続きの開始（記入画面）	`GET POST /{_locale}/purchase/fill`	カートと会員ログインを確認し、買取依頼内容の入力画面（確認フォーム）を表示する。数量更新も受け付ける。	/purchase/fill		
EV-7b3173ea	F05-06	functions/pf-eccube3/f05-06_front_online_purchase_buy_shopping_complete.md	73	利用者視点の入口	買取ログイン	`GET POST /{_locale}/purchase/login`	未ログインのとき会員ログイン画面を表示する。ログイン済みなら記入画面へ。	/purchase/login		
EV-fbd7df7c	F05-06	functions/pf-eccube3/f05-06_front_online_purchase_buy_shopping_complete.md	74	利用者視点の入口	買取依頼内容の確認・確定	`POST /{_locale}/purchase/confirm`	入力を検証し、問題なければ買取受注を登録して完了画面へリダイレクトする。	/purchase/confirm		
EV-ff81fd43	F05-06	functions/pf-eccube3/f05-06_front_online_purchase_buy_shopping_complete.md	75	利用者視点の入口	買取依頼完了画面	`GET POST /{_locale}/purchase/complete`	オーダーIDを表示し、カート・受注のセッションを破棄する。	/purchase/complete		
EV-3cb95bd4	F05-06	functions/pf-eccube3/f05-06_front_online_purchase_buy_shopping_complete.md	336	画面遷移	カートが空（記入・ログイン・確認）	買取希望品カート（F05-05）				F05-05
EV-9c3b6535	F05-06	functions/pf-eccube3/f05-06_front_online_purchase_buy_shopping_complete.md	337	画面遷移	未ログインで記入・確認	買取ログイン画面				
EV-90edf41b	F05-06	functions/pf-eccube3/f05-06_front_online_purchase_buy_shopping_complete.md	338	画面遷移	ログイン済みでログイン画面に到達	記入画面（`/purchase/fill`）		/purchase/fill		
EV-e9c04b0a	F05-06	functions/pf-eccube3/f05-06_front_online_purchase_buy_shopping_complete.md	339	画面遷移	入力不備で確認送信	記入画面の再表示				
EV-fcdc1f71	F05-06	functions/pf-eccube3/f05-06_front_online_purchase_buy_shopping_complete.md	340	画面遷移	買取依頼確定成功	完了画面（`/purchase/complete`へリダイレクト）		/purchase/complete		
EV-dcdbb8fc	F05-06	functions/pf-eccube3/f05-06_front_online_purchase_buy_shopping_complete.md	341	画面遷移	完了画面「買取TOPへ」	ネット買取トップ（F05-01）				F05-01
EV-0191c1a7	F05-06	functions/pf-eccube3/f05-06_front_online_purchase_buy_shopping_complete.md	342	画面遷移	完了画面「マイページ」	マイページ				
EV-5cefa46f	F05-06	functions/pf-eccube3/f05-06_front_online_purchase_buy_shopping_complete.md	348	遷移時に引き継ぐ状態	カート→記入	買取カート（商品クラス・数量）をセッションに保持する	記入画面でカート内容と合計を表示する			
EV-b9eb647f	F05-06	functions/pf-eccube3/f05-06_front_online_purchase_buy_shopping_complete.md	349	遷移時に引き継ぐ状態	確定	オーダーIDをセッションに保存する	完了画面でオーダーIDを表示する			
EV-2c3b7d24	F05-06	functions/pf-eccube3/f05-06_front_online_purchase_buy_shopping_complete.md	350	遷移時に引き継ぐ状態	完了	買取カートとオーダーIDのセッションを削除する	完了画面の再訪時はオーダーIDが無い			
EV-858822e0	F06-01	functions/pf-eccube3/f06-01_front_member_customer_entry.md	77	利用者視点の入口	会員登録画面	`GET /{_locale}/entry`	会員情報入力フォームを表示する。支店からの遷移時は店舗名をセッションに記録する。	/entry		
EV-ca6b9e2d	F06-01	functions/pf-eccube3/f06-01_front_member_customer_entry.md	78	利用者視点の入口	「同意する」ボタン（確認へ）	`POST /{_locale}/entry`（`mode=confirm`）	入力を検証し、問題なければ確認画面を表示する。検証エラー時は入力画面を再表示する。	/entry		
EV-b3dfcd99	F06-01	functions/pf-eccube3/f06-01_front_member_customer_entry.md	79	利用者視点の入口	「登録する」ボタン（仮登録実行）	`POST /{_locale}/entry`（`mode=complete`）	会員・住所・選手情報を作成し、仮会員設定に応じて完了画面または本会員化URLへ遷移する。	/entry		
EV-da468c9d	F06-01	functions/pf-eccube3/f06-01_front_member_customer_entry.md	80	利用者視点の入口	確認画面の「戻る」ボタン	`POST /{_locale}/entry`（`mode=back`）	入力画面へ戻る。	/entry		
EV-620dd399	F06-01	functions/pf-eccube3/f06-01_front_member_customer_entry.md	81	利用者視点の入口	仮会員登録完了画面	`GET /{_locale}/entry/complete`	仮会員状態である旨と本会員登録の案内を表示する（仮会員設定が有効なときの遷移先）。	/entry/complete		
EV-dde564b0	F06-01	functions/pf-eccube3/f06-01_front_member_customer_entry.md	82	利用者視点の入口	ブラックリスト登録エラー画面	`GET /{_locale}/entry/regist_error`	会員登録不可の旨を表示する（ブラックリスト該当時の遷移先）。	/entry/regist_error		
EV-49a3b2ae	F06-01	functions/pf-eccube3/f06-01_front_member_customer_entry.md	322	画面遷移	会員登録画面の表示	会員登録画面（`GET /{_locale}/entry`）		/entry		
EV-3445e1c5	F06-01	functions/pf-eccube3/f06-01_front_member_customer_entry.md	323	画面遷移	「同意する」押下（`mode=confirm`）・検証通過	会員情報登録確認画面（同一URL再描画）				
EV-dccae43d	F06-01	functions/pf-eccube3/f06-01_front_member_customer_entry.md	324	画面遷移	「同意する」押下・検証エラー	会員登録画面（エラー付き再描画）				
EV-f782e532	F06-01	functions/pf-eccube3/f06-01_front_member_customer_entry.md	325	画面遷移	「戻る」押下（`mode=back`）	会員登録画面				
EV-cc80708d	F06-01	functions/pf-eccube3/f06-01_front_member_customer_entry.md	326	画面遷移	「登録する」押下（`mode=complete`）・仮会員設定有効	仮会員登録完了画面（`/{_locale}/entry/complete`へリダイレクト）		/entry/complete		
EV-33a2ac97	F06-01	functions/pf-eccube3/f06-01_front_member_customer_entry.md	327	画面遷移	「登録する」押下・仮会員設定無効	本会員化URL（`/{_locale}/entry/activate/{secret_key}`へリダイレクト）		/entry/activate/{secret_key}		
EV-7a0410d4	F06-01	functions/pf-eccube3/f06-01_front_member_customer_entry.md	328	画面遷移	ブラックリスト該当	登録エラー画面（`/{_locale}/entry/regist_error`へリダイレクト）		/entry/regist_error		
EV-e9ba8030	F06-01	functions/pf-eccube3/f06-01_front_member_customer_entry.md	329	画面遷移	完了画面・会員登録画面のトップへ戻るリンク	支店指定があれば支店トップ、なければ本店トップ				
EV-351c4e31	F06-01	functions/pf-eccube3/f06-01_front_member_customer_entry.md	335	遷移時に引き継ぐ状態	支店から会員登録画面へ遷移	クエリ`shop`の店舗名を支店用セッションキーに記録する	完了画面のトップへ戻る先を支店トップに切り替える			
EV-4cbf02a0	F06-02	functions/pf-eccube3/f06-02_front_member_entry_activate.md	67	利用者視点の入口	仮会員登録完了メール内のアクティベートURL	`GET /entry/activate/{secret_key}`	秘密キーが正当かつ未本会員化なら本会員化し、自動ログインのうえ本登録完了画面または直前の商品検索画面へ遷移する。判定に該当しない場合はエラー画面を表示する。	/entry/activate/{secret_key}		
EV-53c80de9	F06-02	functions/pf-eccube3/f06-02_front_member_entry_activate.md	238	画面遷移	本会員化成功・商品検索の戻り先あり	直前の商品検索画面（セッションの戻り先URL）				
EV-39de4787	F06-02	functions/pf-eccube3/f06-02_front_member_entry_activate.md	239	画面遷移	本会員化成功・商品検索の戻り先なし	本登録完了画面（`Entry/activate.twig`）		/activate.twig		
EV-40de5f65	F06-02	functions/pf-eccube3/f06-02_front_member_entry_activate.md	240	画面遷移	完了画面の「ホームへ戻る」	店舗指定があれば支店トップ、なければ本店トップ				
EV-432006db	F06-02	functions/pf-eccube3/f06-02_front_member_entry_activate.md	241	画面遷移	判定で拒否	共通エラー画面（理由別文言）				
EV-1afd71d6	F06-02	functions/pf-eccube3/f06-02_front_member_entry_activate.md	247	遷移時に引き継ぐ状態	仮登録時に商品検索から遷移	本会員化確定後、セッションの商品検索の戻り先を取得し消去する	直前の商品検索画面を再表示する（ログイン済み）			
EV-595be2f2	F06-03	functions/pf-eccube3/f06-03_front_member_customer_login.md	81	利用者視点の入口	会員ログイン画面	`GET /{_locale}/mypage/login`	未ログイン時にメールアドレス・パスワード入力画面を表示する。ログイン済みならマイページへ遷移する。	/mypage/login		
EV-564e06de	F06-03	functions/pf-eccube3/f06-03_front_member_customer_login.md	82	利用者視点の入口	ログイン送信	`POST /{_locale}/login_check`	入力値・なりすまし対策トークン・試行制限を評価し、認証可否を判定する。	/login_check		
EV-bc642ef4	F06-03	functions/pf-eccube3/f06-03_front_member_customer_login.md	83	利用者視点の入口	会員ログインが必要な画面	`GET /{_locale}/mypage/...`	未ログインの場合、業務画面を表示せず会員ログイン画面へ誘導する。	/mypage/...		
EV-4d198134	F06-03	functions/pf-eccube3/f06-03_front_member_customer_login.md	84	利用者視点の入口	ログアウト	`GET /{_locale}/logout`	会員の認証状態を終了し、トップへ戻す。	/logout		
EV-0c24b329	F06-03	functions/pf-eccube3/f06-03_front_member_customer_login.md	85	利用者視点の入口	支店側でのログイン状態再確立	支店の任意画面表示時	本店で発行された共有トークンがCookieにあり正当な場合、未ログインでも会員のログイン状態を再確立する。			
EV-49424758	F06-03	functions/pf-eccube3/f06-03_front_member_customer_login.md	310	画面遷移	未ログインで会員ログインURLへアクセス	会員ログイン画面				
EV-ad1e29c0	F06-03	functions/pf-eccube3/f06-03_front_member_customer_login.md	311	画面遷移	ログイン済みで会員ログインURLへアクセス	マイページ				
EV-2157044d	F06-03	functions/pf-eccube3/f06-03_front_member_customer_login.md	312	画面遷移	未ログインで会員機能へアクセス	会員ログイン画面				
EV-32e13934	F06-03	functions/pf-eccube3/f06-03_front_member_customer_login.md	313	画面遷移	なりすまし対策トークン不整合・認証エラー	会員ログイン画面に留まる				
EV-a853c96c	F06-03	functions/pf-eccube3/f06-03_front_member_customer_login.md	314	画面遷移	試行制限中	会員ログイン画面に留まり、制限状態を表示する				
EV-759934e8	F06-03	functions/pf-eccube3/f06-03_front_member_customer_login.md	315	画面遷移	認証成功	ログイン成功後の遷移先（指定先または既定）				
EV-ff1090b3	F06-03	functions/pf-eccube3/f06-03_front_member_customer_login.md	316	画面遷移	支店で共有トークンによる再確立	表示中の支店画面（ログイン状態で再表示）				
EV-f73ff5d2	F06-03	functions/pf-eccube3/f06-03_front_member_customer_login.md	317	画面遷移	ログアウト	トップ				
EV-aee88f5c	F06-03	functions/pf-eccube3/f06-03_front_member_customer_login.md	323	遷移時に引き継ぐ状態	認証成功	失敗回数・制限日時をリセットし、共有トークンを発行する。	遷移先で会員機能を利用できる。			
EV-c961ad89	F06-03	functions/pf-eccube3/f06-03_front_member_customer_login.md	324	遷移時に引き継ぐ状態	認証失敗	失敗回数を加算する（上限到達時は制限日時を設定し失敗回数をリセット）。直近メールアドレスを再表示用に保持する場合がある。	会員ログイン画面で再入力する。			
EV-bcea7b94	F06-03	functions/pf-eccube3/f06-03_front_member_customer_login.md	325	遷移時に引き継ぐ状態	支店での再確立	共有トークン用Cookieを検証する。	成功時は支店画面を会員ログイン状態で再表示する。			
EV-2cbe149f	F06-04	functions/pf-eccube3/f06-04_front_member_forgot_password_reset.md	66	利用者視点の入口	ログイン画面等の「パスワードをお忘れの方」	`GET /forgot`	メールアドレス入力フォーム（パスワードの再発行）を表示する。	/forgot		
EV-bfe3efb4	F06-04	functions/pf-eccube3/f06-04_front_member_forgot_password_reset.md	67	利用者視点の入口	「次のページへ」ボタン	`POST /forgot`	入力メールの有効会員があればリセットキーを発行し再設定メールを送る。いずれの場合も再発行完了画面へ遷移する。	/forgot		
EV-bc2d71ba	F06-04	functions/pf-eccube3/f06-04_front_member_forgot_password_reset.md	68	利用者視点の入口	再発行完了画面	`GET /forgot/complete`	再設定メール送信完了の案内を表示する。会員の有無は区別しない。	/forgot/complete		
EV-ea390598	F06-04	functions/pf-eccube3/f06-04_front_member_forgot_password_reset.md	69	利用者視点の入口	再設定メール内のURL	`GET /forgot/reset/{resetKey}`	リセットキーが正当かつ有効なら新パスワード入力フォームを表示する。不正・失効時はエラー画面を表示する。	/forgot/reset/{resetKey}		
EV-55ba77dc	F06-04	functions/pf-eccube3/f06-04_front_member_forgot_password_reset.md	70	利用者視点の入口	「変更する」ボタン	`POST /forgot/resetcomplete/{resetKey}`	入力を検証し、正当ならパスワードを更新して更新完了画面を表示する。	/forgot/resetcomplete/{resetKey}		
EV-5e8fe973	F06-04	functions/pf-eccube3/f06-04_front_member_forgot_password_reset.md	255	画面遷移	ログイン画面等の「パスワードをお忘れの方」	再発行画面（`GET /forgot`）		/forgot		
EV-1d5cb6b8	F06-04	functions/pf-eccube3/f06-04_front_member_forgot_password_reset.md	256	画面遷移	再発行の送信成功・会員あり／なしとも	再発行完了画面（`/forgot/complete`）		/forgot/complete		
EV-a7a11a46	F06-04	functions/pf-eccube3/f06-04_front_member_forgot_password_reset.md	257	画面遷移	再設定メールのURL・キー正当	再設定画面（`GET /forgot/reset/{resetKey}`）		/forgot/reset/{resetKey}		
EV-528eb0d4	F06-04	functions/pf-eccube3/f06-04_front_member_forgot_password_reset.md	258	画面遷移	「変更する」・検証成功	更新完了画面（`Forgot/resetcomplete.twig`）		/resetcomplete.twig		
EV-ed2fe0f0	F06-04	functions/pf-eccube3/f06-04_front_member_forgot_password_reset.md	259	画面遷移	「変更する」・検証失敗	再設定画面を再表示				
EV-1f8c2521	F06-04	functions/pf-eccube3/f06-04_front_member_forgot_password_reset.md	260	画面遷移	キー不正・失効	共通エラー画面（判定別文言）				
EV-0eff7fb6	F06-04	functions/pf-eccube3/f06-04_front_member_forgot_password_reset.md	261	画面遷移	各完了画面の「ホームへ戻る」「戻る」	トップページ				
EV-a28eb26b	F06-05	functions/pf-eccube3/f06-05_front_member_mypage_index.md	63	利用者視点の入口	マイページトップ	`GET /{_locale}/mypage`	会員ログインを要し、保有ポイントと各機能ブロックを表示する。商品検索の戻り先がある場合はそこへリダイレクトする。	/mypage		
EV-406a93a3	F06-05	functions/pf-eccube3/f06-05_front_member_mypage_index.md	64	利用者視点の入口	各機能ブロックのリンク	各機能のURL（購入履歴・入荷待ち商品一覧・お気に入り・ポイント履歴等）	押下した機能の画面へ遷移する。各遷移先は対応する機能を正とする。			
EV-435b5b78	F06-05	functions/pf-eccube3/f06-05_front_member_mypage_index.md	65	利用者視点の入口	ヘッダー用保有ポイント	`GET /{_locale}/mypage/point_in_header`	ヘッダー表示用の保有ポイントを返す。	/mypage/point_in_header		
EV-e505b6ec	F06-05	functions/pf-eccube3/f06-05_front_member_mypage_index.md	201	画面遷移	マイページトップへアクセス（戻り先なし）	マイページ（`GET /{_locale}/mypage`）		/mypage		
EV-4725e045	F06-05	functions/pf-eccube3/f06-05_front_member_mypage_index.md	202	画面遷移	商品検索の戻り先がある	戻り先の商品検索画面（リダイレクト）				
EV-04b6b48f	F06-05	functions/pf-eccube3/f06-05_front_member_mypage_index.md	203	画面遷移	購入履歴ブロック	購入履歴一覧（`/{_locale}/mypage/shopping_history`）		/mypage/shopping_history		
EV-cc4a7f51	F06-05	functions/pf-eccube3/f06-05_front_member_mypage_index.md	204	画面遷移	入荷待ち商品一覧ブロック	入荷待ち商品一覧（`/{_locale}/mypage/notifylist`）		/mypage/notifylist		
EV-24b80965	F06-05	functions/pf-eccube3/f06-05_front_member_mypage_index.md	205	画面遷移	お気に入り登録商品一覧ブロック	お気に入り一覧（`/{_locale}/mypage/favorite/list`）		/mypage/favorite/list		
EV-9b5c3018	F06-05	functions/pf-eccube3/f06-05_front_member_mypage_index.md	206	画面遷移	ポイント履歴ブロック	ポイント履歴（`/{_locale}/mypage/point_history`）		/mypage/point_history		
EV-43f57b5d	F06-05	functions/pf-eccube3/f06-05_front_member_mypage_index.md	207	画面遷移	各機能ブロック	各機能の画面（会員情報変更・配送先・退会・買取履歴・本人確認・イベント・問い合わせ等）				
EV-12102124	F06-05	functions/pf-eccube3/f06-05_front_member_mypage_index.md	208	画面遷移	ログアウト	トップ（ログアウト経由）				
EV-1eb3c616	F06-05	functions/pf-eccube3/f06-05_front_member_mypage_index.md	214	遷移時に引き継ぐ状態	商品検索から会員機能へ遷移していた場合	セッションの商品検索の戻り先を取得・消去する	マイページを表示せず直前の商品検索画面を再表示する			
EV-106b8a95	F06-06	functions/pf-eccube3/f06-06_front_member_mypage_order_history.md	63	利用者視点の入口	マイページの「購入履歴」ブロック	`GET /{_locale}/mypage/shopping_history`	会員ログインを要し、会員の注文を新しい順にページングして一覧表示する。	/mypage/shopping_history		
EV-64c3c4b1	F06-06	functions/pf-eccube3/f06-06_front_member_mypage_order_history.md	64	利用者視点の入口	ページ送り	`GET /{_locale}/mypage/shopping_history?page={n}`	指定ページの注文一覧を表示する。	/mypage/shopping_history		
EV-0f9ab3d3	F06-06	functions/pf-eccube3/f06-06_front_member_mypage_order_history.md	65	利用者視点の入口	注文番号リンク	`GET /{_locale}/mypage/shopping_history/detail/{id}`	当該注文の購入履歴詳細へ遷移する（購入履歴詳細機能を正とする）。	/mypage/shopping_history/detail/{id}		
EV-6fdd9640	F06-06	functions/pf-eccube3/f06-06_front_member_mypage_order_history.md	66	利用者視点の入口	「この注文内容で再度購入する」	`POST /{_locale}/mypage/shopping_history/repurchase`	当該注文の商品をカートへ再投入する内容を返す。	/mypage/shopping_history/repurchase		
EV-ace8ae83	F06-06	functions/pf-eccube3/f06-06_front_member_mypage_order_history.md	67	利用者視点の入口	領収書発行	`GET /{_locale}/mypage/shopping_history/printOrderReceipt/{id}`	領収書発行画面を表示する。	/mypage/shopping_history/printOrderReceipt/{id}		
EV-2c6c3b96	F06-06	functions/pf-eccube3/f06-06_front_member_mypage_order_history.md	221	画面遷移	マイページの「購入履歴」ブロック	購入履歴一覧（`GET /{_locale}/mypage/shopping_history`）		/mypage/shopping_history		
EV-f1266f9d	F06-06	functions/pf-eccube3/f06-06_front_member_mypage_order_history.md	222	画面遷移	ページ送り	購入履歴一覧（`?page={n}`）				
EV-f474d3f9	F06-06	functions/pf-eccube3/f06-06_front_member_mypage_order_history.md	223	画面遷移	注文番号リンク	購入履歴詳細（`/{_locale}/mypage/shopping_history/detail/{id}`）		/mypage/shopping_history/detail/{id}		
EV-04cdae16	F06-06	functions/pf-eccube3/f06-06_front_member_mypage_order_history.md	224	画面遷移	「この注文内容で再度購入する」	画面遷移せず非同期でカート投入内容を返す				
EV-bf572a5b	F06-06	functions/pf-eccube3/f06-06_front_member_mypage_order_history.md	225	画面遷移	領収書発行	領収書発行画面（`/{_locale}/mypage/shopping_history/printOrderReceipt/{id}`）		/mypage/shopping_history/printOrderReceipt/{id}		
EV-21d1d344	F06-07	functions/pf-eccube3/f06-07_front_member_mypage_order_history_detail.md	66	利用者視点の入口	購入履歴一覧の注文番号リンク	`GET /{_locale}/mypage/shopping_history/detail/{id}`	会員ログインを要し、当該会員の注文であれば詳細を表示する。対象外なら見つからない（HTTP404）として扱う。	/mypage/shopping_history/detail/{id}		
EV-767308d2	F06-07	functions/pf-eccube3/f06-07_front_member_mypage_order_history_detail.md	67	利用者視点の入口	「この注文商品をもう一度購入する」	`POST /{_locale}/mypage/shopping_history/repurchase`	当該注文の商品をカートへ再投入する内容を返す（購入履歴一覧機能と共通の入口）。	/mypage/shopping_history/repurchase		
EV-d69d70f1	F06-07	functions/pf-eccube3/f06-07_front_member_mypage_order_history_detail.md	68	利用者視点の入口	領収書発行	`GET /{_locale}/mypage/shopping_history/printOrderReceipt/{id}`	領収書発行画面を表示する。	/mypage/shopping_history/printOrderReceipt/{id}		
EV-95daf037	F06-07	functions/pf-eccube3/f06-07_front_member_mypage_order_history_detail.md	235	画面遷移	購入履歴一覧の注文番号リンク	購入履歴詳細（`GET /{_locale}/mypage/shopping_history/detail/{id}`）		/mypage/shopping_history/detail/{id}		
EV-4287aebd	F06-07	functions/pf-eccube3/f06-07_front_member_mypage_order_history_detail.md	236	画面遷移	領収書発行リンク	領収書発行画面（`/{_locale}/mypage/shopping_history/printOrderReceipt/{id}`）		/mypage/shopping_history/printOrderReceipt/{id}		
EV-6e9d4bfe	F06-07	functions/pf-eccube3/f06-07_front_member_mypage_order_history_detail.md	237	画面遷移	「この注文商品をもう一度購入する」	画面遷移せず非同期でカート投入内容を返す				
EV-37419854	F06-07	functions/pf-eccube3/f06-07_front_member_mypage_order_history_detail.md	238	画面遷移	注文IDなし・取得不可・所有者不一致	見つからない（HTTP404）				
EV-dcc7b50c	F06-08	functions/pf-eccube3/f06-08_front_member_mypage_arrival_notification.md	69	利用者視点の入口	マイページの「入荷待ち商品一覧」ブロック	`GET /{_locale}/mypage/notifylist`	会員ログインを要し、会員が入荷通知登録した商品を集約して一覧表示する。	/mypage/notifylist		
EV-c4f4a208	F06-08	functions/pf-eccube3/f06-08_front_member_mypage_arrival_notification.md	70	利用者視点の入口	一覧の商品リンク	`GET /{_locale}/products/detail/{id}`（言語・規格を指定）	当該商品の商品詳細へ遷移する（商品機能を正とする）。	/products/detail/{id}		
EV-e9ab9d1e	F06-08	functions/pf-eccube3/f06-08_front_member_mypage_arrival_notification.md	71	利用者視点の入口	一覧のカード検索リンク	`GET /{_locale}/products/search`（カードIDを指定）	当該カードの検索結果へ遷移する（商品機能を正とする）。	/products/search		
EV-94d68784	F06-08	functions/pf-eccube3/f06-08_front_member_mypage_arrival_notification.md	72	利用者視点の入口	「戻る」リンク	`GET /{_locale}/mypage`	マイページトップへ戻る。	/mypage		
EV-cd55bef5	F06-08	functions/pf-eccube3/f06-08_front_member_mypage_arrival_notification.md	217	画面遷移	マイページの「入荷待ち商品一覧」ブロック	入荷待ち商品一覧（`GET /{_locale}/mypage/notifylist`）		/mypage/notifylist		
EV-9fbd36c5	F06-08	functions/pf-eccube3/f06-08_front_member_mypage_arrival_notification.md	218	画面遷移	一覧の商品リンク	商品詳細（`/{_locale}/products/detail/{id}`、言語・規格を指定）		/products/detail/{id}		
EV-2e40f344	F06-08	functions/pf-eccube3/f06-08_front_member_mypage_arrival_notification.md	219	画面遷移	一覧のカード検索リンク	商品検索（`/{_locale}/products/search`、カードIDを指定）		/products/search		
EV-90e4121f	F06-08	functions/pf-eccube3/f06-08_front_member_mypage_arrival_notification.md	220	画面遷移	「戻る」リンク	マイページトップ（`/{_locale}/mypage`）		/mypage		
EV-37f24491	F06-09	functions/pf-eccube3/f06-09_front_member_mypage_favorite_product.md	71	利用者視点の入口	マイページの「お気に入り登録商品一覧」ブロック	`GET /{_locale}/mypage/favorite/list`	会員自身のお気に入り商品を一覧表示する。	/mypage/favorite/list		
EV-e05f7069	F06-09	functions/pf-eccube3/f06-09_front_member_mypage_favorite_product.md	72	利用者視点の入口	「セール対象商品のみ表示する」切替	`GET /{_locale}/mypage/favorite/list?sale=1`（解除時は`sale=0`）	セール対象のみに絞り込んだ一覧を表示する。	/mypage/favorite/list		
EV-bad65112	F06-09	functions/pf-eccube3/f06-09_front_member_mypage_favorite_product.md	73	利用者視点の入口	表示順の切替（登録順・価格高い順・価格安い順）	`GET /{_locale}/mypage/favorite/list?sort=default`／`?sort=price&order=DESC`／`?sort=price&order=ASC`	指定した表示順で一覧を再表示する。	/mypage/favorite/list		
EV-9dbf576e	F06-09	functions/pf-eccube3/f06-09_front_member_mypage_favorite_product.md	229	画面遷移	マイページの「お気に入り登録商品一覧」ブロック	一覧（`GET /{_locale}/mypage/favorite/list`）		/mypage/favorite/list		
EV-b6679cb5	F06-09	functions/pf-eccube3/f06-09_front_member_mypage_favorite_product.md	230	画面遷移	「セール対象商品のみ表示する」切替	一覧（`?sale=1`／`?sale=0`）				
EV-794886c0	F06-09	functions/pf-eccube3/f06-09_front_member_mypage_favorite_product.md	231	画面遷移	表示順リンク	一覧（`?sort=…&order=…`）				
EV-e982fa4b	F06-09	functions/pf-eccube3/f06-09_front_member_mypage_favorite_product.md	232	画面遷移	一覧内の商品	商品詳細（商品機能を正とする）				
EV-b8f8761b	F06-09	functions/pf-eccube3/f06-09_front_member_mypage_favorite_product.md	233	画面遷移	「マイページ」ボタン	マイページトップ（`/{_locale}/mypage`）		/mypage		
EV-c25c269d	F06-10	functions/pf-eccube3/f06-10_front_member_mypage_point_history.md	72	利用者視点の入口	マイページの「ポイント履歴」ブロック	`GET /{_locale}/mypage/point_history`	会員自身のポイント履歴を新しい順に1ページ目を表示する。	/mypage/point_history		
EV-a8692374	F06-10	functions/pf-eccube3/f06-10_front_member_mypage_point_history.md	73	利用者視点の入口	ページ送りリンク（最初・数字・最後）	`GET /{_locale}/mypage/point_history?page=（番号）`	指定ページのポイント履歴を表示する。	/mypage/point_history		
EV-2d4be882	F06-10	functions/pf-eccube3/f06-10_front_member_mypage_point_history.md	74	利用者視点の入口	表示件数の選択	`GET /{_locale}/mypage/point_history?pageSize=（10/20/50/100）`	1ページあたりの表示件数を切り替えて表示する。	/mypage/point_history;/20/50/100		
EV-2165c3b0	F06-10	functions/pf-eccube3/f06-10_front_member_mypage_point_history.md	75	利用者視点の入口	「マイページ」ボタン	`GET /{_locale}/mypage`	マイページトップへ戻る。	/mypage		
EV-0c7d8909	F06-10	functions/pf-eccube3/f06-10_front_member_mypage_point_history.md	238	画面遷移	マイページの「ポイント履歴」ブロック	一覧（`GET /{_locale}/mypage/point_history`）		/mypage/point_history		
EV-0dfec852	F06-10	functions/pf-eccube3/f06-10_front_member_mypage_point_history.md	239	画面遷移	ページ送りリンク・表示件数選択	一覧（`?page=…`／`?pageSize=…`）				
EV-9f0abeed	F06-10	functions/pf-eccube3/f06-10_front_member_mypage_point_history.md	240	画面遷移	履歴行の注文番号	注文詳細を別タブで表示（購入履歴詳細機能を正とする）				
EV-53899b57	F06-10	functions/pf-eccube3/f06-10_front_member_mypage_point_history.md	241	画面遷移	「マイページ」ボタン	マイページトップ（`/{_locale}/mypage`）		/mypage		
EV-30a230c5	F06-11	functions/pf-eccube3/f06-11_front_member_mypage_buy_history.md	69	利用者視点の入口	マイページの「買取履歴」ブロック	`GET /{_locale}/mypage/purchase_history`	会員自身の買取注文を新しい順に1ページ目を表示する。	/mypage/purchase_history		
EV-d72d5eb3	F06-11	functions/pf-eccube3/f06-11_front_member_mypage_buy_history.md	70	利用者視点の入口	ページ送りリンク（最初・数字・最後）	`GET /{_locale}/mypage/purchase_history?page=（番号）`	指定ページの買取履歴を表示する。	/mypage/purchase_history		
EV-e0be03f7	F06-11	functions/pf-eccube3/f06-11_front_member_mypage_buy_history.md	71	利用者視点の入口	表示件数の選択	`GET /{_locale}/mypage/purchase_history?pageSize=（10/20/50/100）`	1ページあたりの表示件数を切り替えて表示する。	/mypage/purchase_history;/20/50/100		
EV-4297bdf2	F06-11	functions/pf-eccube3/f06-11_front_member_mypage_buy_history.md	72	利用者視点の入口	オーダーID・処理状態画像	`GET /{_locale}/mypage/purchase_history/detail/{id}`	当該買取注文の買取履歴詳細へ遷移する。	/mypage/purchase_history/detail/{id}		
EV-94972e19	F06-11	functions/pf-eccube3/f06-11_front_member_mypage_buy_history.md	73	利用者視点の入口	「マイページ」ボタン	`GET /{_locale}/mypage`	マイページトップへ戻る。	/mypage		
EV-549bb223	F06-11	functions/pf-eccube3/f06-11_front_member_mypage_buy_history.md	231	画面遷移	マイページの「買取履歴」ブロック	一覧（`GET /{_locale}/mypage/purchase_history`）		/mypage/purchase_history		
EV-73b29ab2	F06-11	functions/pf-eccube3/f06-11_front_member_mypage_buy_history.md	232	画面遷移	ページ送りリンク・表示件数選択	一覧（`?page=…`／`?pageSize=…`）				
EV-e30cad66	F06-11	functions/pf-eccube3/f06-11_front_member_mypage_buy_history.md	233	画面遷移	オーダーID・処理状態画像	買取履歴詳細（`/{_locale}/mypage/purchase_history/detail/{id}`）		/mypage/purchase_history/detail/{id}		
EV-c13a7235	F06-11	functions/pf-eccube3/f06-11_front_member_mypage_buy_history.md	234	画面遷移	「マイページ」ボタン	マイページトップ（`/{_locale}/mypage`）		/mypage		
EV-843badbc	F06-12	functions/pf-eccube3/f06-12_front_member_mypage_bulk_purchase_result.md	65	利用者視点の入口	買取履歴詳細の「こちら（すべての査定結果）」リンク	`GET /mypage/purchase_history/list/{id}`	当該買取依頼のまとめて買取の全商品の査定結果を一覧表示する。別タブで開く。	/mypage/purchase_history/list/{id}		
EV-4619f727	F06-12	functions/pf-eccube3/f06-12_front_member_mypage_bulk_purchase_result.md	191	画面遷移	買取履歴詳細の「こちら（すべての査定結果）」リンク	まとめて買取査定結果（別タブ、`GET /mypage/purchase_history/list/{id}`）		/mypage/purchase_history/list/{id}		
EV-85cdf685	F06-12	functions/pf-eccube3/f06-12_front_member_mypage_bulk_purchase_result.md	192	画面遷移	`id`不正・他会員・対象なし	ページが見つからない扱い（404）				
EV-370f500a	F06-13	functions/pf-eccube3/f06-13_front_member_mypage_online_identification.md	69	利用者視点の入口	マイページの「オンライン本人確認」ブロック	`GET /mypage/identification`	説明と本人確認状況、身分証種別の選択フォームを表示する。	/mypage/identification		
EV-86ef86cb	F06-13	functions/pf-eccube3/f06-13_front_member_mypage_online_identification.md	70	利用者視点の入口	「撮影画面へ」ボタン	`POST /mypage/identification/photograph`	スマートフォン・タブレットの場合、選択した身分証種別に応じた撮影画面を表示する。PCの場合はスタート画面へ戻す。	/mypage/identification/photograph		
EV-b00d58ee	F06-13	functions/pf-eccube3/f06-13_front_member_mypage_online_identification.md	71	利用者視点の入口	「申請」操作（撮影画像の送信）	`POST /mypage/identification/complete`	画像を検証・保存し、本人確認ステータスを確認中に更新して申請完了画面を表示する。	/mypage/identification/complete		
EV-8161a326	F06-13	functions/pf-eccube3/f06-13_front_member_mypage_online_identification.md	253	画面遷移	マイページの「オンライン本人確認」ブロック	スタート画面（`GET /mypage/identification`）		/mypage/identification		
EV-72208e4c	F06-13	functions/pf-eccube3/f06-13_front_member_mypage_online_identification.md	254	画面遷移	「撮影画面へ」・スマホ／タブレット・種別選択あり	撮影画面（`POST /mypage/identification/photograph`）		/mypage/identification/photograph		
EV-9ab5277d	F06-13	functions/pf-eccube3/f06-13_front_member_mypage_online_identification.md	255	画面遷移	「撮影画面へ」・PC	スタート画面（`/mypage/identification`）		/mypage/identification		
EV-a1613ff1	F06-13	functions/pf-eccube3/f06-13_front_member_mypage_online_identification.md	256	画面遷移	申請・検証失敗	撮影画面（エラー状態付き）				
EV-ad585ab0	F06-13	functions/pf-eccube3/f06-13_front_member_mypage_online_identification.md	257	画面遷移	申請・画像データ不正	共通エラー画面				
EV-d8f6b76a	F06-13	functions/pf-eccube3/f06-13_front_member_mypage_online_identification.md	258	画面遷移	申請・成功	申請完了画面（`Mypage/online_identification_done.twig`）		/online_identification_done.twig		
EV-b18135f6	F06-13	functions/pf-eccube3/f06-13_front_member_mypage_online_identification.md	259	画面遷移	申請・PCまたは送信内容なし・未送信	マイページ（`/mypage`）		/mypage		
EV-878799d8	F06-13	functions/pf-eccube3/f06-13_front_member_mypage_online_identification.md	265	遷移時に引き継ぐ状態	申請の検証失敗	身分証種別とエラー状態を引き継ぐ	撮影画面を再表示し、エラー状態を反映する			
EV-f20e1028	F06-14	functions/pf-eccube3/f06-14_front_member_mypage_event_reserved_list.md	69	利用者視点の入口	マイページの「予約済み大会一覧」ブロック	`GET /{_locale}/mypage/events`	会員自身の申込（キャンセル除外）を開催日時の新しい順に表示する。	/mypage/events		
EV-69003f99	F06-14	functions/pf-eccube3/f06-14_front_member_mypage_event_reserved_list.md	70	利用者視点の入口	一覧のイベント名リンク	`GET /{_locale}/events/{id}`	当該イベント詳細へ遷移する（イベント機能を正とする）。	/events/{id}		
EV-6fc5f83e	F06-14	functions/pf-eccube3/f06-14_front_member_mypage_event_reserved_list.md	71	利用者視点の入口	「デッキ登録」ボタン	`GET /{_locale}/mypage/deckentry_list`	デッキ登録可能なイベント一覧へ遷移する。	/mypage/deckentry_list		
EV-50b73c9f	F06-14	functions/pf-eccube3/f06-14_front_member_mypage_event_reserved_list.md	72	利用者視点の入口	「マイページ」ボタン	`GET /{_locale}/mypage`	マイページトップへ戻る。	/mypage		
EV-8b9b540f	F06-14	functions/pf-eccube3/f06-14_front_member_mypage_event_reserved_list.md	237	画面遷移	マイページの「予約済み大会一覧」ブロック	一覧（`GET /{_locale}/mypage/events`）		/mypage/events		
EV-8bb86773	F06-14	functions/pf-eccube3/f06-14_front_member_mypage_event_reserved_list.md	238	画面遷移	イベント名リンク	イベント詳細（`GET /{_locale}/events/{id}`）		/events/{id}		
EV-eef10c54	F06-14	functions/pf-eccube3/f06-14_front_member_mypage_event_reserved_list.md	239	画面遷移	「デッキ登録」ボタン	デッキ登録一覧（`GET /{_locale}/mypage/deckentry_list`）		/mypage/deckentry_list		
EV-a2d61fdb	F06-14	functions/pf-eccube3/f06-14_front_member_mypage_event_reserved_list.md	240	画面遷移	「マイページ」ボタン	マイページトップ（`/{_locale}/mypage`）		/mypage		
EV-f043766f	F06-15	functions/pf-eccube3/f06-15_front_member_mypage_buy_history_detail.md	69	利用者視点の入口	買取履歴一覧のオーダーID・処理状態画像	`GET /{_locale}/mypage/purchase_history/detail/{id}`	当該買取注文の詳細を表示する。	/mypage/purchase_history/detail/{id}		
EV-91672e41	F06-15	functions/pf-eccube3/f06-15_front_member_mypage_buy_history_detail.md	70	利用者視点の入口	詳細画面の「承諾確定」ボタン	`POST /{_locale}/mypage/purchase_history/update/{id}`	売却可否の選択を確定し承諾する（買取査定承諾機能を正とする。本書では送信先のみ示す）。	/mypage/purchase_history/update/{id}		
EV-a862c43b	F06-15	functions/pf-eccube3/f06-15_front_member_mypage_buy_history_detail.md	71	利用者視点の入口	商品明細の商品リンク	買取用商品詳細を別タブで表示	商品・規格が特定できる明細は商品詳細へ遷移する。			
EV-e94b8ed1	F06-15	functions/pf-eccube3/f06-15_front_member_mypage_buy_history_detail.md	72	利用者視点の入口	「マイページ」ボタン	`GET /{_locale}/mypage`	マイページトップへ戻る。	/mypage		
EV-5ff6d7c4	F06-15	functions/pf-eccube3/f06-15_front_member_mypage_buy_history_detail.md	240	画面遷移	買取履歴一覧のオーダーID・処理状態画像	詳細（`GET /{_locale}/mypage/purchase_history/detail/{id}`）		/mypage/purchase_history/detail/{id}		
EV-750c9340	F06-15	functions/pf-eccube3/f06-15_front_member_mypage_buy_history_detail.md	241	画面遷移	「承諾確定」ボタン押下	承諾処理（`POST /{_locale}/mypage/purchase_history/update/{id}`、買取査定承諾機能を正とする）		/mypage/purchase_history/update/{id}		
EV-81f1a4fe	F06-15	functions/pf-eccube3/f06-15_front_member_mypage_buy_history_detail.md	242	画面遷移	商品明細の商品リンク	買取用商品詳細を別タブで表示				
EV-5c18e193	F06-15	functions/pf-eccube3/f06-15_front_member_mypage_buy_history_detail.md	243	画面遷移	「マイページ」ボタン	マイページトップ（`/{_locale}/mypage`）		/mypage		
EV-a166932e	F06-16	functions/pf-eccube3/f06-16_front_member_mypage_event_deck_edit.md	72	利用者視点の入口	デッキ登録一覧などの「デッキ登録」「編集」リンク	`GET /{_locale}/deckentry/{eventDetailId}/edit`	当該イベント詳細のデッキ編集画面を表示する。登録済みなら入力欄に既存デッキを復元する。	/deckentry/{eventDetailId}/edit		
EV-826689fa	F06-16	functions/pf-eccube3/f06-16_front_member_mypage_event_deck_edit.md	73	利用者視点の入口	編集画面の「デッキリストを提出する」ボタン	`POST /{_locale}/deckentry/{eventDetailId}/update`	カードリストを検証し、書式が通ればデッキを登録してデッキ確認画面へ遷移する。	/deckentry/{eventDetailId}/update		
EV-579d9c94	F06-16	functions/pf-eccube3/f06-16_front_member_mypage_event_deck_edit.md	74	利用者視点の入口	編集画面の「マイデッキを取得」（フォーマット選択）	`GET /{_locale}/deckentry/{eventDetailId}/edit?deckId=（マイデッキ）&format=（フォーマット）`	自分のマイデッキの内容を入力欄へ取り込んで再表示する。	/deckentry/{eventDetailId}/edit		
EV-c8e19b94	F06-16	functions/pf-eccube3/f06-16_front_member_mypage_event_deck_edit.md	75	利用者視点の入口	編集画面の「キャンセル」リンク	`GET /{_locale}/events`（イベント一覧）	編集せずイベント一覧へ戻る。	/events		
EV-737b600c	F06-16	functions/pf-eccube3/f06-16_front_member_mypage_event_deck_edit.md	281	画面遷移	デッキ登録一覧などの編集リンク	デッキ編集画面（`GET /{_locale}/deckentry/{eventDetailId}/edit`）		/deckentry/{eventDetailId}/edit		
EV-faada3fe	F06-16	functions/pf-eccube3/f06-16_front_member_mypage_event_deck_edit.md	282	画面遷移	「マイデッキを取得」（フォーマット選択）	デッキ編集画面（`?deckId=…&format=…`、入力欄へ反映）				
EV-318aef7d	F06-16	functions/pf-eccube3/f06-16_front_member_mypage_event_deck_edit.md	283	画面遷移	「デッキリストを提出する」・書式OK	デッキ確認画面（`/{_locale}/deckentry/{deckId}/check`へ遷移）		/deckentry/{deckId}/check		
EV-8d1f9329	F06-16	functions/pf-eccube3/f06-16_front_member_mypage_event_deck_edit.md	284	画面遷移	「デッキリストを提出する」・書式エラー	デッキ編集画面（同一イベント詳細・選択フォーマット、入力保持で再表示）				
EV-28ec0f18	F06-16	functions/pf-eccube3/f06-16_front_member_mypage_event_deck_edit.md	285	画面遷移	登録不可・選手情報なし・フォーマット未確定	存在しない（HTTP404）				
EV-c8167169	F06-16	functions/pf-eccube3/f06-16_front_member_mypage_event_deck_edit.md	286	画面遷移	「キャンセル」リンク	イベント一覧（`/{_locale}/events`）		/events		
EV-73edee15	F06-16	functions/pf-eccube3/f06-16_front_member_mypage_event_deck_edit.md	292	遷移時に引き継ぐ状態	提出・書式エラー	メイン・サイドの入力とエラー内容をセッションへ退避する	編集画面でメイン・サイドの入力とエラー見出しを復元し、退避値はセッションから削除する			
EV-cbb785b0	F06-17	functions/pf-eccube3/f06-17_front_member_mypage_event_deck_complete.md	70	利用者視点の入口	デッキ編集画面の「登録する」送信	`POST /{_locale}/deckentry/{eventDetailId}/update`	カードリストを判定し、問題がなければデッキを保存してデッキ登録完了画面へリダイレクトする。書式エラー時は入力を保持してデッキ編集画面へリダイレクトする。	/deckentry/{eventDetailId}/update		
EV-a2bf0068	F06-17	functions/pf-eccube3/f06-17_front_member_mypage_event_deck_complete.md	71	利用者視点の入口	登録確定後の自動遷移	`GET /{_locale}/deckentry/{deckId}/check`	保存したデッキの内容と枚数・妥当性チェック結果を表示する（デッキ登録完了画面）。	/deckentry/{deckId}/check		
EV-cd3475b6	F06-17	functions/pf-eccube3/f06-17_front_member_mypage_event_deck_complete.md	253	画面遷移	更新成功	デッキ登録完了画面（`GET /{_locale}/deckentry/{deckId}/check`へリダイレクト）		/deckentry/{deckId}/check		
EV-bf82cb43	F06-17	functions/pf-eccube3/f06-17_front_member_mypage_event_deck_complete.md	254	画面遷移	更新時に書式エラー	デッキ編集画面（`GET /{_locale}/deckentry/{eventDetailId}/edit`へリダイレクト、入力保持）		/deckentry/{eventDetailId}/edit		
EV-bbe2e405	F06-17	functions/pf-eccube3/f06-17_front_member_mypage_event_deck_complete.md	255	画面遷移	更新時に条件不成立（フォーマット不一致・登録不可・選手なし）	HTTP404				
EV-39756ebb	F06-17	functions/pf-eccube3/f06-17_front_member_mypage_event_deck_complete.md	256	画面遷移	完了画面で対象デッキが取得不可・所有者不一致	HTTP404				
EV-6672c8d3	F06-17	functions/pf-eccube3/f06-17_front_member_mypage_event_deck_complete.md	262	遷移時に引き継ぐ状態	更新時の書式エラー	メイン・サイドの入力テキストとエラー内容をセッションに保存する	デッキ編集画面で保存した入力とエラーを復元し、保存後にセッションから消去する			
EV-7dda22c4	F06-18	functions/pf-eccube3/f06-18_front_member_mypage_customer_edit.md	71	利用者視点の入口	マイページの「会員情報変更」	`GET /{_locale}/mypage/change`	現在の会員情報を初期表示した編集フォームを表示する。	/mypage/change		
EV-95e0cd91	F06-18	functions/pf-eccube3/f06-18_front_member_mypage_customer_edit.md	72	利用者視点の入口	「変更する」送信	`POST /{_locale}/mypage/change`	入力が妥当でスマレジ連携に成功すると会員情報を更新し、会員情報変更完了画面へリダイレクトする。妥当でない場合・連携失敗時は同画面を再表示する。	/mypage/change		
EV-2f64a280	F06-18	functions/pf-eccube3/f06-18_front_member_mypage_customer_edit.md	73	利用者視点の入口	国・本人確認状態の再描画	`POST /{_locale}/mypage/change`（`isChange`または`countryCode`付き）	入力を保持したまま編集フォームを再描画する（国に応じた住所項目の切替）。更新は行わない。	/mypage/change		
EV-fe18333e	F06-18	functions/pf-eccube3/f06-18_front_member_mypage_customer_edit.md	274	画面遷移	マイページの「会員情報変更」	会員情報変更画面（`GET /{_locale}/mypage/change`）		/mypage/change		
EV-3c463df9	F06-18	functions/pf-eccube3/f06-18_front_member_mypage_customer_edit.md	275	画面遷移	更新成功（検証通過・連携成功）	会員情報変更完了画面（`mypage_change_complete`へリダイレクト）				
EV-5e747dbe	F06-18	functions/pf-eccube3/f06-18_front_member_mypage_customer_edit.md	276	画面遷移	検証不成立・未送信・`isChange`／`countryCode`付き	会員情報変更画面の再描画（入力保持）				
EV-96c20d54	F06-18	functions/pf-eccube3/f06-18_front_member_mypage_customer_edit.md	277	画面遷移	スマレジ連携失敗	会員情報変更画面の再描画（エラーメッセージ付き）				
EV-8bcc56b1	F06-18	functions/pf-eccube3/f06-18_front_member_mypage_customer_edit.md	283	遷移時に引き継ぐ状態	クエリ`shop`付きの表示	支店指定をセッションへ保存する	支店指定をセッションに保持したまま編集フォームを表示する			
EV-fc9c361e	F06-18	functions/pf-eccube3/f06-18_front_member_mypage_customer_edit.md	284	遷移時に引き継ぐ状態	国切替の再描画	入力値を保持し国に応じた住所項目を構成する	入力値を保ったまま住所項目を切り替えて再描画する			
EV-7e25b749	F06-20	functions/pf-eccube3/f06-20_front_member_mypage_delivery_edit.md	67	利用者視点の入口	マイページの「配送先」一覧	`GET /{_locale}/mypage/delivery`	会員の配送先一覧を表示する。	/mypage/delivery		
EV-3309a488	F06-20	functions/pf-eccube3/f06-20_front_member_mypage_delivery_edit.md	68	利用者視点の入口	「新規登録」	`GET /{_locale}/mypage/delivery/new/edit`	新規登録用の入力フォームを表示する。上限超過時は一覧へ戻す。	/mypage/delivery/new/edit		
EV-9637c40f	F06-20	functions/pf-eccube3/f06-20_front_member_mypage_delivery_edit.md	69	利用者視点の入口	既存配送先の「編集」	`GET /{_locale}/mypage/delivery/{id}/edit`	既存配送先の値を入力フォームに表示する。	/mypage/delivery/{id}/edit		
EV-e54ad6a2	F06-20	functions/pf-eccube3/f06-20_front_member_mypage_delivery_edit.md	70	利用者視点の入口	編集画面の「確認画面へ」送信	`POST /{_locale}/mypage/delivery/new/edit`・`POST /{_locale}/mypage/delivery/{id}/edit`	入力が妥当なら確認画面を表示する。妥当でない場合・`isChange`付きは編集画面を再表示する。	/mypage/delivery/new/edit;/mypage/delivery/{id}/edit		
EV-2c9f69c2	F06-20	functions/pf-eccube3/f06-20_front_member_mypage_delivery_edit.md	71	利用者視点の入口	確認画面の「登録する」送信	`POST /{_locale}/mypage/delivery/new/confirm`・`POST /{_locale}/mypage/delivery/{id}/confirm`	配送先と名称を保存し、選択中配送先を記録して一覧へリダイレクトする。「戻る」時は編集画面を再表示する。	/mypage/delivery/new/confirm;/mypage/delivery/{id}/confirm		
EV-c6ee8d62	F06-20	functions/pf-eccube3/f06-20_front_member_mypage_delivery_edit.md	72	利用者視点の入口	配送先の「削除」	`DELETE /{_locale}/mypage/delivery/{id}/delete`	配送先を論理削除し一覧へリダイレクトする。	/mypage/delivery/{id}/delete		
EV-3f6cac27	F06-20	functions/pf-eccube3/f06-20_front_member_mypage_delivery_edit.md	263	画面遷移	マイページの「配送先」	配送先一覧（`GET /{_locale}/mypage/delivery`）		/mypage/delivery		
EV-c3c9cd37	F06-20	functions/pf-eccube3/f06-20_front_member_mypage_delivery_edit.md	264	画面遷移	「新規登録」「編集」	配送先編集画面				
EV-beac934d	F06-20	functions/pf-eccube3/f06-20_front_member_mypage_delivery_edit.md	265	画面遷移	編集画面の送信（検証通過）	配送先確認画面				
EV-eafc017d	F06-20	functions/pf-eccube3/f06-20_front_member_mypage_delivery_edit.md	266	画面遷移	編集画面の送信（検証不成立・`isChange`付き）	配送先編集画面の再表示				
EV-13ee63fb	F06-20	functions/pf-eccube3/f06-20_front_member_mypage_delivery_edit.md	267	画面遷移	確認画面の「登録する」（検証通過・戻る以外）	配送先一覧（`mypage_delivery`へリダイレクト）				
EV-1623a163	F06-20	functions/pf-eccube3/f06-20_front_member_mypage_delivery_edit.md	268	画面遷移	確認画面の「戻る」・検証不成立	配送先編集画面の再表示				
EV-913cea01	F06-20	functions/pf-eccube3/f06-20_front_member_mypage_delivery_edit.md	269	画面遷移	新規で上限超過	配送先一覧（エラーメッセージ付きリダイレクト）				
EV-82462489	F06-20	functions/pf-eccube3/f06-20_front_member_mypage_delivery_edit.md	270	画面遷移	「削除」	配送先一覧（`mypage_delivery`へリダイレクト）				
EV-1c5fc58e	F06-20	functions/pf-eccube3/f06-20_front_member_mypage_delivery_edit.md	276	遷移時に引き継ぐ状態	登録確定	確定した配送先IDを選択中配送先としてセッションとCookieへ記録する	一覧へ戻り、選択中配送先として記録したIDを保持する			
EV-0544c2d6	F06-20	functions/pf-eccube3/f06-20_front_member_mypage_delivery_edit.md	277	遷移時に引き継ぐ状態	上限超過	上限超過エラーを積む	一覧でエラーを表示する			
EV-f86653e5	F06-21	functions/pf-eccube3/f06-21_front_member_mypage_withdraw.md	66	利用者視点の入口	マイページトップの「退会」ブロック	`GET /mypage/withdraw`	退会前の注意事項と会員氏名を表示し、「退会手続きへ」ボタンと「戻る」リンクを出す。	/mypage/withdraw		
EV-e3a12eb8	F06-21	functions/pf-eccube3/f06-21_front_member_mypage_withdraw.md	67	利用者視点の入口	「退会手続きへ」ボタン	`POST /mypage/withdraw`（`mode=confirm`）	退会確認画面を表示する。現在パスワードの入力欄と「退会する」ボタンを出す。	/mypage/withdraw		
EV-b33dc033	F06-21	functions/pf-eccube3/f06-21_front_member_mypage_withdraw.md	68	利用者視点の入口	「退会する」ボタン	`POST /mypage/withdraw`（`mode=complete`）	パスワードが一致し外部連携に成功すると退会を確定し、退会完了画面へリダイレクトする。	/mypage/withdraw		
EV-b1a170ec	F06-21	functions/pf-eccube3/f06-21_front_member_mypage_withdraw.md	69	利用者視点の入口	退会確認・退会前画面の「戻る」リンク	`GET /mypage`（マイページトップ）	退会せずマイページトップへ戻る。	/mypage		
EV-978db8fc	F06-21	functions/pf-eccube3/f06-21_front_member_mypage_withdraw.md	70	利用者視点の入口	退会完了後の表示	`GET /mypage/withdraw_complete`	退会完了メッセージと「ホームへ戻る」リンクを表示する。直接の遷移先は退会成立時のリダイレクトである。	/mypage/withdraw_complete		
EV-3ffcf713	F06-21	functions/pf-eccube3/f06-21_front_member_mypage_withdraw.md	266	画面遷移	マイページトップの「退会」ブロック	退会前画面（`GET /mypage/withdraw`）		/mypage/withdraw		
EV-60b31f4d	F06-21	functions/pf-eccube3/f06-21_front_member_mypage_withdraw.md	267	画面遷移	「退会手続きへ」押下（`mode=confirm`）	退会確認画面（同一URL再描画）				
EV-33ec30a2	F06-21	functions/pf-eccube3/f06-21_front_member_mypage_withdraw.md	268	画面遷移	「退会する」押下・パスワード一致・連携成功	退会完了画面（`/mypage/withdraw_complete`へリダイレクト）		/mypage/withdraw_complete		
EV-e2c5b1b0	F06-21	functions/pf-eccube3/f06-21_front_member_mypage_withdraw.md	269	画面遷移	「退会する」押下・パスワード不一致	退会確認画面（誤りメッセージ付き再描画）				
EV-59025f98	F06-21	functions/pf-eccube3/f06-21_front_member_mypage_withdraw.md	270	画面遷移	「退会する」押下・連携失敗	退会確認画面（連携エラーメッセージ付き再描画）				
EV-45710660	F06-21	functions/pf-eccube3/f06-21_front_member_mypage_withdraw.md	271	画面遷移	退会前画面・退会確認画面の「戻る」	マイページトップ（`/mypage`）		/mypage		
EV-e0409cd9	F06-21	functions/pf-eccube3/f06-21_front_member_mypage_withdraw.md	272	画面遷移	退会完了画面の「ホームへ戻る」	トップページ（`homepage`）				
EV-fbad415c	F06-22	functions/pf-eccube3/f06-22_front_member_mypage_contact.md	68	利用者視点の入口	ヘッダー等の「お問い合わせ」	`GET /{_locale}/contact`	お問い合わせ入力フォームを表示する。ログイン会員は会員情報を初期表示する。クエリ`eventDetailId`があるとイベント関連の初期値を設定する。	/contact		
EV-ff76da9c	F06-22	functions/pf-eccube3/f06-22_front_member_mypage_contact.md	69	利用者視点の入口	「確認画面へ」送信	`POST /{_locale}/contact`（`mode=confirm`）	入力が妥当なら確認画面を表示する。妥当でない場合は入力画面を再表示する。	/contact		
EV-296ac5e0	F06-22	functions/pf-eccube3/f06-22_front_member_mypage_contact.md	70	利用者視点の入口	確認画面の「送信をする」	`POST /{_locale}/contact`（`mode=complete`）	お問い合わせメールを送信し内容を保存して、お問い合わせ完了画面へリダイレクトする。	/contact		
EV-7da55ffd	F06-22	functions/pf-eccube3/f06-22_front_member_mypage_contact.md	71	利用者視点の入口	確認画面の「戻る」	ブラウザ履歴で前画面へ戻る	入力画面へ戻る（同一URLの再入力）。			
EV-e5b2ff02	F06-22	functions/pf-eccube3/f06-22_front_member_mypage_contact.md	72	利用者視点の入口	送信後の表示	`GET /{_locale}/contact/complete`	お問い合わせ完了画面を表示する。	/contact/complete		
EV-9781e094	F06-22	functions/pf-eccube3/f06-22_front_member_mypage_contact.md	272	画面遷移	「お問い合わせ」	お問い合わせ画面（`GET /{_locale}/contact`）		/contact		
EV-4c9fc8e9	F06-22	functions/pf-eccube3/f06-22_front_member_mypage_contact.md	273	画面遷移	「確認画面へ」（`mode=confirm`・検証通過）	お問い合わせ確認画面（同一URL再描画）				
EV-cbd3c933	F06-22	functions/pf-eccube3/f06-22_front_member_mypage_contact.md	274	画面遷移	「確認画面へ」（検証不成立）	お問い合わせ画面の再表示				
EV-fe147239	F06-22	functions/pf-eccube3/f06-22_front_member_mypage_contact.md	275	画面遷移	「送信をする」（`mode=complete`・検証通過）	お問い合わせ完了画面（`contact_complete`へリダイレクト）				
EV-076261e7	F06-22	functions/pf-eccube3/f06-22_front_member_mypage_contact.md	276	画面遷移	確認画面の「戻る」	お問い合わせ画面（ブラウザ履歴で前画面）				
EV-36544d8c	F06-22	functions/pf-eccube3/f06-22_front_member_mypage_contact.md	282	遷移時に引き継ぐ状態	クエリ`eventDetailId`付きの表示	対象イベント詳細の初期値を組み立てる	件名・お問い合わせ詳細・イベント情報を初期表示する			
EV-9bc3d18a	F06-23	functions/pf-eccube3/f06-23_front_contact_history.md	64	利用者視点の入口	マイページトップの「お問い合わせ履歴」ブロック	`GET /contact/history`	ログイン会員自身のお問い合わせを新しい順に一覧表示する。総件数と各件の日時・件名・お問い合わせ番号を出す。	/contact/history		
EV-629ee591	F06-23	functions/pf-eccube3/f06-23_front_contact_history.md	65	利用者視点の入口	一覧の件名リンク	`GET /contact/history/{id}/detail`	当該お問い合わせ1件の詳細（日時・件名・番号・氏名・本文）を表示する。	/contact/history/{id}/detail		
EV-905d8890	F06-23	functions/pf-eccube3/f06-23_front_contact_history.md	66	利用者視点の入口	一覧の「マイページ」ボタン	`GET /mypage`（マイページトップ）	マイページトップへ戻る。	/mypage		
EV-c574df61	F06-23	functions/pf-eccube3/f06-23_front_contact_history.md	67	利用者視点の入口	詳細の「戻る」リンク	ブラウザ履歴を1つ戻る（`history.go(-1)`）	直前の画面（通常は一覧）へ戻る。サーバへのリクエストは発生しない。			
EV-ad7fc970	F06-23	functions/pf-eccube3/f06-23_front_contact_history.md	213	画面遷移	マイページトップの「お問い合わせ履歴」ブロック	一覧（`GET /contact/history`）		/contact/history		
EV-cc383f1f	F06-23	functions/pf-eccube3/f06-23_front_contact_history.md	214	画面遷移	一覧の件名リンク	詳細（`GET /contact/history/{id}/detail`）		/contact/history/{id}/detail		
EV-f1bce446	F06-23	functions/pf-eccube3/f06-23_front_contact_history.md	215	画面遷移	一覧の「マイページ」ボタン	マイページトップ（`/mypage`）		/mypage		
EV-15b5bc54	F06-23	functions/pf-eccube3/f06-23_front_contact_history.md	216	画面遷移	詳細の「戻る」	ブラウザ履歴を1つ戻る（通常は一覧）				
EV-30f5bdae	F06-24	functions/pf-eccube3/f06-24_front_contact_history.md	64	利用者視点の入口	マイページトップの「お問い合わせ履歴」ブロック	`GET /contact/history`	ログイン会員自身のお問い合わせを新しい順に一覧表示する。総件数と各件の日時・件名・お問い合わせ番号を出す。	/contact/history		
EV-6ab04787	F06-24	functions/pf-eccube3/f06-24_front_contact_history.md	65	利用者視点の入口	一覧の件名リンク	`GET /contact/history/{id}/detail`	当該お問い合わせ1件の詳細（日時・件名・番号・氏名・本文）を表示する。	/contact/history/{id}/detail		
EV-6cf6aae4	F06-24	functions/pf-eccube3/f06-24_front_contact_history.md	66	利用者視点の入口	一覧の「マイページ」ボタン	`GET /mypage`（マイページトップ）	マイページトップへ戻る。	/mypage		
EV-fe5e66c9	F06-24	functions/pf-eccube3/f06-24_front_contact_history.md	67	利用者視点の入口	詳細の「戻る」リンク	ブラウザ履歴を1つ戻る（`history.go(-1)`）	直前の画面（通常は一覧）へ戻る。サーバへのリクエストは発生しない。			
EV-27ef860c	F06-24	functions/pf-eccube3/f06-24_front_contact_history.md	209	画面遷移	マイページトップの「お問い合わせ履歴」ブロック	一覧（`GET /contact/history`）		/contact/history		
EV-6625dd07	F06-24	functions/pf-eccube3/f06-24_front_contact_history.md	210	画面遷移	一覧の件名リンク	詳細（`GET /contact/history/{id}/detail`）		/contact/history/{id}/detail		
EV-06e267f4	F06-24	functions/pf-eccube3/f06-24_front_contact_history.md	211	画面遷移	一覧の「マイページ」ボタン	マイページトップ（`/mypage`）		/mypage		
EV-c38732ef	F06-24	functions/pf-eccube3/f06-24_front_contact_history.md	212	画面遷移	詳細の「戻る」	ブラウザ履歴を1つ戻る（通常は一覧）				
EV-a1b5452c	F06-25	functions/pf-eccube3/f06-25_front_member_store_order_call_number.md	65	利用者視点の入口	店内モニター画面（第1）	`GET /{_locale}/waiting_number_1`	注文番号表示画面を表示し、JSが注文番号取得APIをポーリングして番号札を並べる。	/waiting_number_1		
EV-bcc30290	F06-25	functions/pf-eccube3/f06-25_front_member_store_order_call_number.md	66	利用者視点の入口	店内モニター画面（第2）	`GET /{_locale}/waiting_number_2`	第1と同一の表示画面を表示する。	/waiting_number_2		
EV-358a3163	F06-25	functions/pf-eccube3/f06-25_front_member_store_order_call_number.md	67	利用者視点の入口	注文番号取得API	`GET /{_locale}/waiting_api/get_waiting`	ピック完了済みの数字番号札とアルファベット番号札の配列をJSONで返す。	/waiting_api/get_waiting		
EV-23d9dd9e	F06-25	functions/pf-eccube3/f06-25_front_member_store_order_call_number.md	221	画面遷移	モニター画面（第1・第2）の表示	注文番号表示画面（同一テンプレート）				
EV-9d761715	F06-25	functions/pf-eccube3/f06-25_front_member_store_order_call_number.md	222	画面遷移	ポーリング	同一画面の内容更新（遷移なし）				
EV-b8ea01f6	F06-26	functions/pf-eccube3/f06-26_front_member_store_pc_account_control.md	69	利用者視点の入口	店頭PC用アカウントでの任意のフロントアクセス	任意の`GET/POST /{_locale}/…`（応答生成後の共通後処理）	店内アカウントのとき、許可IP以外ならログアウトへリダイレクトする。	/POST		
EV-143f903c	F06-26	functions/pf-eccube3/f06-26_front_member_store_pc_account_control.md	70	利用者視点の入口	遮断対象フロント機能へのアクセス	例: `… /{_locale}/mypage/change`、`… /{_locale}/contact`、`… /{_locale}/mypage/delivery`、`… /{_locale}/deckentry/…`、購入・買取系など	店頭フロント区分の会員のとき、共通エラー画面（店頭用アカウントでは利用できません）を返し本来の画面を表示しない。	/mypage/change;/contact;/mypage/delivery;/deckentry		
EV-9002d2b0	F06-26	functions/pf-eccube3/f06-26_front_member_store_pc_account_control.md	71	利用者視点の入口	店頭注文の確定	購入確定処理（購入機能側）	店内アカウントの受注では番号札を採番する（通常会員では採番しない）。			
EV-f41e98a1	F06-26	functions/pf-eccube3/f06-26_front_member_store_pc_account_control.md	232	画面遷移	店内アカウントが許可IP外でアクセス	ログアウト処理（`logout`）へリダイレクト				
EV-dd94b812	F06-26	functions/pf-eccube3/f06-26_front_member_store_pc_account_control.md	233	画面遷移	店頭フロント区分の会員が遮断対象機能へアクセス	共通エラー画面（本来の画面は表示しない）				
EV-f85901ff	F06-26	functions/pf-eccube3/f06-26_front_member_store_pc_account_control.md	234	画面遷移	店内アカウントが許可IP内で非遮断機能へアクセス	通常どおり当該機能の画面				
EV-25ca8554	F07-01	functions/pf-eccube3/f07-01_front_event_event_top.md	72	利用者視点の入口	イベント大会TOPを開く	`GET /{_locale}/events`	クッキーまたは既定の店舗の当月イベントを、月間カレンダーと日付リストで表示する。	/events		
EV-d5a01005	F07-01	functions/pf-eccube3/f07-01_front_event_event_top.md	73	利用者視点の入口	店舗を切り替える	`GET /{_locale}/events?shop={店舗ID}`	指定店舗の当月イベントを表示し、店舗IDをクッキーへ保存する。	/events		
EV-069beb52	F07-01	functions/pf-eccube3/f07-01_front_event_event_top.md	74	利用者視点の入口	月を切り替える	`GET /{_locale}/events?shop={店舗ID}&date={Ym}`	指定店舗・指定月のイベントを表示する。前月・翌月リンクから遷移する。	/events		
EV-a927bb40	F07-01	functions/pf-eccube3/f07-01_front_event_event_top.md	75	利用者視点の入口	複数日程イベントを押下	`GET /{_locale}/events/{eventId}/{eventDate}/`	当該イベント・当該日の日別画面を表示する。`eventDate`は`Ymd`または`all`。	/events/{eventId}/{eventDate}		
EV-85c5a09c	F07-01	functions/pf-eccube3/f07-01_front_event_event_top.md	76	利用者視点の入口	単一日程イベントを押下	`GET /{_locale}/events/{eventDetailId}/detail`	当該イベント詳細（F07-03）へ遷移する。	/events/{eventDetailId}/detail		F07-03
EV-6165927f	F07-01	functions/pf-eccube3/f07-01_front_event_event_top.md	239	画面遷移	店舗切替セレクトの変更	同一画面（`?shop=`付きで再表示）				
EV-76325f53	F07-01	functions/pf-eccube3/f07-01_front_event_event_top.md	240	画面遷移	前月・翌月リンク	イベント大会TOP（`?shop=&date=`付き）				
EV-10c17541	F07-01	functions/pf-eccube3/f07-01_front_event_event_top.md	241	画面遷移	単一日程イベントの押下	イベント詳細（F07-03）				F07-03
EV-c9ef50e0	F07-01	functions/pf-eccube3/f07-01_front_event_event_top.md	242	画面遷移	複数日程イベントの押下	日別画面（`/events/{eventId}/{eventDate}/`）		/events/{eventId}/{eventDate}		
EV-71d6cbfd	F07-01	functions/pf-eccube3/f07-01_front_event_event_top.md	243	画面遷移	日別で該当1件	イベント詳細（F07-03）へリダイレクト				F07-03
EV-ac39ee48	F07-01	functions/pf-eccube3/f07-01_front_event_event_top.md	244	画面遷移	日別で該当0件	当該イベント最新日程の詳細へリダイレクト				
EV-70f809d1	F07-01	functions/pf-eccube3/f07-01_front_event_event_top.md	245	画面遷移	店舗なし・不正パラメータ・最新日程なし	ページが見つからない（HTTP404）				
EV-8d429f1d	F07-01	functions/pf-eccube3/f07-01_front_event_event_top.md	251	遷移時に引き継ぐ状態	店舗切替	クエリ店舗とクッキーが異なればクッキー`shop`を更新する。	選択店舗の当月イベントを表示する。次回TOPアクセス時もクッキー店舗を初期表示する。			
EV-77d343cc	F07-01	functions/pf-eccube3/f07-01_front_event_event_top.md	252	遷移時に引き継ぐ状態	日別への遷移	パスに`eventId`・`eventDate`を渡す。	日別画面で当該イベント・当該期間の日程一覧を表示する。			
EV-51cd678d	F07-02	functions/pf-eccube3/f07-02_front_event_event_search.md	67	利用者視点の入口	検索フォームを開く	`GET /{_locale}/events/search`	キーワード・開催日時・フォーマット・開催場所・詳細条件の入力フォームを表示する。	/events/search		
EV-0f4498dc	F07-02	functions/pf-eccube3/f07-02_front_event_event_search.md	68	利用者視点の入口	検索を実行する	`GET /{_locale}/events/list?term=…&from=…&to=…&formats[]=…&venues[]=…&isWeekday=…&isHoliday=…&isPast=…`	条件に一致するイベント詳細をページングつきで一覧表示する。	/events/list		
EV-cd321edb	F07-02	functions/pf-eccube3/f07-02_front_event_event_search.md	69	利用者視点の入口	結果一覧のページ送り	`GET /{_locale}/events/list?…&page={ページ番号}`	同一条件で指定ページの一覧を表示する。	/events/list		
EV-1d0a08bb	F07-02	functions/pf-eccube3/f07-02_front_event_event_search.md	70	利用者視点の入口	検索フォームへ戻る	`GET /{_locale}/events`（戻るリンク）	イベント大会TOPへ戻る。	/events		
EV-1b634fb2	F07-02	functions/pf-eccube3/f07-02_front_event_event_search.md	241	画面遷移	検索フォームの検索ボタン	検索結果一覧（`GET /events/list?…`）		/events/list		
EV-07233d80	F07-02	functions/pf-eccube3/f07-02_front_event_event_search.md	242	画面遷移	結果一覧のページ送り	検索結果一覧（同条件・`page`指定）				
EV-9a559c95	F07-02	functions/pf-eccube3/f07-02_front_event_event_search.md	243	画面遷移	検索フォームの戻るボタン	イベント大会TOP（`GET /events`）		/events		
EV-32d23504	F07-02	functions/pf-eccube3/f07-02_front_event_event_search.md	244	画面遷移	検索結果一覧の各行	イベント詳細（F07-03）				F07-03
EV-fb149f34	F07-02	functions/pf-eccube3/f07-02_front_event_event_search.md	245	画面遷移	件数0件	一覧画面（ページが見つからない扱い）				
EV-b371975c	F07-02	functions/pf-eccube3/f07-02_front_event_event_search.md	251	遷移時に引き継ぐ状態	検索フォーム送信	入力条件をGETクエリへ載せる。	結果一覧でクエリを解釈し、同条件の抽出結果・件数・ページングを表示する。			
EV-b6ceb401	F07-02	functions/pf-eccube3/f07-02_front_event_event_search.md	252	遷移時に引き継ぐ状態	ページ送り	同一クエリに`page`を加える。	同条件で指定ページの一覧を表示する。			
EV-8ee205f4	F07-03	functions/pf-eccube3/f07-03_front_event_event_detail.md	67	利用者視点の入口	イベント詳細を開く	`GET /{_locale}/events/{eventDetailId}/detail`	当該イベント詳細の開催情報・事前予約情報と、状態に応じたボタンを表示する。	/events/{eventDetailId}/detail		
EV-41977e62	F07-03	functions/pf-eccube3/f07-03_front_event_event_detail.md	68	利用者視点の入口	申込ボタンを押下	`GET /{_locale}/events/{eventDetailId}/entry`	イベント申込（F07-04）へ遷移する。	/events/{eventDetailId}/entry		F07-04
EV-272ddc7f	F07-03	functions/pf-eccube3/f07-03_front_event_event_detail.md	69	利用者視点の入口	キャンセル申込ボタンを押下	`GET /{_locale}/contact?eventDetailId={eventDetailId}`	キャンセル申込（問い合わせ機能）へ遷移する。	/contact		
EV-4dfec1df	F07-03	functions/pf-eccube3/f07-03_front_event_event_detail.md	70	利用者視点の入口	デッキ登録・編集ボタンを押下	`GET /{_locale}/deckentry/edit?eventDetailId={eventDetailId}`	デッキ登録（デッキ登録機能）へ遷移する。	/deckentry/edit		
EV-37053ba5	F07-03	functions/pf-eccube3/f07-03_front_event_event_detail.md	71	利用者視点の入口	戻るボタンを押下	`GET /{_locale}/events`（または日別画面）	一覧側へ戻る。遷移元のクエリにより戻り先を切り替える。	/events		
EV-feedc1f7	F07-03	functions/pf-eccube3/f07-03_front_event_event_detail.md	231	画面遷移	申込ボタン押下	イベント申込（F07-04・`GET /events/{eventDetailId}/entry`）		/events/{eventDetailId}/entry		F07-04
EV-855c2807	F07-03	functions/pf-eccube3/f07-03_front_event_event_detail.md	232	画面遷移	キャンセル申込ボタン押下	キャンセル申込（問い合わせ機能）				
EV-16c8f1cb	F07-03	functions/pf-eccube3/f07-03_front_event_event_detail.md	233	画面遷移	デッキ登録・編集ボタン押下	デッキ登録機能				
EV-a38f4ed5	F07-03	functions/pf-eccube3/f07-03_front_event_event_detail.md	234	画面遷移	戻るボタン押下	イベント大会TOP、または日別画面（遷移元クエリにより切替）				
EV-aa330240	F07-03	functions/pf-eccube3/f07-03_front_event_event_detail.md	235	画面遷移	イベント詳細が存在しない	ページが見つからない（HTTP404）				
EV-94d5f004	F07-03	functions/pf-eccube3/f07-03_front_event_event_detail.md	241	遷移時に引き継ぐ状態	戻るボタン	遷移元のクエリ（日別の`eventId`・`eventDate`）の有無を確認する。	クエリがあれば日別画面、無ければイベント大会TOPへ戻る。			
EV-13f2e33f	F07-03	functions/pf-eccube3/f07-03_front_event_event_detail.md	242	遷移時に引き継ぐ状態	申込ボタン	イベント詳細IDをパスに渡す。	申込画面（F07-04）で当該イベント詳細を申込対象として扱う。			F07-04
EV-06dc91db	F07-04	functions/pf-eccube3/f07-04_front_event_event_entry_complete.md	82	利用者視点の入口	申込対象を選ぶ	`GET /{_locale}/events/{eventDetailId}/entry`	申込可能な別日程があれば選択画面を表示する。無ければ支払方法選択へ進む。	/events/{eventDetailId}/entry		
EV-de9d6606	F07-04	functions/pf-eccube3/f07-04_front_event_event_entry_complete.md	83	利用者視点の入口	支払方法選択を開く	`GET /{_locale}/events/{eventDetailId}/select_payment?details[]=…`	申込対象・合計参加費・支払方法・チーム入力欄を表示する。	/events/{eventDetailId}/select_payment		
EV-251f0042	F07-04	functions/pf-eccube3/f07-04_front_event_event_entry_complete.md	84	利用者視点の入口	申込内容を確認する	`POST /{_locale}/events/confirm`	入力を検証し、申込確認画面を表示する。	/events/confirm		
EV-04c5073a	F07-04	functions/pf-eccube3/f07-04_front_event_event_entry_complete.md	85	利用者視点の入口	申込を登録する	`POST /{_locale}/events/registration`（非同期）	申込を登録し、無料は完了画面用、有料は決済用のパラメータをJSONで返す。	/events/registration		
EV-fb13e555	F07-04	functions/pf-eccube3/f07-04_front_event_event_entry_complete.md	86	利用者視点の入口	決済URLを取得する	`POST /{_locale}/events/payment_url`（非同期）	外部リンク決済の遷移用フォームHTMLをJSONで返す。	/events/payment_url		
EV-71240c4a	F07-04	functions/pf-eccube3/f07-04_front_event_event_entry_complete.md	87	利用者視点の入口	決済後に戻る	`GET /{_locale}/events/payment_finish`	決済結果を判定し、完了またはキャンセルへリダイレクトする。	/events/payment_finish		
EV-13d34738	F07-04	functions/pf-eccube3/f07-04_front_event_event_entry_complete.md	88	利用者視点の入口	申込完了を表示する	`GET /{_locale}/events/payment_complete?detail={eventDetailId}`	申込完了画面を表示する。	/events/payment_complete		
EV-487e6011	F07-04	functions/pf-eccube3/f07-04_front_event_event_entry_complete.md	89	利用者視点の入口	決済キャンセルを表示する	`GET/POST /{_locale}/events/payment_cancel?paymentNo=…`	申込を取消処理し、キャンセル画面を表示する。	/events/payment_cancel;/POST		
EV-306036c4	F07-04	functions/pf-eccube3/f07-04_front_event_event_entry_complete.md	353	画面遷移	申込対象選択で別日程あり	申込対象選択画面				
EV-73821111	F07-04	functions/pf-eccube3/f07-04_front_event_event_entry_complete.md	354	画面遷移	申込対象選択で別日程なし	支払方法選択画面				
EV-0bc137d0	F07-04	functions/pf-eccube3/f07-04_front_event_event_entry_complete.md	355	画面遷移	支払方法選択の確定	申込確認画面（`POST /events/confirm`）		/events/confirm		
EV-97e14b90	F07-04	functions/pf-eccube3/f07-04_front_event_event_entry_complete.md	356	画面遷移	申込確認の申込する	申込登録（非同期）→ 無料は完了画面、有料は外部決済				
EV-29cf39c6	F07-04	functions/pf-eccube3/f07-04_front_event_event_entry_complete.md	357	画面遷移	外部決済の正常終了	申込完了画面（`/events/payment_complete`）		/events/payment_complete		
EV-c76220df	F07-04	functions/pf-eccube3/f07-04_front_event_event_entry_complete.md	358	画面遷移	外部決済の異常	決済キャンセル画面（`/events/payment_cancel`）		/events/payment_cancel		
EV-e7181fb8	F07-04	functions/pf-eccube3/f07-04_front_event_event_entry_complete.md	359	画面遷移	受付期間外・申込済み	イベント詳細（F07-03）				F07-03
EV-b69e855f	F07-04	functions/pf-eccube3/f07-04_front_event_event_entry_complete.md	360	画面遷移	同一性・参加可能・支払方法の違反	不正要求（HTTP400）				
EV-07f3f185	F07-04	functions/pf-eccube3/f07-04_front_event_event_entry_complete.md	361	画面遷移	イベント詳細なし	ページが見つからない（HTTP404）				
EV-c0be1abb	F07-04	functions/pf-eccube3/f07-04_front_event_event_entry_complete.md	362	画面遷移	完了画面のデッキ登録／大会一覧	デッキ登録機能／イベント大会TOP				
EV-bf0f44b2	F07-04	functions/pf-eccube3/f07-04_front_event_event_entry_complete.md	368	遷移時に引き継ぐ状態	支払方法選択	申込対象ID・支払方法・チーム入力をフォームへ載せる。	申込確認画面で確定内容を表示する。検証エラー時は支払方法選択へエラー付きで戻る。			
EV-32a45bdd	F07-04	functions/pf-eccube3/f07-04_front_event_event_entry_complete.md	369	遷移時に引き継ぐ状態	申込確認の申込する	申込を登録し、無料は対象詳細ID、有料は支払番号・金額を返す。	無料は完了画面、有料は決済URL取得を経て外部決済へ。			
EV-7a2d54a3	F07-04	functions/pf-eccube3/f07-04_front_event_event_entry_complete.md	370	遷移時に引き継ぐ状態	外部決済の戻り	決済結果を判定し申込状況を確定または取消側へ整える。	完了画面、または決済キャンセル画面。			
EV-22c3e297	F08-01	functions/pf-eccube3/f08-01_front_store_purchase_otc_buy_entry_login.md	63	利用者視点の入口	店頭買取の査定申込前ログイン	`GET /otcbuy/{name}/entry`	当該店舗のログインフォームを表示する。既ログイン時はログアウトへ遷移する。	/otcbuy/{name}/entry		
EV-64b01bcf	F08-01	functions/pf-eccube3/f08-01_front_store_purchase_otc_buy_entry_login.md	64	利用者視点の入口	「査定申込み開始」ボタン	`POST /{ログイン検証エンドポイント}`	フレームワークのログイン検証へ送信する。成功時は申込フォーム、失敗時は本画面へ戻る。	/{		
EV-378f22d7	F08-01	functions/pf-eccube3/f08-01_front_store_purchase_otc_buy_entry_login.md	65	利用者視点の入口	「アカウントをお持ちでない方はこちら」	`GET /otcbuy/{name}`	ログインせず当該店舗の申込フォームへ進む。	/otcbuy/{name}		
EV-c226d037	F08-01	functions/pf-eccube3/f08-01_front_store_purchase_otc_buy_entry_login.md	218	画面遷移	査定申込前ログインを開く	ログイン画面（`GET /otcbuy/{name}/entry`）		/otcbuy/{name}/entry		
EV-303bc995	F08-01	functions/pf-eccube3/f08-01_front_store_purchase_otc_buy_entry_login.md	219	画面遷移	既にログイン中	ログアウトへ遷移				
EV-d5d45b8e	F08-01	functions/pf-eccube3/f08-01_front_store_purchase_otc_buy_entry_login.md	220	画面遷移	ログイン成功	当該店舗の査定申込フォーム（`/otcbuy/{name}`）		/otcbuy/{name}		
EV-016686d7	F08-01	functions/pf-eccube3/f08-01_front_store_purchase_otc_buy_entry_login.md	221	画面遷移	ログイン失敗	査定申込前ログイン画面（`/otcbuy/{name}/entry`、エラー表示）		/otcbuy/{name}/entry		
EV-cf5b9afb	F08-01	functions/pf-eccube3/f08-01_front_store_purchase_otc_buy_entry_login.md	222	画面遷移	「アカウントをお持ちでない方はこちら」	当該店舗の査定申込フォーム（`/otcbuy/{name}`）		/otcbuy/{name}		
EV-cf3a42ae	F08-01	functions/pf-eccube3/f08-01_front_store_purchase_otc_buy_entry_login.md	223	画面遷移	店舗識別子が不正	ページが見つからない扱い（404）				
EV-e5591841	F08-01	functions/pf-eccube3/f08-01_front_store_purchase_otc_buy_entry_login.md	229	遷移時に引き継ぐ状態	査定申込前ログイン画面の表示	申込開始フラグと空の申込データをセッションへ設定する	申込フォーム側で初期状態の申込として開始する（店頭買取査定申込機能を正とする）			
EV-f6b36248	F08-02	functions/pf-eccube3/f08-02_front_store_purchase_otc_buy_entry_input.md	70	利用者視点の入口	エントリー（開始画面）	`GET /{_locale}/otcbuy/{name}/entry`、`POST /{_locale}/otcbuy/{name}/entry`	店舗を特定し、ログイン中ならログアウトへ誘導し、エントリーフラグをセッションに立てて開始画面（ログイン・言語選択・ゲスト導線）を表示する。店舗が無ければ404。	/otcbuy/{name}/entry		
EV-c2e66ee9	F08-02	functions/pf-eccube3/f08-02_front_store_purchase_otc_buy_entry_input.md	71	利用者視点の入口	申込フォーム	`GET /{_locale}/otcbuy/{name}`、`POST /{_locale}/otcbuy/{name}`	査定申込情報の入力フォームを表示する。会員ログイン中は登録情報を初期反映する。エントリー未開始かつ未送信ならエントリーへ戻す。	/otcbuy/{name}		
EV-465af450	F08-02	functions/pf-eccube3/f08-02_front_store_purchase_otc_buy_entry_input.md	72	利用者視点の入口	会員登録フォーム	`GET /{_locale}/otcbuy/{name}/register_customer`、`POST /{_locale}/otcbuy/{name}/register_customer`	申込フォームの送信を受け、入力データをセッションに保存して会員登録フォーム（メール・パスワード・同意）を表示する。	/otcbuy/{name}/register_customer		
EV-57bed445	F08-02	functions/pf-eccube3/f08-02_front_store_purchase_otc_buy_entry_input.md	284	画面遷移	店舗識別名が該当なし	404				
EV-729e2664	F08-02	functions/pf-eccube3/f08-02_front_store_purchase_otc_buy_entry_input.md	285	画面遷移	エントリーでログイン中	ログアウト				
EV-1d1c4ebb	F08-02	functions/pf-eccube3/f08-02_front_store_purchase_otc_buy_entry_input.md	286	画面遷移	エントリー未開始で申込フォームへ直接（未送信）	エントリー画面				
EV-7e25e06f	F08-02	functions/pf-eccube3/f08-02_front_store_purchase_otc_buy_entry_input.md	287	画面遷移	申込フォーム送信（未ログイン）	会員登録フォーム				
EV-45731ed6	F08-02	functions/pf-eccube3/f08-02_front_store_purchase_otc_buy_entry_input.md	288	画面遷移	申込フォーム送信（ログイン中）	確認画面（F08-03）				F08-03
EV-eb962c27	F08-02	functions/pf-eccube3/f08-02_front_store_purchase_otc_buy_entry_input.md	289	画面遷移	会員登録フォーム送信・スキップ	確認画面（F08-03）				F08-03
EV-de21a819	F08-02	functions/pf-eccube3/f08-02_front_store_purchase_otc_buy_entry_input.md	290	画面遷移	エントリー画面のキャンセル	エントリー画面				
EV-ea03b6c9	F08-02	functions/pf-eccube3/f08-02_front_store_purchase_otc_buy_entry_input.md	296	遷移時に引き継ぐ状態	エントリー	エントリーフラグをセッションに立て、入力データを空にする	申込フォームがエントリー開始を前提に表示される			
EV-2a7be28d	F08-02	functions/pf-eccube3/f08-02_front_store_purchase_otc_buy_entry_input.md	297	遷移時に引き継ぐ状態	会員登録フォーム表示	申込入力データと適格請求書発行事業者データをセッションへ保存する	確認・登録（F08-03）が入力データを参照する			F08-03
EV-e74bc143	F08-03	functions/pf-eccube3/f08-03_front_store_purchase_otc_buy_entry_complete.md	71	利用者視点の入口	確認・登録	`GET /{_locale}/otcbuy/{name}/confirm`、`POST /{_locale}/otcbuy/{name}/confirm`	入力データを確認し、重複・一致・登録番号を判定する。確認モードなら確認画面、会員登録モードなら登録、いずれも検証通過時は申込みを登録して完了画面へ遷移する。店舗が無ければ404。	/otcbuy/{name}/confirm		
EV-8b18d5d2	F08-03	functions/pf-eccube3/f08-03_front_store_purchase_otc_buy_entry_complete.md	72	利用者視点の入口	完了	`GET /{_locale}/otcbuy/{name}/complete`、`POST /{_locale}/otcbuy/{name}/complete`	セッションの査定IDから申込みを取得し、査定番号・注意事項・自動遷移を含む完了画面を表示する。査定IDが無ければエントリーへ戻す。	/otcbuy/{name}/complete		
EV-5e9f913d	F08-03	functions/pf-eccube3/f08-03_front_store_purchase_otc_buy_entry_complete.md	288	画面遷移	店舗識別名が該当なし	404				
EV-4c04a8ec	F08-03	functions/pf-eccube3/f08-03_front_store_purchase_otc_buy_entry_complete.md	289	画面遷移	登録番号が不正	申込フォーム画面（再表示）				
EV-e9ce6083	F08-03	functions/pf-eccube3/f08-03_front_store_purchase_otc_buy_entry_complete.md	290	画面遷移	エントリー前提を満たさない	エントリー画面				
EV-0bc163d5	F08-03	functions/pf-eccube3/f08-03_front_store_purchase_otc_buy_entry_complete.md	291	画面遷移	メール既登録／メールとパスワード同一	会員登録フォーム画面（再表示）				
EV-89aee078	F08-03	functions/pf-eccube3/f08-03_front_store_purchase_otc_buy_entry_complete.md	292	画面遷移	確認モード	確認画面				
EV-b705a923	F08-03	functions/pf-eccube3/f08-03_front_store_purchase_otc_buy_entry_complete.md	293	画面遷移	登録成功	完了画面（会員登録ありは結果クエリ付き）				
EV-654dd0f2	F08-03	functions/pf-eccube3/f08-03_front_store_purchase_otc_buy_entry_complete.md	294	画面遷移	確認画面の「戻る」	申込フォーム				
EV-6ff64c08	F08-03	functions/pf-eccube3/f08-03_front_store_purchase_otc_buy_entry_complete.md	295	画面遷移	完了画面に査定IDなし	エントリー画面				
EV-7b55181a	F08-03	functions/pf-eccube3/f08-03_front_store_purchase_otc_buy_entry_complete.md	296	画面遷移	完了画面の自動遷移・「査定申込みへ戻る」	完了画面のURL（査定IDが無ければエントリーへ）				
EV-4913ebc8	F08-03	functions/pf-eccube3/f08-03_front_store_purchase_otc_buy_entry_complete.md	302	遷移時に引き継ぐ状態	申込登録	査定IDをセッションへ保存し、エントリーフラグを除去する	完了画面が査定IDから申込みを取得して表示する			
EV-8ae56666	F08-03	functions/pf-eccube3/f08-03_front_store_purchase_otc_buy_entry_complete.md	303	遷移時に引き継ぐ状態	完了表示	セッションの査定IDを除去する	完了画面の再訪・自動遷移時は査定IDが無くエントリーへ戻る			
EV-4dde7c2d	M03-01	functions/pf-eccube3/m03-01_admin_product_product_search_list.md	36	利用者視点の入口	ナビから商品一覧を開く	`GET /{admin_route}/product`	フォーム既定値で検索ビューデータをセッションへ書き込み、ページ 1 を表示する。	/{admin_route}/product		
EV-315d006d	M03-01	functions/pf-eccube3/m03-01_admin_product_product_search_list.md	37	利用者視点の入口	「検索する」で送信	`POST /{admin_route}/product`	検証に成功すれば条件をセッションへ保存しページ番号を 1 にし、同一条件で一覧を組み立てる。失敗すればエラー用メッセージとともに詳細検索枠を開いた状態で返す。	/{admin_route}/product		
EV-4c53be7f	M03-01	functions/pf-eccube3/m03-01_admin_product_product_search_list.md	38	利用者視点の入口	ページネーションで N ページへ	`GET /{admin_route}/product/page/N`	セッションの検索条件とページ番号を更新し、N ページ目を表示する。	/{admin_route}/product/page/N		
EV-782ea3bb	M03-01	functions/pf-eccube3/m03-01_admin_product_product_search_list.md	39	利用者視点の入口	ソートアイコン押下	`POST /{admin_route}/product`（フォームはそのまま）	隠しフィールド `sortkey`・`sorttype` を更新して送信し、ページ番号は 1 にリセットされる POST 分岐に入る。	/{admin_route}/product		
EV-10095d4f	M03-01	functions/pf-eccube3/m03-01_admin_product_product_search_list.md	40	利用者視点の入口	表示件数プルダウン変更	`GET /{admin_route}/product/page/1?page_count=…`	`mtb_page_max` に存在する件数ならセッションへ保存し、その件数で分割する。	/{admin_route}/product/page/1		
EV-0ba4e5a9	M03-01	functions/pf-eccube3/m03-01_admin_product_product_search_list.md	41	利用者視点の入口	一覧表示データプルダウン変更	`GET /{admin_route}/product/page/{page_no}?mode=…`	セッションの表示モードを更新し、同一ページ番号で再描画する。	/{admin_route}/product/page/{page_no}		
EV-a338a1ab	M03-01	functions/pf-eccube3/m03-01_admin_product_product_search_list.md	42	利用者視点の入口	商品名リンク	`GET /{admin_route}/product/product/{id}/edit`	商品編集画面へ遷移する。	/{admin_route}/product/product/{id}/edit		
EV-62bf30bb	M03-01	functions/pf-eccube3/m03-01_admin_product_product_search_list.md	43	利用者視点の入口	他画面から一覧へ戻る	`GET /{admin_route}/product?resume=1`	セッションに保存されたページ番号を復元し、検索条件もセッションから復元する。	/{admin_route}/product		
EV-8b3bf983	M03-01	functions/pf-eccube3/m03-01_admin_product_product_search_list.md	44	利用者視点の入口	ホームの在庫切れ件数から遷移	`GET /{admin_route}/search_nonstock` → リダイレクトで `GET /{admin_route}/product/page/1`	別節およびエッジケース参照。	/{admin_route}/search_nonstock;/{admin_route}/product/page/1		
EV-687374fe	M03-01	functions/pf-eccube3/m03-01_admin_product_product_search_list.md	265	画面遷移	商品名リンク	商品編集				
EV-956caeb5	M03-01	functions/pf-eccube3/m03-01_admin_product_product_search_list.md	266	画面遷移	プレビューアイコン（実装によりフロント詳細）	別タブでフロント商品詳細				
EV-999945b0	M03-01	functions/pf-eccube3/m03-01_admin_product_product_search_list.md	267	画面遷移	CSV・一括編集・一括ステータスなどフォーム `formaction`	各 POST 先ルート				
EV-4a1f762d	M03-01	functions/pf-eccube3/m03-01_admin_product_product_search_list.md	268	画面遷移	ページネーション	同一一覧の別ページ				
EV-b5449e18	M03-01	functions/pf-eccube3/m03-01_admin_product_product_search_list.md	274	遷移時に引き継ぐ状態	編集などから `resume=1` で戻る	セッションの検索ビューデータとページ番号は一覧側が上書きしない限り保持	保存されていたページ番号と条件で一覧を組み立てる			
EV-b915eafc	M03-01	functions/pf-eccube3/m03-01_admin_product_product_search_list.md	275	遷移時に引き継ぐ状態	初回 `GET /product`（`resume` も `page_no` も無い）	フォーム既定の検索ビューデータでセッションを上書き	公開のみ等の既定チェックが載った状態になる	/product		
EV-c5d32abf	M03-02	functions/pf-eccube3/m03-02_admin_product_product_edit.md	79	利用者視点の入口	商品編集画面を開く	`GET /{admin_route}/product/product/{id}/edit`	指定IDの商品本体と商品付加情報を読み込み、基本情報フォームに現行値を載せて表示する。商品が存在しなければ見つからない（HTTP404）。	/{admin_route}/product/product/{id}/edit		
EV-5b13e621	M03-02	functions/pf-eccube3/m03-02_admin_product_product_edit.md	80	利用者視点の入口	商品を登録（更新）ボタン押下	`POST /{admin_route}/product/product/{id}/edit/update`	入力値を検証し、合格時に基本情報・カテゴリ・画像・タグ・売上分析タグを保存し、更新完了後に同じ編集画面へ戻す。	/{admin_route}/product/product/{id}/edit/update		
EV-51f146db	M03-02	functions/pf-eccube3/m03-02_admin_product_product_edit.md	81	利用者視点の入口	商品画像の追加（非同期）	`POST /{admin_route}/product/product/image/add`	XHRで画像ファイルを受け取り、一時ディレクトリへ保存してファイル名をJSONで返す。XHR以外・非画像・ファイルなしは不正要求として拒否する。	/{admin_route}/product/product/image/add		
EV-5769f79e	M03-02	functions/pf-eccube3/m03-02_admin_product_product_edit.md	82	利用者視点の入口	規格設定へ遷移	`GET /{admin_route}/product/product/{id}/class/list`	商品規格一覧へ遷移する。規格の編集はM03-09を正とする。	/{admin_route}/product/product/{id}/class/list		
EV-a88e97eb	M03-02	functions/pf-eccube3/m03-02_admin_product_product_edit.md	83	利用者視点の入口	新規登録画面	`GET /{admin_route}/product/product/new`	実装上はルートが残るが、運用では新規登録を廃止している。本書では編集を対象とする。	/{admin_route}/product/product/new		
EV-1a669116	M03-02	functions/pf-eccube3/m03-02_admin_product_product_edit.md	286	画面遷移	編集画面を開く	同一画面に基本情報フォームを表示。				
EV-e613586a	M03-02	functions/pf-eccube3/m03-02_admin_product_product_edit.md	287	画面遷移	更新成功	`GET /{admin_route}/product/product/{id}/edit`（同じ商品の編集画面）		/{admin_route}/product/product/{id}/edit		
EV-8c239891	M03-02	functions/pf-eccube3/m03-02_admin_product_product_edit.md	288	画面遷移	検証失敗	同一URLの編集画面を200で再描画				
EV-fdb44709	M03-02	functions/pf-eccube3/m03-02_admin_product_product_edit.md	289	画面遷移	規格設定ボタン	商品規格一覧（M03-09）				M03-09
EV-8fa9054d	M03-02	functions/pf-eccube3/m03-02_admin_product_product_edit.md	290	画面遷移	確認ボタン	フロント商品表示（別タブ）				
EV-efd5cf5c	M03-02	functions/pf-eccube3/m03-02_admin_product_product_edit.md	291	画面遷移	複製ボタン	商品複製処理（確認ダイアログ後）				
EV-323a5f75	M03-02	functions/pf-eccube3/m03-02_admin_product_product_edit.md	292	画面遷移	削除ボタン	商品削除処理（確認ダイアログ後）				
EV-5c8c0c9b	M03-02	functions/pf-eccube3/m03-02_admin_product_product_edit.md	293	画面遷移	商品検索に戻るリンク	商品検索一覧				
EV-323daec1	M03-03	functions/pf-eccube3/m03-03_admin_product_product_card_csv_export.md	41	利用者視点の入口	検索結果があり一覧ブロックが描画された状態で、商品をチェックして「カード商品CSV出力」を押す	`POST /{admin_route}/product/product_card_csv_export`	選択した商品 ID がフォームデータとして送られ、条件を満たす商品・規格について CSV がダウンロードされる。	/{admin_route}/product/product_card_csv_export		
EV-53e39e07	M03-03	functions/pf-eccube3/m03-03_admin_product_product_card_csv_export.md	42	利用者視点の入口	検索結果 0 件または一覧ブロックが無い	（当ボタンは描画されない）	`pagination` があり件数が正のときだけ、一括用フォームとボタン行が出る。			
EV-4e52b3a5	M03-03	functions/pf-eccube3/m03-03_admin_product_product_card_csv_export.md	242	画面遷移	出力成功	ブラウザがファイルをダウンロードする。一覧へ自動で戻す処理はレスポンス本体には含めない。				
EV-08f78a7e	M03-03	functions/pf-eccube3/m03-03_admin_product_product_card_csv_export.md	243	画面遷移	商品 ID 未選択相当	`admin_product_page`（ページ番号はセッションキー `eccube.admin.product.search.page_no` があればその値）。			admin_product_page	
EV-fbaeee9b	M03-03	functions/pf-eccube3/m03-03_admin_product_product_card_csv_export.md	244	画面遷移	実行時例外（対象なし・カードデータなしなど）	Referer があればその URL、無ければ `redirectToRoute('admin_product_page')`。				
EV-9a23c5c9	M03-04	functions/pf-eccube3/m03-04_admin_product_product_goods_csv_export.md	36	利用者視点の入口	検索結果があり一覧ブロックが描画された状態で、商品をチェックして「グッズ商品CSV出力」を押す	`POST /{admin_route}/product/product_goods_csv_export`	選択した商品 ID がフォームデータとして送られ、条件を満たす商品・規格について CSV がダウンロードされる。	/{admin_route}/product/product_goods_csv_export		
EV-8a7295cb	M03-04	functions/pf-eccube3/m03-04_admin_product_product_goods_csv_export.md	37	利用者視点の入口	検索結果 0 件または一覧ブロックが無い	（当ボタンは描画されない）	`pagination` があり件数が正のときだけ、一括用フォームとボタン行が出る。			
EV-d83766df	M03-04	functions/pf-eccube3/m03-04_admin_product_product_goods_csv_export.md	242	画面遷移	出力成功	ブラウザがファイルをダウンロードする。一覧へ自動で戻す処理はレスポンス本体には含めない。				
EV-6cd1722a	M03-04	functions/pf-eccube3/m03-04_admin_product_product_goods_csv_export.md	243	画面遷移	商品 ID 未選択相当	`admin_product_page`（ページ番号はセッションキー `eccube.admin.product.search.page_no` があればその値）。			admin_product_page	
EV-aa119f8d	M03-04	functions/pf-eccube3/m03-04_admin_product_product_goods_csv_export.md	244	画面遷移	実行時例外（対象なし・グッズデータなしなど）	Referer があればその URL、無ければ `redirectToRoute('admin_product_page')`。				
EV-56f506e6	M03-05	functions/pf-eccube3/m03-05_admin_product_product_sale_price_csv_export.md	36	利用者視点の入口	検索結果があり一覧ブロックが描画された状態で、商品をチェックして「セール用価格変更CSV出力」を押す	`POST /{admin_route}/product/product_price_csv_export`	選択した商品 ID がフォームデータとして送られ、取得できた商品の規格ごとに行が並んだ CSV がダウンロードされる。	/{admin_route}/product/product_price_csv_export		
EV-6b055786	M03-05	functions/pf-eccube3/m03-05_admin_product_product_sale_price_csv_export.md	37	利用者視点の入口	検索結果 0 件または一覧ブロックが無い	（当ボタンは描画されない）	`pagination` があり件数が正のときだけ、一括用フォームとボタン行が出る。			
EV-2ebba827	M03-05	functions/pf-eccube3/m03-05_admin_product_product_sale_price_csv_export.md	204	画面遷移	出力成功	ブラウザがファイルをダウンロードする。一覧へ自動で戻す処理はレスポンス本体には含めない。				
EV-988ad854	M03-05	functions/pf-eccube3/m03-05_admin_product_product_sale_price_csv_export.md	205	画面遷移	商品 ID 未選択相当	`admin_product_page`（ページ番号はセッションキー `eccube.admin.product.search.page_no` があればその値）。			admin_product_page	
EV-8f457519	M03-05	functions/pf-eccube3/m03-05_admin_product_product_sale_price_csv_export.md	206	画面遷移	実行時例外（対象商品なしなど）	Referer があればその URL、無ければ `redirectToRoute('admin_product_page')`。				
EV-014db5df	M03-06	functions/pf-eccube3/m03-06_admin_product_product_custom_csv_export.md	35	利用者視点の入口	商品一覧右上のプルダウンで、空白以外の拡張名を選ぶ	`GET /{admin_route}/product/product_all_csv_custom_export/{csvExtensionId}`	現在の商品検索条件に一致する規格が CSV でダウンロードされる。	/{admin_route}/product/product_all_csv_custom_export/{csvExtensionId}		
EV-19998c09	M03-06	functions/pf-eccube3/m03-06_admin_product_product_custom_csv_export.md	36	利用者視点の入口	同プルダウンで「カスタム CSV 出力項目設定」を選ぶ	`GET /{admin_route}/setting/shop/custom_csv/1`（`csvTypeId` は商品 CSV 種別の実装値）	CSV 出力項目の設定画面が開く。拡張の編集時は URL 末尾に拡張 ID が付く。	/{admin_route}/setting/shop/custom_csv/1		
EV-780eef79	M03-06	functions/pf-eccube3/m03-06_admin_product_product_custom_csv_export.md	37	利用者視点の入口	商品用 CSV 拡張の新規・編集フォームを表示する。既定の `csvTypeId` は商品 CSV 種別（…	`GET /{admin_route}/setting/shop/custom_csv/{csvTypeId}/{csvExtensionId}`	商品用 CSV 拡張の新規・編集フォームを表示する。既定の `csvTypeId` は商品 CSV 種別（数値 1）。	/{admin_route}/setting/shop/custom_csv/{csvTypeId}/{csvExtensionId}		
EV-ce2b8dcf	M03-06	functions/pf-eccube3/m03-06_admin_product_product_custom_csv_export.md	38	利用者視点の入口	フォーム送信で拡張名・出力項目リストを保存する。	`POST 上記と同一パターン`	フォーム送信で拡張名・出力項目リストを保存する。			
EV-d483ecc2	M03-06	functions/pf-eccube3/m03-06_admin_product_product_custom_csv_export.md	39	利用者視点の入口	拡張と中間テーブル行を削除する。	`DELETE /{admin_route}/setting/shop/custom_csv/delete/{csvExtensionId}`	拡張と中間テーブル行を削除する。	/{admin_route}/setting/shop/custom_csv/delete/{csvExtensionId}		
EV-e0a5bb8a	M03-06	functions/pf-eccube3/m03-06_admin_product_product_custom_csv_export.md	198	画面遷移	商品一覧で拡張を選択	同一タブで CSV ダウンロード URL（GET）。				
EV-48a6118a	M03-06	functions/pf-eccube3/m03-06_admin_product_product_custom_csv_export.md	199	画面遷移	商品一覧で設定を選択	`custom_csv` 設定 GET。				
EV-a27d136f	M03-06	functions/pf-eccube3/m03-06_admin_product_product_custom_csv_export.md	200	画面遷移	設定で登録成功	フラッシュ成功後、同一拡張の GET へリダイレクト。				
EV-1e2bc121	M03-06	functions/pf-eccube3/m03-06_admin_product_product_custom_csv_export.md	206	遷移時に引き継ぐ状態	一覧から CSV	セッション検索は変更しない	検索条件に基づく CSV			
EV-298f704a	M03-06	functions/pf-eccube3/m03-06_admin_product_product_custom_csv_export.md	207	遷移時に引き継ぐ状態	一覧から設定	同上	CSV 種別 1（商品）のフォーム			
EV-7c6b4e5b	M03-08	functions/pf-eccube3/m03-08_admin_product_product_product_class_list.md	38	利用者視点の入口	商品編集サイドなどから規格一覧を開く（確認ダイアログ経由など）	`GET /{admin_route}/product/product/class/{id}`	ヘッダに商品名。アクティブ一覧と折りたたみの廃止一覧がクエリ結果に応じて表で現れる。「新規登録」や各行「編集」が表示される対象のみ。フッタは既定では商品編集への戻り。	/{admin_route}/product/product/class/{id}		
EV-5c48f4ff	M03-08	functions/pf-eccube3/m03-08_admin_product_product_product_class_list.md	39	利用者視点の入口	`return_product_list` を付与して開く	`GET /{admin_route}/product/product/class/{id}?return_product_list=1`	同じ一覧表示のうえ、フッタの戻りが商品一覧であり、クエリに `resume=1` が付く。	/{admin_route}/product/product/class/{id}		
EV-6025a8a2	M03-08	functions/pf-eccube3/m03-08_admin_product_product_product_class_list.md	40	利用者視点の入口	「新規登録」ボタン	`GET /{admin_route}/product/product/class/{id}/new`	規格新規入力へ遷移する。	/{admin_route}/product/product/class/{id}/new		
EV-da70a057	M03-08	functions/pf-eccube3/m03-08_admin_product_product_product_class_list.md	41	利用者視点の入口	行「編集」	`GET /{admin_route}/product/product/class/{id}/edit/{productClassId}`	規格編集へ遷移する。	/{admin_route}/product/product/class/{id}/edit/{productClassId}		
EV-21694187	M03-08	functions/pf-eccube3/m03-08_admin_product_product_product_class_list.md	42	利用者視点の入口	存在しない商品 ID	`GET /{admin_route}/product/product/class/{不正または未登録 ID}`	応答が 404 となる実装確認値とする。	/{admin_route}/product/product/class/{		
EV-4d445366	M03-08	functions/pf-eccube3/m03-08_admin_product_product_product_class_list.md	43	利用者視点の入口	一覧 URL へ POST	`POST /{admin_route}/product/product/class/{id}`	アクション側は一覧組み立てのみで、本体に相当する一覧用フォーム処理は実装しない。送信内容は一覧結果に変えない実装確認値となる。	/{admin_route}/product/product/class/{id}		
EV-e5a57a31	M03-08	functions/pf-eccube3/m03-08_admin_product_product_product_class_list.md	131	画面遷移	フッタ戻り、かつ `return_product_list` が偽または未指定	`GET /{admin_route}/product/product/edit/{id}`（商品編集）		/{admin_route}/product/product/edit/{id}		
EV-c62ed5e7	M03-08	functions/pf-eccube3/m03-08_admin_product_product_product_class_list.md	132	画面遷移	フッタ戻り、`return_product_list` が真	`GET /{admin_route}/product?resume=1`		/{admin_route}/product		
EV-100234c4	M03-08	functions/pf-eccube3/m03-08_admin_product_product_product_class_list.md	133	画面遷移	「新規登録」ヘッダ	`GET …/product/product/class/{id}/new`		/product/product/class/{id}/new		
EV-65a60864	M03-08	functions/pf-eccube3/m03-08_admin_product_product_product_class_list.md	134	画面遷移	各行「編集」	`GET …/product/product/class/{id}/edit/{productClassId}`		/product/product/class/{id}/edit/{productClassId}		
EV-5b4cf99e	M03-08	functions/pf-eccube3/m03-08_admin_product_product_product_class_list.md	135	画面遷移	商品登録画面上の確認付き規格一覧導線	`GET …/product/product/class/{id}` と同じルート名で `id` を渡す確認付きリンク（テンプレートは未保存のときの `id` 取り回し規則に従う）		/product/product/class/{id}		
EV-4c4cfafa	M03-09	functions/pf-eccube3/m03-09_admin_product_product_class_edit.md	74	利用者視点の入口	規格一覧を開く	`GET /{admin_route}/product/product/{id}/class/list`	登録済みの規格一覧を表示する。商品が存在しなければ見つからない（HTTP404）。	/{admin_route}/product/product/{id}/class/list		
EV-b1ba71ef	M03-09	functions/pf-eccube3/m03-09_admin_product_product_class_edit.md	75	利用者視点の入口	規格の新規登録画面	`GET /{admin_route}/product/product/{id}/class/new`	既定値を載せた新規規格フォームを表示する。言語・状態は選択欄として表示する。	/{admin_route}/product/product/{id}/class/new		
EV-d11ebc8c	M03-09	functions/pf-eccube3/m03-09_admin_product_product_class_edit.md	76	利用者視点の入口	規格の編集画面	`GET /{admin_route}/product/product/{id}/class/{classId}/edit`	指定規格の現行値をフォームに載せて表示する。言語・状態は読み取り表示にする。	/{admin_route}/product/product/{id}/class/{classId}/edit		
EV-75addaaa	M03-09	functions/pf-eccube3/m03-09_admin_product_product_class_edit.md	77	利用者視点の入口	規格の新規登録送信	`POST /{admin_route}/product/product/{id}/class/new/create`	入力値を検証し、合格時に規格を保存して編集画面へ戻す。	/{admin_route}/product/product/{id}/class/new/create		
EV-8b04824e	M03-09	functions/pf-eccube3/m03-09_admin_product_product_class_edit.md	78	利用者視点の入口	規格の更新送信	`POST /{admin_route}/product/product/{id}/class/{classId}/edit/update`	入力値を検証し、合格時に規格・在庫・履歴を保存して編集画面へ戻す。	/{admin_route}/product/product/{id}/class/{classId}/edit/update		
EV-2c9af600	M03-09	functions/pf-eccube3/m03-09_admin_product_product_class_edit.md	79	利用者視点の入口	規格の削除	`DELETE /{admin_route}/product/product/{id}/class/{classId}/edit/delete`	削除可能なら規格を論理削除し、規格一覧へ戻す。最後の1件は削除できない。	/{admin_route}/product/product/{id}/class/{classId}/edit/delete		
EV-c7615470	M03-09	functions/pf-eccube3/m03-09_admin_product_product_class_edit.md	290	画面遷移	規格一覧を開く	同一画面に規格一覧を表示。				
EV-297f599d	M03-09	functions/pf-eccube3/m03-09_admin_product_product_class_edit.md	291	画面遷移	新規・編集画面を開く	同一画面に規格フォームを表示。				
EV-d20da762	M03-09	functions/pf-eccube3/m03-09_admin_product_product_class_edit.md	292	画面遷移	更新成功	`GET /{admin_route}/product/product/{id}/class/{classId}/edit`（同じ規格の編集画面）		/{admin_route}/product/product/{id}/class/{classId}/edit		
EV-3d79a1cb	M03-09	functions/pf-eccube3/m03-09_admin_product_product_class_edit.md	293	画面遷移	検証失敗	同一URLの規格フォームを200で再描画				
EV-756e2eeb	M03-09	functions/pf-eccube3/m03-09_admin_product_product_class_edit.md	294	画面遷移	削除成功	`GET /{admin_route}/product/product/{id}/class/list`（規格一覧）		/{admin_route}/product/product/{id}/class/list		
EV-91de19b8	M03-09	functions/pf-eccube3/m03-09_admin_product_product_class_edit.md	295	画面遷移	商品規格一覧に戻るリンク	規格一覧				
EV-642ee28f	M03-10	functions/pf-eccube3/m03-10_admin_product_product_bulk_buy_standard_price_edit.md	36	利用者視点の入口	商品一覧で商品にチェックし「買取・基準価格一括編集」相当のボタンを押す	`POST /{admin_route}/product/edit_bulk_update_buy_price`（ボディに `ids[]`）	選択商品について編集表が開く。	/{admin_route}/product/edit_bulk_update_buy_price		
EV-b79657fb	M03-10	functions/pf-eccube3/m03-10_admin_product_product_bulk_buy_standard_price_edit.md	37	利用者視点の入口	編集画面をブックマーク相当で開く	`GET /{admin_route}/product/edit_bulk_update_buy_price?ids[]=…`	同上。複数 ID は `ids[]` を繰り返す。	/{admin_route}/product/edit_bulk_update_buy_price		
EV-0ee5b04b	M03-10	functions/pf-eccube3/m03-10_admin_product_product_bulk_buy_standard_price_edit.md	38	利用者視点の入口	`ids` を付けずに編集 URL へ入る	`GET /{admin_route}/product/edit_bulk_update_buy_price`（`ids` 空）	エラーフラッシュのうえ、セッションの `eccube.admin.product.search.page_no` を使って `GET /{admin_route}/product/page/{page_no}` へリダイレクトする。	/{admin_route}/product/edit_bulk_update_buy_price;/{admin_route}/product/page/{page_no}		
EV-99ae3331	M03-10	functions/pf-eccube3/m03-10_admin_product_product_bulk_buy_standard_price_edit.md	39	利用者視点の入口	「登録」で確定	`POST /{admin_route}/product/bulk_update_buy_price`	検証成功時は更新後、セッションのページ番号と `resume=1` 付きで一覧へリダイレクトする。失敗時は同一編集テンプレートを返す。	/{admin_route}/product/bulk_update_buy_price		
EV-391c767d	M03-10	functions/pf-eccube3/m03-10_admin_product_product_bulk_buy_standard_price_edit.md	40	利用者視点の入口	「商品一覧」リンク	`GET /{admin_route}/product/page/{page_no}`	セッションの `eccube.admin.product.search.page_no`（無ければ 1）へ遷移。保存はしない。	/{admin_route}/product/page/{page_no}		
EV-68a9e5a0	M03-10	functions/pf-eccube3/m03-10_admin_product_product_bulk_buy_standard_price_edit.md	218	画面遷移	一覧から一括編集へ	`GET/POST m03-02_admin_product_product_edit_bulk_update_buy_price`		/POST		
EV-f9928402	M03-10	functions/pf-eccube3/m03-10_admin_product_product_bulk_buy_standard_price_edit.md	219	画面遷移	確定成功	`GET admin_product_page` に `resume` クエリ				
EV-535e0fa6	M03-10	functions/pf-eccube3/m03-10_admin_product_product_bulk_buy_standard_price_edit.md	220	画面遷移	確定失敗・例外	同一編集テンプレート				
EV-1d1c4ada	M03-10	functions/pf-eccube3/m03-10_admin_product_product_bulk_buy_standard_price_edit.md	221	画面遷移	`ids` 空で編集 URL	`admin_product_page`			admin_product_page	
EV-c670930a	M03-10	functions/pf-eccube3/m03-10_admin_product_product_bulk_buy_standard_price_edit.md	227	遷移時に引き継ぐ状態	確定成功	成功フラッシュを積む	一覧はセッションのページ番号と `resume` で再検索表示。			
EV-6cf39ab8	M03-10	functions/pf-eccube3/m03-10_admin_product_product_bulk_buy_standard_price_edit.md	228	遷移時に引き継ぐ状態	`ids` 空	エラーフラッシュ	一覧はセッションのページ番号へ。			
EV-52eef628	M03-11	functions/pf-eccube3/m03-11_admin_product_product_category_register_edit.md	41	利用者視点の入口	親を選んだ子一覧	`GET /{admin_route}/product/category/{parent_id}`	上部に新規用フォーム（子カテゴリ作成）。送信先は `POST` の同パス。	/{admin_route}/product/category/{parent_id}		
EV-bf09e736	M03-11	functions/pf-eccube3/m03-11_admin_product_product_category_register_edit.md	42	利用者視点の入口	行の編集アイコン	`GET /{admin_route}/product/category/{id}/edit`	上部に編集用フォーム。送信先は `POST` の同パス。	/{admin_route}/product/category/{id}/edit		
EV-c7ad2327	M03-11	functions/pf-eccube3/m03-11_admin_product_product_category_register_edit.md	43	利用者視点の入口	子カテゴリ作成の送信	`POST /{admin_route}/product/category/{parent_id}`	検証と画像処理のあと保存し、成功なら `GET …/category/{parent_id}` へリダイレクトする。	/{admin_route}/product/category/{parent_id};/category/{parent_id}		
EV-afd14e43	M03-11	functions/pf-eccube3/m03-11_admin_product_product_category_register_edit.md	44	利用者視点の入口	カテゴリ更新の送信	`POST /{admin_route}/product/category/{id}/edit`	検証後保存し、成功なら親がいれば `GET …/category/{parent_id}`、ルートカテゴリなら `GET …/product/category` へリダイレクトする。	/{admin_route}/product/category/{id}/edit;/category/{parent_id};/product/category		
EV-e0789321	M03-11	functions/pf-eccube3/m03-11_admin_product_product_category_register_edit.md	227	画面遷移	新規保存成功	`GET /{admin_route}/product/category/{parent_id}`		/{admin_route}/product/category/{parent_id}		
EV-717352c1	M03-11	functions/pf-eccube3/m03-11_admin_product_product_category_register_edit.md	228	画面遷移	更新保存成功かつ親あり	`GET /{admin_route}/product/category/{parent_id}`		/{admin_route}/product/category/{parent_id}		
EV-6205a0c7	M03-11	functions/pf-eccube3/m03-11_admin_product_product_category_register_edit.md	229	画面遷移	更新保存成功かつ親なし	`GET /{admin_route}/product/category`		/{admin_route}/product/category		
EV-06c45366	M03-11	functions/pf-eccube3/m03-11_admin_product_product_category_register_edit.md	230	画面遷移	検証失敗・画像失敗	同一 URL のフォーム表示に相当する Twig を 200 で再描画				
EV-aa071d6b	M03-12	functions/pf-eccube3/m03-12_admin_product_product_category_csv_export.md	32	利用者視点の入口	ナビ「商品管理」→「カテゴリ管理」でカテゴリ一覧を開き、右上の「CSVダウンロード」（クラウドアイコン付き）を押す	`GET /{admin_route}/product/category/export`	ブラウザが `category_日時.csv` をダウンロードする。中身はヘッダ 1 行と、有効な CSV 項目定義に対応するデータ列を持つ全カテゴリ行。	/{admin_route}/product/category/export		
EV-8cbb73b4	M03-12	functions/pf-eccube3/m03-12_admin_product_product_category_csv_export.md	33	利用者視点の入口	同じ画面の「CSV出力項目設定」	`GET /{admin_route}/setting/shop/csv/{id}`（`id` はカテゴリ CSV 種別の整数）	出力列の追加・無効化・並びはここで変わる。本書の列一覧は現行マスタを前提とし、設定変更後はヘッダと列数が変わり得る。	/{admin_route}/setting/shop/csv/{id}		
EV-31d5cadf	M03-12	functions/pf-eccube3/m03-12_admin_product_product_category_csv_export.md	162	画面遷移	「CSVダウンロード」クリック	同一タブで GET エクスポート。ブラウザがダウンロード応答を処理。一覧 HTML には戻らない。				
EV-4c2a55e5	M03-13	functions/pf-eccube3/m03-13_admin_product_product_tag.md	31	利用者視点の入口	ナビ「タグ登録/編集」	`GET /{admin_route}/product/tag`	新規用フォームとタグ一覧（1 ページ目既定）を表示する。表示件数はセッションまたは既定 10。	/{admin_route}/product/tag		
EV-7934ef17	M03-13	functions/pf-eccube3/m03-13_admin_product_product_tag.md	32	利用者視点の入口	一覧の ID・名称・並び順・編集ボタン	`GET /{admin_route}/product/tag/{id}`	当該タグの現行値がフォームに載る。一覧とページャは編集モード用ルートにつながる。	/{admin_route}/product/tag/{id}		
EV-cca5b158	M03-13	functions/pf-eccube3/m03-13_admin_product_product_tag.md	33	利用者視点の入口	一覧のページリンク（新規時）	`GET /{admin_route}/product/tag/page/{page_no}`	セッションのページ番号が更新され、当該ページの一覧が返る。	/{admin_route}/product/tag/page/{page_no}		
EV-6435505d	M03-13	functions/pf-eccube3/m03-13_admin_product_product_tag.md	34	利用者視点の入口	一覧のページリンク（編集時）	`GET /{admin_route}/product/tag/{id}/page/{page_no}`	同上。パスの `id` が編集中タグ。	/{admin_route}/product/tag/{id}/page/{page_no}		
EV-6012e746	M03-13	functions/pf-eccube3/m03-13_admin_product_product_tag.md	35	利用者視点の入口	表示件数セレクト変更	`GET` 現在 URL に `?page_count=N` を付けて遷移	セッションの表示件数が `N` に更新され、同一画面構成が再描画される。選択肢は 10, 50, 100, 300, 500, 1000, 2000, 10000, 12000 のみ。			
EV-5e6fea5d	M03-13	functions/pf-eccube3/m03-13_admin_product_product_tag.md	36	利用者視点の入口	conversion の「登録」	`POST /{admin_route}/product/tag/store` または `…/store/{id}`	検証成功時はタグと優先表示が保存され、成功メッセージののち `GET m03-13_admin_product_product_tag` へリダイレクトする（クエリに保存後 ID を付与する実装）。失敗時は同一テンプレートを再表示する。	/{admin_route}/product/tag/store;/store/{id}		
EV-1ee93bd5	M03-13	functions/pf-eccube3/m03-13_admin_product_product_tag.md	37	利用者視点の入口	タグマスタの削除（商品との紐付けがある場合は拒否）。	`DELETE /{admin_route}/product/tag/{id}/delete`	タグマスタの削除（商品との紐付けがある場合は拒否）。	/{admin_route}/product/tag/{id}/delete		
EV-7c18d2c5	M03-13	functions/pf-eccube3/m03-13_admin_product_product_tag.md	230	画面遷移	表示件数変更	同一パターンの GET に `page_count` クエリを付けてフルロード。				
EV-921cbb4e	M03-13	functions/pf-eccube3/m03-13_admin_product_product_tag.md	231	画面遷移	ページクリック	`m03-13_admin_product_product_tag_page` または `m03-13_admin_product_product_tag_edit_page`。				
EV-4fdee774	M03-13	functions/pf-eccube3/m03-13_admin_product_product_tag.md	232	画面遷移	登録成功	`GET m03-13_admin_product_product_tag`（クエリ `id` 付与の実装）。				
EV-109cd2f4	M03-13	functions/pf-eccube3/m03-13_admin_product_product_tag.md	233	画面遷移	登録失敗・保存例外	同一 URL の HTML 再描画。				
EV-0c7f39cf	M03-13	functions/pf-eccube3/m03-13_admin_product_product_tag.md	234	画面遷移	削除完了・一部失敗	`GET m03-13_admin_product_product_tag`（実装によりクエリ `id` が付く場合あり）。				
EV-2be99df0	M03-13	functions/pf-eccube3/m03-13_admin_product_product_tag.md	240	遷移時に引き継ぐ状態	GET 表示	`page_no` と `page_count` をセッションに書く	次回 POST 失敗時の再描画でも同セッション値で一覧を組む。			
EV-6dcb5354	M03-13	functions/pf-eccube3/m03-13_admin_product_product_tag.md	241	遷移時に引き継ぐ状態	登録成功リダイレクト	成功フラッシュを積む	一覧は再読込。クエリ `id` は付くが、ルートに `{id}` が無いためパスに基づくマスタ行解決は行われず、フォームは新規空のまま表示されやすい（実装確認値。クエリだけでは ORM のルート引数解決の対象外）。			
EV-e4cf8343	M03-14	functions/pf-eccube3/m03-14_admin_product_product_abbreviation_tag_register_edit.md	32	利用者視点の入口	ナビから略称タグ登録／編集	`GET /{admin_route}/product/storage`	上部に登録フォーム、下部に一覧。ページおよび表示件数はセッションまたは既定に従う。	/{admin_route}/product/storage		
EV-58318fb6	M03-14	functions/pf-eccube3/m03-14_admin_product_product_abbreviation_tag_register_edit.md	33	利用者視点の入口	一覧ページ送りのみ	`GET /{admin_route}/product/storage/page/{page_no}`	一覧のページが切り替わる。現在のページ番号はセッション `admin.product.storage.page_no` に書き込む。	/{admin_route}/product/storage/page/{page_no}		
EV-482f8fa5	M03-14	functions/pf-eccube3/m03-14_admin_product_product_abbreviation_tag_register_edit.md	34	利用者視点の入口	行の id または名称または「変更」	`GET /{admin_route}/product/storage/{id}`	上部フォームが当該行の内容になり、一覧は表示される。「新規登録へ戻る」がヘッダ付近に出る場合がある。	/{admin_route}/product/storage/{id}		
EV-16fba2c8	M03-14	functions/pf-eccube3/m03-14_admin_product_product_abbreviation_tag_register_edit.md	35	利用者視点の入口	編集中のページ送り	`GET /{admin_route}/product/storage/{id}/page/{page_no}`	編集状態を維持したまま一覧ページだけ変える。ページャはこのルート名を使ってリンクする。	/{admin_route}/product/storage/{id}/page/{page_no}		
EV-57308e86	M03-14	functions/pf-eccube3/m03-14_admin_product_product_abbreviation_tag_register_edit.md	36	利用者視点の入口	画面下部「登録」	`POST /{admin_route}/product/storage_code/store`（新規時）または `POST /{admin_route}/product/storage_code/store/{id}`（編集時）	フォームに載った名称・並び順・チェックの内容が検証される。妥当なら保存し、成功フラッシュのあと `GET …/product/storage` にリダイレクトされる（実装ソースは同名ルートを指し、そのルート既定に `page_no` などがあるのみで、復帰先パス末尾に編集 `{id}` を付けない）。妥当でなければ同じ一覧トップ向けへのリダイレクトであり失敗フラッシュのみとなる。一覧に新規行があるなら一覧から再度編集を開ける。	/{admin_route}/product/storage_code/store;/{admin_route}/product/storage_code/store/{id};/product/storage		
EV-2f88a038	M03-14	functions/pf-eccube3/m03-14_admin_product_product_abbreviation_tag_register_edit.md	37	利用者視点の入口	表示件数プルダウン	`GET`（現在のパス維持）にクエリ `page_count=` を追加	`.js-page-count` の変更でクエリのみ付いて再読込。許容リストは `[10, 50, 100, 300, 500, 1000]`。選択値はセッション `admin.product.storage.page_count`。			
EV-a537cf00	M03-14	functions/pf-eccube3/m03-14_admin_product_product_abbreviation_tag_register_edit.md	38	利用者視点の入口	行の削除（window.confirm 確認ダイアログ経由）	`DELETE /{admin_route}/product/storage_code/{id}/delete`	コアの共通トークン名で CSRF が検証される。関連商品がある略称タグは削除されずメッセージ鍵ベースで訳文がフラッシュされる。無関係な略称タグは DELETE 済みフラッシュあり。一覧トップへ戻るリダイレクト。	/{admin_route}/product/storage_code/{id}/delete		
EV-75694eff	M03-14	functions/pf-eccube3/m03-14_admin_product_product_abbreviation_tag_register_edit.md	211	画面遷移	一覧の編集へのリンクまたは id または名称リンク	`GET …/product/storage/{id}`		/product/storage/{id}		
EV-2fa8a80e	M03-14	functions/pf-eccube3/m03-14_admin_product_product_abbreviation_tag_register_edit.md	212	画面遷移	「新規登録へ戻る」リンク	`GET …/product/storage`		/product/storage		
EV-3a5b79cd	M03-14	functions/pf-eccube3/m03-14_admin_product_product_abbreviation_tag_register_edit.md	213	画面遷移	「登録」押下後成功または失敗	いずれも `GET admin_product_storage_code`（サイトルート上は `/{admin_route}/product/storage`）。成功時のみ成功フラッシュ。失敗時は失敗フラッシュ。		/{admin_route}/product/storage		
EV-42e9ad17	M03-14	functions/pf-eccube3/m03-14_admin_product_product_abbreviation_tag_register_edit.md	214	画面遷移	「CSV 出力」「CSV に取込」	それぞれ `GET …/export` と `GET …/csv`。詳細フォーマットも含め処理は別。		/export;/csv		
EV-40c825a0	M03-14	functions/pf-eccube3/m03-14_admin_product_product_abbreviation_tag_register_edit.md	215	画面遷移	削除実行後成功または商品紐づけ失敗	`GET …/product/storage`		/product/storage		
EV-ecab26a2	M03-14	functions/pf-eccube3/m03-14_admin_product_product_abbreviation_tag_register_edit.md	221	遷移時に引き継ぐ状態	GET 一覧／編集	ページおよび件数をセッションに書き込む（キー確認値は本文の処理フローに記載）	一覧のウィンドウ位置と入力欄の内容が揃っている（失敗復帰の例外は一覧トップに落とすのみ）			
EV-0c65c05d	M03-15	functions/pf-eccube3/m03-15_admin_product_product_storage_code_export.md	56	利用者視点の入口	略称タグ管理の「CSV出力」	`GET /{admin_route}/product/storage_code/export`	登録済みの略称タグをCSVとしてダウンロードする。	/{admin_route}/product/storage_code/export		
EV-2046cec2	M03-15	functions/pf-eccube3/m03-15_admin_product_product_storage_code_export.md	157	画面遷移	「CSV出力」	画面遷移せずCSVを出力する				
EV-d28573f6	M03-16	functions/pf-eccube3/m03-16_admin_product_product_storage_code_import.md	58	利用者視点の入口	略称タグ管理の「CSV入力」	`GET /{admin_route}/product/storage_code/import`	CSV取込フォームとヘッダ説明を表示する。	/{admin_route}/product/storage_code/import		
EV-a4e4819a	M03-16	functions/pf-eccube3/m03-16_admin_product_product_storage_code_import.md	59	利用者視点の入口	「アップロード」ボタン	`POST /{admin_route}/product/storage_code/import`	アップロードされたCSVを検証・取込し、略称タグを登録する。	/{admin_route}/product/storage_code/import		
EV-02c206c8	M03-16	functions/pf-eccube3/m03-16_admin_product_product_storage_code_import.md	164	画面遷移	「CSV入力」	取込画面（`/{admin_route}/product/storage_code/import`）		/{admin_route}/product/storage_code/import		
EV-5a42d033	M03-16	functions/pf-eccube3/m03-16_admin_product_product_storage_code_import.md	165	画面遷移	取込後	取込結果を表示する取込画面				
EV-b1085aba	M03-17	functions/pf-eccube3/m03-17_admin_product_product_sales_analysis_management.md	33	利用者視点の入口	ナビ「売上分析登録/編集」	`GET /{admin_route}/product/tag_sales_analysis`	新規フォームと一覧が表示される。既定ページは 1、件数はセッションまたは 10。	/{admin_route}/product/tag_sales_analysis		
EV-b8db257f	M03-17	functions/pf-eccube3/m03-17_admin_product_product_sales_analysis_management.md	34	利用者視点の入口	一覧の ID・名称または「編集」	`GET /{admin_route}/product/tag_sales_analysis/{id}`	当該行がフォームに載る。ページャは編集モード向けルートに切り替わる。	/{admin_route}/product/tag_sales_analysis/{id}		
EV-e8a2fc71	M03-17	functions/pf-eccube3/m03-17_admin_product_product_sales_analysis_management.md	35	利用者視点の入口	一覧のページリンク（新規時）	`GET /{admin_route}/product/tag_sales_analysis/page/{page_no}`	セッションのページ番号が更新される。	/{admin_route}/product/tag_sales_analysis/page/{page_no}		
EV-f7fb68db	M03-17	functions/pf-eccube3/m03-17_admin_product_product_sales_analysis_management.md	36	利用者視点の入口	一覧のページリンク（編集時）	`GET /{admin_route}/product/tag_sales_analysis/{id}/page/{page_no}`	同上。パスの `id` は編集中の主キー。	/{admin_route}/product/tag_sales_analysis/{id}/page/{page_no}		
EV-3f04c60c	M03-17	functions/pf-eccube3/m03-17_admin_product_product_sales_analysis_management.md	37	利用者視点の入口	表示件数セレクト変更	現在ページの GET にクエリ `page_count=N` を付けて遷移	セッションの件数が更新され、`N` が選択肢にある場合のみ（テンプレート上は 10, 50, 100, 300, 500, 1000, 2000, 10000, 12000）。			
EV-54c7bef7	M03-17	functions/pf-eccube3/m03-17_admin_product_product_sales_analysis_management.md	38	利用者視点の入口	「登録」ボタン	`POST …/product/tag_sales_analysis/store` または `…/store/{id}`	妥当なら保存し成功メッセージののち一覧 GET へリダイレクト。否なら同画面にエラーが出る。	/product/tag_sales_analysis/store;/store/{id}		
EV-47c7456a	M03-17	functions/pf-eccube3/m03-17_admin_product_product_sales_analysis_management.md	39	利用者視点の入口	「削除」（確認モーダル経由の DELETE）	`DELETE /{admin_route}/product/tag_sales_analysis/{id}/delete`	紐付けが無ければ行が消える。あれば削除されず説明フラッシュとなる。	/{admin_route}/product/tag_sales_analysis/{id}/delete		
EV-42b72b43	M03-17	functions/pf-eccube3/m03-17_admin_product_product_sales_analysis_management.md	40	利用者視点の入口	フォーム送信による登録または更新。`id` がパスにある場合は当該行を更新対象として束ねる。	`POST /{admin_route}/product/tag_sales_analysis/store`	フォーム送信による登録または更新。`id` がパスにある場合は当該行を更新対象として束ねる。	/{admin_route}/product/tag_sales_analysis/store		
EV-a1252385	M03-17	functions/pf-eccube3/m03-17_admin_product_product_sales_analysis_management.md	199	画面遷移	表示件数変更	現在と同種の GET に `page_count` を載せフル読み込み。				
EV-48bc0672	M03-17	functions/pf-eccube3/m03-17_admin_product_product_sales_analysis_management.md	200	画面遷移	ページクリック	`m03-13_admin_product_product_tag_sales_analysis_page` または `_edit_page`。				
EV-ce62ed36	M03-17	functions/pf-eccube3/m03-17_admin_product_product_sales_analysis_management.md	201	画面遷移	保存成功	`GET m03-13_admin_product_product_tag_sales_analysis`。クエリ `id` が付く実装値。				
EV-d0d7bcf6	M03-17	functions/pf-eccube3/m03-17_admin_product_product_sales_analysis_management.md	202	画面遷移	保存検証失敗・一意エラー	同一画面 HTML（フォーム状態は送信反映）。DELETE 側のフラッシュのみのときは一覧 GET。				
EV-3c9ec15a	M03-17	functions/pf-eccube3/m03-17_admin_product_product_sales_analysis_management.md	203	画面遷移	DELETE 妥当完了	`GET m03-13_admin_product_product_tag_sales_analysis`。クエリ無し実装値。				
EV-5c81afa8	M03-17	functions/pf-eccube3/m03-17_admin_product_product_sales_analysis_management.md	209	遷移時に引き継ぐ状態	GET 表示時	`page_no` と `page_count` をセッションに書く	直後に POST が失敗しても一覧の広さやページが途切れにくい。			
EV-288415d3	M03-17	functions/pf-eccube3/m03-17_admin_product_product_sales_analysis_management.md	210	遷移時に引き継ぐ状態	保存後リダイレクト	成功フラッシュ	クエリ `id` は付くが、パス側に `{id}` が無い一覧トップであり、一覧は再走査される。編集状態を自動で復元しない。			
EV-43b16920	M03-18	functions/pf-eccube3/m03-18_admin_product_product_section.md	36	利用者視点の入口	ナビ「部門登録／編集」	`GET /{admin_route}/product/section`	上部に新規フォーム、下部に一覧。	/{admin_route}/product/section		
EV-11e4e3f9	M03-18	functions/pf-eccube3/m03-18_admin_product_product_section.md	37	利用者視点の入口	一覧の ID・部門名・「編集」	`GET /{admin_route}/product/section/{id}`	該当部門がフォームに読み込まれる。	/{admin_route}/product/section/{id}		
EV-a0afdf8a	M03-18	functions/pf-eccube3/m03-18_admin_product_product_section.md	38	利用者視点の入口	「登録」ボタン（新規）	`POST /{admin_route}/product/section/store`（パス末尾の `/{id}` は付けない実装）	検証成功時は保存し、成功メッセージの後に `GET …/product/section` へ移る。	/{admin_route}/product/section/store;/{id};/product/section		
EV-a7eae335	M03-18	functions/pf-eccube3/m03-18_admin_product_product_section.md	39	利用者視点の入口	「登録」ボタン（編集モード）	`POST /{admin_route}/product/section/store/{id}`	同上。保存対象は当該 `id` の行。	/{admin_route}/product/section/store/{id}		
EV-1616fae2	M03-18	functions/pf-eccube3/m03-18_admin_product_product_section.md	40	利用者視点の入口	CSV 出力／CSV 取込リンク	`GET` 各別ルート	本書の主題外の画面またはダウンロード。			
EV-8be3140c	M03-18	functions/pf-eccube3/m03-18_admin_product_product_section.md	41	利用者視点の入口	一覧の「削除」	`DELETE /{admin_route}/product/section/{id}/delete`	参照がなければ削除し一覧へ。参照があればエラー表示のまま一覧へ（別処理）。	/{admin_route}/product/section/{id}/delete		
EV-d82a7923	M03-18	functions/pf-eccube3/m03-18_admin_product_product_section.md	42	利用者視点の入口	存在しない `{id}` で編集を開く	`GET /{admin_route}/product/section/{id}`	404。	/{admin_route}/product/section/{id}		
EV-bfad68ae	M03-18	functions/pf-eccube3/m03-18_admin_product_product_section.md	43	利用者視点の入口	部門一覧の CSV ダウンロード（本書の主題外だが同一画面からリンクされる）。	`GET /{admin_route}/product/section/export`	部門一覧の CSV ダウンロード（本書の主題外だが同一画面からリンクされる）。	/{admin_route}/product/section/export		
EV-21562d6b	M03-18	functions/pf-eccube3/m03-18_admin_product_product_section.md	44	利用者視点の入口	部門マスタ用 CSV 雛形のダウンロード（本書の主題外）。	`GET /{admin_route}/product/section/master_csv_template`	部門マスタ用 CSV 雛形のダウンロード（本書の主題外）。	/{admin_route}/product/section/master_csv_template		
EV-4727a9ac	M03-18	functions/pf-eccube3/m03-18_admin_product_product_section.md	45	利用者視点の入口	部門マスタ CSV アップロード画面の表示（本書の主題外）。	`GET /{admin_route}/product/section/master_csv_upload`	部門マスタ CSV アップロード画面の表示（本書の主題外）。	/{admin_route}/product/section/master_csv_upload		
EV-5af7489a	M03-18	functions/pf-eccube3/m03-18_admin_product_product_section.md	46	利用者視点の入口	部門マスタ CSV の取込POST（本書の主題外）。	`POST /{admin_route}/product/section/master_import`	部門マスタ CSV の取込POST（本書の主題外）。	/{admin_route}/product/section/master_import		
EV-29781465	M03-18	functions/pf-eccube3/m03-18_admin_product_product_section.md	235	画面遷移	ナビから開く、登録成功後	`GET m03-18_admin_product_product_section`				
EV-6bf2bddd	M03-18	functions/pf-eccube3/m03-18_admin_product_product_section.md	236	画面遷移	一覧から編集	`GET m03-18_admin_product_product_section_edit`				
EV-6d1a5b22	M03-18	functions/pf-eccube3/m03-18_admin_product_product_section.md	237	画面遷移	編集中に「新規登録に戻る」	`GET m03-18_admin_product_product_section`				
EV-b9dc67fd	M03-18	functions/pf-eccube3/m03-18_admin_product_product_section.md	238	画面遷移	CSV 出力	`GET m03-18_admin_product_product_section_export`（ダウンロード応答）				
EV-15bb0aa6	M03-18	functions/pf-eccube3/m03-18_admin_product_product_section.md	239	画面遷移	CSV 取込画面	`GET m03-18_admin_product_product_section_master_csv_upload`				
EV-d7f35cee	M03-18	functions/pf-eccube3/m03-18_admin_product_product_section.md	245	遷移時に引き継ぐ状態	登録成功	成功フラッシュを積む	新規フォームと最新一覧。セッションに検索条件は持たない。			
EV-d759d492	M03-19	functions/pf-eccube3/m03-19_admin_product_product_section_csv_export.md	35	利用者視点の入口	ナビ「商品管理」→「部門管理」で部門一覧を開き、画面上部の「CSV 出力」（`admin.product.csv.export` の文言）を押す	`GET /{admin_route}/product/section/export`	ブラウザが `section_日時.csv` をダウンロードする。1 行目は固定の列見出し、2 行目以降は全件が部門コード昇順。	/{admin_route}/product/section/export		
EV-c64d943e	M03-19	functions/pf-eccube3/m03-19_admin_product_product_section_csv_export.md	36	利用者視点の入口	部門の編集画面（一覧から ID を辿った GET）でも同一テンプレート上部に同じ CSV 出力リンクがある	同上	一覧時と同じ CSV が返る（一覧と編集でフィルタや列が変わる処理は無い）。			
EV-977b7f6f	M03-19	functions/pf-eccube3/m03-19_admin_product_product_section_csv_export.md	160	画面遷移	「CSV 出力」クリック	同一タブで GET エクスポート。ブラウザがダウンロード応答を処理。一覧 HTML には戻らない。				
EV-f9467c9c	M03-20	functions/pf-eccube3/m03-20_admin_product_product_department_csv_import.md	41	利用者視点の入口	ナビ「商品管理」→「商品CSV管理」→「部門更新CSV登録」	`GET /{admin_route}/product/section/csv_upload`	部門更新CSVの画面が開く。取込履歴テーブルが下に付く。	/{admin_route}/product/section/csv_upload		
EV-5034599d	M03-20	functions/pf-eccube3/m03-20_admin_product_product_department_csv_import.md	42	利用者視点の入口	雛形ダウンロード（部門更新）	`GET /{admin_route}/product/section/csv_template`	`product_section_update.csv` が得られる。	/{admin_route}/product/section/csv_template		
EV-d09d4c25	M03-20	functions/pf-eccube3/m03-20_admin_product_product_department_csv_import.md	43	利用者視点の入口	部門更新のファイル送信	`POST /{admin_route}/product/section/import`	検証・取込後、常に `GET …/csv_upload` へリダイレクトされ、フラッシュで成否が分かる。	/{admin_route}/product/section/import;/csv_upload		
EV-1b6c3f6c	M03-20	functions/pf-eccube3/m03-20_admin_product_product_department_csv_import.md	44	利用者視点の入口	部門CSV登録画面の表示	`GET /{admin_route}/product/department_csv_upload`	ファイル選択・一括登録ボタン、フォーマット表、雛形リンクが表示される。	/{admin_route}/product/department_csv_upload		
EV-e5539ec9	M03-20	functions/pf-eccube3/m03-20_admin_product_product_department_csv_import.md	45	利用者視点の入口	部門CSV登録の送信	`POST /{admin_route}/product/department_csv_upload`	検証成功時は部門マスタが更新され、成功メッセージが付いた同系画面が返る。失敗時はエラー行メッセージとともに同画面。	/{admin_route}/product/department_csv_upload		
EV-e29eae99	M03-20	functions/pf-eccube3/m03-20_admin_product_product_department_csv_import.md	46	利用者視点の入口	雛形ダウンロード（部門マスタCSV登録）	`GET /{admin_route}/product/csv_template/department`	`department.csv` が得られる。	/{admin_route}/product/csv_template/department		
EV-f813fb77	M03-20	functions/pf-eccube3/m03-20_admin_product_product_department_csv_import.md	255	画面遷移	部門更新 POST 完了	`GET /{admin_route}/product/section/csv_upload`		/{admin_route}/product/section/csv_upload		
EV-96615e4e	M03-20	functions/pf-eccube3/m03-20_admin_product_product_department_csv_import.md	256	画面遷移	部門CSV登録 POST 完了（成功・一部失敗を問わずテンプレート再描画の実装）	同一 URL の HTML 応答				
EV-354d4e37	M03-20	functions/pf-eccube3/m03-20_admin_product_product_department_csv_import.md	262	遷移時に引き継ぐ状態	部門更新の履歴ページング	GET/POST のクエリまたはセッションに `page_no`, `page_count` を保持	リダイレクト先 GET ではセッション値が引き続き使われる。			
EV-a0e56362	M03-21	functions/pf-eccube3/m03-21_admin_product_product_shelf_number_register_edit.md	37	利用者視点の入口	ナビ「棚番号登録/編集」	`GET /{admin_route}/product/shelf_number`	新規用フォームと一覧（既定は 1 ページ目）を表示する。ページ番号・表示件数はセッションまたは既定に従う。	/{admin_route}/product/shelf_number		
EV-13a4dd46	M03-21	functions/pf-eccube3/m03-21_admin_product_product_shelf_number_register_edit.md	38	利用者視点の入口	一覧の ID・名称・編集ボタン	`GET /{admin_route}/product/shelf_number/{id}`	当該行の現行値がフォームに載る。ページャは編集モード用ルートに接続する。	/{admin_route}/product/shelf_number/{id}		
EV-92bbcd33	M03-21	functions/pf-eccube3/m03-21_admin_product_product_shelf_number_register_edit.md	39	利用者視点の入口	編集時「新規登録へ戻る」	`GET /{admin_route}/product/shelf_number`	新規モードに戻る。保存は行わない。	/{admin_route}/product/shelf_number		
EV-70951c8f	M03-21	functions/pf-eccube3/m03-21_admin_product_product_shelf_number_register_edit.md	40	利用者視点の入口	一覧ページリンク（新規時）	`GET /{admin_route}/product/shelf_number/page/{page_no}`	セッションのページ番号が更新され、当該ページの一覧が返る。	/{admin_route}/product/shelf_number/page/{page_no}		
EV-2ca024cb	M03-21	functions/pf-eccube3/m03-21_admin_product_product_shelf_number_register_edit.md	41	利用者視点の入口	一覧ページリンク（編集時）	`GET /{admin_route}/product/shelf_number/{id}/page/{page_no}`	同上。パスの `id` が編集中の行。	/{admin_route}/product/shelf_number/{id}/page/{page_no}		
EV-49f966e2	M03-21	functions/pf-eccube3/m03-21_admin_product_product_shelf_number_register_edit.md	42	利用者視点の入口	表示件数セレクト変更	現在 URL に `?page_count=N` を付けて `GET`	セッションの表示件数が `N` に更新され、同一画面構成が再描画される。選択肢は 10, 50, 100, 300, 500, 1000, 2000, 10000, 12000 のみ。			
EV-23b9e724	M03-21	functions/pf-eccube3/m03-21_admin_product_product_shelf_number_register_edit.md	43	利用者視点の入口	conversion の「登録」	`POST /{admin_route}/product/shelf_number/store` または `…/store/{id}`	検証成功時は保存し、成功メッセージののち `GET admin_product_shelf_number` へリダイレクトする（同一ルートに追加パラメータを渡す実装のため、生成 URL にクエリが付く場合がある）。失敗時は 200 で同一テンプレートを再描画する。一意制約違反時は一覧へリダイレクトしエラーメッセージを積む。	/{admin_route}/product/shelf_number/store;/store/{id}		
EV-4f8538a3	M03-21	functions/pf-eccube3/m03-21_admin_product_product_shelf_number_register_edit.md	44	利用者視点の入口	一覧の「削除」	`DELETE /{admin_route}/product/shelf_number/{id}/delete`	商品規格に参照が無ければ削除し成功メッセージ。参照があれば削除せずエラーメッセージ。いずれも一覧ルートへリダイレクトする。	/{admin_route}/product/shelf_number/{id}/delete		
EV-a8196391	M03-21	functions/pf-eccube3/m03-21_admin_product_product_shelf_number_register_edit.md	45	利用者視点の入口	「CSV出力」	`GET /{admin_route}/product/shelf_number/export`	マスタ全件の CSV をダウンロードする。	/{admin_route}/product/shelf_number/export		
EV-589e37ea	M03-21	functions/pf-eccube3/m03-21_admin_product_product_shelf_number_register_edit.md	46	利用者視点の入口	「CSV取込」	`GET /{admin_route}/product/shelf_number/master_csv_upload`（または `…/csv`）	マスタ CSV 用アップロード画面を表示する。	/{admin_route}/product/shelf_number/master_csv_upload;/csv		
EV-61ef4d8f	M03-21	functions/pf-eccube3/m03-21_admin_product_product_shelf_number_register_edit.md	47	利用者視点の入口	マスタ CSV 用のヘッダー雛形をダウンロードする。	`GET /{admin_route}/product/shelf_number/master_csv_template`	マスタ CSV 用のヘッダー雛形をダウンロードする。	/{admin_route}/product/shelf_number/master_csv_template		
EV-79e97fb3	M03-21	functions/pf-eccube3/m03-21_admin_product_product_shelf_number_register_edit.md	48	利用者視点の入口	上記と同一画面だが別 URL（後方互換用）。アップロード画面を表示する。	`GET /{admin_route}/product/shelf_number/csv`	上記と同一画面だが別 URL（後方互換用）。アップロード画面を表示する。	/{admin_route}/product/shelf_number/csv		
EV-c2e23a21	M03-21	functions/pf-eccube3/m03-21_admin_product_product_shelf_number_register_edit.md	49	利用者視点の入口	マスタ CSV の取込。	`POST /{admin_route}/product/shelf_number/master_import`	マスタ CSV の取込。	/{admin_route}/product/shelf_number/master_import		
EV-d704df16	M03-21	functions/pf-eccube3/m03-21_admin_product_product_shelf_number_register_edit.md	50	利用者視点の入口	取込処理は上記と同じ。別 URL で POST できる。	`POST /{admin_route}/product/shelf_number/import`	取込処理は上記と同じ。別 URL で POST できる。	/{admin_route}/product/shelf_number/import		
EV-8d4f49e5	M03-21	functions/pf-eccube3/m03-21_admin_product_product_shelf_number_register_edit.md	230	画面遷移	ナビ項目	`GET admin_product_shelf_number`				
EV-f7d5f87f	M03-21	functions/pf-eccube3/m03-21_admin_product_product_shelf_number_register_edit.md	231	画面遷移	POST 検証成功	`GET admin_product_shelf_number`（クエリやパラメータに保存後 ID を載せる実装）				
EV-7925f30f	M03-21	functions/pf-eccube3/m03-21_admin_product_product_shelf_number_register_edit.md	232	画面遷移	POST 検証失敗	同一 URL（POST 送信先とは別にもどるのではなく、`store` が再描画のため HTML は一覧付きフォームパターン）				
EV-5308f88e	M03-21	functions/pf-eccube3/m03-21_admin_product_product_shelf_number_register_edit.md	233	画面遷移	DELETE 結果	`GET admin_product_shelf_number`				
EV-0c16e9c8	M03-21	functions/pf-eccube3/m03-21_admin_product_product_shelf_number_register_edit.md	239	遷移時に引き継ぐ状態	GET のたびに	ページ番号・表示件数をセッションに書く	以降の POST 失敗時の再描画でも同セッション値でページ分割する。			
EV-3198a2c6	M03-22	functions/pf-eccube3/m03-22_admin_product_product_sell_group.md	38	利用者視点の入口	ナビ「購入グループ登録/編集」を開く	`GET /{admin_route}/product/sell_group`	画面上部タイトルは購入グループ管理相当。一覧は削除されていないグループのみ。上部カードは新規用フォーム。	/{admin_route}/product/sell_group		
EV-1237829f	M03-22	functions/pf-eccube3/m03-22_admin_product_product_sell_group.md	39	利用者視点の入口	一覧の名称リンク	`GET /{admin_route}/product/sell_group/{id}`	当該行がハイライトされ、フォームが編集状態になる。一覧は再取得された全件だが表示上は現在行のみ強調される。対象が論理削除済みなら一覧へ飛ぶ。	/{admin_route}/product/sell_group/{id}		
EV-40dbc214	M03-22	functions/pf-eccube3/m03-22_admin_product_product_sell_group.md	40	利用者視点の入口	「新規登録」リンク（カードヘッダ右）	`GET /{admin_route}/product/sell_group`	編集中状態を捨て、新規入力に戻る。	/{admin_route}/product/sell_group		
EV-5bd7952d	M03-22	functions/pf-eccube3/m03-22_admin_product_product_sell_group.md	41	利用者視点の入口	フォーム送信（新規）	`POST /{admin_route}/product/sell_group/create`	成功時一覧へリダイレクトし成功メッセージ。検証失敗時は一覧付き同一画面が再描画される。	/{admin_route}/product/sell_group/create		
EV-f2acb34b	M03-22	functions/pf-eccube3/m03-22_admin_product_product_sell_group.md	42	利用者視点の入口	フォーム送信（更新）	`POST /{admin_route}/product/sell_group/{id}/update`	同上。論理削除済みIDへの送信は一覧へリダイレクトし内容は更新しない。	/{admin_route}/product/sell_group/{id}/update		
EV-44076826	M03-22	functions/pf-eccube3/m03-22_admin_product_product_sell_group.md	43	利用者視点の入口	一覧の削除ボタン〜モーダル確定	`DELETE /{admin_route}/product/sell_group/{id}/delete`	共通CSRF付き削除要求。商品利用中なら削除せずエラーフラッシュと一覧へのリダイレクト。可能なら `deleted_at` を現在時刻にし成功メッセージ。	/{admin_route}/product/sell_group/{id}/delete		
EV-538cbf1b	M03-22	functions/pf-eccube3/m03-22_admin_product_product_sell_group.md	44	利用者視点の入口	CSRF が無効な削除	`DELETE …/delete`	アクセス拒否（HTTP 403）。	/delete		
EV-7556c1a8	M03-22	functions/pf-eccube3/m03-22_admin_product_product_sell_group.md	228	画面遷移	新規送信成功または更新送信成功または削除成功および一部エラー種	`GET /{admin_route}/product/sell_group`		/{admin_route}/product/sell_group		
EV-c357d0f4	M03-22	functions/pf-eccube3/m03-22_admin_product_product_sell_group.md	229	画面遷移	編集状態でキャンセルリンク	`GET /{admin_route}/product/sell_group`		/{admin_route}/product/sell_group		
EV-98e8bfa8	M03-22	functions/pf-eccube3/m03-22_admin_product_product_sell_group.md	230	画面遷移	カードヘッダで新規に戻るを押したとき	`GET /{admin_route}/product/sell_group`		/{admin_route}/product/sell_group		
EV-c9b8e492	M03-22	functions/pf-eccube3/m03-22_admin_product_product_sell_group.md	236	遷移時に引き継ぐ状態	成功保存や削除後302	フラッシュメッセージに成功またはエラー文言種を積む	一覧再描画および新規向けフォーム初期表示。一覧は削除除外後の結果。編集フラグ初期は新規状態。			
EV-f0a41ef8	M03-23	functions/pf-eccube3/m03-23_admin_product_product_buy_sale_price_history.md	38	利用者視点の入口	ナビ・商品管理・買取/販売価格履歴	`GET /{admin_route}/product/buy_sale_price_history`	検索フォームと詳細検索ブロック、`pagination` が空のコンテナ内に「検索条件に該当するデータがありません。」が表示される。	/{admin_route}/product/buy_sale_price_history		
EV-a0553fdf	M03-23	functions/pf-eccube3/m03-23_admin_product_product_buy_sale_price_history.md	39	利用者視点の入口	「検索」ボタン	`POST /{admin_route}/product/buy_sale_price_history/search/1`	入力が検索ビューデータとしてセッションに保存される。クエリ結果がページ分割される。結果ゼロも正常応答として同画面に文言表示。	/{admin_route}/product/buy_sale_price_history/search/1		
EV-969e91b6	M03-23	functions/pf-eccube3/m03-23_admin_product_product_buy_sale_price_history.md	40	利用者視点の入口	ページネーションまたは表示件数	`GET /{admin_route}/product/buy_sale_price_history/search/{page_no}?page_count=…` （必要に応じ `product_id` または `code` をクエリに付ける）	セッション上の検索条件を復元し、指定ページおよび件数で再表示する。	/{admin_route}/product/buy_sale_price_history/search/{page_no}		
EV-5e57407b	M03-23	functions/pf-eccube3/m03-23_admin_product_product_buy_sale_price_history.md	41	利用者視点の入口	「CSVダウンロード」リンク	`GET /{admin_route}/product/buy_sale_price_history/export`	直前までにセッションへ保存済みの検索条件で全件iterate相当のCSVを返す。未検索状態ではエラーフラッシュ後、初期一覧 URL へ転送される。	/{admin_route}/product/buy_sale_price_history/export		
EV-f50eb38c	M03-23	functions/pf-eccube3/m03-23_admin_product_product_buy_sale_price_history.md	216	画面遷移	ナビまたは URL で初期一覧	同一機能内の検索フォームのみ。				
EV-f82ef510	M03-23	functions/pf-eccube3/m03-23_admin_product_product_buy_sale_price_history.md	217	画面遷移	「検索」送信成功	POST 送信先は `search/1`。同一機能内で HTML を返す。		/1		
EV-6d78f3e3	M03-23	functions/pf-eccube3/m03-23_admin_product_product_buy_sale_price_history.md	218	画面遷移	ページリンク	`search/{page_no}` で同一機能内で HTML を返す。		/{page_no}		
EV-60391fb1	M03-23	functions/pf-eccube3/m03-23_admin_product_product_buy_sale_price_history.md	219	画面遷移	CSV がセッション未設定	HTTP リダイレクトで初期一覧ルートへ遷移。				
EV-4b122db4	M03-23	functions/pf-eccube3/m03-23_admin_product_product_buy_sale_price_history.md	220	画面遷移	並びクエリ異常終了処理	HTTP リダイレクトおよびエラー系フラッシュで検索フォームが再描画される経路となる。				
EV-dcc1940a	M03-23	functions/pf-eccube3/m03-23_admin_product_product_buy_sale_price_history.md	226	遷移時に引き継ぐ状態	検索送信後のページリンク	`eccube.admin.product.buy_sale_price_history` プリフィクスで始まるセッション変数へ、検索ビュー・並び・ページ番号・表示件数などが書き込まれる。	次ページでも同じ条件に基づく結果が返る。			
EV-bcf5d110	M03-23	functions/pf-eccube3/m03-23_admin_product_product_buy_sale_price_history.md	227	遷移時に引き継ぐ状態	他画面などからクエリのみ付いた GET	GET クエリの `product_id` または `code` が、セッション上の検索ビューのトップレベルへ追記される。	共通の履歴クエリ関数はそれらキーを読まないため一覧の実質的絞り込み条件には載らず、復元済み入力と組み合わさったままとなる。URL のページャー側はクエリへ `product_id` / `code` を付け直すテンプレート記述のみある（実装を確認値とする）。			
EV-3446db04	M03-24	functions/pf-eccube3/m03-24_admin_product_product_buy_sale_price_history_csv_export.md	37	利用者視点の入口	一覧で 1 件以上ヒットしたあと「CSVダウンロード」をクリック	`GET /{admin_route}/product/buy_sale_price_history/export`	現在の検索条件に一致する全履歴が CSV としてダウンロードされる。	/{admin_route}/product/buy_sale_price_history/export		
EV-32ec77d2	M03-24	functions/pf-eccube3/m03-24_admin_product_product_buy_sale_price_history_csv_export.md	38	利用者視点の入口	検索結果 0 件で CSV リンクが描画されていない状態から、手動で同じ URL にアクセス	`GET /{admin_route}/product/buy_sale_price_history/export`	検索実行済みでセッションに検索ビューデータが残っていれば、ヘッダ行のみの CSV が返る。セッションが無ければ一覧初期 URL へリダイレクトされフラッシュに文言が出る。	/{admin_route}/product/buy_sale_price_history/export		
EV-a23f5a0e	M03-24	functions/pf-eccube3/m03-24_admin_product_product_buy_sale_price_history_csv_export.md	39	利用者視点の入口	初回表示のみで検索していない	（リンクは一覧未表示だが）`GET …/export` に直接アクセス	セッションキー欠落としてリダイレクト。	/export		
EV-27d53931	M03-24	functions/pf-eccube3/m03-24_admin_product_product_buy_sale_price_history_csv_export.md	208	画面遷移	CSV リンククリック（検索済み・件数 1 以上の画面）	同一タブでファイルダウンロード応答。ブラウザの挙動に依存。				
EV-0d691191	M03-24	functions/pf-eccube3/m03-24_admin_product_product_buy_sale_price_history_csv_export.md	209	画面遷移	セッション検索データ欠落	`GET /{admin_route}/product/buy_sale_price_history` へリダイレクト。		/{admin_route}/product/buy_sale_price_history		
EV-45163471	M03-25	functions/pf-eccube3/m03-25_admin_product_product_duplicate_product_code_check.md	34	利用者視点の入口	サイドナビ「商品管理」配下の「重複コード確認」（ロケール依存）	`GET /{admin_route}/product/pre_doubling_check`	前ページが開き、大きなボタンから結果ページへ進める。	/{admin_route}/product/pre_doubling_check		
EV-4e0a07c2	M03-25	functions/pf-eccube3/m03-25_admin_product_product_duplicate_product_code_check.md	35	利用者視点の入口	前ページの「重複確認する」ボタン	`GET /{admin_route}/product/doubling_check`	DB で重複を検索し、無ければメッセージ、あれば表で一覧する。	/{admin_route}/product/doubling_check		
EV-86378061	M03-25	functions/pf-eccube3/m03-25_admin_product_product_duplicate_product_code_check.md	36	利用者視点の入口	結果ページの各セルのリンク（別タブ）	`GET /{admin_route}/product/product/class/{id}/edit/{productClassId}`（ルート名 `admin_product_product_class_edit`、`id` が商品 ID、`productClassId` が規格 ID）	該当規格の編集画面を別タブで開く。	/{admin_route}/product/product/class/{id}/edit/{productClassId}	admin_product_product_class_edit	
EV-4dd4bd52	M03-25	functions/pf-eccube3/m03-25_admin_product_product_duplicate_product_code_check.md	182	画面遷移	ナビから「重複コード確認」を選択	`GET …/product/pre_doubling_check`		/product/pre_doubling_check		
EV-fa55e748	M03-25	functions/pf-eccube3/m03-25_admin_product_product_duplicate_product_code_check.md	183	画面遷移	前ページで「重複確認する」を押下	`GET …/product/doubling_check`		/product/doubling_check		
EV-ab05690d	M03-25	functions/pf-eccube3/m03-25_admin_product_product_duplicate_product_code_check.md	184	画面遷移	結果ページの表のリンクを押下（別タブ）	規格編集画面				
EV-9ef6f901	M03-26	functions/pf-eccube3/m03-26_admin_product_product_card_csv_import.md	42	利用者視点の入口	ナビ「商品管理」→「商品CSV管理」→「カード商品CSV登録」	`GET /{admin_route}/product/product_card_csv_upload`	アップロード画面が開き、フォーマット表と履歴が表示される。	/{admin_route}/product/product_card_csv_upload		
EV-f2599d5b	M03-26	functions/pf-eccube3/m03-26_admin_product_product_card_csv_import.md	43	利用者視点の入口	雛形ダウンロード	`GET /{admin_route}/product/product_card/csv_template`	`product_card.csv` が得られる。	/{admin_route}/product/product_card/csv_template		
EV-ac63ae8e	M03-26	functions/pf-eccube3/m03-26_admin_product_product_card_csv_import.md	44	利用者視点の入口	アップロード送信	`POST /{admin_route}/product/product_card_csv_upload`	検証・取込後、常に `GET …/product_card_csv_upload` へリダイレクトされ、フラッシュで結果が示される。	/{admin_route}/product/product_card_csv_upload;/product_card_csv_upload		
EV-b6cc6805	M03-26	functions/pf-eccube3/m03-26_admin_product_product_card_csv_import.md	45	利用者視点の入口	履歴の表示件数変更	`GET /{admin_route}/product/product_card_csv_upload?page_no=…&page_count=…`	クエリの件数が許容リストに含まれるときだけセッションに保存され、履歴のページサイズが変わる。ページ番号はその都度セッションに保存される。	/{admin_route}/product/product_card_csv_upload		
EV-c0176ce5	M03-26	functions/pf-eccube3/m03-26_admin_product_product_card_csv_import.md	266	画面遷移	メニューまたはブックマークから開く	GET アップロード画面				
EV-fcee33db	M03-26	functions/pf-eccube3/m03-26_admin_product_product_card_csv_import.md	267	画面遷移	送信成功・失敗のどちらでも POST 後	GET アップロード画面へリダイレクト				
EV-4db66ab5	M03-26	functions/pf-eccube3/m03-26_admin_product_product_card_csv_import.md	273	遷移時に引き継ぐ状態	POST 取込	フラッシュメッセージを積む	直前のセッションに保存されたページ番号・表示件数で履歴を再描画			
EV-221ad051	M03-27	functions/pf-eccube3/m03-27_admin_product_product_goods_csv_import.md	36	利用者視点の入口	ナビ「商品管理」→「商品CSV管理」→「グッズ商品CSV登録」	`GET /{admin_route}/product/product_goods_csv_upload`	アップロード画面、フォーマット表、雛形ダウンロード、取込履歴が表示される。	/{admin_route}/product/product_goods_csv_upload		
EV-0c259bfe	M03-27	functions/pf-eccube3/m03-27_admin_product_product_goods_csv_import.md	37	利用者視点の入口	雛形ダウンロード	`GET /{admin_route}/product/product_goods/csv_template`	`product_goods.csv` がダウンロードされる。1 行目は列名のみ。	/{admin_route}/product/product_goods/csv_template		
EV-6662b4a5	M03-27	functions/pf-eccube3/m03-27_admin_product_product_goods_csv_import.md	38	利用者視点の入口	CSV の送信	`POST /{admin_route}/product/product_goods_csv_upload`	検証・取込後、常に `GET …/product_goods_csv_upload` へリダイレクトされ、フラッシュで成否が分かる。	/{admin_route}/product/product_goods_csv_upload;/product_goods_csv_upload		
EV-8cbbf2f0	M03-27	functions/pf-eccube3/m03-27_admin_product_product_goods_csv_import.md	243	画面遷移	GET 成功	同一 URL で HTML（アップロード画面）。				
EV-543ca70a	M03-27	functions/pf-eccube3/m03-27_admin_product_product_goods_csv_import.md	244	画面遷移	POST 完了（成否問わず）	`GET /{admin_route}/product/product_goods_csv_upload` へリダイレクト。		/{admin_route}/product/product_goods_csv_upload		
EV-3b247737	M03-27	functions/pf-eccube3/m03-27_admin_product_product_goods_csv_import.md	250	遷移時に引き継ぐ状態	アップロード画面でページング	`page_count` または `page_no` をセッションへ保存	次回以降の同画面で既定の件数・ページが復元される。			
EV-32c6894a	M03-27	functions/pf-eccube3/m03-27_admin_product_product_goods_csv_import.md	251	遷移時に引き継ぐ状態	POST 取込	フラッシュメッセージを積む	リダイレクト先でトースト／アラート相当として表示される。			
EV-44be87b5	M03-28	functions/pf-eccube3/m03-28_admin_product_product_product_tag_csv_import.md	36	利用者視点の入口	ナビ「商品管理」→「商品CSV管理」→「商品タグ更新CSVアップロード」	`GET /{admin_route}/product/product_tag_csv_upload`	アップロード画面が開き、フォーマット表と履歴が表示される。	/{admin_route}/product/product_tag_csv_upload		
EV-0c167b29	M03-28	functions/pf-eccube3/m03-28_admin_product_product_product_tag_csv_import.md	37	利用者視点の入口	雛形ダウンロード	`GET /{admin_route}/product/product_tag/csv_template`	`product_tag_template.csv` が得られる。	/{admin_route}/product/product_tag/csv_template		
EV-c3194ac5	M03-28	functions/pf-eccube3/m03-28_admin_product_product_product_tag_csv_import.md	38	利用者視点の入口	アップロード送信	`POST /{admin_route}/product/product_tag/import`	検証・取込後、常に `GET …/product_tag_csv_upload` へリダイレクトされ、フラッシュで結果が示される。	/{admin_route}/product/product_tag/import;/product_tag_csv_upload		
EV-e1d6c43e	M03-28	functions/pf-eccube3/m03-28_admin_product_product_product_tag_csv_import.md	39	利用者視点の入口	履歴の表示件数変更	`GET /{admin_route}/product/product_tag_csv_upload?page_no=…&page_count=…`	クエリの件数が許容リストに含まれるときだけセッションに保存される。ページ番号はその都度セッションへ書き戻される。	/{admin_route}/product/product_tag_csv_upload		
EV-a5e88eb3	M03-28	functions/pf-eccube3/m03-28_admin_product_product_product_tag_csv_import.md	207	画面遷移	ナビまたはブックマークで画面を開く	`GET …/product_tag_csv_upload`。		/product_tag_csv_upload		
EV-fea1ee49	M03-28	functions/pf-eccube3/m03-28_admin_product_product_product_tag_csv_import.md	208	画面遷移	テンプレート取得・一覧操作	（テンプレートは GET。履歴のみ）クエリでの再描画またはページャ。				
EV-709f0d1a	M03-28	functions/pf-eccube3/m03-28_admin_product_product_product_tag_csv_import.md	209	画面遷移	送信完了（成功または失敗）	常に `GET …/product_tag_csv_upload` へのリダイレクト。		/product_tag_csv_upload		
EV-43690883	M03-29	functions/pf-eccube3/m03-29_admin_product_product_tag_sales_analysis_csv_import.md	36	利用者視点の入口	ナビ「商品管理」→「商品CSV管理」→「売上分析タグ更新CSVアップロード」	`GET /{admin_route}/product/tag_sales_analysis/csv_upload`	アップロード画面が開き、フォーマット表と履歴が表示される。	/{admin_route}/product/tag_sales_analysis/csv_upload		
EV-4abec720	M03-29	functions/pf-eccube3/m03-29_admin_product_product_tag_sales_analysis_csv_import.md	37	利用者視点の入口	雛形ダウンロード	`GET /{admin_route}/product/tag_sales_analysis/csv_template`	`product_tag_sales_analysis_template.csv` が得られる。	/{admin_route}/product/tag_sales_analysis/csv_template		
EV-02dd2ac6	M03-29	functions/pf-eccube3/m03-29_admin_product_product_tag_sales_analysis_csv_import.md	38	利用者視点の入口	アップロード送信	`POST /{admin_route}/product/tag_sales_analysis/import`	検証・取込後、常に `GET …/product/tag_sales_analysis/csv_upload` へリダイレクトされ、フラッシュで結果が示される。	/{admin_route}/product/tag_sales_analysis/import;/product/tag_sales_analysis/csv_upload		
EV-29ea9995	M03-29	functions/pf-eccube3/m03-29_admin_product_product_tag_sales_analysis_csv_import.md	39	利用者視点の入口	履歴の表示件数変更	`GET /{admin_route}/product/tag_sales_analysis/csv_upload?page_no=…&page_count=…`	クエリの件数が許容リストに含まれるときだけセッションに保存され、履歴のページサイズが変わる。ページ番号はその都度セッションに保存される。	/{admin_route}/product/tag_sales_analysis/csv_upload		
EV-0a9a82ea	M03-29	functions/pf-eccube3/m03-29_admin_product_product_tag_sales_analysis_csv_import.md	225	画面遷移	ナビから開く	`GET …/csv_upload`		/csv_upload		
EV-f93666d1	M03-29	functions/pf-eccube3/m03-29_admin_product_product_tag_sales_analysis_csv_import.md	226	画面遷移	取込フォーム送信後（成否問わず）	`GET …/csv_upload`		/csv_upload		
EV-724e2e43	M03-29	functions/pf-eccube3/m03-29_admin_product_product_tag_sales_analysis_csv_import.md	227	画面遷移	履歴ページサイズ変更	`GET …/csv_upload?page_no=1&page_count=…`		/csv_upload		
EV-5bcc8caf	M03-29	functions/pf-eccube3/m03-29_admin_product_product_tag_sales_analysis_csv_import.md	233	遷移時に引き継ぐ状態	ページング・件数変更（GET）	セッションに `page_no` と許容範囲内の `page_count` を保存する	保存済みのページ状態で履歴が表示される			
EV-f868aeab	M03-29	functions/pf-eccube3/m03-29_admin_product_product_tag_sales_analysis_csv_import.md	234	遷移時に引き継ぐ状態	取込 POST 後のリダイレクト	フラッシュメッセージを積む	アップロード画面が再描画され、フラッシュがあれば利用者に見える			
EV-be5d6183	M03-30	functions/pf-eccube3/m03-30_admin_product_product_product_price_csv_import.md	30	利用者視点の入口	ナビ「商品管理」→「CSV管理」→「セール用価格変更CSVアップロード」	`GET /{admin_route}/product/product_price/product_price_csv_upload`	アップロードフォーム、フォーマット説明、取込履歴が表示される。	/{admin_route}/product/product_price/product_price_csv_upload		
EV-f344b013	M03-30	functions/pf-eccube3/m03-30_admin_product_product_product_price_csv_import.md	31	利用者視点の入口	フォーマット説明カードの「CSVファイルのダウンロード」	`GET /{admin_route}/product/product_price/csv_template`	`product_price_template.csv` がダウンロードされる。	/{admin_route}/product/product_price/csv_template		
EV-21c8deda	M03-30	functions/pf-eccube3/m03-30_admin_product_product_product_price_csv_import.md	32	利用者視点の入口	ファイル選択後「アップロード」	`POST /{admin_route}/product/product_price/import`	検証と取込が走り、続けて HTTP 302 でアップロード画面 URL に戻る。フラッシュに成功またはエラーが積まれる。	/{admin_route}/product/product_price/import		
EV-c2f26b6c	M03-30	functions/pf-eccube3/m03-30_admin_product_product_product_price_csv_import.md	219	画面遷移	取込 POST 完了	HTTP 302 で `admin_product_product_price_csv_upload`			admin_product_product_price_csv_upload	
EV-26159f10	M03-30	functions/pf-eccube3/m03-30_admin_product_product_product_price_csv_import.md	220	画面遷移	フォームエラー・行前エラー	同上				
EV-c22be4fa	M03-30	functions/pf-eccube3/m03-30_admin_product_product_product_price_csv_import.md	226	遷移時に引き継ぐ状態	履歴ページャーや件数変更	GET パラメータまたはセッションで `page_no` と `page_count` を更新	同じ画面で指定ページの履歴が表示される。			
EV-0358cea1	M03-30	functions/pf-eccube3/m03-30_admin_product_product_product_price_csv_import.md	227	遷移時に引き継ぐ状態	取込 POST	フラッシュに成功・エラーを積む	新しいリクエストでフラッシュが一度表示される。			
EV-9f946c68	M03-31	functions/pf-eccube3/m03-31_admin_product_product_sale_price_csv_import.md	66	利用者視点の入口	アップロード画面を開く	`GET /{admin_route}/product/product_price_csv_upload`	ファイル選択フォーム、CSVフォーマット表、雛形ダウンロードリンク、取込履歴を表示する。	/{admin_route}/product/product_price_csv_upload		
EV-f984b1b3	M03-31	functions/pf-eccube3/m03-31_admin_product_product_sale_price_csv_import.md	67	利用者視点の入口	CSVをアップロード	`POST /{admin_route}/product/product_price_csv_upload`	ファイルを検証し、合格時に1行ずつ取込して規格の価格などを更新する。結果を同じ画面に表示する。	/{admin_route}/product/product_price_csv_upload		
EV-728bd3dd	M03-31	functions/pf-eccube3/m03-31_admin_product_product_sale_price_csv_import.md	68	利用者視点の入口	雛形ファイルダウンロード	`GET /{admin_route}/product/product_csv_template/price`	セール用価格変更CSVの雛形をダウンロードする（雛形内容は別機能を正とする）。	/{admin_route}/product/product_csv_template/price		
EV-cbdaa58e	M03-31	functions/pf-eccube3/m03-31_admin_product_product_sale_price_csv_import.md	69	利用者視点の入口	CSVエクスポート	`POST /{admin_route}/product/product_price_csv_export`	セール用価格変更CSVを出力する（本書では正としない）。	/{admin_route}/product/product_price_csv_export		
EV-0908be2a	M03-31	functions/pf-eccube3/m03-31_admin_product_product_sale_price_csv_import.md	249	画面遷移	アップロード画面を開く	同一画面にフォーム・フォーマット表・取込履歴を表示。				
EV-173989a0	M03-31	functions/pf-eccube3/m03-31_admin_product_product_sale_price_csv_import.md	250	画面遷移	取込成功	同一画面を再表示し、成功フラッシュと更新後の取込履歴を表示。				
EV-87f435fb	M03-31	functions/pf-eccube3/m03-31_admin_product_product_sale_price_csv_import.md	251	画面遷移	フォーム検証失敗	同一画面を再表示し、検証エラーを表示。				
EV-1ce61f50	M03-31	functions/pf-eccube3/m03-31_admin_product_product_sale_price_csv_import.md	252	画面遷移	行数上限超過	同一画面を再表示し、上限超過エラーを表示。				
EV-c4e16e53	M03-31	functions/pf-eccube3/m03-31_admin_product_product_sale_price_csv_import.md	253	画面遷移	行検証エラー	同一画面を再表示し、エラー一覧を表示。取込は確定しない。				
EV-b80db7bb	M03-31	functions/pf-eccube3/m03-31_admin_product_product_sale_price_csv_import.md	254	画面遷移	雛形ダウンロード	雛形CSVのダウンロード。				
EV-d15c7e37	M03-32	functions/pf-eccube3/m03-32_admin_product_product_simple_high_price_csv_import.md	29	利用者視点の入口	ナビ「商品管理」→「商品CSV管理」→「高額商品価格変更CSVアップロード」	`GET /{admin_route}/product/simple_high_price/csv_upload`	アップロード画面・フォーマット表・履歴・雛形リンクが開く。	/{admin_route}/product/simple_high_price/csv_upload		
EV-8d4fcde9	M03-32	functions/pf-eccube3/m03-32_admin_product_product_simple_high_price_csv_import.md	30	利用者視点の入口	ファイル選択後、「CSV アップロード」ボタン	`POST /{admin_route}/product/simple_high_price/import`	検証および取込のあと、アップロード画面へリダイレクトし、フラッシュで結果が出る。	/{admin_route}/product/simple_high_price/import		
EV-38756738	M03-32	functions/pf-eccube3/m03-32_admin_product_product_simple_high_price_csv_import.md	31	利用者視点の入口	フォーマット枠右上の「雛形ファイルダウンロード」（訳語キー `admin.common.csv_skeleton_download`）	`GET /{admin_route}/product/simple_high_price/csv_template`	ヘッダ行のみのファイルがブラウザに返る（Content-Type は `application/octet-stream`）。	/{admin_route}/product/simple_high_price/csv_template;/octet-stream		
EV-b9cdd551	M03-32	functions/pf-eccube3/m03-32_admin_product_product_simple_high_price_csv_import.md	32	利用者視点の入口	履歴表示件数のプルダウン変更	`GET /{admin_route}/product/simple_high_price/csv_upload?page_no=1&page_count={件数}`	許容リストに含まれれば対応セッションに保存される。ページ番号クエリともに履歴一覧のページサイズが変わる。	/{admin_route}/product/simple_high_price/csv_upload		
EV-b3c5cff8	M03-32	functions/pf-eccube3/m03-32_admin_product_product_simple_high_price_csv_import.md	211	画面遷移	任意の処理完了後 POST	アップロード画面 GET にリダイレクト				
EV-bf860070	M03-32	functions/pf-eccube3/m03-32_admin_product_product_simple_high_price_csv_import.md	217	遷移時に引き継ぐ状態	アップロード画面で件数入力	GET クエリで指定された表示件数をセッションへ保存または既定へ戻す	一覧のページングがその状態で描画される。			
EV-6ddd270c	M03-33	functions/pf-eccube3/m03-33_admin_product_product_sale_high_price_csv_import.md	30	利用者視点の入口	ナビ「商品管理」→「商品CSV管理」→「セール用高額商品価格変更CSVアップロード」	`GET /{admin_route}/product/sale_high_price/csv_upload`	アップロード画面が開き、フォーマット表・履歴・雛形リンクが表示される。	/{admin_route}/product/sale_high_price/csv_upload		
EV-5b6db88e	M03-33	functions/pf-eccube3/m03-33_admin_product_product_sale_high_price_csv_import.md	31	利用者視点の入口	CSV を選択して「CSVアップロード」を押す	`POST /{admin_route}/product/sale_high_price/import`	検証・取込のあと常に `GET …/sale_high_price/csv_upload` へリダイレクトされ、フラッシュで結果が示される。	/{admin_route}/product/sale_high_price/import;/sale_high_price/csv_upload		
EV-0faaf74f	M03-33	functions/pf-eccube3/m03-33_admin_product_product_sale_high_price_csv_import.md	32	利用者視点の入口	履歴の表示件数プルダウン変更	`GET /{admin_route}/product/sale_high_price/csv_upload?page_no=1&page_count={件数}`	許容リストに含まれる件数だけセッションに保存され、履歴のページサイズが変わる。	/{admin_route}/product/sale_high_price/csv_upload		
EV-401cf043	M03-33	functions/pf-eccube3/m03-33_admin_product_product_sale_high_price_csv_import.md	33	利用者視点の入口	雛形ダウンロード	`GET /{admin_route}/product/sale_high_price/csv_template`	雛形ファイルが得られる。	/{admin_route}/product/sale_high_price/csv_template		
EV-1ad7fb09	M03-33	functions/pf-eccube3/m03-33_admin_product_product_sale_high_price_csv_import.md	225	画面遷移	取込 POST の完了（成功・失敗いずれも）	`GET /{admin_route}/product/sale_high_price/csv_upload`		/{admin_route}/product/sale_high_price/csv_upload		
EV-f5b2eee2	M03-33	functions/pf-eccube3/m03-33_admin_product_product_sale_high_price_csv_import.md	226	画面遷移	履歴件数変更	同一パスにクエリ付きで GET				
EV-198af692	M03-33	functions/pf-eccube3/m03-33_admin_product_product_sale_high_price_csv_import.md	232	遷移時に引き継ぐ状態	GET 画面	`page_count` 許容値ならセッションへ保存。`page_no` を毎回セッションへ保存	保存済みページサイズ・ページ番号で履歴を再取得			
EV-d59e03af	M03-33	functions/pf-eccube3/m03-33_admin_product_product_sale_high_price_csv_import.md	233	遷移時に引き継ぐ状態	POST 取込	フラッシュへ成功・警告・エラーを積む	リダイレクト後の GET でフラッシュが表示され、履歴は更新後データ			
EV-0ac17309	M03-34	functions/pf-eccube3/m03-34_admin_product_product_discount_csv_import.md	30	利用者視点の入口	商品管理メニューから「CSVダウンロード・アップロード」系の配下にある「割引率変更CSV登録」	`GET /{admin_route}/product/product_discount_csv_upload`	アップロードフォーム、雛形リンク、列説明、当該種別のインポート履歴が表示される。	/{admin_route}/product/product_discount_csv_upload		
EV-5e546a3f	M03-34	functions/pf-eccube3/m03-34_admin_product_product_discount_csv_import.md	31	利用者視点の入口	同一画面でファイルを選び「CSVファイルのアップロード」を押下	`POST /{admin_route}/product/product_discount_csv_upload`	CSRF を含むマルチパート送信後、検証と取込が走り、成功時は成功フラッシュと履歴追記、失敗時はエラー内容がフォーム付近に表示される。	/{admin_route}/product/product_discount_csv_upload		
EV-bfe029a7	M03-34	functions/pf-eccube3/m03-34_admin_product_product_discount_csv_import.md	32	利用者視点の入口	フォーマット欄の「雛形ファイルダウンロード」	`GET /{admin_route}/product/product_csv_template/discount`	列名のみの CSV ファイル（BOM 付き UTF-8）が保存ダイアログで受け取れる。	/{admin_route}/product/product_csv_template/discount		
EV-70d28bba	M03-34	functions/pf-eccube3/m03-34_admin_product_product_discount_csv_import.md	33	利用者視点の入口	`type` が `discount` のとき、割引率変更用のヘッダのみを持つ UTF-8（BOM 付き）…	`GET /{admin_route}/product/product_csv_template/{type}`	`type` が `discount` のとき、割引率変更用のヘッダのみを持つ UTF-8（BOM 付き）の雛形 CSV をダウンロード応答として返す。	/{admin_route}/product/product_csv_template/{type}		
EV-eb49c4ca	M03-34	functions/pf-eccube3/m03-34_admin_product_product_discount_csv_import.md	241	画面遷移	メニューから「割引率変更CSV登録」	同一リソースの GET 応答（HTML）。				
EV-b22419d6	M03-34	functions/pf-eccube3/m03-34_admin_product_product_discount_csv_import.md	242	画面遷移	アップロード送信成功	URL は変わらず POST 応答で HTML を再描画（PRG パターンではない）。				
EV-64df5b5d	M03-34	functions/pf-eccube3/m03-34_admin_product_product_discount_csv_import.md	243	画面遷移	雛形ダウンロード	ファイルダウンロード応答。画面遷移はしない。				
EV-52220e6a	M03-34	functions/pf-eccube3/m03-34_admin_product_product_discount_csv_import.md	249	遷移時に引き継ぐ状態	POST 取込	フラッシュメッセージを積む場合あり。セッションは管理画面標準。	フォームは再表示。履歴クエリは最新化。			
EV-5051b672	M03-35	functions/pf-eccube3/m03-35_admin_product_product_section_csv_import.md	33	利用者視点の入口	ナビ「商品管理」→「商品CSV管理」→「部門更新CSV登録」	`GET /{admin_route}/product/section/csv_upload`	アップロード画面が開き、フォーマット表と履歴が表示される。	/{admin_route}/product/section/csv_upload		
EV-1b2f00ac	M03-35	functions/pf-eccube3/m03-35_admin_product_product_section_csv_import.md	34	利用者視点の入口	雛形ダウンロード	`GET /{admin_route}/product/section/csv_template`	`product_section_update.csv`（ヘッダのみ）が得られる。	/{admin_route}/product/section/csv_template		
EV-d5cdff50	M03-35	functions/pf-eccube3/m03-35_admin_product_product_section_csv_import.md	35	利用者視点の入口	アップロード送信	`POST /{admin_route}/product/section/import`	検証・取込後、常に `GET …/section/csv_upload` へリダイレクトされ、フラッシュで結果が示される。	/{admin_route}/product/section/import;/section/csv_upload		
EV-8ecdebee	M03-35	functions/pf-eccube3/m03-35_admin_product_product_section_csv_import.md	36	利用者視点の入口	履歴の表示件数変更	`GET /{admin_route}/product/section/csv_upload?page_no=…&page_count=…`	クエリの件数が許容リストに含まれるときだけセッションに保存される。ページ番号はその都度セッションへ書き戻される。	/{admin_route}/product/section/csv_upload		
EV-1710de57	M03-35	functions/pf-eccube3/m03-35_admin_product_product_section_csv_import.md	217	画面遷移	POST 取込の完了（成功・失敗いずれも）	`GET …/product/section/csv_upload`		/product/section/csv_upload		
EV-f8f5520b	M03-35	functions/pf-eccube3/m03-35_admin_product_product_section_csv_import.md	218	画面遷移	ナビから開く	`GET …/product/section/csv_upload`		/product/section/csv_upload		
EV-716375b5	M03-35	functions/pf-eccube3/m03-35_admin_product_product_section_csv_import.md	224	遷移時に引き継ぐ状態	GET 画面で `page_count`／`page_no` をクエリ指定	許容値ならセッションキー `admin.product.section_csv.page_count` を更新。`page_no` は常にセッションへ書き戻し	指定ページの履歴一覧			
EV-78899f12	M03-36	functions/pf-eccube3/m03-36_admin_product_product_buy_discount_csv_import.md	36	利用者視点の入口	管理画面メニュー「商品管理」→「CSV管理」内「買取減額率変更CSV登録」	`GET /{admin_route}/product/product_buy_discount_csv_upload`	アップロードフォーム、フォーマット説明表、直近のインポート履歴が表示される。	/{admin_route}/product/product_buy_discount_csv_upload		
EV-22a9ce1a	M03-36	functions/pf-eccube3/m03-36_admin_product_product_buy_discount_csv_import.md	37	利用者視点の入口	雛形ファイルダウンロード	`GET /{admin_route}/product/product_csv_template/buyDiscount`	`product_buy_discount.csv` 名で、BOM 付き UTF-8 のヘッダ 1 行だけのファイルが返る。	/{admin_route}/product/product_csv_template/buyDiscount		
EV-c59d03bd	M03-36	functions/pf-eccube3/m03-36_admin_product_product_buy_discount_csv_import.md	38	利用者視点の入口	CSV 選択してアップロード	`POST /{admin_route}/product/product_buy_discount_csv_upload`	検証・更新が走る。成功時は成功フラッシュと履歴追記。失敗時はエラーを画面に列挙し、トランザクションはロールバックされる。	/{admin_route}/product/product_buy_discount_csv_upload		
EV-79c06f94	M03-36	functions/pf-eccube3/m03-36_admin_product_product_buy_discount_csv_import.md	218	画面遷移	GET	同一 URL のフォーム画面				
EV-2ea706fc	M03-36	functions/pf-eccube3/m03-36_admin_product_product_buy_discount_csv_import.md	219	画面遷移	POST 成功	同一 URL を再描画（リダイレクトなし）				
EV-d7346c2e	M03-36	functions/pf-eccube3/m03-36_admin_product_product_buy_discount_csv_import.md	220	画面遷移	POST 失敗	同一 URL を再描画				
EV-27936858	M03-36	functions/pf-eccube3/m03-36_admin_product_product_buy_discount_csv_import.md	226	遷移時に引き継ぐ状態	POST 後	フラッシュメッセージをセッションに積む場合がある	フォームは再表示。履歴は DB 最新（成功時は 1 件増える可能性）。			
EV-99fe5001	M03-37	functions/pf-eccube3/m03-37_admin_product_product_storage_code_csv_import.md	34	利用者視点の入口	略称タグ登録／編集画面ヘッダの「CSV取込」	`GET /{admin_route}/product/storage_code/csv`	取込専用画面が開く。	/{admin_route}/product/storage_code/csv		
EV-0773d53b	M03-37	functions/pf-eccube3/m03-37_admin_product_product_storage_code_csv_import.md	35	利用者視点の入口	取込画面の「一覧へ戻る」	`GET /{admin_route}/product/storage`	略称タグ一覧・フォーム画面へ遷移する。	/{admin_route}/product/storage		
EV-9fcfe2d9	M03-37	functions/pf-eccube3/m03-37_admin_product_product_storage_code_csv_import.md	36	利用者視点の入口	雛形ダウンロード	`GET /{admin_route}/product/storage_code/csv_template`	ヘッダのみの CSV ファイルが保存ダイアログで得られる。	/{admin_route}/product/storage_code/csv_template		
EV-8fb22903	M03-37	functions/pf-eccube3/m03-37_admin_product_product_storage_code_csv_import.md	37	利用者視点の入口	フッタの案内リンク（既存データの CSV 出力）	`GET /{admin_route}/product/storage_code/export`	現行略称タグが CSV でダウンロードされる。	/{admin_route}/product/storage_code/export		
EV-71a7eda9	M03-37	functions/pf-eccube3/m03-37_admin_product_product_storage_code_csv_import.md	38	利用者視点の入口	ファイル選択後「アップロード」相当の送信ボタン	`POST /{admin_route}/product/storage_code/import`	検証と取込が走り、成否メッセージ付きで GET 取込画面へリダイレクトされる。	/{admin_route}/product/storage_code/import		
EV-3546ade9	M03-37	functions/pf-eccube3/m03-37_admin_product_product_storage_code_csv_import.md	216	画面遷移	略称タグ一覧・編集から「CSV取込」	GET 取込画面				
EV-8de0508a	M03-37	functions/pf-eccube3/m03-37_admin_product_product_storage_code_csv_import.md	217	画面遷移	取込成功・失敗のいずれも（コントローラのリダイレクト）	GET 取込画面（フラッシュのみ変わる）				
EV-2caea6b2	M03-37	functions/pf-eccube3/m03-37_admin_product_product_storage_code_csv_import.md	218	画面遷移	「一覧へ戻る」	GET 略称タグ一覧（`admin_product_storage_code`）			admin_product_storage_code	
EV-46d3c417	M03-37	functions/pf-eccube3/m03-37_admin_product_product_storage_code_csv_import.md	224	遷移時に引き継ぐ状態	POST 取込	フラッシュに成功またはエラーを積む。一時ファイルを削除する	GET で空フォームに近い状態。メッセージはフラッシュ表示			
EV-314af254	M03-38	functions/pf-eccube3/m03-38_admin_product_product_status_csv.md	33	利用者視点の入口	ナビ「商品管理」→「商品CSV管理」→「商品公開CSV登録」	`GET /{admin_route}/product/status/csv_upload`	アップロード画面が開き、フォーマット表と履歴が表示される。	/{admin_route}/product/status/csv_upload		
EV-df1184ed	M03-38	functions/pf-eccube3/m03-38_admin_product_product_status_csv.md	34	利用者視点の入口	雛形ダウンロード	`GET /{admin_route}/product/status/csv_template`	`product_status_template.csv` が得られる。	/{admin_route}/product/status/csv_template		
EV-3552ed19	M03-38	functions/pf-eccube3/m03-38_admin_product_product_status_csv.md	35	利用者視点の入口	アップロード送信	`POST /{admin_route}/product/status/import`	検証・取込後、常に `GET …/product/status/csv_upload` へリダイレクトされ、フラッシュで結果が示される。	/{admin_route}/product/status/import;/product/status/csv_upload		
EV-b4ed4070	M03-38	functions/pf-eccube3/m03-38_admin_product_product_status_csv.md	36	利用者視点の入口	履歴の表示件数変更	`GET /{admin_route}/product/status/csv_upload?page_no=…&page_count=…`	クエリの件数が許容リストに含まれるときだけセッションに保存される。ページ番号はその都度セッションへ書き戻される。	/{admin_route}/product/status/csv_upload		
EV-94219918	M03-38	functions/pf-eccube3/m03-38_admin_product_product_status_csv.md	205	画面遷移	ナビまたはブックマークで画面を開く	`GET …/product/status/csv_upload`。		/product/status/csv_upload		
EV-02cba5eb	M03-38	functions/pf-eccube3/m03-38_admin_product_product_status_csv.md	206	画面遷移	雛形・履歴操作	雛形は GET。履歴はクエリ再描画またはページャ。				
EV-9cc73cf9	M03-38	functions/pf-eccube3/m03-38_admin_product_product_status_csv.md	207	画面遷移	送信完了（成功または失敗）	常に `GET …/product/status/csv_upload` へのリダイレクト。		/product/status/csv_upload		
EV-8504fffb	M03-40	functions/pf-eccube3/m03-40_admin_product_product_shelf_number_csv_import.md	33	利用者視点の入口	ナビ「商品管理」→「商品CSV管理」→「棚番号更新CSV登録」	`GET /{admin_route}/product/product_shelf_number_csv_import`	アップロード画面が開き、フォーマット表と履歴が表示される。	/{admin_route}/product/product_shelf_number_csv_import		
EV-2b7234d0	M03-40	functions/pf-eccube3/m03-40_admin_product_product_shelf_number_csv_import.md	34	利用者視点の入口	雛形ダウンロード	`GET /{admin_route}/product/shelf_number/csv_template`	`product_shelf_number_template.csv`（ヘッダのみ）が得られる。	/{admin_route}/product/shelf_number/csv_template		
EV-543e29f5	M03-40	functions/pf-eccube3/m03-40_admin_product_product_shelf_number_csv_import.md	35	利用者視点の入口	アップロード送信	`POST /{admin_route}/product/product_shelf_number_csv_upload`	検証・取込後、常に `GET …/product_shelf_number_csv_import` へリダイレクトされ、フラッシュで結果が示される。	/{admin_route}/product/product_shelf_number_csv_upload;/product_shelf_number_csv_import		
EV-0b32e52c	M03-40	functions/pf-eccube3/m03-40_admin_product_product_shelf_number_csv_import.md	36	利用者視点の入口	履歴の表示件数変更	`GET /{admin_route}/product/product_shelf_number_csv_import?page_no=…&page_count=…`	クエリの件数が許容リストに含まれるときだけセッションに保存される。ページ番号はその都度セッションへ書き戻される。	/{admin_route}/product/product_shelf_number_csv_import		
EV-22424af5	M03-40	functions/pf-eccube3/m03-40_admin_product_product_shelf_number_csv_import.md	205	画面遷移	POST 取込の完了（成功・失敗いずれも）	`GET …/product/product_shelf_number_csv_import`		/product/product_shelf_number_csv_import		
EV-2eb95912	M03-40	functions/pf-eccube3/m03-40_admin_product_product_shelf_number_csv_import.md	206	画面遷移	ナビから開く	`GET …/product/product_shelf_number_csv_import`		/product/product_shelf_number_csv_import		
EV-9daf15a2	M03-40	functions/pf-eccube3/m03-40_admin_product_product_shelf_number_csv_import.md	212	遷移時に引き継ぐ状態	GET 画面で `page_count`／`page_no` をクエリ指定	許容値ならセッションキー `admin.product.shelf_number_csv.page_count` を更新。`page_no` は常にセッションへ書き戻し	指定ページの履歴一覧			
EV-b257ab41	M03-41	functions/pf-eccube3/m03-41_admin_product_product_category_csv_import.md	32	利用者視点の入口	ルート URLを直接開く・ブックマークから開く	`GET /{admin_route}/product/category_csv_upload`	ファイル選択・「一括登録を実行」ボタン・フォーマット説明・雛形ダウンロードリンクが表示される。	/{admin_route}/product/category_csv_upload		
EV-8b9eb603	M03-41	functions/pf-eccube3/m03-41_admin_product_product_category_csv_import.md	33	利用者視点の入口	雛形ダウンロード	`GET /{admin_route}/product/csv_template/category`	`category.csv`がダウンロードされる（本文はヘッダ1行のみ）。	/{admin_route}/product/csv_template/category		
EV-e7a07264	M03-41	functions/pf-eccube3/m03-41_admin_product_product_category_csv_import.md	34	利用者視点の入口	CSVを送信	`POST /{admin_route}/product/category_csv_upload`	CSRFを伴うマルチパートPOST。成功時は画面上部に成功アラートが付く。失敗時はフォーム直下に赤字エラーが並ぶ。	/{admin_route}/product/category_csv_upload		
EV-baa98485	M03-41	functions/pf-eccube3/m03-41_admin_product_product_category_csv_import.md	223	画面遷移	GET	同一パスのフォーム画面（リダイレクト無し）。				
EV-92d9d7a3	M03-41	functions/pf-eccube3/m03-41_admin_product_product_category_csv_import.md	224	画面遷移	POST成功・失敗とも	URLは変わらずテンプレート再描画（リダイレクト無し）。				
EV-0f6f8cee	M03-41	functions/pf-eccube3/m03-41_admin_product_product_category_csv_import.md	230	遷移時に引き継ぐ状態	POST成功	成功フラッシュをセッションへ追加	画面上部に成功アラート。フォームは空の状態で再表示される。			
EV-08c1ebaf	M03-45	functions/pf-eccube3/m03-45_admin_product_product_category_list.md	35	利用者視点の入口	ナビから「カテゴリ登録/編集」	`GET /{admin_route}/product/category`	ルート直下の一行ずつリストと右ツリーが現れる。上部の入力カードは表示されない。「CSVダウンロード」「CSV出力項目設定」のボタンは出る。	/{admin_route}/product/category		
EV-2be81205	M03-45	functions/pf-eccube3/m03-45_admin_product_product_category_list.md	36	利用者視点の入口	リストまたはツリーで親を開く	`GET /{admin_route}/product/category/{parent_id}`	親の直下のリストと、親向け入力カードが出る。「カテゴリ作成」送信で子が追加できる。無効な id は 404。	/{admin_route}/product/category/{parent_id}		
EV-3081309f	M03-45	functions/pf-eccube3/m03-45_admin_product_product_category_list.md	37	利用者視点の入口	リストの編集アイコン	`GET /{admin_route}/product/category/{id}/edit`	対象ノードを編集するカードと、兄弟リストが並ぶ。	/{admin_route}/product/category/{id}/edit		
EV-9cbecc1b	M03-45	functions/pf-eccube3/m03-45_admin_product_product_category_list.md	38	利用者視点の入口	「カテゴリ作成」または更新ボタン	`POST …/category/{parent_id}` または `POST …/category/{id}/edit`	検証後に保存しフラッシュ後、親コンテキストに応じた一覧へリダイレクトする。検証エラーでは同じ Twig を 200 で返す。	/category/{parent_id};/category/{id}/edit		
EV-41dec204	M03-45	functions/pf-eccube3/m03-45_admin_product_product_category_list.md	39	利用者視点の入口	並べ替え確定ドラッグ、上下矢印確定	`POST /{admin_route}/product/category/sort_no/move`	確認ダイアログを承認したときだけ送られる。並びに対応した `sort_no` が保存される本体応答本文は字面 `Successful`。	/{admin_route}/product/category/sort_no/move		
EV-0a793f2c	M03-45	functions/pf-eccube3/m03-45_admin_product_product_category_list.md	40	利用者視点の入口	「CSVダウンロード」	`GET /{admin_route}/product/category/export`	ブラウザがファイルとして受け取る。	/{admin_route}/product/category/export		
EV-0ac5e411	M03-45	functions/pf-eccube3/m03-45_admin_product_product_category_list.md	41	利用者視点の入口	「CSV出力項目設定」	`GET /{admin_route}/setting/shop/csv/{CsvType定数値}` （ルート実名は運用環境依存）	カテゴリCSV項目のオンオフ順序画面へ遷移するテンプレート上のリンク。	/{admin_route}/setting/shop/csv/{CsvType		
EV-272ee3c8	M03-45	functions/pf-eccube3/m03-45_admin_product_product_category_list.md	42	利用者視点の入口	削除モーダル完了	`DELETE /{admin_route}/product/category/{id}/delete`	削除完了または外部キーエラー等のメッセージの後に、親コンテキストの一覧へ戻す。対象無しは警告フラッシュのうえ一覧ルートへ。	/{admin_route}/product/category/{id}/delete		
EV-32953faa	M03-45	functions/pf-eccube3/m03-45_admin_product_product_category_list.md	259	画面遷移	親リンクまたはリスト上の名前リンク	`GET /{admin_route}/product/category/{id}` で階層を一段深める。		/{admin_route}/product/category/{id}		
EV-38029c0c	M03-45	functions/pf-eccube3/m03-45_admin_product_product_category_list.md	260	画面遷移	パンくずの「すべてのカテゴリ」	`GET /{admin_route}/product/category` でルート直下へ戻す。		/{admin_route}/product/category		
EV-890a8fb6	M03-45	functions/pf-eccube3/m03-45_admin_product_product_category_list.md	261	画面遷移	編集送信成功	HTTP 302 で親コンテキストの show またはトップ一覧。作成送信成功時は親 show。				
EV-e3784793	M03-45	functions/pf-eccube3/m03-45_admin_product_product_category_list.md	262	画面遷移	削除成功および失敗両方とも	HTTP 302 で親コンテキストの show またはトップ一覧。検索状態はセッションに依存しない一覧のためクエリ状態を引き継がない。				
EV-be453820	M03-45	functions/pf-eccube3/m03-45_admin_product_product_category_list.md	263	画面遷移	CSVおよび設定ボタン	同一ウィンドウで該当GETへ。CSVはダウンロードのみで画面遷移を伴わない。				
EV-8b766a03	M04-03	functions/pf-eccube3/m04-03_admin_stock_stock_bulk_edit.md	74	利用者視点の入口	商品検索一覧で商品を選び「在庫一括編集」を押下	`POST /%eccube_admin_route%/product/edit_bulk_update_stock`	選択した商品の規格を一覧化した在庫一括編集画面を表示する。商品未選択なら一覧へ戻す。	/product/edit_bulk_update_stock		
EV-3b3e7b89	M04-03	functions/pf-eccube3/m04-03_admin_stock_stock_bulk_edit.md	75	利用者視点の入口	在庫一括編集画面で「登録」を押下	`POST /%eccube_admin_route%/product/bulk_update_stock`	各規格の在庫数を増減して更新し、商品検索一覧へ戻る。検証エラー時は同一画面でエラーを表示する。	/product/bulk_update_stock		
EV-1b3980ba	M04-03	functions/pf-eccube3/m04-03_admin_stock_stock_bulk_edit.md	76	利用者視点の入口	「商品検索に戻る」を押下	`GET /%eccube_admin_route%/product/search/{page_no}`	セッションに保持したページ番号で商品検索一覧へ戻る。	/product/search/{page_no}		
EV-b7d2c73e	M04-03	functions/pf-eccube3/m04-03_admin_stock_stock_bulk_edit.md	241	画面遷移	商品未選択で在庫一括編集を押下	商品検索一覧（保持ページ）へリダイレクト。				
EV-90490b97	M04-03	functions/pf-eccube3/m04-03_admin_stock_stock_bulk_edit.md	242	画面遷移	在庫一括編集を表示	在庫一括編集画面を表示。				
EV-0f9793bd	M04-03	functions/pf-eccube3/m04-03_admin_stock_stock_bulk_edit.md	243	画面遷移	登録が検証エラー	同一画面を再表示。				
EV-e440b76e	M04-03	functions/pf-eccube3/m04-03_admin_stock_stock_bulk_edit.md	244	画面遷移	登録が成功	商品検索一覧（保持ページ）へリダイレクト。				
EV-988a5f90	M04-03	functions/pf-eccube3/m04-03_admin_stock_stock_bulk_edit.md	245	画面遷移	「商品検索に戻る」	商品検索一覧（保持ページ）。				
EV-8638c824	M04-03	functions/pf-eccube3/m04-03_admin_stock_stock_bulk_edit.md	251	遷移時に引き継ぐ状態	登録成功・商品未選択・戻るリンク	商品検索一覧の保持ページ番号をセッション `admin.product.search.page_no` から読む	商品検索一覧をその保持ページで表示する。			
EV-8483122d	M04-05	functions/pf-eccube3/m04-05_admin_stock_product_stock_custom_csv_export.md	56	利用者視点の入口	カスタムCSVの「在庫情報CSV出力」	`GET/POST /{admin_route}/custom_csv/export/{csvExtensionId}`	指定したカスタムCSVの出力項目で、在庫情報をCSVとして出力する。	/{admin_route}/custom_csv/export/{csvExtensionId};/POST		
EV-ff9d4a87	M04-05	functions/pf-eccube3/m04-05_admin_stock_product_stock_custom_csv_export.md	163	画面遷移	「在庫情報CSV出力」	画面遷移せずCSVを出力する				
EV-031d674d	M04-05	functions/pf-eccube3/m04-05_admin_stock_product_stock_custom_csv_export.md	164	画面遷移	カスタムCSVが存在しない	ページが見つからない扱い（404）				
EV-10702c14	M04-11	functions/pf-eccube3/m04-11_admin_stock_product_stock_history_csv_export.md	55	利用者視点の入口	在庫履歴の「CSV出力」	`GET/POST /{admin_route}/product/history/stock/export`	検索条件に従い、在庫変更履歴をCSVとして出力する。	/{admin_route}/product/history/stock/export;/POST		
EV-8f9c5cd0	M04-11	functions/pf-eccube3/m04-11_admin_stock_product_stock_history_csv_export.md	159	画面遷移	「CSV出力」	画面遷移せずCSVを出力する				
EV-c3792fc5	M04-16	functions/pf-eccube3/m04-16_admin_stock_product_stock_recommend_csv_export.md	60	利用者視点の入口	コンソールの商品バッチ	`product:batch ExportPopularProductRecommendCsv`	在庫リコメンド情報を集計し、所定のパスにCSVファイルを書き出す。			
EV-afd2b7cf	M04-17	functions/pf-eccube3/m04-17_admin_stock_stock_history_search_list.md	72	利用者視点の入口	価格・在庫一覧を開く	`GET /%eccube_admin_route%/product/history`	検索フォームを初期表示し、検索条件セッションを消去して一覧は空で表示する。	/product/history		
EV-22adb230	M04-17	functions/pf-eccube3/m04-17_admin_stock_stock_history_search_list.md	73	利用者視点の入口	「検索する」で送信	`POST /%eccube_admin_route%/product/history/search/1`	条件を検証・保持し、価格一覧と在庫一覧を1ページ目で組み立てて表示する。	/product/history/search/1		
EV-9c432ebf	M04-17	functions/pf-eccube3/m04-17_admin_stock_stock_history_search_list.md	74	利用者視点の入口	ページネーションでNページへ	`GET /%eccube_admin_route%/product/history/search/{page_no}`	セッションの検索条件で価格一覧のNページ目を表示する。	/product/history/search/{page_no}		
EV-89d5a40c	M04-17	functions/pf-eccube3/m04-17_admin_stock_stock_history_search_list.md	75	利用者視点の入口	表示件数プルダウン変更	`GET /%eccube_admin_route%/product/history/search/1?page_count=…`	ページマスタに存在する件数ならセッションへ保存し、その件数で分割する。	/product/history/search/1		
EV-46c05de7	M04-17	functions/pf-eccube3/m04-17_admin_stock_stock_history_search_list.md	76	利用者視点の入口	価格一覧のCSVダウンロード	`GET /%eccube_admin_route%/product/history/price/export`	価格変更履歴のCSVを出力する（本書では扱わない）。	/product/history/price/export		
EV-50c254f4	M04-17	functions/pf-eccube3/m04-17_admin_stock_stock_history_search_list.md	77	利用者視点の入口	在庫一覧のCSVダウンロード	`GET /%eccube_admin_route%/product/history/stock/export`	在庫変更履歴のCSVを出力する（M04-18 を正とする）。	/product/history/stock/export		M04-18
EV-9b6edcea	M04-17	functions/pf-eccube3/m04-17_admin_stock_stock_history_search_list.md	239	画面遷移	価格・在庫一覧を開く	同一画面（検索前の初期表示）。				
EV-31c4acca	M04-17	functions/pf-eccube3/m04-17_admin_stock_stock_history_search_list.md	240	画面遷移	検索する	同一画面（価格・在庫一覧を表示）。				
EV-b52bf1b4	M04-17	functions/pf-eccube3/m04-17_admin_stock_stock_history_search_list.md	241	画面遷移	ページネーション	同一画面の別ページ（価格一覧のページ送り）。				
EV-e3b0ace8	M04-17	functions/pf-eccube3/m04-17_admin_stock_stock_history_search_list.md	242	画面遷移	表示件数変更	同一画面（保存件数で再分割）。				
EV-dc4a91d2	M04-17	functions/pf-eccube3/m04-17_admin_stock_stock_history_search_list.md	243	画面遷移	在庫一覧の名称リンク（在庫履歴行）	規格編集など各行のリンク先（実装のリンク先に従う）。				
EV-69d99b89	M04-17	functions/pf-eccube3/m04-17_admin_stock_stock_history_search_list.md	249	遷移時に引き継ぐ状態	ページ送り・件数変更	検索条件・ページ番号・表示件数・ソートをセッション `admin.history.…` に保持	同一条件・指定ページで価格一覧と在庫一覧を再表示する。			
EV-93e028ce	M04-17	functions/pf-eccube3/m04-17_admin_stock_stock_history_search_list.md	250	遷移時に引き継ぐ状態	初期表示で開く	検索条件セッションを消去	価格一覧・在庫一覧とも空で表示する。			
EV-414fd17d	M04-18	functions/pf-eccube3/m04-18_admin_stock_stock_history_csv_export.md	69	利用者視点の入口	在庫一覧でCSVダウンロードを押下	`GET /%eccube_admin_route%/product/history/stock/export`	保持した在庫履歴検索条件で在庫変更履歴のCSVをストリーム出力し、ファイルとしてダウンロードさせる。	/product/history/stock/export		
EV-870f3a67	M04-18	functions/pf-eccube3/m04-18_admin_stock_stock_history_csv_export.md	227	画面遷移	CSVダウンロードを押下	画面遷移はせず、ファイルダウンロードのストリーム応答を返す。				
EV-3867fb90	M04-19	functions/pf-eccube3/m04-19_admin_stock_stock_shortage_history_search_list.md	71	利用者視点の入口	欠品履歴一覧を開く	`GET /%eccube_admin_route%/product/stockout/history`	検索フォームを初期表示し、検索条件セッションを消去して一覧は空で表示する。	/product/stockout/history		
EV-03fbd078	M04-19	functions/pf-eccube3/m04-19_admin_stock_stock_shortage_history_search_list.md	72	利用者視点の入口	「検索する」で送信	`POST /%eccube_admin_route%/product/stockout/history/search/1`	日付帯を検証・保持し、欠品履歴一覧を1ページ目で組み立てて表示する。	/product/stockout/history/search/1		
EV-d0c15bb3	M04-19	functions/pf-eccube3/m04-19_admin_stock_stock_shortage_history_search_list.md	73	利用者視点の入口	ページネーションでNページへ	`GET /%eccube_admin_route%/product/stockout/history/search/{page_no}`	セッションの検索条件で一覧のNページ目を表示する。	/product/stockout/history/search/{page_no}		
EV-41de3cc4	M04-19	functions/pf-eccube3/m04-19_admin_stock_stock_shortage_history_search_list.md	74	利用者視点の入口	表示件数プルダウン変更	`GET /%eccube_admin_route%/product/stockout/history/search/1?page_count=…`	ページマスタに存在する件数ならセッションへ保存し、その件数で分割する。	/product/stockout/history/search/1		
EV-99d07bf8	M04-19	functions/pf-eccube3/m04-19_admin_stock_stock_shortage_history_search_list.md	75	利用者視点の入口	一覧の商品名リンク	`GET /%eccube_admin_route%/product/product/{id}/class/{classId}/edit`（別タブ）	規格編集画面へ遷移する。	/product/product/{id}/class/{classId}/edit		
EV-48f3398a	M04-19	functions/pf-eccube3/m04-19_admin_stock_stock_shortage_history_search_list.md	76	利用者視点の入口	一覧の受注番号リンク	受注編集画面（別タブ）	受注編集画面へ遷移する。			
EV-a24acbbc	M04-19	functions/pf-eccube3/m04-19_admin_stock_stock_shortage_history_search_list.md	225	画面遷移	欠品履歴一覧を開く	同一画面（検索前の初期表示）。				
EV-ffe82cda	M04-19	functions/pf-eccube3/m04-19_admin_stock_stock_shortage_history_search_list.md	226	画面遷移	検索する	同一画面（一覧を表示）。				
EV-9999978f	M04-19	functions/pf-eccube3/m04-19_admin_stock_stock_shortage_history_search_list.md	227	画面遷移	ページネーション	同一画面の別ページ。				
EV-0b50112b	M04-19	functions/pf-eccube3/m04-19_admin_stock_stock_shortage_history_search_list.md	228	画面遷移	表示件数変更	同一画面（保存件数で再分割）。				
EV-7f994eaa	M04-19	functions/pf-eccube3/m04-19_admin_stock_stock_shortage_history_search_list.md	229	画面遷移	商品名リンク	規格編集画面（別タブ）。				
EV-ff470772	M04-19	functions/pf-eccube3/m04-19_admin_stock_stock_shortage_history_search_list.md	230	画面遷移	受注番号リンク	受注編集画面（別タブ）。				
EV-65a1c6b8	M04-19	functions/pf-eccube3/m04-19_admin_stock_stock_shortage_history_search_list.md	236	遷移時に引き継ぐ状態	ページ送り・件数変更	検索条件・ページ番号・表示件数・ソートをセッション `admin.stockout_history.…` に保持	同一条件・指定ページで一覧を再表示する。			
EV-3c8c28a7	M04-19	functions/pf-eccube3/m04-19_admin_stock_stock_shortage_history_search_list.md	237	遷移時に引き継ぐ状態	初期表示で開く	検索条件セッションを消去	一覧を空で表示する。			
EV-bb3e839e	M04-21	functions/pf-eccube3/m04-21_admin_stock_stock_csv_import.md	74	利用者視点の入口	在庫変更CSVアップロード画面を開く	`GET /%eccube_admin_route%/product/product_stock_csv_upload`	アップロードフォーム・変更理由・フォーマット表・雛形リンク・取込履歴を表示する。	/product/product_stock_csv_upload		
EV-c81bad83	M04-21	functions/pf-eccube3/m04-21_admin_stock_stock_csv_import.md	75	利用者視点の入口	CSVファイルと変更理由を送信	`POST /%eccube_admin_route%/product/product_stock_csv_upload`	検証後に1行ずつ在庫を更新し、結果メッセージとエラー行を同一画面に表示する。	/product/product_stock_csv_upload		
EV-6c26f18b	M04-21	functions/pf-eccube3/m04-21_admin_stock_stock_csv_import.md	76	利用者視点の入口	雛形ファイルダウンロード	`GET /%eccube_admin_route%/product/product_csv_template/stock`	在庫変更CSVの雛形を出力する。	/product/product_csv_template/stock		
EV-400f5d2c	M04-21	functions/pf-eccube3/m04-21_admin_stock_stock_csv_import.md	260	画面遷移	アップロード画面を開く	同一画面（フォーム・フォーマット・取込履歴を表示）。				
EV-0f6984e9	M04-21	functions/pf-eccube3/m04-21_admin_stock_stock_csv_import.md	261	画面遷移	アップロードが検証エラー・取込エラー	同一画面を再表示しエラーを表示。				
EV-435a3f51	M04-21	functions/pf-eccube3/m04-21_admin_stock_stock_csv_import.md	262	画面遷移	アップロードが成功	同一画面を再表示し成功フラッシュを表示。				
EV-278a8074	M04-21	functions/pf-eccube3/m04-21_admin_stock_stock_csv_import.md	263	画面遷移	雛形ファイルダウンロード	ファイルダウンロードのストリーム応答。				
EV-0a12ecd7	M04-31	functions/pf-eccube3/m04-31_admin_stock_stock_inventory_plan.md	65	利用者視点の入口	棚卸計画一覧を開く	`POST/GET /%eccube_admin_route%/product/inventory_plan/search/{page_no}`	棚卸計画を一覧表示する。各計画名から編集画面へ、新規登録ボタンから新規登録画面へ進める。	/GET;/product/inventory_plan/search/{page_no}		
EV-4a16a11c	M04-31	functions/pf-eccube3/m04-31_admin_stock_stock_inventory_plan.md	66	利用者視点の入口	新規登録画面を開く	`GET /%eccube_admin_route%/product/inventory_plan/new`	棚卸名・備考の入力フォームを表示する。	/product/inventory_plan/new		
EV-d2746a6e	M04-31	functions/pf-eccube3/m04-31_admin_stock_stock_inventory_plan.md	67	利用者視点の入口	新規登録を送信	`POST /%eccube_admin_route%/product/inventory_plan`	検証に成功すれば計画を登録し、登録した計画の編集画面へ遷移する。失敗すれば同一画面でエラーを表示する。	/product/inventory_plan		
EV-a853d301	M04-31	functions/pf-eccube3/m04-31_admin_stock_stock_inventory_plan.md	68	利用者視点の入口	編集画面を開く	`GET /%eccube_admin_route%/product/inventory_plan/{id}`	既存計画の棚卸名・備考と棚卸詳細一覧を表示する。	/product/inventory_plan/{id}		
EV-929f1980	M04-31	functions/pf-eccube3/m04-31_admin_stock_stock_inventory_plan.md	69	利用者視点の入口	更新を送信	`POST /%eccube_admin_route%/product/inventory_plan/{id}`	在庫反映済みでなく検証に成功すれば計画を更新し編集画面へ戻る。失敗または反映済みならエラーを表示する。	/product/inventory_plan/{id}		
EV-7f481ed6	M04-31	functions/pf-eccube3/m04-31_admin_stock_stock_inventory_plan.md	225	画面遷移	一覧の新規登録ボタン	棚卸計画新規登録画面。				
EV-4a7c5f00	M04-31	functions/pf-eccube3/m04-31_admin_stock_stock_inventory_plan.md	226	画面遷移	一覧の計画名リンク	棚卸計画編集画面。				
EV-55c298a5	M04-31	functions/pf-eccube3/m04-31_admin_stock_stock_inventory_plan.md	227	画面遷移	新規登録が成功	登録した計画の編集画面へリダイレクト。				
EV-e46f349c	M04-31	functions/pf-eccube3/m04-31_admin_stock_stock_inventory_plan.md	228	画面遷移	新規登録が検証エラー	新規登録画面を再表示。				
EV-ac5ec4aa	M04-31	functions/pf-eccube3/m04-31_admin_stock_stock_inventory_plan.md	229	画面遷移	更新が成功	編集画面へリダイレクト。				
EV-f039595f	M04-31	functions/pf-eccube3/m04-31_admin_stock_stock_inventory_plan.md	230	画面遷移	更新が検証エラー・在庫反映済み	編集画面へリダイレクトしエラーを表示。				
EV-c78a8096	M04-31	functions/pf-eccube3/m04-31_admin_stock_stock_inventory_plan.md	231	画面遷移	更新対象IDが存在しない	404。				
EV-1667208d	M04-31	functions/pf-eccube3/m04-31_admin_stock_stock_inventory_plan.md	237	遷移時に引き継ぐ状態	新規登録の成立	計画を永続化し作業者を設定	登録した計画の編集画面で保存値を表示。			
EV-5b0519e2	M04-31	functions/pf-eccube3/m04-31_admin_stock_stock_inventory_plan.md	238	遷移時に引き継ぐ状態	更新の成立	計画を永続化し作業者を更新	同じ編集画面で更新後の値を表示。			
EV-54e352bc	M05-01	functions/pf-eccube3/m05-01_admin_order_order_search_list.md	29	利用者視点の入口	管理画面ナビから受注一覧を開く	`GET /{admin_route}/order`	クエリに `page_no` も `resume` も無い通常GETの場合、検索条件は空に近い初期値、ページ1、表示件数はセッションまたは `eccube_default_page_count` に従う。対応状況のチェックが空ならキャンセル・引渡し済みステータスは検索対象外の条件が付く	/{admin_route}/order		
EV-4e154fc5	M05-01	functions/pf-eccube3/m05-01_admin_order_order_search_list.md	30	利用者視点の入口	ダッシュボード等からステータス件数リンクを踏む	`GET /{admin_route}/order?order_status_id=…`	クエリのステータスIDが単一選択状態としてフォーム初期データに載り、セッションの検索ビューデータも初期化される	/{admin_route}/order		
EV-e00014b2	M05-01	functions/pf-eccube3/m05-01_admin_order_order_search_list.md	31	利用者視点の入口	「検索」ボタンで送信	`POST /{admin_route}/order` または `POST /{admin_route}/order/page/{page_no}`	検証成功時のみ検索ビューデータとページ番号1がセッションへ書き込まれ、同一条件で一覧が組み立てられる	/{admin_route}/order;/{admin_route}/order/page/{page_no}		
EV-b6ddcfac	M05-01	functions/pf-eccube3/m05-01_admin_order_order_search_list.md	32	利用者視点の入口	ページリンクで移動	`GET /{admin_route}/order/page/{page_no}`	セッションに保存済みの検索ビューデータから復元し、指定ページを表示する	/{admin_route}/order/page/{page_no}		
EV-0e93fef6	M05-01	functions/pf-eccube3/m05-01_admin_order_order_search_list.md	33	利用者視点の入口	他画面から一覧へ戻る（検索状態維持）	`GET /{admin_route}/order?resume=1`	セッションの検索ビューデータとページ番号を復元して一覧を表示する	/{admin_route}/order		
EV-789185b1	M05-01	functions/pf-eccube3/m05-01_admin_order_order_search_list.md	34	利用者視点の入口	表示件数プルダウン変更	`GET /{admin_route}/order/page/1?page_count=…`	`page_count` がページマスタ `mtb_page_max` のいずれかの名前と一致するときだけセッションの表示件数が更新され、1ページ目が表示される	/{admin_route}/order/page/1		
EV-59724f56	M05-01	functions/pf-eccube3/m05-01_admin_order_order_search_list.md	35	利用者視点の入口	一覧ヘッダの並びアイコンをクリック	`POST /{admin_route}/order`（フォーム送信）	隠し項目 `sortkey` と `sorttype` が更新された状態で検索フォーム全体が送信され、検証成功時はページ1相当のセッション更新と並び替え付き一覧となる	/{admin_route}/order		
EV-07992385	M05-01	functions/pf-eccube3/m05-01_admin_order_order_search_list.md	36	利用者視点の入口	保存済み検索パターン名をクリック	`GET /{admin_route}/order/search/pattern/{pattern_id}`	DBから復号したビューデータでフォームが組み立てられ、セッション検索状態がその内容で上書きされる	/{admin_route}/order/search/pattern/{pattern_id}		
EV-1d5c8d2f	M05-01	functions/pf-eccube3/m05-01_admin_order_order_search_list.md	37	利用者視点の入口	検索パターン保存ボタン	`POST /{admin_route}/order/save/pattern`	パターン名が空ならエラーフラッシュ付きで `admin_order` に戻る。成功時はパターンがUPSERTされ、適用ルートへリダイレクトする	/{admin_route}/order/save/pattern	admin_order	
EV-79ac5100	M05-01	functions/pf-eccube3/m05-01_admin_order_order_search_list.md	38	利用者視点の入口	検索パターン削除ボタン	`POST /{admin_route}/order/delete/pattern/{pattern_id}`	パターン削除後、`admin_order` へリダイレクトする	/{admin_route}/order/delete/pattern/{pattern_id}	admin_order	
EV-9408e412	M05-01	functions/pf-eccube3/m05-01_admin_order_order_search_list.md	39	利用者視点の入口	一覧から受注日または注文番号のリンク	`GET /{admin_route}/order/{id}/edit`（ルート名は `m05-11_admin_order_order_edit`）	受注編集画面へ遷移する（詳細仕様は別書）	/{admin_route}/order/{id}/edit		
EV-e776db63	M05-01	functions/pf-eccube3/m05-01_admin_order_order_search_list.md	40	利用者視点の入口	パターンに保存された条件での件数をJSONで返す（一覧ヘッダからXHRで利用）	`GET /{admin_route}/order/count/pattern/{pattern_id}`	パターンに保存された条件での件数をJSONで返す（一覧ヘッダからXHRで利用）	/{admin_route}/order/count/pattern/{pattern_id}		
EV-e5876986	M05-01	functions/pf-eccube3/m05-01_admin_order_order_search_list.md	204	画面遷移	検索成功POST	同一一覧URLでテンプレート再描画（ページは1起点にセッション更新）				
EV-9c38e3a6	M05-01	functions/pf-eccube3/m05-01_admin_order_order_search_list.md	205	画面遷移	検索検証失敗	同一テンプレートでエラー表示、一覧領域は空メッセージ扱い				
EV-11eb0044	M05-01	functions/pf-eccube3/m05-01_admin_order_order_search_list.md	206	画面遷移	検索パターン保存で名称空	`admin_order` へリダイレクト			admin_order	
EV-74397724	M05-01	functions/pf-eccube3/m05-01_admin_order_order_search_list.md	207	画面遷移	検索パターン保存成功	`admin_order_search_pattern` へリダイレクト			admin_order_search_pattern	
EV-73d30d9a	M05-01	functions/pf-eccube3/m05-01_admin_order_order_search_list.md	208	画面遷移	削除成功	`admin_order` へリダイレクト			admin_order	
EV-57ff6248	M05-01	functions/pf-eccube3/m05-01_admin_order_order_search_list.md	209	画面遷移	一括処理完了ボタン（テンプレート上）	`GET /{admin_route}/order?resume=1`		/{admin_route}/order		
EV-282842b4	M05-02	functions/pf-eccube3/m05-02_admin_order_order_csv_export.md	29	利用者視点の入口	受注一覧で検索条件を確定したあと、上部「CSVダウンロード」から「受注CSVダウンロード」を開く	`GET /{admin_route}/order/export/order`（ルート名 `admin_order_export_order`）	直前までにセッションへ保存された受注検索条件と同一条件の注文明細がCSVとしてダウンロードされる。	/{admin_route}/order/export/order	admin_order_export_order	
EV-87b0dc77	M05-02	functions/pf-eccube3/m05-02_admin_order_order_csv_export.md	30	利用者視点の入口	検索条件を変えずにCSVだけ欲しい	上記と同じ	一覧表示直前にセッションへ書き込まれた検索データがそのまま使われる。一覧を開いていなくても、セッションに検索データが残っていればそれに従う。			
EV-e437026a	M05-02	functions/pf-eccube3/m05-02_admin_order_order_csv_export.md	181	画面遷移	一覧でリンクを開く	同一タブでファイルダウンロードが始まり、画面遷移はブラウザ次第。				
EV-53aded94	M05-02	functions/pf-eccube3/m05-02_admin_order_order_csv_export.md	182	画面遷移	ヘッダ送出前にコールバック内で例外	エラーページ表示やログ記録はフレームワーク既定に従う。				
EV-097b015b	M05-02	functions/pf-eccube3/m05-02_admin_order_order_csv_export.md	188	遷移時に引き継ぐ状態	受注一覧	検索フォーム送信やパターン適用でセッション検索データが更新済みであることが多い	新しいGETがそのセッションを読むだけなので、追加のセッション更新は出力処理では行わない。			
EV-34056733	M05-03	functions/pf-eccube3/m05-03_admin_order_order_custom_csv_export.md	39	利用者視点の入口	検索結果が1件以上あり一覧ブロックが描画された状態で、拡張名のリンクをクリック	`GET /{admin_route}/custom_csv/export/{csvExtensionId}`	直前まで一覧で使っていた受注検索条件と同じ抽出集合について、選択した拡張定義の列でCSVがダウンロードされる。	/{admin_route}/custom_csv/export/{csvExtensionId}		
EV-12f5dc66	M05-03	functions/pf-eccube3/m05-03_admin_order_order_custom_csv_export.md	40	利用者視点の入口	同ドロップダウンで「出力項目設定」を選ぶ	`GET /{admin_route}/setting/shop/custom_csv/3`（末尾は拡張編集時に`/{csvExtensionId}`が付く）	受注向けカスタムCSV設定画面が開く。	/{admin_route}/setting/shop/custom_csv/3;/{csvExtensionId}		
EV-cf74aea0	M05-03	functions/pf-eccube3/m05-03_admin_order_order_custom_csv_export.md	41	利用者視点の入口	検索結果0件（一覧のフォームブロック自体が無い）	—	ドロップダウンを含むCSV操作UIはテンプレート上、描画されない。			
EV-1580a30b	M05-03	functions/pf-eccube3/m05-03_admin_order_order_custom_csv_export.md	42	利用者視点の入口	受注用カスタムCSVの列や拡張名を編集する画面を開く。受注種別の実装値は数値3（`CsvType::CSV… | `GET /{admin_route}/setting/shop/custom_csv/{csvTypeId}/{csvExtensionId}` | 受注用カスタムCSVの列や拡張名を編集する画面を開く。受注種別の実装値は数値3（`CsvType::CSV_TYPE_ORDER`）。			/{admin_route}/setting/shop/custom_csv/{csvTypeId}/{csvExtensionId}		
EV-ef795287	M05-03	functions/pf-eccube3/m05-03_admin_order_order_custom_csv_export.md	185	画面遷移	受注一覧から拡張名リンク	同一タブで`GET`によりCSV応答。画面遷移は起きない。				
EV-6d4886c5	M05-03	functions/pf-eccube3/m05-03_admin_order_order_custom_csv_export.md	186	画面遷移	受注一覧から「出力項目設定」	`GET`でカスタムCSV設定画面。				
EV-d001e21b	M05-03	functions/pf-eccube3/m05-03_admin_order_order_custom_csv_export.md	192	遷移時に引き継ぐ状態	CSVダウンロード	セッションの受注検索キーは変えない	ブラウザがファイル保存またはプレビューを行う			
EV-38ecc77e	M05-03	functions/pf-eccube3/m05-03_admin_order_order_custom_csv_export.md	193	遷移時に引き継ぐ状態	設定画面	なし	別画面のフォーム初期状態			
EV-1eb8ecb0	M05-04	functions/pf-eccube3/m05-04_admin_order_order_shipping_csv_export.md	36	利用者視点の入口	受注一覧で「CSVダウンロード」から「出荷CSVダウンロード」を選ぶ	`GET /{admin_route}/order/export/shipping`	現在セッションにある受注検索条件と同一の絞り込み結果に対し、配送用の列定義でCSVがダウンロードされる。	/{admin_route}/order/export/shipping		
EV-a282ba85	M05-04	functions/pf-eccube3/m05-04_admin_order_order_shipping_csv_export.md	37	利用者視点の入口	ブラウザのアドレスバーやブックマークから同一パスを開く	`GET /{admin_route}/order/export/shipping`	セッションに検索状態があればそれを用いる。一覧を開いていなくても、セッションが残っていれば同条件で出力される。	/{admin_route}/order/export/shipping		
EV-3ecb2507	M05-04	functions/pf-eccube3/m05-04_admin_order_order_shipping_csv_export.md	171	画面遷移	一覧でリンクをクリック	同一タブでファイルダウンロードが開始され、一覧ページはそのまま残る確認値である（ブラウザ依存の挙動は利用者環境に委ねる）。				
EV-a6c1fc5d	M05-04	functions/pf-eccube3/m05-04_admin_order_order_shipping_csv_export.md	177	遷移時に引き継ぐ状態	受注一覧からのリンク	セッションの `eccube.admin.order.search` は変更しない	ダウンロード後も一覧の検索状態は維持される			
EV-8800a1f8	M05-05	functions/pf-eccube3/m05-05_admin_order_order_shipping_custom_csv_export.md	37	利用者視点の入口	受注一覧の「カスタム配送CSVダウンロード」ドロップダウンから、登録済みフォーマット名を選ぶ	`GET /{admin_route}/custom_csv/export/{csvExtensionId}`（`csvExtensionId`は選択肢ごとに異なる）	`Content-Disposition: attachment` のCSVがダウンロードされる。ファイル名は接頭辞`shipping_`と日時と`.csv`。	/{admin_route}/custom_csv/export/{csvExtensionId}		
EV-95d8e2eb	M05-05	functions/pf-eccube3/m05-05_admin_order_order_shipping_custom_csv_export.md	38	利用者視点の入口	同ドロップダウンの「出力項目設定」	`GET /{admin_route}/setting/shop/custom_csv/{csvTypeId}/…`（`csvTypeId`は配送Csv種別の整数）	配送向けカスタムCSVの設定画面へ遷移する。	/{admin_route}/setting/shop/custom_csv/{csvTypeId}		
EV-99bb9dab	M05-05	functions/pf-eccube3/m05-05_admin_order_order_shipping_custom_csv_export.md	39	利用者視点の入口	登録フォーマットが1件も無い	（ドロップダウン内にフォーマット名リンクは出ない）	設定画面への導線のみが残る。			
EV-ac6f2226	M05-05	functions/pf-eccube3/m05-05_admin_order_order_shipping_custom_csv_export.md	40	利用者視点の入口	受注一覧の表示と検索。配送カスタムCSVの抽出条件は本一覧と同一のセッション検索条件を読む。	`GET, POST /{admin_route}/order`	受注一覧の表示と検索。配送カスタムCSVの抽出条件は本一覧と同一のセッション検索条件を読む。	/{admin_route}/order		
EV-a93337bc	M05-05	functions/pf-eccube3/m05-05_admin_order_order_shipping_custom_csv_export.md	41	利用者視点の入口	カスタムCSVのフォーマットおよび列定義の設定画面。`csvTypeId` に配送CSV種別の数値を渡して開く。	`GET /{admin_route}/setting/shop/custom_csv/{csvTypeId}/{csvExtensionId}`	カスタムCSVのフォーマットおよび列定義の設定画面。`csvTypeId` に配送CSV種別の数値を渡して開く。	/{admin_route}/setting/shop/custom_csv/{csvTypeId}/{csvExtensionId}		
EV-ff262983	M05-05	functions/pf-eccube3/m05-05_admin_order_order_shipping_custom_csv_export.md	209	画面遷移	フォーマット名をクリック	同一タブでファイルダウンロードが開始され、受注一覧ページはそのまま残る。				
EV-3b0a252d	M05-05	functions/pf-eccube3/m05-05_admin_order_order_shipping_custom_csv_export.md	210	画面遷移	出力項目設定をクリック	店舗設定のカスタムCSV（配送種別）画面へGET遷移。				
EV-14bd911c	M05-05	functions/pf-eccube3/m05-05_admin_order_order_shipping_custom_csv_export.md	216	遷移時に引き継ぐ状態	カスタムCSVダウンロードリンク	セッションの受注検索は変更しない（読むのみ）。	ブラウザがファイル保存ダイアログまたは既定ダウンロードフォルダへ保存。一覧の表示状態は変わらない。			
EV-31f95fa0	M05-06	functions/pf-eccube3/m05-06_admin_order_order_bulk_manual_mail.md	44	利用者視点の入口	受注一覧で1件以上の配送行にチェックを入れ、「その他」→「メール一括通知」を押す	`GET /{admin_route}/order/manual_mail/mail_all?ids[]=…`（`form_bulk` をmethod GETに切り替えて送信するため、他の隠し項目がクエリに載る場合がある）	テンプレート未選択の一括手動メール入力画面が開く。件名・確認ボタンはテンプレート選択まで無効扱い	/{admin_route}/order/manual_mail/mail_all		
EV-56c5d5d7	M05-06	functions/pf-eccube3/m05-06_admin_order_order_bulk_manual_mail.md	45	利用者視点の入口	一覧で未チェックのまま「メール一括通知」を押す	（ブラウザが当ルートへ遷移しない）	`alert` で「チェックボックスが選択されていません」と表示し、遷移を止める			
EV-4cfcd371	M05-06	functions/pf-eccube3/m05-06_admin_order_order_bulk_manual_mail.md	46	利用者視点の入口	入力画面でテンプレートプルダウンを変更する	`GET /{admin_route}/order/manual_mail/mail_all/{templateId}?ids[]=…`	選択IDをクエリに付けたまま、本文プレビュー欄が再構築される（フルページ遷移）	/{admin_route}/order/manual_mail/mail_all/{templateId}		
EV-f1efa22e	M05-06	functions/pf-eccube3/m05-06_admin_order_order_bulk_manual_mail.md	47	利用者視点の入口	入力画面で「確認」を押す	`POST /{admin_route}/order/manual_mail/mail_all/{templateId}?ids[]=…`（`mode=confirm`）	検証成功時、先頭受注を用いた文面プレビュー付き確認画面を返す	/{admin_route}/order/manual_mail/mail_all/{templateId}		
EV-65f33db8	M05-06	functions/pf-eccube3/m05-06_admin_order_order_bulk_manual_mail.md	48	利用者視点の入口	確認画面で「送信」を押す	`POST` 同上（`mode=complete`）	受注ごとにメールを送り、成功フラッシュのうえ `admin_order` へリダイレクトする		admin_order	
EV-9bc3d406	M05-06	functions/pf-eccube3/m05-06_admin_order_order_bulk_manual_mail.md	49	利用者視点の入口	確認画面で「手動メール通知画面に戻る」	`GET /{admin_route}/order/manual_mail/mail_all/{templateId}?ids[]=…`	入力画面に戻る	/{admin_route}/order/manual_mail/mail_all/{templateId}		
EV-1debca62	M05-06	functions/pf-eccube3/m05-06_admin_order_order_bulk_manual_mail.md	50	利用者視点の入口	入力画面で「受注一覧に戻る」	`GET /{admin_route}/order/page/{page_no}` または相当（セッション `eccube.admin.order.search.page_no` の既定 1）	一覧へ戻る。離脱確認メッセージは共通リンクラベル用翻訳に依存する	/{admin_route}/order/page/{page_no}		
EV-e4894db7	M05-06	functions/pf-eccube3/m05-06_admin_order_order_bulk_manual_mail.md	172	画面遷移	一覧から入口URLへ遷移成功	一括手動メール入力（テンプレ未選または選択済み）				
EV-b96e75a0	M05-06	functions/pf-eccube3/m05-06_admin_order_order_bulk_manual_mail.md	173	画面遷移	入力で確認POST成功	確認画面				
EV-1cb82c6c	M05-06	functions/pf-eccube3/m05-06_admin_order_order_bulk_manual_mail.md	174	画面遷移	確認で送信POST成功	`admin_order`（受注一覧。クエリは付けない）			admin_order	
EV-9f371271	M05-06	functions/pf-eccube3/m05-06_admin_order_order_bulk_manual_mail.md	175	画面遷移	配送ID欠落エラー	`admin_order`			admin_order	
EV-d0a3da0d	M05-06	functions/pf-eccube3/m05-06_admin_order_order_bulk_manual_mail.md	176	画面遷移	`ids` 不正	404				
EV-d59a3209	M05-07	functions/pf-eccube3/m05-07_admin_order_order_labels_csv_export.md	35	利用者視点の入口	受注一覧で行をチェックし「送り状出力」を押す	`POST /{admin_route}/standby/labels`	フォームに含まれる `ids[]`（出荷 ID）について、該当データがあれば 1 受注につき最大 1 データ行の CSV がダウンロードされる。	/{admin_route}/standby/labels		
EV-5ea309b3	M05-07	functions/pf-eccube3/m05-07_admin_order_order_labels_csv_export.md	36	利用者視点の入口	出荷指示編集で行をチェックし「送り状出力」を押す	`POST /{admin_route}/standby/labels`	チェック済み行から `data-shipping-id` を読み取り、同一名の hidden `ids[]` をフォームに付け足してから送信する。出荷 ID の列表が手順どおり送られる。	/{admin_route}/standby/labels		
EV-81526620	M05-07	functions/pf-eccube3/m05-07_admin_order_order_labels_csv_export.md	37	利用者視点の入口	受注一覧でチェック無しのまま送信しようとする	（クリック時点で送信しない）	クライアントの `alert` で「チェックボックスが選択されていません」と返し、`preventDefault` する。			
EV-e3c3ba36	M05-07	functions/pf-eccube3/m05-07_admin_order_order_labels_csv_export.md	38	利用者視点の入口	`ids` が空または非配列でサーバに届く	`GET` または `POST` いずれも同エンドポイント	HTTP 404 応答となる。			
EV-f7e24e27	M05-07	functions/pf-eccube3/m05-07_admin_order_order_labels_csv_export.md	218	画面遷移	送り状出力が成功	現状ページを離れず、ブラウザがファイルダウンロードとして応答を扱う。				
EV-fd2b97ed	M05-07	functions/pf-eccube3/m05-07_admin_order_order_labels_csv_export.md	219	画面遷移	`ids` 不備	HTTP 404 応答。				
EV-3b235473	M05-08	functions/pf-eccube3/m05-08_admin_order_order_stack_paper_print.md	38	利用者視点の入口	受注一覧で配送行のチェックを付けて「スタック用紙印刷」を押す	`POST /{admin_route}/order/print/stack/window`（同一画面の一括フォームから子ウィンドウ向けに送信）	未選択ならアラート「チェックボックスが選択されていません」で中断。選択済みなら幅450高さ400の別ウィンドウを開き、フォームをPOSTする。子画面は「スタック用紙印刷中」と見出しのみの本文を表示し、読み込み完了後にJSON用エンドポイントへAJAX POSTする	/{admin_route}/order/print/stack/window		
EV-313a5650	M05-08	functions/pf-eccube3/m05-08_admin_order_order_stack_paper_print.md	39	利用者視点の入口	子ウィンドウ内の自動AJAX	`POST /{admin_route}/order/print/stack`	成功時はアラートで「印刷予約を受け付けました。」を表示し、ウィンドウを閉じる。失敗時はレスポンス本文の `message` をアラートし、本文が取れなければ固定のシステムエラー文を表示して閉じる	/{admin_route}/order/print/stack		
EV-ccc56de4	M05-08	functions/pf-eccube3/m05-08_admin_order_order_stack_paper_print.md	191	画面遷移	一覧で印刷ボタン押下（正常）	子ウィンドウが開き、同セッション内でAJAX後に子が閉じる。親URLは変わらない				
EV-c7682fc8	M05-08	functions/pf-eccube3/m05-08_admin_order_order_stack_paper_print.md	192	画面遷移	CSRF失敗・対象なし・未採番	子ウィンドウ内でアラート後に閉じる。親はそのまま				
EV-7c26c346	M05-08	functions/pf-eccube3/m05-08_admin_order_order_stack_paper_print.md	198	遷移時に引き継ぐ状態	一覧→子ウィンドウ	一括フォームに埋めた `ids[]` と `_token` をPOST	子は同じ `ids` をJSONでAJAXに載せ替え、新しいページ生成時点の `_token` を付与する			
EV-9b27b1e5	M05-09	functions/pf-eccube3/m05-09_admin_order_order_print_delivery_slips_ja.md	25	利用者視点の入口	受注一覧の「納品書印刷（日本語）」ボタン（一覧に配送行があること、かつチェックが1つ以上）	`POST /{admin_route}/order/print/delivery_slips/ja`（ルート `admin_delivery_slips_export`。固定で `lang=ja` をURLに含める）	空ウィンドウを開き、一覧のPOST先を上記に差し替えて送信する。国内配送フラグ一致の配送のみが対象となるHTMLが新規ウィンドウに表示される。	/{admin_route}/order/print/delivery_slips/ja	admin_delivery_slips_export	
EV-31945e3b	M05-09	functions/pf-eccube3/m05-09_admin_order_order_print_delivery_slips_ja.md	26	利用者視点の入口	チェックが無い状態で同名ボタンを押したとき	（送信しない）	"`alert(""チェックボックスが選択されていません"")` のみであり、ブラウザ遷移は起こさない。"			
EV-15e8923b	M05-09	functions/pf-eccube3/m05-09_admin_order_order_print_delivery_slips_ja.md	27	利用者視点の入口	（参考）一覧はGETのみ `admin_delivery_slips_export` を叩く運用になっていない	`GET …/ja`	クエリまたはパラメータに配送ID配列が欠けると異常応答となる。一覧UI経由での通常運用対象外。	/ja	admin_delivery_slips_export	
EV-e9a430c8	M05-09	functions/pf-eccube3/m05-09_admin_order_order_print_delivery_slips_ja.md	28	利用者視点の入口	PHPのタイム上限解除のあと、`ids[]` と内部結合用の配送マスタ海外フラグにより納品書データを構築し…	`POST /{admin_route}/order/print/delivery_slips/{lang}`	PHPのタイム上限解除のあと、`ids[]` と内部結合用の配送マスタ海外フラグにより納品書データを構築し、日本語HTMLを応答ボディへ載せて返す。	/{admin_route}/order/print/delivery_slips/{lang}		
EV-766ad799	M05-09	functions/pf-eccube3/m05-09_admin_order_order_print_delivery_slips_ja.md	29	利用者視点の入口	ルート要件上は許可されている。リクエストに妥当な配送ID配列が無いときは一覧一括実行と同一の異常経路となる…	`GET {lang}=ja`	ルート要件上は許可されている。リクエストに妥当な配送ID配列が無いときは一覧一括実行と同一の異常経路となる。一覧UIはPOSTのみ利用する。			
EV-10a508f2	M05-09	functions/pf-eccube3/m05-09_admin_order_order_print_delivery_slips_ja.md	181	画面遷移	一覧でチェック付与後にボタン成功	POSTに成功すると新規ウィンドウボディへ納品書HTMLのみを返す親ドキュメント。一覧ウィンドウ自身は自動遷移しない。				
EV-9901bd64	M05-09	functions/pf-eccube3/m05-09_admin_order_order_print_delivery_slips_ja.md	182	画面遷移	チェック無し	一覧に留まる。				
EV-eb88addc	M05-10	functions/pf-eccube3/m05-10_admin_order_order_print_delivery_slips_en.md	27	利用者視点の入口	受注一覧で複数行のチェックボックスを付け、「納品書印刷（英語）」を押す	`POST /{admin_route}/order/print/delivery_slips/en`	いずれの配送行もチェックされていなければ、日本語のアラート「チェックボックスが選択されていません」が出て送信しない。チェックがある場合、`700x700`程度の名前付きウィンドウを開き、同一フォームを`POST`して英語レイアウトのHTMLを表示する。	/{admin_route}/order/print/delivery_slips/en		
EV-b57df8fe	M05-10	functions/pf-eccube3/m05-10_admin_order_order_print_delivery_slips_en.md	28	利用者視点の入口	アドレス直打ちなどで配列なしまたは空で触る	`GET`または`POST`で`/order/print/delivery_slips/en`に対し`ids`が欠ける、または空配列・非配列	サーバ側で見つからないリソースとしてHTTP404となる。	/order/print/delivery_slips/en		
EV-162f83b7	M05-10	functions/pf-eccube3/m05-10_admin_order_order_print_delivery_slips_en.md	29	利用者視点の入口	`lang`が`ja`または`en`。本書では`en`のとき英語納品書HTMLを返す。リクエストボディまた…	`GET, POST /{admin_route}/order/print/delivery_slips/{lang}`	`lang`が`ja`または`en`。本書では`en`のとき英語納品書HTMLを返す。リクエストボディまたはクエリから`ids`配列（配送IDの整数）を受け取り、空または非配列ならHTTP404とする。	/{admin_route}/order/print/delivery_slips/{lang}		
EV-69b8f63a	M05-10	functions/pf-eccube3/m05-10_admin_order_order_print_delivery_slips_en.md	187	画面遷移	英語ボタン押下（チェック済み）	同一一覧タブからは残り、名前付き子ウィンドウに英語印刷HTMLへ`POST`。				
EV-8a435c2d	M05-10	functions/pf-eccube3/m05-10_admin_order_order_print_delivery_slips_en.md	188	画面遷移	英語ボタン押下（未チェック）	一覧に留まる。アラートのみ。				
EV-377aa1ec	M05-10	functions/pf-eccube3/m05-10_admin_order_order_print_delivery_slips_en.md	189	画面遷移	`ids`欠落または空でアクセス試行	404またはエラーのままウィンドウ内に表示される。一覧タブとは独立。				
EV-f2849911	M05-11	functions/pf-eccube3/m05-11_admin_order_order_edit.md	25	利用者視点の入口	受注一覧などから既存受注の編集へ遷移	`GET /{admin_route}/order/{id}/edit`	認証済み管理者として編集テンプレートが返る。存在しない `id` は HTTP 404。	/{admin_route}/order/{id}/edit		
EV-d10efe19	M05-11	functions/pf-eccube3/m05-11_admin_order_order_edit.md	26	利用者視点の入口	送信・再計算・登録（フォームの `action` は `?` で現 URL に POST）	`POST /{admin_route}/order/{id}/edit`	`mode` と検証結果に応じてフラッシュメッセージ付き同一編集 URL へリダイレクトする、または検証エラーで同画面再描画する。	/{admin_route}/order/{id}/edit		
EV-92e129d0	M05-11	functions/pf-eccube3/m05-11_admin_order_order_edit.md	27	利用者視点の入口	会員検索モーダルで検索実行	`POST /{admin_route}/order/search/customer/html`	検索キーワードをセッションに保存し、会員一覧 HTML 断片がモーダル内に差し込まれる。	/{admin_route}/order/search/customer/html		
EV-9f3eecb5	M05-11	functions/pf-eccube3/m05-11_admin_order_order_edit.md	28	利用者視点の入口	会員検索結果の次ページ	`GET /{admin_route}/order/search/customer/html/page/{page_no}`	セッションに保存した条件でページングした HTML 断片が返る。	/{admin_route}/order/search/customer/html/page/{page_no}		
EV-6c7ba0e3	M05-11	functions/pf-eccube3/m05-11_admin_order_order_edit.md	29	利用者視点の入口	商品追加モーダルで検索実行	`POST /{admin_route}/search/product`	店舗 ID・在庫ロケ等を含む検索条件をセッションに保存し、商品一覧 HTML 断片が返る。	/{admin_route}/search/product		
EV-f3e13adb	M05-11	functions/pf-eccube3/m05-11_admin_order_order_edit.md	30	利用者視点の入口	商品検索結果の次ページ	`GET /{admin_route}/search/product/page/{page_no}`	セッション条件のままページング HTML が返る。	/{admin_route}/search/product/page/{page_no}		
EV-e516916a	M05-11	functions/pf-eccube3/m05-11_admin_order_order_edit.md	31	利用者視点の入口	納品書印刷ボタン	`GET /{admin_route}/order/{id}/print/delivery`	新しいウィンドウで納品書用テンプレートが開く。	/{admin_route}/order/{id}/print/delivery		
EV-dfb60d25	M05-11	functions/pf-eccube3/m05-11_admin_order_order_edit.md	32	利用者視点の入口	会員 ID 指定の会員情報 JSON。XMLHttpRequest かつ CSRF 検証に成功しないと H…	`POST /{admin_route}/order/search/customer/id`	会員 ID 指定の会員情報 JSON。XMLHttpRequest かつ CSRF 検証に成功しないと HTTP 400。	/{admin_route}/order/search/customer/id		
EV-54ead78d	M05-11	functions/pf-eccube3/m05-11_admin_order_order_edit.md	33	利用者視点の入口	「その他明細」モーダル用の手数料・送料・値引きの組み合わせ一覧 HTML。XMLHttpRequest か…	`POST /{admin_route}/order/search/order_item_type`	「その他明細」モーダル用の手数料・送料・値引きの組み合わせ一覧 HTML。XMLHttpRequest かつ CSRF 検証が前提。	/{admin_route}/order/search/order_item_type		
EV-60d5d895	M05-11	functions/pf-eccube3/m05-11_admin_order_order_edit.md	258	画面遷移	保存成功、`return_link` 解釈可	解釈された内部ルート				
EV-48598c14	M05-11	functions/pf-eccube3/m05-11_admin_order_order_edit.md	259	画面遷移	保存成功、上記以外	`m05-11_admin_order_order_edit` 同一 ID				
EV-233abd04	M05-11	functions/pf-eccube3/m05-11_admin_order_order_edit.md	260	画面遷移	受注一覧／一覧再開リンク	`admin_order` または `admin_order_page`（セッションのページ番号）			admin_order;admin_order_page	
EV-238544e0	M05-11	functions/pf-eccube3/m05-11_admin_order_order_edit.md	261	画面遷移	配送編集（複数・単一の導線）	`admin_shipping_edit`（未保存警告モーダル経由可）			admin_shipping_edit	
EV-83d0cc83	M05-11	functions/pf-eccube3/m05-11_admin_order_order_edit.md	262	画面遷移	メール作成	`m05-15_admin_order_order_mail`				
EV-b72dde11	M05-11	functions/pf-eccube3/m05-11_admin_order_order_edit.md	263	画面遷移	納品書印刷	`admin_order_print_delivery_slips` を新窓			admin_order_print_delivery_slips	
EV-37f9b77e	M05-11	functions/pf-eccube3/m05-11_admin_order_order_edit.md	269	遷移時に引き継ぐ状態	未保存のまま別画面へ移る確認モーダルで保存を選ぶ	`return_link` と隠し `mode=register` を付与して submit	保存成功なら `return_link` 先、失敗なら編集画面にエラー			
EV-e8f098f0	M05-11	functions/pf-eccube3/m05-11_admin_order_order_edit.md	270	遷移時に引き継ぐ状態	会員／商品検索モーダル	POST 条件をセッションキーへ保存	次ページ GET は同条件を読み戻す			
EV-e593eea6	M05-18	functions/pf-eccube3/m05-18_admin_order_order_shipping_standby_list_create.md	27	利用者視点の入口	ナビ「受注管理」→「出荷指示」で一覧画面を開き、上部カード「生成」を展開して条件を入れ送信	`POST /{admin_route}/order/generate/standby`	検証成功かつ抽出が1件以上なら区分ごとにリストが増え、対象受注に出荷指示日と対応状況「出荷指示」が入る。成功フラッシュのうえ同画面ルートへ戻る	/{admin_route}/order/generate/standby		
EV-0fe1a994	M05-18	functions/pf-eccube3/m05-18_admin_order_order_shipping_standby_list_create.md	28	利用者視点の入口	同上だが抽出0件	`POST /{admin_route}/order/generate/standby`	エラーフラッシュのうえ一覧ルートへ戻る。DBは更新しない	/{admin_route}/order/generate/standby		
EV-c5bfc76f	M05-18	functions/pf-eccube3/m05-18_admin_order_order_shipping_standby_list_create.md	29	利用者視点の入口	同上だがフォーム検証失敗	`POST /{admin_route}/order/generate/standby`	エラーフラッシュのうえ一覧ルートへ戻る	/{admin_route}/order/generate/standby		
EV-a08d5f2f	M05-18	functions/pf-eccube3/m05-18_admin_order_order_shipping_standby_list_create.md	198	画面遷移	生成POSTが成功	`admin_shipping_standby`（出荷指示一覧の検索ルート）へリダイレクト			admin_shipping_standby	
EV-77ef3637	M05-18	functions/pf-eccube3/m05-18_admin_order_order_shipping_standby_list_create.md	199	画面遷移	検証失敗・抽出0件・引数例外	同上				
EV-72058aea	M05-18	functions/pf-eccube3/m05-18_admin_order_order_shipping_standby_list_create.md	205	遷移時に引き継ぐ状態	生成POST	フラッシュへ成功またはエラーを格納	一覧側のGET初期表示または一覧が持つセッション復元規則に従う。生成フォームは空の新規状態で再描画されうる			
EV-f2fb1185	M05-19	functions/pf-eccube3/m05-19_admin_order_order_shipping_standby_list_search.md	27	利用者視点の入口	ナビ「出荷指示」	`GET /{admin_route}/standby/search`	ページクエリに正のページ番号が無ければ、空の検索フォームと生成カードを返し、一覧ブロックは描画しない（`pagination` が空相当）。	/{admin_route}/standby/search		
EV-ae445025	M05-19	functions/pf-eccube3/m05-19_admin_order_order_shipping_standby_list_search.md	28	利用者視点の入口	「検索する」ボタン	通常 `POST /{admin_route}/standby/search`（フォームの `action` は `path('admin_shipping_standby', { page_no: 1 })` によりクエリに `page_no=1` が付く場合がある）	送信内容を処理し、条件とソートで一覧を 1 ページ目から表示。条件とページ情報をセッションへ保存する。	/{admin_route}/standby/search		
EV-52a86c98	M05-19	functions/pf-eccube3/m05-19_admin_order_order_shipping_standby_list_search.md	29	利用者視点の入口	ページネーションのリンク	`GET /{admin_route}/standby/search?page_no=N`（他に既存クエリがマージされる）	セッションの検索条件とソートを復元し、N ページ目を表示する。	/{admin_route}/standby/search		
EV-5ec25357	M05-19	functions/pf-eccube3/m05-19_admin_order_order_shipping_standby_list_search.md	30	利用者視点の入口	表示件数プルダウン	各 `option` の `value` は `GET /{admin_route}/standby/search?page_no=1&page_count=…` 形式の URL 文字列	他一覧画面では `#page_count_pulldown` の `change` で `location.href` を変える実装があるが、当 `index.twig` の `javascript` ブロックは空であり、同一パターンのハンドラは載っていない。プルダウンだけでは自動遷移しない実装である。	/{admin_route}/standby/search		
EV-88462280	M05-19	functions/pf-eccube3/m05-19_admin_order_order_shipping_standby_list_search.md	31	利用者視点の入口	出荷指示番号のリンクまたは行メニューの編集	`GET /{admin_route}/standby/{id}/edit`	編集画面へ遷移（本書範囲外）。	/{admin_route}/standby/{id}/edit		
EV-f24e8eff	M05-19	functions/pf-eccube3/m05-19_admin_order_order_shipping_standby_list_search.md	32	利用者視点の入口	パスパラメータ `page_no`（1 以上の数字）でページ指定。内部では `index` の `$pag… | `GET /{admin_route}/standby/page/{page_no}` | パスパラメータ `page_no`（1 以上の数字）でページ指定。内部では `index` の `$page_no` 引数が使われ、セッションから検索条件を復元して一覧を表示する経路として定義されている。			/{admin_route}/standby/page/{page_no}		
EV-327102c9	M05-19	functions/pf-eccube3/m05-19_admin_order_order_shipping_standby_list_search.md	198	画面遷移	ナビから開く（GET、ページクエリなし）	同一 URL の初期状態。				
EV-51b75fd2	M05-19	functions/pf-eccube3/m05-19_admin_order_order_shipping_standby_list_search.md	199	画面遷移	検索送信成功	同一 URL 上で結果描画。				
EV-3c4a78cb	M05-19	functions/pf-eccube3/m05-19_admin_order_order_shipping_standby_list_search.md	200	画面遷移	ページリンク	同一ルートにクエリ `page_no` を付与した GET。				
EV-ffab34ea	M05-19	functions/pf-eccube3/m05-19_admin_order_order_shipping_standby_list_search.md	201	画面遷移	出荷指示 ID リンク	編集ルート（本書範囲外）。				
EV-704d793b	M05-19	functions/pf-eccube3/m05-19_admin_order_order_shipping_standby_list_search.md	207	遷移時に引き継ぐ状態	ページネーション	セッションに既に保存された検索ビュー・ソート・表示件数を読む	指定ページの行集合			
EV-9d5d3a36	M05-19	functions/pf-eccube3/m05-19_admin_order_order_shipping_standby_list_search.md	208	遷移時に引き継ぐ状態	ブラウザで別画面へ一度離脱後、クエリ付き GET で戻る	セッションが残っていれば同条件で復元	セッションが失われていれば `index` 側でフォームのみ等に戻る動きになる			
EV-b8d22a97	M05-20	functions/pf-eccube3/m05-20_admin_order_order_shipping_standby_detail_edit_delete.md	27	利用者視点の入口	出荷指示一覧で番号リンクまたは「編集」から詳細を開く	`GET /{admin_route}/standby/{id}/edit`	備考・登録日時・最終更新者・紐付く受注一覧が表示される。	/{admin_route}/standby/{id}/edit		
EV-3fbb4acb	M05-20	functions/pf-eccube3/m05-20_admin_order_order_shipping_standby_detail_edit_delete.md	28	利用者視点の入口	詳細で備考を入力し「登録」相当の送信ボタンを押す	`POST /{admin_route}/standby/{id}/update`	CSRF 付きフォームが検証を通れば備考が保存され、フラッシュ成功のうえ同一詳細へ戻る。	/{admin_route}/standby/{id}/update		
EV-4d6ae6de	M05-20	functions/pf-eccube3/m05-20_admin_order_order_shipping_standby_detail_edit_delete.md	29	利用者視点の入口	詳細または一覧のドロップダウンから「リスト削除」相当のリンクを辿る（アンカーに METHOD 上書きと CSRF 属性が付く）	`DELETE /{admin_route}/standby/{id}/delete`	トークン確認後、リスト削除と関連受注の出荷指示日クリアが行われ、一覧の入口へ戻る。	/{admin_route}/standby/{id}/delete		
EV-378f2e36	M05-20	functions/pf-eccube3/m05-20_admin_order_order_shipping_standby_detail_edit_delete.md	191	画面遷移	一覧から番号・編集	`GET` 詳細				
EV-d66aa378	M05-20	functions/pf-eccube3/m05-20_admin_order_order_shipping_standby_detail_edit_delete.md	192	画面遷移	備考保存成功	`GET` 同一詳細				
EV-e09664fc	M05-20	functions/pf-eccube3/m05-20_admin_order_order_shipping_standby_detail_edit_delete.md	193	画面遷移	備考保存失敗（検証など）	`GET` 詳細（エラーフラッシュ）				
EV-724840cb	M05-20	functions/pf-eccube3/m05-20_admin_order_order_shipping_standby_detail_edit_delete.md	194	画面遷移	削除成功（現行の多くのケース）	`GET` 出荷指示一覧入口 `admin_shipping_standby`			admin_shipping_standby	
EV-e8044297	M05-20	functions/pf-eccube3/m05-20_admin_order_order_shipping_standby_detail_edit_delete.md	195	画面遷移	削除成功（セッションに誤キーで無いページ番号があった場合など）	ルート `admin_shipping_standby_search` を指す生成がコード上あるがルート未定義のリスクがある			admin_shipping_standby_search	
EV-ddeec30c	M05-20	functions/pf-eccube3/m05-20_admin_order_order_shipping_standby_detail_edit_delete.md	201	遷移時に引き継ぐ状態	備考保存・保存失敗	フラッシュメッセージを積む	詳細再描画でメッセージ表示			
EV-e44c5746	M05-20	functions/pf-eccube3/m05-20_admin_order_order_shipping_standby_detail_edit_delete.md	202	遷移時に引き継ぐ状態	削除成功	フラッシュ成功を積む	一覧側は検索セッションに依存して初期表示または前回検索の復元が行われる（一覧実装を正とする）			
EV-27382c1c	M05-21	functions/pf-eccube3/m05-21_admin_order_order_shipping_standby_picking_list_print.md	36	利用者視点の入口	ナビから受注管理に相当するメニューを開き、「出荷指示リスト」一覧からスタンバイを選んで編集を開く	`GET /{admin_route}/standby/{id}/edit`（ルート名 `admin_shipping_standby_edit`）	コメント用フォームと、紐づく受注表（チェックは初期ですべてオン）、一括操作ボタン行が現れる（詳細は出荷指示編集の別設計を正）。	/{admin_route}/standby/{id}/edit	admin_shipping_standby_edit	
EV-7db71a61	M05-21	functions/pf-eccube3/m05-21_admin_order_order_shipping_standby_picking_list_print.md	37	利用者視点の入口	印刷に含める受注だけチェックを残し、「ピッキングリスト印刷」を押す	`POST /{admin_route}/standby/{id}/print/picking`（別ウィンドウ `newwin`）	親画面の `#form_bulk` の `action` が当パスになり `target=newwin` で送信され、ウィンドウ内に単体のピッキングリストHTMLが表示される。送信のたび隠し `name=id` と値 `ja` が追記されるが、サーバは印刷結果にこれを参照しない。	/{admin_route}/standby/{id}/print/picking		
EV-e2191147	M05-21	functions/pf-eccube3/m05-21_admin_order_order_shipping_standby_picking_list_print.md	38	利用者視点の入口	チェックをすべて外してからピッキング印刷を押す	上記POST	`order_ids` が実質なくなり、注文ID配列が空になる。Doctrine の IN パラメタとDB方言の組み合わせにより例外や空結果になりうる。			
EV-1d171393	M05-21	functions/pf-eccube3/m05-21_admin_order_order_shipping_standby_picking_list_print.md	39	利用者視点の入口	アドレスへ直接 `/print/picking` を叩く（GET）	`GET /{admin_route}/standby/{id}/print/picking`	本文にチェック状態が載らず `order_ids` が無いときは空集合扱いになりうる。	/{admin_route}/standby/{id}/print/picking;/print/picking		
EV-ca0684b7	M05-21	functions/pf-eccube3/m05-21_admin_order_order_shipping_standby_picking_list_print.md	181	画面遷移	編集ページでピッキング実行	POSTで別ウィンドウに単体ページ。親は同一URL編集画面のまま。				
EV-3d19e55d	M05-21	functions/pf-eccube3/m05-21_admin_order_order_shipping_standby_picking_list_print.md	182	画面遷移	無効または存在しないスタンバイ `id`	404。				
EV-c72a1fbb	M05-21	functions/pf-eccube3/m05-21_admin_order_order_shipping_standby_picking_list_print.md	188	遷移時に引き継ぐ状態	編集から印刷ウィンドウ	チェック集合をフォーム送信するのみ	共通ナビ無し単体レイアウト			
EV-be8c51c4	M05-22	functions/pf-eccube3/m05-22_admin_order_order_shipping_standby_print_delivery_slips_ja.md	36	利用者視点の入口	ナビ「受注管理」→「出荷指示リスト」→検索で対象リストを選択し、`admin_shipping_standby_edit` の編集を開いたうえで、少なくとも1件オンで「納品書印刷（日本語）」を押したとき	`POST /{admin_route}/standby/（出荷指示リスト主キー）/print/delivery/ja`	`window.open` で空ウィンドウを開く。`#form_bulk` の `action` を上記、`target` を `newwin` にセットしてPOSTし、ウィンドウ内に国内配送条件を満たして組み立てたHTML納品書を表示する。	/{admin_route}/standby;/print/delivery/ja	admin_shipping_standby_edit	
EV-ce00adff	M05-22	functions/pf-eccube3/m05-22_admin_order_order_shipping_standby_print_delivery_slips_ja.md	37	利用者視点の入口	画面上でオン受注キー一覧が空になるPOST（チェックオフのみ等）	（上記と同様のPOST URL）	サーバ側でアクセス不存在に相当する異常応答となる。			
EV-19191b96	M05-22	functions/pf-eccube3/m05-22_admin_order_order_shipping_standby_print_delivery_slips_ja.md	38	利用者視点の入口	メソッドがGETのみでリクエストにオン受注キー一覧が載らない	`GET /{admin_route}/standby/（リスト主キー）/print/delivery/ja`	POSTと同種の異常応答となる。編集画面上のウィンドウPOST運用とは別検証となる。	/{admin_route}/standby;/print/delivery/ja		
EV-2ae95096	M05-22	functions/pf-eccube3/m05-22_admin_order_order_shipping_standby_print_delivery_slips_ja.md	39	利用者視点の入口	`order_ids` 連想入力のオンキーを受注主キー一覧として読み、当該出荷指示リストに属する送信対象受…	`POST /{admin_route}/standby/{id}/print/delivery/{lang}`	`order_ids` 連想入力のオンキーを受注主キー一覧として読み、当該出荷指示リストに属する送信対象受注だけに絞り、それらにぶら下がる各配送について配送主キーを一意に集める。続けて納品書データ組み立てのうち日本語向けとなる国内配送フラグ条件を渡したあと、`delivery_slips.ja.twig` を応答ボディへ返す。	/{admin_route}/standby/{id}/print/delivery/{lang}		
EV-eca60bc7	M05-22	functions/pf-eccube3/m05-22_admin_order_order_shipping_standby_print_delivery_slips_ja.md	40	利用者視点の入口	メソッド制約として許容される。画面上の通常運用ではPOST主体。GETで本文にオン状態に相当する `ord… | `GET {lang}=ja` | メソッド制約として許容される。画面上の通常運用ではPOST主体。GETで本文にオン状態に相当する `order_ids` が載らない場合は異常応答となる。					
EV-f9fb536e	M05-22	functions/pf-eccube3/m05-22_admin_order_order_shipping_standby_print_delivery_slips_ja.md	195	画面遷移	ボタン成功後	編集ウィンドウ（親）はその場にとどまる。子ウィンドウのみ納品書HTMLが表示される。				
EV-2c0c2e16	M05-23	functions/pf-eccube3/m05-23_admin_order_order_shipping_standby_print_delivery_slips_en.md	35	利用者視点の入口	出荷指示リスト編集を表示する	`GET /{admin_route}/standby/{id}/edit`	リストに含まれる受注が表で並び、各行先頭に既定でオンになったチェックボックス`order_ids[受注ID]`がある。上部に「納品書印刷（英語）」相当ボタン`printDeliverySlipsEn`がある。	/{admin_route}/standby/{id}/edit		
EV-d8f2d425	M05-23	functions/pf-eccube3/m05-23_admin_order_order_shipping_standby_print_delivery_slips_en.md	36	利用者視点の入口	表の行チェック状態を保ったまま「納品書印刷（英語）」を押す	`POST /{admin_route}/standby/{id}/print/delivery/en`	空の名前付きウィンドウを開き、`form_bulk`に載る`order_ids`と他フィールドをPOSTして、子ウィンドウ内に英語納品書HTMLを表示する。	/{admin_route}/standby/{id}/print/delivery/en		
EV-f1e58226	M05-23	functions/pf-eccube3/m05-23_admin_order_order_shipping_standby_print_delivery_slips_en.md	37	利用者視点の入口	チェック済み受注がリストに無い・配送が解決できない・`order_ids`が実質空	POST先は上記と同じ	HTTP 404応答となる。			
EV-ce371523	M05-23	functions/pf-eccube3/m05-23_admin_order_order_shipping_standby_print_delivery_slips_en.md	38	利用者視点の入口	アドレス直打ちで存在しない`{id}`またはGETのみで本文にオン項目が無い	`GET /{admin_route}/standby/{id}/print/delivery/en`	リスト未検出時はHTTP 404。GETのみでは`order_ids`が読み取れずHTTP 404となる。	/{admin_route}/standby/{id}/print/delivery/en		
EV-1cbb72dc	M05-23	functions/pf-eccube3/m05-23_admin_order_order_shipping_standby_print_delivery_slips_en.md	39	利用者視点の入口	`{id}`は出荷指示リストの整数主キー。`{lang}`は`ja`または`en`のみ許可される。POST…	`POST /{admin_route}/standby/{id}/print/delivery/{lang}`	`{id}`は出荷指示リストの整数主キー。`{lang}`は`ja`または`en`のみ許可される。POST本文の`order_ids`連想配列からチェック済み受注IDを解釈し、当該リストに属するそれら受注の全配送主キーを重複なく集約したうえで納品書データを組み立て、`generateDeliverySlips`へ渡す際に第1引数を真にして海外配送フラグが真と結合できる配送だけが残る。	/{admin_route}/standby/{id}/print/delivery/{lang}		
EV-8c145094	M05-23	functions/pf-eccube3/m05-23_admin_order_order_shipping_standby_print_delivery_slips_en.md	40	利用者視点の入口	メソッドはルート要件上許可される。本文にオン状態のチェックが載らない通常GETでは`order_ids`が…	`GET {lang}=en`	メソッドはルート要件上許可される。本文にオン状態のチェックが載らない通常GETでは`order_ids`が読み取れずHTTP 404となる。編集画面からのウィンドウPOSTが主運用である。			
EV-119c0549	M05-23	functions/pf-eccube3/m05-23_admin_order_order_shipping_standby_print_delivery_slips_en.md	194	画面遷移	「納品書印刷（英語）」押下	親タブは編集画面のまま。子ウィンドウが英語納品書HTMLを表示する。				
EV-b6ab8bbf	M05-23	functions/pf-eccube3/m05-23_admin_order_order_shipping_standby_print_delivery_slips_en.md	195	画面遷移	404応答	子ウィンドウ内にエラー表示。親は自動では遷移しない。				
EV-aa2c8289	M05-24	functions/pf-eccube3/m05-24_admin_order_order_shipping_export_for_import.md	36	利用者視点の入口	受注メニューの出荷指示（出荷待ち）詳細ページで一覧のチェック付きを残し「出荷実績入力用CSVダウンロード」ボタンを押す	`POST /{admin_route}/order/export/order`	`order_ids[<受注内部ID>]`が送られ、共通CSV出力サービスでエンコード・区切り付きのCSVファイルが応答となる。ブラウザのダウンロード挙動は利用者環境に委ねる。	/{admin_route}/order/export/order		
EV-d6f14d6c	M05-24	functions/pf-eccube3/m05-24_admin_order_order_shipping_export_for_import.md	37	利用者視点の入口	上記一覧でチェック済みが1件も送られなかった場合	（同一POSTの前段でフラッシュのみ）	エラーフラッシュ`admin.common.select`相当の文言となり、`Referer`ヘッダがあればそこへ、無ければ`admin_order`へリダイレクトする確認値となる。ステータスはリダイレクト応答のフレームワーク既定に従う。		admin_order	
EV-609c58f7	M05-24	functions/pf-eccube3/m05-24_admin_order_order_shipping_export_for_import.md	38	利用者視点の入口	ストリーム直前までにデータ取得が論外終了した場合	（同一POSTまたはGETの処理分岐による）	エラーフラッシュに例外または翻訳メッセージを載せ、`Referer`優先または`admin_order`へリダイレクトする確認値となる。		admin_order	
EV-19d75d16	M05-24	functions/pf-eccube3/m05-24_admin_order_order_shipping_export_for_import.md	182	画面遷移	一覧から正常にダウンロードが成功	画面上は出荷指示編集ページのままになりうる確認値であり、応答本体は別ストリーム。				
EV-0a8bcb5e	M05-24	functions/pf-eccube3/m05-24_admin_order_order_shipping_export_for_import.md	183	画面遷移	選択欠損・論外によりリダイレクト	RefererヘッダのURLまたは受注一覧`admin_order`。			admin_order	
EV-15762095	M05-26	functions/pf-eccube3/m05-26_admin_order_order_shipping_result_csv_import.md	34	利用者視点の入口	側メニュー「受注管理」配下などから当画面へ遷移	`GET /{admin_route}/order/shipping_result_csv/import`	アップロードフォームと、列一覧のヒントとなるフォーマット表が表示される。	/{admin_route}/order/shipping_result_csv/import		
EV-7b4ef859	M05-26	functions/pf-eccube3/m05-26_admin_order_order_shipping_result_csv_import.md	35	利用者視点の入口	「CSV，TSVファイルのアップロード」を押してファイル送信	`POST /{admin_route}/order/shipping_result_csv/upload`	送信ファイルが処理され、成否メッセージとともに同系の一覧画面へリダイレクトされる構成になる。	/{admin_route}/order/shipping_result_csv/upload		
EV-fa0d3585	M05-26	functions/pf-eccube3/m05-26_admin_order_order_shipping_result_csv_import.md	174	画面遷移	画面初期表示または成功・失敗復帰	`GET …/shipping_result_csv/import` 相当へ戻り、フラッシュのみが変わる。		/shipping_result_csv/import		
EV-6722b5e7	M05-27	functions/pf-eccube3/m05-27_admin_order_order_waiting_tag.md	35	利用者視点の入口	管理画面ナビ「受注管理」配下の「店頭注文番号札管理」	`GET /{admin_route}/order/waiting_tag`	選択店舗の注文番号札一覧と新規登録フォームが表示される。	/{admin_route}/order/waiting_tag		
EV-1ae6e9b0	M05-27	functions/pf-eccube3/m05-27_admin_order_order_waiting_tag.md	36	利用者視点の入口	画面上の店名プルダウンを変更する（JavaScript がフォーム送信）	`POST /{admin_route}/order/waiting_tag`	選択した店舗を基準に一覧が付け替わる。入力欄は送信手順に応じてリセットされうる。DB への登録は行わない。	/{admin_route}/order/waiting_tag		
EV-67b65665	M05-27	functions/pf-eccube3/m05-27_admin_order_order_waiting_tag.md	37	利用者視点の入口	「登録」ボタン（ログイン店舗が選択されているときのみ表示）	`POST /{admin_route}/order/waiting_tag/new`	検証成功時は `dtb_waiting_tag` に行が追加され、一覧へリダイレクトして成功フラッシュが付く。	/{admin_route}/order/waiting_tag/new		
EV-22853b1e	M05-27	functions/pf-eccube3/m05-27_admin_order_order_waiting_tag.md	38	利用者視点の入口	一覧行の「削除」からモーダル確定	`DELETE /{admin_route}/order/waiting_tag/{id}/delete`	削除処理後、一覧へリダイレクトする。成功時の専用フラッシュはコントローラにない。	/{admin_route}/order/waiting_tag/{id}/delete		
EV-f4cd81c9	M05-27	functions/pf-eccube3/m05-27_admin_order_order_waiting_tag.md	39	利用者視点の入口	「確認」ボタン（別タブ）	（環境依存のパス。実装は `/{{フォームの店舗選択値}}/waiting_number` を組み立てる）	店頭側の表示確認用リンクとして別タブで開く。	/{{;/waiting_number		
EV-d3dd9156	M05-27	functions/pf-eccube3/m05-27_admin_order_order_waiting_tag.md	134	画面遷移	ナビから開く・初期 GET	`m05-27_admin_order_order_waiting_tag` をテンプレート描画				
EV-fde2b4d4	M05-27	functions/pf-eccube3/m05-27_admin_order_order_waiting_tag.md	135	画面遷移	店名プルダウン変更による POST	同一ルートをテンプレート描画（302 リダイレクトではない）				
EV-a25f6efc	M05-27	functions/pf-eccube3/m05-27_admin_order_order_waiting_tag.md	136	画面遷移	登録成功	`m05-27_admin_order_order_waiting_tag` へ HTTP リダイレクト				
EV-fcccae33	M05-27	functions/pf-eccube3/m05-27_admin_order_order_waiting_tag.md	137	画面遷移	登録失敗（検証または例外）	同一テンプレートを描画				
EV-01a028eb	M05-27	functions/pf-eccube3/m05-27_admin_order_order_waiting_tag.md	138	画面遷移	DELETE の応答	成否にかかわらず `m05-27_admin_order_order_waiting_tag` へ HTTP リダイレクト				
EV-1e61ec28	M06-01	functions/pf-eccube3/m06-01_admin_store_purchase_purchase_store_search_list.md	39	利用者視点の入口	管理画面ナビ「店頭買取管理」→「買取一覧」	`GET /{admin_route}/otcbuyorder`	検索フォームのみ表示され、結果一覧ブロックは出ない。	/{admin_route}/otcbuyorder		
EV-403f7bf3	M06-01	functions/pf-eccube3/m06-01_admin_store_purchase_purchase_store_search_list.md	40	利用者視点の入口	検索ボタン押下	`POST /{admin_route}/otcbuyorder`	入力に基づき一覧を構築し、ヒット件数とテーブル・ページャを表示する。	/{admin_route}/otcbuyorder		
EV-c263f7b4	M06-01	functions/pf-eccube3/m06-01_admin_store_purchase_purchase_store_search_list.md	41	利用者視点の入口	ページャのリンク	`GET /{admin_route}/otcbuyorder?page_no=…`（既存クエリがマージされる）	直前の検索条件をセッションから復元し、指定ページを表示する。	/{admin_route}/otcbuyorder		
EV-ac501812	M06-01	functions/pf-eccube3/m06-01_admin_store_purchase_purchase_store_search_list.md	42	利用者視点の入口	表示件数ドロップダウン	`GET /{admin_route}/otcbuyorder?pageno=1&page_count=…`	表示件数をセッションに保存し、1ページ目で再検索相当の結果を返す。	/{admin_route}/otcbuyorder		
EV-d08a597b	M06-01	functions/pf-eccube3/m06-01_admin_store_purchase_purchase_store_search_list.md	43	利用者視点の入口	パス形式のページング	`GET /{admin_route}/otcbuyorder/page/{page_no}`	`page_no` が1以上のとき、セッションの検索条件で一覧を開く。	/{admin_route}/otcbuyorder/page/{page_no}		
EV-af723957	M06-01	functions/pf-eccube3/m06-01_admin_store_purchase_purchase_store_search_list.md	240	画面遷移	査定IDリンク押下	店頭買取詳細（`admin_otcbuyorder_detail`）			admin_otcbuyorder_detail	
EV-e973c816	M06-01	functions/pf-eccube3/m06-01_admin_store_purchase_purchase_store_search_list.md	246	遷移時に引き継ぐ状態	検索・ページング完了時	検索条件ビューデータ・ページ番号・ソート・表示件数をセッションへ保存	同セッションで再度一覧を開いたとき復元可能			
EV-5aa5e31c	M06-02	functions/pf-eccube3/m06-02_admin_store_purchase_otc_buy_order_old_goods_account_csv_export.md	32	利用者視点の入口	検索結果が1件以上あり、一覧で注文をチェックし、「CSVダウンロード」→「古物台帳入力用CSV」を選ぶ	`POST /%eccube_admin_route%/otcbuyorder/export`（フォームに`export_type`=`old_goods_account`、複数値`otcBuyOrderIds[]`）	選択IDに紐づく行だけを含むCSVがダウンロードされる。	/otcbuyorder/export		
EV-f3e44147	M06-02	functions/pf-eccube3/m06-02_admin_store_purchase_otc_buy_order_old_goods_account_csv_export.md	33	利用者視点の入口	検索結果が0件で一覧ブロックが「該当なし」表示のみ	（メニュー自体が描画されない）	「CSVダウンロード」ドロップダウンは検索結果ヘッダ付近にのみ置かれるため、この入口からは実行できない。			
EV-b64a5457	M06-02	functions/pf-eccube3/m06-02_admin_store_purchase_otc_buy_order_old_goods_account_csv_export.md	34	利用者視点の入口	一覧はあるがチェックを1つも付けずに「古物台帳入力用CSV」を選ぶ	`POST /%eccube_admin_route%/otcbuyorder/export`（`otcBuyOrderIds`が実質空）	エラーフラッシュが出て買取一覧のページ付きルートへリダイレクトされる。	/otcbuyorder/export		
EV-75034bcc	M06-02	functions/pf-eccube3/m06-02_admin_store_purchase_otc_buy_order_old_goods_account_csv_export.md	202	画面遷移	CSV送信が成功	ブラウザのファイルダウンロードとして応答（画面ルート遷移なし）。				
EV-353af70f	M06-02	functions/pf-eccube3/m06-02_admin_store_purchase_otc_buy_order_old_goods_account_csv_export.md	203	画面遷移	`otcBuyOrderIds`が空	`admin_otcbuyorder_page`へHTTPリダイレクト（ページ番号はセッション確認値）。			admin_otcbuyorder_page	
EV-ce205720	M06-02	functions/pf-eccube3/m06-02_admin_store_purchase_otc_buy_order_old_goods_account_csv_export.md	204	画面遷移	`export_type`不正	エラー応答（一覧へのアプリ制御リダイレクトではない）。				
EV-126c99b5	M06-02	functions/pf-eccube3/m06-02_admin_store_purchase_otc_buy_order_old_goods_account_csv_export.md	210	遷移時に引き継ぐ状態	選択なしエラー	フラッシュにエラーを積む	買取一覧の該当ページが再表示され、エラーメッセージが見える。			
EV-5fe313e6	M06-03	functions/pf-eccube3/m06-03_admin_store_purchase_purchase_store_otc_buy_info_edit.md	43	利用者視点の入口	店頭買取一覧の行から詳細へ	`GET /%eccube_admin_route%/otcbuyorder/{otcBuyOrderId}`	買取詳細が表示される。	/otcbuyorder/{otcBuyOrderId}		
EV-b89b5c61	M06-03	functions/pf-eccube3/m06-03_admin_store_purchase_purchase_store_otc_buy_info_edit.md	44	利用者視点の入口	フッタの「保存」	`POST /%eccube_admin_route%/otcbuyorder/{otcBuyOrderId}/update`	フォームが妥当ならフリーコメントや在庫増減を保存し、成功フラッシュの後に同詳細へリダイレクトする。	/otcbuyorder/{otcBuyOrderId}/update		
EV-a1ae6e58	M06-03	functions/pf-eccube3/m06-03_admin_store_purchase_purchase_store_otc_buy_info_edit.md	45	利用者視点の入口	個別入力の「実在庫情報登録」からモーダルで規格決定	`POST /%eccube_admin_route%/otcbuyorder/{otcBuyOrderId}/register-individual-stock/{individualProductId}`	条件を満たせば実在庫が作成または加算され、成功フラッシュの後に同詳細へリダイレクトする。	/otcbuyorder/{otcBuyOrderId}/register-individual-stock/{individualProductId}		
EV-e87bf9a5	M06-03	functions/pf-eccube3/m06-03_admin_store_purchase_purchase_store_otc_buy_info_edit.md	46	利用者視点の入口	「経理払出し済」	`POST /%eccube_admin_route%/otcbuyorder/{otcBuyOrderId}/account_team_paid`	確認ダイアログの後、条件を満たせばステータスが買取完了へ遷移する。	/otcbuyorder/{otcBuyOrderId}/account_team_paid		
EV-ab0a3d0c	M06-03	functions/pf-eccube3/m06-03_admin_store_purchase_purchase_store_otc_buy_info_edit.md	47	利用者視点の入口	「入庫済みにする」	`POST /%eccube_admin_route%/otcbuyorder/{otcBuyOrderId}/restocked`	条件を満たせば入庫済みへ遷移する。	/otcbuyorder/{otcBuyOrderId}/restocked		
EV-0520f267	M06-03	functions/pf-eccube3/m06-03_admin_store_purchase_purchase_store_otc_buy_info_edit.md	48	利用者視点の入口	「ステータス変更」リンク	`GET /%eccube_admin_route%/otcbuyorder/status/{otcBuyOrderId}`	ステータス変更専用画面へ遷移する。	/otcbuyorder/status/{otcBuyOrderId}		
EV-fb1c11cd	M06-03	functions/pf-eccube3/m06-03_admin_store_purchase_purchase_store_otc_buy_info_edit.md	49	利用者視点の入口	モーダル内「検索」	`POST /%eccube_admin_route%/search/product`（Ajax）	モーダル内に検索結果 HTML が差し込まれる。	/search/product		
EV-8c4ea4e5	M06-03	functions/pf-eccube3/m06-03_admin_store_purchase_purchase_store_otc_buy_info_edit.md	50	利用者視点の入口	存在しない `otcBuyOrderId`	`GET …/otcbuyorder/{id}`	404。	/otcbuyorder/{id}		
EV-a2dae538	M06-03	functions/pf-eccube3/m06-03_admin_store_purchase_purchase_store_otc_buy_info_edit.md	51	利用者視点の入口	存在しない `otcBuyOrderId` への保存	`POST …/otcbuyorder/{id}/update`	404。	/otcbuyorder/{id}/update		
EV-db69e907	M06-03	functions/pf-eccube3/m06-03_admin_store_purchase_purchase_store_otc_buy_info_edit.md	52	利用者視点の入口	同上のページ送り。	`GET, POST /%eccube_admin_route%/search/product/page/{page_no}`	同上のページ送り。	/search/product/page/{page_no}		
EV-2333a3d6	M06-03	functions/pf-eccube3/m06-03_admin_store_purchase_purchase_store_otc_buy_info_edit.md	266	画面遷移	一覧から詳細	`GET …/otcbuyorder/{id}`		/otcbuyorder/{id}		
EV-721dcd78	M06-03	functions/pf-eccube3/m06-03_admin_store_purchase_purchase_store_otc_buy_info_edit.md	267	画面遷移	保存・個別登録・経理・入庫の POST 完了後	`GET …/otcbuyorder/{id}`		/otcbuyorder/{id}		
EV-40c42da9	M06-03	functions/pf-eccube3/m06-03_admin_store_purchase_purchase_store_otc_buy_info_edit.md	268	画面遷移	フッタ「店頭買取一覧」	`GET …/otcbuyorder/page/{page_no}`。`page_no` はセッション `eccube.admin.otcbuyorder.search.page_no` が無ければ 1。		/otcbuyorder/page/{page_no}		
EV-6b9fe584	M06-03	functions/pf-eccube3/m06-03_admin_store_purchase_purchase_store_otc_buy_info_edit.md	269	画面遷移	ステータス変更	`GET …/otcbuyorder/status/{id}`		/otcbuyorder/status/{id}		
EV-090090d8	M06-03	functions/pf-eccube3/m06-03_admin_store_purchase_purchase_store_otc_buy_info_edit.md	275	遷移時に引き継ぐ状態	一覧から詳細	一覧側で検索ページをセッションに保持していれば、その値がフッタリンクに使われる。	詳細の表示データを DB から組み立て直す。			
EV-70d607f1	M06-03	functions/pf-eccube3/m06-03_admin_store_purchase_purchase_store_otc_buy_info_edit.md	276	遷移時に引き継ぐ状態	POST 後のリダイレクト	フラッシュメッセージを積む。	詳細を再表示し、メッセージを一度表示する。			
EV-923197ff	M06-04	functions/pf-eccube3/m06-04_admin_store_purchase_purchase_store_status_change.md	35	利用者視点の入口	店頭買取詳細の「ステータス変更」リンク	`GET /{admin_route}/otcbuyorder/status/{otcBuyOrderId}`	査定番号・現在ステータスが表示され、「変更後のステータス」を選んで保存できる。	/{admin_route}/otcbuyorder/status/{otcBuyOrderId}		
EV-194d5a04	M06-04	functions/pf-eccube3/m06-04_admin_store_purchase_purchase_store_status_change.md	36	利用者視点の入口	ステータス変更画面の「保存」	`POST /{admin_route}/otcbuyorder/status/{otcBuyOrderId}/update`	選んだステータスへ更新し、成功時は詳細へリダイレクトする。	/{admin_route}/otcbuyorder/status/{otcBuyOrderId}/update		
EV-d5d49a20	M06-04	functions/pf-eccube3/m06-04_admin_store_purchase_purchase_store_status_change.md	37	利用者視点の入口	店頭買取詳細の「経理払出し済」	`POST /{admin_route}/otcbuyorder/{otcBuyOrderId}/account_team_paid`	確認ダイアログのあと、現在が経理払出し待ちなら買取成立処理（2段階目含む）へ進める。	/{admin_route}/otcbuyorder/{otcBuyOrderId}/account_team_paid		
EV-8d47a109	M06-04	functions/pf-eccube3/m06-04_admin_store_purchase_purchase_store_status_change.md	38	利用者視点の入口	店頭買取詳細の「入庫済みにする」	`POST /{admin_route}/otcbuyorder/{otcBuyOrderId}/restocked`	入庫済みへの更新処理を行う（専用の確認ダイアログは無い）。	/{admin_route}/otcbuyorder/{otcBuyOrderId}/restocked		
EV-378eef85	M06-04	functions/pf-eccube3/m06-04_admin_store_purchase_purchase_store_status_change.md	233	画面遷移	ステータス変更で成功	店頭買取詳細				
EV-8398fba9	M06-04	functions/pf-eccube3/m06-04_admin_store_purchase_purchase_store_status_change.md	234	画面遷移	ステータス変更で業務拒否	ステータス変更画面（同一ID）				
EV-9e118cd2	M06-04	functions/pf-eccube3/m06-04_admin_store_purchase_purchase_store_status_change.md	235	画面遷移	フォーム検証エラー	同一レスポンスでステータス変更画面				
EV-76cfdfd6	M06-04	functions/pf-eccube3/m06-04_admin_store_purchase_purchase_store_status_change.md	236	画面遷移	経理払出し済・入庫済みにするのいずれか	店頭買取詳細				
EV-44530510	M06-04	functions/pf-eccube3/m06-04_admin_store_purchase_purchase_store_status_change.md	242	遷移時に引き継ぐ状態	成功リダイレクト	フラッシュに保存完了またはエラーを積む	詳細またはステータス画面がメッセージ付きで開く。			
EV-0f5896b4	M06-05	functions/pf-eccube3/m06-05_admin_store_purchase_purchase_store_history.md	32	利用者視点の入口	ナビ「店頭買取管理」→「買取商品履歴」	`GET /{admin_route}/otcbuyorder/history`	検索フォームのみ表示され、結果一覧は出さない（初回）。	/{admin_route}/otcbuyorder/history		
EV-f4112d81	M06-05	functions/pf-eccube3/m06-05_admin_store_purchase_purchase_store_history.md	33	利用者視点の入口	検索フォームの「検索する」	`POST /{admin_route}/otcbuyorder/history`	入力された条件で一覧を表示する。条件とページ情報をセッションに保存する。	/{admin_route}/otcbuyorder/history		
EV-23805cd8	M06-05	functions/pf-eccube3/m06-05_admin_store_purchase_purchase_store_history.md	34	利用者視点の入口	ページャの各種リンク	`GET /{admin_route}/otcbuyorder/history/page/{page_no}`（クエリに `page_count` 等が付く場合あり）	直近の検索条件をセッションから復元し、指定ページを表示する。	/{admin_route}/otcbuyorder/history/page/{page_no}		
EV-ea09e19e	M06-05	functions/pf-eccube3/m06-05_admin_store_purchase_purchase_store_history.md	35	利用者視点の入口	CSV メニュー「選択した商品履歴取得」	`POST /{admin_route}/otcbuyorder/history/export`	チェック済み履歴IDだけを CSV に含める。未選択ならエラーメッセージを出して一覧ページへ戻す。	/{admin_route}/otcbuyorder/history/export		
EV-a4fabbb6	M06-05	functions/pf-eccube3/m06-05_admin_store_purchase_purchase_store_history.md	36	利用者視点の入口	CSV メニュー「検索結果全件取得」	`POST /{admin_route}/otcbuyorder/history/export`	セッション上の直近検索条件で絞った全件を CSV に含める。検索状態が無ければエラーメッセージを出して戻す。	/{admin_route}/otcbuyorder/history/export		
EV-2d53f0e9	M06-05	functions/pf-eccube3/m06-05_admin_store_purchase_purchase_store_history.md	236	画面遷移	ナビから初回 GET	同一 URL の検索のみ画面。				
EV-58506ca0	M06-05	functions/pf-eccube3/m06-05_admin_store_purchase_purchase_store_history.md	237	画面遷移	検索 POST 成功	同一 URL で結果付き HTML（URL は変わらない）。				
EV-0158efc1	M06-05	functions/pf-eccube3/m06-05_admin_store_purchase_purchase_store_history.md	238	画面遷移	ページャ・表示件数リンク	`admin_otcbuyorder_history_page` の GET。			admin_otcbuyorder_history_page	
EV-49e9d6fa	M06-05	functions/pf-eccube3/m06-05_admin_store_purchase_purchase_store_history.md	239	画面遷移	CSV エラー（選択なし／検索なし）	`admin_otcbuyorder_history_page` へリダイレクト。			admin_otcbuyorder_history_page	
EV-beb7e986	M06-05	functions/pf-eccube3/m06-05_admin_store_purchase_purchase_store_history.md	240	画面遷移	sort の order 不正	初回表示相当の配列応答。				
EV-8a08c382	M06-05	functions/pf-eccube3/m06-05_admin_store_purchase_purchase_store_history.md	246	遷移時に引き継ぐ状態	検索 POST	`eccube.admin.otcbuyorder_history.search` に表示用データ、`page_no`・`page_count`・sort をセッション保存	同一条件で一覧表示			
EV-6b4af498	M06-05	functions/pf-eccube3/m06-05_admin_store_purchase_purchase_store_history.md	247	遷移時に引き継ぐ状態	GET ページング	セッションから検索を復元	指定ページの一覧			
EV-aee499b5	M06-05	functions/pf-eccube3/m06-05_admin_store_purchase_purchase_store_history.md	248	遷移時に引き継ぐ状態	CSV 失敗リダイレクト	フラッシュエラー設定	保存済みページ番号の一覧			
EV-62e65c21	M06-06	functions/pf-eccube3/m06-06_admin_store_purchase_purchase_store_history_csv_export_all.md	32	利用者視点の入口	買取商品履歴で条件を入力し「検索する」を押して検索成功	`POST /{admin_route}/otcbuyorder/history`	一覧ブロックが表示され、検索条件がセッションに保存される。	/{admin_route}/otcbuyorder/history		
EV-b51accc4	M06-06	functions/pf-eccube3/m06-06_admin_store_purchase_purchase_store_history_csv_export_all.md	33	利用者視点の入口	検索済みであり一覧上部の「CSVダウンロード」から「検索結果全件取得」を押す	`POST /{admin_route}/otcbuyorder/history/export`（ボディに `export_type=all_export`。他フィールドは当フォーム構成に従う）	直近検索と同一条件に合致する全履歴がCSVになる。画面上の現在ページには依存しない。	/{admin_route}/otcbuyorder/history/export		
EV-ed63ff24	M06-06	functions/pf-eccube3/m06-06_admin_store_purchase_purchase_store_history_csv_export_all.md	34	利用者視点の入口	検索を一度も成功させていない、または検索セッションが無い状態で「検索結果全件取得」を送る	上記POST	エラーフラッシュ後、履歴のページネーション経路へリダイレクトされる。			
EV-b1d9ed2a	M06-06	functions/pf-eccube3/m06-06_admin_store_purchase_purchase_store_history_csv_export_all.md	35	利用者視点の入口	セッションに保存した検索条件で指定ページを再表示する（ページ番号はパスまたはクエリのいずれか）。	`GET /{admin_route}/otcbuyorder/history/page/{page_no}`	セッションに保存した検索条件で指定ページを再表示する（ページ番号はパスまたはクエリのいずれか）。	/{admin_route}/otcbuyorder/history/page/{page_no}		
EV-251f1125	M06-06	functions/pf-eccube3/m06-06_admin_store_purchase_purchase_store_history_csv_export_all.md	233	画面遷移	検索送信が成功	同一機能内で一覧ブロックが付いたレスポンス				
EV-01b76dbd	M06-06	functions/pf-eccube3/m06-06_admin_store_purchase_purchase_store_history_csv_export_all.md	234	画面遷移	「検索結果全件取得」が成功	ブラウザがCSVをダウンロードする。HTML遷移はしない				
EV-f32dc238	M06-06	functions/pf-eccube3/m06-06_admin_store_purchase_purchase_store_history_csv_export_all.md	235	画面遷移	検索セッション欠如による失敗	履歴一覧のページ付きパスへリダイレクト				
EV-7f55b705	M06-06	functions/pf-eccube3/m06-06_admin_store_purchase_purchase_store_history_csv_export_all.md	241	遷移時に引き継ぐ状態	検索送信	管理画面の検索共通処理が検索条件・ページ番号・ページサイズなどをセッションへ保存する	新しい一覧が表示される			
EV-d48f43ba	M06-06	functions/pf-eccube3/m06-06_admin_store_purchase_purchase_store_history_csv_export_all.md	242	遷移時に引き継ぐ状態	検索結果全件取得	CSV送出のため読み取りのみ	一覧HTMLは自動では更新しない			
EV-4fb0fc81	M06-07	functions/pf-eccube3/m06-07_admin_store_purchase_purchase_store_history_select_csv_export.md	33	利用者視点の入口	買取商品履歴で検索し、結果件数が正で一覧と「CSVダウンロード」が表示された状態で、行をチェックして「選択した商品履歴取得」を押す	`POST /{admin_route}/otcbuyorder/history/export`	hiddenの`export_type`に`check_export`が入り、チェックした履歴IDが複数キーで送られ、該当履歴の行が並んだCSVがダウンロードされる。	/{admin_route}/otcbuyorder/history/export		
EV-21b8900e	M06-07	functions/pf-eccube3/m06-07_admin_store_purchase_purchase_store_history_select_csv_export.md	34	利用者視点の入口	同上でチェックを付けず「選択した商品履歴取得」を押す	`POST /{admin_route}/otcbuyorder/history/export`	エラーフラッシュが積まれ、保存済みページ番号の一覧へリダイレクトされる。	/{admin_route}/otcbuyorder/history/export		
EV-1cf2242d	M06-07	functions/pf-eccube3/m06-07_admin_store_purchase_purchase_store_history_select_csv_export.md	35	利用者視点の入口	検索前や結果0件で一覧ブロックが無い	（当メニューは描画されない）	CSV用の`result_form`は検索後かつ`pagination`が与えられたときのみ存在する。			
EV-b28317af	M06-07	functions/pf-eccube3/m06-07_admin_store_purchase_purchase_store_history_select_csv_export.md	205	画面遷移	選択出力でID未選択	`admin_otcbuyorder_history_page`（保存済み`page_no`）。			admin_otcbuyorder_history_page	
EV-405b61fb	M06-07	functions/pf-eccube3/m06-07_admin_store_purchase_purchase_store_history_select_csv_export.md	206	画面遷移	選択出力成功	同一タブでファイルダウンロード応答。画面遷移は発生しない。				
EV-f1e46f45	M06-07	functions/pf-eccube3/m06-07_admin_store_purchase_purchase_store_history_select_csv_export.md	212	遷移時に引き継ぐ状態	ID未選択エラー	エラーフラッシュを積む。	該当ページの一覧が再表示される（検索条件はセッションの既存値）。			
EV-7ce80b21	M06-08	functions/pf-eccube3/m06-08_admin_store_purchase_purchase_store_summary.md	34	利用者視点の入口	ナビ「店頭買取管理」から「買取集計データ」	GET `/{admin_route}/otcbuyorder/summary`	メニューは「店頭買取」配下のアクティブ状態になる。検索フォームのみ表示し、一覧ブロックは出さない。	/{admin_route}/otcbuyorder/summary		
EV-d6336147	M06-08	functions/pf-eccube3/m06-08_admin_store_purchase_purchase_store_summary.md	35	利用者視点の入口	「検索する」送信	POST `/{admin_route}/otcbuyorder/summary/search`	入力が検証された場合のみ一覧を描画する。成功時は期間全体の「集計」表と、「日別」表を並べて表示する。	/{admin_route}/otcbuyorder/summary/search		
EV-6717f150	M06-08	functions/pf-eccube3/m06-08_admin_store_purchase_purchase_store_summary.md	36	利用者視点の入口	「CSVダウンロード」（日別一覧ヘッダ右）	POST `/{admin_route}/otcbuyorder/summary/export`	CSVのストリーム応答となる。一覧の項目定義自体は別範囲とする。条件は直前に成功した検索がセッションに残している必要がある。	/{admin_route}/otcbuyorder/summary/export		
EV-ab1c67eb	M06-08	functions/pf-eccube3/m06-08_admin_store_purchase_purchase_store_summary.md	184	画面遷移	ナビから「買取集計データ」	GET一覧（検索前）。				
EV-f500b57b	M06-08	functions/pf-eccube3/m06-08_admin_store_purchase_purchase_store_summary.md	185	画面遷移	「検索する」で検証成功	同一URL相当の描画パスで再描画（ルート名は検索用POST）。				
EV-f34c5bd4	M06-08	functions/pf-eccube3/m06-08_admin_store_purchase_purchase_store_summary.md	186	画面遷移	「CSVダウンロード」	ストリーム応答（本書では詳細を扱わない）。				
EV-00d50419	M06-08	functions/pf-eccube3/m06-08_admin_store_purchase_purchase_store_summary.md	187	画面遷移	CSVでセッション欠落	フラッシュエラー付きで GET `admin_otcbuyorder_summary` へリダイレクト。			admin_otcbuyorder_summary	
EV-a63c0851	M06-08	functions/pf-eccube3/m06-08_admin_store_purchase_purchase_store_summary.md	193	遷移時に引き継ぐ状態	検索POSTが成功	セッションに `eccube.admin.otcbuyorder_summary.search` を格納	同一レスポンス内で一覧とフォーム再表示。			
EV-4e43e2de	M06-08	functions/pf-eccube3/m06-08_admin_store_purchase_purchase_store_summary.md	194	遷移時に引き継ぐ状態	CSVダウンロードのPOSTでセッション欠落	なし	一覧初期画面に戻り、エラーメッセージを見せる。			
EV-dc6f5b09	M06-09	functions/pf-eccube3/m06-09_admin_store_purchase_otc_buy_order_summary_csv_export.md	34	利用者視点の入口	サイドメニュー「店頭買取管理」→「買取集計データ」	`GET /{admin_route}/otcbuyorder/summary`	検索フォームが開く。	/{admin_route}/otcbuyorder/summary		
EV-880a2c02	M06-09	functions/pf-eccube3/m06-09_admin_store_purchase_otc_buy_order_summary_csv_export.md	35	利用者視点の入口	検索フォームで期間等を指定して「検索する」	`POST /{admin_route}/otcbuyorder/summary/search`	期間全体の部門別集計表と、日別の表が条件に応じて表示される。成功時、直近の有効な検索条件がセッションキー `eccube.admin.otcbuyorder_summary.search` に保存される。	/{admin_route}/otcbuyorder/summary/search		
EV-20f836a5	M06-09	functions/pf-eccube3/m06-09_admin_store_purchase_otc_buy_order_summary_csv_export.md	36	利用者視点の入口	日別ブロックにデータがあり「CSVダウンロード」を押す	`POST /{admin_route}/otcbuyorder/summary/export`	セッションの検索条件で日別クエリを再走査し、CSVがダウンロードされる。	/{admin_route}/otcbuyorder/summary/export		
EV-ec28e616	M06-09	functions/pf-eccube3/m06-09_admin_store_purchase_otc_buy_order_summary_csv_export.md	37	利用者視点の入口	検索前や日別0件でボタンが無い状態からエンドポイントだけ叩く	`POST /{admin_route}/otcbuyorder/summary/export`	セッションに条件が無ければエラーフラッシュのうえ `GET .../summary` へリダイレクトする。条件があれば0件でもヘッダのみのCSVが返る。	/{admin_route}/otcbuyorder/summary/export;/summary		
EV-62c263e0	M06-09	functions/pf-eccube3/m06-09_admin_store_purchase_otc_buy_order_summary_csv_export.md	212	画面遷移	セッションに検索条件がないままexport	`admin_otcbuyorder_summary`（リダイレクト）			admin_otcbuyorder_summary	
EV-e0a6e268	M06-09	functions/pf-eccube3/m06-09_admin_store_purchase_otc_buy_order_summary_csv_export.md	213	画面遷移	問題なくストリーム応答	ブラウザがファイル保存ダウンロード扱い。画面遷移はしない。				
EV-6e3a68c8	M06-09	functions/pf-eccube3/m06-09_admin_store_purchase_otc_buy_order_summary_csv_export.md	219	遷移時に引き継ぐ状態	検索POST成功	セッションへ検索ビューデータを保存	同一画面に表が現れる。			
EV-1e4e0fc2	M06-09	functions/pf-eccube3/m06-09_admin_store_purchase_otc_buy_order_summary_csv_export.md	220	遷移時に引き継ぐ状態	CSVのPOST	セッション読みのみ	ブラウザのダウンロード挙動のみ。セッションは消さない。			
EV-39534208	M07-01	functions/pf-eccube3/m07-01_admin_online_purchase_purchase_online_search_list.md	19	利用者視点の入口	ナビから「ネット買取管理」→「買取一覧」	`GET /{admin_route}/purchase/list`	検索条件は空または既定の日付のみ。結果テーブルは出さず、「検索」押下まで一覧は表示しない設計となる。	/{admin_route}/purchase/list		
EV-a894f3bb	M07-01	functions/pf-eccube3/m07-01_admin_online_purchase_purchase_online_search_list.md	20	利用者視点の入口	「検索」ボタン	`POST /{admin_route}/purchase/search`（同一フォームのアクション、`page_no=1`）	POST 済み検索データで一覧を構成し、総件数とページングリンクを生成する。	/{admin_route}/purchase/search		
EV-beed86d9	M07-01	functions/pf-eccube3/m07-01_admin_online_purchase_purchase_online_search_list.md	21	利用者視点の入口	一覧のページ送り	`GET /{admin_route}/purchase/page/{page_no}`（クエリに `sort`・`order`・`page_count` を付与しうる）	直前の検索条件をセッションから復元し、指定ページを表示する。	/{admin_route}/purchase/page/{page_no}		
EV-7fd27de8	M07-01	functions/pf-eccube3/m07-01_admin_online_purchase_purchase_online_search_list.md	22	利用者視点の入口	表示件数プルダウン	`GET /{admin_route}/purchase/page/1?page_count=…`	マスタ `mtb_page_max` に存在する件数ならセッションへ保存し、1 ページ目から再表示する。	/{admin_route}/purchase/page/1		
EV-4e2f941a	M07-01	functions/pf-eccube3/m07-01_admin_online_purchase_purchase_online_search_list.md	23	利用者視点の入口	並び順ドロップダウン	`GET /{admin_route}/purchase/page/1?sort=…&order=ASC|DESC`	ソート条件をセッションへ保存し、1 ページ目から再表示する。	/{admin_route}/purchase/page/1		
EV-9c5894da	M07-01	functions/pf-eccube3/m07-01_admin_online_purchase_purchase_online_search_list.md	24	利用者視点の入口	注文者名リンク（氏名）	`POST /{admin_route}/purchase/search`（クライアントが買取状況を空にし、氏名を埋めて自動送信）	氏名の部分一致検索で再検索する。	/{admin_route}/purchase/search		
EV-1b692fa8	M07-01	functions/pf-eccube3/m07-01_admin_online_purchase_purchase_online_search_list.md	205	画面遷移	買取番号または編集リンク	`GET …/purchase/{id}/edit`。		/purchase/{id}/edit		
EV-2187fe95	M07-01	functions/pf-eccube3/m07-01_admin_online_purchase_purchase_online_search_list.md	206	画面遷移	ページャの各種リンク	`admin_purchase_page` に現在のクエリ（`sort`/`order`/可能なら `page_count`）を付与。			admin_purchase_page	
EV-9ef077e8	M07-01	functions/pf-eccube3/m07-01_admin_online_purchase_purchase_online_search_list.md	207	画面遷移	削除・更新後のリスト復帰等（別機能）	セッションの `eccube.admin.purchase.search.page_no` を読み現在ページへ redirect する共通ヘルパーが存在する。				
EV-1fe65366	M07-01	functions/pf-eccube3/m07-01_admin_online_purchase_purchase_online_search_list.md	213	遷移時に引き継ぐ状態	POST またはページ GET が成功したあと別画面から戻る	セッションに検索ビューデータとページ番号が残る	`admin_purchase_page` の GET で同一条件の続きを表示しうる		admin_purchase_page	
EV-e6a5b110	M07-01	functions/pf-eccube3/m07-01_admin_online_purchase_purchase_online_search_list.md	214	遷移時に引き継ぐ状態	初期 `admin_purchase_list`	セッションを書き換えない（本コントローラの index 実装範囲）	以前の検索セッションが残っていても画面は空のフォームに見えるが、条件はセッションに残存しうる点に注意		admin_purchase_list	
EV-81efd36c	M07-02	functions/pf-eccube3/m07-02_admin_online_purchase_purchase_online_old_goods_ledger_csv_export.md	21	利用者視点の入口	買取一覧で1件以上チェックし、「ダウンロード」から「古物台帳入力用CSV」を押す	`POST /{admin_route}/purchase/csv_export`	選択した`buyOrderIds[]`が送信され、該当データのCSVがブラウザにダウンロードされる。	/{admin_route}/purchase/csv_export		
EV-e2de7719	M07-02	functions/pf-eccube3/m07-02_admin_online_purchase_purchase_online_old_goods_ledger_csv_export.md	22	利用者視点の入口	買取一覧でチェックなしのまま同メニューを押す	（送信はブロック可能）	クライアントの`alert`で選択を促し、ダウンロードは開始されない。			
EV-083699c2	M07-02	functions/pf-eccube3/m07-02_admin_online_purchase_purchase_online_old_goods_ledger_csv_export.md	23	利用者視点の入口	買取詳細で「古物台帳入力用CSV出力」を押す	`POST /{admin_route}/purchase/csv_export`	当該買取のIDが隠しフィールドで送信され、1件分のCSVがダウンロードされる。	/{admin_route}/purchase/csv_export		
EV-3eada259	M07-02	functions/pf-eccube3/m07-02_admin_online_purchase_purchase_online_old_goods_ledger_csv_export.md	189	画面遷移	エクスポート成功	ブラウザがファイルダウンロードを処理する。サーバはストリーム応答を返す。				
EV-e66d1a66	M07-02	functions/pf-eccube3/m07-02_admin_online_purchase_purchase_online_old_goods_ledger_csv_export.md	190	画面遷移	ID未選択や全件不存在、キャッチした実行時例外	フラッシュを積み、`GET /{admin_route}/purchase/page/{page_no}`へリダイレクト（`page_no`はセッション`eccube.admin.purchase.search.page_no`の確認値）。		/{admin_route}/purchase/page/{page_no}		
EV-ae2da63f	M07-03	functions/pf-eccube3/m07-03_admin_online_purchase_purchase_online_buy_order_edit.md	21	利用者視点の入口	ネット買取一覧の編集リンク・行リンク	`GET /{admin_route}/purchase/{id}/edit`	買取詳細が表示される。基本情報・買取情報・実在庫・依頼者情報・変換エリアが描画される。	/{admin_route}/purchase/{id}/edit		
EV-55a3dbae	M07-03	functions/pf-eccube3/m07-03_admin_online_purchase_purchase_online_buy_order_edit.md	22	利用者視点の入口	「保存」（フッタ）	`POST /{admin_route}/purchase/{id}/update`	検証に成功すれば永続化され、成功フラッシュのあと同一URLへリダイレクトする。失敗すれば同一テンプレートを200で返しエラーを積む。	/{admin_route}/purchase/{id}/update		
EV-e5e09250	M07-03	functions/pf-eccube3/m07-03_admin_online_purchase_purchase_online_buy_order_edit.md	23	利用者視点の入口	「査定編集」⇔「査定確定」	（同一GETページ上の操作）	商品系入力の編集可否が切り替わる。送信しない限りDBは変わらない。			
EV-a67b1dca	M07-03	functions/pf-eccube3/m07-03_admin_online_purchase_purchase_online_buy_order_edit.md	24	利用者視点の入口	「編集」⇔「確定」（買取依頼者情報）	（同一GETページ上の操作）	会員系入力のreadonly／疑似readonlyが切り替わる。			
EV-70fdbe03	M07-03	functions/pf-eccube3/m07-03_admin_online_purchase_purchase_online_buy_order_edit.md	25	利用者視点の入口	「まとめて買取」アコーディオンを初めて開く	`GET /{admin_route}/purchase/{id}/bulkpurchaseload`	テーブル行がクライアント側で挿入される。	/{admin_route}/purchase/{id}/bulkpurchaseload		
EV-beae4771	M07-03	functions/pf-eccube3/m07-03_admin_online_purchase_purchase_online_buy_order_edit.md	26	利用者視点の入口	「商品追加」（選んで買取）	`POST /{admin_route}/purchase/searchproduct`（モーダル内）	サプライ対象商品を明細行としてDOM追加できる（送信は親フォームの保存時まで保留）。	/{admin_route}/purchase/searchproduct		
EV-c2cdfbb5	M07-03	functions/pf-eccube3/m07-03_admin_online_purchase_purchase_online_buy_order_edit.md	27	利用者視点の入口	「一括売却登録」	`POST /{admin_route}/purchase/bulk/detail/{id}/sell`	確認ダイアログ後、売却フラグ一括更新へ進む（メイン更新処理とは別ルート）。	/{admin_route}/purchase/bulk/detail/{id}/sell		
EV-6914d76a	M07-03	functions/pf-eccube3/m07-03_admin_online_purchase_purchase_online_buy_order_edit.md	28	利用者視点の入口	「ネット買取一覧」戻り	`GET /{admin_route}/purchase/page/{page_no}`	セッションに保存されたページ番号で一覧へ戻る。	/{admin_route}/purchase/page/{page_no}		
EV-00bb93ed	M07-03	functions/pf-eccube3/m07-03_admin_online_purchase_purchase_online_buy_order_edit.md	29	利用者視点の入口	存在しない `id`	`GET` または `POST …/purchase/{id}/…`	404。	/purchase/{id}		
EV-46d8207a	M07-03	functions/pf-eccube3/m07-03_admin_online_purchase_purchase_online_buy_order_edit.md	30	利用者視点の入口	実在庫の「商品追加／実在庫情報登録」モーダルから商品検索HTMLを返す。	`POST /{admin_route}/search/product`	実在庫の「商品追加／実在庫情報登録」モーダルから商品検索HTMLを返す。	/{admin_route}/search/product		
EV-c29eda31	M07-03	functions/pf-eccube3/m07-03_admin_online_purchase_purchase_online_buy_order_edit.md	31	利用者視点の入口	詳細ヘッダのCSVボタンなどから送信（当画面では hidden で当該買取IDを渡す）。一覧側仕様と共用。	`POST /{admin_route}/purchase/csv_export`	詳細ヘッダのCSVボタンなどから送信（当画面では hidden で当該買取IDを渡す）。一覧側仕様と共用。	/{admin_route}/purchase/csv_export		
EV-ffe55660	M07-03	functions/pf-eccube3/m07-03_admin_online_purchase_purchase_online_buy_order_edit.md	32	利用者視点の入口	同上（クエリ `type=sale`）。	`POST /{admin_route}/purchase/csv_export_product_list`	同上（クエリ `type=sale`）。	/{admin_route}/purchase/csv_export_product_list		
EV-5e45f843	M07-03	functions/pf-eccube3/m07-03_admin_online_purchase_purchase_online_buy_order_edit.md	33	利用者視点の入口	個別入力商品の実在庫紐付け（別トークン `purchase_register_individual_sto… | `POST /{admin_route}/purchase/{buyOrderId}/register-individual-stock/{individualProductId}` | 個別入力商品の実在庫紐付け（別トークン `purchase_register_individual_stock`）。			/{admin_route}/purchase/{buyOrderId}/register-individual-stock/{individualProductId}		
EV-363fbeaa	M07-03	functions/pf-eccube3/m07-03_admin_online_purchase_purchase_online_buy_order_edit.md	268	画面遷移	詳細で保存成功	同一買取詳細へリダイレクト。				
EV-7ac85f44	M07-03	functions/pf-eccube3/m07-03_admin_online_purchase_purchase_online_buy_order_edit.md	269	画面遷移	一覧へ戻るリンク	`GET /{admin_route}/purchase/page/{page_no}`（セッション既定1）。		/{admin_route}/purchase/page/{page_no}		
EV-8ce448b0	M07-03	functions/pf-eccube3/m07-03_admin_online_purchase_purchase_online_buy_order_edit.md	270	画面遷移	会員詳細／手動メール	それぞれ別ルートへ。				
EV-1da3f966	M07-03	functions/pf-eccube3/m07-03_admin_online_purchase_purchase_online_buy_order_edit.md	276	遷移時に引き継ぐ状態	一覧→詳細	一覧側がセッションにページ番号を保持していればそれを利用	詳細は当該IDの最新DB状態で組み立て			
EV-4ea4178e	M07-04	functions/pf-eccube3/m07-04_admin_online_purchase_purchase_manual_mail.md	21	利用者視点の入口	ネット買取一覧の行メニュー「メール通知」	`GET /{admin_route}/purchase/{buyOrderId}/mail`	手動メール入力画面が開く。	/{admin_route}/purchase/{buyOrderId}/mail		
EV-6c4eb34b	M07-04	functions/pf-eccube3/m07-04_admin_online_purchase_purchase_manual_mail.md	22	利用者視点の入口	ネット買取詳細フッター「手動メール通知」（買取IDが無い状態ではリンク自体が描画されない）	`GET /{admin_route}/purchase/{buyOrderId}/mail`	同上。	/{admin_route}/purchase/{buyOrderId}/mail		
EV-fd595298	M07-04	functions/pf-eccube3/m07-04_admin_online_purchase_purchase_manual_mail.md	23	利用者視点の入口	入力画面でテンプレートプルダウンを変更	`POST /{admin_route}/purchase/{buyOrderId}/mail`（mode=change）	選択テンプレートの件名とテンプレート本文プレビュー相当の文字列がフォームに再設定される。	/{admin_route}/purchase/{buyOrderId}/mail		
EV-6423970f	M07-04	functions/pf-eccube3/m07-04_admin_online_purchase_purchase_manual_mail.md	24	利用者視点の入口	入力画面で「確認」	`POST /{admin_route}/purchase/{buyOrderId}/mail`（mode=confirm）	検証に成功すると確認画面が返る。失敗すると入力画面に戻りエラー表示になる。	/{admin_route}/purchase/{buyOrderId}/mail		
EV-c2d3177b	M07-04	functions/pf-eccube3/m07-04_admin_online_purchase_purchase_manual_mail.md	25	利用者視点の入口	確認画面で「送信」	`POST /{admin_route}/purchase/{buyOrderId}/mail`（mode=complete）	検証に成功するとメール送信処理が呼ばれ、翻訳キー `admin.order.mail_send_complete` の成功フラッシュ付きで詳細編集へリダイレクトする。	/{admin_route}/purchase/{buyOrderId}/mail		
EV-96b0569c	M07-04	functions/pf-eccube3/m07-04_admin_online_purchase_purchase_manual_mail.md	26	利用者視点の入口	確認画面で「手動メール通知入力画面に戻る」	`POST /{admin_route}/purchase/{buyOrderId}/mail`（mode=back）	コントローラに back 専用分岐は無いが、フォーム POST のまま入力テンプレートへレンダリングされ、入力内容は維持される。	/{admin_route}/purchase/{buyOrderId}/mail		
EV-6fcd1fa6	M07-04	functions/pf-eccube3/m07-04_admin_online_purchase_purchase_manual_mail.md	27	利用者視点の入口	存在しない買取IDで開く	`GET /{admin_route}/purchase/{buyOrderId}/mail`	HTTP 404 を返す。	/{admin_route}/purchase/{buyOrderId}/mail		
EV-5e296dd3	M07-04	functions/pf-eccube3/m07-04_admin_online_purchase_purchase_manual_mail.md	195	画面遷移	一覧または詳細からリンク	GET 入力画面				
EV-4b4d3a5b	M07-04	functions/pf-eccube3/m07-04_admin_online_purchase_purchase_manual_mail.md	196	画面遷移	入力で確認に成功	同一 URL の POST 応答として確認 HTML				
EV-e952b123	M07-04	functions/pf-eccube3/m07-04_admin_online_purchase_purchase_manual_mail.md	197	画面遷移	確認で送信に成功	`/{admin_route}/purchase/{id}/edit` へのリダイレクト		/{admin_route}/purchase/{id}/edit		
EV-0236ffe1	M07-04	functions/pf-eccube3/m07-04_admin_online_purchase_purchase_manual_mail.md	198	画面遷移	送信処理が実質スキップされてもコントローラがリダイレクトに入った場合	同上（成功フラッシュは積まれる）				
EV-fce8e2b8	M07-04	functions/pf-eccube3/m07-04_admin_online_purchase_purchase_manual_mail.md	199	画面遷移	確認から戻るリンク	POST の応答として入力 HTML				
EV-154275a9	M07-04	functions/pf-eccube3/m07-04_admin_online_purchase_purchase_manual_mail.md	205	遷移時に引き継ぐ状態	送信完了後の詳細編集	セッションへ成功フラッシュを追加	詳細画面でフラッシュメッセージが表示される。			
EV-6268c4fc	M07-05	functions/pf-eccube3/m07-05_admin_online_purchase_purchase_csv_export_deposit.md	21	利用者視点の入口	検索を実行済みで一覧に1件以上あり、「ダウンロード」から「入金CSV」を押す	`POST /{admin_route}/purchase/csv_export_deposit`	チェックを付けた買取注文IDが `buyOrderIds[]` として送られ、入金CSVがブラウザでダウンロードされる。	/{admin_route}/purchase/csv_export_deposit		
EV-f7886c3f	M07-05	functions/pf-eccube3/m07-05_admin_online_purchase_purchase_csv_export_deposit.md	22	利用者視点の入口	同上だがチェックを1件も付けずに「入金CSV」を押す	（同一POST先。クライアント側`alert`で送信が止まる場合がある）	一覧のJSが未選択を検知し、アラートを出して送信を抑止する。抑止に失敗した場合や改ざん送信ではサーバ側でもエラー扱いとなり一覧へ戻る。			
EV-b0f32e92	M07-05	functions/pf-eccube3/m07-05_admin_online_purchase_purchase_csv_export_deposit.md	23	利用者視点の入口	検索結果が0件で一覧ブロックが出ない	（当ボタンは描画されない）	ダウンロード用フォームとボタンは、ページング付き検索結果が描画される条件でのみ出る。			
EV-2307b389	M07-06	functions/pf-eccube3/m07-06_admin_online_purchase_purchase_online_product_list_csv_export.md	21	利用者視点の入口	買取一覧で1件以上チェックし、「ダウンロード」から「買取商品一覧CSV」を押す	`POST /{admin_route}/purchase/csv_export_product_list?type=sale`	`buyOrderIds[]`が送信され、売却側明細を集計したCSVがダウンロードされる。	/{admin_route}/purchase/csv_export_product_list		
EV-7220ca89	M07-06	functions/pf-eccube3/m07-06_admin_online_purchase_purchase_online_product_list_csv_export.md	22	利用者視点の入口	同一覧で「買取商品（キャンセル）CSV」を押す	`POST /{admin_route}/purchase/csv_export_product_list?type=notSale`	同上だが非売却側明細を対象とし、数量列ヘッダが「キャンセル数」となり、ファイル名接頭辞が`purchase_product_cancel_list_`になる。	/{admin_route}/purchase/csv_export_product_list		
EV-1f96627e	M07-06	functions/pf-eccube3/m07-06_admin_online_purchase_purchase_online_product_list_csv_export.md	23	利用者視点の入口	一覧でチェックなしのまま上記いずれかを押す	（送信はブロックしうる）	`purchase.js`が`alert`で中断する。サーバへ届いた場合はフラッシュで未選択メッセージとなり一覧へ戻る。			
EV-ed6f6057	M07-06	functions/pf-eccube3/m07-06_admin_online_purchase_purchase_online_product_list_csv_export.md	24	利用者視点の入口	買取詳細で「買取商品一覧CSV出力」を押す	`POST /{admin_route}/purchase/csv_export_product_list?type=sale`	当該買取のIDが隠し`buyOrderIds[]`で送信され、売却側CSVがダウンロードされる。詳細にはキャンセルCSV用ボタンはない。	/{admin_route}/purchase/csv_export_product_list		
EV-e7965bfd	M07-06	functions/pf-eccube3/m07-06_admin_online_purchase_purchase_online_product_list_csv_export.md	25	利用者視点の入口	`type`が`sale`でも`notSale`でもない値	`POST /{admin_route}/purchase/csv_export_product_list?type=…`	フラッシュに固定文言「不正なCSV種別です。」を積み、買取一覧ページへリダイレクトする（翻訳キーは経由しない）。	/{admin_route}/purchase/csv_export_product_list		
EV-b55bac9d	M07-06	functions/pf-eccube3/m07-06_admin_online_purchase_purchase_online_product_list_csv_export.md	187	画面遷移	エクスポート成功	ブラウザがファイルダウンロードを処理する。サーバはストリーム応答を返す。				
EV-0f32157e	M07-06	functions/pf-eccube3/m07-06_admin_online_purchase_purchase_online_product_list_csv_export.md	188	画面遷移	ID未選択、不正`type`、キャッチした実行時例外	フラッシュを積み、`GET /{admin_route}/purchase/page/{page_no}`へリダイレクト（`page_no`はセッション`eccube.admin.purchase.search.page_no`の確認値）。		/{admin_route}/purchase/page/{page_no}		
EV-b1bc4e76	M08-01	functions/pf-eccube3/m08-01_admin_customer_customer_search_list.md	78	利用者視点の入口	会員マスターを開く	`GET /{admin_route}/customer`	検索フォームを表示する。セッションに検索条件が無ければ一覧は空で表示する。	/{admin_route}/customer		
EV-272525f3	M08-01	functions/pf-eccube3/m08-01_admin_customer_customer_search_list.md	79	利用者視点の入口	検索を実行する	`POST /{admin_route}/customer`	入力した検索条件で会員を絞り込み、1ページ目を表示する。検索条件をセッションへ保存する。	/{admin_route}/customer		
EV-1a0933c9	M08-01	functions/pf-eccube3/m08-01_admin_customer_customer_search_list.md	80	利用者視点の入口	ページを送る	`GET /{admin_route}/customer/page/{page_no}`	セッションの検索条件で該当ページを表示する。表示件数指定があれば反映する。	/{admin_route}/customer/page/{page_no}		
EV-380a5f61	M08-01	functions/pf-eccube3/m08-01_admin_customer_customer_search_list.md	81	利用者視点の入口	保存した検索パターンを適用	`GET /{admin_route}/customer/search/pattern/{patternId}`	保存済みの検索条件を復元して一覧を表示する。	/{admin_route}/customer/search/pattern/{patternId}		
EV-08a8c96f	M08-01	functions/pf-eccube3/m08-01_admin_customer_customer_search_list.md	82	利用者視点の入口	検索条件を保存	`POST /{admin_route}/customer/save/pattern`	入力中の検索条件をパターン名付きで保存し、その条件で一覧を表示する。	/{admin_route}/customer/save/pattern		
EV-a0ec60a1	M08-01	functions/pf-eccube3/m08-01_admin_customer_customer_search_list.md	83	利用者視点の入口	検索パターンを削除	`DELETE /{admin_route}/customer/delete/pattern/{patternId}`	指定パターンを削除し、会員マスターへ戻す。	/{admin_route}/customer/delete/pattern/{patternId}		
EV-a0237d31	M08-01	functions/pf-eccube3/m08-01_admin_customer_customer_search_list.md	84	利用者視点の入口	会員ホームからの導線	`GET /{admin_route}/search_customer`	本会員条件を会員一覧向け検索条件として保存して会員一覧へ遷移する（ホームショップ状況機能を正とする）。	/{admin_route}/search_customer		
EV-fb48224f	M08-01	functions/pf-eccube3/m08-01_admin_customer_customer_search_list.md	291	画面遷移	検索する	会員マスター（検索結果付き、同一画面）				
EV-100b3f79	M08-01	functions/pf-eccube3/m08-01_admin_customer_customer_search_list.md	292	画面遷移	ページ送り	会員マスター（指定ページ、`admin_customer_page`）			admin_customer_page	
EV-83583477	M08-01	functions/pf-eccube3/m08-01_admin_customer_customer_search_list.md	293	画面遷移	検索パターン適用	会員マスター（復元条件の結果）				
EV-ffab2359	M08-01	functions/pf-eccube3/m08-01_admin_customer_customer_search_list.md	294	画面遷移	検索パターン保存	会員マスター（保存条件の結果）				
EV-31ff8b17	M08-01	functions/pf-eccube3/m08-01_admin_customer_customer_search_list.md	295	画面遷移	検索パターン削除	会員マスター（`admin_customer`）			admin_customer	
EV-41f1f2df	M08-01	functions/pf-eccube3/m08-01_admin_customer_customer_search_list.md	296	画面遷移	会員IDまたは編集	会員登録・編集（`m08-04_admin_customer_customer_edit`、M08-04）				M08-04
EV-9bea5b50	M08-01	functions/pf-eccube3/m08-01_admin_customer_customer_search_list.md	297	画面遷移	削除	会員削除（`admin_customer_delete`）			admin_customer_delete	
EV-23f0ce08	M08-01	functions/pf-eccube3/m08-01_admin_customer_customer_search_list.md	298	画面遷移	メール通知	手動メール通知（`m08-08_admin_customer_customer_manual_mail`、M08-08）				M08-08
EV-ced2e41d	M08-01	functions/pf-eccube3/m08-01_admin_customer_customer_search_list.md	299	画面遷移	仮会員メール再送	仮登録メール再送（`admin_customer_resend`）			admin_customer_resend	
EV-45e34bd1	M08-01	functions/pf-eccube3/m08-01_admin_customer_customer_search_list.md	300	画面遷移	メール履歴	メール送信履歴（`m08-07_admin_customer_customer_mail_history`）				
EV-ce7fb742	M08-01	functions/pf-eccube3/m08-01_admin_customer_customer_search_list.md	301	画面遷移	メール一括送信	メール一括送信（`admin_customer_mail`、M08-08）			admin_customer_mail	M08-08
EV-03b843e1	M08-01	functions/pf-eccube3/m08-01_admin_customer_customer_search_list.md	302	画面遷移	CSVダウンロード	会員CSV出力（`admin_customer_export`）			admin_customer_export	
EV-61938cf8	M08-01	functions/pf-eccube3/m08-01_admin_customer_customer_search_list.md	303	画面遷移	移行インポート	会員CSV取込（`admin_customer_csv`）			admin_customer_csv	
EV-9244191c	M08-01	functions/pf-eccube3/m08-01_admin_customer_customer_search_list.md	309	遷移時に引き継ぐ状態	検索実行	検索条件・ページ番号・表示件数を会員検索用セッションへ保存する。	ページ送り・編集からの戻りで保存条件を復元して一覧を表示する。			
EV-bb03466a	M08-01	functions/pf-eccube3/m08-01_admin_customer_customer_search_list.md	310	遷移時に引き継ぐ状態	検索パターン適用	復元した条件を会員検索用セッションへ保存する。	復元条件の1ページ目を表示する。			
EV-9fc65dc3	M08-02	functions/pf-eccube3/m08-02_admin_customer_customer_mail_all.md	58	利用者視点の入口	会員一覧で会員を選び「メール送信」	`POST /{admin_route}/customer/mail`	件名・本文の入力画面を表示する。選択会員IDを保持する。	/{admin_route}/customer/mail		
EV-1d385b7a	M08-02	functions/pf-eccube3/m08-02_admin_customer_customer_mail_all.md	59	利用者視点の入口	「確認」ボタン	`POST /{admin_route}/customer/mail_confirm`	入力内容を確認画面に表示し、対象会員を一覧する。入力欄は変更不可で表示する。	/{admin_route}/customer/mail_confirm		
EV-55762352	M08-02	functions/pf-eccube3/m08-02_admin_customer_customer_mail_all.md	60	利用者視点の入口	「送信」ボタン	`POST /{admin_route}/customer/mail_complete`	選択会員ごとにメールを送信し、完了画面へ遷移する。	/{admin_route}/customer/mail_complete		
EV-472daa6f	M08-02	functions/pf-eccube3/m08-02_admin_customer_customer_mail_all.md	61	利用者視点の入口	送信完了画面	`GET /{admin_route}/customer/mail_complete`	一括送信完了の案内を表示する。	/{admin_route}/customer/mail_complete		
EV-92d98fc0	M08-02	functions/pf-eccube3/m08-02_admin_customer_customer_mail_all.md	184	画面遷移	会員選択・メール送信	入力画面（`admin_customer_mail`）			admin_customer_mail	
EV-06d7e7fd	M08-02	functions/pf-eccube3/m08-02_admin_customer_customer_mail_all.md	185	画面遷移	確認	確認画面（`m08-02_admin_customer_customer_mail_all_confirm`）				
EV-446d0a1f	M08-02	functions/pf-eccube3/m08-02_admin_customer_customer_mail_all.md	186	画面遷移	送信	送信実行（`m08-02_admin_customer_customer_mail_all_execute`）→ 完了画面（`m08-02_admin_customer_customer_mail_all_complete`）				
EV-82e95450	M08-03	functions/pf-eccube3/m08-03_admin_customer_customer_csv_export.md	64	利用者視点の入口	会員一覧の「CSVダウンロード」	`GET /{admin_route}/customer/export` または `POST`	直前の検索条件に従い、会員情報をCSVとしてストリーミング出力する。	/{admin_route}/customer/export		
EV-48c62cb9	M08-03	functions/pf-eccube3/m08-03_admin_customer_customer_csv_export.md	172	画面遷移	CSVダウンロード	画面遷移せずファイルを出力する				
EV-881b9f0d	M08-04	functions/pf-eccube3/m08-04_admin_customer_customer_edit.md	79	利用者視点の入口	新規会員登録を開く	`GET /{admin_route}/customer/new`	空の会員登録フォームを表示する。	/{admin_route}/customer/new		
EV-273da855	M08-04	functions/pf-eccube3/m08-04_admin_customer_customer_edit.md	80	利用者視点の入口	会員編集を開く	`GET /{admin_route}/customer/{id}/edit`	指定会員の会員情報をフォームに展開し、購入履歴・買取履歴と各導線を表示する。	/{admin_route}/customer/{id}/edit		
EV-6080b9ba	M08-04	functions/pf-eccube3/m08-04_admin_customer_customer_edit.md	81	利用者視点の入口	新規登録を送信	`POST /{admin_route}/customer/new`	検証後に会員と会員住所を保存し、保存後の編集画面へ遷移する。	/{admin_route}/customer/new		
EV-1aec3373	M08-04	functions/pf-eccube3/m08-04_admin_customer_customer_edit.md	82	利用者視点の入口	編集を送信	`POST /{admin_route}/customer/{id}/edit`	検証後に会員情報を更新し、同じ編集画面へ遷移する。	/{admin_route}/customer/{id}/edit		
EV-4319d542	M08-04	functions/pf-eccube3/m08-04_admin_customer_customer_edit.md	270	画面遷移	新規登録を開く	会員登録フォーム（`admin_customer_new`）			admin_customer_new	
EV-fd09bcad	M08-04	functions/pf-eccube3/m08-04_admin_customer_customer_edit.md	271	画面遷移	会員編集を開く	会員編集フォーム（`m08-04_admin_customer_customer_edit`）				
EV-3e807c8b	M08-04	functions/pf-eccube3/m08-04_admin_customer_customer_edit.md	272	画面遷移	保存成功（新規・編集とも）	保存した会員の編集画面（`m08-04_admin_customer_customer_edit`）				
EV-a3a54de3	M08-04	functions/pf-eccube3/m08-04_admin_customer_customer_edit.md	273	画面遷移	検証失敗	同一画面でエラー表示				
EV-40f02cb9	M08-04	functions/pf-eccube3/m08-04_admin_customer_customer_edit.md	274	画面遷移	検索画面に戻る	会員一覧（保持したページ番号と再開指定、`admin_customer_page`、M08-01）			admin_customer_page	M08-01
EV-aaa99656	M08-04	functions/pf-eccube3/m08-04_admin_customer_customer_edit.md	275	画面遷移	ポイント管理・履歴一覧	ポイント管理（`admin_customer_point_type_select`）			admin_customer_point_type_select	
EV-1dd585ef	M08-04	functions/pf-eccube3/m08-04_admin_customer_customer_edit.md	276	画面遷移	配送先一覧	配送先一覧（`m08-09_admin_customer_customer_delivery`）				
EV-93e3c080	M08-04	functions/pf-eccube3/m08-04_admin_customer_customer_edit.md	277	画面遷移	手動メール通知	手動メール通知（`m08-08_admin_customer_customer_manual_mail`、M08-08）				M08-08
EV-58f06e3d	M08-04	functions/pf-eccube3/m08-04_admin_customer_customer_edit.md	278	画面遷移	送信履歴	メール送信履歴（`m08-07_admin_customer_customer_mail_history`）				
EV-ab77507b	M08-04	functions/pf-eccube3/m08-04_admin_customer_customer_edit.md	279	画面遷移	オンライン本人確認	本人確認モーダル（M08-10）				M08-10
EV-943a4ef0	M08-05	functions/pf-eccube3/m08-05_admin_customer_point.md	64	利用者視点の入口	会員のポイント操作で種別選択	`GET /{admin_route}/customer/point/{id}/select`	ポイント種別の選択画面を表示する。	/{admin_route}/customer/point/{id}/select		
EV-8e3900a7	M08-05	functions/pf-eccube3/m08-05_admin_customer_point.md	65	利用者視点の入口	ポイント履歴を開く	`GET /{admin_route}/customer/point/{id}/{type}`	当該会員・種別のポイント履歴一覧と付与フォームを表示する。	/{admin_route}/customer/point/{id}/{type}		
EV-962da329	M08-05	functions/pf-eccube3/m08-05_admin_customer_point.md	66	利用者視点の入口	「登録」ボタン（付与）	`POST /{admin_route}/customer/point/{id}/update/{type}`	入力したポイント変動を履歴に追加し、ポイント履歴画面へ戻る。	/{admin_route}/customer/point/{id}/update/{type}		
EV-5bfc8c21	M08-05	functions/pf-eccube3/m08-05_admin_customer_point.md	179	画面遷移	種別選択	種別選択画面（`admin_customer_point_type_select`）			admin_customer_point_type_select	
EV-f3c30bb2	M08-05	functions/pf-eccube3/m08-05_admin_customer_point.md	180	画面遷移	履歴を開く	ポイント履歴画面（`admin_customer_point_history`）			admin_customer_point_history	
EV-7b060e7b	M08-05	functions/pf-eccube3/m08-05_admin_customer_point.md	181	画面遷移	付与成功	ポイント履歴画面（`admin_customer_point_history`）			admin_customer_point_history	
EV-5b941051	M08-05	functions/pf-eccube3/m08-05_admin_customer_point.md	182	画面遷移	検証失敗	ポイント履歴画面を再表示				
EV-7db32fa4	M08-05	functions/pf-eccube3/m08-05_admin_customer_point.md	183	画面遷移	会員・選手情報なし	ページが見つからない扱い（404）				
EV-33f80ca0	M08-06	functions/pf-eccube3/m08-06_admin_customer_point.md	64	利用者視点の入口	会員のポイント操作で種別選択	`GET /{admin_route}/customer/point/{id}/select`	ポイント種別の選択画面を表示する。	/{admin_route}/customer/point/{id}/select		
EV-d7d0e83f	M08-06	functions/pf-eccube3/m08-06_admin_customer_point.md	65	利用者視点の入口	ポイント履歴を開く	`GET /{admin_route}/customer/point/{id}/{type}`	当該会員・種別のポイント履歴一覧と付与フォームを表示する。	/{admin_route}/customer/point/{id}/{type}		
EV-5f0f5c58	M08-06	functions/pf-eccube3/m08-06_admin_customer_point.md	66	利用者視点の入口	「登録」ボタン（付与）	`POST /{admin_route}/customer/point/{id}/update/{type}`	入力したポイント変動を履歴に追加し、ポイント履歴画面へ戻る。	/{admin_route}/customer/point/{id}/update/{type}		
EV-80602938	M08-06	functions/pf-eccube3/m08-06_admin_customer_point.md	179	画面遷移	種別選択	種別選択画面（`admin_customer_point_type_select`）			admin_customer_point_type_select	
EV-bab2146c	M08-06	functions/pf-eccube3/m08-06_admin_customer_point.md	180	画面遷移	履歴を開く	ポイント履歴画面（`admin_customer_point_history`）			admin_customer_point_history	
EV-52d2bc16	M08-06	functions/pf-eccube3/m08-06_admin_customer_point.md	181	画面遷移	付与成功	ポイント履歴画面（`admin_customer_point_history`）			admin_customer_point_history	
EV-7a795800	M08-06	functions/pf-eccube3/m08-06_admin_customer_point.md	182	画面遷移	検証失敗	ポイント履歴画面を再表示				
EV-23fb96f8	M08-06	functions/pf-eccube3/m08-06_admin_customer_point.md	183	画面遷移	会員・選手情報なし	ページが見つからない扱い（404）				
EV-a763a667	M08-07	functions/pf-eccube3/m08-07_admin_customer_customer_mail_history.md	59	利用者視点の入口	会員詳細等の「メール送信履歴」	`GET /{admin_route}/customer/{id}/mail_history`	当該会員のメール送信履歴を新しい順に一覧表示する。	/{admin_route}/customer/{id}/mail_history		
EV-018964ee	M08-07	functions/pf-eccube3/m08-07_admin_customer_customer_mail_history.md	60	利用者視点の入口	テンプレートで絞り込み	同URLにテンプレート指定を付けて表示	指定テンプレートで送信した履歴のみに絞り込む。			
EV-ca70122f	M08-07	functions/pf-eccube3/m08-07_admin_customer_customer_mail_history.md	157	画面遷移	「メール送信履歴」	履歴一覧（`m08-07_admin_customer_customer_mail_history`）				
EV-bb292d19	M08-07	functions/pf-eccube3/m08-07_admin_customer_customer_mail_history.md	158	画面遷移	テンプレート絞り込み	同画面（絞り込み結果）				
EV-ae1a0b41	M08-08	functions/pf-eccube3/m08-08_admin_customer_customer_manual_mail.md	67	利用者視点の入口	会員を指定して手動メールを開く	`GET /{admin_route}/customer/manual_mail`（クエリで会員IDを指定）	対象会員の手動メール作成画面を表示する。テンプレート未選択なら本文・件名は空。	/{admin_route}/customer/manual_mail		
EV-a01e7972	M08-08	functions/pf-eccube3/m08-08_admin_customer_customer_manual_mail.md	68	利用者視点の入口	テンプレートを選んで開く	`GET /{admin_route}/customer/manual_mail/{customerId}/{templateId}`	指定テンプレートの件名・本文を差し込んだ作成画面を表示する。	/{admin_route}/customer/manual_mail/{customerId}/{templateId}		
EV-a01483fa	M08-08	functions/pf-eccube3/m08-08_admin_customer_customer_manual_mail.md	69	利用者視点の入口	手動メールを送信する	`POST /{admin_route}/customer/manual_mail/{customerId}/{templateId}`	件名・本文を検証し、対象会員へ送信して送信履歴を記録し、同じ作成画面へ戻る。	/{admin_route}/customer/manual_mail/{customerId}/{templateId}		
EV-75e999a6	M08-08	functions/pf-eccube3/m08-08_admin_customer_customer_manual_mail.md	217	画面遷移	会員一覧・編集から手動メール通知	手動メール作成画面（`m08-08_admin_customer_customer_manual_mail`）				
EV-161c8e96	M08-08	functions/pf-eccube3/m08-08_admin_customer_customer_manual_mail.md	218	画面遷移	テンプレート選択	同画面（テンプレート差し込み、`m08-08_admin_customer_customer_manual_mail_edit`）				
EV-6512aca8	M08-08	functions/pf-eccube3/m08-08_admin_customer_customer_manual_mail.md	219	画面遷移	送信成功	同じ会員・テンプレートの作成画面（`m08-08_admin_customer_customer_manual_mail_edit`）				
EV-f8bc9452	M08-08	functions/pf-eccube3/m08-08_admin_customer_customer_manual_mail.md	220	画面遷移	検証失敗	同じ作成画面へ戻す				
EV-800281ae	M08-08	functions/pf-eccube3/m08-08_admin_customer_customer_manual_mail.md	221	画面遷移	会員編集画面に戻る	会員登録・編集（`m08-04_admin_customer_customer_edit`、M08-04）				M08-04
EV-94a25bdc	M08-09	functions/pf-eccube3/m08-09_admin_customer_customer_delivery.md	60	利用者視点の入口	会員詳細等の「配送先一覧」	`GET /{admin_route}/customer/{id}/delivery`	当該会員の追加配送先を一覧表示する。	/{admin_route}/customer/{id}/delivery		
EV-2be0b10f	M08-09	functions/pf-eccube3/m08-09_admin_customer_customer_delivery.md	61	利用者視点の入口	配送先の「編集」	`GET/POST /{admin_route}/customer/delivery/{id}/update`	配送先の編集フォームを表示し、送信時に内容と配送先名称を保存する。	/{admin_route}/customer/delivery/{id}/update;/POST		
EV-b1bb2926	M08-09	functions/pf-eccube3/m08-09_admin_customer_customer_delivery.md	62	利用者視点の入口	配送先の「削除」	`DELETE /{admin_route}/customer/delivery/{id}/delete`	当該配送先を削除する。	/{admin_route}/customer/delivery/{id}/delete		
EV-0365fe90	M08-09	functions/pf-eccube3/m08-09_admin_customer_customer_delivery.md	192	画面遷移	「配送先一覧」	配送先一覧（`m08-09_admin_customer_customer_delivery`）				
EV-969fcd11	M08-09	functions/pf-eccube3/m08-09_admin_customer_customer_delivery.md	193	画面遷移	編集	配送先編集画面（`m08-09_admin_customer_customer_delivery_edit`）				
EV-fa4f56f9	M08-09	functions/pf-eccube3/m08-09_admin_customer_customer_delivery.md	194	画面遷移	削除	配送先一覧へ戻る				
EV-78696229	M08-09	functions/pf-eccube3/m08-09_admin_customer_customer_delivery.md	195	画面遷移	配送先なし	ページが見つからない扱い（404）				
EV-cd44fa1f	M08-10	functions/pf-eccube3/m08-10_admin_customer_customer_online_identification.md	73	利用者視点の入口	会員編集画面のオンライン本人確認ボタン	`GET /{admin_route}/customer/{id}/edit`（編集画面内のモーダル）	会員の個人情報と身分証画像（閲覧権限がある場合）、身分証有効期限の入力を表示する。	/{admin_route}/customer/{id}/edit		
EV-0d6e861a	M08-10	functions/pf-eccube3/m08-10_admin_customer_customer_online_identification.md	74	利用者視点の入口	確認済に変更する	`POST /{admin_route}/customer/{id}/identification/complete`	身分証有効期限を保存し、本人確認ステータスを確認済みに更新して会員編集画面へ戻す。	/{admin_route}/customer/{id}/identification/complete		
EV-445230dd	M08-10	functions/pf-eccube3/m08-10_admin_customer_customer_online_identification.md	222	画面遷移	会員編集画面のオンライン本人確認ボタン	オンライン本人確認モーダル（会員編集画面内）				
EV-22dc24ce	M08-10	functions/pf-eccube3/m08-10_admin_customer_customer_online_identification.md	223	画面遷移	身分証画像サムネイル押下	画像種別ごとの拡大表示モーダル				
EV-395678da	M08-10	functions/pf-eccube3/m08-10_admin_customer_customer_online_identification.md	224	画面遷移	確認済に変更する（成功）	会員登録・編集（`m08-04_admin_customer_customer_edit`、M08-04）				M08-04
EV-bc7f274c	M08-10	functions/pf-eccube3/m08-10_admin_customer_customer_online_identification.md	225	画面遷移	身分証有効期限が不正	会員登録・編集（エラー表示、`m08-04_admin_customer_customer_edit`）				
EV-b4e261cb	M08-10	functions/pf-eccube3/m08-10_admin_customer_customer_online_identification.md	226	画面遷移	取消	モーダルを閉じる（同一画面）				
EV-06134143	M08-12	functions/pf-eccube3/m08-12_admin_customer_customer_group.md	57	利用者視点の入口	ナビ「顧客グループ管理」	`GET /{admin_route}/customer_group/{id}`	登録済み顧客グループの一覧と、選択した（または新規の）グループの編集フォームを表示する。	/{admin_route}/customer_group/{id}		
EV-aa2caefd	M08-12	functions/pf-eccube3/m08-12_admin_customer_customer_group.md	58	利用者視点の入口	「登録」ボタン（新規）	`POST /{admin_route}/customer_group/new`	新規グループを登録し、一覧へ戻る。	/{admin_route}/customer_group/new		
EV-66e68ce4	M08-12	functions/pf-eccube3/m08-12_admin_customer_customer_group.md	59	利用者視点の入口	「更新」ボタン（既存）	`POST /{admin_route}/customer_group/{id}/update`	既存グループを更新し、一覧へ戻る。	/{admin_route}/customer_group/{id}/update		
EV-0400ae4a	M08-12	functions/pf-eccube3/m08-12_admin_customer_customer_group.md	60	利用者視点の入口	「削除」ボタン	`DELETE /{admin_route}/customer_group/{id}/delete`	既存グループを削除し、一覧へ戻る。	/{admin_route}/customer_group/{id}/delete		
EV-f1fb4b7f	M08-12	functions/pf-eccube3/m08-12_admin_customer_customer_group.md	178	画面遷移	ナビ「顧客グループ管理」	一覧（`m08-12_admin_customer_customer_group`）				
EV-93f1aad3	M08-12	functions/pf-eccube3/m08-12_admin_customer_customer_group.md	179	画面遷移	登録・更新・削除後	一覧（`m08-12_admin_customer_customer_group`）				
EV-df740ebb	M08-12	functions/pf-eccube3/m08-12_admin_customer_customer_group.md	180	画面遷移	検証失敗	一覧画面を再表示				
EV-125b127e	M08-13	functions/pf-eccube3/m08-13_admin_customer_customer_blacklist.md	59	利用者視点の入口	ナビ「ブラックリスト」	`GET /{admin_route}/customer/blacklist`	登録済みキーワードの一覧と新規登録・編集用のフォームを表示する。	/{admin_route}/customer/blacklist		
EV-43bd1bae	M08-13	functions/pf-eccube3/m08-13_admin_customer_customer_blacklist.md	60	利用者視点の入口	「登録」「更新」「削除」ボタン	`POST /{admin_route}/customer/blacklist/update`	送信内容に応じてキーワードを新規登録・編集・削除し、成功メッセージとともに一覧へ戻る。	/{admin_route}/customer/blacklist/update		
EV-e64eea93	M08-13	functions/pf-eccube3/m08-13_admin_customer_customer_blacklist.md	201	画面遷移	ナビ「ブラックリスト」	一覧（`m08-13_admin_customer_customer_blacklist`）				
EV-1466aa40	M08-13	functions/pf-eccube3/m08-13_admin_customer_customer_blacklist.md	202	画面遷移	登録・編集・削除後	一覧（`m08-13_admin_customer_customer_blacklist`）				
EV-02569801	M08-14	functions/pf-eccube3/m08-14_admin_customer_customer_resend_provisional_mail.md	68	利用者視点の入口	会員一覧の「仮登録完了メール再送」操作	`PUT /{admin_route}/customer/{id}/resend`	対象会員へ本登録用URLを含む仮登録完了メールを再送し、成功メッセージとともに会員一覧へ戻る。	/{admin_route}/customer/{id}/resend		
EV-b9edea3d	M08-14	functions/pf-eccube3/m08-14_admin_customer_customer_resend_provisional_mail.md	175	画面遷移	再送成功	会員一覧（`admin_customer`）			admin_customer	
EV-3786c981	M08-14	functions/pf-eccube3/m08-14_admin_customer_customer_resend_provisional_mail.md	176	画面遷移	会員が存在しない	ページが見つからない扱い（404）				
EV-e9b0d061	M09-04	functions/pf-eccube3/m09-04_admin_content_content_page.md	73	利用者視点の入口	ページ一覧を開く	`GET /{admin_route}/content/page`	登録済みページを一覧表示する。検索ボックスでページ名・ルーティング名・URL・ファイル名・レイアウト名を部分一致検索できる。各行にページ名・ルーティング名・URL・ファイル名・レイアウト名と、レイアウト編集・ページ編集・削除の操作を表示する。	/{admin_route}/content/page		
EV-3bcec335	M09-04	functions/pf-eccube3/m09-04_admin_content_content_page.md	74	利用者視点の入口	新規入力を押下	`GET /{admin_route}/content/page/new`	空のページ作成フォームを表示する。	/{admin_route}/content/page/new		
EV-3443926a	M09-04	functions/pf-eccube3/m09-04_admin_content_content_page.md	75	利用者視点の入口	新規入力の送信	`POST /{admin_route}/content/page/new`	検証後にページを登録し、テンプレート本文をファイルへ書き出して、登録したページの編集画面へリダイレクトする。	/{admin_route}/content/page/new		
EV-7cddb76c	M09-04	functions/pf-eccube3/m09-04_admin_content_content_page.md	76	利用者視点の入口	行のページ編集を押下	`GET /{admin_route}/content/page/{id}/edit`	指定ページの編集フォームを表示する。ファイル名が未設定のページではページ編集リンクを無効化する。	/{admin_route}/content/page/{id}/edit		
EV-896e858d	M09-04	functions/pf-eccube3/m09-04_admin_content_content_page.md	77	利用者視点の入口	編集の送信	`POST /{admin_route}/content/page/{id}/edit`	検証後にページを更新し、編集画面へリダイレクトする。	/{admin_route}/content/page/{id}/edit		
EV-a3108e08	M09-04	functions/pf-eccube3/m09-04_admin_content_content_page.md	78	利用者視点の入口	行の削除を押下	`DELETE /{admin_route}/content/page/{id}/delete`	利用者作成ページのときファイルとレコードを削除し、一覧へ戻る。初期投入ページは削除しない。	/{admin_route}/content/page/{id}/delete		
EV-8b884d91	M09-04	functions/pf-eccube3/m09-04_admin_content_content_page.md	301	画面遷移	一覧の新規入力を押下	新規作成フォーム。				
EV-114f82f7	M09-04	functions/pf-eccube3/m09-04_admin_content_content_page.md	302	画面遷移	一覧のページ編集を押下	該当ページの編集フォーム。				
EV-a61a891f	M09-04	functions/pf-eccube3/m09-04_admin_content_content_page.md	303	画面遷移	新規作成保存成功	登録したページの編集画面。				
EV-9da1e655	M09-04	functions/pf-eccube3/m09-04_admin_content_content_page.md	304	画面遷移	編集保存成功	同ページの編集画面。				
EV-4f8b7897	M09-04	functions/pf-eccube3/m09-04_admin_content_content_page.md	305	画面遷移	削除成功	ページ一覧。				
EV-a50e8be8	M09-04	functions/pf-eccube3/m09-04_admin_content_content_page.md	306	画面遷移	検証失敗	同一フォームを再描画。				
EV-72571860	M09-07	functions/pf-eccube3/m09-07_admin_content_content_block.md	72	利用者視点の入口	ブロック一覧を開く	`GET /{admin_route}/content/block`	登録済みブロックを ID 降順で一覧表示する。検索ボックスでブロック名・ファイル名を部分一致検索できる。各行にブロック名・ファイル名と編集・削除の操作を表示する。	/{admin_route}/content/block		
EV-591c1857	M09-07	functions/pf-eccube3/m09-07_admin_content_content_block.md	73	利用者視点の入口	新規入力を押下	`GET /{admin_route}/content/block/new`	空のブロック作成フォームを表示する。	/{admin_route}/content/block/new		
EV-da157439	M09-07	functions/pf-eccube3/m09-07_admin_content_content_block.md	74	利用者視点の入口	新規入力の送信	`POST /{admin_route}/content/block/new`	検証後にブロックを登録し、テンプレート本文をブロックファイルへ書き出して、登録したブロックの編集画面へリダイレクトする。	/{admin_route}/content/block/new		
EV-8d29a9a3	M09-07	functions/pf-eccube3/m09-07_admin_content_content_block.md	75	利用者視点の入口	行の編集を押下	`GET /{admin_route}/content/block/{id}/edit`	指定ブロックの編集フォームを表示する。削除不可ブロックはアクセス拒否（HTTP 403）。	/{admin_route}/content/block/{id}/edit		
EV-2a44998b	M09-07	functions/pf-eccube3/m09-07_admin_content_content_block.md	76	利用者視点の入口	編集の送信	`POST /{admin_route}/content/block/{id}/edit`	検証後にブロックを更新し、編集画面へリダイレクトする。削除不可ブロックはアクセス拒否（HTTP 403）。	/{admin_route}/content/block/{id}/edit		
EV-1d05a439	M09-07	functions/pf-eccube3/m09-07_admin_content_content_block.md	77	利用者視点の入口	行の削除を押下	`DELETE /{admin_route}/content/block/{id}/delete`	削除可能ブロックのときファイルとレコードを削除し、一覧へ戻る。削除不可ブロックは削除しない。	/{admin_route}/content/block/{id}/delete		
EV-815d02be	M09-07	functions/pf-eccube3/m09-07_admin_content_content_block.md	295	画面遷移	一覧の新規入力を押下	新規作成フォーム。				
EV-3f375390	M09-07	functions/pf-eccube3/m09-07_admin_content_content_block.md	296	画面遷移	一覧の編集を押下	該当ブロックの編集フォーム。削除不可ブロックはアクセス拒否（HTTP 403）。				
EV-82799be3	M09-07	functions/pf-eccube3/m09-07_admin_content_content_block.md	297	画面遷移	新規作成保存成功	登録したブロックの編集画面。				
EV-2ba82c7d	M09-07	functions/pf-eccube3/m09-07_admin_content_content_block.md	298	画面遷移	編集保存成功	同ブロックの編集画面。				
EV-f62ff861	M09-07	functions/pf-eccube3/m09-07_admin_content_content_block.md	299	画面遷移	削除成功	ブロック一覧。				
EV-fa82287d	M09-07	functions/pf-eccube3/m09-07_admin_content_content_block.md	300	画面遷移	検証失敗	同一フォームを再描画。				
EV-6911bdcd	M09-10	functions/pf-eccube3/m09-10_admin_content_content_branch_top_page.md	73	利用者視点の入口	支店トップページ管理を開く	`GET /{admin_route}/integration/toppage_management/{id}`	指定IDの支店設定を読み込み、支店選択、共通設定フラグ、バナー、タイル設定フォームを表示する。`id`省略時は0として扱う。	/{admin_route}/integration/toppage_management/{id}		
EV-1697c8a9	M09-10	functions/pf-eccube3/m09-10_admin_content_content_branch_top_page.md	74	利用者視点の入口	支店選択を変更する	画面内操作。遷移先は`GET /{admin_route}/integration/toppage_management/{id}`	支店選択の変更イベントで選択値をURL末尾に付けて画面遷移し、選択支店の設定を再表示する。	/{admin_route}/integration/toppage_management/{id}		
EV-5c4457c0	M09-10	functions/pf-eccube3/m09-10_admin_content_content_branch_top_page.md	75	利用者視点の入口	登録を押下する	`POST /{admin_route}/integration/toppage_management/register/{id}`	支店共通設定が有効なら共通設定フラグだけを保存する。無効ならバナー画像とタグ、タイル設定を検証して保存する。	/{admin_route}/integration/toppage_management/register/{id}		
EV-bfcedefa	M09-10	functions/pf-eccube3/m09-10_admin_content_content_branch_top_page.md	294	画面遷移	支店トップページ管理を開く	指定支店IDの同一画面。				
EV-27c3679b	M09-10	functions/pf-eccube3/m09-10_admin_content_content_branch_top_page.md	295	画面遷移	支店選択を変更	選択支店IDをURL末尾に付けた同一画面。				
EV-10e346a5	M09-10	functions/pf-eccube3/m09-10_admin_content_content_branch_top_page.md	296	画面遷移	登録成功	同じ支店IDの同一画面。				
EV-46193485	M09-10	functions/pf-eccube3/m09-10_admin_content_content_branch_top_page.md	297	画面遷移	バナー画像エラー	同じ支店IDの同一画面。				
EV-964a645d	M09-10	functions/pf-eccube3/m09-10_admin_content_content_branch_top_page.md	298	画面遷移	タイル位置重複	同じ支店IDの同一画面。				
EV-a6b97e66	M09-10	functions/pf-eccube3/m09-10_admin_content_content_branch_top_page.md	299	画面遷移	タイルタグ未設定	同じ支店IDの同一画面。				
EV-642eb436	M10-01	functions/pf-eccube3/m10-01_admin_shop_setting_setting_shop.md	78	利用者視点の入口	ナビから当画面を開く	`GET /{admin_route}/setting/shop`	店舗基本情報の現在値がフォームに表示される。基本情報・送料設定・会員設定・商品設定・地図設定の各ブロックに分かれる。登録ボタンが表示される。	/{admin_route}/setting/shop		
EV-563acb8c	M10-01	functions/pf-eccube3/m10-01_admin_shop_setting_setting_shop.md	79	利用者視点の入口	値を入力して「登録」を押す	`POST /{admin_route}/setting/shop`	入力が検証を通れば保存され、成功を示すメッセージが出たうえで、同じ設定画面に戻る。通らない場合は同画面でエラー表示となり、成功メッセージは出ない。	/{admin_route}/setting/shop		
EV-152dbb9f	M10-01	functions/pf-eccube3/m10-01_admin_shop_setting_setting_shop.md	80	利用者視点の入口	未ログインで当画面にアクセスする	`GET /{admin_route}/setting/shop`（到達前）	管理画面の認証フローへ誘導される（ログイン画面へのフォワード等。詳細は管理画面ログインの実装を正とする）。	/{admin_route}/setting/shop		
EV-17110bde	M10-01	functions/pf-eccube3/m10-01_admin_shop_setting_setting_shop.md	81	利用者視点の入口	権限マスタで当画面のパスが拒否されている	`GET /{admin_route}/setting/shop`	アクセス拒否となる。	/{admin_route}/setting/shop		
EV-aca30130	M10-01	functions/pf-eccube3/m10-01_admin_shop_setting_setting_shop.md	82	利用者視点の入口	管理画面 IP 制限に合致しないクライアント	`GET /{admin_route}/setting/shop`	管理画面リクエストとして拒否される。	/{admin_route}/setting/shop		
EV-027fde7d	M10-01	functions/pf-eccube3/m10-01_admin_shop_setting_setting_shop.md	304	画面遷移	保存成功	同一の店舗基本設定画面（GET）。				
EV-6a5166f9	M10-01	functions/pf-eccube3/m10-01_admin_shop_setting_setting_shop.md	305	画面遷移	保存失敗	同一画面の再描画（POST 処理結果として同一テンプレート）。				
EV-6431f392	M10-01	functions/pf-eccube3/m10-01_admin_shop_setting_setting_shop.md	306	画面遷移	未認証・拒否	管理画面のログインまたはエラー表示（フレームワーク・セキュリティ設定に従う）。				
EV-19e755c8	M10-01	functions/pf-eccube3/m10-01_admin_shop_setting_setting_shop.md	312	遷移時に引き継ぐ状態	保存成功→リダイレクト	成功フラッシュを積む	再表示直後、画面上部に成功メッセージが出る。			
EV-6e9a225b	M10-02	functions/pf-eccube3/m10-02_admin_base_setting_setting_shop_tradelaw.md	37	利用者視点の入口	管理ナビから当画面を開く	`GET /{admin_route}/setting/shop/tradelaw`	`dtb_help` 識別子既定で取得した行をフォームに表示する。特定商取引法ブロックに入力欄と「登録」ボタンがある。	/{admin_route}/setting/shop/tradelaw		
EV-28683db0	M10-02	functions/pf-eccube3/m10-02_admin_base_setting_setting_shop_tradelaw.md	38	利用者視点の入口	値を入力して「登録」を押す	`POST /{admin_route}/setting/shop/tradelaw`	検証に成功すればDBに保存し、管理画面向け成功メッセージを積んだうえで、同一編集画面をGETで開き直すリダイレクト応答とする。成功しない場合は同一レスポンスでフォームを再表示し、項目エラーを示す。	/{admin_route}/setting/shop/tradelaw		
EV-5a6be5a5	M10-02	functions/pf-eccube3/m10-02_admin_base_setting_setting_shop_tradelaw.md	39	利用者視点の入口	未ログイン・権限拒否・管理画面 IP 制限外	`GET /{admin_route}/setting/shop/tradelaw`（到達前または拒否）	管理画面共通の認証・権限・IP 制御の結果として当画面に到達できない（詳細は管理画面認証の実装を正とする）。	/{admin_route}/setting/shop/tradelaw		
EV-960ebb2c	M10-02	functions/pf-eccube3/m10-02_admin_base_setting_setting_shop_tradelaw.md	40	利用者視点の入口	ショップ側「特定商取引法に基づく表記」の参照表示（同一データを読む別経路）	`GET /help/tradelaw`	ショップ側「特定商取引法に基づく表記」の参照表示（同一データを読む別経路）	/help/tradelaw		
EV-24bab8bd	M10-02	functions/pf-eccube3/m10-02_admin_base_setting_setting_shop_tradelaw.md	240	画面遷移	GETで開く	当編集画面を表示。				
EV-62e9dc55	M10-02	functions/pf-eccube3/m10-02_admin_base_setting_setting_shop_tradelaw.md	241	画面遷移	POST成功	当編集画面へリダイレクト（GET）。				
EV-7cb77f11	M10-02	functions/pf-eccube3/m10-02_admin_base_setting_setting_shop_tradelaw.md	242	画面遷移	POST失敗	同一画面を再描画。				
EV-7a164f99	M10-03	functions/pf-eccube3/m10-03_admin_base_setting_setting_shop_customer_agreement.md	70	利用者視点の入口	管理ナビから当画面を開く	`GET /{admin_route}/setting/shop/customer_agreement`	ヘルプ情報を識別子既定で取得し、その値をフォームに表示する。本文用テキストエリアと送信ボタンがある。	/{admin_route}/setting/shop/customer_agreement		
EV-ae1617ad	M10-03	functions/pf-eccube3/m10-03_admin_base_setting_setting_shop_customer_agreement.md	71	利用者視点の入口	値を入力して送信する	`POST /{admin_route}/setting/shop/customer_agreement`	検証に成功すればDBに保存し、管理画面向け登録完了メッセージを積んだうえで、同一編集画面をGETで開き直すリダイレクト応答とする。成功しない場合は同一レスポンスでフォームを再表示し、項目エラーを示す。	/{admin_route}/setting/shop/customer_agreement		
EV-dcc8710c	M10-03	functions/pf-eccube3/m10-03_admin_base_setting_setting_shop_customer_agreement.md	72	利用者視点の入口	未ログイン・権限拒否・管理画面IP制限外	上記パス（到達前）	管理画面共通の認証・権限・IP制御の結果として当画面に到達できない（詳細は管理画面認証の実装を正とする）。			
EV-1012f591	M10-03	functions/pf-eccube3/m10-03_admin_base_setting_setting_shop_customer_agreement.md	222	画面遷移	GETで開く	当編集画面を表示。				
EV-c925542e	M10-03	functions/pf-eccube3/m10-03_admin_base_setting_setting_shop_customer_agreement.md	223	画面遷移	POST成功	当編集画面へリダイレクト（GET）。				
EV-19335925	M10-03	functions/pf-eccube3/m10-03_admin_base_setting_setting_shop_customer_agreement.md	224	画面遷移	POST失敗	同一画面を再描画。				
EV-cf04c74b	M10-04	functions/pf-eccube3/m10-04_admin_base_setting_setting_shop_payment.md	83	利用者視点の入口	ナビから支払方法一覧を開く	`GET /{admin_route}/setting/shop/payment`	論理削除されていない支払方法だけが表示順のルールに従って表形式で並ぶ。各列に支払方法名・手数料・利用条件文言・操作メニューがある。	/{admin_route}/setting/shop/payment		
EV-b3429acb	M10-04	functions/pf-eccube3/m10-04_admin_base_setting_setting_shop_payment.md	84	利用者視点の入口	「支払方法を新規入力」	`GET /{admin_route}/setting/shop/payment/new`	新規用の登録・編集画面が開く。ランクは既存の最大ランクに1を足した値が既定になる。手数料設定可否・固定フラグは新規既定で手数料編集可・編集削除可になる。	/{admin_route}/setting/shop/payment/new		
EV-2d4dd5c5	M10-04	functions/pf-eccube3/m10-04_admin_base_setting_setting_shop_payment.md	85	利用者視点の入口	一覧から編集へ進む（固定フラグが編集可）	`GET /{admin_route}/setting/shop/payment/{id}/edit`	当該行の現在値がフォームに載る。手数料設定可否に応じて手数料が金額入力かhiddenか切り替わる。	/{admin_route}/setting/shop/payment/{id}/edit		
EV-d727261d	M10-04	functions/pf-eccube3/m10-04_admin_base_setting_setting_shop_payment.md	86	利用者視点の入口	一覧から編集・削除を選ぶ（固定フラグが編集不可）	—（リンク無効）	リンクは効かない見た目の錨のみである。			
EV-4da2de65	M10-04	functions/pf-eccube3/m10-04_admin_base_setting_setting_shop_payment.md	87	利用者視点の入口	「登録」を押す	`POST /{admin_route}/setting/shop/payment/new` または `POST /{admin_route}/setting/shop/payment/{id}/edit`	検証成功なら永続化ののち成功メッセージとともに一覧へ戻る。失敗なら同じ編集画面でエラーが出る。	/{admin_route}/setting/shop/payment/new;/{admin_route}/setting/shop/payment/{id}/edit		
EV-703be9c6	M10-04	functions/pf-eccube3/m10-04_admin_base_setting_setting_shop_payment.md	88	利用者視点の入口	一覧で削除を実行する	`DELETE /{admin_route}/setting/shop/payment/{id}/delete`	トークンが伴う削除要求になる。対象が存在すれば論理削除・ランク詰め・成功メッセージ。存在しなければ警告メッセージのみで一覧へ戻る。	/{admin_route}/setting/shop/payment/{id}/delete		
EV-ec7a622c	M10-04	functions/pf-eccube3/m10-04_admin_base_setting_setting_shop_payment.md	89	利用者視点の入口	「上へ」	`PUT /{admin_route}/setting/shop/payment/{id}/up`	トークンが伴う更新要求。一覧上で一つ上のランクの行が存在すればランクを入替え成功メッセージ。隣が無ければエラーメッセージ。いずれものち一覧へ戻る。	/{admin_route}/setting/shop/payment/{id}/up		
EV-f279a536	M10-04	functions/pf-eccube3/m10-04_admin_base_setting_setting_shop_payment.md	90	利用者視点の入口	「下へ」	`PUT /{admin_route}/setting/shop/payment/{id}/down`	同上（一つ下のランクとの入替）。	/{admin_route}/setting/shop/payment/{id}/down		
EV-281d2f95	M10-04	functions/pf-eccube3/m10-04_admin_base_setting_setting_shop_payment.md	91	利用者視点の入口	ロゴ画像を非同期アップロード	`POST /{admin_route}/setting/shop/payment/image/add`（マルチパートのフィールド名は実装を正とする）	画像であれば一時保存ディレクトリへ保存され、ファイル名がJSONで返る。画像以外のMIMEは要求が失敗する。	/{admin_route}/setting/shop/payment/image/add		
EV-4ff3d8d9	M10-04	functions/pf-eccube3/m10-04_admin_base_setting_setting_shop_payment.md	92	利用者視点の入口	未ログインまたは権限・IP制限で拒否される利用者	上記パス（到達前）	管理画面の共通ルールに従いアクセスできない（詳細は管理画面認証・認可の実装を正とする）。			
EV-5d78c578	M10-04	functions/pf-eccube3/m10-04_admin_base_setting_setting_shop_payment.md	311	画面遷移	登録成功	支払方法一覧（GET）。				
EV-ea552c0d	M10-04	functions/pf-eccube3/m10-04_admin_base_setting_setting_shop_payment.md	312	画面遷移	登録失敗	同一編集画面の再描画。				
EV-655080e1	M10-04	functions/pf-eccube3/m10-04_admin_base_setting_setting_shop_payment.md	313	画面遷移	削除成功・対象不存在・表示順変更成功・失敗	いずれも支払方法一覧（GET）。				
EV-6827410e	M10-04	functions/pf-eccube3/m10-04_admin_base_setting_setting_shop_payment.md	314	画面遷移	未認証・拒否	管理画面のログインまたはエラー表示（フレームワーク設定を正とする）。				
EV-da6a5560	M10-04	functions/pf-eccube3/m10-04_admin_base_setting_setting_shop_payment.md	320	遷移時に引き継ぐ状態	登録・削除・順序変更後	成功またはエラーに応じたフラッシュを積む	一覧再表示でメッセージが見える。			
EV-26413f50	M10-05	functions/pf-eccube3/m10-05_admin_base_setting_setting_shop_delivery_free_conditions.md	67	利用者視点の入口	店舗基本設定画面の「送料設定」を見る	`GET /{admin_route}/setting/shop`	「送料無料条件(金額)」「送料無料条件(数量)」の入力欄が並ぶ。現在保存値が表示される。	/{admin_route}/setting/shop		
EV-a8f99cdc	M10-05	functions/pf-eccube3/m10-05_admin_base_setting_setting_shop_delivery_free_conditions.md	68	利用者視点の入口	閾値を入力して画面下部の「登録」を押す（親フォームと一体）	`POST /{admin_route}/setting/shop`	検証に成功すれば `dtb_base_info` が更新され、管理画面向け登録完了メッセージ後に同一店舗基本設定画面がGETで再表示される。当2項目も保存反映される。	/{admin_route}/setting/shop		
EV-cf464236	M10-05	functions/pf-eccube3/m10-05_admin_base_setting_setting_shop_delivery_free_conditions.md	69	利用者視点の入口	入力が検証ルールを満たさない	`POST /{admin_route}/setting/shop`	同一レスポンスでフォームが再描画され、該当フィールドにエラーが付く。成功メッセージは積まれない。	/{admin_route}/setting/shop		
EV-b01ada5f	M10-05	functions/pf-eccube3/m10-05_admin_base_setting_setting_shop_delivery_free_conditions.md	70	利用者視点の入口	購入者がカートまたは購入フローを使う（閾値保存後）	—（フロントのカート／購入。管理のパスではない）	保存値が読み込まれた店舗基本情報を参照して、コア実装どおり無料判定・メッセージが行われる。			
EV-e59e2084	M10-05	functions/pf-eccube3/m10-05_admin_base_setting_setting_shop_delivery_free_conditions.md	243	画面遷移	検証成功	親画面どおり同一店舗基本設定のGET（リダイレクト）。				
EV-6da1662c	M10-05	functions/pf-eccube3/m10-05_admin_base_setting_setting_shop_delivery_free_conditions.md	244	画面遷移	検証失敗	同一画面レイアウトでの再描画。				
EV-327aeefe	M10-06	functions/pf-eccube3/m10-06_admin_base_setting_setting_shop_delivery.md	83	利用者視点の入口	ナビから配送方法一覧を開く	`GET /{admin_route}/setting/shop/delivery`	削除フラグが「未削除」の配送方法だけが表示順のルールに従って並ぶ。各行に配送業者名・名称（サービス名）、編集・削除の導線がある。データが0件なら空表示になる。	/{admin_route}/setting/shop/delivery		
EV-571cee74	M10-06	functions/pf-eccube3/m10-06_admin_base_setting_setting_shop_delivery.md	84	利用者視点の入口	一覧で行をドラッグして並べ替える	`POST /{admin_route}/setting/shop/delivery/rank/move`（本文に並べ替え対象IDとランク。実装を正とする）	並べ替え操作中はモーダルBackdropで画面が覆われ、Ajax送信後にBackdropが外れる。サーバー側で各行の表示順（ランク）が更新される。	/{admin_route}/setting/shop/delivery/rank/move		
EV-0e7a9ced	M10-06	functions/pf-eccube3/m10-06_admin_base_setting_setting_shop_delivery.md	85	利用者視点の入口	「配送方法・配送料を新規入力」ボタン（文言は設定により前半のみの場合あり）	`GET /{admin_route}/setting/shop/delivery/new`	新規用の編集画面が開く。商品種別にはマスタ上の先頭（ランク昇順で最初）が既定選択になる場合がある。	/{admin_route}/setting/shop/delivery/new		
EV-224c3a34	M10-06	functions/pf-eccube3/m10-06_admin_base_setting_setting_shop_delivery.md	86	利用者視点の入口	一覧から編集へ進む	`GET /{admin_route}/setting/shop/delivery/{id}/edit`	既存の配送方法が読み込まれ、全ての都道府県について送料行がフォームに並ぶ。お届け時間は最大16件分の入力枠が並ぶ。既に紐づく支払方法はチェック済みで表示される。	/{admin_route}/setting/shop/delivery/{id}/edit		
EV-8e5e9999	M10-06	functions/pf-eccube3/m10-06_admin_base_setting_setting_shop_delivery.md	87	利用者視点の入口	「登録」を押す（編集画面）	`POST /{admin_route}/setting/shop/delivery/new` または `POST /{admin_route}/setting/shop/delivery/{id}/edit`	検証に成功すれば保存され、成功フラッシュが積まれたうえで一覧へ遷移する。失敗すれば同一編集画面に留まり、項目エラーが表示される。	/{admin_route}/setting/shop/delivery/new;/{admin_route}/setting/shop/delivery/{id}/edit		
EV-e7c87032	M10-06	functions/pf-eccube3/m10-06_admin_base_setting_setting_shop_delivery.md	88	利用者視点の入口	一覧から削除を実行する	`DELETE /{admin_route}/setting/shop/delivery/{id}/delete`	CSRFトークンが伴う削除リクエストが送信される。対象が存在すれば論理削除され、成功フラッシュが積まれ一覧へ戻る。対象が存在しなければ警告フラッシュが積まれ一覧へ戻る。	/{admin_route}/setting/shop/delivery/{id}/delete		
EV-680eec8d	M10-06	functions/pf-eccube3/m10-06_admin_base_setting_setting_shop_delivery.md	89	利用者視点の入口	未ログインまたは権限・IP制限で拒否される利用者	上記パス（到達前）	管理画面の共通ルールに従いアクセスできない（詳細は管理画面認証・認可の実装を正とする）。			
EV-36267b2f	M10-06	functions/pf-eccube3/m10-06_admin_base_setting_setting_shop_delivery.md	343	画面遷移	一覧で「新規入力」を選択	配送方法の編集画面（新規）				
EV-0da05bcc	M10-06	functions/pf-eccube3/m10-06_admin_base_setting_setting_shop_delivery.md	344	画面遷移	一覧で既存行の編集を選択	当該配送方法の編集画面				
EV-9096c2cb	M10-06	functions/pf-eccube3/m10-06_admin_base_setting_setting_shop_delivery.md	345	画面遷移	編集で登録に成功	配送方法一覧				
EV-7fa8e079	M10-06	functions/pf-eccube3/m10-06_admin_base_setting_setting_shop_delivery.md	346	画面遷移	編集で検証失敗	同一編集画面				
EV-382edc2d	M10-06	functions/pf-eccube3/m10-06_admin_base_setting_setting_shop_delivery.md	347	画面遷移	編集画面で一覧へ戻るリンク	配送方法一覧				
EV-3b36dc15	M10-06	functions/pf-eccube3/m10-06_admin_base_setting_setting_shop_delivery.md	348	画面遷移	削除が完了	配送方法一覧				
EV-8a9e7d66	M10-06	functions/pf-eccube3/m10-06_admin_base_setting_setting_shop_delivery.md	349	画面遷移	削除対象が存在しない	配送方法一覧				
EV-88d0c725	M10-06	functions/pf-eccube3/m10-06_admin_base_setting_setting_shop_delivery.md	355	遷移時に引き継ぐ状態	登録成功・削除成功・削除失敗	フラッシュバッグへメッセージを追加またはクリアしてから追加	一覧表示時にメッセージが一度表示される			
EV-567f3b67	M10-07	functions/pf-eccube3/m10-07_admin_base_setting_setting_shop_tax.md	76	利用者視点の入口	ナビから税率設定を開く（一覧の既定入口）	`GET /{admin_route}/setting/shop/tax`	「個別税率設定」「共通税率設定」「税率一覧」が縦に並ぶ。共通税率の入力フォームは新規行用の初期状態で載り、`商品別税率機能`は現在の店舗基本情報の値が選択状態になる。一覧は共通税率のみが適用日時の新しい順で並ぶ。	/{admin_route}/setting/shop/tax		
EV-4ba5ae2c	M10-07	functions/pf-eccube3/m10-07_admin_base_setting_setting_shop_tax.md	77	利用者視点の入口	一覧から「編集」を選ぶ	`GET /{admin_route}/setting/shop/tax/{id}/edit`	当該行がフォームに載る。基本税率行なら適用日時欄は出ない。それ以外なら適用日時欄と日時ピッカーが出る。	/{admin_route}/setting/shop/tax/{id}/edit		
EV-76476055	M10-07	functions/pf-eccube3/m10-07_admin_base_setting_setting_shop_tax.md	78	利用者視点の入口	共通税率で下部「登録」を押す	`POST /{admin_route}/setting/shop/tax` または `POST /{admin_route}/setting/shop/tax/{id}/edit`（編集文脈に応じる）	検証に通れば当該行が保存され、成功メッセージのあと税率設定画面に戻る。失敗なら同画面でフィールドエラーが付く。	/{admin_route}/setting/shop/tax;/{admin_route}/setting/shop/tax/{id}/edit		
EV-c8ff7f52	M10-07	functions/pf-eccube3/m10-07_admin_base_setting_setting_shop_tax.md	79	利用者視点の入口	「個別税率設定」ブロックの「登録」を押す	`POST /{admin_route}/setting/shop/tax/edit_param`	フォームの送信先だけが切り替わり、`商品別税率機能`の選択だけが店舗基本情報へ保存される想定の経路になる。成功時は成功メッセージのあと税率設定画面に戻る。検証に失敗した選択値は保存されず、その場合も同様に画面へ戻る。	/{admin_route}/setting/shop/tax/edit_param		
EV-3c83bffa	M10-07	functions/pf-eccube3/m10-07_admin_base_setting_setting_shop_tax.md	80	利用者視点の入口	一覧から「削除」（論理削除）を実行する	`DELETE /{admin_route}/setting/shop/tax/{id}/delete`	CSRF付きの削除要求。基本税率行は削除処理を呼ばず一覧へ戻るのみ。それ以外で対象が存在すれば論理削除し成功メッセージ。存在しなければ警告メッセージに差し替えられたうえで一覧へ戻る。	/{admin_route}/setting/shop/tax/{id}/delete		
EV-cc5c6238	M10-07	functions/pf-eccube3/m10-07_admin_base_setting_setting_shop_tax.md	81	利用者視点の入口	編集対象IDが存在しない	`GET /{admin_route}/setting/shop/tax/{id}/edit`（不存在の `{id}`）	例外によりエラー画面系の応答となる（フレームワークのエラーハンドリングに従う）。	/{admin_route}/setting/shop/tax/{id}/edit		
EV-d0a2d6f0	M10-07	functions/pf-eccube3/m10-07_admin_base_setting_setting_shop_tax.md	82	利用者視点の入口	未ログインまたは権限・IP制限で拒否される利用者	上記パス（到達前）	管理画面の共通ルールに従いアクセスできない（詳細は管理画面認証・認可の実装を正とする）。			
EV-dda80b2f	M10-07	functions/pf-eccube3/m10-07_admin_base_setting_setting_shop_tax.md	262	画面遷移	共通税率の保存成功	税率設定の一覧表示状態へHTTPリダイレクト。				
EV-21be7291	M10-07	functions/pf-eccube3/m10-07_admin_base_setting_setting_shop_tax.md	263	画面遷移	商品別税率機能の保存処理完了（子フォームが有効だった場合）	同上。				
EV-cc2095a8	M10-07	functions/pf-eccube3/m10-07_admin_base_setting_setting_shop_tax.md	264	画面遷移	商品別税率機能のPOSTで子フォームが無効	店舗基本情報は変えず同上へリダイレクト。				
EV-f01d23d1	M10-07	functions/pf-eccube3/m10-07_admin_base_setting_setting_shop_tax.md	265	画面遷移	パラメータ用エンドポイントをGET	同上へリダイレクト（保存なし）。				
EV-d67ca565	M10-07	functions/pf-eccube3/m10-07_admin_base_setting_setting_shop_tax.md	266	画面遷移	論理削除成功・対象なし・基本税率での削除抑止	いずれも一覧表示へリダイレクト（メッセージの有無のみ差）。				
EV-227b0fc8	M10-07	functions/pf-eccube3/m10-07_admin_base_setting_setting_shop_tax.md	272	遷移時に引き継ぐ状態	保存・削除・パラメータ保存後のリダイレクト	フラッシュメッセージを積む場合がある	一覧の初期表示用GETで画面が組み立て直され、新規用共通税率フォームと最新一覧が表示される			
EV-d58f25b9	M10-08	functions/pf-eccube3/m10-08_admin_base_setting_setting_shop_auto_mail.md	72	利用者視点の入口	管理ナビの「店舗設定」配下から「自動送信メール」を開く	`GET /{admin_route}/mall/auto_mail`（ルートプレフィックスは実装を正とする）	テンプレ選択のセレクトと、名称・件名、本文プレビュー用ボックス、登録ボタンが表示される。テンプレを特定していない初期表示では、最終更新者・最終更新日の表示領域は条件により空に近い状態となりうる。	/{admin_route}/mall/auto_mail		
EV-652eed81	M10-08	functions/pf-eccube3/m10-08_admin_base_setting_setting_shop_auto_mail.md	73	利用者視点の入口	テンプレ選択を変更する	`GET /{admin_route}/mall/auto_mail/{Mail}`（識別子付き。実装を正とする）	ページ全体が選択した識別子付きの編集表示へ遷移する（同一機能内の別テンプレ編集状態）。	/{admin_route}/mall/auto_mail/{Mail}		
EV-7a96f8b8	M10-08	functions/pf-eccube3/m10-08_admin_base_setting_setting_shop_auto_mail.md	74	利用者視点の入口	値を入力して「登録」を押す	`POST /{admin_route}/mall/auto_mail/{Mail}`	CSRFと入力検証に成功すればDBへ保存し、管理画面向け成功メッセージを積んだうえで、同じテンプレートの編集表示へリダイレクトする。失敗時は同一画面でフォーム検証結果が反映される。	/{admin_route}/mall/auto_mail/{Mail}		
EV-6150a345	M10-08	functions/pf-eccube3/m10-08_admin_base_setting_setting_shop_auto_mail.md	75	利用者視点の入口	自動送信対象外の識別子をURL等で直接指定する	`GET /{admin_route}/mall/auto_mail/{Mail}`（対象外）	該当行が検索条件に合致しないため、見つからない扱いとなりブラウザには404相当の応答となる。	/{admin_route}/mall/auto_mail/{Mail}		
EV-e0bd6b59	M10-08	functions/pf-eccube3/m10-08_admin_base_setting_setting_shop_auto_mail.md	76	利用者視点の入口	未ログイン・権限拒否・管理画面 IP 制限外	上記パス（到達前）	管理画面共通の認証・権限・IP 制御の結果として当画面に到達できない（詳細は管理画面認証の実装を正とする）。			
EV-87e353cf	M10-08	functions/pf-eccube3/m10-08_admin_base_setting_setting_shop_auto_mail.md	304	画面遷移	テンプレ選択を変更	同一機能内の別識別子の編集表示（GET）。				
EV-9cc51626	M10-08	functions/pf-eccube3/m10-08_admin_base_setting_setting_shop_auto_mail.md	305	画面遷移	登録成功	同一識別子の編集表示（リダイレクトGET）。				
EV-dc946a81	M10-08	functions/pf-eccube3/m10-08_admin_base_setting_setting_shop_auto_mail.md	306	画面遷移	POSTかつ編集中行なし	識別子なしの初期表示へリダイレクト。				
EV-e406b9c0	M10-08	functions/pf-eccube3/m10-08_admin_base_setting_setting_shop_auto_mail.md	312	遷移時に引き継ぐ状態	登録成功リダイレクト	成功フラッシュを積む	同テンプレのDB最新値でフォーム再表示。			
EV-3ece138f	M10-09	functions/pf-eccube3/m10-09_admin_base_setting_setting_shop_mail.md	70	利用者視点の入口	店舗基本設定画面を開く	`GET /{admin_route}/setting/shop`	「基本情報編集」ボックス内に、上から順に送信元／問い合わせ受付／返信受付／送信エラー受付の各メール入力欄が表示される。既存値が入力欄に出る。	/{admin_route}/setting/shop		
EV-ecf63c46	M10-09	functions/pf-eccube3/m10-09_admin_base_setting_setting_shop_mail.md	71	利用者視点の入口	4項目を含むフォーム全体を送信し検証に成功する	`POST /{admin_route}/setting/shop`	メール4列を含む店舗基本情報が永続化され、成功メッセージののち同一画面にリダイレクトされ、再表示で新値が読み込まれる。	/{admin_route}/setting/shop		
EV-778c30b0	M10-09	functions/pf-eccube3/m10-09_admin_base_setting_setting_shop_mail.md	72	利用者視点の入口	メールのいずれかを空にして送信する	`POST /{admin_route}/setting/shop`	サーバ検証でエラーとなり、同一画面に留まる。該当フィールドにエラー表示が付く。	/{admin_route}/setting/shop		
EV-0e50b36e	M10-09	functions/pf-eccube3/m10-09_admin_base_setting_setting_shop_mail.md	73	利用者視点の入口	メール形式でない文字列を入力して送信する	`POST /{admin_route}/setting/shop`	厳密メール検証でエラーとなり、同一画面に留まる。	/{admin_route}/setting/shop		
EV-807fb4d1	M10-09	functions/pf-eccube3/m10-09_admin_base_setting_setting_shop_mail.md	221	遷移時に引き継ぐ状態	保存成功	管理画面向け成功フラッシュを積み、店舗基本設定画面へリダイレクト応答を返す	GETで店舗基本情報を再取得し、フォームとTwigグローバルは保存後の値で初期化される。成功フラッシュが表示される。			
EV-41835e0d	M10-09	functions/pf-eccube3/m10-09_admin_base_setting_setting_shop_mail.md	222	遷移時に引き継ぐ状態	検証失敗	成功フラッシュは積まない	同一レスポンスでテンプレートを再描画。フォームには送信値とエラーが載る。Twigグローバルの店舗基本情報複製は、当該リクエストの処理開始時にセットしたスナップショットのまま更新されない。			
EV-addb5c10	M10-10	functions/pf-eccube3/m10-10_admin_base_setting_setting_shop_csv.md	69	利用者視点の入口	ナビの店舗設定から当画面を開く	`GET /{admin_route}/setting/shop/csv/{id}`（`{id}` は CSV 種別。既定は受注向けの確認値）	既定では受注向けのCSV種別が選ばれた状態で、当該種別の「出力しない」「出力する」の2リストに定義行が振り分けて表示される。CSV種別セレクトと保存ボタンがある。	/{admin_route}/setting/shop/csv/{id}		
EV-173b463d	M10-10	functions/pf-eccube3/m10-10_admin_base_setting_setting_shop_csv.md	70	利用者視点の入口	CSV種別セレクトを変更する	`GET /{admin_route}/setting/shop/csv/{id}`（`{id}` が切り替わる）	選択した種別の内容を表示するため、ページ全体を再読み込みする（同一機能内の種別切替）。	/{admin_route}/setting/shop/csv/{id}		
EV-31a7546d	M10-10	functions/pf-eccube3/m10-10_admin_base_setting_setting_shop_csv.md	71	利用者視点の入口	ボタンで項目を左右に移動／全移動する	—（同一ページ上）	画面内のリストだけが更新され、まだ保存しない。			
EV-7e300b94	M10-10	functions/pf-eccube3/m10-10_admin_base_setting_setting_shop_csv.md	72	利用者視点の入口	「一つ上」「一つ下」「一番上」「一番下」を押す	—（同上）	右側「出力する項目」リスト内の選択行の順序が変わる。左側は対象外。			
EV-82cd693d	M10-10	functions/pf-eccube3/m10-10_admin_base_setting_setting_shop_csv.md	73	利用者視点の入口	「設定」を押す	`POST /{admin_route}/setting/shop/csv/{id}`	左右それぞれのリストに載っている行について、有効／無効と並びがDBに反映される。成功メッセージが出たうえで、同一種別の当画面へ遷移して再表示される。	/{admin_route}/setting/shop/csv/{id}		
EV-7f25a803	M10-10	functions/pf-eccube3/m10-10_admin_base_setting_setting_shop_csv.md	74	利用者視点の入口	存在しない種別IDで画面を開く	`GET /{admin_route}/setting/shop/csv/{id}`	NotFound相当のエラーになる。	/{admin_route}/setting/shop/csv/{id}		
EV-c0ffa03d	M10-10	functions/pf-eccube3/m10-10_admin_base_setting_setting_shop_csv.md	75	利用者視点の入口	未ログイン・権限拒否・管理画面IP制限外	上記パス（到達前）	管理画面の共通セキュリティルールに従う。			
EV-59f66a09	M10-10	functions/pf-eccube3/m10-10_admin_base_setting_setting_shop_csv.md	76	利用者視点の入口	商品・会員・受注・カテゴリなどの各管理画面にある「出力項目設定」等のリンク	`GET /{admin_route}/setting/shop/csv/{id}`（文脈に応じた `{id}`）	当該画面の文脈に合うCSV種別が既に選ばれた状態で当画面を開ける。	/{admin_route}/setting/shop/csv/{id}		
EV-7a996ffe	M10-10	functions/pf-eccube3/m10-10_admin_base_setting_setting_shop_csv.md	236	画面遷移	保存成功	同一機能の同一CSV種別の画面（GETで再表示）。				
EV-28c132ed	M10-10	functions/pf-eccube3/m10-10_admin_base_setting_setting_shop_csv.md	237	画面遷移	種別セレクト変更	別種別の同機能画面（GET）。				
EV-a7e292c0	M10-10	functions/pf-eccube3/m10-10_admin_base_setting_setting_shop_csv.md	238	画面遷移	種別不存在	エラー応答。				
EV-5a096fe0	M10-10	functions/pf-eccube3/m10-10_admin_base_setting_setting_shop_csv.md	244	遷移時に引き継ぐ状態	保存成功→リダイレクト	成功フラッシュを積む	再表示直後に成功メッセージが表示される。			
EV-3edd5373	M10-13	functions/pf-eccube3/m10-13_admin_base_setting_setting_shop_csv_custom.md	70	利用者視点の入口	管理画面ナビから当機能を開く	`GET /{admin_route}/setting/shop/custom_csv/{csvTypeId}/{csvExtensionId}`（既定の `{csvExtensionId}` は実装を正とする）	既定のCSV種別（実装ではエントリ時のパラメータ既定により商品CSV種別に相当する）について、フォームが表示される。「CSV出力項目」セレクト、「カスタムCSV」セレクト（先頭は「新規作成」相当）、「出力名」テキスト、二段リスト、順序ボタン、「設定」ボタンが表示される。既存のカスタム定義を選ぶとその内容が表示される。	/{admin_route}/setting/shop/custom_csv/{csvTypeId}/{csvExtensionId}		
EV-84ac4ede	M10-13	functions/pf-eccube3/m10-13_admin_base_setting_setting_shop_csv_custom.md	71	利用者視点の入口	「CSV出力項目」セレクトを変更する	`GET /{admin_route}/setting/shop/custom_csv/{csvTypeId}/{csvExtensionId}`（`csvTypeId` が変わる）	ブラウザが同一機能の別CSV種別のGETへ遷移し、選択に応じたマスタ集合でリストが組み替わる。送信は行わない。	/{admin_route}/setting/shop/custom_csv/{csvTypeId}/{csvExtensionId}		
EV-0991d716	M10-13	functions/pf-eccube3/m10-13_admin_base_setting_setting_shop_csv_custom.md	72	利用者視点の入口	「カスタムCSV」セレクトを変更する	`GET /{admin_route}/setting/shop/custom_csv/{csvTypeId}/{csvExtensionId}`（`csvExtensionId` が変わる）	同一CSV種別のまま、選択した定義ID付きまたは未定義（新規）のGETへ遷移する。送信は行わない。	/{admin_route}/setting/shop/custom_csv/{csvTypeId}/{csvExtensionId}		
EV-d41a00c0	M10-13	functions/pf-eccube3/m10-13_admin_base_setting_setting_shop_csv_custom.md	73	利用者視点の入口	二段リストと矢印ボタンで項目を移動し、「設定」を押す	`POST /{admin_route}/setting/shop/custom_csv/{csvTypeId}/{csvExtensionId}`（`m10-13_admin_base_setting_setting_shop_csv_custom_update`）	カスタム定義の名称・CSV種別・更新者が保存され、出力側リストの並びに従い `dtb_csv_csv_extension` が作り直される。成功メッセージののち、同一機能へリダイレクトする。	/{admin_route}/setting/shop/custom_csv/{csvTypeId}/{csvExtensionId}		
EV-a981b8c4	M10-13	functions/pf-eccube3/m10-13_admin_base_setting_setting_shop_csv_custom.md	74	利用者視点の入口	既存定義で「削除」相当の導線を実行する	`DELETE /{admin_route}/setting/shop/custom_csv/delete/{csvExtensionId}`	CSRF付きのDELETE相当のリクエスト後、カスタム定義が削除され、一覧（新規状態）へ戻るリダイレクトが返る。	/{admin_route}/setting/shop/custom_csv/delete/{csvExtensionId}		
EV-7529dfc0	M10-13	functions/pf-eccube3/m10-13_admin_base_setting_setting_shop_csv_custom.md	75	利用者視点の入口	カスタムCSVのダウンロードを別画面から実行する	—（一覧・エクスポート側のパス。実装を正とする）	当機能の保存結果である `csv_extension_id` を指定し、ストリーミングでCSVが返る。検索条件は各一覧がセッションに保持する検索データに依存する（後述）。			
EV-c2e905f3	M10-13	functions/pf-eccube3/m10-13_admin_base_setting_setting_shop_csv_custom.md	254	画面遷移	CSV種別またはカスタム定義セレクト変更	同一機能のGET（パラメータ差し替え）				
EV-a246c50f	M10-13	functions/pf-eccube3/m10-13_admin_base_setting_setting_shop_csv_custom.md	255	画面遷移	設定保存成功	同一機能のGET（カスタム定義ID付き）				
EV-fcd418c8	M10-13	functions/pf-eccube3/m10-13_admin_base_setting_setting_shop_csv_custom.md	256	画面遷移	削除成功	同一機能のGET（トップ相当。パラメータは生成結果に従う）				
EV-c569f7f5	M10-13	functions/pf-eccube3/m10-13_admin_base_setting_setting_shop_csv_custom.md	262	遷移時に引き継ぐ状態	設定保存成功	成功フラッシュメッセージを積む	再表示された同一機能で成功メッセージが見える			
EV-55c8e151	M10-15	functions/pf-eccube3/m10-15_admin_base_setting_setting_shop_register.md	68	利用者視点の入口	基本情報設定画面で入力し「登録」を押す（検証成功）	`POST /{admin_route}/setting/shop`	入力内容が保存され、成功メッセージが表示されたうえで同一設定画面が GET で開き直される。	/{admin_route}/setting/shop		
EV-f1da0728	M10-15	functions/pf-eccube3/m10-15_admin_base_setting_setting_shop_register.md	69	利用者視点の入口	同上（検証失敗）	`POST /{admin_route}/setting/shop`	同一画面に留まり、フィールドエラーが表示される。成功メッセージは出ない。保存は行わない。	/{admin_route}/setting/shop		
EV-5cb6f8a1	M10-15	functions/pf-eccube3/m10-15_admin_base_setting_setting_shop_register.md	70	利用者視点の入口	権限・IP 制限により管理画面の当該操作が拒否される	`GET /{admin_route}/setting/shop` または `POST`（到達前・拒否）	保存処理には到達しない。詳細は管理画面セキュリティ設定を正とする。	/{admin_route}/setting/shop		
EV-fdcec47d	M10-15	functions/pf-eccube3/m10-15_admin_base_setting_setting_shop_register.md	297	画面遷移	検証成功	同一の基本情報設定画面へ HTTP リダイレクト（GET）。				
EV-d31d319a	M10-15	functions/pf-eccube3/m10-15_admin_base_setting_setting_shop_register.md	298	画面遷移	検証失敗	同一画面の再描画（POST 処理結果として HTML を返す）。				
EV-48032d89	M10-15	functions/pf-eccube3/m10-15_admin_base_setting_setting_shop_register.md	304	遷移時に引き継ぐ状態	検証成功→リダイレクト	成功フラッシュを積む	GET 再表示直後に画面上部へ成功メッセージが出る。			
EV-b17656b2	M10-16	functions/pf-eccube3/m10-16_admin_base_setting_setting_shop_additional_system.md	63	利用者視点の入口	管理画面ナビから当機能を開く	`GET /{admin_route}/setting/shop/additional_system`	`mtb_option` を全件読み込み、論理キーから連想配列を組み立てたうえでフォームに現在値が表示される。CSRF トークン付きの単一フォームと「設定」ボタンが表示される。	/{admin_route}/setting/shop/additional_system		
EV-9779791c	M10-16	functions/pf-eccube3/m10-16_admin_base_setting_setting_shop_additional_system.md	64	利用者視点の入口	値を入力して「設定」を押す（検証成功）	`POST /{admin_route}/setting/shop/additional_system/update`	変更のあったキーについて `option_value` と最終更新者相当の `member_id` が更新され、成功メッセージの後に同一画面を GET で開き直す遷移となる。	/{admin_route}/setting/shop/additional_system/update		
EV-e72f0f13	M10-16	functions/pf-eccube3/m10-16_admin_base_setting_setting_shop_additional_system.md	65	利用者視点の入口	値を入力して「設定」を押す（検証失敗）	`POST /{admin_route}/setting/shop/additional_system/update`	保存は行わず、同一テンプレートを再描画してフィールドエラーを表示する。	/{admin_route}/setting/shop/additional_system/update		
EV-ba448017	M10-16	functions/pf-eccube3/m10-16_admin_base_setting_setting_shop_additional_system.md	66	利用者視点の入口	CSRF 検証に失敗する	`POST /{admin_route}/setting/shop/additional_system/update`	Symfony のアクセス拒否（HTTP 403）が投げられる実装である（表示文言やHTTPコードはフレームワークとエラーハンドラを正とする）。	/{admin_route}/setting/shop/additional_system/update		
EV-56da6ecd	M10-16	functions/pf-eccube3/m10-16_admin_base_setting_setting_shop_additional_system.md	241	画面遷移	保存成功	同一機能の初期表示（GET）へ HTTP リダイレクトする。				
EV-6a5f5b86	M10-16	functions/pf-eccube3/m10-16_admin_base_setting_setting_shop_additional_system.md	242	画面遷移	保存失敗	同一テンプレートをその場で再描画する。				
EV-77d0cd28	M10-16	functions/pf-eccube3/m10-16_admin_base_setting_setting_shop_additional_system.md	243	画面遷移	CSRF 不正	アクセス拒否系の例外処理へ委ねる。				
EV-de04084c	M10-16	functions/pf-eccube3/m10-16_admin_base_setting_setting_shop_additional_system.md	249	遷移時に引き継ぐ状態	保存成功→リダイレクト	成功フラッシュを積む	再描画直後に成功メッセージが表示される。フォームは DB の最新値から組み立て直される。			
EV-0472c0d4	M11-01	functions/pf-eccube3/m11-01_admin_system_setting_setting_system_member_list.md	65	利用者視点の入口	ナビからメンバー一覧を開く	`GET /%admin_route%/setting/system/member`	削除されていないメンバーが `sort_no` 降順の表で表示される。各行に名前・所属・権限名・稼働名が表示され、操作メニュー（編集、削除、上へ、下へ）と画面下部の新規登録ボタンがある。件数表示・ページングはない。	/setting/system/member		
EV-b334a678	M11-01	functions/pf-eccube3/m11-01_admin_system_setting_setting_system_member_list.md	66	利用者視点の入口	操作メニューから新規登録を開く	`GET /%admin_route%/setting/system/member/new`	メンバー登録・編集画面（新規）へ遷移する。フォームの項目・検証・保存は「メンバー管理」（M11-02）を正とする。	/setting/system/member/new		M11-02
EV-e2c825ab	M11-01	functions/pf-eccube3/m11-01_admin_system_setting_setting_system_member_list.md	67	利用者視点の入口	操作メニューから編集を開く	`GET /%admin_route%/setting/system/member/{id}/edit`	選択した行のメンバー登録・編集画面（既存）へ遷移する。詳細は「メンバー管理」（M11-02）を正とする。	/setting/system/member/{id}/edit		M11-02
EV-ce0f7964	M11-01	functions/pf-eccube3/m11-01_admin_system_setting_setting_system_member_list.md	68	利用者視点の入口	ログイン中メンバー自身の行で削除を見る	—（一覧上リンク非表示）	自分自身の行では削除がリンクにならず、文言のみが表示される。削除を実行できない。			
EV-d7e9a5a2	M11-01	functions/pf-eccube3/m11-01_admin_system_setting_setting_system_member_list.md	69	利用者視点の入口	他行の削除を実行する	`DELETE /%admin_route%/setting/system/member/{id}/delete`	対象行を削除し、削除対象より大きい `sort_no` の行を繰り下げる。成功メッセージののち一覧へ遷移する。保存失敗時はエラーメッセージののち一覧へ遷移する。	/setting/system/member/{id}/delete		
EV-bbaf8819	M11-01	functions/pf-eccube3/m11-01_admin_system_setting_setting_system_member_list.md	70	利用者視点の入口	上へ・下へを実行する	`PUT /%admin_route%/setting/system/member/{id}/up`、`PUT /%admin_route%/setting/system/member/{id}/down`	隣接する `sort_no` の行と表示順を入れ替える。成功すれば成功メッセージ、失敗すればエラーメッセージののち一覧へ遷移する。先頭行では上へ、末尾行では下へのリンクを一覧上に出さない。	/setting/system/member/{id}/up;/setting/system/member/{id}/down		
EV-78ee968a	M11-01	functions/pf-eccube3/m11-01_admin_system_setting_setting_system_member_list.md	71	利用者視点の入口	存在しないIDで削除を実行する	`DELETE /%admin_route%/setting/system/member/{id}/delete`	対象が見つからない場合は削除警告メッセージを積み、一覧へ遷移する。404 にはしない。	/setting/system/member/{id}/delete		
EV-acb2d3d5	M11-01	functions/pf-eccube3/m11-01_admin_system_setting_setting_system_member_list.md	276	画面遷移	一覧から新規登録リンク	メンバー登録・編集画面（新規、M11-02）。				M11-02
EV-6d472dc3	M11-01	functions/pf-eccube3/m11-01_admin_system_setting_setting_system_member_list.md	277	画面遷移	一覧から編集リンク	メンバー登録・編集画面（既存、M11-02）。				M11-02
EV-52e24317	M11-01	functions/pf-eccube3/m11-01_admin_system_setting_setting_system_member_list.md	278	画面遷移	削除・上へ・下への完了・失敗	メンバー一覧。				
EV-949bd83c	M11-01	functions/pf-eccube3/m11-01_admin_system_setting_setting_system_member_list.md	279	画面遷移	削除対象が存在しない	メンバー一覧（削除警告メッセージ付き）。				
EV-32af4dd6	M11-01	functions/pf-eccube3/m11-01_admin_system_setting_setting_system_member_list.md	280	画面遷移	上へ・下へで対象IDが存在しない	エラー画面（404）。				
EV-4d76665d	M11-01	functions/pf-eccube3/m11-01_admin_system_setting_setting_system_member_list.md	286	遷移時に引き継ぐ状態	削除・順序変更の成功・失敗	成功または失敗フラッシュを積む	一覧が再読込されメッセージが表示される。			
EV-b8023778	M11-01	functions/pf-eccube3/m11-01_admin_system_setting_setting_system_member_list.md	287	遷移時に引き継ぐ状態	削除対象不在	削除警告フラッシュを積む	一覧が再読込され警告が表示される。			
EV-843da433	M11-02	functions/pf-eccube3/m11-02_admin_system_setting_setting_system_member_edit.md	73	利用者視点の入口	新規登録を開く	`GET /%admin_route%/setting/system/member/new`	空のメンバー登録・編集フォームが表示され、登録ボタンと一覧へ戻るリンクがある。	/setting/system/member/new		
EV-1268ba01	M11-02	functions/pf-eccube3/m11-02_admin_system_setting_setting_system_member_edit.md	74	利用者視点の入口	既存メンバーの編集を開く	`GET /%admin_route%/setting/system/member/{id}/edit`	選択したメンバーの各項目がフォームに表示される。パスワード欄にはプレースホルダ文字列が入った状態で表示される。所属店舗・スマレジ用アカウントは補助メンバー情報の現行値で初期化する。	/setting/system/member/{id}/edit		
EV-f9b170ba	M11-02	functions/pf-eccube3/m11-02_admin_system_setting_setting_system_member_edit.md	75	利用者視点の入口	登録ボタンで新規登録を送信する	`POST /%admin_route%/setting/system/member/new`	検証に成功すれば新規メンバーと補助メンバー情報を保存し、成功メッセージののち当該メンバーの編集画面へ遷移する。	/setting/system/member/new		
EV-fb227201	M11-02	functions/pf-eccube3/m11-02_admin_system_setting_setting_system_member_edit.md	76	利用者視点の入口	登録ボタンで編集を送信する	`POST /%admin_route%/setting/system/member/{id}/edit`	検証に成功すれば更新し、成功メッセージののち同じ編集画面へ遷移する。失敗時はエラーメッセージを表示し同一画面を再表示する。	/setting/system/member/{id}/edit		
EV-6b2f39de	M11-02	functions/pf-eccube3/m11-02_admin_system_setting_setting_system_member_edit.md	77	利用者視点の入口	存在しないIDで編集を開く	`GET /%admin_route%/setting/system/member/{id}/edit`	404 応答となる。補助メンバー情報が見つからない場合も同様に 404 とする。	/setting/system/member/{id}/edit		
EV-260ced48	M11-02	functions/pf-eccube3/m11-02_admin_system_setting_setting_system_member_edit.md	78	利用者視点の入口	戻るリンク	—（一覧へのリンク）	メンバー一覧（M11-01）へ遷移する。			M11-01
EV-7fa41eda	M11-02	functions/pf-eccube3/m11-02_admin_system_setting_setting_system_member_edit.md	288	画面遷移	一覧から新規登録リンク	メンバー登録・編集画面（新規）。				
EV-3a85143e	M11-02	functions/pf-eccube3/m11-02_admin_system_setting_setting_system_member_edit.md	289	画面遷移	一覧から編集リンク	メンバー登録・編集画面（既存）。				
EV-48984dda	M11-02	functions/pf-eccube3/m11-02_admin_system_setting_setting_system_member_edit.md	290	画面遷移	登録成功	作成したメンバーの編集画面。				
EV-d62a5a0f	M11-02	functions/pf-eccube3/m11-02_admin_system_setting_setting_system_member_edit.md	291	画面遷移	編集成功	同一メンバーの編集画面。				
EV-43379e61	M11-02	functions/pf-eccube3/m11-02_admin_system_setting_setting_system_member_edit.md	292	画面遷移	メンバー保存失敗	同一の登録・編集画面（再表示）。				
EV-35bbb5ae	M11-02	functions/pf-eccube3/m11-02_admin_system_setting_setting_system_member_edit.md	293	画面遷移	スマレジ用アカウント重複	同一メンバーの編集画面（エラーメッセージ付き）。				
EV-0b7b8f0d	M11-02	functions/pf-eccube3/m11-02_admin_system_setting_setting_system_member_edit.md	294	画面遷移	検証失敗	同一の登録・編集画面。				
EV-5c9f3048	M11-02	functions/pf-eccube3/m11-02_admin_system_setting_setting_system_member_edit.md	295	画面遷移	戻るリンク	メンバー一覧（M11-01）。				M11-01
EV-2994b3c3	M11-02	functions/pf-eccube3/m11-02_admin_system_setting_setting_system_member_edit.md	296	画面遷移	編集で ID 非存在	エラー画面（404）。				
EV-3fc83a3f	M11-02	functions/pf-eccube3/m11-02_admin_system_setting_setting_system_member_edit.md	302	遷移時に引き継ぐ状態	保存成功	成功フラッシュを積む	編集画面が再読込されメッセージが表示される。			
EV-eeec3a2f	M11-02	functions/pf-eccube3/m11-02_admin_system_setting_setting_system_member_edit.md	303	遷移時に引き継ぐ状態	スマレジ重複	エラーフラッシュを積む	編集画面が再読込されエラーが表示される。			
EV-fd3a085c	M11-02	functions/pf-eccube3/m11-02_admin_system_setting_setting_system_member_edit.md	304	遷移時に引き継ぐ状態	登録・編集画面を描画	セキュリティトークンのユーザーをログイン中メンバーへ戻す	以降の画面は通常のログインコンテキストである。			
EV-afcd3ef2	M11-03	functions/pf-eccube3/m11-03_admin_system_setting_setting_system_authority.md	75	利用者視点の入口	ナビから当画面を開く	`GET /{admin_route}/setting/system/authority`	登録済みの権限ロールがあれば表に行として並ぶ。無い場合は空行が1行付与される。	/{admin_route}/setting/system/authority		
EV-204b0c78	M11-03	functions/pf-eccube3/m11-03_admin_system_setting_setting_system_authority.md	76	利用者視点の入口	「行追加」を押す	—（同一ページ上のクライアント操作。送信時に反映）	表の末尾に新しい行が追記され、権限セレクトと拒否URL入力欄が増える。			
EV-08e1e784	M11-03	functions/pf-eccube3/m11-03_admin_system_setting_setting_system_authority.md	77	利用者視点の入口	行の「削除」を押す	—（同上）	当該行が表から消える。全行削除された直後は、プロトタイプから再生成した1行がtbodyへ入る。			
EV-f93e5b49	M11-03	functions/pf-eccube3/m11-03_admin_system_setting_setting_system_authority.md	78	利用者視点の入口	「登録」を押し検証に成功する	`POST /{admin_route}/setting/system/authority`	データベースの権限ロールが送信内容で置き換わり、成功メッセージのあと同一画面へ戻る。	/{admin_route}/setting/system/authority		
EV-6e989fc3	M11-03	functions/pf-eccube3/m11-03_admin_system_setting_setting_system_authority.md	79	利用者視点の入口	「登録」を押し検証に失敗する	`POST /{admin_route}/setting/system/authority`	同一画面でフィールドエラーが付き、保存しない。	/{admin_route}/setting/system/authority		
EV-13a9b9d6	M11-03	functions/pf-eccube3/m11-03_admin_system_setting_setting_system_authority.md	80	利用者視点の入口	未ログインで当画面にアクセスする	`GET /{admin_route}/setting/system/authority`（到達前）	管理画面の認証フローへ誘導される（詳細は管理画面ログインを正とする）。	/{admin_route}/setting/system/authority		
EV-b525b5eb	M11-03	functions/pf-eccube3/m11-03_admin_system_setting_setting_system_authority.md	261	画面遷移	GETで開く	権限管理の編集画面。				
EV-ec9578eb	M11-03	functions/pf-eccube3/m11-03_admin_system_setting_setting_system_authority.md	262	画面遷移	POST成功	同一編集画面へリダイレクト（GET）。				
EV-44e989e3	M11-03	functions/pf-eccube3/m11-03_admin_system_setting_setting_system_authority.md	263	画面遷移	POST失敗	同一画面を再描画。				
EV-ab224842	M12-01	functions/pf-eccube3/m12-01_admin_analytics_sales_daily_monthly_summary.md	61	利用者視点の入口	サイドメニュー「日別集計」	`GET/POST /{admin_route}/analysis/summary/daily`	集計タイプ日次、集計日を当月初日〜当月末日とした検索画面を表示する。	/{admin_route}/analysis/summary/daily;/POST		
EV-b0f18675	M12-01	functions/pf-eccube3/m12-01_admin_analytics_sales_daily_monthly_summary.md	62	利用者視点の入口	サイドメニュー「月別集計」	`GET/POST /{admin_route}/analysis/summary/monthly`	集計タイプ月次、集計日を当月初日の2か月前〜当月末日とした検索画面を表示する。	/{admin_route}/analysis/summary/monthly;/POST		
EV-d2c25772	M12-01	functions/pf-eccube3/m12-01_admin_analytics_sales_daily_monthly_summary.md	63	利用者視点の入口	検索ボタン押下	`POST /{admin_route}/analysis/summary/result`	入力された検索条件で集計し、同一画面に集計結果一覧を表示する。	/{admin_route}/analysis/summary/result		
EV-e8cfe4a5	M12-01	functions/pf-eccube3/m12-01_admin_analytics_sales_daily_monthly_summary.md	231	画面遷移	「日別集計」「月別集計」を開く	集計検索画面（初期状態）。				
EV-bda4c617	M12-01	functions/pf-eccube3/m12-01_admin_analytics_sales_daily_monthly_summary.md	232	画面遷移	検索ボタン押下	同一画面に集計結果一覧を表示。				
EV-c665031c	M12-01	functions/pf-eccube3/m12-01_admin_analytics_sales_daily_monthly_summary.md	233	画面遷移	「CSVダウンロード」押下	集計結果CSVを出力（M12-02）。				M12-02
EV-c3026417	M12-01	functions/pf-eccube3/m12-01_admin_analytics_sales_daily_monthly_summary.md	239	遷移時に引き継ぐ状態	検索ボタン押下	検索条件を検索条件セッションへ保存する。	CSVダウンロードが同条件で再集計するための条件が保存される。			
EV-a409f1c3	M12-02	functions/pf-eccube3/m12-02_admin_analytics_sales_daily_monthly_csv_export.md	55	利用者視点の入口	集計結果一覧の「CSVダウンロード」	`GET /{admin_route}/analysis/summary/export`	検索条件セッションの条件で集計し、集計結果をCSVとして出力する。	/{admin_route}/analysis/summary/export		
EV-a9877969	M12-02	functions/pf-eccube3/m12-02_admin_analytics_sales_daily_monthly_csv_export.md	178	画面遷移	「CSVダウンロード」押下	画面遷移せずCSVを出力する。				
EV-c669387a	M12-03	functions/pf-eccube3/m12-03_admin_analytics_sales_order_analysis_summary.md	71	利用者視点の入口	サイドメニュー「受注・売上分析」	`GET/POST /{admin_route}/analysis/sales`	集計日を当月初日〜当月末日、使用日付を注文日、集計単位を商品、並び順を昇順とした検索画面を表示する。	/{admin_route}/analysis/sales;/POST		
EV-f08662fd	M12-03	functions/pf-eccube3/m12-03_admin_analytics_sales_order_analysis_summary.md	72	利用者視点の入口	検索ボタン押下	`POST /{admin_route}/analysis/sales/result`	入力された検索条件で集計し、同一画面に集計結果一覧を表示する。	/{admin_route}/analysis/sales/result		
EV-8892a37f	M12-03	functions/pf-eccube3/m12-03_admin_analytics_sales_order_analysis_summary.md	251	画面遷移	「受注・売上分析」を開く	集計検索画面（初期状態）。				
EV-089fa68a	M12-03	functions/pf-eccube3/m12-03_admin_analytics_sales_order_analysis_summary.md	252	画面遷移	検索ボタン押下	同一画面に集計結果一覧を表示。				
EV-318ec496	M12-03	functions/pf-eccube3/m12-03_admin_analytics_sales_order_analysis_summary.md	253	画面遷移	「CSVダウンロード」押下	集計結果CSVを出力（M12-04）。				M12-04
EV-85ff400e	M12-03	functions/pf-eccube3/m12-03_admin_analytics_sales_order_analysis_summary.md	259	遷移時に引き継ぐ状態	検索ボタン押下	検索条件を検索条件セッションへ保存する。	CSVダウンロードが同条件で再集計するための条件が保存される。			
EV-868d0d9d	M12-04	functions/pf-eccube3/m12-04_admin_analytics_sales_order_analysis_csv_export.md	59	利用者視点の入口	集計結果一覧の「CSVダウンロード」	`GET /{admin_route}/analysis/sales/export`	検索条件セッションの条件で集計し、集計結果をCSVとして出力する。	/{admin_route}/analysis/sales/export		
EV-db148e51	M12-04	functions/pf-eccube3/m12-04_admin_analytics_sales_order_analysis_csv_export.md	181	画面遷移	「CSVダウンロード」押下	画面遷移せずCSVを出力する。				
EV-680f691b	M12-05	functions/pf-eccube3/m12-05_admin_analytics_sales_arrival_notification_search_list.md	68	利用者視点の入口	サイドメニュー「入荷通知依頼」	`GET /{admin_route}/analysis/request`	依頼日を当月初日〜当月末日、並び順を昇順とした検索画面を表示する。	/{admin_route}/analysis/request		
EV-a6c396dd	M12-05	functions/pf-eccube3/m12-05_admin_analytics_sales_arrival_notification_search_list.md	69	利用者視点の入口	検索ボタン押下	`POST /{admin_route}/analysis/request/result`	入力された検索条件で抽出し、同一画面に一覧を表示する。	/{admin_route}/analysis/request/result		
EV-da0ad2ed	M12-05	functions/pf-eccube3/m12-05_admin_analytics_sales_arrival_notification_search_list.md	236	画面遷移	「入荷通知依頼」を開く	検索画面（初期状態）。				
EV-04c66e28	M12-05	functions/pf-eccube3/m12-05_admin_analytics_sales_arrival_notification_search_list.md	237	画面遷移	検索ボタン押下	同一画面に一覧を表示。				
EV-ee992e95	M12-05	functions/pf-eccube3/m12-05_admin_analytics_sales_arrival_notification_search_list.md	238	画面遷移	行操作「規格」	商品規格編集画面。				
EV-d04393ef	M12-05	functions/pf-eccube3/m12-05_admin_analytics_sales_arrival_notification_search_list.md	239	画面遷移	行操作「削除」	入荷通知依頼の削除処理（確認ダイアログ後）。				
EV-7d4b6850	M12-05	functions/pf-eccube3/m12-05_admin_analytics_sales_arrival_notification_search_list.md	240	画面遷移	「CSVダウンロード」押下	検索結果CSVを出力（M12-06）。				M12-06
EV-495be285	M12-05	functions/pf-eccube3/m12-05_admin_analytics_sales_arrival_notification_search_list.md	246	遷移時に引き継ぐ状態	検索ボタン押下	検索条件を検索条件セッションへ保存する。	CSVダウンロードが同条件で再抽出するための条件が保存される。			
EV-fb71bfde	M12-06	functions/pf-eccube3/m12-06_admin_analytics_sales_arrival_notification_csv_export.md	61	利用者視点の入口	検索結果一覧の「CSVダウンロード」	`GET /{admin_route}/analysis/request/export`	検索条件セッションの条件で入荷通知依頼を抽出し、結果をCSVとして出力する。	/{admin_route}/analysis/request/export		
EV-336725a4	M12-06	functions/pf-eccube3/m12-06_admin_analytics_sales_arrival_notification_csv_export.md	184	画面遷移	「CSVダウンロード」押下	画面遷移せずCSVを出力する。				
EV-a4adb8e0	M12-07	functions/pf-eccube3/m12-07_admin_analytics_sales_format_analysis_summary.md	66	利用者視点の入口	サイドメニュー「フォーマット売上分析」	`GET /{admin_route}/analysis/format_sales`	集計月入力欄を持つ検索画面を表示する。集計結果は表示しない。	/{admin_route}/analysis/format_sales		
EV-0c95b75d	M12-07	functions/pf-eccube3/m12-07_admin_analytics_sales_format_analysis_summary.md	67	利用者視点の入口	検索ボタン押下	`POST /{admin_route}/analysis/format_sales/result`	入力された集計月で集計し、同一画面にグラフと表を表示する。	/{admin_route}/analysis/format_sales/result		
EV-95249377	M12-07	functions/pf-eccube3/m12-07_admin_analytics_sales_format_analysis_summary.md	218	画面遷移	「フォーマット売上分析」を開く	集計検索画面（初期状態）。				
EV-0e0bb00e	M12-07	functions/pf-eccube3/m12-07_admin_analytics_sales_format_analysis_summary.md	219	画面遷移	検索ボタン押下	同一画面にグラフと表を表示。				
EV-e62d7bf4	M12-07	functions/pf-eccube3/m12-07_admin_analytics_sales_format_analysis_summary.md	220	画面遷移	「CSVダウンロード」押下	集計結果CSVを出力（M12-08）。				M12-08
EV-7ee7e840	M12-08	functions/pf-eccube3/m12-08_admin_analytics_sales_format_analysis_csv_export.md	62	利用者視点の入口	集計結果の「CSVダウンロード」	`POST /{admin_route}/analysis/format_sales/export`	送信された集計月でフォーマットごとの日別売上を集計し、日別の売上表をCSVとして出力する。	/{admin_route}/analysis/format_sales/export		
EV-0c9c1240	M12-08	functions/pf-eccube3/m12-08_admin_analytics_sales_format_analysis_csv_export.md	184	画面遷移	「CSVダウンロード」押下	画面遷移せずCSVを出力する。				
EV-f06a39e5	M12-09	functions/pf-eccube3/m12-09_admin_analysis_used_card.md	66	利用者視点の入口	ナビ「デッキ採用枚数集計」	`GET /{admin_route}/analysis/used_card`	出力条件の検索フォームを表示する。保持していた条件は消去する。	/{admin_route}/analysis/used_card		
EV-06c55c47	M12-09	functions/pf-eccube3/m12-09_admin_analysis_used_card.md	67	利用者視点の入口	「検索」ボタン	`POST /{admin_route}/analysis/used_card`	指定した出力条件で集計結果を表示し、条件をセッションに保持する。	/{admin_route}/analysis/used_card		
EV-17538162	M12-09	functions/pf-eccube3/m12-09_admin_analysis_used_card.md	68	利用者視点の入口	CSVダウンロード（形式指定）	`GET /{admin_route}/analysis/used_card/export/{mode}`	保持した出力条件に従い、指定形式（特集タグ編集用など）でCSVを出力する。	/{admin_route}/analysis/used_card/export/{mode}		
EV-6d02f8c1	M12-09	functions/pf-eccube3/m12-09_admin_analysis_used_card.md	182	画面遷移	ナビ「デッキ採用枚数集計」	出力条件の検索画面（`admin_used_card`）			admin_used_card	
EV-05400c06	M12-09	functions/pf-eccube3/m12-09_admin_analysis_used_card.md	183	画面遷移	検索	集計結果画面（`admin_used_card_result`）			admin_used_card_result	
EV-9badc2f3	M12-09	functions/pf-eccube3/m12-09_admin_analysis_used_card.md	184	画面遷移	CSVダウンロード	画面遷移せずCSVを出力する（`admin_used_card_export`）			admin_used_card_export	
EV-54b8e163	M12-09	functions/pf-eccube3/m12-09_admin_analysis_used_card.md	190	遷移時に引き継ぐ状態	検索	出力条件をセッションに保持する	CSV出力で同じ出力条件を用いる			
EV-29ea7f2f	M12-09	functions/pf-eccube3/m12-09_admin_analysis_used_card.md	191	遷移時に引き継ぐ状態	初期表示	保持していた出力条件を消去する	未指定の検索フォームを表示する			
EV-abee35b2	M12-10	functions/pf-eccube3/m12-10_admin_analysis_used_card.md	66	利用者視点の入口	ナビ「デッキ採用枚数集計」	`GET /{admin_route}/analysis/used_card`	出力条件の検索フォームを表示する。保持していた条件は消去する。	/{admin_route}/analysis/used_card		
EV-5d3fe8eb	M12-10	functions/pf-eccube3/m12-10_admin_analysis_used_card.md	67	利用者視点の入口	「検索」ボタン	`POST /{admin_route}/analysis/used_card`	指定した出力条件で集計結果を表示し、条件をセッションに保持する。	/{admin_route}/analysis/used_card		
EV-ca72ed4d	M12-10	functions/pf-eccube3/m12-10_admin_analysis_used_card.md	68	利用者視点の入口	CSVダウンロード（形式指定）	`GET /{admin_route}/analysis/used_card/export/{mode}`	保持した出力条件に従い、指定形式（特集タグ編集用など）でCSVを出力する。	/{admin_route}/analysis/used_card/export/{mode}		
EV-b43b1055	M12-10	functions/pf-eccube3/m12-10_admin_analysis_used_card.md	182	画面遷移	ナビ「デッキ採用枚数集計」	出力条件の検索画面（`admin_used_card`）			admin_used_card	
EV-e8cd6c8b	M12-10	functions/pf-eccube3/m12-10_admin_analysis_used_card.md	183	画面遷移	検索	集計結果画面（`admin_used_card_result`）			admin_used_card_result	
EV-5ca298b3	M12-10	functions/pf-eccube3/m12-10_admin_analysis_used_card.md	184	画面遷移	CSVダウンロード	画面遷移せずCSVを出力する（`admin_used_card_export`）			admin_used_card_export	
EV-c5e88e99	M12-10	functions/pf-eccube3/m12-10_admin_analysis_used_card.md	190	遷移時に引き継ぐ状態	検索	出力条件をセッションに保持する	CSV出力で同じ出力条件を用いる			
EV-690f6be5	M12-10	functions/pf-eccube3/m12-10_admin_analysis_used_card.md	191	遷移時に引き継ぐ状態	初期表示	保持していた出力条件を消去する	未指定の検索フォームを表示する			
EV-30a934c7	M13-01	functions/pf-eccube3/m13-01_admin_event_event_search_list.md	76	利用者視点の入口	イベント一覧を開く	`GET /%admin_route%/event/list`	検索フォームを表示し、検索条件セッションを初期化する。一覧結果は表示しない。	/event/list		
EV-0633f026	M13-01	functions/pf-eccube3/m13-01_admin_event_event_search_list.md	77	利用者視点の入口	検索フォームを送信	`POST /%admin_route%/event/search/{page_no}`	検索条件で絞り込み、該当イベントを一覧表示する。条件・表示件数・ソートをセッションに保存する。	/event/search/{page_no}		
EV-bde3040a	M13-01	functions/pf-eccube3/m13-01_admin_event_event_search_list.md	78	利用者視点の入口	ページ送り・表示件数変更・ソート変更	`GET /%admin_route%/event/page/{page_no}`	セッションの検索条件を復元し、指定ページ・件数・ソートで再検索して表示する。	/event/page/{page_no}		
EV-374fedc9	M13-01	functions/pf-eccube3/m13-01_admin_event_event_search_list.md	79	利用者視点の入口	新規登録ボタン	`GET /%admin_route%/event/new`	イベント登録フォームへ遷移する（M13-02の範囲）。	/event/new		
EV-35cd6175	M13-01	functions/pf-eccube3/m13-01_admin_event_event_search_list.md	80	利用者視点の入口	行の編集リンク	`GET /%admin_route%/event/{id}/edit`	イベント編集画面へ遷移する（M13-02の範囲）。	/event/{id}/edit		
EV-3f2178f5	M13-01	functions/pf-eccube3/m13-01_admin_event_event_search_list.md	81	利用者視点の入口	行の削除リンク	`DELETE /%admin_route%/event/{id}/delete`	イベント削除を実行する（M13-02の範囲）。	/event/{id}/delete		
EV-ff26e5e6	M13-01	functions/pf-eccube3/m13-01_admin_event_event_search_list.md	253	画面遷移	一覧を開く	同一画面に検索フォームを表示。				
EV-f16b14db	M13-01	functions/pf-eccube3/m13-01_admin_event_event_search_list.md	254	画面遷移	検索フォーム送信	同一画面に検索結果一覧を表示。				
EV-d3318023	M13-01	functions/pf-eccube3/m13-01_admin_event_event_search_list.md	255	画面遷移	ページ送り・件数変更・ソート	同一画面に再検索結果を表示。				
EV-2bff6781	M13-01	functions/pf-eccube3/m13-01_admin_event_event_search_list.md	256	画面遷移	新規登録ボタン	イベント登録画面（M13-02）。				M13-02
EV-f722eb73	M13-01	functions/pf-eccube3/m13-01_admin_event_event_search_list.md	257	画面遷移	行の編集リンク	イベント編集画面（M13-02）。				M13-02
EV-543b2440	M13-01	functions/pf-eccube3/m13-01_admin_event_event_search_list.md	258	画面遷移	行の削除リンク	削除実行後、検索結果ページへ戻る（M13-02）。				M13-02
EV-d83cfd77	M13-01	functions/pf-eccube3/m13-01_admin_event_event_search_list.md	264	遷移時に引き継ぐ状態	検索フォーム送信・ページ送り	検索条件・表示件数・ソートキー・並び順・ページ番号をセッションへ保存する。	同条件で一覧を再描画する。ページ送りはセッションの条件を復元する。			
EV-df624775	M13-01	functions/pf-eccube3/m13-01_admin_event_event_search_list.md	265	遷移時に引き継ぐ状態	一覧初期表示（`/event/list`）	検索条件セッションを削除する。	検索フォームのみを表示し、結果は表示しない。	/event/list		
EV-8435e8f7	M13-02	functions/pf-eccube3/m13-02_admin_event_event_edit_delete.md	91	利用者視点の入口	編集画面を開く	`GET /%admin_route%/event/{id}/edit`	指定イベントを読み、入力フォームと開催日程一覧を表示する。存在しないIDは404。	/event/{id}/edit		
EV-72017d9f	M13-02	functions/pf-eccube3/m13-02_admin_event_event_edit_delete.md	92	利用者視点の入口	新規登録画面を開く	`GET /%admin_route%/event/new`	空のフォームを表示し、支払方法にクレジットカードを初期選択する。	/event/new		
EV-b30fc007	M13-02	functions/pf-eccube3/m13-02_admin_event_event_edit_delete.md	93	利用者視点の入口	イベント更新の送信	`POST /%admin_route%/event/{id}/create`	検証後に更新し、成功なら編集画面へ遷移する。すでに削除済みなら403。	/event/{id}/create		
EV-5f12de04	M13-02	functions/pf-eccube3/m13-02_admin_event_event_edit_delete.md	94	利用者視点の入口	イベント登録の送信	`POST /%admin_route%/event/create`	検証後に新規登録し、成功なら登録したイベントの編集画面へ遷移する。	/event/create		
EV-891651f7	M13-02	functions/pf-eccube3/m13-02_admin_event_event_edit_delete.md	95	利用者視点の入口	削除リンク（一覧・編集画面）	`DELETE /%admin_route%/event/{id}/delete`	確認後にイベントを削除する。日程が残っている場合は削除しない。	/event/{id}/delete		
EV-6ba73483	M13-02	functions/pf-eccube3/m13-02_admin_event_event_edit_delete.md	96	利用者視点の入口	チェックした日程削除	`POST /%admin_route%/event/{id}/detaildelete`	チェックした日程を削除する。デッキ登録済み・申込済みの日程は削除しない。	/event/{id}/detaildelete		
EV-82777b02	M13-02	functions/pf-eccube3/m13-02_admin_event_event_edit_delete.md	399	画面遷移	編集・新規画面を開く	同一画面にフォームを表示。				
EV-4d3f94d5	M13-02	functions/pf-eccube3/m13-02_admin_event_event_edit_delete.md	400	画面遷移	更新成功	当該イベントの編集画面。				
EV-aebb6bfd	M13-02	functions/pf-eccube3/m13-02_admin_event_event_edit_delete.md	401	画面遷移	新規登録成功	登録したイベントの編集画面。				
EV-b01e7ca6	M13-02	functions/pf-eccube3/m13-02_admin_event_event_edit_delete.md	402	画面遷移	検証失敗・登録失敗	編集テンプレートを再描画。				
EV-cfadfe37	M13-02	functions/pf-eccube3/m13-02_admin_event_event_edit_delete.md	403	画面遷移	支払方法変更不可	直前画面（referer）へ戻る。				
EV-c3aaa24e	M13-02	functions/pf-eccube3/m13-02_admin_event_event_edit_delete.md	404	画面遷移	イベント削除成功	検索結果ページ（セッションのページ番号、無ければ1ページ目）。				
EV-37248291	M13-02	functions/pf-eccube3/m13-02_admin_event_event_edit_delete.md	405	画面遷移	イベント削除不可（日程残）	直前画面（referer）へ戻る。				
EV-2890e8f8	M13-02	functions/pf-eccube3/m13-02_admin_event_event_edit_delete.md	406	画面遷移	日程一括削除成功	当該イベントの編集画面。				
EV-ac3459a0	M13-02	functions/pf-eccube3/m13-02_admin_event_event_edit_delete.md	407	画面遷移	日程一括削除不可（デッキ・申込）	直前画面（referer）へ戻る。				
EV-90322793	M13-02	functions/pf-eccube3/m13-02_admin_event_event_edit_delete.md	408	画面遷移	戻るボタン	イベント検索結果（1ページ目）。				
EV-abb0892a	M13-03	functions/pf-eccube3/m13-03_admin_event_event_schedule_add.md	60	利用者視点の入口	イベントの「日程追加」	`GET /{admin_route}/event/{eventId}/schedule/new`	当該イベントの日程入力フォームを表示する。	/{admin_route}/event/{eventId}/schedule/new		
EV-da3d56d3	M13-03	functions/pf-eccube3/m13-03_admin_event_event_schedule_add.md	61	利用者視点の入口	「登録」ボタン	`POST /{admin_route}/event/{eventId}/schedule/create`	入力した日程を検証し、当該イベントの日程として登録する。	/{admin_route}/event/{eventId}/schedule/create		
EV-002fd713	M13-03	functions/pf-eccube3/m13-03_admin_event_event_schedule_add.md	169	画面遷移	「日程追加」	日程入力画面（`admin_schedule_new`）			admin_schedule_new	
EV-147e6523	M13-03	functions/pf-eccube3/m13-03_admin_event_event_schedule_add.md	170	画面遷移	登録成功	日程登録後の画面				
EV-98612c84	M13-03	functions/pf-eccube3/m13-03_admin_event_event_schedule_add.md	171	画面遷移	検証失敗	日程入力画面を再表示				
EV-cc8e6266	M13-03	functions/pf-eccube3/m13-03_admin_event_event_schedule_add.md	172	画面遷移	イベントなし	ページが見つからない扱い（404）				
EV-b0ba538e	M13-04	functions/pf-eccube3/m13-04_admin_event_event_repeat_schedule.md	61	利用者視点の入口	イベントの「繰り返し日程登録」	`GET /{admin_route}/event/repeatschedule/{eventId}/new`	当該イベントの繰り返し日程の入力フォームを表示する。	/{admin_route}/event/repeatschedule/{eventId}/new		
EV-d5d24f57	M13-04	functions/pf-eccube3/m13-04_admin_event_event_repeat_schedule.md	62	利用者視点の入口	「登録」ボタン	`POST /{admin_route}/event/repeatschedule/{eventId}/create`	期間・曜日指定を検証し、該当する日について日程を一括作成する。	/{admin_route}/event/repeatschedule/{eventId}/create		
EV-d795b98a	M13-04	functions/pf-eccube3/m13-04_admin_event_event_repeat_schedule.md	183	画面遷移	「繰り返し日程登録」	入力画面（`admin_repeat_schedule_new`）			admin_repeat_schedule_new	
EV-25843d63	M13-04	functions/pf-eccube3/m13-04_admin_event_event_repeat_schedule.md	184	画面遷移	検証失敗・支払い方法未設定	入力画面を再表示（エラー表示）				
EV-789f8b2e	M13-04	functions/pf-eccube3/m13-04_admin_event_event_repeat_schedule.md	185	画面遷移	イベントなし	ページが見つからない扱い（404）				
EV-1841693e	M13-05	functions/pf-eccube3/m13-05_admin_event_event_duplicate_register.md	82	利用者視点の入口	複製新規ボタン（編集画面）	`GET /%admin_route%/event/{duplicateId}/duplicate`	複製元イベントの値を載せた新規登録フォームを表示する。存在しないIDは404。	/event/{duplicateId}/duplicate		
EV-6ca88245	M13-05	functions/pf-eccube3/m13-05_admin_event_event_duplicate_register.md	83	利用者視点の入口	複製新規画面の保存	`POST /%admin_route%/event/create`	入力値を新規イベントとして登録し、登録したイベントの編集画面へ遷移する（M13-02の登録経路）。	/event/create		
EV-56175ff4	M13-05	functions/pf-eccube3/m13-05_admin_event_event_duplicate_register.md	233	画面遷移	複製新規ボタン押下	複製元の値を載せた新規登録画面（同一テンプレート）。				
EV-db9e9cfa	M13-05	functions/pf-eccube3/m13-05_admin_event_event_duplicate_register.md	234	画面遷移	複製新規画面の保存成功	登録した新規イベントの編集画面（M13-02）。				M13-02
EV-e9680983	M13-05	functions/pf-eccube3/m13-05_admin_event_event_duplicate_register.md	235	画面遷移	存在しない複製元ID	404。				
EV-4914455b	M13-05	functions/pf-eccube3/m13-05_admin_event_event_duplicate_register.md	236	画面遷移	保存時の検証失敗	新規登録テンプレートの再描画（M13-02）。				M13-02
EV-30cee44c	M13-06	functions/pf-eccube3/m13-06_admin_event_event_entry_management_search.md	85	利用者視点の入口	申込一覧を開く	`GET /%admin_route%/entry/list`	検索フォームを表示し、検索条件セッションを初期化する。一覧結果は表示しない。	/entry/list		
EV-193a0a79	M13-06	functions/pf-eccube3/m13-06_admin_event_event_entry_management_search.md	86	利用者視点の入口	検索フォームを送信	`POST /%admin_route%/entry/search`	検索モードに応じて申込またはデッキを絞り込み、一覧表示する。条件・表示件数・ソートをセッションに保存する。	/entry/search		
EV-a1f8fd63	M13-06	functions/pf-eccube3/m13-06_admin_event_event_entry_management_search.md	87	利用者視点の入口	ページ送り・表示件数変更・ソート変更	`GET /%admin_route%/entry/page/{page_no}`	セッションの検索条件を復元し、指定ページ・件数・ソートで再検索して表示する。	/entry/page/{page_no}		
EV-68a887a4	M13-06	functions/pf-eccube3/m13-06_admin_event_event_entry_management_search.md	88	利用者視点の入口	イベント詳細指定表示	`GET /%admin_route%/entry/{eventDetailId}/detail/{page_no}`	指定日程に絞った申込一覧を表示する。	/entry/{eventDetailId}/detail/{page_no}		
EV-c0b918a7	M13-06	functions/pf-eccube3/m13-06_admin_event_event_entry_management_search.md	89	利用者視点の入口	デッキ表示ボタン	`GET /%admin_route%/entry/deckList`	現在の検索条件で登録デッキの表示画面を別ウィンドウで開く（M13-08）。	/entry/deckList		M13-08
EV-bbc971ab	M13-06	functions/pf-eccube3/m13-06_admin_event_event_entry_management_search.md	90	利用者視点の入口	CSV出力	`GET /%admin_route%/entry/export`	現在の検索条件で申込CSVを出力する（本書では扱わない）。	/entry/export		
EV-9ab87244	M13-06	functions/pf-eccube3/m13-06_admin_event_event_entry_management_search.md	91	利用者視点の入口	申込の編集	`GET /%admin_route%/entry/{eventEntryId}/edit`	申込編集画面へ遷移する（本書では扱わない）。	/entry/{eventEntryId}/edit		
EV-846c82bd	M13-06	functions/pf-eccube3/m13-06_admin_event_event_entry_management_search.md	271	画面遷移	一覧を開く	同一画面に検索フォームを表示。				
EV-7d1c2ec2	M13-06	functions/pf-eccube3/m13-06_admin_event_event_entry_management_search.md	272	画面遷移	検索フォーム送信	同一画面に検索結果一覧を表示。				
EV-59a26601	M13-06	functions/pf-eccube3/m13-06_admin_event_event_entry_management_search.md	273	画面遷移	ページ送り・件数変更・ソート	同一画面に再検索結果を表示。				
EV-c2723dc8	M13-06	functions/pf-eccube3/m13-06_admin_event_event_entry_management_search.md	274	画面遷移	イベント詳細指定表示	同一画面に特定日程の申込一覧を表示。				
EV-19f24fde	M13-06	functions/pf-eccube3/m13-06_admin_event_event_entry_management_search.md	275	画面遷移	デッキ表示ボタン	デッキ表示画面を別ウィンドウで開く（M13-08）。				M13-08
EV-04d631fb	M13-06	functions/pf-eccube3/m13-06_admin_event_event_entry_management_search.md	276	画面遷移	CSV出力	申込CSVのダウンロード（本書では扱わない）。				
EV-2428801d	M13-06	functions/pf-eccube3/m13-06_admin_event_event_entry_management_search.md	277	画面遷移	申込の編集リンク	申込編集画面（本書では扱わない）。				
EV-71c416b3	M13-06	functions/pf-eccube3/m13-06_admin_event_event_entry_management_search.md	283	遷移時に引き継ぐ状態	検索フォーム送信・ページ送り	検索条件・表示件数・ソートキー・並び順・ページ番号をセッション（`admin.event_entry`）へ保存する。	同条件で一覧を再描画する。			
EV-82a607e6	M13-06	functions/pf-eccube3/m13-06_admin_event_event_entry_management_search.md	284	遷移時に引き継ぐ状態	一覧初期表示（`/entry/list`）	検索条件セッションを削除する。	検索フォームのみを表示し結果は表示しない。	/entry/list		
EV-9d0ab66a	M13-06	functions/pf-eccube3/m13-06_admin_event_event_entry_management_search.md	285	遷移時に引き継ぐ状態	デッキ表示・CSV出力	申込一覧の検索条件セッションを読む。	同一条件の対象でデッキ表示・CSVを生成する。			
EV-9fff9362	M13-07	functions/pf-eccube3/m13-07_admin_event_event_entry_bulk_update.md	64	利用者視点の入口	申込一覧で複数選択し「一括編集」	`POST /{admin_route}/entry/bulkupdate`（非同期）	選択した申込の申込ステータスを一括変更し、結果をJSONで返す。	/{admin_route}/entry/bulkupdate		
EV-b7cfe961	M13-07	functions/pf-eccube3/m13-07_admin_event_event_entry_bulk_update.md	184	画面遷移	一括編集	画面遷移せず非同期で結果を反映する				
EV-df8be4ea	M13-08	functions/pf-eccube3/m13-08_admin_event_event_deck_view.md	82	利用者視点の入口	デッキ表示ボタン（申込一覧）	`GET /%admin_route%/entry/deckList`	申込一覧の検索条件に該当するデッキのデッキリストを表示する。	/entry/deckList		
EV-787e2269	M13-08	functions/pf-eccube3/m13-08_admin_event_event_deck_view.md	221	画面遷移	申込一覧のデッキ表示ボタン	デッキ表示画面を別ウィンドウで開く。				
EV-1d55bac9	M13-08	functions/pf-eccube3/m13-08_admin_event_event_deck_view.md	222	画面遷移	印刷ボタン	ブラウザの印刷ダイアログ（画面遷移はしない）。				
EV-e1474b2d	M13-08	functions/pf-eccube3/m13-08_admin_event_event_deck_view.md	228	遷移時に引き継ぐ状態	申込一覧のデッキ表示ボタン	申込一覧で検索条件を検索条件セッション（`admin.event_entry.search`）へ保存する（M13-06）。	デッキ表示画面が当該検索条件に該当するデッキを表示する。			M13-06
EV-b0768237	M13-09	functions/pf-eccube3/m13-09_admin_event_event_csv_export.md	67	利用者視点の入口	イベント申込一覧のCSVダウンロード	`GET /%eccube_admin_route%/entry/export`	申込一覧の検索条件セッションに従い、イベント申込情報をCSVとしてダウンロードする。	/entry/export		
EV-e358d658	M13-09	functions/pf-eccube3/m13-09_admin_event_event_csv_export.md	68	利用者視点の入口	イベント詳細指定のCSVダウンロード	`GET /%eccube_admin_route%/entry/{eventDetailId}/export`	指定したイベント詳細を対象に、申込情報をCSVとしてダウンロードする。	/entry/{eventDetailId}/export		
EV-8131d087	M13-09	functions/pf-eccube3/m13-09_admin_event_event_csv_export.md	69	利用者視点の入口	雛形ファイルダウンロード	`GET /%eccube_admin_route%/entry/entry_csv_template`	一括登録用CSVのヘッダのみのひな型をダウンロードする（取込用、本書では区別のみ扱う）。	/entry/entry_csv_template		
EV-91dc5d4d	M13-09	functions/pf-eccube3/m13-09_admin_event_event_csv_export.md	182	画面遷移	CSVダウンロード	画面遷移せずCSVを出力する				
EV-d8473526	M13-09	functions/pf-eccube3/m13-09_admin_event_event_csv_export.md	183	画面遷移	雛形ダウンロード	画面遷移せず雛形CSVを出力する				
EV-122965ff	M13-10	functions/pf-eccube3/m13-10_admin_event_event_entry_edit.md	78	利用者視点の入口	申込一覧から編集	`GET /%eccube_admin_route%/entry/{eventEntryId}/edit`	指定した申込の詳細を表示し、編集フォームを描く。申込が無ければ404。	/entry/{eventEntryId}/edit		
EV-70dacdbb	M13-10	functions/pf-eccube3/m13-10_admin_event_event_entry_edit.md	79	利用者視点の入口	申込更新の送信	`GET/POST /%eccube_admin_route%/entry/{eventEntryId}/update`	検証後に申込を更新し、成功なら同じ申込の編集画面へ戻す。	/POST;/entry/{eventEntryId}/update		
EV-dfde455d	M13-10	functions/pf-eccube3/m13-10_admin_event_event_entry_edit.md	80	利用者視点の入口	プレイヤー検索（モーダル）	`POST /%eccube_admin_route%/entry/search/player/html`	参加プレイヤーを検索し、モーダル内に候補一覧を返す（XHR専用）。	/entry/search/player/html		
EV-23c6bf91	M13-10	functions/pf-eccube3/m13-10_admin_event_event_entry_edit.md	81	利用者視点の入口	プレイヤー検索ページ送り	`GET /%eccube_admin_route%/entry/search/player/html/{page_no}`	検索結果のページを切り替える（XHR専用）。	/entry/search/player/html/{page_no}		
EV-0f3b10d7	M13-10	functions/pf-eccube3/m13-10_admin_event_event_entry_edit.md	254	画面遷移	編集表示	申込詳細・編集画面				
EV-ba1b92bd	M13-10	functions/pf-eccube3/m13-10_admin_event_event_entry_edit.md	255	画面遷移	更新成功	同じ申込の編集画面（`…/entry/{eventEntryId}/edit`相当）		/entry/{eventEntryId}/edit		
EV-2b64c5e2	M13-10	functions/pf-eccube3/m13-10_admin_event_event_entry_edit.md	256	画面遷移	未送信・申込不在	編集画面へリダイレクト、または404				
EV-7fe30628	M13-10	functions/pf-eccube3/m13-10_admin_event_event_entry_edit.md	257	画面遷移	検証NG	編集画面を再描画				
EV-76ab94e2	M13-10	functions/pf-eccube3/m13-10_admin_event_event_entry_edit.md	258	画面遷移	戻るボタン	申込一覧へ				
EV-460c2ae5	M13-10	functions/pf-eccube3/m13-10_admin_event_event_entry_edit.md	259	画面遷移	同日程の新規申込へ	同じイベント詳細の新規申込画面（M13-12）				M13-12
EV-07749de2	M13-11	functions/pf-eccube3/m13-11_admin_event_event_entry_search.md	58	利用者視点の入口	申込登録のイベント検索（キーワード・日付）	`POST /{admin_route}/entry/search/event/html`（非同期）	入力条件で検索したイベント一覧をモーダル内に表示する。	/{admin_route}/entry/search/event/html		
EV-25023a23	M13-11	functions/pf-eccube3/m13-11_admin_event_event_entry_search.md	59	利用者視点の入口	検索結果のページ送り	`GET /{admin_route}/entry/search/event/html/{page_no}`（非同期）	指定ページの検索結果を表示する。	/{admin_route}/entry/search/event/html/{page_no}		
EV-0396ffa7	M13-11	functions/pf-eccube3/m13-11_admin_event_event_entry_search.md	60	利用者視点の入口	イベントIDによる直接検索	`POST /{admin_route}/entry/search/event/id`（非同期）	指定IDのイベントを取得する。	/{admin_route}/entry/search/event/id		
EV-890b4811	M13-11	functions/pf-eccube3/m13-11_admin_event_event_entry_search.md	185	画面遷移	イベント検索・ページ送り	画面遷移せず非同期で結果を反映する（モーダル）				
EV-b9a0634c	M13-12	functions/pf-eccube3/m13-12_admin_event_event_entry_register.md	78	利用者視点の入口	登録先選択画面	`GET /%eccube_admin_route%/entry/select`	新規申込の対象イベント日程を選ぶ画面を表示する。	/entry/select		
EV-a4957920	M13-12	functions/pf-eccube3/m13-12_admin_event_event_entry_register.md	79	利用者視点の入口	新規申込の入力表示	`GET /%eccube_admin_route%/entry/{eventDetailId}/new`	指定したイベント日程に対する新規申込フォームを表示する。日程が無ければ404。	/entry/{eventDetailId}/new		
EV-ba89fe02	M13-12	functions/pf-eccube3/m13-12_admin_event_event_entry_register.md	80	利用者視点の入口	新規申込の登録送信	`POST /%eccube_admin_route%/entry/{eventDetailId}/create`	検証後に申込を新規登録し、成功なら登録した申込の編集画面へ遷移する。	/entry/{eventDetailId}/create		
EV-24f6b80f	M13-12	functions/pf-eccube3/m13-12_admin_event_event_entry_register.md	81	利用者視点の入口	プレイヤー検索（モーダル）	`POST /%eccube_admin_route%/entry/search/player/html`	参加プレイヤーを検索し、モーダル内に候補一覧を返す（XHR専用）。	/entry/search/player/html		
EV-29333f6e	M13-12	functions/pf-eccube3/m13-12_admin_event_event_entry_register.md	261	画面遷移	登録先選択	登録先選択画面				
EV-51dd7697	M13-12	functions/pf-eccube3/m13-12_admin_event_event_entry_register.md	262	画面遷移	新規入力表示	新規申込入力画面				
EV-c91df51f	M13-12	functions/pf-eccube3/m13-12_admin_event_event_entry_register.md	263	画面遷移	登録成功	登録した申込の編集画面（M13-10相当）				
EV-bbd58ea3	M13-12	functions/pf-eccube3/m13-12_admin_event_event_entry_register.md	264	画面遷移	未送信・検証NG	新規申込画面へリダイレクト				
EV-dcebd70e	M13-12	functions/pf-eccube3/m13-12_admin_event_event_entry_register.md	265	画面遷移	日程不在	404				
EV-7e7c549b	M13-12	functions/pf-eccube3/m13-12_admin_event_event_entry_register.md	266	画面遷移	戻るボタン	登録先選択画面				
EV-9ab82861	M13-13	functions/pf-eccube3/m13-13_admin_event_event_entry_csv_import.md	65	利用者視点の入口	一括登録のアップロード画面	`GET /%eccube_admin_route%/entry/bulkentry`	CSVファイル選択フォームとフォーマット説明・雛形ダウンロード導線を表示する。	/entry/bulkentry		
EV-c816cfb8	M13-13	functions/pf-eccube3/m13-13_admin_event_event_entry_csv_import.md	66	利用者視点の入口	CSVのアップロード送信	`POST /%eccube_admin_route%/entry/bulkentry/upload`	アップロードしたCSVを取り込み、成功なら完了表示、エラーなら同画面にエラー一覧を表示する。	/entry/bulkentry/upload		
EV-ff6e3eae	M13-13	functions/pf-eccube3/m13-13_admin_event_event_entry_csv_import.md	67	利用者視点の入口	雛形ファイルダウンロード	`GET /%eccube_admin_route%/entry/entry_csv_template`	取込用CSVのヘッダのみのひな型をダウンロードする。	/entry/entry_csv_template		
EV-7e66164d	M13-13	functions/pf-eccube3/m13-13_admin_event_event_entry_csv_import.md	269	画面遷移	アップロード画面表示	一括登録アップロード画面				
EV-a0f67ed3	M13-13	functions/pf-eccube3/m13-13_admin_event_event_entry_csv_import.md	270	画面遷移	取込成功	アップロード画面へリダイレクト（完了表示）				
EV-b78c78d0	M13-13	functions/pf-eccube3/m13-13_admin_event_event_entry_csv_import.md	271	画面遷移	取込エラー・前提検証エラー・フォーム検証エラー・行数超過	アップロード画面を再描画（エラー表示）				
EV-07687f78	M13-13	functions/pf-eccube3/m13-13_admin_event_event_entry_csv_import.md	272	画面遷移	雛形ダウンロード	画面遷移せず雛形CSVを出力				
EV-a0e52269	M13-14	functions/pf-eccube3/m13-14_admin_event_event_banner.md	59	利用者視点の入口	ナビ「バナー設定（イベント）」	`GET /{admin_route}/banner/event`	イベントバナーの一覧と設定フォームを表示する。	/{admin_route}/banner/event		
EV-cddaf831	M13-14	functions/pf-eccube3/m13-14_admin_event_event_banner.md	60	利用者視点の入口	店舗で絞り込み	`GET /{admin_route}/banner/event/{html_class}`	指定店舗に絞り込んだバナーを表示する。	/{admin_route}/banner/event/{html_class}		
EV-69bd9dac	M13-14	functions/pf-eccube3/m13-14_admin_event_event_banner.md	61	利用者視点の入口	「バナー設定」ボタン	`POST /{admin_route}/banner/event` または `POST /{admin_route}/banner/event/{html_class}`	送信内容でイベントバナーを設定・更新する。	/{admin_route}/banner/event;/{admin_route}/banner/event/{html_class}		
EV-31ff5614	M13-14	functions/pf-eccube3/m13-14_admin_event_event_banner.md	62	利用者視点の入口	バナーの「削除」	`DELETE /{admin_route}/banner/event/delete`	指定したバナーを削除する。	/{admin_route}/banner/event/delete		
EV-7d8d1d5f	M13-14	functions/pf-eccube3/m13-14_admin_event_event_banner.md	177	画面遷移	ナビ「バナー設定（イベント）」	設定画面（`admin_banner`）			admin_banner	
EV-fc0224d9	M13-14	functions/pf-eccube3/m13-14_admin_event_event_banner.md	178	画面遷移	店舗で絞り込み	設定画面（`admin_banner_narrow`）			admin_banner_narrow	
EV-6c86e052	M13-14	functions/pf-eccube3/m13-14_admin_event_event_banner.md	179	画面遷移	設定・更新後	設定画面へ戻る				
EV-a9cc8259	M13-14	functions/pf-eccube3/m13-14_admin_event_event_banner.md	180	画面遷移	削除後	設定画面へ戻る				
EV-04e8ed86	M13-15	functions/pf-eccube3/m13-15_admin_event_event_image_setting.md	63	利用者視点の入口	イベントバナー管理（全店舗）	`GET /%eccube_admin_route%/banner/event`	バナー設定とアップロード枠・保管済み画像一覧を表示する。	/banner/event		
EV-39d31d40	M13-15	functions/pf-eccube3/m13-15_admin_event_event_image_setting.md	64	利用者視点の入口	イベントバナー管理（店舗絞り込み）	`GET /%eccube_admin_route%/banner/event/{html_class}`	指定店舗のディレクトリ配下の画像一覧を表示する。	/banner/event/{html_class}		
EV-9720d6f1	M13-15	functions/pf-eccube3/m13-15_admin_event_event_image_setting.md	65	利用者視点の入口	画像アップロード・バナー設定の送信	`POST /%eccube_admin_route%/banner/event`	画像ファイル送信時はアップロード、そうでなければバナー設定を保存する。	/banner/event		
EV-3612b7e7	M13-15	functions/pf-eccube3/m13-15_admin_event_event_image_setting.md	66	利用者視点の入口	画像アップロード・バナー設定の送信（店舗絞り込み）	`POST /%eccube_admin_route%/banner/event/{html_class}`	上と同様で、店舗絞り込み状態を保つ。	/banner/event/{html_class}		
EV-32df201d	M13-15	functions/pf-eccube3/m13-15_admin_event_event_image_setting.md	67	利用者視点の入口	画像削除	`DELETE /%eccube_admin_route%/banner/event/delete`	指定した保管済み画像を削除する。	/banner/event/delete		
EV-766f6249	M13-15	functions/pf-eccube3/m13-15_admin_event_event_image_setting.md	68	利用者視点の入口	画像削除（店舗絞り込み）	`DELETE /%eccube_admin_route%/banner/event/delete/{html_class}`	指定店舗の絞り込みを保ったまま削除する。	/banner/event/delete/{html_class}		
EV-e756d349	M13-15	functions/pf-eccube3/m13-15_admin_event_event_image_setting.md	238	画面遷移	管理画面表示	イベントバナー管理画面				
EV-559b9892	M13-15	functions/pf-eccube3/m13-15_admin_event_event_image_setting.md	239	画面遷移	アップロード成功	アップロード枠アンカー付きで同画面へリダイレクト				
EV-184aaa2e	M13-15	functions/pf-eccube3/m13-15_admin_event_event_image_setting.md	240	画面遷移	アップロード失敗	同画面を再描画（エラー表示）				
EV-e391e7dd	M13-15	functions/pf-eccube3/m13-15_admin_event_event_image_setting.md	241	画面遷移	削除実行	一覧（全店舗または店舗絞り込み）へアンカー付きリダイレクト				
EV-2e885656	M13-15	functions/pf-eccube3/m13-15_admin_event_event_image_setting.md	242	画面遷移	店舗絞り込み選択	当該店舗の一覧へ				
EV-ab53f24f	M14-01	functions/pf-eccube3/m14-01_admin_card_card_search.md	34	利用者視点の入口	ナビからカード一覧を開く	`GET /{admin_route}/card`	検索フォームのみ表示。結果エリアは件数ゼロ相当。セッション上のカード検索状態はクリアされる。	/{admin_route}/card		
EV-6da32d68	M14-01	functions/pf-eccube3/m14-01_admin_card_card_search.md	35	利用者視点の入口	条件を入力して「検索」送信	`POST /{admin_route}/card/search/1`（フォームの action は常に `page_no=1`）	条件がセッションに保存され、同一条件でクエリが組み立てられ、1 ページ目の一覧が返る。	/{admin_route}/card/search/1		
EV-7fe5b98b	M14-01	functions/pf-eccube3/m14-01_admin_card_card_search.md	36	利用者視点の入口	ソート項目と昇順・降順を選ぶ	`GET /{admin_route}/card/search/1?sort=…&order=…`	ソート条件がセッションに保存され、1 ページ目から該当順で一覧表示される。	/{admin_route}/card/search/1		
EV-c349af9d	M14-01	functions/pf-eccube3/m14-01_admin_card_card_search.md	37	利用者視点の入口	ページリンクから N ページ目へ	`GET /{admin_route}/card/search/{page_no}`	直前の検索条件とソートをセッションから復元し、N ページ目を表示する。	/{admin_route}/card/search/{page_no}		
EV-aba020ac	M14-01	functions/pf-eccube3/m14-01_admin_card_card_search.md	38	利用者視点の入口	表示件数を変える	`GET /{admin_route}/card/search/1?page_count=…`	マスタ `mtb_page_max` に存在する件数ならセッションに保存し、その件数でページ分割される。	/{admin_route}/card/search/1		
EV-3113227d	M14-01	functions/pf-eccube3/m14-01_admin_card_card_search.md	39	利用者視点の入口	一覧のカード名リンク	`GET /{admin_route}/card/{id}`	カード詳細（編集）画面へ遷移する。	/{admin_route}/card/{id}		
EV-0f5d839f	M14-01	functions/pf-eccube3/m14-01_admin_card_card_search.md	221	画面遷移	ナビから「カード」一覧を開く	同一機能の初期状態（`admin_card_list`）。			admin_card_list	
EV-d0fe30b6	M14-01	functions/pf-eccube3/m14-01_admin_card_card_search.md	222	画面遷移	検索・ページ送り・ソート取得成功	同一テンプレートの再描画（`m14-01_admin_card_card_search`）。				
EV-76961cf1	M14-01	functions/pf-eccube3/m14-01_admin_card_card_search.md	223	画面遷移	ソートパラメータ不正	エラー表示のうえ初期一覧（`admin_card_list`）。			admin_card_list	
EV-d706875b	M14-01	functions/pf-eccube3/m14-01_admin_card_card_search.md	224	画面遷移	行のカード名または ID	カード編集（`admin_card_edit`）。			admin_card_edit	
EV-042bc3c8	M14-01	functions/pf-eccube3/m14-01_admin_card_card_search.md	230	遷移時に引き継ぐ状態	一覧からカード編集へ	直前の検索・ページ情報がセッションに残る	詳細画面は別テンプレート。戻る操作の有無はブラウザ依存。			
EV-4f9c0b99	M14-01	functions/pf-eccube3/m14-01_admin_card_card_search.md	231	遷移時に引き継ぐ状態	編集や削除から戻る	個別実装が `referer` や `admin.card.search.page_no` を使う場合がある	セッションにページ番号等があれば検索 URL へ戻る経路が存在する。			
EV-279c11c2	M14-02	functions/pf-eccube3/m14-02_admin_card_card_csv_export.md	35	利用者視点の入口	検索結果が 1 件以上あり、一覧でカードをチェックして「CSV出力」を押す	`POST /{admin_route}/card/csvexport`	選択したカード ID がフォームデータとして送られ、該当データの CSV がブラウザにダウンロードされる。	/{admin_route}/card/csvexport		
EV-4c441739	M14-02	functions/pf-eccube3/m14-02_admin_card_card_csv_export.md	36	利用者視点の入口	検索結果エリアが無い・件数ゼロ	（ボタン自体が描画されない）	CSV 出力ボタンは検索結果ボックス内にのみ配置されるため、この入口からは実行できない。			
EV-fde6b6aa	M14-02	functions/pf-eccube3/m14-02_admin_card_card_csv_export.md	219	画面遷移	出力成功	ブラウザがファイルをダウンロードする。一覧ページへ自動で戻す処理はレスポンス本体には含めない。				
EV-81bc363f	M14-02	functions/pf-eccube3/m14-02_admin_card_card_csv_export.md	220	画面遷移	ID 未取得などでサービスがリダイレクトを返した場合	`m14-01_admin_card_card_search`（ページ番号はセッションがあればそれを使用）。				
EV-768e9f1f	M14-02	functions/pf-eccube3/m14-02_admin_card_card_csv_export.md	221	画面遷移	コントローラが Referer へリダイレクトする場合	直前の管理画面 URL（ヘッダが欠けると不整合がありうる）。				
EV-42768903	M14-03	functions/pf-eccube3/m14-03_admin_card_card_bulk_delete.md	36	利用者視点の入口	検索結果が 1 件以上あり、一覧でカードにチェックを入れ、「一括削除」を押して確認で OK	`POST /{admin_route}/card/delete`	選択 ID 分の削除が順に試みられ、すべて通れば成功メッセージが付いたうえで検索一覧（またはカード一覧）へ戻る。	/{admin_route}/card/delete		
EV-17f6fdec	M14-03	functions/pf-eccube3/m14-03_admin_card_card_bulk_delete.md	37	利用者視点の入口	検索結果エリアが無い・件数ゼロ	（一括削除ボタンは描画されない）	一覧のチェックボックスと一括削除ボタンが無いため、この入口からは実行できない。			
EV-6e95b57f	M14-03	functions/pf-eccube3/m14-03_admin_card_card_bulk_delete.md	38	利用者視点の入口	検索結果はあるがチェックを付けずに「一括削除」を押す	`POST /{admin_route}/card/delete`	フラッシュ無しで一覧へリダイレクトする（ページ番号は後述のセッションキーがあればそのページ）。	/{admin_route}/card/delete		
EV-d629bfb5	M14-03	functions/pf-eccube3/m14-03_admin_card_card_bulk_delete.md	199	画面遷移	`cardIds` 未送信	`m14-01_admin_card_card_search`（`admin.card.search.page_no` あり）または `admin_card_list`（なし）。			admin_card_list	
EV-13cb7227	M14-03	functions/pf-eccube3/m14-03_admin_card_card_bulk_delete.md	200	画面遷移	削除ブロック	`Referer` ヘッダの URL（無い場合のフォールバックはフレームワーク任せ）。				
EV-392f5cd1	M14-03	functions/pf-eccube3/m14-03_admin_card_card_bulk_delete.md	201	画面遷移	全件削除成功	同上「未送信」と同じくページ番号付き検索または一覧トップ。				
EV-0b03e2cc	M14-03	functions/pf-eccube3/m14-03_admin_card_card_bulk_delete.md	207	遷移時に引き継ぐ状態	成功／未選択リダイレクト	検索条件は当機能では変更しない（セッションの検索状態は別機能の一覧が解釈する）。	フラッシュに成功または何も無し。ページ番号はセッション `admin.card.search.page_no` があれば URL に載る。			
EV-276aed35	M14-04	functions/pf-eccube3/m14-04_admin_card_card_register_update_delete.md	36	利用者視点の入口	一覧ヘッダの「新規」等から新規画面へ	`GET /{admin_route}/card/new`	空のフォームが出る。保存ボタン文言は共通メッセージの「登録」側。削除ボタンは無い。	/{admin_route}/card/new		
EV-4e136b24	M14-04	functions/pf-eccube3/m14-04_admin_card_card_register_update_delete.md	37	利用者視点の入口	一覧のカード名リンクから詳細へ	`GET /{admin_route}/card/{id}`	既存データが埋まったフォームが出る。保存は「更新」。サイドバーに削除リンクがある。	/{admin_route}/card/{id}		
EV-a260e0eb	M14-04	functions/pf-eccube3/m14-04_admin_card_card_register_update_delete.md	38	利用者視点の入口	新規で入力し保存	`POST /{admin_route}/card`	検証を通れば永続化し、登録完了フラッシュが付いたうえで `GET /{admin_route}/card/{新ID}` へリダイレクトする。	/{admin_route}/card;/{admin_route}/card/{		
EV-0947a7b1	M14-04	functions/pf-eccube3/m14-04_admin_card_card_register_update_delete.md	39	利用者視点の入口	編集で入力し保存	`POST /{admin_route}/card/{id}`	検証を通れば更新し、同じく完了フラッシュのうえで同 URL（編集画面）へリダイレクトする。	/{admin_route}/card/{id}		
EV-d23274d1	M14-04	functions/pf-eccube3/m14-04_admin_card_card_register_update_delete.md	40	利用者視点の入口	詳細サイドバーで削除を確定（確認ダイアログ後）	`DELETE /{admin_route}/card/{id}`	削除ブロックでなければ関連解除・子の再帰削除のうえ成功フラッシュ。ブロックならエラーフラッシュで参照元へ戻る。	/{admin_route}/card/{id}		
EV-9df6c26c	M14-04	functions/pf-eccube3/m14-04_admin_card_card_register_update_delete.md	41	利用者視点の入口	サイドバー「戻る」	`GET /{admin_route}/card/search/{page_no}`（`page_no` はセッションの `admin.card.search.page_no`、無ければ 1）	検索一覧へ戻る。	/{admin_route}/card/search/{page_no}		
EV-c657c4f5	M14-04	functions/pf-eccube3/m14-04_admin_card_card_register_update_delete.md	276	画面遷移	新規保存成功	`GET /{admin_route}/card/{id}`（新採番 ID）。		/{admin_route}/card/{id}		
EV-cff68d8c	M14-04	functions/pf-eccube3/m14-04_admin_card_card_register_update_delete.md	277	画面遷移	更新成功	同じ `GET /{admin_route}/card/{id}`。		/{admin_route}/card/{id}		
EV-37142b12	M14-04	functions/pf-eccube3/m14-04_admin_card_card_register_update_delete.md	278	画面遷移	検証エラー	同一 POST 経路の再描画（テンプレートは共通）。				
EV-4720c0c9	M14-04	functions/pf-eccube3/m14-04_admin_card_card_register_update_delete.md	279	画面遷移	戻るボタン	`GET /{admin_route}/card/search/{page_no}`（セッション既定 1）。		/{admin_route}/card/search/{page_no}		
EV-0ca26656	M14-04	functions/pf-eccube3/m14-04_admin_card_card_register_update_delete.md	280	画面遷移	単体削除成功	`GET /{admin_route}/card/search/{page_no}` または `GET /{admin_route}/card`（ページ番号セッションの有無）。		/{admin_route}/card/search/{page_no};/{admin_route}/card		
EV-0dc96de7	M14-04	functions/pf-eccube3/m14-04_admin_card_card_register_update_delete.md	281	画面遷移	GET 編集で ID 欠損	HTTP 404。				
EV-484fdf8b	M14-04	functions/pf-eccube3/m14-04_admin_card_card_register_update_delete.md	282	画面遷移	POST 更新で ID 不一致データ欠損	HTTP 403。				
EV-9bf9162b	M14-04	functions/pf-eccube3/m14-04_admin_card_card_register_update_delete.md	288	遷移時に引き継ぐ状態	保存成功	フラッシュに登録完了を積む	編集画面で同カードの最新内容。新規の場合は ID が確定する。			
EV-3f44ebfd	M14-04	functions/pf-eccube3/m14-04_admin_card_card_register_update_delete.md	289	遷移時に引き継ぐ状態	単体削除成功	フラッシュに削除完了を積む	検索一覧または一覧初期。			
EV-c2898c98	M14-05	functions/pf-eccube3/m14-05_admin_card_card_csv_import.md	36	利用者視点の入口	カード一覧上部の「CSV,TSV取り込み」リンク	`GET /{admin_route}/card/csvimport`	ファイル選択とフォーマット説明表が表示される。	/{admin_route}/card/csvimport		
EV-1bd6d3df	M14-05	functions/pf-eccube3/m14-05_admin_card_card_csv_import.md	37	利用者視点の入口	フォーマット説明を読み、ファイルを選んで「CSV, TSVファイルのアップロード」押下	`POST /{admin_route}/card/csvimport`	検証と取込が走り、結果メッセージとともに同一機能の GET へ戻る。	/{admin_route}/card/csvimport		
EV-1165a8df	M14-05	functions/pf-eccube3/m14-05_admin_card_card_csv_import.md	265	画面遷移	GET で画面を開く	`admin_card_csv` の同一テンプレート。			admin_card_csv	
EV-946c9e10	M14-05	functions/pf-eccube3/m14-05_admin_card_card_csv_import.md	266	画面遷移	POST が成功	フラッシュ成功を伴い `admin_card_csv` へ HTTP リダイレクト。			admin_card_csv	
EV-09742266	M14-05	functions/pf-eccube3/m14-05_admin_card_card_csv_import.md	267	画面遷移	POST が失敗（例外・フォームエラー扱い）	フラッシュエラーを伴い `admin_card_csv` へ HTTP リダイレクト。			admin_card_csv	
EV-48295aee	M14-05	functions/pf-eccube3/m14-05_admin_card_card_csv_import.md	268	画面遷移	CSRF 不正	共有ヘルプでは HTTP 403 が投げられ得る。				
EV-8b0effe7	M14-05	functions/pf-eccube3/m14-05_admin_card_card_csv_import.md	274	遷移時に引き継ぐ状態	取込 POST 完了	一時ファイル削除、ORM トランザクション終了	空フォームとフォーマット表のみの GET。フラッシュに成功または失敗。			
EV-2a9a6839	M14-06	functions/pf-eccube3/m14-06_admin_card_cardset_list.md	32	利用者視点の入口	サイドメニュー「カードセット管理」	`GET /{admin_route}/cardset`	直前のページ番号・表示件数・並び順をセッションから読み直すが、クエリ `resume` が `1` でない場合は当該 3 種のセッションキーを削除してから初期化する。既定の並びはリリース日の新しい順。一覧を描画する。	/{admin_route}/cardset		
EV-224eb9a0	M14-06	functions/pf-eccube3/m14-06_admin_card_cardset_list.md	33	利用者視点の入口	同じ入口で検索中断からの再開を想定したアクセス	`GET /{admin_route}/cardset?resume=1`	ページ番号・表示件数・並び順のセッションを消さず、保持値で一覧を組み立てる。	/{admin_route}/cardset		
EV-23e1f2cf	M14-06	functions/pf-eccube3/m14-06_admin_card_cardset_list.md	34	利用者視点の入口	ページャのリンク	`GET /{admin_route}/cardset/{page_no}`（必要に応じ `pageCount`・`sortSelect` をクエリに付与）	セッションとクエリから表示件数・並び順を決め、該当ページの行を表示する。	/{admin_route}/cardset/{page_no}		
EV-73345ae7	M14-06	functions/pf-eccube3/m14-06_admin_card_cardset_list.md	35	利用者視点の入口	表示件数ドロップダウンで別件数を選ぶ	`GET /{admin_route}/cardset/1?…&pageCount=…&sortSelect=…`	クエリの `pageCount` が `mtb_page_max.name` のいずれかと一致する場合のみセッションと実表示に反映する。ページは 1 にリセットするリンクとなる。	/{admin_route}/cardset/1		
EV-9528408b	M14-06	functions/pf-eccube3/m14-06_admin_card_cardset_list.md	36	利用者視点の入口	並び順ドロップダウンで別順を選ぶ	`GET /{admin_route}/cardset/1?…&pageCount=…&sortSelect=…`	クエリの `sortSelect` が定義済み 4 文言のいずれかと完全一致する場合のみセッションと一覧順に反映する。	/{admin_route}/cardset/1		
EV-39a2663b	M14-06	functions/pf-eccube3/m14-06_admin_card_cardset_list.md	37	利用者視点の入口	表の「編集」	`GET /{admin_route}/cardset/{id}/edit`	カードセット編集画面へ遷移する。	/{admin_route}/cardset/{id}/edit		
EV-80477bee	M14-06	functions/pf-eccube3/m14-06_admin_card_cardset_list.md	38	利用者視点の入口	表メニューの「削除」	`DELETE /{admin_route}/cardset/{id}/delete`	別処理。成功時は一覧のページへ戻る。	/{admin_route}/cardset/{id}/delete		
EV-d4a16624	M14-06	functions/pf-eccube3/m14-06_admin_card_cardset_list.md	39	利用者視点の入口	「新規登録」	`GET /{admin_route}/cardset/new`	新規登録フォームへ遷移する。	/{admin_route}/cardset/new		
EV-185fad90	M14-06	functions/pf-eccube3/m14-06_admin_card_cardset_list.md	40	利用者視点の入口	「ブロックの追加」	`GET /{admin_route}/…`（マスタデータ閲覧ルート `admin_hareruya_masterdata_view`、エンティティ指定でカードセットブロック）	ブロックマスタの管理画面へ遷移する。	/{admin_route}	admin_hareruya_masterdata_view	
EV-96b33b3e	M14-06	functions/pf-eccube3/m14-06_admin_card_cardset_list.md	41	利用者視点の入口	「画像ダウンロード（セット別）」	`POST /{admin_route}/cardset/download`	チェックされたセット ID の一覧を送り、別処理が ZIP 応答またはエラー後リダイレクトを返す。	/{admin_route}/cardset/download		
EV-5dbf39c3	M14-06	functions/pf-eccube3/m14-06_admin_card_cardset_list.md	42	利用者視点の入口	「画像ダウンロード（言語別）」	`POST /{admin_route}/cardset/download_lang`	同上（言語別の取りまとめ）。	/{admin_route}/cardset/download_lang		
EV-c4d3a6e1	M14-06	functions/pf-eccube3/m14-06_admin_card_cardset_list.md	170	画面遷移	「新規登録」	`admin_cardset_new`			admin_cardset_new	
EV-41d0f2ec	M14-06	functions/pf-eccube3/m14-06_admin_card_cardset_list.md	171	画面遷移	行メニュー「編集」	`admin_cardset_edit`			admin_cardset_edit	
EV-4018fe50	M14-06	functions/pf-eccube3/m14-06_admin_card_cardset_list.md	172	画面遷移	行メニュー「削除」完了後	`admin_cardset_page` のセッション保持ページ番号			admin_cardset_page	
EV-a58794ba	M14-06	functions/pf-eccube3/m14-06_admin_card_cardset_list.md	173	画面遷移	「ブロックの追加」	`admin_hareruya_masterdata_view`（エンティティキーでカードセットブロック）			admin_hareruya_masterdata_view	
EV-fe2c3d60	M14-06	functions/pf-eccube3/m14-06_admin_card_cardset_list.md	174	画面遷移	画像ダウンロード失敗など（実装側の分岐）	`admin_cardset_page` のセッション保持ページ番号へリダイレクトしフラッシュ表示			admin_cardset_page	
EV-92438ab1	M14-06	functions/pf-eccube3/m14-06_admin_card_cardset_list.md	180	遷移時に引き継ぐ状態	一覧表示のたび	`eccube.admin.cardset.*` を最新のページ・件数・並びで上書き	後続の一覧 GET で再利用される			
EV-0a6d13d8	M14-06	functions/pf-eccube3/m14-06_admin_card_cardset_list.md	181	遷移時に引き継ぐ状態	`GET /cardset` で resume なし	上記 3 キーをクリアしてから初期値で再構築	既定件数・既定並び・ページ 1 相当の挙動に戻る	/cardset		
EV-cfa4fe83	M14-07	functions/pf-eccube3/m14-07_admin_card_cardset_image_download.md	35	利用者視点の入口	カードセット一覧で 1 件以上チェックし、「画像ダウンロード(セット別)」を押す	`POST /{admin_route}/cardset/download`	選んだセットごとに収録カード画像を集め、`card_image.zip` がダウンロードされる。	/{admin_route}/cardset/download		
EV-45f8ae22	M14-07	functions/pf-eccube3/m14-07_admin_card_cardset_image_download.md	36	利用者視点の入口	カードセット一覧で 1 件以上チェックし、「画像ダウンロード(言語別)」を押す	`POST /{admin_route}/cardset/download_lang`	選んだセットに含まれる画像を言語フォルダ別に集め、`card_image.zip` がダウンロードされる。	/{admin_route}/cardset/download_lang		
EV-2e2f6aa7	M14-07	functions/pf-eccube3/m14-07_admin_card_cardset_image_download.md	37	利用者視点の入口	いずれかのダウンロードボタンを、チェック無しで押す	同左（実際に送信されるルートは押したボタンの `formaction`）	確認ダイアログでプロモカード一覧相当のダウンロードへ進むか尋ねる。進む場合はカードセット ID として 0 を含む扱いで POST が進む想定だが、実装値として確認ダイアログ確定後の戻り値に誤記があり得る（フロント挙動を参照）。			
EV-439ab9d2	M14-07	functions/pf-eccube3/m14-07_admin_card_cardset_image_download.md	210	画面遷移	ZIP 生成に成功	ブラウザがファイルを保存（同一タブでダウンロード応答）。一覧 HTML を再描画しない。				
EV-c8c35de2	M14-07	functions/pf-eccube3/m14-07_admin_card_cardset_image_download.md	211	画面遷移	エラー系フラッシュを積んだ	`admin_cardset_page` の該当ページ（セッションの `eccube.admin.cardset.page_no`、既定 1）。			admin_cardset_page	
EV-edccd1c5	M14-07	functions/pf-eccube3/m14-07_admin_card_cardset_image_download.md	217	遷移時に引き継ぐ状態	エラーで一覧へ戻る	フラッシュにエラーメッセージを積む	一覧を再表示し、フラッシュを読める。			
EV-3f258852	M14-08	functions/pf-eccube3/m14-08_admin_card_cardset_register_update_delete.md	30	利用者視点の入口	一覧見出し「新規登録」	`GET /{admin_route}/cardset/new`	ID を持たない入力フォームが表示される。送信ボタンは「登録」。削除導線は無い。	/{admin_route}/cardset/new		
EV-320a2adf	M14-08	functions/pf-eccube3/m14-08_admin_card_cardset_register_update_delete.md	31	利用者視点の入口	一覧表メニュー「編集」	`GET /{admin_route}/cardset/{id}/edit`	既存値が埋まったフォームが表示される。送信ボタンは「更新」。収録カードリストと削除導線がある。	/{admin_route}/cardset/{id}/edit		
EV-5563b1ca	M14-08	functions/pf-eccube3/m14-08_admin_card_cardset_register_update_delete.md	32	利用者視点の入口	新規で入力し「登録」を押す	`POST /{admin_route}/cardset/edit`	検証を通れば INSERT し、登録完了フラッシュ付きで `GET /{admin_route}/cardset/{新ID}/edit` にリダイレクトする。	/{admin_route}/cardset/edit;/{admin_route}/cardset/{;/edit		
EV-2a0a0675	M14-08	functions/pf-eccube3/m14-08_admin_card_cardset_register_update_delete.md	33	利用者視点の入口	編集で入力し「更新」を押す	`POST /{admin_route}/cardset/edit`	検証を通れば UPDATE し、同様に完了フラッシュ付きで `GET /{admin_route}/cardset/{id}/edit` にリダイレクトする。	/{admin_route}/cardset/edit;/{admin_route}/cardset/{id}/edit		
EV-a4039c21	M14-08	functions/pf-eccube3/m14-08_admin_card_cardset_register_update_delete.md	34	利用者視点の入口	編集画面の「削除」（確認後）	`DELETE /{admin_route}/cardset/{id}/delete`	収録カードが無ければ削除し、成功フラッシュで一覧ページへ。あればエラーフラッシュで直前の参照元へ。	/{admin_route}/cardset/{id}/delete		
EV-5cbbb264	M14-08	functions/pf-eccube3/m14-08_admin_card_cardset_register_update_delete.md	35	利用者視点の入口	一覧表メニュー「削除」（確認後）	`DELETE /{admin_route}/cardset/{id}/delete`	同上。	/{admin_route}/cardset/{id}/delete		
EV-15a28a99	M14-08	functions/pf-eccube3/m14-08_admin_card_cardset_register_update_delete.md	36	利用者視点の入口	フッタ「検索画面に戻る」	`GET /{admin_route}/cardset/{page_no}?resume=1`（`page_no` はセッションの `eccube.admin.cardset.page_no`、無ければ既定）	一覧がセッション保持の件数・並びで再表示される（一覧側の `resume` ルールに従う）。	/{admin_route}/cardset/{page_no}		
EV-edeef608	M14-08	functions/pf-eccube3/m14-08_admin_card_cardset_register_update_delete.md	156	画面遷移	新規または編集の送信が成功	`GET /{admin_route}/cardset/{id}/edit`（登録直後は採番された ID）		/{admin_route}/cardset/{id}/edit		
EV-bca9a0f9	M14-08	functions/pf-eccube3/m14-08_admin_card_cardset_register_update_delete.md	157	画面遷移	送信の検証失敗	同一 `card_set_detail` テンプレートを再描画（URL は POST のまま視覚的に変わらない）				
EV-30c8372b	M14-08	functions/pf-eccube3/m14-08_admin_card_cardset_register_update_delete.md	158	画面遷移	削除が成功	`GET /{admin_route}/cardset/{page_no}`（`page_no` はセッション `eccube.admin.cardset.page_no` 既定 1）		/{admin_route}/cardset/{page_no}		
EV-387332de	M14-08	functions/pf-eccube3/m14-08_admin_card_cardset_register_update_delete.md	159	画面遷移	削除が不可（カード詳細が 1 件以上）	`Referer` が示す URL へ HTTP リダイレクト（通常は一覧または編集のいずれか）				
EV-ba1b95df	M14-08	functions/pf-eccube3/m14-08_admin_card_cardset_register_update_delete.md	160	画面遷移	「検索画面に戻る」	`GET /{admin_route}/cardset/{page_no}?resume=1`		/{admin_route}/cardset/{page_no}		
EV-3ce1f441	M14-09	functions/pf-eccube3/m14-09_admin_card_format_list.md	32	利用者視点の入口	ナビ「カード管理」→「フォーマット管理」	`GET /{admin_route}/format`	フォーマットが表形式で並ぶ。件数に上限を設けたページ送りはない。	/{admin_route}/format		
EV-1f78a0ad	M14-09	functions/pf-eccube3/m14-09_admin_card_format_list.md	33	利用者視点の入口	サブタイトル右の「新規登録」	`GET /{admin_route}/format/new`	登録フォーム画面へ遷移する。	/{admin_route}/format/new		
EV-483c06d7	M14-09	functions/pf-eccube3/m14-09_admin_card_format_list.md	34	利用者視点の入口	表のフォーマット名（和／英）リンク	`GET /{admin_route}/format/{formatId}/edit`	該当 ID の編集画面へ遷移する。	/{admin_route}/format/{formatId}/edit		
EV-7d098f95	M14-09	functions/pf-eccube3/m14-09_admin_card_format_list.md	35	利用者視点の入口	行末メニュー「編集」	`GET /{admin_route}/format/{formatId}/edit`	同上。	/{admin_route}/format/{formatId}/edit		
EV-b41c6251	M14-09	functions/pf-eccube3/m14-09_admin_card_format_list.md	36	利用者視点の入口	行末メニュー「削除」	`DELETE /{admin_route}/format/{formatId}/delete`	CSRF 付きアンカーとして送信され、削除処理が走る。条件により失敗し Referer に戻る。	/{admin_route}/format/{formatId}/delete		
EV-de266f6c	M14-09	functions/pf-eccube3/m14-09_admin_card_format_list.md	156	画面遷移	「新規登録」押下	`GET /{admin_route}/format/new`		/{admin_route}/format/new		
EV-2c6d5ca2	M14-09	functions/pf-eccube3/m14-09_admin_card_format_list.md	157	画面遷移	フォーマット名リンクまたは「編集」	`GET /{admin_route}/format/{formatId}/edit`		/{admin_route}/format/{formatId}/edit		
EV-538a3b59	M14-09	functions/pf-eccube3/m14-09_admin_card_format_list.md	158	画面遷移	削除が関連データにより拒否された	`Referer`（多くは一覧または編集の URL）				
EV-cf0e975b	M14-09	functions/pf-eccube3/m14-09_admin_card_format_list.md	159	画面遷移	削除が成功した	`GET /{admin_route}/format`（一覧再表示）		/{admin_route}/format		
EV-bda386d7	M14-10	functions/pf-eccube3/m14-10_admin_card_card_format_register_edit_delete.md	32	利用者視点の入口	サイドバー「カード管理」→「フォーマット管理」	GET `/{admin_route}/format`	フォーマット一覧が並び順・ID 昇順で表示される。	/{admin_route}/format		
EV-ec1a3b2f	M14-10	functions/pf-eccube3/m14-10_admin_card_card_format_register_edit_delete.md	33	利用者視点の入口	一覧右上「新規登録」	GET `/{admin_route}/format/new`	空のフォーマット登録画面が表示される。	/{admin_route}/format/new		
EV-dc9586dc	M14-10	functions/pf-eccube3/m14-10_admin_card_card_format_register_edit_delete.md	34	利用者視点の入口	一覧のフォーマット名リンクまたは「編集」	GET `/{admin_route}/format/{formatId}/edit`	既存値が載った編集画面が表示される。	/{admin_route}/format/{formatId}/edit		
EV-5d8e6030	M14-10	functions/pf-eccube3/m14-10_admin_card_card_format_register_edit_delete.md	35	利用者視点の入口	登録画面で「フォーマット登録」送信	POST `/{admin_route}/format/new`	検証成功時は保存後、当該 ID の編集画面へリダイレクトする。	/{admin_route}/format/new		
EV-4d1d233a	M14-10	functions/pf-eccube3/m14-10_admin_card_card_format_register_edit_delete.md	36	利用者視点の入口	編集画面で「フォーマット更新」送信	POST `/{admin_route}/format/{formatId}/edit`	検証成功時は保存後、同一編集画面へリダイレクトする。	/{admin_route}/format/{formatId}/edit		
EV-5cf4aa1d	M14-10	functions/pf-eccube3/m14-10_admin_card_card_format_register_edit_delete.md	37	利用者視点の入口	一覧または編集の「削除」（確認後）	DELETE `/{admin_route}/format/{formatId}/delete`	関連データが無ければ削除し一覧へ戻る。関連があればエラーメッセージを出してリファラへ戻る。	/{admin_route}/format/{formatId}/delete		
EV-3bc8bc8e	M14-10	functions/pf-eccube3/m14-10_admin_card_card_format_register_edit_delete.md	239	画面遷移	一覧で新規登録を押す	GET 新規編集画面				
EV-b5cafa67	M14-10	functions/pf-eccube3/m14-10_admin_card_card_format_register_edit_delete.md	240	画面遷移	一覧で名称または編集を押す	GET 既存編集画面				
EV-a773020f	M14-10	functions/pf-eccube3/m14-10_admin_card_card_format_register_edit_delete.md	241	画面遷移	新規／編集で送信成功	該当フォーマットの編集画面へリダイレクト				
EV-fd32d37c	M14-10	functions/pf-eccube3/m14-10_admin_card_card_format_register_edit_delete.md	242	画面遷移	送信バリデーション失敗	同一編集画面を再表示				
EV-3a434839	M14-10	functions/pf-eccube3/m14-10_admin_card_card_format_register_edit_delete.md	243	画面遷移	編集で削除成功	一覧へリダイレクト				
EV-e76a04a4	M14-10	functions/pf-eccube3/m14-10_admin_card_card_format_register_edit_delete.md	244	画面遷移	一覧または編集で削除拒否	`Referer` へリダイレクト				
EV-ece08eac	M14-10	functions/pf-eccube3/m14-10_admin_card_card_format_register_edit_delete.md	245	画面遷移	編集で戻る	一覧 GET				
EV-d471cd0f	M14-10	functions/pf-eccube3/m14-10_admin_card_card_format_register_edit_delete.md	251	遷移時に引き継ぐ状態	削除失敗	エラーフラッシュを積む	リファラの画面を再表示しフラッシュを見せる			
EV-819771e2	M15-01	functions/pf-eccube3/m15-01_admin_deck_deck_search.md	29	利用者視点の入口	ナビからデッキ一覧を開く	`GET /{admin_route}/deck`	検索フォームを表示する。結果エリアは「検索実行前」相当（件数ヘッダは出ない）。デッキ検索用セッションの一部を削除する。	/{admin_route}/deck		
EV-1f0a32dc	M15-01	functions/pf-eccube3/m15-01_admin_deck_deck_search.md	30	利用者視点の入口	条件を入力して「検索」送信	`POST /{admin_route}/deck/search/1`（フォーム action は常に `page_no=1`）	条件がセッションに保存され、1 ページ目の一覧が返る。CSRF は検索フォーム種別で無効化されている。	/{admin_route}/deck/search/1		
EV-a1f0f087	M15-01	functions/pf-eccube3/m15-01_admin_deck_deck_search.md	31	利用者視点の入口	ソート項目と昇順・降順を選ぶ	`GET /{admin_route}/deck/search/1?sort=…&order=…`	ソートがセッションに保存され、1 ページ目から該当順で一覧する。	/{admin_route}/deck/search/1		
EV-46f43e4e	M15-01	functions/pf-eccube3/m15-01_admin_deck_deck_search.md	32	利用者視点の入口	ページリンクから N ページ目へ	`GET /{admin_route}/deck/search/{page_no}`	直前の検索条件とソートをセッションから復元し、N ページ目を表示する。	/{admin_route}/deck/search/{page_no}		
EV-fa7007a9	M15-01	functions/pf-eccube3/m15-01_admin_deck_deck_search.md	33	利用者視点の入口	表示件数を変える	`GET /{admin_route}/deck/search/1?page_count=…`	`mtb_page_max` に存在する件数ならセッションに保存し、その件数でページ分割する。	/{admin_route}/deck/search/1		
EV-60122b89	M15-01	functions/pf-eccube3/m15-01_admin_deck_deck_search.md	34	利用者視点の入口	行のデッキ詳細リンク／編集	`GET /{admin_route}/deck/{id}`	デッキ編集画面へ遷移する（別機能）。	/{admin_route}/deck/{id}		
EV-4906bd48	M15-01	functions/pf-eccube3/m15-01_admin_deck_deck_search.md	250	画面遷移	行リンク／編集メニュー	デッキ編集（GET `/{admin_route}/deck/{id}`）		/{admin_route}/deck/{id}		
EV-3c8cd30b	M15-01	functions/pf-eccube3/m15-01_admin_deck_deck_search.md	251	画面遷移	サブタイトルの新規	デッキ新規（GET `/{admin_route}/deck/new`）		/{admin_route}/deck/new		
EV-287c18b9	M15-01	functions/pf-eccube3/m15-01_admin_deck_deck_search.md	252	画面遷移	サブタイトルの CSV 取込	CSV 取込画面（別ルート）				
EV-121ddc53	M15-01	functions/pf-eccube3/m15-01_admin_deck_deck_search.md	253	画面遷移	CSV 出力・旧 CSV・一括削除・一括編集実行	各 POST ルート（詳細は別範囲）				
EV-b021e1d7	M15-01	functions/pf-eccube3/m15-01_admin_deck_deck_search.md	259	遷移時に引き継ぐ状態	一覧から別画面へ（検索結果を維持して戻る場合）	セッションに検索条件・ページ番号等が残る	`m15-01_admin_deck_deck_search` の GET で復元される			
EV-c2d34faf	M15-01	functions/pf-eccube3/m15-01_admin_deck_deck_search.md	260	遷移時に引き継ぐ状態	削除完了後のリダイレクト（実装）	セッション `admin.deck.search.page_no` があればそのページへ、なければ `admin_deck_list`	ページ番号は削除結果に応じてトレイト側で減算されうる		admin_deck_list	
EV-425a536e	M15-02	functions/pf-eccube3/m15-02_admin_deck_deck_csv_export.md	30	利用者視点の入口	検索結果が 1 件以上あり、デッキにチェックを付けて「CSV出力」（標準）を押す	`POST /{admin_route}/deck/csvexport`	`deckId[]` が送信され、選択デッキ分の標準レイアウト CSV がダウンロードされる。	/{admin_route}/deck/csvexport		
EV-8e1ec68f	M15-02	functions/pf-eccube3/m15-02_admin_deck_deck_csv_export.md	31	利用者視点の入口	同一覧で「CSV出力（旧サイト）」相当のボタンを押す（翻訳キーは `admin.btn.csvexport_old`）	`POST /{admin_route}/deck/csvexport_old`	同上で旧サイトレイアウトの CSV が返る。	/{admin_route}/deck/csvexport_old		
EV-ad224ee8	M15-02	functions/pf-eccube3/m15-02_admin_deck_deck_csv_export.md	32	利用者視点の入口	一覧はあるがチェックなしでいずれかの CSV ボタンを押す	（同一 POST 先への送信は送信前のアラートで止まる）	画面上はクライアントのアラートで中断する。送信をねじ曲げて空送信したときのサーバ挙動は「処理フロー」を参照。			
EV-9061fc8f	M15-02	functions/pf-eccube3/m15-02_admin_deck_deck_csv_export.md	33	利用者視点の入口	検索結果ボックス自体が無い（件数未定義）	（ボタン描画領域に到達しない）	CSV 出力ボタンは検索結果一覧が存在するときのみ表示される。			
EV-694d2d1e	M15-02	functions/pf-eccube3/m15-02_admin_deck_deck_csv_export.md	189	画面遷移	正常に CSV が組み立てられた	CSV 応答のみ。ブラウザはダウンロード状態となり一覧 HTML の再マウントは通常行わない。				
EV-5d92604e	M15-02	functions/pf-eccube3/m15-02_admin_deck_deck_csv_export.md	190	画面遷移	ID 未取得や例外	HTTP フラッシュ後、`Referer` で示される前画面へ戻り、一覧を再読込するような通常の管理方式に従う。				
EV-1d75a539	M15-03	functions/pf-eccube3/m15-03_admin_deck_deck_bulk_delete.md	30	利用者視点の入口	検索結果が 1 件以上あり、一覧でデッキにチェックを入れ、「一括削除」を押して確認で OK	`POST /{admin_route}/deck/delete`	選択順に処理が進み、すべて通れば成功メッセージが付いたうえでデッキ検索（ページ番号がセッションにあればそのページ）またはデッキ一覧へ戻る。	/{admin_route}/deck/delete		
EV-d2aa7188	M15-03	functions/pf-eccube3/m15-03_admin_deck_deck_bulk_delete.md	31	利用者視点の入口	検索結果エリアが無い・件数ゼロ	（一括削除ボタンは検索結果ブロックとともに描画されない）	一覧チェックボックスと一括削除ボタンが無い状態のため、この入口からは実行できない。			
EV-27848931	M15-03	functions/pf-eccube3/m15-03_admin_deck_deck_bulk_delete.md	32	利用者視点の入口	検索結果はあるがチェックを付けずに「一括削除」を押す	`POST /{admin_route}/deck/delete`	`deckId` がボディに含まれない（`null`）扱いとなり、フラッシュ無しで `admin.deck.search.page_no` に応じた検索ページまたは一覧へリダイレクトする。	/{admin_route}/deck/delete		
EV-efff13bf	M15-03	functions/pf-eccube3/m15-03_admin_deck_deck_bulk_delete.md	185	画面遷移	`deckId` 未送信（`null`）	`m15-01_admin_deck_deck_search`（`admin.deck.search.page_no` あり）または `admin_deck_list`（なし）。フラッシュ無し。			admin_deck_list	
EV-96f31c40	M15-03	functions/pf-eccube3/m15-03_admin_deck_deck_bulk_delete.md	186	画面遷移	記事参照によりブロック	`Referer`。				
EV-cbab4a70	M15-03	functions/pf-eccube3/m15-03_admin_deck_deck_bulk_delete.md	187	画面遷移	全件処理成功、`deckId` 配列だけが空であった場合を含む成功系	`admin.deck.search.page_no` に応じた `m15-01_admin_deck_deck_search`、または `admin_deck_list`。成功フラッシュ。			admin_deck_list	
EV-e3f43ef3	M15-03	functions/pf-eccube3/m15-03_admin_deck_deck_bulk_delete.md	188	画面遷移	デッキ不在（404）	エラー画面相当（フレームワークのエラーページ）。続行しない。				
EV-80a37ee4	M15-03	functions/pf-eccube3/m15-03_admin_deck_deck_bulk_delete.md	194	遷移時に引き継ぐ状態	成功および `deckId` 欠如でのリダイレクト	検索条件は当ルートでは書き換えない。読むのは `admin.deck.search.page_no` のみ。	フラッシュは成功または無し。ページ番号はセッションの値があるときのみ URL に反映。			
EV-abcafc93	M15-04	functions/pf-eccube3/m15-04_admin_deck_deck_bulk_update.md	25	利用者視点の入口	ナビなどからデッキ一覧の初期画面を開く（検索結果ゼロ）	`GET /{admin_route}/deck`	一括編集フォームは検索結果ボックス内にあり、結果が無いときはパネルごと描画されないため、この入口からは一括編集を実行できない。	/{admin_route}/deck		
EV-61009567	M15-04	functions/pf-eccube3/m15-04_admin_deck_deck_bulk_update.md	26	利用者視点の入口	検索を実行し結果が 1 件以上ある	`POST /{admin_route}/deck/search/{page_no}`（検索フォーム）	一覧・チェックボックス・一括編集パネルが表示される。	/{admin_route}/deck/search/{page_no}		
EV-2f28d2f4	M15-04	functions/pf-eccube3/m15-04_admin_deck_deck_bulk_update.md	27	利用者視点の入口	「一括編集」ボタンでパネルを開き、項目チェック・入力後「一括編集実行」	`POST /{admin_route}/deck/bulk_update`	CSRF とフォーム検証を通過すれば選択デッキが更新され、成功フラッシュが積まれたうえで直前一覧へ戻る。	/{admin_route}/deck/bulk_update		
EV-cbf12f83	M15-04	functions/pf-eccube3/m15-04_admin_deck_deck_bulk_update.md	199	画面遷移	一括編集成功	`Referer` の URL（通常は検索結果ページ）へリダイレクト。				
EV-f552a6c4	M15-04	functions/pf-eccube3/m15-04_admin_deck_deck_bulk_update.md	200	画面遷移	フォーム検証失敗	同上。				
EV-59d693d4	M15-04	functions/pf-eccube3/m15-04_admin_deck_deck_bulk_update.md	201	画面遷移	deckId 形式エラー	HTTP 404。				
EV-f5688424	M15-04	functions/pf-eccube3/m15-04_admin_deck_deck_bulk_update.md	207	遷移時に引き継ぐ状態	一括編集 POST 成功・失敗（リダイレクト時）	セッション上のフラッシュにメッセージを積む。	Referer の画面を再取得。検索条件の再現は Referer が指す URL（セッション保持された検索）に依存する。			
EV-e369b965	M15-05	functions/pf-eccube3/m15-05_admin_deck_deck_edit.md	23	利用者視点の入口	ナビでデッキ一覧を開いたあと一覧から詳細リンクや新規	`GET /{admin_route}/deck` 一覧から別途 `GET /{admin_route}/deck/{id}` またはメニューの新規導線	編集画面が開き、入力欄には既存値または既定に近い空欄が載る。	/{admin_route}/deck;/{admin_route}/deck/{id}		
EV-f76be96b	M15-05	functions/pf-eccube3/m15-05_admin_deck_deck_edit.md	24	利用者視点の入口	一覧から削除リンク（アンカーで DELETE 送信）	`DELETE /{admin_route}/deck/{id}`	削除条件を満たせばフラッシュが成功側となり一覧検索または一覧に戻る。	/{admin_route}/deck/{id}		
EV-ce6b549b	M15-05	functions/pf-eccube3/m15-05_admin_deck_deck_edit.md	25	利用者視点の入口	編集画面上部の送信	`POST /{admin_route}/deck/new`（新規・複製入力起点）または `POST /{admin_route}/deck/{id}`（更新）	検証通過後、DB が更新され、成功メッセージのあと編集 URL（作成時は発番後の ID）へリダイレクトされる。	/{admin_route}/deck/new;/{admin_route}/deck/{id}		
EV-a8daa944	M15-05	functions/pf-eccube3/m15-05_admin_deck_deck_edit.md	26	利用者視点の入口	編集画面の複製ボタンを開いたモーダルで回数入力・複製送信	`POST /{admin_route}/deck/{id}/copy`	同一内容の複製行が複数件追加される。親画面の編集 URL に HTTP 302 で戻る。	/{admin_route}/deck/{id}/copy		
EV-bbae9ee6	M15-05	functions/pf-eccube3/m15-05_admin_deck_deck_edit.md	27	利用者視点の入口	同一モーダルで作り直し	`GET /{admin_route}/deck/{duplicateId}/duplicate`	元データを初期入力とした状態で新規送信先の編集フォームになる。	/{admin_route}/deck/{duplicateId}/duplicate		
EV-b3941a66	M15-05	functions/pf-eccube3/m15-05_admin_deck_deck_edit.md	28	利用者視点の入口	リクエストボディに含ま複数のデッキ ID を順に削除する（単体削除と同じ検証適用）。本書では「一覧側からの…	`POST /{admin_route}/deck/delete`	リクエストボディに含ま複数のデッキ ID を順に削除する（単体削除と同じ検証適用）。本書では「一覧側からの削除」への言及に留める。	/{admin_route}/deck/delete		
EV-753dbf5e	M15-05	functions/pf-eccube3/m15-05_admin_deck_deck_edit.md	236	画面遷移	新規入力完了	`GET` で自身の編集 URL（発番済み）。				
EV-e3b734f9	M15-05	functions/pf-eccube3/m15-05_admin_deck_deck_edit.md	237	画面遷移	更新完了	`GET` で同一編集 URL。				
EV-5f9e9ba0	M15-05	functions/pf-eccube3/m15-05_admin_deck_deck_edit.md	238	画面遷移	削除完了	`page_no` 付き一覧検索 URL または素の一覧 URL。				
EV-7fdba8eb	M15-05	functions/pf-eccube3/m15-05_admin_deck_deck_edit.md	239	画面遷移	複製保存終了や複製入力エラーなど	HTTP 302 で元の編集 URL。				
EV-24e23b7c	M15-05	functions/pf-eccube3/m15-05_admin_deck_deck_edit.md	245	遷移時に引き継ぐ状態	詳細送信成功	フラッシュへ成功または警告追加	同デッキの編集フォームとして再構成（警告は画面上部に滞留）。			
EV-a73acce7	M15-06	functions/pf-eccube3/m15-06_admin_deck_deck_csv_import.md	35	利用者視点の入口	デッキ検索画面（テンプレート `deck.twig`）の「CSV,TSV取り込み」リンク	`GET /{admin_route}/deck/csvimport`	ファイル入力、チェック項目、論理キー説明の表が表示される。	/{admin_route}/deck/csvimport		
EV-61a159f7	M15-06	functions/pf-eccube3/m15-06_admin_deck_deck_csv_import.md	36	利用者視点の入口	同画面でファイルを選び送信ボタンを押す	`POST /{admin_route}/deck/csvimport`	検証と取込が走り、結果メッセージとともに GET の取込画面へ戻る。	/{admin_route}/deck/csvimport		
EV-e07652e3	M15-06	functions/pf-eccube3/m15-06_admin_deck_deck_csv_import.md	249	画面遷移	検索画面上部リンクで取込機能へ進む	GET `/{admin_route}/deck/csvimport` で取込機能を読み込む。		/{admin_route}/deck/csvimport		
EV-c1ac3288	M15-06	functions/pf-eccube3/m15-06_admin_deck_deck_csv_import.md	250	画面遷移	アップロード送信の成功および取込共通の異常復帰	共通 `render` が GET `/{admin_route}/deck/csvimport` に HTTP 302 転送となる。クエリ状態は増やさずにフラッシュのみで状態を伝えるモデルとなる。		/{admin_route}/deck/csvimport		
EV-52527a31	M15-07	functions/pf-eccube3/m15-07_admin_deck_deck_tag_list.md	35	利用者視点の入口	カスタム一覧を既定件数・既定ページ・既定並びで開く（ルート名前付きリンクや直接入力を含む）	`GET /{admin_route}/deckTag`	全デッキタグをリポジトリから取得した配列について、並びだけ適用したうえで、先頭ページ相当の行が一覧に載るテンプレートが返る。	/{admin_route}/deckTag		
EV-d95c2b22	M15-07	functions/pf-eccube3/m15-07_admin_deck_deck_tag_list.md	36	利用者視点の入口	表示件数（10〜100 の 10 段階）、ページ、`sortKey` を変えて再度開く	`GET /{admin_route}/deckTag/{pageCount}/{pageNo}/{sortKey}`	取得と並びは `sortKey` に従い、表示される行だけがページインデックスで間引かれる。	/{admin_route}/deckTag/{pageCount}/{pageNo}/{sortKey}		
EV-62330fa6	M15-07	functions/pf-eccube3/m15-07_admin_deck_deck_tag_list.md	37	利用者視点の入口	一覧の編集または新規をモーダルで編集して登録	`POST /{admin_route}/deckTag/{pageCount}/{pageNo}/{sortKey}`（同一画面のフォームと同じページ変数値）	検証・永続化の後、成功フラッシュとともに同じページ変数での GET 一覧へ HTTP リダイレクトする。	/{admin_route}/deckTag/{pageCount}/{pageNo}/{sortKey}		
EV-b2777f48	M15-07	functions/pf-eccube3/m15-07_admin_deck_deck_tag_list.md	38	利用者視点の入口	一覧の削除ボタン	`DELETE /{admin_route}/deckTag/{id}`（CSRF 付きのアンカー実装による送信）	利用中チェック後に削除またはフラッシュのみで一覧へリダイレクトする（詳細は処理フロー）。	/{admin_route}/deckTag/{id}		
EV-8d99c265	M15-07	functions/pf-eccube3/m15-07_admin_deck_deck_tag_list.md	39	利用者視点の入口	側メニュー「デッキタグ一覧」からの標準リンク	`/{admin_route}/masterdata/Plugin-HareruyaEc-Entity-MtbDeckTag/edit`（bind は `admin_decktag_list`）	ソース上、このパスへの GET はマスタデータ編集向け別コントローラが応答し、この節で述べた `deckTag.twig` ベースの画面とは異なる Twig が返る（前提は「概要」と「利用者視点の入口」を正とする）。	/{admin_route}/masterdata/Plugin-HareruyaEc-Entity-MtbDeckTag/edit	admin_decktag_list	
EV-546ec948	M15-07	functions/pf-eccube3/m15-07_admin_deck_deck_tag_list.md	206	画面遷移	更新成功後	`GET /deckTag/{pageCount}/{pageNo}/{sortKey}`（同一変数、`admin_decktag_sort`）		/deckTag/{pageCount}/{pageNo}/{sortKey}	admin_decktag_sort	
EV-0e6a41b8	M15-07	functions/pf-eccube3/m15-07_admin_deck_deck_tag_list.md	207	画面遷移	DELETE 結果（どの分岐でも）	`admin_decktag_list` で生成されるパスへのリダイレクト実装となる（一覧独自画面とは別コンテキストになりうる。実装確認値として記す）			admin_decktag_list	
EV-6130f0d6	M15-07	functions/pf-eccube3/m15-07_admin_deck_deck_tag_list.md	208	画面遷移	POST 入力エラー時	HTTP 状態は一覧再描画。URL は入力と同経路になりうるため、状態はフラッシュおよびフォーム状態で示す				
EV-426fc549	M15-07	functions/pf-eccube3/m15-07_admin_deck_deck_tag_list.md	214	遷移時に引き継ぐ状態	POST 保存成功時	Doctrine 永続および成功フラッシュ	同一ページサイズでの一覧再クエリ結果			
EV-1adee525	M15-07	functions/pf-eccube3/m15-07_admin_deck_deck_tag_list.md	215	遷移時に引き継ぐ状態	DELETE 処理	フラッシュ類の積込とリダイレクト	メニュー側と同種の URL が指す Twig（マスタデータ系）となるパス側の状態			
EV-24182bc4	M15-08	functions/pf-eccube3/m15-08_admin_deck_deck_archetype_search.md	32	利用者視点の入口	ナビからデッキ一覧を開く	`GET /{admin_route}/deck`	検索フォームのみ表示。デッキ検索関連セッションはクリアされる。アーキタイプは未選択。	/{admin_route}/deck		
EV-6b9c55e6	M15-08	functions/pf-eccube3/m15-08_admin_deck_deck_archetype_search.md	33	利用者視点の入口	フォーマット・色を変えてからアーキタイプを選び、「検索」を押す	`POST /{admin_route}/deck/search/1`	送信されたアーキタイプ ID の集合とほかの条件で一覧が絞られる。条件とページ情報がセッションに保存される。	/{admin_route}/deck/search/1		
EV-0f77e639	M15-08	functions/pf-eccube3/m15-08_admin_deck_deck_archetype_search.md	34	利用者視点の入口	検索結果からページリンクで N ページ目へ	`GET /{admin_route}/deck/search/{page_no}`	セッションに保存された検索ビューデータから条件を復元し、同じアーキタイプ条件で N ページ目を表示する。	/{admin_route}/deck/search/{page_no}		
EV-e998800b	M15-08	functions/pf-eccube3/m15-08_admin_deck_deck_archetype_search.md	35	利用者視点の入口	ソートまたは表示件数を変える	`GET /{admin_route}/deck/search/1?sort=…&order=…` または `?page_count=…`	並び順または 1 ページあたり件数が更新され、アーキタイプ条件はセッションから維持される（ソート不正時は別フロー）。	/{admin_route}/deck/search/1		
EV-df7bc2e2	M15-08	functions/pf-eccube3/m15-08_admin_deck_deck_archetype_search.md	191	画面遷移	デッキ詳細から「戻る」	保存済みページ番号付きの `m15-01_admin_deck_deck_search` へ JavaScript で遷移する実装がある。				
EV-d1eef02e	M15-08	functions/pf-eccube3/m15-08_admin_deck_deck_archetype_search.md	192	画面遷移	一覧行のデッキ詳細リンク	`m15-05_admin_deck_deck_edit` へ遷移する。				
EV-7657a342	M15-08	functions/pf-eccube3/m15-08_admin_deck_deck_archetype_search.md	198	遷移時に引き継ぐ状態	検索結果一覧から詳細へ	セッションに検索ビューデータが保存されていれば、そのまま残る	詳細画面は別フォームである			
EV-5bb91d4c	M15-08	functions/pf-eccube3/m15-08_admin_deck_deck_archetype_search.md	199	遷移時に引き継ぐ状態	詳細から戻る	—	`admin.deck.search.page_no` があればそのページを開く			
EV-58a2b435	M15-09	functions/pf-eccube3/m15-09_admin_deck_deck_archetype_crud.md	19	利用者視点の入口	サイドメニュー「アーキタイプ管理」から一覧へ入り、「新規登録」相当で新規画面へ進む	`GET /{admin_route}/archetype/new`	空のフォームが表示される。	/{admin_route}/archetype/new		
EV-11413121	M15-09	functions/pf-eccube3/m15-09_admin_deck_deck_archetype_crud.md	20	利用者視点の入口	新規画面で「登録」を押す	`POST /{admin_route}/archetype`	検証成功時は登録後、当該 ID の編集 URL へリダイレクトする。	/{admin_route}/archetype		
EV-bdf1c1c7	M15-09	functions/pf-eccube3/m15-09_admin_deck_deck_archetype_crud.md	21	利用者視点の入口	一覧の名称リンクから編集へ	`GET /{admin_route}/archetype/{id}`	既存値が載ったフォームが表示される。ID 不存在時は 404。	/{admin_route}/archetype/{id}		
EV-ea2e2b1a	M15-09	functions/pf-eccube3/m15-09_admin_deck_deck_archetype_crud.md	22	利用者視点の入口	編集画面で「更新」を押す	`POST /{admin_route}/archetype/{id}`	検証成功時は同じ編集 URL へリダイレクトする。	/{admin_route}/archetype/{id}		
EV-edc7c84a	M15-09	functions/pf-eccube3/m15-09_admin_deck_deck_archetype_crud.md	23	利用者視点の入口	編集画面または一覧のドロップダウンから「削除」を選び、確認後に実行	`DELETE /{admin_route}/archetype/{id}`	関連デッキが無ければ論理削除のうえ一覧または検索へ戻る。関連があればエラー表示のうえ検索 1 ページ目へ戻る。	/{admin_route}/archetype/{id}		
EV-03cb7d49	M15-09	functions/pf-eccube3/m15-09_admin_deck_deck_archetype_crud.md	24	利用者視点の入口	編集画面で「代表カード選択」→ 検索 → 一覧から 1 件確定	`POST`／`GET` の代表カード検索 API、`POST` の ID 解決 API	モーダル内の一覧更新と、フォーム hidden・プレビュー画像・カード名の更新。			
EV-db8f6062	M15-09	functions/pf-eccube3/m15-09_admin_deck_deck_archetype_crud.md	25	利用者視点の入口	編集画面の「代表カード」モーダル用。カード画像の検索結果 HTML 片を返す（XHR）。	`POST /{admin_route}/archetype/search/main_card/html`	編集画面の「代表カード」モーダル用。カード画像の検索結果 HTML 片を返す（XHR）。	/{admin_route}/archetype/search/main_card/html		
EV-2b1cdfc4	M15-09	functions/pf-eccube3/m15-09_admin_deck_deck_archetype_crud.md	26	利用者視点の入口	同上のページング（XHR）。	`GET /{admin_route}/archetype/search/main_card/html/{page_no}`	同上のページング（XHR）。	/{admin_route}/archetype/search/main_card/html/{page_no}		
EV-b08ea9aa	M15-09	functions/pf-eccube3/m15-09_admin_deck_deck_archetype_crud.md	27	利用者視点の入口	代表カード確定時にカード画像 ID から名称・URL を JSON で返す（XHR）。	`POST /{admin_route}/archetype/search/main_card/id`	代表カード確定時にカード画像 ID から名称・URL を JSON で返す（XHR）。	/{admin_route}/archetype/search/main_card/id		
EV-b51e9dcb	M15-09	functions/pf-eccube3/m15-09_admin_deck_deck_archetype_crud.md	213	画面遷移	新規送信が成功	`GET` の編集画面（付与された ID）。				
EV-aec1baab	M15-09	functions/pf-eccube3/m15-09_admin_deck_deck_archetype_crud.md	214	画面遷移	更新送信が成功	同一 ID の `GET` 編集画面へリダイレクト。				
EV-b5e64d70	M15-09	functions/pf-eccube3/m15-09_admin_deck_deck_archetype_crud.md	215	画面遷移	新規・更新で検証失敗	同一 URL へ再表示（画面は詳細テンプレートのまま）。				
EV-d885b02f	M15-09	functions/pf-eccube3/m15-09_admin_deck_deck_archetype_crud.md	216	画面遷移	削除成功	セッションに検索ページ番号があれば `admin_archetype_search`（当該ページ）、無ければ `admin_archetype_list`。			admin_archetype_search;admin_archetype_list	
EV-526eaf9b	M15-09	functions/pf-eccube3/m15-09_admin_deck_deck_archetype_crud.md	217	画面遷移	削除失敗（関連デッキあり）	`admin_archetype_search` の 1 ページ目。			admin_archetype_search	
EV-53ef1db1	M15-09	functions/pf-eccube3/m15-09_admin_deck_deck_archetype_crud.md	218	画面遷移	詳細・新規の「戻る」	`admin_archetype_search`。ページ番号はセッション `admin.archetype.search.page_no` があればそれ、無ければ文字列 `'1'` を既定にトゥイグ側で渡す。			admin_archetype_search	
EV-f8f22cd1	M15-09	functions/pf-eccube3/m15-09_admin_deck_deck_archetype_crud.md	224	遷移時に引き継ぐ状態	削除成功（検索経由だった場合）	セッション `admin.archetype.search.page_no` を参照	当該ページの検索結果一覧			
EV-57935714	M15-09	functions/pf-eccube3/m15-09_admin_deck_deck_archetype_crud.md	225	遷移時に引き継ぐ状態	削除成功（ページ番号未保持）	特になし	一覧初期表示 `admin_archetype_list`		admin_archetype_list	
EV-ccc46ffb	M15-09	functions/pf-eccube3/m15-09_admin_deck_deck_archetype_crud.md	226	遷移時に引き継ぐ状態	代表カードモーダル内のページ移動	検索条件をセッション維持、`page_no` を更新	同モーダル内 HTML の差し替え			
EV-f0a54d1f	M15-10	functions/pf-eccube3/m15-10_admin_deck_archetype_csv_import.md	30	利用者視点の入口	サイドバー「デッキ管理」「アーキタイプ一覧」で一覧を開き、画面上部の CSV インポートボタンを押す	`GET /{admin_route}/archetype/csvimport`	ファイル選択・アップロードボタンと、取込ヘッダ定義テーブルが表示される。	/{admin_route}/archetype/csvimport		
EV-cdd99a46	M15-10	functions/pf-eccube3/m15-10_admin_deck_archetype_csv_import.md	31	利用者視点の入口	一覧画面をブックマークせず、`GET /.../csvimport` を直接開く	同上	一覧の検索条件は引き継がれない。単独画面として表示される。	/.../csvimport		
EV-d4210f1e	M15-10	functions/pf-eccube3/m15-10_admin_deck_archetype_csv_import.md	32	利用者視点の入口	「CSV, TSVファイルのアップロード」を押す（ファイルを選んだ状態）	`POST /{admin_route}/archetype/csvimport`	CSRF とファイル制約を通過すると取込処理が走り、成功時・失敗時とも取込 GET へリダイレクトし、フラッシュで結果が示される。	/{admin_route}/archetype/csvimport		
EV-edc6fa51	M15-10	functions/pf-eccube3/m15-10_admin_deck_archetype_csv_import.md	33	利用者視点の入口	ソース上バインドのみ存在する。確認したリビジョンでは取込サービスとコンストラクタシグネチャおよび出力メソッ…	`POST /{admin_route}/archetype/csvexport`	ソース上バインドのみ存在する。確認したリビジョンでは取込サービスとコンストラクタシグネチャおよび出力メソッドが整合しないため、このルート単体での動作確定は本書ではしない。	/{admin_route}/archetype/csvexport		
EV-6c62c7d0	M15-10	functions/pf-eccube3/m15-10_admin_deck_archetype_csv_import.md	211	画面遷移	アップロード処理の完了（成功・失敗のいずれか）	HTTP 302 で `GET /{admin_route}/archetype/csvimport`。		/{admin_route}/archetype/csvimport		
EV-402b935f	M15-10	functions/pf-eccube3/m15-10_admin_deck_archetype_csv_import.md	212	画面遷移	フォームのみ無効・CSRF 失敗経路など `render` 相当	同上またはフレームワークの例外レスポンス。CSRF が不正なときは共通の無効処理へ。				
EV-b6404884	M15-11	functions/pf-eccube3/m15-11_admin_deck_deck_latest_event.md	26	利用者視点の入口	デッキ管理メニューから「直近の大会管理」を開く	`GET /{admin_route}/latest_event_deck`	登録済みスロットごとに入力表が縦に並び、既存値がフォームに載る。	/{admin_route}/latest_event_deck		
EV-fd92df1c	M15-11	functions/pf-eccube3/m15-11_admin_deck_deck_latest_event.md	27	利用者視点の入口	「直近の大会設定」ボタンで送信	`POST /{admin_route}/latest_event_deck/update`	検証が通れば全スロットが更新され、成功メッセージ表示のうえ同一画面の GET に戻る。	/{admin_route}/latest_event_deck/update		
EV-52c87d19	M15-11	functions/pf-eccube3/m15-11_admin_deck_deck_latest_event.md	28	利用者視点の入口	各表の「消去」ボタン	（クライアントのみ。該当する表内の入力値を空にする。サーバ送信しない）	同一表内の入力欄をクリアする。送信前に他欄へ入力があれば HTML5 必須が付くため、空のまま送信するとブラウザの検証で止まる場合がある。			
EV-dabc5144	M15-11	functions/pf-eccube3/m15-11_admin_deck_deck_latest_event.md	169	画面遷移	メニューから開く	`GET /{admin_route}/latest_event_deck` で同一画面。		/{admin_route}/latest_event_deck		
EV-a9c8cae9	M15-11	functions/pf-eccube3/m15-11_admin_deck_deck_latest_event.md	170	画面遷移	送信成功	`POST` 処理後、`GET /{admin_route}/latest_event_deck` へリダイレクト。		/{admin_route}/latest_event_deck		
EV-ff9a7cb1	M15-11	functions/pf-eccube3/m15-11_admin_deck_deck_latest_event.md	171	画面遷移	送信失敗（フォーム無効）	同上。				
EV-bbff241d	M15-11	functions/pf-eccube3/m15-11_admin_deck_deck_latest_event.md	172	画面遷移	CSRF 不正	HTTP 403（共通の例外処理）。				
EV-98c7d868	M16-01	functions/pf-eccube3/m16-01_admin_data_top_banner.md	25	利用者視点の入口	ナビからトップバナー管理を開く	`GET /{admin_route}/banner/top`	全バナー枠のフォームと、`banner/` の画像一覧（更新日降順・最大2000件）が表示される。	/{admin_route}/banner/top		
EV-c8a7683e	M16-01	functions/pf-eccube3/m16-01_admin_data_top_banner.md	26	利用者視点の入口	店舗ドロップダウンで店舗を選ぶ	`GET /{admin_route}/banner/top/{html_class}#upload_wrap`	画像一覧が `banner/{html_class}/` に限定され、「全て」へ戻るリンクが出る。	/{admin_route}/banner/top/{html_class};/{html_class}		
EV-b7d4653f	M16-01	functions/pf-eccube3/m16-01_admin_data_top_banner.md	27	利用者視点の入口	各枠の「バナー設定」ボタン	`POST /{admin_route}/banner/top` または `POST /{admin_route}/banner/top/{html_class}`	送信前にクライアントで並び順の空欄・重複を検査する。成功時は `mtb_top_banner` が更新され、同一一覧 URL へリダイレクトする。	/{admin_route}/banner/top;/{admin_route}/banner/top/{html_class}		
EV-837a81db	M16-01	functions/pf-eccube3/m16-01_admin_data_top_banner.md	28	利用者視点の入口	「▼画像設定」またはページ内アンカー	同一 GET の `#upload_wrap`	アップロード・一覧エリアへスクロールする。			
EV-a81672a8	M16-01	functions/pf-eccube3/m16-01_admin_data_top_banner.md	29	利用者視点の入口	画像を選び「アップロード」	上記 POST（`multipart/form-data`、ファイル欄あり）	検証に通ればオブジェクトストレージへ保存され、`#upload_wrap` 付きでリダイレクトする。	/form-data		
EV-5ae7c653	M16-01	functions/pf-eccube3/m16-01_admin_data_top_banner.md	30	利用者視点の入口	一覧の「削除」リンク	`DELETE /{admin_route}/banner/top/delete?select_file=…` または narrow 側の同等	確認メッセージ後、指定キーのファイルが存在すれば削除し、`#upload_wrap` 付きでリダイレクトする。	/{admin_route}/banner/top/delete		
EV-ded2e877	M16-01	functions/pf-eccube3/m16-01_admin_data_top_banner.md	31	利用者視点の入口	店舗絞り込み時の削除。`select_file` に加えパスに `{html_class}` が含まれる。	`DELETE /{admin_route}/banner/top/delete/{html_class}`	店舗絞り込み時の削除。`select_file` に加えパスに `{html_class}` が含まれる。	/{admin_route}/banner/top/delete/{html_class}		
EV-3bd9dd51	M16-01	functions/pf-eccube3/m16-01_admin_data_top_banner.md	202	画面遷移	バナー設定保存成功	`GET /{admin_route}/banner/top` または `GET /{admin_route}/banner/top/{html_class}`		/{admin_route}/banner/top;/{admin_route}/banner/top/{html_class}		
EV-1afe5321	M16-01	functions/pf-eccube3/m16-01_admin_data_top_banner.md	203	画面遷移	アップロード成功	上記に `#upload_wrap`				
EV-797ec82b	M16-01	functions/pf-eccube3/m16-01_admin_data_top_banner.md	204	画面遷移	ファイル削除成功	同上				
EV-7064506a	M16-01	functions/pf-eccube3/m16-01_admin_data_top_banner.md	205	画面遷移	店舗ドロップダウンで別店舗選択	`GET /{admin_route}/banner/top/{html_class}#upload_wrap`		/{admin_route}/banner/top/{html_class}		
EV-47925f5a	M16-01	functions/pf-eccube3/m16-01_admin_data_top_banner.md	206	画面遷移	「全て」選択（narrow 時）	`GET /{admin_route}/banner/top#upload_wrap`		/{admin_route}/banner/top		
EV-ffee3d7a	M16-02	functions/pf-eccube3/m16-02_admin_data_data_top_banner.md	27	利用者視点の入口	ナビ「データ管理」→「トップバナー管理」	`GET /{admin_route}/banner/top`	全店舗向けストレージキー `banner/` 直下の画像一覧と、DB の全スロット分の入力表が表示される。	/{admin_route}/banner/top		
EV-1272ea4f	M16-02	functions/pf-eccube3/m16-02_admin_data_data_top_banner.md	28	利用者視点の入口	画像一覧のドロップダウンで店舗を選ぶ	`GET /{admin_route}/banner/top/{html_class}#upload_wrap`	選択店舗のサブフォルダのみを一覧する。バナー設定表は共通。	/{admin_route}/banner/top/{html_class}		
EV-7961830a	M16-02	functions/pf-eccube3/m16-02_admin_data_data_top_banner.md	29	利用者視点の入口	「▼画像設定」リンク	同一ページ内 `#upload_wrap`	スクロールのみ。別 HTTP リクエストは発生しない。			
EV-1e8d6afa	M16-02	functions/pf-eccube3/m16-02_admin_data_data_top_banner.md	30	利用者視点の入口	「バナー設定」ボタン	`POST /{admin_route}/banner/top` または `POST /{admin_route}/banner/top/{html_class}`	CSRF を検証したうえでバナー設定フォームを検証し、成功時は各行を DB に保存して GET にリダイレクトする。	/{admin_route}/banner/top;/{admin_route}/banner/top/{html_class}		
EV-309f4fae	M16-02	functions/pf-eccube3/m16-02_admin_data_data_top_banner.md	31	利用者視点の入口	「アップロード」ボタン（画像ファイル・店舗選択付き）	同上 POST	ファイル検証後にストレージへ保存し、`#upload_wrap` 付きで GET にリダイレクトする。			
EV-2aa2331f	M16-02	functions/pf-eccube3/m16-02_admin_data_data_top_banner.md	32	利用者視点の入口	一覧の「削除」リンク	`DELETE /{admin_route}/banner/top/delete?select_file=…` または `DELETE …/delete/{html_class}?select_file=…`	確認メッセージ後に該当オブジェクトを削除し、`#upload_wrap` 付き GET へリダイレクトする。	/{admin_route}/banner/top/delete;/delete/{html_class}		
EV-d977b003	M16-02	functions/pf-eccube3/m16-02_admin_data_data_top_banner.md	33	利用者視点の入口	「画像URLコピー」	同一ページ内スクリプト	公開 URL 文字列をクリップボード用処理へ渡す（HTTP 遷移なし）。			
EV-3b5e70f0	M16-02	functions/pf-eccube3/m16-02_admin_data_data_top_banner.md	34	利用者視点の入口	同上（店舗サブディレクトリ文脈）。	`DELETE /{admin_route}/banner/top/delete/{html_class}`	同上（店舗サブディレクトリ文脈）。	/{admin_route}/banner/top/delete/{html_class}		
EV-a577a724	M16-02	functions/pf-eccube3/m16-02_admin_data_data_top_banner.md	235	画面遷移	GET 正常	同一 URL の HTML。				
EV-5332e0bb	M16-02	functions/pf-eccube3/m16-02_admin_data_data_top_banner.md	236	画面遷移	バナー設定 POST 成功	`GET /{admin_route}/banner/top` または `GET /{admin_route}/banner/top/{html_class}`。		/{admin_route}/banner/top;/{admin_route}/banner/top/{html_class}		
EV-6b82aa83	M16-02	functions/pf-eccube3/m16-02_admin_data_data_top_banner.md	237	画面遷移	アップロード POST 成功	上記 GET に `#upload_wrap`。				
EV-dbbbaf73	M16-02	functions/pf-eccube3/m16-02_admin_data_data_top_banner.md	238	画面遷移	DELETE 成功	上記 GET に `#upload_wrap`。				
EV-6d06d92c	M16-02	functions/pf-eccube3/m16-02_admin_data_data_top_banner.md	239	画面遷移	バナー設定 POST 失敗	HTTP 200 で同一画面再描画（一覧パスがルート直下のみとなる実装箇所に注意）。				
EV-f1cb66e3	M16-02	functions/pf-eccube3/m16-02_admin_data_data_top_banner.md	240	画面遷移	店舗ドロップダウンで「全て」	`GET /{admin_route}/banner/top#upload_wrap`。		/{admin_route}/banner/top		
EV-5927ebbe	M16-02	functions/pf-eccube3/m16-02_admin_data_data_top_banner.md	241	画面遷移	店舗ドロップダウンで特定店舗	`GET /{admin_route}/banner/top/{html_class}#upload_wrap`。		/{admin_route}/banner/top/{html_class}		
EV-9e94a26e	M16-03	functions/pf-eccube3/m16-03_admin_data_data_holiday_add_delete.md	28	利用者視点の入口	ナビ「データ管理」→「祝日管理」	`GET /{admin_route}/holiday`	登録済み祝日が日付昇順の表で表示される。上部に期間指定の一括読込用フォームと「決定」がある。右上に「新規登録」ボタンがあり、追加用フォームは初期状態では非表示である。	/{admin_route}/holiday		
EV-a31aef3a	M16-03	functions/pf-eccube3/m16-03_admin_data_data_holiday_add_delete.md	29	利用者視点の入口	「新規登録」を押す	（同一画面、`GET` の結果に対するクライアント表示切替）	追加フォームブロックが表示され、ボタン表記が「戻る」に切り替わる。再度押すと追加フォームが隠れ、ボタンが「新規登録」に戻る。			
EV-b5cdba57	M16-03	functions/pf-eccube3/m16-03_admin_data_data_holiday_add_delete.md	30	利用者視点の入口	追加フォームで「追加」を押す	`POST /{admin_route}/holiday/add`	フォーム名に紐づく CSRF と入力検証を通過し、同一日付の既存行が無ければ insert され成功メッセージの後に一覧へ GET リダイレクトされる。検証失敗時は失敗メッセージのみで一覧へリダイレクトされ、フィールドエラー再表示はしない。同一日付が既登録なら重複エラーメッセージで一覧へリダイレクトされる。	/{admin_route}/holiday/add		
EV-78943bf3	M16-03	functions/pf-eccube3/m16-03_admin_data_data_holiday_add_delete.md	31	利用者視点の入口	一覧の「削除」リンク	`POST /{admin_route}/holiday/{id}/delete`（リンク生成値は DELETE 疑似メソッド付き）	確認ダイアログで確認後、共通 CSRF とともに送信され、対象行が削除される。成功メッセージの後に一覧へリダイレクトされる。対象 ID が存在しない場合はアプリケーションエラー応答となる記述がある。	/{admin_route}/holiday/{id}/delete		
EV-8a7f865b	M16-03	functions/pf-eccube3/m16-03_admin_data_data_holiday_add_delete.md	32	利用者視点の入口	CSRF が無効な追加送信	`POST /{admin_route}/holiday/add`	アクセス拒否（HTTP 403）が投げられる共通実装である。	/{admin_route}/holiday/add		
EV-cb49246c	M16-03	functions/pf-eccube3/m16-03_admin_data_data_holiday_add_delete.md	33	利用者視点の入口	CSRF が無効な削除送信	`POST /{admin_route}/holiday/{id}/delete`	同上。	/{admin_route}/holiday/{id}/delete		
EV-49d48408	M16-03	functions/pf-eccube3/m16-03_admin_data_data_holiday_add_delete.md	34	利用者視点の入口	期間内の公的祝日を一括登録する（本書では詳細を扱わない）。	`POST /{admin_route}/holiday/load`	期間内の公的祝日を一括登録する（本書では詳細を扱わない）。	/{admin_route}/holiday/load		
EV-f0806b34	M16-03	functions/pf-eccube3/m16-03_admin_data_data_holiday_add_delete.md	200	画面遷移	追加成功・重複エラー・追加検証失敗	`GET /{admin_route}/holiday`（一覧）		/{admin_route}/holiday		
EV-bb612363	M16-03	functions/pf-eccube3/m16-03_admin_data_data_holiday_add_delete.md	201	画面遷移	削除成功	同上				
EV-7306a5a9	M16-03	functions/pf-eccube3/m16-03_admin_data_data_holiday_add_delete.md	202	画面遷移	CSRF 失敗など	アクセス拒否応答（同一画面への戻りではない）				
EV-cc9fceab	M16-03	functions/pf-eccube3/m16-03_admin_data_data_holiday_add_delete.md	208	遷移時に引き継ぐ状態	追加・削除・失敗リダイレクト	フラッシュメッセージを積む	一覧 GET で最新の `mtb_holiday` を再表示し、フラッシュが出る。追加フォームは再び非表示の初期レイアウトである。			
EV-2fa6f151	M16-04	functions/pf-eccube3/m16-04_admin_data_hareruya_mtg_masterdata.md	28	利用者視点の入口	側メニュー「データ管理」内「MTGマスターデータ」から開く（ナビでは `GET` のリンク）	`GET /{admin_route}/masterdata`	マスタ種別のプルダウンだけが載った状態で返る（まだ一覧表ブロックが無いときがある）。	/{admin_route}/masterdata		
EV-fe53c9a3	M16-04	functions/pf-eccube3/m16-04_admin_data_hareruya_mtg_masterdata.md	29	利用者視点の入口	プルダウンで種別を選び「選択」を押す	`POST /{admin_route}/masterdata`	選択が必須として受理されれば、選択した種別の全レコードが表として描かれるコレクション行が増える（初回一覧表示後は `form2` ブロックが表示される Twig 構造となる）。無効送信時は一覧表は出ず、入力エラー表示に委ねられる。	/{admin_route}/masterdata		
EV-0f3ec330	M16-04	functions/pf-eccube3/m16-04_admin_data_hareruya_mtg_masterdata.md	30	利用者視点の入口	ブックマークや名前付き URL で一覧を開く	`GET /{admin_route}/masterdata/{entity}/edit`	`{entity}` が解決できる場合、当該マスタ種別について全件一覧と空行、`memory_limit` が無制限に設定される挙動を含めて一覧画面と同等の状態を組み立てる。	/{admin_route}/masterdata/{entity}/edit		
EV-678a43fb	M16-04	functions/pf-eccube3/m16-04_admin_data_hareruya_mtg_masterdata.md	31	利用者視点の入口	一覧表を編集後「登録」	`POST /{admin_route}/masterdata/edit`	CSRF と編集フォームの検証に通れば、Doctrine で永続処理を順に適用したあと、`GET /{admin_route}/masterdata/{entity}/edit` 相当へリダイレクトして成功フラッシュを出す（`entity` は隠しフィールド値）。検証不合格時は HTTP 404 とする実装となる。	/{admin_route}/masterdata/edit;/{admin_route}/masterdata/{entity}/edit		
EV-487865ed	M16-04	functions/pf-eccube3/m16-04_admin_data_hareruya_mtg_masterdata.md	32	利用者視点の入口	一覧表示コントローラと同一処理に振り向けられる POST のみのルート。側メニュー「デッキタグ一覧」がこの…	`POST /{admin_route}/masterdata/Plugin-HareruyaEc-Entity-MtbDeckTag/edit`	一覧表示コントローラと同一処理に振り向けられる POST のみのルート。側メニュー「デッキタグ一覧」がこの bind を参照している。GET で同種の一覧を見るときは別途 `masterdata/{entity}/edit` 形式を使う運用となる（別設計 `m15-07_admin_deck_deck_tag_list.md` 参照）。	/{admin_route}/masterdata/Plugin-HareruyaEc-Entity-MtbDeckTag/edit;/{entity}/edit		
EV-517e12e2	M16-04	functions/pf-eccube3/m16-04_admin_data_hareruya_mtg_masterdata.md	231	画面遷移	メニュークリックまたは `GET` で `/masterdata` を開いた直後などまだ一覧 `form2` のデータ構造が空	種別だけの第一段階のみ、または URL 入力があれば直ちに一覧。		/masterdata		
EV-8bd232da	M16-04	functions/pf-eccube3/m16-04_admin_data_hareruya_mtg_masterdata.md	232	画面遷移	種別送信が成功または `masterdata/{entity}/edit` から `GET`	同一画面上に一覧フォーム `#form2` を表示した HTML。		/{entity}/edit		
EV-613c949a	M16-04	functions/pf-eccube3/m16-04_admin_data_hareruya_mtg_masterdata.md	233	画面遷移	一覧「登録」が成功したあと	`GET /{admin_route}/masterdata/{entity}/edit` へ名前付き URL でリダイレクト。（`entity` は隠しフィールド値）		/{admin_route}/masterdata/{entity}/edit		
EV-0f42ca03	M16-04	functions/pf-eccube3/m16-04_admin_data_hareruya_mtg_masterdata.md	239	遷移時に引き継ぐ状態	登録処理成功後	Doctrine の flush・成功フラッシュ	名前付き `GET` で再描画される一覧（DB 側の結果反映後）。			
EV-3377211a	M16-05	functions/pf-eccube3/m16-05_admin_data_data_sale_discount_list.md	27	利用者視点の入口	ナビ「データ管理」→「販売割引率一覧」	`GET /{admin_route}/discount`	カード状態コードが列見出し、割引マスタ名称が左端列となる表が出力される。各セルは交差があるとき数値レートが表示され、無いときは「未定義」と出る。	/{admin_route}/discount		
EV-9e4466a4	M16-05	functions/pf-eccube3/m16-05_admin_data_data_sale_discount_list.md	28	利用者視点の入口	ブラウザで `/{admin_route}/discount` に直接 GET	`GET /{admin_route}/discount`	上記と同じ。クエリボディは不要であり、共通ルールを満たす利用者のみが HTML を取得し得る。	/{admin_route}/discount		
EV-ccf87d7d	M16-05	functions/pf-eccube3/m16-05_admin_data_data_sale_discount_list.md	155	画面遷移	ナビまたは直接 GET に成功した場合	同一 URL の HTML を表示した状態に留まる。				
EV-e5b7f41e	M16-05	functions/pf-eccube3/m16-05_admin_data_data_sale_discount_list.md	156	画面遷移	本画面からのリンク・送信	一覧テンプレートは行クリックやボタンを定義しない。				
EV-0ff59784	M16-06	functions/pf-eccube3/m16-06_admin_data_data_buy_price_list.md	29	利用者視点の入口	ナビ「データ管理」→「買取価格対応表」	`GET /{admin_route}/buy_price_list`	NM価格行と状態×通常／特別版のマトリクスが表示され、各セルは金額リンクになっている。	/{admin_route}/buy_price_list		
EV-e3bff65b	M16-06	functions/pf-eccube3/m16-06_admin_data_data_buy_price_list.md	30	利用者視点の入口	一覧の金額セル	`GET /{admin_route}/buy_price_list/{id}`	編集画面（別紙）。	/{admin_route}/buy_price_list/{id}		
EV-7659cd9f	M16-06	functions/pf-eccube3/m16-06_admin_data_data_buy_price_list.md	140	画面遷移	ナビから	`GET admin_buy_price_list`				
EV-6d0349c7	M16-06	functions/pf-eccube3/m16-06_admin_data_data_buy_price_list.md	141	画面遷移	セルの金額リンク	`GET admin_buy_price_list_edit`（詳細は別紙）				
EV-e1ed44aa	M16-07	functions/pf-eccube3/m16-07_admin_data_data_buy_price_list_edit.md	29	利用者視点の入口	一覧の金額セルを押す	`GET /{admin_route}/buy_price_list/{id}`	当該行の識別情報が表で示され、買取価格が入力可能になる。「更新」「戻る」が表示される。	/{admin_route}/buy_price_list/{id}		
EV-685721cf	M16-07	functions/pf-eccube3/m16-07_admin_data_data_buy_price_list_edit.md	30	利用者視点の入口	「更新」を押す	`POST /{admin_route}/buy_price_list/{id}`	検証成功時は保存され成功メッセージの後に一覧へ移る。失敗時は同一編集画面が再表示される。	/{admin_route}/buy_price_list/{id}		
EV-9dbd5652	M16-07	functions/pf-eccube3/m16-07_admin_data_data_buy_price_list_edit.md	31	利用者視点の入口	「戻る」を押す	"`GET /{admin_route}/buy_price_list`（ボタンは `type=""button""` のクライアント遷移）"	保存されない。一覧へ戻る。	/{admin_route}/buy_price_list		
EV-1e82e896	M16-07	functions/pf-eccube3/m16-07_admin_data_data_buy_price_list_edit.md	32	利用者視点の入口	存在しない `id`	`GET` または `POST …/buy_price_list/{id}`	404。	/buy_price_list/{id}		
EV-a3567ff1	M16-07	functions/pf-eccube3/m16-07_admin_data_data_buy_price_list_edit.md	33	利用者視点の入口	CSRF が無効な更新	`POST …/buy_price_list/{id}`	アクセス拒否（HTTP 403）。	/buy_price_list/{id}		
EV-55419fda	M16-07	functions/pf-eccube3/m16-07_admin_data_data_buy_price_list_edit.md	185	画面遷移	一覧のセルリンク	`GET admin_buy_price_list_edit`				
EV-be543518	M16-07	functions/pf-eccube3/m16-07_admin_data_data_buy_price_list_edit.md	186	画面遷移	更新成功	`GET admin_buy_price_list`（HTTP リダイレクト）				
EV-71f806b8	M16-07	functions/pf-eccube3/m16-07_admin_data_data_buy_price_list_edit.md	187	画面遷移	戻るボタン	`GET admin_buy_price_list`（`location.href`）				
EV-0df1acb4	M16-07	functions/pf-eccube3/m16-07_admin_data_data_buy_price_list_edit.md	188	画面遷移	検証失敗	同一 URL パターンの編集画面を再描画（レスポンスは編集 HTML）				
EV-2d352ac6	M16-07	functions/pf-eccube3/m16-07_admin_data_data_buy_price_list_edit.md	194	遷移時に引き継ぐ状態	更新成功	成功フラッシュを積む	一覧が再表示される。検索条件セッションは本機能では持たない。			
EV-464f3d44	M16-08	functions/pf-eccube3/m16-08_admin_data_data_buy_discount_list.md	27	利用者視点の入口	ナビ「データ管理」→「買取減額率一覧」	`GET /{admin_route}/buy_discount`	カード状態コードが列見出し、買取減額率マスタ名称が左端列となる表が出力される。各セルは交差があるとき数値レートが表示され、無いときは「未定義」と出る。	/{admin_route}/buy_discount		
EV-6939f6d3	M16-08	functions/pf-eccube3/m16-08_admin_data_data_buy_discount_list.md	28	利用者視点の入口	ブラウザで `/{admin_route}/buy_discount` に直接 GET	`GET /{admin_route}/buy_discount`	上記と同じ。クエリおよびリクエストボディは不要であり、共通ルールを満たす利用者のみが HTML を取得し得る。	/{admin_route}/buy_discount		
EV-9f158fa3	M16-08	functions/pf-eccube3/m16-08_admin_data_data_buy_discount_list.md	155	画面遷移	ナビまたは直接 GET に成功した場合	同一 URL の HTML を表示した状態に留まる。				
EV-e46920d4	M16-08	functions/pf-eccube3/m16-08_admin_data_data_buy_discount_list.md	156	画面遷移	本画面からのリンク・送信	一覧テンプレートは行クリックやボタンを定義しない。				
EV-01f792ba	O01-01	functions/pf-eccube3/o01-01_other_mtg_buyer_mtg_buyer_store_purchase.md	67	利用者視点の入口	MTGバイヤーでログインする	`POST /admin/login.json`	管理者認証に成功すると、以降の店頭買取APIで使う認証トークンを返す。	/admin/login.json		
EV-4e5c6bf3	O01-01	functions/pf-eccube3/o01-01_other_mtg_buyer_mtg_buyer_store_purchase.md	68	利用者視点の入口	MTGバイヤーで査定対象を取得する	`GET /admin/otcBuyOrders.json`、`GET /admin/otcBuyOrders`	査定対象の店頭買取受注一覧を取得する。認証管理者に所属店舗がある場合はその店舗に絞る。	/admin/otcBuyOrders.json;/admin/otcBuyOrders		
EV-9545d43a	O01-01	functions/pf-eccube3/o01-01_other_mtg_buyer_mtg_buyer_store_purchase.md	69	利用者視点の入口	MTGバイヤーで査定結果を確定する	`PUT /admin/otcBuyOrder/{id}.json`	受注の既存明細・個別入力商品・在庫・在庫履歴を作り直し、ステータス、買取合計金額、査定担当者、更新日時などを保存する。	/admin/otcBuyOrder/{id}.json		
EV-03a8162f	O01-01	functions/pf-eccube3/o01-01_other_mtg_buyer_mtg_buyer_store_purchase.md	70	利用者視点の入口	MTGバイヤーでステータスを更新する	`PUT /admin/otcBuyOrder/{id}/status.json`	店頭買取受注のステータス、査定担当者、更新日時を保存し、ステータス変更履歴を登録する。	/admin/otcBuyOrder/{id}/status.json		
EV-b38dcba8	O01-01	functions/pf-eccube3/o01-01_other_mtg_buyer_mtg_buyer_store_purchase.md	71	利用者視点の入口	MTGバイヤーでフリーコメントを更新する	`PUT /admin/otcBuyOrder/{id}/free_comment.json`、`PUT /admin/otcBuyOrder/{id}/free_comment`	店頭買取受注のフリーコメントを保存する。	/admin/otcBuyOrder/{id}/free_comment.json;/admin/otcBuyOrder/{id}/free_comment		
EV-a56416a3	O01-01	functions/pf-eccube3/o01-01_other_mtg_buyer_mtg_buyer_store_purchase.md	72	利用者視点の入口	MTGバイヤーで本人確認状態を更新する	`PUT /admin/otcBuyOrder/{id}/identification.json`	店頭買取受注に紐づく本人確認情報を更新する。	/admin/otcBuyOrder/{id}/identification.json		
EV-1523b1f0	O01-01	functions/pf-eccube3/o01-01_other_mtg_buyer_mtg_buyer_store_purchase.md	73	利用者視点の入口	MTGバイヤーで買取用商品情報を検索・取得する	A06系の商品検索・商品取得API	査定入力に使う商品、カード、部門、固定価格部門などの情報を取得する。			
EV-5bb7e24d	O01-01	functions/pf-eccube3/o01-01_other_mtg_buyer_mtg_buyer_store_purchase.md	253	画面遷移	MTGバイヤーでログイン成功	MTGバイヤー側の査定対象一覧へ進む想定。外部アプリ内遷移は本書では仕様確定しない。				
EV-07b2a69c	O01-01	functions/pf-eccube3/o01-01_other_mtg_buyer_mtg_buyer_store_purchase.md	254	画面遷移	査定対象を選択	MTGバイヤー側の査定入力へ進む想定。EC-CUBE側では対象受注の詳細更新APIを受け付ける。				
EV-ccf9b2ef	O01-01	functions/pf-eccube3/o01-01_other_mtg_buyer_mtg_buyer_store_purchase.md	255	画面遷移	査定結果確定成功	MTGバイヤー側の完了または一覧へ戻る想定。EC-CUBE側ではDB更新が確定し、管理画面・CSV・集計の参照元になる。				
EV-43081d29	O01-01	functions/pf-eccube3/o01-01_other_mtg_buyer_mtg_buyer_store_purchase.md	256	画面遷移	入力不正・認証不可	MTGバイヤー側でエラー表示する想定。EC-CUBE側はAPIエラー応答を返す。				
EV-38b6170c	O01-02	functions/pf-eccube3/o01-02_other_mtg_buyer_mtg_buyer_online_purchase.md	59	利用者視点の入口	MTGバイヤーでログインする	`POST /admin/login.json`	管理者認証に成功すると、以降のネット買取APIで使う認証トークンを返す。	/admin/login.json		
EV-e4d746ba	O01-02	functions/pf-eccube3/o01-02_other_mtg_buyer_mtg_buyer_online_purchase.md	60	利用者視点の入口	査定対象のネット買取受注を取得する	`GET /admin/buyOrders.json`	査定対象のネット買取受注一覧を取得する。認証管理者・条件に応じて絞り込む。	/admin/buyOrders.json		
EV-8fc7cf56	O01-02	functions/pf-eccube3/o01-02_other_mtg_buyer_mtg_buyer_online_purchase.md	61	利用者視点の入口	査定結果を確定する	`PUT /admin/buyOrder/{id}.json`	受注の明細（メインカード）・個別入力商品を作り直し、買取合計金額・ステータス・査定担当者・更新日時などを保存する。	/admin/buyOrder/{id}.json		
EV-e0d70baa	O01-02	functions/pf-eccube3/o01-02_other_mtg_buyer_mtg_buyer_online_purchase.md	62	利用者視点の入口	ステータスを更新する	`PUT /admin/buyOrder/{id}/status.json`	ネット買取受注のステータス・査定担当者・更新日時を保存し、ステータス変更履歴を登録する。	/admin/buyOrder/{id}/status.json		
EV-069fc575	O01-02	functions/pf-eccube3/o01-02_other_mtg_buyer_mtg_buyer_online_purchase.md	63	利用者視点の入口	フリーコメントを更新する	`PUT /admin/buyOrder/{id}/freeComment.json`	ネット買取受注のフリーコメント（メモ）を保存する。	/admin/buyOrder/{id}/freeComment.json		
EV-73b0a9a3	O01-02	functions/pf-eccube3/o01-02_other_mtg_buyer_mtg_buyer_online_purchase.md	64	利用者視点の入口	個別入力商品を登録する	`POST /admin/buyOrderIndivisualInputProduct.json`	商品規格に紐づかない買取商品を登録する。	/admin/buyOrderIndivisualInputProduct.json		
EV-9ce24a69	O01-02	functions/pf-eccube3/o01-02_other_mtg_buyer_mtg_buyer_online_purchase.md	65	利用者視点の入口	メインカードを登録する	`POST /admin/buyMainCard.json`	査定明細となるメインカード（商品規格・状態等）を登録する。	/admin/buyMainCard.json		
EV-5d191e64	O01-02	functions/pf-eccube3/o01-02_other_mtg_buyer_mtg_buyer_online_purchase.md	66	利用者視点の入口	買取用商品情報を検索・取得する	A06系の商品検索・商品取得API	査定入力に使う商品・カード・部門・固定価格部門などの情報を取得する。			
EV-25e18adf	O01-03	functions/pf-eccube3/o01-03_other_mtg_buyer_mtg_buyer_stock_inbound.md	59	利用者視点の入口	MTGバイヤー入庫モードでステータスを進める	`PUT /admin/buyOrder/{id}/status.json`（ネット買取）／店頭買取は O01-01 の status API	買取受注のステータスを入庫待ち・入庫済みへ更新する。入庫済みへの遷移時に EC-CUBE側で入庫処理が起動する。専用の入庫APIは存在しない。	/admin/buyOrder/{id}/status.json		O01-01
EV-e9cd25a0	O01-03	functions/pf-eccube3/o01-03_other_mtg_buyer_mtg_buyer_stock_inbound.md	60	利用者視点の入口	管理画面で入庫を確定する	EC-CUBE管理画面の買取詳細更新	ステータスを入庫済みへ遷移させると、買取在庫を商品在庫へ反映し在庫履歴を作成する（内部サービス）。			
EV-aa884880	O01-03	functions/pf-eccube3/o01-03_other_mtg_buyer_mtg_buyer_stock_inbound.md	61	利用者視点の入口	一括入庫（バッチ）	入庫待ちの受注を対象とする自動入庫バッチ	入庫待ちの全受注を入庫済みへ遷移させ、入庫処理を実行する。			
EV-34efd0bb	A02-01	functions/pf-api/a02-01_api_product_popup_product.md	64	利用者視点の入口	記事内ポップアップ用の商品情報取得	`GET /popup/product/{lang}/{productId}`	商品IDと言語に対応するポップアップ用商品情報をJSONで返す。該当が無い場合は404を返す。	/popup/product/{lang}/{productId}		
EV-e44dedae	A02-02	functions/pf-api/a02-02_api_product_popup_card.md	61	利用者視点の入口	記事内ポップアップ用のカード情報取得	`GET /popup/card/{lang}/{cardId}`	カードID・言語に対応するポップアップ用商品情報をJSONで返す。クエリのフォイル有無・価格を条件に加える。該当が無い場合は404を返す。	/popup/card/{lang}/{cardId}		
EV-a528494d	A02-03	functions/pf-api/a02-03_api_product_popup_product_old.md	49	利用者視点の入口	旧商品IDによるポップアップ用商品情報取得	`GET /popup/old/{oldProductId}`	旧商品IDに対応するポップアップ用商品情報をJSONで返す。該当が無い場合は404を返す。	/popup/old/{oldProductId}		
EV-353054b7	A02-04	functions/pf-api/a02-04_api_product_popup_card_old.md	51	利用者視点の入口	旧商品IDと言語によるポップアップ用商品情報取得	`GET /popup/old/{lang}/{oldProductId}`	旧商品IDと言語に対応するポップアップ用商品情報をJSONで返す。該当が無い場合は404を返す。	/popup/old/{lang}/{oldProductId}		
EV-d4ed7baa	A02-05	functions/pf-api/a02-05_api_product_updated_product_class.md	58	利用者視点の入口	更新商品規格の取得	`GET /updateProducts/{strFromDate}/{strToDate}`	指定期間内に更新された商品規格を、件数とともにJSONで返す。	/updateProducts/{strFromDate}/{strToDate}		
EV-e33e3a7f	A05-01	functions/pf-api/a05-01_api_order_print_direct.md	71	利用者視点の入口	印刷情報をプリンタへ送信（A05-01）	`GET /order/print/direct`（`ConnectionType`が`GetRequest`）	印刷対象受注のスタック用紙印刷情報をXMLで返す。対象が無い場合は空のデータを返す。	/order/print/direct		A05-01
EV-cfa813ce	A05-01	functions/pf-api/a05-01_api_order_print_direct.md	72	利用者視点の入口	該当受注のステータスを印刷済みに変更（A05-02）	`POST /order/print/direct`（`ConnectionType`が`SetResponse`）	印刷完了として受け取った受注のステータスをピック中へ更新し、空の本文を返す。	/order/print/direct		A05-02
EV-57d86704	A05-02	functions/pf-api/a05-02_api_order_print_direct.md	71	利用者視点の入口	印刷情報をプリンタへ送信（A05-01）	`GET /order/print/direct`（`ConnectionType`が`GetRequest`）	印刷対象受注のスタック用紙印刷情報をXMLで返す。対象が無い場合は空のデータを返す。	/order/print/direct		A05-01
EV-c1f363c0	A05-02	functions/pf-api/a05-02_api_order_print_direct.md	72	利用者視点の入口	該当受注のステータスを印刷済みに変更（A05-02）	`POST /order/print/direct`（`ConnectionType`が`SetResponse`）	印刷完了として受け取った受注のステータスをピック中へ更新し、空の本文を返す。	/order/print/direct		A05-02
EV-5134e309	A06-01	functions/pf-api/a06-01_api_store_purchase_admin_login.md	61	利用者視点の入口	買取アプリからのログイン	`POST /admin/login.json`	ログインIDとパスワードを中継して認証し、成功時は会員情報とJWTトークンのJSONを返す。失敗時は認証拒否（HTTP 401）のJSONを返す。	/admin/login.json		
EV-bab1f94d	A06-01	functions/pf-api/a06-01_api_store_purchase_admin_login.md	62	利用者視点の入口	同上（拡張子なし別名）	`POST /admin/login`	上と同一処理。	/admin/login		
EV-c566cb5f	A06-02	functions/pf-api/a06-02_api_store_purchase_otc_buy_order_list.md	69	利用者視点の入口	店頭買取受注一覧の取得	`GET /admin/otcBuyOrders.json`	査定対象の状態にある店頭買取受注を受注ID昇順で抽出し、受注ごとの基本情報と申込者情報の配列を返す。会員が店舗に紐づく場合はその店舗の受注に絞る。該当が無い場合は空配列を返す。	/admin/otcBuyOrders.json		
EV-fce17f4e	A06-02	functions/pf-api/a06-02_api_store_purchase_otc_buy_order_list.md	70	利用者視点の入口	同上（拡張子なし別名）	`GET /admin/otcBuyOrders`	上と同一処理。	/admin/otcBuyOrders		
EV-d1aa87a6	A06-03	functions/pf-api/a06-03_api_store_purchase_otc_buy_order_update.md	72	利用者視点の入口	店頭買取受注の詳細更新	`PUT /admin/otcBuyOrder/{id}.json`	受注IDの店頭買取受注について、既存の明細・個別入力商品・在庫・在庫履歴を削除して送られた明細で作り直し、受注のステータス・買取合計金額・査定担当者・更新日時などを保存する。成功時はコード200のJSONを返す。	/admin/otcBuyOrder/{id}.json		
EV-2d9458ae	A06-04	functions/pf-api/a06-04_api_store_purchase_otc_buy_order_free_comment.md	59	利用者視点の入口	店頭買取受注のコメント更新	`PUT /admin/otcBuyOrder/{id}/freeComment`	受注IDの店頭買取受注のフリーコメントと更新担当者を保存し、成功時はコード200のJSONを返す。	/admin/otcBuyOrder/{id}/freeComment		
EV-7f077dd3	A06-04	functions/pf-api/a06-04_api_store_purchase_otc_buy_order_free_comment.md	60	利用者視点の入口	同上（拡張子あり別名）	`PUT /admin/otcBuyOrder/{id}/freeComment.json`	上と同一処理。	/admin/otcBuyOrder/{id}/freeComment.json		
EV-fa287432	A06-05	functions/pf-api/a06-05_api_store_purchase_otc_buy_order_status.md	68	利用者視点の入口	店頭買取受注のステータス更新	`PUT /admin/otcBuyOrder/{id}/status.json`	受注IDの店頭買取受注のステータスと査定担当者・更新日時を保存し、変更履歴を登録する。成功時はコード200のJSONを返す。	/admin/otcBuyOrder/{id}/status.json		
EV-8b8e2c46	A06-05	functions/pf-api/a06-05_api_store_purchase_otc_buy_order_status.md	69	利用者視点の入口	同上（拡張子なし別名）	`PUT /admin/otcBuyOrder/{id}/status`	上と同一処理。	/admin/otcBuyOrder/{id}/status		
EV-84de89d9	A06-06	functions/pf-api/a06-06_api_buying_products_by_detail.md	39	利用者視点の入口	カード詳細IDから買取用商品情報取得	`GET /buying/{detailId}`	カード詳細IDに対応する買取用商品情報をJSONで返す。該当が無い場合は404を返す。	/buying/{detailId}		
EV-44c0f0ea	A06-07	functions/pf-api/a06-07_api_buying_products_by_ids.md	39	利用者視点の入口	商品IDリストから買取用商品情報取得	`POST /buying/products`	カンマ区切りの商品IDリストに対応する買取用商品情報をJSONで返す。0件でもエラーとしない。	/buying/products		
EV-e43f36ff	A06-08	functions/pf-api/a06-08_api_store_purchase_buying_products_search.md	40	利用者視点の入口	カード名から買取用商品情報取得	`GET /search`（クエリパラメータで条件指定）	条件に一致する買取用商品情報を、カードの索引付きでJSONで返す。該当が無い場合は404を返す。	/search		
EV-847fda0f	A06-09	functions/pf-api/a06-09_api_product_search_by_name.md	51	利用者視点の入口	商品名による商品詳細の取得	`GET /product/search`	クエリの商品名に該当する商品を検索し、商品詳細情報と商品規格をJSONで返す。該当が無い場合は404を返す。	/product/search		
EV-ffcc01fb	A06-09	functions/pf-api/a06-09_api_product_search_by_name.md	52	利用者視点の入口	同上（拡張子あり別名）	`GET /product/search.json`	上と同一処理。	/product/search.json		
EV-fc17956d	A06-10	functions/pf-api/a06-10_api_buying_products_by_ids.md	39	利用者視点の入口	商品IDリストから買取用商品情報取得	`POST /buying/products`	カンマ区切りの商品IDリストに対応する買取用商品情報をJSONで返す。0件でもエラーとしない。	/buying/products		
EV-5a16c0b4	A06-11	functions/pf-api/a06-11_api_store_purchase_section_list.md	49	利用者視点の入口	部門一覧を取得	`GET /section.json`	公開対象の部門一覧を、コードとメッセージとともにJSONで返す。	/section.json		
EV-2e66876b	A06-12	functions/pf-api/a06-12_api_store_purchase_fixed_price_section.md	48	利用者視点の入口	固定価格部門を取得	`GET /fixedPriceSection.json`	固定価格部門の部門IDを、コードとともにJSONで返す。	/fixedPriceSection.json		
EV-83fd6ed9	A06-13	functions/pf-api/a06-13_api_store_purchase_otc_buy_order_identification.md	65	利用者視点の入口	店頭買取受注の本人確認更新	`PUT /admin/otcBuyOrder/{id}/identification`	受注IDの店頭買取受注に本人確認証明書を設定し、更新担当者・更新日時とともに保存して、成功時はコード200のJSONを返す。	/admin/otcBuyOrder/{id}/identification		
EV-fb8d4734	A06-13	functions/pf-api/a06-13_api_store_purchase_otc_buy_order_identification.md	66	利用者視点の入口	同上（拡張子あり別名）	`PUT /admin/otcBuyOrder/{id}/identification.json`	上と同一処理。	/admin/otcBuyOrder/{id}/identification.json		
EV-31493b04	A06-17	functions/pf-api/a06-17_api_buying_products_by_detail.md	39	利用者視点の入口	カード詳細IDから買取用商品情報取得	`GET /buying/{detailId}`	カード詳細IDに対応する買取用商品情報をJSONで返す。該当が無い場合は404を返す。	/buying/{detailId}		
EV-04fc3ff3	A06-18	functions/pf-api/a06-18_api_buying_products_by_ids.md	39	利用者視点の入口	商品IDリストから買取用商品情報取得	`POST /buying/products`	カンマ区切りの商品IDリストに対応する買取用商品情報をJSONで返す。0件でもエラーとしない。	/buying/products		
EV-14329051	A07-01	functions/pf-api/a07-01_api_online_purchase_bulk_purchase_id.md	59	利用者視点の入口	まとめ買取商品IDの取得	`GET /admin/optionBulkPurchaseId.json`	オプションマスタのまとめ買取商品IDの設定値を返す。	/admin/optionBulkPurchaseId.json		
EV-20466d31	A07-02	functions/pf-api/a07-02_api_online_purchase_buy_order_list.md	65	利用者視点の入口	ネット買取受注一覧の取得	`GET /admin/buyOrders.json`	査定対象の状態にあるネット買取受注を受注ID昇順で抽出し、受注ごとの基本情報と申込者情報の配列を返す。該当が無い場合は空配列を返す。	/admin/buyOrders.json		
EV-3fb36e11	A07-03	functions/pf-api/a07-03_api_online_purchase_buy_order_free_comment.md	59	利用者視点の入口	ネット買取受注のコメント更新	`PUT /admin/buyOrder/{id}/freeComment.json`	受注IDのネット買取受注のフリーコメントと更新担当者を保存し、成功時はコード200のJSONを返す。	/admin/buyOrder/{id}/freeComment.json		
EV-0e618d32	A07-04	functions/pf-api/a07-04_api_online_purchase_buy_order_status.md	64	利用者視点の入口	ネット買取受注のステータス更新	`PUT /admin/buyOrder/{id}/status.json`	受注IDのネット買取受注のステータスと更新担当者・更新日時を保存し、変更履歴を登録する。成功時はコード200のJSONを返す。	/admin/buyOrder/{id}/status.json		
EV-c45f0892	A07-05	functions/pf-api/a07-05_api_online_purchase_buy_order_end.md	68	利用者視点の入口	ネット買取注文の査定終了処理	`PUT /admin/buyOrder/{id}.json`	受注IDのネット買取受注に対し、送られた明細とステータスを反映する。明細の登録・更新・削除、合計額・ステータスの更新、ステータス変更時の履歴登録を行い、成功時はコード200のJSONを返す。	/admin/buyOrder/{id}.json		
EV-30c63a3b	A07-06	functions/pf-api/a07-06_api_online_purchase_buy_main_card.md	58	利用者視点の入口	複数ネット買取IDから買取代表カード一覧取得	`POST /admin/buyMainCard.json`	カンマ区切りのネット買取受注IDリストに紐づく買取代表カードの配列をJSONで返す。各要素に状態別の申込時買取価格を付与する。該当0件のときは空配列を返す。	/admin/buyMainCard.json		
EV-7c29e711	A07-07	functions/pf-api/a07-07_api_online_purchase_buy_order_indivisual_input_product.md	54	利用者視点の入口	複数ネット買取IDから個別入力商品一覧取得	`POST /admin/buyOrderIndivisualInputProduct.json`	カンマ区切りのネット買取受注IDリストに紐づく個別入力商品の配列をJSONで返す。該当0件のときは空配列を返す。	/admin/buyOrderIndivisualInputProduct.json		
EV-5e9dc0b4	A08-01	functions/pf-api/a08-01_api_top_banner_get.md	45	利用者視点の入口	トップバナーIDのトップバナー情報取得	`GET /topBanner/{id}`	トップバナーIDに対応するトップバナー情報をJSONで返す。該当が無い場合は404を返す。	/topBanner/{id}		
EV-9bb33d9b	A08-02	functions/pf-api/a08-02_api_top_banner_list.md	45	利用者視点の入口	指定言語の設定済みトップバナー一覧取得	`GET /topBanners/{languageCode}`	指定言語の設定済みトップバナー一覧をJSONで返す。言語が存在しない場合は404を返す。	/topBanners/{languageCode}		
EV-83d3d395	A14-01	functions/pf-api/a14-01_api_card_card_get.md	44	利用者視点の入口	カードIDからカード情報を取得	`GET /cards/{id}`	カードIDに対応するカードマスタ情報をJSONで返す。該当が無い場合は404を返す。	/cards/{id}		
EV-05bd18b6	A14-02	functions/pf-api/a14-02_api_card_card_detail_get.md	48	利用者視点の入口	カード詳細IDからカード詳細情報を取得	`GET /cardDetails/{id}`	カード詳細IDに対応するカード詳細情報をJSONで返す。該当が無い場合は404を返す。	/cardDetails/{id}		
EV-46eda112	A14-03	functions/pf-api/a14-03_api_card_card_search_single.md	49	利用者視点の入口	検索クエリに一致するカード1件取得	`GET /card`（クエリパラメータで条件指定）	条件に一致するカードを1件JSONで返す。該当が無い場合は404を返す。	/card		
EV-2b2504aa	A15-01	functions/pf-api/a15-01_api_deck_builder_deck_login.md	68	利用者視点の入口	デッキビルダーアプリからのログイン	`POST /user/login`	メールアドレスとパスワードを検証・照合し、成功時はアクセストークンとセッションIDのJSONを返す。入力不正は入力不正（HTTP 400）、照合不一致は認証拒否（HTTP 401）のJSONを返す。	/user/login		
EV-ef8ffd2d	A15-02	functions/pf-api/a15-02_api_deck_builder_deck_logout.md	63	利用者視点の入口	デッキビルダーアプリからのログアウト	`POST /user/logout`	`jwt-token`ヘッダのトークンを検証し、認証できた場合はトークンCookieを空に設定して成功（HTTP 200）のJSONを返す。ヘッダ欠落・トークン不正・該当プレイヤーなしは認証拒否（HTTP 401）のJSONを返す。	/user/logout		
EV-05d715a9	A15-03	functions/pf-api/a15-03_api_deck_builder_deck_user_get.md	62	利用者視点の入口	自分のユーザー情報参照	`GET /user`	`jwt-token`ヘッダから特定したプレイヤーのニックネーム・プロフィール・デッキユーザーIDを、コード200のJSONで返す。	/user		
EV-c26f9472	A15-04	functions/pf-api/a15-04_api_deck_builder_deck_user_other_get.md	62	利用者視点の入口	他ユーザー情報参照	`GET /user?deck_user_id={deckUserId}`	クエリのデッキユーザーIDに一致するプレイヤーのニックネーム・プロフィール・デッキユーザーIDを、コード200のJSONで返す。認証は行わない。	/user		
EV-b175a592	A15-05	functions/pf-api/a15-05_api_deck_builder_deck_user_update.md	58	利用者視点の入口	自分のユーザー情報変更	`PUT /user`	`jwt-token`ヘッダから特定したプレイヤーのニックネームとプロフィールを保存し、成功時はコード200のJSONを返す。	/user		
EV-9382a4ad	A15-06	functions/pf-api/a15-06_api_deck_builder_deck_master.md	57	利用者視点の入口	マスタ検索	`GET /master/{name}`	パスのマスタ名に対応するマスタの全件を、ラッパとともに返す。公開対象でない、または存在しないマスタ名は該当なし（HTTP 404）とする。	/master/{name}		
EV-55d53f7a	A15-07	functions/pf-api/a15-07_api_deck_builder_deck_archetype_search.md	56	利用者視点の入口	アーキタイプ検索	`GET /archetypes/{formatId}`	指定フォーマットに属するアーキタイプ一覧を、ラッパとともに返す。フォーマットが存在しない場合は該当なし（HTTP 404）とする。	/archetypes/{formatId}		
EV-244fc21f	A15-08	functions/pf-api/a15-08_api_deck_builder_deck_card_search.md	59	利用者視点の入口	カード検索	`GET /cards`	クエリの検索条件に一致するカードの配列と総件数を、ラッパとともに返す。条件に一致しない場合は空配列と総件数0を返す。	/cards		
EV-fbc54a29	A15-09	functions/pf-api/a15-09_api_deck_builder_deck_register.md	63	利用者視点の入口	デッキ情報の新規登録	`POST /deck`	認証したプレイヤーのデッキ本体と採用カードを保存し、成功時はコード200と発番したデッキIDのJSONを返す。	/deck		
EV-6cd8eb7f	A15-10	functions/pf-api/a15-10_api_deck_builder_deck_update.md	62	利用者視点の入口	デッキ情報の更新	`PUT /deck/{id}`	認証したプレイヤーが所有するデッキIDのデッキを、即時保存フラグに応じてデータベース確定保存またはRedis一時保存し、成功時はコード200のJSONを返す。	/deck/{id}		
EV-24f86596	A15-11	functions/pf-api/a15-11_api_deck_builder_deck_delete.md	57	利用者視点の入口	デッキ情報の削除	`DELETE /deck/{id}`	認証したプレイヤーが所有するデッキIDのデッキを論理削除し、Redis一時保存を削除する。成功時はコード200のJSONを返す。	/deck/{id}		
EV-b71e407b	A15-12	functions/pf-api/a15-12_api_deck_builder_deck_get.md	63	利用者視点の入口	デッキ情報の参照	`GET /deck/{id}`	デッキIDの下書きまたはデータベース上のデッキ情報を、公開範囲に応じた可否判定のうえで返す。参照不可・該当なしの場合は該当なし（HTTP 404）とする。	/deck/{id}		
EV-f9825813	A15-13	functions/pf-api/a15-13_api_deck_builder_deck_search.md	63	利用者視点の入口	デッキ情報の検索	`GET /decks`	検索条件に一致するデッキ一覧と総件数を、ページング付きで返す。自分のデッキ検索モードでは認証を要する。	/decks		
EV-8f800d67	A15-14	functions/pf-api/a15-14_api_deck_builder_deck_metagame.md	60	利用者視点の入口	メタゲーム情報参照	`GET /metagame`	クエリの`format_id`で指定したフォーマットについて、集計範囲内の大会デッキをアーキタイプ別に集計し、件数と占有率をコード200のJSONで返す。	/metagame		
EV-96497ea8	A15-15	functions/pf-api/a15-15_api_deck_builder_deck_usage_card.md	60	利用者視点の入口	採用枚数情報参照	`GET /deck/usage_card/{formatId}`	パスのフォーマット識別子について、集計範囲内の公開・大会デッキからカード別の平均採用枚数を集計し、上位から最大件数分をコード200のJSONで返す。	/deck/usage_card/{formatId}		
EV-8f6e95bb	A15-16	functions/pf-api/a15-16_api_deck_builder_deck_recent_event.md	55	利用者視点の入口	直近大会情報取得	`GET /recent_event`	最新大会デッキのマスタから、大会日・大会名が有効な大会の一覧をコード200のJSONで返す。	/recent_event		
EV-068e1c78	A15-17	functions/pf-api/a15-17_api_deck_builder_deck_import_register.md	64	利用者視点の入口	デッキ登録インポート	`POST /deck/import`	`jwt-token`ヘッダから特定したプレイヤーを所有者として、`card_list`を解読してデッキを新規登録し、新規デッキ識別子をコード200のJSONで返す。解読できない行があるときはコード206を返す。	/deck/import		
EV-b768818c	A15-18	functions/pf-api/a15-18_api_deck_builder_deck_import_update.md	64	利用者視点の入口	デッキ更新インポート	`PUT /deck/import/{id}`	`jwt-token`ヘッダから特定したプレイヤーが所有する、パスの`id`のデッキを対象に、`card_list`を解読して内容を上書き更新し、デッキ識別子をコード200のJSONで返す。解読できない行があるときはコード206を返す。	/deck/import/{id}		
EV-fe9cc28b	A16-01	functions/pf-api/a16-01_api_top_banner_get.md	45	利用者視点の入口	トップバナーIDのトップバナー情報取得	`GET /topBanner/{id}`	トップバナーIDに対応するトップバナー情報をJSONで返す。該当が無い場合は404を返す。	/topBanner/{id}		
EV-d27f9d9b	A16-02	functions/pf-api/a16-02_api_top_banner_list.md	45	利用者視点の入口	指定言語の設定済みトップバナー一覧取得	`GET /topBanners/{languageCode}`	指定言語の設定済みトップバナー一覧をJSONで返す。言語が存在しない場合は404を返す。	/topBanners/{languageCode}		
EV-d8cdb56c	A17-01	functions/pf-api/a17-01_api_other_article_search_single.md	51	利用者視点の入口	検索クエリに一致する記事1件取得	`GET /article`（クエリパラメータで条件指定）	条件に一致する記事を1件JSONで返す。該当が無い場合は404を返す。	/article		
EV-3f0c7f03	A17-02	functions/pf-api/a17-02_api_other_article_related.md	41	利用者視点の入口	記事IDに関連する記事情報取得	`GET /article/related/{id}`	当該記事IDに関連する記事情報をJSONで返す。	/article/related/{id}		
EV-ffdb7efe	A17-04	functions/pf-api/a17-04_api_other_product_detail.md	68	利用者視点の入口	商品IDによる商品詳細の取得	`GET /product/detail/{productId}`	商品IDと言語に対応する商品詳細をJSONで返す。該当が無い場合は404を返す。	/product/detail/{productId}		
EV-2967d2fc	A17-04	functions/pf-api/a17-04_api_other_product_detail.md	69	利用者視点の入口	同上（拡張子あり別名）	`GET /product/detail/{productId}.json`	上と同一処理。	/product/detail/{productId}.json		
EV-158c491b	A17-05	functions/pf-api/a17-05_api_product_search_by_name.md	51	利用者視点の入口	商品名による商品詳細の取得	`GET /product/search`	クエリの商品名に該当する商品を検索し、商品詳細情報と商品規格をJSONで返す。該当が無い場合は404を返す。	/product/search		
EV-12365fb8	A17-05	functions/pf-api/a17-05_api_product_search_by_name.md	52	利用者視点の入口	同上（拡張子あり別名）	`GET /product/search.json`	上と同一処理。	/product/search.json		
