要求ID	判定	重要度	指摘区分	乖離種別	設計根拠_引用	設計期待値	実装参照	実装実態	判定根拠	画像確認メモ	確信度	根本原因
sheet-1-R001	OUT_OF_SCOPE								表紙の顧客名表記。設計書の表題情報であり、実装に対応する要求ではない。シート「表紙」にはレイアウト図が0枚で、画面仕様・処理仕様の記述は一切含まれない。	sheet-1 に画像は0枚（images/ に sheet-1_img* は存在しない）。確認済み。	high	
sheet-1-R002	OUT_OF_SCOPE								表紙の対象機能名（本設計書が扱う範囲の名称）。表題であって、何がどうなるかを述べた仕様ではない。	sheet-1 に画像は0枚（images/ に sheet-1_img* は存在しない）。確認済み。	high	
sheet-1-R003	OUT_OF_SCOPE								表紙の文書種別名。文書の表題であり、実装対象の要求ではない。	sheet-1 に画像は0枚（images/ に sheet-1_img* は存在しない）。確認済み。	high	
sheet-1-R004	OUT_OF_SCOPE								改訂履歴表の見出し行（Ver/改訂内容/改訂者/改訂日）。表のヘッダであり要求ではない。	sheet-1 に画像は0枚（images/ に sheet-1_img* は存在しない）。確認済み。	high	
sheet-1-R005	OUT_OF_SCOPE								改訂履歴の1行（0.1 新規作成 緑川 2025-07-18）。文書管理情報であり、実装に対応する要求ではない。	sheet-1 に画像は0枚（images/ に sheet-1_img* は存在しない）。確認済み。	high	
sheet-2-R001	OUT_OF_SCOPE								目次シートの見出し・シート名の列挙であり、実装に対応する要求ではない（『目次』は他シートへの参照）。画像0枚。	sheet-2に画像は無い（images/配下にsheet-2_img*は存在しない）。	high	
sheet-2-R002	OUT_OF_SCOPE								目次シートの見出し・シート名の列挙であり、実装に対応する要求ではない（『画面遷移設計』は他シートへの参照）。画像0枚。	sheet-2に画像は無い（images/配下にsheet-2_img*は存在しない）。	high	
sheet-2-R003	OUT_OF_SCOPE								目次シートの見出し・シート名の列挙であり、実装に対応する要求ではない（『画面遷移図』は他シートへの参照）。画像0枚。	sheet-2に画像は無い（images/配下にsheet-2_img*は存在しない）。	high	
sheet-2-R004	OUT_OF_SCOPE								目次シートの見出し・シート名の列挙であり、実装に対応する要求ではない（『画面設計』は他シートへの参照）。画像0枚。	sheet-2に画像は無い（images/配下にsheet-2_img*は存在しない）。	high	
sheet-2-R005	OUT_OF_SCOPE								目次シートの見出し・シート名の列挙であり、実装に対応する要求ではない（『F04-01 買い物かご』は他シートへの参照）。画像0枚。	sheet-2に画像は無い（images/配下にsheet-2_img*は存在しない）。	high	
sheet-2-R006	OUT_OF_SCOPE								目次シートの見出し・シート名の列挙であり、実装に対応する要求ではない（『F04-02 ご注文方法指定』は他シートへの参照）。画像0枚。	sheet-2に画像は無い（images/配下にsheet-2_img*は存在しない）。	high	
sheet-2-R007	OUT_OF_SCOPE								目次シートの見出し・シート名の列挙であり、実装に対応する要求ではない（『F04-03 配送先の新規登録・変更』は他シートへの参照）。画像0枚。	sheet-2に画像は無い（images/配下にsheet-2_img*は存在しない）。	high	
sheet-2-R008	OUT_OF_SCOPE								目次シートの見出し・シート名の列挙であり、実装に対応する要求ではない（『F04-03 配送先の新規登録・確認』は他シートへの参照）。画像0枚。	sheet-2に画像は無い（images/配下にsheet-2_img*は存在しない）。	high	
sheet-2-R009	OUT_OF_SCOPE								目次シートの見出し・シート名の列挙であり、実装に対応する要求ではない（『F04-04 決済~購入完了』は他シートへの参照）。画像0枚。	sheet-2に画像は無い（images/配下にsheet-2_img*は存在しない）。	high	
sheet-2-R010	OUT_OF_SCOPE								目次シートの見出し・シート名の列挙であり、実装に対応する要求ではない（『F06-06 注文購入履歴一覧』は他シートへの参照）。画像0枚。	sheet-2に画像は無い（images/配下にsheet-2_img*は存在しない）。	high	
sheet-2-R011	OUT_OF_SCOPE								目次シートの見出し・シート名の列挙であり、実装に対応する要求ではない（『F06-07 注文購入履歴詳細』は他シートへの参照）。画像0枚。	sheet-2に画像は無い（images/配下にsheet-2_img*は存在しない）。	high	
sheet-2-R012	OUT_OF_SCOPE								目次シートの見出し・シート名の列挙であり、実装に対応する要求ではない（『別途資料』は他シートへの参照）。画像0枚。	sheet-2に画像は無い（images/配下にsheet-2_img*は存在しない）。	high	
sheet-2-R013	OUT_OF_SCOPE								目次シートの見出し・シート名の列挙であり、実装に対応する要求ではない（『別添資料_注文ステータスと表示画像の紐付け』は他シートへの参照）。画像0枚。	sheet-2に画像は無い（images/配下にsheet-2_img*は存在しない）。	high	
sheet-3-R001	OUT_OF_SCOPE				現行機能をベースに下記カスタマイズを入れる				カスタマイズ説明の前置き。以降の箇条書きの導入文であり、単独では何がどうなるかを述べていないため実装対象の要求ではない。	sheet-3_img1.png（カート画面レイアウト図）で ①STEP表示 ②商品画像 ③言語 ④商品名 ⑤状態 ⑥販売価格 ⑦数量 ⑧-/⑨+ ⑪削除 ⑩小計 ⑫あと¥26,360で送料無料 ⑬合計(税込) ⑮ご購入手続きへ ⑭他の商品を見る ⑯カート一括削除 を確認。sheet-3_img2.png は購入グループ同時注文不可のエラー帯を確認。	high	
sheet-3-R002	OUT_OF_SCOPE				カート内商品の数量変更に伴う処理について				見出し行。実体の仕様は同ブロックの後続行（R003〜R007）に書かれている。	sheet-3_img1.png（カート画面レイアウト図）で ①STEP表示 ②商品画像 ③言語 ④商品名 ⑤状態 ⑥販売価格 ⑦数量 ⑧-/⑨+ ⑪削除 ⑩小計 ⑫あと¥26,360で送料無料 ⑬合計(税込) ⑮ご購入手続きへ ⑭他の商品を見る ⑯カート一括削除 を確認。sheet-3_img2.png は購入グループ同時注文不可のエラー帯を確認。	high	
sheet-3-R003	MATCHED				カート内の商品数を変更する際、以下の処理を画面再読み込みせずに行われるようにする	カート内の数量を変更しても画面全体を読み込み直さずに、その場で表示が更新される	src/Eccube/Resource/template/default/Cart/index.twig:104-140; src/Eccube/Controller/Front/CartController.php:338-371	数量入力の変更と＋／−ボタンの押下は非同期要求で処理され、応答の明細・合計で画面の該当箇所だけを書き換える。カートが空になった場合のみ画面を読み込み直す。	index.twig:104-116 で数量入力の change、118-140 で＋／−の click を受け、sendCartRequest(58-74) が非同期要求を送る。CartController.php:338-371 が同要求に対し明細と集計を返し、index.twig:76-102 の handleCartSuccess が数量・小計・合計・送料無料案内を画面上で差し替えるため、画面の読み込み直しは起きない。	sheet-3_img1.png（カート画面レイアウト図）で ①STEP表示 ②商品画像 ③言語 ④商品名 ⑤状態 ⑥販売価格 ⑦数量 ⑧-/⑨+ ⑪削除 ⑩小計 ⑫あと¥26,360で送料無料 ⑬合計(税込) ⑮ご購入手続きへ ⑭他の商品を見る ⑯カート一括削除 を確認。sheet-3_img2.png は購入グループ同時注文不可のエラー帯を確認。	high	
sheet-3-R004	MATCHED				・カート内商品の合計金額を自動で再計算する	数量を変えると合計金額が自動で計算し直され、表示に反映される	src/Eccube/Resource/template/default/Cart/index.twig:88-98; src/Eccube/Controller/Front/CartController.php:131-178	非同期応答に含まれる小計・合計・送料無料までの残額で、明細の小計欄・合計欄・送料無料案内を書き換える。	CartController.php:131-178 の集計構築が合計金額と送料無料までの残額を返し、index.twig:88 が明細の小計を、91 が合計金額を、92-98 が送料無料案内を書き換える。	sheet-3_img1.png（カート画面レイアウト図）で ①STEP表示 ②商品画像 ③言語 ④商品名 ⑤状態 ⑥販売価格 ⑦数量 ⑧-/⑨+ ⑪削除 ⑩小計 ⑫あと¥26,360で送料無料 ⑬合計(税込) ⑮ご購入手続きへ ⑭他の商品を見る ⑯カート一括削除 を確認。sheet-3_img2.png は購入グループ同時注文不可のエラー帯を確認。	high	
sheet-3-R005	MATCHED				・在庫数を超える商品数を入力できないようにする	カート表示時点の在庫数を超える数量は入力も加算もできない	src/Eccube/Resource/template/default/Cart/index.twig:236-243; src/Eccube/Resource/template/default/Cart/index.twig:110-111; src/Eccube/Resource/template/default/Cart/index.twig:130-137	カート描画時に在庫数（無制限でなければ在庫数、販売制限があれば小さい方）を上限として明細に持たせ、数量入力は上限を超えると上限値に丸められ、＋ボタンは上限に達すると押せなくなる。	index.twig:236-243 で在庫と販売制限から上限を決め、266-267 で入力欄の上限属性と＋ボタンの無効化に使う。110-111 で入力値が上限を超えた場合に上限値へ丸め、130-137 と 42-48 で上限到達時の＋を無効にする。	sheet-3_img1.png（カート画面レイアウト図）で ①STEP表示 ②商品画像 ③言語 ④商品名 ⑤状態 ⑥販売価格 ⑦数量 ⑧-/⑨+ ⑪削除 ⑩小計 ⑫あと¥26,360で送料無料 ⑬合計(税込) ⑮ご購入手続きへ ⑭他の商品を見る ⑯カート一括削除 を確認。sheet-3_img2.png は購入グループ同時注文不可のエラー帯を確認。	high	
sheet-3-R006	MATCHED				・購入上限数を超える商品数を入力できないようにする	購入上限数を超える数量は入力も加算もできない	src/Eccube/Resource/template/default/Cart/index.twig:237-243; src/Eccube/Resource/template/default/Cart/index.twig:110-111; src/Eccube/Resource/template/default/Cart/index.twig:42-48	購入上限（販売制限数）は在庫数と比較して小さい方が明細の上限となり、在庫数と同じ経路で入力の丸めと＋ボタンの無効化に使われる。	index.twig:237 で購入上限を取得し、239 と 242 で上限値の決定に使う。以降は index.twig:110-111 の丸めと 42-48 のボタン制御に反映される。	sheet-3_img1.png（カート画面レイアウト図）で ①STEP表示 ②商品画像 ③言語 ④商品名 ⑤状態 ⑥販売価格 ⑦数量 ⑧-/⑨+ ⑪削除 ⑩小計 ⑫あと¥26,360で送料無料 ⑬合計(税込) ⑮ご購入手続きへ ⑭他の商品を見る ⑯カート一括削除 を確認。sheet-3_img2.png は購入グループ同時注文不可のエラー帯を確認。	high	
sheet-3-R007	MATCHED				・商品点数は0以下を入力できないようにする	数量として0以下は確定できず、1未満を入れても直前の値に戻る	src/Eccube/Resource/template/default/Cart/index.twig:109; src/Eccube/Resource/template/default/Cart/index.twig:45; src/Eccube/Resource/template/default/Cart/index.twig:263	数量入力が1未満または数値でない場合は直前の値（無ければ1）へ戻し、数量1の明細では−ボタンを押せなくしている。	index.twig:109 が 1 未満の入力を直前値へ戻し、45 と 263 が数量1以下のとき−ボタンを無効にするため、0以下は確定できない。	sheet-3_img1.png（カート画面レイアウト図）で ①STEP表示 ②商品画像 ③言語 ④商品名 ⑤状態 ⑥販売価格 ⑦数量 ⑧-/⑨+ ⑪削除 ⑩小計 ⑫あと¥26,360で送料無料 ⑬合計(税込) ⑮ご購入手続きへ ⑭他の商品を見る ⑯カート一括削除 を確認。sheet-3_img2.png は購入グループ同時注文不可のエラー帯を確認。	high	
sheet-3-R008	OUT_OF_SCOPE				カート内の削除ボタン				見出し行。実体の仕様は同ブロックの次行（R009）に書かれている。	sheet-3_img1.png（カート画面レイアウト図）で ①STEP表示 ②商品画像 ③言語 ④商品名 ⑤状態 ⑥販売価格 ⑦数量 ⑧-/⑨+ ⑪削除 ⑩小計 ⑫あと¥26,360で送料無料 ⑬合計(税込) ⑮ご購入手続きへ ⑭他の商品を見る ⑯カート一括削除 を確認。sheet-3_img2.png は購入グループ同時注文不可のエラー帯を確認。	high	
sheet-3-R009	MATCHED				・削除ボタンを押下時は画面をリロードし、商品を削除する	明細の削除ボタンを押すと該当商品がカートから削除され、買い物かご画面が読み込み直される	src/Eccube/Resource/template/default/Cart/index.twig:258-261; html/template/default/assets/js/function.js:188-208; src/Eccube/Controller/Front/CartController.php:312-313; src/Eccube/Controller/Front/CartController.php:377	削除は画面内で書き換えるのではなく、その場で組み立てたフォームの送信によって画面遷移を伴う要求となり、削除後に買い物かご画面へ戻る。	index.twig:258 の削除リンクは function.js:188-208 によりフォーム送信となり画面遷移する。CartController.php:312-313 が該当商品を削除し、377 で買い物かご画面へ戻すため画面は読み込み直される。	sheet-3_img1.png（カート画面レイアウト図）で ①STEP表示 ②商品画像 ③言語 ④商品名 ⑤状態 ⑥販売価格 ⑦数量 ⑧-/⑨+ ⑪削除 ⑩小計 ⑫あと¥26,360で送料無料 ⑬合計(税込) ⑮ご購入手続きへ ⑭他の商品を見る ⑯カート一括削除 を確認。sheet-3_img2.png は購入グループ同時注文不可のエラー帯を確認。	high	
sheet-3-R010	OUT_OF_SCOPE				カートの表示				見出し行。実体の仕様は同ブロックの次行（R011）に書かれている。	sheet-3_img1.png（カート画面レイアウト図）で ①STEP表示 ②商品画像 ③言語 ④商品名 ⑤状態 ⑥販売価格 ⑦数量 ⑧-/⑨+ ⑪削除 ⑩小計 ⑫あと¥26,360で送料無料 ⑬合計(税込) ⑮ご購入手続きへ ⑭他の商品を見る ⑯カート一括削除 を確認。sheet-3_img2.png は購入グループ同時注文不可のエラー帯を確認。	high	
sheet-3-R011	MATCHED				・ユーザーの閲覧店舗に応じて店舗別に異なるカート情報が表示されるようにする	買い物かごには閲覧中の店舗のカートの中身だけが表示される	src/Eccube/Controller/Front/CartController.php:86-94; src/Eccube/Service/Cart/TenantTypeCartAllocator.php:28-31	カートは店舗ごとに分けて保持され、買い物かご画面は閲覧中の店舗のカートだけを取り出して表示する。	CartController.php:86-94 が閲覧店舗を取得し、その店舗のカートだけを表示対象に絞り込む。TenantTypeCartAllocator.php:28-31 で明細が店舗単位に振り分けられる。	sheet-3_img1.png（カート画面レイアウト図）で ①STEP表示 ②商品画像 ③言語 ④商品名 ⑤状態 ⑥販売価格 ⑦数量 ⑧-/⑨+ ⑪削除 ⑩小計 ⑫あと¥26,360で送料無料 ⑬合計(税込) ⑮ご購入手続きへ ⑭他の商品を見る ⑯カート一括削除 を確認。sheet-3_img2.png は購入グループ同時注文不可のエラー帯を確認。	high	
sheet-3-R012	OUT_OF_SCOPE				送料の表示				見出し行。実体の仕様は同ブロックの次行（R013）に書かれている。	sheet-3_img1.png（カート画面レイアウト図）で ①STEP表示 ②商品画像 ③言語 ④商品名 ⑤状態 ⑥販売価格 ⑦数量 ⑧-/⑨+ ⑪削除 ⑩小計 ⑫あと¥26,360で送料無料 ⑬合計(税込) ⑮ご購入手続きへ ⑭他の商品を見る ⑯カート一括削除 を確認。sheet-3_img2.png は購入グループ同時注文不可のエラー帯を確認。	high	
sheet-3-R013	MATCHED				・支店は商品の配送方法が店舗受取のみで送料が存在しないため、支店では送料は表示しない	支店を閲覧しているときは買い物かごに送料に関する表示を出さない	src/Eccube/Resource/template/default/Cart/index.twig:281-289; src/Eccube/EventListener/TwigInitializeListener.php:69	送料に関する表示（送料無料までの残額・送料無料の案内）は本店を閲覧しているときだけ出力され、支店では出力されない。買い物かごの集計欄には他に送料の表示は無い。	index.twig:281 の条件が本店のときだけ送料無料案内を出す。TwigInitializeListener.php:69 が閲覧店舗が本店かどうかを画面に渡している。index.twig:279-305 の集計欄には送料の項目が他に無い。	sheet-3_img1.png（カート画面レイアウト図）で ①STEP表示 ②商品画像 ③言語 ④商品名 ⑤状態 ⑥販売価格 ⑦数量 ⑧-/⑨+ ⑪削除 ⑩小計 ⑫あと¥26,360で送料無料 ⑬合計(税込) ⑮ご購入手続きへ ⑭他の商品を見る ⑯カート一括削除 を確認。sheet-3_img2.png は購入グループ同時注文不可のエラー帯を確認。	high	
sheet-3-R014	OUT_OF_SCOPE				・カスタマイズ要件に記載の内容以外は現行踏襲とする				適用範囲を述べた方針記述。個別の画面挙動を定めていないため、単独では判定対象の要求にならない。	sheet-3_img1.png（カート画面レイアウト図）で ①STEP表示 ②商品画像 ③言語 ④商品名 ⑤状態 ⑥販売価格 ⑦数量 ⑧-/⑨+ ⑪削除 ⑩小計 ⑫あと¥26,360で送料無料 ⑬合計(税込) ⑮ご購入手続きへ ⑭他の商品を見る ⑯カート一括削除 を確認。sheet-3_img2.png は購入グループ同時注文不可のエラー帯を確認。	high	
sheet-3-R015	OUT_OF_SCOPE				・表示について				見出し行。実体の仕様は同ブロックの後続行（R016・R017）に書かれている。	sheet-3_img1.png（カート画面レイアウト図）で ①STEP表示 ②商品画像 ③言語 ④商品名 ⑤状態 ⑥販売価格 ⑦数量 ⑧-/⑨+ ⑪削除 ⑩小計 ⑫あと¥26,360で送料無料 ⑬合計(税込) ⑮ご購入手続きへ ⑭他の商品を見る ⑯カート一括削除 を確認。sheet-3_img2.png は購入グループ同時注文不可のエラー帯を確認。	high	
sheet-3-R016	MATCHED				・本店の表示内容を踏襲する	支店の買い物かごも本店と同じ表示内容になる	src/Eccube/Resource/template/default/Cart/index.twig:154-352	買い物かご画面は本店・支店で同一の画面定義を用い、店舗で分岐するのは送料に関する表示だけである。	index.twig:154-352 が本店・支店共通の画面定義で、店舗による分岐は 281 の送料無料案内のみ。明細・集計・各ボタンは同じ内容が出力される。	sheet-3_img1.png（カート画面レイアウト図）で ①STEP表示 ②商品画像 ③言語 ④商品名 ⑤状態 ⑥販売価格 ⑦数量 ⑧-/⑨+ ⑪削除 ⑩小計 ⑫あと¥26,360で送料無料 ⑬合計(税込) ⑮ご購入手続きへ ⑭他の商品を見る ⑯カート一括削除 を確認。sheet-3_img2.png は購入グループ同時注文不可のエラー帯を確認。	med	
sheet-3-R017	MATCHED				・購入グループが複数カートにある場合エラーを表示する	カート内の商品の購入グループが複数あるときはエラーを表示し、購入手続きへ進ませない	src/Eccube/Controller/Front/CartController.php:142-148; src/Eccube/Resource/template/default/Cart/index.twig:295-299; src/Eccube/Resource/template/default/Cart/index.twig:213-220	カート内の購入グループが2つ以上のときはエラーメッセージを画面上部に出し、購入手続きへのボタンを出さない。	CartController.php:142-148 が購入グループを重複なく取り出し、2つ以上ならエラーを積む。index.twig:213-220 がそのエラーを画面上部に表示し、295-299 がエラー時に購入手続きへのボタンを出さない。	sheet-3_img1.png（カート画面レイアウト図）で ①STEP表示 ②商品画像 ③言語 ④商品名 ⑤状態 ⑥販売価格 ⑦数量 ⑧-/⑨+ ⑪削除 ⑩小計 ⑫あと¥26,360で送料無料 ⑬合計(税込) ⑮ご購入手続きへ ⑭他の商品を見る ⑯カート一括削除 を確認。sheet-3_img2.png は購入グループ同時注文不可のエラー帯を確認。 img2 の文言（「購入グループ1」と「購入グループ2」の商品は同時に注文することが出来ません…）が該当エラーの表示内容。	high	
sheet-3-R018	MATCHED				★ユーザの閲覧店舗に応じて店舗別に異なるカート情報が表示されるようにする	買い物かごには閲覧中の店舗のカートの中身だけが表示される	src/Eccube/Controller/Front/CartController.php:86-94; src/Eccube/Service/Cart/TenantTypeCartAllocator.php:28-31	カートは店舗ごとに分けて保持され、買い物かご画面は閲覧中の店舗のカートだけを取り出して表示する。	CartController.php:86-94 が閲覧店舗のカートだけに絞り込み、TenantTypeCartAllocator.php:28-31 が明細を店舗単位に振り分ける。R011 と同一の仕様の再掲。	sheet-3_img1.png（カート画面レイアウト図）で ①STEP表示 ②商品画像 ③言語 ④商品名 ⑤状態 ⑥販売価格 ⑦数量 ⑧-/⑨+ ⑪削除 ⑩小計 ⑫あと¥26,360で送料無料 ⑬合計(税込) ⑮ご購入手続きへ ⑭他の商品を見る ⑯カート一括削除 を確認。sheet-3_img2.png は購入グループ同時注文不可のエラー帯を確認。	high	
sheet-3-R019	MATCHED				・店舗ごとに商品を保持するため、URLを変更してもカートの中身は引き継がない	別の店舗の画面へ移っても、その店舗のカートの中身だけが表示され、前の店舗の商品は現れない	src/Eccube/Service/CartService.php:268-300; src/Eccube/Service/Cart/TenantTypeCartAllocator.php:28-31; src/Eccube/Controller/Front/CartController.php:89-94	カートは店舗ごとに別々に作られ保持されるため、閲覧店舗が変わると表示されるカートも別のものになる。	CartService.php:268-300 が明細を店舗単位に分けて別々のカートへ格納し、TenantTypeCartAllocator.php:28-31 が店舗で振り分ける。CartController.php:89-94 は閲覧店舗のカートだけを表示するため、店舗をまたいで中身は引き継がれない。	sheet-3_img1.png（カート画面レイアウト図）で ①STEP表示 ②商品画像 ③言語 ④商品名 ⑤状態 ⑥販売価格 ⑦数量 ⑧-/⑨+ ⑪削除 ⑩小計 ⑫あと¥26,360で送料無料 ⑬合計(税込) ⑮ご購入手続きへ ⑭他の商品を見る ⑯カート一括削除 を確認。sheet-3_img2.png は購入グループ同時注文不可のエラー帯を確認。	high	
sheet-3-R020	OUT_OF_SCOPE				現行　カスタマイズ				★カート店舗別保持の説明図に付された「現行」「カスタマイズ」の見出しラベル。仕様を述べた記述ではない。	sheet-3_img1.png（カート画面レイアウト図）で ①STEP表示 ②商品画像 ③言語 ④商品名 ⑤状態 ⑥販売価格 ⑦数量 ⑧-/⑨+ ⑪削除 ⑩小計 ⑫あと¥26,360で送料無料 ⑬合計(税込) ⑮ご購入手続きへ ⑭他の商品を見る ⑯カート一括削除 を確認。sheet-3_img2.png は購入グループ同時注文不可のエラー帯を確認。	high	
sheet-3-R021	OUT_OF_SCOPE								★カート店舗別保持の説明図（現行／カスタマイズの対比図および画面遷移図の再構成）を構成する例示のセル文言（会員A・①本店カート内・商品A〜F・各サイトカート等）。仕様そのものは同ブロックの R018・R019 に書かれており、この行は図中の例示ラベルで実装対象の要求ではない。	sheet-3_img1.png（カート画面レイアウト図）で ①STEP表示 ②商品画像 ③言語 ④商品名 ⑤状態 ⑥販売価格 ⑦数量 ⑧-/⑨+ ⑪削除 ⑩小計 ⑫あと¥26,360で送料無料 ⑬合計(税込) ⑮ご購入手続きへ ⑭他の商品を見る ⑯カート一括削除 を確認。sheet-3_img2.png は購入グループ同時注文不可のエラー帯を確認。	high	
sheet-3-R022	OUT_OF_SCOPE								★カート店舗別保持の説明図（現行／カスタマイズの対比図および画面遷移図の再構成）を構成する例示のセル文言（会員A・①本店カート内・商品A〜F・各サイトカート等）。仕様そのものは同ブロックの R018・R019 に書かれており、この行は図中の例示ラベルで実装対象の要求ではない。	sheet-3_img1.png（カート画面レイアウト図）で ①STEP表示 ②商品画像 ③言語 ④商品名 ⑤状態 ⑥販売価格 ⑦数量 ⑧-/⑨+ ⑪削除 ⑩小計 ⑫あと¥26,360で送料無料 ⑬合計(税込) ⑮ご購入手続きへ ⑭他の商品を見る ⑯カート一括削除 を確認。sheet-3_img2.png は購入グループ同時注文不可のエラー帯を確認。	high	
sheet-3-R023	OUT_OF_SCOPE								★カート店舗別保持の説明図（現行／カスタマイズの対比図および画面遷移図の再構成）を構成する例示のセル文言（会員A・①本店カート内・商品A〜F・各サイトカート等）。仕様そのものは同ブロックの R018・R019 に書かれており、この行は図中の例示ラベルで実装対象の要求ではない。	sheet-3_img1.png（カート画面レイアウト図）で ①STEP表示 ②商品画像 ③言語 ④商品名 ⑤状態 ⑥販売価格 ⑦数量 ⑧-/⑨+ ⑪削除 ⑩小計 ⑫あと¥26,360で送料無料 ⑬合計(税込) ⑮ご購入手続きへ ⑭他の商品を見る ⑯カート一括削除 を確認。sheet-3_img2.png は購入グループ同時注文不可のエラー帯を確認。	high	
sheet-3-R024	OUT_OF_SCOPE								★カート店舗別保持の説明図（現行／カスタマイズの対比図および画面遷移図の再構成）を構成する例示のセル文言（会員A・①本店カート内・商品A〜F・各サイトカート等）。仕様そのものは同ブロックの R018・R019 に書かれており、この行は図中の例示ラベルで実装対象の要求ではない。	sheet-3_img1.png（カート画面レイアウト図）で ①STEP表示 ②商品画像 ③言語 ④商品名 ⑤状態 ⑥販売価格 ⑦数量 ⑧-/⑨+ ⑪削除 ⑩小計 ⑫あと¥26,360で送料無料 ⑬合計(税込) ⑮ご購入手続きへ ⑭他の商品を見る ⑯カート一括削除 を確認。sheet-3_img2.png は購入グループ同時注文不可のエラー帯を確認。	high	
sheet-3-R025	OUT_OF_SCOPE								★カート店舗別保持の説明図（現行／カスタマイズの対比図および画面遷移図の再構成）を構成する例示のセル文言（会員A・①本店カート内・商品A〜F・各サイトカート等）。仕様そのものは同ブロックの R018・R019 に書かれており、この行は図中の例示ラベルで実装対象の要求ではない。	sheet-3_img1.png（カート画面レイアウト図）で ①STEP表示 ②商品画像 ③言語 ④商品名 ⑤状態 ⑥販売価格 ⑦数量 ⑧-/⑨+ ⑪削除 ⑩小計 ⑫あと¥26,360で送料無料 ⑬合計(税込) ⑮ご購入手続きへ ⑭他の商品を見る ⑯カート一括削除 を確認。sheet-3_img2.png は購入グループ同時注文不可のエラー帯を確認。	high	
sheet-3-R026	OUT_OF_SCOPE								★カート店舗別保持の説明図（現行／カスタマイズの対比図および画面遷移図の再構成）を構成する例示のセル文言（会員A・①本店カート内・商品A〜F・各サイトカート等）。仕様そのものは同ブロックの R018・R019 に書かれており、この行は図中の例示ラベルで実装対象の要求ではない。	sheet-3_img1.png（カート画面レイアウト図）で ①STEP表示 ②商品画像 ③言語 ④商品名 ⑤状態 ⑥販売価格 ⑦数量 ⑧-/⑨+ ⑪削除 ⑩小計 ⑫あと¥26,360で送料無料 ⑬合計(税込) ⑮ご購入手続きへ ⑭他の商品を見る ⑯カート一括削除 を確認。sheet-3_img2.png は購入グループ同時注文不可のエラー帯を確認。	high	
sheet-3-R027	OUT_OF_SCOPE								★カート店舗別保持の説明図（現行／カスタマイズの対比図および画面遷移図の再構成）を構成する例示のセル文言（会員A・①本店カート内・商品A〜F・各サイトカート等）。仕様そのものは同ブロックの R018・R019 に書かれており、この行は図中の例示ラベルで実装対象の要求ではない。	sheet-3_img1.png（カート画面レイアウト図）で ①STEP表示 ②商品画像 ③言語 ④商品名 ⑤状態 ⑥販売価格 ⑦数量 ⑧-/⑨+ ⑪削除 ⑩小計 ⑫あと¥26,360で送料無料 ⑬合計(税込) ⑮ご購入手続きへ ⑭他の商品を見る ⑯カート一括削除 を確認。sheet-3_img2.png は購入グループ同時注文不可のエラー帯を確認。	high	
sheet-3-R028	OUT_OF_SCOPE								★カート店舗別保持の説明図（現行／カスタマイズの対比図および画面遷移図の再構成）を構成する例示のセル文言（会員A・①本店カート内・商品A〜F・各サイトカート等）。仕様そのものは同ブロックの R018・R019 に書かれており、この行は図中の例示ラベルで実装対象の要求ではない。	sheet-3_img1.png（カート画面レイアウト図）で ①STEP表示 ②商品画像 ③言語 ④商品名 ⑤状態 ⑥販売価格 ⑦数量 ⑧-/⑨+ ⑪削除 ⑩小計 ⑫あと¥26,360で送料無料 ⑬合計(税込) ⑮ご購入手続きへ ⑭他の商品を見る ⑯カート一括削除 を確認。sheet-3_img2.png は購入グループ同時注文不可のエラー帯を確認。	high	
sheet-3-R029	OUT_OF_SCOPE								★カート店舗別保持の説明図（現行／カスタマイズの対比図および画面遷移図の再構成）を構成する例示のセル文言（会員A・①本店カート内・商品A〜F・各サイトカート等）。仕様そのものは同ブロックの R018・R019 に書かれており、この行は図中の例示ラベルで実装対象の要求ではない。	sheet-3_img1.png（カート画面レイアウト図）で ①STEP表示 ②商品画像 ③言語 ④商品名 ⑤状態 ⑥販売価格 ⑦数量 ⑧-/⑨+ ⑪削除 ⑩小計 ⑫あと¥26,360で送料無料 ⑬合計(税込) ⑮ご購入手続きへ ⑭他の商品を見る ⑯カート一括削除 を確認。sheet-3_img2.png は購入グループ同時注文不可のエラー帯を確認。	high	
sheet-3-R030	OUT_OF_SCOPE								★カート店舗別保持の説明図（現行／カスタマイズの対比図および画面遷移図の再構成）を構成する例示のセル文言（会員A・①本店カート内・商品A〜F・各サイトカート等）。仕様そのものは同ブロックの R018・R019 に書かれており、この行は図中の例示ラベルで実装対象の要求ではない。	sheet-3_img1.png（カート画面レイアウト図）で ①STEP表示 ②商品画像 ③言語 ④商品名 ⑤状態 ⑥販売価格 ⑦数量 ⑧-/⑨+ ⑪削除 ⑩小計 ⑫あと¥26,360で送料無料 ⑬合計(税込) ⑮ご購入手続きへ ⑭他の商品を見る ⑯カート一括削除 を確認。sheet-3_img2.png は購入グループ同時注文不可のエラー帯を確認。	high	
sheet-3-R031	OUT_OF_SCOPE								★カート店舗別保持の説明図（現行／カスタマイズの対比図および画面遷移図の再構成）を構成する例示のセル文言（会員A・①本店カート内・商品A〜F・各サイトカート等）。仕様そのものは同ブロックの R018・R019 に書かれており、この行は図中の例示ラベルで実装対象の要求ではない。	sheet-3_img1.png（カート画面レイアウト図）で ①STEP表示 ②商品画像 ③言語 ④商品名 ⑤状態 ⑥販売価格 ⑦数量 ⑧-/⑨+ ⑪削除 ⑩小計 ⑫あと¥26,360で送料無料 ⑬合計(税込) ⑮ご購入手続きへ ⑭他の商品を見る ⑯カート一括削除 を確認。sheet-3_img2.png は購入グループ同時注文不可のエラー帯を確認。	high	
sheet-3-R032	OUT_OF_SCOPE								★カート店舗別保持の説明図（現行／カスタマイズの対比図および画面遷移図の再構成）を構成する例示のセル文言（会員A・①本店カート内・商品A〜F・各サイトカート等）。仕様そのものは同ブロックの R018・R019 に書かれており、この行は図中の例示ラベルで実装対象の要求ではない。	sheet-3_img1.png（カート画面レイアウト図）で ①STEP表示 ②商品画像 ③言語 ④商品名 ⑤状態 ⑥販売価格 ⑦数量 ⑧-/⑨+ ⑪削除 ⑩小計 ⑫あと¥26,360で送料無料 ⑬合計(税込) ⑮ご購入手続きへ ⑭他の商品を見る ⑯カート一括削除 を確認。sheet-3_img2.png は購入グループ同時注文不可のエラー帯を確認。	high	
sheet-3-R033	OUT_OF_SCOPE								★カート店舗別保持の説明図（現行／カスタマイズの対比図および画面遷移図の再構成）を構成する例示のセル文言（会員A・①本店カート内・商品A〜F・各サイトカート等）。仕様そのものは同ブロックの R018・R019 に書かれており、この行は図中の例示ラベルで実装対象の要求ではない。	sheet-3_img1.png（カート画面レイアウト図）で ①STEP表示 ②商品画像 ③言語 ④商品名 ⑤状態 ⑥販売価格 ⑦数量 ⑧-/⑨+ ⑪削除 ⑩小計 ⑫あと¥26,360で送料無料 ⑬合計(税込) ⑮ご購入手続きへ ⑭他の商品を見る ⑯カート一括削除 を確認。sheet-3_img2.png は購入グループ同時注文不可のエラー帯を確認。	high	
sheet-3-R034	OUT_OF_SCOPE								★カート店舗別保持の説明図（現行／カスタマイズの対比図および画面遷移図の再構成）を構成する例示のセル文言（会員A・①本店カート内・商品A〜F・各サイトカート等）。仕様そのものは同ブロックの R018・R019 に書かれており、この行は図中の例示ラベルで実装対象の要求ではない。	sheet-3_img1.png（カート画面レイアウト図）で ①STEP表示 ②商品画像 ③言語 ④商品名 ⑤状態 ⑥販売価格 ⑦数量 ⑧-/⑨+ ⑪削除 ⑩小計 ⑫あと¥26,360で送料無料 ⑬合計(税込) ⑮ご購入手続きへ ⑭他の商品を見る ⑯カート一括削除 を確認。sheet-3_img2.png は購入グループ同時注文不可のエラー帯を確認。	high	
sheet-3-R035	OUT_OF_SCOPE								★カート店舗別保持の説明図（現行／カスタマイズの対比図および画面遷移図の再構成）を構成する例示のセル文言（会員A・①本店カート内・商品A〜F・各サイトカート等）。仕様そのものは同ブロックの R018・R019 に書かれており、この行は図中の例示ラベルで実装対象の要求ではない。	sheet-3_img1.png（カート画面レイアウト図）で ①STEP表示 ②商品画像 ③言語 ④商品名 ⑤状態 ⑥販売価格 ⑦数量 ⑧-/⑨+ ⑪削除 ⑩小計 ⑫あと¥26,360で送料無料 ⑬合計(税込) ⑮ご購入手続きへ ⑭他の商品を見る ⑯カート一括削除 を確認。sheet-3_img2.png は購入グループ同時注文不可のエラー帯を確認。	high	
sheet-3-R036	OUT_OF_SCOPE								★カート店舗別保持の説明図（現行／カスタマイズの対比図および画面遷移図の再構成）を構成する例示のセル文言（会員A・①本店カート内・商品A〜F・各サイトカート等）。仕様そのものは同ブロックの R018・R019 に書かれており、この行は図中の例示ラベルで実装対象の要求ではない。	sheet-3_img1.png（カート画面レイアウト図）で ①STEP表示 ②商品画像 ③言語 ④商品名 ⑤状態 ⑥販売価格 ⑦数量 ⑧-/⑨+ ⑪削除 ⑩小計 ⑫あと¥26,360で送料無料 ⑬合計(税込) ⑮ご購入手続きへ ⑭他の商品を見る ⑯カート一括削除 を確認。sheet-3_img2.png は購入グループ同時注文不可のエラー帯を確認。	high	
sheet-3-R037	OUT_OF_SCOPE								★カート店舗別保持の説明図（現行／カスタマイズの対比図および画面遷移図の再構成）を構成する例示のセル文言（会員A・①本店カート内・商品A〜F・各サイトカート等）。仕様そのものは同ブロックの R018・R019 に書かれており、この行は図中の例示ラベルで実装対象の要求ではない。	sheet-3_img1.png（カート画面レイアウト図）で ①STEP表示 ②商品画像 ③言語 ④商品名 ⑤状態 ⑥販売価格 ⑦数量 ⑧-/⑨+ ⑪削除 ⑩小計 ⑫あと¥26,360で送料無料 ⑬合計(税込) ⑮ご購入手続きへ ⑭他の商品を見る ⑯カート一括削除 を確認。sheet-3_img2.png は購入グループ同時注文不可のエラー帯を確認。	high	
sheet-3-R038	OUT_OF_SCOPE								★カート店舗別保持の説明図（現行／カスタマイズの対比図および画面遷移図の再構成）を構成する例示のセル文言（会員A・①本店カート内・商品A〜F・各サイトカート等）。仕様そのものは同ブロックの R018・R019 に書かれており、この行は図中の例示ラベルで実装対象の要求ではない。	sheet-3_img1.png（カート画面レイアウト図）で ①STEP表示 ②商品画像 ③言語 ④商品名 ⑤状態 ⑥販売価格 ⑦数量 ⑧-/⑨+ ⑪削除 ⑩小計 ⑫あと¥26,360で送料無料 ⑬合計(税込) ⑮ご購入手続きへ ⑭他の商品を見る ⑯カート一括削除 を確認。sheet-3_img2.png は購入グループ同時注文不可のエラー帯を確認。	high	
sheet-3-R039	OUT_OF_SCOPE								★カート店舗別保持の説明図（現行／カスタマイズの対比図および画面遷移図の再構成）を構成する例示のセル文言（会員A・①本店カート内・商品A〜F・各サイトカート等）。仕様そのものは同ブロックの R018・R019 に書かれており、この行は図中の例示ラベルで実装対象の要求ではない。	sheet-3_img1.png（カート画面レイアウト図）で ①STEP表示 ②商品画像 ③言語 ④商品名 ⑤状態 ⑥販売価格 ⑦数量 ⑧-/⑨+ ⑪削除 ⑩小計 ⑫あと¥26,360で送料無料 ⑬合計(税込) ⑮ご購入手続きへ ⑭他の商品を見る ⑯カート一括削除 を確認。sheet-3_img2.png は購入グループ同時注文不可のエラー帯を確認。	high	
sheet-3-R040	OUT_OF_SCOPE								★カート店舗別保持の説明図（現行／カスタマイズの対比図および画面遷移図の再構成）を構成する例示のセル文言（会員A・①本店カート内・商品A〜F・各サイトカート等）。仕様そのものは同ブロックの R018・R019 に書かれており、この行は図中の例示ラベルで実装対象の要求ではない。	sheet-3_img1.png（カート画面レイアウト図）で ①STEP表示 ②商品画像 ③言語 ④商品名 ⑤状態 ⑥販売価格 ⑦数量 ⑧-/⑨+ ⑪削除 ⑩小計 ⑫あと¥26,360で送料無料 ⑬合計(税込) ⑮ご購入手続きへ ⑭他の商品を見る ⑯カート一括削除 を確認。sheet-3_img2.png は購入グループ同時注文不可のエラー帯を確認。	high	
sheet-3-R041	OUT_OF_SCOPE								★カート店舗別保持の説明図（現行／カスタマイズの対比図および画面遷移図の再構成）を構成する例示のセル文言（会員A・①本店カート内・商品A〜F・各サイトカート等）。仕様そのものは同ブロックの R018・R019 に書かれており、この行は図中の例示ラベルで実装対象の要求ではない。	sheet-3_img1.png（カート画面レイアウト図）で ①STEP表示 ②商品画像 ③言語 ④商品名 ⑤状態 ⑥販売価格 ⑦数量 ⑧-/⑨+ ⑪削除 ⑩小計 ⑫あと¥26,360で送料無料 ⑬合計(税込) ⑮ご購入手続きへ ⑭他の商品を見る ⑯カート一括削除 を確認。sheet-3_img2.png は購入グループ同時注文不可のエラー帯を確認。	high	
sheet-3-R042	OUT_OF_SCOPE								★カート店舗別保持の説明図（現行／カスタマイズの対比図および画面遷移図の再構成）を構成する例示のセル文言（会員A・①本店カート内・商品A〜F・各サイトカート等）。仕様そのものは同ブロックの R018・R019 に書かれており、この行は図中の例示ラベルで実装対象の要求ではない。	sheet-3_img1.png（カート画面レイアウト図）で ①STEP表示 ②商品画像 ③言語 ④商品名 ⑤状態 ⑥販売価格 ⑦数量 ⑧-/⑨+ ⑪削除 ⑩小計 ⑫あと¥26,360で送料無料 ⑬合計(税込) ⑮ご購入手続きへ ⑭他の商品を見る ⑯カート一括削除 を確認。sheet-3_img2.png は購入グループ同時注文不可のエラー帯を確認。	high	
sheet-3-R043	OUT_OF_SCOPE								★カート店舗別保持の説明図（現行／カスタマイズの対比図および画面遷移図の再構成）を構成する例示のセル文言（会員A・①本店カート内・商品A〜F・各サイトカート等）。仕様そのものは同ブロックの R018・R019 に書かれており、この行は図中の例示ラベルで実装対象の要求ではない。	sheet-3_img1.png（カート画面レイアウト図）で ①STEP表示 ②商品画像 ③言語 ④商品名 ⑤状態 ⑥販売価格 ⑦数量 ⑧-/⑨+ ⑪削除 ⑩小計 ⑫あと¥26,360で送料無料 ⑬合計(税込) ⑮ご購入手続きへ ⑭他の商品を見る ⑯カート一括削除 を確認。sheet-3_img2.png は購入グループ同時注文不可のエラー帯を確認。	high	
sheet-3-R044	OUT_OF_SCOPE								★カート店舗別保持の説明図（現行／カスタマイズの対比図および画面遷移図の再構成）を構成する例示のセル文言（会員A・①本店カート内・商品A〜F・各サイトカート等）。仕様そのものは同ブロックの R018・R019 に書かれており、この行は図中の例示ラベルで実装対象の要求ではない。	sheet-3_img1.png（カート画面レイアウト図）で ①STEP表示 ②商品画像 ③言語 ④商品名 ⑤状態 ⑥販売価格 ⑦数量 ⑧-/⑨+ ⑪削除 ⑩小計 ⑫あと¥26,360で送料無料 ⑬合計(税込) ⑮ご購入手続きへ ⑭他の商品を見る ⑯カート一括削除 を確認。sheet-3_img2.png は購入グループ同時注文不可のエラー帯を確認。	high	
sheet-3-R045	OUT_OF_SCOPE								★カート店舗別保持の説明図（現行／カスタマイズの対比図および画面遷移図の再構成）を構成する例示のセル文言（会員A・①本店カート内・商品A〜F・各サイトカート等）。仕様そのものは同ブロックの R018・R019 に書かれており、この行は図中の例示ラベルで実装対象の要求ではない。	sheet-3_img1.png（カート画面レイアウト図）で ①STEP表示 ②商品画像 ③言語 ④商品名 ⑤状態 ⑥販売価格 ⑦数量 ⑧-/⑨+ ⑪削除 ⑩小計 ⑫あと¥26,360で送料無料 ⑬合計(税込) ⑮ご購入手続きへ ⑭他の商品を見る ⑯カート一括削除 を確認。sheet-3_img2.png は購入グループ同時注文不可のエラー帯を確認。	high	
sheet-3-R046	OUT_OF_SCOPE								★カート店舗別保持の説明図（現行／カスタマイズの対比図および画面遷移図の再構成）を構成する例示のセル文言（会員A・①本店カート内・商品A〜F・各サイトカート等）。仕様そのものは同ブロックの R018・R019 に書かれており、この行は図中の例示ラベルで実装対象の要求ではない。	sheet-3_img1.png（カート画面レイアウト図）で ①STEP表示 ②商品画像 ③言語 ④商品名 ⑤状態 ⑥販売価格 ⑦数量 ⑧-/⑨+ ⑪削除 ⑩小計 ⑫あと¥26,360で送料無料 ⑬合計(税込) ⑮ご購入手続きへ ⑭他の商品を見る ⑯カート一括削除 を確認。sheet-3_img2.png は購入グループ同時注文不可のエラー帯を確認。	high	
sheet-3-R047	OUT_OF_SCOPE								★カート店舗別保持の説明図（現行／カスタマイズの対比図および画面遷移図の再構成）を構成する例示のセル文言（会員A・①本店カート内・商品A〜F・各サイトカート等）。仕様そのものは同ブロックの R018・R019 に書かれており、この行は図中の例示ラベルで実装対象の要求ではない。	sheet-3_img1.png（カート画面レイアウト図）で ①STEP表示 ②商品画像 ③言語 ④商品名 ⑤状態 ⑥販売価格 ⑦数量 ⑧-/⑨+ ⑪削除 ⑩小計 ⑫あと¥26,360で送料無料 ⑬合計(税込) ⑮ご購入手続きへ ⑭他の商品を見る ⑯カート一括削除 を確認。sheet-3_img2.png は購入グループ同時注文不可のエラー帯を確認。	high	
sheet-3-R048	OUT_OF_SCOPE								★カート店舗別保持の説明図（現行／カスタマイズの対比図および画面遷移図の再構成）を構成する例示のセル文言（会員A・①本店カート内・商品A〜F・各サイトカート等）。仕様そのものは同ブロックの R018・R019 に書かれており、この行は図中の例示ラベルで実装対象の要求ではない。	sheet-3_img1.png（カート画面レイアウト図）で ①STEP表示 ②商品画像 ③言語 ④商品名 ⑤状態 ⑥販売価格 ⑦数量 ⑧-/⑨+ ⑪削除 ⑩小計 ⑫あと¥26,360で送料無料 ⑬合計(税込) ⑮ご購入手続きへ ⑭他の商品を見る ⑯カート一括削除 を確認。sheet-3_img2.png は購入グループ同時注文不可のエラー帯を確認。	high	
sheet-3-R049	OUT_OF_SCOPE								★カート店舗別保持の説明図（現行／カスタマイズの対比図および画面遷移図の再構成）を構成する例示のセル文言（会員A・①本店カート内・商品A〜F・各サイトカート等）。仕様そのものは同ブロックの R018・R019 に書かれており、この行は図中の例示ラベルで実装対象の要求ではない。	sheet-3_img1.png（カート画面レイアウト図）で ①STEP表示 ②商品画像 ③言語 ④商品名 ⑤状態 ⑥販売価格 ⑦数量 ⑧-/⑨+ ⑪削除 ⑩小計 ⑫あと¥26,360で送料無料 ⑬合計(税込) ⑮ご購入手続きへ ⑭他の商品を見る ⑯カート一括削除 を確認。sheet-3_img2.png は購入グループ同時注文不可のエラー帯を確認。	high	
sheet-3-R050	OUT_OF_SCOPE								★カート店舗別保持の説明図（現行／カスタマイズの対比図および画面遷移図の再構成）を構成する例示のセル文言（会員A・①本店カート内・商品A〜F・各サイトカート等）。仕様そのものは同ブロックの R018・R019 に書かれており、この行は図中の例示ラベルで実装対象の要求ではない。	sheet-3_img1.png（カート画面レイアウト図）で ①STEP表示 ②商品画像 ③言語 ④商品名 ⑤状態 ⑥販売価格 ⑦数量 ⑧-/⑨+ ⑪削除 ⑩小計 ⑫あと¥26,360で送料無料 ⑬合計(税込) ⑮ご購入手続きへ ⑭他の商品を見る ⑯カート一括削除 を確認。sheet-3_img2.png は購入グループ同時注文不可のエラー帯を確認。	high	
sheet-3-R051	OUT_OF_SCOPE								★カート店舗別保持の説明図（現行／カスタマイズの対比図および画面遷移図の再構成）を構成する例示のセル文言（会員A・①本店カート内・商品A〜F・各サイトカート等）。仕様そのものは同ブロックの R018・R019 に書かれており、この行は図中の例示ラベルで実装対象の要求ではない。	sheet-3_img1.png（カート画面レイアウト図）で ①STEP表示 ②商品画像 ③言語 ④商品名 ⑤状態 ⑥販売価格 ⑦数量 ⑧-/⑨+ ⑪削除 ⑩小計 ⑫あと¥26,360で送料無料 ⑬合計(税込) ⑮ご購入手続きへ ⑭他の商品を見る ⑯カート一括削除 を確認。sheet-3_img2.png は購入グループ同時注文不可のエラー帯を確認。	high	
sheet-3-R052	OUT_OF_SCOPE								★カート店舗別保持の説明図（現行／カスタマイズの対比図および画面遷移図の再構成）を構成する例示のセル文言（会員A・①本店カート内・商品A〜F・各サイトカート等）。仕様そのものは同ブロックの R018・R019 に書かれており、この行は図中の例示ラベルで実装対象の要求ではない。	sheet-3_img1.png（カート画面レイアウト図）で ①STEP表示 ②商品画像 ③言語 ④商品名 ⑤状態 ⑥販売価格 ⑦数量 ⑧-/⑨+ ⑪削除 ⑩小計 ⑫あと¥26,360で送料無料 ⑬合計(税込) ⑮ご購入手続きへ ⑭他の商品を見る ⑯カート一括削除 を確認。sheet-3_img2.png は購入グループ同時注文不可のエラー帯を確認。	high	
sheet-3-R053	OUT_OF_SCOPE								★カート店舗別保持の説明図（現行／カスタマイズの対比図および画面遷移図の再構成）を構成する例示のセル文言（会員A・①本店カート内・商品A〜F・各サイトカート等）。仕様そのものは同ブロックの R018・R019 に書かれており、この行は図中の例示ラベルで実装対象の要求ではない。	sheet-3_img1.png（カート画面レイアウト図）で ①STEP表示 ②商品画像 ③言語 ④商品名 ⑤状態 ⑥販売価格 ⑦数量 ⑧-/⑨+ ⑪削除 ⑩小計 ⑫あと¥26,360で送料無料 ⑬合計(税込) ⑮ご購入手続きへ ⑭他の商品を見る ⑯カート一括削除 を確認。sheet-3_img2.png は購入グループ同時注文不可のエラー帯を確認。	high	
sheet-3-R054	OUT_OF_SCOPE								★カート店舗別保持の説明図（現行／カスタマイズの対比図および画面遷移図の再構成）を構成する例示のセル文言（会員A・①本店カート内・商品A〜F・各サイトカート等）。仕様そのものは同ブロックの R018・R019 に書かれており、この行は図中の例示ラベルで実装対象の要求ではない。	sheet-3_img1.png（カート画面レイアウト図）で ①STEP表示 ②商品画像 ③言語 ④商品名 ⑤状態 ⑥販売価格 ⑦数量 ⑧-/⑨+ ⑪削除 ⑩小計 ⑫あと¥26,360で送料無料 ⑬合計(税込) ⑮ご購入手続きへ ⑭他の商品を見る ⑯カート一括削除 を確認。sheet-3_img2.png は購入グループ同時注文不可のエラー帯を確認。	high	
sheet-3-R055	OUT_OF_SCOPE								★カート店舗別保持の説明図（現行／カスタマイズの対比図および画面遷移図の再構成）を構成する例示のセル文言（会員A・①本店カート内・商品A〜F・各サイトカート等）。仕様そのものは同ブロックの R018・R019 に書かれており、この行は図中の例示ラベルで実装対象の要求ではない。	sheet-3_img1.png（カート画面レイアウト図）で ①STEP表示 ②商品画像 ③言語 ④商品名 ⑤状態 ⑥販売価格 ⑦数量 ⑧-/⑨+ ⑪削除 ⑩小計 ⑫あと¥26,360で送料無料 ⑬合計(税込) ⑮ご購入手続きへ ⑭他の商品を見る ⑯カート一括削除 を確認。sheet-3_img2.png は購入グループ同時注文不可のエラー帯を確認。	high	
sheet-3-R056	OUT_OF_SCOPE								★カート店舗別保持の説明図（現行／カスタマイズの対比図および画面遷移図の再構成）を構成する例示のセル文言（会員A・①本店カート内・商品A〜F・各サイトカート等）。仕様そのものは同ブロックの R018・R019 に書かれており、この行は図中の例示ラベルで実装対象の要求ではない。	sheet-3_img1.png（カート画面レイアウト図）で ①STEP表示 ②商品画像 ③言語 ④商品名 ⑤状態 ⑥販売価格 ⑦数量 ⑧-/⑨+ ⑪削除 ⑩小計 ⑫あと¥26,360で送料無料 ⑬合計(税込) ⑮ご購入手続きへ ⑭他の商品を見る ⑯カート一括削除 を確認。sheet-3_img2.png は購入グループ同時注文不可のエラー帯を確認。	high	
sheet-3-R057	OUT_OF_SCOPE								★カート店舗別保持の説明図（現行／カスタマイズの対比図および画面遷移図の再構成）を構成する例示のセル文言（会員A・①本店カート内・商品A〜F・各サイトカート等）。仕様そのものは同ブロックの R018・R019 に書かれており、この行は図中の例示ラベルで実装対象の要求ではない。	sheet-3_img1.png（カート画面レイアウト図）で ①STEP表示 ②商品画像 ③言語 ④商品名 ⑤状態 ⑥販売価格 ⑦数量 ⑧-/⑨+ ⑪削除 ⑩小計 ⑫あと¥26,360で送料無料 ⑬合計(税込) ⑮ご購入手続きへ ⑭他の商品を見る ⑯カート一括削除 を確認。sheet-3_img2.png は購入グループ同時注文不可のエラー帯を確認。	high	
sheet-3-R058	OUT_OF_SCOPE								★カート店舗別保持の説明図（現行／カスタマイズの対比図および画面遷移図の再構成）を構成する例示のセル文言（会員A・①本店カート内・商品A〜F・各サイトカート等）。仕様そのものは同ブロックの R018・R019 に書かれており、この行は図中の例示ラベルで実装対象の要求ではない。	sheet-3_img1.png（カート画面レイアウト図）で ①STEP表示 ②商品画像 ③言語 ④商品名 ⑤状態 ⑥販売価格 ⑦数量 ⑧-/⑨+ ⑪削除 ⑩小計 ⑫あと¥26,360で送料無料 ⑬合計(税込) ⑮ご購入手続きへ ⑭他の商品を見る ⑯カート一括削除 を確認。sheet-3_img2.png は購入グループ同時注文不可のエラー帯を確認。	high	
sheet-3-R059	OUT_OF_SCOPE								★カート店舗別保持の説明図（現行／カスタマイズの対比図および画面遷移図の再構成）を構成する例示のセル文言（会員A・①本店カート内・商品A〜F・各サイトカート等）。仕様そのものは同ブロックの R018・R019 に書かれており、この行は図中の例示ラベルで実装対象の要求ではない。	sheet-3_img1.png（カート画面レイアウト図）で ①STEP表示 ②商品画像 ③言語 ④商品名 ⑤状態 ⑥販売価格 ⑦数量 ⑧-/⑨+ ⑪削除 ⑩小計 ⑫あと¥26,360で送料無料 ⑬合計(税込) ⑮ご購入手続きへ ⑭他の商品を見る ⑯カート一括削除 を確認。sheet-3_img2.png は購入グループ同時注文不可のエラー帯を確認。	high	
sheet-3-R060	OUT_OF_SCOPE								★カート店舗別保持の説明図（現行／カスタマイズの対比図および画面遷移図の再構成）を構成する例示のセル文言（会員A・①本店カート内・商品A〜F・各サイトカート等）。仕様そのものは同ブロックの R018・R019 に書かれており、この行は図中の例示ラベルで実装対象の要求ではない。	sheet-3_img1.png（カート画面レイアウト図）で ①STEP表示 ②商品画像 ③言語 ④商品名 ⑤状態 ⑥販売価格 ⑦数量 ⑧-/⑨+ ⑪削除 ⑩小計 ⑫あと¥26,360で送料無料 ⑬合計(税込) ⑮ご購入手続きへ ⑭他の商品を見る ⑯カート一括削除 を確認。sheet-3_img2.png は購入グループ同時注文不可のエラー帯を確認。	high	
sheet-3-R061	OUT_OF_SCOPE								★カート店舗別保持の説明図（現行／カスタマイズの対比図および画面遷移図の再構成）を構成する例示のセル文言（会員A・①本店カート内・商品A〜F・各サイトカート等）。仕様そのものは同ブロックの R018・R019 に書かれており、この行は図中の例示ラベルで実装対象の要求ではない。	sheet-3_img1.png（カート画面レイアウト図）で ①STEP表示 ②商品画像 ③言語 ④商品名 ⑤状態 ⑥販売価格 ⑦数量 ⑧-/⑨+ ⑪削除 ⑩小計 ⑫あと¥26,360で送料無料 ⑬合計(税込) ⑮ご購入手続きへ ⑭他の商品を見る ⑯カート一括削除 を確認。sheet-3_img2.png は購入グループ同時注文不可のエラー帯を確認。	high	
sheet-3-R062	OUT_OF_SCOPE								★カート店舗別保持の説明図（現行／カスタマイズの対比図および画面遷移図の再構成）を構成する例示のセル文言（会員A・①本店カート内・商品A〜F・各サイトカート等）。仕様そのものは同ブロックの R018・R019 に書かれており、この行は図中の例示ラベルで実装対象の要求ではない。	sheet-3_img1.png（カート画面レイアウト図）で ①STEP表示 ②商品画像 ③言語 ④商品名 ⑤状態 ⑥販売価格 ⑦数量 ⑧-/⑨+ ⑪削除 ⑩小計 ⑫あと¥26,360で送料無料 ⑬合計(税込) ⑮ご購入手続きへ ⑭他の商品を見る ⑯カート一括削除 を確認。sheet-3_img2.png は購入グループ同時注文不可のエラー帯を確認。	high	
sheet-3-R063	OUT_OF_SCOPE								★カート店舗別保持の説明図（現行／カスタマイズの対比図および画面遷移図の再構成）を構成する例示のセル文言（会員A・①本店カート内・商品A〜F・各サイトカート等）。仕様そのものは同ブロックの R018・R019 に書かれており、この行は図中の例示ラベルで実装対象の要求ではない。	sheet-3_img1.png（カート画面レイアウト図）で ①STEP表示 ②商品画像 ③言語 ④商品名 ⑤状態 ⑥販売価格 ⑦数量 ⑧-/⑨+ ⑪削除 ⑩小計 ⑫あと¥26,360で送料無料 ⑬合計(税込) ⑮ご購入手続きへ ⑭他の商品を見る ⑯カート一括削除 を確認。sheet-3_img2.png は購入グループ同時注文不可のエラー帯を確認。	high	
sheet-3-R064	OUT_OF_SCOPE								★カート店舗別保持の説明図（現行／カスタマイズの対比図および画面遷移図の再構成）を構成する例示のセル文言（会員A・①本店カート内・商品A〜F・各サイトカート等）。仕様そのものは同ブロックの R018・R019 に書かれており、この行は図中の例示ラベルで実装対象の要求ではない。	sheet-3_img1.png（カート画面レイアウト図）で ①STEP表示 ②商品画像 ③言語 ④商品名 ⑤状態 ⑥販売価格 ⑦数量 ⑧-/⑨+ ⑪削除 ⑩小計 ⑫あと¥26,360で送料無料 ⑬合計(税込) ⑮ご購入手続きへ ⑭他の商品を見る ⑯カート一括削除 を確認。sheet-3_img2.png は購入グループ同時注文不可のエラー帯を確認。	high	
sheet-3-R065	OUT_OF_SCOPE								★カート店舗別保持の説明図（現行／カスタマイズの対比図および画面遷移図の再構成）を構成する例示のセル文言（会員A・①本店カート内・商品A〜F・各サイトカート等）。仕様そのものは同ブロックの R018・R019 に書かれており、この行は図中の例示ラベルで実装対象の要求ではない。	sheet-3_img1.png（カート画面レイアウト図）で ①STEP表示 ②商品画像 ③言語 ④商品名 ⑤状態 ⑥販売価格 ⑦数量 ⑧-/⑨+ ⑪削除 ⑩小計 ⑫あと¥26,360で送料無料 ⑬合計(税込) ⑮ご購入手続きへ ⑭他の商品を見る ⑯カート一括削除 を確認。sheet-3_img2.png は購入グループ同時注文不可のエラー帯を確認。	high	
sheet-3-R066	OUT_OF_SCOPE								★カート店舗別保持の説明図（現行／カスタマイズの対比図および画面遷移図の再構成）を構成する例示のセル文言（会員A・①本店カート内・商品A〜F・各サイトカート等）。仕様そのものは同ブロックの R018・R019 に書かれており、この行は図中の例示ラベルで実装対象の要求ではない。	sheet-3_img1.png（カート画面レイアウト図）で ①STEP表示 ②商品画像 ③言語 ④商品名 ⑤状態 ⑥販売価格 ⑦数量 ⑧-/⑨+ ⑪削除 ⑩小計 ⑫あと¥26,360で送料無料 ⑬合計(税込) ⑮ご購入手続きへ ⑭他の商品を見る ⑯カート一括削除 を確認。sheet-3_img2.png は購入グループ同時注文不可のエラー帯を確認。	high	
sheet-3-R067	OUT_OF_SCOPE								★カート店舗別保持の説明図（現行／カスタマイズの対比図および画面遷移図の再構成）を構成する例示のセル文言（会員A・①本店カート内・商品A〜F・各サイトカート等）。仕様そのものは同ブロックの R018・R019 に書かれており、この行は図中の例示ラベルで実装対象の要求ではない。	sheet-3_img1.png（カート画面レイアウト図）で ①STEP表示 ②商品画像 ③言語 ④商品名 ⑤状態 ⑥販売価格 ⑦数量 ⑧-/⑨+ ⑪削除 ⑩小計 ⑫あと¥26,360で送料無料 ⑬合計(税込) ⑮ご購入手続きへ ⑭他の商品を見る ⑯カート一括削除 を確認。sheet-3_img2.png は購入グループ同時注文不可のエラー帯を確認。	high	
sheet-3-R068	OUT_OF_SCOPE								★カート店舗別保持の説明図（現行／カスタマイズの対比図および画面遷移図の再構成）を構成する例示のセル文言（会員A・①本店カート内・商品A〜F・各サイトカート等）。仕様そのものは同ブロックの R018・R019 に書かれており、この行は図中の例示ラベルで実装対象の要求ではない。	sheet-3_img1.png（カート画面レイアウト図）で ①STEP表示 ②商品画像 ③言語 ④商品名 ⑤状態 ⑥販売価格 ⑦数量 ⑧-/⑨+ ⑪削除 ⑩小計 ⑫あと¥26,360で送料無料 ⑬合計(税込) ⑮ご購入手続きへ ⑭他の商品を見る ⑯カート一括削除 を確認。sheet-3_img2.png は購入グループ同時注文不可のエラー帯を確認。	high	
sheet-3-R069	OUT_OF_SCOPE								★カート店舗別保持の説明図（現行／カスタマイズの対比図および画面遷移図の再構成）を構成する例示のセル文言（会員A・①本店カート内・商品A〜F・各サイトカート等）。仕様そのものは同ブロックの R018・R019 に書かれており、この行は図中の例示ラベルで実装対象の要求ではない。	sheet-3_img1.png（カート画面レイアウト図）で ①STEP表示 ②商品画像 ③言語 ④商品名 ⑤状態 ⑥販売価格 ⑦数量 ⑧-/⑨+ ⑪削除 ⑩小計 ⑫あと¥26,360で送料無料 ⑬合計(税込) ⑮ご購入手続きへ ⑭他の商品を見る ⑯カート一括削除 を確認。sheet-3_img2.png は購入グループ同時注文不可のエラー帯を確認。	high	
sheet-3-R070	OUT_OF_SCOPE								★カート店舗別保持の説明図（現行／カスタマイズの対比図および画面遷移図の再構成）を構成する例示のセル文言（会員A・①本店カート内・商品A〜F・各サイトカート等）。仕様そのものは同ブロックの R018・R019 に書かれており、この行は図中の例示ラベルで実装対象の要求ではない。	sheet-3_img1.png（カート画面レイアウト図）で ①STEP表示 ②商品画像 ③言語 ④商品名 ⑤状態 ⑥販売価格 ⑦数量 ⑧-/⑨+ ⑪削除 ⑩小計 ⑫あと¥26,360で送料無料 ⑬合計(税込) ⑮ご購入手続きへ ⑭他の商品を見る ⑯カート一括削除 を確認。sheet-3_img2.png は購入グループ同時注文不可のエラー帯を確認。	high	
sheet-3-R071	OUT_OF_SCOPE								★カート店舗別保持の説明図（現行／カスタマイズの対比図および画面遷移図の再構成）を構成する例示のセル文言（会員A・①本店カート内・商品A〜F・各サイトカート等）。仕様そのものは同ブロックの R018・R019 に書かれており、この行は図中の例示ラベルで実装対象の要求ではない。	sheet-3_img1.png（カート画面レイアウト図）で ①STEP表示 ②商品画像 ③言語 ④商品名 ⑤状態 ⑥販売価格 ⑦数量 ⑧-/⑨+ ⑪削除 ⑩小計 ⑫あと¥26,360で送料無料 ⑬合計(税込) ⑮ご購入手続きへ ⑭他の商品を見る ⑯カート一括削除 を確認。sheet-3_img2.png は購入グループ同時注文不可のエラー帯を確認。	high	
sheet-3-R072	OUT_OF_SCOPE								★カート店舗別保持の説明図（現行／カスタマイズの対比図および画面遷移図の再構成）を構成する例示のセル文言（会員A・①本店カート内・商品A〜F・各サイトカート等）。仕様そのものは同ブロックの R018・R019 に書かれており、この行は図中の例示ラベルで実装対象の要求ではない。	sheet-3_img1.png（カート画面レイアウト図）で ①STEP表示 ②商品画像 ③言語 ④商品名 ⑤状態 ⑥販売価格 ⑦数量 ⑧-/⑨+ ⑪削除 ⑩小計 ⑫あと¥26,360で送料無料 ⑬合計(税込) ⑮ご購入手続きへ ⑭他の商品を見る ⑯カート一括削除 を確認。sheet-3_img2.png は購入グループ同時注文不可のエラー帯を確認。	high	
sheet-3-R073	OUT_OF_SCOPE								★カート店舗別保持の説明図（現行／カスタマイズの対比図および画面遷移図の再構成）を構成する例示のセル文言（会員A・①本店カート内・商品A〜F・各サイトカート等）。仕様そのものは同ブロックの R018・R019 に書かれており、この行は図中の例示ラベルで実装対象の要求ではない。	sheet-3_img1.png（カート画面レイアウト図）で ①STEP表示 ②商品画像 ③言語 ④商品名 ⑤状態 ⑥販売価格 ⑦数量 ⑧-/⑨+ ⑪削除 ⑩小計 ⑫あと¥26,360で送料無料 ⑬合計(税込) ⑮ご購入手続きへ ⑭他の商品を見る ⑯カート一括削除 を確認。sheet-3_img2.png は購入グループ同時注文不可のエラー帯を確認。	high	
sheet-3-R074	OUT_OF_SCOPE								★カート店舗別保持の説明図（現行／カスタマイズの対比図および画面遷移図の再構成）を構成する例示のセル文言（会員A・①本店カート内・商品A〜F・各サイトカート等）。仕様そのものは同ブロックの R018・R019 に書かれており、この行は図中の例示ラベルで実装対象の要求ではない。	sheet-3_img1.png（カート画面レイアウト図）で ①STEP表示 ②商品画像 ③言語 ④商品名 ⑤状態 ⑥販売価格 ⑦数量 ⑧-/⑨+ ⑪削除 ⑩小計 ⑫あと¥26,360で送料無料 ⑬合計(税込) ⑮ご購入手続きへ ⑭他の商品を見る ⑯カート一括削除 を確認。sheet-3_img2.png は購入グループ同時注文不可のエラー帯を確認。	high	
sheet-3-R075	OUT_OF_SCOPE								★カート店舗別保持の説明図（現行／カスタマイズの対比図および画面遷移図の再構成）を構成する例示のセル文言（会員A・①本店カート内・商品A〜F・各サイトカート等）。仕様そのものは同ブロックの R018・R019 に書かれており、この行は図中の例示ラベルで実装対象の要求ではない。	sheet-3_img1.png（カート画面レイアウト図）で ①STEP表示 ②商品画像 ③言語 ④商品名 ⑤状態 ⑥販売価格 ⑦数量 ⑧-/⑨+ ⑪削除 ⑩小計 ⑫あと¥26,360で送料無料 ⑬合計(税込) ⑮ご購入手続きへ ⑭他の商品を見る ⑯カート一括削除 を確認。sheet-3_img2.png は購入グループ同時注文不可のエラー帯を確認。	high	
sheet-3-R076	OUT_OF_SCOPE								★カート店舗別保持の説明図（現行／カスタマイズの対比図および画面遷移図の再構成）を構成する例示のセル文言（会員A・①本店カート内・商品A〜F・各サイトカート等）。仕様そのものは同ブロックの R018・R019 に書かれており、この行は図中の例示ラベルで実装対象の要求ではない。	sheet-3_img1.png（カート画面レイアウト図）で ①STEP表示 ②商品画像 ③言語 ④商品名 ⑤状態 ⑥販売価格 ⑦数量 ⑧-/⑨+ ⑪削除 ⑩小計 ⑫あと¥26,360で送料無料 ⑬合計(税込) ⑮ご購入手続きへ ⑭他の商品を見る ⑯カート一括削除 を確認。sheet-3_img2.png は購入グループ同時注文不可のエラー帯を確認。	high	
sheet-3-R077	OUT_OF_SCOPE								★カート店舗別保持の説明図（現行／カスタマイズの対比図および画面遷移図の再構成）を構成する例示のセル文言（会員A・①本店カート内・商品A〜F・各サイトカート等）。仕様そのものは同ブロックの R018・R019 に書かれており、この行は図中の例示ラベルで実装対象の要求ではない。	sheet-3_img1.png（カート画面レイアウト図）で ①STEP表示 ②商品画像 ③言語 ④商品名 ⑤状態 ⑥販売価格 ⑦数量 ⑧-/⑨+ ⑪削除 ⑩小計 ⑫あと¥26,360で送料無料 ⑬合計(税込) ⑮ご購入手続きへ ⑭他の商品を見る ⑯カート一括削除 を確認。sheet-3_img2.png は購入グループ同時注文不可のエラー帯を確認。	high	
sheet-3-R078	OUT_OF_SCOPE								★カート店舗別保持の説明図（現行／カスタマイズの対比図および画面遷移図の再構成）を構成する例示のセル文言（会員A・①本店カート内・商品A〜F・各サイトカート等）。仕様そのものは同ブロックの R018・R019 に書かれており、この行は図中の例示ラベルで実装対象の要求ではない。	sheet-3_img1.png（カート画面レイアウト図）で ①STEP表示 ②商品画像 ③言語 ④商品名 ⑤状態 ⑥販売価格 ⑦数量 ⑧-/⑨+ ⑪削除 ⑩小計 ⑫あと¥26,360で送料無料 ⑬合計(税込) ⑮ご購入手続きへ ⑭他の商品を見る ⑯カート一括削除 を確認。sheet-3_img2.png は購入グループ同時注文不可のエラー帯を確認。	high	
sheet-3-R079	OUT_OF_SCOPE								★カート店舗別保持の説明図（現行／カスタマイズの対比図および画面遷移図の再構成）を構成する例示のセル文言（会員A・①本店カート内・商品A〜F・各サイトカート等）。仕様そのものは同ブロックの R018・R019 に書かれており、この行は図中の例示ラベルで実装対象の要求ではない。	sheet-3_img1.png（カート画面レイアウト図）で ①STEP表示 ②商品画像 ③言語 ④商品名 ⑤状態 ⑥販売価格 ⑦数量 ⑧-/⑨+ ⑪削除 ⑩小計 ⑫あと¥26,360で送料無料 ⑬合計(税込) ⑮ご購入手続きへ ⑭他の商品を見る ⑯カート一括削除 を確認。sheet-3_img2.png は購入グループ同時注文不可のエラー帯を確認。	high	
sheet-3-R080	OUT_OF_SCOPE								★カート店舗別保持の説明図（現行／カスタマイズの対比図および画面遷移図の再構成）を構成する例示のセル文言（会員A・①本店カート内・商品A〜F・各サイトカート等）。仕様そのものは同ブロックの R018・R019 に書かれており、この行は図中の例示ラベルで実装対象の要求ではない。	sheet-3_img1.png（カート画面レイアウト図）で ①STEP表示 ②商品画像 ③言語 ④商品名 ⑤状態 ⑥販売価格 ⑦数量 ⑧-/⑨+ ⑪削除 ⑩小計 ⑫あと¥26,360で送料無料 ⑬合計(税込) ⑮ご購入手続きへ ⑭他の商品を見る ⑯カート一括削除 を確認。sheet-3_img2.png は購入グループ同時注文不可のエラー帯を確認。	high	
sheet-3-R081	OUT_OF_SCOPE								★カート店舗別保持の説明図（現行／カスタマイズの対比図および画面遷移図の再構成）を構成する例示のセル文言（会員A・①本店カート内・商品A〜F・各サイトカート等）。仕様そのものは同ブロックの R018・R019 に書かれており、この行は図中の例示ラベルで実装対象の要求ではない。	sheet-3_img1.png（カート画面レイアウト図）で ①STEP表示 ②商品画像 ③言語 ④商品名 ⑤状態 ⑥販売価格 ⑦数量 ⑧-/⑨+ ⑪削除 ⑩小計 ⑫あと¥26,360で送料無料 ⑬合計(税込) ⑮ご購入手続きへ ⑭他の商品を見る ⑯カート一括削除 を確認。sheet-3_img2.png は購入グループ同時注文不可のエラー帯を確認。	high	
sheet-3-R082	OUT_OF_SCOPE								★カート店舗別保持の説明図（現行／カスタマイズの対比図および画面遷移図の再構成）を構成する例示のセル文言（会員A・①本店カート内・商品A〜F・各サイトカート等）。仕様そのものは同ブロックの R018・R019 に書かれており、この行は図中の例示ラベルで実装対象の要求ではない。	sheet-3_img1.png（カート画面レイアウト図）で ①STEP表示 ②商品画像 ③言語 ④商品名 ⑤状態 ⑥販売価格 ⑦数量 ⑧-/⑨+ ⑪削除 ⑩小計 ⑫あと¥26,360で送料無料 ⑬合計(税込) ⑮ご購入手続きへ ⑭他の商品を見る ⑯カート一括削除 を確認。sheet-3_img2.png は購入グループ同時注文不可のエラー帯を確認。	high	
sheet-3-R083	OUT_OF_SCOPE								★カート店舗別保持の説明図（現行／カスタマイズの対比図および画面遷移図の再構成）を構成する例示のセル文言（会員A・①本店カート内・商品A〜F・各サイトカート等）。仕様そのものは同ブロックの R018・R019 に書かれており、この行は図中の例示ラベルで実装対象の要求ではない。	sheet-3_img1.png（カート画面レイアウト図）で ①STEP表示 ②商品画像 ③言語 ④商品名 ⑤状態 ⑥販売価格 ⑦数量 ⑧-/⑨+ ⑪削除 ⑩小計 ⑫あと¥26,360で送料無料 ⑬合計(税込) ⑮ご購入手続きへ ⑭他の商品を見る ⑯カート一括削除 を確認。sheet-3_img2.png は購入グループ同時注文不可のエラー帯を確認。	high	
sheet-3-R084	OUT_OF_SCOPE								★カート店舗別保持の説明図（現行／カスタマイズの対比図および画面遷移図の再構成）を構成する例示のセル文言（会員A・①本店カート内・商品A〜F・各サイトカート等）。仕様そのものは同ブロックの R018・R019 に書かれており、この行は図中の例示ラベルで実装対象の要求ではない。	sheet-3_img1.png（カート画面レイアウト図）で ①STEP表示 ②商品画像 ③言語 ④商品名 ⑤状態 ⑥販売価格 ⑦数量 ⑧-/⑨+ ⑪削除 ⑩小計 ⑫あと¥26,360で送料無料 ⑬合計(税込) ⑮ご購入手続きへ ⑭他の商品を見る ⑯カート一括削除 を確認。sheet-3_img2.png は購入グループ同時注文不可のエラー帯を確認。	high	
sheet-3-R085	OUT_OF_SCOPE								★カート店舗別保持の説明図（現行／カスタマイズの対比図および画面遷移図の再構成）を構成する例示のセル文言（会員A・①本店カート内・商品A〜F・各サイトカート等）。仕様そのものは同ブロックの R018・R019 に書かれており、この行は図中の例示ラベルで実装対象の要求ではない。	sheet-3_img1.png（カート画面レイアウト図）で ①STEP表示 ②商品画像 ③言語 ④商品名 ⑤状態 ⑥販売価格 ⑦数量 ⑧-/⑨+ ⑪削除 ⑩小計 ⑫あと¥26,360で送料無料 ⑬合計(税込) ⑮ご購入手続きへ ⑭他の商品を見る ⑯カート一括削除 を確認。sheet-3_img2.png は購入グループ同時注文不可のエラー帯を確認。	high	
sheet-3-R086	OUT_OF_SCOPE								★カート店舗別保持の説明図（現行／カスタマイズの対比図および画面遷移図の再構成）を構成する例示のセル文言（会員A・①本店カート内・商品A〜F・各サイトカート等）。仕様そのものは同ブロックの R018・R019 に書かれており、この行は図中の例示ラベルで実装対象の要求ではない。	sheet-3_img1.png（カート画面レイアウト図）で ①STEP表示 ②商品画像 ③言語 ④商品名 ⑤状態 ⑥販売価格 ⑦数量 ⑧-/⑨+ ⑪削除 ⑩小計 ⑫あと¥26,360で送料無料 ⑬合計(税込) ⑮ご購入手続きへ ⑭他の商品を見る ⑯カート一括削除 を確認。sheet-3_img2.png は購入グループ同時注文不可のエラー帯を確認。	high	
sheet-3-R087	OUT_OF_SCOPE								★カート店舗別保持の説明図（現行／カスタマイズの対比図および画面遷移図の再構成）を構成する例示のセル文言（会員A・①本店カート内・商品A〜F・各サイトカート等）。仕様そのものは同ブロックの R018・R019 に書かれており、この行は図中の例示ラベルで実装対象の要求ではない。	sheet-3_img1.png（カート画面レイアウト図）で ①STEP表示 ②商品画像 ③言語 ④商品名 ⑤状態 ⑥販売価格 ⑦数量 ⑧-/⑨+ ⑪削除 ⑩小計 ⑫あと¥26,360で送料無料 ⑬合計(税込) ⑮ご購入手続きへ ⑭他の商品を見る ⑯カート一括削除 を確認。sheet-3_img2.png は購入グループ同時注文不可のエラー帯を確認。	high	
sheet-3-R088	OUT_OF_SCOPE								★カート店舗別保持の説明図（現行／カスタマイズの対比図および画面遷移図の再構成）を構成する例示のセル文言（会員A・①本店カート内・商品A〜F・各サイトカート等）。仕様そのものは同ブロックの R018・R019 に書かれており、この行は図中の例示ラベルで実装対象の要求ではない。	sheet-3_img1.png（カート画面レイアウト図）で ①STEP表示 ②商品画像 ③言語 ④商品名 ⑤状態 ⑥販売価格 ⑦数量 ⑧-/⑨+ ⑪削除 ⑩小計 ⑫あと¥26,360で送料無料 ⑬合計(税込) ⑮ご購入手続きへ ⑭他の商品を見る ⑯カート一括削除 を確認。sheet-3_img2.png は購入グループ同時注文不可のエラー帯を確認。	high	
sheet-3-R089	OUT_OF_SCOPE								★カート店舗別保持の説明図（現行／カスタマイズの対比図および画面遷移図の再構成）を構成する例示のセル文言（会員A・①本店カート内・商品A〜F・各サイトカート等）。仕様そのものは同ブロックの R018・R019 に書かれており、この行は図中の例示ラベルで実装対象の要求ではない。	sheet-3_img1.png（カート画面レイアウト図）で ①STEP表示 ②商品画像 ③言語 ④商品名 ⑤状態 ⑥販売価格 ⑦数量 ⑧-/⑨+ ⑪削除 ⑩小計 ⑫あと¥26,360で送料無料 ⑬合計(税込) ⑮ご購入手続きへ ⑭他の商品を見る ⑯カート一括削除 を確認。sheet-3_img2.png は購入グループ同時注文不可のエラー帯を確認。	high	
sheet-3-R090	OUT_OF_SCOPE								★カート店舗別保持の説明図（現行／カスタマイズの対比図および画面遷移図の再構成）を構成する例示のセル文言（会員A・①本店カート内・商品A〜F・各サイトカート等）。仕様そのものは同ブロックの R018・R019 に書かれており、この行は図中の例示ラベルで実装対象の要求ではない。	sheet-3_img1.png（カート画面レイアウト図）で ①STEP表示 ②商品画像 ③言語 ④商品名 ⑤状態 ⑥販売価格 ⑦数量 ⑧-/⑨+ ⑪削除 ⑩小計 ⑫あと¥26,360で送料無料 ⑬合計(税込) ⑮ご購入手続きへ ⑭他の商品を見る ⑯カート一括削除 を確認。sheet-3_img2.png は購入グループ同時注文不可のエラー帯を確認。	high	
sheet-3-R091	OUT_OF_SCOPE								★カート店舗別保持の説明図（現行／カスタマイズの対比図および画面遷移図の再構成）を構成する例示のセル文言（会員A・①本店カート内・商品A〜F・各サイトカート等）。仕様そのものは同ブロックの R018・R019 に書かれており、この行は図中の例示ラベルで実装対象の要求ではない。	sheet-3_img1.png（カート画面レイアウト図）で ①STEP表示 ②商品画像 ③言語 ④商品名 ⑤状態 ⑥販売価格 ⑦数量 ⑧-/⑨+ ⑪削除 ⑩小計 ⑫あと¥26,360で送料無料 ⑬合計(税込) ⑮ご購入手続きへ ⑭他の商品を見る ⑯カート一括削除 を確認。sheet-3_img2.png は購入グループ同時注文不可のエラー帯を確認。	high	
sheet-3-R092	OUT_OF_SCOPE								★カート店舗別保持の説明図（現行／カスタマイズの対比図および画面遷移図の再構成）を構成する例示のセル文言（会員A・①本店カート内・商品A〜F・各サイトカート等）。仕様そのものは同ブロックの R018・R019 に書かれており、この行は図中の例示ラベルで実装対象の要求ではない。	sheet-3_img1.png（カート画面レイアウト図）で ①STEP表示 ②商品画像 ③言語 ④商品名 ⑤状態 ⑥販売価格 ⑦数量 ⑧-/⑨+ ⑪削除 ⑩小計 ⑫あと¥26,360で送料無料 ⑬合計(税込) ⑮ご購入手続きへ ⑭他の商品を見る ⑯カート一括削除 を確認。sheet-3_img2.png は購入グループ同時注文不可のエラー帯を確認。	high	
sheet-3-R093	OUT_OF_SCOPE								★カート店舗別保持の説明図（現行／カスタマイズの対比図および画面遷移図の再構成）を構成する例示のセル文言（会員A・①本店カート内・商品A〜F・各サイトカート等）。仕様そのものは同ブロックの R018・R019 に書かれており、この行は図中の例示ラベルで実装対象の要求ではない。	sheet-3_img1.png（カート画面レイアウト図）で ①STEP表示 ②商品画像 ③言語 ④商品名 ⑤状態 ⑥販売価格 ⑦数量 ⑧-/⑨+ ⑪削除 ⑩小計 ⑫あと¥26,360で送料無料 ⑬合計(税込) ⑮ご購入手続きへ ⑭他の商品を見る ⑯カート一括削除 を確認。sheet-3_img2.png は購入グループ同時注文不可のエラー帯を確認。	high	
sheet-3-R094	OUT_OF_SCOPE								★カート店舗別保持の説明図（現行／カスタマイズの対比図および画面遷移図の再構成）を構成する例示のセル文言（会員A・①本店カート内・商品A〜F・各サイトカート等）。仕様そのものは同ブロックの R018・R019 に書かれており、この行は図中の例示ラベルで実装対象の要求ではない。	sheet-3_img1.png（カート画面レイアウト図）で ①STEP表示 ②商品画像 ③言語 ④商品名 ⑤状態 ⑥販売価格 ⑦数量 ⑧-/⑨+ ⑪削除 ⑩小計 ⑫あと¥26,360で送料無料 ⑬合計(税込) ⑮ご購入手続きへ ⑭他の商品を見る ⑯カート一括削除 を確認。sheet-3_img2.png は購入グループ同時注文不可のエラー帯を確認。	high	
sheet-3-R095	OUT_OF_SCOPE								★カート店舗別保持の説明図（現行／カスタマイズの対比図および画面遷移図の再構成）を構成する例示のセル文言（会員A・①本店カート内・商品A〜F・各サイトカート等）。仕様そのものは同ブロックの R018・R019 に書かれており、この行は図中の例示ラベルで実装対象の要求ではない。	sheet-3_img1.png（カート画面レイアウト図）で ①STEP表示 ②商品画像 ③言語 ④商品名 ⑤状態 ⑥販売価格 ⑦数量 ⑧-/⑨+ ⑪削除 ⑩小計 ⑫あと¥26,360で送料無料 ⑬合計(税込) ⑮ご購入手続きへ ⑭他の商品を見る ⑯カート一括削除 を確認。sheet-3_img2.png は購入グループ同時注文不可のエラー帯を確認。	high	
sheet-3-R096	OUT_OF_SCOPE								★カート店舗別保持の説明図（現行／カスタマイズの対比図および画面遷移図の再構成）を構成する例示のセル文言（会員A・①本店カート内・商品A〜F・各サイトカート等）。仕様そのものは同ブロックの R018・R019 に書かれており、この行は図中の例示ラベルで実装対象の要求ではない。	sheet-3_img1.png（カート画面レイアウト図）で ①STEP表示 ②商品画像 ③言語 ④商品名 ⑤状態 ⑥販売価格 ⑦数量 ⑧-/⑨+ ⑪削除 ⑩小計 ⑫あと¥26,360で送料無料 ⑬合計(税込) ⑮ご購入手続きへ ⑭他の商品を見る ⑯カート一括削除 を確認。sheet-3_img2.png は購入グループ同時注文不可のエラー帯を確認。	high	
sheet-3-R097	OUT_OF_SCOPE								★カート店舗別保持の説明図（現行／カスタマイズの対比図および画面遷移図の再構成）を構成する例示のセル文言（会員A・①本店カート内・商品A〜F・各サイトカート等）。仕様そのものは同ブロックの R018・R019 に書かれており、この行は図中の例示ラベルで実装対象の要求ではない。	sheet-3_img1.png（カート画面レイアウト図）で ①STEP表示 ②商品画像 ③言語 ④商品名 ⑤状態 ⑥販売価格 ⑦数量 ⑧-/⑨+ ⑪削除 ⑩小計 ⑫あと¥26,360で送料無料 ⑬合計(税込) ⑮ご購入手続きへ ⑭他の商品を見る ⑯カート一括削除 を確認。sheet-3_img2.png は購入グループ同時注文不可のエラー帯を確認。	high	
sheet-3-R098	OUT_OF_SCOPE								★カート店舗別保持の説明図（現行／カスタマイズの対比図および画面遷移図の再構成）を構成する例示のセル文言（会員A・①本店カート内・商品A〜F・各サイトカート等）。仕様そのものは同ブロックの R018・R019 に書かれており、この行は図中の例示ラベルで実装対象の要求ではない。	sheet-3_img1.png（カート画面レイアウト図）で ①STEP表示 ②商品画像 ③言語 ④商品名 ⑤状態 ⑥販売価格 ⑦数量 ⑧-/⑨+ ⑪削除 ⑩小計 ⑫あと¥26,360で送料無料 ⑬合計(税込) ⑮ご購入手続きへ ⑭他の商品を見る ⑯カート一括削除 を確認。sheet-3_img2.png は購入グループ同時注文不可のエラー帯を確認。	high	
sheet-3-R099	OUT_OF_SCOPE								★カート店舗別保持の説明図（現行／カスタマイズの対比図および画面遷移図の再構成）を構成する例示のセル文言（会員A・①本店カート内・商品A〜F・各サイトカート等）。仕様そのものは同ブロックの R018・R019 に書かれており、この行は図中の例示ラベルで実装対象の要求ではない。	sheet-3_img1.png（カート画面レイアウト図）で ①STEP表示 ②商品画像 ③言語 ④商品名 ⑤状態 ⑥販売価格 ⑦数量 ⑧-/⑨+ ⑪削除 ⑩小計 ⑫あと¥26,360で送料無料 ⑬合計(税込) ⑮ご購入手続きへ ⑭他の商品を見る ⑯カート一括削除 を確認。sheet-3_img2.png は購入グループ同時注文不可のエラー帯を確認。	high	
sheet-3-R100	OUT_OF_SCOPE								★カート店舗別保持の説明図（現行／カスタマイズの対比図および画面遷移図の再構成）を構成する例示のセル文言（会員A・①本店カート内・商品A〜F・各サイトカート等）。仕様そのものは同ブロックの R018・R019 に書かれており、この行は図中の例示ラベルで実装対象の要求ではない。	sheet-3_img1.png（カート画面レイアウト図）で ①STEP表示 ②商品画像 ③言語 ④商品名 ⑤状態 ⑥販売価格 ⑦数量 ⑧-/⑨+ ⑪削除 ⑩小計 ⑫あと¥26,360で送料無料 ⑬合計(税込) ⑮ご購入手続きへ ⑭他の商品を見る ⑯カート一括削除 を確認。sheet-3_img2.png は購入グループ同時注文不可のエラー帯を確認。	high	
sheet-3-R101	OUT_OF_SCOPE								★カート店舗別保持の説明図（現行／カスタマイズの対比図および画面遷移図の再構成）を構成する例示のセル文言（会員A・①本店カート内・商品A〜F・各サイトカート等）。仕様そのものは同ブロックの R018・R019 に書かれており、この行は図中の例示ラベルで実装対象の要求ではない。	sheet-3_img1.png（カート画面レイアウト図）で ①STEP表示 ②商品画像 ③言語 ④商品名 ⑤状態 ⑥販売価格 ⑦数量 ⑧-/⑨+ ⑪削除 ⑩小計 ⑫あと¥26,360で送料無料 ⑬合計(税込) ⑮ご購入手続きへ ⑭他の商品を見る ⑯カート一括削除 を確認。sheet-3_img2.png は購入グループ同時注文不可のエラー帯を確認。	high	
sheet-3-R102	OUT_OF_SCOPE								★カート店舗別保持の説明図（現行／カスタマイズの対比図および画面遷移図の再構成）を構成する例示のセル文言（会員A・①本店カート内・商品A〜F・各サイトカート等）。仕様そのものは同ブロックの R018・R019 に書かれており、この行は図中の例示ラベルで実装対象の要求ではない。	sheet-3_img1.png（カート画面レイアウト図）で ①STEP表示 ②商品画像 ③言語 ④商品名 ⑤状態 ⑥販売価格 ⑦数量 ⑧-/⑨+ ⑪削除 ⑩小計 ⑫あと¥26,360で送料無料 ⑬合計(税込) ⑮ご購入手続きへ ⑭他の商品を見る ⑯カート一括削除 を確認。sheet-3_img2.png は購入グループ同時注文不可のエラー帯を確認。	high	
sheet-3-R103	OUT_OF_SCOPE								★カート店舗別保持の説明図（現行／カスタマイズの対比図および画面遷移図の再構成）を構成する例示のセル文言（会員A・①本店カート内・商品A〜F・各サイトカート等）。仕様そのものは同ブロックの R018・R019 に書かれており、この行は図中の例示ラベルで実装対象の要求ではない。	sheet-3_img1.png（カート画面レイアウト図）で ①STEP表示 ②商品画像 ③言語 ④商品名 ⑤状態 ⑥販売価格 ⑦数量 ⑧-/⑨+ ⑪削除 ⑩小計 ⑫あと¥26,360で送料無料 ⑬合計(税込) ⑮ご購入手続きへ ⑭他の商品を見る ⑯カート一括削除 を確認。sheet-3_img2.png は購入グループ同時注文不可のエラー帯を確認。	high	
sheet-3-R104	OUT_OF_SCOPE								★カート店舗別保持の説明図（現行／カスタマイズの対比図および画面遷移図の再構成）を構成する例示のセル文言（会員A・①本店カート内・商品A〜F・各サイトカート等）。仕様そのものは同ブロックの R018・R019 に書かれており、この行は図中の例示ラベルで実装対象の要求ではない。	sheet-3_img1.png（カート画面レイアウト図）で ①STEP表示 ②商品画像 ③言語 ④商品名 ⑤状態 ⑥販売価格 ⑦数量 ⑧-/⑨+ ⑪削除 ⑩小計 ⑫あと¥26,360で送料無料 ⑬合計(税込) ⑮ご購入手続きへ ⑭他の商品を見る ⑯カート一括削除 を確認。sheet-3_img2.png は購入グループ同時注文不可のエラー帯を確認。	high	
sheet-3-R105	OUT_OF_SCOPE								★店舗別カートの概念図（現行／カスタマイズ対比図）の図形内テキスト「③支店Bカート内」。会員Aが持つカート内訳の例示にすぎず、述語が無く実装すべき挙動を述べていない。この図が示す仕様本体（店舗ごとに商品を保持し、URLを変えてもカートを引き継がない）は同ブロック先頭側の行で判定する。実装は店舗単位のカート振り分けsrc/Eccube/Service/Cart/TenantTypeCartAllocator.php:28-31 で成立している。	画像は2枚のみ（img1=カート画面レイアウト、img2=購入グループ重複エラー帯）。店舗別カートの図はExcel図形から本文へ再構成されたテキストで、画像内には無い。	high	
sheet-3-R106	OUT_OF_SCOPE								★店舗別カートの概念図（現行／カスタマイズ対比図）の図形内テキスト「・商品E」。会員Aが持つカート内訳の例示にすぎず、述語が無く実装すべき挙動を述べていない。この図が示す仕様本体（店舗ごとに商品を保持し、URLを変えてもカートを引き継がない）は同ブロック先頭側の行で判定する。実装は店舗単位のカート振り分けsrc/Eccube/Service/Cart/TenantTypeCartAllocator.php:28-31 で成立している。	画像は2枚のみ（img1=カート画面レイアウト、img2=購入グループ重複エラー帯）。店舗別カートの図はExcel図形から本文へ再構成されたテキストで、画像内には無い。	high	
sheet-3-R107	OUT_OF_SCOPE								★店舗別カートの概念図（現行／カスタマイズ対比図）の図形内テキスト「・商品F」。会員Aが持つカート内訳の例示にすぎず、述語が無く実装すべき挙動を述べていない。この図が示す仕様本体（店舗ごとに商品を保持し、URLを変えてもカートを引き継がない）は同ブロック先頭側の行で判定する。実装は店舗単位のカート振り分けsrc/Eccube/Service/Cart/TenantTypeCartAllocator.php:28-31 で成立している。	画像は2枚のみ（img1=カート画面レイアウト、img2=購入グループ重複エラー帯）。店舗別カートの図はExcel図形から本文へ再構成されたテキストで、画像内には無い。	high	
sheet-3-R108	OUT_OF_SCOPE								★店舗別カートの概念図（現行／カスタマイズ対比図）の図形内テキスト「・商品E」。会員Aが持つカート内訳の例示にすぎず、述語が無く実装すべき挙動を述べていない。この図が示す仕様本体（店舗ごとに商品を保持し、URLを変えてもカートを引き継がない）は同ブロック先頭側の行で判定する。実装は店舗単位のカート振り分けsrc/Eccube/Service/Cart/TenantTypeCartAllocator.php:28-31 で成立している。	画像は2枚のみ（img1=カート画面レイアウト、img2=購入グループ重複エラー帯）。店舗別カートの図はExcel図形から本文へ再構成されたテキストで、画像内には無い。	high	
sheet-3-R109	OUT_OF_SCOPE								★店舗別カートの概念図（現行／カスタマイズ対比図）の図形内テキスト「・商品F」。会員Aが持つカート内訳の例示にすぎず、述語が無く実装すべき挙動を述べていない。この図が示す仕様本体（店舗ごとに商品を保持し、URLを変えてもカートを引き継がない）は同ブロック先頭側の行で判定する。実装は店舗単位のカート振り分けsrc/Eccube/Service/Cart/TenantTypeCartAllocator.php:28-31 で成立している。	画像は2枚のみ（img1=カート画面レイアウト、img2=購入グループ重複エラー帯）。店舗別カートの図はExcel図形から本文へ再構成されたテキストで、画像内には無い。	high	
sheet-3-R110	OUT_OF_SCOPE								★店舗別カートの概念図（現行／カスタマイズ対比図）の図形内テキスト「会員A」。会員Aが持つカート内訳の例示にすぎず、述語が無く実装すべき挙動を述べていない。この図が示す仕様本体（店舗ごとに商品を保持し、URLを変えてもカートを引き継がない）は同ブロック先頭側の行で判定する。実装は店舗単位のカート振り分けsrc/Eccube/Service/Cart/TenantTypeCartAllocator.php:28-31 で成立している。	画像は2枚のみ（img1=カート画面レイアウト、img2=購入グループ重複エラー帯）。店舗別カートの図はExcel図形から本文へ再構成されたテキストで、画像内には無い。	high	
sheet-3-R111	OUT_OF_SCOPE								★店舗別カートの概念図（現行／カスタマイズ対比図）の図形内テキスト「①本店カート内」。会員Aが持つカート内訳の例示にすぎず、述語が無く実装すべき挙動を述べていない。この図が示す仕様本体（店舗ごとに商品を保持し、URLを変えてもカートを引き継がない）は同ブロック先頭側の行で判定する。実装は店舗単位のカート振り分けsrc/Eccube/Service/Cart/TenantTypeCartAllocator.php:28-31 で成立している。	画像は2枚のみ（img1=カート画面レイアウト、img2=購入グループ重複エラー帯）。店舗別カートの図はExcel図形から本文へ再構成されたテキストで、画像内には無い。	high	
sheet-3-R112	OUT_OF_SCOPE								★店舗別カートの概念図（現行／カスタマイズ対比図）の図形内テキスト「・商品A」。会員Aが持つカート内訳の例示にすぎず、述語が無く実装すべき挙動を述べていない。この図が示す仕様本体（店舗ごとに商品を保持し、URLを変えてもカートを引き継がない）は同ブロック先頭側の行で判定する。実装は店舗単位のカート振り分けsrc/Eccube/Service/Cart/TenantTypeCartAllocator.php:28-31 で成立している。	画像は2枚のみ（img1=カート画面レイアウト、img2=購入グループ重複エラー帯）。店舗別カートの図はExcel図形から本文へ再構成されたテキストで、画像内には無い。	high	
sheet-3-R113	OUT_OF_SCOPE								★店舗別カートの概念図（現行／カスタマイズ対比図）の図形内テキスト「・商品B」。会員Aが持つカート内訳の例示にすぎず、述語が無く実装すべき挙動を述べていない。この図が示す仕様本体（店舗ごとに商品を保持し、URLを変えてもカートを引き継がない）は同ブロック先頭側の行で判定する。実装は店舗単位のカート振り分けsrc/Eccube/Service/Cart/TenantTypeCartAllocator.php:28-31 で成立している。	画像は2枚のみ（img1=カート画面レイアウト、img2=購入グループ重複エラー帯）。店舗別カートの図はExcel図形から本文へ再構成されたテキストで、画像内には無い。	high	
sheet-3-R114	OUT_OF_SCOPE								★店舗別カートの概念図（現行／カスタマイズ対比図）の図形内テキスト「②支店Aカート内」。会員Aが持つカート内訳の例示にすぎず、述語が無く実装すべき挙動を述べていない。この図が示す仕様本体（店舗ごとに商品を保持し、URLを変えてもカートを引き継がない）は同ブロック先頭側の行で判定する。実装は店舗単位のカート振り分けsrc/Eccube/Service/Cart/TenantTypeCartAllocator.php:28-31 で成立している。	画像は2枚のみ（img1=カート画面レイアウト、img2=購入グループ重複エラー帯）。店舗別カートの図はExcel図形から本文へ再構成されたテキストで、画像内には無い。	high	
sheet-3-R115	OUT_OF_SCOPE								★店舗別カートの概念図（現行／カスタマイズ対比図）の図形内テキスト「・商品C」。会員Aが持つカート内訳の例示にすぎず、述語が無く実装すべき挙動を述べていない。この図が示す仕様本体（店舗ごとに商品を保持し、URLを変えてもカートを引き継がない）は同ブロック先頭側の行で判定する。実装は店舗単位のカート振り分けsrc/Eccube/Service/Cart/TenantTypeCartAllocator.php:28-31 で成立している。	画像は2枚のみ（img1=カート画面レイアウト、img2=購入グループ重複エラー帯）。店舗別カートの図はExcel図形から本文へ再構成されたテキストで、画像内には無い。	high	
sheet-3-R116	OUT_OF_SCOPE								★店舗別カートの概念図（現行／カスタマイズ対比図）の図形内テキスト「・商品D」。会員Aが持つカート内訳の例示にすぎず、述語が無く実装すべき挙動を述べていない。この図が示す仕様本体（店舗ごとに商品を保持し、URLを変えてもカートを引き継がない）は同ブロック先頭側の行で判定する。実装は店舗単位のカート振り分けsrc/Eccube/Service/Cart/TenantTypeCartAllocator.php:28-31 で成立している。	画像は2枚のみ（img1=カート画面レイアウト、img2=購入グループ重複エラー帯）。店舗別カートの図はExcel図形から本文へ再構成されたテキストで、画像内には無い。	high	
sheet-3-R117	OUT_OF_SCOPE								★店舗別カートの概念図（現行／カスタマイズ対比図）の図形内テキスト「③支店Bカート内」。会員Aが持つカート内訳の例示にすぎず、述語が無く実装すべき挙動を述べていない。この図が示す仕様本体（店舗ごとに商品を保持し、URLを変えてもカートを引き継がない）は同ブロック先頭側の行で判定する。実装は店舗単位のカート振り分けsrc/Eccube/Service/Cart/TenantTypeCartAllocator.php:28-31 で成立している。	画像は2枚のみ（img1=カート画面レイアウト、img2=購入グループ重複エラー帯）。店舗別カートの図はExcel図形から本文へ再構成されたテキストで、画像内には無い。	high	
sheet-3-R118	OUT_OF_SCOPE								★店舗別カートの概念図（現行／カスタマイズ対比図）の図形内テキスト「・商品E」。会員Aが持つカート内訳の例示にすぎず、述語が無く実装すべき挙動を述べていない。この図が示す仕様本体（店舗ごとに商品を保持し、URLを変えてもカートを引き継がない）は同ブロック先頭側の行で判定する。実装は店舗単位のカート振り分けsrc/Eccube/Service/Cart/TenantTypeCartAllocator.php:28-31 で成立している。	画像は2枚のみ（img1=カート画面レイアウト、img2=購入グループ重複エラー帯）。店舗別カートの図はExcel図形から本文へ再構成されたテキストで、画像内には無い。	high	
sheet-3-R119	OUT_OF_SCOPE								★店舗別カートの概念図（現行／カスタマイズ対比図）の図形内テキスト「・商品F」。会員Aが持つカート内訳の例示にすぎず、述語が無く実装すべき挙動を述べていない。この図が示す仕様本体（店舗ごとに商品を保持し、URLを変えてもカートを引き継がない）は同ブロック先頭側の行で判定する。実装は店舗単位のカート振り分けsrc/Eccube/Service/Cart/TenantTypeCartAllocator.php:28-31 で成立している。	画像は2枚のみ（img1=カート画面レイアウト、img2=購入グループ重複エラー帯）。店舗別カートの図はExcel図形から本文へ再構成されたテキストで、画像内には無い。	high	
sheet-3-R120	OUT_OF_SCOPE								★店舗別カートの概念図（現行／カスタマイズ対比図）の図形内テキスト「・商品C」。会員Aが持つカート内訳の例示にすぎず、述語が無く実装すべき挙動を述べていない。この図が示す仕様本体（店舗ごとに商品を保持し、URLを変えてもカートを引き継がない）は同ブロック先頭側の行で判定する。実装は店舗単位のカート振り分けsrc/Eccube/Service/Cart/TenantTypeCartAllocator.php:28-31 で成立している。	画像は2枚のみ（img1=カート画面レイアウト、img2=購入グループ重複エラー帯）。店舗別カートの図はExcel図形から本文へ再構成されたテキストで、画像内には無い。	high	
sheet-3-R121	OUT_OF_SCOPE								★店舗別カートの概念図（現行／カスタマイズ対比図）の図形内テキスト「・商品D」。会員Aが持つカート内訳の例示にすぎず、述語が無く実装すべき挙動を述べていない。この図が示す仕様本体（店舗ごとに商品を保持し、URLを変えてもカートを引き継がない）は同ブロック先頭側の行で判定する。実装は店舗単位のカート振り分けsrc/Eccube/Service/Cart/TenantTypeCartAllocator.php:28-31 で成立している。	画像は2枚のみ（img1=カート画面レイアウト、img2=購入グループ重複エラー帯）。店舗別カートの図はExcel図形から本文へ再構成されたテキストで、画像内には無い。	high	
sheet-3-R122	OUT_OF_SCOPE								ブロック見出し「★送料の表示」。何がどうなるかを述べておらず、内容は次行 sheet-3-R123 に書かれている。	画像1（sheet-3_img1.png）＝カート画面レイアウト。見出し「カート」、STEP表示、商品画像/JPバッジ/商品名/NM/価格、削除・－・数量・＋、行右の小計、右カラムに「あと¥26,360で送料無料」「合計(税込)」「ご購入手続きへ」「他の商品を見る」「カート一括削除」。画像2（sheet-3_img2.png）＝購入グループ重複エラーの帯。	high	
sheet-3-R123	MATCHED				・支店は商品の配送方法が店舗受取のみで送料が存在しないため、支店では送料は表示しない		src/Eccube/Resource/template/default/Cart/index.twig:281-289; src/Eccube/Service/Block/CartBlockPayloadBuilder.php:106-110	買い物かご右カラムの送料無料案内は本店閲覧時のみ描画され、支店では出力されない。ヘッダのカートブロックでも送料無料残額は本店のみ算出。	src/Eccube/Resource/template/default/Cart/index.twig:281 が `isMainShop and BaseInfo.delivery_free_amount` を条件にしており、支店（isMainShop=false）では送料無料までの価格ブロック自体が出ない。isMainShop は src/Eccube/EventListener/TwigInitializeListener.php:69 で閲覧店舗から与えられる。カート画面には送料そのものの明細行は無く、送料に関する表示は本要求の対象である送料無料案内のみ。	画像1（sheet-3_img1.png）＝カート画面レイアウト。見出し「カート」、STEP表示、商品画像/JPバッジ/商品名/NM/価格、削除・－・数量・＋、行右の小計、右カラムに「あと¥26,360で送料無料」「合計(税込)」「ご購入手続きへ」「他の商品を見る」「カート一括削除」。画像2（sheet-3_img2.png）＝購入グループ重複エラーの帯。	high	
sheet-3-R124	OUT_OF_SCOPE								見出し行「・カートの商品数量変更処理」。以降の行（sheet-3-R125以降）の区分を示すだけで、挙動を述べていない。	画像1（sheet-3_img1.png）＝カート画面レイアウト。見出し「カート」、STEP表示、商品画像/JPバッジ/商品名/NM/価格、削除・－・数量・＋、行右の小計、右カラムに「あと¥26,360で送料無料」「合計(税込)」「ご購入手続きへ」「他の商品を見る」「カート一括削除」。画像2（sheet-3_img2.png）＝購入グループ重複エラーの帯。	high	
sheet-3-R125	MATCHED				★カート内の商品数を変更する際、以下の処理を画面再読み込みせずに行われるようにする		src/Eccube/Resource/template/default/Cart/index.twig:58-102,104-140; src/Eccube/Controller/Front/CartController.php:338-368	＋／－／数量直接入力はいずれも非同期要求で処理され、応答の明細・合計で画面の該当箇所だけを書き換える。ページ再読み込みは起きない（0件になった場合等の例外時のみ再読み込み）。	src/Eccube/Resource/template/default/Cart/index.twig:58-74 が数量操作を非同期要求として送り、src/Eccube/Resource/template/default/Cart/index.twig:76-102 が応答で数量・小計・合計・送料無料案内・ヘッダカートを書き換える。サーバ側は src/Eccube/Controller/Front/CartController.php:338-368 で同じ集計と明細を返す。	画像1（sheet-3_img1.png）＝カート画面レイアウト。見出し「カート」、STEP表示、商品画像/JPバッジ/商品名/NM/価格、削除・－・数量・＋、行右の小計、右カラムに「あと¥26,360で送料無料」「合計(税込)」「ご購入手続きへ」「他の商品を見る」「カート一括削除」。画像2（sheet-3_img2.png）＝購入グループ重複エラーの帯。	high	
sheet-3-R126	MATCHED				・カート内商品の合計金額を自動で再計算する		src/Eccube/Resource/template/default/Cart/index.twig:91; src/Eccube/Controller/Front/CartController.php:131-175	数量変更の応答に含まれる合計金額で、合計(税込)欄の値が書き換わる。	src/Eccube/Controller/Front/CartController.php:164-165 で再計算した totalPrice を返し、src/Eccube/Resource/template/default/Cart/index.twig:91 が合計表示（data-total-amount）を差し替える。	画像1（sheet-3_img1.png）＝カート画面レイアウト。見出し「カート」、STEP表示、商品画像/JPバッジ/商品名/NM/価格、削除・－・数量・＋、行右の小計、右カラムに「あと¥26,360で送料無料」「合計(税込)」「ご購入手続きへ」「他の商品を見る」「カート一括削除」。画像2（sheet-3_img2.png）＝購入グループ重複エラーの帯。	high	
sheet-3-R127	MATCHED				・在庫数を超える商品数を入力できないようにする		src/Eccube/Resource/template/default/Cart/index.twig:236-243,266,267-269,109-111,130-137	明細ごとに在庫数（購入上限があれば小さい方）を上限として保持し、上限に達すると＋ボタンが押せなくなり、数量欄に上限超過値を入れても上限値へ丸められる。	src/Eccube/Resource/template/default/Cart/index.twig:236-243 で在庫数と購入上限から上限値 maxQty を決め、src/Eccube/Resource/template/default/Cart/index.twig:266 の数量欄と src/Eccube/Resource/template/default/Cart/index.twig:267 の＋ボタンに与える。src/Eccube/Resource/template/default/Cart/index.twig:109-111 が入力値を上限へ丸め、src/Eccube/Resource/template/default/Cart/index.twig:130-137 と 45-47 が上限到達時に＋を無効化する。	画像1（sheet-3_img1.png）＝カート画面レイアウト。見出し「カート」、STEP表示、商品画像/JPバッジ/商品名/NM/価格、削除・－・数量・＋、行右の小計、右カラムに「あと¥26,360で送料無料」「合計(税込)」「ご購入手続きへ」「他の商品を見る」「カート一括削除」。画像2（sheet-3_img2.png）＝購入グループ重複エラーの帯。	high	
sheet-3-R128	MATCHED				※カートに遷移した時点での在庫数で、+ボタン、数量入力を制御する		src/Eccube/Resource/template/default/Cart/index.twig:235-243	上限値は買い物かご画面の描画時に在庫から算出した値で、その値がそのまま＋ボタンと数量欄の制御に使われる。	src/Eccube/Resource/template/default/Cart/index.twig:235 に「カート表示時点の在庫スナップショット（＋/数量入力の上限）」と明記があり、src/Eccube/Resource/template/default/Cart/index.twig:236-243 で描画時の在庫から上限を決めている。	画像1（sheet-3_img1.png）＝カート画面レイアウト。見出し「カート」、STEP表示、商品画像/JPバッジ/商品名/NM/価格、削除・－・数量・＋、行右の小計、右カラムに「あと¥26,360で送料無料」「合計(税込)」「ご購入手続きへ」「他の商品を見る」「カート一括削除」。画像2（sheet-3_img2.png）＝購入グループ重複エラーの帯。	high	
sheet-3-R129	MATCHED				カート画面中に在庫数が変更してもリアルタイムでカート画面に反映はされない		src/Eccube/Resource/template/default/Cart/index.twig:235-243; src/Eccube/Controller/Front/CartController.php:338-368	上限値は画面描画時に埋め込んだ固定値で、数量変更の非同期応答にも上限値は含まれないため、滞在中に在庫が動いても画面の上限は変わらない。	src/Eccube/Controller/Front/CartController.php:344-357 が返すのは数量・単価・小計・合計だけで在庫や上限を含まない。src/Eccube/Resource/template/default/Cart/index.twig:87-90 も上限値を書き換えないため、設計どおり据え置きになる。	画像1（sheet-3_img1.png）＝カート画面レイアウト。見出し「カート」、STEP表示、商品画像/JPバッジ/商品名/NM/価格、削除・－・数量・＋、行右の小計、右カラムに「あと¥26,360で送料無料」「合計(税込)」「ご購入手続きへ」「他の商品を見る」「カート一括削除」。画像2（sheet-3_img2.png）＝購入グループ重複エラーの帯。	high	
sheet-3-R130	MATCHED				・購入上限数を超える商品数を入力できないようにする		src/Eccube/Resource/template/default/Cart/index.twig:237-243,266,267-269	購入上限（sale_limit）が設定されている明細では、在庫数と購入上限の小さい方が数量の上限として使われる。	src/Eccube/Resource/template/default/Cart/index.twig:237 で購入上限を取り、src/Eccube/Resource/template/default/Cart/index.twig:239,242 で在庫数と比較して小さい方を上限にしている。以降の制御は在庫上限と同じ経路（src/Eccube/Resource/template/default/Cart/index.twig:109-111,130-137）。	画像1（sheet-3_img1.png）＝カート画面レイアウト。見出し「カート」、STEP表示、商品画像/JPバッジ/商品名/NM/価格、削除・－・数量・＋、行右の小計、右カラムに「あと¥26,360で送料無料」「合計(税込)」「ご購入手続きへ」「他の商品を見る」「カート一括削除」。画像2（sheet-3_img2.png）＝購入グループ重複エラーの帯。	high	
sheet-3-R131	MATCHED				※カートに遷移した時点での購入上限数で+ボタン、数量入力を制御		src/Eccube/Resource/template/default/Cart/index.twig:237-243,266,267	購入上限も画面描画時の値を上限として数量欄と＋ボタンに埋め込む。	src/Eccube/Resource/template/default/Cart/index.twig:237-243 は買い物かご描画時に一度だけ評価され、その結果が src/Eccube/Resource/template/default/Cart/index.twig:266-267 の上限属性になる。	画像1（sheet-3_img1.png）＝カート画面レイアウト。見出し「カート」、STEP表示、商品画像/JPバッジ/商品名/NM/価格、削除・－・数量・＋、行右の小計、右カラムに「あと¥26,360で送料無料」「合計(税込)」「ご購入手続きへ」「他の商品を見る」「カート一括削除」。画像2（sheet-3_img2.png）＝購入グループ重複エラーの帯。	high	
sheet-3-R132	MATCHED				カート画面中に購入上限数が変更してもリアルタイムでカート画面に反映はされない		src/Eccube/Resource/template/default/Cart/index.twig:237-243; src/Eccube/Controller/Front/CartController.php:344-357	購入上限も描画時の固定値で、数量変更の応答に上限値は含まれないため画面滞在中は更新されない。	src/Eccube/Controller/Front/CartController.php:344-357 の応答に上限値が無く、src/Eccube/Resource/template/default/Cart/index.twig:87-90 も上限属性を書き換えない。設計どおり据え置き。	画像1（sheet-3_img1.png）＝カート画面レイアウト。見出し「カート」、STEP表示、商品画像/JPバッジ/商品名/NM/価格、削除・－・数量・＋、行右の小計、右カラムに「あと¥26,360で送料無料」「合計(税込)」「ご購入手続きへ」「他の商品を見る」「カート一括削除」。画像2（sheet-3_img2.png）＝購入グループ重複エラーの帯。	high	
sheet-3-R133	MATCHED				・商品点数は0以下を入力できないようにする		src/Eccube/Resource/template/default/Cart/index.twig:109,266,45-47,263	数量欄に0以下や非数値を入れても直前の数量へ戻され、数量1のときは－ボタンが押せない。	src/Eccube/Resource/template/default/Cart/index.twig:109 が 1 未満の入力を直前値へ差し戻し、src/Eccube/Resource/template/default/Cart/index.twig:266 の下限属性が 1、src/Eccube/Resource/template/default/Cart/index.twig:45 と src/Eccube/Resource/template/default/Cart/index.twig:263 が数量1以下で－ボタンを無効化する。	画像1（sheet-3_img1.png）＝カート画面レイアウト。見出し「カート」、STEP表示、商品画像/JPバッジ/商品名/NM/価格、削除・－・数量・＋、行右の小計、右カラムに「あと¥26,360で送料無料」「合計(税込)」「ご購入手続きへ」「他の商品を見る」「カート一括削除」。画像2（sheet-3_img2.png）＝購入グループ重複エラーの帯。	high	
sheet-3-R134	MATCHED				・計算した内容を下記に反映する		src/Eccube/Resource/template/default/Cart/index.twig:87-98	数量変更の応答を受けて、小計・合計・送料無料までの残り金額の3か所を書き換える。	src/Eccube/Resource/template/default/Cart/index.twig:88（小計）、src/Eccube/Resource/template/default/Cart/index.twig:91（合計）、src/Eccube/Resource/template/default/Cart/index.twig:92-98（送料無料までの残り）で、再計算結果を画面へ反映している。	画像1（sheet-3_img1.png）＝カート画面レイアウト。見出し「カート」、STEP表示、商品画像/JPバッジ/商品名/NM/価格、削除・－・数量・＋、行右の小計、右カラムに「あと¥26,360で送料無料」「合計(税込)」「ご購入手続きへ」「他の商品を見る」「カート一括削除」。画像2（sheet-3_img2.png）＝購入グループ重複エラーの帯。	high	
sheet-3-R135	MATCHED				・小計		src/Eccube/Resource/template/default/Cart/index.twig:88,271-274	明細行右の小計が、数量変更後の金額に書き換わる。	src/Eccube/Resource/template/default/Cart/index.twig:273 の小計表示（data-subtotal）を src/Eccube/Resource/template/default/Cart/index.twig:88 が応答の明細金額で差し替える。	画像1（sheet-3_img1.png）＝カート画面レイアウト。見出し「カート」、STEP表示、商品画像/JPバッジ/商品名/NM/価格、削除・－・数量・＋、行右の小計、右カラムに「あと¥26,360で送料無料」「合計(税込)」「ご購入手続きへ」「他の商品を見る」「カート一括削除」。画像2（sheet-3_img2.png）＝購入グループ重複エラーの帯。	high	
sheet-3-R136	MATCHED				・送料無料までの残り金額表示		src/Eccube/Resource/template/default/Cart/index.twig:92-98,282-288; src/Eccube/Controller/Front/CartController.php:158-163	送料無料到達時は「現在送料無料です。」、未到達時は残り金額入りの案内へ書き換わる。	src/Eccube/Controller/Front/CartController.php:158-163 が不足額を返し、src/Eccube/Resource/template/default/Cart/index.twig:92-98 が到達／未到達で文言を差し替える。初期描画は src/Eccube/Resource/template/default/Cart/index.twig:282-288。	画像1（sheet-3_img1.png）＝カート画面レイアウト。見出し「カート」、STEP表示、商品画像/JPバッジ/商品名/NM/価格、削除・－・数量・＋、行右の小計、右カラムに「あと¥26,360で送料無料」「合計(税込)」「ご購入手続きへ」「他の商品を見る」「カート一括削除」。画像2（sheet-3_img2.png）＝購入グループ重複エラーの帯。	high	
sheet-3-R137	MATCHED				・合計金額		src/Eccube/Resource/template/default/Cart/index.twig:91,290-293	右カラムの合計(税込)が数量変更後の合計に書き換わる。	src/Eccube/Resource/template/default/Cart/index.twig:292 の合計表示（data-total-amount）を src/Eccube/Resource/template/default/Cart/index.twig:91 が応答の合計で差し替える。	画像1（sheet-3_img1.png）＝カート画面レイアウト。見出し「カート」、STEP表示、商品画像/JPバッジ/商品名/NM/価格、削除・－・数量・＋、行右の小計、右カラムに「あと¥26,360で送料無料」「合計(税込)」「ご購入手続きへ」「他の商品を見る」「カート一括削除」。画像2（sheet-3_img2.png）＝購入グループ重複エラーの帯。	high	
sheet-3-R138	OUT_OF_SCOPE								見出し行「・ボタンの挙動」。以降のボタン仕様の区分を示すだけで、挙動そのものは述べていない。	画像1（sheet-3_img1.png）＝カート画面レイアウト。見出し「カート」、STEP表示、商品画像/JPバッジ/商品名/NM/価格、削除・－・数量・＋、行右の小計、右カラムに「あと¥26,360で送料無料」「合計(税込)」「ご購入手続きへ」「他の商品を見る」「カート一括削除」。画像2（sheet-3_img2.png）＝購入グループ重複エラーの帯。	high	
sheet-3-R139	OUT_OF_SCOPE								ブロック見出し「★カート内の削除ボタン」。内容は次行 sheet-3-R140／R141 に書かれている。	画像1（sheet-3_img1.png）＝カート画面レイアウト。見出し「カート」、STEP表示、商品画像/JPバッジ/商品名/NM/価格、削除・－・数量・＋、行右の小計、右カラムに「あと¥26,360で送料無料」「合計(税込)」「ご購入手続きへ」「他の商品を見る」「カート一括削除」。画像2（sheet-3_img2.png）＝購入グループ重複エラーの帯。	high	
sheet-3-R140	MATCHED				・削除ボタンを押下時は画面をリロードし、商品を削除する		src/Eccube/Resource/template/default/Cart/index.twig:258-261; src/Eccube/Controller/Front/CartController.php:312-314,375	明細の削除ボタンは非同期ではなく通常の要求として送られ、削除後に買い物かご画面が読み込み直される。	src/Eccube/Resource/template/default/Cart/index.twig:258 の削除は data-method 付きの通常遷移で、非同期経路（src/Eccube/Resource/template/default/Cart/index.twig:118-140 の＋－）には乗らない。サーバは src/Eccube/Controller/Front/CartController.php:312-314 で明細を削除し、src/Eccube/Controller/Front/CartController.php:375 で買い物かご画面へ戻すため画面全体が再読み込みされる。	画像1（sheet-3_img1.png）＝カート画面レイアウト。見出し「カート」、STEP表示、商品画像/JPバッジ/商品名/NM/価格、削除・－・数量・＋、行右の小計、右カラムに「あと¥26,360で送料無料」「合計(税込)」「ご購入手続きへ」「他の商品を見る」「カート一括削除」。画像2（sheet-3_img2.png）＝購入グループ重複エラーの帯。	high	
sheet-3-R141	MATCHED				・削除する商品は閲覧店舗に紐づいている商品のみとする		src/Eccube/Controller/Front/CartController.php:303,312-314; src/Eccube/Service/Cart/ProductClassComparator.php:30-38	削除対象は「閲覧店舗＋商品規格」が一致する明細に限られ、他店舗のカートにある同じ商品規格は削除されない。	src/Eccube/Controller/Front/CartController.php:303 で閲覧店舗を取り出し src/Eccube/Controller/Front/CartController.php:313 の削除へ渡す。明細の同一判定は src/Eccube/Service/Cart/ProductClassComparator.php:32-37 が商品規格IDと店舗IDの両方を比較しており、店舗が違えば一致しない。	画像1（sheet-3_img1.png）＝カート画面レイアウト。見出し「カート」、STEP表示、商品画像/JPバッジ/商品名/NM/価格、削除・－・数量・＋、行右の小計、右カラムに「あと¥26,360で送料無料」「合計(税込)」「ご購入手続きへ」「他の商品を見る」「カート一括削除」。画像2（sheet-3_img2.png）＝購入グループ重複エラーの帯。	high	
sheet-3-R142	OUT_OF_SCOPE								見出し行「・他の商品も見るボタンの処理」。内容は次行 sheet-3-R143／R144。	画像1（sheet-3_img1.png）＝カート画面レイアウト。見出し「カート」、STEP表示、商品画像/JPバッジ/商品名/NM/価格、削除・－・数量・＋、行右の小計、右カラムに「あと¥26,360で送料無料」「合計(税込)」「ご購入手続きへ」「他の商品を見る」「カート一括削除」。画像2（sheet-3_img2.png）＝購入グループ重複エラーの帯。	high	
sheet-3-R143	MATCHED				・TOP画面へ遷移する		src/Eccube/Resource/template/default/Cart/index.twig:300,334	「他の商品を見る」ボタンはトップページへのリンク。カートが空のときも同じボタンが出る。	src/Eccube/Resource/template/default/Cart/index.twig:300 と src/Eccube/Resource/template/default/Cart/index.twig:334 がいずれも homepage へのリンクになっている。	画像1（sheet-3_img1.png）＝カート画面レイアウト。見出し「カート」、STEP表示、商品画像/JPバッジ/商品名/NM/価格、削除・－・数量・＋、行右の小計、右カラムに「あと¥26,360で送料無料」「合計(税込)」「ご購入手続きへ」「他の商品を見る」「カート一括削除」。画像2（sheet-3_img2.png）＝購入グループ重複エラーの帯。	high	
sheet-3-R144	MATCHED				・遷移するTOP画面は閲覧店舗とする		src/Eccube/Resource/template/default/Cart/index.twig:300; src/Eccube/EventListener/TwigInitializeListener.php:83-97	トップページのリンクは現在閲覧中の店舗のURLとして生成される。	src/Eccube/EventListener/TwigInitializeListener.php:92-96 が要求中の店舗パラメータをURL生成側へ引き継ぐため、src/Eccube/Resource/template/default/Cart/index.twig:300 のリンクは支店閲覧時は支店トップ、本店閲覧時は本店トップになる。	画像1（sheet-3_img1.png）＝カート画面レイアウト。見出し「カート」、STEP表示、商品画像/JPバッジ/商品名/NM/価格、削除・－・数量・＋、行右の小計、右カラムに「あと¥26,360で送料無料」「合計(税込)」「ご購入手続きへ」「他の商品を見る」「カート一括削除」。画像2（sheet-3_img2.png）＝購入グループ重複エラーの帯。	high	
sheet-3-R145	OUT_OF_SCOPE								見出し行「・購入手続きへボタンの処理」。内容は次行 sheet-3-R146。	画像1（sheet-3_img1.png）＝カート画面レイアウト。見出し「カート」、STEP表示、商品画像/JPバッジ/商品名/NM/価格、削除・－・数量・＋、行右の小計、右カラムに「あと¥26,360で送料無料」「合計(税込)」「ご購入手続きへ」「他の商品を見る」「カート一括削除」。画像2（sheet-3_img2.png）＝購入グループ重複エラーの帯。	high	
sheet-3-R146	MATCHED				・ご注文方法の指定画面へ遷移する		src/Eccube/Resource/template/default/Cart/index.twig:296-298; src/Eccube/Controller/Front/CartController.php:386-419; src/Eccube/Controller/Front/ShoppingController.php:122-124; src/Eccube/Resource/locale/messages.ja.yaml:1354	「ご購入手続きへ」を押すと注文手続き画面へ遷移する。その画面の見出しは「注文方法の指定」で、STEP表示も2番目が現在地になる。	src/Eccube/Resource/template/default/Cart/index.twig:296 が src/Eccube/Controller/Front/CartController.php:386 の経路へ進み、src/Eccube/Controller/Front/CartController.php:418 が注文手続き画面へ送る。遷移先画面の見出しは src/Eccube/Resource/template/default/Shopping/index.twig:162 が src/Eccube/Resource/locale/messages.ja.yaml:1354「注文方法の指定」を表示する。	画像1（sheet-3_img1.png）＝カート画面レイアウト。見出し「カート」、STEP表示、商品画像/JPバッジ/商品名/NM/価格、削除・－・数量・＋、行右の小計、右カラムに「あと¥26,360で送料無料」「合計(税込)」「ご購入手続きへ」「他の商品を見る」「カート一括削除」。画像2（sheet-3_img2.png）＝購入グループ重複エラーの帯。	high	
sheet-3-R147	OUT_OF_SCOPE								見出し行「・カート一括削除ボタンの処理」。内容は次行 sheet-3-R148／R149。	画像1（sheet-3_img1.png）＝カート画面レイアウト。見出し「カート」、STEP表示、商品画像/JPバッジ/商品名/NM/価格、削除・－・数量・＋、行右の小計、右カラムに「あと¥26,360で送料無料」「合計(税込)」「ご購入手続きへ」「他の商品を見る」「カート一括削除」。画像2（sheet-3_img2.png）＝購入グループ重複エラーの帯。	high	
sheet-3-R148	MATCHED				・削除ボタン押下時は画面をリロードし、カート内商品をすべて削除する		src/Eccube/Resource/template/default/Cart/index.twig:142-147,302-304; src/Eccube/Controller/Front/CartController.php:117-122	「カート一括削除」は確認後に通常の要求として送られ、カート内商品を全削除したうえで買い物かご画面が読み込み直される。	src/Eccube/Resource/template/default/Cart/index.twig:142-147 が確認後にフォーム送信し、src/Eccube/Controller/Front/CartController.php:119-120 でカートを空にして src/Eccube/Controller/Front/CartController.php:121 で買い物かご画面へ戻す（画面全体の再読み込み）。	画像1（sheet-3_img1.png）＝カート画面レイアウト。見出し「カート」、STEP表示、商品画像/JPバッジ/商品名/NM/価格、削除・－・数量・＋、行右の小計、右カラムに「あと¥26,360で送料無料」「合計(税込)」「ご購入手続きへ」「他の商品を見る」「カート一括削除」。画像2（sheet-3_img2.png）＝購入グループ重複エラーの帯。	high	
sheet-3-R149	MATCHED				・削除する商品は閲覧店舗に紐づいている商品のみとする		src/Eccube/Controller/Front/CartController.php:117-121,67-73; src/Eccube/Service/CartService.php:438-455	一括削除は閲覧店舗のカートだけを対象にし、他店舗のカートは残る。	src/Eccube/Controller/Front/CartController.php:119 が閲覧店舗のカートを先頭（削除対象）に据え、src/Eccube/Service/CartService.php:441-444 がその1カートだけを削除している。src/Eccube/Controller/Front/CartController.php:67-73 で対象カートを閲覧店舗で絞り込んでいる。	画像1（sheet-3_img1.png）＝カート画面レイアウト。見出し「カート」、STEP表示、商品画像/JPバッジ/商品名/NM/価格、削除・－・数量・＋、行右の小計、右カラムに「あと¥26,360で送料無料」「合計(税込)」「ご購入手続きへ」「他の商品を見る」「カート一括削除」。画像2（sheet-3_img2.png）＝購入グループ重複エラーの帯。	high	
sheet-3-R150	OUT_OF_SCOPE								項目定義表のヘッダ行の折り返し部分（「または最大値／初期値／画面部品の説明」）。列名であって要求ではない。	画像1（sheet-3_img1.png）＝カート画面レイアウト。見出し「カート」、STEP表示、商品画像/JPバッジ/商品名/NM/価格、削除・－・数量・＋、行右の小計、右カラムに「あと¥26,360で送料無料」「合計(税込)」「ご購入手続きへ」「他の商品を見る」「カート一括削除」。画像2（sheet-3_img2.png）＝購入グループ重複エラーの帯。	high	
sheet-3-R151	MATCHED				1 STEP表示（画像）		src/Eccube/Resource/template/default/Cart/index.twig:159-188,165	買い物かご画面上部に「カート／注文方法の指定／注文完了」の3段STEPを表示し、1段目に画像のマーカーを置く。	src/Eccube/Resource/template/default/Cart/index.twig:162-168 が1段目を現在地として画像マーカーで描画し、src/Eccube/Resource/template/default/Cart/index.twig:170-185 が2・3段目を番号で描画する。 画像1のレイアウトとも一致する。	画像1（sheet-3_img1.png）＝カート画面レイアウト。見出し「カート」、STEP表示、商品画像/JPバッジ/商品名/NM/価格、削除・－・数量・＋、行右の小計、右カラムに「あと¥26,360で送料無料」「合計(税込)」「ご購入手続きへ」「他の商品を見る」「カート一括削除」。画像2（sheet-3_img2.png）＝購入グループ重複エラーの帯。	high	
sheet-3-R152	MATCHED				2 商品画像（画像）		src/Eccube/Resource/template/default/Cart/index.twig:245-247	明細ごとに商品画像を表示し、未登録時はノーイメージ画像になる。	src/Eccube/Resource/template/default/Cart/index.twig:246 が商品画像を表示し、未登録時のノーイメージ差し替えも同行で行う。 画像1のレイアウトとも一致する。	画像1（sheet-3_img1.png）＝カート画面レイアウト。見出し「カート」、STEP表示、商品画像/JPバッジ/商品名/NM/価格、削除・－・数量・＋、行右の小計、右カラムに「あと¥26,360で送料無料」「合計(税込)」「ご購入手続きへ」「他の商品を見る」「カート一括削除」。画像2（sheet-3_img2.png）＝購入グループ重複エラーの帯。	high	
sheet-3-R153	MATCHED				3 言語（ラベル）		src/Eccube/Resource/template/default/Cart/index.twig:250	商品名の先頭に言語ラベル（JP等）を表示する。	src/Eccube/Resource/template/default/Cart/index.twig:250 が言語ラベルを表示する（言語情報があるときのみ）。 画像1のレイアウトとも一致する。	画像1（sheet-3_img1.png）＝カート画面レイアウト。見出し「カート」、STEP表示、商品画像/JPバッジ/商品名/NM/価格、削除・－・数量・＋、行右の小計、右カラムに「あと¥26,360で送料無料」「合計(税込)」「ご購入手続きへ」「他の商品を見る」「カート一括削除」。画像2（sheet-3_img2.png）＝購入グループ重複エラーの帯。	high	
sheet-3-R154	MATCHED				4 商品名（ラベル）		src/Eccube/Resource/template/default/Cart/index.twig:249-252	明細に商品名を表示する。	src/Eccube/Resource/template/default/Cart/index.twig:251 が商品名（規格名・状態・メモ）を表示する。 画像1のレイアウトとも一致する。	画像1（sheet-3_img1.png）＝カート画面レイアウト。見出し「カート」、STEP表示、商品画像/JPバッジ/商品名/NM/価格、削除・－・数量・＋、行右の小計、右カラムに「あと¥26,360で送料無料」「合計(税込)」「ご購入手続きへ」「他の商品を見る」「カート一括削除」。画像2（sheet-3_img2.png）＝購入グループ重複エラーの帯。	high	
sheet-3-R155	MATCHED				5 状態（ラベル）		src/Eccube/Resource/template/default/Cart/index.twig:253-256	明細に商品の状態（NM等）を表示する。	src/Eccube/Resource/template/default/Cart/index.twig:254 が状態を表示する。 画像1のレイアウトとも一致する。	画像1（sheet-3_img1.png）＝カート画面レイアウト。見出し「カート」、STEP表示、商品画像/JPバッジ/商品名/NM/価格、削除・－・数量・＋、行右の小計、右カラムに「あと¥26,360で送料無料」「合計(税込)」「ご購入手続きへ」「他の商品を見る」「カート一括削除」。画像2（sheet-3_img2.png）＝購入グループ重複エラーの帯。	high	
sheet-3-R156	MATCHED				6 販売価格（ラベル）		src/Eccube/Resource/template/default/Cart/index.twig:255	明細に販売価格を表示する。	src/Eccube/Resource/template/default/Cart/index.twig:255 が単価を通貨表記で表示する。 画像1のレイアウトとも一致する。	画像1（sheet-3_img1.png）＝カート画面レイアウト。見出し「カート」、STEP表示、商品画像/JPバッジ/商品名/NM/価格、削除・－・数量・＋、行右の小計、右カラムに「あと¥26,360で送料無料」「合計(税込)」「ご購入手続きへ」「他の商品を見る」「カート一括削除」。画像2（sheet-3_img2.png）＝購入グループ重複エラーの帯。	high	
sheet-3-R157	MATCHED				11 削除ボタン（ボタン）		src/Eccube/Resource/template/default/Cart/index.twig:258-261	明細ごとに削除の操作要素（ごみ箱アイコン＋「削除」）を置く。	src/Eccube/Resource/template/default/Cart/index.twig:258-261 がごみ箱アイコンと「削除」文言の操作要素を明細ごとに描画する。 画像1のレイアウトとも一致する。	画像1（sheet-3_img1.png）＝カート画面レイアウト。見出し「カート」、STEP表示、商品画像/JPバッジ/商品名/NM/価格、削除・－・数量・＋、行右の小計、右カラムに「あと¥26,360で送料無料」「合計(税込)」「ご購入手続きへ」「他の商品を見る」「カート一括削除」。画像2（sheet-3_img2.png）＝購入グループ重複エラーの帯。	high	
sheet-3-R158	MATCHED				8 数量-減算（ボタン）		src/Eccube/Resource/template/default/Cart/index.twig:263-265	数量欄の左に減算ボタンを置く。	src/Eccube/Resource/template/default/Cart/index.twig:263-265 が減算ボタン（－）を描画する。 画像1のレイアウトとも一致する。	画像1（sheet-3_img1.png）＝カート画面レイアウト。見出し「カート」、STEP表示、商品画像/JPバッジ/商品名/NM/価格、削除・－・数量・＋、行右の小計、右カラムに「あと¥26,360で送料無料」「合計(税込)」「ご購入手続きへ」「他の商品を見る」「カート一括削除」。画像2（sheet-3_img2.png）＝購入グループ重複エラーの帯。	high	
sheet-3-R159	MATCHED				7 数量（数値（整数））必須		src/Eccube/Resource/template/default/Cart/index.twig:266,104-116	数量欄は整数のみの数値入力で、空・非数値・1未満は直前の値へ戻されるため未入力のままにできない。	src/Eccube/Resource/template/default/Cart/index.twig:266 が数字のみを受け付ける数量欄を描画し（下限1）、src/Eccube/Resource/template/default/Cart/index.twig:109 が空・非数値・1未満を直前値へ差し戻す。必須（未入力不可）は満たされている。最大文字数は項目表で「-」のため制約なしで整合。	画像1（sheet-3_img1.png）＝カート画面レイアウト。見出し「カート」、STEP表示、商品画像/JPバッジ/商品名/NM/価格、削除・－・数量・＋、行右の小計、右カラムに「あと¥26,360で送料無料」「合計(税込)」「ご購入手続きへ」「他の商品を見る」「カート一括削除」。画像2（sheet-3_img2.png）＝購入グループ重複エラーの帯。	high	
sheet-3-R160	MATCHED				9 数量-加算（ボタン）		src/Eccube/Resource/template/default/Cart/index.twig:267-269	数量欄の右に加算ボタンを置く。	src/Eccube/Resource/template/default/Cart/index.twig:267-269 が加算ボタン（＋）を描画する。 画像1のレイアウトとも一致する。	画像1（sheet-3_img1.png）＝カート画面レイアウト。見出し「カート」、STEP表示、商品画像/JPバッジ/商品名/NM/価格、削除・－・数量・＋、行右の小計、右カラムに「あと¥26,360で送料無料」「合計(税込)」「ご購入手続きへ」「他の商品を見る」「カート一括削除」。画像2（sheet-3_img2.png）＝購入グループ重複エラーの帯。	high	
sheet-3-R161	MATCHED				10 小計（ラベル）		src/Eccube/Resource/template/default/Cart/index.twig:271-274	明細ごとに小計を表示する。	src/Eccube/Resource/template/default/Cart/index.twig:271-274 が「小計」ラベルと金額を表示する。 画像1のレイアウトとも一致する。	画像1（sheet-3_img1.png）＝カート画面レイアウト。見出し「カート」、STEP表示、商品画像/JPバッジ/商品名/NM/価格、削除・－・数量・＋、行右の小計、右カラムに「あと¥26,360で送料無料」「合計(税込)」「ご購入手続きへ」「他の商品を見る」「カート一括削除」。画像2（sheet-3_img2.png）＝購入グループ重複エラーの帯。	high	
sheet-3-R162	MATCHED				12 送料無料までの価格（ラベル）		src/Eccube/Resource/template/default/Cart/index.twig:281-289	集計欄に送料無料までの価格を表示する。	src/Eccube/Resource/template/default/Cart/index.twig:282-288 が送料無料までの残り金額（到達時は送料無料の旨）を表示する。 画像1のレイアウトとも一致する。	画像1（sheet-3_img1.png）＝カート画面レイアウト。見出し「カート」、STEP表示、商品画像/JPバッジ/商品名/NM/価格、削除・－・数量・＋、行右の小計、右カラムに「あと¥26,360で送料無料」「合計(税込)」「ご購入手続きへ」「他の商品を見る」「カート一括削除」。画像2（sheet-3_img2.png）＝購入グループ重複エラーの帯。	high	
sheet-3-R163	MATCHED				13 合計金額（税込）（ラベル）		src/Eccube/Resource/template/default/Cart/index.twig:290-293	集計欄に合計金額（税込）を表示する。	src/Eccube/Resource/template/default/Cart/index.twig:291-292 が「合計(税込)」ラベルと金額を表示する。 画像1のレイアウトとも一致する。	画像1（sheet-3_img1.png）＝カート画面レイアウト。見出し「カート」、STEP表示、商品画像/JPバッジ/商品名/NM/価格、削除・－・数量・＋、行右の小計、右カラムに「あと¥26,360で送料無料」「合計(税込)」「ご購入手続きへ」「他の商品を見る」「カート一括削除」。画像2（sheet-3_img2.png）＝購入グループ重複エラーの帯。	high	
sheet-3-R164	MATCHED				15 購入手続きへボタン（ボタン）		src/Eccube/Resource/template/default/Cart/index.twig:295-299	集計欄に購入手続きへ進むボタンを置く。	src/Eccube/Resource/template/default/Cart/index.twig:296-298 が「ご購入手続きへ」ボタンを描画する。 画像1のレイアウトとも一致する。	画像1（sheet-3_img1.png）＝カート画面レイアウト。見出し「カート」、STEP表示、商品画像/JPバッジ/商品名/NM/価格、削除・－・数量・＋、行右の小計、右カラムに「あと¥26,360で送料無料」「合計(税込)」「ご購入手続きへ」「他の商品を見る」「カート一括削除」。画像2（sheet-3_img2.png）＝購入グループ重複エラーの帯。	high	
sheet-3-R165	MATCHED				14 他の商品を見るボタン（ボタン）		src/Eccube/Resource/template/default/Cart/index.twig:300,334	集計欄に他の商品を見るボタンを置く。	src/Eccube/Resource/template/default/Cart/index.twig:300 が「他の商品を見る」ボタンを描画する（空カート時は src/Eccube/Resource/template/default/Cart/index.twig:334）。 画像1のレイアウトとも一致する。	画像1（sheet-3_img1.png）＝カート画面レイアウト。見出し「カート」、STEP表示、商品画像/JPバッジ/商品名/NM/価格、削除・－・数量・＋、行右の小計、右カラムに「あと¥26,360で送料無料」「合計(税込)」「ご購入手続きへ」「他の商品を見る」「カート一括削除」。画像2（sheet-3_img2.png）＝購入グループ重複エラーの帯。	high	
sheet-3-R166	MATCHED				16 カート一括削除（リンク）		src/Eccube/Resource/template/default/Cart/index.twig:302-304	集計欄の下にカート一括削除のリンクを置く。	src/Eccube/Resource/template/default/Cart/index.twig:303 がリンク体裁の「カート一括削除」操作要素を描画する。 画像1のレイアウトとも一致する。	画像1（sheet-3_img1.png）＝カート画面レイアウト。見出し「カート」、STEP表示、商品画像/JPバッジ/商品名/NM/価格、削除・－・数量・＋、行右の小計、右カラムに「あと¥26,360で送料無料」「合計(税込)」「ご購入手続きへ」「他の商品を見る」「カート一括削除」。画像2（sheet-3_img2.png）＝購入グループ重複エラーの帯。	high	
sheet-3-R167	OUT_OF_SCOPE								現行仕様セクションの見出し「F04-01 買い物かご / F04-01（買い物かご）」。機能名の再掲であり要求ではない。	画像1（sheet-3_img1.png）＝カート画面レイアウト。見出し「カート」、STEP表示、商品画像/JPバッジ/商品名/NM/価格、削除・－・数量・＋、行右の小計、右カラムに「あと¥26,360で送料無料」「合計(税込)」「ご購入手続きへ」「他の商品を見る」「カート一括削除」。画像2（sheet-3_img2.png）＝購入グループ重複エラーの帯。	high	
sheet-3-R168	OUT_OF_SCOPE								現行仕様の小見出し「商品行の表示」。内容は次行 sheet-3-R169。	画像1（sheet-3_img1.png）＝カート画面レイアウト。見出し「カート」、STEP表示、商品画像/JPバッジ/商品名/NM/価格、削除・－・数量・＋、行右の小計、右カラムに「あと¥26,360で送料無料」「合計(税込)」「ご購入手続きへ」「他の商品を見る」「カート一括削除」。画像2（sheet-3_img2.png）＝購入グループ重複エラーの帯。	high	
sheet-3-R169	DRIFT	P3	実装違い	ふるまい	商品画像と商品名はどちらも当該商品の商品詳細ページへのリンクで、別のタブで開く。数量の入力欄は3桁までとする。	買い物かごの明細で、商品画像をクリックしてもその商品の商品詳細ページが別のタブで開く（商品名と同じ）。	src/Eccube/Resource/template/default/Cart/index.twig:245-252	src/Eccube/Resource/template/default/Cart/index.twig:249-252 の商品名だけが商品詳細への別タブリンクになっており、src/Eccube/Resource/template/default/Cart/index.twig:245-247 の商品画像は囲みの中の画像のみで、押しても商品詳細へ移動できない。	src/Eccube/Resource/template/default/Cart/index.twig:246 の商品画像はリンク要素に包まれておらず、明細内で商品詳細へ移動できるのは商品名（src/Eccube/Resource/template/default/Cart/index.twig:249）だけ。カスタマイズ説明は「カスタマイズ要件に記載の内容以外は現行踏襲とする」と定めており、商品画像のリンク化はカスタマイズ要件に挙がっていないため踏襲対象。なおノーイメージ画像（src/Eccube/Resource/template/default/Cart/index.twig:246）と商品名の別タブ表示（src/Eccube/Resource/template/default/Cart/index.twig:249）は実装済み。数量欄の3桁制限は実装に無いが、項目定義表の最大文字数が「-」のため本指摘には含めない。	画像1（sheet-3_img1.png）＝カート画面レイアウト。見出し「カート」、STEP表示、商品画像/JPバッジ/商品名/NM/価格、削除・－・数量・＋、行右の小計、右カラムに「あと¥26,360で送料無料」「合計(税込)」「ご購入手続きへ」「他の商品を見る」「カート一括削除」。画像2（sheet-3_img2.png）＝購入グループ重複エラーの帯。	med	index.twig-cart-item-image-not-linked
sheet-3-R170	OUT_OF_SCOPE								現行仕様の小見出し「操作の改ざん防止」。内容は次行 sheet-3-R171。	画像1（sheet-3_img1.png）＝カート画面レイアウト。見出し「カート」、STEP表示、商品画像/JPバッジ/商品名/NM/価格、削除・－・数量・＋、行右の小計、右カラムに「あと¥26,360で送料無料」「合計(税込)」「ご購入手続きへ」「他の商品を見る」「カート一括削除」。画像2（sheet-3_img2.png）＝購入グループ重複エラーの帯。	high	
sheet-3-R171	MATCHED				数量の増減、数量の直接指定、商品の個別削除は、なりすまし対策のトークンを検証してから実行する。トークンが一致しない要求は実行せず、アクセス拒否として扱う。		src/Eccube/Controller/Front/CartController.php:287-291,306-326; src/Eccube/Controller/AbstractController.php:252-263	＋／－／数量指定／個別削除はいずれも同じ入口で受け、先にトークンを検証する。不一致ならアクセス拒否となり明細は変更されない。	src/Eccube/Controller/Front/CartController.php:291 が明細操作（up/down/remove/set）の直前でトークン検証を行い、src/Eccube/Controller/AbstractController.php:258-259 が不一致時にアクセス拒否として処理を打ち切る。非同期要求にもトークンが載る（src/Eccube/Resource/template/default/default_frame.twig:99-102）。	画像1（sheet-3_img1.png）＝カート画面レイアウト。見出し「カート」、STEP表示、商品画像/JPバッジ/商品名/NM/価格、削除・－・数量・＋、行右の小計、右カラムに「あと¥26,360で送料無料」「合計(税込)」「ご購入手続きへ」「他の商品を見る」「カート一括削除」。画像2（sheet-3_img2.png）＝購入グループ重複エラーの帯。	high	
sheet-3-R172	OUT_OF_SCOPE								現行仕様の小見出し「金額の算出と送料無料の案内」。内容は続く表 sheet-3-R173〜R176。	画像1（sheet-3_img1.png）＝カート画面レイアウト。見出し「カート」、STEP表示、商品画像/JPバッジ/商品名/NM/価格、削除・－・数量・＋、行右の小計、右カラムに「あと¥26,360で送料無料」「合計(税込)」「ご購入手続きへ」「他の商品を見る」「カート一括削除」。画像2（sheet-3_img2.png）＝購入グループ重複エラーの帯。	high	
sheet-3-R173	MATCHED				"商品ごとの金額	単価×数量"		src/Eccube/Entity/CartItem.php:106-109; src/Eccube/Resource/template/default/Cart/index.twig:271-274	明細の小計は単価×数量で算出され、明細行の右側に表示される。	src/Eccube/Entity/CartItem.php:108 が単価と数量の積を明細金額として返し、src/Eccube/Resource/template/default/Cart/index.twig:273 がそれを小計として表示する。	画像1（sheet-3_img1.png）＝カート画面レイアウト。見出し「カート」、STEP表示、商品画像/JPバッジ/商品名/NM/価格、削除・－・数量・＋、行右の小計、右カラムに「あと¥26,360で送料無料」「合計(税込)」「ご購入手続きへ」「他の商品を見る」「カート一括削除」。画像2（sheet-3_img2.png）＝購入グループ重複エラーの帯。	high	
sheet-3-R174	MATCHED				"送料無料の案内を出す条件	送料無料金額の設定があるとき。設定が無いときは送料無料の案内も不足額の案内も出さない"		src/Eccube/Resource/template/default/Cart/index.twig:281-289	送料無料金額が未設定の店舗では、送料無料の案内も不足額の案内も描画されない。	src/Eccube/Resource/template/default/Cart/index.twig:281 が送料無料金額の設定を条件にしており、未設定なら到達・未到達いずれの案内も出ない。	画像1（sheet-3_img1.png）＝カート画面レイアウト。見出し「カート」、STEP表示、商品画像/JPバッジ/商品名/NM/価格、削除・－・数量・＋、行右の小計、右カラムに「あと¥26,360で送料無料」「合計(税込)」「ご購入手続きへ」「他の商品を見る」「カート一括削除」。画像2（sheet-3_img2.png）＝購入グループ重複エラーの帯。	high	
sheet-3-R175	MATCHED				"送料無料と判定する条件	合計が送料無料金額以上、または合計個数が送料無料個数以上"		src/Eccube/Controller/Front/CartController.php:150-165	合計個数が送料無料個数以上、または合計金額が送料無料金額以上のとき、送料無料と判定する。	src/Eccube/Controller/Front/CartController.php:150-156 が個数条件、src/Eccube/Controller/Front/CartController.php:158-161 が金額条件で送料無料を立てる。いずれかを満たせば送料無料となり、設計の「または」と一致。	画像1（sheet-3_img1.png）＝カート画面レイアウト。見出し「カート」、STEP表示、商品画像/JPバッジ/商品名/NM/価格、削除・－・数量・＋、行右の小計、右カラムに「あと¥26,360で送料無料」「合計(税込)」「ご購入手続きへ」「他の商品を見る」「カート一括削除」。画像2（sheet-3_img2.png）＝購入グループ重複エラーの帯。	high	
sheet-3-R176	MATCHED				"送料無料に達していないとき	送料無料金額と合計の差額を不足額として案内する"		src/Eccube/Controller/Front/CartController.php:158-163; src/Eccube/Resource/template/default/Cart/index.twig:282-288,92-98	未到達時は送料無料金額と合計の差額を不足額として算出し、「あと◯◯で送料無料」と案内する。	src/Eccube/Controller/Front/CartController.php:162 が差額を不足額として求め、src/Eccube/Resource/template/default/Cart/index.twig:286 が未到達時にその金額を入れた案内を表示する。数量変更後も src/Eccube/Resource/template/default/Cart/index.twig:92-98 で同じ案内が更新される。	画像1（sheet-3_img1.png）＝カート画面レイアウト。見出し「カート」、STEP表示、商品画像/JPバッジ/商品名/NM/価格、削除・－・数量・＋、行右の小計、右カラムに「あと¥26,360で送料無料」「合計(税込)」「ご購入手続きへ」「他の商品を見る」「カート一括削除」。画像2（sheet-3_img2.png）＝購入グループ重複エラーの帯。	high	
sheet-3-R177	OUT_OF_SCOPE								現行仕様の小見出し「購入手続きへ進めるかどうか」。内容は次行 sheet-3-R178／R179。	画像1（sheet-3_img1.png）＝カート画面レイアウト。見出し「カート」、STEP表示、商品画像/JPバッジ/商品名/NM/価格、削除・－・数量・＋、行右の小計、右カラムに「あと¥26,360で送料無料」「合計(税込)」「ご購入手続きへ」「他の商品を見る」「カート一括削除」。画像2（sheet-3_img2.png）＝購入グループ重複エラーの帯。	high	
sheet-3-R178	MATCHED				購入手続きへのボタンは、カートに商品が1件以上あり、かつ購入グループが単一のときだけ出す。購入グループが複数のときはボタンを出さず、購入手続きへ進めない。		src/Eccube/Resource/template/default/Cart/index.twig:190,295-299; src/Eccube/Controller/Front/CartController.php:138-148	カートが空のときは集計欄ごと出ないためボタンも出ず、購入グループが複数のときはボタンだけが消えてエラー文が出る。	src/Eccube/Resource/template/default/Cart/index.twig:190 が明細1件以上を条件に集計欄一式を描画し、src/Eccube/Resource/template/default/Cart/index.twig:295 が購入グループ重複時（src/Eccube/Controller/Front/CartController.php:141-148 で立つ）にボタンを出さない。同一行の「スマートフォン用とPC用の2か所に同じものを置く」は現行のマークアップ都合であり、リニューアル後のレイアウト図（画像1）は集計欄1か所に置く形のため、後者の仕様を優先して対象外とした。	画像1（sheet-3_img1.png）＝カート画面レイアウト。見出し「カート」、STEP表示、商品画像/JPバッジ/商品名/NM/価格、削除・－・数量・＋、行右の小計、右カラムに「あと¥26,360で送料無料」「合計(税込)」「ご購入手続きへ」「他の商品を見る」「カート一括削除」。画像2（sheet-3_img2.png）＝購入グループ重複エラーの帯。	med	
sheet-3-R179	UNVERIFIABLE								「メッセージが出た場合」に相当するのは購入フローの警告・エラーだが、どの検証で何が立つかは在庫・購入上限などの実データ次第で、静的には遷移先が確定しない。実装には買い物かごへ戻る経路（src/Eccube/Controller/Front/ShoppingController.php:135-139）と購入エラー画面へ進む経路（同:152-156）の両方があり、後者はリニューアル後に別途定義された画面のため、本行の「買い物かごへ戻る」と突き合わせるには実行時の確認が要る。カート画面側で警告文を出す経路（src/Eccube/Controller/Front/CartController.php:214-224）は実装されている。	画像1（sheet-3_img1.png）＝カート画面レイアウト。見出し「カート」、STEP表示、商品画像/JPバッジ/商品名/NM/価格、削除・－・数量・＋、行右の小計、右カラムに「あと¥26,360で送料無料」「合計(税込)」「ご購入手続きへ」「他の商品を見る」「カート一括削除」。画像2（sheet-3_img2.png）＝購入グループ重複エラーの帯。	low	
sheet-3-R180	OUT_OF_SCOPE								現行仕様の小見出し「カートへの追加」。内容は次行 sheet-3-R181／R182。	画像1（sheet-3_img1.png）＝カート画面レイアウト。見出し「カート」、STEP表示、商品画像/JPバッジ/商品名/NM/価格、削除・－・数量・＋、行右の小計、右カラムに「あと¥26,360で送料無料」「合計(税込)」「ご購入手続きへ」「他の商品を見る」「カート一括削除」。画像2（sheet-3_img2.png）＝購入グループ重複エラーの帯。	high	
sheet-3-R181	MATCHED				商品規格と数量を受け取ってカートへ追加する。数量の指定が無いときは1とする。		src/Eccube/Form/Type/AddCartType.php:87-99; src/Eccube/Controller/Front/ProductController.php:1015-1035; src/Eccube/Controller/Front/CartController.php:230-266	商品規格と数量でカートへ追加し、数量未指定時は1になる。複数商品をまとめて追加する要求も受け、明細の並びが空なら追加せず失敗を返す。追加に失敗するとエラーメッセージが出る。	src/Eccube/Form/Type/AddCartType.php:88 が数量の既定値を1にしている。複数まとめ追加は src/Eccube/Controller/Front/CartController.php:233-236 で並びが空なら追加せず失敗を返し、src/Eccube/Controller/Front/CartController.php:257-262 が失敗時のエラーメッセージを返す。単品追加の失敗メッセージは src/Eccube/Controller/Front/ProductController.php:1088-1097。要求本文の受け取り方（JSON本文かフォーム値か）は実装手段の差のため対象外とした。	画像1（sheet-3_img1.png）＝カート画面レイアウト。見出し「カート」、STEP表示、商品画像/JPバッジ/商品名/NM/価格、削除・－・数量・＋、行右の小計、右カラムに「あと¥26,360で送料無料」「合計(税込)」「ご購入手続きへ」「他の商品を見る」「カート一括削除」。画像2（sheet-3_img2.png）＝購入グループ重複エラーの帯。	med	
sheet-3-R182	MATCHED				非同期の追加は追加後のカート内容（商品明細と合計）を返し、画面遷移を伴う追加は買い物かご画面を表示する。カート内容の取得だけを求める要求にも同じカート内容を返す。		src/Eccube/Controller/Front/ProductController.php:1086-1102; src/Eccube/Controller/Block/CartController.php:42-55; src/Eccube/Service/Block/CartBlockPayloadBuilder.php:92-120	画面遷移を伴う追加は買い物かご画面を表示し、非同期の追加では追加直後にカート内容（明細と合計）が返って画面上のカート表示が更新される。カート内容だけを求める要求にも同じ内容が返る。	src/Eccube/Controller/Front/ProductController.php:1101 が画面遷移を伴う追加で買い物かご画面へ送る。非同期追加後は同じカート内容（明細一覧と合計数量・合計金額）が src/Eccube/Service/Block/CartBlockPayloadBuilder.php:112-120 から返り、src/Eccube/Resource/template/default/index.twig:88-90 のようにカート表示へ反映される。カート内容の取得だけを求める要求（src/Eccube/Controller/Block/CartController.php:42-55）も同じ内容を返す。どの応答に載せるかは内部配線の差のため対象外とした。	画像1（sheet-3_img1.png）＝カート画面レイアウト。見出し「カート」、STEP表示、商品画像/JPバッジ/商品名/NM/価格、削除・－・数量・＋、行右の小計、右カラムに「あと¥26,360で送料無料」「合計(税込)」「ご購入手続きへ」「他の商品を見る」「カート一括削除」。画像2（sheet-3_img2.png）＝購入グループ重複エラーの帯。	med	
sheet-3-R183	OUT_OF_SCOPE								現行仕様の小見出し「入荷通知依頼」。内容は続く表 sheet-3-R184〜R188。	画像1（sheet-3_img1.png）＝カート画面レイアウト。見出し「カート」、STEP表示、商品画像/JPバッジ/商品名/NM/価格、削除・－・数量・＋、行右の小計、右カラムに「あと¥26,360で送料無料」「合計(税込)」「ご購入手続きへ」「他の商品を見る」「カート一括削除」。画像2（sheet-3_img2.png）＝購入グループ重複エラーの帯。	high	
sheet-3-R184	MATCHED				"対象の商品規格が存在しない	依頼を受け付けず失敗を返す"		src/Eccube/Controller/Front/CartController.php:466-484	指定された商品規格が見つからないときは依頼を登録せず失敗を返す。	src/Eccube/Controller/Front/CartController.php:470-476 が商品規格を取得できないとき失敗の応答を返し、依頼登録へ進まない。	画像1（sheet-3_img1.png）＝カート画面レイアウト。見出し「カート」、STEP表示、商品画像/JPバッジ/商品名/NM/価格、削除・－・数量・＋、行右の小計、右カラムに「あと¥26,360で送料無料」「合計(税込)」「ご購入手続きへ」「他の商品を見る」「カート一括削除」。画像2（sheet-3_img2.png）＝購入グループ重複エラーの帯。	high	
sheet-3-R185	MATCHED				"未ログイン	依頼を受け付けずログインを促す。ログイン後に戻れるよう直前の画面を覚えておく"		src/Eccube/Controller/Front/CartController.php:486-503; src/Eccube/Resource/locale/messages.ja.yaml:1343	未ログインなら依頼を登録せず、直前の画面を控えたうえでログインを促す応答を返す。	src/Eccube/Controller/Front/CartController.php:489 が直前の画面を控え、src/Eccube/Controller/Front/CartController.php:490-494 がログインを促す応答を返す（文言は src/Eccube/Resource/locale/messages.ja.yaml:1343）。	画像1（sheet-3_img1.png）＝カート画面レイアウト。見出し「カート」、STEP表示、商品画像/JPバッジ/商品名/NM/価格、削除・－・数量・＋、行右の小計、右カラムに「あと¥26,360で送料無料」「合計(税込)」「ご購入手続きへ」「他の商品を見る」「カート一括削除」。画像2（sheet-3_img2.png）＝購入グループ重複エラーの帯。	high	
sheet-3-R186	MATCHED				"すでに同じ商品規格の依頼がある	その依頼を取り消す"		src/Eccube/Controller/Front/CartController.php:506-521; src/Eccube/Resource/locale/messages.ja.yaml:1340	同じ商品規格の依頼が既にあるときは、その依頼を取り消す。	src/Eccube/Controller/Front/CartController.php:507-513 で既存依頼を探し、src/Eccube/Controller/Front/CartController.php:515-520 で取り消して取消の応答を返す。	画像1（sheet-3_img1.png）＝カート画面レイアウト。見出し「カート」、STEP表示、商品画像/JPバッジ/商品名/NM/価格、削除・－・数量・＋、行右の小計、右カラムに「あと¥26,360で送料無料」「合計(税込)」「ご購入手続きへ」「他の商品を見る」「カート一括削除」。画像2（sheet-3_img2.png）＝購入グループ重複エラーの帯。	high	
sheet-3-R187	MATCHED				"依頼件数が上限に達している	依頼を登録せず、上限値を添えて失敗を返す"		src/Eccube/Controller/Front/CartController.php:524-530; src/Eccube/Resource/locale/messages.ja.yaml:1344	依頼件数が上限に達しているときは登録せず、上限値を含むメッセージで失敗を返す。	src/Eccube/Controller/Front/CartController.php:524 が上限との比較を行い、src/Eccube/Controller/Front/CartController.php:526-530 が上限値を差し込んだ失敗応答を返す（文言は src/Eccube/Resource/locale/messages.ja.yaml:1344）。	画像1（sheet-3_img1.png）＝カート画面レイアウト。見出し「カート」、STEP表示、商品画像/JPバッジ/商品名/NM/価格、削除・－・数量・＋、行右の小計、右カラムに「あと¥26,360で送料無料」「合計(税込)」「ご購入手続きへ」「他の商品を見る」「カート一括削除」。画像2（sheet-3_img2.png）＝購入グループ重複エラーの帯。	high	
sheet-3-R188	MATCHED				"上記以外	依頼を登録する"		src/Eccube/Controller/Front/CartController.php:533-548; src/Eccube/Service/Front/Cart/NotifylistProductAction.php:33-53	いずれの条件にも当たらないときは入荷通知依頼を登録する。	src/Eccube/Controller/Front/CartController.php:534-541 が依頼の登録を行い（src/Eccube/Service/Front/Cart/NotifylistProductAction.php:38-47 で保存）、src/Eccube/Controller/Front/CartController.php:546-549 が成功の応答を返す。	画像1（sheet-3_img1.png）＝カート画面レイアウト。見出し「カート」、STEP表示、商品画像/JPバッジ/商品名/NM/価格、削除・－・数量・＋、行右の小計、右カラムに「あと¥26,360で送料無料」「合計(税込)」「ご購入手続きへ」「他の商品を見る」「カート一括削除」。画像2（sheet-3_img2.png）＝購入グループ重複エラーの帯。	high	
sheet-3-R189	OUT_OF_SCOPE								現行仕様の小見出し「カートが空のとき」。内容は次行 sheet-3-R190。	画像1（sheet-3_img1.png）＝カート画面レイアウト。見出し「カート」、STEP表示、商品画像/JPバッジ/商品名/NM/価格、削除・－・数量・＋、行右の小計、右カラムに「あと¥26,360で送料無料」「合計(税込)」「ご購入手続きへ」「他の商品を見る」「カート一括削除」。画像2（sheet-3_img2.png）＝購入グループ重複エラーの帯。	high	
sheet-3-R190	MATCHED				商品が1件も無いときは、商品行・集計欄・購入手続きへのボタン・カート一括削除を出さず、買い物かごが空である案内だけを出す。他の商品を見るボタンは空のときも出す。		src/Eccube/Resource/template/default/Cart/index.twig:190,310-338; src/Eccube/Resource/locale/messages.ja.yaml:1312-1313	カートが空のときは明細・集計欄・購入手続きへボタン・カート一括削除がいずれも描画されず、空である案内と「他の商品を見る」ボタンだけが出る。	src/Eccube/Resource/template/default/Cart/index.twig:190 が明細1件以上のときだけ明細と集計欄一式を描画し、空のときは src/Eccube/Resource/template/default/Cart/index.twig:321-337 の分岐に入る。src/Eccube/Resource/template/default/Cart/index.twig:327-328 が空である案内、src/Eccube/Resource/template/default/Cart/index.twig:334 が「他の商品を見る」ボタン。	画像1（sheet-3_img1.png）＝カート画面レイアウト。見出し「カート」、STEP表示、商品画像/JPバッジ/商品名/NM/価格、削除・－・数量・＋、行右の小計、右カラムに「あと¥26,360で送料無料」「合計(税込)」「ご購入手続きへ」「他の商品を見る」「カート一括削除」。画像2（sheet-3_img2.png）＝購入グループ重複エラーの帯。	high	
sheet-3-R191	MATCHED				"入力	カートへ追加する商品規格と数量、入荷通知を依頼する商品規格"		src/Eccube/Form/Type/AddCartType.php:87-99; src/Eccube/Controller/Front/CartController.php:437-484	カート追加は商品規格と数量を受け取り、入荷通知依頼は対象の商品規格（または商品と言語）を受け取る。	src/Eccube/Form/Type/AddCartType.php:87-99 がカート追加の数量を受け取り、src/Eccube/Controller/Front/CartController.php:437-441 が入荷通知依頼の対象指定を受け取る。	画像1（sheet-3_img1.png）＝カート画面レイアウト。見出し「カート」、STEP表示、商品画像/JPバッジ/商品名/NM/価格、削除・－・数量・＋、行右の小計、右カラムに「あと¥26,360で送料無料」「合計(税込)」「ご購入手続きへ」「他の商品を見る」「カート一括削除」。画像2（sheet-3_img2.png）＝購入グループ重複エラーの帯。	high	
sheet-3-R192	MATCHED				"成功時出力	買い物かご画面の表示、カート内容（商品明細と合計）の返却、入荷通知依頼の結果"		src/Eccube/Controller/Front/CartController.php:84-107,338-368,546-549	買い物かご画面の表示、数量変更・追加後のカート内容（明細と合計）の返却、入荷通知依頼の結果返却のいずれも実装されている。	src/Eccube/Controller/Front/CartController.php:84-107 が買い物かご画面、src/Eccube/Controller/Front/CartController.php:344-364 がカート内容（明細と合計）、src/Eccube/Controller/Front/CartController.php:546-549 が入荷通知依頼の結果を返す。	画像1（sheet-3_img1.png）＝カート画面レイアウト。見出し「カート」、STEP表示、商品画像/JPバッジ/商品名/NM/価格、削除・－・数量・＋、行右の小計、右カラムに「あと¥26,360で送料無料」「合計(税込)」「ご購入手続きへ」「他の商品を見る」「カート一括削除」。画像2（sheet-3_img2.png）＝購入グループ重複エラーの帯。	high	
sheet-3-R193	MATCHED				"失敗時出力	カート追加のエラーメッセージ、入荷通知依頼のエラーメッセージ"		src/Eccube/Controller/Front/CartController.php:233-236,257-262,470-476,526-530	カート追加の失敗時と入荷通知依頼の失敗時に、それぞれエラーメッセージを返す。	src/Eccube/Controller/Front/CartController.php:234-236 と src/Eccube/Controller/Front/CartController.php:257-262 がカート追加のエラーメッセージ、src/Eccube/Controller/Front/CartController.php:470-476・src/Eccube/Controller/Front/CartController.php:526-530 が入荷通知依頼のエラーメッセージを返す。	画像1（sheet-3_img1.png）＝カート画面レイアウト。見出し「カート」、STEP表示、商品画像/JPバッジ/商品名/NM/価格、削除・－・数量・＋、行右の小計、右カラムに「あと¥26,360で送料無料」「合計(税込)」「ご購入手続きへ」「他の商品を見る」「カート一括削除」。画像2（sheet-3_img2.png）＝購入グループ重複エラーの帯。	high	
sheet-3-R194	OUT_OF_SCOPE								現行仕様の小見出し「入出力: 永続化」。内容は続く表 sheet-3-R195／R196。	画像1（sheet-3_img1.png）＝カート画面レイアウト。見出し「カート」、STEP表示、商品画像/JPバッジ/商品名/NM/価格、削除・－・数量・＋、行右の小計、右カラムに「あと¥26,360で送料無料」「合計(税込)」「ご購入手続きへ」「他の商品を見る」「カート一括削除」。画像2（sheet-3_img2.png）＝購入グループ重複エラーの帯。	high	
sheet-3-R195	MATCHED				"登録	入荷通知依頼の受付"		src/Eccube/Controller/Front/CartController.php:533-541; src/Eccube/Service/Front/Cart/NotifylistProductAction.php:33-53	入荷通知依頼を受け付けたときに依頼が保存される。	src/Eccube/Controller/Front/CartController.php:541 が登録処理を呼び、src/Eccube/Service/Front/Cart/NotifylistProductAction.php:38-47 が保存を確定させる。	画像1（sheet-3_img1.png）＝カート画面レイアウト。見出し「カート」、STEP表示、商品画像/JPバッジ/商品名/NM/価格、削除・－・数量・＋、行右の小計、右カラムに「あと¥26,360で送料無料」「合計(税込)」「ご購入手続きへ」「他の商品を見る」「カート一括削除」。画像2（sheet-3_img2.png）＝購入グループ重複エラーの帯。	high	
sheet-3-R196	MATCHED				"削除	入荷通知依頼の取消"		src/Eccube/Controller/Front/CartController.php:514-521	同じ対象の依頼が既にあるとき、その依頼が削除される。	src/Eccube/Controller/Front/CartController.php:515-516 が既存の依頼を削除し、src/Eccube/Controller/Front/CartController.php:518-521 が取消の応答を返す。	画像1（sheet-3_img1.png）＝カート画面レイアウト。見出し「カート」、STEP表示、商品画像/JPバッジ/商品名/NM/価格、削除・－・数量・＋、行右の小計、右カラムに「あと¥26,360で送料無料」「合計(税込)」「ご購入手続きへ」「他の商品を見る」「カート一括削除」。画像2（sheet-3_img2.png）＝購入グループ重複エラーの帯。	high	
sheet-3-R197	MATCHED				"F04-01-MSG-001	画面中央(ダイアログ)	カート内の商品がすべて削除されます。本当に実行してよろしいですか？"		src/Eccube/Resource/template/default/Cart/index.twig:142-147; src/Eccube/Resource/locale/messages.ja.yaml:1322; src/Eccube/Controller/Front/CartController.php:117-122	「カート一括削除」を押すと確認ダイアログが出て、実行するとカートを全削除して買い物かご画面へ戻り、取り消すと画面に留まる。	src/Eccube/Resource/template/default/Cart/index.twig:144 が src/Eccube/Resource/locale/messages.ja.yaml:1322 の文言で確認ダイアログを出し、承諾時のみ送信する。送信先は src/Eccube/Controller/Front/CartController.php:117-122 で全削除後に買い物かご画面へ戻す。	画像1（sheet-3_img1.png）＝カート画面レイアウト。見出し「カート」、STEP表示、商品画像/JPバッジ/商品名/NM/価格、削除・－・数量・＋、行右の小計、右カラムに「あと¥26,360で送料無料」「合計(税込)」「ご購入手続きへ」「他の商品を見る」「カート一括削除」。画像2（sheet-3_img2.png）＝購入グループ重複エラーの帯。	high	
sheet-3-R198	MATCHED				"F04-01-MSG-002	カート集計欄	現在送料無料です。"		src/Eccube/Resource/template/default/Cart/index.twig:283-284,92-98; src/Eccube/Resource/locale/messages.ja.yaml:1313; src/Eccube/Controller/Front/CartController.php:150-165	集計欄に「現在送料無料です。」が表示され、画面はそのまま留まる。	src/Eccube/Resource/locale/messages.ja.yaml:1313 の文言を src/Eccube/Resource/template/default/Cart/index.twig:284 が集計欄に表示する。送料無料の判定は src/Eccube/Controller/Front/CartController.php:150-165（金額または個数）。数量変更後も src/Eccube/Resource/template/default/Cart/index.twig:94-95 で同じ文言に切り替わる。	画像1（sheet-3_img1.png）＝カート画面レイアウト。見出し「カート」、STEP表示、商品画像/JPバッジ/商品名/NM/価格、削除・－・数量・＋、行右の小計、右カラムに「あと¥26,360で送料無料」「合計(税込)」「ご購入手続きへ」「他の商品を見る」「カート一括削除」。画像2（sheet-3_img2.png）＝購入グループ重複エラーの帯。	high	
sheet-3-R199	MATCHED				"F04-01-MSG-003	画面本文	現在カート内に商品はございません。"		src/Eccube/Resource/template/default/Cart/index.twig:326-329; src/Eccube/Resource/locale/messages.ja.yaml:1312	カート内商品が0件のとき、本文に「現在カート内に商品はございません。」が表示される。	src/Eccube/Resource/template/default/Cart/index.twig:327 が src/Eccube/Resource/locale/messages.ja.yaml:1312 の文言を空カート時の本文に表示する（分岐は src/Eccube/Resource/template/default/Cart/index.twig:190/310）。	画像1（sheet-3_img1.png）＝カート画面レイアウト。見出し「カート」、STEP表示、商品画像/JPバッジ/商品名/NM/価格、削除・－・数量・＋、行右の小計、右カラムに「あと¥26,360で送料無料」「合計(税込)」「ご購入手続きへ」「他の商品を見る」「カート一括削除」。画像2（sheet-3_img2.png）＝購入グループ重複エラーの帯。	high	
sheet-3-R200	MATCHED				"F04-01-MSG-004	画面右下トースト	カートに追加しました："		src/Eccube/Resource/template/default/default_frame.twig:216-262; src/Eccube/Resource/template/default/index.twig:86-92; src/Eccube/Resource/locale/messages.ja.yaml:1229	商品をカートに追加すると画面右下にトーストで「カートに追加しました：（商品名）」が出て、買い物かごへのリンクが添えられる。画面遷移はしない。	src/Eccube/Resource/locale/messages.ja.yaml:1229 の文言を src/Eccube/Resource/template/default/index.twig:88 が買い物かごへのリンク付きで表示し、実体は src/Eccube/Resource/template/default/default_frame.twig:226-262 の共通トースト。表示位置はPCで右下（html/template/default/assets/hareruya/css/hareruya-common.css の .p-hareruya-cart-popup が bottom/right 指定）。	画像1（sheet-3_img1.png）＝カート画面レイアウト。見出し「カート」、STEP表示、商品画像/JPバッジ/商品名/NM/価格、削除・－・数量・＋、行右の小計、右カラムに「あと¥26,360で送料無料」「合計(税込)」「ご購入手続きへ」「他の商品を見る」「カート一括削除」。画像2（sheet-3_img2.png）＝購入グループ重複エラーの帯。	high	
sheet-3-R201	OUT_OF_SCOPE								現行仕様から採った見出し文言「買い物かご」の行。リニューアル後のレイアウト図（画像1）は画面見出しを「カート」と明示しており、実装 src/Eccube/Resource/template/default/Cart/index.twig:157 も src/Eccube/Resource/locale/messages.ja.yaml:1323「カート」を表示する。現行仕様とリニューアル後で食い違う箇所は後者が優先という規約により、現行仕様側の本行は対象外とした。	画像1の左上見出しは「カート」。設計本文の表示メッセージ表にある「買い物かご」とは一致しない。	med	
sheet-3-R202	MATCHED				"—	カート集計欄	あと（残り金額）で送料無料になります。"		src/Eccube/Resource/template/default/Cart/index.twig:286,92-98; src/Eccube/Resource/locale/messages.ja.yaml:1315; src/Eccube/Controller/Front/CartController.php:158-163	送料無料金額の設定があり未到達のとき、集計欄に「あと（残り金額）で送料無料」と表示される。	src/Eccube/Resource/template/default/Cart/index.twig:286 が src/Eccube/Resource/locale/messages.ja.yaml:1315 の文言に不足額（src/Eccube/Controller/Front/CartController.php:162 で算出）を差し込んで表示する。文末の言い回しはレイアウト図（画像1）の「あと¥26,360で送料無料」と一致しており、実装はレイアウト図どおり。	画像1の右カラム上部に「あと ¥26,360で送料無料」。実装の文言と一致する。	med	
sheet-3-R203	MATCHED				"—	カート集計欄	合計(税込)"		src/Eccube/Resource/template/default/Cart/index.twig:290-293; src/Eccube/Resource/locale/messages.ja.yaml:1331	集計欄に「合計(税込)」ラベルと金額が表示される。	src/Eccube/Resource/template/default/Cart/index.twig:291 が src/Eccube/Resource/locale/messages.ja.yaml:1331「合計(税込)」を表示する。画像1の表記とも一致。	画像1（sheet-3_img1.png）＝カート画面レイアウト。見出し「カート」、STEP表示、商品画像/JPバッジ/商品名/NM/価格、削除・－・数量・＋、行右の小計、右カラムに「あと¥26,360で送料無料」「合計(税込)」「ご購入手続きへ」「他の商品を見る」「カート一括削除」。画像2（sheet-3_img2.png）＝購入グループ重複エラーの帯。	high	
sheet-3-R204	OUT_OF_SCOPE								現行仕様から採った空カート時の旧文言「現在、買い物かごには商品が入っておりません。」の行。同じ表示位置・同じ条件（カート0件）についてはリニューアル後の F04-01-MSG-003「現在カート内に商品はございません。」が定められており（sheet-3-R199）、実装 src/Eccube/Resource/template/default/Cart/index.twig:327 はそちらに従っている。現行仕様とリニューアル後が食い違う箇所は後者優先という規約により本行は対象外とした。	画像1（sheet-3_img1.png）＝カート画面レイアウト。見出し「カート」、STEP表示、商品画像/JPバッジ/商品名/NM/価格、削除・－・数量・＋、行右の小計、右カラムに「あと¥26,360で送料無料」「合計(税込)」「ご購入手続きへ」「他の商品を見る」「カート一括削除」。画像2（sheet-3_img2.png）＝購入グループ重複エラーの帯。	med	
sheet-3-R205	MATCHED				"—	画面上部のエラー領域	「（購入グループ1）」と「（購入グループ2）」の商品は同時に注文することが出来ません。"		src/Eccube/Controller/Front/CartController.php:138-148; src/Eccube/Resource/template/default/Cart/index.twig:200-212,295-299; src/Eccube/Resource/locale/messages.ja.yaml:1317-1320	購入グループが複数あるときは画面上部にエラー帯が出て、購入手続きへボタンが消えるため先へ進めない。	src/Eccube/Controller/Front/CartController.php:141-148 が購入グループ2つ以上のときにエラー文（src/Eccube/Resource/locale/messages.ja.yaml:1317-1320）を積み、src/Eccube/Resource/template/default/Cart/index.twig:200-212 が明細の上のエラー領域に表示する。同時に src/Eccube/Resource/template/default/Cart/index.twig:295 が購入手続きへボタンを出さない。	画像2（sheet-3_img2.png）の赤帯文言「「購入グループ1」と「購入グループ2」の商品は同時に注文することが出来ません。お手数ですがいずれかの商品を買い物かごから削除し、一方の商品の精算を完了した後に改めてご注文をお願い致します。」が src/Eccube/Resource/locale/messages.ja.yaml:1317-1320 と一致する。	high	
sheet-3-R206	MATCHED				"—	入荷通知依頼の応答メッセージ	入荷通知を依頼する場合ログインしてください"		src/Eccube/Controller/Front/CartController.php:486-503; src/Eccube/Resource/locale/messages.ja.yaml:1343	未ログインで入荷通知依頼をすると、直前の画面を控えたうえでログインを促すメッセージが返る。	src/Eccube/Controller/Front/CartController.php:489 が参照元の画面を控え、src/Eccube/Controller/Front/CartController.php:492 が src/Eccube/Resource/locale/messages.ja.yaml:1343 の文言を返す。	画像1（sheet-3_img1.png）＝カート画面レイアウト。見出し「カート」、STEP表示、商品画像/JPバッジ/商品名/NM/価格、削除・－・数量・＋、行右の小計、右カラムに「あと¥26,360で送料無料」「合計(税込)」「ご購入手続きへ」「他の商品を見る」「カート一括削除」。画像2（sheet-3_img2.png）＝購入グループ重複エラーの帯。	high	
sheet-3-R207	MATCHED				"—	入荷通知依頼の応答メッセージ	入荷通知依頼は（上限）件までです。"		src/Eccube/Controller/Front/CartController.php:524-530; src/Eccube/Resource/locale/messages.ja.yaml:1344	依頼件数が上限を超えるときは登録せず、上限値を差し込んだメッセージが返る。	src/Eccube/Controller/Front/CartController.php:527 が src/Eccube/Resource/locale/messages.ja.yaml:1344 の文言へ上限値を差し込んで返し、登録処理には進まない。	画像1（sheet-3_img1.png）＝カート画面レイアウト。見出し「カート」、STEP表示、商品画像/JPバッジ/商品名/NM/価格、削除・－・数量・＋、行右の小計、右カラムに「あと¥26,360で送料無料」「合計(税込)」「ご購入手続きへ」「他の商品を見る」「カート一括削除」。画像2（sheet-3_img2.png）＝購入グループ重複エラーの帯。	high	
sheet-3-R208	MATCHED				"—	入荷通知依頼の応答メッセージ	入荷通知依頼しました。／入荷通知依頼をキャンセルしました。"		src/Eccube/Controller/Front/CartController.php:515-521,533-549; src/Eccube/Resource/locale/messages.ja.yaml:1339-1340	依頼の登録成功時は「入荷通知依頼しました。」、取消成功時は「入荷通知依頼をキャンセルしました。」が返る。	src/Eccube/Controller/Front/CartController.php:547 が src/Eccube/Resource/locale/messages.ja.yaml:1339、src/Eccube/Controller/Front/CartController.php:519 が src/Eccube/Resource/locale/messages.ja.yaml:1340 の文言を返す。	画像1（sheet-3_img1.png）＝カート画面レイアウト。見出し「カート」、STEP表示、商品画像/JPバッジ/商品名/NM/価格、削除・－・数量・＋、行右の小計、右カラムに「あと¥26,360で送料無料」「合計(税込)」「ご購入手続きへ」「他の商品を見る」「カート一括削除」。画像2（sheet-3_img2.png）＝購入グループ重複エラーの帯。	high	
sheet-4-R001	OUT_OF_SCOPE				・カスタマイズ要件に記載の内容以外は現行踏襲とする				カスタマイズ説明の前置き（適用方針の宣言）であり、個別のふるまいを定めていないため実装対象の要求ではない。	sheet-4_img1.png（全体レイアウト。STEP表示・ご注文主・お届け先・ご注文の商品・配送方法指定・お支払い方法・その他の注意事項リンク・HTMLフリーエリア・備考欄・ご注文内容の確認を確認）	high	
sheet-4-R002	OUT_OF_SCOPE				・ご注文主				処理概要の区分行（画面ブロック名の列挙）で述語が無く、具体的なふるまいは同ブロックの「〜欄に記載」で各欄へ委譲されている。	sheet-4_img1.png（全体レイアウト。STEP表示・ご注文主・お届け先・ご注文の商品・配送方法指定・お支払い方法・その他の注意事項リンク・HTMLフリーエリア・備考欄・ご注文内容の確認を確認）	high	
sheet-4-R003	OUT_OF_SCOPE				・ご注文主欄に記載				仕様の所在を示す参照指示であり、それ自体は実装すべきふるまいを定めていない（実体は同シートの各欄の記述で判定済み）。	sheet-4_img1.png（全体レイアウト。STEP表示・ご注文主・お届け先・ご注文の商品・配送方法指定・お支払い方法・その他の注意事項リンク・HTMLフリーエリア・備考欄・ご注文内容の確認を確認）	high	
sheet-4-R004	OUT_OF_SCOPE				・お届け先				処理概要の区分行（画面ブロック名の列挙）で述語が無く、具体的なふるまいは同ブロックの「〜欄に記載」で各欄へ委譲されている。	sheet-4_img1.png（全体レイアウト。STEP表示・ご注文主・お届け先・ご注文の商品・配送方法指定・お支払い方法・その他の注意事項リンク・HTMLフリーエリア・備考欄・ご注文内容の確認を確認）	high	
sheet-4-R005	OUT_OF_SCOPE				・お届け先欄に記載				仕様の所在を示す参照指示であり、それ自体は実装すべきふるまいを定めていない（実体は同シートの各欄の記述で判定済み）。	sheet-4_img1.png（全体レイアウト。STEP表示・ご注文主・お届け先・ご注文の商品・配送方法指定・お支払い方法・その他の注意事項リンク・HTMLフリーエリア・備考欄・ご注文内容の確認を確認）	high	
sheet-4-R006	OUT_OF_SCOPE				・ご注文の商品				処理概要の区分行（画面ブロック名の列挙）で述語が無く、具体的なふるまいは同ブロックの「〜欄に記載」で各欄へ委譲されている。	sheet-4_img1.png（全体レイアウト。STEP表示・ご注文主・お届け先・ご注文の商品・配送方法指定・お支払い方法・その他の注意事項リンク・HTMLフリーエリア・備考欄・ご注文内容の確認を確認）	high	
sheet-4-R007	OUT_OF_SCOPE				・ご注文の商品欄に記載				仕様の所在を示す参照指示であり、それ自体は実装すべきふるまいを定めていない（実体は同シートの各欄の記述で判定済み）。	sheet-4_img1.png（全体レイアウト。STEP表示・ご注文主・お届け先・ご注文の商品・配送方法指定・お支払い方法・その他の注意事項リンク・HTMLフリーエリア・備考欄・ご注文内容の確認を確認）	high	
sheet-4-R008	OUT_OF_SCOPE				・配送方法指定				処理概要の区分行（画面ブロック名の列挙）で述語が無く、具体的なふるまいは同ブロックの「〜欄に記載」で各欄へ委譲されている。	sheet-4_img1.png（全体レイアウト。STEP表示・ご注文主・お届け先・ご注文の商品・配送方法指定・お支払い方法・その他の注意事項リンク・HTMLフリーエリア・備考欄・ご注文内容の確認を確認）	high	
sheet-4-R009	OUT_OF_SCOPE				・配送方法指定欄に記載				仕様の所在を示す参照指示であり、それ自体は実装すべきふるまいを定めていない（実体は同シートの各欄の記述で判定済み）。	sheet-4_img1.png（全体レイアウト。STEP表示・ご注文主・お届け先・ご注文の商品・配送方法指定・お支払い方法・その他の注意事項リンク・HTMLフリーエリア・備考欄・ご注文内容の確認を確認）	high	
sheet-4-R010	OUT_OF_SCOPE				・お支払い方法				処理概要の区分行（画面ブロック名の列挙）で述語が無く、具体的なふるまいは同ブロックの「〜欄に記載」で各欄へ委譲されている。	sheet-4_img1.png（全体レイアウト。STEP表示・ご注文主・お届け先・ご注文の商品・配送方法指定・お支払い方法・その他の注意事項リンク・HTMLフリーエリア・備考欄・ご注文内容の確認を確認）	high	
sheet-4-R011	OUT_OF_SCOPE				・お支払い方法欄に記載				仕様の所在を示す参照指示であり、それ自体は実装すべきふるまいを定めていない（実体は同シートの各欄の記述で判定済み）。	sheet-4_img1.png（全体レイアウト。STEP表示・ご注文主・お届け先・ご注文の商品・配送方法指定・お支払い方法・その他の注意事項リンク・HTMLフリーエリア・備考欄・ご注文内容の確認を確認）	high	
sheet-4-R012	OUT_OF_SCOPE				・ご注文内容の確認				処理概要の区分行（画面ブロック名の列挙）で述語が無く、具体的なふるまいは同ブロックの「〜欄に記載」で各欄へ委譲されている。	sheet-4_img1.png（全体レイアウト。STEP表示・ご注文主・お届け先・ご注文の商品・配送方法指定・お支払い方法・その他の注意事項リンク・HTMLフリーエリア・備考欄・ご注文内容の確認を確認）	high	
sheet-4-R013	OUT_OF_SCOPE				・ご注文内容の確認欄に記載				仕様の所在を示す参照指示であり、それ自体は実装すべきふるまいを定めていない（実体は同シートの各欄の記述で判定済み）。	sheet-4_img1.png（全体レイアウト。STEP表示・ご注文主・お届け先・ご注文の商品・配送方法指定・お支払い方法・その他の注意事項リンク・HTMLフリーエリア・備考欄・ご注文内容の確認を確認）	high	
sheet-4-R014	MATCHED				・カート情報がない場合はエラーとし買い物かご画面へ遷移する		src/Eccube/Controller/Front/ShoppingController.php:128-133	注文手続き画面の初期表示でカートを取得し、カートが取得できない場合は買い物かご画面へリダイレクトしている（src/Eccube/Controller/Front/ShoppingController.php:128-133）。同じ判定を src/Eccube/Controller/Front/ShoppingController.php:214-220（他画面遷移）、src/Eccube/Controller/Front/ShoppingController.php:352-358（注文確定）でも行う。	ShoppingController::index はカート未取得（$Cart が null）のとき redirectToRoute('cart') で買い物かご画面へ遷移する（src/Eccube/Controller/Front/ShoppingController.php:128-133）。設計どおり。	sheet-4_img1.png（全体レイアウト。STEP表示・ご注文主・お届け先・ご注文の商品・配送方法指定・お支払い方法・その他の注意事項リンク・HTMLフリーエリア・備考欄・ご注文内容の確認を確認）	high	
sheet-4-R015	MATCHED				・カート内に商品がない場合はエラーとして買い物かご画面へ遷移する		src/Eccube/Service/OrderHelper.php:199-215;src/Eccube/Controller/Front/ShoppingController.php:128-133	OrderHelper::verifyCart はカート明細が0件のとき false を返し（src/Eccube/Service/OrderHelper.php:199-215）、呼び出し元の注文手続き画面が買い物かご画面へリダイレクトする（src/Eccube/Controller/Front/ShoppingController.php:128-133）。	カート明細0件は verifyCart が false（src/Eccube/Service/OrderHelper.php:201-214）となり、ShoppingController::index が買い物かご画面へ遷移する（src/Eccube/Controller/Front/ShoppingController.php:130-133）。設計どおり。	sheet-4_img1.png（全体レイアウト。STEP表示・ご注文主・お届け先・ご注文の商品・配送方法指定・お支払い方法・その他の注意事項リンク・HTMLフリーエリア・備考欄・ご注文内容の確認を確認）	high	
sheet-4-R016	MATCHED				★HTMLフリーエリアの追加		src/Eccube/Resource/template/default/Shopping/index.twig:750-751	ご注文方法指定画面の備考欄の直前に管理画面ブロック shopping_confirm_free_area を読み込むフリーエリアが設けられている（src/Eccube/Resource/template/default/Shopping/index.twig:750-751）。	設計の追加要求どおり、画面にフリーエリアの表示位置が用意されている（src/Eccube/Resource/template/default/Shopping/index.twig:751）。レイアウト図の「HTMLフリーエリア」の位置（備考欄の直上）とも一致する。	sheet-4_img1.png（全体レイアウト。STEP表示・ご注文主・お届け先・ご注文の商品・配送方法指定・お支払い方法・その他の注意事項リンク・HTMLフリーエリア・備考欄・ご注文内容の確認を確認）	high	
sheet-4-R017	MATCHED				・管理画面>コンテンツ管理>ブロック管理から文章の設定ができるようにする		app/DoctrineMigrations/Version20260711100000.php:30-71;src/Eccube/Resource/template/default/Shopping/index.twig:751	「購入確認 フリーエリア」というブロックが編集可能（deletable=true）としてブロック管理に登録され（app/DoctrineMigrations/Version20260711100000.php:33-40,50-71）、画面はその内容を表示する（src/Eccube/Resource/template/default/Shopping/index.twig:751）。	管理画面のブロック管理に編集可能なブロックとして登録されるため、管理者が文章を設定でき、その内容がご注文方法指定画面に出る。設計どおり。	sheet-4_img1.png（全体レイアウト。STEP表示・ご注文主・お届け先・ご注文の商品・配送方法指定・お支払い方法・その他の注意事項リンク・HTMLフリーエリア・備考欄・ご注文内容の確認を確認）	high	
sheet-4-R018	OUT_OF_SCOPE				・表示について				見出し行で述語が無く、配下の具体的なふるまいは同ブロックの後続行が定めている。	sheet-4_img1.png（全体レイアウト。STEP表示・ご注文主・お届け先・ご注文の商品・配送方法指定・お支払い方法・その他の注意事項リンク・HTMLフリーエリア・備考欄・ご注文内容の確認を確認）	high	
sheet-4-R019	MATCHED				★店舗受取の場合は備考欄を非表示とする		src/Eccube/Resource/template/default/Shopping/index.twig:135-136;src/Eccube/Resource/template/default/Shopping/index.twig:753-759	配送方法が店頭受取系（店頭受取・スムーズ店頭受取）のときは備考欄のテキストエリアを出力しない（src/Eccube/Resource/template/default/Shopping/index.twig:753-759、判定は src/Eccube/Resource/template/default/Shopping/index.twig:135-136 の isDeliveryOTC）。	店舗受取のときだけ備考欄が消える条件分岐が実装されている。設計どおり。	sheet-4_img2.png（店頭受取時。備考欄が無く【お問い合わせフォーム】はこちらのみ。その他の注意事項リンクも無い）	high	
sheet-4-R020	MATCHED				・支払方法によって「注文する」ボタンの文言を変更する		src/Eccube/Resource/template/default/Shopping/index.twig:140-158	選択中の支払方法に応じて注文ボタンの表示文言を切り替えている（src/Eccube/Resource/template/default/Shopping/index.twig:140-158）。既定は「注文する」（src/Eccube/Resource/locale/messages.ja.yaml:1538）。	支払方法ごとにボタン文言を差し替える実装がある（src/Eccube/Resource/template/default/Shopping/index.twig:145-158）。設計どおり。	sheet-4_img14.png（ご注文内容の確認 本店）／sheet-4_img15.png（支店。注文金額合計のみ）	high	
sheet-4-R021	MATCHED				・コンビニ決済の場合、コンビニ決済へに変更する		src/Eccube/Resource/template/default/Shopping/index.twig:150-151;src/Eccube/Resource/locale/messages.ja.yaml:1540	コンビニ決済選択時のボタン文言は front.shopping.checkout.cvs＝「コンビニ決済へ」（src/Eccube/Resource/template/default/Shopping/index.twig:150-151、src/Eccube/Resource/locale/messages.ja.yaml:1540）。	コンビニ決済のとき「コンビニ決済へ」と表示される。設計どおり。	sheet-4_img14.png・sheet-4_img15.png のご注文内容の確認でボタンが「コンビニ決済へ」になっていることを確認	high	
sheet-4-R022	MATCHED				・クレジットカード決済の場合、クレジットカード決済へに変更する		src/Eccube/Resource/template/default/Shopping/index.twig:137-148;src/Eccube/Resource/locale/messages.ja.yaml:1539	クレジットカード決済（通常・登録カード）選択時のボタン文言は front.shopping.checkout.credit＝「クレジットカード決済へ」（src/Eccube/Resource/template/default/Shopping/index.twig:147-148、src/Eccube/Resource/locale/messages.ja.yaml:1539）。	クレジットカード決済のとき「クレジットカード決済へ」と表示される。設計どおり。	sheet-4_img2.png の店頭受取レイアウトでボタンが「クレジットカード決済へ」になっていることを確認	high	
sheet-4-R023	MATCHED				・支店の場合、「注文する」ボタンの文言は「購入する」に変更する		src/Eccube/Resource/template/default/Shopping/index.twig:152-158;src/Eccube/Resource/locale/messages.ja.yaml:1537	本店（isMainShop）のときは「注文する」、支店のときは front.shopping.purchase＝「購入する」を使う（src/Eccube/Resource/template/default/Shopping/index.twig:152-157、src/Eccube/Resource/locale/messages.ja.yaml:1537,1538）。	支店では注文ボタンの文言が「購入する」になる。設計どおり。	sheet-4_img14.png（ご注文内容の確認 本店）／sheet-4_img15.png（支店。注文金額合計のみ）	high	
sheet-4-R024	MATCHED				・店頭受取、スムーズ店頭受取の場合、画面の表示切り替えをする		src/Eccube/Resource/template/default/Shopping/index.twig:135-136;src/Eccube/Resource/template/default/Shopping/index.twig:629-635;src/Eccube/Resource/template/default/Shopping/index.twig:753	配送方法が店頭受取・スムーズ店頭受取のときを isDeliveryOTC として判定し（src/Eccube/Resource/template/default/Shopping/index.twig:135-136）、備考欄・お問い合わせ導線・お届け先欄の表示を切り替える（src/Eccube/Resource/template/default/Shopping/index.twig:225,629-635,753）。	店頭受取系での表示切替が実装されている。設計どおり。	sheet-4_img2.png（店頭受取時。備考欄が無く【お問い合わせフォーム】はこちらのみ。その他の注意事項リンクも無い）	high	
sheet-4-R025	MATCHED				・備考欄を非表示とする		src/Eccube/Resource/template/default/Shopping/index.twig:753-759	店頭受取系のときは備考欄ブロック全体（ラベル＋テキストエリア）を出力しない（src/Eccube/Resource/template/default/Shopping/index.twig:753-759）。	店頭受取時に備考欄が非表示になる。設計どおり。	sheet-4_img2.png（店頭受取時。備考欄が無く【お問い合わせフォーム】はこちらのみ。その他の注意事項リンクも無い）	high	
sheet-4-R026	MATCHED				・お問合せフォームはこちらエリアを表示する		src/Eccube/Resource/template/default/Shopping/index.twig:629-635;src/Eccube/Resource/locale/messages.ja.yaml:1431-1432	店頭受取系のときは「ご注文内容に関してのご要望がございましたら下記よりお問い合わせください。」と「【お問い合わせフォーム】はこちら」リンクを表示する（src/Eccube/Resource/template/default/Shopping/index.twig:629-635、src/Eccube/Resource/locale/messages.ja.yaml:1431-1432）。	店頭受取時にお問い合わせフォームへの導線エリアが表示される。設計どおり。	sheet-4_img2.png（店頭受取時。備考欄が無く【お問い合わせフォーム】はこちらのみ。その他の注意事項リンクも無い）	high	
sheet-4-R027	MATCHED				・店頭受取、スムーズ店頭受取以外の場合、画面の表示切り替えをする		src/Eccube/Resource/template/default/Shopping/index.twig:636-639;src/Eccube/Resource/template/default/Shopping/index.twig:753	店頭受取系でない場合は備考記入の案内文と注意事項リンクを表示し（src/Eccube/Resource/template/default/Shopping/index.twig:636-640）、備考欄を出力する（src/Eccube/Resource/template/default/Shopping/index.twig:753-759）。	店頭受取以外での表示切替が実装されている。設計どおり。	sheet-4_img1.png（全体レイアウト。STEP表示・ご注文主・お届け先・ご注文の商品・配送方法指定・お支払い方法・その他の注意事項リンク・HTMLフリーエリア・備考欄・ご注文内容の確認を確認）	high	
sheet-4-R028	MATCHED				・備考欄を表示とする		src/Eccube/Resource/template/default/Shopping/index.twig:753-759	店頭受取系でない場合に備考欄のラベルとテキストエリアを出力する（src/Eccube/Resource/template/default/Shopping/index.twig:753-759）。	店頭受取以外では備考欄が表示される。設計どおり。	sheet-4_img1.png（全体レイアウト。STEP表示・ご注文主・お届け先・ご注文の商品・配送方法指定・お支払い方法・その他の注意事項リンク・HTMLフリーエリア・備考欄・ご注文内容の確認を確認）	high	
sheet-4-R029	MATCHED				・お問合せフォームはこちらを非表示とする		src/Eccube/Resource/template/default/Shopping/index.twig:629-637	「【お問い合わせフォーム】はこちら」リンクは店頭受取系の分岐の中だけに置かれ、それ以外では出力されない（src/Eccube/Resource/template/default/Shopping/index.twig:629-637）。	店頭受取以外ではお問い合わせフォーム導線が出ない。設計どおり。	sheet-4_img1.png（全体レイアウト。STEP表示・ご注文主・お届け先・ご注文の商品・配送方法指定・お支払い方法・その他の注意事項リンク・HTMLフリーエリア・備考欄・ご注文内容の確認を確認）	high	
sheet-4-R030	OUT_OF_SCOPE				または最大値 初期値 画面部品の説明				項目定義表のヘッダ行の続き（列名）であり要求ではない。	sheet-4_img1.png（全体レイアウト。STEP表示・ご注文主・お届け先・ご注文の商品・配送方法指定・お支払い方法・その他の注意事項リンク・HTMLフリーエリア・備考欄・ご注文内容の確認を確認）	high	
sheet-4-R031	MATCHED				1 STEP表示 ラベル		src/Eccube/Resource/template/default/Shopping/index.twig:164-192;src/Eccube/Resource/locale/messages.ja.yaml:1324-1327	画面上部に「カート」「注文方法の指定」「注文完了」の3段のステップ表示がある（src/Eccube/Resource/template/default/Shopping/index.twig:164-192、src/Eccube/Resource/locale/messages.ja.yaml:1325-1327）。現在地は注文方法の指定。	レイアウト図の識別ID=1 STEP表示に相当するラベル表示が実装されている。	sheet-4_img1.png（全体レイアウト。STEP表示・ご注文主・お届け先・ご注文の商品・配送方法指定・お支払い方法・その他の注意事項リンク・HTMLフリーエリア・備考欄・ご注文内容の確認を確認）	high	
sheet-4-R032	MATCHED				2 ご注文主		src/Eccube/Resource/template/default/Shopping/index.twig:206-222	「ご注文主」見出しと注文者の氏名・郵便番号・住所・電話番号の表示ブロックがある（src/Eccube/Resource/template/default/Shopping/index.twig:206-222）。	識別ID=2 ご注文主のブロックが実装されている。	sheet-4_img3.png（ご注文主。氏名・〒・都道府県+住所1/2+Addr03・TELの並びを確認）	high	
sheet-4-R033	MATCHED				3 お届け先		src/Eccube/Resource/template/default/Shopping/index.twig:226-278	「お届け先」見出しと配送先選択・住所表示・変更/追加ボタンのブロックがある（src/Eccube/Resource/template/default/Shopping/index.twig:226-278）。	識別ID=3 お届け先のブロックが実装されている。	sheet-4_img4.png（お届け先。〒・住所+Addr03・氏名・TEL、お届け先情報を変更する／新しいお届け先を登録するボタン）	high	
sheet-4-R034	MATCHED				4 ご注文の商品		src/Eccube/Resource/template/default/Shopping/index.twig:282-329	「ご注文の商品」見出しと明細一覧・商品金額合計の表示ブロックがある（src/Eccube/Resource/template/default/Shopping/index.twig:282-329）。	識別ID=4 ご注文の商品のブロックが実装されている。	sheet-4_img6.png（ご注文の商品。言語ラベルJP・商品名・数量・合計(税込)・商品金額合計）	high	
sheet-4-R035	MATCHED				5 配送方法指定		src/Eccube/Resource/template/default/Shopping/index.twig:333-458	「配送方法指定」見出し・配送についてリンク・配送方法ラジオ・配送希望日時のブロックがある（src/Eccube/Resource/template/default/Shopping/index.twig:333-458）。	識別ID=5 配送方法指定のブロックが実装されている。	sheet-4_img7.png（配送方法指定。配送についてリンク・配送方法ラジオ・当日中に受け取ります・店頭受取注意事項・配送希望日時指定・お届け時間）	high	
sheet-4-R036	MATCHED				6 お支払い方法		src/Eccube/Resource/template/default/Shopping/index.twig:461-622	「お支払い情報」セクション内にお支払い方法のラジオとポイント使用の入力がある（src/Eccube/Resource/template/default/Shopping/index.twig:461-622、src/Eccube/Resource/locale/messages.ja.yaml:1493-1495）。	識別ID=6 お支払い方法のブロックが実装されている。	sheet-4_img11.png（お支払い情報 本店。コンビニ/クレカ/郵便振替/銀行振込/店頭支払・3Dセキュア案内・ポイント残高・ポイントをためる/使う）	high	
sheet-4-R037	MATCHED				7 その他の注意事項 リンク		src/Eccube/Resource/template/default/Shopping/index.twig:639-640;src/Eccube/Resource/locale/messages.ja.yaml:1434-1435	「その他の注意事項は」＋「こちら」のリンクがあり、押下で予約・返品のモーダルを開く（src/Eccube/Resource/template/default/Shopping/index.twig:639-640、src/Eccube/Resource/locale/messages.ja.yaml:1434-1435）。	識別ID=7 その他の注意事項のリンクが実装されている。店頭受取時に出ないのはレイアウト図（img2）と一致する。	sheet-4_img1.png（全体レイアウト。STEP表示・ご注文主・お届け先・ご注文の商品・配送方法指定・お支払い方法・その他の注意事項リンク・HTMLフリーエリア・備考欄・ご注文内容の確認を確認） / sheet-4_img2.png（店頭受取時。備考欄が無く【お問い合わせフォーム】はこちらのみ。その他の注意事項リンクも無い）	high	
sheet-4-R038	MATCHED				8 HTMLフリーエリア - - - - ・管理者側で文章を設定できるように追加		src/Eccube/Resource/template/default/Shopping/index.twig:750-751;app/DoctrineMigrations/Version20260711100000.php:33-40	備考欄の直上に管理画面ブロック（購入確認 フリーエリア）の内容を表示する領域があり、管理者がブロック管理から編集できる（src/Eccube/Resource/template/default/Shopping/index.twig:751、app/DoctrineMigrations/Version20260711100000.php:33-40）。	識別ID=8 HTMLフリーエリアが、管理者が文章を設定できる形で追加されている。	sheet-4_img1.png（全体レイアウト。STEP表示・ご注文主・お届け先・ご注文の商品・配送方法指定・お支払い方法・その他の注意事項リンク・HTMLフリーエリア・備考欄・ご注文内容の確認を確認）	high	
sheet-4-R039	MATCHED				9 備考欄 テキストエリア - - - ・店舗受取の場合は非表示とする		src/Eccube/Resource/template/default/Shopping/index.twig:753-759	備考欄はテキストエリアで、店頭受取系のときは出力されない（src/Eccube/Resource/template/default/Shopping/index.twig:753-759）。	識別ID=9 備考欄が、書式（テキストエリア）と店舗受取時の非表示条件のとおり実装されている。	sheet-4_img2.png（店頭受取時。備考欄が無く【お問い合わせフォーム】はこちらのみ。その他の注意事項リンクも無い）	high	
sheet-4-R040	MATCHED				10 ご注文内容の確認		src/Eccube/Resource/template/default/Shopping/index.twig:779-869	右側に「ご注文内容の確認」のサマリ（金額内訳・合計・ポイント・確定チェック・注文ボタン・戻るボタン）がある（src/Eccube/Resource/template/default/Shopping/index.twig:779-869、src/Eccube/Resource/locale/messages.ja.yaml:1428）。	識別ID=10 ご注文内容の確認のブロックが実装されている。	sheet-4_img14.png（ご注文内容の確認 本店）／sheet-4_img15.png（支店。注文金額合計のみ）	high	
sheet-4-R041	OUT_OF_SCOPE				ご注文主　レイアウト図				レイアウト図の見出し行であり要求ではない。	sheet-4_img3.png（ご注文主。氏名・〒・都道府県+住所1/2+Addr03・TELの並びを確認）	high	
sheet-4-R042	OUT_OF_SCOPE				現行機能をベースに下記カスタマイズを行う				カスタマイズ説明の前置きで述語が無く、実装すべきふるまいを定めていない。	sheet-4_img3.png（ご注文主。氏名・〒・都道府県+住所1/2+Addr03・TELの並びを確認）	high	
sheet-4-R043	OUT_OF_SCOPE				海外住所対応について				カスタマイズ要件の小見出しであり、具体的なふるまいは配下の行が定めている。	sheet-4_img3.png（ご注文主。氏名・〒・都道府県+住所1/2+Addr03・TELの並びを確認）	high	
sheet-4-R044	MATCHED				・海外住所表示時に海外住所用に3カラム目を表示する		src/Eccube/Resource/template/default/Shopping/index.twig:214-217	ご注文主の住所行に住所3（addr03）が住所1・住所2に続けて出力され、郵便番号も海外用郵便番号を併記する（src/Eccube/Resource/template/default/Shopping/index.twig:214-216）。	海外住所用の3カラム目（住所3）がご注文主欄に表示される。設計どおり。	sheet-4_img3.png（ご注文主。氏名・〒・都道府県+住所1/2+Addr03・TELの並びを確認）	high	
sheet-4-R045	MATCHED				・注文登録時に注文者情報、配送先情報に海外住所用の3カラム目を登録する		src/Eccube/Service/OrderHelper.php:350-365;src/Eccube/Service/OrderHelper.php:410-433	受注作成時に会員情報を受注へ複写し（src/Eccube/Service/OrderHelper.php:356-365、除外項目に住所3は含まれない）、配送先も会員の住所3を設定して作成する（src/Eccube/Service/OrderHelper.php:428）。受注・配送先とも住所3の項目を持つ（src/Eccube/Entity/Order.php:784-785、src/Eccube/Entity/Shipping.php:769-770）。	注文者情報・配送先情報の双方に住所3が登録される。設計どおり。	sheet-4_img3.png（ご注文主。氏名・〒・都道府県+住所1/2+Addr03・TELの並びを確認）	high	
sheet-4-R046	OUT_OF_SCOPE				・カスタマイズ要件に記載の内容以外は現行踏襲とする。				適用方針の宣言であり、個別のふるまいを定めていない。	sheet-4_img3.png（ご注文主。氏名・〒・都道府県+住所1/2+Addr03・TELの並びを確認）	high	
sheet-4-R047	OUT_OF_SCOPE				・表示について				見出し行で述語が無い。	sheet-4_img3.png（ご注文主。氏名・〒・都道府県+住所1/2+Addr03・TELの並びを確認）	high	
sheet-4-R048	MATCHED				・会員の情報を表示する		src/Eccube/Resource/template/default/Shopping/index.twig:212-219;src/Eccube/Service/OrderHelper.php:350-365	受注へ複写された会員情報（氏名・郵便番号・都道府県・住所1〜3・電話番号）をご注文主欄に表示する（src/Eccube/Resource/template/default/Shopping/index.twig:212-219）。会員情報は受注初期化時に会員から複写される（src/Eccube/Service/OrderHelper.php:356-365）。さらにマイページで会員情報が更新されていれば注文者情報を更新する（src/Eccube/Controller/Front/ShoppingController.php:174-177）。	ご注文主欄に会員の情報が表示される。設計どおり。	sheet-4_img3.png（ご注文主。氏名・〒・都道府県+住所1/2+Addr03・TELの並びを確認）	high	
sheet-4-R049	OUT_OF_SCOPE				または最大値 初期値 画面部品の説明				項目定義表のヘッダ行の続きであり要求ではない。	sheet-4_img3.png（ご注文主。氏名・〒・都道府県+住所1/2+Addr03・TELの並びを確認）	high	
sheet-4-R050	MATCHED				2-1 名前 全角・半角		src/Eccube/Resource/template/default/Shopping/index.twig:213	ご注文主の氏名（姓・名）を「様」付きで表示する（src/Eccube/Resource/template/default/Shopping/index.twig:213）。	識別ID=2-1 名前の表示が実装されている。	sheet-4_img3.png（ご注文主。氏名・〒・都道府県+住所1/2+Addr03・TELの並びを確認）	high	
sheet-4-R051	MATCHED				2-2 郵便番号 数値（整数）		src/Eccube/Resource/template/default/Shopping/index.twig:214	郵便記号に続けて郵便番号（国内）と海外用郵便番号を表示する（src/Eccube/Resource/template/default/Shopping/index.twig:214）。	識別ID=2-2 郵便番号の表示が実装されている。	sheet-4_img3.png（ご注文主。氏名・〒・都道府県+住所1/2+Addr03・TELの並びを確認）	high	
sheet-4-R052	MATCHED				2-3 都道府県 全角・半角		src/Eccube/Resource/template/default/Shopping/index.twig:216	住所行の先頭に都道府県を表示する（src/Eccube/Resource/template/default/Shopping/index.twig:216）。	識別ID=2-3 都道府県の表示が実装されている。	sheet-4_img3.png（ご注文主。氏名・〒・都道府県+住所1/2+Addr03・TELの並びを確認）	high	
sheet-4-R053	MATCHED				2-4 住所1 全角・半角		src/Eccube/Resource/template/default/Shopping/index.twig:216	住所行に住所1を表示する（src/Eccube/Resource/template/default/Shopping/index.twig:216）。	識別ID=2-4 住所1の表示が実装されている。	sheet-4_img3.png（ご注文主。氏名・〒・都道府県+住所1/2+Addr03・TELの並びを確認）	high	
sheet-4-R054	MATCHED				2-5 住所2 全角・半角		src/Eccube/Resource/template/default/Shopping/index.twig:216	住所行に住所2を表示する（src/Eccube/Resource/template/default/Shopping/index.twig:216）。	識別ID=2-5 住所2の表示が実装されている。	sheet-4_img3.png（ご注文主。氏名・〒・都道府県+住所1/2+Addr03・TELの並びを確認）	high	
sheet-4-R055	MATCHED				2-6 住所3 全角・半角 - - - ※カスタマイズ対応、項目を追加する		src/Eccube/Resource/template/default/Shopping/index.twig:216	住所行に住所3（addr03）を追加表示する（src/Eccube/Resource/template/default/Shopping/index.twig:216）。受注側にも住所3の項目がある（src/Eccube/Entity/Order.php:784-785）。	識別ID=2-6 住所3がカスタマイズ項目として追加されている。レイアウト図でも住所1・2の後ろに Addr03 が置かれている。	sheet-4_img3.png（ご注文主。氏名・〒・都道府県+住所1/2+Addr03・TELの並びを確認）	high	
sheet-4-R056	MATCHED				2-7 電話番号 数値（整数）		src/Eccube/Resource/template/default/Shopping/index.twig:218	TEL の見出し付きで電話番号を表示する（src/Eccube/Resource/template/default/Shopping/index.twig:218）。	識別ID=2-7 電話番号の表示が実装されている。	sheet-4_img3.png（ご注文主。氏名・〒・都道府県+住所1/2+Addr03・TELの並びを確認）	high	
sheet-4-R057	OUT_OF_SCOPE				お届け先　レイアウト図				レイアウト図の見出し行であり要求ではない。	sheet-4_img4.png（お届け先。〒・住所+Addr03・氏名・TEL、お届け先情報を変更する／新しいお届け先を登録するボタン）	high	
sheet-4-R058	OUT_OF_SCOPE				現行機能をベースに下記カスタマイズを行う				カスタマイズ説明の前置きで述語が無い。	sheet-4_img4.png（お届け先。〒・住所+Addr03・氏名・TEL、お届け先情報を変更する／新しいお届け先を登録するボタン）	high	
sheet-4-R059	OUT_OF_SCOPE				海外住所対応について				カスタマイズ要件の小見出しであり、配下の行がふるまいを定めている。	sheet-4_img4.png（お届け先。〒・住所+Addr03・氏名・TEL、お届け先情報を変更する／新しいお届け先を登録するボタン）	high	
sheet-4-R060	MATCHED				・海外住所表示時に海外住所用に3カラム目を表示する		src/Eccube/Resource/template/default/Shopping/index.twig:256-257	お届け先候補の住所行に住所3（addr03）が住所1・住所2に続けて出力され、郵便番号も海外用郵便番号を併記する（src/Eccube/Resource/template/default/Shopping/index.twig:256-257）。	お届け先欄でも海外住所用の3カラム目が表示される。設計どおり。	sheet-4_img4.png（お届け先。〒・住所+Addr03・氏名・TEL、お届け先情報を変更する／新しいお届け先を登録するボタン）	high	
sheet-4-R061	MATCHED				・注文登録時に注文者情報、配送先情報に海外住所用の3カラム目を登録する		src/Eccube/Service/OrderHelper.php:410-433;src/Eccube/Controller/Front/ShoppingController.php:1114-1130	配送先の初期作成で会員の住所3を設定し（src/Eccube/Service/OrderHelper.php:428）、お届け先を選び直したときも選択した住所（住所3を含む）を配送先へ反映して保存する（src/Eccube/Controller/Front/ShoppingController.php:1115,1130）。配送先エンティティは住所3の項目を持つ（src/Eccube/Entity/Shipping.php:769-770）。	配送先情報にも住所3が登録される。設計どおり。	sheet-4_img4.png（お届け先。〒・住所+Addr03・氏名・TEL、お届け先情報を変更する／新しいお届け先を登録するボタン）	high	
sheet-4-R062	OUT_OF_SCOPE				配送先の新規登録・変更について				カスタマイズ要件の小見出しであり、配下の行がふるまいを定めている。	sheet-4_img4.png（お届け先。〒・住所+Addr03・氏名・TEL、お届け先情報を変更する／新しいお届け先を登録するボタン）	high	
sheet-4-R063	MATCHED				・支店では、郵送がないため表示しない		src/Eccube/Resource/template/default/Shopping/index.twig:224-279	お届け先セクション（住所選択と「お届け先情報を変更する」「新しいお届け先を追加する」ボタンを含む）は本店のときだけ出力する（src/Eccube/Resource/template/default/Shopping/index.twig:225）。	支店では配送先の新規登録・変更の導線ごとお届け先欄が表示されない。設計どおり。	sheet-4_img4.png（お届け先。〒・住所+Addr03・氏名・TEL、お届け先情報を変更する／新しいお届け先を登録するボタン）	high	
sheet-4-R064	OUT_OF_SCOPE				・カスタマイズ要件に記載の内容以外は現行踏襲とする。				適用方針の宣言であり、個別のふるまいを定めていない。	sheet-4_img4.png（お届け先。〒・住所+Addr03・氏名・TEL、お届け先情報を変更する／新しいお届け先を登録するボタン）	high	
sheet-4-R065	OUT_OF_SCOPE				★表示について				見出し行で述語が無い。	sheet-4_img4.png（お届け先。〒・住所+Addr03・氏名・TEL、お届け先情報を変更する／新しいお届け先を登録するボタン）	high	
sheet-4-R066	MATCHED				・海外住所対応にて住所３を追加する		src/Eccube/Resource/template/default/Shopping/index.twig:257	お届け先候補の住所表示に住所3が追加されている（src/Eccube/Resource/template/default/Shopping/index.twig:257）。	お届け先欄に住所3が追加されている。設計どおり。	sheet-4_img4.png（お届け先。〒・住所+Addr03・氏名・TEL、お届け先情報を変更する／新しいお届け先を登録するボタン）	high	
sheet-4-R067	MATCHED				・支店は配送がないため表示しない		src/Eccube/Resource/template/default/Shopping/index.twig:224-279	お届け先セクションは本店のときだけ出力される（src/Eccube/Resource/template/default/Shopping/index.twig:225）。本店判定は店舗IDによる（src/Eccube/Controller/Front/ShoppingController.php:1263-1266）。	支店ではお届け先欄が非表示になる。設計どおり。	sheet-4_img4.png（お届け先。〒・住所+Addr03・氏名・TEL、お届け先情報を変更する／新しいお届け先を登録するボタン）	high	
sheet-4-R068	OUT_OF_SCOPE				・「お届け先情報を変更する」ボタンについて				小見出し行で述語が無く、配下の行がふるまいを定めている。	sheet-4_img4.png（お届け先。〒・住所+Addr03・氏名・TEL、お届け先情報を変更する／新しいお届け先を登録するボタン）	high	
sheet-4-R069	MATCHED				・お届け先名称「会員情報住所」を選択しているときは非表示とする		src/Eccube/Resource/template/default/Shopping/index.twig:232-274;src/Eccube/Controller/Front/ShoppingController.php:1305-1318	お届け先一覧の先頭は会員自身の住所（配送先名称が無いため「会員情報住所」と表示、src/Eccube/Controller/Front/ShoppingController.php:1312,1328-1329、src/Eccube/Resource/template/default/Shopping/index.twig:248-252）で、これが選択されているときは「お届け先情報を変更する」ボタンを出力しない（src/Eccube/Resource/template/default/Shopping/index.twig:234-239,270-272）。	会員情報住所を選択中は変更ボタンが出ない。設計どおり。	sheet-4_img4.png（お届け先。〒・住所+Addr03・氏名・TEL、お届け先情報を変更する／新しいお届け先を登録するボタン）	high	
sheet-4-R070	MATCHED				・お届け先切り替え時に画面をリロードする		src/Eccube/Resource/template/default/Shopping/index.twig:44-48;src/Eccube/Controller/Front/ShoppingController.php:1047-1147	お届け先のラジオを変更するとフォームがお届け先変更へ送信され（src/Eccube/Resource/template/default/Shopping/index.twig:44-48）、配送先へ反映・再計算のうえ注文手続き画面へ戻される（src/Eccube/Controller/Front/ShoppingController.php:1115-1147）。	お届け先を切り替えると画面が再表示される。設計どおり。	sheet-4_img4.png（お届け先。〒・住所+Addr03・氏名・TEL、お届け先情報を変更する／新しいお届け先を登録するボタン）	high	
sheet-4-R071	MATCHED				・会員情報住所を選択している場合は「お届け先情報を変更する」ボタンを表示しない		src/Eccube/Resource/template/default/Shopping/index.twig:270-272	会員情報住所が選択されているとき（isMembershipAddressSelected）は変更ボタンを出力しない（src/Eccube/Resource/template/default/Shopping/index.twig:270-272）。	同じ条件分岐で実装されている。設計どおり。	sheet-4_img4.png（お届け先。〒・住所+Addr03・氏名・TEL、お届け先情報を変更する／新しいお届け先を登録するボタン）	high	
sheet-4-R072	MATCHED				・会員情報住所以外を選択している場合は「お届け先情報を変更する」ボタンを表示する		src/Eccube/Resource/template/default/Shopping/index.twig:270-272	会員情報住所以外（選択IDが0より大きい）のときだけ、その配送先を指定した状態で配送先の新規登録・変更画面へ進むボタンを出力する（src/Eccube/Resource/template/default/Shopping/index.twig:270-272）。	会員情報住所以外を選択中は変更ボタンが表示される。設計どおり。	sheet-4_img4.png（お届け先。〒・住所+Addr03・氏名・TEL、お届け先情報を変更する／新しいお届け先を登録するボタン）	high	
sheet-4-R073	MATCHED				・配送方法が店舗受け取りの場合はお届け先方法を非表示とする		src/Eccube/Resource/template/default/Shopping/index.twig:135-136;src/Eccube/Resource/template/default/Shopping/index.twig:224-279	配送方法が店頭受取系のとき（isDeliveryOTC）はお届け先セクションを出力しない（src/Eccube/Resource/template/default/Shopping/index.twig:135-136,225）。	店舗受取時にお届け先欄が非表示になる。設計どおり。	sheet-4_img2.png（店頭受取時。備考欄が無く【お問い合わせフォーム】はこちらのみ。その他の注意事項リンクも無い）	high	
sheet-4-R074	MATCHED				・画面内の更新情報を保持する		src/Eccube/Resource/template/default/Shopping/index.twig:25-42;src/Eccube/Controller/Front/ShoppingController.php:203-248	他画面へ遷移するボタンは、遷移前に注文手続きフォームを送信して入力内容を受注へ保存してからリダイレクトする（src/Eccube/Resource/template/default/Shopping/index.twig:25-42、src/Eccube/Controller/Front/ShoppingController.php:231-262）。戻ったときはフォームが受注の保存値から再構築される（src/Eccube/Controller/Front/ShoppingController.php:178-182）。	画面内の更新情報が遷移をまたいで保持される。設計どおり。	sheet-4_img4.png（お届け先。〒・住所+Addr03・氏名・TEL、お届け先情報を変更する／新しいお届け先を登録するボタン）	high	
sheet-4-R075	MATCHED				・「お届け先情報を変更する」「新しいお届け先情報を登録する」画面に遷移し、再び当画面に戻ってきた時、遷移前の更新情報を保持した状態とする		src/Eccube/Resource/template/default/Shopping/index.twig:270-274;src/Eccube/Controller/Front/ShoppingController.php:203-248	両ボタンとも遷移前に注文手続きフォームを送信して入力内容を受注へ保存する経路を通り（src/Eccube/Resource/template/default/Shopping/index.twig:271,273 の data-trigger 経由、src/Eccube/Controller/Front/ShoppingController.php:231-262）、当画面へ戻ると保存済みの値でフォームが再構築される（src/Eccube/Controller/Front/ShoppingController.php:178-182）。	配送先の新規登録・変更画面から戻っても遷移前の入力が保持される。設計どおり。	sheet-4_img4.png（お届け先。〒・住所+Addr03・氏名・TEL、お届け先情報を変更する／新しいお届け先を登録するボタン）	high	
sheet-4-R076	OUT_OF_SCOPE				または最大値 初期値 画面部品の説明				項目定義表のヘッダ行の続きであり要求ではない。	sheet-4_img4.png（お届け先。〒・住所+Addr03・氏名・TEL、お届け先情報を変更する／新しいお届け先を登録するボタン）	high	
sheet-4-R077	MATCHED				3-1 お届け先選択 単一選択（ラジオボタン） ◯ - - 選択肢には配送先名称を表示する		src/Eccube/Resource/template/default/Shopping/index.twig:243-254	お届け先候補ごとにラジオボタンを出力し、選択肢の見出しに配送先名称（未設定なら会員情報住所）を表示する（src/Eccube/Resource/template/default/Shopping/index.twig:243-254）。	識別ID=3-1 お届け先選択がラジオボタンで、選択肢に配送先名称を表示する形で実装されている。	sheet-4_img4.png（お届け先。〒・住所+Addr03・氏名・TEL、お届け先情報を変更する／新しいお届け先を登録するボタン）	high	
sheet-4-R078	MATCHED				3-2 郵便番号 ラベル		src/Eccube/Resource/template/default/Shopping/index.twig:256	お届け先候補の郵便番号をラベル表示する（src/Eccube/Resource/template/default/Shopping/index.twig:256）。	識別ID=3-2 郵便番号の表示が実装されている。	sheet-4_img4.png（お届け先。〒・住所+Addr03・氏名・TEL、お届け先情報を変更する／新しいお届け先を登録するボタン）	high	
sheet-4-R079	MATCHED				3-3 都道府県 ラベル		src/Eccube/Resource/template/default/Shopping/index.twig:257	お届け先候補の都道府県をラベル表示する（src/Eccube/Resource/template/default/Shopping/index.twig:257）。	識別ID=3-3 都道府県の表示が実装されている。	sheet-4_img4.png（お届け先。〒・住所+Addr03・氏名・TEL、お届け先情報を変更する／新しいお届け先を登録するボタン）	high	
sheet-4-R080	MATCHED				3-4 住所1 ラベル		src/Eccube/Resource/template/default/Shopping/index.twig:257	お届け先候補の住所1をラベル表示する（src/Eccube/Resource/template/default/Shopping/index.twig:257）。	識別ID=3-4 住所1の表示が実装されている。	sheet-4_img4.png（お届け先。〒・住所+Addr03・氏名・TEL、お届け先情報を変更する／新しいお届け先を登録するボタン）	high	
sheet-4-R081	MATCHED				3-5 住所2 ラベル		src/Eccube/Resource/template/default/Shopping/index.twig:257	お届け先候補の住所2をラベル表示する（src/Eccube/Resource/template/default/Shopping/index.twig:257）。	識別ID=3-5 住所2の表示が実装されている。	sheet-4_img4.png（お届け先。〒・住所+Addr03・氏名・TEL、お届け先情報を変更する／新しいお届け先を登録するボタン）	high	
sheet-4-R082	MATCHED				3-6 住所3 ラベル - - - ※カスタマイズ対応、項目を追加する		src/Eccube/Resource/template/default/Shopping/index.twig:257	お届け先候補の住所3をラベル表示する（src/Eccube/Resource/template/default/Shopping/index.twig:257）。一覧データにも住所3が含まれる（src/Eccube/Controller/Front/ShoppingController.php:1343）。	識別ID=3-6 住所3がカスタマイズ項目として追加されている。レイアウト図でも住所の後ろに Addr03 が置かれている。	sheet-4_img4.png（お届け先。〒・住所+Addr03・氏名・TEL、お届け先情報を変更する／新しいお届け先を登録するボタン）	high	
sheet-4-R083	MATCHED				3-7 氏名 ラベル		src/Eccube/Resource/template/default/Shopping/index.twig:258	お届け先候補の氏名を「様」付きでラベル表示する（src/Eccube/Resource/template/default/Shopping/index.twig:258）。	識別ID=3-7 氏名の表示が実装されている。	sheet-4_img4.png（お届け先。〒・住所+Addr03・氏名・TEL、お届け先情報を変更する／新しいお届け先を登録するボタン）	high	
sheet-4-R084	MATCHED				3-8 電話番号 ラベル		src/Eccube/Resource/template/default/Shopping/index.twig:259	お届け先候補の電話番号を TEL 見出し付きでラベル表示する（src/Eccube/Resource/template/default/Shopping/index.twig:259）。	識別ID=3-8 電話番号の表示が実装されている。	sheet-4_img4.png（お届け先。〒・住所+Addr03・氏名・TEL、お届け先情報を変更する／新しいお届け先を登録するボタン）	high	
sheet-4-R085	MATCHED				3-9 お届け先情報を変更するボタン ボタン - - - クリックすると選択している配送情報を設定した「配送先の新規登録・変更」画面へ遷移する		src/Eccube/Resource/template/default/Shopping/index.twig:270-272;src/Eccube/Controller/Front/ShoppingController.php:760-804	変更ボタンは選択中のお届け先を指定した状態で配送先の新規登録・変更画面へ遷移する（src/Eccube/Resource/template/default/Shopping/index.twig:271）。遷移先は選択された住所を初期値としてフォームを組み立てる（src/Eccube/Controller/Front/ShoppingController.php:760-804）。	識別ID=3-9 のボタンが、選択している配送情報を引き継いで遷移する形で実装されている。	sheet-4_img4.png（お届け先。〒・住所+Addr03・氏名・TEL、お届け先情報を変更する／新しいお届け先を登録するボタン）	high	
sheet-4-R086	MATCHED				3-10 新しいお届け先情報を登録するボタン ボタン - - - クリックすると「配送先の新規登録・変更」画面へ遷移する		src/Eccube/Resource/template/default/Shopping/index.twig:273;src/Eccube/Resource/locale/messages.ja.yaml:1488	住所を指定せずに配送先の新規登録・変更画面へ遷移するボタンがある（src/Eccube/Resource/template/default/Shopping/index.twig:273）。画面上の文言は「新しいお届け先を追加する」（src/Eccube/Resource/locale/messages.ja.yaml:1488）。	識別ID=3-10 のボタンが、新規登録として配送先の新規登録・変更画面へ遷移する形で実装されている。ボタンの表記はレイアウト図の「新しいお届け先を登録する」に対し実装は「新しいお届け先を追加する」だが、設計の根拠は項目名と遷移先の説明であり、ふるまい（遷移先）は一致するため MATCHED とした。	sheet-4_img4.png（お届け先。〒・住所+Addr03・氏名・TEL、お届け先情報を変更する／新しいお届け先を登録するボタン）	med	
sheet-4-R087	OUT_OF_SCOPE				ご注文商品　レイアウト図				レイアウト図の見出し行であり要求ではない。	sheet-4_img6.png（ご注文の商品。言語ラベルJP・商品名・数量・合計(税込)・商品金額合計）	high	
sheet-4-R088	OUT_OF_SCOPE				現行機能をベースに下記カスタマイズを行う				カスタマイズ説明の前置きで述語が無い。	sheet-4_img6.png（ご注文の商品。言語ラベルJP・商品名・数量・合計(税込)・商品金額合計）	high	
sheet-4-R089	OUT_OF_SCOPE				カート内商品の表示				カスタマイズ要件の小見出しであり、配下の行がふるまいを定めている。	sheet-4_img6.png（ご注文の商品。言語ラベルJP・商品名・数量・合計(税込)・商品金額合計）	high	
sheet-4-R090	MATCHED				・ユーザーの閲覧店舗に応じて店舗別に異なるカート情報が表示されるようにする		src/Eccube/Service/CartService.php:253-303;src/Eccube/Service/CartService.php:519-537	カートは商品の所属店舗（テナント）を含むキーで分割して保持され（src/Eccube/Service/CartService.php:268-276,519-527）、各カートに店舗情報が設定される（src/Eccube/Service/CartService.php:296）。注文手続き画面は現在選択中のカートだけを受注化して表示する（src/Eccube/Service/CartService.php:167-189、src/Eccube/Controller/Front/ShoppingController.php:126-136,145）。	店舗ごとにカートが分かれ、閲覧中の店舗のカートの明細がご注文の商品欄に表示される（src/Eccube/Resource/template/default/Shopping/index.twig:288-326）。設計どおり。	sheet-4_img6.png（ご注文の商品。言語ラベルJP・商品名・数量・合計(税込)・商品金額合計）	high	
sheet-4-R091	OUT_OF_SCOPE				・カスタマイズ要件に記載の内容以外は現行踏襲とする。				適用方針の宣言であり、個別のふるまいを定めていない。	sheet-4_img6.png（ご注文の商品。言語ラベルJP・商品名・数量・合計(税込)・商品金額合計）	high	
sheet-4-R092	OUT_OF_SCOPE				★表示について				見出し行で述語が無い。	sheet-4_img6.png（ご注文の商品。言語ラベルJP・商品名・数量・合計(税込)・商品金額合計）	high	
sheet-4-R093	MATCHED				・ユーザーの閲覧店舗に応じて店舗別に異なるカート情報が表示されるようにする		src/Eccube/Service/CartService.php:253-303;src/Eccube/Service/CartService.php:519-537	カートは商品の所属店舗（テナント）を含むキーで分割して保持され（src/Eccube/Service/CartService.php:268-276,519-527）、各カートに店舗情報が設定される（src/Eccube/Service/CartService.php:296）。注文手続き画面は現在選択中のカートだけを受注化して表示する（src/Eccube/Service/CartService.php:167-189、src/Eccube/Controller/Front/ShoppingController.php:126-136,145）。	R090と同一の仕様で、店舗別に分かれたカートの内容が表示される（src/Eccube/Service/CartService.php:519-527、src/Eccube/Resource/template/default/Shopping/index.twig:288-326）。設計どおり。	sheet-4_img6.png（ご注文の商品。言語ラベルJP・商品名・数量・合計(税込)・商品金額合計）	high	
sheet-4-R094	OUT_OF_SCOPE				または最大値 初期値 画面部品の説明				項目定義表のヘッダ行の続きであり要求ではない。	sheet-4_img6.png（ご注文の商品。言語ラベルJP・商品名・数量・合計(税込)・商品金額合計）	high	
sheet-4-R095	MATCHED				4-1 言語 ラベル		src/Eccube/Resource/template/default/Shopping/index.twig:301-304	明細ごとに商品規格の言語をラベル表示する（言語が取得できる場合のみ）（src/Eccube/Resource/template/default/Shopping/index.twig:301-304）。	識別ID=4-1 言語のラベル表示が実装されている。レイアウト図の「JP」バッジに相当する。	sheet-4_img6.png（ご注文の商品。言語ラベルJP・商品名・数量・合計(税込)・商品金額合計）	high	
sheet-4-R096	MATCHED				4-2 商品名 ラベル		src/Eccube/Resource/template/default/Shopping/index.twig:305-309	明細ごとに商品名（状態・メモ・高額コード等を含む）をラベル表示する（src/Eccube/Resource/template/default/Shopping/index.twig:305-309）。	識別ID=4-2 商品名の表示が実装されている。	sheet-4_img6.png（ご注文の商品。言語ラベルJP・商品名・数量・合計(税込)・商品金額合計）	high	
sheet-4-R097	MATCHED				4-3 数量 ラベル		src/Eccube/Resource/template/default/Shopping/index.twig:294;src/Eccube/Resource/template/default/Shopping/index.twig:311-313	見出し「数量」と明細ごとの数量をラベル表示する（src/Eccube/Resource/template/default/Shopping/index.twig:294,311-313）。	識別ID=4-3 数量の表示が実装されている。	sheet-4_img6.png（ご注文の商品。言語ラベルJP・商品名・数量・合計(税込)・商品金額合計）	high	
sheet-4-R098	MATCHED				4-4 合計（税込） ラベル		src/Eccube/Resource/template/default/Shopping/index.twig:295;src/Eccube/Resource/template/default/Shopping/index.twig:314-316	見出し「合計」と明細ごとの合計金額をラベル表示する（src/Eccube/Resource/template/default/Shopping/index.twig:295,314-316、src/Eccube/Resource/locale/messages.ja.yaml:1358）。	識別ID=4-4 明細の合計金額の表示が実装されている。	sheet-4_img6.png（ご注文の商品。言語ラベルJP・商品名・数量・合計(税込)・商品金額合計）	high	
sheet-4-R099	MATCHED				4-5 商品金額合計 ラベル		src/Eccube/Resource/template/default/Shopping/index.twig:320-323;src/Eccube/Resource/locale/messages.ja.yaml:1359	明細一覧の下に「商品金額合計」とその金額をラベル表示する（src/Eccube/Resource/template/default/Shopping/index.twig:320-323、src/Eccube/Resource/locale/messages.ja.yaml:1359）。	識別ID=4-5 商品金額合計の表示が実装されている。	sheet-4_img6.png（ご注文の商品。言語ラベルJP・商品名・数量・合計(税込)・商品金額合計）	high	
sheet-4-R100	OUT_OF_SCOPE				配送方法　レイアウト図				レイアウト図の見出し行であり要求ではない。	sheet-4_img7.png（配送方法指定。配送についてリンク・配送方法ラジオ・当日中に受け取ります・店頭受取注意事項・配送希望日時指定・お届け時間）	high	
sheet-4-R101	OUT_OF_SCOPE				現行機能をベースに下記カスタマイズを行う				カスタマイズ説明の前置きで述語が無い。	sheet-4_img7.png（配送方法指定。配送についてリンク・配送方法ラジオ・当日中に受け取ります・店頭受取注意事項・配送希望日時指定・お届け時間）	high	
sheet-4-R102	OUT_OF_SCOPE				配送方法の表示				カスタマイズ要件の小見出しであり、配下の行がふるまいを定めている。	sheet-4_img7.png（配送方法指定。配送についてリンク・配送方法ラジオ・当日中に受け取ります・店頭受取注意事項・配送希望日時指定・お届け時間）	high	
sheet-4-R103	MATCHED				・支店では商品の配送方法を店舗受取のみを表示する		src/Eccube/Form/Type/Shopping/ShippingType.php:115-160	支店（本店でない）のときは配送方法の選択肢を店頭受取・スムーズ店頭受取に限定して組み立てる（src/Eccube/Form/Type/Shopping/ShippingType.php:126-133）。本店のときだけ通常の配送方法一覧を使う（src/Eccube/Form/Type/Shopping/ShippingType.php:117-125）。	支店では店頭受取系のみが配送方法の選択肢になる。設計どおり。レイアウト図には支店の配送方法図が無いため、店舗受取＝店頭受取・スムーズ店頭受取の2区分と解した。	sheet-4_img7.png（配送方法指定。配送についてリンク・配送方法ラジオ・当日中に受け取ります・店頭受取注意事項・配送希望日時指定・お届け時間）	med	
sheet-4-R104	OUT_OF_SCOPE				・カスタマイズ要件に記載の内容以外は現行踏襲とする。				適用方針の宣言であり、個別のふるまいを定めていない。	sheet-4_img7.png（配送方法指定。配送についてリンク・配送方法ラジオ・当日中に受け取ります・店頭受取注意事項・配送希望日時指定・お届け時間）	high	
sheet-4-R105	OUT_OF_SCOPE				★初期表示				見出し行で述語が無く、配下の行がふるまいを定めている。	sheet-4_img7.png（配送方法指定。配送についてリンク・配送方法ラジオ・当日中に受け取ります・店頭受取注意事項・配送希望日時指定・お届け時間）	high	
sheet-4-R106	MATCHED				・EC以外は配送方法を店舗受取のみを表示する		src/Eccube/Form/Type/Shopping/ShippingType.php:115-160	支店（本店でない）のときは配送方法の選択肢を店頭受取・スムーズ店頭受取に限定して組み立てる（src/Eccube/Form/Type/Shopping/ShippingType.php:126-133）。本店のときだけ通常の配送方法一覧を使う（src/Eccube/Form/Type/Shopping/ShippingType.php:117-125）。	EC（本店）以外では配送方法の選択肢が店頭受取系だけになる。設計どおり。	sheet-4_img7.png（配送方法指定。配送についてリンク・配送方法ラジオ・当日中に受け取ります・店頭受取注意事項・配送希望日時指定・お届け時間）	med	
sheet-4-R107	MATCHED				・配送希望日時指定は非表示とする		src/Eccube/Resource/template/default/Shopping/index.twig:435-452	配送希望日時指定とお届け時間のプルダウンは、本店かつ店頭受取系でない場合にだけ出力する（src/Eccube/Resource/template/default/Shopping/index.twig:437）。	支店（EC以外）では配送希望日時指定が表示されない。設計どおり。	sheet-4_img7.png（配送方法指定。配送についてリンク・配送方法ラジオ・当日中に受け取ります・店頭受取注意事項・配送希望日時指定・お届け時間）	high	
sheet-4-R108	MATCHED				・配送方法指定を変更時に画面のリロードをする		src/Eccube/Resource/template/default/Shopping/index.twig:408-413;src/Eccube/Resource/template/default/Shopping/index.twig:25-42;src/Eccube/Controller/Front/ShoppingController.php:203-248	配送方法のラジオに変更時の送信トリガが付与され（src/Eccube/Resource/template/default/Shopping/index.twig:410）、変更するとフォームが送信されて受注へ反映のうえ注文手続き画面へ戻る（src/Eccube/Resource/template/default/Shopping/index.twig:29-38、src/Eccube/Controller/Front/ShoppingController.php:231-248）。	配送方法を変更すると画面が再表示される。設計どおり。	sheet-4_img7.png（配送方法指定。配送についてリンク・配送方法ラジオ・当日中に受け取ります・店頭受取注意事項・配送希望日時指定・お届け時間）	high	
sheet-4-R109	MATCHED				・選択した配送方法に紐づいている情報を表示する		src/Eccube/Form/Type/Shopping/ShippingType.php:161-230;src/Eccube/Form/Type/Shopping/OrderType.php:208-232	配送希望日・お届け時間の選択肢は選択中の配送方法から導出して組み立て（src/Eccube/Form/Type/Shopping/ShippingType.php:161-230）、支払方法の選択肢も選択中の配送方法に紐づくものだけを組み立てる（src/Eccube/Form/Type/Shopping/OrderType.php:216-231,420-435）。	配送方法の選択に応じて配送希望日時とお支払い方法の内容が切り替わる。設計どおり。	sheet-4_img7.png（配送方法指定。配送についてリンク・配送方法ラジオ・当日中に受け取ります・店頭受取注意事項・配送希望日時指定・お届け時間）	high	
sheet-4-R110	MATCHED				・配送希望日時指定		src/Eccube/Form/Type/Shopping/ShippingType.php:161-230;src/Eccube/Resource/template/default/Shopping/index.twig:435-451	選択中の配送方法から配送希望日の選択肢を組み立て（src/Eccube/Form/Type/Shopping/ShippingType.php:163-230）、画面に配送希望日時指定とお届け時間のプルダウンとして表示する（src/Eccube/Resource/template/default/Shopping/index.twig:437-451）。	選択した配送方法に紐づく配送希望日時が表示される。設計どおり。	sheet-4_img7.png（配送方法指定。配送についてリンク・配送方法ラジオ・当日中に受け取ります・店頭受取注意事項・配送希望日時指定・お届け時間）	high	
sheet-4-R111	MATCHED				・お支払い方法		src/Eccube/Form/Type/Shopping/OrderType.php:208-232;src/Eccube/Resource/template/default/Shopping/index.twig:525-547	選択中の配送方法に紐づく支払方法だけを選択肢として組み立て（src/Eccube/Form/Type/Shopping/OrderType.php:216-231）、お支払い方法のラジオとして表示する（src/Eccube/Resource/template/default/Shopping/index.twig:527-546）。配送方法が変わったときはフォームを作り直す（src/Eccube/Form/Type/Shopping/OrderType.php:234-278）。	選択した配送方法に紐づくお支払い方法が表示される。設計どおり。	sheet-4_img11.png（お支払い情報 本店。コンビニ/クレカ/郵便振替/銀行振込/店頭支払・3Dセキュア案内・ポイント残高・ポイントをためる/使う）	high	
sheet-4-R112	OUT_OF_SCOPE				・配送先の国が「Japan」以外の場合				条件の区分行で述語が無く、その場合のふるまいは同ブロックの次行（R113）が定めている。	sheet-4_img7.png（配送方法指定。配送についてリンク・配送方法ラジオ・当日中に受け取ります・店頭受取注意事項・配送希望日時指定・お届け時間）	high	
sheet-4-R113	UNVERIFIABLE				・配送方法をEMS、Small packetのみとし、それ以外は非表示とする		src/Eccube/Repository/DeliveryRepository.php:139-242	配送先の国が日本以外のとき、配送方法の選択肢は「海外配送用」と登録された配送方法だけに絞られる（src/Eccube/Repository/DeliveryRepository.php:147,163,174）。どの配送方法が海外配送用かは配送方法マスタの登録値で決まり、リポジトリ内の投入データでは EMS・Small packet のほかに International ePacket と International TA-Q-BIN (US Only) も海外配送用かつ表示対象になっている（app/DoctrineMigrations/Version20260604000002.php:33-45、app/DoctrineMigrations/Version20260618000001.php:104-125）。	コードは「海外配送用の配送方法だけを出す」形で、EMS・Small packet に限定するかは配送方法マスタのデータ次第。実際に画面へ出るかは支払方法との紐づけ・販売グループ・地域制限の各設定にも依存し、これらの実データを静的解析では確定できないため判定不能とした。実環境のマスタ確認（dtb_delivery の海外配送フラグ・表示フラグと、紐づく支払方法・地域制限）が必要。	sheet-4_img7.png（配送方法指定。配送についてリンク・配送方法ラジオ・当日中に受け取ります・店頭受取注意事項・配送希望日時指定・お届け時間）／レイアウト図の赤字注記に「Small Packet を追加し International e-Packet を廃止した」旨の記載あり	low	
sheet-4-R114	OUT_OF_SCOPE				・配送方法指定「同梱」について				小見出し行で述語が無く、配下の行がふるまいを定めている。	sheet-4_img7.png（配送方法指定。配送についてリンク・配送方法ラジオ・当日中に受け取ります・店頭受取注意事項・配送希望日時指定・お届け時間）	high	
sheet-4-R115	MATCHED				・同梱配送は下記の条件に当てはまる受注情報を持つ場合のみ選択肢に表示する		src/Eccube/Repository/DeliveryRepository.php:179-211	同一顧客の既存受注のうち、対象ステータス・対象外の支払方法を除く・同一販売グループという条件で受注を検索し（src/Eccube/Repository/DeliveryRepository.php:180-206）、該当が無いか同梱件数の上限に達している場合は同梱を選択肢から外す（src/Eccube/Repository/DeliveryRepository.php:208-211,289-299）。	条件に当てはまる受注を持つ場合だけ同梱が選択肢に出る。設計どおり。	sheet-4_img7.png（配送方法指定。配送についてリンク・配送方法ラジオ・当日中に受け取ります・店頭受取注意事項・配送希望日時指定・お届け時間）	high	
sheet-4-R116	MATCHED				・①下記のステータスの受注が存在する場合		src/Eccube/Repository/DeliveryRepository.php:43-51;src/Eccube/Repository/DeliveryRepository.php:180-206	同梱可否の判定に使う受注ステータスは注文受領・入金待ち・入金済み・決済処理中・出荷指示・ピック中の6つに限定され（src/Eccube/Repository/DeliveryRepository.php:43-51）、この一覧で既存受注を検索する（src/Eccube/Repository/DeliveryRepository.php:186,198）。	設計が挙げるステータスの受注が存在することが同梱表示の条件になっている。設計どおり。	sheet-4_img7.png（配送方法指定。配送についてリンク・配送方法ラジオ・当日中に受け取ります・店頭受取注意事項・配送希望日時指定・お届け時間）	high	
sheet-4-R117	MATCHED						src/Eccube/Repository/DeliveryRepository.php:41-50; src/Eccube/Entity/Master/OrderStatus.php:31; src/Eccube/Repository/DeliveryRepository.php:186		同梱を選択肢に出す条件の対象受注ステータス一覧に「注文受領」が含まれている。src/Eccube/Repository/DeliveryRepository.php:41-50 の SHIPPING_STATUS_LIST に OrderStatus::NEW があり、src/Eccube/Repository/DeliveryRepository.php:186 で対象受注の絞り込みに使われる。	配送方法レイアウト図(sheet-4_img7)で配送方法ラジオの選択肢と注意事項の並びを確認。同梱の条件は図には現れない。	high	
sheet-4-R118	MATCHED						src/Eccube/Repository/DeliveryRepository.php:41-50; src/Eccube/Entity/Master/OrderStatus.php:33; src/Eccube/Repository/DeliveryRepository.php:186		同梱を選択肢に出す条件の対象受注ステータス一覧に「入金待ち」が含まれている。src/Eccube/Repository/DeliveryRepository.php:41-50 の SHIPPING_STATUS_LIST に OrderStatus::PAY_WAIT があり、src/Eccube/Repository/DeliveryRepository.php:186 で対象受注の絞り込みに使われる。	配送方法レイアウト図(sheet-4_img7)で配送方法ラジオの選択肢と注意事項の並びを確認。同梱の条件は図には現れない。	high	
sheet-4-R119	MATCHED						src/Eccube/Repository/DeliveryRepository.php:41-50; src/Eccube/Entity/Master/OrderStatus.php:41; src/Eccube/Repository/DeliveryRepository.php:186		同梱を選択肢に出す条件の対象受注ステータス一覧に「入金済み」が含まれている。src/Eccube/Repository/DeliveryRepository.php:41-50 の SHIPPING_STATUS_LIST に OrderStatus::PAID があり、src/Eccube/Repository/DeliveryRepository.php:186 で対象受注の絞り込みに使われる。	配送方法レイアウト図(sheet-4_img7)で配送方法ラジオの選択肢と注意事項の並びを確認。同梱の条件は図には現れない。	high	
sheet-4-R120	MATCHED						src/Eccube/Repository/DeliveryRepository.php:41-50; src/Eccube/Entity/Master/OrderStatus.php:43; src/Eccube/Repository/DeliveryRepository.php:186		同梱を選択肢に出す条件の対象受注ステータス一覧に「決済処理中」が含まれている。src/Eccube/Repository/DeliveryRepository.php:41-50 の SHIPPING_STATUS_LIST に OrderStatus::PENDING があり、src/Eccube/Repository/DeliveryRepository.php:186 で対象受注の絞り込みに使われる。	配送方法レイアウト図(sheet-4_img7)で配送方法ラジオの選択肢と注意事項の並びを確認。同梱の条件は図には現れない。	high	
sheet-4-R121	MATCHED						src/Eccube/Repository/DeliveryRepository.php:41-50; src/Eccube/Entity/Master/OrderStatus.php:47; src/Eccube/Repository/DeliveryRepository.php:186		同梱を選択肢に出す条件の対象受注ステータス一覧に「出荷指示」が含まれている。src/Eccube/Repository/DeliveryRepository.php:41-50 の SHIPPING_STATUS_LIST に OrderStatus::PRE_DELIV があり、src/Eccube/Repository/DeliveryRepository.php:186 で対象受注の絞り込みに使われる。	配送方法レイアウト図(sheet-4_img7)で配送方法ラジオの選択肢と注意事項の並びを確認。同梱の条件は図には現れない。	high	
sheet-4-R122	MATCHED						src/Eccube/Repository/DeliveryRepository.php:41-50; src/Eccube/Entity/Master/OrderStatus.php:49; src/Eccube/Repository/DeliveryRepository.php:186		同梱を選択肢に出す条件の対象受注ステータス一覧に「ピック中」が含まれている。src/Eccube/Repository/DeliveryRepository.php:41-50 の SHIPPING_STATUS_LIST に OrderStatus::PICKING があり、src/Eccube/Repository/DeliveryRepository.php:186 で対象受注の絞り込みに使われる。	配送方法レイアウト図(sheet-4_img7)で配送方法ラジオの選択肢と注意事項の並びを確認。同梱の条件は図には現れない。	high	
sheet-4-R123	MATCHED						src/Eccube/Repository/DeliveryRepository.php:52-58; src/Eccube/Repository/DeliveryRepository.php:187		対象受注を支払方法で絞る条件が実装されている。src/Eccube/Repository/DeliveryRepository.php:52-58 に同梱できない支払方法の一覧があり、src/Eccube/Repository/DeliveryRepository.php:187 で対象受注から除外される。	配送方法レイアウト図(sheet-4_img7)で配送方法ラジオの選択肢と注意事項の並びを確認。同梱の条件は図には現れない。	high	
sheet-4-R124	MATCHED						src/Eccube/Repository/DeliveryRepository.php:52-58		src/Eccube/Repository/DeliveryRepository.php:52-58 の NOT_BUNDLE_PAYMENT_METHOD は 店頭支払・代金引換・クレジットカード決済・コンビニ決済 の4種で、設計の「クレカ決済」「コンビニ決済」「代金引換」「店頭支払」ではない、と一致する（src/Eccube/Repository/DeliveryRepository.php:187 で除外）。	配送方法レイアウト図(sheet-4_img7)で配送方法ラジオの選択肢と注意事項の並びを確認。同梱の条件は図には現れない。	high	
sheet-4-R125	MATCHED						src/Eccube/Repository/DeliveryRepository.php:188		src/Eccube/Repository/DeliveryRepository.php:188 で対象受注の商品の購入グループが、いま購入しようとしている商品の購入グループと同一であることを条件にしている。	配送方法レイアウト図(sheet-4_img7)で配送方法ラジオの選択肢と注意事項の並びを確認。同梱の条件は図には現れない。	high	
sheet-4-R126	MATCHED						app/DoctrineMigrations/Version20260604000002.php:1073-1075; src/Eccube/Form/Type/Shopping/OrderType.php:437-484		同梱（配送方法ID=5）に紐づく支払方法は app/DoctrineMigrations/Version20260604000002.php:1073-1075 で 郵便振替・銀行振込（と支払総額0円時のみ出る支払いなし）に限定されており、src/Eccube/Form/Type/Shopping/OrderType.php:437-484 で選択中の配送方法に紐づく支払方法だけが選択肢になる。	配送方法レイアウト図(sheet-4_img7)で配送方法ラジオの選択肢と注意事項の並びを確認。同梱の条件は図には現れない。	med	
sheet-4-R127	MATCHED						src/Eccube/Repository/DeliveryRepository.php:61-62; src/Eccube/Repository/DeliveryRepository.php:287-299		src/Eccube/Repository/DeliveryRepository.php:61-62 で同梱件数の最大値を2件と定義し、src/Eccube/Repository/DeliveryRepository.php:287-299 で既存の同梱受注が2件以上あるときは同梱を選択肢から外している。	配送方法レイアウト図(sheet-4_img7)で配送方法ラジオの選択肢と注意事項の並びを確認。同梱の条件は図には現れない。	high	
sheet-4-R128	OUT_OF_SCOPE								「・配送について」はこの後に続く仕様の見出し行で、それ自体は何がどうなるかを述べていない。実仕様は同ブロックの次行（モーダル表示）で判定する。	配送方法レイアウト図(sheet-4_img7)で配送方法ラジオの選択肢と注意事項の並びを確認。同梱の条件は図には現れない。	high	
sheet-4-R129	MATCHED						src/Eccube/Resource/template/default/Shopping/index.twig:339-346		src/Eccube/Resource/template/default/Shopping/index.twig:339 の「配送について」リンク押下で src/Eccube/Resource/template/default/Shopping/index.twig:340-346 のモーダルが開き、配送方法の説明が表示される。	配送についてモーダルのレイアウト図(sheet-4_img8)に《配送方法》ゆうパケット/ゆうパックの説明が載っており、実装のモーダル本文と同じ構成。	high	
sheet-4-R130	DESIGN_ISSUE				・店頭受取、スムーズ店頭受取を選択した場合は配送方法エリアを非表示にする				同じ配送方法ブロックの項目定義は、5-3「当日中に受け取ります」を「・店頭受取、スムーズ店頭受取を選択時のみ表示」、5-4「「店頭受取」「スムーズ店頭受取」について」を店頭受取系選択時の注意事項として定義しており、いずれも配送方法エリアの内側に置かれている。店頭受取を選んだ瞬間にエリア全体を非表示にすると、これらの項目も配送方法の選び直しもできなくなり、同ブロック内で記述が矛盾する。どの範囲を「配送方法エリア」と呼ぶのか（配送希望日時のみか、セクション全体か）の設計裁定が要る。	配送方法レイアウト図(sheet-4_img7)では店頭受取・スムーズ店頭受取のラジオと当日受取チェック、注意事項、配送希望日時が同一エリアに描かれており、エリア全体を消す図は無い。	med	
sheet-4-R131	OUT_OF_SCOPE								項目表のヘッダ行の折り返し（「または最大値／初期値／画面部品の説明」）で、要求ではない。		high	
sheet-4-R132	MATCHED						src/Eccube/Resource/template/default/Shopping/index.twig:339-346		5-1 配送についてリンク。src/Eccube/Resource/template/default/Shopping/index.twig:339 のリンクを押すと src/Eccube/Resource/template/default/Shopping/index.twig:340-346 のポップアップに「配送について」の内容が表示される。	配送についてモーダル(sheet-4_img8)と同じ内容構成。	high	
sheet-4-R133	MATCHED						src/Eccube/Entity/Delivery.php:39-47; app/DoctrineMigrations/Version20260604000002.php:34-43; src/Eccube/Form/Type/Shopping/ShippingType.php:144-160		5-2 配送方法指定。src/Eccube/Entity/Delivery.php:39-47 と app/DoctrineMigrations/Version20260604000002.php:34-43 に ゆうパック・ゆうパケット・同梱・店頭受取・スムーズ店頭受取・EMS・Small packet が定義され、src/Eccube/Form/Type/Shopping/ShippingType.php:144-160 で必須の単一選択ラジオとして注文に出せる配送方法だけが選択肢になる。	配送方法レイアウト図(sheet-4_img7)のラジオ表示と一致。	high	
sheet-4-R134	MATCHED						src/Eccube/Resource/template/default/Shopping/index.twig:418-423		5-3 当日中に受け取ります。src/Eccube/Resource/template/default/Shopping/index.twig:418 で選択中の配送方法が店頭受取・スムーズ店頭受取のときだけチェックボックスを表示している。	sheet-4_img7 に「□当日中に受け取ります」が描かれており、実装のラベルと一致。	high	
sheet-4-R135	MATCHED						src/Eccube/Resource/template/default/Shopping/index.twig:418; src/Eccube/Entity/DtbCustomerGroup.php:34-37; src/Eccube/Entity/DtbCustomerGroup.php:235-238		src/Eccube/Resource/template/default/Shopping/index.twig:418 の条件に「顧客グループが店頭販売用グループでないこと」が入っており、src/Eccube/Entity/DtbCustomerGroup.php:34-37 の OTC_GROUP は 店内アカウント(3) と 支店用店内アカウント(5) の2つ。この2グループの会員には当日受取チェックボックスを表示しない。	sheet-4_img7 では通常会員向け表示として当日受取チェックが描かれている。	high	
sheet-4-R136	DRIFT	P3	実装違い	ふるまい	・選択している配送方法により注意事項の文言を変更する	「店頭受取」「スムーズ店頭受取」について の注意事項が、選択している配送方法に応じて異なる文言で表示される。	src/Eccube/Resource/template/default/Shopping/index.twig:425-432; src/Eccube/Resource/locale/messages.ja.yaml:1439-1442	注意事項は「「店頭受取」「スムーズ店頭受取」について」という見出しと3項目の固定文言のみで、店頭受取とスムーズ店頭受取のどちらを選んでも同じ文言が出る。src/Eccube/Resource/locale/messages.ja.yaml:1439-1442 に用意された文言も1組だけで、配送方法別の文言が存在しない。	src/Eccube/Resource/template/default/Shopping/index.twig:418-432 に配送方法IDによる文言の切り替えは無く、店頭受取系かどうかの1条件で同じブロックを出しているだけ。	sheet-4_img7 の注意事項も1組しか描かれていないため、図からは配送方法別の文言差は確認できない。文言差の要求は項目表5-4の備考セルにのみ書かれている。	med	index.twig-otc-notice-not-varied-by-delivery
sheet-4-R137	MATCHED						src/Eccube/Resource/template/default/Shopping/index.twig:435-444		5-5 配送希望日時指定。src/Eccube/Resource/template/default/Shopping/index.twig:437 の条件に本店であることが入っており、支店では配送希望日時指定のプルダウンを表示しない。初期値は選択なし（指定なし）。	sheet-4_img7 の「配送希望日時指定 指定なし」と一致。	high	
sheet-4-R138	MATCHED						src/Eccube/Resource/template/default/Shopping/index.twig:437; src/Eccube/Resource/template/default/Shopping/index.twig:445-450		5-6 お届け時間。src/Eccube/Resource/template/default/Shopping/index.twig:437 の同じ条件配下に置かれており、支店では表示されない。初期値は選択なし（指定なし）。	sheet-4_img7 の「お届け時間 指定なし」と一致。	high	
sheet-4-R139	OUT_OF_SCOPE								「お支払い方法　レイアウト図（本店）」はレイアウト図の見出しで、要求ではない。	sheet-4_img11 が本店のお支払い情報レイアウト図。	high	
sheet-4-R140	OUT_OF_SCOPE								「お支払い方法　レイアウト図（支店）」はレイアウト図の見出しで、要求ではない。	sheet-4_img13 が支店のお支払い情報レイアウト図（店頭支払のみ）。	high	
sheet-4-R141	OUT_OF_SCOPE								「お支払い方法　レイアウト図（購入グループ：店内アカウント）」はレイアウト図の見出しで、要求ではない。		high	
sheet-4-R142	OUT_OF_SCOPE								カスタマイズ説明の前置き（現行踏襲の宣言）で、それ自体は実装対象の要求ではない。		high	
sheet-4-R143	OUT_OF_SCOPE								「・お支払い方法の選択肢について」は後続の仕様の見出し行で、要求ではない。		high	
sheet-4-R144	MATCHED						src/Eccube/Service/OrderHelper.php:164-172; app/DoctrineMigrations/Version20260604000002.php:1076-1078; app/DoctrineMigrations/Version20260604000002.php:1271-1272		支店の注文では src/Eccube/Service/OrderHelper.php:164-172 で配送方法が店頭受取・スムーズ店頭受取に限定され、app/DoctrineMigrations/Version20260604000002.php:1076-1078 で店頭受取に紐づく支払方法は 店頭支払・店頭支払(店内PC)・支払いなし のみ。さらに app/DoctrineMigrations/Version20260604000002.php:1271-1272 で店内アカウント系の顧客グループは店頭支払系しか持たないため、支店では店頭支払だけが選択肢になる。	支店のお支払い情報レイアウト図(sheet-4_img13)は「店頭支払」1件のみで、実装の結果と一致。	med	
sheet-4-R145	OUT_OF_SCOPE								「※スマレジのみでの決済方法はマスタには追加しないため、お支払い方法には表示されない」はマスタ運用の前提を述べた注記で、この画面に対する実装要求ではない。		high	
sheet-4-R146	OUT_OF_SCOPE								「※スマレジ決済をした場合は注文時の支払い分類は「店頭支払」なり…」はスマレジ側で決済した注文の支払分類・表示名称についての注記であり、ご注文方法指定画面の表示要求ではない（他機能の記述）。		high	
sheet-4-R147	OUT_OF_SCOPE								「・使用ポイントについて」は後続の仕様の見出し行で、要求ではない。		high	
sheet-4-R148	MATCHED						src/Eccube/Resource/template/default/Shopping/index.twig:140; src/Eccube/Resource/template/default/Shopping/index.twig:571-616; src/Eccube/Resource/template/default/Shopping/index.twig:781; src/Eccube/Resource/template/default/Shopping/index.twig:836-847		src/Eccube/Resource/template/default/Shopping/index.twig:140 でポイント利用UIの表示条件に本店であることが入っており、支店ではポイント残高・ポイント使用の入力が出ない。ご注文内容の確認側も src/Eccube/Resource/template/default/Shopping/index.twig:781/836-847 で支店は注文金額合計のみとなり、ポイント残高・ポイント発生を表示しない。	支店のご注文内容の確認レイアウト図(sheet-4_img15)にポイント欄が無いことと一致。	high	
sheet-4-R149	MATCHED						src/Eccube/Resource/template/default/Shopping/index.twig:594-601; src/Eccube/Resource/template/default/Shopping/index.twig:803-812; src/Eccube/Controller/Front/ShoppingController.php:231-241		使用ポイント入力は変更時に注文内容を送信し（src/Eccube/Resource/template/default/Shopping/index.twig:598 の変更契機指定）、src/Eccube/Controller/Front/ShoppingController.php:231-241 で受注へ反映・再集計されたうえで src/Eccube/Resource/template/default/Shopping/index.twig:803-812 のポイント使用（値引き）行に反映される。	本店のご注文内容の確認レイアウト図(sheet-4_img14)の「ポイント使用（値引き）」行に対応。	med	
sheet-4-R150	MATCHED						src/Eccube/Controller/Front/ShoppingController.php:234-236; src/Eccube/Controller/AbstractShoppingController.php:36-48		src/Eccube/Controller/Front/ShoppingController.php:234-236 で使用ポイント変更後に集計処理を実行し、src/Eccube/Controller/AbstractShoppingController.php:36-48 で合計・手数料・内税などが再計算され、注文手続き画面が再表示されてご注文内容の確認の各項目に反映される。	sheet-4_img14 の注文金額合計・内税・ポイント残高・ポイント発生が再計算対象。	med	
sheet-4-R151	MATCHED						src/Eccube/Resource/template/default/Shopping/index.twig:139-140; src/Eccube/Resource/template/default/Shopping/index.twig:611-615; src/Eccube/Resource/locale/messages.ja.yaml:1438		src/Eccube/Resource/template/default/Shopping/index.twig:139-140 で顧客グループが店内アカウント系のときはポイント利用UIを出さず、src/Eccube/Resource/template/default/Shopping/index.twig:611-615 で src/Eccube/Resource/locale/messages.ja.yaml:1438 の案内文言だけを表示する。	購入グループ：店内アカウントのレイアウト図はポイント欄の代わりに文言のみ。	high	
sheet-4-R152	OUT_OF_SCOPE								「・お支払いについて」は後続の仕様の見出し行で、要求ではない。		high	
sheet-4-R153	MATCHED						src/Eccube/Resource/template/default/Shopping/index.twig:465-472		src/Eccube/Resource/template/default/Shopping/index.twig:465 の「お支払いについて」リンク押下で src/Eccube/Resource/template/default/Shopping/index.twig:466-472 のモーダルが開き、支払時期・支払方法の説明が表示される。	お支払いについてモーダルのレイアウト図(sheet-4_img10)の《支払い時期》《支払い方法》と実装のモーダル本文が対応。	high	
sheet-4-R154	OUT_OF_SCOPE								項目表のヘッダ行の折り返しで、要求ではない。		high	
sheet-4-R155	MATCHED						src/Eccube/Resource/template/default/Shopping/index.twig:465-472		6-1 お支払いについて。src/Eccube/Resource/template/default/Shopping/index.twig:465-472 でポップアップに「お支払いについて」の内容を表示する。	sheet-4_img10 と一致。	high	
sheet-4-R156	MATCHED						src/Eccube/Form/Type/Shopping/OrderType.php:437-484; src/Eccube/Resource/template/default/Shopping/index.twig:528-545		6-2 支払方法。src/Eccube/Form/Type/Shopping/OrderType.php:437-484 で選択中の配送方法と会員の顧客グループの両方で許容された支払方法だけを集め、src/Eccube/Resource/template/default/Shopping/index.twig:528-545 で必須の単一選択ラジオとして表示する。	本店のお支払い情報レイアウト図(sheet-4_img11)のラジオ表示と一致。	med	
sheet-4-R157	MATCHED						app/DoctrineMigrations/Version20251128150157.php:1-560; app/DoctrineMigrations/Version20260604000002.php:1057-1086		コンビニ決済・クレジットカード決済・郵便振替・銀行振込・店頭支払・代金引換 はいずれも app/DoctrineMigrations/Version20251128150157.php の支払方法マスタに登録済みで、app/DoctrineMigrations/Version20260604000002.php:1057-1086 で各配送方法に紐づけられている。EC（本店）の注文では選択した配送方法に応じてこの中から選択肢が作られる。	sheet-4_img11 はコンビニ決済・クレジットカード決済・郵便振替・銀行振込・店頭支払を表示している。	med	
sheet-4-R158	MATCHED						src/Eccube/Service/OrderHelper.php:164-172		支店の注文は src/Eccube/Service/OrderHelper.php:164-172 で配送方法が店頭受取系に限定され、そこに紐づく支払方法だけが選択肢になる。	sheet-4_img13（支店）と一致。	med	
sheet-4-R159	MATCHED						app/DoctrineMigrations/Version20260604000002.php:1076-1078; app/DoctrineMigrations/Version20260604000002.php:1271-1272		店頭受取に紐づく支払方法は app/DoctrineMigrations/Version20260604000002.php:1076-1078 で店頭支払系のみ、支店用店内アカウントの顧客グループも app/DoctrineMigrations/Version20260604000002.php:1271-1272 で店頭支払系のみを許容するため、支店の選択肢は店頭支払になる。	sheet-4_img13 は「店頭支払」1件のみ。	med	
sheet-4-R160	MATCHED						app/DoctrineMigrations/Version20260604000002.php:1271-1272		app/DoctrineMigrations/Version20260604000002.php:1271-1272 で顧客グループ「店内アカウント」に紐づく支払方法は1件だけに限定されている。	購入グループ：店内アカウントのレイアウト図に対応。	med	
sheet-4-R161	MATCHED						app/DoctrineMigrations/Version20251128150157.php:504-522; app/DoctrineMigrations/Version20260604000002.php:1271-1272		app/DoctrineMigrations/Version20251128150157.php:504-522 に支払方法「店頭支払(店内PC)」が登録されており、app/DoctrineMigrations/Version20260604000002.php:1271-1272 で店内アカウントの顧客グループにはこの支払方法だけが紐づく。	購入グループ：店内アカウントのレイアウト図に対応。	med	
sheet-4-R162	MATCHED						src/Eccube/Resource/template/default/Shopping/index.twig:141-146; src/Eccube/Resource/template/default/Shopping/index.twig:548-551		6-3 本人認証サービスリンク。src/Eccube/Resource/template/default/Shopping/index.twig:141-146 でクレジットカード決済が選択されているかを判定し、src/Eccube/Resource/template/default/Shopping/index.twig:548-551 のリンクはその場合のみ表示される。	sheet-4_img11 の「本人認証サービス（3Dセキュア2.0）について」リンクと一致。	high	
sheet-4-R163	MATCHED						src/Eccube/Resource/template/default/Shopping/index.twig:140; src/Eccube/Resource/template/default/Shopping/index.twig:571-579		6-4 ポイント残高。src/Eccube/Resource/template/default/Shopping/index.twig:140 の条件で本店（EC）のときだけポイント欄を出し、src/Eccube/Resource/template/default/Shopping/index.twig:579 で現在のポイント残高をラベル表示する。	sheet-4_img11 の「現在のポイント残高: 5pt」と一致。	high	
sheet-4-R164	MATCHED						src/Eccube/Form/Type/Shopping/OrderType.php:88-100; src/Eccube/Resource/template/default/Shopping/index.twig:583-592		6-5 ポイント使用。src/Eccube/Form/Type/Shopping/OrderType.php:88-100 で「ポイントをためる／ポイントを使う」の2択ラジオを初期値0（ためる）で定義し、src/Eccube/Resource/template/default/Shopping/index.twig:583-592 で表示する。入力可能な桁は src/Eccube/Form/Type/Shopping/OrderType.php:114-139 の桁数制限に加え、保有ポイントと支払総額の小さい方が上限になる。	sheet-4_img11 の「ポイントをためる／ポイントを使う」と一致。	med	
sheet-4-R165	MATCHED						src/Eccube/Resource/template/default/Shopping/index.twig:140; src/Eccube/Resource/template/default/Shopping/index.twig:571-572		src/Eccube/Resource/template/default/Shopping/index.twig:140/571-572 でポイント使用のUIは本店（EC）の注文でのみ表示される。	支店レイアウト図(sheet-4_img13)にポイント欄は無い。	high	
sheet-4-R166	MATCHED						src/Eccube/Form/Type/Shopping/OrderType.php:114-139; src/Eccube/Form/Type/Shopping/OrderType.php:406-411		6-6 使用ポイント。src/Eccube/Form/Type/Shopping/OrderType.php:114-139 で整数のみ受け付ける入力として定義し、src/Eccube/Form/Type/Shopping/OrderType.php:406-411 で初期値に会員の保有ポイント（支払総額を超えない範囲）を設定する。表示は本店のみ（src/Eccube/Resource/template/default/Shopping/index.twig:140）。	sheet-4_img11 の pt 入力欄と一致。	med	
sheet-4-R167	MATCHED						src/Eccube/Resource/template/default/Shopping/index.twig:594-601		src/Eccube/Resource/template/default/Shopping/index.twig:594-601 の使用ポイント入力は既定で不活性にされ、ポイント使用ラジオで「ポイントを使う」を選んだときだけ入力できるようになる（入力欄のオーバーレイ操作でも「ポイントを使う」に切り替わる）。	sheet-4_img11 でも「ポイントを使う」の下に入力欄が置かれている。	high	
sheet-4-R168	OUT_OF_SCOPE								「ご注文の内容の確認　レイアウト図（本店）」はレイアウト図の見出しで、要求ではない。	sheet-4_img14 が本店のご注文内容の確認。	high	
sheet-4-R169	OUT_OF_SCOPE								「ご注文の内容の確認　レイアウト図（支店）」はレイアウト図の見出しで、要求ではない。	sheet-4_img15 が支店のご注文内容の確認（注文金額合計のみ）。	high	
sheet-4-R170	OUT_OF_SCOPE								カスタマイズ説明の前置き（現行踏襲の宣言）で、それ自体は実装対象の要求ではない。		high	
sheet-4-R171	OUT_OF_SCOPE								「★表示について」はブロック見出しで、要求ではない。		high	
sheet-4-R172	MATCHED						src/Eccube/Resource/template/default/Shopping/index.twig:781; src/Eccube/Resource/template/default/Shopping/index.twig:836-847		src/Eccube/Resource/template/default/Shopping/index.twig:781 で本店と支店の表示を分け、支店（src/Eccube/Resource/template/default/Shopping/index.twig:836-847）は注文金額合計（税込・内税）だけを表示し、商品金額合計・送料・手数料・ポイント関連は出さない。	支店のご注文内容の確認レイアウト図(sheet-4_img15)は注文金額合計（内税）・確定チェック・ボタンのみで、実装と一致。	high	
sheet-4-R173	MATCHED						src/Eccube/Controller/Front/ShoppingController.php:318; src/Eccube/Controller/Front/ShoppingController.php:438; src/Eccube/Controller/Front/ShoppingController.php:1271-1281; src/Eccube/Service/ShoppingService.php:273-285; app/config/eccube/packages/eccube.yaml:304		src/Eccube/Service/ShoppingService.php:273-285 で受注データの作成時刻から所定の分数が経過しているかを判定し、app/config/eccube/packages/eccube.yaml:304 でその分数が30分と定義されている。src/Eccube/Controller/Front/ShoppingController.php:318/438 の注文確認・注文処理の入口で判定し、超過時は src/Eccube/Controller/Front/ShoppingController.php:1271-1281 でタイムアウトの旨を表示してカート画面へ遷移する。	sheet-4_img15/img14 の「注文する」ボタン押下時の挙動。図には現れない。	high	
sheet-4-R174	MATCHED						src/Eccube/Controller/Front/ShoppingController.php:1271-1281		src/Eccube/Controller/Front/ShoppingController.php:1271-1281 のタイムアウト処理はカート画面へ遷移するだけでカートの中身を消していない（カートの削除は src/Eccube/Controller/Front/ShoppingController.php:561 の注文確定成功時のみ）。	図には現れない。	high	
sheet-4-R175	OUT_OF_SCOPE								項目表のヘッダ行の折り返しで、要求ではない。		high	
sheet-4-R176	MATCHED						src/Eccube/Resource/template/default/Shopping/index.twig:785-788		10-1 商品金額合計。src/Eccube/Resource/template/default/Shopping/index.twig:785-788 で商品金額合計をラベル表示する。	sheet-4_img14 の「商品金額合計 ¥3,000」と一致。	high	
sheet-4-R177	MATCHED						src/Eccube/Resource/template/default/Shopping/index.twig:789-792		10-2 送料。src/Eccube/Resource/template/default/Shopping/index.twig:789-792 で送料をラベル表示する。	sheet-4_img14 の「送料 ¥180」と一致。	high	
sheet-4-R178	MATCHED						src/Eccube/Resource/template/default/Shopping/index.twig:793-796		10-3 手数料。src/Eccube/Resource/template/default/Shopping/index.twig:793-796 で手数料をラベル表示する。	sheet-4_img14 の「手数料 ¥0」と一致。	high	
sheet-4-R179	MATCHED						src/Eccube/Resource/template/default/Shopping/index.twig:803-812		10-4 ポイント使用（値引き）。src/Eccube/Resource/template/default/Shopping/index.twig:803-812 でポイントによる値引きを「ポイント（値引き）」としてラベル表示し、使用ポイントを更新すると再集計の結果が反映される。	sheet-4_img14 の「ポイント使用（値引き） 0pt」に対応。	med	
sheet-4-R180	MATCHED						src/Eccube/Resource/template/default/Shopping/index.twig:814-821		10-5 注文金額合計（税込）。src/Eccube/Resource/template/default/Shopping/index.twig:814-821 で税込の注文金額合計をラベル表示する。	sheet-4_img14 の「注文金額合計（税込）¥3,080」と一致。	high	
sheet-4-R181	MATCHED						src/Eccube/Resource/template/default/Shopping/index.twig:819-820		10-6 内税。src/Eccube/Resource/template/default/Shopping/index.twig:819-820 で合計の内税額を併記表示する。	sheet-4_img14 の「（内税：¥80）」と一致。	high	
sheet-4-R182	MATCHED						src/Eccube/Resource/template/default/Shopping/index.twig:825-829		10-7 ポイント残高。src/Eccube/Resource/template/default/Shopping/index.twig:825-829 で使用ポイント差引後のポイント残高をラベル表示する。	sheet-4_img14 の「ポイント残高 5pt」と一致。	high	
sheet-4-R183	MATCHED						src/Eccube/Resource/template/default/Shopping/index.twig:830-833		10-8 ポイント発生。src/Eccube/Resource/template/default/Shopping/index.twig:830-833 で今回加算されるポイントをラベル表示する。	sheet-4_img14 の「ポイント発生 364pt」と一致。	high	
sheet-4-R184	MATCHED						src/Eccube/Resource/template/default/Shopping/index.twig:855-860		10-9 確定チェックボックス。src/Eccube/Resource/template/default/Shopping/index.twig:855-860 で「この内容で注文を確定します。」のチェックボックスを表示する。	sheet-4_img14/img15 の「□この内容で注文を確定します。」と一致。	high	
sheet-4-R185	MATCHED						src/Eccube/Resource/template/default/Shopping/index.twig:141-158; src/Eccube/Resource/template/default/Shopping/index.twig:862-866; src/Eccube/Resource/locale/messages.ja.yaml:1538-1540		10-10 注文するボタン。src/Eccube/Resource/template/default/Shopping/index.twig:141-158 で選択中の支払方法によりボタン文言を切り替え（src/Eccube/Resource/locale/messages.ja.yaml:1538-1540 の 注文する／クレジットカード決済へ／コンビニ決済へ）、src/Eccube/Resource/template/default/Shopping/index.twig:862-866 で表示する。	sheet-4_img14/img15 のボタンが「コンビニ決済へ」になっており、支払方法による文言変更と一致。	high	
sheet-4-R186	MATCHED						src/Eccube/Resource/template/default/Shopping/index.twig:152-157; src/Eccube/Resource/locale/messages.ja.yaml:1537		src/Eccube/Resource/template/default/Shopping/index.twig:152-157 で支店の場合は src/Eccube/Resource/locale/messages.ja.yaml:1537 の「購入する」に文言を変更している。	支店レイアウト図(sheet-4_img15)のボタン文言に対応。	high	
sheet-4-R187	MATCHED						src/Eccube/Resource/template/default/Shopping/index.twig:867		10-11 戻るボタン。src/Eccube/Resource/template/default/Shopping/index.twig:867 に買い物かごへ戻るボタンがある。	sheet-4_img15 の「戻る」ボタンに対応（実装の文言は「カートに戻る」）。	med	
sheet-4-R188	OUT_OF_SCOPE								現行仕様セクションの見出し行で、要求ではない。		high	
sheet-4-R189	OUT_OF_SCOPE								「初期表示で作られるもの」は現行仕様の小見出しで、要求ではない。		high	
sheet-4-R190	MATCHED						src/Eccube/Service/OrderHelper.php:80-195; src/Eccube/Controller/Front/ShoppingController.php:127-131; src/Eccube/Controller/Front/ShoppingController.php:150-156; src/Eccube/Service/PurchaseFlow/Processor/PaymentTotalNegativeValidator.php:33-37		src/Eccube/Service/OrderHelper.php:80-195 で処理中の受注が無いときに受注と明細・配送を作成し、src/Eccube/Controller/Front/ShoppingController.php:127-131 で未ログイン（非会員登録も未了）のときはログイン画面へ誘導する。受注合計がマイナスのときは src/Eccube/Service/PurchaseFlow/Processor/PaymentTotalNegativeValidator.php:33-37 が検出し src/Eccube/Controller/Front/ShoppingController.php:150-156 で購入エラー画面へ遷移する。使用ポイントの初期登録は src/Eccube/Service/PurchaseFlow/Processor/PointProcessor.php:62-92 で扱う。複数配送の案内表示については sheet-4-R229 で別途判定した。	図には現れない。	med	
sheet-4-R191	OUT_OF_SCOPE								「配送方法の自動切り替え」は現行仕様の小見出しで、要求ではない。		high	
sheet-4-R192	MATCHED						src/Eccube/Form/Type/Shopping/ShippingType.php:136-160; src/Eccube/Controller/Front/ShoppingController.php:1118; src/Eccube/Controller/Front/ShoppingController.php:327		src/Eccube/Form/Type/Shopping/ShippingType.php:136-142 で選択中の配送方法が選べる一覧に無ければ先頭の配送方法へ自動で切り替え、1つも無ければ未設定のまま必須エラーを出す。この組み立ては src/Eccube/Controller/Front/ShoppingController.php:1118 のお届け先変更時と src/Eccube/Controller/Front/ShoppingController.php:327 の注文確定の検証で画面を描き直すときに行われる。	図には現れない。	med	
sheet-4-R193	OUT_OF_SCOPE								「配送方法を変更したとき」は現行仕様の小見出しで、要求ではない。		high	
sheet-4-R194	MATCHED						src/Eccube/Controller/Front/ShoppingController.php:231-241; src/Eccube/Controller/AbstractShoppingController.php:36-48		配送方法のラジオは変更時に注文内容を送信し、src/Eccube/Controller/Front/ShoppingController.php:231-241 で配送方法・配送希望日・お届け時間が受注へ反映され、src/Eccube/Controller/AbstractShoppingController.php:36-48 の集計で合計が再計算されて保存される。なお現行仕様が併記する「ポイント使用量を0で登録し直す」は、利用者が入力した使用ポイントを配送方法変更のたびに失わせる現行ソースの副作用であり、踏襲対象として扱わない。	図には現れない。	med	
sheet-4-R195	OUT_OF_SCOPE								「お支払い方法・備考欄・ポイントを変更したとき」は現行仕様の小見出しで、要求ではない。		high	
sheet-4-R196	MATCHED						src/Eccube/Service/PurchaseFlow/Processor/PaymentChargePreprocessor.php:40-58; src/Eccube/Form/Type/Shopping/OrderType.php:390-403; src/Eccube/Controller/Front/ShoppingController.php:231-241		src/Eccube/Service/PurchaseFlow/Processor/PaymentChargePreprocessor.php:40-58 で選択中の支払方法の手数料を受注の手数料明細に設定し、支払方法が無効・支払総額0円のときは src/Eccube/Form/Type/Shopping/OrderType.php:390-403 で手数料を0にする。備考欄の入力は src/Eccube/Controller/Front/ShoppingController.php:231-241 の送信で受注へ保存される。	図には現れない。	med	
sheet-4-R197	MATCHED						src/Eccube/Form/Type/Shopping/OrderType.php:390-403; src/Eccube/Resource/template/default/Shopping/index.twig:528-537; src/Eccube/Resource/locale/messages.ja.yaml:1509		src/Eccube/Form/Type/Shopping/OrderType.php:390-403 で使用ポイント差引後の支払総額が0円になったときは支払方法を1件（src/Eccube/Resource/locale/messages.ja.yaml:1509 の「全額ポイント支払い」）に固定し、src/Eccube/Resource/template/default/Shopping/index.twig:528-537 でその1件だけを表示する。0円でなくなれば src/Eccube/Form/Type/Shopping/OrderType.php:437-484 の通常の選択肢に戻る。	sheet-4_img11 は通常時の選択肢を示している。	med	
sheet-4-R198	OUT_OF_SCOPE								「お届け先を選び直したとき」は現行仕様の小見出しで、要求ではない。		high	
sheet-4-R199	MATCHED						src/Eccube/Controller/Front/ShoppingController.php:1082-1131; src/Eccube/Controller/AbstractShoppingController.php:36-48		src/Eccube/Controller/Front/ShoppingController.php:1082-1115 で選んだお届け先を配送先へ反映し、src/Eccube/Controller/Front/ShoppingController.php:1118 で配送方法の有効性を判定し直したうえで src/Eccube/Controller/Front/ShoppingController.php:1121-1131 と src/Eccube/Controller/AbstractShoppingController.php:36-48 で配送料の再設定と合計の再計算・保存を行う。お届け先を選ばずに送信した場合の扱いは sheet-4-R227 で別途判定した。	図には現れない。	med	
sheet-4-R200	OUT_OF_SCOPE								「合計と内税の算出」は現行仕様の小見出しで、要求ではない。		high	
sheet-4-R201	MATCHED						src/Eccube/Resource/template/default/Shopping/index.twig:785-821; src/Eccube/Controller/AbstractShoppingController.php:36-48		合計は商品金額合計＋送料＋手数料−値引きで算出され（src/Eccube/Resource/template/default/Shopping/index.twig:785-812 の内訳と src/Eccube/Controller/AbstractShoppingController.php:36-48 の集計）、内税は税率ごとに算出して src/Eccube/Resource/template/default/Shopping/index.twig:819-820 に併記される。現行仕様の「1.1で割って0.1を掛ける」は税率10%固定の式で、軽減税率商品を扱うリニューアル後の表示（src/Eccube/Resource/template/default/Shopping/index.twig:308）とは前提が異なるため、税率別算出を採る。	sheet-4_img14 の「注文金額合計（税込）¥3,080（内税：¥80）」の表示形と一致。	low	
sheet-4-R202	OUT_OF_SCOPE								「配送希望日時の選択肢」は現行仕様の小見出しで、要求ではない。		high	
sheet-4-R203	DRIFT	P3	実装違い	ふるまい	配送希望日を「指定なし」にしたときは、お届け先の都道府県と選択中の配送方法の組み合わせに定めた最短のお届け時間より早い時間帯は選べない。最短より早いお届け時間を選んだときは、配送希望日の「指定なし」を選べない。	配送希望日が「指定なし」のときはお届け時間の選択肢から最短お届け時間より早い時間帯が外れ、最短より早いお届け時間を選んだときは配送希望日の選択肢から「指定なし」が外れる。	src/Eccube/Resource/template/default/Shopping/index.twig:52-129	制御の対象が「指定なし」ではなく最短の配送希望日になっている。src/Eccube/Resource/template/default/Shopping/index.twig:115-121 は選択した配送希望日が先頭の日付（最短日）と一致するときだけお届け時間を絞り込み、「指定なし」を選んでいるときは src/Eccube/Resource/template/default/Shopping/index.twig:92-94 で全てのお届け時間が選べる。src/Eccube/Resource/template/default/Shopping/index.twig:96-113 も早いお届け時間を選んだときに隠すのは最短日の選択肢で、「指定なし」は選べたままになる。	src/Eccube/Resource/template/default/Shopping/index.twig:64-74 の先頭値取得は値が空の選択肢（指定なし）を読み飛ばしており、以降の判定はすべて最短日を基準にしている。	sheet-4_img7 は配送希望日時指定・お届け時間とも「指定なし」の状態のみで、選択肢の絞り込みは図からは判別できない。	med	index.twig-delivery-datetime-limit-targets-earliest-date
sheet-4-R204	OUT_OF_SCOPE								「注文確定の判定順序」は現行仕様の表の見出しで、要求ではない。		high	
sheet-4-R205	MATCHED						src/Eccube/Controller/Front/ShoppingController.php:432-436		src/Eccube/Controller/Front/ShoppingController.php:432-436 で処理中の受注が取得できないときは購入エラー画面へ遷移する。	図には現れない。	high	
sheet-4-R206	MATCHED						src/Eccube/Controller/Front/ShoppingController.php:411-414; src/Eccube/Controller/Front/ShoppingController.php:420-427; src/Eccube/Controller/Front/ShoppingController.php:616-618		注文確定は src/Eccube/Controller/Front/ShoppingController.php:411-414 のとおり送信でしか受け付けず、送信によらない到達は処理に入れない。カートが購入フローへ進めない状態のときは src/Eccube/Controller/Front/ShoppingController.php:420-427 でカート画面へ戻す。	図には現れない。	low	
sheet-4-R207	MATCHED						src/Eccube/Controller/Front/ShoppingController.php:390-395		src/Eccube/Controller/Front/ShoppingController.php:390-395 で入力内容の検証に不備があるときはご注文方法指定画面を再描画する。	図には現れない。	high	
sheet-4-R208	MATCHED						src/Eccube/Form/Type/Shopping/OrderType.php:220-274; src/Eccube/Controller/Front/ShoppingController.php:355-368		リニューアル後は確認画面を挟まず同一送信で確定するため、受注の保持値と送信値がずれる場面が無い。src/Eccube/Form/Type/Shopping/OrderType.php:220-274 で送信された支払方法は選択中の配送方法と顧客グループで許容されるものに突き合わせられ、許容外なら許容される支払方法へ差し替えたうえで再検証される。決済側の検証に失敗した場合は src/Eccube/Controller/Front/ShoppingController.php:355-368 で取り消して注文手続き画面へ戻す。	図には現れない。	low	
sheet-4-R209	MATCHED						src/Eccube/Controller/Front/ShoppingController.php:533-554		src/Eccube/Controller/Front/ShoppingController.php:533-554 で購入処理が失敗したときは変更を取り消して購入エラー画面へ遷移する。	図には現れない。	high	
sheet-4-R210	MATCHED						src/Eccube/Controller/Front/ShoppingController.php:561; src/Eccube/Controller/Front/ShoppingController.php:611; src/Eccube/Service/PurchaseFlow/Processor/PointProcessor.php:62-92		src/Eccube/Controller/Front/ShoppingController.php:561 でカートを空にし、ポイントの使用は src/Eccube/Service/PurchaseFlow/Processor/PointProcessor.php:62-92 の確定処理で反映され、src/Eccube/Controller/Front/ShoppingController.php:611 で購入完了画面へ遷移する。	図には現れない。	med	
sheet-4-R211	MATCHED						src/Eccube/Controller/Front/ShoppingController.php:488-532; src/Eccube/Controller/Front/ShoppingController.php:533-554; src/Eccube/Controller/Front/ShoppingController.php:598-602		src/Eccube/Controller/Front/ShoppingController.php:488-532 で受注確定までを一括で行い、失敗時は src/Eccube/Controller/Front/ShoppingController.php:533-554 で変更を取り消す。ポイント連携は src/Eccube/Controller/Front/ShoppingController.php:598-602 のとおり確定が済んだあとに実行する。	図には現れない。	med	
sheet-4-R212	OUT_OF_SCOPE								「エラー時の扱い」は現行仕様の表の見出しで、要求ではない。		high	
sheet-4-R213	MATCHED						src/Eccube/Controller/Front/ShoppingController.php:432-436; src/Eccube/Controller/Front/ShoppingController.php:311-316		受注情報が取得できないときは src/Eccube/Controller/Front/ShoppingController.php:311-316 / src/Eccube/Controller/Front/ShoppingController.php:432-436 で購入エラー画面へ遷移する。	図には現れない。	high	
sheet-4-R214	MATCHED						src/Eccube/Service/PurchaseFlow/Processor/PaymentTotalNegativeValidator.php:33-37; src/Eccube/Controller/Front/ShoppingController.php:150-156		src/Eccube/Service/PurchaseFlow/Processor/PaymentTotalNegativeValidator.php:33-37 が受注合計のマイナスを検出し、src/Eccube/Controller/Front/ShoppingController.php:150-156 で購入エラー画面へ遷移する。	図には現れない。	high	
sheet-4-R215	MATCHED						src/Eccube/Controller/Front/ShoppingController.php:533-543		src/Eccube/Controller/Front/ShoppingController.php:533-543 で購入処理の業務エラーは変更を取り消したうえで購入エラー画面へ遷移する。	図には現れない。	high	
sheet-4-R216	MATCHED						src/Eccube/Controller/Front/ShoppingController.php:544-554		src/Eccube/Controller/Front/ShoppingController.php:544-554 で想定外のエラーは変更を取り消し、システムエラーの案内を表示して購入エラー画面へ遷移する。	図には現れない。	high	
sheet-4-R217	MATCHED						src/Eccube/Controller/Front/ShoppingController.php:390-395		src/Eccube/Controller/Front/ShoppingController.php:390-395 で入力内容の検証不備のときはご注文方法指定画面を再描画する。	図には現れない。	high	
sheet-4-R218	MATCHED						src/Eccube/Controller/Front/ShoppingController.php:242-247; src/Eccube/Controller/Front/ShoppingController.php:611		お支払い方法などの変更は src/Eccube/Controller/Front/ShoppingController.php:242-247 でご注文方法指定画面が再表示され、注文確定は src/Eccube/Controller/Front/ShoppingController.php:611 で購入完了画面へ遷移する。	図には現れない。	high	
sheet-4-R219	MATCHED						src/Eccube/Controller/Front/ShoppingController.php:150-156; src/Eccube/Controller/Front/ShoppingController.php:311-316; src/Eccube/Controller/Front/ShoppingController.php:533-554; src/Eccube/Controller/Front/ShoppingController.php:390-395		受注情報なし（src/Eccube/Controller/Front/ShoppingController.php:311-316）・合計マイナス（src/Eccube/Controller/Front/ShoppingController.php:150-156）・購入処理失敗（src/Eccube/Controller/Front/ShoppingController.php:533-554）は購入エラー画面へ、検証失敗（src/Eccube/Controller/Front/ShoppingController.php:390-395）は同画面の再描画となる。	図には現れない。	high	
sheet-4-R220	OUT_OF_SCOPE								「入出力: 永続化」は表の見出し行で、要求ではない。		high	
sheet-4-R221	MATCHED						src/Eccube/Service/OrderHelper.php:80-195		src/Eccube/Service/OrderHelper.php:80-195 で処理中の受注が無いときに受注・受注明細・配送を新規作成して永続化する。現行仕様の「明細サブ情報」に相当する内部テーブルは持たないが、外部から観測できる入出力ではない。	図には現れない。	med	
sheet-4-R222	MATCHED						src/Eccube/Controller/Front/ShoppingController.php:234-236; src/Eccube/Controller/Front/ShoppingController.php:1121-1131; src/Eccube/Controller/Front/ShoppingController.php:910; src/Eccube/Controller/Front/ShoppingController.php:596		配送方法・お支払い方法・備考欄・ポイント利用の変更は src/Eccube/Controller/Front/ShoppingController.php:234-236 で、お届け先の変更は src/Eccube/Controller/Front/ShoppingController.php:1121-1131 と src/Eccube/Controller/Front/ShoppingController.php:910 で受注へ保存され、注文確定は src/Eccube/Controller/Front/ShoppingController.php:596 で確定内容を保存する。	図には現れない。	med	
sheet-4-R223	MATCHED						src/Eccube/Controller/Front/ShoppingController.php:559-561		src/Eccube/Controller/Front/ShoppingController.php:559-561 で注文確定後にカートの中身を削除する。	図には現れない。	high	
sheet-4-R224	MATCHED						src/Eccube/Controller/Front/ShoppingController.php:544-554; src/Eccube/Resource/locale/messages.ja.yaml:1561; src/Eccube/Resource/template/default/Shopping/shopping_error.twig:20-28		F04-02-MSG-001。src/Eccube/Controller/Front/ShoppingController.php:544-554 で注文確定中に予期しない問題が起きたとき src/Eccube/Resource/locale/messages.ja.yaml:1561 の「購入処理で予期しないエラーが発生しました。恐れ入りますがお問い合わせページよりご連絡ください。」を積んで購入エラー画面へ遷移し、src/Eccube/Resource/template/default/Shopping/shopping_error.twig:20-28 で本文に表示する。	図には現れない。	high	
sheet-4-R225	MATCHED						src/Eccube/Controller/Front/NonMemberShoppingController.php:142-147; src/Eccube/Resource/locale/messages.ja.yaml:1560; src/Eccube/Resource/template/default/Shopping/shopping_error.twig:20-28		F04-02-MSG-002。src/Eccube/Controller/Front/NonMemberShoppingController.php:142-147 で購入処理中の注文情報が取得できないとき src/Eccube/Resource/locale/messages.ja.yaml:1560 の「購入処理でエラーが発生しました。」を積んで購入エラー画面へ遷移し、src/Eccube/Resource/template/default/Shopping/shopping_error.twig:20-28 で表示する。	図には現れない。	med	
sheet-4-R226	MATCHED						src/Eccube/Form/Type/Shopping/OrderType.php:114-131; src/Eccube/Resource/locale/validators.ja.yaml:37; src/Eccube/Resource/template/default/Shopping/index.twig:607; src/Eccube/Controller/Front/ShoppingController.php:390-395		F04-02-MSG-003。src/Eccube/Form/Type/Shopping/OrderType.php:114-131 で使用ポイントに数字以外が入ると src/Eccube/Resource/locale/validators.ja.yaml:37 の「数字で入力してください。」の検証エラーになり、src/Eccube/Resource/template/default/Shopping/index.twig:607 で入力項目直下に表示され、src/Eccube/Controller/Front/ShoppingController.php:390-395 でご注文方法指定画面に留まる。	図には現れない。	high	
sheet-4-R227	NOT_IMPLEMENTED	P3	未実装	ふるまい	F04-02-MSG-004 画面上部 お届け先を指定してください お届け先を選択せずに送信したとき 配送先は変更されず、同じお届け先選択画面に留まる。	お届け先を選ばずに送信したときは、画面上部に「お届け先を指定してください」と表示し、配送先を変更せずに同じ画面に留まる。	src/Eccube/Controller/Front/ShoppingController.php:1082-1114; src/Eccube/Resource/locale/messages.ja.yaml:1531	src/Eccube/Resource/locale/messages.ja.yaml:1531 に文言は定義されているが、どの処理からも表示されない（実装全体で参照が無い）。src/Eccube/Controller/Front/ShoppingController.php:1082-1114 はお届け先が指定されていない送信を会員本人の住所の指定として扱い、配送先をその住所で上書きしてご注文方法指定画面へ戻すため、案内は出ず配送先も変更されてしまう。	お届け先変更処理にはお届け先未指定を弾く分岐が無く、src/Eccube/Controller/Front/ShoppingController.php:1105-1113 の else 節で会員の住所を組み立てて src/Eccube/Controller/Front/ShoppingController.php:1115 で配送先へ反映している。	お届け先レイアウト図(sheet-4_img1/img2)にもこの案内は描かれていない。文言はメッセージ表にのみある。	med	ShoppingController-shipping-unselected-not-handled
sheet-4-R228	NOT_IMPLEMENTED	P3	未実装	ふるまい	— 注文エラー画面 受注情報が見つかりません。 処理中の受注情報が無いとき 注文エラー画面に留まる — 画面上部のエラー領域 複数配送の案内文 配送先が複数で複数配送が有効なとき 一度だけ表示する	処理中の受注情報が無いときは、注文エラー画面に「受注情報が見つかりません。」と表示する。	src/Eccube/Controller/Front/ShoppingController.php:311-316; src/Eccube/Controller/Front/ShoppingController.php:432-436; src/Eccube/Resource/template/default/Shopping/shopping_error.twig:20-28	処理中の受注が取得できないときは案内を積まずに購入エラー画面へ遷移するため（src/Eccube/Controller/Front/ShoppingController.php:311-316 / src/Eccube/Controller/Front/ShoppingController.php:432-436）、src/Eccube/Resource/template/default/Shopping/shopping_error.twig:20-28 のエラー本文が空のまま表示される。「受注情報が見つかりません。」という文言自体も用意されていない。	同じ画面でも合計マイナスや購入処理失敗は案内を積んでから遷移しているのに対し、受注情報なしの経路だけ案内を積んでいない。	図には現れない。	high	ShoppingController-order-not-found-message-missing
sheet-4-R229	NOT_IMPLEMENTED	P3	未実装	ふるまい	— 画面上部のエラー領域 複数配送の案内文 配送先が複数で複数配送が有効なとき 一度だけ表示する	配送先が複数あり複数配送が有効なときは、ご注文方法指定画面の上部エラー領域に複数配送の案内を一度だけ表示する。	src/Eccube/Controller/Front/ShoppingController.php:117-197; src/Eccube/Resource/template/default/Shopping/index.twig:332-461	注文手続き画面の表示処理に配送先の件数と複数配送設定を見る分岐が無く（src/Eccube/Controller/Front/ShoppingController.php:117-197）、画面側にも案内の表示箇所が無い（src/Eccube/Resource/template/default/Shopping/index.twig:332-461 は配送先ごとに配送方法欄を並べるだけ）。複数配送の案内文自体も用意されていない。	複数配送の設定項目自体は存在するが、ご注文方法指定画面からは参照されていない。	sheet-4_img7 にも複数配送の案内は描かれていない。	med	ShoppingController-multi-shipping-notice-missing
sheet-4-R230	MATCHED						src/Eccube/Service/PurchaseFlow/Processor/PaymentTotalNegativeValidator.php:33-37; src/Eccube/Controller/AbstractShoppingController.php:36-48; src/Eccube/Resource/template/default/Shopping/shopping_error.twig:20-28		src/Eccube/Service/PurchaseFlow/Processor/PaymentTotalNegativeValidator.php:33-37 で受注合計がマイナスのときに案内を出し、src/Eccube/Controller/AbstractShoppingController.php:36-48 でその案内を積んで購入エラー画面へ遷移、src/Eccube/Resource/template/default/Shopping/shopping_error.twig:20-28 で本文に表示して同画面に留まる。	図には現れない。	high	
sheet-4-R231	MATCHED						src/Eccube/Controller/Front/ShoppingController.php:544-554; src/Eccube/Resource/locale/messages.ja.yaml:1561; src/Eccube/Resource/template/default/Shopping/shopping_error.twig:20-28		購入処理で想定外の問題が起きたときは src/Eccube/Controller/Front/ShoppingController.php:544-554 で src/Eccube/Resource/locale/messages.ja.yaml:1561 のシステムエラーの案内を積んで購入エラー画面へ遷移し、src/Eccube/Resource/template/default/Shopping/shopping_error.twig:20-28 で表示して同画面に留まる。	図には現れない。	high	
sheet-4-R232	OUT_OF_SCOPE								「決済モジュールや例外が返す可変文字列は単一の逐語文言に確定できないため本表に収録しない。」はメッセージ表の凡例（収録範囲の断り書き）で、実装要求ではない。		high	
sheet-5-R001	OUT_OF_SCOPE								カスタマイズ説明の前置き（『現行機能をベースに下記カスタマイズを行う』）で、具体的な挙動を述べていない。実体は sheet-5-R003/R004 で判定した。	sheet-5_img1.png（レイアウト図）を確認。見出し『配送先の新規登録・変更』、名称／お名前（姓・名）／お名前（フリガナ）／電話番号3分割／国（Japan）／郵便番号2分割＋『郵便番号から自動入力』ボタン／住所（都道府県プルダウン＋入力欄2行＋注記『町名・番地の入力漏れにご注意ください。』＋もう1行）／会社名、赤い『登録する』ボタンと白い『戻る』ボタンが描かれている。sheet-5_img2.png は現行の郵便番号欄で、『？郵便番号検索』リンクと『郵便番号から自動入力』ボタンが写っている。	high	
sheet-5-R002	OUT_OF_SCOPE								カスタマイズ要件の小見出し『海外住所対応について』であり、それ自体は要求ではない。	sheet-5_img1.png（レイアウト図）を確認。見出し『配送先の新規登録・変更』、名称／お名前（姓・名）／お名前（フリガナ）／電話番号3分割／国（Japan）／郵便番号2分割＋『郵便番号から自動入力』ボタン／住所（都道府県プルダウン＋入力欄2行＋注記『町名・番地の入力漏れにご注意ください。』＋もう1行）／会社名、赤い『登録する』ボタンと白い『戻る』ボタンが描かれている。sheet-5_img2.png は現行の郵便番号欄で、『？郵便番号検索』リンクと『郵便番号から自動入力』ボタンが写っている。	high	
sheet-5-R003	MATCHED								海外住所（国が日本以外）のとき住所欄を3行表示する実装がある。src/Eccube/Resource/template/default/Shopping/shipping_edit.twig:249-277 で国が日本以外のとき addr01/addr02 に加え addr03 の入力欄を出す（同:268-272）。	sheet-5_img1.png（レイアウト図）を確認。見出し『配送先の新規登録・変更』、名称／お名前（姓・名）／お名前（フリガナ）／電話番号3分割／国（Japan）／郵便番号2分割＋『郵便番号から自動入力』ボタン／住所（都道府県プルダウン＋入力欄2行＋注記『町名・番地の入力漏れにご注意ください。』＋もう1行）／会社名、赤い『登録する』ボタンと白い『戻る』ボタンが描かれている。sheet-5_img2.png は現行の郵便番号欄で、『？郵便番号検索』リンクと『郵便番号から自動入力』ボタンが写っている。	high	
sheet-5-R004	MATCHED								3カラム目が配送先として保存される。src/Eccube/Form/Type/AddressType.php:71-76 で addr03 を持ち、src/Eccube/Controller/Front/ShoppingController.php:882 で配送先へ引き写し、src/Eccube/Entity/Shipping.php:205 が addr03 を設定する。	sheet-5_img1.png（レイアウト図）を確認。見出し『配送先の新規登録・変更』、名称／お名前（姓・名）／お名前（フリガナ）／電話番号3分割／国（Japan）／郵便番号2分割＋『郵便番号から自動入力』ボタン／住所（都道府県プルダウン＋入力欄2行＋注記『町名・番地の入力漏れにご注意ください。』＋もう1行）／会社名、赤い『登録する』ボタンと白い『戻る』ボタンが描かれている。sheet-5_img2.png は現行の郵便番号欄で、『？郵便番号検索』リンクと『郵便番号から自動入力』ボタンが写っている。	high	
sheet-5-R005	OUT_OF_SCOPE								「カスタマイズ要件に記載の内容以外は現行踏襲とする。」は適用方針の宣言で、個別の挙動を定めていない。	sheet-5_img1.png（レイアウト図）を確認。見出し『配送先の新規登録・変更』、名称／お名前（姓・名）／お名前（フリガナ）／電話番号3分割／国（Japan）／郵便番号2分割＋『郵便番号から自動入力』ボタン／住所（都道府県プルダウン＋入力欄2行＋注記『町名・番地の入力漏れにご注意ください。』＋もう1行）／会社名、赤い『登録する』ボタンと白い『戻る』ボタンが描かれている。sheet-5_img2.png は現行の郵便番号欄で、『？郵便番号検索』リンクと『郵便番号から自動入力』ボタンが写っている。	high	
sheet-5-R006	OUT_OF_SCOPE								処理概要の小見出し『・初期表示』であり、それ自体は要求ではない。	sheet-5_img1.png（レイアウト図）を確認。見出し『配送先の新規登録・変更』、名称／お名前（姓・名）／お名前（フリガナ）／電話番号3分割／国（Japan）／郵便番号2分割＋『郵便番号から自動入力』ボタン／住所（都道府県プルダウン＋入力欄2行＋注記『町名・番地の入力漏れにご注意ください。』＋もう1行）／会社名、赤い『登録する』ボタンと白い『戻る』ボタンが描かれている。sheet-5_img2.png は現行の郵便番号欄で、『？郵便番号検索』リンクと『郵便番号から自動入力』ボタンが写っている。	high	
sheet-5-R007	MATCHED								既存配送先の変更では対象の配送先を読み込んで各項目に設定し（src/Eccube/Controller/Front/ShoppingController.php:737）、非会員では選択中のお届け先の内容を設定する（同:754）。新規登録は空欄で開く。	sheet-5_img1.png（レイアウト図）を確認。見出し『配送先の新規登録・変更』、名称／お名前（姓・名）／お名前（フリガナ）／電話番号3分割／国（Japan）／郵便番号2分割＋『郵便番号から自動入力』ボタン／住所（都道府県プルダウン＋入力欄2行＋注記『町名・番地の入力漏れにご注意ください。』＋もう1行）／会社名、赤い『登録する』ボタンと白い『戻る』ボタンが描かれている。sheet-5_img2.png は現行の郵便番号欄で、『？郵便番号検索』リンクと『郵便番号から自動入力』ボタンが写っている。	high	
sheet-5-R008	MATCHED								sheet-5-R003 と同一の要求。src/Eccube/Resource/template/default/Shopping/shipping_edit.twig:268-272 で海外住所用の3行目を表示する。	sheet-5_img1.png（レイアウト図）を確認。見出し『配送先の新規登録・変更』、名称／お名前（姓・名）／お名前（フリガナ）／電話番号3分割／国（Japan）／郵便番号2分割＋『郵便番号から自動入力』ボタン／住所（都道府県プルダウン＋入力欄2行＋注記『町名・番地の入力漏れにご注意ください。』＋もう1行）／会社名、赤い『登録する』ボタンと白い『戻る』ボタンが描かれている。sheet-5_img2.png は現行の郵便番号欄で、『？郵便番号検索』リンクと『郵便番号から自動入力』ボタンが写っている。	high	
sheet-5-R009	OUT_OF_SCOPE								機能仕様の小見出し『・国について』であり、それ自体は要求ではない。	sheet-5_img1.png（レイアウト図）を確認。見出し『配送先の新規登録・変更』、名称／お名前（姓・名）／お名前（フリガナ）／電話番号3分割／国（Japan）／郵便番号2分割＋『郵便番号から自動入力』ボタン／住所（都道府県プルダウン＋入力欄2行＋注記『町名・番地の入力漏れにご注意ください。』＋もう1行）／会社名、赤い『登録する』ボタンと白い『戻る』ボタンが描かれている。sheet-5_img2.png は現行の郵便番号欄で、『？郵便番号検索』リンクと『郵便番号から自動入力』ボタンが写っている。	high	
sheet-5-R010	MATCHED								国のプルダウンを変えると画面が読み込み直され（src/Eccube/Resource/template/default/Shopping/shipping_edit.twig:31-35）、日本以外では都道府県のプルダウンを出さない（同:220-249）。	sheet-5_img1.png（レイアウト図）を確認。見出し『配送先の新規登録・変更』、名称／お名前（姓・名）／お名前（フリガナ）／電話番号3分割／国（Japan）／郵便番号2分割＋『郵便番号から自動入力』ボタン／住所（都道府県プルダウン＋入力欄2行＋注記『町名・番地の入力漏れにご注意ください。』＋もう1行）／会社名、赤い『登録する』ボタンと白い『戻る』ボタンが描かれている。sheet-5_img2.png は現行の郵便番号欄で、『？郵便番号検索』リンクと『郵便番号から自動入力』ボタンが写っている。	high	
sheet-5-R011	MATCHED								日本に戻すと読み込み直しが起き、日本のときは住所3の欄を出さない（src/Eccube/Resource/template/default/Shopping/shipping_edit.twig:220-249、同:249-277）。	sheet-5_img1.png（レイアウト図）を確認。見出し『配送先の新規登録・変更』、名称／お名前（姓・名）／お名前（フリガナ）／電話番号3分割／国（Japan）／郵便番号2分割＋『郵便番号から自動入力』ボタン／住所（都道府県プルダウン＋入力欄2行＋注記『町名・番地の入力漏れにご注意ください。』＋もう1行）／会社名、赤い『登録する』ボタンと白い『戻る』ボタンが描かれている。sheet-5_img2.png は現行の郵便番号欄で、『？郵便番号検索』リンクと『郵便番号から自動入力』ボタンが写っている。	high	
sheet-5-R012	OUT_OF_SCOPE								機能仕様の小見出し『★郵便番号について』であり、それ自体は要求ではない。	sheet-5_img1.png（レイアウト図）を確認。見出し『配送先の新規登録・変更』、名称／お名前（姓・名）／お名前（フリガナ）／電話番号3分割／国（Japan）／郵便番号2分割＋『郵便番号から自動入力』ボタン／住所（都道府県プルダウン＋入力欄2行＋注記『町名・番地の入力漏れにご注意ください。』＋もう1行）／会社名、赤い『登録する』ボタンと白い『戻る』ボタンが描かれている。sheet-5_img2.png は現行の郵便番号欄で、『？郵便番号検索』リンクと『郵便番号から自動入力』ボタンが写っている。	high	
sheet-5-R013	MATCHED								郵便番号の入力から住所を自動補完する仕組みが入っている（src/Eccube/Resource/template/default/Shopping/shipping_edit.twig:29 の自動補完スクリプト、同:69 のフォーム、同:71 の国名）。	sheet-5_img1.png（レイアウト図）を確認。見出し『配送先の新規登録・変更』、名称／お名前（姓・名）／お名前（フリガナ）／電話番号3分割／国（Japan）／郵便番号2分割＋『郵便番号から自動入力』ボタン／住所（都道府県プルダウン＋入力欄2行＋注記『町名・番地の入力漏れにご注意ください。』＋もう1行）／会社名、赤い『登録する』ボタンと白い『戻る』ボタンが描かれている。sheet-5_img2.png は現行の郵便番号欄で、『？郵便番号検索』リンクと『郵便番号から自動入力』ボタンが写っている。	high	
sheet-5-R014	MATCHED								自動補完の対象に都道府県が含まれる。src/Eccube/Form/Type/AddressType.php:107 で都道府県のプルダウンに自動補完用の目印が付く。	sheet-5_img1.png（レイアウト図）を確認。見出し『配送先の新規登録・変更』、名称／お名前（姓・名）／お名前（フリガナ）／電話番号3分割／国（Japan）／郵便番号2分割＋『郵便番号から自動入力』ボタン／住所（都道府県プルダウン＋入力欄2行＋注記『町名・番地の入力漏れにご注意ください。』＋もう1行）／会社名、赤い『登録する』ボタンと白い『戻る』ボタンが描かれている。sheet-5_img2.png は現行の郵便番号欄で、『？郵便番号検索』リンクと『郵便番号から自動入力』ボタンが写っている。	high	
sheet-5-R015	MATCHED								自動補完の対象に住所1が含まれる。src/Eccube/Form/Type/AddressType.php:108-116 で住所1に自動補完用の目印が付く。	sheet-5_img1.png（レイアウト図）を確認。見出し『配送先の新規登録・変更』、名称／お名前（姓・名）／お名前（フリガナ）／電話番号3分割／国（Japan）／郵便番号2分割＋『郵便番号から自動入力』ボタン／住所（都道府県プルダウン＋入力欄2行＋注記『町名・番地の入力漏れにご注意ください。』＋もう1行）／会社名、赤い『登録する』ボタンと白い『戻る』ボタンが描かれている。sheet-5_img2.png は現行の郵便番号欄で、『？郵便番号検索』リンクと『郵便番号から自動入力』ボタンが写っている。	high	
sheet-5-R016	MATCHED								『郵便番号から自動入力』ボタンは画面に出ていない。src/Eccube/Resource/template/default/Shopping/shipping_edit.twig:174-201 の郵便番号欄には2つの入力欄だけが並び、ボタンは無い。	sheet-5_img1.png（レイアウト図）を確認。見出し『配送先の新規登録・変更』、名称／お名前（姓・名）／お名前（フリガナ）／電話番号3分割／国（Japan）／郵便番号2分割＋『郵便番号から自動入力』ボタン／住所（都道府県プルダウン＋入力欄2行＋注記『町名・番地の入力漏れにご注意ください。』＋もう1行）／会社名、赤い『登録する』ボタンと白い『戻る』ボタンが描かれている。sheet-5_img2.png は現行の郵便番号欄で、『？郵便番号検索』リンクと『郵便番号から自動入力』ボタンが写っている。	high	
sheet-5-R017	OUT_OF_SCOPE								機能仕様の小見出し『・登録するボタン押下時』であり、それ自体は要求ではない。	sheet-5_img1.png（レイアウト図）を確認。見出し『配送先の新規登録・変更』、名称／お名前（姓・名）／お名前（フリガナ）／電話番号3分割／国（Japan）／郵便番号2分割＋『郵便番号から自動入力』ボタン／住所（都道府県プルダウン＋入力欄2行＋注記『町名・番地の入力漏れにご注意ください。』＋もう1行）／会社名、赤い『登録する』ボタンと白い『戻る』ボタンが描かれている。sheet-5_img2.png は現行の郵便番号欄で、『？郵便番号検索』リンクと『郵便番号から自動入力』ボタンが写っている。	high	
sheet-5-R018	MATCHED								登録上限（20件）に達している会員は新規のお届け先を登録できない。上限値は app/config/eccube/packages/eccube.yaml:106 で20件、判定は src/Eccube/Controller/Front/ShoppingController.php:886-894。ただし上限に達したときの画面の見せ方は設計と異なり、sheet-5-R062 で指摘した。	sheet-5_img1.png（レイアウト図）を確認。見出し『配送先の新規登録・変更』、名称／お名前（姓・名）／お名前（フリガナ）／電話番号3分割／国（Japan）／郵便番号2分割＋『郵便番号から自動入力』ボタン／住所（都道府県プルダウン＋入力欄2行＋注記『町名・番地の入力漏れにご注意ください。』＋もう1行）／会社名、赤い『登録する』ボタンと白い『戻る』ボタンが描かれている。sheet-5_img2.png は現行の郵便番号欄で、『？郵便番号検索』リンクと『郵便番号から自動入力』ボタンが写っている。	high	
sheet-5-R019	OUT_OF_SCOPE								『・画面上で下記のバリエーションを確認』は以降の列挙の前置きで、それ自体は挙動を定めていない。	sheet-5_img1.png（レイアウト図）を確認。見出し『配送先の新規登録・変更』、名称／お名前（姓・名）／お名前（フリガナ）／電話番号3分割／国（Japan）／郵便番号2分割＋『郵便番号から自動入力』ボタン／住所（都道府県プルダウン＋入力欄2行＋注記『町名・番地の入力漏れにご注意ください。』＋もう1行）／会社名、赤い『登録する』ボタンと白い『戻る』ボタンが描かれている。sheet-5_img2.png は現行の郵便番号欄で、『？郵便番号検索』リンクと『郵便番号から自動入力』ボタンが写っている。	high	
sheet-5-R020	MATCHED								必須項目の未入力を検証する。名称・お名前・電話番号は src/Eccube/Form/Type/Front/CustomerAddressType.php:59-70,133-135、住所1・住所2は src/Eccube/Form/Type/AddressType.php:51-65。都道府県だけ検証が無く sheet-5-R041 で指摘した。	sheet-5_img1.png（レイアウト図）を確認。見出し『配送先の新規登録・変更』、名称／お名前（姓・名）／お名前（フリガナ）／電話番号3分割／国（Japan）／郵便番号2分割＋『郵便番号から自動入力』ボタン／住所（都道府県プルダウン＋入力欄2行＋注記『町名・番地の入力漏れにご注意ください。』＋もう1行）／会社名、赤い『登録する』ボタンと白い『戻る』ボタンが描かれている。sheet-5_img2.png は現行の郵便番号欄で、『？郵便番号検索』リンクと『郵便番号から自動入力』ボタンが写っている。	high	
sheet-5-R021	MATCHED								フリガナはカタカナだけを許し（src/Eccube/Form/Type/Front/CustomerAddressType.php:71-97）、電話番号・郵便番号は数値だけを許す（src/Eccube/Form/Type/SplitPhoneNumberType.php:100-120、src/Eccube/Form/Type/SplitPostalType.php:38-66）。	sheet-5_img1.png（レイアウト図）を確認。見出し『配送先の新規登録・変更』、名称／お名前（姓・名）／お名前（フリガナ）／電話番号3分割／国（Japan）／郵便番号2分割＋『郵便番号から自動入力』ボタン／住所（都道府県プルダウン＋入力欄2行＋注記『町名・番地の入力漏れにご注意ください。』＋もう1行）／会社名、赤い『登録する』ボタンと白い『戻る』ボタンが描かれている。sheet-5_img2.png は現行の郵便番号欄で、『？郵便番号検索』リンクと『郵便番号から自動入力』ボタンが写っている。	high	
sheet-5-R022	MATCHED								郵便番号は前3桁・後4桁の桁数をちょうどで検証する（src/Eccube/Form/Type/SplitPostalType.php:38-66）。	sheet-5_img1.png（レイアウト図）を確認。見出し『配送先の新規登録・変更』、名称／お名前（姓・名）／お名前（フリガナ）／電話番号3分割／国（Japan）／郵便番号2分割＋『郵便番号から自動入力』ボタン／住所（都道府県プルダウン＋入力欄2行＋注記『町名・番地の入力漏れにご注意ください。』＋もう1行）／会社名、赤い『登録する』ボタンと白い『戻る』ボタンが描かれている。sheet-5_img2.png は現行の郵便番号欄で、『？郵便番号検索』リンクと『郵便番号から自動入力』ボタンが写っている。	high	
sheet-5-R023	OUT_OF_SCOPE								項目表のヘッダ行の続き（『または最大値／初期値／画面部品の説明』）であり、要求ではない。	sheet-5_img1.png（レイアウト図）を確認。見出し『配送先の新規登録・変更』、名称／お名前（姓・名）／お名前（フリガナ）／電話番号3分割／国（Japan）／郵便番号2分割＋『郵便番号から自動入力』ボタン／住所（都道府県プルダウン＋入力欄2行＋注記『町名・番地の入力漏れにご注意ください。』＋もう1行）／会社名、赤い『登録する』ボタンと白い『戻る』ボタンが描かれている。sheet-5_img2.png は現行の郵便番号欄で、『？郵便番号検索』リンクと『郵便番号から自動入力』ボタンが写っている。	high	
sheet-5-R024	MATCHED								配送先名称は必須。src/Eccube/Form/Type/Front/CustomerAddressType.php:59-67 で未入力を許さない。	sheet-5_img1.png（レイアウト図）を確認。見出し『配送先の新規登録・変更』、名称／お名前（姓・名）／お名前（フリガナ）／電話番号3分割／国（Japan）／郵便番号2分割＋『郵便番号から自動入力』ボタン／住所（都道府県プルダウン＋入力欄2行＋注記『町名・番地の入力漏れにご注意ください。』＋もう1行）／会社名、赤い『登録する』ボタンと白い『戻る』ボタンが描かれている。sheet-5_img2.png は現行の郵便番号欄で、『？郵便番号検索』リンクと『郵便番号から自動入力』ボタンが写っている。	high	
sheet-5-R025	MATCHED								配送先氏名（姓）は必須。src/Eccube/Form/Type/Front/CustomerAddressType.php:68-70 と src/Eccube/Form/Type/NameType.php:46-55 で未入力を許さない。	sheet-5_img1.png（レイアウト図）を確認。見出し『配送先の新規登録・変更』、名称／お名前（姓・名）／お名前（フリガナ）／電話番号3分割／国（Japan）／郵便番号2分割＋『郵便番号から自動入力』ボタン／住所（都道府県プルダウン＋入力欄2行＋注記『町名・番地の入力漏れにご注意ください。』＋もう1行）／会社名、赤い『登録する』ボタンと白い『戻る』ボタンが描かれている。sheet-5_img2.png は現行の郵便番号欄で、『？郵便番号検索』リンクと『郵便番号から自動入力』ボタンが写っている。	high	
sheet-5-R026	MATCHED								配送先氏名（名）は必須。src/Eccube/Form/Type/Front/CustomerAddressType.php:68-70 と src/Eccube/Form/Type/NameType.php:46-55 で未入力を許さない。	sheet-5_img1.png（レイアウト図）を確認。見出し『配送先の新規登録・変更』、名称／お名前（姓・名）／お名前（フリガナ）／電話番号3分割／国（Japan）／郵便番号2分割＋『郵便番号から自動入力』ボタン／住所（都道府県プルダウン＋入力欄2行＋注記『町名・番地の入力漏れにご注意ください。』＋もう1行）／会社名、赤い『登録する』ボタンと白い『戻る』ボタンが描かれている。sheet-5_img2.png は現行の郵便番号欄で、『？郵便番号検索』リンクと『郵便番号から自動入力』ボタンが写っている。	high	
sheet-5-R027	MATCHED								配送先氏名カナ（姓）は任意。src/Eccube/Form/Type/Front/CustomerAddressType.php:71-84 で必須にしていない。	sheet-5_img1.png（レイアウト図）を確認。見出し『配送先の新規登録・変更』、名称／お名前（姓・名）／お名前（フリガナ）／電話番号3分割／国（Japan）／郵便番号2分割＋『郵便番号から自動入力』ボタン／住所（都道府県プルダウン＋入力欄2行＋注記『町名・番地の入力漏れにご注意ください。』＋もう1行）／会社名、赤い『登録する』ボタンと白い『戻る』ボタンが描かれている。sheet-5_img2.png は現行の郵便番号欄で、『？郵便番号検索』リンクと『郵便番号から自動入力』ボタンが写っている。	high	
sheet-5-R028	MATCHED								配送先氏名カナ（名）は任意。src/Eccube/Form/Type/Front/CustomerAddressType.php:85-97 で必須にしていない。	sheet-5_img1.png（レイアウト図）を確認。見出し『配送先の新規登録・変更』、名称／お名前（姓・名）／お名前（フリガナ）／電話番号3分割／国（Japan）／郵便番号2分割＋『郵便番号から自動入力』ボタン／住所（都道府県プルダウン＋入力欄2行＋注記『町名・番地の入力漏れにご注意ください。』＋もう1行）／会社名、赤い『登録する』ボタンと白い『戻る』ボタンが描かれている。sheet-5_img2.png は現行の郵便番号欄で、『？郵便番号検索』リンクと『郵便番号から自動入力』ボタンが写っている。	high	
sheet-5-R029	MATCHED								電話番号1は必須かつ数値のみ。src/Eccube/Form/Type/Front/CustomerAddressType.php:133-135 と src/Eccube/Form/Type/SplitPhoneNumberType.php:46-54,100-112。	sheet-5_img1.png（レイアウト図）を確認。見出し『配送先の新規登録・変更』、名称／お名前（姓・名）／お名前（フリガナ）／電話番号3分割／国（Japan）／郵便番号2分割＋『郵便番号から自動入力』ボタン／住所（都道府県プルダウン＋入力欄2行＋注記『町名・番地の入力漏れにご注意ください。』＋もう1行）／会社名、赤い『登録する』ボタンと白い『戻る』ボタンが描かれている。sheet-5_img2.png は現行の郵便番号欄で、『？郵便番号検索』リンクと『郵便番号から自動入力』ボタンが写っている。	high	
sheet-5-R030	MATCHED								電話番号2は必須かつ数値のみ。src/Eccube/Form/Type/Front/CustomerAddressType.php:133-135 と src/Eccube/Form/Type/SplitPhoneNumberType.php:46-54,113-120。	sheet-5_img1.png（レイアウト図）を確認。見出し『配送先の新規登録・変更』、名称／お名前（姓・名）／お名前（フリガナ）／電話番号3分割／国（Japan）／郵便番号2分割＋『郵便番号から自動入力』ボタン／住所（都道府県プルダウン＋入力欄2行＋注記『町名・番地の入力漏れにご注意ください。』＋もう1行）／会社名、赤い『登録する』ボタンと白い『戻る』ボタンが描かれている。sheet-5_img2.png は現行の郵便番号欄で、『？郵便番号検索』リンクと『郵便番号から自動入力』ボタンが写っている。	high	
sheet-5-R031	MATCHED								電話番号3は必須かつ数値のみ。src/Eccube/Form/Type/Front/CustomerAddressType.php:133-135 と src/Eccube/Form/Type/SplitPhoneNumberType.php:46-54,120-142。	sheet-5_img1.png（レイアウト図）を確認。見出し『配送先の新規登録・変更』、名称／お名前（姓・名）／お名前（フリガナ）／電話番号3分割／国（Japan）／郵便番号2分割＋『郵便番号から自動入力』ボタン／住所（都道府県プルダウン＋入力欄2行＋注記『町名・番地の入力漏れにご注意ください。』＋もう1行）／会社名、赤い『登録する』ボタンと白い『戻る』ボタンが描かれている。sheet-5_img2.png は現行の郵便番号欄で、『？郵便番号検索』リンクと『郵便番号から自動入力』ボタンが写っている。	high	
sheet-5-R032	MATCHED								国はプルダウンで必須、初期値は日本（src/Eccube/Form/Type/Front/CustomerAddressType.php:106-115,142-150）。国を変えると画面が読み込み直され日本以外では都道府県を出さない（src/Eccube/Resource/template/default/Shopping/shipping_edit.twig:31-35,220-249）。	sheet-5_img1.png（レイアウト図）を確認。見出し『配送先の新規登録・変更』、名称／お名前（姓・名）／お名前（フリガナ）／電話番号3分割／国（Japan）／郵便番号2分割＋『郵便番号から自動入力』ボタン／住所（都道府県プルダウン＋入力欄2行＋注記『町名・番地の入力漏れにご注意ください。』＋もう1行）／会社名、赤い『登録する』ボタンと白い『戻る』ボタンが描かれている。sheet-5_img2.png は現行の郵便番号欄で、『？郵便番号検索』リンクと『郵便番号から自動入力』ボタンが写っている。	high	
sheet-5-R033	MATCHED								日本に戻したときは住所3の欄を出さない（src/Eccube/Resource/template/default/Shopping/shipping_edit.twig:220-277）。	sheet-5_img1.png（レイアウト図）を確認。見出し『配送先の新規登録・変更』、名称／お名前（姓・名）／お名前（フリガナ）／電話番号3分割／国（Japan）／郵便番号2分割＋『郵便番号から自動入力』ボタン／住所（都道府県プルダウン＋入力欄2行＋注記『町名・番地の入力漏れにご注意ください。』＋もう1行）／会社名、赤い『登録する』ボタンと白い『戻る』ボタンが描かれている。sheet-5_img2.png は現行の郵便番号欄で、『？郵便番号検索』リンクと『郵便番号から自動入力』ボタンが写っている。	high	
sheet-5-R034	MATCHED								郵便番号1は数値のみで、未入力のまま送ると項目直下に必須エラーが出る（src/Eccube/Form/Type/Front/CustomerAddressType.php:167-179、src/Eccube/Resource/template/default/Shopping/shipping_edit.twig:194-197）。	sheet-5_img1.png（レイアウト図）を確認。見出し『配送先の新規登録・変更』、名称／お名前（姓・名）／お名前（フリガナ）／電話番号3分割／国（Japan）／郵便番号2分割＋『郵便番号から自動入力』ボタン／住所（都道府県プルダウン＋入力欄2行＋注記『町名・番地の入力漏れにご注意ください。』＋もう1行）／会社名、赤い『登録する』ボタンと白い『戻る』ボタンが描かれている。sheet-5_img2.png は現行の郵便番号欄で、『？郵便番号検索』リンクと『郵便番号から自動入力』ボタンが写っている。	high	
sheet-5-R035	MATCHED								郵便番号欄は国が日本のときだけ表示する（src/Eccube/Resource/template/default/Shopping/shipping_edit.twig:174-201）。日本以外では海外用の郵便番号欄に替わる（同:203-218）。	sheet-5_img1.png（レイアウト図）を確認。見出し『配送先の新規登録・変更』、名称／お名前（姓・名）／お名前（フリガナ）／電話番号3分割／国（Japan）／郵便番号2分割＋『郵便番号から自動入力』ボタン／住所（都道府県プルダウン＋入力欄2行＋注記『町名・番地の入力漏れにご注意ください。』＋もう1行）／会社名、赤い『登録する』ボタンと白い『戻る』ボタンが描かれている。sheet-5_img2.png は現行の郵便番号欄で、『？郵便番号検索』リンクと『郵便番号から自動入力』ボタンが写っている。	high	
sheet-5-R036	UNVERIFIABLE								『国が「Japan」の場合は、「日本国外」で非表示にする』は主語が定まらず（国と都道府県のどちらの選択を指すのか、何を非表示にするのかが読み取れない）、期待する画面の状態を確定できないため静的な突合ができない。実装は国が日本かどうかだけで郵便番号欄の表示を切り替えている（src/Eccube/Resource/template/default/Shopping/shipping_edit.twig:174-218）。	sheet-5_img1.png（レイアウト図）を確認。見出し『配送先の新規登録・変更』、名称／お名前（姓・名）／お名前（フリガナ）／電話番号3分割／国（Japan）／郵便番号2分割＋『郵便番号から自動入力』ボタン／住所（都道府県プルダウン＋入力欄2行＋注記『町名・番地の入力漏れにご注意ください。』＋もう1行）／会社名、赤い『登録する』ボタンと白い『戻る』ボタンが描かれている。sheet-5_img2.png は現行の郵便番号欄で、『？郵便番号検索』リンクと『郵便番号から自動入力』ボタンが写っている。	low	
sheet-5-R037	MATCHED								郵便番号2は数値のみで、未入力のまま送ると項目直下に必須エラーが出る（src/Eccube/Form/Type/Front/CustomerAddressType.php:167-179）。	sheet-5_img1.png（レイアウト図）を確認。見出し『配送先の新規登録・変更』、名称／お名前（姓・名）／お名前（フリガナ）／電話番号3分割／国（Japan）／郵便番号2分割＋『郵便番号から自動入力』ボタン／住所（都道府県プルダウン＋入力欄2行＋注記『町名・番地の入力漏れにご注意ください。』＋もう1行）／会社名、赤い『登録する』ボタンと白い『戻る』ボタンが描かれている。sheet-5_img2.png は現行の郵便番号欄で、『？郵便番号検索』リンクと『郵便番号から自動入力』ボタンが写っている。	high	
sheet-5-R038	MATCHED								郵便番号欄は国が日本のときだけ表示する（src/Eccube/Resource/template/default/Shopping/shipping_edit.twig:174-201）。	sheet-5_img1.png（レイアウト図）を確認。見出し『配送先の新規登録・変更』、名称／お名前（姓・名）／お名前（フリガナ）／電話番号3分割／国（Japan）／郵便番号2分割＋『郵便番号から自動入力』ボタン／住所（都道府県プルダウン＋入力欄2行＋注記『町名・番地の入力漏れにご注意ください。』＋もう1行）／会社名、赤い『登録する』ボタンと白い『戻る』ボタンが描かれている。sheet-5_img2.png は現行の郵便番号欄で、『？郵便番号検索』リンクと『郵便番号から自動入力』ボタンが写っている。	high	
sheet-5-R039	UNVERIFIABLE								sheet-5-R036 と同じ記述で、主語が定まらず期待する画面の状態を確定できない。実装は src/Eccube/Resource/template/default/Shopping/shipping_edit.twig:174-218。	sheet-5_img1.png（レイアウト図）を確認。見出し『配送先の新規登録・変更』、名称／お名前（姓・名）／お名前（フリガナ）／電話番号3分割／国（Japan）／郵便番号2分割＋『郵便番号から自動入力』ボタン／住所（都道府県プルダウン＋入力欄2行＋注記『町名・番地の入力漏れにご注意ください。』＋もう1行）／会社名、赤い『登録する』ボタンと白い『戻る』ボタンが描かれている。sheet-5_img2.png は現行の郵便番号欄で、『？郵便番号検索』リンクと『郵便番号から自動入力』ボタンが写っている。	low	
sheet-5-R040	DESIGN_ISSUE				12 郵便番号から自動入力ボタン ボタン - - -				同じシートの機械仕様が『・現行に表示していた「郵便番号から自動入力」のボタンを除去する』と定める一方、項目表は識別ID12として同ボタンを画面部品に挙げており、正本内部で食い違う。レイアウト図（sheet-5_img1.png）にもボタンが描かれている。実装は除去側に従っており（src/Eccube/Resource/template/default/Shopping/shipping_edit.twig:174-201 にボタン無し）、どちらが正かの設計裁定が要る。	sheet-5_img1.png（レイアウト図）を確認。見出し『配送先の新規登録・変更』、名称／お名前（姓・名）／お名前（フリガナ）／電話番号3分割／国（Japan）／郵便番号2分割＋『郵便番号から自動入力』ボタン／住所（都道府県プルダウン＋入力欄2行＋注記『町名・番地の入力漏れにご注意ください。』＋もう1行）／会社名、赤い『登録する』ボタンと白い『戻る』ボタンが描かれている。sheet-5_img2.png は現行の郵便番号欄で、『？郵便番号検索』リンクと『郵便番号から自動入力』ボタンが写っている。	med	
sheet-5-R041	DRIFT	P2	実装違い	ふるまい	13 都道府県 プルダウン ◯ - - ・国で「Japan」以外選択された場合非表示とする	都道府県は必須項目であり、未選択のまま登録しようとすると項目直下にエラーが出て登録できない。	src/Eccube/Form/Type/AddressType.php:51-65;src/Eccube/Resource/template/default/Shopping/shipping_edit.twig:220-234	住所1・住所2には未入力を弾く検証が足されるが、都道府県には検証が何も足されない（AddressType.php:51-53 は空配列を結合するだけ）。画面側もブラウザ検証を無効にして送信するため、都道府県を未選択のまま送っても登録が成立する。	項目表は都道府県を必須（◯）と定める。実装は必須の検証を持たず、未選択でも登録できる。	sheet-5_img1.png（レイアウト図）を確認。見出し『配送先の新規登録・変更』、名称／お名前（姓・名）／お名前（フリガナ）／電話番号3分割／国（Japan）／郵便番号2分割＋『郵便番号から自動入力』ボタン／住所（都道府県プルダウン＋入力欄2行＋注記『町名・番地の入力漏れにご注意ください。』＋もう1行）／会社名、赤い『登録する』ボタンと白い『戻る』ボタンが描かれている。sheet-5_img2.png は現行の郵便番号欄で、『？郵便番号検索』リンクと『郵便番号から自動入力』ボタンが写っている。	med	AddressType-pref-notblank-missing
sheet-5-R042	MATCHED								住所1は必須。src/Eccube/Form/Type/AddressType.php:55-57 で未入力を許さない。	sheet-5_img1.png（レイアウト図）を確認。見出し『配送先の新規登録・変更』、名称／お名前（姓・名）／お名前（フリガナ）／電話番号3分割／国（Japan）／郵便番号2分割＋『郵便番号から自動入力』ボタン／住所（都道府県プルダウン＋入力欄2行＋注記『町名・番地の入力漏れにご注意ください。』＋もう1行）／会社名、赤い『登録する』ボタンと白い『戻る』ボタンが描かれている。sheet-5_img2.png は現行の郵便番号欄で、『？郵便番号検索』リンクと『郵便番号から自動入力』ボタンが写っている。	high	
sheet-5-R043	MATCHED								住所2は必須。src/Eccube/Form/Type/AddressType.php:59-61 で未入力を許さない。	sheet-5_img1.png（レイアウト図）を確認。見出し『配送先の新規登録・変更』、名称／お名前（姓・名）／お名前（フリガナ）／電話番号3分割／国（Japan）／郵便番号2分割＋『郵便番号から自動入力』ボタン／住所（都道府県プルダウン＋入力欄2行＋注記『町名・番地の入力漏れにご注意ください。』＋もう1行）／会社名、赤い『登録する』ボタンと白い『戻る』ボタンが描かれている。sheet-5_img2.png は現行の郵便番号欄で、『？郵便番号検索』リンクと『郵便番号から自動入力』ボタンが写っている。	high	
sheet-5-R044	MATCHED								住所3は任意で、国が日本以外のときだけ表示する（src/Eccube/Resource/template/default/Shopping/shipping_edit.twig:249-277、src/Eccube/Form/Type/AddressType.php:63-64,126-134）。	sheet-5_img1.png（レイアウト図）を確認。見出し『配送先の新規登録・変更』、名称／お名前（姓・名）／お名前（フリガナ）／電話番号3分割／国（Japan）／郵便番号2分割＋『郵便番号から自動入力』ボタン／住所（都道府県プルダウン＋入力欄2行＋注記『町名・番地の入力漏れにご注意ください。』＋もう1行）／会社名、赤い『登録する』ボタンと白い『戻る』ボタンが描かれている。sheet-5_img2.png は現行の郵便番号欄で、『？郵便番号検索』リンクと『郵便番号から自動入力』ボタンが写っている。	high	
sheet-5-R045	MATCHED								会社名は任意。src/Eccube/Form/Type/Front/CustomerAddressType.php:98-105 で必須にしていない。	sheet-5_img1.png（レイアウト図）を確認。見出し『配送先の新規登録・変更』、名称／お名前（姓・名）／お名前（フリガナ）／電話番号3分割／国（Japan）／郵便番号2分割＋『郵便番号から自動入力』ボタン／住所（都道府県プルダウン＋入力欄2行＋注記『町名・番地の入力漏れにご注意ください。』＋もう1行）／会社名、赤い『登録する』ボタンと白い『戻る』ボタンが描かれている。sheet-5_img2.png は現行の郵便番号欄で、『？郵便番号検索』リンクと『郵便番号から自動入力』ボタンが写っている。	high	
sheet-5-R046	DESIGN_ISSUE				18 登録する ボタン - - - ・ご注文方法指定画面へ戻る				項目表は識別ID18のボタンを『登録する』とし、押下でご注文方法指定画面へ戻ると書く。しかし同じ正本の sheet-6（配送先の新規登録_確認）は、この画面の次に確認画面を置き、確認画面の『登録する』で登録してご注文方法指定へ遷移すると定めており、両者が食い違う。実装は確認画面を挟む側に従い、ボタン名は『確認ページへ』である（src/Eccube/Resource/template/default/Shopping/shipping_edit.twig:351-354、src/Eccube/Controller/Front/ShoppingController.php:790-795）。ボタン名と遷移先の設計裁定が要る。	sheet-5_img1.png（レイアウト図）を確認。見出し『配送先の新規登録・変更』、名称／お名前（姓・名）／お名前（フリガナ）／電話番号3分割／国（Japan）／郵便番号2分割＋『郵便番号から自動入力』ボタン／住所（都道府県プルダウン＋入力欄2行＋注記『町名・番地の入力漏れにご注意ください。』＋もう1行）／会社名、赤い『登録する』ボタンと白い『戻る』ボタンが描かれている。sheet-5_img2.png は現行の郵便番号欄で、『？郵便番号検索』リンクと『郵便番号から自動入力』ボタンが写っている。	med	
sheet-5-R047	MATCHED								『戻る』ボタンがあり、ご注文方法指定画面へ戻る（src/Eccube/Resource/template/default/Shopping/shipping_edit.twig:355）。	sheet-5_img1.png（レイアウト図）を確認。見出し『配送先の新規登録・変更』、名称／お名前（姓・名）／お名前（フリガナ）／電話番号3分割／国（Japan）／郵便番号2分割＋『郵便番号から自動入力』ボタン／住所（都道府県プルダウン＋入力欄2行＋注記『町名・番地の入力漏れにご注意ください。』＋もう1行）／会社名、赤い『登録する』ボタンと白い『戻る』ボタンが描かれている。sheet-5_img2.png は現行の郵便番号欄で、『？郵便番号検索』リンクと『郵便番号から自動入力』ボタンが写っている。	high	
sheet-5-R048	OUT_OF_SCOPE								現行仕様の節見出し（機能ID・機能名の再掲）であり、要求ではない。	sheet-5_img1.png（レイアウト図）を確認。見出し『配送先の新規登録・変更』、名称／お名前（姓・名）／お名前（フリガナ）／電話番号3分割／国（Japan）／郵便番号2分割＋『郵便番号から自動入力』ボタン／住所（都道府県プルダウン＋入力欄2行＋注記『町名・番地の入力漏れにご注意ください。』＋もう1行）／会社名、赤い『登録する』ボタンと白い『戻る』ボタンが描かれている。sheet-5_img2.png は現行の郵便番号欄で、『？郵便番号検索』リンクと『郵便番号から自動入力』ボタンが写っている。	high	
sheet-5-R049	OUT_OF_SCOPE								現行仕様の小見出し『日本語以外のページでの入力欄』であり、それ自体は要求ではない。実体は sheet-5-R050 で判定した。	sheet-5_img1.png（レイアウト図）を確認。見出し『配送先の新規登録・変更』、名称／お名前（姓・名）／お名前（フリガナ）／電話番号3分割／国（Japan）／郵便番号2分割＋『郵便番号から自動入力』ボタン／住所（都道府県プルダウン＋入力欄2行＋注記『町名・番地の入力漏れにご注意ください。』＋もう1行）／会社名、赤い『登録する』ボタンと白い『戻る』ボタンが描かれている。sheet-5_img2.png は現行の郵便番号欄で、『？郵便番号検索』リンクと『郵便番号から自動入力』ボタンが写っている。	high	
sheet-5-R050	MATCHED								英語ページの配送先入力にはフリガナの欄が無い（src/Eccube/Resource/template/default/Shopping/shipping_edit.en.twig:88-130 に姓名の欄だけがあり、フリガナの入力欄は同ファイルに一つも無い）。	sheet-5_img1.png（レイアウト図）を確認。見出し『配送先の新規登録・変更』、名称／お名前（姓・名）／お名前（フリガナ）／電話番号3分割／国（Japan）／郵便番号2分割＋『郵便番号から自動入力』ボタン／住所（都道府県プルダウン＋入力欄2行＋注記『町名・番地の入力漏れにご注意ください。』＋もう1行）／会社名、赤い『登録する』ボタンと白い『戻る』ボタンが描かれている。sheet-5_img2.png は現行の郵便番号欄で、『？郵便番号検索』リンクと『郵便番号から自動入力』ボタンが写っている。	high	
sheet-5-R051	OUT_OF_SCOPE								現行仕様の小見出し『国が日本以外のときの住所入力』であり、それ自体は要求ではない。実体は sheet-5-R052 で判定した。	sheet-5_img1.png（レイアウト図）を確認。見出し『配送先の新規登録・変更』、名称／お名前（姓・名）／お名前（フリガナ）／電話番号3分割／国（Japan）／郵便番号2分割＋『郵便番号から自動入力』ボタン／住所（都道府県プルダウン＋入力欄2行＋注記『町名・番地の入力漏れにご注意ください。』＋もう1行）／会社名、赤い『登録する』ボタンと白い『戻る』ボタンが描かれている。sheet-5_img2.png は現行の郵便番号欄で、『？郵便番号検索』リンクと『郵便番号から自動入力』ボタンが写っている。	high	
sheet-5-R052	MATCHED								国が日本以外のときは海外用の郵便番号を必須として扱い、都道府県には日本国外を設定する（src/Eccube/Form/Type/Front/CustomerAddressType.php:180-187）。	sheet-5_img1.png（レイアウト図）を確認。見出し『配送先の新規登録・変更』、名称／お名前（姓・名）／お名前（フリガナ）／電話番号3分割／国（Japan）／郵便番号2分割＋『郵便番号から自動入力』ボタン／住所（都道府県プルダウン＋入力欄2行＋注記『町名・番地の入力漏れにご注意ください。』＋もう1行）／会社名、赤い『登録する』ボタンと白い『戻る』ボタンが描かれている。sheet-5_img2.png は現行の郵便番号欄で、『？郵便番号検索』リンクと『郵便番号から自動入力』ボタンが写っている。	high	
sheet-5-R053	OUT_OF_SCOPE								現行仕様の小見出し『国と都道府県の整合』であり、それ自体は要求ではない。実体は sheet-5-R054 で判定した。	sheet-5_img1.png（レイアウト図）を確認。見出し『配送先の新規登録・変更』、名称／お名前（姓・名）／お名前（フリガナ）／電話番号3分割／国（Japan）／郵便番号2分割＋『郵便番号から自動入力』ボタン／住所（都道府県プルダウン＋入力欄2行＋注記『町名・番地の入力漏れにご注意ください。』＋もう1行）／会社名、赤い『登録する』ボタンと白い『戻る』ボタンが描かれている。sheet-5_img2.png は現行の郵便番号欄で、『？郵便番号検索』リンクと『郵便番号から自動入力』ボタンが写っている。	high	
sheet-5-R054	NOT_IMPLEMENTED	P2	未実装	ふるまい	国が日本で都道府県が国外、または国が日本以外で都道府県が国外でないときは不整合とし、国の項目にエラーを付けて編集画面を再表示する。	国が日本なのに都道府県が日本国外、または国が日本以外なのに都道府県が日本国外でないときは登録を受け付けず、国の項目にエラーを付けて編集画面を出し直す。	src/Eccube/Form/Type/Front/CustomerAddressType.php:152-188;src/Eccube/Form/Type/AddressType.php:51-65	国が日本以外のときは都道府県を日本国外に上書きするだけで、国と都道府県の組合せを検証する処理が無い。都道府県の選択肢には日本国外（app/DoctrineMigrations/Version20251125164358.php:296-298 で登録）が含まれるため、国が日本のまま日本国外を選んでも登録が通る。	組合せの不整合を検出してエラーにする処理が実装のどこにも無い。	sheet-5_img1.png（レイアウト図）を確認。見出し『配送先の新規登録・変更』、名称／お名前（姓・名）／お名前（フリガナ）／電話番号3分割／国（Japan）／郵便番号2分割＋『郵便番号から自動入力』ボタン／住所（都道府県プルダウン＋入力欄2行＋注記『町名・番地の入力漏れにご注意ください。』＋もう1行）／会社名、赤い『登録する』ボタンと白い『戻る』ボタンが描かれている。sheet-5_img2.png は現行の郵便番号欄で、『？郵便番号検索』リンクと『郵便番号から自動入力』ボタンが写っている。	med	CustomerAddressType-no-country-pref-consistency-check
sheet-5-R055	OUT_OF_SCOPE								現行仕様の小見出し『郵便番号欄の外部リンク』であり、それ自体は要求ではない。実体は sheet-5-R056 で判定した。	sheet-5_img1.png（レイアウト図）を確認。見出し『配送先の新規登録・変更』、名称／お名前（姓・名）／お名前（フリガナ）／電話番号3分割／国（Japan）／郵便番号2分割＋『郵便番号から自動入力』ボタン／住所（都道府県プルダウン＋入力欄2行＋注記『町名・番地の入力漏れにご注意ください。』＋もう1行）／会社名、赤い『登録する』ボタンと白い『戻る』ボタンが描かれている。sheet-5_img2.png は現行の郵便番号欄で、『？郵便番号検索』リンクと『郵便番号から自動入力』ボタンが写っている。	high	
sheet-5-R056	OUT_OF_SCOPE								この行は現行仕様（業務ロジック）側の記述。リニューアル後のレイアウト図（sheet-5_img1.png）は郵便番号欄を現行（sheet-5_img2.png）と並べて描き直しており、現行にある「？郵便番号検索」リンクを外している。項目定義（識別ID1〜19）にも郵便番号検索リンクの項目は無い。現行仕様とリニューアル後の仕様が食い違う箇所は後者が優先のため、現行仕様側のこの記述は対象外とする。	sheet-5_img1.png（レイアウト図）を確認。見出し『配送先の新規登録・変更』、名称／お名前（姓・名）／お名前（フリガナ）／電話番号3分割／国（Japan）／郵便番号2分割＋『郵便番号から自動入力』ボタン／住所（都道府県プルダウン＋入力欄2行＋注記『町名・番地の入力漏れにご注意ください。』＋もう1行）／会社名、赤い『登録する』ボタンと白い『戻る』ボタンが描かれている。sheet-5_img2.png は現行の郵便番号欄で、『？郵便番号検索』リンクと『郵便番号から自動入力』ボタンが写っている。	med	
sheet-5-R057	OUT_OF_SCOPE								現行仕様の小見出し『配送先名称の文字数』であり、それ自体は要求ではない。実体は sheet-5-R058 で判定した。	sheet-5_img1.png（レイアウト図）を確認。見出し『配送先の新規登録・変更』、名称／お名前（姓・名）／お名前（フリガナ）／電話番号3分割／国（Japan）／郵便番号2分割＋『郵便番号から自動入力』ボタン／住所（都道府県プルダウン＋入力欄2行＋注記『町名・番地の入力漏れにご注意ください。』＋もう1行）／会社名、赤い『登録する』ボタンと白い『戻る』ボタンが描かれている。sheet-5_img2.png は現行の郵便番号欄で、『？郵便番号検索』リンクと『郵便番号から自動入力』ボタンが写っている。	high	
sheet-5-R058	MATCHED								配送先名称は128文字を超えると入力エラーになる（src/Eccube/Form/Type/Front/CustomerAddressType.php:63-65、上限値は app/config/eccube/packages/eccube.yaml:209 で128）。	sheet-5_img1.png（レイアウト図）を確認。見出し『配送先の新規登録・変更』、名称／お名前（姓・名）／お名前（フリガナ）／電話番号3分割／国（Japan）／郵便番号2分割＋『郵便番号から自動入力』ボタン／住所（都道府県プルダウン＋入力欄2行＋注記『町名・番地の入力漏れにご注意ください。』＋もう1行）／会社名、赤い『登録する』ボタンと白い『戻る』ボタンが描かれている。sheet-5_img2.png は現行の郵便番号欄で、『？郵便番号検索』リンクと『郵便番号から自動入力』ボタンが写っている。	high	
sheet-5-R059	OUT_OF_SCOPE								現行仕様の小見出し『住所の文字数』であり、それ自体は要求ではない。実体は sheet-5-R060 で判定した。	sheet-5_img1.png（レイアウト図）を確認。見出し『配送先の新規登録・変更』、名称／お名前（姓・名）／お名前（フリガナ）／電話番号3分割／国（Japan）／郵便番号2分割＋『郵便番号から自動入力』ボタン／住所（都道府県プルダウン＋入力欄2行＋注記『町名・番地の入力漏れにご注意ください。』＋もう1行）／会社名、赤い『登録する』ボタンと白い『戻る』ボタンが描かれている。sheet-5_img2.png は現行の郵便番号欄で、『？郵便番号検索』リンクと『郵便番号から自動入力』ボタンが写っている。	high	
sheet-5-R060	DRIFT	P3	実装違い	ふるまい	住所1・住所2は、それぞれ全角を2・半角を1として数えた長さが90を超えると入力エラーとする。	住所1・住所2は、全角を2・半角を1として数えた長さが90を超えると入力エラーになる。	src/Eccube/Form/Type/AddressType.php:108-125;app/config/eccube/packages/eccube.yaml:185-186	住所1・住所2の上限は全角半角を区別しない文字数90で判定する。全角60文字（設計の数え方では120）でもエラーにならず登録できる。	設計は全角2・半角1で数えた90を上限とするが、実装は文字数90を上限にしており、全角中心の住所で許容される長さが異なる。	sheet-5_img1.png（レイアウト図）を確認。見出し『配送先の新規登録・変更』、名称／お名前（姓・名）／お名前（フリガナ）／電話番号3分割／国（Japan）／郵便番号2分割＋『郵便番号から自動入力』ボタン／住所（都道府県プルダウン＋入力欄2行＋注記『町名・番地の入力漏れにご注意ください。』＋もう1行）／会社名、赤い『登録する』ボタンと白い『戻る』ボタンが描かれている。sheet-5_img2.png は現行の郵便番号欄で、『？郵便番号検索』リンクと『郵便番号から自動入力』ボタンが写っている。	med	AddressType-address-length-counts-chars
sheet-5-R061	OUT_OF_SCOPE								現行仕様の小見出し『登録上限の判定』であり、それ自体は要求ではない。実体は sheet-5-R062 で判定した。	sheet-5_img1.png（レイアウト図）を確認。見出し『配送先の新規登録・変更』、名称／お名前（姓・名）／お名前（フリガナ）／電話番号3分割／国（Japan）／郵便番号2分割＋『郵便番号から自動入力』ボタン／住所（都道府県プルダウン＋入力欄2行＋注記『町名・番地の入力漏れにご注意ください。』＋もう1行）／会社名、赤い『登録する』ボタンと白い『戻る』ボタンが描かれている。sheet-5_img2.png は現行の郵便番号欄で、『？郵便番号検索』リンクと『郵便番号から自動入力』ボタンが写っている。	high	
sheet-5-R062	DRIFT	P2	実装違い	ふるまい	新規登録では、編集画面を開くときと登録を確定するときの両方でアドレス帳の登録件数を判定する。上限に達しているときは編集画面を表示せず、上限超過のエラーを表示してご注文方法指定へ戻す。既存の配送先を変更するときは登録件数を判定しない。	新規登録でアドレス帳が上限に達しているときは、編集画面を出さずに上限超過のエラーを表示し、ご注文方法指定画面へ戻す。	src/Eccube/Controller/Front/ShoppingController.php:744-749;src/Eccube/Controller/Front/ShoppingController.php:886-894	編集画面を開くとき・登録を確定するときのどちらも、上限に達していると「ページが見つかりません」の扱いで処理を止める。上限超過のエラー表示もご注文方法指定画面への復帰も行わない。	件数を両方の契機で判定する点は設計どおりだが、上限に達したときの見せ方と行き先が設計と異なる。	sheet-5_img1.png（レイアウト図）を確認。見出し『配送先の新規登録・変更』、名称／お名前（姓・名）／お名前（フリガナ）／電話番号3分割／国（Japan）／郵便番号2分割＋『郵便番号から自動入力』ボタン／住所（都道府県プルダウン＋入力欄2行＋注記『町名・番地の入力漏れにご注意ください。』＋もう1行）／会社名、赤い『登録する』ボタンと白い『戻る』ボタンが描かれている。sheet-5_img2.png は現行の郵便番号欄で、『？郵便番号検索』リンクと『郵便番号から自動入力』ボタンが写っている。	high	ShoppingController-addr-limit-404-instead-of-error
sheet-5-R063	OUT_OF_SCOPE								現行仕様の小見出し『登録後の配送先への反映』であり、それ自体は要求ではない。実体は sheet-5-R064 で判定した。	sheet-5_img1.png（レイアウト図）を確認。見出し『配送先の新規登録・変更』、名称／お名前（姓・名）／お名前（フリガナ）／電話番号3分割／国（Japan）／郵便番号2分割＋『郵便番号から自動入力』ボタン／住所（都道府県プルダウン＋入力欄2行＋注記『町名・番地の入力漏れにご注意ください。』＋もう1行）／会社名、赤い『登録する』ボタンと白い『戻る』ボタンが描かれている。sheet-5_img2.png は現行の郵便番号欄で、『？郵便番号検索』リンクと『郵便番号から自動入力』ボタンが写っている。	high	
sheet-5-R064	MATCHED								登録が成立すると、登録した内容がその注文の配送先へ反映される（src/Eccube/Controller/Front/ShoppingController.php:882、src/Eccube/Entity/Shipping.php:190-212）。『設定されるのは1件目だけ』という但し書きは現行ソースの制約を述べたもので、実装は編集対象の配送先へ反映しており不足はない。	sheet-5_img1.png（レイアウト図）を確認。見出し『配送先の新規登録・変更』、名称／お名前（姓・名）／お名前（フリガナ）／電話番号3分割／国（Japan）／郵便番号2分割＋『郵便番号から自動入力』ボタン／住所（都道府県プルダウン＋入力欄2行＋注記『町名・番地の入力漏れにご注意ください。』＋もう1行）／会社名、赤い『登録する』ボタンと白い『戻る』ボタンが描かれている。sheet-5_img2.png は現行の郵便番号欄で、『？郵便番号検索』リンクと『郵便番号から自動入力』ボタンが写っている。	med	
sheet-5-R065	OUT_OF_SCOPE								現行仕様の小見出し『エラー時の扱い』であり、それ自体は要求ではない。	sheet-5_img1.png（レイアウト図）を確認。見出し『配送先の新規登録・変更』、名称／お名前（姓・名）／お名前（フリガナ）／電話番号3分割／国（Japan）／郵便番号2分割＋『郵便番号から自動入力』ボタン／住所（都道府県プルダウン＋入力欄2行＋注記『町名・番地の入力漏れにご注意ください。』＋もう1行）／会社名、赤い『登録する』ボタンと白い『戻る』ボタンが描かれている。sheet-5_img2.png は現行の郵便番号欄で、『？郵便番号検索』リンクと『郵便番号から自動入力』ボタンが写っている。	high	
sheet-5-R066	DRIFT	P2	実装違い	ふるまい	上限超過のエラーを表示してご注文方法指定へ戻す	新規登録で上限を超えたときは、上限超過のエラーを表示してご注文方法指定画面へ戻す。	src/Eccube/Controller/Front/ShoppingController.php:744-749;src/Eccube/Controller/Front/ShoppingController.php:886-894	上限に達していると「ページが見つかりません」の扱いで処理を止め、エラー表示もご注文方法指定画面への復帰も行わない。	sheet-5-R062 と同じ実装欠陥。エラー表の行としても設計どおりでない。	sheet-5_img1.png（レイアウト図）を確認。見出し『配送先の新規登録・変更』、名称／お名前（姓・名）／お名前（フリガナ）／電話番号3分割／国（Japan）／郵便番号2分割＋『郵便番号から自動入力』ボタン／住所（都道府県プルダウン＋入力欄2行＋注記『町名・番地の入力漏れにご注意ください。』＋もう1行）／会社名、赤い『登録する』ボタンと白い『戻る』ボタンが描かれている。sheet-5_img2.png は現行の郵便番号欄で、『？郵便番号検索』リンクと『郵便番号から自動入力』ボタンが写っている。	high	ShoppingController-addr-limit-404-instead-of-error
sheet-5-R067	NOT_IMPLEMENTED	P2	未実装	ふるまい	国にエラーを付けて編集画面を再表示する	国と都道府県の組合せが不整合のときは、国の項目にエラーを付けて編集画面を出し直す。	src/Eccube/Form/Type/Front/CustomerAddressType.php:152-188	組合せを検証する処理が無いため、不整合でもエラーにならず登録が進む。	sheet-5-R054 と同じ実装欠陥。	sheet-5_img1.png（レイアウト図）を確認。見出し『配送先の新規登録・変更』、名称／お名前（姓・名）／お名前（フリガナ）／電話番号3分割／国（Japan）／郵便番号2分割＋『郵便番号から自動入力』ボタン／住所（都道府県プルダウン＋入力欄2行＋注記『町名・番地の入力漏れにご注意ください。』＋もう1行）／会社名、赤い『登録する』ボタンと白い『戻る』ボタンが描かれている。sheet-5_img2.png は現行の郵便番号欄で、『？郵便番号検索』リンクと『郵便番号から自動入力』ボタンが写っている。	med	CustomerAddressType-no-country-pref-consistency-check
sheet-5-R068	MATCHED								入力の検証に通らないときは編集画面へ戻す（src/Eccube/Controller/Front/ShoppingController.php:877-880）。	sheet-5_img1.png（レイアウト図）を確認。見出し『配送先の新規登録・変更』、名称／お名前（姓・名）／お名前（フリガナ）／電話番号3分割／国（Japan）／郵便番号2分割＋『郵便番号から自動入力』ボタン／住所（都道府県プルダウン＋入力欄2行＋注記『町名・番地の入力漏れにご注意ください。』＋もう1行）／会社名、赤い『登録する』ボタンと白い『戻る』ボタンが描かれている。sheet-5_img2.png は現行の郵便番号欄で、『？郵便番号検索』リンクと『郵便番号から自動入力』ボタンが写っている。	high	
sheet-5-R069	MATCHED								指定された配送先がその会員のアドレス帳に無いときは「見つからない」扱いにする（src/Eccube/Controller/Front/ShoppingController.php:940-956）。	sheet-5_img1.png（レイアウト図）を確認。見出し『配送先の新規登録・変更』、名称／お名前（姓・名）／お名前（フリガナ）／電話番号3分割／国（Japan）／郵便番号2分割＋『郵便番号から自動入力』ボタン／住所（都道府県プルダウン＋入力欄2行＋注記『町名・番地の入力漏れにご注意ください。』＋もう1行）／会社名、赤い『登録する』ボタンと白い『戻る』ボタンが描かれている。sheet-5_img2.png は現行の郵便番号欄で、『？郵便番号検索』リンクと『郵便番号から自動入力』ボタンが写っている。	high	
sheet-5-R070	DRIFT	P2	実装違い	ふるまい	失敗時出力 上限超過のときは編集画面を表示せずご注文方法指定へ戻る。検証に通らないときは編集画面を再表示する	上限超過のときは編集画面を出さずご注文方法指定画面へ戻り、検証に通らないときは編集画面を出し直す。	src/Eccube/Controller/Front/ShoppingController.php:744-749;src/Eccube/Controller/Front/ShoppingController.php:877-894	検証に通らないときは編集画面へ戻すが、上限超過のときはご注文方法指定画面へ戻らず「ページが見つかりません」の扱いで止まる。	失敗時出力のうち上限超過の行き先が設計と異なる。sheet-5-R062 と同じ実装欠陥。	sheet-5_img1.png（レイアウト図）を確認。見出し『配送先の新規登録・変更』、名称／お名前（姓・名）／お名前（フリガナ）／電話番号3分割／国（Japan）／郵便番号2分割＋『郵便番号から自動入力』ボタン／住所（都道府県プルダウン＋入力欄2行＋注記『町名・番地の入力漏れにご注意ください。』＋もう1行）／会社名、赤い『登録する』ボタンと白い『戻る』ボタンが描かれている。sheet-5_img2.png は現行の郵便番号欄で、『？郵便番号検索』リンクと『郵便番号から自動入力』ボタンが写っている。	high	ShoppingController-addr-limit-404-instead-of-error
sheet-5-R071	OUT_OF_SCOPE								『入出力: 永続化』は節見出しであり、それ自体は要求ではない。実体は sheet-5-R072 で判定した。	sheet-5_img1.png（レイアウト図）を確認。見出し『配送先の新規登録・変更』、名称／お名前（姓・名）／お名前（フリガナ）／電話番号3分割／国（Japan）／郵便番号2分割＋『郵便番号から自動入力』ボタン／住所（都道府県プルダウン＋入力欄2行＋注記『町名・番地の入力漏れにご注意ください。』＋もう1行）／会社名、赤い『登録する』ボタンと白い『戻る』ボタンが描かれている。sheet-5_img2.png は現行の郵便番号欄で、『？郵便番号検索』リンクと『郵便番号から自動入力』ボタンが写っている。	high	
sheet-5-R072	MATCHED								登録の確定時に住所と配送先名称が保存される（src/Eccube/Controller/Front/ShoppingController.php:895-905）。	sheet-5_img1.png（レイアウト図）を確認。見出し『配送先の新規登録・変更』、名称／お名前（姓・名）／お名前（フリガナ）／電話番号3分割／国（Japan）／郵便番号2分割＋『郵便番号から自動入力』ボタン／住所（都道府県プルダウン＋入力欄2行＋注記『町名・番地の入力漏れにご注意ください。』＋もう1行）／会社名、赤い『登録する』ボタンと白い『戻る』ボタンが描かれている。sheet-5_img2.png は現行の郵便番号欄で、『？郵便番号検索』リンクと『郵便番号から自動入力』ボタンが写っている。	high	
sheet-5-R073	MATCHED								編集画面の見出しに『配送先の新規登録・変更』を出す（src/Eccube/Resource/template/default/Shopping/shipping_edit.twig:66、文言は src/Eccube/Resource/locale/messages.ja.yaml:1557）。	sheet-5_img1.png（レイアウト図）を確認。見出し『配送先の新規登録・変更』、名称／お名前（姓・名）／お名前（フリガナ）／電話番号3分割／国（Japan）／郵便番号2分割＋『郵便番号から自動入力』ボタン／住所（都道府県プルダウン＋入力欄2行＋注記『町名・番地の入力漏れにご注意ください。』＋もう1行）／会社名、赤い『登録する』ボタンと白い『戻る』ボタンが描かれている。sheet-5_img2.png は現行の郵便番号欄で、『？郵便番号検索』リンクと『郵便番号から自動入力』ボタンが写っている。	high	
sheet-5-R074	DRIFT	P3	実装違い	IO	編集画面の見出し（英語ページ） Register New/Change Address 編集画面の表示時	英語ページの編集画面の見出しに Register New/Change Address と出す。	src/Eccube/Resource/template/default/Shopping/shipping_edit.en.twig:66;src/Eccube/Resource/locale/messages.en.yaml:1406	英語ページの見出しは Register / Change Delivery Address と出る。設計どおりの文言 Register New/Change Address も別の文言として用意されているが（messages.en.yaml:1332）、画面では使われていない。	見出しに出る文言が設計と異なる。	sheet-5_img1.png（レイアウト図）を確認。見出し『配送先の新規登録・変更』、名称／お名前（姓・名）／お名前（フリガナ）／電話番号3分割／国（Japan）／郵便番号2分割＋『郵便番号から自動入力』ボタン／住所（都道府県プルダウン＋入力欄2行＋注記『町名・番地の入力漏れにご注意ください。』＋もう1行）／会社名、赤い『登録する』ボタンと白い『戻る』ボタンが描かれている。sheet-5_img2.png は現行の郵便番号欄で、『？郵便番号検索』リンクと『郵便番号から自動入力』ボタンが写っている。	high	shipping_edit.en.twig-title-key-mismatch
sheet-5-R075	NOT_IMPLEMENTED	P3	未実装	IO	— 編集画面の注意文 既にいただいています（準備中も含む）ご注文の注文者ならびに配送先の情報は変更されませんので、変更が必要な場合は弊社へご連絡をお願い致します。 編集画面の表示時 —	編集画面の表示時に『既にいただいています（準備中も含む）ご注文の注文者ならびに配送先の情報は変更されませんので、変更が必要な場合は弊社へご連絡をお願い致します。』の注意文を出す。	src/Eccube/Resource/template/default/Shopping/shipping_edit.twig:64-68	見出しだけが並び、注意文が出ない。同じ文言はマイページのお届け先編集画面（Mypage/delivery_edit.twig:67）にはあるが、注文中の配送先登録・変更画面には無い。	編集画面に注意文を表示する記述が実装に無い。	sheet-5_img1.png（レイアウト図）を確認。見出し『配送先の新規登録・変更』、名称／お名前（姓・名）／お名前（フリガナ）／電話番号3分割／国（Japan）／郵便番号2分割＋『郵便番号から自動入力』ボタン／住所（都道府県プルダウン＋入力欄2行＋注記『町名・番地の入力漏れにご注意ください。』＋もう1行）／会社名、赤い『登録する』ボタンと白い『戻る』ボタンが描かれている。sheet-5_img2.png は現行の郵便番号欄で、『？郵便番号検索』リンクと『郵便番号から自動入力』ボタンが写っている。	high	shipping_edit.twig-edit-notice-missing
sheet-5-R076	NOT_IMPLEMENTED	P3	未実装	IO	— 編集画面の注意文（英語ページ） After the order (including preparation) is received, destination information as well as purchase information cannot be updated, so if further changes are necessary, please contact us. 編集画面の表示時 —	英語ページの編集画面の表示時に After the order (including preparation) is received, ... の注意文を出す。	src/Eccube/Resource/template/default/Shopping/shipping_edit.en.twig:64-68	英語ページにも注意文が出ない。対応する英文の文言自体が用意されていない。	sheet-5-R075 と同じ実装欠陥（編集画面の注意文が無い）。	sheet-5_img1.png（レイアウト図）を確認。見出し『配送先の新規登録・変更』、名称／お名前（姓・名）／お名前（フリガナ）／電話番号3分割／国（Japan）／郵便番号2分割＋『郵便番号から自動入力』ボタン／住所（都道府県プルダウン＋入力欄2行＋注記『町名・番地の入力漏れにご注意ください。』＋もう1行）／会社名、赤い『登録する』ボタンと白い『戻る』ボタンが描かれている。sheet-5_img2.png は現行の郵便番号欄で、『？郵便番号検索』リンクと『郵便番号から自動入力』ボタンが写っている。	high	shipping_edit.twig-edit-notice-missing
sheet-5-R077	NOT_IMPLEMENTED	P3	未実装	IO	— 住所欄の下 ※町名・番地の入力漏れにご注意ください。 編集画面の表示時。英語ページに対応する文言は無い —	編集画面の住所欄の下に『※町名・番地の入力漏れにご注意ください。』の注意書きを出す（英語ページには対応する文言を出さない）。	src/Eccube/Resource/template/default/Shopping/shipping_edit.twig:220-277	住所欄の下に注意書きが無い。同じ文言は会員登録画面（Entry/index.twig:468）やマイページのお届け先編集（Mypage/delivery_edit.twig:340）にはある。	レイアウト図でも住所入力欄の下に同じ注意書きが描かれているが、当画面の実装には無い。	sheet-5_img1.png（レイアウト図）を確認。見出し『配送先の新規登録・変更』、名称／お名前（姓・名）／お名前（フリガナ）／電話番号3分割／国（Japan）／郵便番号2分割＋『郵便番号から自動入力』ボタン／住所（都道府県プルダウン＋入力欄2行＋注記『町名・番地の入力漏れにご注意ください。』＋もう1行）／会社名、赤い『登録する』ボタンと白い『戻る』ボタンが描かれている。sheet-5_img2.png は現行の郵便番号欄で、『？郵便番号検索』リンクと『郵便番号から自動入力』ボタンが写っている。	high	shipping_edit.twig-address-note-missing
sheet-5-R078	NOT_IMPLEMENTED	P2	未実装	IO	— ご注文方法指定画面のエラー領域 お届け先登録数の上限を超えています。 新規登録でアドレス帳が上限に達しているとき ご注文方法指定へ戻す	新規登録でアドレス帳が上限に達しているとき、ご注文方法指定画面のエラー領域に『お届け先登録数の上限を超えています。』を出す。	src/Eccube/Controller/Front/ShoppingController.php:744-749;src/Eccube/Resource/locale/messages.ja.yaml:2775	この文言は実装のどこにも用意されていない（管理画面向けの別文言のみ）。上限に達すると「ページが見つかりません」の扱いで止まり、メッセージが出ない。	sheet-5-R062 と同じ実装欠陥。表示メッセージとしても存在しない。	sheet-5_img1.png（レイアウト図）を確認。見出し『配送先の新規登録・変更』、名称／お名前（姓・名）／お名前（フリガナ）／電話番号3分割／国（Japan）／郵便番号2分割＋『郵便番号から自動入力』ボタン／住所（都道府県プルダウン＋入力欄2行＋注記『町名・番地の入力漏れにご注意ください。』＋もう1行）／会社名、赤い『登録する』ボタンと白い『戻る』ボタンが描かれている。sheet-5_img2.png は現行の郵便番号欄で、『？郵便番号検索』リンクと『郵便番号から自動入力』ボタンが写っている。	high	ShoppingController-addr-limit-404-instead-of-error
sheet-5-R079	NOT_IMPLEMENTED	P3	未実装	IO	— ご注文方法指定画面のエラー領域（英語ページ） The maximum number of addresses registration is exceeded. 新規登録でアドレス帳が上限に達しているとき ご注文方法指定へ戻す	英語ページでも上限に達しているとき The maximum number of addresses registration is exceeded. をご注文方法指定画面のエラー領域に出す。	src/Eccube/Controller/Front/ShoppingController.php:744-749;src/Eccube/Resource/locale/messages.en.yaml:2590	この英文は実装に用意されていない（管理画面向けの別文言のみ）。上限に達すると「ページが見つかりません」の扱いで止まる。	sheet-5-R062 と同じ実装欠陥。	sheet-5_img1.png（レイアウト図）を確認。見出し『配送先の新規登録・変更』、名称／お名前（姓・名）／お名前（フリガナ）／電話番号3分割／国（Japan）／郵便番号2分割＋『郵便番号から自動入力』ボタン／住所（都道府県プルダウン＋入力欄2行＋注記『町名・番地の入力漏れにご注意ください。』＋もう1行）／会社名、赤い『登録する』ボタンと白い『戻る』ボタンが描かれている。sheet-5_img2.png は現行の郵便番号欄で、『？郵便番号検索』リンクと『郵便番号から自動入力』ボタンが写っている。	high	ShoppingController-addr-limit-404-instead-of-error
sheet-5-R080	NOT_IMPLEMENTED	P2	未実装	IO	— 国の項目直下 国と都道府県の組み合わせが正しくありません。 国と都道府県の組合せが不整合のとき 編集画面を再表示する	国と都道府県の組合せが不整合のとき、国の項目の直下に『国と都道府県の組み合わせが正しくありません。』を出して編集画面を出し直す。	src/Eccube/Form/Type/Front/CustomerAddressType.php:152-188;src/Eccube/Resource/locale/messages.ja.yaml:1557	組合せの検証が無く、この文言も実装のどこにも用意されていない。	sheet-5-R054 と同じ実装欠陥。	sheet-5_img1.png（レイアウト図）を確認。見出し『配送先の新規登録・変更』、名称／お名前（姓・名）／お名前（フリガナ）／電話番号3分割／国（Japan）／郵便番号2分割＋『郵便番号から自動入力』ボタン／住所（都道府県プルダウン＋入力欄2行＋注記『町名・番地の入力漏れにご注意ください。』＋もう1行）／会社名、赤い『登録する』ボタンと白い『戻る』ボタンが描かれている。sheet-5_img2.png は現行の郵便番号欄で、『？郵便番号検索』リンクと『郵便番号から自動入力』ボタンが写っている。	med	CustomerAddressType-no-country-pref-consistency-check
sheet-5-R081	NOT_IMPLEMENTED	P3	未実装	IO	— 国の項目直下（英語ページ） The combination of country and region is incorrect. 国と都道府県の組合せが不整合のとき 編集画面を再表示する	英語ページでも不整合のとき The combination of country and region is incorrect. を国の項目の直下に出す。	src/Eccube/Form/Type/Front/CustomerAddressType.php:152-188;src/Eccube/Resource/locale/messages.en.yaml:1406	組合せの検証が無く、この英文も実装に用意されていない。	sheet-5-R054 と同じ実装欠陥。	sheet-5_img1.png（レイアウト図）を確認。見出し『配送先の新規登録・変更』、名称／お名前（姓・名）／お名前（フリガナ）／電話番号3分割／国（Japan）／郵便番号2分割＋『郵便番号から自動入力』ボタン／住所（都道府県プルダウン＋入力欄2行＋注記『町名・番地の入力漏れにご注意ください。』＋もう1行）／会社名、赤い『登録する』ボタンと白い『戻る』ボタンが描かれている。sheet-5_img2.png は現行の郵便番号欄で、『？郵便番号検索』リンクと『郵便番号から自動入力』ボタンが写っている。	med	CustomerAddressType-no-country-pref-consistency-check
sheet-5-R082	MATCHED								各入力欄のエラーはその項目の直下に出る（src/Eccube/Resource/template/default/Shopping/shipping_edit.twig:15-23 のエラー表示、同:83、同:194-197、同:302-306）。	sheet-5_img1.png（レイアウト図）を確認。見出し『配送先の新規登録・変更』、名称／お名前（姓・名）／お名前（フリガナ）／電話番号3分割／国（Japan）／郵便番号2分割＋『郵便番号から自動入力』ボタン／住所（都道府県プルダウン＋入力欄2行＋注記『町名・番地の入力漏れにご注意ください。』＋もう1行）／会社名、赤い『登録する』ボタンと白い『戻る』ボタンが描かれている。sheet-5_img2.png は現行の郵便番号欄で、『？郵便番号検索』リンクと『郵便番号から自動入力』ボタンが写っている。	high	
sheet-6-R001	OUT_OF_SCOPE								カスタマイズ説明の前置き（『現行機能をベースに下記カスタマイズを行う』）で、具体的な挙動を述べていない。実体はsheet-6-R003/R004で判定した。	sheet-6_img1.png を確認。見出し『配送先の新規登録・変更確認』、リード『下記の内容で送信してもよろしいでしょうか？よろしければ「登録する」へお進みください。』、名称／お名前／お名前（フリガナ）／電話番号／国／郵便番号／住所（3行表示）／会社名の確認表示と、赤い『登録する』・白い『戻る』ボタンが描かれている。	high	
sheet-6-R002	OUT_OF_SCOPE								カスタマイズ要件の小見出し『海外住所対応について』であり、それ自体は要求ではない。	sheet-6_img1.png を確認。見出し『配送先の新規登録・変更確認』、リード『下記の内容で送信してもよろしいでしょうか？よろしければ「登録する」へお進みください。』、名称／お名前／お名前（フリガナ）／電話番号／国／郵便番号／住所（3行表示）／会社名の確認表示と、赤い『登録する』・白い『戻る』ボタンが描かれている。	high	
sheet-6-R003	MATCHED						src/Eccube/Resource/template/default/Shopping/delivery_confirm.twig:110;src/Eccube/Resource/template/default/Shopping/delivery_confirm.twig:112		海外住所（国＝日本以外）のとき確認画面の住所欄は addr01/addr02 に加え addr03 を追加行として表示する。src/Eccube/Resource/template/default/Shopping/delivery_confirm.twig:112 で abroad 分岐の住所が addr01・addr02・addr03 の3行で出力され、src/Eccube/Resource/template/default/Shopping/delivery_confirm.twig:100 で海外用郵便番号も表示される。3カラム目の表示は実装済み。	sheet-6_img1.png を確認。見出し『配送先の新規登録・変更確認』、リード『下記の内容で送信してもよろしいでしょうか？よろしければ「登録する」へお進みください。』、名称／お名前／お名前（フリガナ）／電話番号／国／郵便番号／住所（3行表示）／会社名の確認表示と、赤い『登録する』・白い『戻る』ボタンが描かれている。	high	
sheet-6-R004	MATCHED						src/Eccube/Entity/Shipping.php:205;src/Eccube/Service/OrderHelper.php:428;src/Eccube/Controller/Front/ShoppingController.php:882		配送先の3カラム目は src/Eccube/Entity/Shipping.php:205 の setAddr03 で配送先（Shipping）へ複写され、src/Eccube/Controller/Front/ShoppingController.php:882 の setFromCustomerAddress 呼び出しで注文の配送先に反映される。注文者情報側は src/Eccube/Service/OrderHelper.php:428 で会員の addr03 を受注へ複写している。	sheet-6_img1.png を確認。見出し『配送先の新規登録・変更確認』、リード『下記の内容で送信してもよろしいでしょうか？よろしければ「登録する」へお進みください。』、名称／お名前／お名前（フリガナ）／電話番号／国／郵便番号／住所（3行表示）／会社名の確認表示と、赤い『登録する』・白い『戻る』ボタンが描かれている。	high	
sheet-6-R005	OUT_OF_SCOPE								『カスタマイズ要件に記載の内容以外は現行踏襲とする。』は適用方針の宣言であり、個別の実装要求ではない。	sheet-6_img1.png を確認。見出し『配送先の新規登録・変更確認』、リード『下記の内容で送信してもよろしいでしょうか？よろしければ「登録する」へお進みください。』、名称／お名前／お名前（フリガナ）／電話番号／国／郵便番号／住所（3行表示）／会社名の確認表示と、赤い『登録する』・白い『戻る』ボタンが描かれている。	high	
sheet-6-R006	OUT_OF_SCOPE								機能仕様の小見出し『・表示について』であり、それ自体は要求ではない。実体はsheet-6-R007。	sheet-6_img1.png を確認。見出し『配送先の新規登録・変更確認』、リード『下記の内容で送信してもよろしいでしょうか？よろしければ「登録する」へお進みください。』、名称／お名前／お名前（フリガナ）／電話番号／国／郵便番号／住所（3行表示）／会社名の確認表示と、赤い『登録する』・白い『戻る』ボタンが描かれている。	high	
sheet-6-R007	MATCHED						src/Eccube/Resource/template/default/Shopping/delivery_confirm.twig:60;src/Eccube/Resource/template/default/Shopping/delivery_confirm.twig:129		確認画面は前画面（配送先の新規登録・変更）で入力された CustomerAddress の値をそのまま表示する。src/Eccube/Resource/template/default/Shopping/delivery_confirm.twig:60 の名称から src/Eccube/Resource/template/default/Shopping/delivery_confirm.twig:129 の会社名まで、入力項目が入力フォームではなくラベル表示で並ぶ。レイアウト図と項目・並びが一致。	sheet-6_img1.png を確認。見出し『配送先の新規登録・変更確認』、リード『下記の内容で送信してもよろしいでしょうか？よろしければ「登録する」へお進みください。』、名称／お名前／お名前（フリガナ）／電話番号／国／郵便番号／住所（3行表示）／会社名の確認表示と、赤い『登録する』・白い『戻る』ボタンが描かれている。	high	
sheet-6-R008	MATCHED						src/Eccube/Resource/template/default/Shopping/delivery_confirm.twig:110;src/Eccube/Resource/template/default/Shopping/delivery_confirm.twig:112		★カスタマイズ『海外住所用に3カラム目を追加する』は住所欄の addr03 表示として実装済み（src/Eccube/Resource/template/default/Shopping/delivery_confirm.twig:110 国内分岐／:112 海外分岐のいずれも addr03 が存在すれば改行して追加表示）。	sheet-6_img1.png を確認。見出し『配送先の新規登録・変更確認』、リード『下記の内容で送信してもよろしいでしょうか？よろしければ「登録する」へお進みください。』、名称／お名前／お名前（フリガナ）／電話番号／国／郵便番号／住所（3行表示）／会社名の確認表示と、赤い『登録する』・白い『戻る』ボタンが描かれている。	high	
sheet-6-R009	MATCHED						src/Eccube/Resource/template/default/Shopping/delivery_confirm.twig:134;src/Eccube/Controller/Front/ShoppingController.php:812		確認画面の『登録する』は src/Eccube/Resource/template/default/Shopping/delivery_confirm.twig:134 の submit ボタンで、src/Eccube/Controller/Front/ShoppingController.php:812 の shopping_shipping_edit_complete（POST）へ送信される。押下を受け付ける実装が存在する。	sheet-6_img1.png を確認。見出し『配送先の新規登録・変更確認』、リード『下記の内容で送信してもよろしいでしょうか？よろしければ「登録する」へお進みください。』、名称／お名前／お名前（フリガナ）／電話番号／国／郵便番号／住所（3行表示）／会社名の確認表示と、赤い『登録する』・白い『戻る』ボタンが描かれている。	high	
sheet-6-R010	MATCHED						src/Eccube/Controller/Front/ShoppingController.php:882;src/Eccube/Controller/Front/ShoppingController.php:896		登録処理は src/Eccube/Controller/Front/ShoppingController.php:882 で配送先へ値を反映し、新規時は src/Eccube/Controller/Front/ShoppingController.php:896 で会員の配送先として永続化、src/Eccube/Controller/Front/ShoppingController.php:905 で確定させる。配送先登録が行われる。	sheet-6_img1.png を確認。見出し『配送先の新規登録・変更確認』、リード『下記の内容で送信してもよろしいでしょうか？よろしければ「登録する」へお進みください。』、名称／お名前／お名前（フリガナ）／電話番号／国／郵便番号／住所（3行表示）／会社名の確認表示と、赤い『登録する』・白い『戻る』ボタンが描かれている。	high	
sheet-6-R011	MATCHED						src/Eccube/Controller/Front/ShoppingController.php:917		登録完了後は src/Eccube/Controller/Front/ShoppingController.php:917 で 'shopping'（ご注文方法指定＝注文手続き画面）へリダイレクトする。	sheet-6_img1.png を確認。見出し『配送先の新規登録・変更確認』、リード『下記の内容で送信してもよろしいでしょうか？よろしければ「登録する」へお進みください。』、名称／お名前／お名前（フリガナ）／電話番号／国／郵便番号／住所（3行表示）／会社名の確認表示と、赤い『登録する』・白い『戻る』ボタンが描かれている。	high	
sheet-6-R012	OUT_OF_SCOPE								項目定義表のヘッダ行の続き（『または最大値／初期値／画面部品の説明』）であり、要求ではない。	sheet-6_img1.png を確認。見出し『配送先の新規登録・変更確認』、リード『下記の内容で送信してもよろしいでしょうか？よろしければ「登録する」へお進みください。』、名称／お名前／お名前（フリガナ）／電話番号／国／郵便番号／住所（3行表示）／会社名の確認表示と、赤い『登録する』・白い『戻る』ボタンが描かれている。	high	
sheet-6-R013	MATCHED						src/Eccube/Resource/template/default/Shopping/delivery_confirm.twig:57;src/Eccube/Resource/template/default/Shopping/delivery_confirm.twig:60		識別ID『名称』はラベル表示として実装済み。src/Eccube/Resource/template/default/Shopping/delivery_confirm.twig:57 にラベル、src/Eccube/Resource/template/default/Shopping/delivery_confirm.twig:60 に値の表示がある。	sheet-6_img1.png を確認。見出し『配送先の新規登録・変更確認』、リード『下記の内容で送信してもよろしいでしょうか？よろしければ「登録する」へお進みください。』、名称／お名前／お名前（フリガナ）／電話番号／国／郵便番号／住所（3行表示）／会社名の確認表示と、赤い『登録する』・白い『戻る』ボタンが描かれている。	high	
sheet-6-R014	MATCHED						src/Eccube/Resource/template/default/Shopping/delivery_confirm.twig:66;src/Eccube/Resource/template/default/Shopping/delivery_confirm.twig:68		識別ID『お名前』はラベル表示として実装済み。src/Eccube/Resource/template/default/Shopping/delivery_confirm.twig:66 にラベル、src/Eccube/Resource/template/default/Shopping/delivery_confirm.twig:68 に値の表示がある。	sheet-6_img1.png を確認。見出し『配送先の新規登録・変更確認』、リード『下記の内容で送信してもよろしいでしょうか？よろしければ「登録する」へお進みください。』、名称／お名前／お名前（フリガナ）／電話番号／国／郵便番号／住所（3行表示）／会社名の確認表示と、赤い『登録する』・白い『戻る』ボタンが描かれている。	high	
sheet-6-R015	MATCHED						src/Eccube/Resource/template/default/Shopping/delivery_confirm.twig:73;src/Eccube/Resource/template/default/Shopping/delivery_confirm.twig:75		識別ID『お名前（フリガナ）』はラベル表示として実装済み。src/Eccube/Resource/template/default/Shopping/delivery_confirm.twig:73 にラベル、src/Eccube/Resource/template/default/Shopping/delivery_confirm.twig:75 に値の表示がある。	sheet-6_img1.png を確認。見出し『配送先の新規登録・変更確認』、リード『下記の内容で送信してもよろしいでしょうか？よろしければ「登録する」へお進みください。』、名称／お名前／お名前（フリガナ）／電話番号／国／郵便番号／住所（3行表示）／会社名の確認表示と、赤い『登録する』・白い『戻る』ボタンが描かれている。	high	
sheet-6-R016	MATCHED						src/Eccube/Resource/template/default/Shopping/delivery_confirm.twig:118;src/Eccube/Resource/template/default/Shopping/delivery_confirm.twig:120		識別ID『電話番号』はラベル表示として実装済み。src/Eccube/Resource/template/default/Shopping/delivery_confirm.twig:118 にラベル、src/Eccube/Resource/template/default/Shopping/delivery_confirm.twig:120 に値の表示がある。レイアウト図では電話番号が国の上にあるが、実装は住所の下に置く。表示順のみの差で、項目・表示内容は一致するため設計どおりと判定した。	sheet-6_img1.png を確認。見出し『配送先の新規登録・変更確認』、リード『下記の内容で送信してもよろしいでしょうか？よろしければ「登録する」へお進みください。』、名称／お名前／お名前（フリガナ）／電話番号／国／郵便番号／住所（3行表示）／会社名の確認表示と、赤い『登録する』・白い『戻る』ボタンが描かれている。	high	
sheet-6-R017	MATCHED						src/Eccube/Resource/template/default/Shopping/delivery_confirm.twig:81;src/Eccube/Resource/template/default/Shopping/delivery_confirm.twig:83		識別ID『国』はラベル表示として実装済み。src/Eccube/Resource/template/default/Shopping/delivery_confirm.twig:81 にラベル、src/Eccube/Resource/template/default/Shopping/delivery_confirm.twig:83 に値の表示がある。	sheet-6_img1.png を確認。見出し『配送先の新規登録・変更確認』、リード『下記の内容で送信してもよろしいでしょうか？よろしければ「登録する」へお進みください。』、名称／お名前／お名前（フリガナ）／電話番号／国／郵便番号／住所（3行表示）／会社名の確認表示と、赤い『登録する』・白い『戻る』ボタンが描かれている。	high	
sheet-6-R018	MATCHED						src/Eccube/Resource/template/default/Shopping/delivery_confirm.twig:89;src/Eccube/Resource/template/default/Shopping/delivery_confirm.twig:92		識別ID『郵便番号』はラベル表示として実装済み。src/Eccube/Resource/template/default/Shopping/delivery_confirm.twig:89 にラベル、src/Eccube/Resource/template/default/Shopping/delivery_confirm.twig:92 に値の表示がある。海外住所のときは src/Eccube/Resource/template/default/Shopping/delivery_confirm.twig:97 のラベルと :100 の海外用郵便番号を表示する。	sheet-6_img1.png を確認。見出し『配送先の新規登録・変更確認』、リード『下記の内容で送信してもよろしいでしょうか？よろしければ「登録する」へお進みください。』、名称／お名前／お名前（フリガナ）／電話番号／国／郵便番号／住所（3行表示）／会社名の確認表示と、赤い『登録する』・白い『戻る』ボタンが描かれている。	high	
sheet-6-R019	MATCHED						src/Eccube/Resource/template/default/Shopping/delivery_confirm.twig:105;src/Eccube/Resource/template/default/Shopping/delivery_confirm.twig:110;src/Eccube/Resource/template/default/Shopping/delivery_confirm.twig:112		識別ID『住所』はラベル表示として実装済み（src/Eccube/Resource/template/default/Shopping/delivery_confirm.twig:105 ラベル、:110/:112 値）。備考の『海外住所用に3カラム目を追加』も addr03 の追加行として満たしている。	sheet-6_img1.png を確認。見出し『配送先の新規登録・変更確認』、リード『下記の内容で送信してもよろしいでしょうか？よろしければ「登録する」へお進みください。』、名称／お名前／お名前（フリガナ）／電話番号／国／郵便番号／住所（3行表示）／会社名の確認表示と、赤い『登録する』・白い『戻る』ボタンが描かれている。	high	
sheet-6-R020	MATCHED						src/Eccube/Resource/template/default/Shopping/delivery_confirm.twig:127;src/Eccube/Resource/template/default/Shopping/delivery_confirm.twig:129		識別ID『会社名』はラベル表示として実装済み。src/Eccube/Resource/template/default/Shopping/delivery_confirm.twig:127 にラベル、src/Eccube/Resource/template/default/Shopping/delivery_confirm.twig:129 に値の表示がある。	sheet-6_img1.png を確認。見出し『配送先の新規登録・変更確認』、リード『下記の内容で送信してもよろしいでしょうか？よろしければ「登録する」へお進みください。』、名称／お名前／お名前（フリガナ）／電話番号／国／郵便番号／住所（3行表示）／会社名の確認表示と、赤い『登録する』・白い『戻る』ボタンが描かれている。	high	
sheet-6-R021	MATCHED						src/Eccube/Resource/template/default/Shopping/delivery_confirm.twig:134;src/Eccube/Controller/Front/ShoppingController.php:882;src/Eccube/Controller/Front/ShoppingController.php:917		『登録する』ボタンは src/Eccube/Resource/template/default/Shopping/delivery_confirm.twig:134 に存在し、src/Eccube/Controller/Front/ShoppingController.php:882 で配送先情報を登録したのち src/Eccube/Controller/Front/ShoppingController.php:917 でご注文方法指定（shopping）へ遷移する。備考の挙動と一致。	sheet-6_img1.png を確認。見出し『配送先の新規登録・変更確認』、リード『下記の内容で送信してもよろしいでしょうか？よろしければ「登録する」へお進みください。』、名称／お名前／お名前（フリガナ）／電話番号／国／郵便番号／住所（3行表示）／会社名の確認表示と、赤い『登録する』・白い『戻る』ボタンが描かれている。	high	
sheet-6-R022	MATCHED						src/Eccube/Resource/template/default/Shopping/delivery_confirm.twig:138;src/Eccube/Controller/Front/ShoppingController.php:840		『戻る』ボタンは src/Eccube/Resource/template/default/Shopping/delivery_confirm.twig:138 に name=mode value=back の submit として存在し、src/Eccube/Controller/Front/ShoppingController.php:840 で入力内容を保持したまま shopping_shipping_edit（配送先の新規登録・変更画面）へ戻す。備考の挙動と一致。	sheet-6_img1.png を確認。見出し『配送先の新規登録・変更確認』、リード『下記の内容で送信してもよろしいでしょうか？よろしければ「登録する」へお進みください。』、名称／お名前／お名前（フリガナ）／電話番号／国／郵便番号／住所（3行表示）／会社名の確認表示と、赤い『登録する』・白い『戻る』ボタンが描かれている。	high	
sheet-7-R001	OUT_OF_SCOPE								カスタマイズ説明の前置き（『現行機能をベースに下記カスタマイズを行う』）で、具体的な挙動を述べていない。実体は sheet-7-R002/R016 以降で判定した。	sheet-7_img1.png（通常）と sheet-7_img2.png（顧客グループ：店内アカウント）を確認。共通して見出し『注文完了』、STEP表示『カート—注文方法の指定—注文完了』、本文『ご注文ありがとうございました。／またのご利用をお待ちしております。』、晴れる屋くんのキャラクター画像、灰色の『HTMLフリーエリア』枠、最下部に『TOPページへ戻る』ボタン。img1 は『ご注文番号　01818241』とメール送信元・ヘルプページ案内文、img2 は『TC注文番号　0001』と『※店内のパソコンからご注文のお客様は…レジカウンターまでお越しください。』の文言。	high	
sheet-7-R002	MATCHED						src/Eccube/Service/PurchaseFlow/Processor/StockReduceProcessor.php:115;src/Eccube/Service/PurchaseFlow/Processor/StockReduceProcessor.php:118;src/Eccube/Service/PurchaseFlow/Processor/StockReduceProcessor.php:136;src/Eccube/Service/PurchaseFlow/Processor/StockReduceProcessor.php:139		★カスタマイズは購入フローの在庫引当処理として実装済み。src/Eccube/Service/PurchaseFlow/Processor/StockReduceProcessor.php:115 で明細の原価を按分算定し、:118 で商品在庫の総原価を減算、:136 で在庫数を更新、:139 以降で在庫履歴を作成する。	sheet-7_img1.png（通常）と sheet-7_img2.png（顧客グループ：店内アカウント）を確認。共通して見出し『注文完了』、STEP表示『カート—注文方法の指定—注文完了』、本文『ご注文ありがとうございました。／またのご利用をお待ちしております。』、晴れる屋くんのキャラクター画像、灰色の『HTMLフリーエリア』枠、最下部に『TOPページへ戻る』ボタン。img1 は『ご注文番号　01818241』とメール送信元・ヘルプページ案内文、img2 は『TC注文番号　0001』と『※店内のパソコンからご注文のお客様は…レジカウンターまでお越しください。』の文言。	high	
sheet-7-R003	OUT_OF_SCOPE								機能仕様の小見出し『・画面遷移時の処理』であり、それ自体は要求ではない。	sheet-7_img1.png（通常）と sheet-7_img2.png（顧客グループ：店内アカウント）を確認。共通して見出し『注文完了』、STEP表示『カート—注文方法の指定—注文完了』、本文『ご注文ありがとうございました。／またのご利用をお待ちしております。』、晴れる屋くんのキャラクター画像、灰色の『HTMLフリーエリア』枠、最下部に『TOPページへ戻る』ボタン。img1 は『ご注文番号　01818241』とメール送信元・ヘルプページ案内文、img2 は『TC注文番号　0001』と『※店内のパソコンからご注文のお客様は…レジカウンターまでお越しください。』の文言。	high	
sheet-7-R004	OUT_OF_SCOPE								小見出し『・購入処理前の下記のチェックをする』であり、個々のチェックは sheet-7-R005〜R009 で判定した。	sheet-7_img1.png（通常）と sheet-7_img2.png（顧客グループ：店内アカウント）を確認。共通して見出し『注文完了』、STEP表示『カート—注文方法の指定—注文完了』、本文『ご注文ありがとうございました。／またのご利用をお待ちしております。』、晴れる屋くんのキャラクター画像、灰色の『HTMLフリーエリア』枠、最下部に『TOPページへ戻る』ボタン。img1 は『ご注文番号　01818241』とメール送信元・ヘルプページ案内文、img2 は『TC注文番号　0001』と『※店内のパソコンからご注文のお客様は…レジカウンターまでお越しください。』の文言。	high	
sheet-7-R005	MATCHED						src/Eccube/Service/PurchaseFlow/Processor/PaymentValidator.php:81;app/config/eccube/packages/purchaseflow.yaml:194		支払方法の不一致は購入フロー（shopping）の後段検証として app/config/eccube/packages/purchaseflow.yaml:194 で有効化され、src/Eccube/Service/PurchaseFlow/Processor/PaymentValidator.php:81 で明細間の支払方法不一致を検出してエラーにする。受注が保持する支払方法と食い違う購入はここで弾かれる。	sheet-7_img1.png（通常）と sheet-7_img2.png（顧客グループ：店内アカウント）を確認。共通して見出し『注文完了』、STEP表示『カート—注文方法の指定—注文完了』、本文『ご注文ありがとうございました。／またのご利用をお待ちしております。』、晴れる屋くんのキャラクター画像、灰色の『HTMLフリーエリア』枠、最下部に『TOPページへ戻る』ボタン。img1 は『ご注文番号　01818241』とメール送信元・ヘルプページ案内文、img2 は『TC注文番号　0001』と『※店内のパソコンからご注文のお客様は…レジカウンターまでお越しください。』の文言。	med	
sheet-7-R006	OUT_OF_SCOPE								小見出し『・カートに入っている商品のチェック』で、内訳は sheet-7-R007〜R009。	sheet-7_img1.png（通常）と sheet-7_img2.png（顧客グループ：店内アカウント）を確認。共通して見出し『注文完了』、STEP表示『カート—注文方法の指定—注文完了』、本文『ご注文ありがとうございました。／またのご利用をお待ちしております。』、晴れる屋くんのキャラクター画像、灰色の『HTMLフリーエリア』枠、最下部に『TOPページへ戻る』ボタン。img1 は『ご注文番号　01818241』とメール送信元・ヘルプページ案内文、img2 は『TC注文番号　0001』と『※店内のパソコンからご注文のお客様は…レジカウンターまでお越しください。』の文言。	high	
sheet-7-R007	MATCHED						app/config/eccube/packages/purchaseflow.yaml:32;src/Eccube/Service/PurchaseFlow/Processor/ProductStatusValidator.php:37		商品の公開状態チェックは app/config/eccube/packages/purchaseflow.yaml:32 で shopping フローにも登録され、src/Eccube/Service/PurchaseFlow/Processor/ProductStatusValidator.php:37 で非公開商品をエラーにする。	sheet-7_img1.png（通常）と sheet-7_img2.png（顧客グループ：店内アカウント）を確認。共通して見出し『注文完了』、STEP表示『カート—注文方法の指定—注文完了』、本文『ご注文ありがとうございました。／またのご利用をお待ちしております。』、晴れる屋くんのキャラクター画像、灰色の『HTMLフリーエリア』枠、最下部に『TOPページへ戻る』ボタン。img1 は『ご注文番号　01818241』とメール送信元・ヘルプページ案内文、img2 は『TC注文番号　0001』と『※店内のパソコンからご注文のお客様は…レジカウンターまでお越しください。』の文言。	high	
sheet-7-R008	MATCHED						app/config/eccube/packages/purchaseflow.yaml:74;src/Eccube/Service/PurchaseFlow/Processor/SaleLimitMultipleValidator.php:67		販売制限数チェックは app/config/eccube/packages/purchaseflow.yaml:74 で shopping フローに登録され、src/Eccube/Service/PurchaseFlow/Processor/SaleLimitMultipleValidator.php:67 で注文数が販売制限を超えるとエラーにする。	sheet-7_img1.png（通常）と sheet-7_img2.png（顧客グループ：店内アカウント）を確認。共通して見出し『注文完了』、STEP表示『カート—注文方法の指定—注文完了』、本文『ご注文ありがとうございました。／またのご利用をお待ちしております。』、晴れる屋くんのキャラクター画像、灰色の『HTMLフリーエリア』枠、最下部に『TOPページへ戻る』ボタン。img1 は『ご注文番号　01818241』とメール送信元・ヘルプページ案内文、img2 は『TC注文番号　0001』と『※店内のパソコンからご注文のお客様は…レジカウンターまでお越しください。』の文言。	high	
sheet-7-R009	MATCHED						app/config/eccube/packages/purchaseflow.yaml:67;src/Eccube/Service/PurchaseFlow/Processor/StockMultipleValidator.php:82;src/Eccube/Service/PurchaseFlow/Processor/StockReduceProcessor.php:110		在庫チェックは app/config/eccube/packages/purchaseflow.yaml:67 で shopping フローに登録された src/Eccube/Service/PurchaseFlow/Processor/StockMultipleValidator.php:82 で行われ、確定時も src/Eccube/Service/PurchaseFlow/Processor/StockReduceProcessor.php:110 で在庫不足なら購入エラーを送出する。	sheet-7_img1.png（通常）と sheet-7_img2.png（顧客グループ：店内アカウント）を確認。共通して見出し『注文完了』、STEP表示『カート—注文方法の指定—注文完了』、本文『ご注文ありがとうございました。／またのご利用をお待ちしております。』、晴れる屋くんのキャラクター画像、灰色の『HTMLフリーエリア』枠、最下部に『TOPページへ戻る』ボタン。img1 は『ご注文番号　01818241』とメール送信元・ヘルプページ案内文、img2 は『TC注文番号　0001』と『※店内のパソコンからご注文のお客様は…レジカウンターまでお越しください。』の文言。	high	
sheet-7-R010	MATCHED						src/Eccube/Controller/Front/ShoppingController.php:533;src/Eccube/Controller/Front/ShoppingController.php:552;src/Eccube/Controller/Front/ShoppingController.php:556		購入処理中の例外は src/Eccube/Controller/Front/ShoppingController.php:533/:545 で捕捉され、変更を取り消したうえで src/Eccube/Controller/Front/ShoppingController.php:552 のエラーメッセージ設定後 src/Eccube/Controller/Front/ShoppingController.php:556 で購入エラー画面へ遷移する。カートの破棄は成功時（src/Eccube/Controller/Front/ShoppingController.php:561）にしか行わないため、エラー時はカート内容が残る。	sheet-7_img1.png（通常）と sheet-7_img2.png（顧客グループ：店内アカウント）を確認。共通して見出し『注文完了』、STEP表示『カート—注文方法の指定—注文完了』、本文『ご注文ありがとうございました。／またのご利用をお待ちしております。』、晴れる屋くんのキャラクター画像、灰色の『HTMLフリーエリア』枠、最下部に『TOPページへ戻る』ボタン。img1 は『ご注文番号　01818241』とメール送信元・ヘルプページ案内文、img2 は『TC注文番号　0001』と『※店内のパソコンからご注文のお客様は…レジカウンターまでお越しください。』の文言。	high	
sheet-7-R011	OUT_OF_SCOPE								小見出し『・・　購入処理を行う』であり、それ自体は要求ではない。	sheet-7_img1.png（通常）と sheet-7_img2.png（顧客グループ：店内アカウント）を確認。共通して見出し『注文完了』、STEP表示『カート—注文方法の指定—注文完了』、本文『ご注文ありがとうございました。／またのご利用をお待ちしております。』、晴れる屋くんのキャラクター画像、灰色の『HTMLフリーエリア』枠、最下部に『TOPページへ戻る』ボタン。img1 は『ご注文番号　01818241』とメール送信元・ヘルプページ案内文、img2 は『TC注文番号　0001』と『※店内のパソコンからご注文のお客様は…レジカウンターまでお越しください。』の文言。	high	
sheet-7-R012	MATCHED						src/Eccube/Service/PurchaseFlow/Processor/CustomerPurchaseInfoProcessor.php:44;src/Eccube/Service/PurchaseFlow/Processor/CustomerPurchaseInfoProcessor.php:45		購入したユーザの購入実績更新は src/Eccube/Service/PurchaseFlow/Processor/CustomerPurchaseInfoProcessor.php:44-45 で行われる（購入回数の加算と購入金額の累計加算）。	sheet-7_img1.png（通常）と sheet-7_img2.png（顧客グループ：店内アカウント）を確認。共通して見出し『注文完了』、STEP表示『カート—注文方法の指定—注文完了』、本文『ご注文ありがとうございました。／またのご利用をお待ちしております。』、晴れる屋くんのキャラクター画像、灰色の『HTMLフリーエリア』枠、最下部に『TOPページへ戻る』ボタン。img1 は『ご注文番号　01818241』とメール送信元・ヘルプページ案内文、img2 は『TC注文番号　0001』と『※店内のパソコンからご注文のお客様は…レジカウンターまでお越しください。』の文言。	high	
sheet-7-R013	MATCHED						src/Eccube/Service/PurchaseFlow/Processor/CustomerPurchaseInfoProcessor.php:44		購入回数は src/Eccube/Service/PurchaseFlow/Processor/CustomerPurchaseInfoProcessor.php:44 で 1 加算される。	sheet-7_img1.png（通常）と sheet-7_img2.png（顧客グループ：店内アカウント）を確認。共通して見出し『注文完了』、STEP表示『カート—注文方法の指定—注文完了』、本文『ご注文ありがとうございました。／またのご利用をお待ちしております。』、晴れる屋くんのキャラクター画像、灰色の『HTMLフリーエリア』枠、最下部に『TOPページへ戻る』ボタン。img1 は『ご注文番号　01818241』とメール送信元・ヘルプページ案内文、img2 は『TC注文番号　0001』と『※店内のパソコンからご注文のお客様は…レジカウンターまでお越しください。』の文言。	high	
sheet-7-R014	MATCHED						src/Eccube/Service/PurchaseFlow/Processor/CustomerPurchaseInfoProcessor.php:45		購入金額の累計は src/Eccube/Service/PurchaseFlow/Processor/CustomerPurchaseInfoProcessor.php:45 で今回の受注合計を加算する。	sheet-7_img1.png（通常）と sheet-7_img2.png（顧客グループ：店内アカウント）を確認。共通して見出し『注文完了』、STEP表示『カート—注文方法の指定—注文完了』、本文『ご注文ありがとうございました。／またのご利用をお待ちしております。』、晴れる屋くんのキャラクター画像、灰色の『HTMLフリーエリア』枠、最下部に『TOPページへ戻る』ボタン。img1 は『ご注文番号　01818241』とメール送信元・ヘルプページ案内文、img2 は『TC注文番号　0001』と『※店内のパソコンからご注文のお客様は…レジカウンターまでお越しください。』の文言。	high	
sheet-7-R015	OUT_OF_SCOPE								小見出し『・在庫調整』であり、内訳は sheet-7-R016 以降の★カスタマイズ行で判定した。	sheet-7_img1.png（通常）と sheet-7_img2.png（顧客グループ：店内アカウント）を確認。共通して見出し『注文完了』、STEP表示『カート—注文方法の指定—注文完了』、本文『ご注文ありがとうございました。／またのご利用をお待ちしております。』、晴れる屋くんのキャラクター画像、灰色の『HTMLフリーエリア』枠、最下部に『TOPページへ戻る』ボタン。img1 は『ご注文番号　01818241』とメール送信元・ヘルプページ案内文、img2 は『TC注文番号　0001』と『※店内のパソコンからご注文のお客様は…レジカウンターまでお越しください。』の文言。	high	
sheet-7-R016	MATCHED						src/Eccube/Service/PurchaseFlow/Processor/StockReduceProcessor.php:115;src/Eccube/Service/PurchaseFlow/Processor/StockReduceProcessor.php:118;src/Eccube/Service/PurchaseFlow/Processor/StockReduceProcessor.php:136;src/Eccube/Service/PurchaseFlow/Processor/StockReduceProcessor.php:139		★の要求どおり、src/Eccube/Service/PurchaseFlow/Processor/StockReduceProcessor.php:115 で商品在庫が保持する原価から明細原価を按分算定し、:118 で総原価を、:136 で在庫数を減算し、:139 以降で在庫履歴を登録する。	sheet-7_img1.png（通常）と sheet-7_img2.png（顧客グループ：店内アカウント）を確認。共通して見出し『注文完了』、STEP表示『カート—注文方法の指定—注文完了』、本文『ご注文ありがとうございました。／またのご利用をお待ちしております。』、晴れる屋くんのキャラクター画像、灰色の『HTMLフリーエリア』枠、最下部に『TOPページへ戻る』ボタン。img1 は『ご注文番号　01818241』とメール送信元・ヘルプページ案内文、img2 は『TC注文番号　0001』と『※店内のパソコンからご注文のお客様は…レジカウンターまでお越しください。』の文言。	high	
sheet-7-R017	MATCHED						src/Eccube/Service/PurchaseFlow/Processor/StockReduceProcessor.php:139;src/Eccube/Service/PurchaseFlow/Processor/StockReduceProcessor.php:180		在庫履歴の登録は src/Eccube/Service/PurchaseFlow/Processor/StockReduceProcessor.php:139 の呼び出しと src/Eccube/Service/PurchaseFlow/Processor/StockReduceProcessor.php:180 以降の保存処理で実装済み。変動前後の在庫数・仕入単価・総原価と変動理由を残す。	sheet-7_img1.png（通常）と sheet-7_img2.png（顧客グループ：店内アカウント）を確認。共通して見出し『注文完了』、STEP表示『カート—注文方法の指定—注文完了』、本文『ご注文ありがとうございました。／またのご利用をお待ちしております。』、晴れる屋くんのキャラクター画像、灰色の『HTMLフリーエリア』枠、最下部に『TOPページへ戻る』ボタン。img1 は『ご注文番号　01818241』とメール送信元・ヘルプページ案内文、img2 は『TC注文番号　0001』と『※店内のパソコンからご注文のお客様は…レジカウンターまでお越しください。』の文言。	high	
sheet-7-R018	MATCHED						src/Eccube/Service/PurchaseFlow/Processor/StockReduceProcessor.php:118;src/Eccube/Service/PurchaseFlow/Processor/StockReduceProcessor.php:136		在庫履歴には商品情報側の値として、src/Eccube/Service/PurchaseFlow/Processor/StockReduceProcessor.php:136 で更新した在庫数と src/Eccube/Service/PurchaseFlow/Processor/StockReduceProcessor.php:118 で更新した総原価が変動前後の値として記録される（src/Eccube/Service/PurchaseFlow/Processor/StockReduceProcessor.php:198 前後）。	sheet-7_img1.png（通常）と sheet-7_img2.png（顧客グループ：店内アカウント）を確認。共通して見出し『注文完了』、STEP表示『カート—注文方法の指定—注文完了』、本文『ご注文ありがとうございました。／またのご利用をお待ちしております。』、晴れる屋くんのキャラクター画像、灰色の『HTMLフリーエリア』枠、最下部に『TOPページへ戻る』ボタン。img1 は『ご注文番号　01818241』とメール送信元・ヘルプページ案内文、img2 は『TC注文番号　0001』と『※店内のパソコンからご注文のお客様は…レジカウンターまでお越しください。』の文言。	high	
sheet-7-R019	MATCHED						src/Eccube/Service/PurchaseFlow/Processor/StockReduceProcessor.php:136;src/Eccube/Service/PurchaseFlow/Processor/StockReduceProcessor.php:192		商品情報の総在庫は src/Eccube/Service/PurchaseFlow/Processor/StockReduceProcessor.php:136 で減算され、その前後の値が src/Eccube/Service/PurchaseFlow/Processor/StockReduceProcessor.php:192 付近で在庫履歴に記録される。	sheet-7_img1.png（通常）と sheet-7_img2.png（顧客グループ：店内アカウント）を確認。共通して見出し『注文完了』、STEP表示『カート—注文方法の指定—注文完了』、本文『ご注文ありがとうございました。／またのご利用をお待ちしております。』、晴れる屋くんのキャラクター画像、灰色の『HTMLフリーエリア』枠、最下部に『TOPページへ戻る』ボタン。img1 は『ご注文番号　01818241』とメール送信元・ヘルプページ案内文、img2 は『TC注文番号　0001』と『※店内のパソコンからご注文のお客様は…レジカウンターまでお越しください。』の文言。	high	
sheet-7-R020	MATCHED						src/Eccube/Service/PurchaseFlow/Processor/StockReduceProcessor.php:118;src/Eccube/Service/PurchaseFlow/Processor/StockReduceProcessor.php:198		商品情報の総原価は src/Eccube/Service/PurchaseFlow/Processor/StockReduceProcessor.php:118 で減算され、その前後の値が src/Eccube/Service/PurchaseFlow/Processor/StockReduceProcessor.php:198 付近で在庫履歴に記録される。	sheet-7_img1.png（通常）と sheet-7_img2.png（顧客グループ：店内アカウント）を確認。共通して見出し『注文完了』、STEP表示『カート—注文方法の指定—注文完了』、本文『ご注文ありがとうございました。／またのご利用をお待ちしております。』、晴れる屋くんのキャラクター画像、灰色の『HTMLフリーエリア』枠、最下部に『TOPページへ戻る』ボタン。img1 は『ご注文番号　01818241』とメール送信元・ヘルプページ案内文、img2 は『TC注文番号　0001』と『※店内のパソコンからご注文のお客様は…レジカウンターまでお越しください。』の文言。	high	
sheet-7-R021	MATCHED						src/Eccube/Service/PurchaseFlow/Processor/StockReduceProcessor.php:117;src/Eccube/Entity/OrderItem.php:673		受注情報側は受注明細（src/Eccube/Entity/OrderItem.php:673 の総原価カラム）へ src/Eccube/Service/PurchaseFlow/Processor/StockReduceProcessor.php:117 で算定した原価を保存する。	sheet-7_img1.png（通常）と sheet-7_img2.png（顧客グループ：店内アカウント）を確認。共通して見出し『注文完了』、STEP表示『カート—注文方法の指定—注文完了』、本文『ご注文ありがとうございました。／またのご利用をお待ちしております。』、晴れる屋くんのキャラクター画像、灰色の『HTMLフリーエリア』枠、最下部に『TOPページへ戻る』ボタン。img1 は『ご注文番号　01818241』とメール送信元・ヘルプページ案内文、img2 は『TC注文番号　0001』と『※店内のパソコンからご注文のお客様は…レジカウンターまでお越しください。』の文言。	high	
sheet-7-R022	MATCHED						src/Eccube/Service/PurchaseFlow/Processor/StockReduceProcessor.php:112;src/Eccube/Entity/OrderItem.php:701		受注明細の注文数は購入時の数量がそのまま保持され、src/Eccube/Service/PurchaseFlow/Processor/StockReduceProcessor.php:112 の数量と src/Eccube/Entity/OrderItem.php:701 の按分計算に使われる。	sheet-7_img1.png（通常）と sheet-7_img2.png（顧客グループ：店内アカウント）を確認。共通して見出し『注文完了』、STEP表示『カート—注文方法の指定—注文完了』、本文『ご注文ありがとうございました。／またのご利用をお待ちしております。』、晴れる屋くんのキャラクター画像、灰色の『HTMLフリーエリア』枠、最下部に『TOPページへ戻る』ボタン。img1 は『ご注文番号　01818241』とメール送信元・ヘルプページ案内文、img2 は『TC注文番号　0001』と『※店内のパソコンからご注文のお客様は…レジカウンターまでお越しください。』の文言。	high	
sheet-7-R023	MATCHED						src/Eccube/Service/PurchaseFlow/Processor/StockReduceProcessor.php:117;src/Eccube/Entity/OrderItem.php:676		受注明細の総原価は src/Eccube/Service/PurchaseFlow/Processor/StockReduceProcessor.php:117 で設定され、src/Eccube/Entity/OrderItem.php:676 で参照できる。	sheet-7_img1.png（通常）と sheet-7_img2.png（顧客グループ：店内アカウント）を確認。共通して見出し『注文完了』、STEP表示『カート—注文方法の指定—注文完了』、本文『ご注文ありがとうございました。／またのご利用をお待ちしております。』、晴れる屋くんのキャラクター画像、灰色の『HTMLフリーエリア』枠、最下部に『TOPページへ戻る』ボタン。img1 は『ご注文番号　01818241』とメール送信元・ヘルプページ案内文、img2 は『TC注文番号　0001』と『※店内のパソコンからご注文のお客様は…レジカウンターまでお越しください。』の文言。	high	
sheet-7-R024	OUT_OF_SCOPE								例示の見出し『【注文に伴う原価と在庫の変動の例】』であり、要求ではない。	sheet-7_img1.png（通常）と sheet-7_img2.png（顧客グループ：店内アカウント）を確認。共通して見出し『注文完了』、STEP表示『カート—注文方法の指定—注文完了』、本文『ご注文ありがとうございました。／またのご利用をお待ちしております。』、晴れる屋くんのキャラクター画像、灰色の『HTMLフリーエリア』枠、最下部に『TOPページへ戻る』ボタン。img1 は『ご注文番号　01818241』とメール送信元・ヘルプページ案内文、img2 は『TC注文番号　0001』と『※店内のパソコンからご注文のお客様は…レジカウンターまでお越しください。』の文言。	high	
sheet-7-R025	OUT_OF_SCOPE								例示表の見出しセル『処理』であり、要求ではない。	sheet-7_img1.png（通常）と sheet-7_img2.png（顧客グループ：店内アカウント）を確認。共通して見出し『注文完了』、STEP表示『カート—注文方法の指定—注文完了』、本文『ご注文ありがとうございました。／またのご利用をお待ちしております。』、晴れる屋くんのキャラクター画像、灰色の『HTMLフリーエリア』枠、最下部に『TOPページへ戻る』ボタン。img1 は『ご注文番号　01818241』とメール送信元・ヘルプページ案内文、img2 は『TC注文番号　0001』と『※店内のパソコンからご注文のお客様は…レジカウンターまでお越しください。』の文言。	high	
sheet-7-R026	OUT_OF_SCOPE								例示表のヘッダ行（順序／操作内容／入庫情報／商品情報／受注情報）であり、要求ではない。	sheet-7_img1.png（通常）と sheet-7_img2.png（顧客グループ：店内アカウント）を確認。共通して見出し『注文完了』、STEP表示『カート—注文方法の指定—注文完了』、本文『ご注文ありがとうございました。／またのご利用をお待ちしております。』、晴れる屋くんのキャラクター画像、灰色の『HTMLフリーエリア』枠、最下部に『TOPページへ戻る』ボタン。img1 は『ご注文番号　01818241』とメール送信元・ヘルプページ案内文、img2 は『TC注文番号　0001』と『※店内のパソコンからご注文のお客様は…レジカウンターまでお越しください。』の文言。	high	
sheet-7-R027	OUT_OF_SCOPE								例示表のヘッダ行の続き（入庫数・仕入単価／在庫数／総原価／注文数・欠品数／総原価）であり、要求ではない。	sheet-7_img1.png（通常）と sheet-7_img2.png（顧客グループ：店内アカウント）を確認。共通して見出し『注文完了』、STEP表示『カート—注文方法の指定—注文完了』、本文『ご注文ありがとうございました。／またのご利用をお待ちしております。』、晴れる屋くんのキャラクター画像、灰色の『HTMLフリーエリア』枠、最下部に『TOPページへ戻る』ボタン。img1 は『ご注文番号　01818241』とメール送信元・ヘルプページ案内文、img2 は『TC注文番号　0001』と『※店内のパソコンからご注文のお客様は…レジカウンターまでお越しください。』の文言。	high	
sheet-7-R028	MATCHED						src/Eccube/Service/PurchaseFlow/Processor/StockReduceProcessor.php:103;src/Eccube/Service/PurchaseFlow/Processor/StockReduceProcessor.php:105		注文前の状態（在庫数10・総原価5000）は商品在庫の現在値であり、src/Eccube/Service/PurchaseFlow/Processor/StockReduceProcessor.php:103/:105 でそのまま読み出して計算の起点にしている。	sheet-7_img1.png（通常）と sheet-7_img2.png（顧客グループ：店内アカウント）を確認。共通して見出し『注文完了』、STEP表示『カート—注文方法の指定—注文完了』、本文『ご注文ありがとうございました。／またのご利用をお待ちしております。』、晴れる屋くんのキャラクター画像、灰色の『HTMLフリーエリア』枠、最下部に『TOPページへ戻る』ボタン。img1 は『ご注文番号　01818241』とメール送信元・ヘルプページ案内文、img2 は『TC注文番号　0001』と『※店内のパソコンからご注文のお客様は…レジカウンターまでお越しください。』の文言。	high	
sheet-7-R029	MATCHED						src/Eccube/Entity/OrderItem.php:696;src/Eccube/Service/PurchaseFlow/Processor/StockReduceProcessor.php:115;src/Eccube/Service/PurchaseFlow/Processor/StockReduceProcessor.php:118;src/Eccube/Service/PurchaseFlow/Processor/StockReduceProcessor.php:136		3個注文の例と実装が一致する。src/Eccube/Entity/OrderItem.php:696-701 は 総原価×(注文数/在庫数) を四捨五入するので 5000×3/10=1500 が受注明細の総原価となり、src/Eccube/Service/PurchaseFlow/Processor/StockReduceProcessor.php:118 で商品総原価は 5000-1500=3500、src/Eccube/Service/PurchaseFlow/Processor/StockReduceProcessor.php:136 で在庫数は 10-3=7 になる。設計の例示値と完全に一致。	sheet-7_img1.png（通常）と sheet-7_img2.png（顧客グループ：店内アカウント）を確認。共通して見出し『注文完了』、STEP表示『カート—注文方法の指定—注文完了』、本文『ご注文ありがとうございました。／またのご利用をお待ちしております。』、晴れる屋くんのキャラクター画像、灰色の『HTMLフリーエリア』枠、最下部に『TOPページへ戻る』ボタン。img1 は『ご注文番号　01818241』とメール送信元・ヘルプページ案内文、img2 は『TC注文番号　0001』と『※店内のパソコンからご注文のお客様は…レジカウンターまでお越しください。』の文言。	high	
sheet-7-R030	MATCHED						src/Eccube/Resource/template/default/Shopping/complete.twig:96;src/Eccube/Resource/template/default/Shopping/complete.twig:98;src/Eccube/Resource/template/default/Shopping/complete.twig:110		購入グループによる表示切替は実装済み。src/Eccube/Resource/template/default/Shopping/complete.twig:96-102 で整理番号の有無により表示を分け、:110-112 で本文も切り替える。整理番号は src/Eccube/Service/PurchaseFlow/Processor/WaitingNumberProcessor.php:44 のとおり店頭販売グループの注文にのみ発番される。	sheet-7_img1.png（通常）と sheet-7_img2.png（顧客グループ：店内アカウント）を確認。共通して見出し『注文完了』、STEP表示『カート—注文方法の指定—注文完了』、本文『ご注文ありがとうございました。／またのご利用をお待ちしております。』、晴れる屋くんのキャラクター画像、灰色の『HTMLフリーエリア』枠、最下部に『TOPページへ戻る』ボタン。img1 は『ご注文番号　01818241』とメール送信元・ヘルプページ案内文、img2 は『TC注文番号　0001』と『※店内のパソコンからご注文のお客様は…レジカウンターまでお越しください。』の文言。	high	
sheet-7-R031	MATCHED						src/Eccube/Resource/template/default/Shopping/complete.twig:98;src/Eccube/Resource/locale/messages.ja.yaml:1578;src/Eccube/Service/PurchaseFlow/Processor/WaitingNumberProcessor.php:44		店内アカウント（店頭販売グループ）の注文だけ整理番号が発番され（src/Eccube/Service/PurchaseFlow/Processor/WaitingNumberProcessor.php:44）、その場合 src/Eccube/Resource/template/default/Shopping/complete.twig:98 が src/Eccube/Resource/locale/messages.ja.yaml:1578 の『TC注文番号』を表示する。それ以外は src/Eccube/Resource/template/default/Shopping/complete.twig:100 で『ご注文番号』を表示する。レイアウト図img2と一致。	sheet-7_img1.png（通常）と sheet-7_img2.png（顧客グループ：店内アカウント）を確認。共通して見出し『注文完了』、STEP表示『カート—注文方法の指定—注文完了』、本文『ご注文ありがとうございました。／またのご利用をお待ちしております。』、晴れる屋くんのキャラクター画像、灰色の『HTMLフリーエリア』枠、最下部に『TOPページへ戻る』ボタン。img1 は『ご注文番号　01818241』とメール送信元・ヘルプページ案内文、img2 は『TC注文番号　0001』と『※店内のパソコンからご注文のお客様は…レジカウンターまでお越しください。』の文言。	high	
sheet-7-R032	MATCHED						src/Eccube/Resource/template/default/Shopping/complete.twig:110;src/Eccube/Resource/locale/messages.ja.yaml:1579		整理番号がある場合は src/Eccube/Resource/template/default/Shopping/complete.twig:110-112 で番号表示下の文言も切り替わり、src/Eccube/Resource/locale/messages.ja.yaml:1579 の『※店内のパソコンからご注文のお客様は…レジカウンターまでお越しください。』を表示する。レイアウト図img2の文言と一致。	sheet-7_img1.png（通常）と sheet-7_img2.png（顧客グループ：店内アカウント）を確認。共通して見出し『注文完了』、STEP表示『カート—注文方法の指定—注文完了』、本文『ご注文ありがとうございました。／またのご利用をお待ちしております。』、晴れる屋くんのキャラクター画像、灰色の『HTMLフリーエリア』枠、最下部に『TOPページへ戻る』ボタン。img1 は『ご注文番号　01818241』とメール送信元・ヘルプページ案内文、img2 は『TC注文番号　0001』と『※店内のパソコンからご注文のお客様は…レジカウンターまでお越しください。』の文言。	high	
sheet-7-R033	MATCHED						src/Eccube/Resource/template/default/Shopping/complete.twig:130;app/DoctrineMigrations/Version20260711100000.php:33		★フリースペースは src/Eccube/Resource/template/default/Shopping/complete.twig:130 で購入完了画面に差し込まれ、app/DoctrineMigrations/Version20260711100000.php:33 で『購入完了 フリーエリア』としてブロック登録されている。レイアウト図の『HTMLフリーエリア』枠に対応。	sheet-7_img1.png（通常）と sheet-7_img2.png（顧客グループ：店内アカウント）を確認。共通して見出し『注文完了』、STEP表示『カート—注文方法の指定—注文完了』、本文『ご注文ありがとうございました。／またのご利用をお待ちしております。』、晴れる屋くんのキャラクター画像、灰色の『HTMLフリーエリア』枠、最下部に『TOPページへ戻る』ボタン。img1 は『ご注文番号　01818241』とメール送信元・ヘルプページ案内文、img2 は『TC注文番号　0001』と『※店内のパソコンからご注文のお客様は…レジカウンターまでお越しください。』の文言。	high	
sheet-7-R034	MATCHED						app/DoctrineMigrations/Version20260711100000.php:54;src/Eccube/Controller/Admin/Content/BlockController.php:39		ブロックは deletable=true で登録され（app/DoctrineMigrations/Version20260711100000.php:54）、管理画面のブロック編集（src/Eccube/Controller/Admin/Content/BlockController.php:39）から文章を設定できる。	sheet-7_img1.png（通常）と sheet-7_img2.png（顧客グループ：店内アカウント）を確認。共通して見出し『注文完了』、STEP表示『カート—注文方法の指定—注文完了』、本文『ご注文ありがとうございました。／またのご利用をお待ちしております。』、晴れる屋くんのキャラクター画像、灰色の『HTMLフリーエリア』枠、最下部に『TOPページへ戻る』ボタン。img1 は『ご注文番号　01818241』とメール送信元・ヘルプページ案内文、img2 は『TC注文番号　0001』と『※店内のパソコンからご注文のお客様は…レジカウンターまでお越しください。』の文言。	high	
sheet-7-R035	MATCHED						src/Eccube/Resource/template/default/Shopping/complete.twig:17;src/Eccube/Entity/Master/MtbOption.php:62;src/Eccube/Controller/Front/ShoppingController.php:686		★店内アカウントの自動遷移は実装済み。src/Eccube/Controller/Front/ShoppingController.php:679-688 で店頭販売グループのときだけ店舗TOPのURLと待ち秒数を用意し、src/Eccube/Resource/template/default/Shopping/complete.twig:17 で指定秒後にそのURLへ自動遷移させる。既定値は src/Eccube/Entity/Master/MtbOption.php:62 の 60 秒＝1分。	sheet-7_img1.png（通常）と sheet-7_img2.png（顧客グループ：店内アカウント）を確認。共通して見出し『注文完了』、STEP表示『カート—注文方法の指定—注文完了』、本文『ご注文ありがとうございました。／またのご利用をお待ちしております。』、晴れる屋くんのキャラクター画像、灰色の『HTMLフリーエリア』枠、最下部に『TOPページへ戻る』ボタン。img1 は『ご注文番号　01818241』とメール送信元・ヘルプページ案内文、img2 は『TC注文番号　0001』と『※店内のパソコンからご注文のお客様は…レジカウンターまでお越しください。』の文言。	high	
sheet-7-R036	OUT_OF_SCOPE								項目定義表のヘッダ行の続き（『または最大値／初期値／画面部品の説明』）であり、要求ではない。	sheet-7_img1.png（通常）と sheet-7_img2.png（顧客グループ：店内アカウント）を確認。共通して見出し『注文完了』、STEP表示『カート—注文方法の指定—注文完了』、本文『ご注文ありがとうございました。／またのご利用をお待ちしております。』、晴れる屋くんのキャラクター画像、灰色の『HTMLフリーエリア』枠、最下部に『TOPページへ戻る』ボタン。img1 は『ご注文番号　01818241』とメール送信元・ヘルプページ案内文、img2 は『TC注文番号　0001』と『※店内のパソコンからご注文のお客様は…レジカウンターまでお越しください。』の文言。	high	
sheet-7-R037	MATCHED						src/Eccube/Resource/template/default/Shopping/complete.twig:67;src/Eccube/Resource/locale/messages.ja.yaml:1584		STEP表示は src/Eccube/Resource/template/default/Shopping/complete.twig:67-88 の進捗表示として実装され、src/Eccube/Resource/locale/messages.ja.yaml:1584-1586 の『カート』『注文方法の指定』『注文完了』がレイアウト図の3ステップと一致する。画像素材ではなくアイコンフォントで描画するが、表示内容は同一。	sheet-7_img1.png（通常）と sheet-7_img2.png（顧客グループ：店内アカウント）を確認。共通して見出し『注文完了』、STEP表示『カート—注文方法の指定—注文完了』、本文『ご注文ありがとうございました。／またのご利用をお待ちしております。』、晴れる屋くんのキャラクター画像、灰色の『HTMLフリーエリア』枠、最下部に『TOPページへ戻る』ボタン。img1 は『ご注文番号　01818241』とメール送信元・ヘルプページ案内文、img2 は『TC注文番号　0001』と『※店内のパソコンからご注文のお客様は…レジカウンターまでお越しください。』の文言。	high	
sheet-7-R038	MATCHED						src/Eccube/Resource/template/default/Shopping/complete.twig:96;src/Eccube/Resource/template/default/Shopping/complete.twig:98;src/Eccube/Resource/template/default/Shopping/complete.twig:100		ご注文番号のラベル表示は src/Eccube/Resource/template/default/Shopping/complete.twig:100、店内アカウント時のTC注文番号表示は src/Eccube/Resource/template/default/Shopping/complete.twig:98 で実装済み。備考の分岐と一致。	sheet-7_img1.png（通常）と sheet-7_img2.png（顧客グループ：店内アカウント）を確認。共通して見出し『注文完了』、STEP表示『カート—注文方法の指定—注文完了』、本文『ご注文ありがとうございました。／またのご利用をお待ちしております。』、晴れる屋くんのキャラクター画像、灰色の『HTMLフリーエリア』枠、最下部に『TOPページへ戻る』ボタン。img1 は『ご注文番号　01818241』とメール送信元・ヘルプページ案内文、img2 は『TC注文番号　0001』と『※店内のパソコンからご注文のお客様は…レジカウンターまでお越しください。』の文言。	high	
sheet-7-R039	MATCHED						src/Eccube/Resource/template/default/Shopping/complete.twig:116;src/Eccube/Controller/Front/HelpController.php:27		ヘルプページのリンクは src/Eccube/Resource/template/default/Shopping/complete.twig:116 にあり、src/Eccube/Controller/Front/HelpController.php:27 のヘルプ画面へ遷移する。レイアウト図img1の『ヘルプページ』リンクと一致。	sheet-7_img1.png（通常）と sheet-7_img2.png（顧客グループ：店内アカウント）を確認。共通して見出し『注文完了』、STEP表示『カート—注文方法の指定—注文完了』、本文『ご注文ありがとうございました。／またのご利用をお待ちしております。』、晴れる屋くんのキャラクター画像、灰色の『HTMLフリーエリア』枠、最下部に『TOPページへ戻る』ボタン。img1 は『ご注文番号　01818241』とメール送信元・ヘルプページ案内文、img2 は『TC注文番号　0001』と『※店内のパソコンからご注文のお客様は…レジカウンターまでお越しください。』の文言。	high	
sheet-7-R040	MATCHED						src/Eccube/Resource/template/default/Shopping/complete.twig:130;app/DoctrineMigrations/Version20260711100000.php:33		フリースペースは src/Eccube/Resource/template/default/Shopping/complete.twig:130 で購入完了画面に配置され、管理者がブロック管理から文章を設定できる（app/DoctrineMigrations/Version20260711100000.php:33）。	sheet-7_img1.png（通常）と sheet-7_img2.png（顧客グループ：店内アカウント）を確認。共通して見出し『注文完了』、STEP表示『カート—注文方法の指定—注文完了』、本文『ご注文ありがとうございました。／またのご利用をお待ちしております。』、晴れる屋くんのキャラクター画像、灰色の『HTMLフリーエリア』枠、最下部に『TOPページへ戻る』ボタン。img1 は『ご注文番号　01818241』とメール送信元・ヘルプページ案内文、img2 は『TC注文番号　0001』と『※店内のパソコンからご注文のお客様は…レジカウンターまでお越しください。』の文言。	high	
sheet-7-R041	DRIFT	P3	実装違い	IO	5 TOPページへ戻るボタン ボタン - - - ・注文した店舗のTOP画面へ遷移する	購入完了画面の最下部のボタンは『TOPページへ戻る』と表示し、押すと注文した店舗のTOP画面へ移動する。	src/Eccube/Resource/locale/messages.ja.yaml:1588;src/Eccube/Resource/template/default/Shopping/complete.twig:133	src/Eccube/Resource/template/default/Shopping/complete.twig:133 のボタン文言は src/Eccube/Resource/locale/messages.ja.yaml:1588 の『商品一覧へ戻る』で、レイアウト図の『TOPページへ戻る』と異なる。遷移先（店内アカウントは店舗TOP、それ以外はトップページ）は設計どおり。	sheet-7_img1/img2 のいずれもボタン文言は『TOPページへ戻る』。実装は src/Eccube/Resource/template/default/Shopping/complete.twig:133 で 'front.shopping.complete.go_to_top' を出力し、src/Eccube/Resource/locale/messages.ja.yaml:1588 の値が『商品一覧へ戻る』。遷移先は src/Eccube/Controller/Front/ShoppingController.php:680 で用意した店舗TOP URL を使うため一致しており、差は表示文言だけ。	sheet-7_img1.png（通常）と sheet-7_img2.png（顧客グループ：店内アカウント）を確認。共通して見出し『注文完了』、STEP表示『カート—注文方法の指定—注文完了』、本文『ご注文ありがとうございました。／またのご利用をお待ちしております。』、晴れる屋くんのキャラクター画像、灰色の『HTMLフリーエリア』枠、最下部に『TOPページへ戻る』ボタン。img1 は『ご注文番号　01818241』とメール送信元・ヘルプページ案内文、img2 は『TC注文番号　0001』と『※店内のパソコンからご注文のお客様は…レジカウンターまでお越しください。』の文言。	med	messages.ja.yaml-complete-go-to-top-label
sheet-7-R042	OUT_OF_SCOPE								現行仕様セクションの見出し行（機能名の再掲）であり、要求ではない。	sheet-7_img1.png（通常）と sheet-7_img2.png（顧客グループ：店内アカウント）を確認。共通して見出し『注文完了』、STEP表示『カート—注文方法の指定—注文完了』、本文『ご注文ありがとうございました。／またのご利用をお待ちしております。』、晴れる屋くんのキャラクター画像、灰色の『HTMLフリーエリア』枠、最下部に『TOPページへ戻る』ボタン。img1 は『ご注文番号　01818241』とメール送信元・ヘルプページ案内文、img2 は『TC注文番号　0001』と『※店内のパソコンからご注文のお客様は…レジカウンターまでお越しください。』の文言。	high	
sheet-7-R043	OUT_OF_SCOPE								現行仕様の小見出し『購入完了時の判定順序』であり、内訳は sheet-7-R044〜R047。	sheet-7_img1.png（通常）と sheet-7_img2.png（顧客グループ：店内アカウント）を確認。共通して見出し『注文完了』、STEP表示『カート—注文方法の指定—注文完了』、本文『ご注文ありがとうございました。／またのご利用をお待ちしております。』、晴れる屋くんのキャラクター画像、灰色の『HTMLフリーエリア』枠、最下部に『TOPページへ戻る』ボタン。img1 は『ご注文番号　01818241』とメール送信元・ヘルプページ案内文、img2 は『TC注文番号　0001』と『※店内のパソコンからご注文のお客様は…レジカウンターまでお越しください。』の文言。	high	
sheet-7-R044	MATCHED						src/Eccube/Controller/Front/ShoppingController.php:632;src/Eccube/Controller/Front/ShoppingController.php:636		引き継いだ受注が無い場合は src/Eccube/Controller/Front/ShoppingController.php:632 で判定し src/Eccube/Controller/Front/ShoppingController.php:636 でトップページへ戻す。設計どおり。	sheet-7_img1.png（通常）と sheet-7_img2.png（顧客グループ：店内アカウント）を確認。共通して見出し『注文完了』、STEP表示『カート—注文方法の指定—注文完了』、本文『ご注文ありがとうございました。／またのご利用をお待ちしております。』、晴れる屋くんのキャラクター画像、灰色の『HTMLフリーエリア』枠、最下部に『TOPページへ戻る』ボタン。img1 は『ご注文番号　01818241』とメール送信元・ヘルプページ案内文、img2 は『TC注文番号　0001』と『※店内のパソコンからご注文のお客様は…レジカウンターまでお越しください。』の文言。	high	
sheet-7-R045	NOT_IMPLEMENTED	P2	未実装	ふるまい	2 受注ステータスが注文受領または入金待ちか いずれでもなければ購入処理異常のアラートメールを送信し、引き継いだ受注情報を初期化して購入処理エラー画面を表示する	購入完了画面を出す前に受注の状態を確かめ、注文受領でも入金待ちでもない受注のときは購入完了画面を出さず、運用宛に購入処理異常の通知メールを出したうえで、引き継いだ受注を持ち越さない状態にして購入処理エラーの画面を表示する。	src/Eccube/Controller/Front/ShoppingController.php:626;src/Eccube/Controller/Front/ShoppingController.php:639;src/Eccube/Controller/Front/ShoppingController.php:689	購入完了画面の処理（src/Eccube/Controller/Front/ShoppingController.php:626-700）は受注を読み出したあと状態を一切確かめず、src/Eccube/Controller/Front/ShoppingController.php:689 でそのまま完了画面を返す。異常時の通知メール送出も、完了画面表示前の受注引き継ぎ初期化も無い（src/Eccube/Controller/Front/ShoppingController.php:668 の後始末は正常系でのみ通る）。	complete() 全体（src/Eccube/Controller/Front/ShoppingController.php:626-700）を通読したが受注状態の判定が無い。二重表示や不正遷移で完了画面が再表示されうる。アラートメール送出の呼び出しも同メソッドに存在しない。	sheet-7_img1.png（通常）と sheet-7_img2.png（顧客グループ：店内アカウント）を確認。共通して見出し『注文完了』、STEP表示『カート—注文方法の指定—注文完了』、本文『ご注文ありがとうございました。／またのご利用をお待ちしております。』、晴れる屋くんのキャラクター画像、灰色の『HTMLフリーエリア』枠、最下部に『TOPページへ戻る』ボタン。img1 は『ご注文番号　01818241』とメール送信元・ヘルプページ案内文、img2 は『TC注文番号　0001』と『※店内のパソコンからご注文のお客様は…レジカウンターまでお越しください。』の文言。	high	ShoppingController-complete-no-order-status-check
sheet-7-R046	UNVERIFIABLE						src/Eccube/Entity/Payment.php:54		SPLINKS決済は現行（pf）側の決済事業者で、ee には SPLINKS の決済記録を保持する仕組みが無い（支払方法IDとしての痕跡 src/Eccube/Entity/Payment.php:54 のみ）。対応する決済記録の有無という判定条件を ee 上のどの状態に読み替えるかが正本から決まらないため、静的解析では実装の有無を判定できない。	sheet-7_img1.png（通常）と sheet-7_img2.png（顧客グループ：店内アカウント）を確認。共通して見出し『注文完了』、STEP表示『カート—注文方法の指定—注文完了』、本文『ご注文ありがとうございました。／またのご利用をお待ちしております。』、晴れる屋くんのキャラクター画像、灰色の『HTMLフリーエリア』枠、最下部に『TOPページへ戻る』ボタン。img1 は『ご注文番号　01818241』とメール送信元・ヘルプページ案内文、img2 は『TC注文番号　0001』と『※店内のパソコンからご注文のお客様は…レジカウンターまでお越しください。』の文言。	med	
sheet-7-R047	MATCHED						src/Eccube/Controller/Front/ShoppingController.php:689;src/Eccube/Resource/template/default/Shopping/complete.twig:66		上記を通過した場合は src/Eccube/Controller/Front/ShoppingController.php:689 で完了処理の結果を渡し src/Eccube/Resource/template/default/Shopping/complete.twig:66 以降の購入完了画面を表示する。	sheet-7_img1.png（通常）と sheet-7_img2.png（顧客グループ：店内アカウント）を確認。共通して見出し『注文完了』、STEP表示『カート—注文方法の指定—注文完了』、本文『ご注文ありがとうございました。／またのご利用をお待ちしております。』、晴れる屋くんのキャラクター画像、灰色の『HTMLフリーエリア』枠、最下部に『TOPページへ戻る』ボタン。img1 は『ご注文番号　01818241』とメール送信元・ヘルプページ案内文、img2 は『TC注文番号　0001』と『※店内のパソコンからご注文のお客様は…レジカウンターまでお越しください。』の文言。	high	
sheet-7-R048	NOT_IMPLEMENTED	P2	未実装	ふるまい	受注ステータス異常のときは、更新による再通知を避けるため引き継いだ受注情報を初期化する。決済記録不整合のときは初期化しないため、再表示しても同じエラー画面になる。	受注の状態が異常だったときは引き継いだ受注を持ち越さない状態にしてから購入処理エラーの画面を出し、同じ受注で通知が繰り返されないようにする。	src/Eccube/Controller/Front/ShoppingController.php:626;src/Eccube/Controller/Front/ShoppingController.php:668	受注状態の異常判定そのものが無いため（src/Eccube/Controller/Front/ShoppingController.php:626-700）、異常時に受注の引き継ぎを初期化する分岐も存在しない。src/Eccube/Controller/Front/ShoppingController.php:668 の後始末は正常表示時にのみ通る。	sheet-7-R045 と同一の欠陥。購入完了画面の処理に受注状態の検査が無いため、そこに紐づく初期化の使い分けも成立していない。	sheet-7_img1.png（通常）と sheet-7_img2.png（顧客グループ：店内アカウント）を確認。共通して見出し『注文完了』、STEP表示『カート—注文方法の指定—注文完了』、本文『ご注文ありがとうございました。／またのご利用をお待ちしております。』、晴れる屋くんのキャラクター画像、灰色の『HTMLフリーエリア』枠、最下部に『TOPページへ戻る』ボタン。img1 は『ご注文番号　01818241』とメール送信元・ヘルプページ案内文、img2 は『TC注文番号　0001』と『※店内のパソコンからご注文のお客様は…レジカウンターまでお越しください。』の文言。	high	ShoppingController-complete-no-order-status-check
sheet-7-R049	OUT_OF_SCOPE								現行仕様の小見出し『注文番号の書式』であり、内訳は sheet-7-R050。	sheet-7_img1.png（通常）と sheet-7_img2.png（顧客グループ：店内アカウント）を確認。共通して見出し『注文完了』、STEP表示『カート—注文方法の指定—注文完了』、本文『ご注文ありがとうございました。／またのご利用をお待ちしております。』、晴れる屋くんのキャラクター画像、灰色の『HTMLフリーエリア』枠、最下部に『TOPページへ戻る』ボタン。img1 は『ご注文番号　01818241』とメール送信元・ヘルプページ案内文、img2 は『TC注文番号　0001』と『※店内のパソコンからご注文のお客様は…レジカウンターまでお越しください。』の文言。	high	
sheet-7-R050	DRIFT	P3	実装違い	IO	ご注文番号は8桁のゼロ埋めで表示する。TC注文番号は呼び出し番号の下4桁を4桁のゼロ埋めで表示する。	購入完了画面のTC注文番号は、呼び出し番号の下4桁を先頭ゼロ埋めした4桁（例 0001）で表示する。	src/Eccube/Resource/template/default/Shopping/complete.twig:98;src/Eccube/Controller/Front/ShoppingController.php:695	src/Eccube/Controller/Front/ShoppingController.php:695 は整理番号を整数のまま画面へ渡し、src/Eccube/Resource/template/default/Shopping/complete.twig:98 がそれをそのまま出力する。ゼロ埋めも下4桁の切り出しも行わないため、呼び出し番号が1なら『1』と表示される。ご注文番号側は src/Eccube/Service/PurchaseFlow/Processor/OrderSequenceNoProcessor.php:42 で8桁ゼロ埋めされており設計どおり。	sheet-7_img2 のTC注文番号は『0001』。実装は src/Eccube/Resource/template/default/Shopping/complete.twig:98 で整数値をそのまま出力しており、書式指定が無い。整理番号カラムは整数（src/Eccube/Entity/DtbWaitingNumber.php:39）でゼロ埋め文字列を保持しない。	sheet-7_img1.png（通常）と sheet-7_img2.png（顧客グループ：店内アカウント）を確認。共通して見出し『注文完了』、STEP表示『カート—注文方法の指定—注文完了』、本文『ご注文ありがとうございました。／またのご利用をお待ちしております。』、晴れる屋くんのキャラクター画像、灰色の『HTMLフリーエリア』枠、最下部に『TOPページへ戻る』ボタン。img1 は『ご注文番号　01818241』とメール送信元・ヘルプページ案内文、img2 は『TC注文番号　0001』と『※店内のパソコンからご注文のお客様は…レジカウンターまでお越しください。』の文言。	high	complete.twig-tc-order-number-not-zero-padded
sheet-7-R051	OUT_OF_SCOPE								現行仕様の小見出し『ポイントの消費時期』であり、内訳は sheet-7-R052。	sheet-7_img1.png（通常）と sheet-7_img2.png（顧客グループ：店内アカウント）を確認。共通して見出し『注文完了』、STEP表示『カート—注文方法の指定—注文完了』、本文『ご注文ありがとうございました。／またのご利用をお待ちしております。』、晴れる屋くんのキャラクター画像、灰色の『HTMLフリーエリア』枠、最下部に『TOPページへ戻る』ボタン。img1 は『ご注文番号　01818241』とメール送信元・ヘルプページ案内文、img2 は『TC注文番号　0001』と『※店内のパソコンからご注文のお客様は…レジカウンターまでお越しください。』の文言。	high	
sheet-7-R052	MATCHED						src/Eccube/Service/PurchaseFlow/Processor/PointDiffProcessor.php:73;src/Eccube/Service/PurchaseFlow/Processor/PointDiffProcessor.php:77		使用ポイントは注文確定（購入フローの確定処理）の時点で会員の保有ポイントから差し引かれる（src/Eccube/Service/PurchaseFlow/Processor/PointDiffProcessor.php:73-79）。SPLINKS決済のみ完了画面表示時に消費するという例外は、当該決済事業者が ee に存在しないため適用対象が無い。	sheet-7_img1.png（通常）と sheet-7_img2.png（顧客グループ：店内アカウント）を確認。共通して見出し『注文完了』、STEP表示『カート—注文方法の指定—注文完了』、本文『ご注文ありがとうございました。／またのご利用をお待ちしております。』、晴れる屋くんのキャラクター画像、灰色の『HTMLフリーエリア』枠、最下部に『TOPページへ戻る』ボタン。img1 は『ご注文番号　01818241』とメール送信元・ヘルプページ案内文、img2 は『TC注文番号　0001』と『※店内のパソコンからご注文のお客様は…レジカウンターまでお越しください。』の文言。	med	
sheet-7-R053	OUT_OF_SCOPE								現行仕様の小見出し『完了処理で行う連携』であり、内訳は sheet-7-R054。	sheet-7_img1.png（通常）と sheet-7_img2.png（顧客グループ：店内アカウント）を確認。共通して見出し『注文完了』、STEP表示『カート—注文方法の指定—注文完了』、本文『ご注文ありがとうございました。／またのご利用をお待ちしております。』、晴れる屋くんのキャラクター画像、灰色の『HTMLフリーエリア』枠、最下部に『TOPページへ戻る』ボタン。img1 は『ご注文番号　01818241』とメール送信元・ヘルプページ案内文、img2 は『TC注文番号　0001』と『※店内のパソコンからご注文のお客様は…レジカウンターまでお越しください。』の文言。	high	
sheet-7-R054	NOT_IMPLEMENTED	P3	未実装	IO	受注明細ごとに、その商品へ設定された売上分析タグを受注明細へ登録する。表示言語の切り替えが保留されているときは、その言語のURLへ遷移し直したうえで完了画面を表示する。消費ポイントがあるときは、スマレジのポイント連携を別プロセスで実行する。購入完了タグログ（購入商品の商品ID・単価・数量）と、eコマース計測用の取引情報（受注ID・配送方法名・商品小計・送料・会員のメールアドレス・購入商品の明細）を送信する。取引情報の税額は常に0とする。	購入完了画面から、計測用の取引情報（受注番号・配送方法名・商品小計・送料・会員のメールアドレス・購入商品の明細、税額は0）を送信する。	src/Eccube/Resource/template/default/Shopping/complete.twig:29;src/Eccube/Controller/Front/ShoppingController.php:655	売上分析タグの登録（src/Eccube/Controller/Front/ShoppingController.php:592）、スマレジのポイント連携（src/Eccube/Controller/Front/ShoppingController.php:601）、購入完了タグログ（src/Eccube/Controller/Front/ShoppingController.php:607 と src/Eccube/Resource/template/default/Shopping/complete.twig:29-59）は実装済み。一方、eコマース計測用の取引情報は送信されない。src/Eccube/Controller/Front/ShoppingController.php:655 で商品明細の配列を組み立てて画面へ渡しているが、src/Eccube/Resource/template/default/Shopping/complete.twig 側にこれを送信する記述が無く、受注番号・配送方法名・送料・会員のメールアドレス・税額も組み立てていない。	購入完了画面のテンプレート全体を確認したが取引情報の送信は無い（src/Eccube/Resource/template/default/Shopping/complete.twig:29-59 は購入タグログのみ）。コントローラが用意した products は src/Eccube/Resource/template/default/Shopping/complete.twig のどこからも参照されない。	sheet-7_img1.png（通常）と sheet-7_img2.png（顧客グループ：店内アカウント）を確認。共通して見出し『注文完了』、STEP表示『カート—注文方法の指定—注文完了』、本文『ご注文ありがとうございました。／またのご利用をお待ちしております。』、晴れる屋くんのキャラクター画像、灰色の『HTMLフリーエリア』枠、最下部に『TOPページへ戻る』ボタン。img1 は『ご注文番号　01818241』とメール送信元・ヘルプページ案内文、img2 は『TC注文番号　0001』と『※店内のパソコンからご注文のお客様は…レジカウンターまでお越しください。』の文言。	med	complete.twig-no-ecommerce-transaction-tag
sheet-7-R055	MATCHED						src/Eccube/Controller/Front/ShoppingController.php:630;src/Eccube/Controller/Front/ShoppingController.php:639		入力である引き継いだ受注は src/Eccube/Controller/Front/ShoppingController.php:630 で取り出し src/Eccube/Controller/Front/ShoppingController.php:639 で読み込む。設計どおり。	sheet-7_img1.png（通常）と sheet-7_img2.png（顧客グループ：店内アカウント）を確認。共通して見出し『注文完了』、STEP表示『カート—注文方法の指定—注文完了』、本文『ご注文ありがとうございました。／またのご利用をお待ちしております。』、晴れる屋くんのキャラクター画像、灰色の『HTMLフリーエリア』枠、最下部に『TOPページへ戻る』ボタン。img1 は『ご注文番号　01818241』とメール送信元・ヘルプページ案内文、img2 は『TC注文番号　0001』と『※店内のパソコンからご注文のお客様は…レジカウンターまでお越しください。』の文言。	high	
sheet-7-R056	NOT_IMPLEMENTED	P3	未実装	IO	成功時出力 購入完了画面、ポイントの消費とスマレジポイント連携、購入完了タグログとeコマース計測用取引情報の送信	購入が成功したときの出力として、購入完了画面・ポイントの消費とスマレジ連携・購入完了タグログに加えて、eコマース計測用の取引情報も送信する。	src/Eccube/Resource/template/default/Shopping/complete.twig:29;src/Eccube/Controller/Front/ShoppingController.php:655	購入完了画面の表示・ポイント消費・スマレジ連携（src/Eccube/Controller/Front/ShoppingController.php:601）・購入完了タグログ（src/Eccube/Controller/Front/ShoppingController.php:607、src/Eccube/Resource/template/default/Shopping/complete.twig:29-59）は出力されるが、eコマース計測用の取引情報の送信だけが無い。	sheet-7-R054 と同一の欠陥。成功時出力のうち取引情報の送信のみ実装が見当たらない。	sheet-7_img1.png（通常）と sheet-7_img2.png（顧客グループ：店内アカウント）を確認。共通して見出し『注文完了』、STEP表示『カート—注文方法の指定—注文完了』、本文『ご注文ありがとうございました。／またのご利用をお待ちしております。』、晴れる屋くんのキャラクター画像、灰色の『HTMLフリーエリア』枠、最下部に『TOPページへ戻る』ボタン。img1 は『ご注文番号　01818241』とメール送信元・ヘルプページ案内文、img2 は『TC注文番号　0001』と『※店内のパソコンからご注文のお客様は…レジカウンターまでお越しください。』の文言。	med	complete.twig-no-ecommerce-transaction-tag
sheet-7-R057	NOT_IMPLEMENTED	P2	未実装	ふるまい	失敗時出力 受注ステータス異常・決済記録不整合のエラー画面、受注を引き継いでいないときはトップページへの遷移	購入完了の表示に失敗する条件のうち、受注の状態が異常なときはエラー画面を出す。	src/Eccube/Controller/Front/ShoppingController.php:626;src/Eccube/Controller/Front/ShoppingController.php:636	受注を引き継いでいないときのトップページ遷移（src/Eccube/Controller/Front/ShoppingController.php:636）は実装済みだが、受注状態が異常なときのエラー画面出力は無い（src/Eccube/Controller/Front/ShoppingController.php:626-700 に状態判定が存在しない）。	sheet-7-R045 と同一の欠陥。失敗時出力3種のうち受注状態異常のエラー画面だけが欠けている。	sheet-7_img1.png（通常）と sheet-7_img2.png（顧客グループ：店内アカウント）を確認。共通して見出し『注文完了』、STEP表示『カート—注文方法の指定—注文完了』、本文『ご注文ありがとうございました。／またのご利用をお待ちしております。』、晴れる屋くんのキャラクター画像、灰色の『HTMLフリーエリア』枠、最下部に『TOPページへ戻る』ボタン。img1 は『ご注文番号　01818241』とメール送信元・ヘルプページ案内文、img2 は『TC注文番号　0001』と『※店内のパソコンからご注文のお客様は…レジカウンターまでお越しください。』の文言。	high	ShoppingController-complete-no-order-status-check
sheet-7-R058	OUT_OF_SCOPE								現行仕様の小見出し『入出力: 永続化』であり、内訳は sheet-7-R059/R060。	sheet-7_img1.png（通常）と sheet-7_img2.png（顧客グループ：店内アカウント）を確認。共通して見出し『注文完了』、STEP表示『カート—注文方法の指定—注文完了』、本文『ご注文ありがとうございました。／またのご利用をお待ちしております。』、晴れる屋くんのキャラクター画像、灰色の『HTMLフリーエリア』枠、最下部に『TOPページへ戻る』ボタン。img1 は『ご注文番号　01818241』とメール送信元・ヘルプページ案内文、img2 は『TC注文番号　0001』と『※店内のパソコンからご注文のお客様は…レジカウンターまでお越しください。』の文言。	high	
sheet-7-R059	MATCHED						src/Eccube/Controller/Front/ShoppingController.php:585;src/Eccube/Controller/Front/ShoppingController.php:592		受注明細への売上分析タグ登録は src/Eccube/Controller/Front/ShoppingController.php:585-593 で実装済み（商品に設定されたタグを明細へ登録する）。	sheet-7_img1.png（通常）と sheet-7_img2.png（顧客グループ：店内アカウント）を確認。共通して見出し『注文完了』、STEP表示『カート—注文方法の指定—注文完了』、本文『ご注文ありがとうございました。／またのご利用をお待ちしております。』、晴れる屋くんのキャラクター画像、灰色の『HTMLフリーエリア』枠、最下部に『TOPページへ戻る』ボタン。img1 は『ご注文番号　01818241』とメール送信元・ヘルプページ案内文、img2 は『TC注文番号　0001』と『※店内のパソコンからご注文のお客様は…レジカウンターまでお越しください。』の文言。	high	
sheet-7-R060	UNVERIFIABLE						src/Eccube/Entity/Payment.php:54		SPLINKS決済の決済記録が ee に存在しないため（src/Eccube/Entity/Payment.php:54 に支払方法IDが残るのみ）、決済記録不整合という契機を ee のどの状態に読み替えるかが正本から決まらず、受注ステータスを処理中へ戻す更新の要否を静的解析では判定できない。	sheet-7_img1.png（通常）と sheet-7_img2.png（顧客グループ：店内アカウント）を確認。共通して見出し『注文完了』、STEP表示『カート—注文方法の指定—注文完了』、本文『ご注文ありがとうございました。／またのご利用をお待ちしております。』、晴れる屋くんのキャラクター画像、灰色の『HTMLフリーエリア』枠、最下部に『TOPページへ戻る』ボタン。img1 は『ご注文番号　01818241』とメール送信元・ヘルプページ案内文、img2 は『TC注文番号　0001』と『※店内のパソコンからご注文のお客様は…レジカウンターまでお越しください。』の文言。	med	
sheet-7-R061	DESIGN_ISSUE	P3			— 購入完了画面の見出し ご注文完了 購入完了画面の表示時 静的表示	購入完了画面の見出しに表示する文言を正本内で一意に決める必要がある。	src/Eccube/Resource/locale/messages.ja.yaml:1542;src/Eccube/Resource/template/default/Shopping/complete.twig:66	src/Eccube/Resource/template/default/Shopping/complete.twig:66 は src/Eccube/Resource/locale/messages.ja.yaml:1542 の『注文完了』を見出しに表示する。	同じ正本の中で記述が食い違う。表示メッセージ表（リニューアル後の仕様）は見出しを『ご注文完了』とするが、同シートのレイアウト図 sheet-7_img1/img2 はいずれも見出しを『注文完了』と描いている。実装（src/Eccube/Resource/template/default/Shopping/complete.twig:66、src/Eccube/Resource/locale/messages.ja.yaml:1542）はレイアウト図側と一致する。どちらを正とするか設計裁定が要る。	sheet-7_img1.png（通常）と sheet-7_img2.png（顧客グループ：店内アカウント）を確認。共通して見出し『注文完了』、STEP表示『カート—注文方法の指定—注文完了』、本文『ご注文ありがとうございました。／またのご利用をお待ちしております。』、晴れる屋くんのキャラクター画像、灰色の『HTMLフリーエリア』枠、最下部に『TOPページへ戻る』ボタン。img1 は『ご注文番号　01818241』とメール送信元・ヘルプページ案内文、img2 は『TC注文番号　0001』と『※店内のパソコンからご注文のお客様は…レジカウンターまでお越しください。』の文言。	high	messages.ja.yaml-complete-title-wording-conflict
sheet-7-R062	MATCHED						src/Eccube/Resource/template/default/Shopping/complete.twig:95;src/Eccube/Resource/locale/messages.ja.yaml:1543;src/Eccube/Resource/locale/messages.ja.yaml:1587		購入完了画面の本文は src/Eccube/Resource/template/default/Shopping/complete.twig:95 で src/Eccube/Resource/locale/messages.ja.yaml:1543『ご注文ありがとうございました』を、src/Eccube/Resource/template/default/Shopping/complete.twig:108 で src/Eccube/Resource/locale/messages.ja.yaml:1587『またのご利用をお待ちしております。』を表示する。レイアウト図の2行と一致。	sheet-7_img1.png（通常）と sheet-7_img2.png（顧客グループ：店内アカウント）を確認。共通して見出し『注文完了』、STEP表示『カート—注文方法の指定—注文完了』、本文『ご注文ありがとうございました。／またのご利用をお待ちしております。』、晴れる屋くんのキャラクター画像、灰色の『HTMLフリーエリア』枠、最下部に『TOPページへ戻る』ボタン。img1 は『ご注文番号　01818241』とメール送信元・ヘルプページ案内文、img2 は『TC注文番号　0001』と『※店内のパソコンからご注文のお客様は…レジカウンターまでお越しください。』の文言。	high	
sheet-7-R063	MATCHED						src/Eccube/Resource/template/default/Shopping/complete.twig:96;src/Eccube/Resource/template/default/Shopping/complete.twig:98;src/Eccube/Resource/template/default/Shopping/complete.twig:100		ご注文番号は src/Eccube/Resource/template/default/Shopping/complete.twig:100、整理番号がある場合のTC注文番号は src/Eccube/Resource/template/default/Shopping/complete.twig:98 で購入完了画面に表示される。	sheet-7_img1.png（通常）と sheet-7_img2.png（顧客グループ：店内アカウント）を確認。共通して見出し『注文完了』、STEP表示『カート—注文方法の指定—注文完了』、本文『ご注文ありがとうございました。／またのご利用をお待ちしております。』、晴れる屋くんのキャラクター画像、灰色の『HTMLフリーエリア』枠、最下部に『TOPページへ戻る』ボタン。img1 は『ご注文番号　01818241』とメール送信元・ヘルプページ案内文、img2 は『TC注文番号　0001』と『※店内のパソコンからご注文のお客様は…レジカウンターまでお越しください。』の文言。	high	
sheet-7-R064	NOT_IMPLEMENTED	P2	未実装	ふるまい	— 共通エラー画面 購入処理エラーの文言（ロケールメッセージを正とする） 受注ステータスが注文受領・入金待ち以外のとき アラートメールを送信し、受注情報を初期化する	受注が注文受領でも入金待ちでもない状態のときは、共通のエラー画面に購入処理エラーの文言を出し、あわせて運用宛の通知メールを送り、引き継いだ受注を持ち越さない状態にする。	src/Eccube/Controller/Front/ShoppingController.php:626;src/Eccube/Controller/Front/ShoppingController.php:689;src/Eccube/Resource/locale/messages.ja.yaml:1560	購入完了画面の処理に受注状態の判定が無いため（src/Eccube/Controller/Front/ShoppingController.php:626-700）、この表示条件自体が成立しない。エラー文言 src/Eccube/Resource/locale/messages.ja.yaml:1560 は用意されているが、この契機からは呼ばれない。通知メール送出も無い。	リニューアル後の仕様として明記された表示条件だが、契機となる受注状態の検査が実装に無い。sheet-7-R045 と同一の欠陥。	sheet-7_img1.png（通常）と sheet-7_img2.png（顧客グループ：店内アカウント）を確認。共通して見出し『注文完了』、STEP表示『カート—注文方法の指定—注文完了』、本文『ご注文ありがとうございました。／またのご利用をお待ちしております。』、晴れる屋くんのキャラクター画像、灰色の『HTMLフリーエリア』枠、最下部に『TOPページへ戻る』ボタン。img1 は『ご注文番号　01818241』とメール送信元・ヘルプページ案内文、img2 は『TC注文番号　0001』と『※店内のパソコンからご注文のお客様は…レジカウンターまでお越しください。』の文言。	high	ShoppingController-complete-no-order-status-check
sheet-7-R065	UNVERIFIABLE						src/Eccube/Entity/Payment.php:54		表示条件が『SPLINKS支払いだが決済記録が無いとき』であり、SPLINKS決済とその決済記録が ee に存在しない（src/Eccube/Entity/Payment.php:54 に支払方法IDが残るのみ）。ee のどの状態を決済記録不整合と読み替えるかが正本から決まらないため、静的解析では判定できない。	sheet-7_img1.png（通常）と sheet-7_img2.png（顧客グループ：店内アカウント）を確認。共通して見出し『注文完了』、STEP表示『カート—注文方法の指定—注文完了』、本文『ご注文ありがとうございました。／またのご利用をお待ちしております。』、晴れる屋くんのキャラクター画像、灰色の『HTMLフリーエリア』枠、最下部に『TOPページへ戻る』ボタン。img1 は『ご注文番号　01818241』とメール送信元・ヘルプページ案内文、img2 は『TC注文番号　0001』と『※店内のパソコンからご注文のお客様は…レジカウンターまでお越しください。』の文言。	med	
sheet-7-R066	MATCHED						src/Eccube/Resource/locale/messages.ja.yaml:3840;src/Eccube/Service/PurchaseFlow/Processor/StockReduceProcessor.php:111		在庫超過時のメッセージは src/Eccube/Resource/locale/messages.ja.yaml:3840 に『「%name%」の在庫が足りません。』として定義され、src/Eccube/Service/PurchaseFlow/Processor/StockReduceProcessor.php:111 で在庫管理対象の商品が在庫を超えたときに送出される。例外は src/Eccube/Controller/Front/ShoppingController.php:533 で捕捉され変更を取り消したうえで購入エラー画面へ遷移する（src/Eccube/Controller/Front/ShoppingController.php:539/:556）。	sheet-7_img1.png（通常）と sheet-7_img2.png（顧客グループ：店内アカウント）を確認。共通して見出し『注文完了』、STEP表示『カート—注文方法の指定—注文完了』、本文『ご注文ありがとうございました。／またのご利用をお待ちしております。』、晴れる屋くんのキャラクター画像、灰色の『HTMLフリーエリア』枠、最下部に『TOPページへ戻る』ボタン。img1 は『ご注文番号　01818241』とメール送信元・ヘルプページ案内文、img2 は『TC注文番号　0001』と『※店内のパソコンからご注文のお客様は…レジカウンターまでお越しください。』の文言。	high	
sheet-7-R067	MATCHED						src/Eccube/Resource/locale/messages.ja.yaml:3840;src/Eccube/Service/PurchaseFlow/Processor/StockReduceProcessor.php:93;src/Eccube/Controller/Front/ShoppingController.php:556		同じメッセージが購入エラー画面にも表示される。src/Eccube/Service/PurchaseFlow/Processor/StockReduceProcessor.php:93 でも在庫が取得できない場合に同文言を送出し、src/Eccube/Controller/Front/ShoppingController.php:556 で購入エラー画面へ遷移する。在庫無制限の商品は src/Eccube/Service/PurchaseFlow/Processor/StockReduceProcessor.php:85 で対象外。	sheet-7_img1.png（通常）と sheet-7_img2.png（顧客グループ：店内アカウント）を確認。共通して見出し『注文完了』、STEP表示『カート—注文方法の指定—注文完了』、本文『ご注文ありがとうございました。／またのご利用をお待ちしております。』、晴れる屋くんのキャラクター画像、灰色の『HTMLフリーエリア』枠、最下部に『TOPページへ戻る』ボタン。img1 は『ご注文番号　01818241』とメール送信元・ヘルプページ案内文、img2 は『TC注文番号　0001』と『※店内のパソコンからご注文のお客様は…レジカウンターまでお越しください。』の文言。	high	
sheet-8-R001	OUT_OF_SCOPE								カスタマイズ説明の前置き（『現行機能をベースに下記カスタマイズを行う』）で、具体的な挙動を述べていない。実体は sheet-8-R002 以降で判定した。	sheet-8_img1.png（レイアウト図）を確認。見出し『購入履歴一覧』、会員名『山田 太郎 様』、上部に『件数: 100件』・ページャ・『表示件数 10件』が並ぶ。明細カードは 注文日／購入日・店舗（オンラインショップ／秋葉原）・注文番号（青字）・レシートNo.（青字）・注文内容・注文金額合計・支払方法・処理状態（橙色の『入金待ち』『出荷準備』、黒の『購入済み』のバッジ）・『詳細を見る』ボタン。4枚目のカード（店頭受取受注→スマレジ取引）は注文番号がカンマ区切りの3件で青字になっていない。一覧の下にも『件数: 100件』・ページャ・『表示件数 10件』が並び、最後に『マイページへ戻る』ボタンがある。	high	
sheet-8-R002	DRIFT	P2	実装違い	IO	・ステータス表示の画像を変更する	処理状態の欄には、注文ステータスに対応づけられた表示（別添資料の紐付けどおりの文言の画像）を出す。	src/Eccube/Resource/template/default/Mypage/shopping_history.twig:194-201	処理状態の欄には注文ステータスの名称がそのまま出る。別添資料が定める表示（たとえば『ピック中』『入金済み』『出荷指示』はいずれも『出荷準備』と見せる）への読み替えが無く、色分けも完了／取消／それ以外の3種類しかない。	別添資料（注文ステータスと表示画像の紐付け）の画像は BOステータスとは別の文言を持つが、実装は BOステータスの名称を直接出している。	sheet-8_img1.png（レイアウト図）を確認。見出し『購入履歴一覧』、会員名『山田 太郎 様』、上部に『件数: 100件』・ページャ・『表示件数 10件』が並ぶ。明細カードは 注文日／購入日・店舗（オンラインショップ／秋葉原）・注文番号（青字）・レシートNo.（青字）・注文内容・注文金額合計・支払方法・処理状態（橙色の『入金待ち』『出荷準備』、黒の『購入済み』のバッジ）・『詳細を見る』ボタン。4枚目のカード（店頭受取受注→スマレジ取引）は注文番号がカンマ区切りの3件で青字になっていない。一覧の下にも『件数: 100件』・ページャ・『表示件数 10件』が並び、最後に『マイページへ戻る』ボタンがある。	med	shopping_history.twig-status-image-mapping-missing
sheet-8-R003	OUT_OF_SCOPE								『どの注文ステータスでどの画像を表示するかは基本設計で確定する』は設計作業の手順を述べた行であり、実装への要求ではない。確定結果は別添資料シートで定義されている。	sheet-8_img1.png（レイアウト図）を確認。見出し『購入履歴一覧』、会員名『山田 太郎 様』、上部に『件数: 100件』・ページャ・『表示件数 10件』が並ぶ。明細カードは 注文日／購入日・店舗（オンラインショップ／秋葉原）・注文番号（青字）・レシートNo.（青字）・注文内容・注文金額合計・支払方法・処理状態（橙色の『入金待ち』『出荷準備』、黒の『購入済み』のバッジ）・『詳細を見る』ボタン。4枚目のカード（店頭受取受注→スマレジ取引）は注文番号がカンマ区切りの3件で青字になっていない。一覧の下にも『件数: 100件』・ページャ・『表示件数 10件』が並び、最後に『マイページへ戻る』ボタンがある。	high	
sheet-8-R004	MATCHED								スマレジの取引データを一覧に出す。src/Eccube/Resource/template/default/Mypage/shopping_history.twig:102-113,146-153 でスマレジ取引・店頭受取受注→スマレジ取引の行を組み立てている。	sheet-8_img1.png（レイアウト図）を確認。見出し『購入履歴一覧』、会員名『山田 太郎 様』、上部に『件数: 100件』・ページャ・『表示件数 10件』が並ぶ。明細カードは 注文日／購入日・店舗（オンラインショップ／秋葉原）・注文番号（青字）・レシートNo.（青字）・注文内容・注文金額合計・支払方法・処理状態（橙色の『入金待ち』『出荷準備』、黒の『購入済み』のバッジ）・『詳細を見る』ボタン。4枚目のカード（店頭受取受注→スマレジ取引）は注文番号がカンマ区切りの3件で青字になっていない。一覧の下にも『件数: 100件』・ページャ・『表示件数 10件』が並び、最後に『マイページへ戻る』ボタンがある。	high	
sheet-8-R005	MATCHED								スマレジの取引データでは表示文言を切り替える（src/Eccube/Resource/template/default/Mypage/shopping_history.twig:102-108 で『購入日』、同:136-142 で取引番号、同:146-153 で『レシートNo』）。	sheet-8_img1.png（レイアウト図）を確認。見出し『購入履歴一覧』、会員名『山田 太郎 様』、上部に『件数: 100件』・ページャ・『表示件数 10件』が並ぶ。明細カードは 注文日／購入日・店舗（オンラインショップ／秋葉原）・注文番号（青字）・レシートNo.（青字）・注文内容・注文金額合計・支払方法・処理状態（橙色の『入金待ち』『出荷準備』、黒の『購入済み』のバッジ）・『詳細を見る』ボタン。4枚目のカード（店頭受取受注→スマレジ取引）は注文番号がカンマ区切りの3件で青字になっていない。一覧の下にも『件数: 100件』・ページャ・『表示件数 10件』が並び、最後に『マイページへ戻る』ボタンがある。	high	
sheet-8-R006	OUT_OF_SCOPE								『※スマレジでは注文を行わないため、注文日を購入日とする等基本設計で確定する』は設計作業の前提と手順を述べた行であり、実装への要求は sheet-8-R015 で判定した。	sheet-8_img1.png（レイアウト図）を確認。見出し『購入履歴一覧』、会員名『山田 太郎 様』、上部に『件数: 100件』・ページャ・『表示件数 10件』が並ぶ。明細カードは 注文日／購入日・店舗（オンラインショップ／秋葉原）・注文番号（青字）・レシートNo.（青字）・注文内容・注文金額合計・支払方法・処理状態（橙色の『入金待ち』『出荷準備』、黒の『購入済み』のバッジ）・『詳細を見る』ボタン。4枚目のカード（店頭受取受注→スマレジ取引）は注文番号がカンマ区切りの3件で青字になっていない。一覧の下にも『件数: 100件』・ページャ・『表示件数 10件』が並び、最後に『マイページへ戻る』ボタンがある。	high	
sheet-8-R007	MATCHED								スマレジ取引・店頭受取受注→スマレジ取引の支払方法は『店頭支払』固定で出る（src/Eccube/Resource/template/default/Mypage/shopping_history.twig:173-179、文言は src/Eccube/Resource/locale/messages.ja.yaml:1006）。	sheet-8_img1.png（レイアウト図）を確認。見出し『購入履歴一覧』、会員名『山田 太郎 様』、上部に『件数: 100件』・ページャ・『表示件数 10件』が並ぶ。明細カードは 注文日／購入日・店舗（オンラインショップ／秋葉原）・注文番号（青字）・レシートNo.（青字）・注文内容・注文金額合計・支払方法・処理状態（橙色の『入金待ち』『出荷準備』、黒の『購入済み』のバッジ）・『詳細を見る』ボタン。4枚目のカード（店頭受取受注→スマレジ取引）は注文番号がカンマ区切りの3件で青字になっていない。一覧の下にも『件数: 100件』・ページャ・『表示件数 10件』が並び、最後に『マイページへ戻る』ボタンがある。	high	
sheet-8-R008	MATCHED								スマレジの取引データでは処理状態の行を出さない（src/Eccube/Resource/template/default/Mypage/shopping_history.twig:193-201 で EC・店頭受取受注のときだけ表示する）。	sheet-8_img1.png（レイアウト図）を確認。見出し『購入履歴一覧』、会員名『山田 太郎 様』、上部に『件数: 100件』・ページャ・『表示件数 10件』が並ぶ。明細カードは 注文日／購入日・店舗（オンラインショップ／秋葉原）・注文番号（青字）・レシートNo.（青字）・注文内容・注文金額合計・支払方法・処理状態（橙色の『入金待ち』『出荷準備』、黒の『購入済み』のバッジ）・『詳細を見る』ボタン。4枚目のカード（店頭受取受注→スマレジ取引）は注文番号がカンマ区切りの3件で青字になっていない。一覧の下にも『件数: 100件』・ページャ・『表示件数 10件』が並び、最後に『マイページへ戻る』ボタンがある。	high	
sheet-8-R009	OUT_OF_SCOPE								「カスタマイズ要件に記載の内容以外は現行踏襲とする。」は適用方針の宣言で、個別の挙動を定めていない。	sheet-8_img1.png（レイアウト図）を確認。見出し『購入履歴一覧』、会員名『山田 太郎 様』、上部に『件数: 100件』・ページャ・『表示件数 10件』が並ぶ。明細カードは 注文日／購入日・店舗（オンラインショップ／秋葉原）・注文番号（青字）・レシートNo.（青字）・注文内容・注文金額合計・支払方法・処理状態（橙色の『入金待ち』『出荷準備』、黒の『購入済み』のバッジ）・『詳細を見る』ボタン。4枚目のカード（店頭受取受注→スマレジ取引）は注文番号がカンマ区切りの3件で青字になっていない。一覧の下にも『件数: 100件』・ページャ・『表示件数 10件』が並び、最後に『マイページへ戻る』ボタンがある。	high	
sheet-8-R010	OUT_OF_SCOPE								機能仕様の小見出し『・表示について』であり、それ自体は要求ではない。	sheet-8_img1.png（レイアウト図）を確認。見出し『購入履歴一覧』、会員名『山田 太郎 様』、上部に『件数: 100件』・ページャ・『表示件数 10件』が並ぶ。明細カードは 注文日／購入日・店舗（オンラインショップ／秋葉原）・注文番号（青字）・レシートNo.（青字）・注文内容・注文金額合計・支払方法・処理状態（橙色の『入金待ち』『出荷準備』、黒の『購入済み』のバッジ）・『詳細を見る』ボタン。4枚目のカード（店頭受取受注→スマレジ取引）は注文番号がカンマ区切りの3件で青字になっていない。一覧の下にも『件数: 100件』・ページャ・『表示件数 10件』が並び、最後に『マイページへ戻る』ボタンがある。	high	
sheet-8-R011	MATCHED								店舗の行が追加されている（src/Eccube/Resource/template/default/Mypage/shopping_history.twig:115-125）。	sheet-8_img1.png（レイアウト図）を確認。見出し『購入履歴一覧』、会員名『山田 太郎 様』、上部に『件数: 100件』・ページャ・『表示件数 10件』が並ぶ。明細カードは 注文日／購入日・店舗（オンラインショップ／秋葉原）・注文番号（青字）・レシートNo.（青字）・注文内容・注文金額合計・支払方法・処理状態（橙色の『入金待ち』『出荷準備』、黒の『購入済み』のバッジ）・『詳細を見る』ボタン。4枚目のカード（店頭受取受注→スマレジ取引）は注文番号がカンマ区切りの3件で青字になっていない。一覧の下にも『件数: 100件』・ページャ・『表示件数 10件』が並び、最後に『マイページへ戻る』ボタンがある。	high	
sheet-8-R012	MATCHED								ECの注文では店舗に『オンラインショップ』と出る（src/Eccube/Resource/template/default/Mypage/shopping_history.twig:119-120、文言は src/Eccube/Resource/locale/messages.ja.yaml:294）。	sheet-8_img1.png（レイアウト図）を確認。見出し『購入履歴一覧』、会員名『山田 太郎 様』、上部に『件数: 100件』・ページャ・『表示件数 10件』が並ぶ。明細カードは 注文日／購入日・店舗（オンラインショップ／秋葉原）・注文番号（青字）・レシートNo.（青字）・注文内容・注文金額合計・支払方法・処理状態（橙色の『入金待ち』『出荷準備』、黒の『購入済み』のバッジ）・『詳細を見る』ボタン。4枚目のカード（店頭受取受注→スマレジ取引）は注文番号がカンマ区切りの3件で青字になっていない。一覧の下にも『件数: 100件』・ページャ・『表示件数 10件』が並び、最後に『マイページへ戻る』ボタンがある。	high	
sheet-8-R013	MATCHED								スマレジの取引データでは項目名を差し替える（src/Eccube/Resource/template/default/Mypage/shopping_history.twig:102-108 の購入日、同:136-142 の取引番号）。	sheet-8_img1.png（レイアウト図）を確認。見出し『購入履歴一覧』、会員名『山田 太郎 様』、上部に『件数: 100件』・ページャ・『表示件数 10件』が並ぶ。明細カードは 注文日／購入日・店舗（オンラインショップ／秋葉原）・注文番号（青字）・レシートNo.（青字）・注文内容・注文金額合計・支払方法・処理状態（橙色の『入金待ち』『出荷準備』、黒の『購入済み』のバッジ）・『詳細を見る』ボタン。4枚目のカード（店頭受取受注→スマレジ取引）は注文番号がカンマ区切りの3件で青字になっていない。一覧の下にも『件数: 100件』・ページャ・『表示件数 10件』が並び、最後に『マイページへ戻る』ボタンがある。	high	
sheet-8-R014	DESIGN_ISSUE				・注文番号を取引番号に変更				機能仕様は『スマレジの取引データの場合は注文番号を取引番号に変更』と定める一方、項目表の識別ID9は『店頭受取受注→スマレジ取引の場合、注文番号項目に表示されている注文番号にはリンクを設定しない』と同じ欄を注文番号と呼び、レイアウト図（sheet-8_img1.png）の4枚目のカードも項目名を『注文番号』と描いている。正本内部で項目名が食い違う。実装は取引番号側に従っている（src/Eccube/Resource/template/default/Mypage/shopping_history.twig:136-142、文言は src/Eccube/Resource/locale/messages.ja.yaml:991）ため、どちらが正かの設計裁定が要る。	sheet-8_img1.png（レイアウト図）を確認。見出し『購入履歴一覧』、会員名『山田 太郎 様』、上部に『件数: 100件』・ページャ・『表示件数 10件』が並ぶ。明細カードは 注文日／購入日・店舗（オンラインショップ／秋葉原）・注文番号（青字）・レシートNo.（青字）・注文内容・注文金額合計・支払方法・処理状態（橙色の『入金待ち』『出荷準備』、黒の『購入済み』のバッジ）・『詳細を見る』ボタン。4枚目のカード（店頭受取受注→スマレジ取引）は注文番号がカンマ区切りの3件で青字になっていない。一覧の下にも『件数: 100件』・ページャ・『表示件数 10件』が並び、最後に『マイページへ戻る』ボタンがある。	med	
sheet-8-R015	MATCHED								スマレジの取引データでは『注文日』ではなく『購入日』と出る（src/Eccube/Resource/template/default/Mypage/shopping_history.twig:102-108、文言は src/Eccube/Resource/locale/messages.ja.yaml:993）。	sheet-8_img1.png（レイアウト図）を確認。見出し『購入履歴一覧』、会員名『山田 太郎 様』、上部に『件数: 100件』・ページャ・『表示件数 10件』が並ぶ。明細カードは 注文日／購入日・店舗（オンラインショップ／秋葉原）・注文番号（青字）・レシートNo.（青字）・注文内容・注文金額合計・支払方法・処理状態（橙色の『入金待ち』『出荷準備』、黒の『購入済み』のバッジ）・『詳細を見る』ボタン。4枚目のカード（店頭受取受注→スマレジ取引）は注文番号がカンマ区切りの3件で青字になっていない。一覧の下にも『件数: 100件』・ページャ・『表示件数 10件』が並び、最後に『マイページへ戻る』ボタンがある。	high	
sheet-8-R016	MATCHED								スマレジの取引データで非表示にする項目がある（src/Eccube/Resource/template/default/Mypage/shopping_history.twig:193-201）。	sheet-8_img1.png（レイアウト図）を確認。見出し『購入履歴一覧』、会員名『山田 太郎 様』、上部に『件数: 100件』・ページャ・『表示件数 10件』が並ぶ。明細カードは 注文日／購入日・店舗（オンラインショップ／秋葉原）・注文番号（青字）・レシートNo.（青字）・注文内容・注文金額合計・支払方法・処理状態（橙色の『入金待ち』『出荷準備』、黒の『購入済み』のバッジ）・『詳細を見る』ボタン。4枚目のカード（店頭受取受注→スマレジ取引）は注文番号がカンマ区切りの3件で青字になっていない。一覧の下にも『件数: 100件』・ページャ・『表示件数 10件』が並び、最後に『マイページへ戻る』ボタンがある。	high	
sheet-8-R017	MATCHED								スマレジの取引データでは注文状態（処理状態）の行を出さない（src/Eccube/Resource/template/default/Mypage/shopping_history.twig:193-201）。	sheet-8_img1.png（レイアウト図）を確認。見出し『購入履歴一覧』、会員名『山田 太郎 様』、上部に『件数: 100件』・ページャ・『表示件数 10件』が並ぶ。明細カードは 注文日／購入日・店舗（オンラインショップ／秋葉原）・注文番号（青字）・レシートNo.（青字）・注文内容・注文金額合計・支払方法・処理状態（橙色の『入金待ち』『出荷準備』、黒の『購入済み』のバッジ）・『詳細を見る』ボタン。4枚目のカード（店頭受取受注→スマレジ取引）は注文番号がカンマ区切りの3件で青字になっていない。一覧の下にも『件数: 100件』・ページャ・『表示件数 10件』が並び、最後に『マイページへ戻る』ボタンがある。	high	
sheet-8-R018	MATCHED								店頭受取受注→スマレジ取引の行では注文番号にリンクを張らず、注文購入履歴詳細画面へ遷移させない（src/Eccube/Resource/template/default/Mypage/shopping_history.twig:136-142）。	sheet-8_img1.png（レイアウト図）を確認。見出し『購入履歴一覧』、会員名『山田 太郎 様』、上部に『件数: 100件』・ページャ・『表示件数 10件』が並ぶ。明細カードは 注文日／購入日・店舗（オンラインショップ／秋葉原）・注文番号（青字）・レシートNo.（青字）・注文内容・注文金額合計・支払方法・処理状態（橙色の『入金待ち』『出荷準備』、黒の『購入済み』のバッジ）・『詳細を見る』ボタン。4枚目のカード（店頭受取受注→スマレジ取引）は注文番号がカンマ区切りの3件で青字になっていない。一覧の下にも『件数: 100件』・ページャ・『表示件数 10件』が並び、最後に『マイページへ戻る』ボタンがある。	high	
sheet-8-R019	OUT_OF_SCOPE								機能仕様の小見出し『★注文番号について』であり、それ自体は要求ではない。	sheet-8_img1.png（レイアウト図）を確認。見出し『購入履歴一覧』、会員名『山田 太郎 様』、上部に『件数: 100件』・ページャ・『表示件数 10件』が並ぶ。明細カードは 注文日／購入日・店舗（オンラインショップ／秋葉原）・注文番号（青字）・レシートNo.（青字）・注文内容・注文金額合計・支払方法・処理状態（橙色の『入金待ち』『出荷準備』、黒の『購入済み』のバッジ）・『詳細を見る』ボタン。4枚目のカード（店頭受取受注→スマレジ取引）は注文番号がカンマ区切りの3件で青字になっていない。一覧の下にも『件数: 100件』・ページャ・『表示件数 10件』が並び、最後に『マイページへ戻る』ボタンがある。	high	
sheet-8-R020	MATCHED								EC・店頭受取受注（スムーズ店頭受取を含む）ではその注文の注文番号を出す（src/Eccube/Resource/template/default/Mypage/shopping_history.twig:128-134）。	sheet-8_img1.png（レイアウト図）を確認。見出し『購入履歴一覧』、会員名『山田 太郎 様』、上部に『件数: 100件』・ページャ・『表示件数 10件』が並ぶ。明細カードは 注文日／購入日・店舗（オンラインショップ／秋葉原）・注文番号（青字）・レシートNo.（青字）・注文内容・注文金額合計・支払方法・処理状態（橙色の『入金待ち』『出荷準備』、黒の『購入済み』のバッジ）・『詳細を見る』ボタン。4枚目のカード（店頭受取受注→スマレジ取引）は注文番号がカンマ区切りの3件で青字になっていない。一覧の下にも『件数: 100件』・ページャ・『表示件数 10件』が並び、最後に『マイページへ戻る』ボタンがある。	high	
sheet-8-R021	MATCHED								スマレジ決済のみの行では注文番号の行を出さない（src/Eccube/Resource/template/default/Mypage/shopping_history.twig:128-143 のどちらの条件にも当たらず何も出ない）。	sheet-8_img1.png（レイアウト図）を確認。見出し『購入履歴一覧』、会員名『山田 太郎 様』、上部に『件数: 100件』・ページャ・『表示件数 10件』が並ぶ。明細カードは 注文日／購入日・店舗（オンラインショップ／秋葉原）・注文番号（青字）・レシートNo.（青字）・注文内容・注文金額合計・支払方法・処理状態（橙色の『入金待ち』『出荷準備』、黒の『購入済み』のバッジ）・『詳細を見る』ボタン。4枚目のカード（店頭受取受注→スマレジ取引）は注文番号がカンマ区切りの3件で青字になっていない。一覧の下にも『件数: 100件』・ページャ・『表示件数 10件』が並び、最後に『マイページへ戻る』ボタンがある。	high	
sheet-8-R022	MATCHED								店頭受取受注をスマレジ決済した行では統合前の注文番号を出す（src/Eccube/Resource/template/default/Mypage/shopping_history.twig:136-142、値の組み立ては src/Eccube/Repository/OrderRepository.php:2298-2316）。	sheet-8_img1.png（レイアウト図）を確認。見出し『購入履歴一覧』、会員名『山田 太郎 様』、上部に『件数: 100件』・ページャ・『表示件数 10件』が並ぶ。明細カードは 注文日／購入日・店舗（オンラインショップ／秋葉原）・注文番号（青字）・レシートNo.（青字）・注文内容・注文金額合計・支払方法・処理状態（橙色の『入金待ち』『出荷準備』、黒の『購入済み』のバッジ）・『詳細を見る』ボタン。4枚目のカード（店頭受取受注→スマレジ取引）は注文番号がカンマ区切りの3件で青字になっていない。一覧の下にも『件数: 100件』・ページャ・『表示件数 10件』が並び、最後に『マイページへ戻る』ボタンがある。	high	
sheet-8-R023	MATCHED								統合前の注文番号にはリンクを張っていない（src/Eccube/Resource/template/default/Mypage/shopping_history.twig:136-142）。	sheet-8_img1.png（レイアウト図）を確認。見出し『購入履歴一覧』、会員名『山田 太郎 様』、上部に『件数: 100件』・ページャ・『表示件数 10件』が並ぶ。明細カードは 注文日／購入日・店舗（オンラインショップ／秋葉原）・注文番号（青字）・レシートNo.（青字）・注文内容・注文金額合計・支払方法・処理状態（橙色の『入金待ち』『出荷準備』、黒の『購入済み』のバッジ）・『詳細を見る』ボタン。4枚目のカード（店頭受取受注→スマレジ取引）は注文番号がカンマ区切りの3件で青字になっていない。一覧の下にも『件数: 100件』・ページャ・『表示件数 10件』が並び、最後に『マイページへ戻る』ボタンがある。	high	
sheet-8-R024	MATCHED								複数の店頭受取をまとめた場合はカンマ区切りで並べる（src/Eccube/Resource/template/default/Mypage/shopping_history.twig:140）。	sheet-8_img1.png（レイアウト図）を確認。見出し『購入履歴一覧』、会員名『山田 太郎 様』、上部に『件数: 100件』・ページャ・『表示件数 10件』が並ぶ。明細カードは 注文日／購入日・店舗（オンラインショップ／秋葉原）・注文番号（青字）・レシートNo.（青字）・注文内容・注文金額合計・支払方法・処理状態（橙色の『入金待ち』『出荷準備』、黒の『購入済み』のバッジ）・『詳細を見る』ボタン。4枚目のカード（店頭受取受注→スマレジ取引）は注文番号がカンマ区切りの3件で青字になっていない。一覧の下にも『件数: 100件』・ページャ・『表示件数 10件』が並び、最後に『マイページへ戻る』ボタンがある。	high	
sheet-8-R025	OUT_OF_SCOPE								機能仕様の小見出し『★支払方法の表示について』であり、それ自体は要求ではない。	sheet-8_img1.png（レイアウト図）を確認。見出し『購入履歴一覧』、会員名『山田 太郎 様』、上部に『件数: 100件』・ページャ・『表示件数 10件』が並ぶ。明細カードは 注文日／購入日・店舗（オンラインショップ／秋葉原）・注文番号（青字）・レシートNo.（青字）・注文内容・注文金額合計・支払方法・処理状態（橙色の『入金待ち』『出荷準備』、黒の『購入済み』のバッジ）・『詳細を見る』ボタン。4枚目のカード（店頭受取受注→スマレジ取引）は注文番号がカンマ区切りの3件で青字になっていない。一覧の下にも『件数: 100件』・ページャ・『表示件数 10件』が並び、最後に『マイページへ戻る』ボタンがある。	high	
sheet-8-R026	MATCHED								スマレジ取引の支払方法は『店頭支払』固定で出る（src/Eccube/Resource/template/default/Mypage/shopping_history.twig:173-179）。	sheet-8_img1.png（レイアウト図）を確認。見出し『購入履歴一覧』、会員名『山田 太郎 様』、上部に『件数: 100件』・ページャ・『表示件数 10件』が並ぶ。明細カードは 注文日／購入日・店舗（オンラインショップ／秋葉原）・注文番号（青字）・レシートNo.（青字）・注文内容・注文金額合計・支払方法・処理状態（橙色の『入金待ち』『出荷準備』、黒の『購入済み』のバッジ）・『詳細を見る』ボタン。4枚目のカード（店頭受取受注→スマレジ取引）は注文番号がカンマ区切りの3件で青字になっていない。一覧の下にも『件数: 100件』・ページャ・『表示件数 10件』が並び、最後に『マイページへ戻る』ボタンがある。	high	
sheet-8-R027	OUT_OF_SCOPE								項目表のヘッダ行の続き（『または最大値／初期値／画面部品の説明／EC』）であり、要求ではない。	sheet-8_img1.png（レイアウト図）を確認。見出し『購入履歴一覧』、会員名『山田 太郎 様』、上部に『件数: 100件』・ページャ・『表示件数 10件』が並ぶ。明細カードは 注文日／購入日・店舗（オンラインショップ／秋葉原）・注文番号（青字）・レシートNo.（青字）・注文内容・注文金額合計・支払方法・処理状態（橙色の『入金待ち』『出荷準備』、黒の『購入済み』のバッジ）・『詳細を見る』ボタン。4枚目のカード（店頭受取受注→スマレジ取引）は注文番号がカンマ区切りの3件で青字になっていない。一覧の下にも『件数: 100件』・ページャ・『表示件数 10件』が並び、最後に『マイページへ戻る』ボタンがある。	high	
sheet-8-R028	OUT_OF_SCOPE								項目表のヘッダ行の続き（対象区分の列名『（スムーズ含む）／店頭受取受注／店頭受取受注→スマレジ取引／スマレジ取引』）であり、要求ではない。	sheet-8_img1.png（レイアウト図）を確認。見出し『購入履歴一覧』、会員名『山田 太郎 様』、上部に『件数: 100件』・ページャ・『表示件数 10件』が並ぶ。明細カードは 注文日／購入日・店舗（オンラインショップ／秋葉原）・注文番号（青字）・レシートNo.（青字）・注文内容・注文金額合計・支払方法・処理状態（橙色の『入金待ち』『出荷準備』、黒の『購入済み』のバッジ）・『詳細を見る』ボタン。4枚目のカード（店頭受取受注→スマレジ取引）は注文番号がカンマ区切りの3件で青字になっていない。一覧の下にも『件数: 100件』・ページャ・『表示件数 10件』が並び、最後に『マイページへ戻る』ボタンがある。	high	
sheet-8-R029	MATCHED								会員名を出す（src/Eccube/Resource/template/default/Mypage/shopping_history.twig:57-59）。	sheet-8_img1.png（レイアウト図）を確認。見出し『購入履歴一覧』、会員名『山田 太郎 様』、上部に『件数: 100件』・ページャ・『表示件数 10件』が並ぶ。明細カードは 注文日／購入日・店舗（オンラインショップ／秋葉原）・注文番号（青字）・レシートNo.（青字）・注文内容・注文金額合計・支払方法・処理状態（橙色の『入金待ち』『出荷準備』、黒の『購入済み』のバッジ）・『詳細を見る』ボタン。4枚目のカード（店頭受取受注→スマレジ取引）は注文番号がカンマ区切りの3件で青字になっていない。一覧の下にも『件数: 100件』・ページャ・『表示件数 10件』が並び、最後に『マイページへ戻る』ボタンがある。	high	
sheet-8-R030	MATCHED								件数を出す（src/Eccube/Resource/template/default/Mypage/shopping_history.twig:61-63）。	sheet-8_img1.png（レイアウト図）を確認。見出し『購入履歴一覧』、会員名『山田 太郎 様』、上部に『件数: 100件』・ページャ・『表示件数 10件』が並ぶ。明細カードは 注文日／購入日・店舗（オンラインショップ／秋葉原）・注文番号（青字）・レシートNo.（青字）・注文内容・注文金額合計・支払方法・処理状態（橙色の『入金待ち』『出荷準備』、黒の『購入済み』のバッジ）・『詳細を見る』ボタン。4枚目のカード（店頭受取受注→スマレジ取引）は注文番号がカンマ区切りの3件で青字になっていない。一覧の下にも『件数: 100件』・ページャ・『表示件数 10件』が並び、最後に『マイページへ戻る』ボタンがある。	high	
sheet-8-R031	MATCHED								ページングのリンクから選んだページへ遷移する（src/Eccube/Resource/template/default/Mypage/shopping_history.twig:64-68、src/Eccube/Resource/template/default/pager.twig:11-70）。	sheet-8_img1.png（レイアウト図）を確認。見出し『購入履歴一覧』、会員名『山田 太郎 様』、上部に『件数: 100件』・ページャ・『表示件数 10件』が並ぶ。明細カードは 注文日／購入日・店舗（オンラインショップ／秋葉原）・注文番号（青字）・レシートNo.（青字）・注文内容・注文金額合計・支払方法・処理状態（橙色の『入金待ち』『出荷準備』、黒の『購入済み』のバッジ）・『詳細を見る』ボタン。4枚目のカード（店頭受取受注→スマレジ取引）は注文番号がカンマ区切りの3件で青字になっていない。一覧の下にも『件数: 100件』・ページャ・『表示件数 10件』が並び、最後に『マイページへ戻る』ボタンがある。	high	
sheet-8-R032	MATCHED								表示件数はプルダウンで、選択肢は10・50・100・300・500・1000・2000・10000・12000（src/Eccube/Form/Type/Front/ShoppingHistoryType.php:50-62、値は src/Eccube/Resource/doctrine/import_csv/ja/mtb_page_max.csv）、初期値は10件（src/Eccube/Controller/Front/Mypage/MypageController.php:303）。表示は src/Eccube/Resource/template/default/Mypage/shopping_history.twig:69-79。選択肢の文字に『件』は付かない。	sheet-8_img1.png（レイアウト図）を確認。見出し『購入履歴一覧』、会員名『山田 太郎 様』、上部に『件数: 100件』・ページャ・『表示件数 10件』が並ぶ。明細カードは 注文日／購入日・店舗（オンラインショップ／秋葉原）・注文番号（青字）・レシートNo.（青字）・注文内容・注文金額合計・支払方法・処理状態（橙色の『入金待ち』『出荷準備』、黒の『購入済み』のバッジ）・『詳細を見る』ボタン。4枚目のカード（店頭受取受注→スマレジ取引）は注文番号がカンマ区切りの3件で青字になっていない。一覧の下にも『件数: 100件』・ページャ・『表示件数 10件』が並び、最後に『マイページへ戻る』ボタンがある。	med	
sheet-8-R033	MATCHED								店頭受取受注→スマレジ取引では店頭受取したデータの注文日を購入日として出し、複数取引のときは一番古い注文日を採る（src/Eccube/Resource/template/default/Mypage/shopping_history.twig:102-104、src/Eccube/Repository/OrderRepository.php:2294-2311）。	sheet-8_img1.png（レイアウト図）を確認。見出し『購入履歴一覧』、会員名『山田 太郎 様』、上部に『件数: 100件』・ページャ・『表示件数 10件』が並ぶ。明細カードは 注文日／購入日・店舗（オンラインショップ／秋葉原）・注文番号（青字）・レシートNo.（青字）・注文内容・注文金額合計・支払方法・処理状態（橙色の『入金待ち』『出荷準備』、黒の『購入済み』のバッジ）・『詳細を見る』ボタン。4枚目のカード（店頭受取受注→スマレジ取引）は注文番号がカンマ区切りの3件で青字になっていない。一覧の下にも『件数: 100件』・ページャ・『表示件数 10件』が並び、最後に『マイページへ戻る』ボタンがある。	high	
sheet-8-R034	MATCHED								EC・店頭受取受注では注文日を出す（src/Eccube/Resource/template/default/Mypage/shopping_history.twig:109-113）。	sheet-8_img1.png（レイアウト図）を確認。見出し『購入履歴一覧』、会員名『山田 太郎 様』、上部に『件数: 100件』・ページャ・『表示件数 10件』が並ぶ。明細カードは 注文日／購入日・店舗（オンラインショップ／秋葉原）・注文番号（青字）・レシートNo.（青字）・注文内容・注文金額合計・支払方法・処理状態（橙色の『入金待ち』『出荷準備』、黒の『購入済み』のバッジ）・『詳細を見る』ボタン。4枚目のカード（店頭受取受注→スマレジ取引）は注文番号がカンマ区切りの3件で青字になっていない。一覧の下にも『件数: 100件』・ページャ・『表示件数 10件』が並び、最後に『マイページへ戻る』ボタンがある。	high	
sheet-8-R035	MATCHED								ECの場合は店舗に『オンラインショップ』と出る（src/Eccube/Resource/template/default/Mypage/shopping_history.twig:119-120）。	sheet-8_img1.png（レイアウト図）を確認。見出し『購入履歴一覧』、会員名『山田 太郎 様』、上部に『件数: 100件』・ページャ・『表示件数 10件』が並ぶ。明細カードは 注文日／購入日・店舗（オンラインショップ／秋葉原）・注文番号（青字）・レシートNo.（青字）・注文内容・注文金額合計・支払方法・処理状態（橙色の『入金待ち』『出荷準備』、黒の『購入済み』のバッジ）・『詳細を見る』ボタン。4枚目のカード（店頭受取受注→スマレジ取引）は注文番号がカンマ区切りの3件で青字になっていない。一覧の下にも『件数: 100件』・ページャ・『表示件数 10件』が並び、最後に『マイページへ戻る』ボタンがある。	high	
sheet-8-R036	MATCHED								EC以外は受取店舗の名称を出す（src/Eccube/Resource/template/default/Mypage/shopping_history.twig:121-123、店舗名の取得は src/Eccube/Entity/Traits/TenantTrait.php:31-40）。	sheet-8_img1.png（レイアウト図）を確認。見出し『購入履歴一覧』、会員名『山田 太郎 様』、上部に『件数: 100件』・ページャ・『表示件数 10件』が並ぶ。明細カードは 注文日／購入日・店舗（オンラインショップ／秋葉原）・注文番号（青字）・レシートNo.（青字）・注文内容・注文金額合計・支払方法・処理状態（橙色の『入金待ち』『出荷準備』、黒の『購入済み』のバッジ）・『詳細を見る』ボタン。4枚目のカード（店頭受取受注→スマレジ取引）は注文番号がカンマ区切りの3件で青字になっていない。一覧の下にも『件数: 100件』・ページャ・『表示件数 10件』が並び、最後に『マイページへ戻る』ボタンがある。	med	
sheet-8-R037	MATCHED								スマレジの取引データではレシート番号を出す（src/Eccube/Resource/template/default/Mypage/shopping_history.twig:146-153）。	sheet-8_img1.png（レイアウト図）を確認。見出し『購入履歴一覧』、会員名『山田 太郎 様』、上部に『件数: 100件』・ページャ・『表示件数 10件』が並ぶ。明細カードは 注文日／購入日・店舗（オンラインショップ／秋葉原）・注文番号（青字）・レシートNo.（青字）・注文内容・注文金額合計・支払方法・処理状態（橙色の『入金待ち』『出荷準備』、黒の『購入済み』のバッジ）・『詳細を見る』ボタン。4枚目のカード（店頭受取受注→スマレジ取引）は注文番号がカンマ区切りの3件で青字になっていない。一覧の下にも『件数: 100件』・ページャ・『表示件数 10件』が並び、最後に『マイページへ戻る』ボタンがある。	high	
sheet-8-R038	UNVERIFIABLE								『※レシートの最下部に印字される番号』は、画面に出る番号がレシート紙面のどの位置の番号かという実物との対応であり、静的な突合では確認できない。画面はスマレジ側から受け取ったレシート番号をそのまま出している（src/Eccube/Resource/template/default/Mypage/shopping_history.twig:150）。	sheet-8_img1.png（レイアウト図）を確認。見出し『購入履歴一覧』、会員名『山田 太郎 様』、上部に『件数: 100件』・ページャ・『表示件数 10件』が並ぶ。明細カードは 注文日／購入日・店舗（オンラインショップ／秋葉原）・注文番号（青字）・レシートNo.（青字）・注文内容・注文金額合計・支払方法・処理状態（橙色の『入金待ち』『出荷準備』、黒の『購入済み』のバッジ）・『詳細を見る』ボタン。4枚目のカード（店頭受取受注→スマレジ取引）は注文番号がカンマ区切りの3件で青字になっていない。一覧の下にも『件数: 100件』・ページャ・『表示件数 10件』が並び、最後に『マイページへ戻る』ボタンがある。	low	
sheet-8-R039	MATCHED								EC・店頭受取受注ではその注文の注文番号を出す（src/Eccube/Resource/template/default/Mypage/shopping_history.twig:128-134）。	sheet-8_img1.png（レイアウト図）を確認。見出し『購入履歴一覧』、会員名『山田 太郎 様』、上部に『件数: 100件』・ページャ・『表示件数 10件』が並ぶ。明細カードは 注文日／購入日・店舗（オンラインショップ／秋葉原）・注文番号（青字）・レシートNo.（青字）・注文内容・注文金額合計・支払方法・処理状態（橙色の『入金待ち』『出荷準備』、黒の『購入済み』のバッジ）・『詳細を見る』ボタン。4枚目のカード（店頭受取受注→スマレジ取引）は注文番号がカンマ区切りの3件で青字になっていない。一覧の下にも『件数: 100件』・ページャ・『表示件数 10件』が並び、最後に『マイページへ戻る』ボタンがある。	high	
sheet-8-R040	MATCHED								店頭受取受注をスマレジ決済した行では統合前の注文番号を出す（src/Eccube/Resource/template/default/Mypage/shopping_history.twig:136-142）。	sheet-8_img1.png（レイアウト図）を確認。見出し『購入履歴一覧』、会員名『山田 太郎 様』、上部に『件数: 100件』・ページャ・『表示件数 10件』が並ぶ。明細カードは 注文日／購入日・店舗（オンラインショップ／秋葉原）・注文番号（青字）・レシートNo.（青字）・注文内容・注文金額合計・支払方法・処理状態（橙色の『入金待ち』『出荷準備』、黒の『購入済み』のバッジ）・『詳細を見る』ボタン。4枚目のカード（店頭受取受注→スマレジ取引）は注文番号がカンマ区切りの3件で青字になっていない。一覧の下にも『件数: 100件』・ページャ・『表示件数 10件』が並び、最後に『マイページへ戻る』ボタンがある。	high	
sheet-8-R041	MATCHED								スマレジ決済のみの行では注文番号を出さない（src/Eccube/Resource/template/default/Mypage/shopping_history.twig:128-143）。	sheet-8_img1.png（レイアウト図）を確認。見出し『購入履歴一覧』、会員名『山田 太郎 様』、上部に『件数: 100件』・ページャ・『表示件数 10件』が並ぶ。明細カードは 注文日／購入日・店舗（オンラインショップ／秋葉原）・注文番号（青字）・レシートNo.（青字）・注文内容・注文金額合計・支払方法・処理状態（橙色の『入金待ち』『出荷準備』、黒の『購入済み』のバッジ）・『詳細を見る』ボタン。4枚目のカード（店頭受取受注→スマレジ取引）は注文番号がカンマ区切りの3件で青字になっていない。一覧の下にも『件数: 100件』・ページャ・『表示件数 10件』が並び、最後に『マイページへ戻る』ボタンがある。	high	
sheet-8-R042	MATCHED								店頭受取受注→スマレジ取引の行の注文番号にはリンクを張っていない（src/Eccube/Resource/template/default/Mypage/shopping_history.twig:136-142）。	sheet-8_img1.png（レイアウト図）を確認。見出し『購入履歴一覧』、会員名『山田 太郎 様』、上部に『件数: 100件』・ページャ・『表示件数 10件』が並ぶ。明細カードは 注文日／購入日・店舗（オンラインショップ／秋葉原）・注文番号（青字）・レシートNo.（青字）・注文内容・注文金額合計・支払方法・処理状態（橙色の『入金待ち』『出荷準備』、黒の『購入済み』のバッジ）・『詳細を見る』ボタン。4枚目のカード（店頭受取受注→スマレジ取引）は注文番号がカンマ区切りの3件で青字になっていない。一覧の下にも『件数: 100件』・ページャ・『表示件数 10件』が並び、最後に『マイページへ戻る』ボタンがある。	high	
sheet-8-R043	MATCHED								注文内容を出す（src/Eccube/Resource/template/default/Mypage/shopping_history.twig:155-167）。	sheet-8_img1.png（レイアウト図）を確認。見出し『購入履歴一覧』、会員名『山田 太郎 様』、上部に『件数: 100件』・ページャ・『表示件数 10件』が並ぶ。明細カードは 注文日／購入日・店舗（オンラインショップ／秋葉原）・注文番号（青字）・レシートNo.（青字）・注文内容・注文金額合計・支払方法・処理状態（橙色の『入金待ち』『出荷準備』、黒の『購入済み』のバッジ）・『詳細を見る』ボタン。4枚目のカード（店頭受取受注→スマレジ取引）は注文番号がカンマ区切りの3件で青字になっていない。一覧の下にも『件数: 100件』・ページャ・『表示件数 10件』が並び、最後に『マイページへ戻る』ボタンがある。	high	
sheet-8-R044	MATCHED								注文金額合計を出す（src/Eccube/Resource/template/default/Mypage/shopping_history.twig:169-172）。	sheet-8_img1.png（レイアウト図）を確認。見出し『購入履歴一覧』、会員名『山田 太郎 様』、上部に『件数: 100件』・ページャ・『表示件数 10件』が並ぶ。明細カードは 注文日／購入日・店舗（オンラインショップ／秋葉原）・注文番号（青字）・レシートNo.（青字）・注文内容・注文金額合計・支払方法・処理状態（橙色の『入金待ち』『出荷準備』、黒の『購入済み』のバッジ）・『詳細を見る』ボタン。4枚目のカード（店頭受取受注→スマレジ取引）は注文番号がカンマ区切りの3件で青字になっていない。一覧の下にも『件数: 100件』・ページャ・『表示件数 10件』が並び、最後に『マイページへ戻る』ボタンがある。	high	
sheet-8-R045	MATCHED								支払方法を出し、スマレジ取引では『店頭支払』とする（src/Eccube/Resource/template/default/Mypage/shopping_history.twig:173-191）。	sheet-8_img1.png（レイアウト図）を確認。見出し『購入履歴一覧』、会員名『山田 太郎 様』、上部に『件数: 100件』・ページャ・『表示件数 10件』が並ぶ。明細カードは 注文日／購入日・店舗（オンラインショップ／秋葉原）・注文番号（青字）・レシートNo.（青字）・注文内容・注文金額合計・支払方法・処理状態（橙色の『入金待ち』『出荷準備』、黒の『購入済み』のバッジ）・『詳細を見る』ボタン。4枚目のカード（店頭受取受注→スマレジ取引）は注文番号がカンマ区切りの3件で青字になっていない。一覧の下にも『件数: 100件』・ページャ・『表示件数 10件』が並び、最後に『マイページへ戻る』ボタンがある。	high	
sheet-8-R046	MATCHED								処理状態はスマレジの取引データでは出さない（src/Eccube/Resource/template/default/Mypage/shopping_history.twig:193-201）。	sheet-8_img1.png（レイアウト図）を確認。見出し『購入履歴一覧』、会員名『山田 太郎 様』、上部に『件数: 100件』・ページャ・『表示件数 10件』が並ぶ。明細カードは 注文日／購入日・店舗（オンラインショップ／秋葉原）・注文番号（青字）・レシートNo.（青字）・注文内容・注文金額合計・支払方法・処理状態（橙色の『入金待ち』『出荷準備』、黒の『購入済み』のバッジ）・『詳細を見る』ボタン。4枚目のカード（店頭受取受注→スマレジ取引）は注文番号がカンマ区切りの3件で青字になっていない。一覧の下にも『件数: 100件』・ページャ・『表示件数 10件』が並び、最後に『マイページへ戻る』ボタンがある。	high	
sheet-8-R047	DRIFT	P2	実装違い	IO	注文ステータスと表示画像の紐付けは「注文ステータスと表示画像の紐付け」シートを参照 ◯ ◯ × ×	処理状態には、別添資料が注文ステータスごとに定めた表示（『出荷準備』『購入済み』など）を出す。	src/Eccube/Resource/template/default/Mypage/shopping_history.twig:194-201	注文ステータスの名称（『ピック中』『入金済み』『出荷指示』など）をそのまま出しており、別添資料の紐付けに従った表示になっていない。	別添資料の表示画像は BOステータスと文言が異なる（BOの『ピック中』『入金済み』『出荷指示』はいずれも『出荷準備』）。実装にはこの読み替えが無い。sheet-8-R002 と同じ実装欠陥。	sheet-8_img1.png（レイアウト図）を確認。見出し『購入履歴一覧』、会員名『山田 太郎 様』、上部に『件数: 100件』・ページャ・『表示件数 10件』が並ぶ。明細カードは 注文日／購入日・店舗（オンラインショップ／秋葉原）・注文番号（青字）・レシートNo.（青字）・注文内容・注文金額合計・支払方法・処理状態（橙色の『入金待ち』『出荷準備』、黒の『購入済み』のバッジ）・『詳細を見る』ボタン。4枚目のカード（店頭受取受注→スマレジ取引）は注文番号がカンマ区切りの3件で青字になっていない。一覧の下にも『件数: 100件』・ページャ・『表示件数 10件』が並び、最後に『マイページへ戻る』ボタンがある。	med	shopping_history.twig-status-image-mapping-missing
sheet-8-R048	MATCHED								『詳細を見る』ボタンから注文購入履歴詳細画面へ遷移する（src/Eccube/Resource/template/default/Mypage/shopping_history.twig:203-207）。	sheet-8_img1.png（レイアウト図）を確認。見出し『購入履歴一覧』、会員名『山田 太郎 様』、上部に『件数: 100件』・ページャ・『表示件数 10件』が並ぶ。明細カードは 注文日／購入日・店舗（オンラインショップ／秋葉原）・注文番号（青字）・レシートNo.（青字）・注文内容・注文金額合計・支払方法・処理状態（橙色の『入金待ち』『出荷準備』、黒の『購入済み』のバッジ）・『詳細を見る』ボタン。4枚目のカード（店頭受取受注→スマレジ取引）は注文番号がカンマ区切りの3件で青字になっていない。一覧の下にも『件数: 100件』・ページャ・『表示件数 10件』が並び、最後に『マイページへ戻る』ボタンがある。	high	
sheet-8-R049	NOT_IMPLEMENTED	P3	未実装	IO	15 件数 ラベル - - -  ◯ ◯ ◯ ◯ 16 ページング リンク - - - 選択したページへ遷移する ◯ ◯ ◯ ◯	一覧の下にも件数を出す。	src/Eccube/Resource/template/default/Mypage/shopping_history.twig:212-216	一覧の下にはページャだけがあり、件数の表示が無い。	項目表は一覧の下にも識別ID15の件数を置き（4区分すべて◯）、レイアウト図でも下部に『件数: 100件』が描かれているが、実装の下部にはページャしか無い。	sheet-8_img1.png（レイアウト図）を確認。見出し『購入履歴一覧』、会員名『山田 太郎 様』、上部に『件数: 100件』・ページャ・『表示件数 10件』が並ぶ。明細カードは 注文日／購入日・店舗（オンラインショップ／秋葉原）・注文番号（青字）・レシートNo.（青字）・注文内容・注文金額合計・支払方法・処理状態（橙色の『入金待ち』『出荷準備』、黒の『購入済み』のバッジ）・『詳細を見る』ボタン。4枚目のカード（店頭受取受注→スマレジ取引）は注文番号がカンマ区切りの3件で青字になっていない。一覧の下にも『件数: 100件』・ページャ・『表示件数 10件』が並び、最後に『マイページへ戻る』ボタンがある。	high	shopping_history.twig-bottom-toolbar-missing
sheet-8-R050	MATCHED								一覧の下のページングから選んだページへ遷移する（src/Eccube/Resource/template/default/Mypage/shopping_history.twig:212-216）。	sheet-8_img1.png（レイアウト図）を確認。見出し『購入履歴一覧』、会員名『山田 太郎 様』、上部に『件数: 100件』・ページャ・『表示件数 10件』が並ぶ。明細カードは 注文日／購入日・店舗（オンラインショップ／秋葉原）・注文番号（青字）・レシートNo.（青字）・注文内容・注文金額合計・支払方法・処理状態（橙色の『入金待ち』『出荷準備』、黒の『購入済み』のバッジ）・『詳細を見る』ボタン。4枚目のカード（店頭受取受注→スマレジ取引）は注文番号がカンマ区切りの3件で青字になっていない。一覧の下にも『件数: 100件』・ページャ・『表示件数 10件』が並び、最後に『マイページへ戻る』ボタンがある。	high	
sheet-8-R051	NOT_IMPLEMENTED	P3	未実装	IO	17 表示件数 プルダウン - - 10件 選択肢: 10件 50件 100件 300件 500件 1000件 2000件 10000件 12000件 ◯ ◯ ◯ ◯	一覧の下にも表示件数のプルダウン（初期値10件、選択肢は10〜12000件）を出す。	src/Eccube/Resource/template/default/Mypage/shopping_history.twig:212-216	一覧の下にはページャだけがあり、表示件数のプルダウンが無い（上部にのみある）。	sheet-8-R049 と同じ実装欠陥（一覧下部の件数・表示件数が無い）。レイアウト図でも下部に『表示件数 10件』が描かれている。	sheet-8_img1.png（レイアウト図）を確認。見出し『購入履歴一覧』、会員名『山田 太郎 様』、上部に『件数: 100件』・ページャ・『表示件数 10件』が並ぶ。明細カードは 注文日／購入日・店舗（オンラインショップ／秋葉原）・注文番号（青字）・レシートNo.（青字）・注文内容・注文金額合計・支払方法・処理状態（橙色の『入金待ち』『出荷準備』、黒の『購入済み』のバッジ）・『詳細を見る』ボタン。4枚目のカード（店頭受取受注→スマレジ取引）は注文番号がカンマ区切りの3件で青字になっていない。一覧の下にも『件数: 100件』・ページャ・『表示件数 10件』が並び、最後に『マイページへ戻る』ボタンがある。	high	shopping_history.twig-bottom-toolbar-missing
sheet-8-R052	MATCHED								『マイページへ戻る』ボタンがある（src/Eccube/Resource/template/default/Mypage/shopping_history.twig:220-224、文言は src/Eccube/Resource/locale/messages.ja.yaml:233）。	sheet-8_img1.png（レイアウト図）を確認。見出し『購入履歴一覧』、会員名『山田 太郎 様』、上部に『件数: 100件』・ページャ・『表示件数 10件』が並ぶ。明細カードは 注文日／購入日・店舗（オンラインショップ／秋葉原）・注文番号（青字）・レシートNo.（青字）・注文内容・注文金額合計・支払方法・処理状態（橙色の『入金待ち』『出荷準備』、黒の『購入済み』のバッジ）・『詳細を見る』ボタン。4枚目のカード（店頭受取受注→スマレジ取引）は注文番号がカンマ区切りの3件で青字になっていない。一覧の下にも『件数: 100件』・ページャ・『表示件数 10件』が並び、最後に『マイページへ戻る』ボタンがある。	high	
sheet-8-R053	OUT_OF_SCOPE								現行仕様の節見出し（機能ID・機能名の再掲）であり、要求ではない。	sheet-8_img1.png（レイアウト図）を確認。見出し『購入履歴一覧』、会員名『山田 太郎 様』、上部に『件数: 100件』・ページャ・『表示件数 10件』が並ぶ。明細カードは 注文日／購入日・店舗（オンラインショップ／秋葉原）・注文番号（青字）・レシートNo.（青字）・注文内容・注文金額合計・支払方法・処理状態（橙色の『入金待ち』『出荷準備』、黒の『購入済み』のバッジ）・『詳細を見る』ボタン。4枚目のカード（店頭受取受注→スマレジ取引）は注文番号がカンマ区切りの3件で青字になっていない。一覧の下にも『件数: 100件』・ページャ・『表示件数 10件』が並び、最後に『マイページへ戻る』ボタンがある。	high	
sheet-8-R054	OUT_OF_SCOPE								現行仕様の小見出し『画面に出す内容』であり、それ自体は要求ではない。	sheet-8_img1.png（レイアウト図）を確認。見出し『購入履歴一覧』、会員名『山田 太郎 様』、上部に『件数: 100件』・ページャ・『表示件数 10件』が並ぶ。明細カードは 注文日／購入日・店舗（オンラインショップ／秋葉原）・注文番号（青字）・レシートNo.（青字）・注文内容・注文金額合計・支払方法・処理状態（橙色の『入金待ち』『出荷準備』、黒の『購入済み』のバッジ）・『詳細を見る』ボタン。4枚目のカード（店頭受取受注→スマレジ取引）は注文番号がカンマ区切りの3件で青字になっていない。一覧の下にも『件数: 100件』・ページャ・『表示件数 10件』が並び、最後に『マイページへ戻る』ボタンがある。	high	
sheet-8-R055	OUT_OF_SCOPE								表のヘッダ行（『領域／内容』）であり、要求ではない。	sheet-8_img1.png（レイアウト図）を確認。見出し『購入履歴一覧』、会員名『山田 太郎 様』、上部に『件数: 100件』・ページャ・『表示件数 10件』が並ぶ。明細カードは 注文日／購入日・店舗（オンラインショップ／秋葉原）・注文番号（青字）・レシートNo.（青字）・注文内容・注文金額合計・支払方法・処理状態（橙色の『入金待ち』『出荷準備』、黒の『購入済み』のバッジ）・『詳細を見る』ボタン。4枚目のカード（店頭受取受注→スマレジ取引）は注文番号がカンマ区切りの3件で青字になっていない。一覧の下にも『件数: 100件』・ページャ・『表示件数 10件』が並び、最後に『マイページへ戻る』ボタンがある。	high	
sheet-8-R056	MATCHED								画面の見出しに『購入履歴一覧』を出す（src/Eccube/Resource/template/default/Mypage/shopping_history.twig:47、文言は src/Eccube/Resource/locale/messages.ja.yaml:981）。	sheet-8_img1.png（レイアウト図）を確認。見出し『購入履歴一覧』、会員名『山田 太郎 様』、上部に『件数: 100件』・ページャ・『表示件数 10件』が並ぶ。明細カードは 注文日／購入日・店舗（オンラインショップ／秋葉原）・注文番号（青字）・レシートNo.（青字）・注文内容・注文金額合計・支払方法・処理状態（橙色の『入金待ち』『出荷準備』、黒の『購入済み』のバッジ）・『詳細を見る』ボタン。4枚目のカード（店頭受取受注→スマレジ取引）は注文番号がカンマ区切りの3件で青字になっていない。一覧の下にも『件数: 100件』・ページャ・『表示件数 10件』が並び、最後に『マイページへ戻る』ボタンがある。	high	
sheet-8-R057	OUT_OF_SCOPE								現行仕様は件数として全件数と「何件目から何件目まで」を出すとするが、リニューアル後のレイアウト図・項目表（識別ID2の件数）は全件数だけを示しており、後者が優先される。実装も全件数のみを出す（src/Eccube/Resource/template/default/Mypage/shopping_history.twig:61-63）。	sheet-8_img1.png（レイアウト図）を確認。見出し『購入履歴一覧』、会員名『山田 太郎 様』、上部に『件数: 100件』・ページャ・『表示件数 10件』が並ぶ。明細カードは 注文日／購入日・店舗（オンラインショップ／秋葉原）・注文番号（青字）・レシートNo.（青字）・注文内容・注文金額合計・支払方法・処理状態（橙色の『入金待ち』『出荷準備』、黒の『購入済み』のバッジ）・『詳細を見る』ボタン。4枚目のカード（店頭受取受注→スマレジ取引）は注文番号がカンマ区切りの3件で青字になっていない。一覧の下にも『件数: 100件』・ページャ・『表示件数 10件』が並び、最後に『マイページへ戻る』ボタンがある。	high	
sheet-8-R058	MATCHED								注文明細の商品名を列挙し、明細が複数のときはすべて並べる（src/Eccube/Resource/template/default/Mypage/shopping_history.twig:155-167）。	sheet-8_img1.png（レイアウト図）を確認。見出し『購入履歴一覧』、会員名『山田 太郎 様』、上部に『件数: 100件』・ページャ・『表示件数 10件』が並ぶ。明細カードは 注文日／購入日・店舗（オンラインショップ／秋葉原）・注文番号（青字）・レシートNo.（青字）・注文内容・注文金額合計・支払方法・処理状態（橙色の『入金待ち』『出荷準備』、黒の『購入済み』のバッジ）・『詳細を見る』ボタン。4枚目のカード（店頭受取受注→スマレジ取引）は注文番号がカンマ区切りの3件で青字になっていない。一覧の下にも『件数: 100件』・ページャ・『表示件数 10件』が並び、最後に『マイページへ戻る』ボタンがある。	high	
sheet-8-R059	OUT_OF_SCOPE								再購入（この注文内容で再度購入する）の操作は、リニューアル後の項目表（識別ID1〜18）にもレイアウト図にも無く、現行仕様と食い違うため後者が優先され対象外。	sheet-8_img1.png（レイアウト図）を確認。見出し『購入履歴一覧』、会員名『山田 太郎 様』、上部に『件数: 100件』・ページャ・『表示件数 10件』が並ぶ。明細カードは 注文日／購入日・店舗（オンラインショップ／秋葉原）・注文番号（青字）・レシートNo.（青字）・注文内容・注文金額合計・支払方法・処理状態（橙色の『入金待ち』『出荷準備』、黒の『購入済み』のバッジ）・『詳細を見る』ボタン。4枚目のカード（店頭受取受注→スマレジ取引）は注文番号がカンマ区切りの3件で青字になっていない。一覧の下にも『件数: 100件』・ページャ・『表示件数 10件』が並び、最後に『マイページへ戻る』ボタンがある。	high	
sheet-8-R060	NOT_IMPLEMENTED	P3	未実装	ふるまい	処理状態からの遷移 処理状態の表示から注文購入履歴詳細へ遷移できる	処理状態の表示を押すと注文購入履歴詳細画面へ移動できる。	src/Eccube/Resource/template/default/Mypage/shopping_history.twig:194-201	処理状態はラベルとして出るだけで、押しても移動しない。詳細への移動は『詳細を見る』ボタンと注文番号のリンクだけである。	カスタマイズ要件は処理状態について画像の変更とスマレジ時の非表示だけを定めており、遷移は現行踏襲の対象。実装には処理状態からの遷移が無い。	sheet-8_img1.png（レイアウト図）を確認。見出し『購入履歴一覧』、会員名『山田 太郎 様』、上部に『件数: 100件』・ページャ・『表示件数 10件』が並ぶ。明細カードは 注文日／購入日・店舗（オンラインショップ／秋葉原）・注文番号（青字）・レシートNo.（青字）・注文内容・注文金額合計・支払方法・処理状態（橙色の『入金待ち』『出荷準備』、黒の『購入済み』のバッジ）・『詳細を見る』ボタン。4枚目のカード（店頭受取受注→スマレジ取引）は注文番号がカンマ区切りの3件で青字になっていない。一覧の下にも『件数: 100件』・ページャ・『表示件数 10件』が並び、最後に『マイページへ戻る』ボタンがある。	med	shopping_history.twig-status-no-detail-link
sheet-8-R061	MATCHED								PC表示とスマートフォン表示で列の見せ方を切り替えている（src/Eccube/Resource/template/default/Mypage/shopping_history.twig:155 の縦積み指定ほか、カードのCSSで幅により切り替える）。	sheet-8_img1.png（レイアウト図）を確認。見出し『購入履歴一覧』、会員名『山田 太郎 様』、上部に『件数: 100件』・ページャ・『表示件数 10件』が並ぶ。明細カードは 注文日／購入日・店舗（オンラインショップ／秋葉原）・注文番号（青字）・レシートNo.（青字）・注文内容・注文金額合計・支払方法・処理状態（橙色の『入金待ち』『出荷準備』、黒の『購入済み』のバッジ）・『詳細を見る』ボタン。4枚目のカード（店頭受取受注→スマレジ取引）は注文番号がカンマ区切りの3件で青字になっていない。一覧の下にも『件数: 100件』・ページャ・『表示件数 10件』が並び、最後に『マイページへ戻る』ボタンがある。	med	
sheet-8-R062	OUT_OF_SCOPE								現行仕様の小見出し『一覧の抽出』であり、それ自体は要求ではない。	sheet-8_img1.png（レイアウト図）を確認。見出し『購入履歴一覧』、会員名『山田 太郎 様』、上部に『件数: 100件』・ページャ・『表示件数 10件』が並ぶ。明細カードは 注文日／購入日・店舗（オンラインショップ／秋葉原）・注文番号（青字）・レシートNo.（青字）・注文内容・注文金額合計・支払方法・処理状態（橙色の『入金待ち』『出荷準備』、黒の『購入済み』のバッジ）・『詳細を見る』ボタン。4枚目のカード（店頭受取受注→スマレジ取引）は注文番号がカンマ区切りの3件で青字になっていない。一覧の下にも『件数: 100件』・ページャ・『表示件数 10件』が並び、最後に『マイページへ戻る』ボタンがある。	high	
sheet-8-R063	MATCHED								会員ログインが必要で、未ログインのときは会員ログインへ誘導する（src/Eccube/DependencyInjection/EccubeExtension.php:88、src/Eccube/Controller/Front/Mypage/MypageController.php:275-277）。	sheet-8_img1.png（レイアウト図）を確認。見出し『購入履歴一覧』、会員名『山田 太郎 様』、上部に『件数: 100件』・ページャ・『表示件数 10件』が並ぶ。明細カードは 注文日／購入日・店舗（オンラインショップ／秋葉原）・注文番号（青字）・レシートNo.（青字）・注文内容・注文金額合計・支払方法・処理状態（橙色の『入金待ち』『出荷準備』、黒の『購入済み』のバッジ）・『詳細を見る』ボタン。4枚目のカード（店頭受取受注→スマレジ取引）は注文番号がカンマ区切りの3件で青字になっていない。一覧の下にも『件数: 100件』・ページャ・『表示件数 10件』が並び、最後に『マイページへ戻る』ボタンがある。	high	
sheet-8-R064	MATCHED								当該会員の注文のうち処理中（決済処理中・購入処理中）を除いて抽出する（src/Eccube/Controller/Front/Mypage/MypageController.php:279-280、src/Eccube/Repository/OrderRepository.php:608-619、src/Eccube/Doctrine/Filter/OrderStatusFilter.php:24-37）。	sheet-8_img1.png（レイアウト図）を確認。見出し『購入履歴一覧』、会員名『山田 太郎 様』、上部に『件数: 100件』・ページャ・『表示件数 10件』が並ぶ。明細カードは 注文日／購入日・店舗（オンラインショップ／秋葉原）・注文番号（青字）・レシートNo.（青字）・注文内容・注文金額合計・支払方法・処理状態（橙色の『入金待ち』『出荷準備』、黒の『購入済み』のバッジ）・『詳細を見る』ボタン。4枚目のカード（店頭受取受注→スマレジ取引）は注文番号がカンマ区切りの3件で青字になっていない。一覧の下にも『件数: 100件』・ページャ・『表示件数 10件』が並び、最後に『マイページへ戻る』ボタンがある。	high	
sheet-8-R065	MATCHED								新しい注文を先頭にする（注文IDの降順。src/Eccube/Repository/OrderRepository.php:615-616）。	sheet-8_img1.png（レイアウト図）を確認。見出し『購入履歴一覧』、会員名『山田 太郎 様』、上部に『件数: 100件』・ページャ・『表示件数 10件』が並ぶ。明細カードは 注文日／購入日・店舗（オンラインショップ／秋葉原）・注文番号（青字）・レシートNo.（青字）・注文内容・注文金額合計・支払方法・処理状態（橙色の『入金待ち』『出荷準備』、黒の『購入済み』のバッジ）・『詳細を見る』ボタン。4枚目のカード（店頭受取受注→スマレジ取引）は注文番号がカンマ区切りの3件で青字になっていない。一覧の下にも『件数: 100件』・ページャ・『表示件数 10件』が並び、最後に『マイページへ戻る』ボタンがある。	high	
sheet-8-R066	MATCHED								ページ番号は指定値を使い、指定が無ければ1ページ目とする（src/Eccube/Controller/Front/Mypage/MypageController.php:304）。	sheet-8_img1.png（レイアウト図）を確認。見出し『購入履歴一覧』、会員名『山田 太郎 様』、上部に『件数: 100件』・ページャ・『表示件数 10件』が並ぶ。明細カードは 注文日／購入日・店舗（オンラインショップ／秋葉原）・注文番号（青字）・レシートNo.（青字）・注文内容・注文金額合計・支払方法・処理状態（橙色の『入金待ち』『出荷準備』、黒の『購入済み』のバッジ）・『詳細を見る』ボタン。4枚目のカード（店頭受取受注→スマレジ取引）は注文番号がカンマ区切りの3件で青字になっていない。一覧の下にも『件数: 100件』・ページャ・『表示件数 10件』が並び、最後に『マイページへ戻る』ボタンがある。	high	
sheet-8-R067	MATCHED								注文金額合計は注文の保持値をそのまま出す（src/Eccube/Resource/template/default/Mypage/shopping_history.twig:171）。再計算はしていない。	sheet-8_img1.png（レイアウト図）を確認。見出し『購入履歴一覧』、会員名『山田 太郎 様』、上部に『件数: 100件』・ページャ・『表示件数 10件』が並ぶ。明細カードは 注文日／購入日・店舗（オンラインショップ／秋葉原）・注文番号（青字）・レシートNo.（青字）・注文内容・注文金額合計・支払方法・処理状態（橙色の『入金待ち』『出荷準備』、黒の『購入済み』のバッジ）・『詳細を見る』ボタン。4枚目のカード（店頭受取受注→スマレジ取引）は注文番号がカンマ区切りの3件で青字になっていない。一覧の下にも『件数: 100件』・ページャ・『表示件数 10件』が並び、最後に『マイページへ戻る』ボタンがある。	high	
sheet-8-R068	OUT_OF_SCOPE								現行仕様の小見出し『再購入』であり、それ自体は要求ではない。	sheet-8_img1.png（レイアウト図）を確認。見出し『購入履歴一覧』、会員名『山田 太郎 様』、上部に『件数: 100件』・ページャ・『表示件数 10件』が並ぶ。明細カードは 注文日／購入日・店舗（オンラインショップ／秋葉原）・注文番号（青字）・レシートNo.（青字）・注文内容・注文金額合計・支払方法・処理状態（橙色の『入金待ち』『出荷準備』、黒の『購入済み』のバッジ）・『詳細を見る』ボタン。4枚目のカード（店頭受取受注→スマレジ取引）は注文番号がカンマ区切りの3件で青字になっていない。一覧の下にも『件数: 100件』・ページャ・『表示件数 10件』が並び、最後に『マイページへ戻る』ボタンがある。	high	
sheet-8-R069	OUT_OF_SCOPE								再購入の受け口は、リニューアル後の項目表・レイアウト図に該当する操作が無く、現行仕様と食い違うため後者が優先され対象外。	sheet-8_img1.png（レイアウト図）を確認。見出し『購入履歴一覧』、会員名『山田 太郎 様』、上部に『件数: 100件』・ページャ・『表示件数 10件』が並ぶ。明細カードは 注文日／購入日・店舗（オンラインショップ／秋葉原）・注文番号（青字）・レシートNo.（青字）・注文内容・注文金額合計・支払方法・処理状態（橙色の『入金待ち』『出荷準備』、黒の『購入済み』のバッジ）・『詳細を見る』ボタン。4枚目のカード（店頭受取受注→スマレジ取引）は注文番号がカンマ区切りの3件で青字になっていない。一覧の下にも『件数: 100件』・ページャ・『表示件数 10件』が並び、最後に『マイページへ戻る』ボタンがある。	high	
sheet-8-R070	OUT_OF_SCOPE								現行仕様の小見出し『エラー時の扱い』であり、それ自体は要求ではない。	sheet-8_img1.png（レイアウト図）を確認。見出し『購入履歴一覧』、会員名『山田 太郎 様』、上部に『件数: 100件』・ページャ・『表示件数 10件』が並ぶ。明細カードは 注文日／購入日・店舗（オンラインショップ／秋葉原）・注文番号（青字）・レシートNo.（青字）・注文内容・注文金額合計・支払方法・処理状態（橙色の『入金待ち』『出荷準備』、黒の『購入済み』のバッジ）・『詳細を見る』ボタン。4枚目のカード（店頭受取受注→スマレジ取引）は注文番号がカンマ区切りの3件で青字になっていない。一覧の下にも『件数: 100件』・ページャ・『表示件数 10件』が並び、最後に『マイページへ戻る』ボタンがある。	high	
sheet-8-R071	MATCHED								未ログインで表示したときは会員ログインへ誘導する（src/Eccube/DependencyInjection/EccubeExtension.php:88、app/config/eccube/packages/security.yaml:84-85）。	sheet-8_img1.png（レイアウト図）を確認。見出し『購入履歴一覧』、会員名『山田 太郎 様』、上部に『件数: 100件』・ページャ・『表示件数 10件』が並ぶ。明細カードは 注文日／購入日・店舗（オンラインショップ／秋葉原）・注文番号（青字）・レシートNo.（青字）・注文内容・注文金額合計・支払方法・処理状態（橙色の『入金待ち』『出荷準備』、黒の『購入済み』のバッジ）・『詳細を見る』ボタン。4枚目のカード（店頭受取受注→スマレジ取引）は注文番号がカンマ区切りの3件で青字になっていない。一覧の下にも『件数: 100件』・ページャ・『表示件数 10件』が並び、最後に『マイページへ戻る』ボタンがある。	high	
sheet-8-R072	OUT_OF_SCOPE								再購入時のエラー扱いは、再購入の操作自体がリニューアル後の項目表・レイアウト図に無いため対象外（現行仕様との食い違いは後者が優先）。	sheet-8_img1.png（レイアウト図）を確認。見出し『購入履歴一覧』、会員名『山田 太郎 様』、上部に『件数: 100件』・ページャ・『表示件数 10件』が並ぶ。明細カードは 注文日／購入日・店舗（オンラインショップ／秋葉原）・注文番号（青字）・レシートNo.（青字）・注文内容・注文金額合計・支払方法・処理状態（橙色の『入金待ち』『出荷準備』、黒の『購入済み』のバッジ）・『詳細を見る』ボタン。4枚目のカード（店頭受取受注→スマレジ取引）は注文番号がカンマ区切りの3件で青字になっていない。一覧の下にも『件数: 100件』・ページャ・『表示件数 10件』が並び、最後に『マイページへ戻る』ボタンがある。	high	
sheet-8-R073	MATCHED								会員のログイン状態・ページ番号・1ページ件数を入力として受け取る（src/Eccube/Controller/Front/Mypage/MypageController.php:287-305）。再購入の注文IDはリニューアル後の画面に該当操作が無い。	sheet-8_img1.png（レイアウト図）を確認。見出し『購入履歴一覧』、会員名『山田 太郎 様』、上部に『件数: 100件』・ページャ・『表示件数 10件』が並ぶ。明細カードは 注文日／購入日・店舗（オンラインショップ／秋葉原）・注文番号（青字）・レシートNo.（青字）・注文内容・注文金額合計・支払方法・処理状態（橙色の『入金待ち』『出荷準備』、黒の『購入済み』のバッジ）・『詳細を見る』ボタン。4枚目のカード（店頭受取受注→スマレジ取引）は注文番号がカンマ区切りの3件で青字になっていない。一覧の下にも『件数: 100件』・ページャ・『表示件数 10件』が並び、最後に『マイページへ戻る』ボタンがある。	high	
sheet-8-R074	MATCHED								購入履歴一覧の画面を出す（src/Eccube/Controller/Front/Mypage/MypageController.php:317-321、src/Eccube/Resource/template/default/Mypage/shopping_history.twig:43-226）。再購入の出力はリニューアル後の画面に該当操作が無い。	sheet-8_img1.png（レイアウト図）を確認。見出し『購入履歴一覧』、会員名『山田 太郎 様』、上部に『件数: 100件』・ページャ・『表示件数 10件』が並ぶ。明細カードは 注文日／購入日・店舗（オンラインショップ／秋葉原）・注文番号（青字）・レシートNo.（青字）・注文内容・注文金額合計・支払方法・処理状態（橙色の『入金待ち』『出荷準備』、黒の『購入済み』のバッジ）・『詳細を見る』ボタン。4枚目のカード（店頭受取受注→スマレジ取引）は注文番号がカンマ区切りの3件で青字になっていない。一覧の下にも『件数: 100件』・ページャ・『表示件数 10件』が並び、最後に『マイページへ戻る』ボタンがある。	high	
sheet-8-R075	MATCHED								未ログインのときは会員ログインへ誘導する（src/Eccube/DependencyInjection/EccubeExtension.php:88）。再購入の不正要求はリニューアル後の画面に該当操作が無い。	sheet-8_img1.png（レイアウト図）を確認。見出し『購入履歴一覧』、会員名『山田 太郎 様』、上部に『件数: 100件』・ページャ・『表示件数 10件』が並ぶ。明細カードは 注文日／購入日・店舗（オンラインショップ／秋葉原）・注文番号（青字）・レシートNo.（青字）・注文内容・注文金額合計・支払方法・処理状態（橙色の『入金待ち』『出荷準備』、黒の『購入済み』のバッジ）・『詳細を見る』ボタン。4枚目のカード（店頭受取受注→スマレジ取引）は注文番号がカンマ区切りの3件で青字になっていない。一覧の下にも『件数: 100件』・ページャ・『表示件数 10件』が並び、最後に『マイページへ戻る』ボタンがある。	high	
sheet-8-R076	MATCHED								購入履歴が無いときに画面上部へ『ご注文履歴はありません。』を出し、一覧画面に留まる（src/Eccube/Resource/template/default/Mypage/shopping_history.twig:48-52、文言は src/Eccube/Resource/locale/messages.ja.yaml:673）。	sheet-8_img1.png（レイアウト図）を確認。見出し『購入履歴一覧』、会員名『山田 太郎 様』、上部に『件数: 100件』・ページャ・『表示件数 10件』が並ぶ。明細カードは 注文日／購入日・店舗（オンラインショップ／秋葉原）・注文番号（青字）・レシートNo.（青字）・注文内容・注文金額合計・支払方法・処理状態（橙色の『入金待ち』『出荷準備』、黒の『購入済み』のバッジ）・『詳細を見る』ボタン。4枚目のカード（店頭受取受注→スマレジ取引）は注文番号がカンマ区切りの3件で青字になっていない。一覧の下にも『件数: 100件』・ページャ・『表示件数 10件』が並び、最後に『マイページへ戻る』ボタンがある。	high	
sheet-9-R001	OUT_OF_SCOPE								レイアウト図の見出し。実装対象の仕様を述べていない		high	
sheet-9-R002	OUT_OF_SCOPE								レイアウト図の適用パターンを示す区分ラベル。仕様の記述ではない		high	
sheet-9-R003	OUT_OF_SCOPE								レイアウト図の適用パターンを示す区分ラベル。仕様の記述ではない		high	
sheet-9-R004	OUT_OF_SCOPE								レイアウト図の適用パターンを示す区分ラベル。仕様の記述ではない		high	
sheet-9-R005	OUT_OF_SCOPE								カスタマイズ説明の前置き。個々の要求は後続行で判定する		high	
sheet-9-R006	MATCHED						src/Eccube/Resource/template/default/Mypage/shopping_history_detail.twig:40-53;src/Eccube/Resource/template/default/Mypage/shopping_history_detail.twig:111		注文ステータスは受注ステータスに応じた3種の見せ方（completed/cancelled/pending）を切り替えるバッジとして表示している。どのステータスにどのバッジを出すかは別添資料シートの定義であり本シートの範囲外	画像sheet-9_img1/img2でステータス欄はオレンジのバッジ（入金待ち）として描かれており、実装のバッジ表示と一致する	med	
sheet-9-R007	OUT_OF_SCOPE								「基本設計で確定する」という進め方の宣言。確定内容は別添資料_注文ステータスと表示画像の紐付け（sheet-10）で定義され、本シートの実装要求ではない		high	
sheet-9-R008	MATCHED						src/Eccube/Resource/template/default/Mypage/shopping_history_detail.twig:117-122;src/Eccube/Resource/template/default/Mypage/shopping_history_detail.twig:192-205		スマレジ取引データ（レシートNo・クーポン名・クーポン値引き・免税額）を購入履歴詳細に表示している	画像sheet-9_img4/img6でレシートNo.・購入日・クーポン名・クーポン値引き・免税額が描かれている	high	
sheet-9-R009	MATCHED						src/Eccube/Resource/template/default/Mypage/shopping_history_detail.twig:62-92;src/Eccube/Resource/locale/messages.ja.yaml:992-993		スマレジ取引では見出し語を購入番号・購入日に切り替えている	画像sheet-9_img4に購入日・レシートNo.の文言が描かれている	high	
sheet-9-R010	OUT_OF_SCOPE								「基本設計で確定する」という但し書き。確定した内容（注文日を購入日に変更）は機能仕様側の行で判定する		high	
sheet-9-R011	MATCHED						src/Eccube/Service/Smaregi/Webhook/Transaction/SmaregiOrderFactory.php:348-350;src/Eccube/Resource/template/default/Mypage/shopping_history_detail.twig:283-289		支払方法は受注に保持した文字列をそのまま表示するため、スマレジ側の支払方法名でも表示できる。スマレジ取引には店頭支払が設定される	画像sheet-9_img9で支払方法のみが描かれている	high	
sheet-9-R012	MATCHED						src/Eccube/Resource/template/default/Mypage/shopping_history_detail.twig:107-115		処理状態（注文ステータス）はEC受注と店頭受取受注のときだけ出力し、スマレジ取引では出力しない	画像sheet-9_img3/img4のスマレジ取引レイアウトにステータス行は無い	high	
sheet-9-R013	MATCHED						src/Eccube/Resource/template/default/Mypage/shopping_history_detail.twig:201-204;src/Eccube/Service/Smaregi/Webhook/Transaction/SmaregiOrderFactory.php:360		スマレジ取引の集計欄に免税額を表示している（ラベル文言の相違はsheet-9-R089で指摘）	画像sheet-9_img6に免税額 ¥300 が描かれている	high	
sheet-9-R014	MATCHED						src/Eccube/Resource/template/default/Mypage/shopping_history_detail.twig:192-200;src/Eccube/Service/Smaregi/Webhook/Transaction/SmaregiOrderFactory.php:361-366		スマレジ取引の集計欄に割引区分名（クーポン名）と値引き額（クーポン値引き）を表示している	画像sheet-9_img6にクーポン名『大会シングル割引券』とクーポン値引き -¥100 が描かれている	high	
sheet-9-R015	MATCHED						src/Eccube/Resource/template/default/Mypage/shopping_history_detail.twig:56-59		先頭の情報欄に店舗を表示している	画像sheet-9_img1/img3/img4で先頭行が店舗 TC東京	high	
sheet-9-R016	MATCHED						src/Eccube/Resource/template/default/Mypage/shopping_history_detail.twig:236;src/Eccube/Resource/template/default/Mypage/shopping_history_detail.twig:295		送り主・配送方法・お届け先はEC受注のときだけ出力し、スマレジ取引では出力しない	画像sheet-9_img9はスマレジ取引で支払方法だけが描かれている	high	
sheet-9-R017	MATCHED						src/Eccube/Resource/template/default/Mypage/shopping_history_detail.twig:322-326		画面下部のボタンはマイページへ戻るの1つだけで、再購入用のボタンは出力されない	画像sheet-9_img1の最下部もマイページへ戻るのみ	high	
sheet-9-R018	OUT_OF_SCOPE								カスタマイズ範囲外は現行踏襲という方針文。個々の挙動は各行で判定する		high	
sheet-9-R019	OUT_OF_SCOPE								機能仕様処理概要の小見出し。仕様の記述ではない		high	
sheet-9-R020	MATCHED						src/Eccube/Resource/template/default/Mypage/shopping_history_detail.twig:56-59;src/Eccube/Resource/locale/messages.ja.yaml:983		店舗行を追加している	画像sheet-9_img1の先頭行が店舗	high	
sheet-9-R021	MATCHED						src/Eccube/Resource/template/default/Mypage/shopping_history_detail.twig:322-326		再購入ボタンは出力されず、マイページへ戻るボタンのみ	画像sheet-9_img1の最下部もマイページへ戻るのみ	high	
sheet-9-R022	MATCHED						src/Eccube/Resource/template/default/Mypage/shopping_history_detail.twig:62-63;src/Eccube/Resource/template/default/Mypage/shopping_history_detail.twig:82-86		スマレジ取引のときだけ見出し語を切り替える分岐がある	画像sheet-9_img4に購入日の文言	high	
sheet-9-R023	MATCHED						src/Eccube/Resource/template/default/Mypage/shopping_history_detail.twig:62-64;src/Eccube/Resource/locale/messages.ja.yaml:992		スマレジ取引では番号欄の見出しを購入番号に切り替えている	画像sheet-9_img4は番号欄自体を描いていないが、項目表でも注文番号はスマレジ取引で×であり、購入番号への改称という機能仕様と矛盾しない	high	
sheet-9-R024	DRIFT	P2	実装違い	IO	★スマレジの取引データの場合は下記に名称を変更する ・注文番号を購入番号に変更 ・注文日を購入日に変更	スマレジの取引データ（店頭受取→スマレジ取引を含む）の購入履歴詳細では、日付欄を購入日として表示する	src/Eccube/Resource/template/default/Mypage/shopping_history_detail.twig:81-93	日付欄の見出しを購入日にするのは、他受注から参照されない純粋なスマレジ取引だけである。店頭受取からスマレジ取引に移行した受注は注文日のまま表示され、購入日は表示されない	テンプレートの分岐はスマレジ取引かどうかの1条件だけで、店頭受取→スマレジ取引は注文日側に落ちる。項目表でも購入日は店頭受取→スマレジ取引・スマレジ取引の両方で◯	画像sheet-9_img3（店頭受取→スマレジ取引）は注文番号・レシートNo.・購入日を描き、注文日は描いていない	med	shopping_history_detail.twig-buy-date-missing-for-otc-smaregi
sheet-9-R025	MATCHED						src/Eccube/Resource/template/default/Mypage/shopping_history_detail.twig:96;src/Eccube/Resource/template/default/Mypage/shopping_history_detail.twig:107		スマレジ取引では出荷日・処理状態の行を出力しない	画像sheet-9_img3/img4に出荷日・ステータスは無い	high	
sheet-9-R026	MATCHED						src/Eccube/Resource/template/default/Mypage/shopping_history_detail.twig:94-105		出荷日はEC受注・店頭受取受注のときだけ出力する	画像sheet-9_img3/img4に出荷日は無い	high	
sheet-9-R027	MATCHED						src/Eccube/Resource/template/default/Mypage/shopping_history_detail.twig:106-115		注文ステータスはEC受注・店頭受取受注のときだけ出力する	画像sheet-9_img3/img4にステータスは無い	high	
sheet-9-R028	MATCHED						src/Eccube/Resource/template/default/Mypage/shopping_history_detail.twig:294-318		お届け先欄はEC受注のときだけ出力する	画像sheet-9_img9（EC以外）にお届け先は無い	high	
sheet-9-R029	MATCHED						src/Eccube/Resource/template/default/Mypage/shopping_history_detail.twig:295		お届け先情報は店頭購入（店頭受取・スマレジ）では出力しない	画像sheet-9_img9にお届け先は無い	high	
sheet-9-R030	MATCHED						src/Eccube/Resource/template/default/Mypage/shopping_history_detail.twig:69-76		領収書発行リンクを注文番号の右に条件付きで出力する	画像sheet-9_img1で注文番号の右に領収書発行リンクが描かれている	high	
sheet-9-R031	MATCHED						src/Eccube/Resource/template/default/Mypage/shopping_history_detail.twig:70-75;src/Eccube/Entity/Order.php:2541-2556		条件を満たすときだけ領収書発行リンクを出力する	画像sheet-9_img1に領収書発行リンク	high	
sheet-9-R032	MATCHED						src/Eccube/Resource/template/default/Mypage/shopping_history_detail.twig:70;src/Eccube/Entity/Order.php:2533-2536		リンクはEC受注（店頭受取以外）のときだけ出力する。店頭受取の受注は対象外になる		high	
sheet-9-R033	MATCHED						src/Eccube/Entity/Order.php:2542-2545		入金日が未設定ならリンクを出力しない（支払い済みのときだけ表示）		high	
sheet-9-R034	MATCHED						src/Eccube/Entity/Order.php:2547-2550;src/Eccube/Entity/Master/OrderStatus.php:38-39		受注ステータスが出荷完了（DELIVERED）のときだけリンクを出力する		high	
sheet-9-R035	MATCHED						src/Eccube/Entity/Order.php:2552-2555;src/Eccube/Entity/Payment.php:77-82		郵便振替・銀行振込・代金引換の3つはリンク非表示の支払方法として除外している		high	
sheet-9-R036	OUT_OF_SCOPE								他欄（注文商品情報欄）への参照指示。仕様の内容はその欄の項目表で判定する		high	
sheet-9-R037	OUT_OF_SCOPE								他欄への参照指示。仕様の内容は注文商品情報欄の項目表で判定する		high	
sheet-9-R038	OUT_OF_SCOPE								他欄（注文者・支払い情報欄）への参照指示		high	
sheet-9-R039	OUT_OF_SCOPE								他欄への参照指示。仕様の内容は注文者・支払い情報欄の項目表で判定する		high	
sheet-9-R040	OUT_OF_SCOPE								他欄（お届け先情報欄）への参照指示		high	
sheet-9-R041	OUT_OF_SCOPE								他欄への参照指示。仕様の内容はお届け先欄の項目表で判定する		high	
sheet-9-R042	OUT_OF_SCOPE								項目表のヘッダ行の折り返し。仕様の記述ではない		high	
sheet-9-R043	OUT_OF_SCOPE								項目表のヘッダ行（適用パターンの列名）。仕様の記述ではない		high	
sheet-9-R044	MATCHED						src/Eccube/Resource/template/default/Mypage/shopping_history_detail.twig:35-37		会員名を画面上部に常時表示する	画像sheet-9_img1の『山田 太郎 様』に相当	med	
sheet-9-R045	MATCHED						src/Eccube/Resource/template/default/Mypage/shopping_history_detail.twig:56-59		店舗を全パターンで常時表示する	画像sheet-9_img1/img3/img4いずれも店舗行がある	high	
sheet-9-R046	MATCHED						src/Eccube/Resource/template/default/Mypage/shopping_history_detail.twig:60-79		注文番号はスマレジ取引以外で表示し、スマレジ取引では購入番号見出しに切り替わる	画像sheet-9_img3（店頭受取→スマレジ取引）に注文番号がある	med	
sheet-9-R047	MATCHED						src/Eccube/Resource/template/default/Mypage/shopping_history_detail.twig:80-93		注文日はスマレジ取引以外で表示する	画像sheet-9_img1/img2に注文日	high	
sheet-9-R048	MATCHED						src/Eccube/Resource/template/default/Mypage/shopping_history_detail.twig:94-105		出荷日はEC受注・店頭受取受注のときだけ表示する（未設定時の扱いはsheet-9-R156で指摘）	画像sheet-9_img1に出荷日	high	
sheet-9-R049	MATCHED						src/Eccube/Resource/template/default/Mypage/shopping_history_detail.twig:69-76;src/Eccube/Entity/Order.php:2541-2556		領収書発行はリンクとして条件付きで表示する	画像sheet-9_img1の領収書発行リンク	high	
sheet-9-R050	MATCHED						src/Eccube/Resource/template/default/Mypage/shopping_history_detail.twig:70;src/Eccube/Entity/Order.php:2533-2536		EC受注に限定しており店頭受取は対象外		high	
sheet-9-R051	MATCHED						src/Eccube/Entity/Order.php:2542-2545		入金日が入っているときだけリンクを出す		high	
sheet-9-R052	MATCHED						src/Eccube/Entity/Order.php:2547-2550		受注ステータスが出荷完了のときだけリンクを出す		high	
sheet-9-R053	MATCHED						src/Eccube/Entity/Order.php:2552-2555;src/Eccube/Entity/Payment.php:77-82		郵便振替・銀行振込・代金引換では出さない。EC以外の3パターンでもリンクを出さない		high	
sheet-9-R054	MATCHED						src/Eccube/Resource/template/default/Mypage/shopping_history_detail.twig:106-115		処理状態はEC受注・店頭受取受注のときだけ表示する	画像sheet-9_img1のステータス行に相当。スマレジのimg3/img4には無い	high	
sheet-9-R055	OUT_OF_SCOPE								別添資料_注文ステータスと表示画像の紐付け（sheet-10）への参照行。紐付けの妥当性はそのシートで判定する		high	
sheet-9-R056	MATCHED						src/Eccube/Resource/template/default/Mypage/shopping_history_detail.twig:116-122;src/Eccube/Resource/locale/messages.ja.yaml:997		レシートNo.はスマレジ取引・店頭受取→スマレジ取引のときだけ表示する	画像sheet-9_img3/img4にレシートNo.がある	high	
sheet-9-R057	DRIFT	P2	実装違い	IO	8 レシートNo. - - - - ・レシートの最下部に印字される番号を表示 × × ◯ ◯ 9 購入日 - - - -  × × ◯ ◯	店頭受取→スマレジ取引およびスマレジ取引の購入履歴詳細では購入日を表示する	src/Eccube/Resource/template/default/Mypage/shopping_history_detail.twig:81-93	購入日を表示するのは純粋なスマレジ取引だけで、店頭受取→スマレジ取引では注文日が表示され購入日の行が出ない	テンプレートの日付欄は『スマレジ取引なら購入日、それ以外は注文日』の二択で、店頭受取→スマレジ取引に購入日を出す経路が無い	画像sheet-9_img3（店頭受取→スマレジ取引）は店舗・注文番号・レシートNo.・購入日を描いている	med	shopping_history_detail.twig-buy-date-missing-for-otc-smaregi
sheet-9-R058	MATCHED						src/Eccube/Resource/template/default/Mypage/shopping_history_detail.twig:127-233;src/Eccube/Resource/locale/messages.ja.yaml:986		注文商品情報（注文内容）欄を全パターンで表示する	画像sheet-9_img5/img6/img7に注文内容欄がある	high	
sheet-9-R059	MATCHED						src/Eccube/Resource/template/default/Mypage/shopping_history_detail.twig:235-293		注文者・支払情報欄を全パターンで表示する（EC以外は支払方法のみ）	画像sheet-9_img8/img9に相当	high	
sheet-9-R060	MATCHED						src/Eccube/Resource/template/default/Mypage/shopping_history_detail.twig:294-318		お届け先情報はEC受注のときだけ表示する	画像sheet-9_img10がEC用のお届け先	high	
sheet-9-R061	MATCHED						src/Eccube/Resource/template/default/Mypage/shopping_history_detail.twig:322-326;src/Eccube/Resource/locale/messages.ja.yaml:768		マイページへ戻るボタンからマイページへ遷移する	画像sheet-9_img1の最下部のボタン	high	
sheet-9-R062	OUT_OF_SCOPE								レイアウト図の見出し		high	
sheet-9-R063	OUT_OF_SCOPE								レイアウト図の見出し		high	
sheet-9-R064	OUT_OF_SCOPE								レイアウト図の見出し		high	
sheet-9-R065	OUT_OF_SCOPE								注文商品情報欄カスタマイズ説明の前置き		high	
sheet-9-R066	MATCHED						src/Eccube/Resource/template/default/Mypage/shopping_history_detail.twig:201-204		免税額を集計欄に表示する（ラベル文言はsheet-9-R089で指摘）	画像sheet-9_img6に免税額	high	
sheet-9-R067	MATCHED						src/Eccube/Resource/template/default/Mypage/shopping_history_detail.twig:192-200		割引理由（クーポン名）と割引額（クーポン値引き）を表示する	画像sheet-9_img6にクーポン名とクーポン値引き	high	
sheet-9-R068	OUT_OF_SCOPE								カスタマイズ範囲外は現行踏襲という方針文		high	
sheet-9-R069	OUT_OF_SCOPE								機能仕様処理概要の小見出し		high	
sheet-9-R070	MATCHED						src/Eccube/Resource/template/default/Mypage/shopping_history_detail.twig:191-205		スマレジ取引・店頭受取→スマレジ取引のときだけ3項目を表示する	画像sheet-9_img6の3項目	high	
sheet-9-R071	MATCHED						src/Eccube/Resource/template/default/Mypage/shopping_history_detail.twig:193-196;src/Eccube/Resource/locale/messages.ja.yaml:999		クーポン名を表示する	画像sheet-9_img6のクーポン名	high	
sheet-9-R072	MATCHED						src/Eccube/Resource/template/default/Mypage/shopping_history_detail.twig:197-200;src/Eccube/Resource/locale/messages.ja.yaml:1000		クーポン値引きを表示する	画像sheet-9_img6のクーポン値引き	high	
sheet-9-R073	MATCHED						src/Eccube/Resource/template/default/Mypage/shopping_history_detail.twig:201-204		免税額を表示する（ラベル文言はsheet-9-R089で指摘）	画像sheet-9_img6の免税額	high	
sheet-9-R074	MATCHED						src/Eccube/Resource/template/default/Mypage/shopping_history_detail.twig:180-190		本店のEC受注のときだけ表示し、支店・スマレジ取引では表示しない		high	
sheet-9-R075	MATCHED						src/Eccube/Resource/template/default/Mypage/shopping_history_detail.twig:181-190;src/Eccube/Resource/locale/messages.ja.yaml:97-98		送料・手数料は本店のEC受注のときだけ表示する	画像sheet-9_img5（EC）にのみ送料・手数料があり、img6/img7には無い	high	
sheet-9-R076	UNVERIFIABLE						src/Eccube/Resource/template/default/Mypage/shopping_history_detail.twig:138;src/Eccube/Entity/Shipping.php:561-566		並び順の明示が実装側に無く（受注明細に整列指定が無い）、管理画面の受注詳細と同一かを静的に判定できない	画像sheet-9_img5/img6/img7では並び順を確認できない	med	
sheet-9-R077	OUT_OF_SCOPE								項目表のヘッダ行の折り返し		high	
sheet-9-R078	OUT_OF_SCOPE								項目表のヘッダ行（適用パターンの列名）		high	
sheet-9-R079	MATCHED						src/Eccube/Resource/template/default/Mypage/shopping_history_detail.twig:142-163;src/Eccube/Resource/locale/messages.ja.yaml:1357		商品名を明細の1列目に表示する	画像sheet-9_img5の商品名列	high	
sheet-9-R080	MATCHED						src/Eccube/Resource/template/default/Mypage/shopping_history_detail.twig:164-166;src/Eccube/Resource/locale/messages.ja.yaml:85		数量を明細の2列目に表示する	画像sheet-9_img5の数量列	high	
sheet-9-R081	MATCHED						src/Eccube/Resource/template/default/Mypage/shopping_history_detail.twig:167-169;src/Eccube/Resource/locale/messages.ja.yaml:1331		合計(税込)を明細の3列目に表示する	画像sheet-9_img5の合計(税込)列	high	
sheet-9-R082	DRIFT	P3	実装違い	IO	4 商品金額合計 ラベル - - -  ◯ × ◯ ◯ 5 送料 ラベル - - -  ◯ × × × 6 手数料 ラベル - - -  ◯ × × × 7 クーポン名 ラベル - - - ・カスタマイズにより追加 ・スマレジの取引の場合表示する × × ◯ ◯	注文内容欄の商品金額の集計行は『商品金額合計』というラベルで表示し、店頭受取（受取前）の購入履歴詳細では表示しない	src/Eccube/Resource/template/default/Mypage/shopping_history_detail.twig:175-178;src/Eccube/Resource/locale/messages.ja.yaml:87	集計行のラベルは『小計』で、しかもパターンによる分岐が無く店頭受取（受取前）でも表示される	テンプレートの集計行はcommon.subtotal（値は小計）を条件なしで出力している。項目表では商品金額合計は店頭受取のみ×	画像sheet-9_img5/img6のラベルは『商品金額合計』。画像sheet-9_img7（店頭受取）は明細のあと注文金額合計だけで商品金額合計の行が無い	high	shopping_history_detail.twig-subtotal-label-and-otc-visibility
sheet-9-R083	MATCHED						src/Eccube/Resource/template/default/Mypage/shopping_history_detail.twig:181-185		送料はEC受注かつ本店のときだけ表示する	画像sheet-9_img5にのみ送料	high	
sheet-9-R084	MATCHED						src/Eccube/Resource/template/default/Mypage/shopping_history_detail.twig:186-189		手数料はEC受注かつ本店のときだけ表示する	画像sheet-9_img5にのみ手数料	high	
sheet-9-R085	MATCHED						src/Eccube/Resource/template/default/Mypage/shopping_history_detail.twig:193-196		クーポン名の行を追加している	画像sheet-9_img6のクーポン名	high	
sheet-9-R086	MATCHED						src/Eccube/Resource/template/default/Mypage/shopping_history_detail.twig:191-196		スマレジ取引・店頭受取→スマレジ取引のときだけ表示する	画像sheet-9_img6	high	
sheet-9-R087	MATCHED						src/Eccube/Resource/template/default/Mypage/shopping_history_detail.twig:197-200		クーポン値引きの行を追加している	画像sheet-9_img6のクーポン値引き	high	
sheet-9-R088	MATCHED						src/Eccube/Resource/template/default/Mypage/shopping_history_detail.twig:191-200		スマレジ取引・店頭受取→スマレジ取引のときだけ表示する	画像sheet-9_img6	high	
sheet-9-R089	DRIFT	P3	実装違い	IO	9 免税額 ラベル - - - ・カスタマイズにより追加 ・スマレジの取引の場合表示する × × ◯ ◯	スマレジ取引の集計欄に『免税額』というラベルで免税の金額を表示する	src/Eccube/Resource/template/default/Mypage/shopping_history_detail.twig:202;src/Eccube/Resource/locale/messages.ja.yaml:1001	同じ行のラベルが『免税』で出力され、『額』が欠けている	テンプレートはfront.mypage.shopping_history.col.tax_freeを出力し、その値は『免税』。項目表のラベルとレイアウト図の文言はいずれも『免税額』	画像sheet-9_img6のラベルは『免税額』	high	messages.ja.yaml-tax-free-label-missing-gaku
sheet-9-R090	MATCHED						src/Eccube/Resource/template/default/Mypage/shopping_history_detail.twig:191-204		スマレジ取引・店頭受取→スマレジ取引のときだけ表示する	画像sheet-9_img6	high	
sheet-9-R091	MATCHED						src/Eccube/Resource/template/default/Mypage/shopping_history_detail.twig:206-212;src/Eccube/Resource/locale/messages.ja.yaml:1002		ポイント使用は店頭受取（受取前）以外で表示する	画像sheet-9_img5/img6にポイント使用があり、img7（店頭受取）には無い	high	
sheet-9-R092	MATCHED						src/Eccube/Resource/template/default/Mypage/shopping_history_detail.twig:214-221;src/Eccube/Resource/locale/messages.ja.yaml:1003		注文金額合計（税込）を全パターンで表示する	画像sheet-9_img5/img6/img7すべてに注文金額合計（税込）	high	
sheet-9-R093	MATCHED						src/Eccube/Resource/template/default/Mypage/shopping_history_detail.twig:222-228;src/Eccube/Resource/locale/messages.ja.yaml:1004		ポイント発生は店頭受取（受取前）以外で表示する	画像sheet-9_img5/img6にポイント発生があり、img7には無い	high	
sheet-9-R094	OUT_OF_SCOPE								レイアウト図の見出し		high	
sheet-9-R095	OUT_OF_SCOPE								レイアウト図の見出し		high	
sheet-9-R096	OUT_OF_SCOPE								送り主・支払い情報欄カスタマイズ説明の前置き		high	
sheet-9-R097	MATCHED						src/Eccube/Resource/template/default/Mypage/shopping_history_detail.twig:243-250		送り主の住所に住所３を追加している	画像sheet-9_img8の住所行	high	
sheet-9-R098	MATCHED						src/Eccube/Resource/template/default/Mypage/shopping_history_detail.twig:279-291		スマレジ取引でも支払方法を表示する	画像sheet-9_img9	high	
sheet-9-R099	MATCHED						src/Eccube/Service/Smaregi/Webhook/Transaction/SmaregiOrderFactory.php:348-350;src/Eccube/Resource/template/default/Mypage/shopping_history_detail.twig:283-289;src/Eccube/Entity/Payment.php:56		スマレジ取引の受注には支払方法として店頭支払が設定され、それが表示される		high	
sheet-9-R100	MATCHED						src/Eccube/Resource/template/default/Mypage/shopping_history_detail.twig:192-200		割引額と割引理由（クーポン名）を表示する	画像sheet-9_img6	high	
sheet-9-R101	MATCHED						src/Eccube/Resource/template/default/Mypage/shopping_history_detail.twig:236;src/Eccube/Resource/template/default/Mypage/shopping_history_detail.twig:295		送り主・配送方法・お届け先はEC受注のときだけ表示する	画像sheet-9_img9	high	
sheet-9-R102	OUT_OF_SCOPE								カスタマイズ範囲外は現行踏襲という方針文		high	
sheet-9-R103	OUT_OF_SCOPE								機能仕様処理概要の小見出し		high	
sheet-9-R104	MATCHED						src/Eccube/Resource/template/default/Mypage/shopping_history_detail.twig:244;src/Eccube/Resource/template/default/Mypage/shopping_history_detail.twig:249		送り主の住所に住所３を追加している	画像sheet-9_img8	high	
sheet-9-R105	MATCHED						src/Eccube/Service/Smaregi/Webhook/Transaction/SmaregiOrderFactory.php:348-350;src/Eccube/Resource/template/default/Mypage/shopping_history_detail.twig:283-289		スマレジ取引の支払方法は店頭支払として表示される	画像sheet-9_img9	high	
sheet-9-R106	MATCHED						src/Eccube/Resource/template/default/Mypage/shopping_history_detail.twig:236;src/Eccube/Resource/template/default/Mypage/shopping_history_detail.twig:279-291		スマレジ取引では支払方法だけを表示する	画像sheet-9_img9	high	
sheet-9-R107	MATCHED						src/Eccube/Resource/template/default/Mypage/shopping_history_detail.twig:236-256		送り主はEC受注のときだけ表示する	画像sheet-9_img9に送り主は無い	high	
sheet-9-R108	MATCHED						src/Eccube/Resource/template/default/Mypage/shopping_history_detail.twig:269-278		配送方法はEC受注のときだけ表示する	画像sheet-9_img9に配送方法は無い	high	
sheet-9-R109	MATCHED						src/Eccube/Resource/template/default/Mypage/shopping_history_detail.twig:257-291		注文者・支払情報欄に出力されるのは送り主・支払方法・配送方法だけで、決済番号系の項目は出力されない	画像sheet-9_img8/img9にも決済番号系の項目は描かれていない	high	
sheet-9-R110	MATCHED						src/Eccube/Resource/template/default/Mypage/shopping_history_detail.twig:257-291		注文者・支払情報欄に出力されるのは送り主・支払方法・配送方法だけで、決済番号系の項目は出力されない	画像sheet-9_img8/img9にも決済番号系の項目は描かれていない	high	
sheet-9-R111	MATCHED						src/Eccube/Resource/template/default/Mypage/shopping_history_detail.twig:257-291		注文者・支払情報欄に出力されるのは送り主・支払方法・配送方法だけで、決済番号系の項目は出力されない	画像sheet-9_img8/img9にも決済番号系の項目は描かれていない	high	
sheet-9-R112	MATCHED						src/Eccube/Resource/template/default/Mypage/shopping_history_detail.twig:257-291		注文者・支払情報欄に出力されるのは送り主・支払方法・配送方法だけで、決済番号系の項目は出力されない	画像sheet-9_img8/img9にも決済番号系の項目は描かれていない	high	
sheet-9-R113	MATCHED						src/Eccube/Resource/template/default/Mypage/shopping_history_detail.twig:257-291		注文者・支払情報欄に出力されるのは送り主・支払方法・配送方法だけで、決済番号系の項目は出力されない	画像sheet-9_img8/img9にも決済番号系の項目は描かれていない	high	
sheet-9-R114	MATCHED						src/Eccube/Resource/template/default/Mypage/shopping_history_detail.twig:257-291		注文者・支払情報欄に出力されるのは送り主・支払方法・配送方法だけで、決済番号系の項目は出力されない	画像sheet-9_img8/img9にも決済番号系の項目は描かれていない	high	
sheet-9-R115	MATCHED						src/Eccube/Resource/template/default/Mypage/shopping_history_detail.twig:257-291		注文者・支払情報欄に出力されるのは送り主・支払方法・配送方法だけで、決済番号系の項目は出力されない	画像sheet-9_img8/img9にも決済番号系の項目は描かれていない	high	
sheet-9-R116	MATCHED						src/Eccube/Resource/template/default/Mypage/shopping_history_detail.twig:257-291		注文者・支払情報欄に出力されるのは送り主・支払方法・配送方法だけで、決済番号系の項目は出力されない	画像sheet-9_img8/img9にも決済番号系の項目は描かれていない	high	
sheet-9-R117	OUT_OF_SCOPE								項目表のヘッダ行の折り返し		high	
sheet-9-R118	OUT_OF_SCOPE								項目表のヘッダ行（適用パターンの列名）		high	
sheet-9-R119	MATCHED						src/Eccube/Resource/template/default/Mypage/shopping_history_detail.twig:240-251		送り主の郵便番号はEC受注のときだけ表示する（表示書式の相違はsheet-9-R158で指摘）	画像sheet-9_img8の〒558-0032	high	
sheet-9-R120	MATCHED						src/Eccube/Resource/template/default/Mypage/shopping_history_detail.twig:244;src/Eccube/Resource/template/default/Mypage/shopping_history_detail.twig:249		都道府県（海外時は国名）をEC受注のときだけ表示する	画像sheet-9_img8の住所行	high	
sheet-9-R121	MATCHED						src/Eccube/Resource/template/default/Mypage/shopping_history_detail.twig:244		住所１をEC受注のときだけ表示する	画像sheet-9_img8	high	
sheet-9-R122	MATCHED						src/Eccube/Resource/template/default/Mypage/shopping_history_detail.twig:244		住所２をEC受注のときだけ表示する	画像sheet-9_img8	high	
sheet-9-R123	MATCHED						src/Eccube/Resource/template/default/Mypage/shopping_history_detail.twig:244		住所３を追加して表示する	画像sheet-9_img8	high	
sheet-9-R124	MATCHED						src/Eccube/Resource/template/default/Mypage/shopping_history_detail.twig:252		送り主の名前をEC受注のときだけ表示する	画像sheet-9_img8の山田 太郎様	high	
sheet-9-R125	MATCHED						src/Eccube/Resource/template/default/Mypage/shopping_history_detail.twig:253		送り主の電話番号をEC受注のときだけ表示する	画像sheet-9_img8のTEL	high	
sheet-9-R126	MATCHED						src/Eccube/Resource/template/default/Mypage/shopping_history_detail.twig:257-291		支払方法は全パターンで表示する	画像sheet-9_img8/img9とも支払方法がある	high	
sheet-9-R127	MATCHED						src/Eccube/Resource/template/default/Mypage/shopping_history_detail.twig:269-278		配送方法はEC受注のときだけ表示する	画像sheet-9_img8にのみ配送方法	high	
sheet-9-R128	OUT_OF_SCOPE								レイアウト図の見出し		high	
sheet-9-R129	OUT_OF_SCOPE								お届け先欄カスタマイズ説明の前置き		high	
sheet-9-R130	MATCHED						src/Eccube/Resource/template/default/Mypage/shopping_history_detail.twig:304;src/Eccube/Resource/template/default/Mypage/shopping_history_detail.twig:309		お届け先の住所に住所３を追加している	画像sheet-9_img10の住所行	high	
sheet-9-R131	OUT_OF_SCOPE								カスタマイズ範囲外は現行踏襲という方針文		high	
sheet-9-R132	OUT_OF_SCOPE								機能仕様処理概要の小見出し		high	
sheet-9-R133	MATCHED						src/Eccube/Resource/template/default/Mypage/shopping_history_detail.twig:304;src/Eccube/Resource/template/default/Mypage/shopping_history_detail.twig:309		お届け先の住所に住所３を追加している	画像sheet-9_img10	high	
sheet-9-R134	MATCHED						src/Eccube/Resource/template/default/Mypage/shopping_history_detail.twig:294-318		お届け先欄はEC受注のときだけ出力し、スマレジ取引では全項目が出ない	画像sheet-9_img9にお届け先は無い	high	
sheet-9-R135	OUT_OF_SCOPE								項目表のヘッダ行の折り返し		high	
sheet-9-R136	OUT_OF_SCOPE								項目表のヘッダ行（適用パターンの列名）		high	
sheet-9-R137	MATCHED						src/Eccube/Resource/template/default/Mypage/shopping_history_detail.twig:300-311		お届け先の郵便番号はEC受注のときだけ表示する（表示書式の相違はsheet-9-R158で指摘）	画像sheet-9_img10の〒558-0032	high	
sheet-9-R138	MATCHED						src/Eccube/Resource/template/default/Mypage/shopping_history_detail.twig:304;src/Eccube/Resource/template/default/Mypage/shopping_history_detail.twig:309		都道府県（海外時は国名）を表示する	画像sheet-9_img10	high	
sheet-9-R139	MATCHED						src/Eccube/Resource/template/default/Mypage/shopping_history_detail.twig:304		住所１を表示する	画像sheet-9_img10	high	
sheet-9-R140	MATCHED						src/Eccube/Resource/template/default/Mypage/shopping_history_detail.twig:304		住所２を表示する	画像sheet-9_img10	high	
sheet-9-R141	MATCHED						src/Eccube/Resource/template/default/Mypage/shopping_history_detail.twig:304		住所３を追加して表示する	画像sheet-9_img10	high	
sheet-9-R142	MATCHED						src/Eccube/Resource/template/default/Mypage/shopping_history_detail.twig:312		お届け先の名前を表示する	画像sheet-9_img10の山田 太郎様	high	
sheet-9-R143	MATCHED						src/Eccube/Resource/template/default/Mypage/shopping_history_detail.twig:313		お届け先の電話番号を表示する	画像sheet-9_img10のTEL	high	
sheet-9-R144	OUT_OF_SCOPE								現行仕様セクションの見出し		high	
sheet-9-R145	OUT_OF_SCOPE								現行仕様の小見出し		high	
sheet-9-R146	MATCHED						src/Eccube/DependencyInjection/EccubeExtension.php:88		マイページ配下は会員としてログインしていないと開けず、未ログインは会員ログインへ誘導される		high	
sheet-9-R147	MATCHED						src/Eccube/Controller/Front/Mypage/MypageController.php:331		注文IDが数字でないURLはこの画面に到達せず見つからない扱いになる		high	
sheet-9-R148	MATCHED						src/Eccube/Controller/Front/Mypage/MypageController.php:334-346		注文を取得できないときは見つからない（HTTP404）として扱う		high	
sheet-9-R149	MATCHED						src/Eccube/Controller/Front/Mypage/MypageController.php:335-346		ログイン会員の注文だけを取得し、他人の注文は見つからない（HTTP404）になる		high	
sheet-9-R150	MATCHED						src/Eccube/Controller/Front/Mypage/MypageController.php:348-362		条件を通過したときだけ購入履歴詳細を表示する		high	
sheet-9-R151	MATCHED						src/Eccube/Controller/Front/Mypage/MypageController.php:335-346		存在しない注文も他人の注文も同じ見つからない（HTTP404）で、理由を画面に出し分けない		high	
sheet-9-R152	OUT_OF_SCOPE								現行仕様の小見出し		high	
sheet-9-R153	MATCHED						src/Eccube/Resource/template/default/Mypage/shopping_history_detail.twig:173-221		注文が保持する金額をそのまま出力し、注文金額合計（税込）に内税額を併記している	画像sheet-9_img5の（内税：¥80）に相当	high	
sheet-9-R154	MATCHED						src/Eccube/Resource/template/default/Mypage/shopping_history_detail.twig:209-210;src/Eccube/Resource/template/default/Mypage/shopping_history_detail.twig:225-226		ポイント使用・ポイント発生は注文が保持する値をそのまま出力し、0でも行ごと出力される。単位はリニューアル後のレイアウト図に合わせptで表示する	画像sheet-9_img5では-900pt・4ptと単位ptで描かれており、現行の『ポイント』表記はリニューアル後の仕様が優先	med	
sheet-9-R155	OUT_OF_SCOPE								現行仕様の小見出し		high	
sheet-9-R156	DRIFT	P3	実装違い	IO	注文日と出荷日は「YYYY年MM月DD日」の形式で表示する。出荷日が未設定のときは空欄にする。	出荷日は「YYYY年MM月DD日」で表示し、出荷日が未設定のときは出荷日の欄を空欄で表示する	src/Eccube/Resource/template/default/Mypage/shopping_history_detail.twig:94-105	日付の書式は一致するが、出荷日が未設定のときは行そのものを出力しないため、出荷日という項目自体が画面から消える	テンプレートは出荷日が未設定なら見出しごと出力しない条件になっている。項目表では出荷日はEC受注・店頭受取受注で◯	画像sheet-9_img1は出荷日の行を含むが、未設定時の描画は図に無い	med	shopping_history_detail.twig-shipping-date-row-hidden-when-empty
sheet-9-R157	OUT_OF_SCOPE								現行仕様の小見出し		high	
sheet-9-R158	DRIFT	P3	実装違い	IO	送り主とお届け先は、都道府県が海外のときだけ表示を切り替える。海外のときは都道府県名の代わりに国名を表示し、郵便番号は区切り記号を付けずそのまま表示する。海外以外のときは、郵便番号を3桁と4桁のあいだにハイフンでつなぎ、先頭に〒を付けて表示する。	国内住所の郵便番号は3桁と4桁のあいだをハイフンでつなぎ先頭に〒を付けて表示し、海外住所の郵便番号は区切り記号も〒も付けずそのまま表示する	src/Eccube/Resource/template/default/Mypage/shopping_history_detail.twig:241-251;src/Eccube/Resource/template/default/Mypage/shopping_history_detail.twig:301-311	国内住所は郵便番号を7桁続きのまま〒に続けて出力するためハイフンが入らず、海外住所にも〒を付けて出力している	送り主・お届け先とも郵便番号を分割せずそのまま出力している。同じ会員向け画面でもお届け先確認や会員登録確認では3桁と4桁をハイフンでつないで表示しており、書式が揃っていない	画像sheet-9_img8・img10の郵便番号はいずれも〒558-0032とハイフン付きで描かれている	high	shopping_history_detail.twig-postal-code-not-hyphenated
sheet-9-R159	OUT_OF_SCOPE								現行仕様の小見出し		high	
sheet-9-R160	OUT_OF_SCOPE								現行仕様（お届け先欄の下の注文明細）はリニューアル後のお届け先項目表（郵便番号〜電話番号の7項目）とレイアウト図に無く、両者が食い違うためリニューアル後を優先して対象外		high	
sheet-9-R161	OUT_OF_SCOPE								現行仕様の小見出し		high	
sheet-9-R162	MATCHED						src/Eccube/Resource/template/default/Mypage/shopping_history_detail.twig:14-19;src/Eccube/Resource/template/default/Mypage/shopping_history_detail.twig:72		領収書発行リンクは購入履歴詳細に留まったまま別ウィンドウで領収書を開く		high	
sheet-9-R163	OUT_OF_SCOPE								現行仕様の小見出し		high	
sheet-9-R164	MATCHED						src/Eccube/Controller/Front/Mypage/MypageController.php:331-333;src/Eccube/Resource/template/default/Mypage/shopping_history_detail.twig:26-329		画面に入力フォームもモーダルも無く、注文IDはURLで受け取っている	画像sheet-9_img1にも入力部品は無い	high	
sheet-9-R165	MATCHED						src/Eccube/Controller/Front/Mypage/MypageController.php:331-341		ログイン会員と注文IDを入力として受け取る		high	
sheet-9-R166	MATCHED						src/Eccube/Controller/Front/Mypage/MypageController.php:356-361		条件を満たすと購入履歴詳細を表示する		high	
sheet-9-R167	MATCHED						src/Eccube/Controller/Front/Mypage/MypageController.php:344-346;src/Eccube/DependencyInjection/EccubeExtension.php:88		未ログインは会員ログインへ誘導し、それ以外の失敗は見つからない（HTTP404）になる		high	
sheet-9-R168	NOT_IMPLEMENTED	P2	未実装	IO	F06-07-MSG-001 本文 ※金額が変更されている商品があるため、再注文時はご注意ください。 購入履歴詳細を開き、注文時から商品価格が変更されているとき 購入履歴詳細画面に留まる（再注文リンクは所定の注文種別のときだけ表示する）	注文時から商品価格が変更されている商品があるとき、購入履歴詳細の本文に『※金額が変更されている商品があるため、再注文時はご注意ください。』を表示する	src/Eccube/Resource/template/default/Mypage/shopping_history_detail.twig:27;src/Eccube/Resource/template/default/Mypage/shopping_history_detail.twig:157-162;src/Eccube/Resource/locale/messages.ja.yaml:693	価格変更の有無を判定するフラグは立てているが、そのフラグを使ってメッセージを出力する箇所がテンプレートに無く、文言も画面に出ない。明細ごとの現在価格の併記だけが出力される	テンプレート先頭でフラグを初期化し明細ループで真にしているが、以降どこでも参照していない。文言は用語ファイルに定義されているだけで、どの画面からも呼ばれていない	画像sheet-9_img5/img6にも本文メッセージは描かれていないが、表示メッセージ表はリニューアル後の仕様として当該文言を定義している	high	shopping_history_detail.twig-notice-messages-not-rendered
sheet-9-R169	MATCHED						src/Eccube/Resource/template/default/Mypage/shopping_history_detail.twig:31-33;src/Eccube/Resource/locale/messages.ja.yaml:641		詳細画面の見出しに購入履歴詳細を表示する	画像sheet-9_img1の見出しが購入履歴詳細	high	
sheet-9-R170	NOT_IMPLEMENTED	P3	未実装	IO	— 獲得ポイントの注記 ※獲得ポイントは商品出荷時に有効になります。 詳細画面の表示時 —	購入履歴詳細の表示時に獲得ポイントの注記として『※獲得ポイントは商品出荷時に有効になります。』を表示する	src/Eccube/Resource/template/default/Mypage/shopping_history_detail.twig:222-229;src/Eccube/Resource/locale/messages.ja.yaml:1436	獲得ポイントの注記は購入履歴詳細に出力されていない。同じ文言は注文手続き画面でだけ出力される	ポイント発生の行の前後に注記の出力が無く、文言は用語ファイルに定義され注文手続き画面からのみ参照されている	画像sheet-9_img5/img6ではポイント発生の直後で図が切れており、注記の有無は図から確認できない	med	shopping_history_detail.twig-notice-messages-not-rendered
sheet-10-R001	OUT_OF_SCOPE								別添資料の表ヘッダ行（カテゴリ／BOステータス／フロント表示画像／注文種別の各列）であり、それ自体は実装要求ではない。列の意味づけは各データ行の判定で用いた。	sheet-10_img1〜img9.png を全て確認。フロント表示画像列に入るのは文字入りの帯画像で、C2=出荷準備(img4)/C3=入金待ち(img1)/C4=出荷準備(img8)/C5=ご来店待ち(img2)/C6=出荷準備(img9)/C7=予約済み(img3)/C8=出荷完了(img5)/C9=受け取り済み(img7)/C10=キャンセル(img6)。すなわちBOステータス名とは別の、購入者向けの表示語（出荷準備・ご来店待ち・受け取り済み等）を持つ画像である。	high	
sheet-10-R002	NOT_IMPLEMENTED	P2	未実装	IO	カテゴリ BOステータス フロント表示画像 通常注文 スムーズ店頭受取 店舗受取注文 スマレジからのデータ 予約 購入履歴 ピック中 × × ◯ × ◯	注文購入履歴の画面では、受注のBOステータスに対応づけられた購入者向けの表示画像（ピック中なら『出荷準備』の帯画像）を出し、注文の種別（通常注文・スムーズ店頭受取・店舗受取注文・スマレジ取引・予約）ごとに表示する／しないを切り替える。	src/Eccube/Resource/template/default/Mypage/shopping_history.twig:198;src/Eccube/Resource/template/default/Mypage/shopping_history_detail.twig:111	src/Eccube/Resource/template/default/Mypage/shopping_history.twig:198 は受注のBOステータス名（Order.OrderStatus.name＝『ピック中』等）をそのまま文字ラベルで出す。src/Eccube/Resource/template/default/Mypage/shopping_history_detail.twig:111 も購入者向けステータス名の文字ラベルのみ。設計が定める表示画像（出荷準備・ご来店待ち・受け取り済み等）は用意されておらず、注文種別ごとの表示可否の切り替えも無い。	実装の注文履歴一覧は src/Eccube/Resource/template/default/Mypage/shopping_history.twig:84 でCSS修飾子を3種（completed/cancelled/pending）に丸めたうえで :198 にBOステータス名を文字表示する。詳細（src/Eccube/Resource/template/default/Mypage/shopping_history_detail.twig:111）も文字ラベル。ステータス画像は買取（src/Eccube/Service/Front/Mypage/PurchaseHistory/PurchaseHistoryStatusMapper.php:99 以降）にしか存在せず、注文側には該当アセットもマッピングも無い。注文種別による出し分け（通常注文／スムーズ店頭受取／店舗受取注文／スマレジ取引／予約）も実装されていない。	sheet-10_img1〜img9.png を全て確認。フロント表示画像列に入るのは文字入りの帯画像で、C2=出荷準備(img4)/C3=入金待ち(img1)/C4=出荷準備(img8)/C5=ご来店待ち(img2)/C6=出荷準備(img9)/C7=予約済み(img3)/C8=出荷完了(img5)/C9=受け取り済み(img7)/C10=キャンセル(img6)。すなわちBOステータス名とは別の、購入者向けの表示語（出荷準備・ご来店待ち・受け取り済み等）を持つ画像である。	high	shopping_history.twig-order-status-image-missing
sheet-10-R003	OUT_OF_SCOPE								sheet-10-R002 と同一の実装欠陥（注文のBOステータスに対応するフロント表示画像そのものが存在せず、文字ラベル表示のみ）から出る行のため、1つの欠陥を要求の数だけ指摘に割らない方針に従い代表行 sheet-10-R002 へ集約した。本行は同一表の別ステータス行（入金待ち）で、実装状況も同じ（src/Eccube/Resource/template/default/Mypage/shopping_history.twig:198 のBOステータス名の文字表示のみ）。	sheet-10_img1〜img9.png を全て確認。フロント表示画像列に入るのは文字入りの帯画像で、C2=出荷準備(img4)/C3=入金待ち(img1)/C4=出荷準備(img8)/C5=ご来店待ち(img2)/C6=出荷準備(img9)/C7=予約済み(img3)/C8=出荷完了(img5)/C9=受け取り済み(img7)/C10=キャンセル(img6)。すなわちBOステータス名とは別の、購入者向けの表示語（出荷準備・ご来店待ち・受け取り済み等）を持つ画像である。	high	
sheet-10-R004	OUT_OF_SCOPE								sheet-10-R002 と同一の実装欠陥（注文のBOステータスに対応するフロント表示画像そのものが存在せず、文字ラベル表示のみ）から出る行のため、1つの欠陥を要求の数だけ指摘に割らない方針に従い代表行 sheet-10-R002 へ集約した。本行は同一表の別ステータス行（入金済み）で、実装状況も同じ（src/Eccube/Resource/template/default/Mypage/shopping_history.twig:198 のBOステータス名の文字表示のみ）。	sheet-10_img1〜img9.png を全て確認。フロント表示画像列に入るのは文字入りの帯画像で、C2=出荷準備(img4)/C3=入金待ち(img1)/C4=出荷準備(img8)/C5=ご来店待ち(img2)/C6=出荷準備(img9)/C7=予約済み(img3)/C8=出荷完了(img5)/C9=受け取り済み(img7)/C10=キャンセル(img6)。すなわちBOステータス名とは別の、購入者向けの表示語（出荷準備・ご来店待ち・受け取り済み等）を持つ画像である。	high	
sheet-10-R005	OUT_OF_SCOPE								sheet-10-R002 と同一の実装欠陥（注文のBOステータスに対応するフロント表示画像そのものが存在せず、文字ラベル表示のみ）から出る行のため、1つの欠陥を要求の数だけ指摘に割らない方針に従い代表行 sheet-10-R002 へ集約した。本行は同一表の別ステータス行（ピック完了）で、実装状況も同じ（src/Eccube/Resource/template/default/Mypage/shopping_history.twig:198 のBOステータス名の文字表示のみ）。	sheet-10_img1〜img9.png を全て確認。フロント表示画像列に入るのは文字入りの帯画像で、C2=出荷準備(img4)/C3=入金待ち(img1)/C4=出荷準備(img8)/C5=ご来店待ち(img2)/C6=出荷準備(img9)/C7=予約済み(img3)/C8=出荷完了(img5)/C9=受け取り済み(img7)/C10=キャンセル(img6)。すなわちBOステータス名とは別の、購入者向けの表示語（出荷準備・ご来店待ち・受け取り済み等）を持つ画像である。	high	
sheet-10-R006	OUT_OF_SCOPE								sheet-10-R002 と同一の実装欠陥（注文のBOステータスに対応するフロント表示画像そのものが存在せず、文字ラベル表示のみ）から出る行のため、1つの欠陥を要求の数だけ指摘に割らない方針に従い代表行 sheet-10-R002 へ集約した。本行は同一表の別ステータス行（出荷指示）で、実装状況も同じ（src/Eccube/Resource/template/default/Mypage/shopping_history.twig:198 のBOステータス名の文字表示のみ）。	sheet-10_img1〜img9.png を全て確認。フロント表示画像列に入るのは文字入りの帯画像で、C2=出荷準備(img4)/C3=入金待ち(img1)/C4=出荷準備(img8)/C5=ご来店待ち(img2)/C6=出荷準備(img9)/C7=予約済み(img3)/C8=出荷完了(img5)/C9=受け取り済み(img7)/C10=キャンセル(img6)。すなわちBOステータス名とは別の、購入者向けの表示語（出荷準備・ご来店待ち・受け取り済み等）を持つ画像である。	high	
sheet-10-R007	OUT_OF_SCOPE								sheet-10-R002 と同一の実装欠陥（注文のBOステータスに対応するフロント表示画像そのものが存在せず、文字ラベル表示のみ）から出る行のため、1つの欠陥を要求の数だけ指摘に割らない方針に従い代表行 sheet-10-R002 へ集約した。本行は同一表の別ステータス行（店頭予約）で、実装状況も同じ（src/Eccube/Resource/template/default/Mypage/shopping_history.twig:198 のBOステータス名の文字表示のみ）。	sheet-10_img1〜img9.png を全て確認。フロント表示画像列に入るのは文字入りの帯画像で、C2=出荷準備(img4)/C3=入金待ち(img1)/C4=出荷準備(img8)/C5=ご来店待ち(img2)/C6=出荷準備(img9)/C7=予約済み(img3)/C8=出荷完了(img5)/C9=受け取り済み(img7)/C10=キャンセル(img6)。すなわちBOステータス名とは別の、購入者向けの表示語（出荷準備・ご来店待ち・受け取り済み等）を持つ画像である。	high	
sheet-10-R008	OUT_OF_SCOPE								sheet-10-R002 と同一の実装欠陥（注文のBOステータスに対応するフロント表示画像そのものが存在せず、文字ラベル表示のみ）から出る行のため、1つの欠陥を要求の数だけ指摘に割らない方針に従い代表行 sheet-10-R002 へ集約した。本行は同一表の別ステータス行（出荷完了）で、実装状況も同じ（src/Eccube/Resource/template/default/Mypage/shopping_history.twig:198 のBOステータス名の文字表示のみ）。	sheet-10_img1〜img9.png を全て確認。フロント表示画像列に入るのは文字入りの帯画像で、C2=出荷準備(img4)/C3=入金待ち(img1)/C4=出荷準備(img8)/C5=ご来店待ち(img2)/C6=出荷準備(img9)/C7=予約済み(img3)/C8=出荷完了(img5)/C9=受け取り済み(img7)/C10=キャンセル(img6)。すなわちBOステータス名とは別の、購入者向けの表示語（出荷準備・ご来店待ち・受け取り済み等）を持つ画像である。	high	
sheet-10-R009	OUT_OF_SCOPE								sheet-10-R002 と同一の実装欠陥（注文のBOステータスに対応するフロント表示画像そのものが存在せず、文字ラベル表示のみ）から出る行のため、1つの欠陥を要求の数だけ指摘に割らない方針に従い代表行 sheet-10-R002 へ集約した。本行は同一表の別ステータス行（購入済み）で、実装状況も同じ（src/Eccube/Resource/template/default/Mypage/shopping_history.twig:198 のBOステータス名の文字表示のみ）。	sheet-10_img1〜img9.png を全て確認。フロント表示画像列に入るのは文字入りの帯画像で、C2=出荷準備(img4)/C3=入金待ち(img1)/C4=出荷準備(img8)/C5=ご来店待ち(img2)/C6=出荷準備(img9)/C7=予約済み(img3)/C8=出荷完了(img5)/C9=受け取り済み(img7)/C10=キャンセル(img6)。すなわちBOステータス名とは別の、購入者向けの表示語（出荷準備・ご来店待ち・受け取り済み等）を持つ画像である。	high	
sheet-10-R010	OUT_OF_SCOPE								sheet-10-R002 と同一の実装欠陥（注文のBOステータスに対応するフロント表示画像そのものが存在せず、文字ラベル表示のみ）から出る行のため、1つの欠陥を要求の数だけ指摘に割らない方針に従い代表行 sheet-10-R002 へ集約した。本行は同一表の別ステータス行（キャンセル）で、実装状況も同じ（src/Eccube/Resource/template/default/Mypage/shopping_history.twig:198 のBOステータス名の文字表示のみ）。	sheet-10_img1〜img9.png を全て確認。フロント表示画像列に入るのは文字入りの帯画像で、C2=出荷準備(img4)/C3=入金待ち(img1)/C4=出荷準備(img8)/C5=ご来店待ち(img2)/C6=出荷準備(img9)/C7=予約済み(img3)/C8=出荷完了(img5)/C9=受け取り済み(img7)/C10=キャンセル(img6)。すなわちBOステータス名とは別の、購入者向けの表示語（出荷準備・ご来店待ち・受け取り済み等）を持つ画像である。	high	
