要求ID	書番	シート	シート名	区分	シート内行	HTML行	ブロックID	ブロック見出し	カスタマイズ	同ブロック	表ヘッダ	要求文
sheet-1-R001	0516	sheet-1	表紙	本文	2	964	sheet-1-B001			sheet-1-R002,sheet-1-R003,sheet-1-R004,sheet-1-R005,sheet-1-R006,sheet-1-R007		晴れる屋様
sheet-1-R002	0516	sheet-1	表紙	本文	3	965	sheet-1-B001			sheet-1-R001,sheet-1-R003,sheet-1-R004,sheet-1-R005,sheet-1-R006,sheet-1-R007		サイトリニューアル
sheet-1-R003	0516	sheet-1	表紙	本文	4	966	sheet-1-B001			sheet-1-R001,sheet-1-R002,sheet-1-R004,sheet-1-R005,sheet-1-R006,sheet-1-R007		基本設計仕様書
sheet-1-R004	0516	sheet-1	表紙	本文	5	967	sheet-1-B001			sheet-1-R001,sheet-1-R002,sheet-1-R003,sheet-1-R005,sheet-1-R006,sheet-1-R007		データ管理API機能
sheet-1-R005	0516	sheet-1	表紙	本文	6	968	sheet-1-B001			sheet-1-R001,sheet-1-R002,sheet-1-R003,sheet-1-R004,sheet-1-R006,sheet-1-R007		"Ver	改訂内容	改訂者	改訂日"
sheet-1-R006	0516	sheet-1	表紙	本文	7	969	sheet-1-B001			sheet-1-R001,sheet-1-R002,sheet-1-R003,sheet-1-R004,sheet-1-R005,sheet-1-R007		"0.1	新規作成	高久	2025-08-12"
sheet-1-R007	0516	sheet-1	表紙	本文	8	970	sheet-1-B001			sheet-1-R001,sheet-1-R002,sheet-1-R003,sheet-1-R004,sheet-1-R005,sheet-1-R006		"0.2	表記ゆれ および フォーマット調整	高久	2025-09-17"
sheet-2-R001	0516	sheet-2	目次	本文	2	988	sheet-2-B002			sheet-2-R002,sheet-2-R003,sheet-2-R004		目次
sheet-2-R002	0516	sheet-2	目次	本文	3	989	sheet-2-B002			sheet-2-R001,sheet-2-R003,sheet-2-R004		API設計
sheet-2-R003	0516	sheet-2	目次	本文	4	990	sheet-2-B002			sheet-2-R001,sheet-2-R002,sheet-2-R004		A16-01 トップバナー情報取得
sheet-2-R004	0516	sheet-2	目次	本文	5	991	sheet-2-B002			sheet-2-R001,sheet-2-R002,sheet-2-R003		A16-02 言語コードに紐づいたトップバナーの情報一覧を取得
sheet-3-R001	0516	sheet-3	トップバナー情報取得	処理概要	23	1022	sheet-3-B003			sheet-3-R002,sheet-3-R003,sheet-3-R004		GET　POST　PUT　DELETE　PATCH　OPTIONS　HEAD　有　無　〇
sheet-3-R002	0516	sheet-3	トップバナー情報取得	処理概要	24	1023	sheet-3-B003			sheet-3-R001,sheet-3-R003,sheet-3-R004		エンドポイントURL
sheet-3-R003	0516	sheet-3	トップバナー情報取得	処理概要	25	1024	sheet-3-B003			sheet-3-R001,sheet-3-R002,sheet-3-R004		/topBanner/{バナーID}
sheet-3-R004	0516	sheet-3	トップバナー情報取得	処理概要	26	1025	sheet-3-B003			sheet-3-R001,sheet-3-R002,sheet-3-R003		プロトコル　HTTP　メソッド　GET　認証の有無　無　認証方式　無　リクエスト書式　クエリ　レスポンス書式　JSON
sheet-3-R005	0516	sheet-3	トップバナー情報取得	機能仕様	28	1027	sheet-3-B004			sheet-3-R006		トップバナーIDからトップバナー情報を取得
sheet-3-R006	0516	sheet-3	トップバナー情報取得	機能仕様	29	1028	sheet-3-B004			sheet-3-R005		記事サイト各ページ下部のバナー部分を載せる際に呼び出される
sheet-3-R007	0516	sheet-3	トップバナー情報取得	機能仕様	31	1030	sheet-3-B005			sheet-3-R008,sheet-3-R009,sheet-3-R010,sheet-3-R011,sheet-3-R012,sheet-3-R013,sheet-3-R014,sheet-3-R015,sheet-3-R016,sheet-3-R017,sheet-3-R018,sheet-3-R019,sheet-3-R020,sheet-3-R021,sheet-3-R022,sheet-3-R023,sheet-3-R024,sheet-3-R025,sheet-3-R026,sheet-3-R027,sheet-3-R028,sheet-3-R029,sheet-3-R030,sheet-3-R031,sheet-3-R032,sheet-3-R033,sheet-3-R034,sheet-3-R035,sheet-3-R036,sheet-3-R037,sheet-3-R038,sheet-3-R039,sheet-3-R040,sheet-3-R041,sheet-3-R042		・指定されたトップバナーIDの出力情報および言語情報をJSON形式で出力される
sheet-3-R008	0516	sheet-3	トップバナー情報取得	機能仕様	32	1031	sheet-3-B005			sheet-3-R007,sheet-3-R009,sheet-3-R010,sheet-3-R011,sheet-3-R012,sheet-3-R013,sheet-3-R014,sheet-3-R015,sheet-3-R016,sheet-3-R017,sheet-3-R018,sheet-3-R019,sheet-3-R020,sheet-3-R021,sheet-3-R022,sheet-3-R023,sheet-3-R024,sheet-3-R025,sheet-3-R026,sheet-3-R027,sheet-3-R028,sheet-3-R029,sheet-3-R030,sheet-3-R031,sheet-3-R032,sheet-3-R033,sheet-3-R034,sheet-3-R035,sheet-3-R036,sheet-3-R037,sheet-3-R038,sheet-3-R039,sheet-3-R040,sheet-3-R041,sheet-3-R042		リクエストパラメータ
sheet-3-R009	0516	sheet-3	トップバナー情報取得	機能仕様	33	1032	sheet-3-B005			sheet-3-R007,sheet-3-R008,sheet-3-R010,sheet-3-R011,sheet-3-R012,sheet-3-R013,sheet-3-R014,sheet-3-R015,sheet-3-R016,sheet-3-R017,sheet-3-R018,sheet-3-R019,sheet-3-R020,sheet-3-R021,sheet-3-R022,sheet-3-R023,sheet-3-R024,sheet-3-R025,sheet-3-R026,sheet-3-R027,sheet-3-R028,sheet-3-R029,sheet-3-R030,sheet-3-R031,sheet-3-R032,sheet-3-R033,sheet-3-R034,sheet-3-R035,sheet-3-R036,sheet-3-R037,sheet-3-R038,sheet-3-R039,sheet-3-R040,sheet-3-R041,sheet-3-R042		"項目名	型	必須	最大文字数"
sheet-3-R010	0516	sheet-3	トップバナー情報取得	機能仕様	34	1033	sheet-3-B005			sheet-3-R007,sheet-3-R008,sheet-3-R009,sheet-3-R011,sheet-3-R012,sheet-3-R013,sheet-3-R014,sheet-3-R015,sheet-3-R016,sheet-3-R017,sheet-3-R018,sheet-3-R019,sheet-3-R020,sheet-3-R021,sheet-3-R022,sheet-3-R023,sheet-3-R024,sheet-3-R025,sheet-3-R026,sheet-3-R027,sheet-3-R028,sheet-3-R029,sheet-3-R030,sheet-3-R031,sheet-3-R032,sheet-3-R033,sheet-3-R034,sheet-3-R035,sheet-3-R036,sheet-3-R037,sheet-3-R038,sheet-3-R039,sheet-3-R040,sheet-3-R041,sheet-3-R042		"または最大値	入力例	備考"
sheet-3-R011	0516	sheet-3	トップバナー情報取得	機能仕様	35	1034	sheet-3-B005			sheet-3-R007,sheet-3-R008,sheet-3-R009,sheet-3-R010,sheet-3-R012,sheet-3-R013,sheet-3-R014,sheet-3-R015,sheet-3-R016,sheet-3-R017,sheet-3-R018,sheet-3-R019,sheet-3-R020,sheet-3-R021,sheet-3-R022,sheet-3-R023,sheet-3-R024,sheet-3-R025,sheet-3-R026,sheet-3-R027,sheet-3-R028,sheet-3-R029,sheet-3-R030,sheet-3-R031,sheet-3-R032,sheet-3-R033,sheet-3-R034,sheet-3-R035,sheet-3-R036,sheet-3-R037,sheet-3-R038,sheet-3-R039,sheet-3-R040,sheet-3-R041,sheet-3-R042		"バナーID	数字(整数)	〇	-	1"
sheet-3-R012	0516	sheet-3	トップバナー情報取得	機能仕様	36	1035	sheet-3-B005			sheet-3-R007,sheet-3-R008,sheet-3-R009,sheet-3-R010,sheet-3-R011,sheet-3-R013,sheet-3-R014,sheet-3-R015,sheet-3-R016,sheet-3-R017,sheet-3-R018,sheet-3-R019,sheet-3-R020,sheet-3-R021,sheet-3-R022,sheet-3-R023,sheet-3-R024,sheet-3-R025,sheet-3-R026,sheet-3-R027,sheet-3-R028,sheet-3-R029,sheet-3-R030,sheet-3-R031,sheet-3-R032,sheet-3-R033,sheet-3-R034,sheet-3-R035,sheet-3-R036,sheet-3-R037,sheet-3-R038,sheet-3-R039,sheet-3-R040,sheet-3-R041,sheet-3-R042		リクエストパラメータサンプル
sheet-3-R013	0516	sheet-3	トップバナー情報取得	機能仕様	37	1036	sheet-3-B005			sheet-3-R007,sheet-3-R008,sheet-3-R009,sheet-3-R010,sheet-3-R011,sheet-3-R012,sheet-3-R014,sheet-3-R015,sheet-3-R016,sheet-3-R017,sheet-3-R018,sheet-3-R019,sheet-3-R020,sheet-3-R021,sheet-3-R022,sheet-3-R023,sheet-3-R024,sheet-3-R025,sheet-3-R026,sheet-3-R027,sheet-3-R028,sheet-3-R029,sheet-3-R030,sheet-3-R031,sheet-3-R032,sheet-3-R033,sheet-3-R034,sheet-3-R035,sheet-3-R036,sheet-3-R037,sheet-3-R038,sheet-3-R039,sheet-3-R040,sheet-3-R041,sheet-3-R042		/topBanner/1
sheet-3-R014	0516	sheet-3	トップバナー情報取得	機能仕様	38	1037	sheet-3-B005			sheet-3-R007,sheet-3-R008,sheet-3-R009,sheet-3-R010,sheet-3-R011,sheet-3-R012,sheet-3-R013,sheet-3-R015,sheet-3-R016,sheet-3-R017,sheet-3-R018,sheet-3-R019,sheet-3-R020,sheet-3-R021,sheet-3-R022,sheet-3-R023,sheet-3-R024,sheet-3-R025,sheet-3-R026,sheet-3-R027,sheet-3-R028,sheet-3-R029,sheet-3-R030,sheet-3-R031,sheet-3-R032,sheet-3-R033,sheet-3-R034,sheet-3-R035,sheet-3-R036,sheet-3-R037,sheet-3-R038,sheet-3-R039,sheet-3-R040,sheet-3-R041,sheet-3-R042		ステータスコード
sheet-3-R015	0516	sheet-3	トップバナー情報取得	機能仕様	39	1038	sheet-3-B005			sheet-3-R007,sheet-3-R008,sheet-3-R009,sheet-3-R010,sheet-3-R011,sheet-3-R012,sheet-3-R013,sheet-3-R014,sheet-3-R016,sheet-3-R017,sheet-3-R018,sheet-3-R019,sheet-3-R020,sheet-3-R021,sheet-3-R022,sheet-3-R023,sheet-3-R024,sheet-3-R025,sheet-3-R026,sheet-3-R027,sheet-3-R028,sheet-3-R029,sheet-3-R030,sheet-3-R031,sheet-3-R032,sheet-3-R033,sheet-3-R034,sheet-3-R035,sheet-3-R036,sheet-3-R037,sheet-3-R038,sheet-3-R039,sheet-3-R040,sheet-3-R041,sheet-3-R042		コード　説明
sheet-3-R016	0516	sheet-3	トップバナー情報取得	機能仕様	40	1039	sheet-3-B005			sheet-3-R007,sheet-3-R008,sheet-3-R009,sheet-3-R010,sheet-3-R011,sheet-3-R012,sheet-3-R013,sheet-3-R014,sheet-3-R015,sheet-3-R017,sheet-3-R018,sheet-3-R019,sheet-3-R020,sheet-3-R021,sheet-3-R022,sheet-3-R023,sheet-3-R024,sheet-3-R025,sheet-3-R026,sheet-3-R027,sheet-3-R028,sheet-3-R029,sheet-3-R030,sheet-3-R031,sheet-3-R032,sheet-3-R033,sheet-3-R034,sheet-3-R035,sheet-3-R036,sheet-3-R037,sheet-3-R038,sheet-3-R039,sheet-3-R040,sheet-3-R041,sheet-3-R042		200　正常
sheet-3-R017	0516	sheet-3	トップバナー情報取得	機能仕様	41	1040	sheet-3-B005			sheet-3-R007,sheet-3-R008,sheet-3-R009,sheet-3-R010,sheet-3-R011,sheet-3-R012,sheet-3-R013,sheet-3-R014,sheet-3-R015,sheet-3-R016,sheet-3-R018,sheet-3-R019,sheet-3-R020,sheet-3-R021,sheet-3-R022,sheet-3-R023,sheet-3-R024,sheet-3-R025,sheet-3-R026,sheet-3-R027,sheet-3-R028,sheet-3-R029,sheet-3-R030,sheet-3-R031,sheet-3-R032,sheet-3-R033,sheet-3-R034,sheet-3-R035,sheet-3-R036,sheet-3-R037,sheet-3-R038,sheet-3-R039,sheet-3-R040,sheet-3-R041,sheet-3-R042		404　該当データがない場合(トップバナーIDが存在しない)
sheet-3-R018	0516	sheet-3	トップバナー情報取得	機能仕様	42	1041	sheet-3-B005			sheet-3-R007,sheet-3-R008,sheet-3-R009,sheet-3-R010,sheet-3-R011,sheet-3-R012,sheet-3-R013,sheet-3-R014,sheet-3-R015,sheet-3-R016,sheet-3-R017,sheet-3-R019,sheet-3-R020,sheet-3-R021,sheet-3-R022,sheet-3-R023,sheet-3-R024,sheet-3-R025,sheet-3-R026,sheet-3-R027,sheet-3-R028,sheet-3-R029,sheet-3-R030,sheet-3-R031,sheet-3-R032,sheet-3-R033,sheet-3-R034,sheet-3-R035,sheet-3-R036,sheet-3-R037,sheet-3-R038,sheet-3-R039,sheet-3-R040,sheet-3-R041,sheet-3-R042		レスポンスデータ
sheet-3-R019	0516	sheet-3	トップバナー情報取得	機能仕様	43	1042	sheet-3-B005			sheet-3-R007,sheet-3-R008,sheet-3-R009,sheet-3-R010,sheet-3-R011,sheet-3-R012,sheet-3-R013,sheet-3-R014,sheet-3-R015,sheet-3-R016,sheet-3-R017,sheet-3-R018,sheet-3-R020,sheet-3-R021,sheet-3-R022,sheet-3-R023,sheet-3-R024,sheet-3-R025,sheet-3-R026,sheet-3-R027,sheet-3-R028,sheet-3-R029,sheet-3-R030,sheet-3-R031,sheet-3-R032,sheet-3-R033,sheet-3-R034,sheet-3-R035,sheet-3-R036,sheet-3-R037,sheet-3-R038,sheet-3-R039,sheet-3-R040,sheet-3-R041,sheet-3-R042		"名前	型	説明"
sheet-3-R020	0516	sheet-3	トップバナー情報取得	機能仕様	44	1043	sheet-3-B005			sheet-3-R007,sheet-3-R008,sheet-3-R009,sheet-3-R010,sheet-3-R011,sheet-3-R012,sheet-3-R013,sheet-3-R014,sheet-3-R015,sheet-3-R016,sheet-3-R017,sheet-3-R018,sheet-3-R019,sheet-3-R021,sheet-3-R022,sheet-3-R023,sheet-3-R024,sheet-3-R025,sheet-3-R026,sheet-3-R027,sheet-3-R028,sheet-3-R029,sheet-3-R030,sheet-3-R031,sheet-3-R032,sheet-3-R033,sheet-3-R034,sheet-3-R035,sheet-3-R036,sheet-3-R037,sheet-3-R038,sheet-3-R039,sheet-3-R040,sheet-3-R041,sheet-3-R042		"id	数字(整数)	バナーID"
sheet-3-R021	0516	sheet-3	トップバナー情報取得	機能仕様	45	1044	sheet-3-B005			sheet-3-R007,sheet-3-R008,sheet-3-R009,sheet-3-R010,sheet-3-R011,sheet-3-R012,sheet-3-R013,sheet-3-R014,sheet-3-R015,sheet-3-R016,sheet-3-R017,sheet-3-R018,sheet-3-R019,sheet-3-R020,sheet-3-R022,sheet-3-R023,sheet-3-R024,sheet-3-R025,sheet-3-R026,sheet-3-R027,sheet-3-R028,sheet-3-R029,sheet-3-R030,sheet-3-R031,sheet-3-R032,sheet-3-R033,sheet-3-R034,sheet-3-R035,sheet-3-R036,sheet-3-R037,sheet-3-R038,sheet-3-R039,sheet-3-R040,sheet-3-R041,sheet-3-R042		"image_url	文字型	バナーURL"
sheet-3-R022	0516	sheet-3	トップバナー情報取得	機能仕様	46	1045	sheet-3-B005			sheet-3-R007,sheet-3-R008,sheet-3-R009,sheet-3-R010,sheet-3-R011,sheet-3-R012,sheet-3-R013,sheet-3-R014,sheet-3-R015,sheet-3-R016,sheet-3-R017,sheet-3-R018,sheet-3-R019,sheet-3-R020,sheet-3-R021,sheet-3-R023,sheet-3-R024,sheet-3-R025,sheet-3-R026,sheet-3-R027,sheet-3-R028,sheet-3-R029,sheet-3-R030,sheet-3-R031,sheet-3-R032,sheet-3-R033,sheet-3-R034,sheet-3-R035,sheet-3-R036,sheet-3-R037,sheet-3-R038,sheet-3-R039,sheet-3-R040,sheet-3-R041,sheet-3-R042		"link	文字型	バナーリンク先"
sheet-3-R023	0516	sheet-3	トップバナー情報取得	機能仕様	47	1046	sheet-3-B005			sheet-3-R007,sheet-3-R008,sheet-3-R009,sheet-3-R010,sheet-3-R011,sheet-3-R012,sheet-3-R013,sheet-3-R014,sheet-3-R015,sheet-3-R016,sheet-3-R017,sheet-3-R018,sheet-3-R019,sheet-3-R020,sheet-3-R021,sheet-3-R022,sheet-3-R024,sheet-3-R025,sheet-3-R026,sheet-3-R027,sheet-3-R028,sheet-3-R029,sheet-3-R030,sheet-3-R031,sheet-3-R032,sheet-3-R033,sheet-3-R034,sheet-3-R035,sheet-3-R036,sheet-3-R037,sheet-3-R038,sheet-3-R039,sheet-3-R040,sheet-3-R041,sheet-3-R042		"disp_type	数字(整数)	表示タイプ(0:非表示 1:表示)"
sheet-3-R024	0516	sheet-3	トップバナー情報取得	機能仕様	48	1047	sheet-3-B005			sheet-3-R007,sheet-3-R008,sheet-3-R009,sheet-3-R010,sheet-3-R011,sheet-3-R012,sheet-3-R013,sheet-3-R014,sheet-3-R015,sheet-3-R016,sheet-3-R017,sheet-3-R018,sheet-3-R019,sheet-3-R020,sheet-3-R021,sheet-3-R022,sheet-3-R023,sheet-3-R025,sheet-3-R026,sheet-3-R027,sheet-3-R028,sheet-3-R029,sheet-3-R030,sheet-3-R031,sheet-3-R032,sheet-3-R033,sheet-3-R034,sheet-3-R035,sheet-3-R036,sheet-3-R037,sheet-3-R038,sheet-3-R039,sheet-3-R040,sheet-3-R041,sheet-3-R042		"languages.id	数字(整数)	言語ID"
sheet-3-R025	0516	sheet-3	トップバナー情報取得	機能仕様	49	1048	sheet-3-B005			sheet-3-R007,sheet-3-R008,sheet-3-R009,sheet-3-R010,sheet-3-R011,sheet-3-R012,sheet-3-R013,sheet-3-R014,sheet-3-R015,sheet-3-R016,sheet-3-R017,sheet-3-R018,sheet-3-R019,sheet-3-R020,sheet-3-R021,sheet-3-R022,sheet-3-R023,sheet-3-R024,sheet-3-R026,sheet-3-R027,sheet-3-R028,sheet-3-R029,sheet-3-R030,sheet-3-R031,sheet-3-R032,sheet-3-R033,sheet-3-R034,sheet-3-R035,sheet-3-R036,sheet-3-R037,sheet-3-R038,sheet-3-R039,sheet-3-R040,sheet-3-R041,sheet-3-R042		"languages.name_jp	文字型	言語名(日本語)"
sheet-3-R026	0516	sheet-3	トップバナー情報取得	機能仕様	50	1049	sheet-3-B005			sheet-3-R007,sheet-3-R008,sheet-3-R009,sheet-3-R010,sheet-3-R011,sheet-3-R012,sheet-3-R013,sheet-3-R014,sheet-3-R015,sheet-3-R016,sheet-3-R017,sheet-3-R018,sheet-3-R019,sheet-3-R020,sheet-3-R021,sheet-3-R022,sheet-3-R023,sheet-3-R024,sheet-3-R025,sheet-3-R027,sheet-3-R028,sheet-3-R029,sheet-3-R030,sheet-3-R031,sheet-3-R032,sheet-3-R033,sheet-3-R034,sheet-3-R035,sheet-3-R036,sheet-3-R037,sheet-3-R038,sheet-3-R039,sheet-3-R040,sheet-3-R041,sheet-3-R042		"languages.name_en	文字型	言語名(英語)"
sheet-3-R027	0516	sheet-3	トップバナー情報取得	機能仕様	51	1050	sheet-3-B005			sheet-3-R007,sheet-3-R008,sheet-3-R009,sheet-3-R010,sheet-3-R011,sheet-3-R012,sheet-3-R013,sheet-3-R014,sheet-3-R015,sheet-3-R016,sheet-3-R017,sheet-3-R018,sheet-3-R019,sheet-3-R020,sheet-3-R021,sheet-3-R022,sheet-3-R023,sheet-3-R024,sheet-3-R025,sheet-3-R026,sheet-3-R028,sheet-3-R029,sheet-3-R030,sheet-3-R031,sheet-3-R032,sheet-3-R033,sheet-3-R034,sheet-3-R035,sheet-3-R036,sheet-3-R037,sheet-3-R038,sheet-3-R039,sheet-3-R040,sheet-3-R041,sheet-3-R042		"languages.code	文字型	言語コード"
sheet-3-R028	0516	sheet-3	トップバナー情報取得	機能仕様	52	1051	sheet-3-B005			sheet-3-R007,sheet-3-R008,sheet-3-R009,sheet-3-R010,sheet-3-R011,sheet-3-R012,sheet-3-R013,sheet-3-R014,sheet-3-R015,sheet-3-R016,sheet-3-R017,sheet-3-R018,sheet-3-R019,sheet-3-R020,sheet-3-R021,sheet-3-R022,sheet-3-R023,sheet-3-R024,sheet-3-R025,sheet-3-R026,sheet-3-R027,sheet-3-R029,sheet-3-R030,sheet-3-R031,sheet-3-R032,sheet-3-R033,sheet-3-R034,sheet-3-R035,sheet-3-R036,sheet-3-R037,sheet-3-R038,sheet-3-R039,sheet-3-R040,sheet-3-R041,sheet-3-R042		レスポンスデータサンプル
sheet-3-R029	0516	sheet-3	トップバナー情報取得	機能仕様	53	1052	sheet-3-B005			sheet-3-R007,sheet-3-R008,sheet-3-R009,sheet-3-R010,sheet-3-R011,sheet-3-R012,sheet-3-R013,sheet-3-R014,sheet-3-R015,sheet-3-R016,sheet-3-R017,sheet-3-R018,sheet-3-R019,sheet-3-R020,sheet-3-R021,sheet-3-R022,sheet-3-R023,sheet-3-R024,sheet-3-R025,sheet-3-R026,sheet-3-R027,sheet-3-R028,sheet-3-R030,sheet-3-R031,sheet-3-R032,sheet-3-R033,sheet-3-R034,sheet-3-R035,sheet-3-R036,sheet-3-R037,sheet-3-R038,sheet-3-R039,sheet-3-R040,sheet-3-R041,sheet-3-R042		{
sheet-3-R030	0516	sheet-3	トップバナー情報取得	機能仕様	54	1053	sheet-3-B005			sheet-3-R007,sheet-3-R008,sheet-3-R009,sheet-3-R010,sheet-3-R011,sheet-3-R012,sheet-3-R013,sheet-3-R014,sheet-3-R015,sheet-3-R016,sheet-3-R017,sheet-3-R018,sheet-3-R019,sheet-3-R020,sheet-3-R021,sheet-3-R022,sheet-3-R023,sheet-3-R024,sheet-3-R025,sheet-3-R026,sheet-3-R027,sheet-3-R028,sheet-3-R029,sheet-3-R031,sheet-3-R032,sheet-3-R033,sheet-3-R034,sheet-3-R035,sheet-3-R036,sheet-3-R037,sheet-3-R038,sheet-3-R039,sheet-3-R040,sheet-3-R041,sheet-3-R042		"""id"": 1,"
sheet-3-R031	0516	sheet-3	トップバナー情報取得	機能仕様	55	1054	sheet-3-B005			sheet-3-R007,sheet-3-R008,sheet-3-R009,sheet-3-R010,sheet-3-R011,sheet-3-R012,sheet-3-R013,sheet-3-R014,sheet-3-R015,sheet-3-R016,sheet-3-R017,sheet-3-R018,sheet-3-R019,sheet-3-R020,sheet-3-R021,sheet-3-R022,sheet-3-R023,sheet-3-R024,sheet-3-R025,sheet-3-R026,sheet-3-R027,sheet-3-R028,sheet-3-R029,sheet-3-R030,sheet-3-R032,sheet-3-R033,sheet-3-R034,sheet-3-R035,sheet-3-R036,sheet-3-R037,sheet-3-R038,sheet-3-R039,sheet-3-R040,sheet-3-R041,sheet-3-R042		"""image_url"": ""https://files.hareruyamtg.com/banner/tc/689c4415eb6ab916.jpeg?d=800x450"","
sheet-3-R032	0516	sheet-3	トップバナー情報取得	機能仕様	56	1055	sheet-3-B005			sheet-3-R007,sheet-3-R008,sheet-3-R009,sheet-3-R010,sheet-3-R011,sheet-3-R012,sheet-3-R013,sheet-3-R014,sheet-3-R015,sheet-3-R016,sheet-3-R017,sheet-3-R018,sheet-3-R019,sheet-3-R020,sheet-3-R021,sheet-3-R022,sheet-3-R023,sheet-3-R024,sheet-3-R025,sheet-3-R026,sheet-3-R027,sheet-3-R028,sheet-3-R029,sheet-3-R030,sheet-3-R031,sheet-3-R033,sheet-3-R034,sheet-3-R035,sheet-3-R036,sheet-3-R037,sheet-3-R038,sheet-3-R039,sheet-3-R040,sheet-3-R041,sheet-3-R042		"""link"": ""https://www.hareruyamtg.com/ja/products/search?tags=656&saleFlg=1"","
sheet-3-R033	0516	sheet-3	トップバナー情報取得	機能仕様	57	1056	sheet-3-B005			sheet-3-R007,sheet-3-R008,sheet-3-R009,sheet-3-R010,sheet-3-R011,sheet-3-R012,sheet-3-R013,sheet-3-R014,sheet-3-R015,sheet-3-R016,sheet-3-R017,sheet-3-R018,sheet-3-R019,sheet-3-R020,sheet-3-R021,sheet-3-R022,sheet-3-R023,sheet-3-R024,sheet-3-R025,sheet-3-R026,sheet-3-R027,sheet-3-R028,sheet-3-R029,sheet-3-R030,sheet-3-R031,sheet-3-R032,sheet-3-R034,sheet-3-R035,sheet-3-R036,sheet-3-R037,sheet-3-R038,sheet-3-R039,sheet-3-R040,sheet-3-R041,sheet-3-R042		"""disp_type"": 0,"
sheet-3-R034	0516	sheet-3	トップバナー情報取得	機能仕様	58	1057	sheet-3-B005			sheet-3-R007,sheet-3-R008,sheet-3-R009,sheet-3-R010,sheet-3-R011,sheet-3-R012,sheet-3-R013,sheet-3-R014,sheet-3-R015,sheet-3-R016,sheet-3-R017,sheet-3-R018,sheet-3-R019,sheet-3-R020,sheet-3-R021,sheet-3-R022,sheet-3-R023,sheet-3-R024,sheet-3-R025,sheet-3-R026,sheet-3-R027,sheet-3-R028,sheet-3-R029,sheet-3-R030,sheet-3-R031,sheet-3-R032,sheet-3-R033,sheet-3-R035,sheet-3-R036,sheet-3-R037,sheet-3-R038,sheet-3-R039,sheet-3-R040,sheet-3-R041,sheet-3-R042		"""languages"": ["
sheet-3-R035	0516	sheet-3	トップバナー情報取得	機能仕様	59	1058	sheet-3-B005			sheet-3-R007,sheet-3-R008,sheet-3-R009,sheet-3-R010,sheet-3-R011,sheet-3-R012,sheet-3-R013,sheet-3-R014,sheet-3-R015,sheet-3-R016,sheet-3-R017,sheet-3-R018,sheet-3-R019,sheet-3-R020,sheet-3-R021,sheet-3-R022,sheet-3-R023,sheet-3-R024,sheet-3-R025,sheet-3-R026,sheet-3-R027,sheet-3-R028,sheet-3-R029,sheet-3-R030,sheet-3-R031,sheet-3-R032,sheet-3-R033,sheet-3-R034,sheet-3-R036,sheet-3-R037,sheet-3-R038,sheet-3-R039,sheet-3-R040,sheet-3-R041,sheet-3-R042		{
sheet-3-R036	0516	sheet-3	トップバナー情報取得	機能仕様	60	1059	sheet-3-B005			sheet-3-R007,sheet-3-R008,sheet-3-R009,sheet-3-R010,sheet-3-R011,sheet-3-R012,sheet-3-R013,sheet-3-R014,sheet-3-R015,sheet-3-R016,sheet-3-R017,sheet-3-R018,sheet-3-R019,sheet-3-R020,sheet-3-R021,sheet-3-R022,sheet-3-R023,sheet-3-R024,sheet-3-R025,sheet-3-R026,sheet-3-R027,sheet-3-R028,sheet-3-R029,sheet-3-R030,sheet-3-R031,sheet-3-R032,sheet-3-R033,sheet-3-R034,sheet-3-R035,sheet-3-R037,sheet-3-R038,sheet-3-R039,sheet-3-R040,sheet-3-R041,sheet-3-R042		"""id"": 1,"
sheet-3-R037	0516	sheet-3	トップバナー情報取得	機能仕様	61	1060	sheet-3-B005			sheet-3-R007,sheet-3-R008,sheet-3-R009,sheet-3-R010,sheet-3-R011,sheet-3-R012,sheet-3-R013,sheet-3-R014,sheet-3-R015,sheet-3-R016,sheet-3-R017,sheet-3-R018,sheet-3-R019,sheet-3-R020,sheet-3-R021,sheet-3-R022,sheet-3-R023,sheet-3-R024,sheet-3-R025,sheet-3-R026,sheet-3-R027,sheet-3-R028,sheet-3-R029,sheet-3-R030,sheet-3-R031,sheet-3-R032,sheet-3-R033,sheet-3-R034,sheet-3-R035,sheet-3-R036,sheet-3-R038,sheet-3-R039,sheet-3-R040,sheet-3-R041,sheet-3-R042		"""name_jp"": ""日本語"","
sheet-3-R038	0516	sheet-3	トップバナー情報取得	機能仕様	62	1061	sheet-3-B005			sheet-3-R007,sheet-3-R008,sheet-3-R009,sheet-3-R010,sheet-3-R011,sheet-3-R012,sheet-3-R013,sheet-3-R014,sheet-3-R015,sheet-3-R016,sheet-3-R017,sheet-3-R018,sheet-3-R019,sheet-3-R020,sheet-3-R021,sheet-3-R022,sheet-3-R023,sheet-3-R024,sheet-3-R025,sheet-3-R026,sheet-3-R027,sheet-3-R028,sheet-3-R029,sheet-3-R030,sheet-3-R031,sheet-3-R032,sheet-3-R033,sheet-3-R034,sheet-3-R035,sheet-3-R036,sheet-3-R037,sheet-3-R039,sheet-3-R040,sheet-3-R041,sheet-3-R042		"""name_en"": ""Japanease"","
sheet-3-R039	0516	sheet-3	トップバナー情報取得	機能仕様	63	1062	sheet-3-B005			sheet-3-R007,sheet-3-R008,sheet-3-R009,sheet-3-R010,sheet-3-R011,sheet-3-R012,sheet-3-R013,sheet-3-R014,sheet-3-R015,sheet-3-R016,sheet-3-R017,sheet-3-R018,sheet-3-R019,sheet-3-R020,sheet-3-R021,sheet-3-R022,sheet-3-R023,sheet-3-R024,sheet-3-R025,sheet-3-R026,sheet-3-R027,sheet-3-R028,sheet-3-R029,sheet-3-R030,sheet-3-R031,sheet-3-R032,sheet-3-R033,sheet-3-R034,sheet-3-R035,sheet-3-R036,sheet-3-R037,sheet-3-R038,sheet-3-R040,sheet-3-R041,sheet-3-R042		"""code"": ""JP"""
sheet-3-R040	0516	sheet-3	トップバナー情報取得	機能仕様	64	1063	sheet-3-B005			sheet-3-R007,sheet-3-R008,sheet-3-R009,sheet-3-R010,sheet-3-R011,sheet-3-R012,sheet-3-R013,sheet-3-R014,sheet-3-R015,sheet-3-R016,sheet-3-R017,sheet-3-R018,sheet-3-R019,sheet-3-R020,sheet-3-R021,sheet-3-R022,sheet-3-R023,sheet-3-R024,sheet-3-R025,sheet-3-R026,sheet-3-R027,sheet-3-R028,sheet-3-R029,sheet-3-R030,sheet-3-R031,sheet-3-R032,sheet-3-R033,sheet-3-R034,sheet-3-R035,sheet-3-R036,sheet-3-R037,sheet-3-R038,sheet-3-R039,sheet-3-R041,sheet-3-R042		}
sheet-3-R041	0516	sheet-3	トップバナー情報取得	機能仕様	65	1064	sheet-3-B005			sheet-3-R007,sheet-3-R008,sheet-3-R009,sheet-3-R010,sheet-3-R011,sheet-3-R012,sheet-3-R013,sheet-3-R014,sheet-3-R015,sheet-3-R016,sheet-3-R017,sheet-3-R018,sheet-3-R019,sheet-3-R020,sheet-3-R021,sheet-3-R022,sheet-3-R023,sheet-3-R024,sheet-3-R025,sheet-3-R026,sheet-3-R027,sheet-3-R028,sheet-3-R029,sheet-3-R030,sheet-3-R031,sheet-3-R032,sheet-3-R033,sheet-3-R034,sheet-3-R035,sheet-3-R036,sheet-3-R037,sheet-3-R038,sheet-3-R039,sheet-3-R040,sheet-3-R042		]
sheet-3-R042	0516	sheet-3	トップバナー情報取得	機能仕様	66	1065	sheet-3-B005			sheet-3-R007,sheet-3-R008,sheet-3-R009,sheet-3-R010,sheet-3-R011,sheet-3-R012,sheet-3-R013,sheet-3-R014,sheet-3-R015,sheet-3-R016,sheet-3-R017,sheet-3-R018,sheet-3-R019,sheet-3-R020,sheet-3-R021,sheet-3-R022,sheet-3-R023,sheet-3-R024,sheet-3-R025,sheet-3-R026,sheet-3-R027,sheet-3-R028,sheet-3-R029,sheet-3-R030,sheet-3-R031,sheet-3-R032,sheet-3-R033,sheet-3-R034,sheet-3-R035,sheet-3-R036,sheet-3-R037,sheet-3-R038,sheet-3-R039,sheet-3-R040,sheet-3-R041		}
sheet-3-R043	0516	sheet-3	トップバナー情報取得	現行仕様	70	1069	sheet-3-B006					A16-01 トップバナーIDのトップバナー情報を取得 / API データ管理 — トップバナーIDのトップバナー情報を取得
sheet-3-R044	0516	sheet-3	トップバナー情報取得	現行仕様	72	1071	sheet-3-B007			sheet-3-R045		取得対象の絞り込み
sheet-3-R045	0516	sheet-3	トップバナー情報取得	現行仕様	73	1072	sheet-3-B007			sheet-3-R044		指定されたIDに該当する1件を取得するだけで、絞り込みを一切行わない。表示タイプが非表示のバナーも、画像URLが空のバナーも、IDが一致すれば取得できる（言語による絞り込みも行わない）。保存されている値をそのまま返す。
sheet-3-R046	0516	sheet-3	トップバナー情報取得	現行仕様	75	1074	sheet-3-B008			sheet-3-R047		入出力: 該当が無いときの応答本文
sheet-3-R047	0516	sheet-3	トップバナー情報取得	現行仕様	76	1075	sheet-3-B008			sheet-3-R046		該当するトップバナーが無いときの応答本文は、コードとメッセージの2項目を持つJSONで、コードは404、メッセージは「Not Found」。
sheet-3-R048	0516	sheet-3	トップバナー情報取得	表示メッセージ	79	1078	sheet-3-B009					この機能は画面を持たないためメッセージを扱わない。
sheet-4-R001	0516	sheet-4	言語コードに紐づいたトップバナーの情報一覧を取得	処理概要	23	1129	sheet-4-B010			sheet-4-R002,sheet-4-R003,sheet-4-R004		GET　POST　PUT　DELETE　PATCH　OPTIONS　HEAD　有　無　〇
sheet-4-R002	0516	sheet-4	言語コードに紐づいたトップバナーの情報一覧を取得	処理概要	24	1130	sheet-4-B010			sheet-4-R001,sheet-4-R003,sheet-4-R004		エンドポイントURL
sheet-4-R003	0516	sheet-4	言語コードに紐づいたトップバナーの情報一覧を取得	処理概要	25	1131	sheet-4-B010			sheet-4-R001,sheet-4-R002,sheet-4-R004		/topBanners/{言語コード}.json
sheet-4-R004	0516	sheet-4	言語コードに紐づいたトップバナーの情報一覧を取得	処理概要	26	1132	sheet-4-B010			sheet-4-R001,sheet-4-R002,sheet-4-R003		プロトコル　HTTP　メソッド　GET　認証の有無　無　認証方式　無　リクエスト書式　クエリ　レスポンス書式　JSON
sheet-4-R005	0516	sheet-4	言語コードに紐づいたトップバナーの情報一覧を取得	機能仕様	28	1134	sheet-4-B011			sheet-4-R006		指定言語の設定済みトップバナー一覧を取得
sheet-4-R006	0516	sheet-4	言語コードに紐づいたトップバナーの情報一覧を取得	機能仕様	29	1135	sheet-4-B011			sheet-4-R005		記事サイト各ページ下部のバナー部分を載せる際に呼び出される
sheet-4-R007	0516	sheet-4	言語コードに紐づいたトップバナーの情報一覧を取得	機能仕様	31	1137	sheet-4-B012			sheet-4-R008,sheet-4-R009,sheet-4-R010,sheet-4-R011,sheet-4-R012,sheet-4-R013,sheet-4-R014,sheet-4-R015,sheet-4-R016,sheet-4-R017,sheet-4-R018,sheet-4-R019,sheet-4-R020,sheet-4-R021,sheet-4-R022,sheet-4-R023,sheet-4-R024,sheet-4-R025,sheet-4-R026,sheet-4-R027,sheet-4-R028,sheet-4-R029,sheet-4-R030,sheet-4-R031,sheet-4-R032,sheet-4-R033,sheet-4-R034,sheet-4-R035,sheet-4-R036,sheet-4-R037,sheet-4-R038,sheet-4-R039,sheet-4-R040,sheet-4-R041,sheet-4-R042,sheet-4-R043,sheet-4-R044,sheet-4-R045,sheet-4-R046,sheet-4-R047,sheet-4-R048,sheet-4-R049,sheet-4-R050,sheet-4-R051,sheet-4-R052,sheet-4-R053,sheet-4-R054,sheet-4-R055,sheet-4-R056,sheet-4-R057,sheet-4-R058,sheet-4-R059,sheet-4-R060,sheet-4-R061,sheet-4-R062,sheet-4-R063,sheet-4-R064,sheet-4-R065,sheet-4-R066,sheet-4-R067,sheet-4-R068,sheet-4-R069,sheet-4-R070,sheet-4-R071,sheet-4-R072,sheet-4-R073,sheet-4-R074,sheet-4-R075,sheet-4-R076,sheet-4-R077,sheet-4-R078,sheet-4-R079,sheet-4-R080,sheet-4-R081,sheet-4-R082,sheet-4-R083,sheet-4-R084,sheet-4-R085,sheet-4-R086,sheet-4-R087,sheet-4-R088,sheet-4-R089,sheet-4-R090,sheet-4-R091,sheet-4-R092,sheet-4-R093,sheet-4-R094,sheet-4-R095,sheet-4-R096,sheet-4-R097,sheet-4-R098,sheet-4-R099,sheet-4-R100,sheet-4-R101,sheet-4-R102,sheet-4-R103,sheet-4-R104,sheet-4-R105,sheet-4-R106,sheet-4-R107,sheet-4-R108,sheet-4-R109,sheet-4-R110,sheet-4-R111,sheet-4-R112,sheet-4-R113,sheet-4-R114		・指定された言語コードに紐づいたトップバナー情報の一覧をJSON形式で出力する
sheet-4-R008	0516	sheet-4	言語コードに紐づいたトップバナーの情報一覧を取得	機能仕様	32	1138	sheet-4-B012			sheet-4-R007,sheet-4-R009,sheet-4-R010,sheet-4-R011,sheet-4-R012,sheet-4-R013,sheet-4-R014,sheet-4-R015,sheet-4-R016,sheet-4-R017,sheet-4-R018,sheet-4-R019,sheet-4-R020,sheet-4-R021,sheet-4-R022,sheet-4-R023,sheet-4-R024,sheet-4-R025,sheet-4-R026,sheet-4-R027,sheet-4-R028,sheet-4-R029,sheet-4-R030,sheet-4-R031,sheet-4-R032,sheet-4-R033,sheet-4-R034,sheet-4-R035,sheet-4-R036,sheet-4-R037,sheet-4-R038,sheet-4-R039,sheet-4-R040,sheet-4-R041,sheet-4-R042,sheet-4-R043,sheet-4-R044,sheet-4-R045,sheet-4-R046,sheet-4-R047,sheet-4-R048,sheet-4-R049,sheet-4-R050,sheet-4-R051,sheet-4-R052,sheet-4-R053,sheet-4-R054,sheet-4-R055,sheet-4-R056,sheet-4-R057,sheet-4-R058,sheet-4-R059,sheet-4-R060,sheet-4-R061,sheet-4-R062,sheet-4-R063,sheet-4-R064,sheet-4-R065,sheet-4-R066,sheet-4-R067,sheet-4-R068,sheet-4-R069,sheet-4-R070,sheet-4-R071,sheet-4-R072,sheet-4-R073,sheet-4-R074,sheet-4-R075,sheet-4-R076,sheet-4-R077,sheet-4-R078,sheet-4-R079,sheet-4-R080,sheet-4-R081,sheet-4-R082,sheet-4-R083,sheet-4-R084,sheet-4-R085,sheet-4-R086,sheet-4-R087,sheet-4-R088,sheet-4-R089,sheet-4-R090,sheet-4-R091,sheet-4-R092,sheet-4-R093,sheet-4-R094,sheet-4-R095,sheet-4-R096,sheet-4-R097,sheet-4-R098,sheet-4-R099,sheet-4-R100,sheet-4-R101,sheet-4-R102,sheet-4-R103,sheet-4-R104,sheet-4-R105,sheet-4-R106,sheet-4-R107,sheet-4-R108,sheet-4-R109,sheet-4-R110,sheet-4-R111,sheet-4-R112,sheet-4-R113,sheet-4-R114		リクエストパラメータ
sheet-4-R009	0516	sheet-4	言語コードに紐づいたトップバナーの情報一覧を取得	機能仕様	33	1139	sheet-4-B012			sheet-4-R007,sheet-4-R008,sheet-4-R010,sheet-4-R011,sheet-4-R012,sheet-4-R013,sheet-4-R014,sheet-4-R015,sheet-4-R016,sheet-4-R017,sheet-4-R018,sheet-4-R019,sheet-4-R020,sheet-4-R021,sheet-4-R022,sheet-4-R023,sheet-4-R024,sheet-4-R025,sheet-4-R026,sheet-4-R027,sheet-4-R028,sheet-4-R029,sheet-4-R030,sheet-4-R031,sheet-4-R032,sheet-4-R033,sheet-4-R034,sheet-4-R035,sheet-4-R036,sheet-4-R037,sheet-4-R038,sheet-4-R039,sheet-4-R040,sheet-4-R041,sheet-4-R042,sheet-4-R043,sheet-4-R044,sheet-4-R045,sheet-4-R046,sheet-4-R047,sheet-4-R048,sheet-4-R049,sheet-4-R050,sheet-4-R051,sheet-4-R052,sheet-4-R053,sheet-4-R054,sheet-4-R055,sheet-4-R056,sheet-4-R057,sheet-4-R058,sheet-4-R059,sheet-4-R060,sheet-4-R061,sheet-4-R062,sheet-4-R063,sheet-4-R064,sheet-4-R065,sheet-4-R066,sheet-4-R067,sheet-4-R068,sheet-4-R069,sheet-4-R070,sheet-4-R071,sheet-4-R072,sheet-4-R073,sheet-4-R074,sheet-4-R075,sheet-4-R076,sheet-4-R077,sheet-4-R078,sheet-4-R079,sheet-4-R080,sheet-4-R081,sheet-4-R082,sheet-4-R083,sheet-4-R084,sheet-4-R085,sheet-4-R086,sheet-4-R087,sheet-4-R088,sheet-4-R089,sheet-4-R090,sheet-4-R091,sheet-4-R092,sheet-4-R093,sheet-4-R094,sheet-4-R095,sheet-4-R096,sheet-4-R097,sheet-4-R098,sheet-4-R099,sheet-4-R100,sheet-4-R101,sheet-4-R102,sheet-4-R103,sheet-4-R104,sheet-4-R105,sheet-4-R106,sheet-4-R107,sheet-4-R108,sheet-4-R109,sheet-4-R110,sheet-4-R111,sheet-4-R112,sheet-4-R113,sheet-4-R114		"項目名	型	必須	最大文字数"
sheet-4-R010	0516	sheet-4	言語コードに紐づいたトップバナーの情報一覧を取得	機能仕様	34	1140	sheet-4-B012			sheet-4-R007,sheet-4-R008,sheet-4-R009,sheet-4-R011,sheet-4-R012,sheet-4-R013,sheet-4-R014,sheet-4-R015,sheet-4-R016,sheet-4-R017,sheet-4-R018,sheet-4-R019,sheet-4-R020,sheet-4-R021,sheet-4-R022,sheet-4-R023,sheet-4-R024,sheet-4-R025,sheet-4-R026,sheet-4-R027,sheet-4-R028,sheet-4-R029,sheet-4-R030,sheet-4-R031,sheet-4-R032,sheet-4-R033,sheet-4-R034,sheet-4-R035,sheet-4-R036,sheet-4-R037,sheet-4-R038,sheet-4-R039,sheet-4-R040,sheet-4-R041,sheet-4-R042,sheet-4-R043,sheet-4-R044,sheet-4-R045,sheet-4-R046,sheet-4-R047,sheet-4-R048,sheet-4-R049,sheet-4-R050,sheet-4-R051,sheet-4-R052,sheet-4-R053,sheet-4-R054,sheet-4-R055,sheet-4-R056,sheet-4-R057,sheet-4-R058,sheet-4-R059,sheet-4-R060,sheet-4-R061,sheet-4-R062,sheet-4-R063,sheet-4-R064,sheet-4-R065,sheet-4-R066,sheet-4-R067,sheet-4-R068,sheet-4-R069,sheet-4-R070,sheet-4-R071,sheet-4-R072,sheet-4-R073,sheet-4-R074,sheet-4-R075,sheet-4-R076,sheet-4-R077,sheet-4-R078,sheet-4-R079,sheet-4-R080,sheet-4-R081,sheet-4-R082,sheet-4-R083,sheet-4-R084,sheet-4-R085,sheet-4-R086,sheet-4-R087,sheet-4-R088,sheet-4-R089,sheet-4-R090,sheet-4-R091,sheet-4-R092,sheet-4-R093,sheet-4-R094,sheet-4-R095,sheet-4-R096,sheet-4-R097,sheet-4-R098,sheet-4-R099,sheet-4-R100,sheet-4-R101,sheet-4-R102,sheet-4-R103,sheet-4-R104,sheet-4-R105,sheet-4-R106,sheet-4-R107,sheet-4-R108,sheet-4-R109,sheet-4-R110,sheet-4-R111,sheet-4-R112,sheet-4-R113,sheet-4-R114		"または最大値	入力例	備考"
sheet-4-R011	0516	sheet-4	言語コードに紐づいたトップバナーの情報一覧を取得	機能仕様	35	1141	sheet-4-B012			sheet-4-R007,sheet-4-R008,sheet-4-R009,sheet-4-R010,sheet-4-R012,sheet-4-R013,sheet-4-R014,sheet-4-R015,sheet-4-R016,sheet-4-R017,sheet-4-R018,sheet-4-R019,sheet-4-R020,sheet-4-R021,sheet-4-R022,sheet-4-R023,sheet-4-R024,sheet-4-R025,sheet-4-R026,sheet-4-R027,sheet-4-R028,sheet-4-R029,sheet-4-R030,sheet-4-R031,sheet-4-R032,sheet-4-R033,sheet-4-R034,sheet-4-R035,sheet-4-R036,sheet-4-R037,sheet-4-R038,sheet-4-R039,sheet-4-R040,sheet-4-R041,sheet-4-R042,sheet-4-R043,sheet-4-R044,sheet-4-R045,sheet-4-R046,sheet-4-R047,sheet-4-R048,sheet-4-R049,sheet-4-R050,sheet-4-R051,sheet-4-R052,sheet-4-R053,sheet-4-R054,sheet-4-R055,sheet-4-R056,sheet-4-R057,sheet-4-R058,sheet-4-R059,sheet-4-R060,sheet-4-R061,sheet-4-R062,sheet-4-R063,sheet-4-R064,sheet-4-R065,sheet-4-R066,sheet-4-R067,sheet-4-R068,sheet-4-R069,sheet-4-R070,sheet-4-R071,sheet-4-R072,sheet-4-R073,sheet-4-R074,sheet-4-R075,sheet-4-R076,sheet-4-R077,sheet-4-R078,sheet-4-R079,sheet-4-R080,sheet-4-R081,sheet-4-R082,sheet-4-R083,sheet-4-R084,sheet-4-R085,sheet-4-R086,sheet-4-R087,sheet-4-R088,sheet-4-R089,sheet-4-R090,sheet-4-R091,sheet-4-R092,sheet-4-R093,sheet-4-R094,sheet-4-R095,sheet-4-R096,sheet-4-R097,sheet-4-R098,sheet-4-R099,sheet-4-R100,sheet-4-R101,sheet-4-R102,sheet-4-R103,sheet-4-R104,sheet-4-R105,sheet-4-R106,sheet-4-R107,sheet-4-R108,sheet-4-R109,sheet-4-R110,sheet-4-R111,sheet-4-R112,sheet-4-R113,sheet-4-R114		"言語コード	文字型	〇	2	JP"
sheet-4-R012	0516	sheet-4	言語コードに紐づいたトップバナーの情報一覧を取得	機能仕様	36	1142	sheet-4-B012			sheet-4-R007,sheet-4-R008,sheet-4-R009,sheet-4-R010,sheet-4-R011,sheet-4-R013,sheet-4-R014,sheet-4-R015,sheet-4-R016,sheet-4-R017,sheet-4-R018,sheet-4-R019,sheet-4-R020,sheet-4-R021,sheet-4-R022,sheet-4-R023,sheet-4-R024,sheet-4-R025,sheet-4-R026,sheet-4-R027,sheet-4-R028,sheet-4-R029,sheet-4-R030,sheet-4-R031,sheet-4-R032,sheet-4-R033,sheet-4-R034,sheet-4-R035,sheet-4-R036,sheet-4-R037,sheet-4-R038,sheet-4-R039,sheet-4-R040,sheet-4-R041,sheet-4-R042,sheet-4-R043,sheet-4-R044,sheet-4-R045,sheet-4-R046,sheet-4-R047,sheet-4-R048,sheet-4-R049,sheet-4-R050,sheet-4-R051,sheet-4-R052,sheet-4-R053,sheet-4-R054,sheet-4-R055,sheet-4-R056,sheet-4-R057,sheet-4-R058,sheet-4-R059,sheet-4-R060,sheet-4-R061,sheet-4-R062,sheet-4-R063,sheet-4-R064,sheet-4-R065,sheet-4-R066,sheet-4-R067,sheet-4-R068,sheet-4-R069,sheet-4-R070,sheet-4-R071,sheet-4-R072,sheet-4-R073,sheet-4-R074,sheet-4-R075,sheet-4-R076,sheet-4-R077,sheet-4-R078,sheet-4-R079,sheet-4-R080,sheet-4-R081,sheet-4-R082,sheet-4-R083,sheet-4-R084,sheet-4-R085,sheet-4-R086,sheet-4-R087,sheet-4-R088,sheet-4-R089,sheet-4-R090,sheet-4-R091,sheet-4-R092,sheet-4-R093,sheet-4-R094,sheet-4-R095,sheet-4-R096,sheet-4-R097,sheet-4-R098,sheet-4-R099,sheet-4-R100,sheet-4-R101,sheet-4-R102,sheet-4-R103,sheet-4-R104,sheet-4-R105,sheet-4-R106,sheet-4-R107,sheet-4-R108,sheet-4-R109,sheet-4-R110,sheet-4-R111,sheet-4-R112,sheet-4-R113,sheet-4-R114		リクエストパラメータサンプル
sheet-4-R013	0516	sheet-4	言語コードに紐づいたトップバナーの情報一覧を取得	機能仕様	37	1143	sheet-4-B012			sheet-4-R007,sheet-4-R008,sheet-4-R009,sheet-4-R010,sheet-4-R011,sheet-4-R012,sheet-4-R014,sheet-4-R015,sheet-4-R016,sheet-4-R017,sheet-4-R018,sheet-4-R019,sheet-4-R020,sheet-4-R021,sheet-4-R022,sheet-4-R023,sheet-4-R024,sheet-4-R025,sheet-4-R026,sheet-4-R027,sheet-4-R028,sheet-4-R029,sheet-4-R030,sheet-4-R031,sheet-4-R032,sheet-4-R033,sheet-4-R034,sheet-4-R035,sheet-4-R036,sheet-4-R037,sheet-4-R038,sheet-4-R039,sheet-4-R040,sheet-4-R041,sheet-4-R042,sheet-4-R043,sheet-4-R044,sheet-4-R045,sheet-4-R046,sheet-4-R047,sheet-4-R048,sheet-4-R049,sheet-4-R050,sheet-4-R051,sheet-4-R052,sheet-4-R053,sheet-4-R054,sheet-4-R055,sheet-4-R056,sheet-4-R057,sheet-4-R058,sheet-4-R059,sheet-4-R060,sheet-4-R061,sheet-4-R062,sheet-4-R063,sheet-4-R064,sheet-4-R065,sheet-4-R066,sheet-4-R067,sheet-4-R068,sheet-4-R069,sheet-4-R070,sheet-4-R071,sheet-4-R072,sheet-4-R073,sheet-4-R074,sheet-4-R075,sheet-4-R076,sheet-4-R077,sheet-4-R078,sheet-4-R079,sheet-4-R080,sheet-4-R081,sheet-4-R082,sheet-4-R083,sheet-4-R084,sheet-4-R085,sheet-4-R086,sheet-4-R087,sheet-4-R088,sheet-4-R089,sheet-4-R090,sheet-4-R091,sheet-4-R092,sheet-4-R093,sheet-4-R094,sheet-4-R095,sheet-4-R096,sheet-4-R097,sheet-4-R098,sheet-4-R099,sheet-4-R100,sheet-4-R101,sheet-4-R102,sheet-4-R103,sheet-4-R104,sheet-4-R105,sheet-4-R106,sheet-4-R107,sheet-4-R108,sheet-4-R109,sheet-4-R110,sheet-4-R111,sheet-4-R112,sheet-4-R113,sheet-4-R114		/api/topBanners/JP.json
sheet-4-R014	0516	sheet-4	言語コードに紐づいたトップバナーの情報一覧を取得	機能仕様	38	1144	sheet-4-B012			sheet-4-R007,sheet-4-R008,sheet-4-R009,sheet-4-R010,sheet-4-R011,sheet-4-R012,sheet-4-R013,sheet-4-R015,sheet-4-R016,sheet-4-R017,sheet-4-R018,sheet-4-R019,sheet-4-R020,sheet-4-R021,sheet-4-R022,sheet-4-R023,sheet-4-R024,sheet-4-R025,sheet-4-R026,sheet-4-R027,sheet-4-R028,sheet-4-R029,sheet-4-R030,sheet-4-R031,sheet-4-R032,sheet-4-R033,sheet-4-R034,sheet-4-R035,sheet-4-R036,sheet-4-R037,sheet-4-R038,sheet-4-R039,sheet-4-R040,sheet-4-R041,sheet-4-R042,sheet-4-R043,sheet-4-R044,sheet-4-R045,sheet-4-R046,sheet-4-R047,sheet-4-R048,sheet-4-R049,sheet-4-R050,sheet-4-R051,sheet-4-R052,sheet-4-R053,sheet-4-R054,sheet-4-R055,sheet-4-R056,sheet-4-R057,sheet-4-R058,sheet-4-R059,sheet-4-R060,sheet-4-R061,sheet-4-R062,sheet-4-R063,sheet-4-R064,sheet-4-R065,sheet-4-R066,sheet-4-R067,sheet-4-R068,sheet-4-R069,sheet-4-R070,sheet-4-R071,sheet-4-R072,sheet-4-R073,sheet-4-R074,sheet-4-R075,sheet-4-R076,sheet-4-R077,sheet-4-R078,sheet-4-R079,sheet-4-R080,sheet-4-R081,sheet-4-R082,sheet-4-R083,sheet-4-R084,sheet-4-R085,sheet-4-R086,sheet-4-R087,sheet-4-R088,sheet-4-R089,sheet-4-R090,sheet-4-R091,sheet-4-R092,sheet-4-R093,sheet-4-R094,sheet-4-R095,sheet-4-R096,sheet-4-R097,sheet-4-R098,sheet-4-R099,sheet-4-R100,sheet-4-R101,sheet-4-R102,sheet-4-R103,sheet-4-R104,sheet-4-R105,sheet-4-R106,sheet-4-R107,sheet-4-R108,sheet-4-R109,sheet-4-R110,sheet-4-R111,sheet-4-R112,sheet-4-R113,sheet-4-R114		ステータスコード
sheet-4-R015	0516	sheet-4	言語コードに紐づいたトップバナーの情報一覧を取得	機能仕様	39	1145	sheet-4-B012			sheet-4-R007,sheet-4-R008,sheet-4-R009,sheet-4-R010,sheet-4-R011,sheet-4-R012,sheet-4-R013,sheet-4-R014,sheet-4-R016,sheet-4-R017,sheet-4-R018,sheet-4-R019,sheet-4-R020,sheet-4-R021,sheet-4-R022,sheet-4-R023,sheet-4-R024,sheet-4-R025,sheet-4-R026,sheet-4-R027,sheet-4-R028,sheet-4-R029,sheet-4-R030,sheet-4-R031,sheet-4-R032,sheet-4-R033,sheet-4-R034,sheet-4-R035,sheet-4-R036,sheet-4-R037,sheet-4-R038,sheet-4-R039,sheet-4-R040,sheet-4-R041,sheet-4-R042,sheet-4-R043,sheet-4-R044,sheet-4-R045,sheet-4-R046,sheet-4-R047,sheet-4-R048,sheet-4-R049,sheet-4-R050,sheet-4-R051,sheet-4-R052,sheet-4-R053,sheet-4-R054,sheet-4-R055,sheet-4-R056,sheet-4-R057,sheet-4-R058,sheet-4-R059,sheet-4-R060,sheet-4-R061,sheet-4-R062,sheet-4-R063,sheet-4-R064,sheet-4-R065,sheet-4-R066,sheet-4-R067,sheet-4-R068,sheet-4-R069,sheet-4-R070,sheet-4-R071,sheet-4-R072,sheet-4-R073,sheet-4-R074,sheet-4-R075,sheet-4-R076,sheet-4-R077,sheet-4-R078,sheet-4-R079,sheet-4-R080,sheet-4-R081,sheet-4-R082,sheet-4-R083,sheet-4-R084,sheet-4-R085,sheet-4-R086,sheet-4-R087,sheet-4-R088,sheet-4-R089,sheet-4-R090,sheet-4-R091,sheet-4-R092,sheet-4-R093,sheet-4-R094,sheet-4-R095,sheet-4-R096,sheet-4-R097,sheet-4-R098,sheet-4-R099,sheet-4-R100,sheet-4-R101,sheet-4-R102,sheet-4-R103,sheet-4-R104,sheet-4-R105,sheet-4-R106,sheet-4-R107,sheet-4-R108,sheet-4-R109,sheet-4-R110,sheet-4-R111,sheet-4-R112,sheet-4-R113,sheet-4-R114		コード　説明
sheet-4-R016	0516	sheet-4	言語コードに紐づいたトップバナーの情報一覧を取得	機能仕様	40	1146	sheet-4-B012			sheet-4-R007,sheet-4-R008,sheet-4-R009,sheet-4-R010,sheet-4-R011,sheet-4-R012,sheet-4-R013,sheet-4-R014,sheet-4-R015,sheet-4-R017,sheet-4-R018,sheet-4-R019,sheet-4-R020,sheet-4-R021,sheet-4-R022,sheet-4-R023,sheet-4-R024,sheet-4-R025,sheet-4-R026,sheet-4-R027,sheet-4-R028,sheet-4-R029,sheet-4-R030,sheet-4-R031,sheet-4-R032,sheet-4-R033,sheet-4-R034,sheet-4-R035,sheet-4-R036,sheet-4-R037,sheet-4-R038,sheet-4-R039,sheet-4-R040,sheet-4-R041,sheet-4-R042,sheet-4-R043,sheet-4-R044,sheet-4-R045,sheet-4-R046,sheet-4-R047,sheet-4-R048,sheet-4-R049,sheet-4-R050,sheet-4-R051,sheet-4-R052,sheet-4-R053,sheet-4-R054,sheet-4-R055,sheet-4-R056,sheet-4-R057,sheet-4-R058,sheet-4-R059,sheet-4-R060,sheet-4-R061,sheet-4-R062,sheet-4-R063,sheet-4-R064,sheet-4-R065,sheet-4-R066,sheet-4-R067,sheet-4-R068,sheet-4-R069,sheet-4-R070,sheet-4-R071,sheet-4-R072,sheet-4-R073,sheet-4-R074,sheet-4-R075,sheet-4-R076,sheet-4-R077,sheet-4-R078,sheet-4-R079,sheet-4-R080,sheet-4-R081,sheet-4-R082,sheet-4-R083,sheet-4-R084,sheet-4-R085,sheet-4-R086,sheet-4-R087,sheet-4-R088,sheet-4-R089,sheet-4-R090,sheet-4-R091,sheet-4-R092,sheet-4-R093,sheet-4-R094,sheet-4-R095,sheet-4-R096,sheet-4-R097,sheet-4-R098,sheet-4-R099,sheet-4-R100,sheet-4-R101,sheet-4-R102,sheet-4-R103,sheet-4-R104,sheet-4-R105,sheet-4-R106,sheet-4-R107,sheet-4-R108,sheet-4-R109,sheet-4-R110,sheet-4-R111,sheet-4-R112,sheet-4-R113,sheet-4-R114		200　正常
sheet-4-R017	0516	sheet-4	言語コードに紐づいたトップバナーの情報一覧を取得	機能仕様	41	1147	sheet-4-B012			sheet-4-R007,sheet-4-R008,sheet-4-R009,sheet-4-R010,sheet-4-R011,sheet-4-R012,sheet-4-R013,sheet-4-R014,sheet-4-R015,sheet-4-R016,sheet-4-R018,sheet-4-R019,sheet-4-R020,sheet-4-R021,sheet-4-R022,sheet-4-R023,sheet-4-R024,sheet-4-R025,sheet-4-R026,sheet-4-R027,sheet-4-R028,sheet-4-R029,sheet-4-R030,sheet-4-R031,sheet-4-R032,sheet-4-R033,sheet-4-R034,sheet-4-R035,sheet-4-R036,sheet-4-R037,sheet-4-R038,sheet-4-R039,sheet-4-R040,sheet-4-R041,sheet-4-R042,sheet-4-R043,sheet-4-R044,sheet-4-R045,sheet-4-R046,sheet-4-R047,sheet-4-R048,sheet-4-R049,sheet-4-R050,sheet-4-R051,sheet-4-R052,sheet-4-R053,sheet-4-R054,sheet-4-R055,sheet-4-R056,sheet-4-R057,sheet-4-R058,sheet-4-R059,sheet-4-R060,sheet-4-R061,sheet-4-R062,sheet-4-R063,sheet-4-R064,sheet-4-R065,sheet-4-R066,sheet-4-R067,sheet-4-R068,sheet-4-R069,sheet-4-R070,sheet-4-R071,sheet-4-R072,sheet-4-R073,sheet-4-R074,sheet-4-R075,sheet-4-R076,sheet-4-R077,sheet-4-R078,sheet-4-R079,sheet-4-R080,sheet-4-R081,sheet-4-R082,sheet-4-R083,sheet-4-R084,sheet-4-R085,sheet-4-R086,sheet-4-R087,sheet-4-R088,sheet-4-R089,sheet-4-R090,sheet-4-R091,sheet-4-R092,sheet-4-R093,sheet-4-R094,sheet-4-R095,sheet-4-R096,sheet-4-R097,sheet-4-R098,sheet-4-R099,sheet-4-R100,sheet-4-R101,sheet-4-R102,sheet-4-R103,sheet-4-R104,sheet-4-R105,sheet-4-R106,sheet-4-R107,sheet-4-R108,sheet-4-R109,sheet-4-R110,sheet-4-R111,sheet-4-R112,sheet-4-R113,sheet-4-R114		404　該当データがない場合(言語コード未設定・言語コードに紐づいたトップバナーIDがない場合)
sheet-4-R018	0516	sheet-4	言語コードに紐づいたトップバナーの情報一覧を取得	機能仕様	42	1148	sheet-4-B012			sheet-4-R007,sheet-4-R008,sheet-4-R009,sheet-4-R010,sheet-4-R011,sheet-4-R012,sheet-4-R013,sheet-4-R014,sheet-4-R015,sheet-4-R016,sheet-4-R017,sheet-4-R019,sheet-4-R020,sheet-4-R021,sheet-4-R022,sheet-4-R023,sheet-4-R024,sheet-4-R025,sheet-4-R026,sheet-4-R027,sheet-4-R028,sheet-4-R029,sheet-4-R030,sheet-4-R031,sheet-4-R032,sheet-4-R033,sheet-4-R034,sheet-4-R035,sheet-4-R036,sheet-4-R037,sheet-4-R038,sheet-4-R039,sheet-4-R040,sheet-4-R041,sheet-4-R042,sheet-4-R043,sheet-4-R044,sheet-4-R045,sheet-4-R046,sheet-4-R047,sheet-4-R048,sheet-4-R049,sheet-4-R050,sheet-4-R051,sheet-4-R052,sheet-4-R053,sheet-4-R054,sheet-4-R055,sheet-4-R056,sheet-4-R057,sheet-4-R058,sheet-4-R059,sheet-4-R060,sheet-4-R061,sheet-4-R062,sheet-4-R063,sheet-4-R064,sheet-4-R065,sheet-4-R066,sheet-4-R067,sheet-4-R068,sheet-4-R069,sheet-4-R070,sheet-4-R071,sheet-4-R072,sheet-4-R073,sheet-4-R074,sheet-4-R075,sheet-4-R076,sheet-4-R077,sheet-4-R078,sheet-4-R079,sheet-4-R080,sheet-4-R081,sheet-4-R082,sheet-4-R083,sheet-4-R084,sheet-4-R085,sheet-4-R086,sheet-4-R087,sheet-4-R088,sheet-4-R089,sheet-4-R090,sheet-4-R091,sheet-4-R092,sheet-4-R093,sheet-4-R094,sheet-4-R095,sheet-4-R096,sheet-4-R097,sheet-4-R098,sheet-4-R099,sheet-4-R100,sheet-4-R101,sheet-4-R102,sheet-4-R103,sheet-4-R104,sheet-4-R105,sheet-4-R106,sheet-4-R107,sheet-4-R108,sheet-4-R109,sheet-4-R110,sheet-4-R111,sheet-4-R112,sheet-4-R113,sheet-4-R114		レスポンスデータ
sheet-4-R019	0516	sheet-4	言語コードに紐づいたトップバナーの情報一覧を取得	機能仕様	43	1149	sheet-4-B012			sheet-4-R007,sheet-4-R008,sheet-4-R009,sheet-4-R010,sheet-4-R011,sheet-4-R012,sheet-4-R013,sheet-4-R014,sheet-4-R015,sheet-4-R016,sheet-4-R017,sheet-4-R018,sheet-4-R020,sheet-4-R021,sheet-4-R022,sheet-4-R023,sheet-4-R024,sheet-4-R025,sheet-4-R026,sheet-4-R027,sheet-4-R028,sheet-4-R029,sheet-4-R030,sheet-4-R031,sheet-4-R032,sheet-4-R033,sheet-4-R034,sheet-4-R035,sheet-4-R036,sheet-4-R037,sheet-4-R038,sheet-4-R039,sheet-4-R040,sheet-4-R041,sheet-4-R042,sheet-4-R043,sheet-4-R044,sheet-4-R045,sheet-4-R046,sheet-4-R047,sheet-4-R048,sheet-4-R049,sheet-4-R050,sheet-4-R051,sheet-4-R052,sheet-4-R053,sheet-4-R054,sheet-4-R055,sheet-4-R056,sheet-4-R057,sheet-4-R058,sheet-4-R059,sheet-4-R060,sheet-4-R061,sheet-4-R062,sheet-4-R063,sheet-4-R064,sheet-4-R065,sheet-4-R066,sheet-4-R067,sheet-4-R068,sheet-4-R069,sheet-4-R070,sheet-4-R071,sheet-4-R072,sheet-4-R073,sheet-4-R074,sheet-4-R075,sheet-4-R076,sheet-4-R077,sheet-4-R078,sheet-4-R079,sheet-4-R080,sheet-4-R081,sheet-4-R082,sheet-4-R083,sheet-4-R084,sheet-4-R085,sheet-4-R086,sheet-4-R087,sheet-4-R088,sheet-4-R089,sheet-4-R090,sheet-4-R091,sheet-4-R092,sheet-4-R093,sheet-4-R094,sheet-4-R095,sheet-4-R096,sheet-4-R097,sheet-4-R098,sheet-4-R099,sheet-4-R100,sheet-4-R101,sheet-4-R102,sheet-4-R103,sheet-4-R104,sheet-4-R105,sheet-4-R106,sheet-4-R107,sheet-4-R108,sheet-4-R109,sheet-4-R110,sheet-4-R111,sheet-4-R112,sheet-4-R113,sheet-4-R114		"名前	型	説明"
sheet-4-R020	0516	sheet-4	言語コードに紐づいたトップバナーの情報一覧を取得	機能仕様	44	1150	sheet-4-B012			sheet-4-R007,sheet-4-R008,sheet-4-R009,sheet-4-R010,sheet-4-R011,sheet-4-R012,sheet-4-R013,sheet-4-R014,sheet-4-R015,sheet-4-R016,sheet-4-R017,sheet-4-R018,sheet-4-R019,sheet-4-R021,sheet-4-R022,sheet-4-R023,sheet-4-R024,sheet-4-R025,sheet-4-R026,sheet-4-R027,sheet-4-R028,sheet-4-R029,sheet-4-R030,sheet-4-R031,sheet-4-R032,sheet-4-R033,sheet-4-R034,sheet-4-R035,sheet-4-R036,sheet-4-R037,sheet-4-R038,sheet-4-R039,sheet-4-R040,sheet-4-R041,sheet-4-R042,sheet-4-R043,sheet-4-R044,sheet-4-R045,sheet-4-R046,sheet-4-R047,sheet-4-R048,sheet-4-R049,sheet-4-R050,sheet-4-R051,sheet-4-R052,sheet-4-R053,sheet-4-R054,sheet-4-R055,sheet-4-R056,sheet-4-R057,sheet-4-R058,sheet-4-R059,sheet-4-R060,sheet-4-R061,sheet-4-R062,sheet-4-R063,sheet-4-R064,sheet-4-R065,sheet-4-R066,sheet-4-R067,sheet-4-R068,sheet-4-R069,sheet-4-R070,sheet-4-R071,sheet-4-R072,sheet-4-R073,sheet-4-R074,sheet-4-R075,sheet-4-R076,sheet-4-R077,sheet-4-R078,sheet-4-R079,sheet-4-R080,sheet-4-R081,sheet-4-R082,sheet-4-R083,sheet-4-R084,sheet-4-R085,sheet-4-R086,sheet-4-R087,sheet-4-R088,sheet-4-R089,sheet-4-R090,sheet-4-R091,sheet-4-R092,sheet-4-R093,sheet-4-R094,sheet-4-R095,sheet-4-R096,sheet-4-R097,sheet-4-R098,sheet-4-R099,sheet-4-R100,sheet-4-R101,sheet-4-R102,sheet-4-R103,sheet-4-R104,sheet-4-R105,sheet-4-R106,sheet-4-R107,sheet-4-R108,sheet-4-R109,sheet-4-R110,sheet-4-R111,sheet-4-R112,sheet-4-R113,sheet-4-R114		"id	数字(整数)	バナーID"
sheet-4-R021	0516	sheet-4	言語コードに紐づいたトップバナーの情報一覧を取得	機能仕様	45	1151	sheet-4-B012			sheet-4-R007,sheet-4-R008,sheet-4-R009,sheet-4-R010,sheet-4-R011,sheet-4-R012,sheet-4-R013,sheet-4-R014,sheet-4-R015,sheet-4-R016,sheet-4-R017,sheet-4-R018,sheet-4-R019,sheet-4-R020,sheet-4-R022,sheet-4-R023,sheet-4-R024,sheet-4-R025,sheet-4-R026,sheet-4-R027,sheet-4-R028,sheet-4-R029,sheet-4-R030,sheet-4-R031,sheet-4-R032,sheet-4-R033,sheet-4-R034,sheet-4-R035,sheet-4-R036,sheet-4-R037,sheet-4-R038,sheet-4-R039,sheet-4-R040,sheet-4-R041,sheet-4-R042,sheet-4-R043,sheet-4-R044,sheet-4-R045,sheet-4-R046,sheet-4-R047,sheet-4-R048,sheet-4-R049,sheet-4-R050,sheet-4-R051,sheet-4-R052,sheet-4-R053,sheet-4-R054,sheet-4-R055,sheet-4-R056,sheet-4-R057,sheet-4-R058,sheet-4-R059,sheet-4-R060,sheet-4-R061,sheet-4-R062,sheet-4-R063,sheet-4-R064,sheet-4-R065,sheet-4-R066,sheet-4-R067,sheet-4-R068,sheet-4-R069,sheet-4-R070,sheet-4-R071,sheet-4-R072,sheet-4-R073,sheet-4-R074,sheet-4-R075,sheet-4-R076,sheet-4-R077,sheet-4-R078,sheet-4-R079,sheet-4-R080,sheet-4-R081,sheet-4-R082,sheet-4-R083,sheet-4-R084,sheet-4-R085,sheet-4-R086,sheet-4-R087,sheet-4-R088,sheet-4-R089,sheet-4-R090,sheet-4-R091,sheet-4-R092,sheet-4-R093,sheet-4-R094,sheet-4-R095,sheet-4-R096,sheet-4-R097,sheet-4-R098,sheet-4-R099,sheet-4-R100,sheet-4-R101,sheet-4-R102,sheet-4-R103,sheet-4-R104,sheet-4-R105,sheet-4-R106,sheet-4-R107,sheet-4-R108,sheet-4-R109,sheet-4-R110,sheet-4-R111,sheet-4-R112,sheet-4-R113,sheet-4-R114		"image_url	文字型	バナーURL"
sheet-4-R022	0516	sheet-4	言語コードに紐づいたトップバナーの情報一覧を取得	機能仕様	46	1152	sheet-4-B012			sheet-4-R007,sheet-4-R008,sheet-4-R009,sheet-4-R010,sheet-4-R011,sheet-4-R012,sheet-4-R013,sheet-4-R014,sheet-4-R015,sheet-4-R016,sheet-4-R017,sheet-4-R018,sheet-4-R019,sheet-4-R020,sheet-4-R021,sheet-4-R023,sheet-4-R024,sheet-4-R025,sheet-4-R026,sheet-4-R027,sheet-4-R028,sheet-4-R029,sheet-4-R030,sheet-4-R031,sheet-4-R032,sheet-4-R033,sheet-4-R034,sheet-4-R035,sheet-4-R036,sheet-4-R037,sheet-4-R038,sheet-4-R039,sheet-4-R040,sheet-4-R041,sheet-4-R042,sheet-4-R043,sheet-4-R044,sheet-4-R045,sheet-4-R046,sheet-4-R047,sheet-4-R048,sheet-4-R049,sheet-4-R050,sheet-4-R051,sheet-4-R052,sheet-4-R053,sheet-4-R054,sheet-4-R055,sheet-4-R056,sheet-4-R057,sheet-4-R058,sheet-4-R059,sheet-4-R060,sheet-4-R061,sheet-4-R062,sheet-4-R063,sheet-4-R064,sheet-4-R065,sheet-4-R066,sheet-4-R067,sheet-4-R068,sheet-4-R069,sheet-4-R070,sheet-4-R071,sheet-4-R072,sheet-4-R073,sheet-4-R074,sheet-4-R075,sheet-4-R076,sheet-4-R077,sheet-4-R078,sheet-4-R079,sheet-4-R080,sheet-4-R081,sheet-4-R082,sheet-4-R083,sheet-4-R084,sheet-4-R085,sheet-4-R086,sheet-4-R087,sheet-4-R088,sheet-4-R089,sheet-4-R090,sheet-4-R091,sheet-4-R092,sheet-4-R093,sheet-4-R094,sheet-4-R095,sheet-4-R096,sheet-4-R097,sheet-4-R098,sheet-4-R099,sheet-4-R100,sheet-4-R101,sheet-4-R102,sheet-4-R103,sheet-4-R104,sheet-4-R105,sheet-4-R106,sheet-4-R107,sheet-4-R108,sheet-4-R109,sheet-4-R110,sheet-4-R111,sheet-4-R112,sheet-4-R113,sheet-4-R114		"link	文字型	バナーリンク先"
sheet-4-R023	0516	sheet-4	言語コードに紐づいたトップバナーの情報一覧を取得	機能仕様	47	1153	sheet-4-B012			sheet-4-R007,sheet-4-R008,sheet-4-R009,sheet-4-R010,sheet-4-R011,sheet-4-R012,sheet-4-R013,sheet-4-R014,sheet-4-R015,sheet-4-R016,sheet-4-R017,sheet-4-R018,sheet-4-R019,sheet-4-R020,sheet-4-R021,sheet-4-R022,sheet-4-R024,sheet-4-R025,sheet-4-R026,sheet-4-R027,sheet-4-R028,sheet-4-R029,sheet-4-R030,sheet-4-R031,sheet-4-R032,sheet-4-R033,sheet-4-R034,sheet-4-R035,sheet-4-R036,sheet-4-R037,sheet-4-R038,sheet-4-R039,sheet-4-R040,sheet-4-R041,sheet-4-R042,sheet-4-R043,sheet-4-R044,sheet-4-R045,sheet-4-R046,sheet-4-R047,sheet-4-R048,sheet-4-R049,sheet-4-R050,sheet-4-R051,sheet-4-R052,sheet-4-R053,sheet-4-R054,sheet-4-R055,sheet-4-R056,sheet-4-R057,sheet-4-R058,sheet-4-R059,sheet-4-R060,sheet-4-R061,sheet-4-R062,sheet-4-R063,sheet-4-R064,sheet-4-R065,sheet-4-R066,sheet-4-R067,sheet-4-R068,sheet-4-R069,sheet-4-R070,sheet-4-R071,sheet-4-R072,sheet-4-R073,sheet-4-R074,sheet-4-R075,sheet-4-R076,sheet-4-R077,sheet-4-R078,sheet-4-R079,sheet-4-R080,sheet-4-R081,sheet-4-R082,sheet-4-R083,sheet-4-R084,sheet-4-R085,sheet-4-R086,sheet-4-R087,sheet-4-R088,sheet-4-R089,sheet-4-R090,sheet-4-R091,sheet-4-R092,sheet-4-R093,sheet-4-R094,sheet-4-R095,sheet-4-R096,sheet-4-R097,sheet-4-R098,sheet-4-R099,sheet-4-R100,sheet-4-R101,sheet-4-R102,sheet-4-R103,sheet-4-R104,sheet-4-R105,sheet-4-R106,sheet-4-R107,sheet-4-R108,sheet-4-R109,sheet-4-R110,sheet-4-R111,sheet-4-R112,sheet-4-R113,sheet-4-R114		"disp_type	数字(整数)	表示タイプ(0:非表示 1:表示)"
sheet-4-R024	0516	sheet-4	言語コードに紐づいたトップバナーの情報一覧を取得	機能仕様	48	1154	sheet-4-B012			sheet-4-R007,sheet-4-R008,sheet-4-R009,sheet-4-R010,sheet-4-R011,sheet-4-R012,sheet-4-R013,sheet-4-R014,sheet-4-R015,sheet-4-R016,sheet-4-R017,sheet-4-R018,sheet-4-R019,sheet-4-R020,sheet-4-R021,sheet-4-R022,sheet-4-R023,sheet-4-R025,sheet-4-R026,sheet-4-R027,sheet-4-R028,sheet-4-R029,sheet-4-R030,sheet-4-R031,sheet-4-R032,sheet-4-R033,sheet-4-R034,sheet-4-R035,sheet-4-R036,sheet-4-R037,sheet-4-R038,sheet-4-R039,sheet-4-R040,sheet-4-R041,sheet-4-R042,sheet-4-R043,sheet-4-R044,sheet-4-R045,sheet-4-R046,sheet-4-R047,sheet-4-R048,sheet-4-R049,sheet-4-R050,sheet-4-R051,sheet-4-R052,sheet-4-R053,sheet-4-R054,sheet-4-R055,sheet-4-R056,sheet-4-R057,sheet-4-R058,sheet-4-R059,sheet-4-R060,sheet-4-R061,sheet-4-R062,sheet-4-R063,sheet-4-R064,sheet-4-R065,sheet-4-R066,sheet-4-R067,sheet-4-R068,sheet-4-R069,sheet-4-R070,sheet-4-R071,sheet-4-R072,sheet-4-R073,sheet-4-R074,sheet-4-R075,sheet-4-R076,sheet-4-R077,sheet-4-R078,sheet-4-R079,sheet-4-R080,sheet-4-R081,sheet-4-R082,sheet-4-R083,sheet-4-R084,sheet-4-R085,sheet-4-R086,sheet-4-R087,sheet-4-R088,sheet-4-R089,sheet-4-R090,sheet-4-R091,sheet-4-R092,sheet-4-R093,sheet-4-R094,sheet-4-R095,sheet-4-R096,sheet-4-R097,sheet-4-R098,sheet-4-R099,sheet-4-R100,sheet-4-R101,sheet-4-R102,sheet-4-R103,sheet-4-R104,sheet-4-R105,sheet-4-R106,sheet-4-R107,sheet-4-R108,sheet-4-R109,sheet-4-R110,sheet-4-R111,sheet-4-R112,sheet-4-R113,sheet-4-R114		"languages.id	数字(整数)	言語ID"
sheet-4-R025	0516	sheet-4	言語コードに紐づいたトップバナーの情報一覧を取得	機能仕様	49	1155	sheet-4-B012			sheet-4-R007,sheet-4-R008,sheet-4-R009,sheet-4-R010,sheet-4-R011,sheet-4-R012,sheet-4-R013,sheet-4-R014,sheet-4-R015,sheet-4-R016,sheet-4-R017,sheet-4-R018,sheet-4-R019,sheet-4-R020,sheet-4-R021,sheet-4-R022,sheet-4-R023,sheet-4-R024,sheet-4-R026,sheet-4-R027,sheet-4-R028,sheet-4-R029,sheet-4-R030,sheet-4-R031,sheet-4-R032,sheet-4-R033,sheet-4-R034,sheet-4-R035,sheet-4-R036,sheet-4-R037,sheet-4-R038,sheet-4-R039,sheet-4-R040,sheet-4-R041,sheet-4-R042,sheet-4-R043,sheet-4-R044,sheet-4-R045,sheet-4-R046,sheet-4-R047,sheet-4-R048,sheet-4-R049,sheet-4-R050,sheet-4-R051,sheet-4-R052,sheet-4-R053,sheet-4-R054,sheet-4-R055,sheet-4-R056,sheet-4-R057,sheet-4-R058,sheet-4-R059,sheet-4-R060,sheet-4-R061,sheet-4-R062,sheet-4-R063,sheet-4-R064,sheet-4-R065,sheet-4-R066,sheet-4-R067,sheet-4-R068,sheet-4-R069,sheet-4-R070,sheet-4-R071,sheet-4-R072,sheet-4-R073,sheet-4-R074,sheet-4-R075,sheet-4-R076,sheet-4-R077,sheet-4-R078,sheet-4-R079,sheet-4-R080,sheet-4-R081,sheet-4-R082,sheet-4-R083,sheet-4-R084,sheet-4-R085,sheet-4-R086,sheet-4-R087,sheet-4-R088,sheet-4-R089,sheet-4-R090,sheet-4-R091,sheet-4-R092,sheet-4-R093,sheet-4-R094,sheet-4-R095,sheet-4-R096,sheet-4-R097,sheet-4-R098,sheet-4-R099,sheet-4-R100,sheet-4-R101,sheet-4-R102,sheet-4-R103,sheet-4-R104,sheet-4-R105,sheet-4-R106,sheet-4-R107,sheet-4-R108,sheet-4-R109,sheet-4-R110,sheet-4-R111,sheet-4-R112,sheet-4-R113,sheet-4-R114		"languages.name_jp	文字型	言語名(日本語)"
sheet-4-R026	0516	sheet-4	言語コードに紐づいたトップバナーの情報一覧を取得	機能仕様	50	1156	sheet-4-B012			sheet-4-R007,sheet-4-R008,sheet-4-R009,sheet-4-R010,sheet-4-R011,sheet-4-R012,sheet-4-R013,sheet-4-R014,sheet-4-R015,sheet-4-R016,sheet-4-R017,sheet-4-R018,sheet-4-R019,sheet-4-R020,sheet-4-R021,sheet-4-R022,sheet-4-R023,sheet-4-R024,sheet-4-R025,sheet-4-R027,sheet-4-R028,sheet-4-R029,sheet-4-R030,sheet-4-R031,sheet-4-R032,sheet-4-R033,sheet-4-R034,sheet-4-R035,sheet-4-R036,sheet-4-R037,sheet-4-R038,sheet-4-R039,sheet-4-R040,sheet-4-R041,sheet-4-R042,sheet-4-R043,sheet-4-R044,sheet-4-R045,sheet-4-R046,sheet-4-R047,sheet-4-R048,sheet-4-R049,sheet-4-R050,sheet-4-R051,sheet-4-R052,sheet-4-R053,sheet-4-R054,sheet-4-R055,sheet-4-R056,sheet-4-R057,sheet-4-R058,sheet-4-R059,sheet-4-R060,sheet-4-R061,sheet-4-R062,sheet-4-R063,sheet-4-R064,sheet-4-R065,sheet-4-R066,sheet-4-R067,sheet-4-R068,sheet-4-R069,sheet-4-R070,sheet-4-R071,sheet-4-R072,sheet-4-R073,sheet-4-R074,sheet-4-R075,sheet-4-R076,sheet-4-R077,sheet-4-R078,sheet-4-R079,sheet-4-R080,sheet-4-R081,sheet-4-R082,sheet-4-R083,sheet-4-R084,sheet-4-R085,sheet-4-R086,sheet-4-R087,sheet-4-R088,sheet-4-R089,sheet-4-R090,sheet-4-R091,sheet-4-R092,sheet-4-R093,sheet-4-R094,sheet-4-R095,sheet-4-R096,sheet-4-R097,sheet-4-R098,sheet-4-R099,sheet-4-R100,sheet-4-R101,sheet-4-R102,sheet-4-R103,sheet-4-R104,sheet-4-R105,sheet-4-R106,sheet-4-R107,sheet-4-R108,sheet-4-R109,sheet-4-R110,sheet-4-R111,sheet-4-R112,sheet-4-R113,sheet-4-R114		"languages.name_en	文字型	言語名(英語)"
sheet-4-R027	0516	sheet-4	言語コードに紐づいたトップバナーの情報一覧を取得	機能仕様	51	1157	sheet-4-B012			sheet-4-R007,sheet-4-R008,sheet-4-R009,sheet-4-R010,sheet-4-R011,sheet-4-R012,sheet-4-R013,sheet-4-R014,sheet-4-R015,sheet-4-R016,sheet-4-R017,sheet-4-R018,sheet-4-R019,sheet-4-R020,sheet-4-R021,sheet-4-R022,sheet-4-R023,sheet-4-R024,sheet-4-R025,sheet-4-R026,sheet-4-R028,sheet-4-R029,sheet-4-R030,sheet-4-R031,sheet-4-R032,sheet-4-R033,sheet-4-R034,sheet-4-R035,sheet-4-R036,sheet-4-R037,sheet-4-R038,sheet-4-R039,sheet-4-R040,sheet-4-R041,sheet-4-R042,sheet-4-R043,sheet-4-R044,sheet-4-R045,sheet-4-R046,sheet-4-R047,sheet-4-R048,sheet-4-R049,sheet-4-R050,sheet-4-R051,sheet-4-R052,sheet-4-R053,sheet-4-R054,sheet-4-R055,sheet-4-R056,sheet-4-R057,sheet-4-R058,sheet-4-R059,sheet-4-R060,sheet-4-R061,sheet-4-R062,sheet-4-R063,sheet-4-R064,sheet-4-R065,sheet-4-R066,sheet-4-R067,sheet-4-R068,sheet-4-R069,sheet-4-R070,sheet-4-R071,sheet-4-R072,sheet-4-R073,sheet-4-R074,sheet-4-R075,sheet-4-R076,sheet-4-R077,sheet-4-R078,sheet-4-R079,sheet-4-R080,sheet-4-R081,sheet-4-R082,sheet-4-R083,sheet-4-R084,sheet-4-R085,sheet-4-R086,sheet-4-R087,sheet-4-R088,sheet-4-R089,sheet-4-R090,sheet-4-R091,sheet-4-R092,sheet-4-R093,sheet-4-R094,sheet-4-R095,sheet-4-R096,sheet-4-R097,sheet-4-R098,sheet-4-R099,sheet-4-R100,sheet-4-R101,sheet-4-R102,sheet-4-R103,sheet-4-R104,sheet-4-R105,sheet-4-R106,sheet-4-R107,sheet-4-R108,sheet-4-R109,sheet-4-R110,sheet-4-R111,sheet-4-R112,sheet-4-R113,sheet-4-R114		"languages.code	文字型	言語コード"
sheet-4-R028	0516	sheet-4	言語コードに紐づいたトップバナーの情報一覧を取得	機能仕様	52	1158	sheet-4-B012			sheet-4-R007,sheet-4-R008,sheet-4-R009,sheet-4-R010,sheet-4-R011,sheet-4-R012,sheet-4-R013,sheet-4-R014,sheet-4-R015,sheet-4-R016,sheet-4-R017,sheet-4-R018,sheet-4-R019,sheet-4-R020,sheet-4-R021,sheet-4-R022,sheet-4-R023,sheet-4-R024,sheet-4-R025,sheet-4-R026,sheet-4-R027,sheet-4-R029,sheet-4-R030,sheet-4-R031,sheet-4-R032,sheet-4-R033,sheet-4-R034,sheet-4-R035,sheet-4-R036,sheet-4-R037,sheet-4-R038,sheet-4-R039,sheet-4-R040,sheet-4-R041,sheet-4-R042,sheet-4-R043,sheet-4-R044,sheet-4-R045,sheet-4-R046,sheet-4-R047,sheet-4-R048,sheet-4-R049,sheet-4-R050,sheet-4-R051,sheet-4-R052,sheet-4-R053,sheet-4-R054,sheet-4-R055,sheet-4-R056,sheet-4-R057,sheet-4-R058,sheet-4-R059,sheet-4-R060,sheet-4-R061,sheet-4-R062,sheet-4-R063,sheet-4-R064,sheet-4-R065,sheet-4-R066,sheet-4-R067,sheet-4-R068,sheet-4-R069,sheet-4-R070,sheet-4-R071,sheet-4-R072,sheet-4-R073,sheet-4-R074,sheet-4-R075,sheet-4-R076,sheet-4-R077,sheet-4-R078,sheet-4-R079,sheet-4-R080,sheet-4-R081,sheet-4-R082,sheet-4-R083,sheet-4-R084,sheet-4-R085,sheet-4-R086,sheet-4-R087,sheet-4-R088,sheet-4-R089,sheet-4-R090,sheet-4-R091,sheet-4-R092,sheet-4-R093,sheet-4-R094,sheet-4-R095,sheet-4-R096,sheet-4-R097,sheet-4-R098,sheet-4-R099,sheet-4-R100,sheet-4-R101,sheet-4-R102,sheet-4-R103,sheet-4-R104,sheet-4-R105,sheet-4-R106,sheet-4-R107,sheet-4-R108,sheet-4-R109,sheet-4-R110,sheet-4-R111,sheet-4-R112,sheet-4-R113,sheet-4-R114		レスポンスデータサンプル
sheet-4-R029	0516	sheet-4	言語コードに紐づいたトップバナーの情報一覧を取得	機能仕様	53	1159	sheet-4-B012			sheet-4-R007,sheet-4-R008,sheet-4-R009,sheet-4-R010,sheet-4-R011,sheet-4-R012,sheet-4-R013,sheet-4-R014,sheet-4-R015,sheet-4-R016,sheet-4-R017,sheet-4-R018,sheet-4-R019,sheet-4-R020,sheet-4-R021,sheet-4-R022,sheet-4-R023,sheet-4-R024,sheet-4-R025,sheet-4-R026,sheet-4-R027,sheet-4-R028,sheet-4-R030,sheet-4-R031,sheet-4-R032,sheet-4-R033,sheet-4-R034,sheet-4-R035,sheet-4-R036,sheet-4-R037,sheet-4-R038,sheet-4-R039,sheet-4-R040,sheet-4-R041,sheet-4-R042,sheet-4-R043,sheet-4-R044,sheet-4-R045,sheet-4-R046,sheet-4-R047,sheet-4-R048,sheet-4-R049,sheet-4-R050,sheet-4-R051,sheet-4-R052,sheet-4-R053,sheet-4-R054,sheet-4-R055,sheet-4-R056,sheet-4-R057,sheet-4-R058,sheet-4-R059,sheet-4-R060,sheet-4-R061,sheet-4-R062,sheet-4-R063,sheet-4-R064,sheet-4-R065,sheet-4-R066,sheet-4-R067,sheet-4-R068,sheet-4-R069,sheet-4-R070,sheet-4-R071,sheet-4-R072,sheet-4-R073,sheet-4-R074,sheet-4-R075,sheet-4-R076,sheet-4-R077,sheet-4-R078,sheet-4-R079,sheet-4-R080,sheet-4-R081,sheet-4-R082,sheet-4-R083,sheet-4-R084,sheet-4-R085,sheet-4-R086,sheet-4-R087,sheet-4-R088,sheet-4-R089,sheet-4-R090,sheet-4-R091,sheet-4-R092,sheet-4-R093,sheet-4-R094,sheet-4-R095,sheet-4-R096,sheet-4-R097,sheet-4-R098,sheet-4-R099,sheet-4-R100,sheet-4-R101,sheet-4-R102,sheet-4-R103,sheet-4-R104,sheet-4-R105,sheet-4-R106,sheet-4-R107,sheet-4-R108,sheet-4-R109,sheet-4-R110,sheet-4-R111,sheet-4-R112,sheet-4-R113,sheet-4-R114		[
sheet-4-R030	0516	sheet-4	言語コードに紐づいたトップバナーの情報一覧を取得	機能仕様	54	1160	sheet-4-B012			sheet-4-R007,sheet-4-R008,sheet-4-R009,sheet-4-R010,sheet-4-R011,sheet-4-R012,sheet-4-R013,sheet-4-R014,sheet-4-R015,sheet-4-R016,sheet-4-R017,sheet-4-R018,sheet-4-R019,sheet-4-R020,sheet-4-R021,sheet-4-R022,sheet-4-R023,sheet-4-R024,sheet-4-R025,sheet-4-R026,sheet-4-R027,sheet-4-R028,sheet-4-R029,sheet-4-R031,sheet-4-R032,sheet-4-R033,sheet-4-R034,sheet-4-R035,sheet-4-R036,sheet-4-R037,sheet-4-R038,sheet-4-R039,sheet-4-R040,sheet-4-R041,sheet-4-R042,sheet-4-R043,sheet-4-R044,sheet-4-R045,sheet-4-R046,sheet-4-R047,sheet-4-R048,sheet-4-R049,sheet-4-R050,sheet-4-R051,sheet-4-R052,sheet-4-R053,sheet-4-R054,sheet-4-R055,sheet-4-R056,sheet-4-R057,sheet-4-R058,sheet-4-R059,sheet-4-R060,sheet-4-R061,sheet-4-R062,sheet-4-R063,sheet-4-R064,sheet-4-R065,sheet-4-R066,sheet-4-R067,sheet-4-R068,sheet-4-R069,sheet-4-R070,sheet-4-R071,sheet-4-R072,sheet-4-R073,sheet-4-R074,sheet-4-R075,sheet-4-R076,sheet-4-R077,sheet-4-R078,sheet-4-R079,sheet-4-R080,sheet-4-R081,sheet-4-R082,sheet-4-R083,sheet-4-R084,sheet-4-R085,sheet-4-R086,sheet-4-R087,sheet-4-R088,sheet-4-R089,sheet-4-R090,sheet-4-R091,sheet-4-R092,sheet-4-R093,sheet-4-R094,sheet-4-R095,sheet-4-R096,sheet-4-R097,sheet-4-R098,sheet-4-R099,sheet-4-R100,sheet-4-R101,sheet-4-R102,sheet-4-R103,sheet-4-R104,sheet-4-R105,sheet-4-R106,sheet-4-R107,sheet-4-R108,sheet-4-R109,sheet-4-R110,sheet-4-R111,sheet-4-R112,sheet-4-R113,sheet-4-R114		{
sheet-4-R031	0516	sheet-4	言語コードに紐づいたトップバナーの情報一覧を取得	機能仕様	55	1161	sheet-4-B012			sheet-4-R007,sheet-4-R008,sheet-4-R009,sheet-4-R010,sheet-4-R011,sheet-4-R012,sheet-4-R013,sheet-4-R014,sheet-4-R015,sheet-4-R016,sheet-4-R017,sheet-4-R018,sheet-4-R019,sheet-4-R020,sheet-4-R021,sheet-4-R022,sheet-4-R023,sheet-4-R024,sheet-4-R025,sheet-4-R026,sheet-4-R027,sheet-4-R028,sheet-4-R029,sheet-4-R030,sheet-4-R032,sheet-4-R033,sheet-4-R034,sheet-4-R035,sheet-4-R036,sheet-4-R037,sheet-4-R038,sheet-4-R039,sheet-4-R040,sheet-4-R041,sheet-4-R042,sheet-4-R043,sheet-4-R044,sheet-4-R045,sheet-4-R046,sheet-4-R047,sheet-4-R048,sheet-4-R049,sheet-4-R050,sheet-4-R051,sheet-4-R052,sheet-4-R053,sheet-4-R054,sheet-4-R055,sheet-4-R056,sheet-4-R057,sheet-4-R058,sheet-4-R059,sheet-4-R060,sheet-4-R061,sheet-4-R062,sheet-4-R063,sheet-4-R064,sheet-4-R065,sheet-4-R066,sheet-4-R067,sheet-4-R068,sheet-4-R069,sheet-4-R070,sheet-4-R071,sheet-4-R072,sheet-4-R073,sheet-4-R074,sheet-4-R075,sheet-4-R076,sheet-4-R077,sheet-4-R078,sheet-4-R079,sheet-4-R080,sheet-4-R081,sheet-4-R082,sheet-4-R083,sheet-4-R084,sheet-4-R085,sheet-4-R086,sheet-4-R087,sheet-4-R088,sheet-4-R089,sheet-4-R090,sheet-4-R091,sheet-4-R092,sheet-4-R093,sheet-4-R094,sheet-4-R095,sheet-4-R096,sheet-4-R097,sheet-4-R098,sheet-4-R099,sheet-4-R100,sheet-4-R101,sheet-4-R102,sheet-4-R103,sheet-4-R104,sheet-4-R105,sheet-4-R106,sheet-4-R107,sheet-4-R108,sheet-4-R109,sheet-4-R110,sheet-4-R111,sheet-4-R112,sheet-4-R113,sheet-4-R114		"""id"": 2,"
sheet-4-R032	0516	sheet-4	言語コードに紐づいたトップバナーの情報一覧を取得	機能仕様	56	1162	sheet-4-B012			sheet-4-R007,sheet-4-R008,sheet-4-R009,sheet-4-R010,sheet-4-R011,sheet-4-R012,sheet-4-R013,sheet-4-R014,sheet-4-R015,sheet-4-R016,sheet-4-R017,sheet-4-R018,sheet-4-R019,sheet-4-R020,sheet-4-R021,sheet-4-R022,sheet-4-R023,sheet-4-R024,sheet-4-R025,sheet-4-R026,sheet-4-R027,sheet-4-R028,sheet-4-R029,sheet-4-R030,sheet-4-R031,sheet-4-R033,sheet-4-R034,sheet-4-R035,sheet-4-R036,sheet-4-R037,sheet-4-R038,sheet-4-R039,sheet-4-R040,sheet-4-R041,sheet-4-R042,sheet-4-R043,sheet-4-R044,sheet-4-R045,sheet-4-R046,sheet-4-R047,sheet-4-R048,sheet-4-R049,sheet-4-R050,sheet-4-R051,sheet-4-R052,sheet-4-R053,sheet-4-R054,sheet-4-R055,sheet-4-R056,sheet-4-R057,sheet-4-R058,sheet-4-R059,sheet-4-R060,sheet-4-R061,sheet-4-R062,sheet-4-R063,sheet-4-R064,sheet-4-R065,sheet-4-R066,sheet-4-R067,sheet-4-R068,sheet-4-R069,sheet-4-R070,sheet-4-R071,sheet-4-R072,sheet-4-R073,sheet-4-R074,sheet-4-R075,sheet-4-R076,sheet-4-R077,sheet-4-R078,sheet-4-R079,sheet-4-R080,sheet-4-R081,sheet-4-R082,sheet-4-R083,sheet-4-R084,sheet-4-R085,sheet-4-R086,sheet-4-R087,sheet-4-R088,sheet-4-R089,sheet-4-R090,sheet-4-R091,sheet-4-R092,sheet-4-R093,sheet-4-R094,sheet-4-R095,sheet-4-R096,sheet-4-R097,sheet-4-R098,sheet-4-R099,sheet-4-R100,sheet-4-R101,sheet-4-R102,sheet-4-R103,sheet-4-R104,sheet-4-R105,sheet-4-R106,sheet-4-R107,sheet-4-R108,sheet-4-R109,sheet-4-R110,sheet-4-R111,sheet-4-R112,sheet-4-R113,sheet-4-R114		"""image_url"": ""https://files.hareruyamtg.com/banner/tc/68a57910318c4190.jpeg?d=800x450"","
sheet-4-R033	0516	sheet-4	言語コードに紐づいたトップバナーの情報一覧を取得	機能仕様	57	1163	sheet-4-B012			sheet-4-R007,sheet-4-R008,sheet-4-R009,sheet-4-R010,sheet-4-R011,sheet-4-R012,sheet-4-R013,sheet-4-R014,sheet-4-R015,sheet-4-R016,sheet-4-R017,sheet-4-R018,sheet-4-R019,sheet-4-R020,sheet-4-R021,sheet-4-R022,sheet-4-R023,sheet-4-R024,sheet-4-R025,sheet-4-R026,sheet-4-R027,sheet-4-R028,sheet-4-R029,sheet-4-R030,sheet-4-R031,sheet-4-R032,sheet-4-R034,sheet-4-R035,sheet-4-R036,sheet-4-R037,sheet-4-R038,sheet-4-R039,sheet-4-R040,sheet-4-R041,sheet-4-R042,sheet-4-R043,sheet-4-R044,sheet-4-R045,sheet-4-R046,sheet-4-R047,sheet-4-R048,sheet-4-R049,sheet-4-R050,sheet-4-R051,sheet-4-R052,sheet-4-R053,sheet-4-R054,sheet-4-R055,sheet-4-R056,sheet-4-R057,sheet-4-R058,sheet-4-R059,sheet-4-R060,sheet-4-R061,sheet-4-R062,sheet-4-R063,sheet-4-R064,sheet-4-R065,sheet-4-R066,sheet-4-R067,sheet-4-R068,sheet-4-R069,sheet-4-R070,sheet-4-R071,sheet-4-R072,sheet-4-R073,sheet-4-R074,sheet-4-R075,sheet-4-R076,sheet-4-R077,sheet-4-R078,sheet-4-R079,sheet-4-R080,sheet-4-R081,sheet-4-R082,sheet-4-R083,sheet-4-R084,sheet-4-R085,sheet-4-R086,sheet-4-R087,sheet-4-R088,sheet-4-R089,sheet-4-R090,sheet-4-R091,sheet-4-R092,sheet-4-R093,sheet-4-R094,sheet-4-R095,sheet-4-R096,sheet-4-R097,sheet-4-R098,sheet-4-R099,sheet-4-R100,sheet-4-R101,sheet-4-R102,sheet-4-R103,sheet-4-R104,sheet-4-R105,sheet-4-R106,sheet-4-R107,sheet-4-R108,sheet-4-R109,sheet-4-R110,sheet-4-R111,sheet-4-R112,sheet-4-R113,sheet-4-R114		"""link"": ""https://www.hareruyamtg.com/ja/products/search?tags=657&saleFlg=1"","
sheet-4-R034	0516	sheet-4	言語コードに紐づいたトップバナーの情報一覧を取得	機能仕様	58	1164	sheet-4-B012			sheet-4-R007,sheet-4-R008,sheet-4-R009,sheet-4-R010,sheet-4-R011,sheet-4-R012,sheet-4-R013,sheet-4-R014,sheet-4-R015,sheet-4-R016,sheet-4-R017,sheet-4-R018,sheet-4-R019,sheet-4-R020,sheet-4-R021,sheet-4-R022,sheet-4-R023,sheet-4-R024,sheet-4-R025,sheet-4-R026,sheet-4-R027,sheet-4-R028,sheet-4-R029,sheet-4-R030,sheet-4-R031,sheet-4-R032,sheet-4-R033,sheet-4-R035,sheet-4-R036,sheet-4-R037,sheet-4-R038,sheet-4-R039,sheet-4-R040,sheet-4-R041,sheet-4-R042,sheet-4-R043,sheet-4-R044,sheet-4-R045,sheet-4-R046,sheet-4-R047,sheet-4-R048,sheet-4-R049,sheet-4-R050,sheet-4-R051,sheet-4-R052,sheet-4-R053,sheet-4-R054,sheet-4-R055,sheet-4-R056,sheet-4-R057,sheet-4-R058,sheet-4-R059,sheet-4-R060,sheet-4-R061,sheet-4-R062,sheet-4-R063,sheet-4-R064,sheet-4-R065,sheet-4-R066,sheet-4-R067,sheet-4-R068,sheet-4-R069,sheet-4-R070,sheet-4-R071,sheet-4-R072,sheet-4-R073,sheet-4-R074,sheet-4-R075,sheet-4-R076,sheet-4-R077,sheet-4-R078,sheet-4-R079,sheet-4-R080,sheet-4-R081,sheet-4-R082,sheet-4-R083,sheet-4-R084,sheet-4-R085,sheet-4-R086,sheet-4-R087,sheet-4-R088,sheet-4-R089,sheet-4-R090,sheet-4-R091,sheet-4-R092,sheet-4-R093,sheet-4-R094,sheet-4-R095,sheet-4-R096,sheet-4-R097,sheet-4-R098,sheet-4-R099,sheet-4-R100,sheet-4-R101,sheet-4-R102,sheet-4-R103,sheet-4-R104,sheet-4-R105,sheet-4-R106,sheet-4-R107,sheet-4-R108,sheet-4-R109,sheet-4-R110,sheet-4-R111,sheet-4-R112,sheet-4-R113,sheet-4-R114		"""disp_type"": 1,"
sheet-4-R035	0516	sheet-4	言語コードに紐づいたトップバナーの情報一覧を取得	機能仕様	59	1165	sheet-4-B012			sheet-4-R007,sheet-4-R008,sheet-4-R009,sheet-4-R010,sheet-4-R011,sheet-4-R012,sheet-4-R013,sheet-4-R014,sheet-4-R015,sheet-4-R016,sheet-4-R017,sheet-4-R018,sheet-4-R019,sheet-4-R020,sheet-4-R021,sheet-4-R022,sheet-4-R023,sheet-4-R024,sheet-4-R025,sheet-4-R026,sheet-4-R027,sheet-4-R028,sheet-4-R029,sheet-4-R030,sheet-4-R031,sheet-4-R032,sheet-4-R033,sheet-4-R034,sheet-4-R036,sheet-4-R037,sheet-4-R038,sheet-4-R039,sheet-4-R040,sheet-4-R041,sheet-4-R042,sheet-4-R043,sheet-4-R044,sheet-4-R045,sheet-4-R046,sheet-4-R047,sheet-4-R048,sheet-4-R049,sheet-4-R050,sheet-4-R051,sheet-4-R052,sheet-4-R053,sheet-4-R054,sheet-4-R055,sheet-4-R056,sheet-4-R057,sheet-4-R058,sheet-4-R059,sheet-4-R060,sheet-4-R061,sheet-4-R062,sheet-4-R063,sheet-4-R064,sheet-4-R065,sheet-4-R066,sheet-4-R067,sheet-4-R068,sheet-4-R069,sheet-4-R070,sheet-4-R071,sheet-4-R072,sheet-4-R073,sheet-4-R074,sheet-4-R075,sheet-4-R076,sheet-4-R077,sheet-4-R078,sheet-4-R079,sheet-4-R080,sheet-4-R081,sheet-4-R082,sheet-4-R083,sheet-4-R084,sheet-4-R085,sheet-4-R086,sheet-4-R087,sheet-4-R088,sheet-4-R089,sheet-4-R090,sheet-4-R091,sheet-4-R092,sheet-4-R093,sheet-4-R094,sheet-4-R095,sheet-4-R096,sheet-4-R097,sheet-4-R098,sheet-4-R099,sheet-4-R100,sheet-4-R101,sheet-4-R102,sheet-4-R103,sheet-4-R104,sheet-4-R105,sheet-4-R106,sheet-4-R107,sheet-4-R108,sheet-4-R109,sheet-4-R110,sheet-4-R111,sheet-4-R112,sheet-4-R113,sheet-4-R114		"""languages"": ["
sheet-4-R036	0516	sheet-4	言語コードに紐づいたトップバナーの情報一覧を取得	機能仕様	60	1166	sheet-4-B012			sheet-4-R007,sheet-4-R008,sheet-4-R009,sheet-4-R010,sheet-4-R011,sheet-4-R012,sheet-4-R013,sheet-4-R014,sheet-4-R015,sheet-4-R016,sheet-4-R017,sheet-4-R018,sheet-4-R019,sheet-4-R020,sheet-4-R021,sheet-4-R022,sheet-4-R023,sheet-4-R024,sheet-4-R025,sheet-4-R026,sheet-4-R027,sheet-4-R028,sheet-4-R029,sheet-4-R030,sheet-4-R031,sheet-4-R032,sheet-4-R033,sheet-4-R034,sheet-4-R035,sheet-4-R037,sheet-4-R038,sheet-4-R039,sheet-4-R040,sheet-4-R041,sheet-4-R042,sheet-4-R043,sheet-4-R044,sheet-4-R045,sheet-4-R046,sheet-4-R047,sheet-4-R048,sheet-4-R049,sheet-4-R050,sheet-4-R051,sheet-4-R052,sheet-4-R053,sheet-4-R054,sheet-4-R055,sheet-4-R056,sheet-4-R057,sheet-4-R058,sheet-4-R059,sheet-4-R060,sheet-4-R061,sheet-4-R062,sheet-4-R063,sheet-4-R064,sheet-4-R065,sheet-4-R066,sheet-4-R067,sheet-4-R068,sheet-4-R069,sheet-4-R070,sheet-4-R071,sheet-4-R072,sheet-4-R073,sheet-4-R074,sheet-4-R075,sheet-4-R076,sheet-4-R077,sheet-4-R078,sheet-4-R079,sheet-4-R080,sheet-4-R081,sheet-4-R082,sheet-4-R083,sheet-4-R084,sheet-4-R085,sheet-4-R086,sheet-4-R087,sheet-4-R088,sheet-4-R089,sheet-4-R090,sheet-4-R091,sheet-4-R092,sheet-4-R093,sheet-4-R094,sheet-4-R095,sheet-4-R096,sheet-4-R097,sheet-4-R098,sheet-4-R099,sheet-4-R100,sheet-4-R101,sheet-4-R102,sheet-4-R103,sheet-4-R104,sheet-4-R105,sheet-4-R106,sheet-4-R107,sheet-4-R108,sheet-4-R109,sheet-4-R110,sheet-4-R111,sheet-4-R112,sheet-4-R113,sheet-4-R114		{
sheet-4-R037	0516	sheet-4	言語コードに紐づいたトップバナーの情報一覧を取得	機能仕様	61	1167	sheet-4-B012			sheet-4-R007,sheet-4-R008,sheet-4-R009,sheet-4-R010,sheet-4-R011,sheet-4-R012,sheet-4-R013,sheet-4-R014,sheet-4-R015,sheet-4-R016,sheet-4-R017,sheet-4-R018,sheet-4-R019,sheet-4-R020,sheet-4-R021,sheet-4-R022,sheet-4-R023,sheet-4-R024,sheet-4-R025,sheet-4-R026,sheet-4-R027,sheet-4-R028,sheet-4-R029,sheet-4-R030,sheet-4-R031,sheet-4-R032,sheet-4-R033,sheet-4-R034,sheet-4-R035,sheet-4-R036,sheet-4-R038,sheet-4-R039,sheet-4-R040,sheet-4-R041,sheet-4-R042,sheet-4-R043,sheet-4-R044,sheet-4-R045,sheet-4-R046,sheet-4-R047,sheet-4-R048,sheet-4-R049,sheet-4-R050,sheet-4-R051,sheet-4-R052,sheet-4-R053,sheet-4-R054,sheet-4-R055,sheet-4-R056,sheet-4-R057,sheet-4-R058,sheet-4-R059,sheet-4-R060,sheet-4-R061,sheet-4-R062,sheet-4-R063,sheet-4-R064,sheet-4-R065,sheet-4-R066,sheet-4-R067,sheet-4-R068,sheet-4-R069,sheet-4-R070,sheet-4-R071,sheet-4-R072,sheet-4-R073,sheet-4-R074,sheet-4-R075,sheet-4-R076,sheet-4-R077,sheet-4-R078,sheet-4-R079,sheet-4-R080,sheet-4-R081,sheet-4-R082,sheet-4-R083,sheet-4-R084,sheet-4-R085,sheet-4-R086,sheet-4-R087,sheet-4-R088,sheet-4-R089,sheet-4-R090,sheet-4-R091,sheet-4-R092,sheet-4-R093,sheet-4-R094,sheet-4-R095,sheet-4-R096,sheet-4-R097,sheet-4-R098,sheet-4-R099,sheet-4-R100,sheet-4-R101,sheet-4-R102,sheet-4-R103,sheet-4-R104,sheet-4-R105,sheet-4-R106,sheet-4-R107,sheet-4-R108,sheet-4-R109,sheet-4-R110,sheet-4-R111,sheet-4-R112,sheet-4-R113,sheet-4-R114		"""id"": 1,"
sheet-4-R038	0516	sheet-4	言語コードに紐づいたトップバナーの情報一覧を取得	機能仕様	62	1168	sheet-4-B012			sheet-4-R007,sheet-4-R008,sheet-4-R009,sheet-4-R010,sheet-4-R011,sheet-4-R012,sheet-4-R013,sheet-4-R014,sheet-4-R015,sheet-4-R016,sheet-4-R017,sheet-4-R018,sheet-4-R019,sheet-4-R020,sheet-4-R021,sheet-4-R022,sheet-4-R023,sheet-4-R024,sheet-4-R025,sheet-4-R026,sheet-4-R027,sheet-4-R028,sheet-4-R029,sheet-4-R030,sheet-4-R031,sheet-4-R032,sheet-4-R033,sheet-4-R034,sheet-4-R035,sheet-4-R036,sheet-4-R037,sheet-4-R039,sheet-4-R040,sheet-4-R041,sheet-4-R042,sheet-4-R043,sheet-4-R044,sheet-4-R045,sheet-4-R046,sheet-4-R047,sheet-4-R048,sheet-4-R049,sheet-4-R050,sheet-4-R051,sheet-4-R052,sheet-4-R053,sheet-4-R054,sheet-4-R055,sheet-4-R056,sheet-4-R057,sheet-4-R058,sheet-4-R059,sheet-4-R060,sheet-4-R061,sheet-4-R062,sheet-4-R063,sheet-4-R064,sheet-4-R065,sheet-4-R066,sheet-4-R067,sheet-4-R068,sheet-4-R069,sheet-4-R070,sheet-4-R071,sheet-4-R072,sheet-4-R073,sheet-4-R074,sheet-4-R075,sheet-4-R076,sheet-4-R077,sheet-4-R078,sheet-4-R079,sheet-4-R080,sheet-4-R081,sheet-4-R082,sheet-4-R083,sheet-4-R084,sheet-4-R085,sheet-4-R086,sheet-4-R087,sheet-4-R088,sheet-4-R089,sheet-4-R090,sheet-4-R091,sheet-4-R092,sheet-4-R093,sheet-4-R094,sheet-4-R095,sheet-4-R096,sheet-4-R097,sheet-4-R098,sheet-4-R099,sheet-4-R100,sheet-4-R101,sheet-4-R102,sheet-4-R103,sheet-4-R104,sheet-4-R105,sheet-4-R106,sheet-4-R107,sheet-4-R108,sheet-4-R109,sheet-4-R110,sheet-4-R111,sheet-4-R112,sheet-4-R113,sheet-4-R114		"""name_jp"": ""日本語"","
sheet-4-R039	0516	sheet-4	言語コードに紐づいたトップバナーの情報一覧を取得	機能仕様	63	1169	sheet-4-B012			sheet-4-R007,sheet-4-R008,sheet-4-R009,sheet-4-R010,sheet-4-R011,sheet-4-R012,sheet-4-R013,sheet-4-R014,sheet-4-R015,sheet-4-R016,sheet-4-R017,sheet-4-R018,sheet-4-R019,sheet-4-R020,sheet-4-R021,sheet-4-R022,sheet-4-R023,sheet-4-R024,sheet-4-R025,sheet-4-R026,sheet-4-R027,sheet-4-R028,sheet-4-R029,sheet-4-R030,sheet-4-R031,sheet-4-R032,sheet-4-R033,sheet-4-R034,sheet-4-R035,sheet-4-R036,sheet-4-R037,sheet-4-R038,sheet-4-R040,sheet-4-R041,sheet-4-R042,sheet-4-R043,sheet-4-R044,sheet-4-R045,sheet-4-R046,sheet-4-R047,sheet-4-R048,sheet-4-R049,sheet-4-R050,sheet-4-R051,sheet-4-R052,sheet-4-R053,sheet-4-R054,sheet-4-R055,sheet-4-R056,sheet-4-R057,sheet-4-R058,sheet-4-R059,sheet-4-R060,sheet-4-R061,sheet-4-R062,sheet-4-R063,sheet-4-R064,sheet-4-R065,sheet-4-R066,sheet-4-R067,sheet-4-R068,sheet-4-R069,sheet-4-R070,sheet-4-R071,sheet-4-R072,sheet-4-R073,sheet-4-R074,sheet-4-R075,sheet-4-R076,sheet-4-R077,sheet-4-R078,sheet-4-R079,sheet-4-R080,sheet-4-R081,sheet-4-R082,sheet-4-R083,sheet-4-R084,sheet-4-R085,sheet-4-R086,sheet-4-R087,sheet-4-R088,sheet-4-R089,sheet-4-R090,sheet-4-R091,sheet-4-R092,sheet-4-R093,sheet-4-R094,sheet-4-R095,sheet-4-R096,sheet-4-R097,sheet-4-R098,sheet-4-R099,sheet-4-R100,sheet-4-R101,sheet-4-R102,sheet-4-R103,sheet-4-R104,sheet-4-R105,sheet-4-R106,sheet-4-R107,sheet-4-R108,sheet-4-R109,sheet-4-R110,sheet-4-R111,sheet-4-R112,sheet-4-R113,sheet-4-R114		"""name_en"": ""Japanease"","
sheet-4-R040	0516	sheet-4	言語コードに紐づいたトップバナーの情報一覧を取得	機能仕様	64	1170	sheet-4-B012			sheet-4-R007,sheet-4-R008,sheet-4-R009,sheet-4-R010,sheet-4-R011,sheet-4-R012,sheet-4-R013,sheet-4-R014,sheet-4-R015,sheet-4-R016,sheet-4-R017,sheet-4-R018,sheet-4-R019,sheet-4-R020,sheet-4-R021,sheet-4-R022,sheet-4-R023,sheet-4-R024,sheet-4-R025,sheet-4-R026,sheet-4-R027,sheet-4-R028,sheet-4-R029,sheet-4-R030,sheet-4-R031,sheet-4-R032,sheet-4-R033,sheet-4-R034,sheet-4-R035,sheet-4-R036,sheet-4-R037,sheet-4-R038,sheet-4-R039,sheet-4-R041,sheet-4-R042,sheet-4-R043,sheet-4-R044,sheet-4-R045,sheet-4-R046,sheet-4-R047,sheet-4-R048,sheet-4-R049,sheet-4-R050,sheet-4-R051,sheet-4-R052,sheet-4-R053,sheet-4-R054,sheet-4-R055,sheet-4-R056,sheet-4-R057,sheet-4-R058,sheet-4-R059,sheet-4-R060,sheet-4-R061,sheet-4-R062,sheet-4-R063,sheet-4-R064,sheet-4-R065,sheet-4-R066,sheet-4-R067,sheet-4-R068,sheet-4-R069,sheet-4-R070,sheet-4-R071,sheet-4-R072,sheet-4-R073,sheet-4-R074,sheet-4-R075,sheet-4-R076,sheet-4-R077,sheet-4-R078,sheet-4-R079,sheet-4-R080,sheet-4-R081,sheet-4-R082,sheet-4-R083,sheet-4-R084,sheet-4-R085,sheet-4-R086,sheet-4-R087,sheet-4-R088,sheet-4-R089,sheet-4-R090,sheet-4-R091,sheet-4-R092,sheet-4-R093,sheet-4-R094,sheet-4-R095,sheet-4-R096,sheet-4-R097,sheet-4-R098,sheet-4-R099,sheet-4-R100,sheet-4-R101,sheet-4-R102,sheet-4-R103,sheet-4-R104,sheet-4-R105,sheet-4-R106,sheet-4-R107,sheet-4-R108,sheet-4-R109,sheet-4-R110,sheet-4-R111,sheet-4-R112,sheet-4-R113,sheet-4-R114		"""code"": ""JP"""
sheet-4-R041	0516	sheet-4	言語コードに紐づいたトップバナーの情報一覧を取得	機能仕様	65	1171	sheet-4-B012			sheet-4-R007,sheet-4-R008,sheet-4-R009,sheet-4-R010,sheet-4-R011,sheet-4-R012,sheet-4-R013,sheet-4-R014,sheet-4-R015,sheet-4-R016,sheet-4-R017,sheet-4-R018,sheet-4-R019,sheet-4-R020,sheet-4-R021,sheet-4-R022,sheet-4-R023,sheet-4-R024,sheet-4-R025,sheet-4-R026,sheet-4-R027,sheet-4-R028,sheet-4-R029,sheet-4-R030,sheet-4-R031,sheet-4-R032,sheet-4-R033,sheet-4-R034,sheet-4-R035,sheet-4-R036,sheet-4-R037,sheet-4-R038,sheet-4-R039,sheet-4-R040,sheet-4-R042,sheet-4-R043,sheet-4-R044,sheet-4-R045,sheet-4-R046,sheet-4-R047,sheet-4-R048,sheet-4-R049,sheet-4-R050,sheet-4-R051,sheet-4-R052,sheet-4-R053,sheet-4-R054,sheet-4-R055,sheet-4-R056,sheet-4-R057,sheet-4-R058,sheet-4-R059,sheet-4-R060,sheet-4-R061,sheet-4-R062,sheet-4-R063,sheet-4-R064,sheet-4-R065,sheet-4-R066,sheet-4-R067,sheet-4-R068,sheet-4-R069,sheet-4-R070,sheet-4-R071,sheet-4-R072,sheet-4-R073,sheet-4-R074,sheet-4-R075,sheet-4-R076,sheet-4-R077,sheet-4-R078,sheet-4-R079,sheet-4-R080,sheet-4-R081,sheet-4-R082,sheet-4-R083,sheet-4-R084,sheet-4-R085,sheet-4-R086,sheet-4-R087,sheet-4-R088,sheet-4-R089,sheet-4-R090,sheet-4-R091,sheet-4-R092,sheet-4-R093,sheet-4-R094,sheet-4-R095,sheet-4-R096,sheet-4-R097,sheet-4-R098,sheet-4-R099,sheet-4-R100,sheet-4-R101,sheet-4-R102,sheet-4-R103,sheet-4-R104,sheet-4-R105,sheet-4-R106,sheet-4-R107,sheet-4-R108,sheet-4-R109,sheet-4-R110,sheet-4-R111,sheet-4-R112,sheet-4-R113,sheet-4-R114		}
sheet-4-R042	0516	sheet-4	言語コードに紐づいたトップバナーの情報一覧を取得	機能仕様	66	1172	sheet-4-B012			sheet-4-R007,sheet-4-R008,sheet-4-R009,sheet-4-R010,sheet-4-R011,sheet-4-R012,sheet-4-R013,sheet-4-R014,sheet-4-R015,sheet-4-R016,sheet-4-R017,sheet-4-R018,sheet-4-R019,sheet-4-R020,sheet-4-R021,sheet-4-R022,sheet-4-R023,sheet-4-R024,sheet-4-R025,sheet-4-R026,sheet-4-R027,sheet-4-R028,sheet-4-R029,sheet-4-R030,sheet-4-R031,sheet-4-R032,sheet-4-R033,sheet-4-R034,sheet-4-R035,sheet-4-R036,sheet-4-R037,sheet-4-R038,sheet-4-R039,sheet-4-R040,sheet-4-R041,sheet-4-R043,sheet-4-R044,sheet-4-R045,sheet-4-R046,sheet-4-R047,sheet-4-R048,sheet-4-R049,sheet-4-R050,sheet-4-R051,sheet-4-R052,sheet-4-R053,sheet-4-R054,sheet-4-R055,sheet-4-R056,sheet-4-R057,sheet-4-R058,sheet-4-R059,sheet-4-R060,sheet-4-R061,sheet-4-R062,sheet-4-R063,sheet-4-R064,sheet-4-R065,sheet-4-R066,sheet-4-R067,sheet-4-R068,sheet-4-R069,sheet-4-R070,sheet-4-R071,sheet-4-R072,sheet-4-R073,sheet-4-R074,sheet-4-R075,sheet-4-R076,sheet-4-R077,sheet-4-R078,sheet-4-R079,sheet-4-R080,sheet-4-R081,sheet-4-R082,sheet-4-R083,sheet-4-R084,sheet-4-R085,sheet-4-R086,sheet-4-R087,sheet-4-R088,sheet-4-R089,sheet-4-R090,sheet-4-R091,sheet-4-R092,sheet-4-R093,sheet-4-R094,sheet-4-R095,sheet-4-R096,sheet-4-R097,sheet-4-R098,sheet-4-R099,sheet-4-R100,sheet-4-R101,sheet-4-R102,sheet-4-R103,sheet-4-R104,sheet-4-R105,sheet-4-R106,sheet-4-R107,sheet-4-R108,sheet-4-R109,sheet-4-R110,sheet-4-R111,sheet-4-R112,sheet-4-R113,sheet-4-R114		]
sheet-4-R043	0516	sheet-4	言語コードに紐づいたトップバナーの情報一覧を取得	機能仕様	67	1173	sheet-4-B012			sheet-4-R007,sheet-4-R008,sheet-4-R009,sheet-4-R010,sheet-4-R011,sheet-4-R012,sheet-4-R013,sheet-4-R014,sheet-4-R015,sheet-4-R016,sheet-4-R017,sheet-4-R018,sheet-4-R019,sheet-4-R020,sheet-4-R021,sheet-4-R022,sheet-4-R023,sheet-4-R024,sheet-4-R025,sheet-4-R026,sheet-4-R027,sheet-4-R028,sheet-4-R029,sheet-4-R030,sheet-4-R031,sheet-4-R032,sheet-4-R033,sheet-4-R034,sheet-4-R035,sheet-4-R036,sheet-4-R037,sheet-4-R038,sheet-4-R039,sheet-4-R040,sheet-4-R041,sheet-4-R042,sheet-4-R044,sheet-4-R045,sheet-4-R046,sheet-4-R047,sheet-4-R048,sheet-4-R049,sheet-4-R050,sheet-4-R051,sheet-4-R052,sheet-4-R053,sheet-4-R054,sheet-4-R055,sheet-4-R056,sheet-4-R057,sheet-4-R058,sheet-4-R059,sheet-4-R060,sheet-4-R061,sheet-4-R062,sheet-4-R063,sheet-4-R064,sheet-4-R065,sheet-4-R066,sheet-4-R067,sheet-4-R068,sheet-4-R069,sheet-4-R070,sheet-4-R071,sheet-4-R072,sheet-4-R073,sheet-4-R074,sheet-4-R075,sheet-4-R076,sheet-4-R077,sheet-4-R078,sheet-4-R079,sheet-4-R080,sheet-4-R081,sheet-4-R082,sheet-4-R083,sheet-4-R084,sheet-4-R085,sheet-4-R086,sheet-4-R087,sheet-4-R088,sheet-4-R089,sheet-4-R090,sheet-4-R091,sheet-4-R092,sheet-4-R093,sheet-4-R094,sheet-4-R095,sheet-4-R096,sheet-4-R097,sheet-4-R098,sheet-4-R099,sheet-4-R100,sheet-4-R101,sheet-4-R102,sheet-4-R103,sheet-4-R104,sheet-4-R105,sheet-4-R106,sheet-4-R107,sheet-4-R108,sheet-4-R109,sheet-4-R110,sheet-4-R111,sheet-4-R112,sheet-4-R113,sheet-4-R114		},
sheet-4-R044	0516	sheet-4	言語コードに紐づいたトップバナーの情報一覧を取得	機能仕様	68	1174	sheet-4-B012			sheet-4-R007,sheet-4-R008,sheet-4-R009,sheet-4-R010,sheet-4-R011,sheet-4-R012,sheet-4-R013,sheet-4-R014,sheet-4-R015,sheet-4-R016,sheet-4-R017,sheet-4-R018,sheet-4-R019,sheet-4-R020,sheet-4-R021,sheet-4-R022,sheet-4-R023,sheet-4-R024,sheet-4-R025,sheet-4-R026,sheet-4-R027,sheet-4-R028,sheet-4-R029,sheet-4-R030,sheet-4-R031,sheet-4-R032,sheet-4-R033,sheet-4-R034,sheet-4-R035,sheet-4-R036,sheet-4-R037,sheet-4-R038,sheet-4-R039,sheet-4-R040,sheet-4-R041,sheet-4-R042,sheet-4-R043,sheet-4-R045,sheet-4-R046,sheet-4-R047,sheet-4-R048,sheet-4-R049,sheet-4-R050,sheet-4-R051,sheet-4-R052,sheet-4-R053,sheet-4-R054,sheet-4-R055,sheet-4-R056,sheet-4-R057,sheet-4-R058,sheet-4-R059,sheet-4-R060,sheet-4-R061,sheet-4-R062,sheet-4-R063,sheet-4-R064,sheet-4-R065,sheet-4-R066,sheet-4-R067,sheet-4-R068,sheet-4-R069,sheet-4-R070,sheet-4-R071,sheet-4-R072,sheet-4-R073,sheet-4-R074,sheet-4-R075,sheet-4-R076,sheet-4-R077,sheet-4-R078,sheet-4-R079,sheet-4-R080,sheet-4-R081,sheet-4-R082,sheet-4-R083,sheet-4-R084,sheet-4-R085,sheet-4-R086,sheet-4-R087,sheet-4-R088,sheet-4-R089,sheet-4-R090,sheet-4-R091,sheet-4-R092,sheet-4-R093,sheet-4-R094,sheet-4-R095,sheet-4-R096,sheet-4-R097,sheet-4-R098,sheet-4-R099,sheet-4-R100,sheet-4-R101,sheet-4-R102,sheet-4-R103,sheet-4-R104,sheet-4-R105,sheet-4-R106,sheet-4-R107,sheet-4-R108,sheet-4-R109,sheet-4-R110,sheet-4-R111,sheet-4-R112,sheet-4-R113,sheet-4-R114		{
sheet-4-R045	0516	sheet-4	言語コードに紐づいたトップバナーの情報一覧を取得	機能仕様	69	1175	sheet-4-B012			sheet-4-R007,sheet-4-R008,sheet-4-R009,sheet-4-R010,sheet-4-R011,sheet-4-R012,sheet-4-R013,sheet-4-R014,sheet-4-R015,sheet-4-R016,sheet-4-R017,sheet-4-R018,sheet-4-R019,sheet-4-R020,sheet-4-R021,sheet-4-R022,sheet-4-R023,sheet-4-R024,sheet-4-R025,sheet-4-R026,sheet-4-R027,sheet-4-R028,sheet-4-R029,sheet-4-R030,sheet-4-R031,sheet-4-R032,sheet-4-R033,sheet-4-R034,sheet-4-R035,sheet-4-R036,sheet-4-R037,sheet-4-R038,sheet-4-R039,sheet-4-R040,sheet-4-R041,sheet-4-R042,sheet-4-R043,sheet-4-R044,sheet-4-R046,sheet-4-R047,sheet-4-R048,sheet-4-R049,sheet-4-R050,sheet-4-R051,sheet-4-R052,sheet-4-R053,sheet-4-R054,sheet-4-R055,sheet-4-R056,sheet-4-R057,sheet-4-R058,sheet-4-R059,sheet-4-R060,sheet-4-R061,sheet-4-R062,sheet-4-R063,sheet-4-R064,sheet-4-R065,sheet-4-R066,sheet-4-R067,sheet-4-R068,sheet-4-R069,sheet-4-R070,sheet-4-R071,sheet-4-R072,sheet-4-R073,sheet-4-R074,sheet-4-R075,sheet-4-R076,sheet-4-R077,sheet-4-R078,sheet-4-R079,sheet-4-R080,sheet-4-R081,sheet-4-R082,sheet-4-R083,sheet-4-R084,sheet-4-R085,sheet-4-R086,sheet-4-R087,sheet-4-R088,sheet-4-R089,sheet-4-R090,sheet-4-R091,sheet-4-R092,sheet-4-R093,sheet-4-R094,sheet-4-R095,sheet-4-R096,sheet-4-R097,sheet-4-R098,sheet-4-R099,sheet-4-R100,sheet-4-R101,sheet-4-R102,sheet-4-R103,sheet-4-R104,sheet-4-R105,sheet-4-R106,sheet-4-R107,sheet-4-R108,sheet-4-R109,sheet-4-R110,sheet-4-R111,sheet-4-R112,sheet-4-R113,sheet-4-R114		"""id"": 3,"
sheet-4-R046	0516	sheet-4	言語コードに紐づいたトップバナーの情報一覧を取得	機能仕様	70	1176	sheet-4-B012			sheet-4-R007,sheet-4-R008,sheet-4-R009,sheet-4-R010,sheet-4-R011,sheet-4-R012,sheet-4-R013,sheet-4-R014,sheet-4-R015,sheet-4-R016,sheet-4-R017,sheet-4-R018,sheet-4-R019,sheet-4-R020,sheet-4-R021,sheet-4-R022,sheet-4-R023,sheet-4-R024,sheet-4-R025,sheet-4-R026,sheet-4-R027,sheet-4-R028,sheet-4-R029,sheet-4-R030,sheet-4-R031,sheet-4-R032,sheet-4-R033,sheet-4-R034,sheet-4-R035,sheet-4-R036,sheet-4-R037,sheet-4-R038,sheet-4-R039,sheet-4-R040,sheet-4-R041,sheet-4-R042,sheet-4-R043,sheet-4-R044,sheet-4-R045,sheet-4-R047,sheet-4-R048,sheet-4-R049,sheet-4-R050,sheet-4-R051,sheet-4-R052,sheet-4-R053,sheet-4-R054,sheet-4-R055,sheet-4-R056,sheet-4-R057,sheet-4-R058,sheet-4-R059,sheet-4-R060,sheet-4-R061,sheet-4-R062,sheet-4-R063,sheet-4-R064,sheet-4-R065,sheet-4-R066,sheet-4-R067,sheet-4-R068,sheet-4-R069,sheet-4-R070,sheet-4-R071,sheet-4-R072,sheet-4-R073,sheet-4-R074,sheet-4-R075,sheet-4-R076,sheet-4-R077,sheet-4-R078,sheet-4-R079,sheet-4-R080,sheet-4-R081,sheet-4-R082,sheet-4-R083,sheet-4-R084,sheet-4-R085,sheet-4-R086,sheet-4-R087,sheet-4-R088,sheet-4-R089,sheet-4-R090,sheet-4-R091,sheet-4-R092,sheet-4-R093,sheet-4-R094,sheet-4-R095,sheet-4-R096,sheet-4-R097,sheet-4-R098,sheet-4-R099,sheet-4-R100,sheet-4-R101,sheet-4-R102,sheet-4-R103,sheet-4-R104,sheet-4-R105,sheet-4-R106,sheet-4-R107,sheet-4-R108,sheet-4-R109,sheet-4-R110,sheet-4-R111,sheet-4-R112,sheet-4-R113,sheet-4-R114		"""image_url"": ""https://files.hareruyamtg.com/banner/tc/6881cd0619b07940.jpeg?d=800x450"","
sheet-4-R047	0516	sheet-4	言語コードに紐づいたトップバナーの情報一覧を取得	機能仕様	71	1177	sheet-4-B012			sheet-4-R007,sheet-4-R008,sheet-4-R009,sheet-4-R010,sheet-4-R011,sheet-4-R012,sheet-4-R013,sheet-4-R014,sheet-4-R015,sheet-4-R016,sheet-4-R017,sheet-4-R018,sheet-4-R019,sheet-4-R020,sheet-4-R021,sheet-4-R022,sheet-4-R023,sheet-4-R024,sheet-4-R025,sheet-4-R026,sheet-4-R027,sheet-4-R028,sheet-4-R029,sheet-4-R030,sheet-4-R031,sheet-4-R032,sheet-4-R033,sheet-4-R034,sheet-4-R035,sheet-4-R036,sheet-4-R037,sheet-4-R038,sheet-4-R039,sheet-4-R040,sheet-4-R041,sheet-4-R042,sheet-4-R043,sheet-4-R044,sheet-4-R045,sheet-4-R046,sheet-4-R048,sheet-4-R049,sheet-4-R050,sheet-4-R051,sheet-4-R052,sheet-4-R053,sheet-4-R054,sheet-4-R055,sheet-4-R056,sheet-4-R057,sheet-4-R058,sheet-4-R059,sheet-4-R060,sheet-4-R061,sheet-4-R062,sheet-4-R063,sheet-4-R064,sheet-4-R065,sheet-4-R066,sheet-4-R067,sheet-4-R068,sheet-4-R069,sheet-4-R070,sheet-4-R071,sheet-4-R072,sheet-4-R073,sheet-4-R074,sheet-4-R075,sheet-4-R076,sheet-4-R077,sheet-4-R078,sheet-4-R079,sheet-4-R080,sheet-4-R081,sheet-4-R082,sheet-4-R083,sheet-4-R084,sheet-4-R085,sheet-4-R086,sheet-4-R087,sheet-4-R088,sheet-4-R089,sheet-4-R090,sheet-4-R091,sheet-4-R092,sheet-4-R093,sheet-4-R094,sheet-4-R095,sheet-4-R096,sheet-4-R097,sheet-4-R098,sheet-4-R099,sheet-4-R100,sheet-4-R101,sheet-4-R102,sheet-4-R103,sheet-4-R104,sheet-4-R105,sheet-4-R106,sheet-4-R107,sheet-4-R108,sheet-4-R109,sheet-4-R110,sheet-4-R111,sheet-4-R112,sheet-4-R113,sheet-4-R114		"""link"": ""https://www.hareruyamtg.com/ja/products/search?tags=743"","
sheet-4-R048	0516	sheet-4	言語コードに紐づいたトップバナーの情報一覧を取得	機能仕様	72	1178	sheet-4-B012			sheet-4-R007,sheet-4-R008,sheet-4-R009,sheet-4-R010,sheet-4-R011,sheet-4-R012,sheet-4-R013,sheet-4-R014,sheet-4-R015,sheet-4-R016,sheet-4-R017,sheet-4-R018,sheet-4-R019,sheet-4-R020,sheet-4-R021,sheet-4-R022,sheet-4-R023,sheet-4-R024,sheet-4-R025,sheet-4-R026,sheet-4-R027,sheet-4-R028,sheet-4-R029,sheet-4-R030,sheet-4-R031,sheet-4-R032,sheet-4-R033,sheet-4-R034,sheet-4-R035,sheet-4-R036,sheet-4-R037,sheet-4-R038,sheet-4-R039,sheet-4-R040,sheet-4-R041,sheet-4-R042,sheet-4-R043,sheet-4-R044,sheet-4-R045,sheet-4-R046,sheet-4-R047,sheet-4-R049,sheet-4-R050,sheet-4-R051,sheet-4-R052,sheet-4-R053,sheet-4-R054,sheet-4-R055,sheet-4-R056,sheet-4-R057,sheet-4-R058,sheet-4-R059,sheet-4-R060,sheet-4-R061,sheet-4-R062,sheet-4-R063,sheet-4-R064,sheet-4-R065,sheet-4-R066,sheet-4-R067,sheet-4-R068,sheet-4-R069,sheet-4-R070,sheet-4-R071,sheet-4-R072,sheet-4-R073,sheet-4-R074,sheet-4-R075,sheet-4-R076,sheet-4-R077,sheet-4-R078,sheet-4-R079,sheet-4-R080,sheet-4-R081,sheet-4-R082,sheet-4-R083,sheet-4-R084,sheet-4-R085,sheet-4-R086,sheet-4-R087,sheet-4-R088,sheet-4-R089,sheet-4-R090,sheet-4-R091,sheet-4-R092,sheet-4-R093,sheet-4-R094,sheet-4-R095,sheet-4-R096,sheet-4-R097,sheet-4-R098,sheet-4-R099,sheet-4-R100,sheet-4-R101,sheet-4-R102,sheet-4-R103,sheet-4-R104,sheet-4-R105,sheet-4-R106,sheet-4-R107,sheet-4-R108,sheet-4-R109,sheet-4-R110,sheet-4-R111,sheet-4-R112,sheet-4-R113,sheet-4-R114		"""disp_type"": 1,"
sheet-4-R049	0516	sheet-4	言語コードに紐づいたトップバナーの情報一覧を取得	機能仕様	73	1179	sheet-4-B012			sheet-4-R007,sheet-4-R008,sheet-4-R009,sheet-4-R010,sheet-4-R011,sheet-4-R012,sheet-4-R013,sheet-4-R014,sheet-4-R015,sheet-4-R016,sheet-4-R017,sheet-4-R018,sheet-4-R019,sheet-4-R020,sheet-4-R021,sheet-4-R022,sheet-4-R023,sheet-4-R024,sheet-4-R025,sheet-4-R026,sheet-4-R027,sheet-4-R028,sheet-4-R029,sheet-4-R030,sheet-4-R031,sheet-4-R032,sheet-4-R033,sheet-4-R034,sheet-4-R035,sheet-4-R036,sheet-4-R037,sheet-4-R038,sheet-4-R039,sheet-4-R040,sheet-4-R041,sheet-4-R042,sheet-4-R043,sheet-4-R044,sheet-4-R045,sheet-4-R046,sheet-4-R047,sheet-4-R048,sheet-4-R050,sheet-4-R051,sheet-4-R052,sheet-4-R053,sheet-4-R054,sheet-4-R055,sheet-4-R056,sheet-4-R057,sheet-4-R058,sheet-4-R059,sheet-4-R060,sheet-4-R061,sheet-4-R062,sheet-4-R063,sheet-4-R064,sheet-4-R065,sheet-4-R066,sheet-4-R067,sheet-4-R068,sheet-4-R069,sheet-4-R070,sheet-4-R071,sheet-4-R072,sheet-4-R073,sheet-4-R074,sheet-4-R075,sheet-4-R076,sheet-4-R077,sheet-4-R078,sheet-4-R079,sheet-4-R080,sheet-4-R081,sheet-4-R082,sheet-4-R083,sheet-4-R084,sheet-4-R085,sheet-4-R086,sheet-4-R087,sheet-4-R088,sheet-4-R089,sheet-4-R090,sheet-4-R091,sheet-4-R092,sheet-4-R093,sheet-4-R094,sheet-4-R095,sheet-4-R096,sheet-4-R097,sheet-4-R098,sheet-4-R099,sheet-4-R100,sheet-4-R101,sheet-4-R102,sheet-4-R103,sheet-4-R104,sheet-4-R105,sheet-4-R106,sheet-4-R107,sheet-4-R108,sheet-4-R109,sheet-4-R110,sheet-4-R111,sheet-4-R112,sheet-4-R113,sheet-4-R114		"""languages"": ["
sheet-4-R050	0516	sheet-4	言語コードに紐づいたトップバナーの情報一覧を取得	機能仕様	74	1180	sheet-4-B012			sheet-4-R007,sheet-4-R008,sheet-4-R009,sheet-4-R010,sheet-4-R011,sheet-4-R012,sheet-4-R013,sheet-4-R014,sheet-4-R015,sheet-4-R016,sheet-4-R017,sheet-4-R018,sheet-4-R019,sheet-4-R020,sheet-4-R021,sheet-4-R022,sheet-4-R023,sheet-4-R024,sheet-4-R025,sheet-4-R026,sheet-4-R027,sheet-4-R028,sheet-4-R029,sheet-4-R030,sheet-4-R031,sheet-4-R032,sheet-4-R033,sheet-4-R034,sheet-4-R035,sheet-4-R036,sheet-4-R037,sheet-4-R038,sheet-4-R039,sheet-4-R040,sheet-4-R041,sheet-4-R042,sheet-4-R043,sheet-4-R044,sheet-4-R045,sheet-4-R046,sheet-4-R047,sheet-4-R048,sheet-4-R049,sheet-4-R051,sheet-4-R052,sheet-4-R053,sheet-4-R054,sheet-4-R055,sheet-4-R056,sheet-4-R057,sheet-4-R058,sheet-4-R059,sheet-4-R060,sheet-4-R061,sheet-4-R062,sheet-4-R063,sheet-4-R064,sheet-4-R065,sheet-4-R066,sheet-4-R067,sheet-4-R068,sheet-4-R069,sheet-4-R070,sheet-4-R071,sheet-4-R072,sheet-4-R073,sheet-4-R074,sheet-4-R075,sheet-4-R076,sheet-4-R077,sheet-4-R078,sheet-4-R079,sheet-4-R080,sheet-4-R081,sheet-4-R082,sheet-4-R083,sheet-4-R084,sheet-4-R085,sheet-4-R086,sheet-4-R087,sheet-4-R088,sheet-4-R089,sheet-4-R090,sheet-4-R091,sheet-4-R092,sheet-4-R093,sheet-4-R094,sheet-4-R095,sheet-4-R096,sheet-4-R097,sheet-4-R098,sheet-4-R099,sheet-4-R100,sheet-4-R101,sheet-4-R102,sheet-4-R103,sheet-4-R104,sheet-4-R105,sheet-4-R106,sheet-4-R107,sheet-4-R108,sheet-4-R109,sheet-4-R110,sheet-4-R111,sheet-4-R112,sheet-4-R113,sheet-4-R114		{
sheet-4-R051	0516	sheet-4	言語コードに紐づいたトップバナーの情報一覧を取得	機能仕様	75	1181	sheet-4-B012			sheet-4-R007,sheet-4-R008,sheet-4-R009,sheet-4-R010,sheet-4-R011,sheet-4-R012,sheet-4-R013,sheet-4-R014,sheet-4-R015,sheet-4-R016,sheet-4-R017,sheet-4-R018,sheet-4-R019,sheet-4-R020,sheet-4-R021,sheet-4-R022,sheet-4-R023,sheet-4-R024,sheet-4-R025,sheet-4-R026,sheet-4-R027,sheet-4-R028,sheet-4-R029,sheet-4-R030,sheet-4-R031,sheet-4-R032,sheet-4-R033,sheet-4-R034,sheet-4-R035,sheet-4-R036,sheet-4-R037,sheet-4-R038,sheet-4-R039,sheet-4-R040,sheet-4-R041,sheet-4-R042,sheet-4-R043,sheet-4-R044,sheet-4-R045,sheet-4-R046,sheet-4-R047,sheet-4-R048,sheet-4-R049,sheet-4-R050,sheet-4-R052,sheet-4-R053,sheet-4-R054,sheet-4-R055,sheet-4-R056,sheet-4-R057,sheet-4-R058,sheet-4-R059,sheet-4-R060,sheet-4-R061,sheet-4-R062,sheet-4-R063,sheet-4-R064,sheet-4-R065,sheet-4-R066,sheet-4-R067,sheet-4-R068,sheet-4-R069,sheet-4-R070,sheet-4-R071,sheet-4-R072,sheet-4-R073,sheet-4-R074,sheet-4-R075,sheet-4-R076,sheet-4-R077,sheet-4-R078,sheet-4-R079,sheet-4-R080,sheet-4-R081,sheet-4-R082,sheet-4-R083,sheet-4-R084,sheet-4-R085,sheet-4-R086,sheet-4-R087,sheet-4-R088,sheet-4-R089,sheet-4-R090,sheet-4-R091,sheet-4-R092,sheet-4-R093,sheet-4-R094,sheet-4-R095,sheet-4-R096,sheet-4-R097,sheet-4-R098,sheet-4-R099,sheet-4-R100,sheet-4-R101,sheet-4-R102,sheet-4-R103,sheet-4-R104,sheet-4-R105,sheet-4-R106,sheet-4-R107,sheet-4-R108,sheet-4-R109,sheet-4-R110,sheet-4-R111,sheet-4-R112,sheet-4-R113,sheet-4-R114		"""id"": 1,"
sheet-4-R052	0516	sheet-4	言語コードに紐づいたトップバナーの情報一覧を取得	機能仕様	76	1182	sheet-4-B012			sheet-4-R007,sheet-4-R008,sheet-4-R009,sheet-4-R010,sheet-4-R011,sheet-4-R012,sheet-4-R013,sheet-4-R014,sheet-4-R015,sheet-4-R016,sheet-4-R017,sheet-4-R018,sheet-4-R019,sheet-4-R020,sheet-4-R021,sheet-4-R022,sheet-4-R023,sheet-4-R024,sheet-4-R025,sheet-4-R026,sheet-4-R027,sheet-4-R028,sheet-4-R029,sheet-4-R030,sheet-4-R031,sheet-4-R032,sheet-4-R033,sheet-4-R034,sheet-4-R035,sheet-4-R036,sheet-4-R037,sheet-4-R038,sheet-4-R039,sheet-4-R040,sheet-4-R041,sheet-4-R042,sheet-4-R043,sheet-4-R044,sheet-4-R045,sheet-4-R046,sheet-4-R047,sheet-4-R048,sheet-4-R049,sheet-4-R050,sheet-4-R051,sheet-4-R053,sheet-4-R054,sheet-4-R055,sheet-4-R056,sheet-4-R057,sheet-4-R058,sheet-4-R059,sheet-4-R060,sheet-4-R061,sheet-4-R062,sheet-4-R063,sheet-4-R064,sheet-4-R065,sheet-4-R066,sheet-4-R067,sheet-4-R068,sheet-4-R069,sheet-4-R070,sheet-4-R071,sheet-4-R072,sheet-4-R073,sheet-4-R074,sheet-4-R075,sheet-4-R076,sheet-4-R077,sheet-4-R078,sheet-4-R079,sheet-4-R080,sheet-4-R081,sheet-4-R082,sheet-4-R083,sheet-4-R084,sheet-4-R085,sheet-4-R086,sheet-4-R087,sheet-4-R088,sheet-4-R089,sheet-4-R090,sheet-4-R091,sheet-4-R092,sheet-4-R093,sheet-4-R094,sheet-4-R095,sheet-4-R096,sheet-4-R097,sheet-4-R098,sheet-4-R099,sheet-4-R100,sheet-4-R101,sheet-4-R102,sheet-4-R103,sheet-4-R104,sheet-4-R105,sheet-4-R106,sheet-4-R107,sheet-4-R108,sheet-4-R109,sheet-4-R110,sheet-4-R111,sheet-4-R112,sheet-4-R113,sheet-4-R114		"""name_jp"": ""日本語"","
sheet-4-R053	0516	sheet-4	言語コードに紐づいたトップバナーの情報一覧を取得	機能仕様	77	1183	sheet-4-B012			sheet-4-R007,sheet-4-R008,sheet-4-R009,sheet-4-R010,sheet-4-R011,sheet-4-R012,sheet-4-R013,sheet-4-R014,sheet-4-R015,sheet-4-R016,sheet-4-R017,sheet-4-R018,sheet-4-R019,sheet-4-R020,sheet-4-R021,sheet-4-R022,sheet-4-R023,sheet-4-R024,sheet-4-R025,sheet-4-R026,sheet-4-R027,sheet-4-R028,sheet-4-R029,sheet-4-R030,sheet-4-R031,sheet-4-R032,sheet-4-R033,sheet-4-R034,sheet-4-R035,sheet-4-R036,sheet-4-R037,sheet-4-R038,sheet-4-R039,sheet-4-R040,sheet-4-R041,sheet-4-R042,sheet-4-R043,sheet-4-R044,sheet-4-R045,sheet-4-R046,sheet-4-R047,sheet-4-R048,sheet-4-R049,sheet-4-R050,sheet-4-R051,sheet-4-R052,sheet-4-R054,sheet-4-R055,sheet-4-R056,sheet-4-R057,sheet-4-R058,sheet-4-R059,sheet-4-R060,sheet-4-R061,sheet-4-R062,sheet-4-R063,sheet-4-R064,sheet-4-R065,sheet-4-R066,sheet-4-R067,sheet-4-R068,sheet-4-R069,sheet-4-R070,sheet-4-R071,sheet-4-R072,sheet-4-R073,sheet-4-R074,sheet-4-R075,sheet-4-R076,sheet-4-R077,sheet-4-R078,sheet-4-R079,sheet-4-R080,sheet-4-R081,sheet-4-R082,sheet-4-R083,sheet-4-R084,sheet-4-R085,sheet-4-R086,sheet-4-R087,sheet-4-R088,sheet-4-R089,sheet-4-R090,sheet-4-R091,sheet-4-R092,sheet-4-R093,sheet-4-R094,sheet-4-R095,sheet-4-R096,sheet-4-R097,sheet-4-R098,sheet-4-R099,sheet-4-R100,sheet-4-R101,sheet-4-R102,sheet-4-R103,sheet-4-R104,sheet-4-R105,sheet-4-R106,sheet-4-R107,sheet-4-R108,sheet-4-R109,sheet-4-R110,sheet-4-R111,sheet-4-R112,sheet-4-R113,sheet-4-R114		"""name_en"": ""Japanease"","
sheet-4-R054	0516	sheet-4	言語コードに紐づいたトップバナーの情報一覧を取得	機能仕様	78	1184	sheet-4-B012			sheet-4-R007,sheet-4-R008,sheet-4-R009,sheet-4-R010,sheet-4-R011,sheet-4-R012,sheet-4-R013,sheet-4-R014,sheet-4-R015,sheet-4-R016,sheet-4-R017,sheet-4-R018,sheet-4-R019,sheet-4-R020,sheet-4-R021,sheet-4-R022,sheet-4-R023,sheet-4-R024,sheet-4-R025,sheet-4-R026,sheet-4-R027,sheet-4-R028,sheet-4-R029,sheet-4-R030,sheet-4-R031,sheet-4-R032,sheet-4-R033,sheet-4-R034,sheet-4-R035,sheet-4-R036,sheet-4-R037,sheet-4-R038,sheet-4-R039,sheet-4-R040,sheet-4-R041,sheet-4-R042,sheet-4-R043,sheet-4-R044,sheet-4-R045,sheet-4-R046,sheet-4-R047,sheet-4-R048,sheet-4-R049,sheet-4-R050,sheet-4-R051,sheet-4-R052,sheet-4-R053,sheet-4-R055,sheet-4-R056,sheet-4-R057,sheet-4-R058,sheet-4-R059,sheet-4-R060,sheet-4-R061,sheet-4-R062,sheet-4-R063,sheet-4-R064,sheet-4-R065,sheet-4-R066,sheet-4-R067,sheet-4-R068,sheet-4-R069,sheet-4-R070,sheet-4-R071,sheet-4-R072,sheet-4-R073,sheet-4-R074,sheet-4-R075,sheet-4-R076,sheet-4-R077,sheet-4-R078,sheet-4-R079,sheet-4-R080,sheet-4-R081,sheet-4-R082,sheet-4-R083,sheet-4-R084,sheet-4-R085,sheet-4-R086,sheet-4-R087,sheet-4-R088,sheet-4-R089,sheet-4-R090,sheet-4-R091,sheet-4-R092,sheet-4-R093,sheet-4-R094,sheet-4-R095,sheet-4-R096,sheet-4-R097,sheet-4-R098,sheet-4-R099,sheet-4-R100,sheet-4-R101,sheet-4-R102,sheet-4-R103,sheet-4-R104,sheet-4-R105,sheet-4-R106,sheet-4-R107,sheet-4-R108,sheet-4-R109,sheet-4-R110,sheet-4-R111,sheet-4-R112,sheet-4-R113,sheet-4-R114		"""code"": ""JP"""
sheet-4-R055	0516	sheet-4	言語コードに紐づいたトップバナーの情報一覧を取得	機能仕様	79	1185	sheet-4-B012			sheet-4-R007,sheet-4-R008,sheet-4-R009,sheet-4-R010,sheet-4-R011,sheet-4-R012,sheet-4-R013,sheet-4-R014,sheet-4-R015,sheet-4-R016,sheet-4-R017,sheet-4-R018,sheet-4-R019,sheet-4-R020,sheet-4-R021,sheet-4-R022,sheet-4-R023,sheet-4-R024,sheet-4-R025,sheet-4-R026,sheet-4-R027,sheet-4-R028,sheet-4-R029,sheet-4-R030,sheet-4-R031,sheet-4-R032,sheet-4-R033,sheet-4-R034,sheet-4-R035,sheet-4-R036,sheet-4-R037,sheet-4-R038,sheet-4-R039,sheet-4-R040,sheet-4-R041,sheet-4-R042,sheet-4-R043,sheet-4-R044,sheet-4-R045,sheet-4-R046,sheet-4-R047,sheet-4-R048,sheet-4-R049,sheet-4-R050,sheet-4-R051,sheet-4-R052,sheet-4-R053,sheet-4-R054,sheet-4-R056,sheet-4-R057,sheet-4-R058,sheet-4-R059,sheet-4-R060,sheet-4-R061,sheet-4-R062,sheet-4-R063,sheet-4-R064,sheet-4-R065,sheet-4-R066,sheet-4-R067,sheet-4-R068,sheet-4-R069,sheet-4-R070,sheet-4-R071,sheet-4-R072,sheet-4-R073,sheet-4-R074,sheet-4-R075,sheet-4-R076,sheet-4-R077,sheet-4-R078,sheet-4-R079,sheet-4-R080,sheet-4-R081,sheet-4-R082,sheet-4-R083,sheet-4-R084,sheet-4-R085,sheet-4-R086,sheet-4-R087,sheet-4-R088,sheet-4-R089,sheet-4-R090,sheet-4-R091,sheet-4-R092,sheet-4-R093,sheet-4-R094,sheet-4-R095,sheet-4-R096,sheet-4-R097,sheet-4-R098,sheet-4-R099,sheet-4-R100,sheet-4-R101,sheet-4-R102,sheet-4-R103,sheet-4-R104,sheet-4-R105,sheet-4-R106,sheet-4-R107,sheet-4-R108,sheet-4-R109,sheet-4-R110,sheet-4-R111,sheet-4-R112,sheet-4-R113,sheet-4-R114		}
sheet-4-R056	0516	sheet-4	言語コードに紐づいたトップバナーの情報一覧を取得	機能仕様	80	1186	sheet-4-B012			sheet-4-R007,sheet-4-R008,sheet-4-R009,sheet-4-R010,sheet-4-R011,sheet-4-R012,sheet-4-R013,sheet-4-R014,sheet-4-R015,sheet-4-R016,sheet-4-R017,sheet-4-R018,sheet-4-R019,sheet-4-R020,sheet-4-R021,sheet-4-R022,sheet-4-R023,sheet-4-R024,sheet-4-R025,sheet-4-R026,sheet-4-R027,sheet-4-R028,sheet-4-R029,sheet-4-R030,sheet-4-R031,sheet-4-R032,sheet-4-R033,sheet-4-R034,sheet-4-R035,sheet-4-R036,sheet-4-R037,sheet-4-R038,sheet-4-R039,sheet-4-R040,sheet-4-R041,sheet-4-R042,sheet-4-R043,sheet-4-R044,sheet-4-R045,sheet-4-R046,sheet-4-R047,sheet-4-R048,sheet-4-R049,sheet-4-R050,sheet-4-R051,sheet-4-R052,sheet-4-R053,sheet-4-R054,sheet-4-R055,sheet-4-R057,sheet-4-R058,sheet-4-R059,sheet-4-R060,sheet-4-R061,sheet-4-R062,sheet-4-R063,sheet-4-R064,sheet-4-R065,sheet-4-R066,sheet-4-R067,sheet-4-R068,sheet-4-R069,sheet-4-R070,sheet-4-R071,sheet-4-R072,sheet-4-R073,sheet-4-R074,sheet-4-R075,sheet-4-R076,sheet-4-R077,sheet-4-R078,sheet-4-R079,sheet-4-R080,sheet-4-R081,sheet-4-R082,sheet-4-R083,sheet-4-R084,sheet-4-R085,sheet-4-R086,sheet-4-R087,sheet-4-R088,sheet-4-R089,sheet-4-R090,sheet-4-R091,sheet-4-R092,sheet-4-R093,sheet-4-R094,sheet-4-R095,sheet-4-R096,sheet-4-R097,sheet-4-R098,sheet-4-R099,sheet-4-R100,sheet-4-R101,sheet-4-R102,sheet-4-R103,sheet-4-R104,sheet-4-R105,sheet-4-R106,sheet-4-R107,sheet-4-R108,sheet-4-R109,sheet-4-R110,sheet-4-R111,sheet-4-R112,sheet-4-R113,sheet-4-R114		]
sheet-4-R057	0516	sheet-4	言語コードに紐づいたトップバナーの情報一覧を取得	機能仕様	81	1187	sheet-4-B012			sheet-4-R007,sheet-4-R008,sheet-4-R009,sheet-4-R010,sheet-4-R011,sheet-4-R012,sheet-4-R013,sheet-4-R014,sheet-4-R015,sheet-4-R016,sheet-4-R017,sheet-4-R018,sheet-4-R019,sheet-4-R020,sheet-4-R021,sheet-4-R022,sheet-4-R023,sheet-4-R024,sheet-4-R025,sheet-4-R026,sheet-4-R027,sheet-4-R028,sheet-4-R029,sheet-4-R030,sheet-4-R031,sheet-4-R032,sheet-4-R033,sheet-4-R034,sheet-4-R035,sheet-4-R036,sheet-4-R037,sheet-4-R038,sheet-4-R039,sheet-4-R040,sheet-4-R041,sheet-4-R042,sheet-4-R043,sheet-4-R044,sheet-4-R045,sheet-4-R046,sheet-4-R047,sheet-4-R048,sheet-4-R049,sheet-4-R050,sheet-4-R051,sheet-4-R052,sheet-4-R053,sheet-4-R054,sheet-4-R055,sheet-4-R056,sheet-4-R058,sheet-4-R059,sheet-4-R060,sheet-4-R061,sheet-4-R062,sheet-4-R063,sheet-4-R064,sheet-4-R065,sheet-4-R066,sheet-4-R067,sheet-4-R068,sheet-4-R069,sheet-4-R070,sheet-4-R071,sheet-4-R072,sheet-4-R073,sheet-4-R074,sheet-4-R075,sheet-4-R076,sheet-4-R077,sheet-4-R078,sheet-4-R079,sheet-4-R080,sheet-4-R081,sheet-4-R082,sheet-4-R083,sheet-4-R084,sheet-4-R085,sheet-4-R086,sheet-4-R087,sheet-4-R088,sheet-4-R089,sheet-4-R090,sheet-4-R091,sheet-4-R092,sheet-4-R093,sheet-4-R094,sheet-4-R095,sheet-4-R096,sheet-4-R097,sheet-4-R098,sheet-4-R099,sheet-4-R100,sheet-4-R101,sheet-4-R102,sheet-4-R103,sheet-4-R104,sheet-4-R105,sheet-4-R106,sheet-4-R107,sheet-4-R108,sheet-4-R109,sheet-4-R110,sheet-4-R111,sheet-4-R112,sheet-4-R113,sheet-4-R114		},
sheet-4-R058	0516	sheet-4	言語コードに紐づいたトップバナーの情報一覧を取得	機能仕様	82	1188	sheet-4-B012			sheet-4-R007,sheet-4-R008,sheet-4-R009,sheet-4-R010,sheet-4-R011,sheet-4-R012,sheet-4-R013,sheet-4-R014,sheet-4-R015,sheet-4-R016,sheet-4-R017,sheet-4-R018,sheet-4-R019,sheet-4-R020,sheet-4-R021,sheet-4-R022,sheet-4-R023,sheet-4-R024,sheet-4-R025,sheet-4-R026,sheet-4-R027,sheet-4-R028,sheet-4-R029,sheet-4-R030,sheet-4-R031,sheet-4-R032,sheet-4-R033,sheet-4-R034,sheet-4-R035,sheet-4-R036,sheet-4-R037,sheet-4-R038,sheet-4-R039,sheet-4-R040,sheet-4-R041,sheet-4-R042,sheet-4-R043,sheet-4-R044,sheet-4-R045,sheet-4-R046,sheet-4-R047,sheet-4-R048,sheet-4-R049,sheet-4-R050,sheet-4-R051,sheet-4-R052,sheet-4-R053,sheet-4-R054,sheet-4-R055,sheet-4-R056,sheet-4-R057,sheet-4-R059,sheet-4-R060,sheet-4-R061,sheet-4-R062,sheet-4-R063,sheet-4-R064,sheet-4-R065,sheet-4-R066,sheet-4-R067,sheet-4-R068,sheet-4-R069,sheet-4-R070,sheet-4-R071,sheet-4-R072,sheet-4-R073,sheet-4-R074,sheet-4-R075,sheet-4-R076,sheet-4-R077,sheet-4-R078,sheet-4-R079,sheet-4-R080,sheet-4-R081,sheet-4-R082,sheet-4-R083,sheet-4-R084,sheet-4-R085,sheet-4-R086,sheet-4-R087,sheet-4-R088,sheet-4-R089,sheet-4-R090,sheet-4-R091,sheet-4-R092,sheet-4-R093,sheet-4-R094,sheet-4-R095,sheet-4-R096,sheet-4-R097,sheet-4-R098,sheet-4-R099,sheet-4-R100,sheet-4-R101,sheet-4-R102,sheet-4-R103,sheet-4-R104,sheet-4-R105,sheet-4-R106,sheet-4-R107,sheet-4-R108,sheet-4-R109,sheet-4-R110,sheet-4-R111,sheet-4-R112,sheet-4-R113,sheet-4-R114		{
sheet-4-R059	0516	sheet-4	言語コードに紐づいたトップバナーの情報一覧を取得	機能仕様	83	1189	sheet-4-B012			sheet-4-R007,sheet-4-R008,sheet-4-R009,sheet-4-R010,sheet-4-R011,sheet-4-R012,sheet-4-R013,sheet-4-R014,sheet-4-R015,sheet-4-R016,sheet-4-R017,sheet-4-R018,sheet-4-R019,sheet-4-R020,sheet-4-R021,sheet-4-R022,sheet-4-R023,sheet-4-R024,sheet-4-R025,sheet-4-R026,sheet-4-R027,sheet-4-R028,sheet-4-R029,sheet-4-R030,sheet-4-R031,sheet-4-R032,sheet-4-R033,sheet-4-R034,sheet-4-R035,sheet-4-R036,sheet-4-R037,sheet-4-R038,sheet-4-R039,sheet-4-R040,sheet-4-R041,sheet-4-R042,sheet-4-R043,sheet-4-R044,sheet-4-R045,sheet-4-R046,sheet-4-R047,sheet-4-R048,sheet-4-R049,sheet-4-R050,sheet-4-R051,sheet-4-R052,sheet-4-R053,sheet-4-R054,sheet-4-R055,sheet-4-R056,sheet-4-R057,sheet-4-R058,sheet-4-R060,sheet-4-R061,sheet-4-R062,sheet-4-R063,sheet-4-R064,sheet-4-R065,sheet-4-R066,sheet-4-R067,sheet-4-R068,sheet-4-R069,sheet-4-R070,sheet-4-R071,sheet-4-R072,sheet-4-R073,sheet-4-R074,sheet-4-R075,sheet-4-R076,sheet-4-R077,sheet-4-R078,sheet-4-R079,sheet-4-R080,sheet-4-R081,sheet-4-R082,sheet-4-R083,sheet-4-R084,sheet-4-R085,sheet-4-R086,sheet-4-R087,sheet-4-R088,sheet-4-R089,sheet-4-R090,sheet-4-R091,sheet-4-R092,sheet-4-R093,sheet-4-R094,sheet-4-R095,sheet-4-R096,sheet-4-R097,sheet-4-R098,sheet-4-R099,sheet-4-R100,sheet-4-R101,sheet-4-R102,sheet-4-R103,sheet-4-R104,sheet-4-R105,sheet-4-R106,sheet-4-R107,sheet-4-R108,sheet-4-R109,sheet-4-R110,sheet-4-R111,sheet-4-R112,sheet-4-R113,sheet-4-R114		"""id"": 5,"
sheet-4-R060	0516	sheet-4	言語コードに紐づいたトップバナーの情報一覧を取得	機能仕様	84	1190	sheet-4-B012			sheet-4-R007,sheet-4-R008,sheet-4-R009,sheet-4-R010,sheet-4-R011,sheet-4-R012,sheet-4-R013,sheet-4-R014,sheet-4-R015,sheet-4-R016,sheet-4-R017,sheet-4-R018,sheet-4-R019,sheet-4-R020,sheet-4-R021,sheet-4-R022,sheet-4-R023,sheet-4-R024,sheet-4-R025,sheet-4-R026,sheet-4-R027,sheet-4-R028,sheet-4-R029,sheet-4-R030,sheet-4-R031,sheet-4-R032,sheet-4-R033,sheet-4-R034,sheet-4-R035,sheet-4-R036,sheet-4-R037,sheet-4-R038,sheet-4-R039,sheet-4-R040,sheet-4-R041,sheet-4-R042,sheet-4-R043,sheet-4-R044,sheet-4-R045,sheet-4-R046,sheet-4-R047,sheet-4-R048,sheet-4-R049,sheet-4-R050,sheet-4-R051,sheet-4-R052,sheet-4-R053,sheet-4-R054,sheet-4-R055,sheet-4-R056,sheet-4-R057,sheet-4-R058,sheet-4-R059,sheet-4-R061,sheet-4-R062,sheet-4-R063,sheet-4-R064,sheet-4-R065,sheet-4-R066,sheet-4-R067,sheet-4-R068,sheet-4-R069,sheet-4-R070,sheet-4-R071,sheet-4-R072,sheet-4-R073,sheet-4-R074,sheet-4-R075,sheet-4-R076,sheet-4-R077,sheet-4-R078,sheet-4-R079,sheet-4-R080,sheet-4-R081,sheet-4-R082,sheet-4-R083,sheet-4-R084,sheet-4-R085,sheet-4-R086,sheet-4-R087,sheet-4-R088,sheet-4-R089,sheet-4-R090,sheet-4-R091,sheet-4-R092,sheet-4-R093,sheet-4-R094,sheet-4-R095,sheet-4-R096,sheet-4-R097,sheet-4-R098,sheet-4-R099,sheet-4-R100,sheet-4-R101,sheet-4-R102,sheet-4-R103,sheet-4-R104,sheet-4-R105,sheet-4-R106,sheet-4-R107,sheet-4-R108,sheet-4-R109,sheet-4-R110,sheet-4-R111,sheet-4-R112,sheet-4-R113,sheet-4-R114		"""image_url"": ""https://files.hareruyamtg.com/banner/tc/6878848a8714b725.jpeg?d=800x450"","
sheet-4-R061	0516	sheet-4	言語コードに紐づいたトップバナーの情報一覧を取得	機能仕様	85	1191	sheet-4-B012			sheet-4-R007,sheet-4-R008,sheet-4-R009,sheet-4-R010,sheet-4-R011,sheet-4-R012,sheet-4-R013,sheet-4-R014,sheet-4-R015,sheet-4-R016,sheet-4-R017,sheet-4-R018,sheet-4-R019,sheet-4-R020,sheet-4-R021,sheet-4-R022,sheet-4-R023,sheet-4-R024,sheet-4-R025,sheet-4-R026,sheet-4-R027,sheet-4-R028,sheet-4-R029,sheet-4-R030,sheet-4-R031,sheet-4-R032,sheet-4-R033,sheet-4-R034,sheet-4-R035,sheet-4-R036,sheet-4-R037,sheet-4-R038,sheet-4-R039,sheet-4-R040,sheet-4-R041,sheet-4-R042,sheet-4-R043,sheet-4-R044,sheet-4-R045,sheet-4-R046,sheet-4-R047,sheet-4-R048,sheet-4-R049,sheet-4-R050,sheet-4-R051,sheet-4-R052,sheet-4-R053,sheet-4-R054,sheet-4-R055,sheet-4-R056,sheet-4-R057,sheet-4-R058,sheet-4-R059,sheet-4-R060,sheet-4-R062,sheet-4-R063,sheet-4-R064,sheet-4-R065,sheet-4-R066,sheet-4-R067,sheet-4-R068,sheet-4-R069,sheet-4-R070,sheet-4-R071,sheet-4-R072,sheet-4-R073,sheet-4-R074,sheet-4-R075,sheet-4-R076,sheet-4-R077,sheet-4-R078,sheet-4-R079,sheet-4-R080,sheet-4-R081,sheet-4-R082,sheet-4-R083,sheet-4-R084,sheet-4-R085,sheet-4-R086,sheet-4-R087,sheet-4-R088,sheet-4-R089,sheet-4-R090,sheet-4-R091,sheet-4-R092,sheet-4-R093,sheet-4-R094,sheet-4-R095,sheet-4-R096,sheet-4-R097,sheet-4-R098,sheet-4-R099,sheet-4-R100,sheet-4-R101,sheet-4-R102,sheet-4-R103,sheet-4-R104,sheet-4-R105,sheet-4-R106,sheet-4-R107,sheet-4-R108,sheet-4-R109,sheet-4-R110,sheet-4-R111,sheet-4-R112,sheet-4-R113,sheet-4-R114		"""link"": ""https://www.hareruyamtg.com/ja/products/search?tags=774"","
sheet-4-R062	0516	sheet-4	言語コードに紐づいたトップバナーの情報一覧を取得	機能仕様	86	1192	sheet-4-B012			sheet-4-R007,sheet-4-R008,sheet-4-R009,sheet-4-R010,sheet-4-R011,sheet-4-R012,sheet-4-R013,sheet-4-R014,sheet-4-R015,sheet-4-R016,sheet-4-R017,sheet-4-R018,sheet-4-R019,sheet-4-R020,sheet-4-R021,sheet-4-R022,sheet-4-R023,sheet-4-R024,sheet-4-R025,sheet-4-R026,sheet-4-R027,sheet-4-R028,sheet-4-R029,sheet-4-R030,sheet-4-R031,sheet-4-R032,sheet-4-R033,sheet-4-R034,sheet-4-R035,sheet-4-R036,sheet-4-R037,sheet-4-R038,sheet-4-R039,sheet-4-R040,sheet-4-R041,sheet-4-R042,sheet-4-R043,sheet-4-R044,sheet-4-R045,sheet-4-R046,sheet-4-R047,sheet-4-R048,sheet-4-R049,sheet-4-R050,sheet-4-R051,sheet-4-R052,sheet-4-R053,sheet-4-R054,sheet-4-R055,sheet-4-R056,sheet-4-R057,sheet-4-R058,sheet-4-R059,sheet-4-R060,sheet-4-R061,sheet-4-R063,sheet-4-R064,sheet-4-R065,sheet-4-R066,sheet-4-R067,sheet-4-R068,sheet-4-R069,sheet-4-R070,sheet-4-R071,sheet-4-R072,sheet-4-R073,sheet-4-R074,sheet-4-R075,sheet-4-R076,sheet-4-R077,sheet-4-R078,sheet-4-R079,sheet-4-R080,sheet-4-R081,sheet-4-R082,sheet-4-R083,sheet-4-R084,sheet-4-R085,sheet-4-R086,sheet-4-R087,sheet-4-R088,sheet-4-R089,sheet-4-R090,sheet-4-R091,sheet-4-R092,sheet-4-R093,sheet-4-R094,sheet-4-R095,sheet-4-R096,sheet-4-R097,sheet-4-R098,sheet-4-R099,sheet-4-R100,sheet-4-R101,sheet-4-R102,sheet-4-R103,sheet-4-R104,sheet-4-R105,sheet-4-R106,sheet-4-R107,sheet-4-R108,sheet-4-R109,sheet-4-R110,sheet-4-R111,sheet-4-R112,sheet-4-R113,sheet-4-R114		"""disp_type"": 1,"
sheet-4-R063	0516	sheet-4	言語コードに紐づいたトップバナーの情報一覧を取得	機能仕様	87	1193	sheet-4-B012			sheet-4-R007,sheet-4-R008,sheet-4-R009,sheet-4-R010,sheet-4-R011,sheet-4-R012,sheet-4-R013,sheet-4-R014,sheet-4-R015,sheet-4-R016,sheet-4-R017,sheet-4-R018,sheet-4-R019,sheet-4-R020,sheet-4-R021,sheet-4-R022,sheet-4-R023,sheet-4-R024,sheet-4-R025,sheet-4-R026,sheet-4-R027,sheet-4-R028,sheet-4-R029,sheet-4-R030,sheet-4-R031,sheet-4-R032,sheet-4-R033,sheet-4-R034,sheet-4-R035,sheet-4-R036,sheet-4-R037,sheet-4-R038,sheet-4-R039,sheet-4-R040,sheet-4-R041,sheet-4-R042,sheet-4-R043,sheet-4-R044,sheet-4-R045,sheet-4-R046,sheet-4-R047,sheet-4-R048,sheet-4-R049,sheet-4-R050,sheet-4-R051,sheet-4-R052,sheet-4-R053,sheet-4-R054,sheet-4-R055,sheet-4-R056,sheet-4-R057,sheet-4-R058,sheet-4-R059,sheet-4-R060,sheet-4-R061,sheet-4-R062,sheet-4-R064,sheet-4-R065,sheet-4-R066,sheet-4-R067,sheet-4-R068,sheet-4-R069,sheet-4-R070,sheet-4-R071,sheet-4-R072,sheet-4-R073,sheet-4-R074,sheet-4-R075,sheet-4-R076,sheet-4-R077,sheet-4-R078,sheet-4-R079,sheet-4-R080,sheet-4-R081,sheet-4-R082,sheet-4-R083,sheet-4-R084,sheet-4-R085,sheet-4-R086,sheet-4-R087,sheet-4-R088,sheet-4-R089,sheet-4-R090,sheet-4-R091,sheet-4-R092,sheet-4-R093,sheet-4-R094,sheet-4-R095,sheet-4-R096,sheet-4-R097,sheet-4-R098,sheet-4-R099,sheet-4-R100,sheet-4-R101,sheet-4-R102,sheet-4-R103,sheet-4-R104,sheet-4-R105,sheet-4-R106,sheet-4-R107,sheet-4-R108,sheet-4-R109,sheet-4-R110,sheet-4-R111,sheet-4-R112,sheet-4-R113,sheet-4-R114		"""languages"": ["
sheet-4-R064	0516	sheet-4	言語コードに紐づいたトップバナーの情報一覧を取得	機能仕様	88	1194	sheet-4-B012			sheet-4-R007,sheet-4-R008,sheet-4-R009,sheet-4-R010,sheet-4-R011,sheet-4-R012,sheet-4-R013,sheet-4-R014,sheet-4-R015,sheet-4-R016,sheet-4-R017,sheet-4-R018,sheet-4-R019,sheet-4-R020,sheet-4-R021,sheet-4-R022,sheet-4-R023,sheet-4-R024,sheet-4-R025,sheet-4-R026,sheet-4-R027,sheet-4-R028,sheet-4-R029,sheet-4-R030,sheet-4-R031,sheet-4-R032,sheet-4-R033,sheet-4-R034,sheet-4-R035,sheet-4-R036,sheet-4-R037,sheet-4-R038,sheet-4-R039,sheet-4-R040,sheet-4-R041,sheet-4-R042,sheet-4-R043,sheet-4-R044,sheet-4-R045,sheet-4-R046,sheet-4-R047,sheet-4-R048,sheet-4-R049,sheet-4-R050,sheet-4-R051,sheet-4-R052,sheet-4-R053,sheet-4-R054,sheet-4-R055,sheet-4-R056,sheet-4-R057,sheet-4-R058,sheet-4-R059,sheet-4-R060,sheet-4-R061,sheet-4-R062,sheet-4-R063,sheet-4-R065,sheet-4-R066,sheet-4-R067,sheet-4-R068,sheet-4-R069,sheet-4-R070,sheet-4-R071,sheet-4-R072,sheet-4-R073,sheet-4-R074,sheet-4-R075,sheet-4-R076,sheet-4-R077,sheet-4-R078,sheet-4-R079,sheet-4-R080,sheet-4-R081,sheet-4-R082,sheet-4-R083,sheet-4-R084,sheet-4-R085,sheet-4-R086,sheet-4-R087,sheet-4-R088,sheet-4-R089,sheet-4-R090,sheet-4-R091,sheet-4-R092,sheet-4-R093,sheet-4-R094,sheet-4-R095,sheet-4-R096,sheet-4-R097,sheet-4-R098,sheet-4-R099,sheet-4-R100,sheet-4-R101,sheet-4-R102,sheet-4-R103,sheet-4-R104,sheet-4-R105,sheet-4-R106,sheet-4-R107,sheet-4-R108,sheet-4-R109,sheet-4-R110,sheet-4-R111,sheet-4-R112,sheet-4-R113,sheet-4-R114		{
sheet-4-R065	0516	sheet-4	言語コードに紐づいたトップバナーの情報一覧を取得	機能仕様	89	1195	sheet-4-B012			sheet-4-R007,sheet-4-R008,sheet-4-R009,sheet-4-R010,sheet-4-R011,sheet-4-R012,sheet-4-R013,sheet-4-R014,sheet-4-R015,sheet-4-R016,sheet-4-R017,sheet-4-R018,sheet-4-R019,sheet-4-R020,sheet-4-R021,sheet-4-R022,sheet-4-R023,sheet-4-R024,sheet-4-R025,sheet-4-R026,sheet-4-R027,sheet-4-R028,sheet-4-R029,sheet-4-R030,sheet-4-R031,sheet-4-R032,sheet-4-R033,sheet-4-R034,sheet-4-R035,sheet-4-R036,sheet-4-R037,sheet-4-R038,sheet-4-R039,sheet-4-R040,sheet-4-R041,sheet-4-R042,sheet-4-R043,sheet-4-R044,sheet-4-R045,sheet-4-R046,sheet-4-R047,sheet-4-R048,sheet-4-R049,sheet-4-R050,sheet-4-R051,sheet-4-R052,sheet-4-R053,sheet-4-R054,sheet-4-R055,sheet-4-R056,sheet-4-R057,sheet-4-R058,sheet-4-R059,sheet-4-R060,sheet-4-R061,sheet-4-R062,sheet-4-R063,sheet-4-R064,sheet-4-R066,sheet-4-R067,sheet-4-R068,sheet-4-R069,sheet-4-R070,sheet-4-R071,sheet-4-R072,sheet-4-R073,sheet-4-R074,sheet-4-R075,sheet-4-R076,sheet-4-R077,sheet-4-R078,sheet-4-R079,sheet-4-R080,sheet-4-R081,sheet-4-R082,sheet-4-R083,sheet-4-R084,sheet-4-R085,sheet-4-R086,sheet-4-R087,sheet-4-R088,sheet-4-R089,sheet-4-R090,sheet-4-R091,sheet-4-R092,sheet-4-R093,sheet-4-R094,sheet-4-R095,sheet-4-R096,sheet-4-R097,sheet-4-R098,sheet-4-R099,sheet-4-R100,sheet-4-R101,sheet-4-R102,sheet-4-R103,sheet-4-R104,sheet-4-R105,sheet-4-R106,sheet-4-R107,sheet-4-R108,sheet-4-R109,sheet-4-R110,sheet-4-R111,sheet-4-R112,sheet-4-R113,sheet-4-R114		"""id"": 1,"
sheet-4-R066	0516	sheet-4	言語コードに紐づいたトップバナーの情報一覧を取得	機能仕様	90	1196	sheet-4-B012			sheet-4-R007,sheet-4-R008,sheet-4-R009,sheet-4-R010,sheet-4-R011,sheet-4-R012,sheet-4-R013,sheet-4-R014,sheet-4-R015,sheet-4-R016,sheet-4-R017,sheet-4-R018,sheet-4-R019,sheet-4-R020,sheet-4-R021,sheet-4-R022,sheet-4-R023,sheet-4-R024,sheet-4-R025,sheet-4-R026,sheet-4-R027,sheet-4-R028,sheet-4-R029,sheet-4-R030,sheet-4-R031,sheet-4-R032,sheet-4-R033,sheet-4-R034,sheet-4-R035,sheet-4-R036,sheet-4-R037,sheet-4-R038,sheet-4-R039,sheet-4-R040,sheet-4-R041,sheet-4-R042,sheet-4-R043,sheet-4-R044,sheet-4-R045,sheet-4-R046,sheet-4-R047,sheet-4-R048,sheet-4-R049,sheet-4-R050,sheet-4-R051,sheet-4-R052,sheet-4-R053,sheet-4-R054,sheet-4-R055,sheet-4-R056,sheet-4-R057,sheet-4-R058,sheet-4-R059,sheet-4-R060,sheet-4-R061,sheet-4-R062,sheet-4-R063,sheet-4-R064,sheet-4-R065,sheet-4-R067,sheet-4-R068,sheet-4-R069,sheet-4-R070,sheet-4-R071,sheet-4-R072,sheet-4-R073,sheet-4-R074,sheet-4-R075,sheet-4-R076,sheet-4-R077,sheet-4-R078,sheet-4-R079,sheet-4-R080,sheet-4-R081,sheet-4-R082,sheet-4-R083,sheet-4-R084,sheet-4-R085,sheet-4-R086,sheet-4-R087,sheet-4-R088,sheet-4-R089,sheet-4-R090,sheet-4-R091,sheet-4-R092,sheet-4-R093,sheet-4-R094,sheet-4-R095,sheet-4-R096,sheet-4-R097,sheet-4-R098,sheet-4-R099,sheet-4-R100,sheet-4-R101,sheet-4-R102,sheet-4-R103,sheet-4-R104,sheet-4-R105,sheet-4-R106,sheet-4-R107,sheet-4-R108,sheet-4-R109,sheet-4-R110,sheet-4-R111,sheet-4-R112,sheet-4-R113,sheet-4-R114		"""name_jp"": ""日本語"","
sheet-4-R067	0516	sheet-4	言語コードに紐づいたトップバナーの情報一覧を取得	機能仕様	91	1197	sheet-4-B012			sheet-4-R007,sheet-4-R008,sheet-4-R009,sheet-4-R010,sheet-4-R011,sheet-4-R012,sheet-4-R013,sheet-4-R014,sheet-4-R015,sheet-4-R016,sheet-4-R017,sheet-4-R018,sheet-4-R019,sheet-4-R020,sheet-4-R021,sheet-4-R022,sheet-4-R023,sheet-4-R024,sheet-4-R025,sheet-4-R026,sheet-4-R027,sheet-4-R028,sheet-4-R029,sheet-4-R030,sheet-4-R031,sheet-4-R032,sheet-4-R033,sheet-4-R034,sheet-4-R035,sheet-4-R036,sheet-4-R037,sheet-4-R038,sheet-4-R039,sheet-4-R040,sheet-4-R041,sheet-4-R042,sheet-4-R043,sheet-4-R044,sheet-4-R045,sheet-4-R046,sheet-4-R047,sheet-4-R048,sheet-4-R049,sheet-4-R050,sheet-4-R051,sheet-4-R052,sheet-4-R053,sheet-4-R054,sheet-4-R055,sheet-4-R056,sheet-4-R057,sheet-4-R058,sheet-4-R059,sheet-4-R060,sheet-4-R061,sheet-4-R062,sheet-4-R063,sheet-4-R064,sheet-4-R065,sheet-4-R066,sheet-4-R068,sheet-4-R069,sheet-4-R070,sheet-4-R071,sheet-4-R072,sheet-4-R073,sheet-4-R074,sheet-4-R075,sheet-4-R076,sheet-4-R077,sheet-4-R078,sheet-4-R079,sheet-4-R080,sheet-4-R081,sheet-4-R082,sheet-4-R083,sheet-4-R084,sheet-4-R085,sheet-4-R086,sheet-4-R087,sheet-4-R088,sheet-4-R089,sheet-4-R090,sheet-4-R091,sheet-4-R092,sheet-4-R093,sheet-4-R094,sheet-4-R095,sheet-4-R096,sheet-4-R097,sheet-4-R098,sheet-4-R099,sheet-4-R100,sheet-4-R101,sheet-4-R102,sheet-4-R103,sheet-4-R104,sheet-4-R105,sheet-4-R106,sheet-4-R107,sheet-4-R108,sheet-4-R109,sheet-4-R110,sheet-4-R111,sheet-4-R112,sheet-4-R113,sheet-4-R114		"""name_en"": ""Japanease"","
sheet-4-R068	0516	sheet-4	言語コードに紐づいたトップバナーの情報一覧を取得	機能仕様	92	1198	sheet-4-B012			sheet-4-R007,sheet-4-R008,sheet-4-R009,sheet-4-R010,sheet-4-R011,sheet-4-R012,sheet-4-R013,sheet-4-R014,sheet-4-R015,sheet-4-R016,sheet-4-R017,sheet-4-R018,sheet-4-R019,sheet-4-R020,sheet-4-R021,sheet-4-R022,sheet-4-R023,sheet-4-R024,sheet-4-R025,sheet-4-R026,sheet-4-R027,sheet-4-R028,sheet-4-R029,sheet-4-R030,sheet-4-R031,sheet-4-R032,sheet-4-R033,sheet-4-R034,sheet-4-R035,sheet-4-R036,sheet-4-R037,sheet-4-R038,sheet-4-R039,sheet-4-R040,sheet-4-R041,sheet-4-R042,sheet-4-R043,sheet-4-R044,sheet-4-R045,sheet-4-R046,sheet-4-R047,sheet-4-R048,sheet-4-R049,sheet-4-R050,sheet-4-R051,sheet-4-R052,sheet-4-R053,sheet-4-R054,sheet-4-R055,sheet-4-R056,sheet-4-R057,sheet-4-R058,sheet-4-R059,sheet-4-R060,sheet-4-R061,sheet-4-R062,sheet-4-R063,sheet-4-R064,sheet-4-R065,sheet-4-R066,sheet-4-R067,sheet-4-R069,sheet-4-R070,sheet-4-R071,sheet-4-R072,sheet-4-R073,sheet-4-R074,sheet-4-R075,sheet-4-R076,sheet-4-R077,sheet-4-R078,sheet-4-R079,sheet-4-R080,sheet-4-R081,sheet-4-R082,sheet-4-R083,sheet-4-R084,sheet-4-R085,sheet-4-R086,sheet-4-R087,sheet-4-R088,sheet-4-R089,sheet-4-R090,sheet-4-R091,sheet-4-R092,sheet-4-R093,sheet-4-R094,sheet-4-R095,sheet-4-R096,sheet-4-R097,sheet-4-R098,sheet-4-R099,sheet-4-R100,sheet-4-R101,sheet-4-R102,sheet-4-R103,sheet-4-R104,sheet-4-R105,sheet-4-R106,sheet-4-R107,sheet-4-R108,sheet-4-R109,sheet-4-R110,sheet-4-R111,sheet-4-R112,sheet-4-R113,sheet-4-R114		"""code"": ""JP"""
sheet-4-R069	0516	sheet-4	言語コードに紐づいたトップバナーの情報一覧を取得	機能仕様	93	1199	sheet-4-B012			sheet-4-R007,sheet-4-R008,sheet-4-R009,sheet-4-R010,sheet-4-R011,sheet-4-R012,sheet-4-R013,sheet-4-R014,sheet-4-R015,sheet-4-R016,sheet-4-R017,sheet-4-R018,sheet-4-R019,sheet-4-R020,sheet-4-R021,sheet-4-R022,sheet-4-R023,sheet-4-R024,sheet-4-R025,sheet-4-R026,sheet-4-R027,sheet-4-R028,sheet-4-R029,sheet-4-R030,sheet-4-R031,sheet-4-R032,sheet-4-R033,sheet-4-R034,sheet-4-R035,sheet-4-R036,sheet-4-R037,sheet-4-R038,sheet-4-R039,sheet-4-R040,sheet-4-R041,sheet-4-R042,sheet-4-R043,sheet-4-R044,sheet-4-R045,sheet-4-R046,sheet-4-R047,sheet-4-R048,sheet-4-R049,sheet-4-R050,sheet-4-R051,sheet-4-R052,sheet-4-R053,sheet-4-R054,sheet-4-R055,sheet-4-R056,sheet-4-R057,sheet-4-R058,sheet-4-R059,sheet-4-R060,sheet-4-R061,sheet-4-R062,sheet-4-R063,sheet-4-R064,sheet-4-R065,sheet-4-R066,sheet-4-R067,sheet-4-R068,sheet-4-R070,sheet-4-R071,sheet-4-R072,sheet-4-R073,sheet-4-R074,sheet-4-R075,sheet-4-R076,sheet-4-R077,sheet-4-R078,sheet-4-R079,sheet-4-R080,sheet-4-R081,sheet-4-R082,sheet-4-R083,sheet-4-R084,sheet-4-R085,sheet-4-R086,sheet-4-R087,sheet-4-R088,sheet-4-R089,sheet-4-R090,sheet-4-R091,sheet-4-R092,sheet-4-R093,sheet-4-R094,sheet-4-R095,sheet-4-R096,sheet-4-R097,sheet-4-R098,sheet-4-R099,sheet-4-R100,sheet-4-R101,sheet-4-R102,sheet-4-R103,sheet-4-R104,sheet-4-R105,sheet-4-R106,sheet-4-R107,sheet-4-R108,sheet-4-R109,sheet-4-R110,sheet-4-R111,sheet-4-R112,sheet-4-R113,sheet-4-R114		}
sheet-4-R070	0516	sheet-4	言語コードに紐づいたトップバナーの情報一覧を取得	機能仕様	94	1200	sheet-4-B012			sheet-4-R007,sheet-4-R008,sheet-4-R009,sheet-4-R010,sheet-4-R011,sheet-4-R012,sheet-4-R013,sheet-4-R014,sheet-4-R015,sheet-4-R016,sheet-4-R017,sheet-4-R018,sheet-4-R019,sheet-4-R020,sheet-4-R021,sheet-4-R022,sheet-4-R023,sheet-4-R024,sheet-4-R025,sheet-4-R026,sheet-4-R027,sheet-4-R028,sheet-4-R029,sheet-4-R030,sheet-4-R031,sheet-4-R032,sheet-4-R033,sheet-4-R034,sheet-4-R035,sheet-4-R036,sheet-4-R037,sheet-4-R038,sheet-4-R039,sheet-4-R040,sheet-4-R041,sheet-4-R042,sheet-4-R043,sheet-4-R044,sheet-4-R045,sheet-4-R046,sheet-4-R047,sheet-4-R048,sheet-4-R049,sheet-4-R050,sheet-4-R051,sheet-4-R052,sheet-4-R053,sheet-4-R054,sheet-4-R055,sheet-4-R056,sheet-4-R057,sheet-4-R058,sheet-4-R059,sheet-4-R060,sheet-4-R061,sheet-4-R062,sheet-4-R063,sheet-4-R064,sheet-4-R065,sheet-4-R066,sheet-4-R067,sheet-4-R068,sheet-4-R069,sheet-4-R071,sheet-4-R072,sheet-4-R073,sheet-4-R074,sheet-4-R075,sheet-4-R076,sheet-4-R077,sheet-4-R078,sheet-4-R079,sheet-4-R080,sheet-4-R081,sheet-4-R082,sheet-4-R083,sheet-4-R084,sheet-4-R085,sheet-4-R086,sheet-4-R087,sheet-4-R088,sheet-4-R089,sheet-4-R090,sheet-4-R091,sheet-4-R092,sheet-4-R093,sheet-4-R094,sheet-4-R095,sheet-4-R096,sheet-4-R097,sheet-4-R098,sheet-4-R099,sheet-4-R100,sheet-4-R101,sheet-4-R102,sheet-4-R103,sheet-4-R104,sheet-4-R105,sheet-4-R106,sheet-4-R107,sheet-4-R108,sheet-4-R109,sheet-4-R110,sheet-4-R111,sheet-4-R112,sheet-4-R113,sheet-4-R114		]
sheet-4-R071	0516	sheet-4	言語コードに紐づいたトップバナーの情報一覧を取得	機能仕様	95	1201	sheet-4-B012			sheet-4-R007,sheet-4-R008,sheet-4-R009,sheet-4-R010,sheet-4-R011,sheet-4-R012,sheet-4-R013,sheet-4-R014,sheet-4-R015,sheet-4-R016,sheet-4-R017,sheet-4-R018,sheet-4-R019,sheet-4-R020,sheet-4-R021,sheet-4-R022,sheet-4-R023,sheet-4-R024,sheet-4-R025,sheet-4-R026,sheet-4-R027,sheet-4-R028,sheet-4-R029,sheet-4-R030,sheet-4-R031,sheet-4-R032,sheet-4-R033,sheet-4-R034,sheet-4-R035,sheet-4-R036,sheet-4-R037,sheet-4-R038,sheet-4-R039,sheet-4-R040,sheet-4-R041,sheet-4-R042,sheet-4-R043,sheet-4-R044,sheet-4-R045,sheet-4-R046,sheet-4-R047,sheet-4-R048,sheet-4-R049,sheet-4-R050,sheet-4-R051,sheet-4-R052,sheet-4-R053,sheet-4-R054,sheet-4-R055,sheet-4-R056,sheet-4-R057,sheet-4-R058,sheet-4-R059,sheet-4-R060,sheet-4-R061,sheet-4-R062,sheet-4-R063,sheet-4-R064,sheet-4-R065,sheet-4-R066,sheet-4-R067,sheet-4-R068,sheet-4-R069,sheet-4-R070,sheet-4-R072,sheet-4-R073,sheet-4-R074,sheet-4-R075,sheet-4-R076,sheet-4-R077,sheet-4-R078,sheet-4-R079,sheet-4-R080,sheet-4-R081,sheet-4-R082,sheet-4-R083,sheet-4-R084,sheet-4-R085,sheet-4-R086,sheet-4-R087,sheet-4-R088,sheet-4-R089,sheet-4-R090,sheet-4-R091,sheet-4-R092,sheet-4-R093,sheet-4-R094,sheet-4-R095,sheet-4-R096,sheet-4-R097,sheet-4-R098,sheet-4-R099,sheet-4-R100,sheet-4-R101,sheet-4-R102,sheet-4-R103,sheet-4-R104,sheet-4-R105,sheet-4-R106,sheet-4-R107,sheet-4-R108,sheet-4-R109,sheet-4-R110,sheet-4-R111,sheet-4-R112,sheet-4-R113,sheet-4-R114		},
sheet-4-R072	0516	sheet-4	言語コードに紐づいたトップバナーの情報一覧を取得	機能仕様	96	1202	sheet-4-B012			sheet-4-R007,sheet-4-R008,sheet-4-R009,sheet-4-R010,sheet-4-R011,sheet-4-R012,sheet-4-R013,sheet-4-R014,sheet-4-R015,sheet-4-R016,sheet-4-R017,sheet-4-R018,sheet-4-R019,sheet-4-R020,sheet-4-R021,sheet-4-R022,sheet-4-R023,sheet-4-R024,sheet-4-R025,sheet-4-R026,sheet-4-R027,sheet-4-R028,sheet-4-R029,sheet-4-R030,sheet-4-R031,sheet-4-R032,sheet-4-R033,sheet-4-R034,sheet-4-R035,sheet-4-R036,sheet-4-R037,sheet-4-R038,sheet-4-R039,sheet-4-R040,sheet-4-R041,sheet-4-R042,sheet-4-R043,sheet-4-R044,sheet-4-R045,sheet-4-R046,sheet-4-R047,sheet-4-R048,sheet-4-R049,sheet-4-R050,sheet-4-R051,sheet-4-R052,sheet-4-R053,sheet-4-R054,sheet-4-R055,sheet-4-R056,sheet-4-R057,sheet-4-R058,sheet-4-R059,sheet-4-R060,sheet-4-R061,sheet-4-R062,sheet-4-R063,sheet-4-R064,sheet-4-R065,sheet-4-R066,sheet-4-R067,sheet-4-R068,sheet-4-R069,sheet-4-R070,sheet-4-R071,sheet-4-R073,sheet-4-R074,sheet-4-R075,sheet-4-R076,sheet-4-R077,sheet-4-R078,sheet-4-R079,sheet-4-R080,sheet-4-R081,sheet-4-R082,sheet-4-R083,sheet-4-R084,sheet-4-R085,sheet-4-R086,sheet-4-R087,sheet-4-R088,sheet-4-R089,sheet-4-R090,sheet-4-R091,sheet-4-R092,sheet-4-R093,sheet-4-R094,sheet-4-R095,sheet-4-R096,sheet-4-R097,sheet-4-R098,sheet-4-R099,sheet-4-R100,sheet-4-R101,sheet-4-R102,sheet-4-R103,sheet-4-R104,sheet-4-R105,sheet-4-R106,sheet-4-R107,sheet-4-R108,sheet-4-R109,sheet-4-R110,sheet-4-R111,sheet-4-R112,sheet-4-R113,sheet-4-R114		{
sheet-4-R073	0516	sheet-4	言語コードに紐づいたトップバナーの情報一覧を取得	機能仕様	97	1203	sheet-4-B012			sheet-4-R007,sheet-4-R008,sheet-4-R009,sheet-4-R010,sheet-4-R011,sheet-4-R012,sheet-4-R013,sheet-4-R014,sheet-4-R015,sheet-4-R016,sheet-4-R017,sheet-4-R018,sheet-4-R019,sheet-4-R020,sheet-4-R021,sheet-4-R022,sheet-4-R023,sheet-4-R024,sheet-4-R025,sheet-4-R026,sheet-4-R027,sheet-4-R028,sheet-4-R029,sheet-4-R030,sheet-4-R031,sheet-4-R032,sheet-4-R033,sheet-4-R034,sheet-4-R035,sheet-4-R036,sheet-4-R037,sheet-4-R038,sheet-4-R039,sheet-4-R040,sheet-4-R041,sheet-4-R042,sheet-4-R043,sheet-4-R044,sheet-4-R045,sheet-4-R046,sheet-4-R047,sheet-4-R048,sheet-4-R049,sheet-4-R050,sheet-4-R051,sheet-4-R052,sheet-4-R053,sheet-4-R054,sheet-4-R055,sheet-4-R056,sheet-4-R057,sheet-4-R058,sheet-4-R059,sheet-4-R060,sheet-4-R061,sheet-4-R062,sheet-4-R063,sheet-4-R064,sheet-4-R065,sheet-4-R066,sheet-4-R067,sheet-4-R068,sheet-4-R069,sheet-4-R070,sheet-4-R071,sheet-4-R072,sheet-4-R074,sheet-4-R075,sheet-4-R076,sheet-4-R077,sheet-4-R078,sheet-4-R079,sheet-4-R080,sheet-4-R081,sheet-4-R082,sheet-4-R083,sheet-4-R084,sheet-4-R085,sheet-4-R086,sheet-4-R087,sheet-4-R088,sheet-4-R089,sheet-4-R090,sheet-4-R091,sheet-4-R092,sheet-4-R093,sheet-4-R094,sheet-4-R095,sheet-4-R096,sheet-4-R097,sheet-4-R098,sheet-4-R099,sheet-4-R100,sheet-4-R101,sheet-4-R102,sheet-4-R103,sheet-4-R104,sheet-4-R105,sheet-4-R106,sheet-4-R107,sheet-4-R108,sheet-4-R109,sheet-4-R110,sheet-4-R111,sheet-4-R112,sheet-4-R113,sheet-4-R114		"""id"": 6,"
sheet-4-R074	0516	sheet-4	言語コードに紐づいたトップバナーの情報一覧を取得	機能仕様	98	1204	sheet-4-B012			sheet-4-R007,sheet-4-R008,sheet-4-R009,sheet-4-R010,sheet-4-R011,sheet-4-R012,sheet-4-R013,sheet-4-R014,sheet-4-R015,sheet-4-R016,sheet-4-R017,sheet-4-R018,sheet-4-R019,sheet-4-R020,sheet-4-R021,sheet-4-R022,sheet-4-R023,sheet-4-R024,sheet-4-R025,sheet-4-R026,sheet-4-R027,sheet-4-R028,sheet-4-R029,sheet-4-R030,sheet-4-R031,sheet-4-R032,sheet-4-R033,sheet-4-R034,sheet-4-R035,sheet-4-R036,sheet-4-R037,sheet-4-R038,sheet-4-R039,sheet-4-R040,sheet-4-R041,sheet-4-R042,sheet-4-R043,sheet-4-R044,sheet-4-R045,sheet-4-R046,sheet-4-R047,sheet-4-R048,sheet-4-R049,sheet-4-R050,sheet-4-R051,sheet-4-R052,sheet-4-R053,sheet-4-R054,sheet-4-R055,sheet-4-R056,sheet-4-R057,sheet-4-R058,sheet-4-R059,sheet-4-R060,sheet-4-R061,sheet-4-R062,sheet-4-R063,sheet-4-R064,sheet-4-R065,sheet-4-R066,sheet-4-R067,sheet-4-R068,sheet-4-R069,sheet-4-R070,sheet-4-R071,sheet-4-R072,sheet-4-R073,sheet-4-R075,sheet-4-R076,sheet-4-R077,sheet-4-R078,sheet-4-R079,sheet-4-R080,sheet-4-R081,sheet-4-R082,sheet-4-R083,sheet-4-R084,sheet-4-R085,sheet-4-R086,sheet-4-R087,sheet-4-R088,sheet-4-R089,sheet-4-R090,sheet-4-R091,sheet-4-R092,sheet-4-R093,sheet-4-R094,sheet-4-R095,sheet-4-R096,sheet-4-R097,sheet-4-R098,sheet-4-R099,sheet-4-R100,sheet-4-R101,sheet-4-R102,sheet-4-R103,sheet-4-R104,sheet-4-R105,sheet-4-R106,sheet-4-R107,sheet-4-R108,sheet-4-R109,sheet-4-R110,sheet-4-R111,sheet-4-R112,sheet-4-R113,sheet-4-R114		"""image_url"": ""https://files.hareruyamtg.com/img/usr/new_product_portal/eoe/banner_2507_eoe.webp"","
sheet-4-R075	0516	sheet-4	言語コードに紐づいたトップバナーの情報一覧を取得	機能仕様	99	1205	sheet-4-B012			sheet-4-R007,sheet-4-R008,sheet-4-R009,sheet-4-R010,sheet-4-R011,sheet-4-R012,sheet-4-R013,sheet-4-R014,sheet-4-R015,sheet-4-R016,sheet-4-R017,sheet-4-R018,sheet-4-R019,sheet-4-R020,sheet-4-R021,sheet-4-R022,sheet-4-R023,sheet-4-R024,sheet-4-R025,sheet-4-R026,sheet-4-R027,sheet-4-R028,sheet-4-R029,sheet-4-R030,sheet-4-R031,sheet-4-R032,sheet-4-R033,sheet-4-R034,sheet-4-R035,sheet-4-R036,sheet-4-R037,sheet-4-R038,sheet-4-R039,sheet-4-R040,sheet-4-R041,sheet-4-R042,sheet-4-R043,sheet-4-R044,sheet-4-R045,sheet-4-R046,sheet-4-R047,sheet-4-R048,sheet-4-R049,sheet-4-R050,sheet-4-R051,sheet-4-R052,sheet-4-R053,sheet-4-R054,sheet-4-R055,sheet-4-R056,sheet-4-R057,sheet-4-R058,sheet-4-R059,sheet-4-R060,sheet-4-R061,sheet-4-R062,sheet-4-R063,sheet-4-R064,sheet-4-R065,sheet-4-R066,sheet-4-R067,sheet-4-R068,sheet-4-R069,sheet-4-R070,sheet-4-R071,sheet-4-R072,sheet-4-R073,sheet-4-R074,sheet-4-R076,sheet-4-R077,sheet-4-R078,sheet-4-R079,sheet-4-R080,sheet-4-R081,sheet-4-R082,sheet-4-R083,sheet-4-R084,sheet-4-R085,sheet-4-R086,sheet-4-R087,sheet-4-R088,sheet-4-R089,sheet-4-R090,sheet-4-R091,sheet-4-R092,sheet-4-R093,sheet-4-R094,sheet-4-R095,sheet-4-R096,sheet-4-R097,sheet-4-R098,sheet-4-R099,sheet-4-R100,sheet-4-R101,sheet-4-R102,sheet-4-R103,sheet-4-R104,sheet-4-R105,sheet-4-R106,sheet-4-R107,sheet-4-R108,sheet-4-R109,sheet-4-R110,sheet-4-R111,sheet-4-R112,sheet-4-R113,sheet-4-R114		"""link"": ""https://www.hareruyamtg.com/ja/user_data/lp_edge_of_eternities"","
sheet-4-R076	0516	sheet-4	言語コードに紐づいたトップバナーの情報一覧を取得	機能仕様	100	1206	sheet-4-B012			sheet-4-R007,sheet-4-R008,sheet-4-R009,sheet-4-R010,sheet-4-R011,sheet-4-R012,sheet-4-R013,sheet-4-R014,sheet-4-R015,sheet-4-R016,sheet-4-R017,sheet-4-R018,sheet-4-R019,sheet-4-R020,sheet-4-R021,sheet-4-R022,sheet-4-R023,sheet-4-R024,sheet-4-R025,sheet-4-R026,sheet-4-R027,sheet-4-R028,sheet-4-R029,sheet-4-R030,sheet-4-R031,sheet-4-R032,sheet-4-R033,sheet-4-R034,sheet-4-R035,sheet-4-R036,sheet-4-R037,sheet-4-R038,sheet-4-R039,sheet-4-R040,sheet-4-R041,sheet-4-R042,sheet-4-R043,sheet-4-R044,sheet-4-R045,sheet-4-R046,sheet-4-R047,sheet-4-R048,sheet-4-R049,sheet-4-R050,sheet-4-R051,sheet-4-R052,sheet-4-R053,sheet-4-R054,sheet-4-R055,sheet-4-R056,sheet-4-R057,sheet-4-R058,sheet-4-R059,sheet-4-R060,sheet-4-R061,sheet-4-R062,sheet-4-R063,sheet-4-R064,sheet-4-R065,sheet-4-R066,sheet-4-R067,sheet-4-R068,sheet-4-R069,sheet-4-R070,sheet-4-R071,sheet-4-R072,sheet-4-R073,sheet-4-R074,sheet-4-R075,sheet-4-R077,sheet-4-R078,sheet-4-R079,sheet-4-R080,sheet-4-R081,sheet-4-R082,sheet-4-R083,sheet-4-R084,sheet-4-R085,sheet-4-R086,sheet-4-R087,sheet-4-R088,sheet-4-R089,sheet-4-R090,sheet-4-R091,sheet-4-R092,sheet-4-R093,sheet-4-R094,sheet-4-R095,sheet-4-R096,sheet-4-R097,sheet-4-R098,sheet-4-R099,sheet-4-R100,sheet-4-R101,sheet-4-R102,sheet-4-R103,sheet-4-R104,sheet-4-R105,sheet-4-R106,sheet-4-R107,sheet-4-R108,sheet-4-R109,sheet-4-R110,sheet-4-R111,sheet-4-R112,sheet-4-R113,sheet-4-R114		"""disp_type"": 1,"
sheet-4-R077	0516	sheet-4	言語コードに紐づいたトップバナーの情報一覧を取得	機能仕様	101	1207	sheet-4-B012			sheet-4-R007,sheet-4-R008,sheet-4-R009,sheet-4-R010,sheet-4-R011,sheet-4-R012,sheet-4-R013,sheet-4-R014,sheet-4-R015,sheet-4-R016,sheet-4-R017,sheet-4-R018,sheet-4-R019,sheet-4-R020,sheet-4-R021,sheet-4-R022,sheet-4-R023,sheet-4-R024,sheet-4-R025,sheet-4-R026,sheet-4-R027,sheet-4-R028,sheet-4-R029,sheet-4-R030,sheet-4-R031,sheet-4-R032,sheet-4-R033,sheet-4-R034,sheet-4-R035,sheet-4-R036,sheet-4-R037,sheet-4-R038,sheet-4-R039,sheet-4-R040,sheet-4-R041,sheet-4-R042,sheet-4-R043,sheet-4-R044,sheet-4-R045,sheet-4-R046,sheet-4-R047,sheet-4-R048,sheet-4-R049,sheet-4-R050,sheet-4-R051,sheet-4-R052,sheet-4-R053,sheet-4-R054,sheet-4-R055,sheet-4-R056,sheet-4-R057,sheet-4-R058,sheet-4-R059,sheet-4-R060,sheet-4-R061,sheet-4-R062,sheet-4-R063,sheet-4-R064,sheet-4-R065,sheet-4-R066,sheet-4-R067,sheet-4-R068,sheet-4-R069,sheet-4-R070,sheet-4-R071,sheet-4-R072,sheet-4-R073,sheet-4-R074,sheet-4-R075,sheet-4-R076,sheet-4-R078,sheet-4-R079,sheet-4-R080,sheet-4-R081,sheet-4-R082,sheet-4-R083,sheet-4-R084,sheet-4-R085,sheet-4-R086,sheet-4-R087,sheet-4-R088,sheet-4-R089,sheet-4-R090,sheet-4-R091,sheet-4-R092,sheet-4-R093,sheet-4-R094,sheet-4-R095,sheet-4-R096,sheet-4-R097,sheet-4-R098,sheet-4-R099,sheet-4-R100,sheet-4-R101,sheet-4-R102,sheet-4-R103,sheet-4-R104,sheet-4-R105,sheet-4-R106,sheet-4-R107,sheet-4-R108,sheet-4-R109,sheet-4-R110,sheet-4-R111,sheet-4-R112,sheet-4-R113,sheet-4-R114		"""languages"": ["
sheet-4-R078	0516	sheet-4	言語コードに紐づいたトップバナーの情報一覧を取得	機能仕様	102	1208	sheet-4-B012			sheet-4-R007,sheet-4-R008,sheet-4-R009,sheet-4-R010,sheet-4-R011,sheet-4-R012,sheet-4-R013,sheet-4-R014,sheet-4-R015,sheet-4-R016,sheet-4-R017,sheet-4-R018,sheet-4-R019,sheet-4-R020,sheet-4-R021,sheet-4-R022,sheet-4-R023,sheet-4-R024,sheet-4-R025,sheet-4-R026,sheet-4-R027,sheet-4-R028,sheet-4-R029,sheet-4-R030,sheet-4-R031,sheet-4-R032,sheet-4-R033,sheet-4-R034,sheet-4-R035,sheet-4-R036,sheet-4-R037,sheet-4-R038,sheet-4-R039,sheet-4-R040,sheet-4-R041,sheet-4-R042,sheet-4-R043,sheet-4-R044,sheet-4-R045,sheet-4-R046,sheet-4-R047,sheet-4-R048,sheet-4-R049,sheet-4-R050,sheet-4-R051,sheet-4-R052,sheet-4-R053,sheet-4-R054,sheet-4-R055,sheet-4-R056,sheet-4-R057,sheet-4-R058,sheet-4-R059,sheet-4-R060,sheet-4-R061,sheet-4-R062,sheet-4-R063,sheet-4-R064,sheet-4-R065,sheet-4-R066,sheet-4-R067,sheet-4-R068,sheet-4-R069,sheet-4-R070,sheet-4-R071,sheet-4-R072,sheet-4-R073,sheet-4-R074,sheet-4-R075,sheet-4-R076,sheet-4-R077,sheet-4-R079,sheet-4-R080,sheet-4-R081,sheet-4-R082,sheet-4-R083,sheet-4-R084,sheet-4-R085,sheet-4-R086,sheet-4-R087,sheet-4-R088,sheet-4-R089,sheet-4-R090,sheet-4-R091,sheet-4-R092,sheet-4-R093,sheet-4-R094,sheet-4-R095,sheet-4-R096,sheet-4-R097,sheet-4-R098,sheet-4-R099,sheet-4-R100,sheet-4-R101,sheet-4-R102,sheet-4-R103,sheet-4-R104,sheet-4-R105,sheet-4-R106,sheet-4-R107,sheet-4-R108,sheet-4-R109,sheet-4-R110,sheet-4-R111,sheet-4-R112,sheet-4-R113,sheet-4-R114		{
sheet-4-R079	0516	sheet-4	言語コードに紐づいたトップバナーの情報一覧を取得	機能仕様	103	1209	sheet-4-B012			sheet-4-R007,sheet-4-R008,sheet-4-R009,sheet-4-R010,sheet-4-R011,sheet-4-R012,sheet-4-R013,sheet-4-R014,sheet-4-R015,sheet-4-R016,sheet-4-R017,sheet-4-R018,sheet-4-R019,sheet-4-R020,sheet-4-R021,sheet-4-R022,sheet-4-R023,sheet-4-R024,sheet-4-R025,sheet-4-R026,sheet-4-R027,sheet-4-R028,sheet-4-R029,sheet-4-R030,sheet-4-R031,sheet-4-R032,sheet-4-R033,sheet-4-R034,sheet-4-R035,sheet-4-R036,sheet-4-R037,sheet-4-R038,sheet-4-R039,sheet-4-R040,sheet-4-R041,sheet-4-R042,sheet-4-R043,sheet-4-R044,sheet-4-R045,sheet-4-R046,sheet-4-R047,sheet-4-R048,sheet-4-R049,sheet-4-R050,sheet-4-R051,sheet-4-R052,sheet-4-R053,sheet-4-R054,sheet-4-R055,sheet-4-R056,sheet-4-R057,sheet-4-R058,sheet-4-R059,sheet-4-R060,sheet-4-R061,sheet-4-R062,sheet-4-R063,sheet-4-R064,sheet-4-R065,sheet-4-R066,sheet-4-R067,sheet-4-R068,sheet-4-R069,sheet-4-R070,sheet-4-R071,sheet-4-R072,sheet-4-R073,sheet-4-R074,sheet-4-R075,sheet-4-R076,sheet-4-R077,sheet-4-R078,sheet-4-R080,sheet-4-R081,sheet-4-R082,sheet-4-R083,sheet-4-R084,sheet-4-R085,sheet-4-R086,sheet-4-R087,sheet-4-R088,sheet-4-R089,sheet-4-R090,sheet-4-R091,sheet-4-R092,sheet-4-R093,sheet-4-R094,sheet-4-R095,sheet-4-R096,sheet-4-R097,sheet-4-R098,sheet-4-R099,sheet-4-R100,sheet-4-R101,sheet-4-R102,sheet-4-R103,sheet-4-R104,sheet-4-R105,sheet-4-R106,sheet-4-R107,sheet-4-R108,sheet-4-R109,sheet-4-R110,sheet-4-R111,sheet-4-R112,sheet-4-R113,sheet-4-R114		"""id"": 1,"
sheet-4-R080	0516	sheet-4	言語コードに紐づいたトップバナーの情報一覧を取得	機能仕様	104	1210	sheet-4-B012			sheet-4-R007,sheet-4-R008,sheet-4-R009,sheet-4-R010,sheet-4-R011,sheet-4-R012,sheet-4-R013,sheet-4-R014,sheet-4-R015,sheet-4-R016,sheet-4-R017,sheet-4-R018,sheet-4-R019,sheet-4-R020,sheet-4-R021,sheet-4-R022,sheet-4-R023,sheet-4-R024,sheet-4-R025,sheet-4-R026,sheet-4-R027,sheet-4-R028,sheet-4-R029,sheet-4-R030,sheet-4-R031,sheet-4-R032,sheet-4-R033,sheet-4-R034,sheet-4-R035,sheet-4-R036,sheet-4-R037,sheet-4-R038,sheet-4-R039,sheet-4-R040,sheet-4-R041,sheet-4-R042,sheet-4-R043,sheet-4-R044,sheet-4-R045,sheet-4-R046,sheet-4-R047,sheet-4-R048,sheet-4-R049,sheet-4-R050,sheet-4-R051,sheet-4-R052,sheet-4-R053,sheet-4-R054,sheet-4-R055,sheet-4-R056,sheet-4-R057,sheet-4-R058,sheet-4-R059,sheet-4-R060,sheet-4-R061,sheet-4-R062,sheet-4-R063,sheet-4-R064,sheet-4-R065,sheet-4-R066,sheet-4-R067,sheet-4-R068,sheet-4-R069,sheet-4-R070,sheet-4-R071,sheet-4-R072,sheet-4-R073,sheet-4-R074,sheet-4-R075,sheet-4-R076,sheet-4-R077,sheet-4-R078,sheet-4-R079,sheet-4-R081,sheet-4-R082,sheet-4-R083,sheet-4-R084,sheet-4-R085,sheet-4-R086,sheet-4-R087,sheet-4-R088,sheet-4-R089,sheet-4-R090,sheet-4-R091,sheet-4-R092,sheet-4-R093,sheet-4-R094,sheet-4-R095,sheet-4-R096,sheet-4-R097,sheet-4-R098,sheet-4-R099,sheet-4-R100,sheet-4-R101,sheet-4-R102,sheet-4-R103,sheet-4-R104,sheet-4-R105,sheet-4-R106,sheet-4-R107,sheet-4-R108,sheet-4-R109,sheet-4-R110,sheet-4-R111,sheet-4-R112,sheet-4-R113,sheet-4-R114		"""name_jp"": ""日本語"","
sheet-4-R081	0516	sheet-4	言語コードに紐づいたトップバナーの情報一覧を取得	機能仕様	105	1211	sheet-4-B012			sheet-4-R007,sheet-4-R008,sheet-4-R009,sheet-4-R010,sheet-4-R011,sheet-4-R012,sheet-4-R013,sheet-4-R014,sheet-4-R015,sheet-4-R016,sheet-4-R017,sheet-4-R018,sheet-4-R019,sheet-4-R020,sheet-4-R021,sheet-4-R022,sheet-4-R023,sheet-4-R024,sheet-4-R025,sheet-4-R026,sheet-4-R027,sheet-4-R028,sheet-4-R029,sheet-4-R030,sheet-4-R031,sheet-4-R032,sheet-4-R033,sheet-4-R034,sheet-4-R035,sheet-4-R036,sheet-4-R037,sheet-4-R038,sheet-4-R039,sheet-4-R040,sheet-4-R041,sheet-4-R042,sheet-4-R043,sheet-4-R044,sheet-4-R045,sheet-4-R046,sheet-4-R047,sheet-4-R048,sheet-4-R049,sheet-4-R050,sheet-4-R051,sheet-4-R052,sheet-4-R053,sheet-4-R054,sheet-4-R055,sheet-4-R056,sheet-4-R057,sheet-4-R058,sheet-4-R059,sheet-4-R060,sheet-4-R061,sheet-4-R062,sheet-4-R063,sheet-4-R064,sheet-4-R065,sheet-4-R066,sheet-4-R067,sheet-4-R068,sheet-4-R069,sheet-4-R070,sheet-4-R071,sheet-4-R072,sheet-4-R073,sheet-4-R074,sheet-4-R075,sheet-4-R076,sheet-4-R077,sheet-4-R078,sheet-4-R079,sheet-4-R080,sheet-4-R082,sheet-4-R083,sheet-4-R084,sheet-4-R085,sheet-4-R086,sheet-4-R087,sheet-4-R088,sheet-4-R089,sheet-4-R090,sheet-4-R091,sheet-4-R092,sheet-4-R093,sheet-4-R094,sheet-4-R095,sheet-4-R096,sheet-4-R097,sheet-4-R098,sheet-4-R099,sheet-4-R100,sheet-4-R101,sheet-4-R102,sheet-4-R103,sheet-4-R104,sheet-4-R105,sheet-4-R106,sheet-4-R107,sheet-4-R108,sheet-4-R109,sheet-4-R110,sheet-4-R111,sheet-4-R112,sheet-4-R113,sheet-4-R114		"""name_en"": ""Japanease"","
sheet-4-R082	0516	sheet-4	言語コードに紐づいたトップバナーの情報一覧を取得	機能仕様	106	1212	sheet-4-B012			sheet-4-R007,sheet-4-R008,sheet-4-R009,sheet-4-R010,sheet-4-R011,sheet-4-R012,sheet-4-R013,sheet-4-R014,sheet-4-R015,sheet-4-R016,sheet-4-R017,sheet-4-R018,sheet-4-R019,sheet-4-R020,sheet-4-R021,sheet-4-R022,sheet-4-R023,sheet-4-R024,sheet-4-R025,sheet-4-R026,sheet-4-R027,sheet-4-R028,sheet-4-R029,sheet-4-R030,sheet-4-R031,sheet-4-R032,sheet-4-R033,sheet-4-R034,sheet-4-R035,sheet-4-R036,sheet-4-R037,sheet-4-R038,sheet-4-R039,sheet-4-R040,sheet-4-R041,sheet-4-R042,sheet-4-R043,sheet-4-R044,sheet-4-R045,sheet-4-R046,sheet-4-R047,sheet-4-R048,sheet-4-R049,sheet-4-R050,sheet-4-R051,sheet-4-R052,sheet-4-R053,sheet-4-R054,sheet-4-R055,sheet-4-R056,sheet-4-R057,sheet-4-R058,sheet-4-R059,sheet-4-R060,sheet-4-R061,sheet-4-R062,sheet-4-R063,sheet-4-R064,sheet-4-R065,sheet-4-R066,sheet-4-R067,sheet-4-R068,sheet-4-R069,sheet-4-R070,sheet-4-R071,sheet-4-R072,sheet-4-R073,sheet-4-R074,sheet-4-R075,sheet-4-R076,sheet-4-R077,sheet-4-R078,sheet-4-R079,sheet-4-R080,sheet-4-R081,sheet-4-R083,sheet-4-R084,sheet-4-R085,sheet-4-R086,sheet-4-R087,sheet-4-R088,sheet-4-R089,sheet-4-R090,sheet-4-R091,sheet-4-R092,sheet-4-R093,sheet-4-R094,sheet-4-R095,sheet-4-R096,sheet-4-R097,sheet-4-R098,sheet-4-R099,sheet-4-R100,sheet-4-R101,sheet-4-R102,sheet-4-R103,sheet-4-R104,sheet-4-R105,sheet-4-R106,sheet-4-R107,sheet-4-R108,sheet-4-R109,sheet-4-R110,sheet-4-R111,sheet-4-R112,sheet-4-R113,sheet-4-R114		"""code"": ""JP"""
sheet-4-R083	0516	sheet-4	言語コードに紐づいたトップバナーの情報一覧を取得	機能仕様	107	1213	sheet-4-B012			sheet-4-R007,sheet-4-R008,sheet-4-R009,sheet-4-R010,sheet-4-R011,sheet-4-R012,sheet-4-R013,sheet-4-R014,sheet-4-R015,sheet-4-R016,sheet-4-R017,sheet-4-R018,sheet-4-R019,sheet-4-R020,sheet-4-R021,sheet-4-R022,sheet-4-R023,sheet-4-R024,sheet-4-R025,sheet-4-R026,sheet-4-R027,sheet-4-R028,sheet-4-R029,sheet-4-R030,sheet-4-R031,sheet-4-R032,sheet-4-R033,sheet-4-R034,sheet-4-R035,sheet-4-R036,sheet-4-R037,sheet-4-R038,sheet-4-R039,sheet-4-R040,sheet-4-R041,sheet-4-R042,sheet-4-R043,sheet-4-R044,sheet-4-R045,sheet-4-R046,sheet-4-R047,sheet-4-R048,sheet-4-R049,sheet-4-R050,sheet-4-R051,sheet-4-R052,sheet-4-R053,sheet-4-R054,sheet-4-R055,sheet-4-R056,sheet-4-R057,sheet-4-R058,sheet-4-R059,sheet-4-R060,sheet-4-R061,sheet-4-R062,sheet-4-R063,sheet-4-R064,sheet-4-R065,sheet-4-R066,sheet-4-R067,sheet-4-R068,sheet-4-R069,sheet-4-R070,sheet-4-R071,sheet-4-R072,sheet-4-R073,sheet-4-R074,sheet-4-R075,sheet-4-R076,sheet-4-R077,sheet-4-R078,sheet-4-R079,sheet-4-R080,sheet-4-R081,sheet-4-R082,sheet-4-R084,sheet-4-R085,sheet-4-R086,sheet-4-R087,sheet-4-R088,sheet-4-R089,sheet-4-R090,sheet-4-R091,sheet-4-R092,sheet-4-R093,sheet-4-R094,sheet-4-R095,sheet-4-R096,sheet-4-R097,sheet-4-R098,sheet-4-R099,sheet-4-R100,sheet-4-R101,sheet-4-R102,sheet-4-R103,sheet-4-R104,sheet-4-R105,sheet-4-R106,sheet-4-R107,sheet-4-R108,sheet-4-R109,sheet-4-R110,sheet-4-R111,sheet-4-R112,sheet-4-R113,sheet-4-R114		}
sheet-4-R084	0516	sheet-4	言語コードに紐づいたトップバナーの情報一覧を取得	機能仕様	108	1214	sheet-4-B012			sheet-4-R007,sheet-4-R008,sheet-4-R009,sheet-4-R010,sheet-4-R011,sheet-4-R012,sheet-4-R013,sheet-4-R014,sheet-4-R015,sheet-4-R016,sheet-4-R017,sheet-4-R018,sheet-4-R019,sheet-4-R020,sheet-4-R021,sheet-4-R022,sheet-4-R023,sheet-4-R024,sheet-4-R025,sheet-4-R026,sheet-4-R027,sheet-4-R028,sheet-4-R029,sheet-4-R030,sheet-4-R031,sheet-4-R032,sheet-4-R033,sheet-4-R034,sheet-4-R035,sheet-4-R036,sheet-4-R037,sheet-4-R038,sheet-4-R039,sheet-4-R040,sheet-4-R041,sheet-4-R042,sheet-4-R043,sheet-4-R044,sheet-4-R045,sheet-4-R046,sheet-4-R047,sheet-4-R048,sheet-4-R049,sheet-4-R050,sheet-4-R051,sheet-4-R052,sheet-4-R053,sheet-4-R054,sheet-4-R055,sheet-4-R056,sheet-4-R057,sheet-4-R058,sheet-4-R059,sheet-4-R060,sheet-4-R061,sheet-4-R062,sheet-4-R063,sheet-4-R064,sheet-4-R065,sheet-4-R066,sheet-4-R067,sheet-4-R068,sheet-4-R069,sheet-4-R070,sheet-4-R071,sheet-4-R072,sheet-4-R073,sheet-4-R074,sheet-4-R075,sheet-4-R076,sheet-4-R077,sheet-4-R078,sheet-4-R079,sheet-4-R080,sheet-4-R081,sheet-4-R082,sheet-4-R083,sheet-4-R085,sheet-4-R086,sheet-4-R087,sheet-4-R088,sheet-4-R089,sheet-4-R090,sheet-4-R091,sheet-4-R092,sheet-4-R093,sheet-4-R094,sheet-4-R095,sheet-4-R096,sheet-4-R097,sheet-4-R098,sheet-4-R099,sheet-4-R100,sheet-4-R101,sheet-4-R102,sheet-4-R103,sheet-4-R104,sheet-4-R105,sheet-4-R106,sheet-4-R107,sheet-4-R108,sheet-4-R109,sheet-4-R110,sheet-4-R111,sheet-4-R112,sheet-4-R113,sheet-4-R114		]
sheet-4-R085	0516	sheet-4	言語コードに紐づいたトップバナーの情報一覧を取得	機能仕様	109	1215	sheet-4-B012			sheet-4-R007,sheet-4-R008,sheet-4-R009,sheet-4-R010,sheet-4-R011,sheet-4-R012,sheet-4-R013,sheet-4-R014,sheet-4-R015,sheet-4-R016,sheet-4-R017,sheet-4-R018,sheet-4-R019,sheet-4-R020,sheet-4-R021,sheet-4-R022,sheet-4-R023,sheet-4-R024,sheet-4-R025,sheet-4-R026,sheet-4-R027,sheet-4-R028,sheet-4-R029,sheet-4-R030,sheet-4-R031,sheet-4-R032,sheet-4-R033,sheet-4-R034,sheet-4-R035,sheet-4-R036,sheet-4-R037,sheet-4-R038,sheet-4-R039,sheet-4-R040,sheet-4-R041,sheet-4-R042,sheet-4-R043,sheet-4-R044,sheet-4-R045,sheet-4-R046,sheet-4-R047,sheet-4-R048,sheet-4-R049,sheet-4-R050,sheet-4-R051,sheet-4-R052,sheet-4-R053,sheet-4-R054,sheet-4-R055,sheet-4-R056,sheet-4-R057,sheet-4-R058,sheet-4-R059,sheet-4-R060,sheet-4-R061,sheet-4-R062,sheet-4-R063,sheet-4-R064,sheet-4-R065,sheet-4-R066,sheet-4-R067,sheet-4-R068,sheet-4-R069,sheet-4-R070,sheet-4-R071,sheet-4-R072,sheet-4-R073,sheet-4-R074,sheet-4-R075,sheet-4-R076,sheet-4-R077,sheet-4-R078,sheet-4-R079,sheet-4-R080,sheet-4-R081,sheet-4-R082,sheet-4-R083,sheet-4-R084,sheet-4-R086,sheet-4-R087,sheet-4-R088,sheet-4-R089,sheet-4-R090,sheet-4-R091,sheet-4-R092,sheet-4-R093,sheet-4-R094,sheet-4-R095,sheet-4-R096,sheet-4-R097,sheet-4-R098,sheet-4-R099,sheet-4-R100,sheet-4-R101,sheet-4-R102,sheet-4-R103,sheet-4-R104,sheet-4-R105,sheet-4-R106,sheet-4-R107,sheet-4-R108,sheet-4-R109,sheet-4-R110,sheet-4-R111,sheet-4-R112,sheet-4-R113,sheet-4-R114		},
sheet-4-R086	0516	sheet-4	言語コードに紐づいたトップバナーの情報一覧を取得	機能仕様	110	1216	sheet-4-B012			sheet-4-R007,sheet-4-R008,sheet-4-R009,sheet-4-R010,sheet-4-R011,sheet-4-R012,sheet-4-R013,sheet-4-R014,sheet-4-R015,sheet-4-R016,sheet-4-R017,sheet-4-R018,sheet-4-R019,sheet-4-R020,sheet-4-R021,sheet-4-R022,sheet-4-R023,sheet-4-R024,sheet-4-R025,sheet-4-R026,sheet-4-R027,sheet-4-R028,sheet-4-R029,sheet-4-R030,sheet-4-R031,sheet-4-R032,sheet-4-R033,sheet-4-R034,sheet-4-R035,sheet-4-R036,sheet-4-R037,sheet-4-R038,sheet-4-R039,sheet-4-R040,sheet-4-R041,sheet-4-R042,sheet-4-R043,sheet-4-R044,sheet-4-R045,sheet-4-R046,sheet-4-R047,sheet-4-R048,sheet-4-R049,sheet-4-R050,sheet-4-R051,sheet-4-R052,sheet-4-R053,sheet-4-R054,sheet-4-R055,sheet-4-R056,sheet-4-R057,sheet-4-R058,sheet-4-R059,sheet-4-R060,sheet-4-R061,sheet-4-R062,sheet-4-R063,sheet-4-R064,sheet-4-R065,sheet-4-R066,sheet-4-R067,sheet-4-R068,sheet-4-R069,sheet-4-R070,sheet-4-R071,sheet-4-R072,sheet-4-R073,sheet-4-R074,sheet-4-R075,sheet-4-R076,sheet-4-R077,sheet-4-R078,sheet-4-R079,sheet-4-R080,sheet-4-R081,sheet-4-R082,sheet-4-R083,sheet-4-R084,sheet-4-R085,sheet-4-R087,sheet-4-R088,sheet-4-R089,sheet-4-R090,sheet-4-R091,sheet-4-R092,sheet-4-R093,sheet-4-R094,sheet-4-R095,sheet-4-R096,sheet-4-R097,sheet-4-R098,sheet-4-R099,sheet-4-R100,sheet-4-R101,sheet-4-R102,sheet-4-R103,sheet-4-R104,sheet-4-R105,sheet-4-R106,sheet-4-R107,sheet-4-R108,sheet-4-R109,sheet-4-R110,sheet-4-R111,sheet-4-R112,sheet-4-R113,sheet-4-R114		{
sheet-4-R087	0516	sheet-4	言語コードに紐づいたトップバナーの情報一覧を取得	機能仕様	111	1217	sheet-4-B012			sheet-4-R007,sheet-4-R008,sheet-4-R009,sheet-4-R010,sheet-4-R011,sheet-4-R012,sheet-4-R013,sheet-4-R014,sheet-4-R015,sheet-4-R016,sheet-4-R017,sheet-4-R018,sheet-4-R019,sheet-4-R020,sheet-4-R021,sheet-4-R022,sheet-4-R023,sheet-4-R024,sheet-4-R025,sheet-4-R026,sheet-4-R027,sheet-4-R028,sheet-4-R029,sheet-4-R030,sheet-4-R031,sheet-4-R032,sheet-4-R033,sheet-4-R034,sheet-4-R035,sheet-4-R036,sheet-4-R037,sheet-4-R038,sheet-4-R039,sheet-4-R040,sheet-4-R041,sheet-4-R042,sheet-4-R043,sheet-4-R044,sheet-4-R045,sheet-4-R046,sheet-4-R047,sheet-4-R048,sheet-4-R049,sheet-4-R050,sheet-4-R051,sheet-4-R052,sheet-4-R053,sheet-4-R054,sheet-4-R055,sheet-4-R056,sheet-4-R057,sheet-4-R058,sheet-4-R059,sheet-4-R060,sheet-4-R061,sheet-4-R062,sheet-4-R063,sheet-4-R064,sheet-4-R065,sheet-4-R066,sheet-4-R067,sheet-4-R068,sheet-4-R069,sheet-4-R070,sheet-4-R071,sheet-4-R072,sheet-4-R073,sheet-4-R074,sheet-4-R075,sheet-4-R076,sheet-4-R077,sheet-4-R078,sheet-4-R079,sheet-4-R080,sheet-4-R081,sheet-4-R082,sheet-4-R083,sheet-4-R084,sheet-4-R085,sheet-4-R086,sheet-4-R088,sheet-4-R089,sheet-4-R090,sheet-4-R091,sheet-4-R092,sheet-4-R093,sheet-4-R094,sheet-4-R095,sheet-4-R096,sheet-4-R097,sheet-4-R098,sheet-4-R099,sheet-4-R100,sheet-4-R101,sheet-4-R102,sheet-4-R103,sheet-4-R104,sheet-4-R105,sheet-4-R106,sheet-4-R107,sheet-4-R108,sheet-4-R109,sheet-4-R110,sheet-4-R111,sheet-4-R112,sheet-4-R113,sheet-4-R114		"""id"": 7,"
sheet-4-R088	0516	sheet-4	言語コードに紐づいたトップバナーの情報一覧を取得	機能仕様	112	1218	sheet-4-B012			sheet-4-R007,sheet-4-R008,sheet-4-R009,sheet-4-R010,sheet-4-R011,sheet-4-R012,sheet-4-R013,sheet-4-R014,sheet-4-R015,sheet-4-R016,sheet-4-R017,sheet-4-R018,sheet-4-R019,sheet-4-R020,sheet-4-R021,sheet-4-R022,sheet-4-R023,sheet-4-R024,sheet-4-R025,sheet-4-R026,sheet-4-R027,sheet-4-R028,sheet-4-R029,sheet-4-R030,sheet-4-R031,sheet-4-R032,sheet-4-R033,sheet-4-R034,sheet-4-R035,sheet-4-R036,sheet-4-R037,sheet-4-R038,sheet-4-R039,sheet-4-R040,sheet-4-R041,sheet-4-R042,sheet-4-R043,sheet-4-R044,sheet-4-R045,sheet-4-R046,sheet-4-R047,sheet-4-R048,sheet-4-R049,sheet-4-R050,sheet-4-R051,sheet-4-R052,sheet-4-R053,sheet-4-R054,sheet-4-R055,sheet-4-R056,sheet-4-R057,sheet-4-R058,sheet-4-R059,sheet-4-R060,sheet-4-R061,sheet-4-R062,sheet-4-R063,sheet-4-R064,sheet-4-R065,sheet-4-R066,sheet-4-R067,sheet-4-R068,sheet-4-R069,sheet-4-R070,sheet-4-R071,sheet-4-R072,sheet-4-R073,sheet-4-R074,sheet-4-R075,sheet-4-R076,sheet-4-R077,sheet-4-R078,sheet-4-R079,sheet-4-R080,sheet-4-R081,sheet-4-R082,sheet-4-R083,sheet-4-R084,sheet-4-R085,sheet-4-R086,sheet-4-R087,sheet-4-R089,sheet-4-R090,sheet-4-R091,sheet-4-R092,sheet-4-R093,sheet-4-R094,sheet-4-R095,sheet-4-R096,sheet-4-R097,sheet-4-R098,sheet-4-R099,sheet-4-R100,sheet-4-R101,sheet-4-R102,sheet-4-R103,sheet-4-R104,sheet-4-R105,sheet-4-R106,sheet-4-R107,sheet-4-R108,sheet-4-R109,sheet-4-R110,sheet-4-R111,sheet-4-R112,sheet-4-R113,sheet-4-R114		"""image_url"": ""https://files.hareruyamtg.com/img/usr/new_product_portal/fin/banner_2507_mtg_x_FF_Nowonsale_JP.webp"","
sheet-4-R089	0516	sheet-4	言語コードに紐づいたトップバナーの情報一覧を取得	機能仕様	113	1219	sheet-4-B012			sheet-4-R007,sheet-4-R008,sheet-4-R009,sheet-4-R010,sheet-4-R011,sheet-4-R012,sheet-4-R013,sheet-4-R014,sheet-4-R015,sheet-4-R016,sheet-4-R017,sheet-4-R018,sheet-4-R019,sheet-4-R020,sheet-4-R021,sheet-4-R022,sheet-4-R023,sheet-4-R024,sheet-4-R025,sheet-4-R026,sheet-4-R027,sheet-4-R028,sheet-4-R029,sheet-4-R030,sheet-4-R031,sheet-4-R032,sheet-4-R033,sheet-4-R034,sheet-4-R035,sheet-4-R036,sheet-4-R037,sheet-4-R038,sheet-4-R039,sheet-4-R040,sheet-4-R041,sheet-4-R042,sheet-4-R043,sheet-4-R044,sheet-4-R045,sheet-4-R046,sheet-4-R047,sheet-4-R048,sheet-4-R049,sheet-4-R050,sheet-4-R051,sheet-4-R052,sheet-4-R053,sheet-4-R054,sheet-4-R055,sheet-4-R056,sheet-4-R057,sheet-4-R058,sheet-4-R059,sheet-4-R060,sheet-4-R061,sheet-4-R062,sheet-4-R063,sheet-4-R064,sheet-4-R065,sheet-4-R066,sheet-4-R067,sheet-4-R068,sheet-4-R069,sheet-4-R070,sheet-4-R071,sheet-4-R072,sheet-4-R073,sheet-4-R074,sheet-4-R075,sheet-4-R076,sheet-4-R077,sheet-4-R078,sheet-4-R079,sheet-4-R080,sheet-4-R081,sheet-4-R082,sheet-4-R083,sheet-4-R084,sheet-4-R085,sheet-4-R086,sheet-4-R087,sheet-4-R088,sheet-4-R090,sheet-4-R091,sheet-4-R092,sheet-4-R093,sheet-4-R094,sheet-4-R095,sheet-4-R096,sheet-4-R097,sheet-4-R098,sheet-4-R099,sheet-4-R100,sheet-4-R101,sheet-4-R102,sheet-4-R103,sheet-4-R104,sheet-4-R105,sheet-4-R106,sheet-4-R107,sheet-4-R108,sheet-4-R109,sheet-4-R110,sheet-4-R111,sheet-4-R112,sheet-4-R113,sheet-4-R114		"""link"": ""https://www.hareruyamtg.com/ja/products/search?tags=741"","
sheet-4-R090	0516	sheet-4	言語コードに紐づいたトップバナーの情報一覧を取得	機能仕様	114	1220	sheet-4-B012			sheet-4-R007,sheet-4-R008,sheet-4-R009,sheet-4-R010,sheet-4-R011,sheet-4-R012,sheet-4-R013,sheet-4-R014,sheet-4-R015,sheet-4-R016,sheet-4-R017,sheet-4-R018,sheet-4-R019,sheet-4-R020,sheet-4-R021,sheet-4-R022,sheet-4-R023,sheet-4-R024,sheet-4-R025,sheet-4-R026,sheet-4-R027,sheet-4-R028,sheet-4-R029,sheet-4-R030,sheet-4-R031,sheet-4-R032,sheet-4-R033,sheet-4-R034,sheet-4-R035,sheet-4-R036,sheet-4-R037,sheet-4-R038,sheet-4-R039,sheet-4-R040,sheet-4-R041,sheet-4-R042,sheet-4-R043,sheet-4-R044,sheet-4-R045,sheet-4-R046,sheet-4-R047,sheet-4-R048,sheet-4-R049,sheet-4-R050,sheet-4-R051,sheet-4-R052,sheet-4-R053,sheet-4-R054,sheet-4-R055,sheet-4-R056,sheet-4-R057,sheet-4-R058,sheet-4-R059,sheet-4-R060,sheet-4-R061,sheet-4-R062,sheet-4-R063,sheet-4-R064,sheet-4-R065,sheet-4-R066,sheet-4-R067,sheet-4-R068,sheet-4-R069,sheet-4-R070,sheet-4-R071,sheet-4-R072,sheet-4-R073,sheet-4-R074,sheet-4-R075,sheet-4-R076,sheet-4-R077,sheet-4-R078,sheet-4-R079,sheet-4-R080,sheet-4-R081,sheet-4-R082,sheet-4-R083,sheet-4-R084,sheet-4-R085,sheet-4-R086,sheet-4-R087,sheet-4-R088,sheet-4-R089,sheet-4-R091,sheet-4-R092,sheet-4-R093,sheet-4-R094,sheet-4-R095,sheet-4-R096,sheet-4-R097,sheet-4-R098,sheet-4-R099,sheet-4-R100,sheet-4-R101,sheet-4-R102,sheet-4-R103,sheet-4-R104,sheet-4-R105,sheet-4-R106,sheet-4-R107,sheet-4-R108,sheet-4-R109,sheet-4-R110,sheet-4-R111,sheet-4-R112,sheet-4-R113,sheet-4-R114		"""disp_type"": 1,"
sheet-4-R091	0516	sheet-4	言語コードに紐づいたトップバナーの情報一覧を取得	機能仕様	115	1221	sheet-4-B012			sheet-4-R007,sheet-4-R008,sheet-4-R009,sheet-4-R010,sheet-4-R011,sheet-4-R012,sheet-4-R013,sheet-4-R014,sheet-4-R015,sheet-4-R016,sheet-4-R017,sheet-4-R018,sheet-4-R019,sheet-4-R020,sheet-4-R021,sheet-4-R022,sheet-4-R023,sheet-4-R024,sheet-4-R025,sheet-4-R026,sheet-4-R027,sheet-4-R028,sheet-4-R029,sheet-4-R030,sheet-4-R031,sheet-4-R032,sheet-4-R033,sheet-4-R034,sheet-4-R035,sheet-4-R036,sheet-4-R037,sheet-4-R038,sheet-4-R039,sheet-4-R040,sheet-4-R041,sheet-4-R042,sheet-4-R043,sheet-4-R044,sheet-4-R045,sheet-4-R046,sheet-4-R047,sheet-4-R048,sheet-4-R049,sheet-4-R050,sheet-4-R051,sheet-4-R052,sheet-4-R053,sheet-4-R054,sheet-4-R055,sheet-4-R056,sheet-4-R057,sheet-4-R058,sheet-4-R059,sheet-4-R060,sheet-4-R061,sheet-4-R062,sheet-4-R063,sheet-4-R064,sheet-4-R065,sheet-4-R066,sheet-4-R067,sheet-4-R068,sheet-4-R069,sheet-4-R070,sheet-4-R071,sheet-4-R072,sheet-4-R073,sheet-4-R074,sheet-4-R075,sheet-4-R076,sheet-4-R077,sheet-4-R078,sheet-4-R079,sheet-4-R080,sheet-4-R081,sheet-4-R082,sheet-4-R083,sheet-4-R084,sheet-4-R085,sheet-4-R086,sheet-4-R087,sheet-4-R088,sheet-4-R089,sheet-4-R090,sheet-4-R092,sheet-4-R093,sheet-4-R094,sheet-4-R095,sheet-4-R096,sheet-4-R097,sheet-4-R098,sheet-4-R099,sheet-4-R100,sheet-4-R101,sheet-4-R102,sheet-4-R103,sheet-4-R104,sheet-4-R105,sheet-4-R106,sheet-4-R107,sheet-4-R108,sheet-4-R109,sheet-4-R110,sheet-4-R111,sheet-4-R112,sheet-4-R113,sheet-4-R114		"""languages"": ["
sheet-4-R092	0516	sheet-4	言語コードに紐づいたトップバナーの情報一覧を取得	機能仕様	116	1222	sheet-4-B012			sheet-4-R007,sheet-4-R008,sheet-4-R009,sheet-4-R010,sheet-4-R011,sheet-4-R012,sheet-4-R013,sheet-4-R014,sheet-4-R015,sheet-4-R016,sheet-4-R017,sheet-4-R018,sheet-4-R019,sheet-4-R020,sheet-4-R021,sheet-4-R022,sheet-4-R023,sheet-4-R024,sheet-4-R025,sheet-4-R026,sheet-4-R027,sheet-4-R028,sheet-4-R029,sheet-4-R030,sheet-4-R031,sheet-4-R032,sheet-4-R033,sheet-4-R034,sheet-4-R035,sheet-4-R036,sheet-4-R037,sheet-4-R038,sheet-4-R039,sheet-4-R040,sheet-4-R041,sheet-4-R042,sheet-4-R043,sheet-4-R044,sheet-4-R045,sheet-4-R046,sheet-4-R047,sheet-4-R048,sheet-4-R049,sheet-4-R050,sheet-4-R051,sheet-4-R052,sheet-4-R053,sheet-4-R054,sheet-4-R055,sheet-4-R056,sheet-4-R057,sheet-4-R058,sheet-4-R059,sheet-4-R060,sheet-4-R061,sheet-4-R062,sheet-4-R063,sheet-4-R064,sheet-4-R065,sheet-4-R066,sheet-4-R067,sheet-4-R068,sheet-4-R069,sheet-4-R070,sheet-4-R071,sheet-4-R072,sheet-4-R073,sheet-4-R074,sheet-4-R075,sheet-4-R076,sheet-4-R077,sheet-4-R078,sheet-4-R079,sheet-4-R080,sheet-4-R081,sheet-4-R082,sheet-4-R083,sheet-4-R084,sheet-4-R085,sheet-4-R086,sheet-4-R087,sheet-4-R088,sheet-4-R089,sheet-4-R090,sheet-4-R091,sheet-4-R093,sheet-4-R094,sheet-4-R095,sheet-4-R096,sheet-4-R097,sheet-4-R098,sheet-4-R099,sheet-4-R100,sheet-4-R101,sheet-4-R102,sheet-4-R103,sheet-4-R104,sheet-4-R105,sheet-4-R106,sheet-4-R107,sheet-4-R108,sheet-4-R109,sheet-4-R110,sheet-4-R111,sheet-4-R112,sheet-4-R113,sheet-4-R114		{
sheet-4-R093	0516	sheet-4	言語コードに紐づいたトップバナーの情報一覧を取得	機能仕様	117	1223	sheet-4-B012			sheet-4-R007,sheet-4-R008,sheet-4-R009,sheet-4-R010,sheet-4-R011,sheet-4-R012,sheet-4-R013,sheet-4-R014,sheet-4-R015,sheet-4-R016,sheet-4-R017,sheet-4-R018,sheet-4-R019,sheet-4-R020,sheet-4-R021,sheet-4-R022,sheet-4-R023,sheet-4-R024,sheet-4-R025,sheet-4-R026,sheet-4-R027,sheet-4-R028,sheet-4-R029,sheet-4-R030,sheet-4-R031,sheet-4-R032,sheet-4-R033,sheet-4-R034,sheet-4-R035,sheet-4-R036,sheet-4-R037,sheet-4-R038,sheet-4-R039,sheet-4-R040,sheet-4-R041,sheet-4-R042,sheet-4-R043,sheet-4-R044,sheet-4-R045,sheet-4-R046,sheet-4-R047,sheet-4-R048,sheet-4-R049,sheet-4-R050,sheet-4-R051,sheet-4-R052,sheet-4-R053,sheet-4-R054,sheet-4-R055,sheet-4-R056,sheet-4-R057,sheet-4-R058,sheet-4-R059,sheet-4-R060,sheet-4-R061,sheet-4-R062,sheet-4-R063,sheet-4-R064,sheet-4-R065,sheet-4-R066,sheet-4-R067,sheet-4-R068,sheet-4-R069,sheet-4-R070,sheet-4-R071,sheet-4-R072,sheet-4-R073,sheet-4-R074,sheet-4-R075,sheet-4-R076,sheet-4-R077,sheet-4-R078,sheet-4-R079,sheet-4-R080,sheet-4-R081,sheet-4-R082,sheet-4-R083,sheet-4-R084,sheet-4-R085,sheet-4-R086,sheet-4-R087,sheet-4-R088,sheet-4-R089,sheet-4-R090,sheet-4-R091,sheet-4-R092,sheet-4-R094,sheet-4-R095,sheet-4-R096,sheet-4-R097,sheet-4-R098,sheet-4-R099,sheet-4-R100,sheet-4-R101,sheet-4-R102,sheet-4-R103,sheet-4-R104,sheet-4-R105,sheet-4-R106,sheet-4-R107,sheet-4-R108,sheet-4-R109,sheet-4-R110,sheet-4-R111,sheet-4-R112,sheet-4-R113,sheet-4-R114		"""id"": 1,"
sheet-4-R094	0516	sheet-4	言語コードに紐づいたトップバナーの情報一覧を取得	機能仕様	118	1224	sheet-4-B012			sheet-4-R007,sheet-4-R008,sheet-4-R009,sheet-4-R010,sheet-4-R011,sheet-4-R012,sheet-4-R013,sheet-4-R014,sheet-4-R015,sheet-4-R016,sheet-4-R017,sheet-4-R018,sheet-4-R019,sheet-4-R020,sheet-4-R021,sheet-4-R022,sheet-4-R023,sheet-4-R024,sheet-4-R025,sheet-4-R026,sheet-4-R027,sheet-4-R028,sheet-4-R029,sheet-4-R030,sheet-4-R031,sheet-4-R032,sheet-4-R033,sheet-4-R034,sheet-4-R035,sheet-4-R036,sheet-4-R037,sheet-4-R038,sheet-4-R039,sheet-4-R040,sheet-4-R041,sheet-4-R042,sheet-4-R043,sheet-4-R044,sheet-4-R045,sheet-4-R046,sheet-4-R047,sheet-4-R048,sheet-4-R049,sheet-4-R050,sheet-4-R051,sheet-4-R052,sheet-4-R053,sheet-4-R054,sheet-4-R055,sheet-4-R056,sheet-4-R057,sheet-4-R058,sheet-4-R059,sheet-4-R060,sheet-4-R061,sheet-4-R062,sheet-4-R063,sheet-4-R064,sheet-4-R065,sheet-4-R066,sheet-4-R067,sheet-4-R068,sheet-4-R069,sheet-4-R070,sheet-4-R071,sheet-4-R072,sheet-4-R073,sheet-4-R074,sheet-4-R075,sheet-4-R076,sheet-4-R077,sheet-4-R078,sheet-4-R079,sheet-4-R080,sheet-4-R081,sheet-4-R082,sheet-4-R083,sheet-4-R084,sheet-4-R085,sheet-4-R086,sheet-4-R087,sheet-4-R088,sheet-4-R089,sheet-4-R090,sheet-4-R091,sheet-4-R092,sheet-4-R093,sheet-4-R095,sheet-4-R096,sheet-4-R097,sheet-4-R098,sheet-4-R099,sheet-4-R100,sheet-4-R101,sheet-4-R102,sheet-4-R103,sheet-4-R104,sheet-4-R105,sheet-4-R106,sheet-4-R107,sheet-4-R108,sheet-4-R109,sheet-4-R110,sheet-4-R111,sheet-4-R112,sheet-4-R113,sheet-4-R114		"""name_jp"": ""日本語"","
sheet-4-R095	0516	sheet-4	言語コードに紐づいたトップバナーの情報一覧を取得	機能仕様	119	1225	sheet-4-B012			sheet-4-R007,sheet-4-R008,sheet-4-R009,sheet-4-R010,sheet-4-R011,sheet-4-R012,sheet-4-R013,sheet-4-R014,sheet-4-R015,sheet-4-R016,sheet-4-R017,sheet-4-R018,sheet-4-R019,sheet-4-R020,sheet-4-R021,sheet-4-R022,sheet-4-R023,sheet-4-R024,sheet-4-R025,sheet-4-R026,sheet-4-R027,sheet-4-R028,sheet-4-R029,sheet-4-R030,sheet-4-R031,sheet-4-R032,sheet-4-R033,sheet-4-R034,sheet-4-R035,sheet-4-R036,sheet-4-R037,sheet-4-R038,sheet-4-R039,sheet-4-R040,sheet-4-R041,sheet-4-R042,sheet-4-R043,sheet-4-R044,sheet-4-R045,sheet-4-R046,sheet-4-R047,sheet-4-R048,sheet-4-R049,sheet-4-R050,sheet-4-R051,sheet-4-R052,sheet-4-R053,sheet-4-R054,sheet-4-R055,sheet-4-R056,sheet-4-R057,sheet-4-R058,sheet-4-R059,sheet-4-R060,sheet-4-R061,sheet-4-R062,sheet-4-R063,sheet-4-R064,sheet-4-R065,sheet-4-R066,sheet-4-R067,sheet-4-R068,sheet-4-R069,sheet-4-R070,sheet-4-R071,sheet-4-R072,sheet-4-R073,sheet-4-R074,sheet-4-R075,sheet-4-R076,sheet-4-R077,sheet-4-R078,sheet-4-R079,sheet-4-R080,sheet-4-R081,sheet-4-R082,sheet-4-R083,sheet-4-R084,sheet-4-R085,sheet-4-R086,sheet-4-R087,sheet-4-R088,sheet-4-R089,sheet-4-R090,sheet-4-R091,sheet-4-R092,sheet-4-R093,sheet-4-R094,sheet-4-R096,sheet-4-R097,sheet-4-R098,sheet-4-R099,sheet-4-R100,sheet-4-R101,sheet-4-R102,sheet-4-R103,sheet-4-R104,sheet-4-R105,sheet-4-R106,sheet-4-R107,sheet-4-R108,sheet-4-R109,sheet-4-R110,sheet-4-R111,sheet-4-R112,sheet-4-R113,sheet-4-R114		"""name_en"": ""Japanease"","
sheet-4-R096	0516	sheet-4	言語コードに紐づいたトップバナーの情報一覧を取得	機能仕様	120	1226	sheet-4-B012			sheet-4-R007,sheet-4-R008,sheet-4-R009,sheet-4-R010,sheet-4-R011,sheet-4-R012,sheet-4-R013,sheet-4-R014,sheet-4-R015,sheet-4-R016,sheet-4-R017,sheet-4-R018,sheet-4-R019,sheet-4-R020,sheet-4-R021,sheet-4-R022,sheet-4-R023,sheet-4-R024,sheet-4-R025,sheet-4-R026,sheet-4-R027,sheet-4-R028,sheet-4-R029,sheet-4-R030,sheet-4-R031,sheet-4-R032,sheet-4-R033,sheet-4-R034,sheet-4-R035,sheet-4-R036,sheet-4-R037,sheet-4-R038,sheet-4-R039,sheet-4-R040,sheet-4-R041,sheet-4-R042,sheet-4-R043,sheet-4-R044,sheet-4-R045,sheet-4-R046,sheet-4-R047,sheet-4-R048,sheet-4-R049,sheet-4-R050,sheet-4-R051,sheet-4-R052,sheet-4-R053,sheet-4-R054,sheet-4-R055,sheet-4-R056,sheet-4-R057,sheet-4-R058,sheet-4-R059,sheet-4-R060,sheet-4-R061,sheet-4-R062,sheet-4-R063,sheet-4-R064,sheet-4-R065,sheet-4-R066,sheet-4-R067,sheet-4-R068,sheet-4-R069,sheet-4-R070,sheet-4-R071,sheet-4-R072,sheet-4-R073,sheet-4-R074,sheet-4-R075,sheet-4-R076,sheet-4-R077,sheet-4-R078,sheet-4-R079,sheet-4-R080,sheet-4-R081,sheet-4-R082,sheet-4-R083,sheet-4-R084,sheet-4-R085,sheet-4-R086,sheet-4-R087,sheet-4-R088,sheet-4-R089,sheet-4-R090,sheet-4-R091,sheet-4-R092,sheet-4-R093,sheet-4-R094,sheet-4-R095,sheet-4-R097,sheet-4-R098,sheet-4-R099,sheet-4-R100,sheet-4-R101,sheet-4-R102,sheet-4-R103,sheet-4-R104,sheet-4-R105,sheet-4-R106,sheet-4-R107,sheet-4-R108,sheet-4-R109,sheet-4-R110,sheet-4-R111,sheet-4-R112,sheet-4-R113,sheet-4-R114		"""code"": ""JP"""
sheet-4-R097	0516	sheet-4	言語コードに紐づいたトップバナーの情報一覧を取得	機能仕様	121	1227	sheet-4-B012			sheet-4-R007,sheet-4-R008,sheet-4-R009,sheet-4-R010,sheet-4-R011,sheet-4-R012,sheet-4-R013,sheet-4-R014,sheet-4-R015,sheet-4-R016,sheet-4-R017,sheet-4-R018,sheet-4-R019,sheet-4-R020,sheet-4-R021,sheet-4-R022,sheet-4-R023,sheet-4-R024,sheet-4-R025,sheet-4-R026,sheet-4-R027,sheet-4-R028,sheet-4-R029,sheet-4-R030,sheet-4-R031,sheet-4-R032,sheet-4-R033,sheet-4-R034,sheet-4-R035,sheet-4-R036,sheet-4-R037,sheet-4-R038,sheet-4-R039,sheet-4-R040,sheet-4-R041,sheet-4-R042,sheet-4-R043,sheet-4-R044,sheet-4-R045,sheet-4-R046,sheet-4-R047,sheet-4-R048,sheet-4-R049,sheet-4-R050,sheet-4-R051,sheet-4-R052,sheet-4-R053,sheet-4-R054,sheet-4-R055,sheet-4-R056,sheet-4-R057,sheet-4-R058,sheet-4-R059,sheet-4-R060,sheet-4-R061,sheet-4-R062,sheet-4-R063,sheet-4-R064,sheet-4-R065,sheet-4-R066,sheet-4-R067,sheet-4-R068,sheet-4-R069,sheet-4-R070,sheet-4-R071,sheet-4-R072,sheet-4-R073,sheet-4-R074,sheet-4-R075,sheet-4-R076,sheet-4-R077,sheet-4-R078,sheet-4-R079,sheet-4-R080,sheet-4-R081,sheet-4-R082,sheet-4-R083,sheet-4-R084,sheet-4-R085,sheet-4-R086,sheet-4-R087,sheet-4-R088,sheet-4-R089,sheet-4-R090,sheet-4-R091,sheet-4-R092,sheet-4-R093,sheet-4-R094,sheet-4-R095,sheet-4-R096,sheet-4-R098,sheet-4-R099,sheet-4-R100,sheet-4-R101,sheet-4-R102,sheet-4-R103,sheet-4-R104,sheet-4-R105,sheet-4-R106,sheet-4-R107,sheet-4-R108,sheet-4-R109,sheet-4-R110,sheet-4-R111,sheet-4-R112,sheet-4-R113,sheet-4-R114		}
sheet-4-R098	0516	sheet-4	言語コードに紐づいたトップバナーの情報一覧を取得	機能仕様	122	1228	sheet-4-B012			sheet-4-R007,sheet-4-R008,sheet-4-R009,sheet-4-R010,sheet-4-R011,sheet-4-R012,sheet-4-R013,sheet-4-R014,sheet-4-R015,sheet-4-R016,sheet-4-R017,sheet-4-R018,sheet-4-R019,sheet-4-R020,sheet-4-R021,sheet-4-R022,sheet-4-R023,sheet-4-R024,sheet-4-R025,sheet-4-R026,sheet-4-R027,sheet-4-R028,sheet-4-R029,sheet-4-R030,sheet-4-R031,sheet-4-R032,sheet-4-R033,sheet-4-R034,sheet-4-R035,sheet-4-R036,sheet-4-R037,sheet-4-R038,sheet-4-R039,sheet-4-R040,sheet-4-R041,sheet-4-R042,sheet-4-R043,sheet-4-R044,sheet-4-R045,sheet-4-R046,sheet-4-R047,sheet-4-R048,sheet-4-R049,sheet-4-R050,sheet-4-R051,sheet-4-R052,sheet-4-R053,sheet-4-R054,sheet-4-R055,sheet-4-R056,sheet-4-R057,sheet-4-R058,sheet-4-R059,sheet-4-R060,sheet-4-R061,sheet-4-R062,sheet-4-R063,sheet-4-R064,sheet-4-R065,sheet-4-R066,sheet-4-R067,sheet-4-R068,sheet-4-R069,sheet-4-R070,sheet-4-R071,sheet-4-R072,sheet-4-R073,sheet-4-R074,sheet-4-R075,sheet-4-R076,sheet-4-R077,sheet-4-R078,sheet-4-R079,sheet-4-R080,sheet-4-R081,sheet-4-R082,sheet-4-R083,sheet-4-R084,sheet-4-R085,sheet-4-R086,sheet-4-R087,sheet-4-R088,sheet-4-R089,sheet-4-R090,sheet-4-R091,sheet-4-R092,sheet-4-R093,sheet-4-R094,sheet-4-R095,sheet-4-R096,sheet-4-R097,sheet-4-R099,sheet-4-R100,sheet-4-R101,sheet-4-R102,sheet-4-R103,sheet-4-R104,sheet-4-R105,sheet-4-R106,sheet-4-R107,sheet-4-R108,sheet-4-R109,sheet-4-R110,sheet-4-R111,sheet-4-R112,sheet-4-R113,sheet-4-R114		]
sheet-4-R099	0516	sheet-4	言語コードに紐づいたトップバナーの情報一覧を取得	機能仕様	123	1229	sheet-4-B012			sheet-4-R007,sheet-4-R008,sheet-4-R009,sheet-4-R010,sheet-4-R011,sheet-4-R012,sheet-4-R013,sheet-4-R014,sheet-4-R015,sheet-4-R016,sheet-4-R017,sheet-4-R018,sheet-4-R019,sheet-4-R020,sheet-4-R021,sheet-4-R022,sheet-4-R023,sheet-4-R024,sheet-4-R025,sheet-4-R026,sheet-4-R027,sheet-4-R028,sheet-4-R029,sheet-4-R030,sheet-4-R031,sheet-4-R032,sheet-4-R033,sheet-4-R034,sheet-4-R035,sheet-4-R036,sheet-4-R037,sheet-4-R038,sheet-4-R039,sheet-4-R040,sheet-4-R041,sheet-4-R042,sheet-4-R043,sheet-4-R044,sheet-4-R045,sheet-4-R046,sheet-4-R047,sheet-4-R048,sheet-4-R049,sheet-4-R050,sheet-4-R051,sheet-4-R052,sheet-4-R053,sheet-4-R054,sheet-4-R055,sheet-4-R056,sheet-4-R057,sheet-4-R058,sheet-4-R059,sheet-4-R060,sheet-4-R061,sheet-4-R062,sheet-4-R063,sheet-4-R064,sheet-4-R065,sheet-4-R066,sheet-4-R067,sheet-4-R068,sheet-4-R069,sheet-4-R070,sheet-4-R071,sheet-4-R072,sheet-4-R073,sheet-4-R074,sheet-4-R075,sheet-4-R076,sheet-4-R077,sheet-4-R078,sheet-4-R079,sheet-4-R080,sheet-4-R081,sheet-4-R082,sheet-4-R083,sheet-4-R084,sheet-4-R085,sheet-4-R086,sheet-4-R087,sheet-4-R088,sheet-4-R089,sheet-4-R090,sheet-4-R091,sheet-4-R092,sheet-4-R093,sheet-4-R094,sheet-4-R095,sheet-4-R096,sheet-4-R097,sheet-4-R098,sheet-4-R100,sheet-4-R101,sheet-4-R102,sheet-4-R103,sheet-4-R104,sheet-4-R105,sheet-4-R106,sheet-4-R107,sheet-4-R108,sheet-4-R109,sheet-4-R110,sheet-4-R111,sheet-4-R112,sheet-4-R113,sheet-4-R114		},
sheet-4-R100	0516	sheet-4	言語コードに紐づいたトップバナーの情報一覧を取得	機能仕様	124	1230	sheet-4-B012			sheet-4-R007,sheet-4-R008,sheet-4-R009,sheet-4-R010,sheet-4-R011,sheet-4-R012,sheet-4-R013,sheet-4-R014,sheet-4-R015,sheet-4-R016,sheet-4-R017,sheet-4-R018,sheet-4-R019,sheet-4-R020,sheet-4-R021,sheet-4-R022,sheet-4-R023,sheet-4-R024,sheet-4-R025,sheet-4-R026,sheet-4-R027,sheet-4-R028,sheet-4-R029,sheet-4-R030,sheet-4-R031,sheet-4-R032,sheet-4-R033,sheet-4-R034,sheet-4-R035,sheet-4-R036,sheet-4-R037,sheet-4-R038,sheet-4-R039,sheet-4-R040,sheet-4-R041,sheet-4-R042,sheet-4-R043,sheet-4-R044,sheet-4-R045,sheet-4-R046,sheet-4-R047,sheet-4-R048,sheet-4-R049,sheet-4-R050,sheet-4-R051,sheet-4-R052,sheet-4-R053,sheet-4-R054,sheet-4-R055,sheet-4-R056,sheet-4-R057,sheet-4-R058,sheet-4-R059,sheet-4-R060,sheet-4-R061,sheet-4-R062,sheet-4-R063,sheet-4-R064,sheet-4-R065,sheet-4-R066,sheet-4-R067,sheet-4-R068,sheet-4-R069,sheet-4-R070,sheet-4-R071,sheet-4-R072,sheet-4-R073,sheet-4-R074,sheet-4-R075,sheet-4-R076,sheet-4-R077,sheet-4-R078,sheet-4-R079,sheet-4-R080,sheet-4-R081,sheet-4-R082,sheet-4-R083,sheet-4-R084,sheet-4-R085,sheet-4-R086,sheet-4-R087,sheet-4-R088,sheet-4-R089,sheet-4-R090,sheet-4-R091,sheet-4-R092,sheet-4-R093,sheet-4-R094,sheet-4-R095,sheet-4-R096,sheet-4-R097,sheet-4-R098,sheet-4-R099,sheet-4-R101,sheet-4-R102,sheet-4-R103,sheet-4-R104,sheet-4-R105,sheet-4-R106,sheet-4-R107,sheet-4-R108,sheet-4-R109,sheet-4-R110,sheet-4-R111,sheet-4-R112,sheet-4-R113,sheet-4-R114		{
sheet-4-R101	0516	sheet-4	言語コードに紐づいたトップバナーの情報一覧を取得	機能仕様	125	1231	sheet-4-B012			sheet-4-R007,sheet-4-R008,sheet-4-R009,sheet-4-R010,sheet-4-R011,sheet-4-R012,sheet-4-R013,sheet-4-R014,sheet-4-R015,sheet-4-R016,sheet-4-R017,sheet-4-R018,sheet-4-R019,sheet-4-R020,sheet-4-R021,sheet-4-R022,sheet-4-R023,sheet-4-R024,sheet-4-R025,sheet-4-R026,sheet-4-R027,sheet-4-R028,sheet-4-R029,sheet-4-R030,sheet-4-R031,sheet-4-R032,sheet-4-R033,sheet-4-R034,sheet-4-R035,sheet-4-R036,sheet-4-R037,sheet-4-R038,sheet-4-R039,sheet-4-R040,sheet-4-R041,sheet-4-R042,sheet-4-R043,sheet-4-R044,sheet-4-R045,sheet-4-R046,sheet-4-R047,sheet-4-R048,sheet-4-R049,sheet-4-R050,sheet-4-R051,sheet-4-R052,sheet-4-R053,sheet-4-R054,sheet-4-R055,sheet-4-R056,sheet-4-R057,sheet-4-R058,sheet-4-R059,sheet-4-R060,sheet-4-R061,sheet-4-R062,sheet-4-R063,sheet-4-R064,sheet-4-R065,sheet-4-R066,sheet-4-R067,sheet-4-R068,sheet-4-R069,sheet-4-R070,sheet-4-R071,sheet-4-R072,sheet-4-R073,sheet-4-R074,sheet-4-R075,sheet-4-R076,sheet-4-R077,sheet-4-R078,sheet-4-R079,sheet-4-R080,sheet-4-R081,sheet-4-R082,sheet-4-R083,sheet-4-R084,sheet-4-R085,sheet-4-R086,sheet-4-R087,sheet-4-R088,sheet-4-R089,sheet-4-R090,sheet-4-R091,sheet-4-R092,sheet-4-R093,sheet-4-R094,sheet-4-R095,sheet-4-R096,sheet-4-R097,sheet-4-R098,sheet-4-R099,sheet-4-R100,sheet-4-R102,sheet-4-R103,sheet-4-R104,sheet-4-R105,sheet-4-R106,sheet-4-R107,sheet-4-R108,sheet-4-R109,sheet-4-R110,sheet-4-R111,sheet-4-R112,sheet-4-R113,sheet-4-R114		"""id"": 20,"
sheet-4-R102	0516	sheet-4	言語コードに紐づいたトップバナーの情報一覧を取得	機能仕様	126	1232	sheet-4-B012			sheet-4-R007,sheet-4-R008,sheet-4-R009,sheet-4-R010,sheet-4-R011,sheet-4-R012,sheet-4-R013,sheet-4-R014,sheet-4-R015,sheet-4-R016,sheet-4-R017,sheet-4-R018,sheet-4-R019,sheet-4-R020,sheet-4-R021,sheet-4-R022,sheet-4-R023,sheet-4-R024,sheet-4-R025,sheet-4-R026,sheet-4-R027,sheet-4-R028,sheet-4-R029,sheet-4-R030,sheet-4-R031,sheet-4-R032,sheet-4-R033,sheet-4-R034,sheet-4-R035,sheet-4-R036,sheet-4-R037,sheet-4-R038,sheet-4-R039,sheet-4-R040,sheet-4-R041,sheet-4-R042,sheet-4-R043,sheet-4-R044,sheet-4-R045,sheet-4-R046,sheet-4-R047,sheet-4-R048,sheet-4-R049,sheet-4-R050,sheet-4-R051,sheet-4-R052,sheet-4-R053,sheet-4-R054,sheet-4-R055,sheet-4-R056,sheet-4-R057,sheet-4-R058,sheet-4-R059,sheet-4-R060,sheet-4-R061,sheet-4-R062,sheet-4-R063,sheet-4-R064,sheet-4-R065,sheet-4-R066,sheet-4-R067,sheet-4-R068,sheet-4-R069,sheet-4-R070,sheet-4-R071,sheet-4-R072,sheet-4-R073,sheet-4-R074,sheet-4-R075,sheet-4-R076,sheet-4-R077,sheet-4-R078,sheet-4-R079,sheet-4-R080,sheet-4-R081,sheet-4-R082,sheet-4-R083,sheet-4-R084,sheet-4-R085,sheet-4-R086,sheet-4-R087,sheet-4-R088,sheet-4-R089,sheet-4-R090,sheet-4-R091,sheet-4-R092,sheet-4-R093,sheet-4-R094,sheet-4-R095,sheet-4-R096,sheet-4-R097,sheet-4-R098,sheet-4-R099,sheet-4-R100,sheet-4-R101,sheet-4-R103,sheet-4-R104,sheet-4-R105,sheet-4-R106,sheet-4-R107,sheet-4-R108,sheet-4-R109,sheet-4-R110,sheet-4-R111,sheet-4-R112,sheet-4-R113,sheet-4-R114		"""image_url"": ""https://files.hareruyamtg.com/img/usr/Campaign/startcampaign1000/banner.webp"","
sheet-4-R103	0516	sheet-4	言語コードに紐づいたトップバナーの情報一覧を取得	機能仕様	127	1233	sheet-4-B012			sheet-4-R007,sheet-4-R008,sheet-4-R009,sheet-4-R010,sheet-4-R011,sheet-4-R012,sheet-4-R013,sheet-4-R014,sheet-4-R015,sheet-4-R016,sheet-4-R017,sheet-4-R018,sheet-4-R019,sheet-4-R020,sheet-4-R021,sheet-4-R022,sheet-4-R023,sheet-4-R024,sheet-4-R025,sheet-4-R026,sheet-4-R027,sheet-4-R028,sheet-4-R029,sheet-4-R030,sheet-4-R031,sheet-4-R032,sheet-4-R033,sheet-4-R034,sheet-4-R035,sheet-4-R036,sheet-4-R037,sheet-4-R038,sheet-4-R039,sheet-4-R040,sheet-4-R041,sheet-4-R042,sheet-4-R043,sheet-4-R044,sheet-4-R045,sheet-4-R046,sheet-4-R047,sheet-4-R048,sheet-4-R049,sheet-4-R050,sheet-4-R051,sheet-4-R052,sheet-4-R053,sheet-4-R054,sheet-4-R055,sheet-4-R056,sheet-4-R057,sheet-4-R058,sheet-4-R059,sheet-4-R060,sheet-4-R061,sheet-4-R062,sheet-4-R063,sheet-4-R064,sheet-4-R065,sheet-4-R066,sheet-4-R067,sheet-4-R068,sheet-4-R069,sheet-4-R070,sheet-4-R071,sheet-4-R072,sheet-4-R073,sheet-4-R074,sheet-4-R075,sheet-4-R076,sheet-4-R077,sheet-4-R078,sheet-4-R079,sheet-4-R080,sheet-4-R081,sheet-4-R082,sheet-4-R083,sheet-4-R084,sheet-4-R085,sheet-4-R086,sheet-4-R087,sheet-4-R088,sheet-4-R089,sheet-4-R090,sheet-4-R091,sheet-4-R092,sheet-4-R093,sheet-4-R094,sheet-4-R095,sheet-4-R096,sheet-4-R097,sheet-4-R098,sheet-4-R099,sheet-4-R100,sheet-4-R101,sheet-4-R102,sheet-4-R104,sheet-4-R105,sheet-4-R106,sheet-4-R107,sheet-4-R108,sheet-4-R109,sheet-4-R110,sheet-4-R111,sheet-4-R112,sheet-4-R113,sheet-4-R114		"""link"": ""https://www.hareruyamtg.com/ja/user_data/mtg-startcampaign1000"","
sheet-4-R104	0516	sheet-4	言語コードに紐づいたトップバナーの情報一覧を取得	機能仕様	128	1234	sheet-4-B012			sheet-4-R007,sheet-4-R008,sheet-4-R009,sheet-4-R010,sheet-4-R011,sheet-4-R012,sheet-4-R013,sheet-4-R014,sheet-4-R015,sheet-4-R016,sheet-4-R017,sheet-4-R018,sheet-4-R019,sheet-4-R020,sheet-4-R021,sheet-4-R022,sheet-4-R023,sheet-4-R024,sheet-4-R025,sheet-4-R026,sheet-4-R027,sheet-4-R028,sheet-4-R029,sheet-4-R030,sheet-4-R031,sheet-4-R032,sheet-4-R033,sheet-4-R034,sheet-4-R035,sheet-4-R036,sheet-4-R037,sheet-4-R038,sheet-4-R039,sheet-4-R040,sheet-4-R041,sheet-4-R042,sheet-4-R043,sheet-4-R044,sheet-4-R045,sheet-4-R046,sheet-4-R047,sheet-4-R048,sheet-4-R049,sheet-4-R050,sheet-4-R051,sheet-4-R052,sheet-4-R053,sheet-4-R054,sheet-4-R055,sheet-4-R056,sheet-4-R057,sheet-4-R058,sheet-4-R059,sheet-4-R060,sheet-4-R061,sheet-4-R062,sheet-4-R063,sheet-4-R064,sheet-4-R065,sheet-4-R066,sheet-4-R067,sheet-4-R068,sheet-4-R069,sheet-4-R070,sheet-4-R071,sheet-4-R072,sheet-4-R073,sheet-4-R074,sheet-4-R075,sheet-4-R076,sheet-4-R077,sheet-4-R078,sheet-4-R079,sheet-4-R080,sheet-4-R081,sheet-4-R082,sheet-4-R083,sheet-4-R084,sheet-4-R085,sheet-4-R086,sheet-4-R087,sheet-4-R088,sheet-4-R089,sheet-4-R090,sheet-4-R091,sheet-4-R092,sheet-4-R093,sheet-4-R094,sheet-4-R095,sheet-4-R096,sheet-4-R097,sheet-4-R098,sheet-4-R099,sheet-4-R100,sheet-4-R101,sheet-4-R102,sheet-4-R103,sheet-4-R105,sheet-4-R106,sheet-4-R107,sheet-4-R108,sheet-4-R109,sheet-4-R110,sheet-4-R111,sheet-4-R112,sheet-4-R113,sheet-4-R114		"""disp_type"": 1,"
sheet-4-R105	0516	sheet-4	言語コードに紐づいたトップバナーの情報一覧を取得	機能仕様	129	1235	sheet-4-B012			sheet-4-R007,sheet-4-R008,sheet-4-R009,sheet-4-R010,sheet-4-R011,sheet-4-R012,sheet-4-R013,sheet-4-R014,sheet-4-R015,sheet-4-R016,sheet-4-R017,sheet-4-R018,sheet-4-R019,sheet-4-R020,sheet-4-R021,sheet-4-R022,sheet-4-R023,sheet-4-R024,sheet-4-R025,sheet-4-R026,sheet-4-R027,sheet-4-R028,sheet-4-R029,sheet-4-R030,sheet-4-R031,sheet-4-R032,sheet-4-R033,sheet-4-R034,sheet-4-R035,sheet-4-R036,sheet-4-R037,sheet-4-R038,sheet-4-R039,sheet-4-R040,sheet-4-R041,sheet-4-R042,sheet-4-R043,sheet-4-R044,sheet-4-R045,sheet-4-R046,sheet-4-R047,sheet-4-R048,sheet-4-R049,sheet-4-R050,sheet-4-R051,sheet-4-R052,sheet-4-R053,sheet-4-R054,sheet-4-R055,sheet-4-R056,sheet-4-R057,sheet-4-R058,sheet-4-R059,sheet-4-R060,sheet-4-R061,sheet-4-R062,sheet-4-R063,sheet-4-R064,sheet-4-R065,sheet-4-R066,sheet-4-R067,sheet-4-R068,sheet-4-R069,sheet-4-R070,sheet-4-R071,sheet-4-R072,sheet-4-R073,sheet-4-R074,sheet-4-R075,sheet-4-R076,sheet-4-R077,sheet-4-R078,sheet-4-R079,sheet-4-R080,sheet-4-R081,sheet-4-R082,sheet-4-R083,sheet-4-R084,sheet-4-R085,sheet-4-R086,sheet-4-R087,sheet-4-R088,sheet-4-R089,sheet-4-R090,sheet-4-R091,sheet-4-R092,sheet-4-R093,sheet-4-R094,sheet-4-R095,sheet-4-R096,sheet-4-R097,sheet-4-R098,sheet-4-R099,sheet-4-R100,sheet-4-R101,sheet-4-R102,sheet-4-R103,sheet-4-R104,sheet-4-R106,sheet-4-R107,sheet-4-R108,sheet-4-R109,sheet-4-R110,sheet-4-R111,sheet-4-R112,sheet-4-R113,sheet-4-R114		"""languages"": ["
sheet-4-R106	0516	sheet-4	言語コードに紐づいたトップバナーの情報一覧を取得	機能仕様	130	1236	sheet-4-B012			sheet-4-R007,sheet-4-R008,sheet-4-R009,sheet-4-R010,sheet-4-R011,sheet-4-R012,sheet-4-R013,sheet-4-R014,sheet-4-R015,sheet-4-R016,sheet-4-R017,sheet-4-R018,sheet-4-R019,sheet-4-R020,sheet-4-R021,sheet-4-R022,sheet-4-R023,sheet-4-R024,sheet-4-R025,sheet-4-R026,sheet-4-R027,sheet-4-R028,sheet-4-R029,sheet-4-R030,sheet-4-R031,sheet-4-R032,sheet-4-R033,sheet-4-R034,sheet-4-R035,sheet-4-R036,sheet-4-R037,sheet-4-R038,sheet-4-R039,sheet-4-R040,sheet-4-R041,sheet-4-R042,sheet-4-R043,sheet-4-R044,sheet-4-R045,sheet-4-R046,sheet-4-R047,sheet-4-R048,sheet-4-R049,sheet-4-R050,sheet-4-R051,sheet-4-R052,sheet-4-R053,sheet-4-R054,sheet-4-R055,sheet-4-R056,sheet-4-R057,sheet-4-R058,sheet-4-R059,sheet-4-R060,sheet-4-R061,sheet-4-R062,sheet-4-R063,sheet-4-R064,sheet-4-R065,sheet-4-R066,sheet-4-R067,sheet-4-R068,sheet-4-R069,sheet-4-R070,sheet-4-R071,sheet-4-R072,sheet-4-R073,sheet-4-R074,sheet-4-R075,sheet-4-R076,sheet-4-R077,sheet-4-R078,sheet-4-R079,sheet-4-R080,sheet-4-R081,sheet-4-R082,sheet-4-R083,sheet-4-R084,sheet-4-R085,sheet-4-R086,sheet-4-R087,sheet-4-R088,sheet-4-R089,sheet-4-R090,sheet-4-R091,sheet-4-R092,sheet-4-R093,sheet-4-R094,sheet-4-R095,sheet-4-R096,sheet-4-R097,sheet-4-R098,sheet-4-R099,sheet-4-R100,sheet-4-R101,sheet-4-R102,sheet-4-R103,sheet-4-R104,sheet-4-R105,sheet-4-R107,sheet-4-R108,sheet-4-R109,sheet-4-R110,sheet-4-R111,sheet-4-R112,sheet-4-R113,sheet-4-R114		{
sheet-4-R107	0516	sheet-4	言語コードに紐づいたトップバナーの情報一覧を取得	機能仕様	131	1237	sheet-4-B012			sheet-4-R007,sheet-4-R008,sheet-4-R009,sheet-4-R010,sheet-4-R011,sheet-4-R012,sheet-4-R013,sheet-4-R014,sheet-4-R015,sheet-4-R016,sheet-4-R017,sheet-4-R018,sheet-4-R019,sheet-4-R020,sheet-4-R021,sheet-4-R022,sheet-4-R023,sheet-4-R024,sheet-4-R025,sheet-4-R026,sheet-4-R027,sheet-4-R028,sheet-4-R029,sheet-4-R030,sheet-4-R031,sheet-4-R032,sheet-4-R033,sheet-4-R034,sheet-4-R035,sheet-4-R036,sheet-4-R037,sheet-4-R038,sheet-4-R039,sheet-4-R040,sheet-4-R041,sheet-4-R042,sheet-4-R043,sheet-4-R044,sheet-4-R045,sheet-4-R046,sheet-4-R047,sheet-4-R048,sheet-4-R049,sheet-4-R050,sheet-4-R051,sheet-4-R052,sheet-4-R053,sheet-4-R054,sheet-4-R055,sheet-4-R056,sheet-4-R057,sheet-4-R058,sheet-4-R059,sheet-4-R060,sheet-4-R061,sheet-4-R062,sheet-4-R063,sheet-4-R064,sheet-4-R065,sheet-4-R066,sheet-4-R067,sheet-4-R068,sheet-4-R069,sheet-4-R070,sheet-4-R071,sheet-4-R072,sheet-4-R073,sheet-4-R074,sheet-4-R075,sheet-4-R076,sheet-4-R077,sheet-4-R078,sheet-4-R079,sheet-4-R080,sheet-4-R081,sheet-4-R082,sheet-4-R083,sheet-4-R084,sheet-4-R085,sheet-4-R086,sheet-4-R087,sheet-4-R088,sheet-4-R089,sheet-4-R090,sheet-4-R091,sheet-4-R092,sheet-4-R093,sheet-4-R094,sheet-4-R095,sheet-4-R096,sheet-4-R097,sheet-4-R098,sheet-4-R099,sheet-4-R100,sheet-4-R101,sheet-4-R102,sheet-4-R103,sheet-4-R104,sheet-4-R105,sheet-4-R106,sheet-4-R108,sheet-4-R109,sheet-4-R110,sheet-4-R111,sheet-4-R112,sheet-4-R113,sheet-4-R114		"""id"": 1,"
sheet-4-R108	0516	sheet-4	言語コードに紐づいたトップバナーの情報一覧を取得	機能仕様	132	1238	sheet-4-B012			sheet-4-R007,sheet-4-R008,sheet-4-R009,sheet-4-R010,sheet-4-R011,sheet-4-R012,sheet-4-R013,sheet-4-R014,sheet-4-R015,sheet-4-R016,sheet-4-R017,sheet-4-R018,sheet-4-R019,sheet-4-R020,sheet-4-R021,sheet-4-R022,sheet-4-R023,sheet-4-R024,sheet-4-R025,sheet-4-R026,sheet-4-R027,sheet-4-R028,sheet-4-R029,sheet-4-R030,sheet-4-R031,sheet-4-R032,sheet-4-R033,sheet-4-R034,sheet-4-R035,sheet-4-R036,sheet-4-R037,sheet-4-R038,sheet-4-R039,sheet-4-R040,sheet-4-R041,sheet-4-R042,sheet-4-R043,sheet-4-R044,sheet-4-R045,sheet-4-R046,sheet-4-R047,sheet-4-R048,sheet-4-R049,sheet-4-R050,sheet-4-R051,sheet-4-R052,sheet-4-R053,sheet-4-R054,sheet-4-R055,sheet-4-R056,sheet-4-R057,sheet-4-R058,sheet-4-R059,sheet-4-R060,sheet-4-R061,sheet-4-R062,sheet-4-R063,sheet-4-R064,sheet-4-R065,sheet-4-R066,sheet-4-R067,sheet-4-R068,sheet-4-R069,sheet-4-R070,sheet-4-R071,sheet-4-R072,sheet-4-R073,sheet-4-R074,sheet-4-R075,sheet-4-R076,sheet-4-R077,sheet-4-R078,sheet-4-R079,sheet-4-R080,sheet-4-R081,sheet-4-R082,sheet-4-R083,sheet-4-R084,sheet-4-R085,sheet-4-R086,sheet-4-R087,sheet-4-R088,sheet-4-R089,sheet-4-R090,sheet-4-R091,sheet-4-R092,sheet-4-R093,sheet-4-R094,sheet-4-R095,sheet-4-R096,sheet-4-R097,sheet-4-R098,sheet-4-R099,sheet-4-R100,sheet-4-R101,sheet-4-R102,sheet-4-R103,sheet-4-R104,sheet-4-R105,sheet-4-R106,sheet-4-R107,sheet-4-R109,sheet-4-R110,sheet-4-R111,sheet-4-R112,sheet-4-R113,sheet-4-R114		"""name_jp"": ""日本語"","
sheet-4-R109	0516	sheet-4	言語コードに紐づいたトップバナーの情報一覧を取得	機能仕様	133	1239	sheet-4-B012			sheet-4-R007,sheet-4-R008,sheet-4-R009,sheet-4-R010,sheet-4-R011,sheet-4-R012,sheet-4-R013,sheet-4-R014,sheet-4-R015,sheet-4-R016,sheet-4-R017,sheet-4-R018,sheet-4-R019,sheet-4-R020,sheet-4-R021,sheet-4-R022,sheet-4-R023,sheet-4-R024,sheet-4-R025,sheet-4-R026,sheet-4-R027,sheet-4-R028,sheet-4-R029,sheet-4-R030,sheet-4-R031,sheet-4-R032,sheet-4-R033,sheet-4-R034,sheet-4-R035,sheet-4-R036,sheet-4-R037,sheet-4-R038,sheet-4-R039,sheet-4-R040,sheet-4-R041,sheet-4-R042,sheet-4-R043,sheet-4-R044,sheet-4-R045,sheet-4-R046,sheet-4-R047,sheet-4-R048,sheet-4-R049,sheet-4-R050,sheet-4-R051,sheet-4-R052,sheet-4-R053,sheet-4-R054,sheet-4-R055,sheet-4-R056,sheet-4-R057,sheet-4-R058,sheet-4-R059,sheet-4-R060,sheet-4-R061,sheet-4-R062,sheet-4-R063,sheet-4-R064,sheet-4-R065,sheet-4-R066,sheet-4-R067,sheet-4-R068,sheet-4-R069,sheet-4-R070,sheet-4-R071,sheet-4-R072,sheet-4-R073,sheet-4-R074,sheet-4-R075,sheet-4-R076,sheet-4-R077,sheet-4-R078,sheet-4-R079,sheet-4-R080,sheet-4-R081,sheet-4-R082,sheet-4-R083,sheet-4-R084,sheet-4-R085,sheet-4-R086,sheet-4-R087,sheet-4-R088,sheet-4-R089,sheet-4-R090,sheet-4-R091,sheet-4-R092,sheet-4-R093,sheet-4-R094,sheet-4-R095,sheet-4-R096,sheet-4-R097,sheet-4-R098,sheet-4-R099,sheet-4-R100,sheet-4-R101,sheet-4-R102,sheet-4-R103,sheet-4-R104,sheet-4-R105,sheet-4-R106,sheet-4-R107,sheet-4-R108,sheet-4-R110,sheet-4-R111,sheet-4-R112,sheet-4-R113,sheet-4-R114		"""name_en"": ""Japanease"","
sheet-4-R110	0516	sheet-4	言語コードに紐づいたトップバナーの情報一覧を取得	機能仕様	134	1240	sheet-4-B012			sheet-4-R007,sheet-4-R008,sheet-4-R009,sheet-4-R010,sheet-4-R011,sheet-4-R012,sheet-4-R013,sheet-4-R014,sheet-4-R015,sheet-4-R016,sheet-4-R017,sheet-4-R018,sheet-4-R019,sheet-4-R020,sheet-4-R021,sheet-4-R022,sheet-4-R023,sheet-4-R024,sheet-4-R025,sheet-4-R026,sheet-4-R027,sheet-4-R028,sheet-4-R029,sheet-4-R030,sheet-4-R031,sheet-4-R032,sheet-4-R033,sheet-4-R034,sheet-4-R035,sheet-4-R036,sheet-4-R037,sheet-4-R038,sheet-4-R039,sheet-4-R040,sheet-4-R041,sheet-4-R042,sheet-4-R043,sheet-4-R044,sheet-4-R045,sheet-4-R046,sheet-4-R047,sheet-4-R048,sheet-4-R049,sheet-4-R050,sheet-4-R051,sheet-4-R052,sheet-4-R053,sheet-4-R054,sheet-4-R055,sheet-4-R056,sheet-4-R057,sheet-4-R058,sheet-4-R059,sheet-4-R060,sheet-4-R061,sheet-4-R062,sheet-4-R063,sheet-4-R064,sheet-4-R065,sheet-4-R066,sheet-4-R067,sheet-4-R068,sheet-4-R069,sheet-4-R070,sheet-4-R071,sheet-4-R072,sheet-4-R073,sheet-4-R074,sheet-4-R075,sheet-4-R076,sheet-4-R077,sheet-4-R078,sheet-4-R079,sheet-4-R080,sheet-4-R081,sheet-4-R082,sheet-4-R083,sheet-4-R084,sheet-4-R085,sheet-4-R086,sheet-4-R087,sheet-4-R088,sheet-4-R089,sheet-4-R090,sheet-4-R091,sheet-4-R092,sheet-4-R093,sheet-4-R094,sheet-4-R095,sheet-4-R096,sheet-4-R097,sheet-4-R098,sheet-4-R099,sheet-4-R100,sheet-4-R101,sheet-4-R102,sheet-4-R103,sheet-4-R104,sheet-4-R105,sheet-4-R106,sheet-4-R107,sheet-4-R108,sheet-4-R109,sheet-4-R111,sheet-4-R112,sheet-4-R113,sheet-4-R114		"""code"": ""JP"""
sheet-4-R111	0516	sheet-4	言語コードに紐づいたトップバナーの情報一覧を取得	機能仕様	135	1241	sheet-4-B012			sheet-4-R007,sheet-4-R008,sheet-4-R009,sheet-4-R010,sheet-4-R011,sheet-4-R012,sheet-4-R013,sheet-4-R014,sheet-4-R015,sheet-4-R016,sheet-4-R017,sheet-4-R018,sheet-4-R019,sheet-4-R020,sheet-4-R021,sheet-4-R022,sheet-4-R023,sheet-4-R024,sheet-4-R025,sheet-4-R026,sheet-4-R027,sheet-4-R028,sheet-4-R029,sheet-4-R030,sheet-4-R031,sheet-4-R032,sheet-4-R033,sheet-4-R034,sheet-4-R035,sheet-4-R036,sheet-4-R037,sheet-4-R038,sheet-4-R039,sheet-4-R040,sheet-4-R041,sheet-4-R042,sheet-4-R043,sheet-4-R044,sheet-4-R045,sheet-4-R046,sheet-4-R047,sheet-4-R048,sheet-4-R049,sheet-4-R050,sheet-4-R051,sheet-4-R052,sheet-4-R053,sheet-4-R054,sheet-4-R055,sheet-4-R056,sheet-4-R057,sheet-4-R058,sheet-4-R059,sheet-4-R060,sheet-4-R061,sheet-4-R062,sheet-4-R063,sheet-4-R064,sheet-4-R065,sheet-4-R066,sheet-4-R067,sheet-4-R068,sheet-4-R069,sheet-4-R070,sheet-4-R071,sheet-4-R072,sheet-4-R073,sheet-4-R074,sheet-4-R075,sheet-4-R076,sheet-4-R077,sheet-4-R078,sheet-4-R079,sheet-4-R080,sheet-4-R081,sheet-4-R082,sheet-4-R083,sheet-4-R084,sheet-4-R085,sheet-4-R086,sheet-4-R087,sheet-4-R088,sheet-4-R089,sheet-4-R090,sheet-4-R091,sheet-4-R092,sheet-4-R093,sheet-4-R094,sheet-4-R095,sheet-4-R096,sheet-4-R097,sheet-4-R098,sheet-4-R099,sheet-4-R100,sheet-4-R101,sheet-4-R102,sheet-4-R103,sheet-4-R104,sheet-4-R105,sheet-4-R106,sheet-4-R107,sheet-4-R108,sheet-4-R109,sheet-4-R110,sheet-4-R112,sheet-4-R113,sheet-4-R114		}
sheet-4-R112	0516	sheet-4	言語コードに紐づいたトップバナーの情報一覧を取得	機能仕様	136	1242	sheet-4-B012			sheet-4-R007,sheet-4-R008,sheet-4-R009,sheet-4-R010,sheet-4-R011,sheet-4-R012,sheet-4-R013,sheet-4-R014,sheet-4-R015,sheet-4-R016,sheet-4-R017,sheet-4-R018,sheet-4-R019,sheet-4-R020,sheet-4-R021,sheet-4-R022,sheet-4-R023,sheet-4-R024,sheet-4-R025,sheet-4-R026,sheet-4-R027,sheet-4-R028,sheet-4-R029,sheet-4-R030,sheet-4-R031,sheet-4-R032,sheet-4-R033,sheet-4-R034,sheet-4-R035,sheet-4-R036,sheet-4-R037,sheet-4-R038,sheet-4-R039,sheet-4-R040,sheet-4-R041,sheet-4-R042,sheet-4-R043,sheet-4-R044,sheet-4-R045,sheet-4-R046,sheet-4-R047,sheet-4-R048,sheet-4-R049,sheet-4-R050,sheet-4-R051,sheet-4-R052,sheet-4-R053,sheet-4-R054,sheet-4-R055,sheet-4-R056,sheet-4-R057,sheet-4-R058,sheet-4-R059,sheet-4-R060,sheet-4-R061,sheet-4-R062,sheet-4-R063,sheet-4-R064,sheet-4-R065,sheet-4-R066,sheet-4-R067,sheet-4-R068,sheet-4-R069,sheet-4-R070,sheet-4-R071,sheet-4-R072,sheet-4-R073,sheet-4-R074,sheet-4-R075,sheet-4-R076,sheet-4-R077,sheet-4-R078,sheet-4-R079,sheet-4-R080,sheet-4-R081,sheet-4-R082,sheet-4-R083,sheet-4-R084,sheet-4-R085,sheet-4-R086,sheet-4-R087,sheet-4-R088,sheet-4-R089,sheet-4-R090,sheet-4-R091,sheet-4-R092,sheet-4-R093,sheet-4-R094,sheet-4-R095,sheet-4-R096,sheet-4-R097,sheet-4-R098,sheet-4-R099,sheet-4-R100,sheet-4-R101,sheet-4-R102,sheet-4-R103,sheet-4-R104,sheet-4-R105,sheet-4-R106,sheet-4-R107,sheet-4-R108,sheet-4-R109,sheet-4-R110,sheet-4-R111,sheet-4-R113,sheet-4-R114		]
sheet-4-R113	0516	sheet-4	言語コードに紐づいたトップバナーの情報一覧を取得	機能仕様	137	1243	sheet-4-B012			sheet-4-R007,sheet-4-R008,sheet-4-R009,sheet-4-R010,sheet-4-R011,sheet-4-R012,sheet-4-R013,sheet-4-R014,sheet-4-R015,sheet-4-R016,sheet-4-R017,sheet-4-R018,sheet-4-R019,sheet-4-R020,sheet-4-R021,sheet-4-R022,sheet-4-R023,sheet-4-R024,sheet-4-R025,sheet-4-R026,sheet-4-R027,sheet-4-R028,sheet-4-R029,sheet-4-R030,sheet-4-R031,sheet-4-R032,sheet-4-R033,sheet-4-R034,sheet-4-R035,sheet-4-R036,sheet-4-R037,sheet-4-R038,sheet-4-R039,sheet-4-R040,sheet-4-R041,sheet-4-R042,sheet-4-R043,sheet-4-R044,sheet-4-R045,sheet-4-R046,sheet-4-R047,sheet-4-R048,sheet-4-R049,sheet-4-R050,sheet-4-R051,sheet-4-R052,sheet-4-R053,sheet-4-R054,sheet-4-R055,sheet-4-R056,sheet-4-R057,sheet-4-R058,sheet-4-R059,sheet-4-R060,sheet-4-R061,sheet-4-R062,sheet-4-R063,sheet-4-R064,sheet-4-R065,sheet-4-R066,sheet-4-R067,sheet-4-R068,sheet-4-R069,sheet-4-R070,sheet-4-R071,sheet-4-R072,sheet-4-R073,sheet-4-R074,sheet-4-R075,sheet-4-R076,sheet-4-R077,sheet-4-R078,sheet-4-R079,sheet-4-R080,sheet-4-R081,sheet-4-R082,sheet-4-R083,sheet-4-R084,sheet-4-R085,sheet-4-R086,sheet-4-R087,sheet-4-R088,sheet-4-R089,sheet-4-R090,sheet-4-R091,sheet-4-R092,sheet-4-R093,sheet-4-R094,sheet-4-R095,sheet-4-R096,sheet-4-R097,sheet-4-R098,sheet-4-R099,sheet-4-R100,sheet-4-R101,sheet-4-R102,sheet-4-R103,sheet-4-R104,sheet-4-R105,sheet-4-R106,sheet-4-R107,sheet-4-R108,sheet-4-R109,sheet-4-R110,sheet-4-R111,sheet-4-R112,sheet-4-R114		}
sheet-4-R114	0516	sheet-4	言語コードに紐づいたトップバナーの情報一覧を取得	機能仕様	138	1244	sheet-4-B012			sheet-4-R007,sheet-4-R008,sheet-4-R009,sheet-4-R010,sheet-4-R011,sheet-4-R012,sheet-4-R013,sheet-4-R014,sheet-4-R015,sheet-4-R016,sheet-4-R017,sheet-4-R018,sheet-4-R019,sheet-4-R020,sheet-4-R021,sheet-4-R022,sheet-4-R023,sheet-4-R024,sheet-4-R025,sheet-4-R026,sheet-4-R027,sheet-4-R028,sheet-4-R029,sheet-4-R030,sheet-4-R031,sheet-4-R032,sheet-4-R033,sheet-4-R034,sheet-4-R035,sheet-4-R036,sheet-4-R037,sheet-4-R038,sheet-4-R039,sheet-4-R040,sheet-4-R041,sheet-4-R042,sheet-4-R043,sheet-4-R044,sheet-4-R045,sheet-4-R046,sheet-4-R047,sheet-4-R048,sheet-4-R049,sheet-4-R050,sheet-4-R051,sheet-4-R052,sheet-4-R053,sheet-4-R054,sheet-4-R055,sheet-4-R056,sheet-4-R057,sheet-4-R058,sheet-4-R059,sheet-4-R060,sheet-4-R061,sheet-4-R062,sheet-4-R063,sheet-4-R064,sheet-4-R065,sheet-4-R066,sheet-4-R067,sheet-4-R068,sheet-4-R069,sheet-4-R070,sheet-4-R071,sheet-4-R072,sheet-4-R073,sheet-4-R074,sheet-4-R075,sheet-4-R076,sheet-4-R077,sheet-4-R078,sheet-4-R079,sheet-4-R080,sheet-4-R081,sheet-4-R082,sheet-4-R083,sheet-4-R084,sheet-4-R085,sheet-4-R086,sheet-4-R087,sheet-4-R088,sheet-4-R089,sheet-4-R090,sheet-4-R091,sheet-4-R092,sheet-4-R093,sheet-4-R094,sheet-4-R095,sheet-4-R096,sheet-4-R097,sheet-4-R098,sheet-4-R099,sheet-4-R100,sheet-4-R101,sheet-4-R102,sheet-4-R103,sheet-4-R104,sheet-4-R105,sheet-4-R106,sheet-4-R107,sheet-4-R108,sheet-4-R109,sheet-4-R110,sheet-4-R111,sheet-4-R112,sheet-4-R113		]
sheet-4-R115	0516	sheet-4	言語コードに紐づいたトップバナーの情報一覧を取得	現行仕様	142	1248	sheet-4-B013					A16-02 指定言語の設定済みトップバナー一覧を取得 / API データ管理 — 指定言語の設定済みトップバナー一覧を取得
sheet-4-R116	0516	sheet-4	言語コードに紐づいたトップバナーの情報一覧を取得	現行仕様	144	1250	sheet-4-B014			sheet-4-R117,sheet-4-R118		一覧に含めるバナー
sheet-4-R117	0516	sheet-4	言語コードに紐づいたトップバナーの情報一覧を取得	現行仕様	145	1251	sheet-4-B014			sheet-4-R116,sheet-4-R118		画像URLが空文字のバナーは一覧に含めない。表示タイプが0（非表示）のバナーも一覧に含めない。
sheet-4-R118	0516	sheet-4	言語コードに紐づいたトップバナーの情報一覧を取得	現行仕様	146	1252	sheet-4-B014			sheet-4-R116,sheet-4-R117		一覧はバナーIDの昇順で並べる。
sheet-4-R119	0516	sheet-4	言語コードに紐づいたトップバナーの情報一覧を取得	現行仕様	148	1254	sheet-4-B015			sheet-4-R120,sheet-4-R121,sheet-4-R122		受け付けるパス
sheet-4-R120	0516	sheet-4	言語コードに紐づいたトップバナーの情報一覧を取得	現行仕様	149	1255	sheet-4-B015			sheet-4-R119,sheet-4-R121,sheet-4-R122		拡張子を付けないパス（/topBanners/{言語コード}）でも、同じ一覧を返す。
sheet-4-R121	0516	sheet-4	言語コードに紐づいたトップバナーの情報一覧を取得	現行仕様	150	1256	sheet-4-B015			sheet-4-R119,sheet-4-R120,sheet-4-R122		失敗時の応答本文
sheet-4-R122	0516	sheet-4	言語コードに紐づいたトップバナーの情報一覧を取得	現行仕様	151	1257	sheet-4-B015			sheet-4-R119,sheet-4-R120,sheet-4-R121		コード404を返すときの応答本文は、コードとメッセージの2項目を持つ。メッセージは「Language code is not found」である。
sheet-4-R123	0516	sheet-4	言語コードに紐づいたトップバナーの情報一覧を取得	表示メッセージ	154	1260	sheet-4-B016					本APIは画面メッセージを扱わない。
