要求ID	判定	重要度	指摘区分	乖離種別	設計根拠_引用	設計期待値	実装参照	実装実態	判定根拠	画像確認メモ	確信度	根本原因
sheet-1-R001	OUT_OF_SCOPE				晴れる屋様				表紙の宛先表記。実装対象の要求ではない。	画像0枚。表紙・目次のためレイアウト図なし。	high	
sheet-1-R002	OUT_OF_SCOPE				受注管理機能				表紙の機能名表記。実装対象の要求ではない。	画像0枚。表紙・目次のためレイアウト図なし。	high	
sheet-1-R003	OUT_OF_SCOPE				基本設計仕様書				表紙の文書種別表記。実装対象の要求ではない。	画像0枚。表紙・目次のためレイアウト図なし。	high	
sheet-1-R004	OUT_OF_SCOPE				Ver 改訂内容 改訂者 改訂日				改訂履歴表のヘッダ行。実装対象の要求ではない。	画像0枚。表紙・目次のためレイアウト図なし。	high	
sheet-1-R005	OUT_OF_SCOPE				0.1 新規作成 緑川 2025-05-16				改訂履歴の記録。実装対象の要求ではない。	画像0枚。表紙・目次のためレイアウト図なし。	high	
sheet-2-R001	OUT_OF_SCOPE				目次				目次シートの見出し。実装対象の要求ではない。	画像0枚。表紙・目次のためレイアウト図なし。	high	
sheet-2-R002	OUT_OF_SCOPE				API設計書				目次の章見出し。実装対象の要求ではない。	画像0枚。表紙・目次のためレイアウト図なし。	high	
sheet-2-R003	OUT_OF_SCOPE				A05-01 注文印刷_印刷情報をプリンタへ送信				目次の項目行（本文は sheet-3）。実装対象の要求ではない。	画像0枚。表紙・目次のためレイアウト図なし。	high	
sheet-2-R004	OUT_OF_SCOPE				A05-02 注文印刷_該当受注のステータスを印刷済みに変更				目次の項目行（本文は sheet-4）。実装対象の要求ではない。	画像0枚。表紙・目次のためレイアウト図なし。	high	
sheet-2-R005	OUT_OF_SCOPE				A05-03 店頭注文番号取得				目次の項目行（本文は sheet-5）。実装対象の要求ではない。	画像0枚。表紙・目次のためレイアウト図なし。	high	
sheet-2-R006	OUT_OF_SCOPE				A05-04 スマレジ受信処理				目次の項目行（本文は sheet-6）。実装対象の要求ではない。	画像0枚。表紙・目次のためレイアウト図なし。	high	
sheet-3-R001	OUT_OF_SCOPE								処理概要表のメソッド選択肢・有無の凡例行。何がどうなるかを述べていないため要求ではない	本シートは画像0枚（レイアウト図なし）。sheets/sheet-3.txt 本文のみで判定	high	
sheet-3-R002	OUT_OF_SCOPE								処理概要表の項目名セル（値は次行）。単独では要求を述べていない	本シートは画像0枚（レイアウト図なし）。sheets/sheet-3.txt 本文のみで判定	high	
sheet-3-R003	DRIFT	P2	実装違い	IO	現状は印刷完了ステータスに更新するAPI (A05-02)と処理を受けるメソッドが共通で、クエリ「ConnectionType」で処理が分岐しているので、A05-02とエンドポイントを分ける	プリンタは店舗IDを付けたURL /order/prints/{店舗ID} へ要求するだけで、その店舗の未印刷受注の印刷情報を受け取れる。印刷完了の登録は別のURLで受け付ける	src/Eccube/Controller/App/OrderController.php:43	印刷情報の取得は POST /api/order/prints/direct/{base_info_id} の1つの受け口で受け、クエリ ConnectionType が GetRequest のときだけ印刷情報を返す。A05-02（印刷完了ステータス更新）は同じ受け口の SetResponse 分岐で処理されるため、A05-01 と A05-02 が同じURLに同居している（OrderController.php:43,46,48,64）	設計の受け口は /order/prints/{店舗ID}（GET）で A05-02 と分離する前提だが、実装は /api/order/prints/direct/{base_info_id} を POST のみで登録し、A05-02 と同一URLで ConnectionType 分岐している（src/Eccube/Controller/App/OrderController.php:43-77）。実装の git 履歴も「エンドポイントを支店に合わせて修正」で現状の受け口に寄せている	本シートは画像0枚（レイアウト図なし）。sheets/sheet-3.txt 本文のみで判定	high	OrderController-print-route-not-split
sheet-3-R004	OUT_OF_SCOPE								プロトコル・メソッド・認証方式(IP制限)・書式の属性行。通信方式と認可設定は規約により指摘対象外で、URLの不一致はR003に集約した	本シートは画像0枚（レイアウト図なし）。sheets/sheet-3.txt 本文のみで判定	med	
sheet-3-R005	DRIFT	P2	実装違い	ふるまい	本店・支店のシステムを統合するので、注文印刷情報のAPIも処理を一本化する。	本店の店舗IDでも支店の店舗IDでも、同じ抽出条件・同じ印刷内容で印刷情報が返る	src/Eccube/Service/Admin/Order/OrderDirectPrintAction.php:44-48;src/Eccube/Repository/OrderRepository.php:1691-1739;src/Eccube/Repository/OrderRepository.php:1748-1792	印刷情報取得は店舗が本店かどうかで2系統に分かれ、本店は getPrintOrderListMainShop、それ以外は getDirectPrintOrderList を使う。両者の抽出条件は同一でなく、後者にはスムーズ店頭受取の抽出が無い一方で店頭受取にスマレジコード必須が付くなど、店舗の種別で印刷対象が変わる	★カスタマイズは本店・支店の処理を一本化すると述べているが、実装は店舗種別で別条件の抽出を残しており、同じ条件の受注が本店では印刷され支店では印刷されない（src/Eccube/Service/Admin/Order/OrderDirectPrintAction.php:44-48 と src/Eccube/Repository/OrderRepository.php:1709-1727 / src/Eccube/Repository/OrderRepository.php:1750-1792 の条件差）	本シートは画像0枚（レイアウト図なし）。sheets/sheet-3.txt 本文のみで判定	med	OrderDirectPrintAction-shop-branch-not-unified
sheet-3-R006	OUT_OF_SCOPE								プリンタ側の設定変更が必要という運用作業の記述。実装で満たす要求ではない	本シートは画像0枚（レイアウト図なし）。sheets/sheet-3.txt 本文のみで判定	high	
sheet-3-R007	OUT_OF_SCOPE								支店プリンタの設定変更が必要という運用作業の記述。実装で満たす要求ではない	本シートは画像0枚（レイアウト図なし）。sheets/sheet-3.txt 本文のみで判定	high	
sheet-3-R008	OUT_OF_SCOPE								現状の作りを説明する前置き。要求本体は同ブロックのR009（エンドポイントを分ける）で、判定はそちらに集約した	本シートは画像0枚（レイアウト図なし）。sheets/sheet-3.txt 本文のみで判定	high	
sheet-3-R009	DRIFT	P2	実装違い	IO	現状は印刷完了ステータスに更新するAPI (A05-02)と処理を受けるメソッドが共通で、クエリ「ConnectionType」で処理が分岐しているので、A05-02とエンドポイントを分ける	印刷情報の取得と印刷完了の登録は別々のURLで受け付け、1つの受け口でクエリ値により処理が分かれない	src/Eccube/Controller/App/OrderController.php:43-77	印刷情報の取得は POST /api/order/prints/direct/{base_info_id} の1つの受け口で受け、クエリ ConnectionType が GetRequest のときだけ印刷情報を返す。A05-02（印刷完了ステータス更新）は同じ受け口の SetResponse 分岐で処理されるため、A05-01 と A05-02 が同じURLに同居している（OrderController.php:43,46,48,64）	設計は A05-02 と受け口を分けると明記しているが、実装は同一URL・同一処理内で ConnectionType の値により A05-01/A05-02 を分岐しており、現状の作りがそのまま残っている（src/Eccube/Controller/App/OrderController.php:46-77）。R003 と同一の実装欠陥	本シートは画像0枚（レイアウト図なし）。sheets/sheet-3.txt 本文のみで判定	high	OrderController-print-route-not-split
sheet-3-R010	OUT_OF_SCOPE								現状のURL一覧（現状説明）。リニューアル後の要求はR009に記載されており、現状仕様側は対象外	本シートは画像0枚（レイアウト図なし）。sheets/sheet-3.txt 本文のみで判定	high	
sheet-3-R011	OUT_OF_SCOPE								現状のURL一覧と現行ソースのRouting実装に関する注記（現状説明）。対象外	本シートは画像0枚（レイアウト図なし）。sheets/sheet-3.txt 本文のみで判定	high	
sheet-3-R012	OUT_OF_SCOPE								プリンタ側が30秒間隔でアクセスするというプリンタ設定・運用前提の記述。サーバ実装で満たす要求ではない（URL変更の要求はR003/R009に集約）	本シートは画像0枚（レイアウト図なし）。sheets/sheet-3.txt 本文のみで判定	med	
sheet-3-R013	MATCHED						src/Eccube/Controller/App/OrderController.php:43		URLに店舗を一意に識別するIDをパス引数として持つ（src/Eccube/Controller/App/OrderController.php:43 の path に {base_info_id}、requirements で整数のみ許可）。店舗ごとの受注抽出にもこのIDを使う（src/Eccube/Repository/OrderRepository.php:1707,1765）	本シートは画像0枚（レイアウト図なし）。sheets/sheet-3.txt 本文のみで判定	high	
sheet-3-R014	DRIFT	P2	実装違い	ふるまい	・バーコードが印刷されていない問題が発生しないようにするため、注文データをXML形式にする前に受注データにスマレジの商品コードが存在するかどうか確認する	スマレジの商品コードが採番されていない受注は印刷情報に含めず、バーコードが空の伝票が印刷されない	src/Eccube/Repository/OrderRepository.php:1708-1727;src/Eccube/Service/Admin/Order/OrderDirectPrintAction.php:55-58	本店向け抽出はスムーズ店頭受取の分岐にだけ smaregi_code IS NOT NULL を持ち、店頭受取（OTC＋注文受領）とブラウザ印刷フラグの分岐には条件が無い（OrderRepository.php:1710-1726）。印刷データ生成側にもスマレジコードの有無で除外する処理は無く、空のバーコードを含む伝票が出力される（OrderDirectPrintAction.php:55-58,78,135）	★カスタマイズは印刷情報を作る前にスマレジ商品コードの有無を確認すると述べているが、本店向け抽出の店頭受取・ブラウザ印刷分岐にはスマレジコードの条件が無く、印刷データ生成側にも除外が無い（src/Eccube/Repository/OrderRepository.php:1710-1726、src/Eccube/Service/Admin/Order/OrderDirectPrintAction.php:55-58）。支店向け抽出は店頭受取分岐にだけ条件がある（src/Eccube/Repository/OrderRepository.php:1769）	本シートは画像0枚（レイアウト図なし）。sheets/sheet-3.txt 本文のみで判定	med	OrderRepository-mainshop-print-no-smaregi-check
sheet-3-R015	DRIFT	P2	実装違い	ふるまい	スマレジの商品コードが存在しない場合はスマレジコードが採番されていない可能性があるため何もしない	スマレジコードが採番されていない受注については印刷情報を出力しない	src/Eccube/Repository/OrderRepository.php:1708-1727;src/Eccube/Service/Admin/Order/OrderDirectPrintAction.php:55-58	本店向け抽出はスムーズ店頭受取の分岐にだけ smaregi_code IS NOT NULL を持ち、店頭受取（OTC＋注文受領）とブラウザ印刷フラグの分岐には条件が無い（OrderRepository.php:1710-1726）。印刷データ生成側にもスマレジコードの有無で除外する処理は無く、空のバーコードを含む伝票が出力される（OrderDirectPrintAction.php:55-58,78,135）	R014と同一の実装欠陥。スマレジコード未採番の受注を除外する処理が本店向け抽出・印刷データ生成のいずれにも無い（src/Eccube/Repository/OrderRepository.php:1710-1726、src/Eccube/Service/Admin/Order/OrderDirectPrintAction.php:55-58）	本シートは画像0枚（レイアウト図なし）。sheets/sheet-3.txt 本文のみで判定	med	OrderRepository-mainshop-print-no-smaregi-check
sheet-3-R016	MATCHED						src/Eccube/Service/Admin/Order/OrderDirectPrintAction.php:42-60		店舗IDで受注を絞って抽出し（src/Eccube/Repository/OrderRepository.php:1707,1765）、抽出した受注ごとに印刷データを作ってXMLに組み立てて返す（src/Eccube/Service/Admin/Order/OrderDirectPrintAction.php:42-60,159-169）	本シートは画像0枚（レイアウト図なし）。sheets/sheet-3.txt 本文のみで判定	high	
sheet-3-R017	MATCHED						src/Eccube/Service/Admin/Order/OrderDirectPrintAction.php:50-52		抽出結果が空のときは空文字を返す（src/Eccube/Service/Admin/Order/OrderDirectPrintAction.php:50-52）	本シートは画像0枚（レイアウト図なし）。sheets/sheet-3.txt 本文のみで判定	high	
sheet-3-R018	OUT_OF_SCOPE								プリンタXML仕様の参考URLの注記。実装要求ではない	本シートは画像0枚（レイアウト図なし）。sheets/sheet-3.txt 本文のみで判定	high	
sheet-3-R019	NOT_IMPLEMENTED	P3	未実装	ふるまい	・印刷データXMLをログに出力する	プリンタへ返した印刷データXMLがログとして記録され、後から印刷内容を追跡できる	src/Eccube/Controller/App/OrderController.php:44-63;src/Eccube/Service/Admin/Order/OrderDirectPrintAction.php:37-61	印刷情報を返す経路にログ出力が無い。印刷データXMLを書き出す処理は履歴上コメントアウトのまま削除されており（コミット「ログファイル出力に関するコメントアウト部分を削除（対応不要となったため）」）、現在は print_logs も logger 呼び出しも存在しない	実装リポジトリ全体で print_logs / 印刷XMLのログ出力の記述が見つからない。印刷完了更新側(A05-02)にはlogger があるが、印刷情報を返す側（src/Eccube/Controller/App/OrderController.php:44-63、src/Eccube/Service/Admin/Order/OrderDirectPrintAction.php:37-61）には出力が無い	本シートは画像0枚（レイアウト図なし）。sheets/sheet-3.txt 本文のみで判定	high	OrderController-print-xml-log-missing
sheet-3-R020	OUT_OF_SCOPE								「リクエストパラメータ」という表見出し	本シートは画像0枚（レイアウト図なし）。sheets/sheet-3.txt 本文のみで判定	high	
sheet-3-R021	OUT_OF_SCOPE								リクエストパラメータ表のヘッダ行（項目名・型・必須・最大文字数）	本シートは画像0枚（レイアウト図なし）。sheets/sheet-3.txt 本文のみで判定	high	
sheet-3-R022	OUT_OF_SCOPE								リクエストパラメータ表のヘッダ行の折返し（または最大値・入力例・備考）	本シートは画像0枚（レイアウト図なし）。sheets/sheet-3.txt 本文のみで判定	high	
sheet-3-R023	MATCHED						src/Eccube/Controller/App/OrderController.php:43		店舗IDは必須のパス引数で、整数のみ受け付ける（src/Eccube/Controller/App/OrderController.php:43 の requirements: base_info_id => \d+）。この値で対象店舗の受注を抽出する（src/Eccube/Repository/OrderRepository.php:1707,1765）	本シートは画像0枚（レイアウト図なし）。sheets/sheet-3.txt 本文のみで判定	high	
sheet-3-R024	OUT_OF_SCOPE								「リクエストパラメータサンプル」という表見出し	本シートは画像0枚（レイアウト図なし）。sheets/sheet-3.txt 本文のみで判定	high	
sheet-3-R025	OUT_OF_SCOPE								リクエストURLの記載例。要求本体はR003（エンドポイントURL）と同一のため判定はR003に集約した	本シートは画像0枚（レイアウト図なし）。sheets/sheet-3.txt 本文のみで判定	med	
sheet-3-R026	OUT_OF_SCOPE								「ステータスコード」という表見出し	本シートは画像0枚（レイアウト図なし）。sheets/sheet-3.txt 本文のみで判定	high	
sheet-3-R027	OUT_OF_SCOPE								ステータスコード表のヘッダ行（コード・説明）	本シートは画像0枚（レイアウト図なし）。sheets/sheet-3.txt 本文のみで判定	high	
sheet-3-R028	MATCHED						src/Eccube/Controller/App/OrderController.php:57-63		正常時は印刷データ本文を200で返す（src/Eccube/Controller/App/OrderController.php:57-63、StreamedResponse は既定で200）	本シートは画像0枚（レイアウト図なし）。sheets/sheet-3.txt 本文のみで判定	high	
sheet-3-R029	DRIFT	P2	実装違い	IO	コード　説明 200　正常終了 404　店舗ID(shop_id)が無い、整数以外の型、存在しない店舗ID(shop_id)　※支店での処理を踏襲	存在しない店舗IDを指定された要求には404を返し、印刷対象の検索や正常応答へ進まない	src/Eccube/Service/Admin/Order/OrderDirectPrintAction.php:42-52;src/Eccube/Controller/App/OrderController.php:57-63	店舗IDに対応する店舗情報が見つからなくても404にならない。店舗情報が null のときは本店判定に入らず支店向け抽出をそのまま実行し、対象が無ければ空文字を200で返す	店舗IDが無い場合と整数以外の場合はパス引数の整数制約で404になるが、存在しない店舗IDは src/Eccube/Service/Admin/Order/OrderDirectPrintAction.php:42-48 で null のまま処理が続き、src/Eccube/Controller/App/OrderController.php:57-63 が200で応答する。404にする分岐が実装に無い	本シートは画像0枚（レイアウト図なし）。sheets/sheet-3.txt 本文のみで判定	high	OrderDirectPrintAction-missing-baseinfo-not-404
sheet-3-R030	OUT_OF_SCOPE								「レスポンスデータ」という表見出し	本シートは画像0枚（レイアウト図なし）。sheets/sheet-3.txt 本文のみで判定	high	
sheet-3-R031	OUT_OF_SCOPE								レスポンスデータ表のヘッダ行（名前・型・説明）	本シートは画像0枚（レイアウト図なし）。sheets/sheet-3.txt 本文のみで判定	high	
sheet-3-R032	MATCHED						src/Eccube/Service/Admin/Order/OrderDirectPrintAction.php:54-60		抽出した受注1件ごとに印刷レイアウトデータを生成し、受注数分を連結して1つのXMLとして返す（src/Eccube/Service/Admin/Order/OrderDirectPrintAction.php:54-60,159-169）	本シートは画像0枚（レイアウト図なし）。sheets/sheet-3.txt 本文のみで判定	high	
sheet-3-R033	OUT_OF_SCOPE								別表「印刷レイアウトデータの動的変更箇所」への参照指示。個々の要求は同表の各行で判定した	本シートは画像0枚（レイアウト図なし）。sheets/sheet-3.txt 本文のみで判定	high	
sheet-3-R034	OUT_OF_SCOPE								サンプルデータへの参照指示。印刷位置・罫線の判定はレスポンスサンプル各行で行った	本シートは画像0枚（レイアウト図なし）。sheets/sheet-3.txt 本文のみで判定	high	
sheet-3-R035	OUT_OF_SCOPE								「印刷レイアウトデータの動的変更箇所」という表見出し	本シートは画像0枚（レイアウト図なし）。sheets/sheet-3.txt 本文のみで判定	high	
sheet-3-R036	OUT_OF_SCOPE								動的変更箇所表のヘッダ行（名前・型・説明）	本シートは画像0枚（レイアウト図なし）。sheets/sheet-3.txt 本文のみで判定	high	
sheet-3-R037	MATCHED						src/Eccube/Service/Admin/Order/OrderDirectPrintAction.php:85		受注情報IDを印刷ジョブの識別値と注文詳細URLの生成に使う（src/Eccube/Service/Admin/Order/OrderDirectPrintAction.php:85,103）	本シートは画像0枚（レイアウト図なし）。sheets/sheet-3.txt 本文のみで判定	high	
sheet-3-R038	DRIFT	P2	実装違い	IO	受注に店頭注文番号が採番されていないときは空欄にする	店頭注文番号欄には受注の店頭注文番号が印字され、採番されていない受注では空欄になる	src/Eccube/Service/Admin/Order/OrderDirectPrintAction.php:77;src/Eccube/Service/Admin/Order/OrderDirectPrintAction.php:97;src/Eccube/Repository/OrderRepository.php:1708	店頭注文番号欄には受注の注文番号（order_number、購入時に8桁で採番される連番）を印字しており（OrderDirectPrintAction.php:77,97）、店頭注文番号（waiting_number）を印字していない。抽出条件が order_number IS NOT NULL のため、この欄が空欄になることもない（OrderRepository.php:1708,1766,1787）。同じ値を注文番号欄にも印字している（OrderDirectPrintAction.php:117）	動的変更箇所表は店頭注文番号欄に店頭注文番号を出すと定め、現行仕様も未採番なら空欄と定めている。実装は店頭注文番号ではなく注文番号を印字し（src/Eccube/Service/Admin/Order/OrderDirectPrintAction.php:77,97）、注文番号欄（src/Eccube/Service/Admin/Order/OrderDirectPrintAction.php:117）と同じ値が2箇所に印字される。現行ソースでは店頭注文番号欄に店頭注文番号（waiting number）を印字していた	本シートは画像0枚（レイアウト図なし）。sheets/sheet-3.txt 本文のみで判定	med	OrderDirectPrintAction-otc-number-not-waiting-number
sheet-3-R039	MATCHED						src/Eccube/Service/Admin/Order/OrderDirectPrintAction.php:103		管理画面の受注詳細ページのURLをQRコードとして印字する（src/Eccube/Service/Admin/Order/OrderDirectPrintAction.php:103）	本シートは画像0枚（レイアウト図なし）。sheets/sheet-3.txt 本文のみで判定	high	
sheet-3-R040	MATCHED						src/Eccube/Service/Admin/Order/OrderDirectPrintAction.php:76,105		受注の問合せ（message）に値があれば「問い合わせ有」、無ければ空文字を備考欄に印字する（src/Eccube/Service/Admin/Order/OrderDirectPrintAction.php:76,105、src/Eccube/Repository/OrderRepository.php:1704,1761）	本シートは画像0枚（レイアウト図なし）。sheets/sheet-3.txt 本文のみで判定	high	
sheet-3-R041	MATCHED						src/Eccube/Service/Admin/Order/OrderDirectPrintAction.php:73,111		注文日を年月日の区切り付き書式で印字する（src/Eccube/Service/Admin/Order/OrderDirectPrintAction.php:73,111）。時刻も併記されるが書式は現行ソースと同一	本シートは画像0枚（レイアウト図なし）。sheets/sheet-3.txt 本文のみで判定	med	
sheet-3-R042	MATCHED						src/Eccube/Service/Admin/Order/OrderDirectPrintAction.php:117		注文番号（order_number）を注文番号欄に印字する（src/Eccube/Service/Admin/Order/OrderDirectPrintAction.php:77,117、src/Eccube/Repository/OrderRepository.php:1697）。サンプルの変数名 order_no との差は内部の名称差	本シートは画像0枚（レイアウト図なし）。sheets/sheet-3.txt 本文のみで判定	med	
sheet-3-R043	MATCHED						src/Eccube/Service/Admin/Order/OrderDirectPrintAction.php:75,123		お客様名欄にカナ氏名（無ければ氏名）を印字する（src/Eccube/Service/Admin/Order/OrderDirectPrintAction.php:75,123）。カナ無し時の取扱いはR129で判定	本シートは画像0枚（レイアウト図なし）。sheets/sheet-3.txt 本文のみで判定	high	
sheet-3-R044	DRIFT	P2	実装違い	IO	注文の合計金額。ただしスムーズ店頭受取の場合、「スムーズ店頭受取」と表示	スムーズ店頭受取の受注では、合計金額欄に金額ではなく「スムーズ店頭受取」と印字される	src/Eccube/Service/Admin/Order/OrderDirectPrintAction.php:74;src/Eccube/Service/Admin/Order/OrderDirectPrintAction.php:129	印刷データ生成は受注の合計金額をそのまま合計金額欄へ印字する。配送がスムーズ店頭受取かを見て文言へ置き換える処理が無く、抽出結果にも配送種別が含まれていない	src/Eccube/Service/Admin/Order/OrderDirectPrintAction.php:74 で合計金額を設定し src/Eccube/Service/Admin/Order/OrderDirectPrintAction.php:129 でそのまま印字している。スムーズ店頭受取の判定は抽出条件にしか現れず（src/Eccube/Repository/OrderRepository.php:1715）、印刷データ生成側に文言差し替えが無い	本シートは画像0枚（レイアウト図なし）。sheets/sheet-3.txt 本文のみで判定	high	OrderDirectPrintAction-smooth-otc-payment-total-label
sheet-3-R045	MATCHED						src/Eccube/Service/Admin/Order/OrderDirectPrintAction.php:135		スマレジコードをバーコード（jan13）として印字する（src/Eccube/Service/Admin/Order/OrderDirectPrintAction.php:78,135）	本シートは画像0枚（レイアウト図なし）。sheets/sheet-3.txt 本文のみで判定	high	
sheet-3-R046	MATCHED						src/Eccube/Service/Admin/Order/OrderDirectPrintAction.php:137		高額欄は固定値「□」を印字する（src/Eccube/Repository/OrderRepository.php:1702,1759 で '□' を返し、src/Eccube/Service/Admin/Order/OrderDirectPrintAction.php:137 で印字）	本シートは画像0枚（レイアウト図なし）。sheets/sheet-3.txt 本文のみで判定	high	
sheet-3-R047	OUT_OF_SCOPE								固定値になっている理由の補足説明（背景説明）。実装要求ではない	本シートは画像0枚（レイアウト図なし）。sheets/sheet-3.txt 本文のみで判定	high	
sheet-3-R048	OUT_OF_SCOPE								「レスポンスデータサンプル」という表見出し	本シートは画像0枚（レイアウト図なし）。sheets/sheet-3.txt 本文のみで判定	high	
sheet-3-R049	MATCHED						src/Eccube/Service/Admin/Order/OrderDirectPrintAction.php:164		レスポンスサンプルの当該行と同一の内容を印刷データ生成が出力する（src/Eccube/Service/Admin/Order/OrderDirectPrintAction.php:164）	本シートは画像0枚（レイアウト図なし）。sheets/sheet-3.txt 本文のみで判定	high	
sheet-3-R050	MATCHED						src/Eccube/Service/Admin/Order/OrderDirectPrintAction.php:165		レスポンスサンプルの当該行と同一の内容を印刷データ生成が出力する（src/Eccube/Service/Admin/Order/OrderDirectPrintAction.php:165）	本シートは画像0枚（レイアウト図なし）。sheets/sheet-3.txt 本文のみで判定	high	
sheet-3-R051	MATCHED						src/Eccube/Service/Admin/Order/OrderDirectPrintAction.php:81		レスポンスサンプルの当該行と同一の内容を印刷データ生成が出力する（src/Eccube/Service/Admin/Order/OrderDirectPrintAction.php:81）	本シートは画像0枚（レイアウト図なし）。sheets/sheet-3.txt 本文のみで判定	high	
sheet-3-R052	MATCHED						src/Eccube/Service/Admin/Order/OrderDirectPrintAction.php:82		レスポンスサンプルの当該行と同一の内容を印刷データ生成が出力する（src/Eccube/Service/Admin/Order/OrderDirectPrintAction.php:82）	本シートは画像0枚（レイアウト図なし）。sheets/sheet-3.txt 本文のみで判定	high	
sheet-3-R053	MATCHED						src/Eccube/Service/Admin/Order/OrderDirectPrintAction.php:83		レスポンスサンプルの当該行と同一の内容を印刷データ生成が出力する（src/Eccube/Service/Admin/Order/OrderDirectPrintAction.php:83）	本シートは画像0枚（レイアウト図なし）。sheets/sheet-3.txt 本文のみで判定	high	
sheet-3-R054	MATCHED						src/Eccube/Service/Admin/Order/OrderDirectPrintAction.php:84		レスポンスサンプルの当該行と同一の内容を印刷データ生成が出力する（src/Eccube/Service/Admin/Order/OrderDirectPrintAction.php:84）	本シートは画像0枚（レイアウト図なし）。sheets/sheet-3.txt 本文のみで判定	high	
sheet-3-R055	MATCHED						src/Eccube/Service/Admin/Order/OrderDirectPrintAction.php:85		レスポンスサンプルの当該行と同一の内容を印刷データ生成が出力する（src/Eccube/Service/Admin/Order/OrderDirectPrintAction.php:85）	本シートは画像0枚（レイアウト図なし）。sheets/sheet-3.txt 本文のみで判定	high	
sheet-3-R056	MATCHED						src/Eccube/Service/Admin/Order/OrderDirectPrintAction.php:86		レスポンスサンプルの当該行と同一の内容を印刷データ生成が出力する（src/Eccube/Service/Admin/Order/OrderDirectPrintAction.php:86）	本シートは画像0枚（レイアウト図なし）。sheets/sheet-3.txt 本文のみで判定	high	
sheet-3-R057	MATCHED						src/Eccube/Service/Admin/Order/OrderDirectPrintAction.php:87		レスポンスサンプルの当該行と同一の内容を印刷データ生成が出力する（src/Eccube/Service/Admin/Order/OrderDirectPrintAction.php:87）	本シートは画像0枚（レイアウト図なし）。sheets/sheet-3.txt 本文のみで判定	high	
sheet-3-R058	MATCHED						src/Eccube/Service/Admin/Order/OrderDirectPrintAction.php:88		レスポンスサンプルの当該行と同一の内容を印刷データ生成が出力する（src/Eccube/Service/Admin/Order/OrderDirectPrintAction.php:88）	本シートは画像0枚（レイアウト図なし）。sheets/sheet-3.txt 本文のみで判定	high	
sheet-3-R059	MATCHED						src/Eccube/Service/Admin/Order/OrderDirectPrintAction.php:89		レスポンスサンプルの当該行と同一の内容を印刷データ生成が出力する（src/Eccube/Service/Admin/Order/OrderDirectPrintAction.php:89）	本シートは画像0枚（レイアウト図なし）。sheets/sheet-3.txt 本文のみで判定	high	
sheet-3-R060	MATCHED						src/Eccube/Service/Admin/Order/OrderDirectPrintAction.php:90		レスポンスサンプルの当該行と同一の内容を印刷データ生成が出力する（src/Eccube/Service/Admin/Order/OrderDirectPrintAction.php:90）	本シートは画像0枚（レイアウト図なし）。sheets/sheet-3.txt 本文のみで判定	high	
sheet-3-R061	MATCHED						src/Eccube/Service/Admin/Order/OrderDirectPrintAction.php:91		レスポンスサンプルの当該行と同一の内容を印刷データ生成が出力する（src/Eccube/Service/Admin/Order/OrderDirectPrintAction.php:91）	本シートは画像0枚（レイアウト図なし）。sheets/sheet-3.txt 本文のみで判定	high	
sheet-3-R062	MATCHED						src/Eccube/Service/Admin/Order/OrderDirectPrintAction.php:92		レスポンスサンプルの当該行と同一の内容を印刷データ生成が出力する（src/Eccube/Service/Admin/Order/OrderDirectPrintAction.php:92）	本シートは画像0枚（レイアウト図なし）。sheets/sheet-3.txt 本文のみで判定	high	
sheet-3-R063	MATCHED						src/Eccube/Service/Admin/Order/OrderDirectPrintAction.php:93		レスポンスサンプルの当該行と同一の内容を印刷データ生成が出力する（src/Eccube/Service/Admin/Order/OrderDirectPrintAction.php:93）	本シートは画像0枚（レイアウト図なし）。sheets/sheet-3.txt 本文のみで判定	high	
sheet-3-R064	MATCHED						src/Eccube/Service/Admin/Order/OrderDirectPrintAction.php:94		レスポンスサンプルの当該行と同一の内容を印刷データ生成が出力する（src/Eccube/Service/Admin/Order/OrderDirectPrintAction.php:94）	本シートは画像0枚（レイアウト図なし）。sheets/sheet-3.txt 本文のみで判定	high	
sheet-3-R065	MATCHED						src/Eccube/Service/Admin/Order/OrderDirectPrintAction.php:95		レスポンスサンプルの当該行と同一の内容を印刷データ生成が出力する（src/Eccube/Service/Admin/Order/OrderDirectPrintAction.php:95）	本シートは画像0枚（レイアウト図なし）。sheets/sheet-3.txt 本文のみで判定	high	
sheet-3-R066	MATCHED						src/Eccube/Service/Admin/Order/OrderDirectPrintAction.php:96		レスポンスサンプルの当該行と同一の内容を印刷データ生成が出力する（src/Eccube/Service/Admin/Order/OrderDirectPrintAction.php:96）	本シートは画像0枚（レイアウト図なし）。sheets/sheet-3.txt 本文のみで判定	high	
sheet-3-R067	MATCHED						src/Eccube/Service/Admin/Order/OrderDirectPrintAction.php:97		レスポンスサンプルの当該行と同一の内容を印刷データ生成が出力する（src/Eccube/Service/Admin/Order/OrderDirectPrintAction.php:97）。この行の値は注文番号を印字している。店頭注文番号欄の印字内容の乖離はR038/R130で判定した	本シートは画像0枚（レイアウト図なし）。sheets/sheet-3.txt 本文のみで判定	high	
sheet-3-R068	MATCHED						src/Eccube/Service/Admin/Order/OrderDirectPrintAction.php:98		レスポンスサンプルの当該行と同一の内容を印刷データ生成が出力する（src/Eccube/Service/Admin/Order/OrderDirectPrintAction.php:98）	本シートは画像0枚（レイアウト図なし）。sheets/sheet-3.txt 本文のみで判定	high	
sheet-3-R069	MATCHED						src/Eccube/Service/Admin/Order/OrderDirectPrintAction.php:99		レスポンスサンプルの当該行と同一の内容を印刷データ生成が出力する（src/Eccube/Service/Admin/Order/OrderDirectPrintAction.php:99）	本シートは画像0枚（レイアウト図なし）。sheets/sheet-3.txt 本文のみで判定	high	
sheet-3-R070	MATCHED						src/Eccube/Service/Admin/Order/OrderDirectPrintAction.php:100		レスポンスサンプルの当該行と同一の内容を印刷データ生成が出力する（src/Eccube/Service/Admin/Order/OrderDirectPrintAction.php:100）	本シートは画像0枚（レイアウト図なし）。sheets/sheet-3.txt 本文のみで判定	high	
sheet-3-R071	MATCHED						src/Eccube/Service/Admin/Order/OrderDirectPrintAction.php:101		レスポンスサンプルの当該行と同一の内容を印刷データ生成が出力する（src/Eccube/Service/Admin/Order/OrderDirectPrintAction.php:101）	本シートは画像0枚（レイアウト図なし）。sheets/sheet-3.txt 本文のみで判定	high	
sheet-3-R072	MATCHED						src/Eccube/Service/Admin/Order/OrderDirectPrintAction.php:102		レスポンスサンプルの当該行と同一の内容を印刷データ生成が出力する（src/Eccube/Service/Admin/Order/OrderDirectPrintAction.php:102）	本シートは画像0枚（レイアウト図なし）。sheets/sheet-3.txt 本文のみで判定	high	
sheet-3-R073	MATCHED						src/Eccube/Service/Admin/Order/OrderDirectPrintAction.php:103		レスポンスサンプルの当該行と同一の内容を印刷データ生成が出力する（src/Eccube/Service/Admin/Order/OrderDirectPrintAction.php:103）	本シートは画像0枚（レイアウト図なし）。sheets/sheet-3.txt 本文のみで判定	high	
sheet-3-R074	MATCHED						src/Eccube/Service/Admin/Order/OrderDirectPrintAction.php:104		レスポンスサンプルの当該行と同一の内容を印刷データ生成が出力する（src/Eccube/Service/Admin/Order/OrderDirectPrintAction.php:104）	本シートは画像0枚（レイアウト図なし）。sheets/sheet-3.txt 本文のみで判定	high	
sheet-3-R075	MATCHED						src/Eccube/Service/Admin/Order/OrderDirectPrintAction.php:105		レスポンスサンプルの当該行と同一の内容を印刷データ生成が出力する（src/Eccube/Service/Admin/Order/OrderDirectPrintAction.php:105）	本シートは画像0枚（レイアウト図なし）。sheets/sheet-3.txt 本文のみで判定	high	
sheet-3-R076	MATCHED						src/Eccube/Service/Admin/Order/OrderDirectPrintAction.php:106		レスポンスサンプルの当該行と同一の内容を印刷データ生成が出力する（src/Eccube/Service/Admin/Order/OrderDirectPrintAction.php:106）	本シートは画像0枚（レイアウト図なし）。sheets/sheet-3.txt 本文のみで判定	high	
sheet-3-R077	MATCHED						src/Eccube/Service/Admin/Order/OrderDirectPrintAction.php:107		レスポンスサンプルの当該行と同一の内容を印刷データ生成が出力する（src/Eccube/Service/Admin/Order/OrderDirectPrintAction.php:107）	本シートは画像0枚（レイアウト図なし）。sheets/sheet-3.txt 本文のみで判定	high	
sheet-3-R078	MATCHED						src/Eccube/Service/Admin/Order/OrderDirectPrintAction.php:108		レスポンスサンプルの当該行と同一の内容を印刷データ生成が出力する（src/Eccube/Service/Admin/Order/OrderDirectPrintAction.php:108）	本シートは画像0枚（レイアウト図なし）。sheets/sheet-3.txt 本文のみで判定	high	
sheet-3-R079	MATCHED						src/Eccube/Service/Admin/Order/OrderDirectPrintAction.php:109		レスポンスサンプルの当該行と同一の内容を印刷データ生成が出力する（src/Eccube/Service/Admin/Order/OrderDirectPrintAction.php:109）	本シートは画像0枚（レイアウト図なし）。sheets/sheet-3.txt 本文のみで判定	high	
sheet-3-R080	MATCHED						src/Eccube/Service/Admin/Order/OrderDirectPrintAction.php:110		レスポンスサンプルの当該行と同一の内容を印刷データ生成が出力する（src/Eccube/Service/Admin/Order/OrderDirectPrintAction.php:110）	本シートは画像0枚（レイアウト図なし）。sheets/sheet-3.txt 本文のみで判定	high	
sheet-3-R081	MATCHED						src/Eccube/Service/Admin/Order/OrderDirectPrintAction.php:111		レスポンスサンプルの当該行と同一の内容を印刷データ生成が出力する（src/Eccube/Service/Admin/Order/OrderDirectPrintAction.php:111）	本シートは画像0枚（レイアウト図なし）。sheets/sheet-3.txt 本文のみで判定	high	
sheet-3-R082	MATCHED						src/Eccube/Service/Admin/Order/OrderDirectPrintAction.php:112		レスポンスサンプルの当該行と同一の内容を印刷データ生成が出力する（src/Eccube/Service/Admin/Order/OrderDirectPrintAction.php:112）	本シートは画像0枚（レイアウト図なし）。sheets/sheet-3.txt 本文のみで判定	high	
sheet-3-R083	MATCHED						src/Eccube/Service/Admin/Order/OrderDirectPrintAction.php:113		レスポンスサンプルの当該行と同一の内容を印刷データ生成が出力する（src/Eccube/Service/Admin/Order/OrderDirectPrintAction.php:113）	本シートは画像0枚（レイアウト図なし）。sheets/sheet-3.txt 本文のみで判定	high	
sheet-3-R084	MATCHED						src/Eccube/Service/Admin/Order/OrderDirectPrintAction.php:114		レスポンスサンプルの当該行と同一の内容を印刷データ生成が出力する（src/Eccube/Service/Admin/Order/OrderDirectPrintAction.php:114）	本シートは画像0枚（レイアウト図なし）。sheets/sheet-3.txt 本文のみで判定	high	
sheet-3-R085	MATCHED						src/Eccube/Service/Admin/Order/OrderDirectPrintAction.php:115		レスポンスサンプルの当該行と同一の内容を印刷データ生成が出力する（src/Eccube/Service/Admin/Order/OrderDirectPrintAction.php:115）	本シートは画像0枚（レイアウト図なし）。sheets/sheet-3.txt 本文のみで判定	high	
sheet-3-R086	MATCHED						src/Eccube/Service/Admin/Order/OrderDirectPrintAction.php:116		レスポンスサンプルの当該行と同一の内容を印刷データ生成が出力する（src/Eccube/Service/Admin/Order/OrderDirectPrintAction.php:116）	本シートは画像0枚（レイアウト図なし）。sheets/sheet-3.txt 本文のみで判定	high	
sheet-3-R087	MATCHED						src/Eccube/Service/Admin/Order/OrderDirectPrintAction.php:117		レスポンスサンプルの当該行と同一の内容を印刷データ生成が出力する（src/Eccube/Service/Admin/Order/OrderDirectPrintAction.php:117）	本シートは画像0枚（レイアウト図なし）。sheets/sheet-3.txt 本文のみで判定	high	
sheet-3-R088	MATCHED						src/Eccube/Service/Admin/Order/OrderDirectPrintAction.php:118		レスポンスサンプルの当該行と同一の内容を印刷データ生成が出力する（src/Eccube/Service/Admin/Order/OrderDirectPrintAction.php:118）	本シートは画像0枚（レイアウト図なし）。sheets/sheet-3.txt 本文のみで判定	high	
sheet-3-R089	MATCHED						src/Eccube/Service/Admin/Order/OrderDirectPrintAction.php:119		レスポンスサンプルの当該行と同一の内容を印刷データ生成が出力する（src/Eccube/Service/Admin/Order/OrderDirectPrintAction.php:119）	本シートは画像0枚（レイアウト図なし）。sheets/sheet-3.txt 本文のみで判定	high	
sheet-3-R090	MATCHED						src/Eccube/Service/Admin/Order/OrderDirectPrintAction.php:120		レスポンスサンプルの当該行と同一の内容を印刷データ生成が出力する（src/Eccube/Service/Admin/Order/OrderDirectPrintAction.php:120）	本シートは画像0枚（レイアウト図なし）。sheets/sheet-3.txt 本文のみで判定	high	
sheet-3-R091	MATCHED						src/Eccube/Service/Admin/Order/OrderDirectPrintAction.php:121		レスポンスサンプルの当該行と同一の内容を印刷データ生成が出力する（src/Eccube/Service/Admin/Order/OrderDirectPrintAction.php:121）	本シートは画像0枚（レイアウト図なし）。sheets/sheet-3.txt 本文のみで判定	high	
sheet-3-R092	MATCHED						src/Eccube/Service/Admin/Order/OrderDirectPrintAction.php:122		レスポンスサンプルの当該行と同一の内容を印刷データ生成が出力する（src/Eccube/Service/Admin/Order/OrderDirectPrintAction.php:122）	本シートは画像0枚（レイアウト図なし）。sheets/sheet-3.txt 本文のみで判定	high	
sheet-3-R093	MATCHED						src/Eccube/Service/Admin/Order/OrderDirectPrintAction.php:123		レスポンスサンプルの当該行と同一の内容を印刷データ生成が出力する（src/Eccube/Service/Admin/Order/OrderDirectPrintAction.php:123）	本シートは画像0枚（レイアウト図なし）。sheets/sheet-3.txt 本文のみで判定	high	
sheet-3-R094	MATCHED						src/Eccube/Service/Admin/Order/OrderDirectPrintAction.php:124		レスポンスサンプルの当該行と同一の内容を印刷データ生成が出力する（src/Eccube/Service/Admin/Order/OrderDirectPrintAction.php:124）	本シートは画像0枚（レイアウト図なし）。sheets/sheet-3.txt 本文のみで判定	high	
sheet-3-R095	MATCHED						src/Eccube/Service/Admin/Order/OrderDirectPrintAction.php:125		レスポンスサンプルの当該行と同一の内容を印刷データ生成が出力する（src/Eccube/Service/Admin/Order/OrderDirectPrintAction.php:125）	本シートは画像0枚（レイアウト図なし）。sheets/sheet-3.txt 本文のみで判定	high	
sheet-3-R096	MATCHED						src/Eccube/Service/Admin/Order/OrderDirectPrintAction.php:126		レスポンスサンプルの当該行と同一の内容を印刷データ生成が出力する（src/Eccube/Service/Admin/Order/OrderDirectPrintAction.php:126）	本シートは画像0枚（レイアウト図なし）。sheets/sheet-3.txt 本文のみで判定	high	
sheet-3-R097	MATCHED						src/Eccube/Service/Admin/Order/OrderDirectPrintAction.php:127		レスポンスサンプルの当該行と同一の内容を印刷データ生成が出力する（src/Eccube/Service/Admin/Order/OrderDirectPrintAction.php:127）	本シートは画像0枚（レイアウト図なし）。sheets/sheet-3.txt 本文のみで判定	high	
sheet-3-R098	MATCHED						src/Eccube/Service/Admin/Order/OrderDirectPrintAction.php:128		レスポンスサンプルの当該行と同一の内容を印刷データ生成が出力する（src/Eccube/Service/Admin/Order/OrderDirectPrintAction.php:128）	本シートは画像0枚（レイアウト図なし）。sheets/sheet-3.txt 本文のみで判定	high	
sheet-3-R099	MATCHED						src/Eccube/Service/Admin/Order/OrderDirectPrintAction.php:129		レスポンスサンプルの当該行と同一の内容を印刷データ生成が出力する（src/Eccube/Service/Admin/Order/OrderDirectPrintAction.php:129）。この行の値の算出（スムーズ店頭受取時の文言差替）の乖離はR044で判定した	本シートは画像0枚（レイアウト図なし）。sheets/sheet-3.txt 本文のみで判定	high	
sheet-3-R100	MATCHED						src/Eccube/Service/Admin/Order/OrderDirectPrintAction.php:130		レスポンスサンプルの当該行と同一の内容を印刷データ生成が出力する（src/Eccube/Service/Admin/Order/OrderDirectPrintAction.php:130）	本シートは画像0枚（レイアウト図なし）。sheets/sheet-3.txt 本文のみで判定	high	
sheet-3-R101	MATCHED						src/Eccube/Service/Admin/Order/OrderDirectPrintAction.php:131		レスポンスサンプルの当該行と同一の内容を印刷データ生成が出力する（src/Eccube/Service/Admin/Order/OrderDirectPrintAction.php:131）	本シートは画像0枚（レイアウト図なし）。sheets/sheet-3.txt 本文のみで判定	high	
sheet-3-R102	MATCHED						src/Eccube/Service/Admin/Order/OrderDirectPrintAction.php:132		レスポンスサンプルの当該行と同一の内容を印刷データ生成が出力する（src/Eccube/Service/Admin/Order/OrderDirectPrintAction.php:132）	本シートは画像0枚（レイアウト図なし）。sheets/sheet-3.txt 本文のみで判定	high	
sheet-3-R103	MATCHED						src/Eccube/Service/Admin/Order/OrderDirectPrintAction.php:133		レスポンスサンプルの当該行と同一の内容を印刷データ生成が出力する（src/Eccube/Service/Admin/Order/OrderDirectPrintAction.php:133）	本シートは画像0枚（レイアウト図なし）。sheets/sheet-3.txt 本文のみで判定	high	
sheet-3-R104	MATCHED						src/Eccube/Service/Admin/Order/OrderDirectPrintAction.php:134		レスポンスサンプルの当該行と同一の内容を印刷データ生成が出力する（src/Eccube/Service/Admin/Order/OrderDirectPrintAction.php:134）	本シートは画像0枚（レイアウト図なし）。sheets/sheet-3.txt 本文のみで判定	high	
sheet-3-R105	MATCHED						src/Eccube/Service/Admin/Order/OrderDirectPrintAction.php:135		レスポンスサンプルの当該行と同一の内容を印刷データ生成が出力する（src/Eccube/Service/Admin/Order/OrderDirectPrintAction.php:135）	本シートは画像0枚（レイアウト図なし）。sheets/sheet-3.txt 本文のみで判定	high	
sheet-3-R106	MATCHED						src/Eccube/Service/Admin/Order/OrderDirectPrintAction.php:136		レスポンスサンプルの当該行と同一の内容を印刷データ生成が出力する（src/Eccube/Service/Admin/Order/OrderDirectPrintAction.php:136）	本シートは画像0枚（レイアウト図なし）。sheets/sheet-3.txt 本文のみで判定	high	
sheet-3-R107	MATCHED						src/Eccube/Service/Admin/Order/OrderDirectPrintAction.php:137		レスポンスサンプルの当該行と同一の内容を印刷データ生成が出力する（src/Eccube/Service/Admin/Order/OrderDirectPrintAction.php:137）	本シートは画像0枚（レイアウト図なし）。sheets/sheet-3.txt 本文のみで判定	high	
sheet-3-R108	MATCHED						src/Eccube/Service/Admin/Order/OrderDirectPrintAction.php:138		レスポンスサンプルの当該行と同一の内容を印刷データ生成が出力する（src/Eccube/Service/Admin/Order/OrderDirectPrintAction.php:138）	本シートは画像0枚（レイアウト図なし）。sheets/sheet-3.txt 本文のみで判定	high	
sheet-3-R109	MATCHED						src/Eccube/Service/Admin/Order/OrderDirectPrintAction.php:139		レスポンスサンプルの当該行と同一の内容を印刷データ生成が出力する（src/Eccube/Service/Admin/Order/OrderDirectPrintAction.php:139）	本シートは画像0枚（レイアウト図なし）。sheets/sheet-3.txt 本文のみで判定	high	
sheet-3-R110	MATCHED						src/Eccube/Service/Admin/Order/OrderDirectPrintAction.php:140		レスポンスサンプルの当該行と同一の内容を印刷データ生成が出力する（src/Eccube/Service/Admin/Order/OrderDirectPrintAction.php:140）	本シートは画像0枚（レイアウト図なし）。sheets/sheet-3.txt 本文のみで判定	high	
sheet-3-R111	MATCHED						src/Eccube/Service/Admin/Order/OrderDirectPrintAction.php:141		レスポンスサンプルの当該行と同一の内容を印刷データ生成が出力する（src/Eccube/Service/Admin/Order/OrderDirectPrintAction.php:141）	本シートは画像0枚（レイアウト図なし）。sheets/sheet-3.txt 本文のみで判定	high	
sheet-3-R112	MATCHED						src/Eccube/Service/Admin/Order/OrderDirectPrintAction.php:142		レスポンスサンプルの当該行と同一の内容を印刷データ生成が出力する（src/Eccube/Service/Admin/Order/OrderDirectPrintAction.php:142）	本シートは画像0枚（レイアウト図なし）。sheets/sheet-3.txt 本文のみで判定	high	
sheet-3-R113	MATCHED						src/Eccube/Service/Admin/Order/OrderDirectPrintAction.php:143		レスポンスサンプルの当該行と同一の内容を印刷データ生成が出力する（src/Eccube/Service/Admin/Order/OrderDirectPrintAction.php:143）	本シートは画像0枚（レイアウト図なし）。sheets/sheet-3.txt 本文のみで判定	high	
sheet-3-R114	MATCHED						src/Eccube/Service/Admin/Order/OrderDirectPrintAction.php:144		レスポンスサンプルの当該行と同一の内容を印刷データ生成が出力する（src/Eccube/Service/Admin/Order/OrderDirectPrintAction.php:144）	本シートは画像0枚（レイアウト図なし）。sheets/sheet-3.txt 本文のみで判定	high	
sheet-3-R115	MATCHED						src/Eccube/Service/Admin/Order/OrderDirectPrintAction.php:145		レスポンスサンプルの当該行と同一の内容を印刷データ生成が出力する（src/Eccube/Service/Admin/Order/OrderDirectPrintAction.php:145）	本シートは画像0枚（レイアウト図なし）。sheets/sheet-3.txt 本文のみで判定	high	
sheet-3-R116	MATCHED						src/Eccube/Service/Admin/Order/OrderDirectPrintAction.php:146		レスポンスサンプルの当該行と同一の内容を印刷データ生成が出力する（src/Eccube/Service/Admin/Order/OrderDirectPrintAction.php:146）	本シートは画像0枚（レイアウト図なし）。sheets/sheet-3.txt 本文のみで判定	high	
sheet-3-R117	MATCHED						src/Eccube/Service/Admin/Order/OrderDirectPrintAction.php:147		レスポンスサンプルの当該行と同一の内容を印刷データ生成が出力する（src/Eccube/Service/Admin/Order/OrderDirectPrintAction.php:147）	本シートは画像0枚（レイアウト図なし）。sheets/sheet-3.txt 本文のみで判定	high	
sheet-3-R118	MATCHED						src/Eccube/Service/Admin/Order/OrderDirectPrintAction.php:148		レスポンスサンプルの当該行と同一の内容を印刷データ生成が出力する（src/Eccube/Service/Admin/Order/OrderDirectPrintAction.php:148）	本シートは画像0枚（レイアウト図なし）。sheets/sheet-3.txt 本文のみで判定	high	
sheet-3-R119	MATCHED						src/Eccube/Service/Admin/Order/OrderDirectPrintAction.php:167		レスポンスサンプルの当該行と同一の内容を印刷データ生成が出力する（src/Eccube/Service/Admin/Order/OrderDirectPrintAction.php:167）	本シートは画像0枚（レイアウト図なし）。sheets/sheet-3.txt 本文のみで判定	high	
sheet-3-R120	OUT_OF_SCOPE								現行仕様セクションの見出し行（機能名・機能分類）	本シートは画像0枚（レイアウト図なし）。sheets/sheet-3.txt 本文のみで判定	high	
sheet-3-R121	OUT_OF_SCOPE								現行仕様「印刷対象の受注」という小見出し	本シートは画像0枚（レイアウト図なし）。sheets/sheet-3.txt 本文のみで判定	high	
sheet-3-R122	MATCHED						src/Eccube/Repository/OrderRepository.php:1735		1回の要求で取り出す受注を最大10件に制限している（src/Eccube/Repository/OrderRepository.php:1735 setMaxResults(10)、src/Eccube/Repository/OrderRepository.php:1791 LIMIT 10）	本シートは画像0枚（レイアウト図なし）。sheets/sheet-3.txt 本文のみで判定	high	
sheet-3-R123	MATCHED						src/Eccube/Repository/OrderRepository.php:1708-1713		注文番号が採番済みで対応状況が注文受領の店頭受取受注を抽出する（src/Eccube/Repository/OrderRepository.php:1708-1713、src/Eccube/Repository/OrderRepository.php:1766-1768）	本シートは画像0枚（レイアウト図なし）。sheets/sheet-3.txt 本文のみで判定	high	
sheet-3-R124	DRIFT	P2	実装違い	ふるまい	"スムーズ店頭受取の受注	所定の支払方法（クレジット決済・支払いなし）で、対応状況が購入処理中でなく、確定日時・注文確定日・出荷日・取消日・受領日・店頭予約日がいずれも未設定で、スマレジコードが採番済みのとき"	所定の支払方法で各日時が未設定・スマレジコード採番済みのスムーズ店頭受取の受注が、どの店舗IDでも印刷対象に含まれる	src/Eccube/Repository/OrderRepository.php:1748-1792;src/Eccube/Service/Admin/Order/OrderDirectPrintAction.php:44-48	支店向け抽出は店頭受取（注文受領・スマレジコードあり）とブラウザ印刷フラグの2つの条件だけで構成され、スムーズ店頭受取の条件を持たない。本店向け抽出にはこの条件がある	src/Eccube/Repository/OrderRepository.php:1750-1792 のSQLに SMOOTH_OTC・支払方法・確定日時等の未設定条件が無いため、支店の店舗IDで要求すると条件を満たすスムーズ店頭受取の受注が印刷されない（本店経路は src/Eccube/Repository/OrderRepository.php:1714-1725 で対応済み）	本シートは画像0枚（レイアウト図なし）。sheets/sheet-3.txt 本文のみで判定	high	OrderDirectPrintAction-shop-branch-not-unified
sheet-3-R125	MATCHED						src/Eccube/Repository/OrderRepository.php:1726		ブラウザ印刷フラグが立つ受注を印刷対象に含める（src/Eccube/Repository/OrderRepository.php:1726、src/Eccube/Repository/OrderRepository.php:1788）	本シートは画像0枚（レイアウト図なし）。sheets/sheet-3.txt 本文のみで判定	high	
sheet-3-R126	MATCHED						src/Eccube/Repository/OrderRepository.php:1734		受注IDでまとめるため、配送が複数ある受注でも印刷情報は受注1件につき1枚になる（src/Eccube/Repository/OrderRepository.php:1734、src/Eccube/Repository/OrderRepository.php:1770,1789）	本シートは画像0枚（レイアウト図なし）。sheets/sheet-3.txt 本文のみで判定	high	
sheet-3-R127	OUT_OF_SCOPE								現行仕様「印刷内容の決定」という小見出し	本シートは画像0枚（レイアウト図なし）。sheets/sheet-3.txt 本文のみで判定	high	
sheet-3-R128	OUT_OF_SCOPE								印刷内容の決定表のヘッダ行（印刷欄・決め方）	本シートは画像0枚（レイアウト図なし）。sheets/sheet-3.txt 本文のみで判定	high	
sheet-3-R129	DRIFT	P3	実装違い	IO	カナ氏名（姓と名を空白でつなぐ）を印刷する。カナ氏名が無いときは氏名を印刷する	カナ氏名が無い受注では、お客様名欄に氏名が印字される	src/Eccube/Repository/OrderRepository.php:1756;src/Eccube/Service/Admin/Order/OrderDirectPrintAction.php:75	支店向け抽出はカナ姓名を素の連結で組み立てるため、カナが未登録の受注でも空白1文字が値として返り、氏名への切り替えが働かず、お客様名欄に空白だけが印字される。本店向け抽出は連結結果が空になるため氏名へ切り替わる	src/Eccube/Service/Admin/Order/OrderDirectPrintAction.php:75 の切り替えは値が空のときだけ働く。src/Eccube/Repository/OrderRepository.php:1756 はネイティブSQLのCONCATで、PostgreSQLではNULLを空文字として扱うため結果は空白1文字になり空判定に掛からない。本店向け（src/Eccube/Repository/OrderRepository.php:1698）はDQLのCONCATで連結演算子に展開されNULLが伝播するため切り替わる。スマレジ由来の受注は受注のカナが未設定のまま作られるため、実際に起こり得る	本シートは画像0枚（レイアウト図なし）。sheets/sheet-3.txt 本文のみで判定	med	OrderRepository-branch-name-kana-concat-null
sheet-3-R130	DRIFT	P2	実装違い	IO	受注に店頭注文番号が採番されていないときは空欄にする	店頭注文番号が採番されていない受注では、店頭注文番号欄が空欄で印字される	src/Eccube/Service/Admin/Order/OrderDirectPrintAction.php:77;src/Eccube/Service/Admin/Order/OrderDirectPrintAction.php:97;src/Eccube/Repository/OrderRepository.php:1766	店頭注文番号欄には受注の注文番号（order_number、購入時に8桁で採番される連番）を印字しており（OrderDirectPrintAction.php:77,97）、店頭注文番号（waiting_number）を印字していない。抽出条件が order_number IS NOT NULL のため、この欄が空欄になることもない（OrderRepository.php:1708,1766,1787）。同じ値を注文番号欄にも印字している（OrderDirectPrintAction.php:117）	R038と同一の実装欠陥。店頭注文番号欄には注文番号が印字されており、未採番の受注で空欄にする処理も無い（src/Eccube/Service/Admin/Order/OrderDirectPrintAction.php:77,97）。抽出条件が注文番号必須のため、そもそも空欄になる経路が無い（src/Eccube/Repository/OrderRepository.php:1708,1766,1787）	本シートは画像0枚（レイアウト図なし）。sheets/sheet-3.txt 本文のみで判定	med	OrderDirectPrintAction-otc-number-not-waiting-number
sheet-3-R131	OUT_OF_SCOPE								現行仕様「応答の形式」という小見出し	本シートは画像0枚（レイアウト図なし）。sheets/sheet-3.txt 本文のみで判定	high	
sheet-3-R132	MATCHED						src/Eccube/Controller/App/OrderController.php:57-63		印刷情報は本文をストリームで送出し、応答の内容種別に application/octet-stream を設定している（src/Eccube/Controller/App/OrderController.php:57-63）	本シートは画像0枚（レイアウト図なし）。sheets/sheet-3.txt 本文のみで判定	high	
sheet-4-R001	OUT_OF_SCOPE								HTTPメソッドと認証有無の選択肢を並べた凡例行で、何がどうなるかを述べていない。実体は次行のプロトコル行（sheet-4-R004）で判定した。	sheet-4は画像0枚（sheets.tsv / images配下に該当ファイル無し）。レイアウト図は無く本文のみで判定した。	high	
sheet-4-R002	OUT_OF_SCOPE								「エンドポイントURL」という項目ラベルのみの行。値は sheet-4-R003 で判定した。	sheet-4は画像0枚（sheets.tsv / images配下に該当ファイル無し）。レイアウト図は無く本文のみで判定した。	high	
sheet-4-R003	DRIFT	P2	実装違い	IO	現状はピック中ステータスに更新するAPI (A05-02)と処理を受けるメソッドが共通で、クエリ「ConnectionType」で処理が分岐しているので、A05-02とエンドポイントを分ける	印刷完了通知は URL /order/prints/status/printed への POST で受け付ける。	src/Eccube/Controller/App/OrderController.php:43-77	印刷情報の取得と印刷完了通知が単一のURL /api/order/prints/direct/{base_info_id} で受け付けられ、クエリ/ボディの ConnectionType が GetRequest か SetResponse かで処理が分かれる。/order/prints/status/printed で受け付ける実装は ee 全体に無い（prints/status の文字列一致0件）。	src/Eccube/Controller/App/OrderController.php:43 のURLは /api/order/prints/direct/{base_info_id} で、設計の /order/prints/status/printed と一致しない。同46-77で ConnectionType により印刷情報送信と印刷完了通知に分岐しており、設計が求めるURLの分離が行われていない。	sheet-4は画像0枚（sheets.tsv / images配下に該当ファイル無し）。レイアウト図は無く本文のみで判定した。	high	OrderController-endpoint-not-split
sheet-4-R004	UNVERIFIABLE								プロトコルHTTP・メソッドPOST・リクエスト書式XML・レスポンス書式なしは src/Eccube/Controller/App/OrderController.php:43,67,71-76 で実装済みだが、「認証方式 IP制限」に相当する実装が ee のアプリケーション側に無く（IpUtils等の利用0件）、nginx.conf.sample:42-43 のIP許可設定はコメントアウトされた雛形のみ。IP制限はインフラ設定で決まるため静的には判定できない。	sheet-4は画像0枚（sheets.tsv / images配下に該当ファイル無し）。レイアウト図は無く本文のみで判定した。	med	
sheet-4-R005	MATCHED						src/Eccube/Controller/App/OrderController.php:71-76		レスポンス書式「なし(ステータスコードのみ)」の通り、src/Eccube/Controller/App/OrderController.php:71-76 は本文を書かない応答に200を設定して返しており、ボディを持たない。	sheet-4は画像0枚（sheets.tsv / images配下に該当ファイル無し）。レイアウト図は無く本文のみで判定した。	high	
sheet-4-R006	DRIFT	P2	実装違い	IO	現状はピック中ステータスに更新するAPI (A05-02)と処理を受けるメソッドが共通で、クエリ「ConnectionType」で処理が分岐しているので、A05-02とエンドポイントを分ける	印刷情報の取得要求と印刷完了通知はそれぞれ別のURLで受け付け、クエリ「ConnectionType」の値で処理を振り分けない。	src/Eccube/Controller/App/OrderController.php:43-77	印刷情報の取得と印刷完了通知が単一のURL /api/order/prints/direct/{base_info_id} で受け付けられ、クエリ/ボディの ConnectionType が GetRequest か SetResponse かで処理が分かれる。/order/prints/status/printed で受け付ける実装は ee 全体に無い（prints/status の文字列一致0件）。	src/Eccube/Controller/App/OrderController.php:46 で ConnectionType を読み、48（GetRequest=印刷情報送信）と64（SetResponse=印刷済み更新）に分岐する現行構造がそのまま残っている。URLは1本のみ。	sheet-4は画像0枚（sheets.tsv / images配下に該当ファイル無し）。レイアウト図は無く本文のみで判定した。	high	OrderController-endpoint-not-split
sheet-4-R007	MATCHED						src/Eccube/Service/Admin/Order/UpdatePrintedOrderStatusAction.php:44-101、src/Eccube/Service/Admin/Order/UpdatePrintedOrderStatusAction.php:91-97		注文印刷情報の印刷済み更新は src/Eccube/Service/Admin/Order/UpdatePrintedOrderStatusAction.php:44-101 の1つの処理に集約され、本店・支店いずれの受注も同じ処理で受け付ける（店舗の区分は src/Eccube/Service/Admin/Order/UpdatePrintedOrderStatusAction.php:91 の判定のみで分けている）。本店用・支店用に別実装は存在しない。	sheet-4は画像0枚（sheets.tsv / images配下に該当ファイル無し）。レイアウト図は無く本文のみで判定した。	med	
sheet-4-R008	OUT_OF_SCOPE								本店のプリンタ側（機器）の設定変更が必要という運用作業の記述で、ee の実装対象ではない。	sheet-4は画像0枚（sheets.tsv / images配下に該当ファイル無し）。レイアウト図は無く本文のみで判定した。	high	
sheet-4-R009	OUT_OF_SCOPE								支店のプリンタ側（機器）に設定されたURLのドメイン変更という運用作業の記述で、ee の実装対象ではない。	sheet-4は画像0枚（sheets.tsv / images配下に該当ファイル無し）。レイアウト図は無く本文のみで判定した。	high	
sheet-4-R010	NOT_IMPLEMENTED	P2	未実装	ふるまい	プリンタ側でエラーがあった場合、XMLの中にエラーコードが返ってくるので、ログに追記する	印刷結果XMLの各印刷結果に失敗が返っている場合、その失敗理由コードをログへ追記する。	src/Eccube/Service/Admin/Order/UpdatePrintedOrderStatusAction.php:48-101	XMLの解析に失敗したときと印刷結果要素が0件のときだけ受信内容をログに出す。各印刷結果の成功/失敗と失敗理由コードは一切読み取っておらず、印刷が失敗して理由コードが返ってきてもログには何も残らない。	src/Eccube/Service/Admin/Order/UpdatePrintedOrderStatusAction.php:48-59 は解析失敗と印刷結果0件のログ出力のみ。同78-101 の印刷結果ごとの処理は printjobid だけを読み、成功/失敗の値や失敗理由コードを参照する箇所が無い（ee 全体で EPTR_/EX_BADPORT 等のコード名も0件）。また src/Eccube/Service/Admin/Order/UpdatePrintedOrderStatusAction.php:55 の判定は ServerDirectPrint 要素の文字列を見ており、設計サンプルのように成功/失敗が属性で返る形では失敗を検知できない。	sheet-4は画像0枚（sheets.tsv / images配下に該当ファイル無し）。レイアウト図は無く本文のみで判定した。	high	UpdatePrintedOrderStatusAction-no-print-error-code-log
sheet-4-R011	DRIFT	P2	実装違い	IO	★ 各店舗に設置されているプリンタで印刷が完了したらこのAPIにアクセスし、印刷完了した受注ID情報全てをプリンタの仕様に則ったXMLで送信(エンドポイントURL変更)	プリンタは印刷完了後、変更後のURL /order/prints/status/printed へ印刷結果XMLを送信し、システムはそのURLで受け付ける。	src/Eccube/Controller/App/OrderController.php:43-69	印刷情報の取得と印刷完了通知が単一のURL /api/order/prints/direct/{base_info_id} で受け付けられ、クエリ/ボディの ConnectionType が GetRequest か SetResponse かで処理が分かれる。/order/prints/status/printed で受け付ける実装は ee 全体に無い（prints/status の文字列一致0件）。	印刷結果XMLの受け取り自体は src/Eccube/Controller/App/OrderController.php:64-69 で実装されているが、受け付けるURLは /api/order/prints/direct/{base_info_id} のままで、設計が求めるURL変更が行われていない。	sheet-4は画像0枚（sheets.tsv / images配下に該当ファイル無し）。レイアウト図は無く本文のみで判定した。	high	OrderController-endpoint-not-split
sheet-4-R012	MATCHED						src/Eccube/Service/Admin/Order/UpdatePrintedOrderStatusAction.php:78-90		src/Eccube/Service/Admin/Order/UpdatePrintedOrderStatusAction.php:78-79 で印刷結果要素ごとに printjobid から受注IDを取り出し、同81-90 で該当受注の対応状況をピック中（OrderStatus::PICKING）へ更新している。	sheet-4は画像0枚（sheets.tsv / images配下に該当ファイル無し）。レイアウト図は無く本文のみで判定した。	high	
sheet-4-R013	DRIFT	P2	実装違い	IO	"・送信されてきたXML情報から取引IDを全て抽出し、その受注IDのステータスをピック中にする
※ 受注IDを持っているので、情報として店舗IDは不要"	印刷完了通知の要求には店舗IDを含める必要がなく、印刷結果XMLに含まれる受注IDだけで対象受注を特定して更新できる。	src/Eccube/Controller/App/OrderController.php:43-69、src/Eccube/Service/Admin/Order/UpdatePrintedOrderStatusAction.php:61-68	印刷完了通知のURLに店舗の基本情報IDを必ず含める必要があり、その値で店舗情報が引けないと1件も更新せずに戻る。受注IDだけでは更新できない。	src/Eccube/Controller/App/OrderController.php:43 はURLに base_info_id（店舗の基本情報ID）を必須の要素として持ち、src/Eccube/Service/Admin/Order/UpdatePrintedOrderStatusAction.php:61-68 はその値で店舗情報を取得できないとログを出して更新せずに戻る。設計は店舗IDは不要と明記している。	sheet-4は画像0枚（sheets.tsv / images配下に該当ファイル無し）。レイアウト図は無く本文のみで判定した。	high	OrderController-store-id-required
sheet-4-R014	NOT_IMPLEMENTED	P2	未実装	ふるまい	★ プリンタ側でエラーがあった場合、レスポンスデータの中にエラーコードが返ってくるので、ログに追記する	印刷結果XMLの各印刷結果に失敗が返っている場合、その失敗理由コードをログへ追記する。	src/Eccube/Service/Admin/Order/UpdatePrintedOrderStatusAction.php:48-101	XMLの解析に失敗したときと印刷結果要素が0件のときだけ受信内容をログに出す。各印刷結果の成功/失敗と失敗理由コードは一切読み取っておらず、印刷が失敗して理由コードが返ってきてもログには何も残らない。	src/Eccube/Service/Admin/Order/UpdatePrintedOrderStatusAction.php:48-59 は解析失敗と印刷結果0件のログ出力のみ。同78-101 の印刷結果ごとの処理は printjobid だけを読み、成功/失敗の値や失敗理由コードを参照する箇所が無い（ee 全体で EPTR_/EX_BADPORT 等のコード名も0件）。また src/Eccube/Service/Admin/Order/UpdatePrintedOrderStatusAction.php:55 の判定は ServerDirectPrint 要素の文字列を見ており、設計サンプルのように成功/失敗が属性で返る形では失敗を検知できない。	sheet-4は画像0枚（sheets.tsv / images配下に該当ファイル無し）。レイアウト図は無く本文のみで判定した。	high	UpdatePrintedOrderStatusAction-no-print-error-code-log
sheet-4-R015	MATCHED						src/Eccube/Service/Admin/Order/UpdatePrintedOrderStatusAction.php:48-59		「根本的な問題があった場合はログに追記する仕組みは既存にもある」の通り、src/Eccube/Service/Admin/Order/UpdatePrintedOrderStatusAction.php:48-54 はXML解析失敗時に受信内容と理由をログへ出し、同55-59 は印刷結果要素が0件のとき受信内容をログへ出す。	sheet-4は画像0枚（sheets.tsv / images配下に該当ファイル無し）。レイアウト図は無く本文のみで判定した。	high	
sheet-4-R016	NOT_IMPLEMENTED	P2	未実装	ふるまい	"※ 　基本書式(XML)を満たしていない、印刷結果の情報がない等、根本的な問題があった場合はログに追記する仕組みは既存にもあるが、
印刷結果の詳細を参照してエラーの有無を確認していない"	印刷結果XMLの各印刷結果に失敗が返っている場合、その失敗理由コードをログへ追記する。	src/Eccube/Service/Admin/Order/UpdatePrintedOrderStatusAction.php:48-101	XMLの解析に失敗したときと印刷結果要素が0件のときだけ受信内容をログに出す。各印刷結果の成功/失敗と失敗理由コードは一切読み取っておらず、印刷が失敗して理由コードが返ってきてもログには何も残らない。	src/Eccube/Service/Admin/Order/UpdatePrintedOrderStatusAction.php:48-59 は解析失敗と印刷結果0件のログ出力のみ。同78-101 の印刷結果ごとの処理は printjobid だけを読み、成功/失敗の値や失敗理由コードを参照する箇所が無い（ee 全体で EPTR_/EX_BADPORT 等のコード名も0件）。また src/Eccube/Service/Admin/Order/UpdatePrintedOrderStatusAction.php:55 の判定は ServerDirectPrint 要素の文字列を見ており、設計サンプルのように成功/失敗が属性で返る形では失敗を検知できない。 設計が「確認していない」と指摘した状態のまま、印刷結果の詳細を参照する処理が追加されていない。	sheet-4は画像0枚（sheets.tsv / images配下に該当ファイル無し）。レイアウト図は無く本文のみで判定した。	high	UpdatePrintedOrderStatusAction-no-print-error-code-log
sheet-4-R017	OUT_OF_SCOPE								「リクエストパラメータ」という節見出しの行。	sheet-4は画像0枚（sheets.tsv / images配下に該当ファイル無し）。レイアウト図は無く本文のみで判定した。	high	
sheet-4-R018	OUT_OF_SCOPE								リクエストパラメータ表のヘッダ行（項目名/型/必須/最大文字数）。	sheet-4は画像0枚（sheets.tsv / images配下に該当ファイル無し）。レイアウト図は無く本文のみで判定した。	high	
sheet-4-R019	OUT_OF_SCOPE								リクエストパラメータ表のヘッダ行の続き（または最大値/入力例/備考）。	sheet-4は画像0枚（sheets.tsv / images配下に該当ファイル無し）。レイアウト図は無く本文のみで判定した。	high	
sheet-4-R020	MATCHED						src/Eccube/Controller/App/OrderController.php:67、src/Eccube/Service/Admin/Order/UpdatePrintedOrderStatusAction.php:48-54		必須の文字型パラメータ「印刷結果(XML)」を src/Eccube/Controller/App/OrderController.php:67 で受け取り、src/Eccube/Service/Admin/Order/UpdatePrintedOrderStatusAction.php:48-54 でプリンタ仕様のXMLとして解析している。値が無い場合も設計のステータスコード表通り200で返る。	sheet-4は画像0枚（sheets.tsv / images配下に該当ファイル無し）。レイアウト図は無く本文のみで判定した。	high	
sheet-4-R021	OUT_OF_SCOPE								印刷結果XML（プリンタが返すデータ）の内容説明。システム側のふるまいを述べていない。失敗理由をログへ追記する要求は sheet-4-R014 で判定した。	sheet-4は画像0枚（sheets.tsv / images配下に該当ファイル無し）。レイアウト図は無く本文のみで判定した。	high	
sheet-4-R022	MATCHED						src/Eccube/Controller/App/OrderController.php:67		src/Eccube/Controller/App/OrderController.php:67 は要求から 'ResponseFile' の値を取り出して印刷済み更新処理へ渡しており、引数名は設計どおり。	sheet-4は画像0枚（sheets.tsv / images配下に該当ファイル無し）。レイアウト図は無く本文のみで判定した。	high	
sheet-4-R023	OUT_OF_SCOPE								「印刷結果XML概要」という節見出しの行。	sheet-4は画像0枚（sheets.tsv / images配下に該当ファイル無し）。レイアウト図は無く本文のみで判定した。	high	
sheet-4-R024	MATCHED						src/Eccube/Service/Admin/Order/UpdatePrintedOrderStatusAction.php:79-81		src/Eccube/Service/Admin/Order/UpdatePrintedOrderStatusAction.php:79 は印刷結果の印刷ジョブIDを受注IDとして扱い、同81 でその値の受注を取得している。印刷要求と同じ値が印刷結果で返る前提で実装されている。	sheet-4は画像0枚（sheets.tsv / images配下に該当ファイル無し）。レイアウト図は無く本文のみで判定した。	high	
sheet-4-R025	OUT_OF_SCOPE								プリンタが返す印刷結果XMLの内容説明（成功/失敗が返る）。システム側の要求としては sheet-4-R014 の失敗理由ログ追記で判定した。	sheet-4は画像0枚（sheets.tsv / images配下に該当ファイル無し）。レイアウト図は無く本文のみで判定した。	high	
sheet-4-R026	OUT_OF_SCOPE								プリンタが返す印刷結果XMLの内容説明（失敗時のみ理由コードが返る）。システム側の要求としては sheet-4-R014 の失敗理由ログ追記で判定した。	sheet-4は画像0枚（sheets.tsv / images配下に該当ファイル無し）。レイアウト図は無く本文のみで判定した。	high	
sheet-4-R027	OUT_OF_SCOPE								エラーコード一覧表の前置き行。	sheet-4は画像0枚（sheets.tsv / images配下に該当ファイル無し）。レイアウト図は無く本文のみで判定した。	high	
sheet-4-R028	OUT_OF_SCOPE								エラーコード一覧表のヘッダ行（Code/原因）。	sheet-4は画像0枚（sheets.tsv / images配下に該当ファイル無し）。レイアウト図は無く本文のみで判定した。	high	
sheet-4-R029	OUT_OF_SCOPE								プリンタが返すエラーコードとその原因の対応表（プリンタ仕様の凡例）。コードごとのシステム挙動は設計に定義されておらず、ログ追記の要求は sheet-4-R014 で判定した。	sheet-4は画像0枚（sheets.tsv / images配下に該当ファイル無し）。レイアウト図は無く本文のみで判定した。	high	
sheet-4-R030	OUT_OF_SCOPE								プリンタが返すエラーコードとその原因の対応表（プリンタ仕様の凡例）。コードごとのシステム挙動は設計に定義されておらず、ログ追記の要求は sheet-4-R014 で判定した。	sheet-4は画像0枚（sheets.tsv / images配下に該当ファイル無し）。レイアウト図は無く本文のみで判定した。	high	
sheet-4-R031	OUT_OF_SCOPE								プリンタが返すエラーコードとその原因の対応表（プリンタ仕様の凡例）。コードごとのシステム挙動は設計に定義されておらず、ログ追記の要求は sheet-4-R014 で判定した。	sheet-4は画像0枚（sheets.tsv / images配下に該当ファイル無し）。レイアウト図は無く本文のみで判定した。	high	
sheet-4-R032	OUT_OF_SCOPE								プリンタが返すエラーコードとその原因の対応表（プリンタ仕様の凡例）。コードごとのシステム挙動は設計に定義されておらず、ログ追記の要求は sheet-4-R014 で判定した。	sheet-4は画像0枚（sheets.tsv / images配下に該当ファイル無し）。レイアウト図は無く本文のみで判定した。	high	
sheet-4-R033	OUT_OF_SCOPE								プリンタが返すエラーコードとその原因の対応表（プリンタ仕様の凡例）。コードごとのシステム挙動は設計に定義されておらず、ログ追記の要求は sheet-4-R014 で判定した。	sheet-4は画像0枚（sheets.tsv / images配下に該当ファイル無し）。レイアウト図は無く本文のみで判定した。	high	
sheet-4-R034	OUT_OF_SCOPE								プリンタが返すエラーコードとその原因の対応表（プリンタ仕様の凡例）。コードごとのシステム挙動は設計に定義されておらず、ログ追記の要求は sheet-4-R014 で判定した。	sheet-4は画像0枚（sheets.tsv / images配下に該当ファイル無し）。レイアウト図は無く本文のみで判定した。	high	
sheet-4-R035	OUT_OF_SCOPE								プリンタが返すエラーコードとその原因の対応表（プリンタ仕様の凡例）。コードごとのシステム挙動は設計に定義されておらず、ログ追記の要求は sheet-4-R014 で判定した。	sheet-4は画像0枚（sheets.tsv / images配下に該当ファイル無し）。レイアウト図は無く本文のみで判定した。	high	
sheet-4-R036	OUT_OF_SCOPE								プリンタが返すエラーコードとその原因の対応表（プリンタ仕様の凡例）。コードごとのシステム挙動は設計に定義されておらず、ログ追記の要求は sheet-4-R014 で判定した。	sheet-4は画像0枚（sheets.tsv / images配下に該当ファイル無し）。レイアウト図は無く本文のみで判定した。	high	
sheet-4-R037	OUT_OF_SCOPE								プリンタが返すエラーコードとその原因の対応表（プリンタ仕様の凡例）。コードごとのシステム挙動は設計に定義されておらず、ログ追記の要求は sheet-4-R014 で判定した。	sheet-4は画像0枚（sheets.tsv / images配下に該当ファイル無し）。レイアウト図は無く本文のみで判定した。	high	
sheet-4-R038	OUT_OF_SCOPE								プリンタが返すエラーコードとその原因の対応表（プリンタ仕様の凡例）。コードごとのシステム挙動は設計に定義されておらず、ログ追記の要求は sheet-4-R014 で判定した。	sheet-4は画像0枚（sheets.tsv / images配下に該当ファイル無し）。レイアウト図は無く本文のみで判定した。	high	
sheet-4-R039	OUT_OF_SCOPE								プリンタが返すエラーコードとその原因の対応表（プリンタ仕様の凡例）。コードごとのシステム挙動は設計に定義されておらず、ログ追記の要求は sheet-4-R014 で判定した。	sheet-4は画像0枚（sheets.tsv / images配下に該当ファイル無し）。レイアウト図は無く本文のみで判定した。	high	
sheet-4-R040	OUT_OF_SCOPE								プリンタが返すエラーコードとその原因の対応表（プリンタ仕様の凡例）。コードごとのシステム挙動は設計に定義されておらず、ログ追記の要求は sheet-4-R014 で判定した。	sheet-4は画像0枚（sheets.tsv / images配下に該当ファイル無し）。レイアウト図は無く本文のみで判定した。	high	
sheet-4-R041	OUT_OF_SCOPE								プリンタが返すエラーコードとその原因の対応表（プリンタ仕様の凡例）。コードごとのシステム挙動は設計に定義されておらず、ログ追記の要求は sheet-4-R014 で判定した。	sheet-4は画像0枚（sheets.tsv / images配下に該当ファイル無し）。レイアウト図は無く本文のみで判定した。	high	
sheet-4-R042	OUT_OF_SCOPE								プリンタが返すエラーコードとその原因の対応表（プリンタ仕様の凡例）。コードごとのシステム挙動は設計に定義されておらず、ログ追記の要求は sheet-4-R014 で判定した。	sheet-4は画像0枚（sheets.tsv / images配下に該当ファイル無し）。レイアウト図は無く本文のみで判定した。	high	
sheet-4-R043	OUT_OF_SCOPE								プリンタが返すエラーコードとその原因の対応表（プリンタ仕様の凡例）。コードごとのシステム挙動は設計に定義されておらず、ログ追記の要求は sheet-4-R014 で判定した。	sheet-4は画像0枚（sheets.tsv / images配下に該当ファイル無し）。レイアウト図は無く本文のみで判定した。	high	
sheet-4-R044	OUT_OF_SCOPE								プリンタが返すエラーコードとその原因の対応表（プリンタ仕様の凡例）。コードごとのシステム挙動は設計に定義されておらず、ログ追記の要求は sheet-4-R014 で判定した。	sheet-4は画像0枚（sheets.tsv / images配下に該当ファイル無し）。レイアウト図は無く本文のみで判定した。	high	
sheet-4-R045	OUT_OF_SCOPE								プリンタが返すエラーコードとその原因の対応表（プリンタ仕様の凡例）。コードごとのシステム挙動は設計に定義されておらず、ログ追記の要求は sheet-4-R014 で判定した。	sheet-4は画像0枚（sheets.tsv / images配下に該当ファイル無し）。レイアウト図は無く本文のみで判定した。	high	
sheet-4-R046	OUT_OF_SCOPE								プリンタが返すエラーコードとその原因の対応表（プリンタ仕様の凡例）。コードごとのシステム挙動は設計に定義されておらず、ログ追記の要求は sheet-4-R014 で判定した。	sheet-4は画像0枚（sheets.tsv / images配下に該当ファイル無し）。レイアウト図は無く本文のみで判定した。	high	
sheet-4-R047	OUT_OF_SCOPE								プリンタが返すエラーコードとその原因の対応表（プリンタ仕様の凡例）。コードごとのシステム挙動は設計に定義されておらず、ログ追記の要求は sheet-4-R014 で判定した。	sheet-4は画像0枚（sheets.tsv / images配下に該当ファイル無し）。レイアウト図は無く本文のみで判定した。	high	
sheet-4-R048	OUT_OF_SCOPE								プリンタが返すエラーコードとその原因の対応表（プリンタ仕様の凡例）。コードごとのシステム挙動は設計に定義されておらず、ログ追記の要求は sheet-4-R014 で判定した。	sheet-4は画像0枚（sheets.tsv / images配下に該当ファイル無し）。レイアウト図は無く本文のみで判定した。	high	
sheet-4-R049	OUT_OF_SCOPE								プリンタが返すエラーコードとその原因の対応表（プリンタ仕様の凡例）。コードごとのシステム挙動は設計に定義されておらず、ログ追記の要求は sheet-4-R014 で判定した。	sheet-4は画像0枚（sheets.tsv / images配下に該当ファイル無し）。レイアウト図は無く本文のみで判定した。	high	
sheet-4-R050	OUT_OF_SCOPE								プリンタが返すエラーコードとその原因の対応表（プリンタ仕様の凡例）。コードごとのシステム挙動は設計に定義されておらず、ログ追記の要求は sheet-4-R014 で判定した。	sheet-4は画像0枚（sheets.tsv / images配下に該当ファイル無し）。レイアウト図は無く本文のみで判定した。	high	
sheet-4-R051	OUT_OF_SCOPE								プリンタが返すエラーコードとその原因の対応表（プリンタ仕様の凡例）。コードごとのシステム挙動は設計に定義されておらず、ログ追記の要求は sheet-4-R014 で判定した。	sheet-4は画像0枚（sheets.tsv / images配下に該当ファイル無し）。レイアウト図は無く本文のみで判定した。	high	
sheet-4-R052	OUT_OF_SCOPE								プリンタが返すエラーコードとその原因の対応表（プリンタ仕様の凡例）。コードごとのシステム挙動は設計に定義されておらず、ログ追記の要求は sheet-4-R014 で判定した。	sheet-4は画像0枚（sheets.tsv / images配下に該当ファイル無し）。レイアウト図は無く本文のみで判定した。	high	
sheet-4-R053	OUT_OF_SCOPE								プリンタが返すエラーコードとその原因の対応表（プリンタ仕様の凡例）。コードごとのシステム挙動は設計に定義されておらず、ログ追記の要求は sheet-4-R014 で判定した。	sheet-4は画像0枚（sheets.tsv / images配下に該当ファイル無し）。レイアウト図は無く本文のみで判定した。	high	
sheet-4-R054	OUT_OF_SCOPE								「リクエストパラメータサンプル」という節見出しの行。	sheet-4は画像0枚（sheets.tsv / images配下に該当ファイル無し）。レイアウト図は無く本文のみで判定した。	high	
sheet-4-R055	OUT_OF_SCOPE								リクエストパラメータのXMLサンプルの一部（構造の例示）で、それ自体は要求ではない。サンプルが示す印刷ジョブIDの扱いは sheet-4-R091 で判定した。	sheet-4は画像0枚（sheets.tsv / images配下に該当ファイル無し）。レイアウト図は無く本文のみで判定した。	high	
sheet-4-R056	OUT_OF_SCOPE								リクエストパラメータのXMLサンプルの一部（構造の例示）で、それ自体は要求ではない。サンプルが示す印刷ジョブIDの扱いは sheet-4-R091 で判定した。	sheet-4は画像0枚（sheets.tsv / images配下に該当ファイル無し）。レイアウト図は無く本文のみで判定した。	high	
sheet-4-R057	OUT_OF_SCOPE								リクエストパラメータのXMLサンプルの一部（構造の例示）で、それ自体は要求ではない。サンプルが示す印刷ジョブIDの扱いは sheet-4-R091 で判定した。	sheet-4は画像0枚（sheets.tsv / images配下に該当ファイル無し）。レイアウト図は無く本文のみで判定した。	high	
sheet-4-R058	OUT_OF_SCOPE								リクエストパラメータのXMLサンプルの一部（構造の例示）で、それ自体は要求ではない。サンプルが示す印刷ジョブIDの扱いは sheet-4-R091 で判定した。	sheet-4は画像0枚（sheets.tsv / images配下に該当ファイル無し）。レイアウト図は無く本文のみで判定した。	high	
sheet-4-R059	OUT_OF_SCOPE								リクエストパラメータのXMLサンプルの一部（構造の例示）で、それ自体は要求ではない。サンプルが示す印刷ジョブIDの扱いは sheet-4-R091 で判定した。	sheet-4は画像0枚（sheets.tsv / images配下に該当ファイル無し）。レイアウト図は無く本文のみで判定した。	high	
sheet-4-R060	OUT_OF_SCOPE								リクエストパラメータのXMLサンプルの一部（構造の例示）で、それ自体は要求ではない。サンプルが示す印刷ジョブIDの扱いは sheet-4-R091 で判定した。	sheet-4は画像0枚（sheets.tsv / images配下に該当ファイル無し）。レイアウト図は無く本文のみで判定した。	high	
sheet-4-R061	OUT_OF_SCOPE								リクエストパラメータのXMLサンプルの一部（構造の例示）で、それ自体は要求ではない。サンプルが示す印刷ジョブIDの扱いは sheet-4-R091 で判定した。	sheet-4は画像0枚（sheets.tsv / images配下に該当ファイル無し）。レイアウト図は無く本文のみで判定した。	high	
sheet-4-R062	OUT_OF_SCOPE								リクエストパラメータのXMLサンプルの一部（構造の例示）で、それ自体は要求ではない。サンプルが示す印刷ジョブIDの扱いは sheet-4-R091 で判定した。	sheet-4は画像0枚（sheets.tsv / images配下に該当ファイル無し）。レイアウト図は無く本文のみで判定した。	high	
sheet-4-R063	OUT_OF_SCOPE								リクエストパラメータのXMLサンプルの一部（構造の例示）で、それ自体は要求ではない。サンプルが示す印刷ジョブIDの扱いは sheet-4-R091 で判定した。	sheet-4は画像0枚（sheets.tsv / images配下に該当ファイル無し）。レイアウト図は無く本文のみで判定した。	high	
sheet-4-R064	OUT_OF_SCOPE								リクエストパラメータのXMLサンプルの一部（構造の例示）で、それ自体は要求ではない。サンプルが示す印刷ジョブIDの扱いは sheet-4-R091 で判定した。	sheet-4は画像0枚（sheets.tsv / images配下に該当ファイル無し）。レイアウト図は無く本文のみで判定した。	high	
sheet-4-R065	OUT_OF_SCOPE								リクエストパラメータのXMLサンプルの一部（構造の例示）で、それ自体は要求ではない。サンプルが示す印刷ジョブIDの扱いは sheet-4-R091 で判定した。	sheet-4は画像0枚（sheets.tsv / images配下に該当ファイル無し）。レイアウト図は無く本文のみで判定した。	high	
sheet-4-R066	OUT_OF_SCOPE								リクエストパラメータのXMLサンプルの一部（構造の例示）で、それ自体は要求ではない。サンプルが示す印刷ジョブIDの扱いは sheet-4-R091 で判定した。	sheet-4は画像0枚（sheets.tsv / images配下に該当ファイル無し）。レイアウト図は無く本文のみで判定した。	high	
sheet-4-R067	OUT_OF_SCOPE								リクエストパラメータのXMLサンプルの一部（構造の例示）で、それ自体は要求ではない。サンプルが示す印刷ジョブIDの扱いは sheet-4-R091 で判定した。	sheet-4は画像0枚（sheets.tsv / images配下に該当ファイル無し）。レイアウト図は無く本文のみで判定した。	high	
sheet-4-R068	OUT_OF_SCOPE								リクエストパラメータのXMLサンプルの一部（構造の例示）で、それ自体は要求ではない。サンプルが示す印刷ジョブIDの扱いは sheet-4-R091 で判定した。	sheet-4は画像0枚（sheets.tsv / images配下に該当ファイル無し）。レイアウト図は無く本文のみで判定した。	high	
sheet-4-R069	OUT_OF_SCOPE								リクエストパラメータのXMLサンプルの一部（構造の例示）で、それ自体は要求ではない。サンプルが示す印刷ジョブIDの扱いは sheet-4-R091 で判定した。	sheet-4は画像0枚（sheets.tsv / images配下に該当ファイル無し）。レイアウト図は無く本文のみで判定した。	high	
sheet-4-R070	OUT_OF_SCOPE								リクエストパラメータのXMLサンプルの一部（構造の例示）で、それ自体は要求ではない。サンプルが示す印刷ジョブIDの扱いは sheet-4-R091 で判定した。	sheet-4は画像0枚（sheets.tsv / images配下に該当ファイル無し）。レイアウト図は無く本文のみで判定した。	high	
sheet-4-R071	OUT_OF_SCOPE								リクエストパラメータのXMLサンプルの一部（構造の例示）で、それ自体は要求ではない。サンプルが示す印刷ジョブIDの扱いは sheet-4-R091 で判定した。	sheet-4は画像0枚（sheets.tsv / images配下に該当ファイル無し）。レイアウト図は無く本文のみで判定した。	high	
sheet-4-R072	OUT_OF_SCOPE								リクエストパラメータのXMLサンプルの一部（構造の例示）で、それ自体は要求ではない。サンプルが示す印刷ジョブIDの扱いは sheet-4-R091 で判定した。	sheet-4は画像0枚（sheets.tsv / images配下に該当ファイル無し）。レイアウト図は無く本文のみで判定した。	high	
sheet-4-R073	OUT_OF_SCOPE								リクエストパラメータのXMLサンプルの一部（構造の例示）で、それ自体は要求ではない。サンプルが示す印刷ジョブIDの扱いは sheet-4-R091 で判定した。	sheet-4は画像0枚（sheets.tsv / images配下に該当ファイル無し）。レイアウト図は無く本文のみで判定した。	high	
sheet-4-R074	OUT_OF_SCOPE								リクエストパラメータのXMLサンプルの一部（構造の例示）で、それ自体は要求ではない。サンプルが示す印刷ジョブIDの扱いは sheet-4-R091 で判定した。	sheet-4は画像0枚（sheets.tsv / images配下に該当ファイル無し）。レイアウト図は無く本文のみで判定した。	high	
sheet-4-R075	OUT_OF_SCOPE								リクエストパラメータのXMLサンプルの一部（構造の例示）で、それ自体は要求ではない。サンプルが示す印刷ジョブIDの扱いは sheet-4-R091 で判定した。	sheet-4は画像0枚（sheets.tsv / images配下に該当ファイル無し）。レイアウト図は無く本文のみで判定した。	high	
sheet-4-R076	OUT_OF_SCOPE								リクエストパラメータのXMLサンプルの一部（構造の例示）で、それ自体は要求ではない。サンプルが示す印刷ジョブIDの扱いは sheet-4-R091 で判定した。	sheet-4は画像0枚（sheets.tsv / images配下に該当ファイル無し）。レイアウト図は無く本文のみで判定した。	high	
sheet-4-R077	OUT_OF_SCOPE								リクエストパラメータのXMLサンプルの一部（構造の例示）で、それ自体は要求ではない。サンプルが示す印刷ジョブIDの扱いは sheet-4-R091 で判定した。	sheet-4は画像0枚（sheets.tsv / images配下に該当ファイル無し）。レイアウト図は無く本文のみで判定した。	high	
sheet-4-R078	OUT_OF_SCOPE								リクエストパラメータのXMLサンプルの一部（構造の例示）で、それ自体は要求ではない。サンプルが示す印刷ジョブIDの扱いは sheet-4-R091 で判定した。	sheet-4は画像0枚（sheets.tsv / images配下に該当ファイル無し）。レイアウト図は無く本文のみで判定した。	high	
sheet-4-R079	OUT_OF_SCOPE								リクエストパラメータのXMLサンプルの一部（構造の例示）で、それ自体は要求ではない。サンプルが示す印刷ジョブIDの扱いは sheet-4-R091 で判定した。	sheet-4は画像0枚（sheets.tsv / images配下に該当ファイル無し）。レイアウト図は無く本文のみで判定した。	high	
sheet-4-R080	OUT_OF_SCOPE								リクエストパラメータのXMLサンプルの一部（構造の例示）で、それ自体は要求ではない。サンプルが示す印刷ジョブIDの扱いは sheet-4-R091 で判定した。	sheet-4は画像0枚（sheets.tsv / images配下に該当ファイル無し）。レイアウト図は無く本文のみで判定した。	high	
sheet-4-R081	OUT_OF_SCOPE								「ステータスコード」という節見出しの行。	sheet-4は画像0枚（sheets.tsv / images配下に該当ファイル無し）。レイアウト図は無く本文のみで判定した。	high	
sheet-4-R082	OUT_OF_SCOPE								ステータスコード表のヘッダ行（コード/説明）。	sheet-4は画像0枚（sheets.tsv / images配下に該当ファイル無し）。レイアウト図は無く本文のみで判定した。	high	
sheet-4-R083	MATCHED						src/Eccube/Controller/App/OrderController.php:71-76、src/Eccube/Service/Admin/Order/UpdatePrintedOrderStatusAction.php:48-59		src/Eccube/Controller/App/OrderController.php:71-76 は問題の有無に関係なく本文を書かず200を返す。問題があるときのログ追記の仕組みも src/Eccube/Service/Admin/Order/UpdatePrintedOrderStatusAction.php:48-59 に存在する（プリンタの失敗理由コードの追記欠落は sheet-4-R014 で別途指摘した）。	sheet-4は画像0枚（sheets.tsv / images配下に該当ファイル無し）。レイアウト図は無く本文のみで判定した。	high	
sheet-4-R084	OUT_OF_SCOPE								「レスポンスデータ」という節見出しの行。	sheet-4は画像0枚（sheets.tsv / images配下に該当ファイル無し）。レイアウト図は無く本文のみで判定した。	high	
sheet-4-R085	OUT_OF_SCOPE								レスポンスデータ表のヘッダ行（名前/型/説明）。	sheet-4は画像0枚（sheets.tsv / images配下に該当ファイル無し）。レイアウト図は無く本文のみで判定した。	high	
sheet-4-R086	OUT_OF_SCOPE								レスポンスデータが「なし」であることを示す表のセル。応答本文なしの実装は sheet-4-R005・R083 で判定した。	sheet-4は画像0枚（sheets.tsv / images配下に該当ファイル無し）。レイアウト図は無く本文のみで判定した。	high	
sheet-4-R087	OUT_OF_SCOPE								現行仕様節の機能名見出し行。	sheet-4は画像0枚（sheets.tsv / images配下に該当ファイル無し）。レイアウト図は無く本文のみで判定した。	high	
sheet-4-R088	OUT_OF_SCOPE								現行仕様の小見出し行（条件の題）。内容は sheet-4-R089 で判定した。	sheet-4は画像0枚（sheets.tsv / images配下に該当ファイル無し）。レイアウト図は無く本文のみで判定した。	high	
sheet-4-R089	MATCHED						src/Eccube/Controller/App/OrderController.php:46-84		src/Eccube/Controller/App/OrderController.php:46-77 は接続種別が GetRequest / SetResponse のいずれでもないとき分岐に入らず、同79-84 で本文を書かない応答を返すだけで印刷情報の組み立ても更新も行わない。処理を行わない点は現行仕様どおり。	sheet-4は画像0枚（sheets.tsv / images配下に該当ファイル無し）。レイアウト図は無く本文のみで判定した。	med	
sheet-4-R090	OUT_OF_SCOPE								現行仕様の小見出し行（「印刷済みステータスへの更新」）。内容は後続行で判定した。	sheet-4は画像0枚（sheets.tsv / images配下に該当ファイル無し）。レイアウト図は無く本文のみで判定した。	high	
sheet-4-R091	MATCHED						src/Eccube/Service/Admin/Order/UpdatePrintedOrderStatusAction.php:78-81		src/Eccube/Service/Admin/Order/UpdatePrintedOrderStatusAction.php:79 は printjobid を「_」で分割した先頭要素を受注IDとして扱い、同81 でその受注を取得している。設計の区切り記号の扱いと一致する。	sheet-4は画像0枚（sheets.tsv / images配下に該当ファイル無し）。レイアウト図は無く本文のみで判定した。	high	
sheet-4-R092	OUT_OF_SCOPE								更新内容表のヘッダ行（対象受注の状態/更新内容）。	sheet-4は画像0枚（sheets.tsv / images配下に該当ファイル無し）。レイアウト図は無く本文のみで判定した。	high	
sheet-4-R093	MATCHED						src/Eccube/Service/Admin/Order/UpdatePrintedOrderStatusAction.php:87-89		src/Eccube/Service/Admin/Order/UpdatePrintedOrderStatusAction.php:87-88 はブラウザ印刷の区分が立っている受注についてその区分を倒すだけで、対応状況の更新（同90）は行わない。	sheet-4は画像0枚（sheets.tsv / images配下に該当ファイル無し）。レイアウト図は無く本文のみで判定した。	high	
sheet-4-R094	DRIFT	P3	実装違い	ふるまい	"ブラウザ印刷フラグが立っていないとき	対応状況をピック中へ更新し、注文確定日に現在日時を設定する"	ブラウザ印刷の区分が立っていない受注は、対応状況をピック中へ更新し、注文確定日に現在日時を設定する。	src/Eccube/Service/Admin/Order/UpdatePrintedOrderStatusAction.php:87-98	対応状況はピック中へ更新するが、注文確定日に現在日時を入れるのは本店の受注のときだけで、支店の受注では注文確定日は空のまま、代わりにピック開始日へ現在日時を入れる。	src/Eccube/Service/Admin/Order/UpdatePrintedOrderStatusAction.php:90 で対応状況をピック中へ更新した後、同91-97 は店舗が本店かどうかで分岐し、本店のみ注文確定日を現在日時にする。支店ではピック開始日を設定し注文確定日は更新しない。設計は店舗によらず注文確定日を設定すると記しており、支店の扱いの記述は正本に無い（設計裁定が必要な可能性がある）。	sheet-4は画像0枚（sheets.tsv / images配下に該当ファイル無し）。レイアウト図は無く本文のみで判定した。	med	UpdatePrintedOrderStatusAction-confirm-date-mainshop-only
sheet-4-R095	MATCHED						src/Eccube/Service/Admin/Order/UpdatePrintedOrderStatusAction.php:78-103		src/Eccube/Service/Admin/Order/UpdatePrintedOrderStatusAction.php:99-100 は受注1件ごとに更新を書き出し、同82-86 は受注が見つからない要素を読み飛ばして次へ進み、最後に同103 で確定する。後続の要素で受注が見つからなくても、それまでの更新は取り消されない。	sheet-4は画像0枚（sheets.tsv / images配下に該当ファイル無し）。レイアウト図は無く本文のみで判定した。	med	
sheet-4-R096	OUT_OF_SCOPE								現行仕様の小見出し行（「金額・在庫の再計算」）。内容は sheet-4-R097 で判定した。	sheet-4は画像0枚（sheets.tsv / images配下に該当ファイル無し）。レイアウト図は無く本文のみで判定した。	high	
sheet-4-R097	MATCHED						src/Eccube/Service/Admin/Order/UpdatePrintedOrderStatusAction.php:78-101		src/Eccube/Service/Admin/Order/UpdatePrintedOrderStatusAction.php:78-101 の更新は対応状況・ブラウザ印刷の区分・日付のみで、金額・税・ポイント・在庫数量を再計算する処理は無い（PurchaseFlow等の呼び出しも無い）。	sheet-4は画像0枚（sheets.tsv / images配下に該当ファイル無し）。レイアウト図は無く本文のみで判定した。	high	
sheet-4-R098	OUT_OF_SCOPE								現行仕様の小見出し行（「エラー時の扱い」）。内容は後続の表で判定した。	sheet-4は画像0枚（sheets.tsv / images配下に該当ファイル無し）。レイアウト図は無く本文のみで判定した。	high	
sheet-4-R099	MATCHED						src/Eccube/Service/Admin/Order/UpdatePrintedOrderStatusAction.php:48-54		src/Eccube/Service/Admin/Order/UpdatePrintedOrderStatusAction.php:48-53 は印刷結果XMLの解析に失敗したとき、ログを出して更新を行わずに戻る。	sheet-4は画像0枚（sheets.tsv / images配下に該当ファイル無し）。レイアウト図は無く本文のみで判定した。	high	
sheet-4-R100	MATCHED						src/Eccube/Service/Admin/Order/UpdatePrintedOrderStatusAction.php:55-59		src/Eccube/Service/Admin/Order/UpdatePrintedOrderStatusAction.php:55-58 は印刷結果要素が1件も無いとき、ログを出して更新を行わずに戻る。	sheet-4は画像0枚（sheets.tsv / images配下に該当ファイル無し）。レイアウト図は無く本文のみで判定した。	high	
sheet-4-R101	MATCHED						src/Eccube/Service/Admin/Order/UpdatePrintedOrderStatusAction.php:81-86		src/Eccube/Service/Admin/Order/UpdatePrintedOrderStatusAction.php:82-85 は印刷ジョブIDに対応する受注が見つからないとき、その要素を読み飛ばして次の要素へ進む。	sheet-4は画像0枚（sheets.tsv / images配下に該当ファイル無し）。レイアウト図は無く本文のみで判定した。	high	
sheet-4-R102	MATCHED						src/Eccube/Service/Admin/Order/UpdatePrintedOrderStatusAction.php:104-108		src/Eccube/Service/Admin/Order/UpdatePrintedOrderStatusAction.php:104-107 は更新途中の例外を再送出しており、応答は共通の例外処理に委ねられる（コントローラ側で捕捉していない: src/Eccube/Controller/App/OrderController.php:64-69）。	sheet-4は画像0枚（sheets.tsv / images配下に該当ファイル無し）。レイアウト図は無く本文のみで判定した。	high	
sheet-4-R103	OUT_OF_SCOPE								「入出力: 要求と応答」という節見出しの行。	sheet-4は画像0枚（sheets.tsv / images配下に該当ファイル無し）。レイアウト図は無く本文のみで判定した。	high	
sheet-4-R104	DRIFT	P3	実装違い	IO	"入力	接続種別は、クエリのほかボディからも受け取る。印刷結果XMLはPOSTのボディからのみ読み取り、クエリに同名の値があっても用いない"	印刷結果XMLはPOSTのボディの値だけを用い、URLのクエリに同名の値があってもその値は用いない。	src/Eccube/Controller/App/OrderController.php:46-67	印刷結果XMLの取り出しはURLのクエリを先に見るため、クエリに同名の値を付けるとボディの値ではなくクエリの値で更新処理が動く。	src/Eccube/Controller/App/OrderController.php:67 は接続種別と同じ取り出し方で印刷結果XMLを読んでおり、vendor/symfony/http-foundation/Request.php:744-760 の通りクエリ→ボディの順に探すため、クエリの同名値が優先される。設計はボディからのみ読み取ると定めている。接続種別をクエリ・ボディ双方から受け取る点（src/Eccube/Controller/App/OrderController.php:46）は設計どおり。	sheet-4は画像0枚（sheets.tsv / images配下に該当ファイル無し）。レイアウト図は無く本文のみで判定した。	high	OrderController-response-file-from-query
sheet-4-R105	MATCHED						src/Eccube/Controller/App/OrderController.php:74		src/Eccube/Controller/App/OrderController.php:74 は印刷完了通知の成功時応答の Content-Type に text/xml; charset=utf-8 を設定している。	sheet-4は画像0枚（sheets.tsv / images配下に該当ファイル無し）。レイアウト図は無く本文のみで判定した。	high	
sheet-4-R106	OUT_OF_SCOPE								「入出力: 永続化」という節見出しの行。	sheet-4は画像0枚（sheets.tsv / images配下に該当ファイル無し）。レイアウト図は無く本文のみで判定した。	high	
sheet-4-R107	DRIFT	P3	実装違い	ふるまい	"更新	ブラウザ印刷フラグが立っていない受注は、対応状況をピック中へ、注文確定日を現在日時へ設定する"	ブラウザ印刷の区分が立っていない受注について、対応状況をピック中へ、注文確定日を現在日時へ設定して保存する。	src/Eccube/Service/Admin/Order/UpdatePrintedOrderStatusAction.php:87-100	対応状況はピック中へ保存されるが、注文確定日に現在日時が保存されるのは本店の受注のときだけで、支店の受注ではピック開始日が保存され注文確定日は更新されない。	src/Eccube/Service/Admin/Order/UpdatePrintedOrderStatusAction.php:90-97 の保存内容は本店なら対応状況＋注文確定日、支店なら対応状況＋ピック開始日で、設計が求める注文確定日の設定が支店では行われない。設計に支店の扱いの記述は無い。	sheet-4は画像0枚（sheets.tsv / images配下に該当ファイル無し）。レイアウト図は無く本文のみで判定した。	med	UpdatePrintedOrderStatusAction-confirm-date-mainshop-only
sheet-4-R108	MATCHED						src/Eccube/Service/Admin/Order/UpdatePrintedOrderStatusAction.php:87-89,99-100		src/Eccube/Service/Admin/Order/UpdatePrintedOrderStatusAction.php:87-88 はブラウザ印刷の区分が立っている受注についてその区分を倒し、同99-100 で保存する。対応状況・日付は更新しない。	sheet-4は画像0枚（sheets.tsv / images配下に該当ファイル無し）。レイアウト図は無く本文のみで判定した。	high	
sheet-4-R109	MATCHED						src/Eccube/Controller/App/OrderController.php:44-85、src/Eccube/Service/Admin/Order/UpdatePrintedOrderStatusAction.php:44-109		src/Eccube/Controller/App/OrderController.php:44-85 と src/Eccube/Service/Admin/Order/UpdatePrintedOrderStatusAction.php:44-109 に画面表示メッセージやフラッシュメッセージの出力は無く、応答も本文なしのため、メッセージを扱わない旨と一致する（ログ出力は画面メッセージではない）。	sheet-4は画像0枚（sheets.tsv / images配下に該当ファイル無し）。レイアウト図は無く本文のみで判定した。	high	
sheet-5-R001	OUT_OF_SCOPE				GET　POST　PUT　DELETE　PATCH　OPTIONS　HEAD　有　無　〇				処理概要表のメソッド／認証の選択肢を並べた凡例行。仕様を述べていない。	画像0枚（images/ に本シートの図は無い）。テキスト全文で判定した。	high	
sheet-5-R002	OUT_OF_SCOPE				エンドポイントURL				項目名（ラベル）のみの行。	画像0枚（images/ に本シートの図は無い）。テキスト全文で判定した。	high	
sheet-5-R003	OUT_OF_SCOPE				/waiting_api/get_waiting/{店舗ID}				受付先（URL）の差は規約により対象外。実装は src/Eccube/Controller/Front/WaitingNumberController.php:63 で /waiting_api/get_waiting_number/{base_info_id} を受け付け、店舗を表す整数1つをパスで受ける形は同じ。	画像0枚（images/ に本シートの図は無い）。テキスト全文で判定した。	high	
sheet-5-R004	MATCHED				プロトコル　HTTP　メソッド　GET　認証の有無　有　認証方式　IP制限　リクエスト書式　クエリ　レスポンス書式　JSON		src/Eccube/Controller/Front/WaitingNumberController.php:63;src/Eccube/Controller/Front/WaitingNumberController.php:116		GET のみ受け付け（src/Eccube/Controller/Front/WaitingNumberController.php:63）、応答は JSON 配列（src/Eccube/Controller/Front/WaitingNumberController.php:116）。認証方式（IP制限）は認可設定であり規約上対象外として判定に含めない。	画像0枚（images/ に本シートの図は無い）。テキスト全文で判定した。	med	
sheet-5-R005	MATCHED				本店・支店のシステムを統合するので、本店の店舗IDを渡すように修正		src/Eccube/Controller/Front/WaitingNumberController.php:64;src/Eccube/Controller/Front/WaitingNumberController.php:70-79		統合後の単一システムで、パスで受けた店舗（BaseInfo）IDを条件に番号札とピック済み番号を絞り込んでいる（src/Eccube/Controller/Front/WaitingNumberController.php:71,:78）。支店ごとの別システムは無い。	画像0枚（images/ に本シートの図は無い）。テキスト全文で判定した。	high	
sheet-5-R006	OUT_OF_SCOPE				支店側のエンドポイントURLが変更				受付先（URL）の変更は実装手段の差であり規約により対象外。	画像0枚（images/ に本シートの図は無い）。テキスト全文で判定した。	high	
sheet-5-R007	MATCHED				★店頭注文番号一覧ページから非同期に定期的に(10秒間隔)アクセス　※ 支店側の実装を移植		src/Eccube/Resource/template/default/Block/js/waiting_get_js.twig:189;src/Eccube/Resource/template/default/Block/js/waiting_get_js.twig:96		注文番号表示画面（src/Eccube/Controller/Front/WaitingNumberController.php:43-45）の JS が 10000ms 間隔で本APIを非同期に呼び出している（waiting_get_js.twig:189 の setInterval(”update()”, 10000)、呼び先は同 :96）。	画像0枚（images/ に本シートの図は無い）。テキスト全文で判定した。	high	
sheet-5-R008	MATCHED				店舗IDに紐づく受注データで、かつ店頭PC購入の「ピック済み」になっている店頭注文番号と店頭注文番号札管理(M05-27)で登録されている番号のリストを取得し、		src/Eccube/Controller/Front/WaitingNumberController.php:70-79;src/Eccube/Repository/DtbWaitingNumberRepository.php:43-53;src/Eccube/Service/PurchaseFlow/Processor/WaitingNumberProcessor.php:44		店舗（BaseInfo）で絞った手動登録の番号札（src/Eccube/Controller/Front/WaitingNumberController.php:70-73）と、受注ステータス=ピック済み(OrderStatus::PICKED)の店頭注文番号（src/Eccube/Controller/Front/WaitingNumberController.php:76-79、DtbWaitingNumberRepository.php:47-51）を取得している。店頭注文番号は店頭販売グループの注文にのみ発番されるため（WaitingNumberProcessor.php:44）、店頭PC購入分に限られる。	画像0枚（images/ に本シートの図は無い）。テキスト全文で判定した。	high	
sheet-5-R009	MATCHED				JSON配列で返す		src/Eccube/Controller/Front/WaitingNumberController.php:116		取得した配列をそのまま JSON として返している（src/Eccube/Controller/Front/WaitingNumberController.php:116 の $this->json($returnResponse)）。	画像0枚（images/ に本シートの図は無い）。テキスト全文で判定した。	high	
sheet-5-R010	MATCHED				データが存在しない場合は、空のJSON配列を返す		src/Eccube/Controller/Front/WaitingNumberController.php:66;src/Eccube/Controller/Front/WaitingNumberController.php:116;src/Eccube/Controller/Front/WaitingNumberController.php:119		$returnResponse は空配列で初期化され（:66）、該当データが無ければそのまま空配列を JSON で返す（:116/:119）。	画像0枚（images/ に本シートの図は無い）。テキスト全文で判定した。	high	
sheet-5-R011	OUT_OF_SCOPE				リクエストパラメータ				節の見出し行。	画像0枚（images/ に本シートの図は無い）。テキスト全文で判定した。	high	
sheet-5-R012	OUT_OF_SCOPE				項目名 型 必須 最大文字数				リクエストパラメータ表のヘッダ行。	画像0枚（images/ に本シートの図は無い）。テキスト全文で判定した。	high	
sheet-5-R013	OUT_OF_SCOPE				または最大値 入力例 備考				リクエストパラメータ表のヘッダ行（折り返し）。	画像0枚（images/ に本シートの図は無い）。テキスト全文で判定した。	high	
sheet-5-R014	MATCHED				店舗ID 数値(整数) 〇  123		src/Eccube/Controller/Front/WaitingNumberController.php:63;src/Eccube/Controller/Front/WaitingNumberController.php:68		店舗IDはパス変数 base_info_id として必須で受け、整数のみ（requirements: \d+）に制限し（:63）、0以下は対象外としている（:68）。	画像0枚（images/ に本シートの図は無い）。テキスト全文で判定した。	high	
sheet-5-R015	OUT_OF_SCOPE				リクエストパラメータサンプル				節の見出し行。	画像0枚（images/ に本シートの図は無い）。テキスト全文で判定した。	high	
sheet-5-R016	OUT_OF_SCOPE				/waiting_api/get_waiting/123				呼び出しサンプル。受付先（URL）の差は規約により対象外。	画像0枚（images/ に本シートの図は無い）。テキスト全文で判定した。	high	
sheet-5-R017	OUT_OF_SCOPE				ステータスコード				節の見出し行。	画像0枚（images/ に本シートの図は無い）。テキスト全文で判定した。	high	
sheet-5-R018	OUT_OF_SCOPE				コード　説明				ステータスコード表のヘッダ行。	画像0枚（images/ に本シートの図は無い）。テキスト全文で判定した。	high	
sheet-5-R019	MATCHED				200　正常終了		src/Eccube/Controller/Front/WaitingNumberController.php:116;src/Eccube/Controller/Front/WaitingNumberController.php:119		正常時は JsonResponse を既定の200で返している（:116/:119）。	画像0枚（images/ に本シートの図は無い）。テキスト全文で判定した。	high	
sheet-5-R020	OUT_OF_SCOPE				レスポンスデータ				節の見出し行。	画像0枚（images/ に本シートの図は無い）。テキスト全文で判定した。	high	
sheet-5-R021	OUT_OF_SCOPE				名前 型 説明				レスポンスデータ表のヘッダ行。	画像0枚（images/ に本シートの図は無い）。テキスト全文で判定した。	high	
sheet-5-R022	MATCHED				注文番号のJSON配列 文字型 ピックアップ済みの受注データの注文番号、もしくは管理画面で登録された店頭注文番号のJSON配列		src/Eccube/Controller/Front/WaitingNumberController.php:104-114;src/Eccube/Controller/Front/WaitingNumberController.php:116		ピック済み受注の店頭注文番号（:104/:108）と管理画面で登録された番号札（:113）を1つの配列に詰め、JSON配列として返している（:116）。	画像0枚（images/ に本シートの図は無い）。テキスト全文で判定した。	high	
sheet-5-R023	OUT_OF_SCOPE				レスポンスデータサンプル				節の見出し行。	画像0枚（images/ に本シートの図は無い）。テキスト全文で判定した。	high	
sheet-5-R024	OUT_OF_SCOPE				[”AA”,”BB”,”ABB”]				応答サンプル値。仕様を述べていない。	画像0枚（images/ に本シートの図は無い）。テキスト全文で判定した。	high	
sheet-5-R025	OUT_OF_SCOPE				A05-03 店頭注文番号取得 / API 受注管理 — 店頭注文番号取得				現行仕様節の見出し行。	画像0枚（images/ に本シートの図は無い）。テキスト全文で判定した。	high	
sheet-5-R026	OUT_OF_SCOPE				配列内の並び順				業務ロジックの小見出し行。	画像0枚（images/ に本シートの図は無い）。テキスト全文で判定した。	high	
sheet-5-R027	MATCHED				ピック済みの受注に紐づく注文番号を先頭側に、店頭注文番号札管理で登録した番号札を末尾側に並べた1つの配列にする。どちらも登録の識別子の昇順で並べる。		src/Eccube/Controller/Front/WaitingNumberController.php:107-114;src/Eccube/Repository/DtbWaitingNumberRepository.php:51;src/Eccube/Controller/Front/WaitingNumberController.php:72		ピック済み番号を先に詰め（:107-110 / :93-105）、そのあとに番号札を追加している（:112-114）。ピック済みは発番順の昇順（DtbWaitingNumberRepository.php:51 の orderBy waitingNumber ASC）、番号札は登録IDの昇順（src/Eccube/Controller/Front/WaitingNumberController.php:72 の ['id' => 'ASC']）で並ぶ。ピック済み側の並びキーは発番番号で、発番は登録順の連番のため識別子昇順と同順になる。	画像0枚（images/ に本シートの図は無い）。テキスト全文で判定した。	med	
sheet-5-R028	OUT_OF_SCOPE				欠番の補完				業務ロジックの小見出し行。	画像0枚（images/ に本シートの図は無い）。テキスト全文で判定した。	high	
sheet-5-R029	MATCHED				ピック済みの件数と登録済みの番号札の件数の合計が画面表示の最大件数（25件）を超えるときだけ、販売完了の受注の注文番号も取得して欠番を補う。直前に加えた番号の次から対象の注文番号の手前までの連番がすべて販売完了であれば、その間の番号も配列に加える。最大件数を超えないときは補完しない。		src/Eccube/Controller/Front/WaitingNumberController.php:82-105;app/config/eccube/packages/eccube.yaml:160		件数合計が最大表示件数（eccube_waiting_monitor_max_size=25、eccube.yaml:160）を超えるときだけ販売完了(DELIVERED)の番号を取得し（:82-87）、直前に加えた番号+1から対象番号-1までがすべて販売完了なら間の番号を配列に加える（:97-103、:128-137）。超えない場合はピック済みのみを詰める（:106-110）。	画像0枚（images/ に本シートの図は無い）。テキスト全文で判定した。	high	
sheet-5-R030	OUT_OF_SCOPE				失敗時の応答				入出力の小見出し行。	画像0枚（images/ に本シートの図は無い）。テキスト全文で判定した。	high	
sheet-5-R031	MATCHED				失敗時出力 店舗IDを指定せずに呼び出したときは、注文番号の配列を返さない		src/Eccube/Controller/Front/WaitingNumberController.php:63;src/Eccube/Controller/Front/WaitingNumberController.php:68;src/Eccube/Controller/Front/WaitingNumberController.php:119		店舗IDはパス必須のため未指定の呼び出しはそもそも受け付けられず（:63）、0以下が渡された場合も番号を集めずに空配列を返して注文番号の配列を返さない（:68/:119）。	画像0枚（images/ に本シートの図は無い）。テキスト全文で判定した。	med	
sheet-5-R032	MATCHED				本APIは画面メッセージを扱わない。		src/Eccube/Controller/Front/WaitingNumberController.php:116;src/Eccube/Controller/Front/WaitingNumberController.php:119		応答は注文番号の配列のみで、メッセージ文言を含めていない（:116/:119）。	画像0枚（images/ に本シートの図は無い）。テキスト全文で判定した。	high	
sheet-6-R001	OUT_OF_SCOPE								HTTPメソッドと認証有無の選択肢を並べた凡例行で、仕様を述べていない	本シートは画像0枚（images/sheet-6_img*.png が存在しない）ため、図中文言の確認対象なし	high	
sheet-6-R002	OUT_OF_SCOPE								項目名（見出しセル）のみで、仕様を述べていない	本シートは画像0枚（images/sheet-6_img*.png が存在しない）ため、図中文言の確認対象なし	high	
sheet-6-R003	UNVERIFIABLE						app/config/eccube/packages/eccube.yaml:7;app/config/eccube/routes.yaml:12		受信パスは環境変数 ECCUBE_SMAREGI_WEBHOOK_ROUTE から組まれる（app/config/eccube/packages/eccube.yaml:7 の既定値は smaregi/webhook、app/config/eccube/routes.yaml:12 で前置される）。実運用の受信パスがリポジトリ外の環境設定で決まるため、/smaregi/transaction と一致するかは静的に確定できない	本シートは画像0枚（images/sheet-6_img*.png が存在しない）ため、図中文言の確認対象なし	med	
sheet-6-R004	UNVERIFIABLE						src/Eccube/Controller/Smaregi/WebhookController.php:52;src/Eccube/Service/Smaregi/Webhook/AuthenticationService.php:33		POST受信・JSON本文・認証の有無=有は src/Eccube/Controller/Smaregi/WebhookController.php:41 と src/Eccube/Controller/Smaregi/WebhookController.php:52、src/Eccube/Service/Smaregi/Webhook/AuthenticationService.php:33 で満たされる。ただし認証方式は共有シークレットヘッダの照合で、送信元IPを制限する実装はアプリ側に存在しない。IP制限はリポジトリ外の経路制御（WAF/リバースプロキシ）設定に依存するため、IP制限の有無は静的解析では判定できない	本シートは画像0枚（images/sheet-6_img*.png が存在しない）ため、図中文言の確認対象なし	med	
sheet-6-R005	DRIFT	P3	実装違い	IO	レスポンスデータは空を返す	取引webhookの受信に成功したとき、応答は本文を持たず、ステータスコード200だけを返す	src/Eccube/Controller/Smaregi/WebhookController.php:107	"受信成功時に {""status"":""ok""} というJSON本文を付けた200を返している（同様に認証失敗時は本文付き401、受信IDヘッダ欠落時は本文付き400を返す）"	正本は受信時の応答を「レスポンス書式　なし(ステータスコードのみ)」とし、ステータスコード表でも「200　レスポンスデータは空を返す」と定めている。実装は src/Eccube/Controller/Smaregi/WebhookController.php:107 で JsonResponse に本文を載せて返しており、応答本文の有無が正本と異なる	本シートは画像0枚（images/sheet-6_img*.png が存在しない）ため、図中文言の確認対象なし	med	WebhookController-nonempty-response-body
sheet-6-R006	MATCHED						src/Eccube/Service/Smaregi/Api/SmaregiAccessTokenService.php:72;src/Eccube/Service/Smaregi/Api/SmaregiTransactionApiClient.php:59		取引詳細の取得はプラットフォームAPI（client_credentialsでアクセストークンを取得し /{contractId}/pos/transactions/{id} を呼ぶ）で実装されている。src/Eccube/Service/Smaregi/Api/SmaregiAccessTokenService.php:72 でトークン取得、src/Eccube/Service/Smaregi/Api/SmaregiTransactionApiClient.php:59 で取引取得。廃止予定の旧スマレジAPIを叩く実装は残っていない	本シートは画像0枚（images/sheet-6_img*.png が存在しない）ため、図中文言の確認対象なし	high	
sheet-6-R007	MATCHED						src/Eccube/Service/Smaregi/Webhook/Transaction/TransactionEventDispatcher.php:89;src/Eccube/MessageHandler/SmaregiTransactionProcessMessageHandler.php:229		受信本文からは取引IDの配列のみを取り出し（src/Eccube/Service/Smaregi/Webhook/Transaction/TransactionEventDispatcher.php:89）、取引ID単位に別途取引情報取得APIを呼んで詳細を取得している（src/Eccube/MessageHandler/SmaregiTransactionProcessMessageHandler.php:229）	本シートは画像0枚（images/sheet-6_img*.png が存在しない）ため、図中文言の確認対象なし	high	
sheet-6-R008	MATCHED						src/Eccube/Service/Smaregi/Webhook/Transaction/SmaregiOrderFactory.php:562;src/Eccube/MessageHandler/SmaregiTransactionProcessMessageHandler.php:229		受信処理は1系統のみで、取引の店舗IDから店舗情報を解決して本店・支店いずれの取引も同じ処理で取り込む（src/Eccube/Service/Smaregi/Webhook/Transaction/SmaregiOrderFactory.php:562）。支店向けの別処理は存在しない	本シートは画像0枚（images/sheet-6_img*.png が存在しない）ため、図中文言の確認対象なし	med	
sheet-6-R009	MATCHED						src/Eccube/MessageHandler/SmaregiWebhookEventMessageHandler.php:97;src/Eccube/Service/Smaregi/Webhook/Transaction/SmaregiOrderFactory.php:562		webhook受信後は取引ディスパッチャ→取引単位処理で完結し（src/Eccube/MessageHandler/SmaregiWebhookEventMessageHandler.php:97）、支店側へデータを送るAPI呼び出しは実装に存在しない。店舗の振り分けは取引の店舗IDから店舗情報を引く形（src/Eccube/Service/Smaregi/Webhook/Transaction/SmaregiOrderFactory.php:562）で受信のみで完了する	本シートは画像0枚（images/sheet-6_img*.png が存在しない）ため、図中文言の確認対象なし	med	
sheet-6-R010	MATCHED						src/Eccube/Service/Smaregi/Webhook/Transaction/SmaregiOrderFactory.php:329;src/Eccube/Service/Smaregi/Webhook/Transaction/SmaregiOrderFactory.php:358		ポイント以外の取引情報（取引ID・レシート番号・メモ・取引日時・小計・合計・内税額・免税額・値引き区分など）を受注へ登録している（src/Eccube/Service/Smaregi/Webhook/Transaction/SmaregiOrderFactory.php:329 ～ src/Eccube/Service/Smaregi/Webhook/Transaction/SmaregiOrderFactory.php:366）	本シートは画像0枚（images/sheet-6_img*.png が存在しない）ため、図中文言の確認対象なし	high	
sheet-6-R011	OUT_OF_SCOPE								追加連携項目の記載場所を案内する凡例（★が追加項目である旨）で、実装要求ではない	本シートは画像0枚（images/sheet-6_img*.png が存在しない）ため、図中文言の確認対象なし	high	
sheet-6-R012	MATCHED						src/Eccube/Service/Smaregi/Webhook/Transaction/PurchasePatternResolver.php:20		取引の状態から連携方法（購入パターン1〜9）を決める分岐が実装されている（src/Eccube/Service/Smaregi/Webhook/Transaction/PurchasePatternResolver.php:20）	本シートは画像0枚（images/sheet-6_img*.png が存在しない）ため、図中文言の確認対象なし	high	
sheet-6-R013	MATCHED						src/Eccube/Service/Smaregi/Webhook/Transaction/PurchasePatternContextBuilder.php:51;src/Eccube/Service/Smaregi/Webhook/Transaction/PurchasePatternContextBuilder.php:59;src/Eccube/Service/Smaregi/Webhook/Transaction/PurchasePatternContextBuilder.php:61		分岐の4条件がいずれも構築されている: 受取方法（スムーズ店頭受取/店頭受取）は src/Eccube/Service/Smaregi/Webhook/Transaction/PurchasePatternContextBuilder.php:61、会員状態は src/Eccube/Service/Smaregi/Webhook/Transaction/PurchasePatternContextBuilder.php:51、ついで買いの有無は src/Eccube/Service/Smaregi/Webhook/Transaction/PurchasePatternContextBuilder.php:60、店頭PC購入かどうかは src/Eccube/Service/Smaregi/Webhook/Transaction/PurchasePatternContextBuilder.php:90	本シートは画像0枚（images/sheet-6_img*.png が存在しない）ため、図中文言の確認対象なし	high	
sheet-6-R014	OUT_OF_SCOPE								「実装時の注意点」の見出し行	本シートは画像0枚（images/sheet-6_img*.png が存在しない）ため、図中文言の確認対象なし	high	
sheet-6-R015	OUT_OF_SCOPE								スマレジ公式ドキュメントの参照URLで、実装要求ではない	本シートは画像0枚（images/sheet-6_img*.png が存在しない）ため、図中文言の確認対象なし	high	
sheet-6-R016	OUT_OF_SCOPE								スマレジ公式ドキュメント（レート制限）の参照URLで、実装要求ではない	本シートは画像0枚（images/sheet-6_img*.png が存在しない）ため、図中文言の確認対象なし	high	
sheet-6-R017	OUT_OF_SCOPE								レート上限に対する試算（背景説明）で、実装要求ではない	本シートは画像0枚（images/sheet-6_img*.png が存在しない）ため、図中文言の確認対象なし	high	
sheet-6-R018	MATCHED						src/Eccube/Service/Smaregi/Api/SmaregiGuzzleClientFactory.php:132;src/Eccube/Service/Smaregi/Api/SmaregiGuzzleClientFactory.php:166		レート制限超過（429）と5xx・接続失敗時に再試行する仕組みがあり、待機時間は応答のRetry-Afterを優先し解釈できないときは指数バックオフにフォールバックする（src/Eccube/Service/Smaregi/Api/SmaregiGuzzleClientFactory.php:132、src/Eccube/Service/Smaregi/Api/SmaregiGuzzleClientFactory.php:166）	本シートは画像0枚（images/sheet-6_img*.png が存在しない）ため、図中文言の確認対象なし	high	
sheet-6-R019	MATCHED						src/Eccube/Controller/Smaregi/WebhookController.php:41;src/Eccube/Service/Smaregi/Webhook/EventService.php:29		スマレジの取引完了webhookをPOSTで受け、受信イベントとして記録して後続処理へ投入する（src/Eccube/Controller/Smaregi/WebhookController.php:41、src/Eccube/Service/Smaregi/Webhook/EventService.php:29）	本シートは画像0枚（images/sheet-6_img*.png が存在しない）ため、図中文言の確認対象なし	high	
sheet-6-R020	OUT_OF_SCOPE								処理概要図のレーン名（スマレジ）で、仕様を述べていない	本シートは画像0枚（images/sheet-6_img*.png が存在しない）ため、図中文言の確認対象なし	high	
sheet-6-R021	OUT_OF_SCOPE								処理概要図のレーン名（ECCUBE）で、仕様を述べていない	本シートは画像0枚（images/sheet-6_img*.png が存在しない）ため、図中文言の確認対象なし	high	
sheet-6-R022	MATCHED						src/Eccube/Service/Smaregi/Webhook/EventService.php:31;src/Eccube/Service/Smaregi/Webhook/Transaction/TransactionEventDispatcher.php:89		受信本文から取引IDの配列を取り出して取引単位に処理する（src/Eccube/Service/Smaregi/Webhook/EventService.php:31 で本文を保持、src/Eccube/Service/Smaregi/Webhook/Transaction/TransactionEventDispatcher.php:89 で取引IDを抽出）	本シートは画像0枚（images/sheet-6_img*.png が存在しない）ため、図中文言の確認対象なし	high	
sheet-6-R023	MATCHED						src/Eccube/Service/Smaregi/Api/SmaregiTransactionApiClient.php:52;src/Eccube/MessageHandler/SmaregiTransactionProcessMessageHandler.php:229		取引IDを指定して取引詳細を要求している（src/Eccube/Service/Smaregi/Api/SmaregiTransactionApiClient.php:52、呼び出しは src/Eccube/MessageHandler/SmaregiTransactionProcessMessageHandler.php:229）	本シートは画像0枚（images/sheet-6_img*.png が存在しない）ため、図中文言の確認対象なし	high	
sheet-6-R024	MATCHED						src/Eccube/Service/Smaregi/Api/SmaregiTransactionApiClient.php:78;src/Eccube/Service/Smaregi/Api/Util/Transaction/TransactionResponseParser.php:30		取引情報取得APIの応答を解析して取引情報として取り込んでいる（src/Eccube/Service/Smaregi/Api/SmaregiTransactionApiClient.php:78、解析は TransactionResponseParser.php:30）	本シートは画像0枚（images/sheet-6_img*.png が存在しない）ため、図中文言の確認対象なし	high	
sheet-6-R025	OUT_OF_SCOPE								処理概要図のノード名（取引完了）で、仕様を述べていない	本シートは画像0枚（images/sheet-6_img*.png が存在しない）ため、図中文言の確認対象なし	high	
sheet-6-R026	OUT_OF_SCOPE								処理概要図のノード名（スマレジ取引情報取得）で、仕様を述べていない	本シートは画像0枚（images/sheet-6_img*.png が存在しない）ため、図中文言の確認対象なし	high	
sheet-6-R027	OUT_OF_SCOPE								抽出ツールが図形座標から再構成した旨の注記で、設計要求ではない	本シートは画像0枚（images/sheet-6_img*.png が存在しない）ため、図中文言の確認対象なし	high	
sheet-6-R028	OUT_OF_SCOPE								抽出ツールの遷移一覧の件数注記で、設計要求ではない	本シートは画像0枚（images/sheet-6_img*.png が存在しない）ため、図中文言の確認対象なし	high	
sheet-6-R029	OUT_OF_SCOPE								遷移一覧の表ヘッダ行	本シートは画像0枚（images/sheet-6_img*.png が存在しない）ため、図中文言の確認対象なし	high	
sheet-6-R030	OUT_OF_SCOPE								遷移一覧のデータ行（図の再構成結果）で、実装要求を述べていない	本シートは画像0枚（images/sheet-6_img*.png が存在しない）ため、図中文言の確認対象なし	high	
sheet-6-R031	MATCHED						src/Eccube/MessageHandler/SmaregiTransactionProcessMessageHandler.php:325;src/Eccube/MessageHandler/SmaregiTransactionProcessMessageHandler.php:344;src/Eccube/MessageHandler/SmaregiTransactionProcessMessageHandler.php:357		action別に通常（created）・取消（canceled）・打消（disposed）を判定して分岐し、それぞれポイントの適用/差し戻しを行う（src/Eccube/MessageHandler/SmaregiTransactionProcessMessageHandler.php:325、src/Eccube/MessageHandler/SmaregiTransactionProcessMessageHandler.php:344、src/Eccube/MessageHandler/SmaregiTransactionProcessMessageHandler.php:357）	本シートは画像0枚（images/sheet-6_img*.png が存在しない）ため、図中文言の確認対象なし	high	
sheet-6-R032	MATCHED						src/Eccube/Service/Smaregi/Webhook/Transaction/SmaregiOrderPointApplier.php:59;src/Eccube/Service/Smaregi/Webhook/Transaction/SmaregiOrderPointReverter.php:67		購入時は受注のポイントを会員残高へ適用し（src/Eccube/Service/Smaregi/Webhook/Transaction/SmaregiOrderPointApplier.php:59）、取消・打消時は同じ取引IDのポイントを差し戻す（src/Eccube/Service/Smaregi/Webhook/Transaction/SmaregiOrderPointReverter.php:67）。分岐は src/Eccube/MessageHandler/SmaregiTransactionProcessMessageHandler.php:325	本シートは画像0枚（images/sheet-6_img*.png が存在しない）ため、図中文言の確認対象なし	high	
sheet-6-R033	MATCHED						src/Eccube/MessageHandler/SmaregiTransactionProcessMessageHandler.php:466;src/Eccube/Service/Smaregi/Webhook/Transaction/SmaregiOrderFactory.php:312		取引詳細から受注データを組み立ててECCUBEへ登録する処理が実装されている（パターン振り分け src/Eccube/MessageHandler/SmaregiTransactionProcessMessageHandler.php:466、受注ヘッダ生成 src/Eccube/Service/Smaregi/Webhook/Transaction/SmaregiOrderFactory.php:312）	本シートは画像0枚（images/sheet-6_img*.png が存在しない）ため、図中文言の確認対象なし	high	
sheet-6-R034	OUT_OF_SCOPE								「主要購入パターン」の見出し行	本シートは画像0枚（images/sheet-6_img*.png が存在しない）ため、図中文言の確認対象なし	high	
sheet-6-R035	OUT_OF_SCOPE								購入パターン表の前置き（説明）で、実装要求ではない	本シートは画像0枚（images/sheet-6_img*.png が存在しない）ため、図中文言の確認対象なし	high	
sheet-6-R036	OUT_OF_SCOPE								「基本ルール」の見出し行	本シートは画像0枚（images/sheet-6_img*.png が存在しない）ため、図中文言の確認対象なし	high	
sheet-6-R037	MATCHED						src/Eccube/Service/Smaregi/Webhook/Transaction/PurchasePatternContextBuilder.php:47;src/Eccube/Service/Smaregi/Webhook/Transaction/PurchasePatternContextBuilder.php:111		取引明細の商品識別値を集めて既存の店頭受取受注を検索している（src/Eccube/Service/Smaregi/Webhook/Transaction/PurchasePatternContextBuilder.php:111 で明細から抽出、src/Eccube/Service/Smaregi/Webhook/Transaction/PurchasePatternContextBuilder.php:47 で既存受注を突合）。突合キーは商品コード（EC側に商品IDを保持していないため両者共通の値を使う旨が src/Eccube/Service/Smaregi/Webhook/Transaction/PurchasePatternContextBuilder.php:27 に明記）で、既存受注を引き当てるという結果は成立している	本シートは画像0枚（images/sheet-6_img*.png が存在しない）ため、図中文言の確認対象なし	med	
sheet-6-R038	OUT_OF_SCOPE								※で始まる根拠説明（スマレジ側の商品登録形態の説明）で、実装要求ではない	本シートは画像0枚（images/sheet-6_img*.png が存在しない）ため、図中文言の確認対象なし	high	
sheet-6-R039	MATCHED						src/Eccube/Service/Smaregi/Webhook/Transaction/SmaregiOrderFactory.php:316;src/Eccube/Service/Smaregi/Webhook/Transaction/Handler/Pattern/OtcGuestPatternHandler.php:62;src/Eccube/Service/Smaregi/Webhook/Transaction/Handler/Pattern/OtcMemberPatternHandler.php:70		スマレジ取引から新規作成する受注は受注ステータス=出荷完了で作成される（src/Eccube/Service/Smaregi/Webhook/Transaction/SmaregiOrderFactory.php:316）。作成経路は src/Eccube/Service/Smaregi/Webhook/Transaction/Handler/Pattern/OtcGuestPatternHandler.php:62 と src/Eccube/Service/Smaregi/Webhook/Transaction/Handler/Pattern/OtcMemberPatternHandler.php:70、パターン2〜7は src/Eccube/Service/Smaregi/Webhook/Transaction/Handler/Pattern/EccubeOtcPatternHandler.php:101	本シートは画像0枚（images/sheet-6_img*.png が存在しない）ため、図中文言の確認対象なし	high	
sheet-6-R040	DRIFT	P3	実装違い	IO	配送情報は使用用途がないので未登録とする	スマレジ取引から新規作成する受注には配送に関する情報（配送方法・お届け先）が登録されない	src/Eccube/Service/Smaregi/Webhook/Transaction/SmaregiOrderFactory.php:135;src/Eccube/Service/Smaregi/Webhook/Transaction/Handler/Pattern/EccubeOtcPatternHandler.php:155;src/Eccube/Service/Smaregi/Webhook/Transaction/SmaregiOrderFactory.php:96	新規受注には必ず配送情報が1件作られ、配送方法=店頭受取と、会員なら会員住所・非会員なら店舗住所がお届け先として設定される（src/Eccube/Service/Smaregi/Webhook/Transaction/SmaregiOrderFactory.php:135。src/Eccube/Service/Smaregi/Webhook/Transaction/SmaregiOrderFactory.php:128 に「Shippingを作らないと管理受注検索やマイページの明細表示が壊れる」ため作る旨のコメントがある）	正本は新規受注について配送情報を未登録とすると定めているが、実装は全パターンで配送情報を生成して住所まで設定している。なお同じ節の複数受注購入パターンには「配送方法は店頭受取とする」（sheet-6-R080）とあり、正本内でも配送情報の扱いに緊張がある点は付記する	本シートは画像0枚（images/sheet-6_img*.png が存在しない）ため、図中文言の確認対象なし	med	SmaregiOrderFactory-shipping-registered-for-new-order
sheet-6-R041	MATCHED						src/Eccube/Service/Smaregi/Webhook/Transaction/Handler/Pattern/EccubeSmoothOtcPatternHandler.php:63;src/Eccube/Service/Smaregi/Webhook/Transaction/Handler/Pattern/EccubeOtcPatternHandler.php:120		既存受注のステータスは、スムーズ店頭受取なら出荷完了（src/Eccube/Service/Smaregi/Webhook/Transaction/Handler/Pattern/EccubeSmoothOtcPatternHandler.php:49 で出荷完了を取得し src/Eccube/Service/Smaregi/Webhook/Transaction/Handler/Pattern/EccubeSmoothOtcPatternHandler.php:63 で設定）、それ以外の店頭受取なら引き渡し済み（src/Eccube/Service/Smaregi/Webhook/Transaction/Handler/Pattern/EccubeOtcPatternHandler.php:88 と src/Eccube/Service/Smaregi/Webhook/Transaction/Handler/Pattern/EccubeOtcPatternHandler.php:120）に更新される	本シートは画像0枚（images/sheet-6_img*.png が存在しない）ため、図中文言の確認対象なし	high	
sheet-6-R042	MATCHED						src/Eccube/Service/Smaregi/Webhook/Transaction/Handler/Pattern/EccubeOtcPatternHandler.php:101;src/Eccube/Service/Smaregi/Webhook/Transaction/Handler/Pattern/EccubeOtcPatternHandler.php:121		ついで買いがある場合は既存受注の明細＋ついで買い分を束ねた受注を新規作成し（src/Eccube/Service/Smaregi/Webhook/Transaction/Handler/Pattern/EccubeOtcPatternHandler.php:101、src/Eccube/Service/Smaregi/Webhook/Transaction/Handler/Pattern/EccubeOtcPatternHandler.php:173、src/Eccube/Service/Smaregi/Webhook/Transaction/Handler/Pattern/EccubeOtcPatternHandler.php:186）、既存受注に新規受注のIDを移行先として登録する（src/Eccube/Service/Smaregi/Webhook/Transaction/Handler/Pattern/EccubeOtcPatternHandler.php:121）	本シートは画像0枚（images/sheet-6_img*.png が存在しない）ため、図中文言の確認対象なし	high	
sheet-6-R043	OUT_OF_SCOPE								※で始まる前提説明（スマレジ上の商品登録形態）で、実装要求は次行に書かれている	本シートは画像0枚（images/sheet-6_img*.png が存在しない）ため、図中文言の確認対象なし	high	
sheet-6-R044	MATCHED						src/Eccube/Service/Smaregi/Webhook/Transaction/Handler/Pattern/EccubeOtcPatternHandler.php:173;src/Eccube/Service/Smaregi/Webhook/Transaction/Handler/Pattern/EccubeOtcPatternHandler.php:179		既存受注の商品明細を1件ずつ複製して新規受注の明細として紐づけている（src/Eccube/Service/Smaregi/Webhook/Transaction/Handler/Pattern/EccubeOtcPatternHandler.php:173 ～ src/Eccube/Service/Smaregi/Webhook/Transaction/Handler/Pattern/EccubeOtcPatternHandler.php:180、複製は src/Eccube/Service/Smaregi/Webhook/Transaction/SmaregiOrderFactory.php:279）	本シートは画像0枚（images/sheet-6_img*.png が存在しない）ため、図中文言の確認対象なし	high	
sheet-6-R045	MATCHED						src/Eccube/Service/Smaregi/Webhook/Transaction/SmaregiOrderFactory.php:216;src/Eccube/Service/Smaregi/Webhook/Transaction/SmaregiOrderFactory.php:233;src/Eccube/Service/Smaregi/Webhook/Transaction/SmaregiOrderFactory.php:238		会員は会員情報を受注へ転記して登録し（src/Eccube/Service/Smaregi/Webhook/Transaction/SmaregiOrderFactory.php:216）、非会員は氏名に「非会員」を設定して登録する（src/Eccube/Service/Smaregi/Webhook/Transaction/SmaregiOrderFactory.php:233 と src/Eccube/Service/Smaregi/Webhook/Transaction/SmaregiOrderFactory.php:238、非会員名の定義は src/Eccube/Entity/Order.php:177）	本シートは画像0枚（images/sheet-6_img*.png が存在しない）ため、図中文言の確認対象なし	high	
sheet-6-R046	MATCHED						src/Eccube/Service/Smaregi/Webhook/Transaction/SmaregiOrderFactory.php:329;src/Eccube/Service/Smaregi/Webhook/Transaction/SmaregiOrderFactory.php:366		カスタマイズ対象の追加連携項目（取引ID・レシート番号・メモ・スマレジ取引日時・小計値引き区分・クーポン値引き・免税額など）を受注へ登録している（src/Eccube/Service/Smaregi/Webhook/Transaction/SmaregiOrderFactory.php:329 ～ src/Eccube/Service/Smaregi/Webhook/Transaction/SmaregiOrderFactory.php:366）	本シートは画像0枚（images/sheet-6_img*.png が存在しない）ため、図中文言の確認対象なし	high	
sheet-6-R047	OUT_OF_SCOPE								購入パターン表の表ヘッダ行	本シートは画像0枚（images/sheet-6_img*.png が存在しない）ため、図中文言の確認対象なし	high	
sheet-6-R048	OUT_OF_SCOPE								購入パターン表の表ヘッダ行	本シートは画像0枚（images/sheet-6_img*.png が存在しない）ため、図中文言の確認対象なし	high	
sheet-6-R049	OUT_OF_SCOPE								購入パターン表の表ヘッダ行	本シートは画像0枚（images/sheet-6_img*.png が存在しない）ため、図中文言の確認対象なし	high	
sheet-6-R050	OUT_OF_SCOPE								購入パターン表の表ヘッダ行	本シートは画像0枚（images/sheet-6_img*.png が存在しない）ため、図中文言の確認対象なし	high	
sheet-6-R051	MATCHED						src/Eccube/Service/Smaregi/Webhook/Transaction/PurchasePattern.php:20		購入パターン1（ECCUBE購入・スムーズ店頭受取）が識別区分として実装されている（src/Eccube/Service/Smaregi/Webhook/Transaction/PurchasePattern.php:20、判定は src/Eccube/Service/Smaregi/Webhook/Transaction/PurchasePatternResolver.php:40）	本シートは画像0枚（images/sheet-6_img*.png が存在しない）ため、図中文言の確認対象なし	high	
sheet-6-R052	MATCHED						src/Eccube/Service/Smaregi/Webhook/Transaction/Handler/Pattern/EccubeSmoothOtcPatternHandler.php:49;src/Eccube/Service/Smaregi/Webhook/Transaction/Handler/Pattern/EccubeSmoothOtcPatternHandler.php:63		スムーズ店頭受取のパターンでは、取引に対応する既存受注のステータスを出荷完了へ更新する（src/Eccube/Service/Smaregi/Webhook/Transaction/Handler/Pattern/EccubeSmoothOtcPatternHandler.php:49 で出荷完了を取得、src/Eccube/Service/Smaregi/Webhook/Transaction/Handler/Pattern/EccubeSmoothOtcPatternHandler.php:63 で設定）	本シートは画像0枚（images/sheet-6_img*.png が存在しない）ため、図中文言の確認対象なし	high	
sheet-6-R053	MATCHED						src/Eccube/Service/Smaregi/Webhook/Transaction/PurchasePattern.php:21		購入パターン2（ECCUBE購入・店頭受取・ついで買いなし）が識別区分として実装されている（src/Eccube/Service/Smaregi/Webhook/Transaction/PurchasePattern.php:21、判定は src/Eccube/Service/Smaregi/Webhook/Transaction/PurchasePatternResolver.php:45）	本シートは画像0枚（images/sheet-6_img*.png が存在しない）ため、図中文言の確認対象なし	high	
sheet-6-R054	MATCHED						src/Eccube/Service/Smaregi/Webhook/Transaction/Handler/Pattern/EccubeOtcPatternHandler.php:88;src/Eccube/Service/Smaregi/Webhook/Transaction/Handler/Pattern/EccubeOtcPatternHandler.php:120		店頭受取（ついで買いなし）では取引に対応する既存受注のステータスを引き渡し済みへ更新する（src/Eccube/Service/Smaregi/Webhook/Transaction/Handler/Pattern/EccubeOtcPatternHandler.php:88 で引き渡し済みを取得、src/Eccube/Service/Smaregi/Webhook/Transaction/Handler/Pattern/EccubeOtcPatternHandler.php:120 で設定）	本シートは画像0枚（images/sheet-6_img*.png が存在しない）ため、図中文言の確認対象なし	high	
sheet-6-R055	MATCHED						src/Eccube/Service/Smaregi/Webhook/Transaction/Handler/Pattern/EccubeOtcPatternHandler.php:101;src/Eccube/Service/Smaregi/Webhook/Transaction/Handler/Pattern/EccubeOtcPatternHandler.php:121		スマレジ取引から受注を新規作成し（src/Eccube/Service/Smaregi/Webhook/Transaction/Handler/Pattern/EccubeOtcPatternHandler.php:101）、既存受注に新規受注IDを移行先として登録する（src/Eccube/Service/Smaregi/Webhook/Transaction/Handler/Pattern/EccubeOtcPatternHandler.php:121）	本シートは画像0枚（images/sheet-6_img*.png が存在しない）ため、図中文言の確認対象なし	high	
sheet-6-R056	MATCHED						src/Eccube/Service/Smaregi/Webhook/Transaction/PurchasePattern.php:22		購入パターン3（ECCUBE購入・店頭受取・ついで買い有）が識別区分として実装されている（src/Eccube/Service/Smaregi/Webhook/Transaction/PurchasePattern.php:22、判定は src/Eccube/Service/Smaregi/Webhook/Transaction/PurchasePatternResolver.php:44）	本シートは画像0枚（images/sheet-6_img*.png が存在しない）ため、図中文言の確認対象なし	high	
sheet-6-R057	MATCHED						src/Eccube/Service/Smaregi/Webhook/Transaction/Handler/Pattern/EccubeOtcPatternHandler.php:120;src/Eccube/Service/Smaregi/Webhook/Transaction/Handler/Pattern/EccubeOtcPatternHandler.php:186;src/Eccube/Service/Smaregi/Webhook/Transaction/Handler/Pattern/EccubeOtcPatternHandler.php:121		店頭受取分の既存受注を引き渡し済みにし（src/Eccube/Service/Smaregi/Webhook/Transaction/Handler/Pattern/EccubeOtcPatternHandler.php:120）、店頭受取分の複製明細（src/Eccube/Service/Smaregi/Webhook/Transaction/Handler/Pattern/EccubeOtcPatternHandler.php:173）とついで買い分（src/Eccube/Service/Smaregi/Webhook/Transaction/Handler/Pattern/EccubeOtcPatternHandler.php:186）を束ねた受注を新規作成し、既存受注に移行先IDを登録する（src/Eccube/Service/Smaregi/Webhook/Transaction/Handler/Pattern/EccubeOtcPatternHandler.php:121）	本シートは画像0枚（images/sheet-6_img*.png が存在しない）ため、図中文言の確認対象なし	high	
sheet-6-R058	MATCHED						src/Eccube/Service/Smaregi/Webhook/Transaction/PurchasePatternResolver.php:53;src/Eccube/Service/Smaregi/Webhook/Transaction/Handler/Pattern/EccubeOtcPatternHandler.php:120		店頭PC購入（会員・ついで買いなし）はパターン4として判定され（src/Eccube/Service/Smaregi/Webhook/Transaction/PurchasePatternResolver.php:53、src/Eccube/Service/Smaregi/Webhook/Transaction/PurchasePattern.php:23）、対応する既存受注を引き渡し済みへ更新する（src/Eccube/Service/Smaregi/Webhook/Transaction/Handler/Pattern/EccubeOtcPatternHandler.php:120）	本シートは画像0枚（images/sheet-6_img*.png が存在しない）ため、図中文言の確認対象なし	high	
sheet-6-R059	MATCHED						src/Eccube/Service/Smaregi/Webhook/Transaction/Handler/Pattern/EccubeOtcPatternHandler.php:101;src/Eccube/Service/Smaregi/Webhook/Transaction/Handler/Pattern/EccubeOtcPatternHandler.php:121		スマレジ取引から受注を新規作成し（src/Eccube/Service/Smaregi/Webhook/Transaction/Handler/Pattern/EccubeOtcPatternHandler.php:101）、既存受注に新規受注IDを移行先として登録する（src/Eccube/Service/Smaregi/Webhook/Transaction/Handler/Pattern/EccubeOtcPatternHandler.php:121）	本シートは画像0枚（images/sheet-6_img*.png が存在しない）ため、図中文言の確認対象なし	high	
sheet-6-R060	MATCHED						src/Eccube/Service/Smaregi/Webhook/Transaction/PurchasePattern.php:24		購入パターン5（店頭PC購入(会員)・ついで買い有）が識別区分として実装されている（src/Eccube/Service/Smaregi/Webhook/Transaction/PurchasePattern.php:24、判定は src/Eccube/Service/Smaregi/Webhook/Transaction/PurchasePatternResolver.php:52）	本シートは画像0枚（images/sheet-6_img*.png が存在しない）ため、図中文言の確認対象なし	high	
sheet-6-R061	MATCHED						src/Eccube/Service/Smaregi/Webhook/Transaction/Handler/Pattern/EccubeOtcPatternHandler.php:120;src/Eccube/Service/Smaregi/Webhook/Transaction/Handler/Pattern/EccubeOtcPatternHandler.php:186;src/Eccube/Service/Smaregi/Webhook/Transaction/Handler/Pattern/EccubeOtcPatternHandler.php:121		店頭PC購入分の既存受注を引き渡し済みにし（src/Eccube/Service/Smaregi/Webhook/Transaction/Handler/Pattern/EccubeOtcPatternHandler.php:120）、ついで買い分（src/Eccube/Service/Smaregi/Webhook/Transaction/Handler/Pattern/EccubeOtcPatternHandler.php:186）と店頭PC購入分の複製明細（src/Eccube/Service/Smaregi/Webhook/Transaction/Handler/Pattern/EccubeOtcPatternHandler.php:173）で受注を新規作成し、既存受注に移行先IDを登録する（src/Eccube/Service/Smaregi/Webhook/Transaction/Handler/Pattern/EccubeOtcPatternHandler.php:121）	本シートは画像0枚（images/sheet-6_img*.png が存在しない）ため、図中文言の確認対象なし	high	
sheet-6-R062	MATCHED						src/Eccube/Service/Smaregi/Webhook/Transaction/PurchasePatternResolver.php:58;src/Eccube/Service/Smaregi/Webhook/Transaction/Handler/Pattern/EccubeOtcPatternHandler.php:120		店頭PC購入（非会員・ついで買いなし）はパターン6として判定され（src/Eccube/Service/Smaregi/Webhook/Transaction/PurchasePatternResolver.php:58、src/Eccube/Service/Smaregi/Webhook/Transaction/PurchasePattern.php:25）、対応する既存受注を引き渡し済みへ更新する（src/Eccube/Service/Smaregi/Webhook/Transaction/Handler/Pattern/EccubeOtcPatternHandler.php:120）	本シートは画像0枚（images/sheet-6_img*.png が存在しない）ため、図中文言の確認対象なし	high	
sheet-6-R063	MATCHED						src/Eccube/Service/Smaregi/Webhook/Transaction/Handler/Pattern/EccubeOtcPatternHandler.php:101;src/Eccube/Service/Smaregi/Webhook/Transaction/Handler/Pattern/EccubeOtcPatternHandler.php:121		スマレジ取引から受注を新規作成し（src/Eccube/Service/Smaregi/Webhook/Transaction/Handler/Pattern/EccubeOtcPatternHandler.php:101）、既存受注に新規受注IDを移行先として登録する（src/Eccube/Service/Smaregi/Webhook/Transaction/Handler/Pattern/EccubeOtcPatternHandler.php:121）	本シートは画像0枚（images/sheet-6_img*.png が存在しない）ため、図中文言の確認対象なし	high	
sheet-6-R064	MATCHED						src/Eccube/Service/Smaregi/Webhook/Transaction/Handler/Pattern/EccubeOtcPatternHandler.php:215;src/Eccube/Service/Smaregi/Webhook/Transaction/SmaregiOrderFactory.php:238		会員が解決できない取引は非会員として受注を作成し、氏名に「非会員」を設定する（src/Eccube/Service/Smaregi/Webhook/Transaction/Handler/Pattern/EccubeOtcPatternHandler.php:215、src/Eccube/Service/Smaregi/Webhook/Transaction/SmaregiOrderFactory.php:233 ～ src/Eccube/Service/Smaregi/Webhook/Transaction/SmaregiOrderFactory.php:238）	本シートは画像0枚（images/sheet-6_img*.png が存在しない）ため、図中文言の確認対象なし	high	
sheet-6-R065	MATCHED						src/Eccube/Service/Smaregi/Webhook/Transaction/PurchasePattern.php:26		購入パターン7（店頭PC購入(非会員)・ついで買い有）が識別区分として実装されている（src/Eccube/Service/Smaregi/Webhook/Transaction/PurchasePattern.php:26、判定は src/Eccube/Service/Smaregi/Webhook/Transaction/PurchasePatternResolver.php:57）	本シートは画像0枚（images/sheet-6_img*.png が存在しない）ため、図中文言の確認対象なし	high	
sheet-6-R066	MATCHED						src/Eccube/Service/Smaregi/Webhook/Transaction/Handler/Pattern/EccubeOtcPatternHandler.php:120;src/Eccube/Service/Smaregi/Webhook/Transaction/Handler/Pattern/EccubeOtcPatternHandler.php:186;src/Eccube/Service/Smaregi/Webhook/Transaction/Handler/Pattern/EccubeOtcPatternHandler.php:121		店頭PC購入分の既存受注を引き渡し済みにし（src/Eccube/Service/Smaregi/Webhook/Transaction/Handler/Pattern/EccubeOtcPatternHandler.php:120）、ついで買い分（src/Eccube/Service/Smaregi/Webhook/Transaction/Handler/Pattern/EccubeOtcPatternHandler.php:186）と店頭PC購入分（src/Eccube/Service/Smaregi/Webhook/Transaction/Handler/Pattern/EccubeOtcPatternHandler.php:173）で受注を新規作成し、既存受注に移行先IDを登録する（src/Eccube/Service/Smaregi/Webhook/Transaction/Handler/Pattern/EccubeOtcPatternHandler.php:121）	本シートは画像0枚（images/sheet-6_img*.png が存在しない）ため、図中文言の確認対象なし	high	
sheet-6-R067	MATCHED						src/Eccube/Service/Smaregi/Webhook/Transaction/Handler/Pattern/EccubeOtcPatternHandler.php:215;src/Eccube/Service/Smaregi/Webhook/Transaction/SmaregiOrderFactory.php:238		非会員は氏名に「非会員」を設定して受注を作成する（src/Eccube/Service/Smaregi/Webhook/Transaction/Handler/Pattern/EccubeOtcPatternHandler.php:215、src/Eccube/Service/Smaregi/Webhook/Transaction/SmaregiOrderFactory.php:238）	本シートは画像0枚（images/sheet-6_img*.png が存在しない）ため、図中文言の確認対象なし	high	
sheet-6-R068	MATCHED						src/Eccube/Service/Smaregi/Webhook/Transaction/PurchasePatternResolver.php:33;src/Eccube/Service/Smaregi/Webhook/Transaction/Handler/Pattern/OtcMemberPatternHandler.php:70		既存受注に突合しない会員の店頭購入はパターン8として判定され（src/Eccube/Service/Smaregi/Webhook/Transaction/PurchasePatternResolver.php:33、src/Eccube/Service/Smaregi/Webhook/Transaction/PurchasePattern.php:27）、取引に対応する受注をECCUBEへ新規登録する（src/Eccube/Service/Smaregi/Webhook/Transaction/Handler/Pattern/OtcMemberPatternHandler.php:70）	本シートは画像0枚（images/sheet-6_img*.png が存在しない）ため、図中文言の確認対象なし	high	
sheet-6-R069	MATCHED						src/Eccube/Service/Smaregi/Webhook/Transaction/PurchasePatternResolver.php:34;src/Eccube/Service/Smaregi/Webhook/Transaction/Handler/Pattern/OtcGuestPatternHandler.php:62		既存受注に突合しない非会員の店頭購入はパターン9として判定され（src/Eccube/Service/Smaregi/Webhook/Transaction/PurchasePatternResolver.php:34、src/Eccube/Service/Smaregi/Webhook/Transaction/PurchasePattern.php:28）、取引に対応する受注をECCUBEへ新規登録する（src/Eccube/Service/Smaregi/Webhook/Transaction/Handler/Pattern/OtcGuestPatternHandler.php:62）	本シートは画像0枚（images/sheet-6_img*.png が存在しない）ため、図中文言の確認対象なし	high	
sheet-6-R070	MATCHED						src/Eccube/Service/Smaregi/Webhook/Transaction/SmaregiOrderFactory.php:96;src/Eccube/Service/Smaregi/Webhook/Transaction/SmaregiOrderFactory.php:101		非会員の受注は氏名に「非会員」を設定して登録される（src/Eccube/Service/Smaregi/Webhook/Transaction/SmaregiOrderFactory.php:96 ～ src/Eccube/Service/Smaregi/Webhook/Transaction/SmaregiOrderFactory.php:101）	本シートは画像0枚（images/sheet-6_img*.png が存在しない）ため、図中文言の確認対象なし	high	
sheet-6-R071	OUT_OF_SCOPE								「複数受注購入パターン」の見出し行	本シートは画像0枚（images/sheet-6_img*.png が存在しない）ため、図中文言の確認対象なし	high	
sheet-6-R072	OUT_OF_SCOPE								複数受注購入パターンの前置き（状況説明）で、実装要求ではない	本シートは画像0枚（images/sheet-6_img*.png が存在しない）ため、図中文言の確認対象なし	high	
sheet-6-R073	OUT_OF_SCOPE								ex) で始まる例示行で、実装要求ではない	本シートは画像0枚（images/sheet-6_img*.png が存在しない）ため、図中文言の確認対象なし	high	
sheet-6-R074	OUT_OF_SCOPE								「基本ルール」の見出し行	本シートは画像0枚（images/sheet-6_img*.png が存在しない）ため、図中文言の確認対象なし	high	
sheet-6-R075	MATCHED						src/Eccube/Service/Smaregi/Webhook/Transaction/Handler/Pattern/EccubeOtcPatternHandler.php:118;src/Eccube/Service/Smaregi/Webhook/Transaction/Handler/Pattern/EccubeOtcPatternHandler.php:120		突合した既存受注は全件まとめてステータスを引き渡し済みへ更新する（src/Eccube/Service/Smaregi/Webhook/Transaction/Handler/Pattern/EccubeOtcPatternHandler.php:118 の全件ループで src/Eccube/Service/Smaregi/Webhook/Transaction/Handler/Pattern/EccubeOtcPatternHandler.php:120 を実行）	本シートは画像0枚（images/sheet-6_img*.png が存在しない）ため、図中文言の確認対象なし	high	
sheet-6-R076	MATCHED						src/Eccube/Service/Smaregi/Webhook/Transaction/Handler/Pattern/EccubeOtcPatternHandler.php:173;src/Eccube/Service/Smaregi/Webhook/Transaction/Handler/Pattern/EccubeOtcPatternHandler.php:101;src/Eccube/Service/Smaregi/Webhook/Transaction/Handler/Pattern/EccubeOtcPatternHandler.php:121		突合した全受注の明細を統合した受注を新規作成し（src/Eccube/Service/Smaregi/Webhook/Transaction/Handler/Pattern/EccubeOtcPatternHandler.php:173 の全件ループ、作成は src/Eccube/Service/Smaregi/Webhook/Transaction/Handler/Pattern/EccubeOtcPatternHandler.php:101）、既存受注それぞれに新規受注IDを移行先として登録する（src/Eccube/Service/Smaregi/Webhook/Transaction/Handler/Pattern/EccubeOtcPatternHandler.php:121）	本シートは画像0枚（images/sheet-6_img*.png が存在しない）ため、図中文言の確認対象なし	high	
sheet-6-R077	MATCHED						src/Eccube/Service/Smaregi/Webhook/Transaction/Handler/Pattern/EccubeOtcPatternHandler.php:186		統合時に、既存受注に含まれない取引明細（店舗内のついで買い分）も同じ新規受注の明細として統合される（src/Eccube/Service/Smaregi/Webhook/Transaction/Handler/Pattern/EccubeOtcPatternHandler.php:186 ～ src/Eccube/Service/Smaregi/Webhook/Transaction/Handler/Pattern/EccubeOtcPatternHandler.php:192）	本シートは画像0枚（images/sheet-6_img*.png が存在しない）ため、図中文言の確認対象なし	high	
sheet-6-R078	MATCHED						src/Eccube/Service/Smaregi/Webhook/Transaction/SmaregiOrderFactory.php:216;src/Eccube/Service/Smaregi/Webhook/Transaction/SmaregiOrderFactory.php:238		会員は会員情報を転記して登録し、非会員は氏名に「非会員」を設定して登録する（src/Eccube/Service/Smaregi/Webhook/Transaction/SmaregiOrderFactory.php:216、src/Eccube/Service/Smaregi/Webhook/Transaction/SmaregiOrderFactory.php:238）	本シートは画像0枚（images/sheet-6_img*.png が存在しない）ため、図中文言の確認対象なし	high	
sheet-6-R079	MATCHED						src/Eccube/Service/Smaregi/Webhook/Transaction/SmaregiOrderFactory.php:329;src/Eccube/Service/Smaregi/Webhook/Transaction/SmaregiOrderFactory.php:366		追加連携項目を統合後の受注へ登録している（src/Eccube/Service/Smaregi/Webhook/Transaction/SmaregiOrderFactory.php:329 ～ src/Eccube/Service/Smaregi/Webhook/Transaction/SmaregiOrderFactory.php:366）	本シートは画像0枚（images/sheet-6_img*.png が存在しない）ため、図中文言の確認対象なし	high	
sheet-6-R080	MATCHED						src/Eccube/Service/Smaregi/Webhook/Transaction/SmaregiOrderFactory.php:138;src/Eccube/Service/Smaregi/Webhook/Transaction/Handler/Pattern/EccubeOtcPatternHandler.php:155		新規受注の配送方法には店頭受取が設定される（src/Eccube/Service/Smaregi/Webhook/Transaction/SmaregiOrderFactory.php:138 で店頭受取の配送方法を引き、src/Eccube/Service/Smaregi/Webhook/Transaction/Handler/Pattern/EccubeOtcPatternHandler.php:155 から生成）	本シートは画像0枚（images/sheet-6_img*.png が存在しない）ため、図中文言の確認対象なし	high	
sheet-6-R081	MATCHED						src/Eccube/Service/Smaregi/Webhook/Transaction/Handler/Pattern/EccubeOtcPatternHandler.php:161;src/Eccube/Service/Smaregi/Webhook/Transaction/Handler/Pattern/EccubeOtcPatternHandler.php:221		新規受注の注文日には突合した店頭受取受注の注文日を設定し、複数ある場合は最も古い（若い）ものを採用する（src/Eccube/Service/Smaregi/Webhook/Transaction/Handler/Pattern/EccubeOtcPatternHandler.php:221 の最小値算出を src/Eccube/Service/Smaregi/Webhook/Transaction/Handler/Pattern/EccubeOtcPatternHandler.php:161 で設定）	本シートは画像0枚（images/sheet-6_img*.png が存在しない）ため、図中文言の確認対象なし	high	
sheet-6-R082	OUT_OF_SCOPE								「返品」の見出し行	本シートは画像0枚（images/sheet-6_img*.png が存在しない）ため、図中文言の確認対象なし	high	
sheet-6-R083	OUT_OF_SCOPE								返品節の前置き（状況説明）で、実装要求ではない	本シートは画像0枚（images/sheet-6_img*.png が存在しない）ため、図中文言の確認対象なし	high	
sheet-6-R084	OUT_OF_SCOPE								「基本ルール」の見出し行	本シートは画像0枚（images/sheet-6_img*.png が存在しない）ため、図中文言の確認対象なし	high	
sheet-6-R085	OUT_OF_SCOPE								一部返金を想定しないという想定範囲の宣言で、実装すべき挙動を述べていない	本シートは画像0枚（images/sheet-6_img*.png が存在しない）ため、図中文言の確認対象なし	high	
sheet-6-R086	MATCHED						src/Eccube/Service/Smaregi/Webhook/Transaction/Processor/SmaregiTransactionCanceledProcessor.php:125;src/Eccube/Service/Smaregi/Webhook/Transaction/Processor/SmaregiTransactionDisposedProcessor.php:138		取消・打消のいずれでも対象受注のステータスをキャンセルへ更新する（src/Eccube/Service/Smaregi/Webhook/Transaction/Processor/SmaregiTransactionCanceledProcessor.php:125、src/Eccube/Service/Smaregi/Webhook/Transaction/Processor/SmaregiTransactionDisposedProcessor.php:138）	本シートは画像0枚（images/sheet-6_img*.png が存在しない）ため、図中文言の確認対象なし	high	
sheet-6-R087	MATCHED						src/Eccube/MessageHandler/SmaregiTransactionProcessMessageHandler.php:325;src/Eccube/Service/Smaregi/Webhook/Transaction/Processor/SmaregiTransactionCanceledProcessor.php:65;src/Eccube/Service/Smaregi/Webhook/Transaction/Processor/SmaregiTransactionDisposedProcessor.php:65		取消（cancelDivision）と打消（disposeDivision）で処理が分かれている（振り分けは src/Eccube/MessageHandler/SmaregiTransactionProcessMessageHandler.php:325、取消側の判定 src/Eccube/Service/Smaregi/Webhook/Transaction/Processor/SmaregiTransactionCanceledProcessor.php:65、打消側の判定 src/Eccube/Service/Smaregi/Webhook/Transaction/Processor/SmaregiTransactionDisposedProcessor.php:65）	本シートは画像0枚（images/sheet-6_img*.png が存在しない）ため、図中文言の確認対象なし	high	
sheet-6-R088	MATCHED						src/Eccube/Service/Smaregi/Webhook/Transaction/Processor/SmaregiTransactionDisposedProcessor.php:75;src/Eccube/Service/Smaregi/Webhook/Transaction/Processor/SmaregiTransactionDisposedProcessor.php:85		打消では打消元取引IDで受注を検索してキャンセルする（src/Eccube/Service/Smaregi/Webhook/Transaction/Processor/SmaregiTransactionDisposedProcessor.php:75 で打消元取引IDを取り出し src/Eccube/Service/Smaregi/Webhook/Transaction/Processor/SmaregiTransactionDisposedProcessor.php:85 で受注を検索）。契機とする打消区分の値は打消レコード側（2）で、正本の打消区分定義（1:打消元レコード、2:打消レコード）と整合する	本シートは画像0枚（images/sheet-6_img*.png が存在しない）ため、図中文言の確認対象なし	med	
sheet-6-R089	MATCHED						src/Eccube/Service/Smaregi/Webhook/Transaction/Processor/SmaregiTransactionCanceledProcessor.php:75		取消では取引IDで受注を検索してキャンセルする（src/Eccube/Service/Smaregi/Webhook/Transaction/Processor/SmaregiTransactionCanceledProcessor.php:75）	本シートは画像0枚（images/sheet-6_img*.png が存在しない）ため、図中文言の確認対象なし	high	
sheet-6-R090	OUT_OF_SCOPE								「★支払方法について」の見出し行	本シートは画像0枚（images/sheet-6_img*.png が存在しない）ため、図中文言の確認対象なし	high	
sheet-6-R091	MATCHED						src/Eccube/Service/Smaregi/Webhook/Transaction/SmaregiOrderFactory.php:58;src/Eccube/Service/Smaregi/Webhook/Transaction/SmaregiOrderFactory.php:348;src/Eccube/Service/Smaregi/Webhook/Transaction/SmaregiOrderFactory.php:350		スマレジから取り込んだ取引の支払方法は「店頭支払」固定で登録される（定数 src/Eccube/Service/Smaregi/Webhook/Transaction/SmaregiOrderFactory.php:58、受注への設定 src/Eccube/Service/Smaregi/Webhook/Transaction/SmaregiOrderFactory.php:348 と src/Eccube/Service/Smaregi/Webhook/Transaction/SmaregiOrderFactory.php:350）	本シートは画像0枚（images/sheet-6_img*.png が存在しない）ため、図中文言の確認対象なし	high	
sheet-6-R092	OUT_OF_SCOPE								「A. Webhook受信データ」の見出し行	本シートは画像0枚（images/sheet-6_img*.png が存在しない）ため、図中文言の確認対象なし	high	
sheet-6-R093	OUT_OF_SCOPE								受信データ項目表の表ヘッダ行	本シートは画像0枚（images/sheet-6_img*.png が存在しない）ため、図中文言の確認対象なし	high	
sheet-6-R094	OUT_OF_SCOPE								受信データ項目表の表ヘッダ行（続き）	本シートは画像0枚（images/sheet-6_img*.png が存在しない）ため、図中文言の確認対象なし	high	
sheet-6-R095	MATCHED						src/Eccube/Service/Smaregi/Webhook/EventService.php:40		受信本文の契約IDを受信イベントとして保持している（src/Eccube/Service/Smaregi/Webhook/EventService.php:40）	本シートは画像0枚（images/sheet-6_img*.png が存在しない）ため、図中文言の確認対象なし	high	
sheet-6-R096	MATCHED						src/Eccube/Service/Smaregi/Webhook/Transaction/TransactionEventDispatcher.php:24;src/Eccube/Service/Smaregi/Webhook/Transaction/TransactionEventDispatcher.php:56		イベント名は pos:transactions に固定され、これ以外のイベント名は取引処理の対象外として扱う（src/Eccube/Service/Smaregi/Webhook/Transaction/TransactionEventDispatcher.php:24、src/Eccube/Service/Smaregi/Webhook/Transaction/TransactionEventDispatcher.php:56）	本シートは画像0枚（images/sheet-6_img*.png が存在しない）ため、図中文言の確認対象なし	high	
sheet-6-R097	MATCHED						src/Eccube/Service/Smaregi/Webhook/Transaction/TransactionEventDispatcher.php:62;src/Eccube/Service/Smaregi/Webhook/Transaction/Handler/CreatedHandler.php:32;src/Eccube/Service/Smaregi/Webhook/Transaction/Handler/EditedHandler.php:32;src/Eccube/Service/Smaregi/Webhook/Transaction/Handler/CanceledHandler.php:31;src/Eccube/Service/Smaregi/Webhook/Transaction/Handler/DisposedHandler.php:31		受信したアクションで処理を振り分けており（src/Eccube/Service/Smaregi/Webhook/Transaction/TransactionEventDispatcher.php:62）、created（src/Eccube/Service/Smaregi/Webhook/Transaction/Handler/CreatedHandler.php:32）・edited（src/Eccube/Service/Smaregi/Webhook/Transaction/Handler/EditedHandler.php:32）・canceled（src/Eccube/Service/Smaregi/Webhook/Transaction/Handler/CanceledHandler.php:31）・disposed（src/Eccube/Service/Smaregi/Webhook/Transaction/Handler/DisposedHandler.php:31）の各取引種別が実装されている	本シートは画像0枚（images/sheet-6_img*.png が存在しない）ため、図中文言の確認対象なし	high	
sheet-6-R098	MATCHED						src/Eccube/Service/Smaregi/Webhook/Transaction/Handler/BulkUpdateHandler.php:33;src/Eccube/Service/Smaregi/Webhook/Transaction/Handler/BulkDeletedHandler.php:34		bulk-update（src/Eccube/Service/Smaregi/Webhook/Transaction/Handler/BulkUpdateHandler.php:33）と bulk-deleted（src/Eccube/Service/Smaregi/Webhook/Transaction/Handler/BulkDeletedHandler.php:34）も受け付ける取引種別として登録されている。両者は受信を記録して警告ログを残すのみで、正本にもこの2種の処理内容の定義は無い	本シートは画像0枚（images/sheet-6_img*.png が存在しない）ため、図中文言の確認対象なし	med	
sheet-6-R099	MATCHED						src/Eccube/Service/Smaregi/Webhook/Transaction/TransactionEventDispatcher.php:89;src/Eccube/Service/Smaregi/Webhook/Transaction/Handler/CreatedHandler.php:56		受信本文の取引IDリスト（配列）を取り出し（src/Eccube/Service/Smaregi/Webhook/Transaction/TransactionEventDispatcher.php:89 ～ src/Eccube/Service/Smaregi/Webhook/Transaction/TransactionEventDispatcher.php:109）、取引IDごとに処理を投入する（src/Eccube/Service/Smaregi/Webhook/Transaction/Handler/CreatedHandler.php:45 と src/Eccube/Service/Smaregi/Webhook/Transaction/Handler/CreatedHandler.php:56）	本シートは画像0枚（images/sheet-6_img*.png が存在しない）ため、図中文言の確認対象なし	high	
sheet-6-R100	OUT_OF_SCOPE				A. レスポンスデータサンプル				節の見出し行。	画像0枚（images/ に sheet-6/sheet-5 の図は無い）。レイアウト図は存在しないためテキスト全文で判定した。	high	
sheet-6-R101	OUT_OF_SCOPE				{				JSONサンプルの構造記号のみの行。	画像0枚（images/ に sheet-6/sheet-5 の図は無い）。レイアウト図は存在しないためテキスト全文で判定した。	high	
sheet-6-R102	MATCHED				”contractId”: ”hogehogehoge”,		src/Eccube/Service/Smaregi/Webhook/EventService.php:40		受信本文の contractId を取り出して受信イベントへ保持している（src/Eccube/Service/Smaregi/Webhook/EventService.php:40）。	画像0枚（images/ に sheet-6/sheet-5 の図は無い）。レイアウト図は存在しないためテキスト全文で判定した。	high	
sheet-6-R103	MATCHED				”event”: ”pos:transactions”,		src/Eccube/Service/Smaregi/Webhook/EventService.php:42;src/Eccube/Service/Smaregi/Webhook/Transaction/TransactionEventDispatcher.php:24		受信本文の event を保持し（src/Eccube/Service/Smaregi/Webhook/EventService.php:42）、取引イベント名 pos:transactions を取引側の処理対象として定義している（src/Eccube/Service/Smaregi/Webhook/Transaction/TransactionEventDispatcher.php:24）。	画像0枚（images/ に sheet-6/sheet-5 の図は無い）。レイアウト図は存在しないためテキスト全文で判定した。	high	
sheet-6-R104	MATCHED				”action”: ”created”,		src/Eccube/Service/Smaregi/Webhook/EventService.php:43;src/Eccube/Service/Smaregi/Webhook/Transaction/TransactionEventDispatcher.php:61-67		受信本文の action を保持し（src/Eccube/Service/Smaregi/Webhook/EventService.php:43）、action ごとの処理へ振り分けている（src/Eccube/Service/Smaregi/Webhook/Transaction/TransactionEventDispatcher.php:61-67）。	画像0枚（images/ に sheet-6/sheet-5 の図は無い）。レイアウト図は存在しないためテキスト全文で判定した。	high	
sheet-6-R105	MATCHED				”transactionHeadIds”: [		src/Eccube/Service/Smaregi/Webhook/Transaction/TransactionEventDispatcher.php:89-98		受信本文の transactionHeadIds を配列として取り出し、取引ID単位の処理へ渡している（src/Eccube/Service/Smaregi/Webhook/Transaction/TransactionEventDispatcher.php:74-83,:89-98）。	画像0枚（images/ に sheet-6/sheet-5 の図は無い）。レイアウト図は存在しないためテキスト全文で判定した。	high	
sheet-6-R106	OUT_OF_SCOPE				”1”,				JSONサンプルの値のみの行。仕様を述べていない。	画像0枚（images/ に sheet-6/sheet-5 の図は無い）。レイアウト図は存在しないためテキスト全文で判定した。	high	
sheet-6-R107	OUT_OF_SCOPE				”10”,				JSONサンプルの値のみの行。仕様を述べていない。	画像0枚（images/ に sheet-6/sheet-5 の図は無い）。レイアウト図は存在しないためテキスト全文で判定した。	high	
sheet-6-R108	OUT_OF_SCOPE				”12”				JSONサンプルの値のみの行。仕様を述べていない。	画像0枚（images/ に sheet-6/sheet-5 の図は無い）。レイアウト図は存在しないためテキスト全文で判定した。	high	
sheet-6-R109	OUT_OF_SCOPE				]				JSONサンプルの構造記号のみの行。	画像0枚（images/ に sheet-6/sheet-5 の図は無い）。レイアウト図は存在しないためテキスト全文で判定した。	high	
sheet-6-R110	OUT_OF_SCOPE				}				JSONサンプルの構造記号のみの行。	画像0枚（images/ に sheet-6/sheet-5 の図は無い）。レイアウト図は存在しないためテキスト全文で判定した。	high	
sheet-6-R111	OUT_OF_SCOPE				A. Webhook受信時に返すステータスコード				節の見出し行。	画像0枚（images/ に sheet-6/sheet-5 の図は無い）。レイアウト図は存在しないためテキスト全文で判定した。	high	
sheet-6-R112	OUT_OF_SCOPE				コード　説明				ステータスコード表のヘッダ行。	画像0枚（images/ に sheet-6/sheet-5 の図は無い）。レイアウト図は存在しないためテキスト全文で判定した。	high	
sheet-6-R113	DRIFT	P3	実装違い	IO	200　レスポンスデータは空を返す	Webhookを正常に受け付けたときは、状態コード200を返し、応答本文には何も含めない。	src/Eccube/Controller/Smaregi/WebhookController.php:107-109;src/Eccube/Controller/Smaregi/WebhookController.php:85-88	200 は返すが、応答本文に {”status”:”ok”} を入れて返している（src/Eccube/Controller/Smaregi/WebhookController.php:107-109）。重複受信時も {”status”:”ok”,”message”:”Event is duplicate”} を本文に入れて200で返す（src/Eccube/Controller/Smaregi/WebhookController.php:85-88）。	設計は 200 の説明として「レスポンスデータは空を返す」と定めているが、実装は 200 とともに JSON 本文を返している。処理概要側も「レスポンス書式　なし(ステータスコードのみ)」であり、本文を返さないことが設計の期待。	画像0枚（images/ に sheet-6/sheet-5 の図は無い）。レイアウト図は存在しないためテキスト全文で判定した。	high	WebhookController-non-empty-200-body
sheet-6-R114	OUT_OF_SCOPE				B. 取引情報取得API リクエストパラメータ（★はカスタマイズ項目）				節の見出し行。	画像0枚（images/ に sheet-6/sheet-5 の図は無い）。レイアウト図は存在しないためテキスト全文で判定した。	high	
sheet-6-R115	OUT_OF_SCOPE				項目名 型 必須 最大文字数				リクエストパラメータ表のヘッダ行。	画像0枚（images/ に sheet-6/sheet-5 の図は無い）。レイアウト図は存在しないためテキスト全文で判定した。	high	
sheet-6-R116	OUT_OF_SCOPE				または最大値 入力例 備考				リクエストパラメータ表のヘッダ行（折り返し）。	画像0枚（images/ に sheet-6/sheet-5 の図は無い）。レイアウト図は存在しないためテキスト全文で判定した。	high	
sheet-6-R117	MATCHED				契約ID 文字型 〇   スマレジの契約ID		src/Eccube/Service/Smaregi/Api/SmaregiTransactionApiClient.php:58-63		取引情報取得の要求先に契約IDを必須で組み込んでいる（src/Eccube/Service/Smaregi/Api/SmaregiTransactionApiClient.php:58-63）。	画像0枚（images/ に sheet-6/sheet-5 の図は無い）。レイアウト図は存在しないためテキスト全文で判定した。	high	
sheet-6-R118	MATCHED				取引ID 文字型 〇   情報取得する取引ID		src/Eccube/Service/Smaregi/Api/SmaregiTransactionApiClient.php:58-63		取得対象の取引IDを必須で組み込んでいる（src/Eccube/Service/Smaregi/Api/SmaregiTransactionApiClient.php:58-63）。	画像0枚（images/ に sheet-6/sheet-5 の図は無い）。レイアウト図は存在しないためテキスト全文で判定した。	high	
sheet-6-R119	MATCHED				取引明細情報フラグ 文字型 〇  all		src/Eccube/Service/Smaregi/Api/SmaregiTransactionApiClient.php:34		取引明細情報の付加を all 固定で指定している（src/Eccube/Service/Smaregi/Api/SmaregiTransactionApiClient.php:34）。	画像0枚（images/ に sheet-6/sheet-5 の図は無い）。レイアウト図は存在しないためテキスト全文で判定した。	high	
sheet-6-R120	MATCHED				その他支払い方法情報フラグ 文字型 〇  none		src/Eccube/Service/Smaregi/Api/SmaregiTransactionApiClient.php:35		その他支払方法情報を付加しない（none）指定で固定している（src/Eccube/Service/Smaregi/Api/SmaregiTransactionApiClient.php:35）。入力例 none どおり。サンプルURL側の記載（with_deposit_others=all）とは食い違うが、送るパラメータ名の違いは実装手段の差として規約上対象外とし、付加しないという結果は入力例に一致する。	画像0枚（images/ に sheet-6/sheet-5 の図は無い）。レイアウト図は存在しないためテキスト全文で判定した。	med	
sheet-6-R121	MATCHED				小計情報フラグ 文字型 〇  all		src/Eccube/Service/Smaregi/Api/SmaregiTransactionApiClient.php:36		値引き・小計情報の付加を all 固定で指定している（src/Eccube/Service/Smaregi/Api/SmaregiTransactionApiClient.php:36）。	画像0枚（images/ に sheet-6/sheet-5 の図は無い）。レイアウト図は存在しないためテキスト全文で判定した。	med	
sheet-6-R122	MATCHED				店舗情報フラグ 文字型 〇  all		src/Eccube/Service/Smaregi/Api/SmaregiTransactionApiClient.php:37		店舗情報の付加を all 固定で指定している（src/Eccube/Service/Smaregi/Api/SmaregiTransactionApiClient.php:37）。	画像0枚（images/ に sheet-6/sheet-5 の図は無い）。レイアウト図は存在しないためテキスト全文で判定した。	high	
sheet-6-R123	MATCHED				会員情報フラグ 文字型 〇  all		src/Eccube/Service/Smaregi/Api/SmaregiTransactionApiClient.php:38		会員情報の付加を all 固定で指定している（src/Eccube/Service/Smaregi/Api/SmaregiTransactionApiClient.php:38）。	画像0枚（images/ に sheet-6/sheet-5 の図は無い）。レイアウト図は存在しないためテキスト全文で判定した。	high	
sheet-6-R124	MATCHED				スタッフ情報フラグ 文字型 〇  all		src/Eccube/Service/Smaregi/Api/SmaregiTransactionApiClient.php:39		スタッフ情報の付加を all 固定で指定している（src/Eccube/Service/Smaregi/Api/SmaregiTransactionApiClient.php:39）。	画像0枚（images/ に sheet-6/sheet-5 の図は無い）。レイアウト図は存在しないためテキスト全文で判定した。	high	
sheet-6-R125	MATCHED				店舗情報フラグ 文字型 〇  all		src/Eccube/Service/Smaregi/Api/SmaregiTransactionApiClient.php:37		sheet-6-R122 と同一項目が表に二重記載された行。店舗情報の付加は all 固定で指定済み（src/Eccube/Service/Smaregi/Api/SmaregiTransactionApiClient.php:37）。	画像0枚（images/ に sheet-6/sheet-5 の図は無い）。レイアウト図は存在しないためテキスト全文で判定した。	med	
sheet-6-R126	OUT_OF_SCOPE				B. 取引情報取得API リクエストパラメータサンプル				節の見出し行。	画像0枚（images/ に sheet-6/sheet-5 の図は無い）。レイアウト図は存在しないためテキスト全文で判定した。	high	
sheet-6-R127	MATCHED				https://api.smaregi.dev/{contract_id}/pos/transactions/{transaction_id}?with_details=all&with_deposit_others=all&		src/Eccube/Service/Smaregi/Api/SmaregiTransactionApiClient.php:58-63;src/Eccube/Service/Smaregi/Api/SmaregiTransactionApiClient.php:32-39		契約IDと取引IDを含む取引取得の要求を、明細等の付加指定を添えて組み立てている（src/Eccube/Service/Smaregi/Api/SmaregiTransactionApiClient.php:58-63,:32-39,:137-148）。	画像0枚（images/ に sheet-6/sheet-5 の図は無い）。レイアウト図は存在しないためテキスト全文で判定した。	med	
sheet-6-R128	MATCHED				with_discounts=all&with_store=all&with_customer=all&with_store=all&with_staff		src/Eccube/Service/Smaregi/Api/SmaregiTransactionApiClient.php:32-39		値引き・店舗・会員・スタッフ情報の付加指定を固定で付けている（src/Eccube/Service/Smaregi/Api/SmaregiTransactionApiClient.php:36-39）。	画像0枚（images/ に sheet-6/sheet-5 の図は無い）。レイアウト図は存在しないためテキスト全文で判定した。	med	
sheet-6-R129	OUT_OF_SCOPE				※長いため改行しているが、本来は改行はなし				サンプルの表記についての注記。仕様ではない。	画像0枚（images/ に sheet-6/sheet-5 の図は無い）。レイアウト図は存在しないためテキスト全文で判定した。	high	
sheet-6-R130	OUT_OF_SCOPE				B. 取引情報取得API ステータスコード				節の見出し行。	画像0枚（images/ に sheet-6/sheet-5 の図は無い）。レイアウト図は存在しないためテキスト全文で判定した。	high	
sheet-6-R131	OUT_OF_SCOPE				コード　説明				ステータスコード表のヘッダ行。	画像0枚（images/ に sheet-6/sheet-5 の図は無い）。レイアウト図は存在しないためテキスト全文で判定した。	high	
sheet-6-R132	MATCHED				200　正常取得		src/Eccube/Service/Smaregi/Api/SmaregiTransactionApiClient.php:160-166;src/Eccube/MessageHandler/SmaregiTransactionProcessMessageHandler.php:236-238		応答の状態コードと本文を受け取り、取引情報が取れたときだけ後続処理へ進めている（src/Eccube/Service/Smaregi/Api/SmaregiTransactionApiClient.php:160-166、src/Eccube/MessageHandler/SmaregiTransactionProcessMessageHandler.php:236-238）。	画像0枚（images/ に sheet-6/sheet-5 の図は無い）。レイアウト図は存在しないためテキスト全文で判定した。	high	
sheet-6-R133	MATCHED				400　条件取得フラグに不整合が存在する		src/Eccube/MessageHandler/SmaregiTransactionProcessMessageHandler.php:236-238;src/Eccube/Service/Smaregi/Api/SmaregiTransactionApiClient.php:144-148		取得できなかった場合（200以外・本文解析不能）は取引情報なしとして失敗扱いにし、状態コードを添えて処理を止め再試行対象にしている（src/Eccube/MessageHandler/SmaregiTransactionProcessMessageHandler.php:236-238）。付加指定は固定値のため不整合は起こらない（src/Eccube/Service/Smaregi/Api/SmaregiTransactionApiClient.php:32-39）。	画像0枚（images/ に sheet-6/sheet-5 の図は無い）。レイアウト図は存在しないためテキスト全文で判定した。	med	
sheet-6-R134	OUT_OF_SCOPE				C. 取引情報取得API レスポンスデータ				節の見出し行。	画像0枚（images/ に sheet-6/sheet-5 の図は無い）。レイアウト図は存在しないためテキスト全文で判定した。	high	
sheet-6-R135	OUT_OF_SCOPE				名前 型 説明				レスポンスデータ表のヘッダ行。	画像0枚（images/ に sheet-6/sheet-5 の図は無い）。レイアウト図は存在しないためテキスト全文で判定した。	high	
sheet-6-R136	MATCHED				取引ID 文字型 取引毎に付与するID。		src/Eccube/Service/Smaregi/Api/Util/Transaction/TransactionResponseParser.php:59		取引IDを取り込んでいる（src/Eccube/Service/Smaregi/Api/Util/Transaction/TransactionResponseParser.php:59）。受注へは src/Eccube/Service/Smaregi/Webhook/Transaction/SmaregiOrderFactory.php:329 で保持。	画像0枚（images/ に sheet-6/sheet-5 の図は無い）。レイアウト図は存在しないためテキスト全文で判定した。	high	
sheet-6-R137	MATCHED				★ 店舗ID 文字型 店舗毎に付与するID。		src/Eccube/Service/Smaregi/Api/Util/Transaction/TransactionResponseParser.php:60		店舗IDを取り込んでいる（src/Eccube/Service/Smaregi/Api/Util/Transaction/TransactionResponseParser.php:60、保持先 src/Eccube/Dto/Smaregi/Api/Transaction/TransactionDto.php:31）。	画像0枚（images/ に sheet-6/sheet-5 の図は無い）。レイアウト図は存在しないためテキスト全文で判定した。	high	
sheet-6-R138	MATCHED				★ 会員ID 文字型 会員毎に付与するID。数字10桁以内。非会員の取引もありうるので、必須項目ではない		src/Eccube/Service/Smaregi/Api/Util/Transaction/TransactionResponseParser.php:61		会員IDを任意項目として取り込み（src/Eccube/Service/Smaregi/Api/Util/Transaction/TransactionResponseParser.php:61）、未設定なら会員紐付けを行わない（src/Eccube/Service/Smaregi/Webhook/Transaction/SmaregiPointAdjustmentApplier.php:105-114）。	画像0枚（images/ に sheet-6/sheet-5 の図は無い）。レイアウト図は存在しないためテキスト全文で判定した。	high	
sheet-6-R139	MATCHED				★ 取引日時 文字型 取引日時。サーバーに送信された日時。販売日時は端末取引日時を参照。[YYYY-MM-DDThh:mm:ssTZD]		src/Eccube/Service/Smaregi/Api/Util/Transaction/TransactionResponseParser.php:63		取引日時（端末取引日時）を取り込み（src/Eccube/Service/Smaregi/Api/Util/Transaction/TransactionResponseParser.php:63）、受注の注文日・入金日・出荷日およびスマレジ取引日時に用いている（src/Eccube/Service/Smaregi/Webhook/Transaction/SmaregiOrderFactory.php:337-347）。設計の但し書き「販売日時は端末取引日時を参照」に沿う。	画像0枚（images/ に sheet-6/sheet-5 の図は無い）。レイアウト図は存在しないためテキスト全文で判定した。	med	
sheet-6-R140	MATCHED				★ 取引区分 文字型 取引を識別する区分。		src/Eccube/Service/Smaregi/Api/Util/Transaction/TransactionResponseParser.php:64		取引区分を取り込み（src/Eccube/Service/Smaregi/Api/Util/Transaction/TransactionResponseParser.php:64）、ポイント専用取引（区分6/7）かどうかで処理を分けている（src/Eccube/Service/Smaregi/Webhook/Transaction/SmaregiPointAdjustmentApplier.php:66-73、src/Eccube/MessageHandler/SmaregiTransactionProcessMessageHandler.php:389）。	画像0枚（images/ に sheet-6/sheet-5 の図は無い）。レイアウト図は存在しないためテキスト全文で判定した。	high	
sheet-6-R141	MATCHED				取消区分 文字型 取引の取消を識別する区分。 (0:通常、1：取消）		src/Eccube/Service/Smaregi/Api/Util/Transaction/TransactionResponseParser.php:65		取消区分を取り込み（src/Eccube/Service/Smaregi/Api/Util/Transaction/TransactionResponseParser.php:65）、1のとき取消として扱っている（src/Eccube/Dto/Smaregi/Api/Transaction/TransactionDto.php:59-62）。	画像0枚（images/ に sheet-6/sheet-5 の図は無い）。レイアウト図は存在しないためテキスト全文で判定した。	high	
sheet-6-R142	MATCHED				★ 小計 文字型 取引明細の値引き後小計の合計。		src/Eccube/Service/Smaregi/Api/Util/Transaction/TransactionResponseParser.php:68		小計を取り込み（src/Eccube/Service/Smaregi/Api/Util/Transaction/TransactionResponseParser.php:68）、受注の小計に設定している（src/Eccube/Service/Smaregi/Webhook/Transaction/SmaregiOrderFactory.php:351）。	画像0枚（images/ に sheet-6/sheet-5 の図は無い）。レイアウト図は存在しないためテキスト全文で判定した。	high	
sheet-6-R143	MATCHED				★ 小計値引き 文字型 小計の値引き金額を設定。 単品割引率が設定された場合、その割合から値引き金額を設定。（切捨て）		src/Eccube/Service/Smaregi/Api/Util/Transaction/TransactionResponseParser.php:69		小計値引き額を取り込んでいる（src/Eccube/Service/Smaregi/Api/Util/Transaction/TransactionResponseParser.php:69）。	画像0枚（images/ に sheet-6/sheet-5 の図は無い）。レイアウト図は存在しないためテキスト全文で判定した。	high	
sheet-6-R144	MATCHED				★ 小計値引き/割引区分 文字型 小計値引き/割引時に指定された区分を設定。		src/Eccube/Service/Smaregi/Api/Util/Transaction/TransactionResponseParser.php:96;src/Eccube/Dto/Smaregi/Api/Transaction/TransactionDto.php:136-145		値引き情報の区分を取り込み（src/Eccube/Service/Smaregi/Api/Util/Transaction/TransactionResponseParser.php:96）、小計値引き/割引の区分（=1）の値引きを引き当てている（TransactionDto.php:136-145）。	画像0枚（images/ に sheet-6/sheet-5 の図は無い）。レイアウト図は存在しないためテキスト全文で判定した。	med	
sheet-6-R145	MATCHED				★ ポイント値引き 文字型 使用ポイント * ポイント還元率。		src/Eccube/Service/Smaregi/Api/Util/Transaction/TransactionResponseParser.php:70		ポイント値引き額を取り込んでいる（src/Eccube/Service/Smaregi/Api/Util/Transaction/TransactionResponseParser.php:70）。	画像0枚（images/ に sheet-6/sheet-5 の図は無い）。レイアウト図は存在しないためテキスト全文で判定した。	high	
sheet-6-R146	OUT_OF_SCOPE				※消費税含む				直前行のポイント値引きの値についての注記。仕様を述べていない。	画像0枚（images/ に sheet-6/sheet-5 の図は無い）。レイアウト図は存在しないためテキスト全文で判定した。	high	
sheet-6-R147	MATCHED				★ クーポン値引き 文字型 クーポン値引き：その取引で使用された各クーポンの値引き・割引額の合計値。		src/Eccube/Service/Smaregi/Api/Util/Transaction/TransactionResponseParser.php:71		クーポン値引き額を取り込んでいる（src/Eccube/Service/Smaregi/Api/Util/Transaction/TransactionResponseParser.php:71）。	画像0枚（images/ に sheet-6/sheet-5 の図は無い）。レイアウト図は存在しないためテキスト全文で判定した。	high	
sheet-6-R148	MATCHED				★ 合計 文字型 小計 - 小計値引き - ポイント値引き - クーポン値引き + 端数値引額 + 外税額 + 手数料 + 送料 - 免税額 を設定		src/Eccube/Service/Smaregi/Api/Util/Transaction/TransactionResponseParser.php:72		合計を取り込み（src/Eccube/Service/Smaregi/Api/Util/Transaction/TransactionResponseParser.php:72）、受注の合計・支払合計に設定している（src/Eccube/Service/Smaregi/Webhook/Transaction/SmaregiOrderFactory.php:352-353）。	画像0枚（images/ に sheet-6/sheet-5 の図は無い）。レイアウト図は存在しないためテキスト全文で判定した。	high	
sheet-6-R149	MATCHED				★ 内税額 文字型 内税商品計 / 110 * 10。		src/Eccube/Service/Smaregi/Api/Util/Transaction/TransactionResponseParser.php:73		内税額を取り込み（src/Eccube/Service/Smaregi/Api/Util/Transaction/TransactionResponseParser.php:73）、受注の内税額に設定している（src/Eccube/Service/Smaregi/Webhook/Transaction/SmaregiOrderFactory.php:358）。	画像0枚（images/ に sheet-6/sheet-5 の図は無い）。レイアウト図は存在しないためテキスト全文で判定した。	high	
sheet-6-R150	OUT_OF_SCOPE				※税率が10%の場合				直前行の内税額の計算例についての注記。仕様を述べていない。	画像0枚（images/ に sheet-6/sheet-5 の図は無い）。レイアウト図は存在しないためテキスト全文で判定した。	high	
sheet-6-R151	OUT_OF_SCOPE				※小数点以下は税の丸め方式で指定の通り				スマレジ側の内税額の丸めについての注記。ECCUBE側の要求ではない。	画像0枚（images/ に sheet-6/sheet-5 の図は無い）。レイアウト図は存在しないためテキスト全文で判定した。	high	
sheet-6-R152	OUT_OF_SCOPE				※内税商品の税額				直前行の内税額が何を指すかの注記。仕様を述べていない。	画像0枚（images/ に sheet-6/sheet-5 の図は無い）。レイアウト図は存在しないためテキスト全文で判定した。	high	
sheet-6-R153	MATCHED				付与ポイント 文字型 取引で付与されるポイント。 合計 * ポイント付与率		src/Eccube/Service/Smaregi/Api/Util/Transaction/TransactionResponseParser.php:75		付与ポイントを取り込み（src/Eccube/Service/Smaregi/Api/Util/Transaction/TransactionResponseParser.php:75）、会員残高とポイント履歴へ反映している（src/Eccube/Service/Smaregi/Webhook/Transaction/SmaregiOrderPointApplier.php:97,:134-139）。	画像0枚（images/ に sheet-6/sheet-5 の図は無い）。レイアウト図は存在しないためテキスト全文で判定した。	high	
sheet-6-R154	MATCHED				使用ポイント 文字型 取引で使用したポイント。		src/Eccube/Service/Smaregi/Api/Util/Transaction/TransactionResponseParser.php:76		使用ポイントを取り込み（src/Eccube/Service/Smaregi/Api/Util/Transaction/TransactionResponseParser.php:76）、会員残高とポイント履歴へ反映している（src/Eccube/Service/Smaregi/Webhook/Transaction/SmaregiOrderPointApplier.php:98,:134-139）。	画像0枚（images/ に sheet-6/sheet-5 の図は無い）。レイアウト図は存在しないためテキスト全文で判定した。	high	
sheet-6-R155	MATCHED				★ 販売員ID 文字型 販売員ID。（スタッフID）		src/Eccube/Service/Smaregi/Api/Util/Transaction/TransactionResponseParser.php:77		販売員（スタッフ）IDを取り込んでいる（src/Eccube/Service/Smaregi/Api/Util/Transaction/TransactionResponseParser.php:77）。	画像0枚（images/ に sheet-6/sheet-5 の図は無い）。レイアウト図は存在しないためテキスト全文で判定した。	high	
sheet-6-R156	MATCHED				★ メモ 文字型 入出金時のメモなどを設定。 1000文字以内。		src/Eccube/Service/Smaregi/Api/Util/Transaction/TransactionResponseParser.php:78		メモを取り込み（src/Eccube/Service/Smaregi/Api/Util/Transaction/TransactionResponseParser.php:78）、受注のスマレジメモに設定している（src/Eccube/Service/Smaregi/Webhook/Transaction/SmaregiOrderFactory.php:331）。	画像0枚（images/ に sheet-6/sheet-5 の図は無い）。レイアウト図は存在しないためテキスト全文で判定した。	high	
sheet-6-R157	MATCHED				★ 内税商品の一般品免税額 文字型 内税商品の一般品免税額。		src/Eccube/Service/Smaregi/Api/Util/Transaction/TransactionResponseParser.php:79		免税額を取り込み（src/Eccube/Service/Smaregi/Api/Util/Transaction/TransactionResponseParser.php:79）、受注の免税額に設定している（src/Eccube/Service/Smaregi/Webhook/Transaction/SmaregiOrderFactory.php:360）。	画像0枚（images/ に sheet-6/sheet-5 の図は無い）。レイアウト図は存在しないためテキスト全文で判定した。	high	
sheet-6-R158	MATCHED				★ 取消日時 文字型 取消したサーバー日時を設定。[YYYY-MM-DDThh:mm:ssTZD]		src/Eccube/Service/Smaregi/Api/Util/Transaction/TransactionResponseParser.php:80		取消日時を取り込み（src/Eccube/Service/Smaregi/Api/Util/Transaction/TransactionResponseParser.php:80）、取消時に受注のキャンセル日として記録している（src/Eccube/Service/Smaregi/Webhook/Transaction/Processor/SmaregiTransactionCanceledProcessor.php:127）。	画像0枚（images/ に sheet-6/sheet-5 の図は無い）。レイアウト図は存在しないためテキスト全文で判定した。	high	
sheet-6-R159	MATCHED				★ 更新日時 文字型 取引履歴の更新日時。作成時／修正時に日付が設定されます。[YYYY-MM-DDThh:mm:ssTZD]		src/Eccube/Service/Smaregi/Api/Util/Transaction/TransactionResponseParser.php:82		更新日時を取り込み（src/Eccube/Service/Smaregi/Api/Util/Transaction/TransactionResponseParser.php:82）、古い更新の取り込みを抑止する判定に用いている（src/Eccube/MessageHandler/SmaregiTransactionProcessMessageHandler.php:308-317）。	画像0枚（images/ に sheet-6/sheet-5 の図は無い）。レイアウト図は存在しないためテキスト全文で判定した。	high	
sheet-6-R160	MATCHED				打消区分 文字型 打消を識別する区分。(0：通常、1：打消元レコード、2：打消レコード)		src/Eccube/Service/Smaregi/Api/Util/Transaction/TransactionResponseParser.php:66		打消区分を取り込み（src/Eccube/Service/Smaregi/Api/Util/Transaction/TransactionResponseParser.php:66）、打消レコード(2)／打消元(1)を判別している（src/Eccube/Dto/Smaregi/Api/Transaction/TransactionDto.php:70-85）。	画像0枚（images/ に sheet-6/sheet-5 の図は無い）。レイアウト図は存在しないためテキスト全文で判定した。	high	
sheet-6-R161	MATCHED				★ 打消元取引ID 文字型 打消元取引ID、打消先取引ID。		src/Eccube/Service/Smaregi/Api/Util/Transaction/TransactionResponseParser.php:67		打消元取引IDを取り込み（src/Eccube/Service/Smaregi/Api/Util/Transaction/TransactionResponseParser.php:67）、打消時の差し戻し対象の特定に用いている（src/Eccube/MessageHandler/SmaregiTransactionProcessMessageHandler.php:359）。	画像0枚（images/ に sheet-6/sheet-5 の図は無い）。レイアウト図は存在しないためテキスト全文で判定した。	high	
sheet-6-R162	MATCHED				★ 取引明細ID 文字型 取引明細ID (details内に子データの配列として取得)		src/Eccube/Service/Smaregi/Api/Util/Transaction/TransactionResponseParser.php:111		明細を配列として取り出し、取引明細IDを取り込んでいる（src/Eccube/Service/Smaregi/Api/Util/Transaction/TransactionResponseParser.php:36-45,:111）。	画像0枚（images/ に sheet-6/sheet-5 の図は無い）。レイアウト図は存在しないためテキスト全文で判定した。	high	
sheet-6-R163	MATCHED				★ 商品ID 文字型 商品ID：数字15桁以内 (details内に子データの配列として取得)		src/Eccube/Service/Smaregi/Api/Util/Transaction/TransactionResponseParser.php:113		明細の商品IDを取り込んでいる（src/Eccube/Service/Smaregi/Api/Util/Transaction/TransactionResponseParser.php:113）。	画像0枚（images/ に sheet-6/sheet-5 の図は無い）。レイアウト図は存在しないためテキスト全文で判定した。	high	
sheet-6-R164	MATCHED				★ 商品コード 文字型 商品コード：半角英数記号64文字以内(2段バーコード利用時は最大64桁、それ以外は20桁) (details内に子データの配列として取得)		src/Eccube/Service/Smaregi/Api/Util/Transaction/TransactionResponseParser.php:114		明細の商品コードを取り込み（src/Eccube/Service/Smaregi/Api/Util/Transaction/TransactionResponseParser.php:114）、既存受注との突合キーに用いている（src/Eccube/Service/Smaregi/Webhook/Transaction/PurchasePatternContextBuilder.php:115-119）。	画像0枚（images/ に sheet-6/sheet-5 の図は無い）。レイアウト図は存在しないためテキスト全文で判定した。	high	
sheet-6-R165	MATCHED				★ 商品名 文字型 商品名：85文字以内。 (details内に子データの配列として取得)		src/Eccube/Service/Smaregi/Api/Util/Transaction/TransactionResponseParser.php:115		明細の商品名を取り込んでいる（src/Eccube/Service/Smaregi/Api/Util/Transaction/TransactionResponseParser.php:115）。	画像0枚（images/ に sheet-6/sheet-5 の図は無い）。レイアウト図は存在しないためテキスト全文で判定した。	high	
sheet-6-R166	MATCHED				★ 販売単価 文字型 販売単価：販売時の単価を設定。デフォルトは商品単価。 (details内に子データの配列として取得)		src/Eccube/Service/Smaregi/Api/Util/Transaction/TransactionResponseParser.php:117		明細の販売単価を取り込んでいる（src/Eccube/Service/Smaregi/Api/Util/Transaction/TransactionResponseParser.php:117）。	画像0枚（images/ に sheet-6/sheet-5 の図は無い）。レイアウト図は存在しないためテキスト全文で判定した。	high	
sheet-6-R167	MATCHED				★ 原価 文字型 原価：数字8桁以内(少数5桁まで)。未設定の場合0を設定。 (details内に子データの配列として取得)		src/Eccube/Service/Smaregi/Api/Util/Transaction/TransactionResponseParser.php:119		明細の原価を取り込んでいる（src/Eccube/Service/Smaregi/Api/Util/Transaction/TransactionResponseParser.php:119）。	画像0枚（images/ に sheet-6/sheet-5 の図は無い）。レイアウト図は存在しないためテキスト全文で判定した。	high	
sheet-6-R168	MATCHED				★ 数量 文字型 数量：数値型。 (details内に子データの配列として取得)		src/Eccube/Service/Smaregi/Api/Util/Transaction/TransactionResponseParser.php:120		明細の数量を数値として取り込んでいる（src/Eccube/Service/Smaregi/Api/Util/Transaction/TransactionResponseParser.php:120,:142-157）。	画像0枚（images/ に sheet-6/sheet-5 の図は無い）。レイアウト図は存在しないためテキスト全文で判定した。	high	
sheet-6-R169	MATCHED				★ 部門ID 文字型 部門ID：数字9桁以内。 (details内に子データの配列として取得)		src/Eccube/Service/Smaregi/Api/Util/Transaction/TransactionResponseParser.php:116		明細の部門ID（categoryId）を取り込み（src/Eccube/Service/Smaregi/Api/Util/Transaction/TransactionResponseParser.php:116）、受取方法の判別に用いている（src/Eccube/Service/Smaregi/Webhook/Transaction/PickupMethod.php:1）。	画像0枚（images/ に sheet-6/sheet-5 の図は無い）。レイアウト図は存在しないためテキスト全文で判定した。	med	
sheet-6-R170	OUT_OF_SCOPE				レスポンスデータサンプル				節の見出し行。	画像0枚（images/ に sheet-6/sheet-5 の図は無い）。レイアウト図は存在しないためテキスト全文で判定した。	high	
sheet-6-R171	OUT_OF_SCOPE				※ 右記URLを参照　　https://www1.smaregi.dev/apidoc/#operation/getTransactionsTransactionId				外部APIドキュメントへの参照案内。仕様を述べていない。	画像0枚（images/ に sheet-6/sheet-5 の図は無い）。レイアウト図は存在しないためテキスト全文で判定した。	high	
sheet-6-R172	OUT_OF_SCOPE				A05-04 スマレジ受信処理 / API 受注管理 — スマレジ受信処理（ポイント履歴取得）				現行仕様節の見出し行。	画像0枚（images/ に sheet-6/sheet-5 の図は無い）。レイアウト図は存在しないためテキスト全文で判定した。	high	
sheet-6-R173	OUT_OF_SCOPE				取引区分ごとのポイント処理				業務ロジックの小見出し行。	画像0枚（images/ に sheet-6/sheet-5 の図は無い）。レイアウト図は存在しないためテキスト全文で判定した。	high	
sheet-6-R174	MATCHED				受信した内容から取引ヘッダと取引明細を取り出し、取引区分で処理を分ける。		src/Eccube/Service/Smaregi/Api/Util/Transaction/TransactionResponseParser.php:36-45;src/Eccube/Service/Smaregi/Api/Util/Transaction/TransactionResponseParser.php:58-85;src/Eccube/MessageHandler/SmaregiTransactionProcessMessageHandler.php:389		取得した取引情報から取引ヘッダの各値と details（取引明細）の配列を取り出し（src/Eccube/Service/Smaregi/Api/Util/Transaction/TransactionResponseParser.php:36-45,:58-85）、取引区分でポイント専用取引と通常の受注取込に分けている（src/Eccube/MessageHandler/SmaregiTransactionProcessMessageHandler.php:389、src/Eccube/Service/Smaregi/Webhook/Transaction/SmaregiPointAdjustmentApplier.php:66-73）。	画像0枚（images/ に sheet-6/sheet-5 の図は無い）。レイアウト図は存在しないためテキスト全文で判定した。	high	
sheet-6-R175	OUT_OF_SCOPE				取引区分 処理				取引区分ごとの処理表のヘッダ行。	画像0枚（images/ に sheet-6/sheet-5 の図は無い）。レイアウト図は存在しないためテキスト全文で判定した。	high	
sheet-6-R176	MATCHED				取消 会員の保有ポイントから付与ポイントを差し引き、利用ポイントを戻す。取引に一致するポイント履歴を削除する		src/Eccube/Service/Smaregi/Webhook/Transaction/SmaregiPointAdjustmentReverter.php:98-104;src/Eccube/Service/Smaregi/Webhook/Transaction/SmaregiOrderPointReverter.php:118-123;src/Eccube/MessageHandler/SmaregiTransactionProcessMessageHandler.php:346		取消では取引IDに一致するポイント履歴の増減合計を会員残高から取り消し、その履歴を削除している（ポイント専用取引は src/Eccube/Service/Smaregi/Webhook/Transaction/SmaregiPointAdjustmentReverter.php:98-104、受注に紐づく分は src/Eccube/Service/Smaregi/Webhook/Transaction/SmaregiOrderPointReverter.php:118-123、振り分けは src/Eccube/MessageHandler/SmaregiTransactionProcessMessageHandler.php:344-350）。	画像0枚（images/ に sheet-6/sheet-5 の図は無い）。レイアウト図は存在しないためテキスト全文で判定した。	high	
sheet-6-R177	MATCHED				打消 付与ポイントと利用ポイントの正負を反転したうえで取消と同じ補正を行い、対象のポイント履歴を削除する		src/Eccube/MessageHandler/SmaregiTransactionProcessMessageHandler.php:357-364;src/Eccube/Service/Smaregi/Webhook/Transaction/SmaregiPointAdjustmentReverter.php:57-68;src/Eccube/Service/Smaregi/Webhook/Transaction/SmaregiOrderPointReverter.php:118-123		打消では打消元取引IDを対象として取消と同じ差し戻し（履歴の増減合計を残高から取り消し、履歴を削除）を行っている（src/Eccube/MessageHandler/SmaregiTransactionProcessMessageHandler.php:359、src/Eccube/Service/Smaregi/Webhook/Transaction/SmaregiPointAdjustmentReverter.php:57-68）。打消レコードの符号反転は、差し戻し対象を打消元の履歴に取り直すことで同じ結果になる。	画像0枚（images/ に sheet-6/sheet-5 の図は無い）。レイアウト図は存在しないためテキスト全文で判定した。	med	
sheet-6-R178	MATCHED				通常取引 会員の保有ポイントに付与ポイントを加え、利用ポイントを差し引く。付与ポイントが 0 より大きいときは付与の履歴を、利用ポイントが 0 より大きいときは利用の履歴を、購入によるポイントとして登録する。0 のときはその履歴を登録しない		src/Eccube/Service/Smaregi/Webhook/Transaction/SmaregiOrderPointApplier.php:97-101;src/Eccube/Service/PointService.php:55-63;src/Eccube/Service/PointService.php:141-150		付与ポイントを加算し利用ポイントを減算し（src/Eccube/Service/PointService.php:59,:146）、購入によるポイント種別の履歴を登録する（src/Eccube/Service/PointService.php:63,:150）。付与・利用が 0 のときは残高更新も履歴登録も行わない（src/Eccube/Service/PointService.php:55,:141、src/Eccube/Service/Smaregi/Webhook/Transaction/SmaregiOrderPointApplier.php:99-101）。	画像0枚（images/ に sheet-6/sheet-5 の図は無い）。レイアウト図は存在しないためテキスト全文で判定した。	high	
sheet-6-R179	NOT_IMPLEMENTED	P3	未実装	IO	登録する履歴の備考には、付与のときは「店舗付与」、利用のときは「店舗使用」と記録する。	スマレジ取引で登録するポイント履歴の備考に、付与のときは「店舗付与」、利用のときは「店舗使用」と記録される。	src/Eccube/Service/PointService.php:63;src/Eccube/Service/PointService.php:150;src/Eccube/Service/Smaregi/Webhook/Transaction/SmaregiPointAdjustmentApplier.php:172	履歴を作るとき備考に何も渡していないため（src/Eccube/Service/PointService.php:63 と :150、src/Eccube/Service/Smaregi/Webhook/Transaction/SmaregiPointAdjustmentApplier.php:172 のいずれも備考の引数が null）、備考は空のまま登録される。「店舗付与」「店舗使用」という文言は ee 全体に存在しない。	ポイント履歴の備考は管理画面の会員ポイント画面に列として表示される（src/Eccube/Resource/template/admin/Customer/point_update.twig:117,:138）ため、備考が空だと店舗由来の付与・利用を画面で区別できない。備考を設定できる仕組み自体はある（src/Eccube/Service/EntityManager/PointHistoryEntityManager.php:70-72）が、スマレジ経由の登録では渡していない。	画像0枚（images/ に sheet-6/sheet-5 の図は無い）。レイアウト図は存在しないためテキスト全文で判定した。	high	PointService-point-history-note-not-recorded
sheet-6-R180	OUT_OF_SCOPE				注文への反映にともなうスマレジへのポイント連携				業務ロジックの小見出し行。	画像0枚（images/ に sheet-6/sheet-5 の図は無い）。レイアウト図は存在しないためテキスト全文で判定した。	high	
sheet-6-R181	OUT_OF_SCOPE				取引明細の商品コードに対応する注文が複数あるときは、いちばん新しい注文を対象とする。				リニューアル後の仕様が現行仕様と食い違うため現行仕様側は対象外。リニューアル後は複数の既存受注が該当する場合は「複数受注購入パターン」として全件を引き渡し済みにし統合受注を作る（sheet-6 の複数受注購入パターン）ので、いちばん新しい1件だけを対象とする現行の扱いは踏襲されない。	画像0枚（images/ に sheet-6/sheet-5 の図は無い）。レイアウト図は存在しないためテキスト全文で判定した。	high	
sheet-6-R182	NOT_IMPLEMENTED	P2	未実装	ふるまい	注文へ反映するとき、その時点の日時を、注文の確定日と出荷日、および注文に紐づく各配送の出荷日として記録する。スマレジ用として登録されている担当者があるときは、その担当者を注文の担当者として記録する。	スマレジの取引を既存の受注へ反映して出荷完了にするとき、その受注の確定日と出荷日に日時が記録され、スマレジ用として登録された担当者が受注の担当者として記録される。	src/Eccube/Service/Smaregi/Webhook/Transaction/Handler/Pattern/EccubeSmoothOtcPatternHandler.php:62-65	スムーズ店頭受取（既存受注を出荷完了にするパターン）では、受注のステータスと取引IDだけを更新し、確定日・出荷日・担当者を一切更新していない（src/Eccube/Service/Smaregi/Webhook/Transaction/Handler/Pattern/EccubeSmoothOtcPatternHandler.php:62-65）。	新規受注を作る経路では確定日・出荷日・担当者を設定している（src/Eccube/Service/Smaregi/Webhook/Transaction/SmaregiOrderFactory.php:337-343 と :322-325）が、既存受注を出荷完了へ更新する経路にはその処理が無い。取引IDから既存受注を引き当てる再処理経路（src/Eccube/MessageHandler/SmaregiTransactionProcessMessageHandler.php:424-433）でもポイント適用のみで日付・担当者は更新されない。各配送の出荷日はリニューアル後の仕様が「配送情報は使用用途がないので未登録とする」としているため期待値に含めていない。	画像0枚（images/ に sheet-6/sheet-5 の図は無い）。レイアウト図は存在しないためテキスト全文で判定した。	med	EccubeSmoothOtcPatternHandler-no-date-member-update
sheet-6-R183	MATCHED				反映した注文に付与ポイントが記録されているときは、その付与ポイントを会員の保有ポイントに加え、購入によるポイントの履歴としてその注文とともに登録する。付与ポイントが未設定または 0 のときは加算も履歴の登録も行わない。		src/Eccube/Service/Smaregi/Webhook/Transaction/SmaregiOrderPointApplier.php:134-139;src/Eccube/Service/PointService.php:54-63		受注に付与ポイントを記録したうえで会員残高へ加算し、購入によるポイント種別の履歴を受注とともに登録している（src/Eccube/Service/Smaregi/Webhook/Transaction/SmaregiOrderPointApplier.php:134-139、src/Eccube/Service/PointService.php:59-63）。未設定・0 のときは加算も履歴登録も行わない（src/Eccube/Service/PointService.php:54-57）。	画像0枚（images/ に sheet-6/sheet-5 の図は無い）。レイアウト図は存在しないためテキスト全文で判定した。	high	
sheet-6-R184	MATCHED				付与ポイントが 0 のとき（スマレジ側で決済とポイント付与が済んでいるとき）はスマレジへ送らない。0 でないときは、会員のスマレジ会員IDあてに付与ポイントをスマレジへ送る。使用ポイントは EC からの注文時に連携済みのため送らない。		src/Eccube/Service/Smaregi/SmaregiOrderGainPointEventService.php:45-55;src/Eccube/MessageHandler/SmaregiOrderGainPointMessageHandler.php:78-93		付与ポイントが未設定・0 のときは連携を積まず（src/Eccube/Service/Smaregi/SmaregiOrderGainPointEventService.php:52-55）、実行時にも 0 なら送らずに終える（src/Eccube/MessageHandler/SmaregiOrderGainPointMessageHandler.php:85-90）。0 でないときは会員のスマレジ会員IDを条件に付与ポイントを送る（src/Eccube/Service/Smaregi/SmaregiOrderGainPointEventService.php:47-50、src/Eccube/MessageHandler/SmaregiOrderGainPointMessageHandler.php:78-83,:93）。使用ポイントはEC注文時の連携で送っており（src/Eccube/Service/Smaregi/SmaregiUpdatePointAction.php:39-54）、受信処理では送らない。	画像0枚（images/ に sheet-6/sheet-5 の図は無い）。レイアウト図は存在しないためテキスト全文で判定した。	high	
sheet-6-R185	MATCHED				スマレジからの応答に正常な結果が含まれないときは、その注文にスマレジ連携のエラー内容と、連携エラーである印を記録する。処理は中断しない。		src/Eccube/MessageHandler/SmaregiOrderGainPointMessageHandler.php:102-104;src/Eccube/MessageHandler/SmaregiOrderGainPointMessageHandler.php:148-152		応答に正常な結果（result）が含まれないときは、受注に連携エラーの印とエラー内容を記録している（src/Eccube/MessageHandler/SmaregiOrderGainPointMessageHandler.php:102-104,:148-152）。受注の取込・ポイント反映は既に確定しており、この連携は後追いで行われるため受注側の処理は止まらない。	画像0枚（images/ に sheet-6/sheet-5 の図は無い）。レイアウト図は存在しないためテキスト全文で判定した。	med	
sheet-6-R186	OUT_OF_SCOPE				エラー時の扱い				エラー時の扱い表の小見出し行。	画像0枚（images/ に sheet-6/sheet-5 の図は無い）。レイアウト図は存在しないためテキスト全文で判定した。	high	
sheet-6-R187	MATCHED				会員が見つからない ポイントの補正も履歴の登録・削除も行わず、エラーとせずに処理を続ける		src/Eccube/Service/Smaregi/Webhook/Transaction/SmaregiPointAdjustmentApplier.php:118-127		会員を引き当てられないときは警告を残して何もせずに戻り、例外にしていない（src/Eccube/Service/Smaregi/Webhook/Transaction/SmaregiPointAdjustmentApplier.php:118-127、src/Eccube/Service/Smaregi/Webhook/Transaction/SmaregiOrderPointApplier.php:105-114）。	画像0枚（images/ に sheet-6/sheet-5 の図は無い）。レイアウト図は存在しないためテキスト全文で判定した。	high	
sheet-6-R188	MATCHED				取消・打消で対象のポイント履歴が無い ポイントの補正も履歴の削除も行わず、エラーとせずに処理を続ける		src/Eccube/Service/Smaregi/Webhook/Transaction/SmaregiPointAdjustmentReverter.php:64-68;src/Eccube/Service/Smaregi/Webhook/Transaction/SmaregiOrderPointReverter.php:118-123		対象のポイント履歴が無いときは残高も履歴も触らずに戻り、例外にしていない（src/Eccube/Service/Smaregi/Webhook/Transaction/SmaregiPointAdjustmentReverter.php:64-68,:86-95）。	画像0枚（images/ に sheet-6/sheet-5 の図は無い）。レイアウト図は存在しないためテキスト全文で判定した。	high	
sheet-6-R189	OUT_OF_SCOPE				入出力: 永続化				入出力節の小見出し行。	画像0枚（images/ に sheet-6/sheet-5 の図は無い）。レイアウト図は存在しないためテキスト全文で判定した。	high	
sheet-6-R190	MATCHED				更新 会員の保有ポイントを、取消・打消・通常取引のいずれかで補正したとき		src/Eccube/Service/Smaregi/Webhook/Transaction/SmaregiPointAdjustmentApplier.php:168;src/Eccube/Service/Smaregi/Webhook/Transaction/SmaregiPointAdjustmentReverter.php:99;src/Eccube/Service/PointService.php:59		通常取引では会員残高を加減算し（src/Eccube/Service/Smaregi/Webhook/Transaction/SmaregiPointAdjustmentApplier.php:168、src/Eccube/Service/PointService.php:59,:146）、取消・打消では差し戻し分を残高から取り消している（src/Eccube/Service/Smaregi/Webhook/Transaction/SmaregiPointAdjustmentReverter.php:99、src/Eccube/Service/Smaregi/Webhook/Transaction/SmaregiOrderPointReverter.php:119）。	画像0枚（images/ に sheet-6/sheet-5 の図は無い）。レイアウト図は存在しないためテキスト全文で判定した。	high	
sheet-6-R191	MATCHED				追加 購入によるポイントの履歴を、通常取引で付与ポイントまたは利用ポイントが 0 より大きいとき		src/Eccube/Service/Smaregi/Webhook/Transaction/SmaregiPointAdjustmentApplier.php:171-181;src/Eccube/Service/PointService.php:63;src/Eccube/Service/PointService.php:150		購入によるポイント種別で履歴を追加している（src/Eccube/Service/Smaregi/Webhook/Transaction/SmaregiPointAdjustmentApplier.php:171-181、src/Eccube/Service/PointService.php:63,:150）。増減が 0 のときは追加しない（src/Eccube/Service/Smaregi/Webhook/Transaction/SmaregiPointAdjustmentApplier.php:140-149、src/Eccube/Service/PointService.php:55,:141）。	画像0枚（images/ に sheet-6/sheet-5 の図は無い）。レイアウト図は存在しないためテキスト全文で判定した。	high	
sheet-6-R192	MATCHED				削除 取引に一致するポイント履歴を、取消または打消のとき		src/Eccube/Service/Smaregi/Webhook/Transaction/SmaregiPointAdjustmentReverter.php:102-104;src/Eccube/Service/Smaregi/Webhook/Transaction/SmaregiOrderPointReverter.php:118-123		取消・打消では取引IDに一致するポイント履歴を削除している（src/Eccube/Service/Smaregi/Webhook/Transaction/SmaregiPointAdjustmentReverter.php:102-104、src/Eccube/Service/Smaregi/Webhook/Transaction/SmaregiOrderPointReverter.php:121-123）。	画像0枚（images/ に sheet-6/sheet-5 の図は無い）。レイアウト図は存在しないためテキスト全文で判定した。	high	
sheet-6-R193	MATCHED				更新 会員の保有ポイントを、注文へ反映するときにその注文の付与ポイントが 0 でないとき		src/Eccube/Service/PointService.php:54-59		受注の付与ポイントが 0 でないときだけ会員残高へ加算している（src/Eccube/Service/PointService.php:54-59）。	画像0枚（images/ に sheet-6/sheet-5 の図は無い）。レイアウト図は存在しないためテキスト全文で判定した。	high	
sheet-6-R194	MATCHED				追加 購入によるポイントの履歴を、注文へ反映するときにその注文の付与ポイントが 0 でないとき		src/Eccube/Service/PointService.php:54-63		受注の付与ポイントが 0 でないときだけ購入によるポイントの履歴を受注とともに追加している（src/Eccube/Service/PointService.php:54-63）。	画像0枚（images/ に sheet-6/sheet-5 の図は無い）。レイアウト図は存在しないためテキスト全文で判定した。	high	
sheet-6-R195	MATCHED				更新 注文に、確定日と出荷日、各配送の出荷日を、注文へ反映したとき		src/Eccube/Service/Smaregi/Webhook/Transaction/SmaregiOrderFactory.php:337-343		取込時に受注の注文日・出荷日・入金日（確定日）を記録している（src/Eccube/Service/Smaregi/Webhook/Transaction/SmaregiOrderFactory.php:337-343）。各配送の出荷日はリニューアル後の仕様が配送情報を未登録とするため対象外。既存受注を出荷完了へ更新する経路で日付が更新されない点は sheet-6-R182 として指摘した。	画像0枚（images/ に sheet-6/sheet-5 の図は無い）。レイアウト図は存在しないためテキスト全文で判定した。	med	
sheet-6-R196	MATCHED				更新 注文の担当者を、スマレジ用の担当者が登録されているとき		src/Eccube/Service/Smaregi/Webhook/Transaction/SmaregiOrderFactory.php:322-325		スマレジ連携用の担当者が登録されていればそれを受注の担当者として設定している（src/Eccube/Service/Smaregi/Webhook/Transaction/SmaregiOrderFactory.php:322-325、更新時は src/Eccube/Service/Smaregi/Webhook/Transaction/Processor/SmaregiTransactionEditedProcessor.php:130-132）。	画像0枚（images/ に sheet-6/sheet-5 の図は無い）。レイアウト図は存在しないためテキスト全文で判定した。	high	
sheet-6-R197	MATCHED				更新 注文に、スマレジへのポイント連携が正常に終わらなかったときのエラー内容と連携エラーの印		src/Eccube/MessageHandler/SmaregiOrderGainPointMessageHandler.php:148-152;src/Eccube/Service/Smaregi/SmaregiUpdatePointAction.php:75-78		連携が正常に終わらないときは受注に連携エラーの印とエラー内容を記録している（src/Eccube/MessageHandler/SmaregiOrderGainPointMessageHandler.php:148-152、SmaregiUpdatePointAction.php:75-78）。	画像0枚（images/ に sheet-6/sheet-5 の図は無い）。レイアウト図は存在しないためテキスト全文で判定した。	high	
sheet-6-R198	MATCHED				本APIは画面へ文言を表示しない。		src/Eccube/Controller/Smaregi/WebhookController.php:107-109		応答は状態コードと固定の JSON のみで、画面へ表示する文言を返していない（src/Eccube/Controller/Smaregi/WebhookController.php:107-109）。	画像0枚（images/ に sheet-6/sheet-5 の図は無い）。レイアウト図は存在しないためテキスト全文で判定した。	med	
