要求ID	書番	シート	シート名	区分	シート内行	HTML行	ブロックID	ブロック見出し	カスタマイズ	同ブロック	表ヘッダ	要求文
sheet-1-R001	0405	sheet-1	表紙	本文	2	971	sheet-1-B001			sheet-1-R002,sheet-1-R003,sheet-1-R004,sheet-1-R005		晴れる屋様
sheet-1-R002	0405	sheet-1	表紙	本文	3	972	sheet-1-B001			sheet-1-R001,sheet-1-R003,sheet-1-R004,sheet-1-R005		受注管理機能
sheet-1-R003	0405	sheet-1	表紙	本文	4	973	sheet-1-B001			sheet-1-R001,sheet-1-R002,sheet-1-R004,sheet-1-R005		基本設計仕様書
sheet-1-R004	0405	sheet-1	表紙	本文	5	974	sheet-1-B001			sheet-1-R001,sheet-1-R002,sheet-1-R003,sheet-1-R005		"Ver	改訂内容	改訂者	改訂日"
sheet-1-R005	0405	sheet-1	表紙	本文	6	975	sheet-1-B001			sheet-1-R001,sheet-1-R002,sheet-1-R003,sheet-1-R004		"0.1	新規作成	緑川	2025-05-16"
sheet-2-R001	0405	sheet-2	目次	本文	2	993	sheet-2-B002			sheet-2-R002,sheet-2-R003,sheet-2-R004,sheet-2-R005,sheet-2-R006,sheet-2-R007,sheet-2-R008,sheet-2-R009,sheet-2-R010,sheet-2-R011		目次
sheet-2-R002	0405	sheet-2	目次	本文	3	994	sheet-2-B002			sheet-2-R001,sheet-2-R003,sheet-2-R004,sheet-2-R005,sheet-2-R006,sheet-2-R007,sheet-2-R008,sheet-2-R009,sheet-2-R010,sheet-2-R011		バッチ設計書
sheet-2-R003	0405	sheet-2	目次	本文	4	995	sheet-2-B002			sheet-2-R001,sheet-2-R002,sheet-2-R004,sheet-2-R005,sheet-2-R006,sheet-2-R007,sheet-2-R008,sheet-2-R009,sheet-2-R010,sheet-2-R011		B05-01 注文番号登録
sheet-2-R004	0405	sheet-2	目次	本文	5	996	sheet-2-B002			sheet-2-R001,sheet-2-R002,sheet-2-R003,sheet-2-R005,sheet-2-R006,sheet-2-R007,sheet-2-R008,sheet-2-R009,sheet-2-R010,sheet-2-R011		B05-02 購入完了手続き再処理
sheet-2-R005	0405	sheet-2	目次	本文	6	997	sheet-2-B002			sheet-2-R001,sheet-2-R002,sheet-2-R003,sheet-2-R004,sheet-2-R006,sheet-2-R007,sheet-2-R008,sheet-2-R009,sheet-2-R010,sheet-2-R011		B05-03 店頭注文番号初期化
sheet-2-R006	0405	sheet-2	目次	本文	7	998	sheet-2-B002			sheet-2-R001,sheet-2-R002,sheet-2-R003,sheet-2-R004,sheet-2-R005,sheet-2-R007,sheet-2-R008,sheet-2-R009,sheet-2-R010,sheet-2-R011		B05-04 スマレジ商品再連携
sheet-2-R007	0405	sheet-2	目次	本文	8	999	sheet-2-B002			sheet-2-R001,sheet-2-R002,sheet-2-R003,sheet-2-R004,sheet-2-R005,sheet-2-R006,sheet-2-R008,sheet-2-R009,sheet-2-R010,sheet-2-R011		B05-05 スマレジ商品削除
sheet-2-R008	0405	sheet-2	目次	本文	9	1000	sheet-2-B002			sheet-2-R001,sheet-2-R002,sheet-2-R003,sheet-2-R004,sheet-2-R005,sheet-2-R006,sheet-2-R007,sheet-2-R009,sheet-2-R010,sheet-2-R011		B05-06 ポイント二重登録チェック
sheet-2-R009	0405	sheet-2	目次	本文	10	1001	sheet-2-B002			sheet-2-R001,sheet-2-R002,sheet-2-R003,sheet-2-R004,sheet-2-R005,sheet-2-R006,sheet-2-R007,sheet-2-R008,sheet-2-R010,sheet-2-R011		B05-07 ポイント利用未反映チェック
sheet-2-R010	0405	sheet-2	目次	本文	11	1002	sheet-2-B002			sheet-2-R001,sheet-2-R002,sheet-2-R003,sheet-2-R004,sheet-2-R005,sheet-2-R006,sheet-2-R007,sheet-2-R008,sheet-2-R009,sheet-2-R011		B05-08 スマレジEC受注連携エラー再連携
sheet-2-R011	0405	sheet-2	目次	本文	12	1003	sheet-2-B002			sheet-2-R001,sheet-2-R002,sheet-2-R003,sheet-2-R004,sheet-2-R005,sheet-2-R006,sheet-2-R007,sheet-2-R008,sheet-2-R009,sheet-2-R010		B05-09 スマレジ取引連携エラー再連携
sheet-3-R001	0405	sheet-3	注文番号登録	機能仕様	25	1036	sheet-3-B003			sheet-3-R002,sheet-3-R003		・注文番号のコピー処理をバッチから除外する
sheet-3-R002	0405	sheet-3	注文番号登録	機能仕様	26	1037	sheet-3-B003			sheet-3-R001,sheet-3-R003		・注文番号の採番処理を新たなデータベースに合わせて変更する（MySQL→PostgreSQL）
sheet-3-R003	0405	sheet-3	注文番号登録	機能仕様	27	1038	sheet-3-B003			sheet-3-R001,sheet-3-R002		・スマレジ連携APIについて、呼び出しを廃止予定のスマレジAPIからプラットフォームAPIに変更
sheet-3-R004	0405	sheet-3	注文番号登録	機能仕様	29	1040	sheet-3-B004			sheet-3-R005,sheet-3-R006,sheet-3-R007,sheet-3-R008,sheet-3-R009,sheet-3-R010,sheet-3-R011,sheet-3-R012,sheet-3-R013,sheet-3-R014,sheet-3-R015,sheet-3-R016,sheet-3-R017,sheet-3-R018,sheet-3-R019,sheet-3-R020,sheet-3-R021,sheet-3-R022,sheet-3-R023,sheet-3-R024,sheet-3-R025,sheet-3-R026,sheet-3-R027,sheet-3-R028,sheet-3-R029,sheet-3-R030,sheet-3-R031,sheet-3-R032,sheet-3-R033,sheet-3-R034,sheet-3-R035,sheet-3-R036,sheet-3-R037,sheet-3-R038,sheet-3-R039,sheet-3-R040,sheet-3-R041,sheet-3-R042,sheet-3-R043,sheet-3-R044,sheet-3-R045,sheet-3-R046,sheet-3-R047,sheet-3-R048,sheet-3-R049,sheet-3-R050		・現行でこのバッチは以下の2つの処理を行っている
sheet-3-R005	0405	sheet-3	注文番号登録	機能仕様	30	1041	sheet-3-B004			sheet-3-R004,sheet-3-R006,sheet-3-R007,sheet-3-R008,sheet-3-R009,sheet-3-R010,sheet-3-R011,sheet-3-R012,sheet-3-R013,sheet-3-R014,sheet-3-R015,sheet-3-R016,sheet-3-R017,sheet-3-R018,sheet-3-R019,sheet-3-R020,sheet-3-R021,sheet-3-R022,sheet-3-R023,sheet-3-R024,sheet-3-R025,sheet-3-R026,sheet-3-R027,sheet-3-R028,sheet-3-R029,sheet-3-R030,sheet-3-R031,sheet-3-R032,sheet-3-R033,sheet-3-R034,sheet-3-R035,sheet-3-R036,sheet-3-R037,sheet-3-R038,sheet-3-R039,sheet-3-R040,sheet-3-R041,sheet-3-R042,sheet-3-R043,sheet-3-R044,sheet-3-R045,sheet-3-R046,sheet-3-R047,sheet-3-R048,sheet-3-R049,sheet-3-R050		・採番された注文番号を注文情報へコピーする処理
sheet-3-R006	0405	sheet-3	注文番号登録	機能仕様	31	1042	sheet-3-B004			sheet-3-R004,sheet-3-R005,sheet-3-R007,sheet-3-R008,sheet-3-R009,sheet-3-R010,sheet-3-R011,sheet-3-R012,sheet-3-R013,sheet-3-R014,sheet-3-R015,sheet-3-R016,sheet-3-R017,sheet-3-R018,sheet-3-R019,sheet-3-R020,sheet-3-R021,sheet-3-R022,sheet-3-R023,sheet-3-R024,sheet-3-R025,sheet-3-R026,sheet-3-R027,sheet-3-R028,sheet-3-R029,sheet-3-R030,sheet-3-R031,sheet-3-R032,sheet-3-R033,sheet-3-R034,sheet-3-R035,sheet-3-R036,sheet-3-R037,sheet-3-R038,sheet-3-R039,sheet-3-R040,sheet-3-R041,sheet-3-R042,sheet-3-R043,sheet-3-R044,sheet-3-R045,sheet-3-R046,sheet-3-R047,sheet-3-R048,sheet-3-R049,sheet-3-R050		（注文ステータスが変更されたときに実行されるMySQLのトリガーで注文番号が注文番号採番専用テーブルにて採番されるため、コピーを行う）
sheet-3-R007	0405	sheet-3	注文番号登録	機能仕様	32	1043	sheet-3-B004			sheet-3-R004,sheet-3-R005,sheet-3-R006,sheet-3-R008,sheet-3-R009,sheet-3-R010,sheet-3-R011,sheet-3-R012,sheet-3-R013,sheet-3-R014,sheet-3-R015,sheet-3-R016,sheet-3-R017,sheet-3-R018,sheet-3-R019,sheet-3-R020,sheet-3-R021,sheet-3-R022,sheet-3-R023,sheet-3-R024,sheet-3-R025,sheet-3-R026,sheet-3-R027,sheet-3-R028,sheet-3-R029,sheet-3-R030,sheet-3-R031,sheet-3-R032,sheet-3-R033,sheet-3-R034,sheet-3-R035,sheet-3-R036,sheet-3-R037,sheet-3-R038,sheet-3-R039,sheet-3-R040,sheet-3-R041,sheet-3-R042,sheet-3-R043,sheet-3-R044,sheet-3-R045,sheet-3-R046,sheet-3-R047,sheet-3-R048,sheet-3-R049,sheet-3-R050		・店頭受取注文の場合、スマレジ側に注文した商品の情報を連携する
sheet-3-R008	0405	sheet-3	注文番号登録	機能仕様	33	1044	sheet-3-B004			sheet-3-R004,sheet-3-R005,sheet-3-R006,sheet-3-R007,sheet-3-R009,sheet-3-R010,sheet-3-R011,sheet-3-R012,sheet-3-R013,sheet-3-R014,sheet-3-R015,sheet-3-R016,sheet-3-R017,sheet-3-R018,sheet-3-R019,sheet-3-R020,sheet-3-R021,sheet-3-R022,sheet-3-R023,sheet-3-R024,sheet-3-R025,sheet-3-R026,sheet-3-R027,sheet-3-R028,sheet-3-R029,sheet-3-R030,sheet-3-R031,sheet-3-R032,sheet-3-R033,sheet-3-R034,sheet-3-R035,sheet-3-R036,sheet-3-R037,sheet-3-R038,sheet-3-R039,sheet-3-R040,sheet-3-R041,sheet-3-R042,sheet-3-R043,sheet-3-R044,sheet-3-R045,sheet-3-R046,sheet-3-R047,sheet-3-R048,sheet-3-R049,sheet-3-R050		現行
sheet-3-R009	0405	sheet-3	注文番号登録	機能仕様	34	1045	sheet-3-B004			sheet-3-R004,sheet-3-R005,sheet-3-R006,sheet-3-R007,sheet-3-R008,sheet-3-R010,sheet-3-R011,sheet-3-R012,sheet-3-R013,sheet-3-R014,sheet-3-R015,sheet-3-R016,sheet-3-R017,sheet-3-R018,sheet-3-R019,sheet-3-R020,sheet-3-R021,sheet-3-R022,sheet-3-R023,sheet-3-R024,sheet-3-R025,sheet-3-R026,sheet-3-R027,sheet-3-R028,sheet-3-R029,sheet-3-R030,sheet-3-R031,sheet-3-R032,sheet-3-R033,sheet-3-R034,sheet-3-R035,sheet-3-R036,sheet-3-R037,sheet-3-R038,sheet-3-R039,sheet-3-R040,sheet-3-R041,sheet-3-R042,sheet-3-R043,sheet-3-R044,sheet-3-R045,sheet-3-R046,sheet-3-R047,sheet-3-R048,sheet-3-R049,sheet-3-R050		DB　Mysql
sheet-3-R010	0405	sheet-3	注文番号登録	機能仕様	35	1046	sheet-3-B004			sheet-3-R004,sheet-3-R005,sheet-3-R006,sheet-3-R007,sheet-3-R008,sheet-3-R009,sheet-3-R011,sheet-3-R012,sheet-3-R013,sheet-3-R014,sheet-3-R015,sheet-3-R016,sheet-3-R017,sheet-3-R018,sheet-3-R019,sheet-3-R020,sheet-3-R021,sheet-3-R022,sheet-3-R023,sheet-3-R024,sheet-3-R025,sheet-3-R026,sheet-3-R027,sheet-3-R028,sheet-3-R029,sheet-3-R030,sheet-3-R031,sheet-3-R032,sheet-3-R033,sheet-3-R034,sheet-3-R035,sheet-3-R036,sheet-3-R037,sheet-3-R038,sheet-3-R039,sheet-3-R040,sheet-3-R041,sheet-3-R042,sheet-3-R043,sheet-3-R044,sheet-3-R045,sheet-3-R046,sheet-3-R047,sheet-3-R048,sheet-3-R049,sheet-3-R050		注文完了
sheet-3-R011	0405	sheet-3	注文番号登録	機能仕様	36	1047	sheet-3-B004			sheet-3-R004,sheet-3-R005,sheet-3-R006,sheet-3-R007,sheet-3-R008,sheet-3-R009,sheet-3-R010,sheet-3-R012,sheet-3-R013,sheet-3-R014,sheet-3-R015,sheet-3-R016,sheet-3-R017,sheet-3-R018,sheet-3-R019,sheet-3-R020,sheet-3-R021,sheet-3-R022,sheet-3-R023,sheet-3-R024,sheet-3-R025,sheet-3-R026,sheet-3-R027,sheet-3-R028,sheet-3-R029,sheet-3-R030,sheet-3-R031,sheet-3-R032,sheet-3-R033,sheet-3-R034,sheet-3-R035,sheet-3-R036,sheet-3-R037,sheet-3-R038,sheet-3-R039,sheet-3-R040,sheet-3-R041,sheet-3-R042,sheet-3-R043,sheet-3-R044,sheet-3-R045,sheet-3-R046,sheet-3-R047,sheet-3-R048,sheet-3-R049,sheet-3-R050		注文番号登録バッチ
sheet-3-R012	0405	sheet-3	注文番号登録	機能仕様	37	1048	sheet-3-B004			sheet-3-R004,sheet-3-R005,sheet-3-R006,sheet-3-R007,sheet-3-R008,sheet-3-R009,sheet-3-R010,sheet-3-R011,sheet-3-R013,sheet-3-R014,sheet-3-R015,sheet-3-R016,sheet-3-R017,sheet-3-R018,sheet-3-R019,sheet-3-R020,sheet-3-R021,sheet-3-R022,sheet-3-R023,sheet-3-R024,sheet-3-R025,sheet-3-R026,sheet-3-R027,sheet-3-R028,sheet-3-R029,sheet-3-R030,sheet-3-R031,sheet-3-R032,sheet-3-R033,sheet-3-R034,sheet-3-R035,sheet-3-R036,sheet-3-R037,sheet-3-R038,sheet-3-R039,sheet-3-R040,sheet-3-R041,sheet-3-R042,sheet-3-R043,sheet-3-R044,sheet-3-R045,sheet-3-R046,sheet-3-R047,sheet-3-R048,sheet-3-R049,sheet-3-R050		トリガー: 注文番号採番
sheet-3-R013	0405	sheet-3	注文番号登録	機能仕様	38	1049	sheet-3-B004			sheet-3-R004,sheet-3-R005,sheet-3-R006,sheet-3-R007,sheet-3-R008,sheet-3-R009,sheet-3-R010,sheet-3-R011,sheet-3-R012,sheet-3-R014,sheet-3-R015,sheet-3-R016,sheet-3-R017,sheet-3-R018,sheet-3-R019,sheet-3-R020,sheet-3-R021,sheet-3-R022,sheet-3-R023,sheet-3-R024,sheet-3-R025,sheet-3-R026,sheet-3-R027,sheet-3-R028,sheet-3-R029,sheet-3-R030,sheet-3-R031,sheet-3-R032,sheet-3-R033,sheet-3-R034,sheet-3-R035,sheet-3-R036,sheet-3-R037,sheet-3-R038,sheet-3-R039,sheet-3-R040,sheet-3-R041,sheet-3-R042,sheet-3-R043,sheet-3-R044,sheet-3-R045,sheet-3-R046,sheet-3-R047,sheet-3-R048,sheet-3-R049,sheet-3-R050		注文完了
sheet-3-R014	0405	sheet-3	注文番号登録	機能仕様	39	1050	sheet-3-B004			sheet-3-R004,sheet-3-R005,sheet-3-R006,sheet-3-R007,sheet-3-R008,sheet-3-R009,sheet-3-R010,sheet-3-R011,sheet-3-R012,sheet-3-R013,sheet-3-R015,sheet-3-R016,sheet-3-R017,sheet-3-R018,sheet-3-R019,sheet-3-R020,sheet-3-R021,sheet-3-R022,sheet-3-R023,sheet-3-R024,sheet-3-R025,sheet-3-R026,sheet-3-R027,sheet-3-R028,sheet-3-R029,sheet-3-R030,sheet-3-R031,sheet-3-R032,sheet-3-R033,sheet-3-R034,sheet-3-R035,sheet-3-R036,sheet-3-R037,sheet-3-R038,sheet-3-R039,sheet-3-R040,sheet-3-R041,sheet-3-R042,sheet-3-R043,sheet-3-R044,sheet-3-R045,sheet-3-R046,sheet-3-R047,sheet-3-R048,sheet-3-R049,sheet-3-R050		注文番号採番
sheet-3-R015	0405	sheet-3	注文番号登録	機能仕様	40	1051	sheet-3-B004			sheet-3-R004,sheet-3-R005,sheet-3-R006,sheet-3-R007,sheet-3-R008,sheet-3-R009,sheet-3-R010,sheet-3-R011,sheet-3-R012,sheet-3-R013,sheet-3-R014,sheet-3-R016,sheet-3-R017,sheet-3-R018,sheet-3-R019,sheet-3-R020,sheet-3-R021,sheet-3-R022,sheet-3-R023,sheet-3-R024,sheet-3-R025,sheet-3-R026,sheet-3-R027,sheet-3-R028,sheet-3-R029,sheet-3-R030,sheet-3-R031,sheet-3-R032,sheet-3-R033,sheet-3-R034,sheet-3-R035,sheet-3-R036,sheet-3-R037,sheet-3-R038,sheet-3-R039,sheet-3-R040,sheet-3-R041,sheet-3-R042,sheet-3-R043,sheet-3-R044,sheet-3-R045,sheet-3-R046,sheet-3-R047,sheet-3-R048,sheet-3-R049,sheet-3-R050		受注データが更新されるとトリガーの処理が実行される
sheet-3-R016	0405	sheet-3	注文番号登録	機能仕様	41	1052	sheet-3-B004			sheet-3-R004,sheet-3-R005,sheet-3-R006,sheet-3-R007,sheet-3-R008,sheet-3-R009,sheet-3-R010,sheet-3-R011,sheet-3-R012,sheet-3-R013,sheet-3-R014,sheet-3-R015,sheet-3-R017,sheet-3-R018,sheet-3-R019,sheet-3-R020,sheet-3-R021,sheet-3-R022,sheet-3-R023,sheet-3-R024,sheet-3-R025,sheet-3-R026,sheet-3-R027,sheet-3-R028,sheet-3-R029,sheet-3-R030,sheet-3-R031,sheet-3-R032,sheet-3-R033,sheet-3-R034,sheet-3-R035,sheet-3-R036,sheet-3-R037,sheet-3-R038,sheet-3-R039,sheet-3-R040,sheet-3-R041,sheet-3-R042,sheet-3-R043,sheet-3-R044,sheet-3-R045,sheet-3-R046,sheet-3-R047,sheet-3-R048,sheet-3-R049,sheet-3-R050		[条件]
sheet-3-R017	0405	sheet-3	注文番号登録	機能仕様	42	1053	sheet-3-B004			sheet-3-R004,sheet-3-R005,sheet-3-R006,sheet-3-R007,sheet-3-R008,sheet-3-R009,sheet-3-R010,sheet-3-R011,sheet-3-R012,sheet-3-R013,sheet-3-R014,sheet-3-R015,sheet-3-R016,sheet-3-R018,sheet-3-R019,sheet-3-R020,sheet-3-R021,sheet-3-R022,sheet-3-R023,sheet-3-R024,sheet-3-R025,sheet-3-R026,sheet-3-R027,sheet-3-R028,sheet-3-R029,sheet-3-R030,sheet-3-R031,sheet-3-R032,sheet-3-R033,sheet-3-R034,sheet-3-R035,sheet-3-R036,sheet-3-R037,sheet-3-R038,sheet-3-R039,sheet-3-R040,sheet-3-R041,sheet-3-R042,sheet-3-R043,sheet-3-R044,sheet-3-R045,sheet-3-R046,sheet-3-R047,sheet-3-R048,sheet-3-R049,sheet-3-R050		ステータスが
sheet-3-R018	0405	sheet-3	注文番号登録	機能仕様	43	1054	sheet-3-B004			sheet-3-R004,sheet-3-R005,sheet-3-R006,sheet-3-R007,sheet-3-R008,sheet-3-R009,sheet-3-R010,sheet-3-R011,sheet-3-R012,sheet-3-R013,sheet-3-R014,sheet-3-R015,sheet-3-R016,sheet-3-R017,sheet-3-R019,sheet-3-R020,sheet-3-R021,sheet-3-R022,sheet-3-R023,sheet-3-R024,sheet-3-R025,sheet-3-R026,sheet-3-R027,sheet-3-R028,sheet-3-R029,sheet-3-R030,sheet-3-R031,sheet-3-R032,sheet-3-R033,sheet-3-R034,sheet-3-R035,sheet-3-R036,sheet-3-R037,sheet-3-R038,sheet-3-R039,sheet-3-R040,sheet-3-R041,sheet-3-R042,sheet-3-R043,sheet-3-R044,sheet-3-R045,sheet-3-R046,sheet-3-R047,sheet-3-R048,sheet-3-R049,sheet-3-R050		    決済処理中 または 購入処理中
sheet-3-R019	0405	sheet-3	注文番号登録	機能仕様	44	1055	sheet-3-B004			sheet-3-R004,sheet-3-R005,sheet-3-R006,sheet-3-R007,sheet-3-R008,sheet-3-R009,sheet-3-R010,sheet-3-R011,sheet-3-R012,sheet-3-R013,sheet-3-R014,sheet-3-R015,sheet-3-R016,sheet-3-R017,sheet-3-R018,sheet-3-R020,sheet-3-R021,sheet-3-R022,sheet-3-R023,sheet-3-R024,sheet-3-R025,sheet-3-R026,sheet-3-R027,sheet-3-R028,sheet-3-R029,sheet-3-R030,sheet-3-R031,sheet-3-R032,sheet-3-R033,sheet-3-R034,sheet-3-R035,sheet-3-R036,sheet-3-R037,sheet-3-R038,sheet-3-R039,sheet-3-R040,sheet-3-R041,sheet-3-R042,sheet-3-R043,sheet-3-R044,sheet-3-R045,sheet-3-R046,sheet-3-R047,sheet-3-R048,sheet-3-R049,sheet-3-R050		から
sheet-3-R020	0405	sheet-3	注文番号登録	機能仕様	45	1056	sheet-3-B004			sheet-3-R004,sheet-3-R005,sheet-3-R006,sheet-3-R007,sheet-3-R008,sheet-3-R009,sheet-3-R010,sheet-3-R011,sheet-3-R012,sheet-3-R013,sheet-3-R014,sheet-3-R015,sheet-3-R016,sheet-3-R017,sheet-3-R018,sheet-3-R019,sheet-3-R021,sheet-3-R022,sheet-3-R023,sheet-3-R024,sheet-3-R025,sheet-3-R026,sheet-3-R027,sheet-3-R028,sheet-3-R029,sheet-3-R030,sheet-3-R031,sheet-3-R032,sheet-3-R033,sheet-3-R034,sheet-3-R035,sheet-3-R036,sheet-3-R037,sheet-3-R038,sheet-3-R039,sheet-3-R040,sheet-3-R041,sheet-3-R042,sheet-3-R043,sheet-3-R044,sheet-3-R045,sheet-3-R046,sheet-3-R047,sheet-3-R048,sheet-3-R049,sheet-3-R050		    注文受領 または 入金待ち
sheet-3-R021	0405	sheet-3	注文番号登録	機能仕様	46	1057	sheet-3-B004			sheet-3-R004,sheet-3-R005,sheet-3-R006,sheet-3-R007,sheet-3-R008,sheet-3-R009,sheet-3-R010,sheet-3-R011,sheet-3-R012,sheet-3-R013,sheet-3-R014,sheet-3-R015,sheet-3-R016,sheet-3-R017,sheet-3-R018,sheet-3-R019,sheet-3-R020,sheet-3-R022,sheet-3-R023,sheet-3-R024,sheet-3-R025,sheet-3-R026,sheet-3-R027,sheet-3-R028,sheet-3-R029,sheet-3-R030,sheet-3-R031,sheet-3-R032,sheet-3-R033,sheet-3-R034,sheet-3-R035,sheet-3-R036,sheet-3-R037,sheet-3-R038,sheet-3-R039,sheet-3-R040,sheet-3-R041,sheet-3-R042,sheet-3-R043,sheet-3-R044,sheet-3-R045,sheet-3-R046,sheet-3-R047,sheet-3-R048,sheet-3-R049,sheet-3-R050		に変更された場合に注文番号を採番する
sheet-3-R022	0405	sheet-3	注文番号登録	機能仕様	47	1058	sheet-3-B004			sheet-3-R004,sheet-3-R005,sheet-3-R006,sheet-3-R007,sheet-3-R008,sheet-3-R009,sheet-3-R010,sheet-3-R011,sheet-3-R012,sheet-3-R013,sheet-3-R014,sheet-3-R015,sheet-3-R016,sheet-3-R017,sheet-3-R018,sheet-3-R019,sheet-3-R020,sheet-3-R021,sheet-3-R023,sheet-3-R024,sheet-3-R025,sheet-3-R026,sheet-3-R027,sheet-3-R028,sheet-3-R029,sheet-3-R030,sheet-3-R031,sheet-3-R032,sheet-3-R033,sheet-3-R034,sheet-3-R035,sheet-3-R036,sheet-3-R037,sheet-3-R038,sheet-3-R039,sheet-3-R040,sheet-3-R041,sheet-3-R042,sheet-3-R043,sheet-3-R044,sheet-3-R045,sheet-3-R046,sheet-3-R047,sheet-3-R048,sheet-3-R049,sheet-3-R050		つまり注文が確定したタイミングで採番を行う
sheet-3-R023	0405	sheet-3	注文番号登録	機能仕様	48	1059	sheet-3-B004			sheet-3-R004,sheet-3-R005,sheet-3-R006,sheet-3-R007,sheet-3-R008,sheet-3-R009,sheet-3-R010,sheet-3-R011,sheet-3-R012,sheet-3-R013,sheet-3-R014,sheet-3-R015,sheet-3-R016,sheet-3-R017,sheet-3-R018,sheet-3-R019,sheet-3-R020,sheet-3-R021,sheet-3-R022,sheet-3-R024,sheet-3-R025,sheet-3-R026,sheet-3-R027,sheet-3-R028,sheet-3-R029,sheet-3-R030,sheet-3-R031,sheet-3-R032,sheet-3-R033,sheet-3-R034,sheet-3-R035,sheet-3-R036,sheet-3-R037,sheet-3-R038,sheet-3-R039,sheet-3-R040,sheet-3-R041,sheet-3-R042,sheet-3-R043,sheet-3-R044,sheet-3-R045,sheet-3-R046,sheet-3-R047,sheet-3-R048,sheet-3-R049,sheet-3-R050		＝注文が完了した順の採番となる
sheet-3-R024	0405	sheet-3	注文番号登録	機能仕様	49	1060	sheet-3-B004			sheet-3-R004,sheet-3-R005,sheet-3-R006,sheet-3-R007,sheet-3-R008,sheet-3-R009,sheet-3-R010,sheet-3-R011,sheet-3-R012,sheet-3-R013,sheet-3-R014,sheet-3-R015,sheet-3-R016,sheet-3-R017,sheet-3-R018,sheet-3-R019,sheet-3-R020,sheet-3-R021,sheet-3-R022,sheet-3-R023,sheet-3-R025,sheet-3-R026,sheet-3-R027,sheet-3-R028,sheet-3-R029,sheet-3-R030,sheet-3-R031,sheet-3-R032,sheet-3-R033,sheet-3-R034,sheet-3-R035,sheet-3-R036,sheet-3-R037,sheet-3-R038,sheet-3-R039,sheet-3-R040,sheet-3-R041,sheet-3-R042,sheet-3-R043,sheet-3-R044,sheet-3-R045,sheet-3-R046,sheet-3-R047,sheet-3-R048,sheet-3-R049,sheet-3-R050		画面遷移図をExcel図形座標で再構成（画面 4件 / 遷移 3件 / 元コネクタ 3件）
sheet-3-R025	0405	sheet-3	注文番号登録	機能仕様	50	1061	sheet-3-B004			sheet-3-R004,sheet-3-R005,sheet-3-R006,sheet-3-R007,sheet-3-R008,sheet-3-R009,sheet-3-R010,sheet-3-R011,sheet-3-R012,sheet-3-R013,sheet-3-R014,sheet-3-R015,sheet-3-R016,sheet-3-R017,sheet-3-R018,sheet-3-R019,sheet-3-R020,sheet-3-R021,sheet-3-R022,sheet-3-R023,sheet-3-R024,sheet-3-R026,sheet-3-R027,sheet-3-R028,sheet-3-R029,sheet-3-R030,sheet-3-R031,sheet-3-R032,sheet-3-R033,sheet-3-R034,sheet-3-R035,sheet-3-R036,sheet-3-R037,sheet-3-R038,sheet-3-R039,sheet-3-R040,sheet-3-R041,sheet-3-R042,sheet-3-R043,sheet-3-R044,sheet-3-R045,sheet-3-R046,sheet-3-R047,sheet-3-R048,sheet-3-R049,sheet-3-R050		遷移一覧（3件）
sheet-3-R026	0405	sheet-3	注文番号登録	機能仕様	51	1062	sheet-3-B004			sheet-3-R004,sheet-3-R005,sheet-3-R006,sheet-3-R007,sheet-3-R008,sheet-3-R009,sheet-3-R010,sheet-3-R011,sheet-3-R012,sheet-3-R013,sheet-3-R014,sheet-3-R015,sheet-3-R016,sheet-3-R017,sheet-3-R018,sheet-3-R019,sheet-3-R020,sheet-3-R021,sheet-3-R022,sheet-3-R023,sheet-3-R024,sheet-3-R025,sheet-3-R027,sheet-3-R028,sheet-3-R029,sheet-3-R030,sheet-3-R031,sheet-3-R032,sheet-3-R033,sheet-3-R034,sheet-3-R035,sheet-3-R036,sheet-3-R037,sheet-3-R038,sheet-3-R039,sheet-3-R040,sheet-3-R041,sheet-3-R042,sheet-3-R043,sheet-3-R044,sheet-3-R045,sheet-3-R046,sheet-3-R047,sheet-3-R048,sheet-3-R049,sheet-3-R050		"遷移元	遷移先	connector"
sheet-3-R027	0405	sheet-3	注文番号登録	機能仕様	52	1063	sheet-3-B004			sheet-3-R004,sheet-3-R005,sheet-3-R006,sheet-3-R007,sheet-3-R008,sheet-3-R009,sheet-3-R010,sheet-3-R011,sheet-3-R012,sheet-3-R013,sheet-3-R014,sheet-3-R015,sheet-3-R016,sheet-3-R017,sheet-3-R018,sheet-3-R019,sheet-3-R020,sheet-3-R021,sheet-3-R022,sheet-3-R023,sheet-3-R024,sheet-3-R025,sheet-3-R026,sheet-3-R028,sheet-3-R029,sheet-3-R030,sheet-3-R031,sheet-3-R032,sheet-3-R033,sheet-3-R034,sheet-3-R035,sheet-3-R036,sheet-3-R037,sheet-3-R038,sheet-3-R039,sheet-3-R040,sheet-3-R041,sheet-3-R042,sheet-3-R043,sheet-3-R044,sheet-3-R045,sheet-3-R046,sheet-3-R047,sheet-3-R048,sheet-3-R049,sheet-3-R050		"トリガー: 注文番号採番	注文番号登録バッチ	6（0405:注文番号登録!AC24）"
sheet-3-R028	0405	sheet-3	注文番号登録	機能仕様	53	1064	sheet-3-B004			sheet-3-R004,sheet-3-R005,sheet-3-R006,sheet-3-R007,sheet-3-R008,sheet-3-R009,sheet-3-R010,sheet-3-R011,sheet-3-R012,sheet-3-R013,sheet-3-R014,sheet-3-R015,sheet-3-R016,sheet-3-R017,sheet-3-R018,sheet-3-R019,sheet-3-R020,sheet-3-R021,sheet-3-R022,sheet-3-R023,sheet-3-R024,sheet-3-R025,sheet-3-R026,sheet-3-R027,sheet-3-R029,sheet-3-R030,sheet-3-R031,sheet-3-R032,sheet-3-R033,sheet-3-R034,sheet-3-R035,sheet-3-R036,sheet-3-R037,sheet-3-R038,sheet-3-R039,sheet-3-R040,sheet-3-R041,sheet-3-R042,sheet-3-R043,sheet-3-R044,sheet-3-R045,sheet-3-R046,sheet-3-R047,sheet-3-R048,sheet-3-R049,sheet-3-R050		"注文完了	トリガー: 注文番号採番	12（0405:注文番号登録!K24）"
sheet-3-R029	0405	sheet-3	注文番号登録	機能仕様	54	1065	sheet-3-B004			sheet-3-R004,sheet-3-R005,sheet-3-R006,sheet-3-R007,sheet-3-R008,sheet-3-R009,sheet-3-R010,sheet-3-R011,sheet-3-R012,sheet-3-R013,sheet-3-R014,sheet-3-R015,sheet-3-R016,sheet-3-R017,sheet-3-R018,sheet-3-R019,sheet-3-R020,sheet-3-R021,sheet-3-R022,sheet-3-R023,sheet-3-R024,sheet-3-R025,sheet-3-R026,sheet-3-R027,sheet-3-R028,sheet-3-R030,sheet-3-R031,sheet-3-R032,sheet-3-R033,sheet-3-R034,sheet-3-R035,sheet-3-R036,sheet-3-R037,sheet-3-R038,sheet-3-R039,sheet-3-R040,sheet-3-R041,sheet-3-R042,sheet-3-R043,sheet-3-R044,sheet-3-R045,sheet-3-R046,sheet-3-R047,sheet-3-R048,sheet-3-R049,sheet-3-R050		"注文完了	注文番号採番	35（0405:注文番号登録!K55）"
sheet-3-R030	0405	sheet-3	注文番号登録	機能仕様	55	1066	sheet-3-B004			sheet-3-R004,sheet-3-R005,sheet-3-R006,sheet-3-R007,sheet-3-R008,sheet-3-R009,sheet-3-R010,sheet-3-R011,sheet-3-R012,sheet-3-R013,sheet-3-R014,sheet-3-R015,sheet-3-R016,sheet-3-R017,sheet-3-R018,sheet-3-R019,sheet-3-R020,sheet-3-R021,sheet-3-R022,sheet-3-R023,sheet-3-R024,sheet-3-R025,sheet-3-R026,sheet-3-R027,sheet-3-R028,sheet-3-R029,sheet-3-R031,sheet-3-R032,sheet-3-R033,sheet-3-R034,sheet-3-R035,sheet-3-R036,sheet-3-R037,sheet-3-R038,sheet-3-R039,sheet-3-R040,sheet-3-R041,sheet-3-R042,sheet-3-R043,sheet-3-R044,sheet-3-R045,sheet-3-R046,sheet-3-R047,sheet-3-R048,sheet-3-R049,sheet-3-R050		【開発申し送り】現在のトリガーSQL（MySQLに設定されている）
sheet-3-R031	0405	sheet-3	注文番号登録	機能仕様	56	1067	sheet-3-B004			sheet-3-R004,sheet-3-R005,sheet-3-R006,sheet-3-R007,sheet-3-R008,sheet-3-R009,sheet-3-R010,sheet-3-R011,sheet-3-R012,sheet-3-R013,sheet-3-R014,sheet-3-R015,sheet-3-R016,sheet-3-R017,sheet-3-R018,sheet-3-R019,sheet-3-R020,sheet-3-R021,sheet-3-R022,sheet-3-R023,sheet-3-R024,sheet-3-R025,sheet-3-R026,sheet-3-R027,sheet-3-R028,sheet-3-R029,sheet-3-R030,sheet-3-R032,sheet-3-R033,sheet-3-R034,sheet-3-R035,sheet-3-R036,sheet-3-R037,sheet-3-R038,sheet-3-R039,sheet-3-R040,sheet-3-R041,sheet-3-R042,sheet-3-R043,sheet-3-R044,sheet-3-R045,sheet-3-R046,sheet-3-R047,sheet-3-R048,sheet-3-R049,sheet-3-R050		IF OLD.status IN (7, 8) AND NEW.status IN (1, 2) THEN
sheet-3-R032	0405	sheet-3	注文番号登録	機能仕様	57	1068	sheet-3-B004			sheet-3-R004,sheet-3-R005,sheet-3-R006,sheet-3-R007,sheet-3-R008,sheet-3-R009,sheet-3-R010,sheet-3-R011,sheet-3-R012,sheet-3-R013,sheet-3-R014,sheet-3-R015,sheet-3-R016,sheet-3-R017,sheet-3-R018,sheet-3-R019,sheet-3-R020,sheet-3-R021,sheet-3-R022,sheet-3-R023,sheet-3-R024,sheet-3-R025,sheet-3-R026,sheet-3-R027,sheet-3-R028,sheet-3-R029,sheet-3-R030,sheet-3-R031,sheet-3-R033,sheet-3-R034,sheet-3-R035,sheet-3-R036,sheet-3-R037,sheet-3-R038,sheet-3-R039,sheet-3-R040,sheet-3-R041,sheet-3-R042,sheet-3-R043,sheet-3-R044,sheet-3-R045,sheet-3-R046,sheet-3-R047,sheet-3-R048,sheet-3-R049,sheet-3-R050		INSERT IGNORE INTO dtb_order_number(order_id) VALUES(OLD.order_id);
sheet-3-R033	0405	sheet-3	注文番号登録	機能仕様	58	1069	sheet-3-B004			sheet-3-R004,sheet-3-R005,sheet-3-R006,sheet-3-R007,sheet-3-R008,sheet-3-R009,sheet-3-R010,sheet-3-R011,sheet-3-R012,sheet-3-R013,sheet-3-R014,sheet-3-R015,sheet-3-R016,sheet-3-R017,sheet-3-R018,sheet-3-R019,sheet-3-R020,sheet-3-R021,sheet-3-R022,sheet-3-R023,sheet-3-R024,sheet-3-R025,sheet-3-R026,sheet-3-R027,sheet-3-R028,sheet-3-R029,sheet-3-R030,sheet-3-R031,sheet-3-R032,sheet-3-R034,sheet-3-R035,sheet-3-R036,sheet-3-R037,sheet-3-R038,sheet-3-R039,sheet-3-R040,sheet-3-R041,sheet-3-R042,sheet-3-R043,sheet-3-R044,sheet-3-R045,sheet-3-R046,sheet-3-R047,sheet-3-R048,sheet-3-R049,sheet-3-R050		END IF;
sheet-3-R034	0405	sheet-3	注文番号登録	機能仕様	59	1070	sheet-3-B004			sheet-3-R004,sheet-3-R005,sheet-3-R006,sheet-3-R007,sheet-3-R008,sheet-3-R009,sheet-3-R010,sheet-3-R011,sheet-3-R012,sheet-3-R013,sheet-3-R014,sheet-3-R015,sheet-3-R016,sheet-3-R017,sheet-3-R018,sheet-3-R019,sheet-3-R020,sheet-3-R021,sheet-3-R022,sheet-3-R023,sheet-3-R024,sheet-3-R025,sheet-3-R026,sheet-3-R027,sheet-3-R028,sheet-3-R029,sheet-3-R030,sheet-3-R031,sheet-3-R032,sheet-3-R033,sheet-3-R035,sheet-3-R036,sheet-3-R037,sheet-3-R038,sheet-3-R039,sheet-3-R040,sheet-3-R041,sheet-3-R042,sheet-3-R043,sheet-3-R044,sheet-3-R045,sheet-3-R046,sheet-3-R047,sheet-3-R048,sheet-3-R049,sheet-3-R050		上記の処理の理由とカスタマイズ理由
sheet-3-R035	0405	sheet-3	注文番号登録	機能仕様	60	1071	sheet-3-B004			sheet-3-R004,sheet-3-R005,sheet-3-R006,sheet-3-R007,sheet-3-R008,sheet-3-R009,sheet-3-R010,sheet-3-R011,sheet-3-R012,sheet-3-R013,sheet-3-R014,sheet-3-R015,sheet-3-R016,sheet-3-R017,sheet-3-R018,sheet-3-R019,sheet-3-R020,sheet-3-R021,sheet-3-R022,sheet-3-R023,sheet-3-R024,sheet-3-R025,sheet-3-R026,sheet-3-R027,sheet-3-R028,sheet-3-R029,sheet-3-R030,sheet-3-R031,sheet-3-R032,sheet-3-R033,sheet-3-R034,sheet-3-R036,sheet-3-R037,sheet-3-R038,sheet-3-R039,sheet-3-R040,sheet-3-R041,sheet-3-R042,sheet-3-R043,sheet-3-R044,sheet-3-R045,sheet-3-R046,sheet-3-R047,sheet-3-R048,sheet-3-R049,sheet-3-R050		・注文が完了した順番で注文番号を付けたいため、注文IDとは別に注文番号を採番している
sheet-3-R036	0405	sheet-3	注文番号登録	機能仕様	61	1072	sheet-3-B004			sheet-3-R004,sheet-3-R005,sheet-3-R006,sheet-3-R007,sheet-3-R008,sheet-3-R009,sheet-3-R010,sheet-3-R011,sheet-3-R012,sheet-3-R013,sheet-3-R014,sheet-3-R015,sheet-3-R016,sheet-3-R017,sheet-3-R018,sheet-3-R019,sheet-3-R020,sheet-3-R021,sheet-3-R022,sheet-3-R023,sheet-3-R024,sheet-3-R025,sheet-3-R026,sheet-3-R027,sheet-3-R028,sheet-3-R029,sheet-3-R030,sheet-3-R031,sheet-3-R032,sheet-3-R033,sheet-3-R034,sheet-3-R035,sheet-3-R037,sheet-3-R038,sheet-3-R039,sheet-3-R040,sheet-3-R041,sheet-3-R042,sheet-3-R043,sheet-3-R044,sheet-3-R045,sheet-3-R046,sheet-3-R047,sheet-3-R048,sheet-3-R049,sheet-3-R050		・注文番号を連番で採番する際、MySQLのPKを連番で採番する機能を使っているため、
sheet-3-R037	0405	sheet-3	注文番号登録	機能仕様	62	1073	sheet-3-B004			sheet-3-R004,sheet-3-R005,sheet-3-R006,sheet-3-R007,sheet-3-R008,sheet-3-R009,sheet-3-R010,sheet-3-R011,sheet-3-R012,sheet-3-R013,sheet-3-R014,sheet-3-R015,sheet-3-R016,sheet-3-R017,sheet-3-R018,sheet-3-R019,sheet-3-R020,sheet-3-R021,sheet-3-R022,sheet-3-R023,sheet-3-R024,sheet-3-R025,sheet-3-R026,sheet-3-R027,sheet-3-R028,sheet-3-R029,sheet-3-R030,sheet-3-R031,sheet-3-R032,sheet-3-R033,sheet-3-R034,sheet-3-R035,sheet-3-R036,sheet-3-R038,sheet-3-R039,sheet-3-R040,sheet-3-R041,sheet-3-R042,sheet-3-R043,sheet-3-R044,sheet-3-R045,sheet-3-R046,sheet-3-R047,sheet-3-R048,sheet-3-R049,sheet-3-R050		新たなテーブル(dtb_order_number)を作成し採番を行っている
sheet-3-R038	0405	sheet-3	注文番号登録	機能仕様	63	1074	sheet-3-B004			sheet-3-R004,sheet-3-R005,sheet-3-R006,sheet-3-R007,sheet-3-R008,sheet-3-R009,sheet-3-R010,sheet-3-R011,sheet-3-R012,sheet-3-R013,sheet-3-R014,sheet-3-R015,sheet-3-R016,sheet-3-R017,sheet-3-R018,sheet-3-R019,sheet-3-R020,sheet-3-R021,sheet-3-R022,sheet-3-R023,sheet-3-R024,sheet-3-R025,sheet-3-R026,sheet-3-R027,sheet-3-R028,sheet-3-R029,sheet-3-R030,sheet-3-R031,sheet-3-R032,sheet-3-R033,sheet-3-R034,sheet-3-R035,sheet-3-R036,sheet-3-R037,sheet-3-R039,sheet-3-R040,sheet-3-R041,sheet-3-R042,sheet-3-R043,sheet-3-R044,sheet-3-R045,sheet-3-R046,sheet-3-R047,sheet-3-R048,sheet-3-R049,sheet-3-R050		・採番用のテーブル(dtb_order_number)にデータ登録をする処理でデッドロックが起こる可能性はあるため、
sheet-3-R039	0405	sheet-3	注文番号登録	機能仕様	64	1075	sheet-3-B004			sheet-3-R004,sheet-3-R005,sheet-3-R006,sheet-3-R007,sheet-3-R008,sheet-3-R009,sheet-3-R010,sheet-3-R011,sheet-3-R012,sheet-3-R013,sheet-3-R014,sheet-3-R015,sheet-3-R016,sheet-3-R017,sheet-3-R018,sheet-3-R019,sheet-3-R020,sheet-3-R021,sheet-3-R022,sheet-3-R023,sheet-3-R024,sheet-3-R025,sheet-3-R026,sheet-3-R027,sheet-3-R028,sheet-3-R029,sheet-3-R030,sheet-3-R031,sheet-3-R032,sheet-3-R033,sheet-3-R034,sheet-3-R035,sheet-3-R036,sheet-3-R037,sheet-3-R038,sheet-3-R040,sheet-3-R041,sheet-3-R042,sheet-3-R043,sheet-3-R044,sheet-3-R045,sheet-3-R046,sheet-3-R047,sheet-3-R048,sheet-3-R049,sheet-3-R050		データ登録の処理をなくした形にしたい
sheet-3-R040	0405	sheet-3	注文番号登録	機能仕様	65	1076	sheet-3-B004			sheet-3-R004,sheet-3-R005,sheet-3-R006,sheet-3-R007,sheet-3-R008,sheet-3-R009,sheet-3-R010,sheet-3-R011,sheet-3-R012,sheet-3-R013,sheet-3-R014,sheet-3-R015,sheet-3-R016,sheet-3-R017,sheet-3-R018,sheet-3-R019,sheet-3-R020,sheet-3-R021,sheet-3-R022,sheet-3-R023,sheet-3-R024,sheet-3-R025,sheet-3-R026,sheet-3-R027,sheet-3-R028,sheet-3-R029,sheet-3-R030,sheet-3-R031,sheet-3-R032,sheet-3-R033,sheet-3-R034,sheet-3-R035,sheet-3-R036,sheet-3-R037,sheet-3-R038,sheet-3-R039,sheet-3-R041,sheet-3-R042,sheet-3-R043,sheet-3-R044,sheet-3-R045,sheet-3-R046,sheet-3-R047,sheet-3-R048,sheet-3-R049,sheet-3-R050		リニューアル後
sheet-3-R041	0405	sheet-3	注文番号登録	機能仕様	66	1077	sheet-3-B004			sheet-3-R004,sheet-3-R005,sheet-3-R006,sheet-3-R007,sheet-3-R008,sheet-3-R009,sheet-3-R010,sheet-3-R011,sheet-3-R012,sheet-3-R013,sheet-3-R014,sheet-3-R015,sheet-3-R016,sheet-3-R017,sheet-3-R018,sheet-3-R019,sheet-3-R020,sheet-3-R021,sheet-3-R022,sheet-3-R023,sheet-3-R024,sheet-3-R025,sheet-3-R026,sheet-3-R027,sheet-3-R028,sheet-3-R029,sheet-3-R030,sheet-3-R031,sheet-3-R032,sheet-3-R033,sheet-3-R034,sheet-3-R035,sheet-3-R036,sheet-3-R037,sheet-3-R038,sheet-3-R039,sheet-3-R040,sheet-3-R042,sheet-3-R043,sheet-3-R044,sheet-3-R045,sheet-3-R046,sheet-3-R047,sheet-3-R048,sheet-3-R049,sheet-3-R050		DB　PostgreSQL
sheet-3-R042	0405	sheet-3	注文番号登録	機能仕様	67	1078	sheet-3-B004			sheet-3-R004,sheet-3-R005,sheet-3-R006,sheet-3-R007,sheet-3-R008,sheet-3-R009,sheet-3-R010,sheet-3-R011,sheet-3-R012,sheet-3-R013,sheet-3-R014,sheet-3-R015,sheet-3-R016,sheet-3-R017,sheet-3-R018,sheet-3-R019,sheet-3-R020,sheet-3-R021,sheet-3-R022,sheet-3-R023,sheet-3-R024,sheet-3-R025,sheet-3-R026,sheet-3-R027,sheet-3-R028,sheet-3-R029,sheet-3-R030,sheet-3-R031,sheet-3-R032,sheet-3-R033,sheet-3-R034,sheet-3-R035,sheet-3-R036,sheet-3-R037,sheet-3-R038,sheet-3-R039,sheet-3-R040,sheet-3-R041,sheet-3-R043,sheet-3-R044,sheet-3-R045,sheet-3-R046,sheet-3-R047,sheet-3-R048,sheet-3-R049,sheet-3-R050		【開発申し送り】リニューアル後のトリガーSQL
sheet-3-R043	0405	sheet-3	注文番号登録	機能仕様	68	1079	sheet-3-B004			sheet-3-R004,sheet-3-R005,sheet-3-R006,sheet-3-R007,sheet-3-R008,sheet-3-R009,sheet-3-R010,sheet-3-R011,sheet-3-R012,sheet-3-R013,sheet-3-R014,sheet-3-R015,sheet-3-R016,sheet-3-R017,sheet-3-R018,sheet-3-R019,sheet-3-R020,sheet-3-R021,sheet-3-R022,sheet-3-R023,sheet-3-R024,sheet-3-R025,sheet-3-R026,sheet-3-R027,sheet-3-R028,sheet-3-R029,sheet-3-R030,sheet-3-R031,sheet-3-R032,sheet-3-R033,sheet-3-R034,sheet-3-R035,sheet-3-R036,sheet-3-R037,sheet-3-R038,sheet-3-R039,sheet-3-R040,sheet-3-R041,sheet-3-R042,sheet-3-R044,sheet-3-R045,sheet-3-R046,sheet-3-R047,sheet-3-R048,sheet-3-R049,sheet-3-R050		IF OLD.status IN (7, 8) AND NEW.status IN (1, 2) THEN
sheet-3-R044	0405	sheet-3	注文番号登録	機能仕様	69	1080	sheet-3-B004			sheet-3-R004,sheet-3-R005,sheet-3-R006,sheet-3-R007,sheet-3-R008,sheet-3-R009,sheet-3-R010,sheet-3-R011,sheet-3-R012,sheet-3-R013,sheet-3-R014,sheet-3-R015,sheet-3-R016,sheet-3-R017,sheet-3-R018,sheet-3-R019,sheet-3-R020,sheet-3-R021,sheet-3-R022,sheet-3-R023,sheet-3-R024,sheet-3-R025,sheet-3-R026,sheet-3-R027,sheet-3-R028,sheet-3-R029,sheet-3-R030,sheet-3-R031,sheet-3-R032,sheet-3-R033,sheet-3-R034,sheet-3-R035,sheet-3-R036,sheet-3-R037,sheet-3-R038,sheet-3-R039,sheet-3-R040,sheet-3-R041,sheet-3-R042,sheet-3-R043,sheet-3-R045,sheet-3-R046,sheet-3-R047,sheet-3-R048,sheet-3-R049,sheet-3-R050		NEW.order_number := nextval('order_number_seq');
sheet-3-R045	0405	sheet-3	注文番号登録	機能仕様	70	1081	sheet-3-B004			sheet-3-R004,sheet-3-R005,sheet-3-R006,sheet-3-R007,sheet-3-R008,sheet-3-R009,sheet-3-R010,sheet-3-R011,sheet-3-R012,sheet-3-R013,sheet-3-R014,sheet-3-R015,sheet-3-R016,sheet-3-R017,sheet-3-R018,sheet-3-R019,sheet-3-R020,sheet-3-R021,sheet-3-R022,sheet-3-R023,sheet-3-R024,sheet-3-R025,sheet-3-R026,sheet-3-R027,sheet-3-R028,sheet-3-R029,sheet-3-R030,sheet-3-R031,sheet-3-R032,sheet-3-R033,sheet-3-R034,sheet-3-R035,sheet-3-R036,sheet-3-R037,sheet-3-R038,sheet-3-R039,sheet-3-R040,sheet-3-R041,sheet-3-R042,sheet-3-R043,sheet-3-R044,sheet-3-R046,sheet-3-R047,sheet-3-R048,sheet-3-R049,sheet-3-R050		END IF;
sheet-3-R046	0405	sheet-3	注文番号登録	機能仕様	71	1082	sheet-3-B004			sheet-3-R004,sheet-3-R005,sheet-3-R006,sheet-3-R007,sheet-3-R008,sheet-3-R009,sheet-3-R010,sheet-3-R011,sheet-3-R012,sheet-3-R013,sheet-3-R014,sheet-3-R015,sheet-3-R016,sheet-3-R017,sheet-3-R018,sheet-3-R019,sheet-3-R020,sheet-3-R021,sheet-3-R022,sheet-3-R023,sheet-3-R024,sheet-3-R025,sheet-3-R026,sheet-3-R027,sheet-3-R028,sheet-3-R029,sheet-3-R030,sheet-3-R031,sheet-3-R032,sheet-3-R033,sheet-3-R034,sheet-3-R035,sheet-3-R036,sheet-3-R037,sheet-3-R038,sheet-3-R039,sheet-3-R040,sheet-3-R041,sheet-3-R042,sheet-3-R043,sheet-3-R044,sheet-3-R045,sheet-3-R047,sheet-3-R048,sheet-3-R049,sheet-3-R050		以上のカスタマイズにより、注文番号登録バッチから注文番号登録の処理を削除する
sheet-3-R047	0405	sheet-3	注文番号登録	機能仕様	72	1083	sheet-3-B004			sheet-3-R004,sheet-3-R005,sheet-3-R006,sheet-3-R007,sheet-3-R008,sheet-3-R009,sheet-3-R010,sheet-3-R011,sheet-3-R012,sheet-3-R013,sheet-3-R014,sheet-3-R015,sheet-3-R016,sheet-3-R017,sheet-3-R018,sheet-3-R019,sheet-3-R020,sheet-3-R021,sheet-3-R022,sheet-3-R023,sheet-3-R024,sheet-3-R025,sheet-3-R026,sheet-3-R027,sheet-3-R028,sheet-3-R029,sheet-3-R030,sheet-3-R031,sheet-3-R032,sheet-3-R033,sheet-3-R034,sheet-3-R035,sheet-3-R036,sheet-3-R037,sheet-3-R038,sheet-3-R039,sheet-3-R040,sheet-3-R041,sheet-3-R042,sheet-3-R043,sheet-3-R044,sheet-3-R045,sheet-3-R046,sheet-3-R048,sheet-3-R049,sheet-3-R050		元々、注文番号登録バッチという名称であるがリニューアル後は注文番号登録を行わないため、
sheet-3-R048	0405	sheet-3	注文番号登録	機能仕様	73	1084	sheet-3-B004			sheet-3-R004,sheet-3-R005,sheet-3-R006,sheet-3-R007,sheet-3-R008,sheet-3-R009,sheet-3-R010,sheet-3-R011,sheet-3-R012,sheet-3-R013,sheet-3-R014,sheet-3-R015,sheet-3-R016,sheet-3-R017,sheet-3-R018,sheet-3-R019,sheet-3-R020,sheet-3-R021,sheet-3-R022,sheet-3-R023,sheet-3-R024,sheet-3-R025,sheet-3-R026,sheet-3-R027,sheet-3-R028,sheet-3-R029,sheet-3-R030,sheet-3-R031,sheet-3-R032,sheet-3-R033,sheet-3-R034,sheet-3-R035,sheet-3-R036,sheet-3-R037,sheet-3-R038,sheet-3-R039,sheet-3-R040,sheet-3-R041,sheet-3-R042,sheet-3-R043,sheet-3-R044,sheet-3-R045,sheet-3-R046,sheet-3-R047,sheet-3-R049,sheet-3-R050		バッチ名称は「店頭受取注文商品スマレジ連携バッチ」に変更する。
sheet-3-R049	0405	sheet-3	注文番号登録	機能仕様	74	1085	sheet-3-B004			sheet-3-R004,sheet-3-R005,sheet-3-R006,sheet-3-R007,sheet-3-R008,sheet-3-R009,sheet-3-R010,sheet-3-R011,sheet-3-R012,sheet-3-R013,sheet-3-R014,sheet-3-R015,sheet-3-R016,sheet-3-R017,sheet-3-R018,sheet-3-R019,sheet-3-R020,sheet-3-R021,sheet-3-R022,sheet-3-R023,sheet-3-R024,sheet-3-R025,sheet-3-R026,sheet-3-R027,sheet-3-R028,sheet-3-R029,sheet-3-R030,sheet-3-R031,sheet-3-R032,sheet-3-R033,sheet-3-R034,sheet-3-R035,sheet-3-R036,sheet-3-R037,sheet-3-R038,sheet-3-R039,sheet-3-R040,sheet-3-R041,sheet-3-R042,sheet-3-R043,sheet-3-R044,sheet-3-R045,sheet-3-R046,sheet-3-R047,sheet-3-R048,sheet-3-R050		支店側の「スマレジ商品登録バッチ」が同じ役割を持っており、今回本店で実装されるため不要になるので、実装を引き継ぐ形とする。
sheet-3-R050	0405	sheet-3	注文番号登録	機能仕様	75	1086	sheet-3-B004			sheet-3-R004,sheet-3-R005,sheet-3-R006,sheet-3-R007,sheet-3-R008,sheet-3-R009,sheet-3-R010,sheet-3-R011,sheet-3-R012,sheet-3-R013,sheet-3-R014,sheet-3-R015,sheet-3-R016,sheet-3-R017,sheet-3-R018,sheet-3-R019,sheet-3-R020,sheet-3-R021,sheet-3-R022,sheet-3-R023,sheet-3-R024,sheet-3-R025,sheet-3-R026,sheet-3-R027,sheet-3-R028,sheet-3-R029,sheet-3-R030,sheet-3-R031,sheet-3-R032,sheet-3-R033,sheet-3-R034,sheet-3-R035,sheet-3-R036,sheet-3-R037,sheet-3-R038,sheet-3-R039,sheet-3-R040,sheet-3-R041,sheet-3-R042,sheet-3-R043,sheet-3-R044,sheet-3-R045,sheet-3-R046,sheet-3-R047,sheet-3-R048,sheet-3-R049		【開発申し送り】支店と本店のバッチを見比べながら作成する
sheet-3-R051	0405	sheet-3	注文番号登録	機能仕様	76	1087	sheet-3-B005	★注文番号のコピー処理をバッチから除外する	★			★注文番号のコピー処理をバッチから除外する
sheet-3-R052	0405	sheet-3	注文番号登録	機能仕様	77	1088	sheet-3-B006	★注文番号の採番処理（トリガー）を新たなデータベースに合わせて変更する（MySQL→PostgreSQL）	★			★注文番号の採番処理（トリガー）を新たなデータベースに合わせて変更する（MySQL→PostgreSQL）
sheet-3-R053	0405	sheet-3	注文番号登録	機能仕様	78	1089	sheet-3-B007	★以下の注文を対象にスマレジ商品コードの採番とスマレジ連携を行う	★	sheet-3-R054,sheet-3-R055,sheet-3-R056,sheet-3-R057,sheet-3-R058,sheet-3-R059,sheet-3-R060,sheet-3-R061,sheet-3-R062,sheet-3-R063,sheet-3-R064,sheet-3-R065,sheet-3-R066,sheet-3-R067,sheet-3-R068,sheet-3-R069,sheet-3-R070,sheet-3-R071		★以下の注文を対象にスマレジ商品コードの採番とスマレジ連携を行う
sheet-3-R054	0405	sheet-3	注文番号登録	機能仕様	79	1090	sheet-3-B007	★以下の注文を対象にスマレジ商品コードの採番とスマレジ連携を行う	★	sheet-3-R053,sheet-3-R055,sheet-3-R056,sheet-3-R057,sheet-3-R058,sheet-3-R059,sheet-3-R060,sheet-3-R061,sheet-3-R062,sheet-3-R063,sheet-3-R064,sheet-3-R065,sheet-3-R066,sheet-3-R067,sheet-3-R068,sheet-3-R069,sheet-3-R070,sheet-3-R071		※現行の支店のスマレジ商品連携バッチと同仕様にする
sheet-3-R055	0405	sheet-3	注文番号登録	機能仕様	80	1091	sheet-3-B007	★以下の注文を対象にスマレジ商品コードの採番とスマレジ連携を行う	★	sheet-3-R053,sheet-3-R054,sheet-3-R056,sheet-3-R057,sheet-3-R058,sheet-3-R059,sheet-3-R060,sheet-3-R061,sheet-3-R062,sheet-3-R063,sheet-3-R064,sheet-3-R065,sheet-3-R066,sheet-3-R067,sheet-3-R068,sheet-3-R069,sheet-3-R070,sheet-3-R071		※本店側のバッチは注文番号採番を行った注文に対してスマレジ連携を行っていたが、
sheet-3-R056	0405	sheet-3	注文番号登録	機能仕様	81	1092	sheet-3-B007	★以下の注文を対象にスマレジ商品コードの採番とスマレジ連携を行う	★	sheet-3-R053,sheet-3-R054,sheet-3-R055,sheet-3-R057,sheet-3-R058,sheet-3-R059,sheet-3-R060,sheet-3-R061,sheet-3-R062,sheet-3-R063,sheet-3-R064,sheet-3-R065,sheet-3-R066,sheet-3-R067,sheet-3-R068,sheet-3-R069,sheet-3-R070,sheet-3-R071		注文番号採番の処理を除外するため、以下の条件でスマレジ商品を連携することにより、スマレジ商品再連携バッチが不要となる
sheet-3-R057	0405	sheet-3	注文番号登録	機能仕様	82	1093	sheet-3-B007	★以下の注文を対象にスマレジ商品コードの採番とスマレジ連携を行う	★	sheet-3-R053,sheet-3-R054,sheet-3-R055,sheet-3-R056,sheet-3-R058,sheet-3-R059,sheet-3-R060,sheet-3-R061,sheet-3-R062,sheet-3-R063,sheet-3-R064,sheet-3-R065,sheet-3-R066,sheet-3-R067,sheet-3-R068,sheet-3-R069,sheet-3-R070,sheet-3-R071		（連携が成功しないとスマレジ連携済みフラグが立たないため。支店側はもともとスマレジ商品再連携バッチはない）
sheet-3-R058	0405	sheet-3	注文番号登録	機能仕様	83	1094	sheet-3-B007	★以下の注文を対象にスマレジ商品コードの採番とスマレジ連携を行う	★	sheet-3-R053,sheet-3-R054,sheet-3-R055,sheet-3-R056,sheet-3-R057,sheet-3-R059,sheet-3-R060,sheet-3-R061,sheet-3-R062,sheet-3-R063,sheet-3-R064,sheet-3-R065,sheet-3-R066,sheet-3-R067,sheet-3-R068,sheet-3-R069,sheet-3-R070,sheet-3-R071		・バッチ起動から30分前以降の注文
sheet-3-R059	0405	sheet-3	注文番号登録	機能仕様	84	1095	sheet-3-B007	★以下の注文を対象にスマレジ商品コードの採番とスマレジ連携を行う	★	sheet-3-R053,sheet-3-R054,sheet-3-R055,sheet-3-R056,sheet-3-R057,sheet-3-R058,sheet-3-R060,sheet-3-R061,sheet-3-R062,sheet-3-R063,sheet-3-R064,sheet-3-R065,sheet-3-R066,sheet-3-R067,sheet-3-R068,sheet-3-R069,sheet-3-R070,sheet-3-R071		・スマレジ店舗IDとスマレジ店舗コードが指定済みの店舗の注文
sheet-3-R060	0405	sheet-3	注文番号登録	機能仕様	85	1096	sheet-3-B007	★以下の注文を対象にスマレジ商品コードの採番とスマレジ連携を行う	★	sheet-3-R053,sheet-3-R054,sheet-3-R055,sheet-3-R056,sheet-3-R057,sheet-3-R058,sheet-3-R059,sheet-3-R061,sheet-3-R062,sheet-3-R063,sheet-3-R064,sheet-3-R065,sheet-3-R066,sheet-3-R067,sheet-3-R068,sheet-3-R069,sheet-3-R070,sheet-3-R071		・スマレジ連携済みフラグが立っていない
sheet-3-R061	0405	sheet-3	注文番号登録	機能仕様	86	1097	sheet-3-B007	★以下の注文を対象にスマレジ商品コードの採番とスマレジ連携を行う	★	sheet-3-R053,sheet-3-R054,sheet-3-R055,sheet-3-R056,sheet-3-R057,sheet-3-R058,sheet-3-R059,sheet-3-R060,sheet-3-R062,sheet-3-R063,sheet-3-R064,sheet-3-R065,sheet-3-R066,sheet-3-R067,sheet-3-R068,sheet-3-R069,sheet-3-R070,sheet-3-R071		・スマレジ在庫連携済みフラグが立っていない
sheet-3-R062	0405	sheet-3	注文番号登録	機能仕様	87	1098	sheet-3-B007	★以下の注文を対象にスマレジ商品コードの採番とスマレジ連携を行う	★	sheet-3-R053,sheet-3-R054,sheet-3-R055,sheet-3-R056,sheet-3-R057,sheet-3-R058,sheet-3-R059,sheet-3-R060,sheet-3-R061,sheet-3-R063,sheet-3-R064,sheet-3-R065,sheet-3-R066,sheet-3-R067,sheet-3-R068,sheet-3-R069,sheet-3-R070,sheet-3-R071		・注文ステータスが「注文受領」「入金待ち」「入金済み」「ピック中」「ピック済み」
sheet-3-R063	0405	sheet-3	注文番号登録	機能仕様	88	1099	sheet-3-B007	★以下の注文を対象にスマレジ商品コードの採番とスマレジ連携を行う	★	sheet-3-R053,sheet-3-R054,sheet-3-R055,sheet-3-R056,sheet-3-R057,sheet-3-R058,sheet-3-R059,sheet-3-R060,sheet-3-R061,sheet-3-R062,sheet-3-R064,sheet-3-R065,sheet-3-R066,sheet-3-R067,sheet-3-R068,sheet-3-R069,sheet-3-R070,sheet-3-R071		・スマレジ用商品コード（バーコード）の採番を行う
sheet-3-R064	0405	sheet-3	注文番号登録	機能仕様	89	1100	sheet-3-B007	★以下の注文を対象にスマレジ商品コードの採番とスマレジ連携を行う	★	sheet-3-R053,sheet-3-R054,sheet-3-R055,sheet-3-R056,sheet-3-R057,sheet-3-R058,sheet-3-R059,sheet-3-R060,sheet-3-R061,sheet-3-R062,sheet-3-R063,sheet-3-R065,sheet-3-R066,sheet-3-R067,sheet-3-R068,sheet-3-R069,sheet-3-R070,sheet-3-R071		・採番ルールは以下の通り（インストアコードの採番ルールに従う）
sheet-3-R065	0405	sheet-3	注文番号登録	機能仕様	90	1101	sheet-3-B007	★以下の注文を対象にスマレジ商品コードの採番とスマレジ連携を行う	★	sheet-3-R053,sheet-3-R054,sheet-3-R055,sheet-3-R056,sheet-3-R057,sheet-3-R058,sheet-3-R059,sheet-3-R060,sheet-3-R061,sheet-3-R062,sheet-3-R063,sheet-3-R064,sheet-3-R066,sheet-3-R067,sheet-3-R068,sheet-3-R069,sheet-3-R070,sheet-3-R071		20(固定) + 1(固定) + スマレジ店舗ID(3桁0埋め、スマレジ店舗IDの指定がない場合は000となる) + 注文番号(8桁0埋め後、末尾から6桁取得）
sheet-3-R066	0405	sheet-3	注文番号登録	機能仕様	91	1102	sheet-3-B007	★以下の注文を対象にスマレジ商品コードの採番とスマレジ連携を行う	★	sheet-3-R053,sheet-3-R054,sheet-3-R055,sheet-3-R056,sheet-3-R057,sheet-3-R058,sheet-3-R059,sheet-3-R060,sheet-3-R061,sheet-3-R062,sheet-3-R063,sheet-3-R064,sheet-3-R065,sheet-3-R067,sheet-3-R068,sheet-3-R069,sheet-3-R070,sheet-3-R071		+ チェックディジット
sheet-3-R067	0405	sheet-3	注文番号登録	機能仕様	92	1103	sheet-3-B007	★以下の注文を対象にスマレジ商品コードの採番とスマレジ連携を行う	★	sheet-3-R053,sheet-3-R054,sheet-3-R055,sheet-3-R056,sheet-3-R057,sheet-3-R058,sheet-3-R059,sheet-3-R060,sheet-3-R061,sheet-3-R062,sheet-3-R063,sheet-3-R064,sheet-3-R065,sheet-3-R066,sheet-3-R068,sheet-3-R069,sheet-3-R070,sheet-3-R071		※チェックディジット = 「奇数桁をそのまま足したもの」と「偶数桁を3倍して足したもの」を合計し、
sheet-3-R068	0405	sheet-3	注文番号登録	機能仕様	93	1104	sheet-3-B007	★以下の注文を対象にスマレジ商品コードの採番とスマレジ連携を行う	★	sheet-3-R053,sheet-3-R054,sheet-3-R055,sheet-3-R056,sheet-3-R057,sheet-3-R058,sheet-3-R059,sheet-3-R060,sheet-3-R061,sheet-3-R062,sheet-3-R063,sheet-3-R064,sheet-3-R065,sheet-3-R066,sheet-3-R067,sheet-3-R069,sheet-3-R070,sheet-3-R071		その結果の一の位を求め、10から引いた数（ただし、結果が10の場合は0）
sheet-3-R069	0405	sheet-3	注文番号登録	機能仕様	94	1105	sheet-3-B007	★以下の注文を対象にスマレジ商品コードの採番とスマレジ連携を行う	★	sheet-3-R053,sheet-3-R054,sheet-3-R055,sheet-3-R056,sheet-3-R057,sheet-3-R058,sheet-3-R059,sheet-3-R060,sheet-3-R061,sheet-3-R062,sheet-3-R063,sheet-3-R064,sheet-3-R065,sheet-3-R066,sheet-3-R067,sheet-3-R068,sheet-3-R070,sheet-3-R071		例: 本店で店頭受取注文を行い、注文番号が12345だった場合
sheet-3-R070	0405	sheet-3	注文番号登録	機能仕様	95	1106	sheet-3-B007	★以下の注文を対象にスマレジ商品コードの採番とスマレジ連携を行う	★	sheet-3-R053,sheet-3-R054,sheet-3-R055,sheet-3-R056,sheet-3-R057,sheet-3-R058,sheet-3-R059,sheet-3-R060,sheet-3-R061,sheet-3-R062,sheet-3-R063,sheet-3-R064,sheet-3-R065,sheet-3-R066,sheet-3-R067,sheet-3-R068,sheet-3-R069,sheet-3-R071		2010010123451　これがスマレジ商品コードとなる
sheet-3-R071	0405	sheet-3	注文番号登録	機能仕様	96	1107	sheet-3-B007	★以下の注文を対象にスマレジ商品コードの採番とスマレジ連携を行う	★	sheet-3-R053,sheet-3-R054,sheet-3-R055,sheet-3-R056,sheet-3-R057,sheet-3-R058,sheet-3-R059,sheet-3-R060,sheet-3-R061,sheet-3-R062,sheet-3-R063,sheet-3-R064,sheet-3-R065,sheet-3-R066,sheet-3-R067,sheet-3-R068,sheet-3-R069,sheet-3-R070		・注文データに採番したスマレジ用商品コードを保存する
sheet-3-R072	0405	sheet-3	注文番号登録	機能仕様	97	1108	sheet-3-B008	★スマレジ連携APIについて、呼び出しを廃止予定のスマレジAPIからプラットフォームAPIに変更	★	sheet-3-R073,sheet-3-R074,sheet-3-R075,sheet-3-R076,sheet-3-R077,sheet-3-R078,sheet-3-R079,sheet-3-R080,sheet-3-R081,sheet-3-R082,sheet-3-R083,sheet-3-R084,sheet-3-R085,sheet-3-R086,sheet-3-R087,sheet-3-R088,sheet-3-R089,sheet-3-R090,sheet-3-R091,sheet-3-R092,sheet-3-R093,sheet-3-R094,sheet-3-R095,sheet-3-R096,sheet-3-R097,sheet-3-R098,sheet-3-R099,sheet-3-R100		★スマレジ連携APIについて、呼び出しを廃止予定のスマレジAPIからプラットフォームAPIに変更
sheet-3-R073	0405	sheet-3	注文番号登録	機能仕様	98	1109	sheet-3-B008	★スマレジ連携APIについて、呼び出しを廃止予定のスマレジAPIからプラットフォームAPIに変更	★	sheet-3-R072,sheet-3-R074,sheet-3-R075,sheet-3-R076,sheet-3-R077,sheet-3-R078,sheet-3-R079,sheet-3-R080,sheet-3-R081,sheet-3-R082,sheet-3-R083,sheet-3-R084,sheet-3-R085,sheet-3-R086,sheet-3-R087,sheet-3-R088,sheet-3-R089,sheet-3-R090,sheet-3-R091,sheet-3-R092,sheet-3-R093,sheet-3-R094,sheet-3-R095,sheet-3-R096,sheet-3-R097,sheet-3-R098,sheet-3-R099,sheet-3-R100		・呼び出しの詳細についてはスマレジプラットフォームAPIのドキュメントを参照
sheet-3-R074	0405	sheet-3	注文番号登録	機能仕様	99	1110	sheet-3-B008	★スマレジ連携APIについて、呼び出しを廃止予定のスマレジAPIからプラットフォームAPIに変更	★	sheet-3-R072,sheet-3-R073,sheet-3-R075,sheet-3-R076,sheet-3-R077,sheet-3-R078,sheet-3-R079,sheet-3-R080,sheet-3-R081,sheet-3-R082,sheet-3-R083,sheet-3-R084,sheet-3-R085,sheet-3-R086,sheet-3-R087,sheet-3-R088,sheet-3-R089,sheet-3-R090,sheet-3-R091,sheet-3-R092,sheet-3-R093,sheet-3-R094,sheet-3-R095,sheet-3-R096,sheet-3-R097,sheet-3-R098,sheet-3-R099,sheet-3-R100		・スマレジ商品登録APIを使用し、スマレジに注文商品を登録する
sheet-3-R075	0405	sheet-3	注文番号登録	機能仕様	100	1111	sheet-3-B008	★スマレジ連携APIについて、呼び出しを廃止予定のスマレジAPIからプラットフォームAPIに変更	★	sheet-3-R072,sheet-3-R073,sheet-3-R074,sheet-3-R076,sheet-3-R077,sheet-3-R078,sheet-3-R079,sheet-3-R080,sheet-3-R081,sheet-3-R082,sheet-3-R083,sheet-3-R084,sheet-3-R085,sheet-3-R086,sheet-3-R087,sheet-3-R088,sheet-3-R089,sheet-3-R090,sheet-3-R091,sheet-3-R092,sheet-3-R093,sheet-3-R094,sheet-3-R095,sheet-3-R096,sheet-3-R097,sheet-3-R098,sheet-3-R099,sheet-3-R100		・以下のデータを送信する
sheet-3-R076	0405	sheet-3	注文番号登録	機能仕様	101	1112	sheet-3-B008	★スマレジ連携APIについて、呼び出しを廃止予定のスマレジAPIからプラットフォームAPIに変更	★	sheet-3-R072,sheet-3-R073,sheet-3-R074,sheet-3-R075,sheet-3-R077,sheet-3-R078,sheet-3-R079,sheet-3-R080,sheet-3-R081,sheet-3-R082,sheet-3-R083,sheet-3-R084,sheet-3-R085,sheet-3-R086,sheet-3-R087,sheet-3-R088,sheet-3-R089,sheet-3-R090,sheet-3-R091,sheet-3-R092,sheet-3-R093,sheet-3-R094,sheet-3-R095,sheet-3-R096,sheet-3-R097,sheet-3-R098,sheet-3-R099,sheet-3-R100		・スマレジ用商品コード
sheet-3-R077	0405	sheet-3	注文番号登録	機能仕様	102	1113	sheet-3-B008	★スマレジ連携APIについて、呼び出しを廃止予定のスマレジAPIからプラットフォームAPIに変更	★	sheet-3-R072,sheet-3-R073,sheet-3-R074,sheet-3-R075,sheet-3-R076,sheet-3-R078,sheet-3-R079,sheet-3-R080,sheet-3-R081,sheet-3-R082,sheet-3-R083,sheet-3-R084,sheet-3-R085,sheet-3-R086,sheet-3-R087,sheet-3-R088,sheet-3-R089,sheet-3-R090,sheet-3-R091,sheet-3-R092,sheet-3-R093,sheet-3-R094,sheet-3-R095,sheet-3-R096,sheet-3-R097,sheet-3-R098,sheet-3-R099,sheet-3-R100		・部門ID
sheet-3-R078	0405	sheet-3	注文番号登録	機能仕様	103	1114	sheet-3-B008	★スマレジ連携APIについて、呼び出しを廃止予定のスマレジAPIからプラットフォームAPIに変更	★	sheet-3-R072,sheet-3-R073,sheet-3-R074,sheet-3-R075,sheet-3-R076,sheet-3-R077,sheet-3-R079,sheet-3-R080,sheet-3-R081,sheet-3-R082,sheet-3-R083,sheet-3-R084,sheet-3-R085,sheet-3-R086,sheet-3-R087,sheet-3-R088,sheet-3-R089,sheet-3-R090,sheet-3-R091,sheet-3-R092,sheet-3-R093,sheet-3-R094,sheet-3-R095,sheet-3-R096,sheet-3-R097,sheet-3-R098,sheet-3-R099,sheet-3-R100		6: 店頭受取（固定）
sheet-3-R079	0405	sheet-3	注文番号登録	機能仕様	104	1115	sheet-3-B008	★スマレジ連携APIについて、呼び出しを廃止予定のスマレジAPIからプラットフォームAPIに変更	★	sheet-3-R072,sheet-3-R073,sheet-3-R074,sheet-3-R075,sheet-3-R076,sheet-3-R077,sheet-3-R078,sheet-3-R080,sheet-3-R081,sheet-3-R082,sheet-3-R083,sheet-3-R084,sheet-3-R085,sheet-3-R086,sheet-3-R087,sheet-3-R088,sheet-3-R089,sheet-3-R090,sheet-3-R091,sheet-3-R092,sheet-3-R093,sheet-3-R094,sheet-3-R095,sheet-3-R096,sheet-3-R097,sheet-3-R098,sheet-3-R099,sheet-3-R100		・商品名
sheet-3-R080	0405	sheet-3	注文番号登録	機能仕様	105	1116	sheet-3-B008	★スマレジ連携APIについて、呼び出しを廃止予定のスマレジAPIからプラットフォームAPIに変更	★	sheet-3-R072,sheet-3-R073,sheet-3-R074,sheet-3-R075,sheet-3-R076,sheet-3-R077,sheet-3-R078,sheet-3-R079,sheet-3-R081,sheet-3-R082,sheet-3-R083,sheet-3-R084,sheet-3-R085,sheet-3-R086,sheet-3-R087,sheet-3-R088,sheet-3-R089,sheet-3-R090,sheet-3-R091,sheet-3-R092,sheet-3-R093,sheet-3-R094,sheet-3-R095,sheet-3-R096,sheet-3-R097,sheet-3-R098,sheet-3-R099,sheet-3-R100		店頭PCアカウントの場合: 「店頭注文: 店頭注文番号 のご注文」
sheet-3-R081	0405	sheet-3	注文番号登録	機能仕様	106	1117	sheet-3-B008	★スマレジ連携APIについて、呼び出しを廃止予定のスマレジAPIからプラットフォームAPIに変更	★	sheet-3-R072,sheet-3-R073,sheet-3-R074,sheet-3-R075,sheet-3-R076,sheet-3-R077,sheet-3-R078,sheet-3-R079,sheet-3-R080,sheet-3-R082,sheet-3-R083,sheet-3-R084,sheet-3-R085,sheet-3-R086,sheet-3-R087,sheet-3-R088,sheet-3-R089,sheet-3-R090,sheet-3-R091,sheet-3-R092,sheet-3-R093,sheet-3-R094,sheet-3-R095,sheet-3-R096,sheet-3-R097,sheet-3-R098,sheet-3-R099,sheet-3-R100		通常会員の場合: 「注文者姓カナ 注文者名カナ 様のご注文」
sheet-3-R082	0405	sheet-3	注文番号登録	機能仕様	107	1118	sheet-3-B008	★スマレジ連携APIについて、呼び出しを廃止予定のスマレジAPIからプラットフォームAPIに変更	★	sheet-3-R072,sheet-3-R073,sheet-3-R074,sheet-3-R075,sheet-3-R076,sheet-3-R077,sheet-3-R078,sheet-3-R079,sheet-3-R080,sheet-3-R081,sheet-3-R083,sheet-3-R084,sheet-3-R085,sheet-3-R086,sheet-3-R087,sheet-3-R088,sheet-3-R089,sheet-3-R090,sheet-3-R091,sheet-3-R092,sheet-3-R093,sheet-3-R094,sheet-3-R095,sheet-3-R096,sheet-3-R097,sheet-3-R098,sheet-3-R099,sheet-3-R100		・金額
sheet-3-R083	0405	sheet-3	注文番号登録	機能仕様	108	1119	sheet-3-B008	★スマレジ連携APIについて、呼び出しを廃止予定のスマレジAPIからプラットフォームAPIに変更	★	sheet-3-R072,sheet-3-R073,sheet-3-R074,sheet-3-R075,sheet-3-R076,sheet-3-R077,sheet-3-R078,sheet-3-R079,sheet-3-R080,sheet-3-R081,sheet-3-R082,sheet-3-R084,sheet-3-R085,sheet-3-R086,sheet-3-R087,sheet-3-R088,sheet-3-R089,sheet-3-R090,sheet-3-R091,sheet-3-R092,sheet-3-R093,sheet-3-R094,sheet-3-R095,sheet-3-R096,sheet-3-R097,sheet-3-R098,sheet-3-R099,sheet-3-R100		スムーズ店頭受取の場合: 0円（固定）
sheet-3-R084	0405	sheet-3	注文番号登録	機能仕様	109	1120	sheet-3-B008	★スマレジ連携APIについて、呼び出しを廃止予定のスマレジAPIからプラットフォームAPIに変更	★	sheet-3-R072,sheet-3-R073,sheet-3-R074,sheet-3-R075,sheet-3-R076,sheet-3-R077,sheet-3-R078,sheet-3-R079,sheet-3-R080,sheet-3-R081,sheet-3-R082,sheet-3-R083,sheet-3-R085,sheet-3-R086,sheet-3-R087,sheet-3-R088,sheet-3-R089,sheet-3-R090,sheet-3-R091,sheet-3-R092,sheet-3-R093,sheet-3-R094,sheet-3-R095,sheet-3-R096,sheet-3-R097,sheet-3-R098,sheet-3-R099,sheet-3-R100		店頭受取の場合: 注文合計金額（注文内の明細を1つにまとめて1商品とするため、合計金額を指定する）
sheet-3-R085	0405	sheet-3	注文番号登録	機能仕様	110	1121	sheet-3-B008	★スマレジ連携APIについて、呼び出しを廃止予定のスマレジAPIからプラットフォームAPIに変更	★	sheet-3-R072,sheet-3-R073,sheet-3-R074,sheet-3-R075,sheet-3-R076,sheet-3-R077,sheet-3-R078,sheet-3-R079,sheet-3-R080,sheet-3-R081,sheet-3-R082,sheet-3-R083,sheet-3-R084,sheet-3-R086,sheet-3-R087,sheet-3-R088,sheet-3-R089,sheet-3-R090,sheet-3-R091,sheet-3-R092,sheet-3-R093,sheet-3-R094,sheet-3-R095,sheet-3-R096,sheet-3-R097,sheet-3-R098,sheet-3-R099,sheet-3-R100		・スマレジ連携が成功した場合スマレジ連携済みフラグを立てる、失敗した場合エラーメールを送信する
sheet-3-R086	0405	sheet-3	注文番号登録	機能仕様	111	1122	sheet-3-B008	★スマレジ連携APIについて、呼び出しを廃止予定のスマレジAPIからプラットフォームAPIに変更	★	sheet-3-R072,sheet-3-R073,sheet-3-R074,sheet-3-R075,sheet-3-R076,sheet-3-R077,sheet-3-R078,sheet-3-R079,sheet-3-R080,sheet-3-R081,sheet-3-R082,sheet-3-R083,sheet-3-R084,sheet-3-R085,sheet-3-R087,sheet-3-R088,sheet-3-R089,sheet-3-R090,sheet-3-R091,sheet-3-R092,sheet-3-R093,sheet-3-R094,sheet-3-R095,sheet-3-R096,sheet-3-R097,sheet-3-R098,sheet-3-R099,sheet-3-R100		・メールの送信先は追加設定のスマレジ通信エラー送信メールアドレス
sheet-3-R087	0405	sheet-3	注文番号登録	機能仕様	112	1123	sheet-3-B008	★スマレジ連携APIについて、呼び出しを廃止予定のスマレジAPIからプラットフォームAPIに変更	★	sheet-3-R072,sheet-3-R073,sheet-3-R074,sheet-3-R075,sheet-3-R076,sheet-3-R077,sheet-3-R078,sheet-3-R079,sheet-3-R080,sheet-3-R081,sheet-3-R082,sheet-3-R083,sheet-3-R084,sheet-3-R085,sheet-3-R086,sheet-3-R088,sheet-3-R089,sheet-3-R090,sheet-3-R091,sheet-3-R092,sheet-3-R093,sheet-3-R094,sheet-3-R095,sheet-3-R096,sheet-3-R097,sheet-3-R098,sheet-3-R099,sheet-3-R100		・商品連携が成功した場合、スマレジ在庫登録APIを使用し、連携した商品に在庫を登録する
sheet-3-R088	0405	sheet-3	注文番号登録	機能仕様	113	1124	sheet-3-B008	★スマレジ連携APIについて、呼び出しを廃止予定のスマレジAPIからプラットフォームAPIに変更	★	sheet-3-R072,sheet-3-R073,sheet-3-R074,sheet-3-R075,sheet-3-R076,sheet-3-R077,sheet-3-R078,sheet-3-R079,sheet-3-R080,sheet-3-R081,sheet-3-R082,sheet-3-R083,sheet-3-R084,sheet-3-R085,sheet-3-R086,sheet-3-R087,sheet-3-R089,sheet-3-R090,sheet-3-R091,sheet-3-R092,sheet-3-R093,sheet-3-R094,sheet-3-R095,sheet-3-R096,sheet-3-R097,sheet-3-R098,sheet-3-R099,sheet-3-R100		・以下のデータを送信する
sheet-3-R089	0405	sheet-3	注文番号登録	機能仕様	114	1125	sheet-3-B008	★スマレジ連携APIについて、呼び出しを廃止予定のスマレジAPIからプラットフォームAPIに変更	★	sheet-3-R072,sheet-3-R073,sheet-3-R074,sheet-3-R075,sheet-3-R076,sheet-3-R077,sheet-3-R078,sheet-3-R079,sheet-3-R080,sheet-3-R081,sheet-3-R082,sheet-3-R083,sheet-3-R084,sheet-3-R085,sheet-3-R086,sheet-3-R087,sheet-3-R088,sheet-3-R090,sheet-3-R091,sheet-3-R092,sheet-3-R093,sheet-3-R094,sheet-3-R095,sheet-3-R096,sheet-3-R097,sheet-3-R098,sheet-3-R099,sheet-3-R100		・スマレジ用商品コード
sheet-3-R090	0405	sheet-3	注文番号登録	機能仕様	115	1126	sheet-3-B008	★スマレジ連携APIについて、呼び出しを廃止予定のスマレジAPIからプラットフォームAPIに変更	★	sheet-3-R072,sheet-3-R073,sheet-3-R074,sheet-3-R075,sheet-3-R076,sheet-3-R077,sheet-3-R078,sheet-3-R079,sheet-3-R080,sheet-3-R081,sheet-3-R082,sheet-3-R083,sheet-3-R084,sheet-3-R085,sheet-3-R086,sheet-3-R087,sheet-3-R088,sheet-3-R089,sheet-3-R091,sheet-3-R092,sheet-3-R093,sheet-3-R094,sheet-3-R095,sheet-3-R096,sheet-3-R097,sheet-3-R098,sheet-3-R099,sheet-3-R100		・在庫数（1固定）
sheet-3-R091	0405	sheet-3	注文番号登録	機能仕様	116	1127	sheet-3-B008	★スマレジ連携APIについて、呼び出しを廃止予定のスマレジAPIからプラットフォームAPIに変更	★	sheet-3-R072,sheet-3-R073,sheet-3-R074,sheet-3-R075,sheet-3-R076,sheet-3-R077,sheet-3-R078,sheet-3-R079,sheet-3-R080,sheet-3-R081,sheet-3-R082,sheet-3-R083,sheet-3-R084,sheet-3-R085,sheet-3-R086,sheet-3-R087,sheet-3-R088,sheet-3-R089,sheet-3-R090,sheet-3-R092,sheet-3-R093,sheet-3-R094,sheet-3-R095,sheet-3-R096,sheet-3-R097,sheet-3-R098,sheet-3-R099,sheet-3-R100		・スマレジ連携が成功した場合スマレジ在庫連携済みフラグを立てる、失敗した場合エラーメールを送信する
sheet-3-R092	0405	sheet-3	注文番号登録	機能仕様	117	1128	sheet-3-B008	★スマレジ連携APIについて、呼び出しを廃止予定のスマレジAPIからプラットフォームAPIに変更	★	sheet-3-R072,sheet-3-R073,sheet-3-R074,sheet-3-R075,sheet-3-R076,sheet-3-R077,sheet-3-R078,sheet-3-R079,sheet-3-R080,sheet-3-R081,sheet-3-R082,sheet-3-R083,sheet-3-R084,sheet-3-R085,sheet-3-R086,sheet-3-R087,sheet-3-R088,sheet-3-R089,sheet-3-R090,sheet-3-R091,sheet-3-R093,sheet-3-R094,sheet-3-R095,sheet-3-R096,sheet-3-R097,sheet-3-R098,sheet-3-R099,sheet-3-R100		・メールの送信先は追加設定のスマレジ通信エラー送信メールアドレス
sheet-3-R093	0405	sheet-3	注文番号登録	機能仕様	118	1129	sheet-3-B008	★スマレジ連携APIについて、呼び出しを廃止予定のスマレジAPIからプラットフォームAPIに変更	★	sheet-3-R072,sheet-3-R073,sheet-3-R074,sheet-3-R075,sheet-3-R076,sheet-3-R077,sheet-3-R078,sheet-3-R079,sheet-3-R080,sheet-3-R081,sheet-3-R082,sheet-3-R083,sheet-3-R084,sheet-3-R085,sheet-3-R086,sheet-3-R087,sheet-3-R088,sheet-3-R089,sheet-3-R090,sheet-3-R091,sheet-3-R092,sheet-3-R094,sheet-3-R095,sheet-3-R096,sheet-3-R097,sheet-3-R098,sheet-3-R099,sheet-3-R100		実行トリガー　スケジュール起動(Step Functions)　実行タイミング　10分おき
sheet-3-R094	0405	sheet-3	注文番号登録	機能仕様	119	1130	sheet-3-B008	★スマレジ連携APIについて、呼び出しを廃止予定のスマレジAPIからプラットフォームAPIに変更	★	sheet-3-R072,sheet-3-R073,sheet-3-R074,sheet-3-R075,sheet-3-R076,sheet-3-R077,sheet-3-R078,sheet-3-R079,sheet-3-R080,sheet-3-R081,sheet-3-R082,sheet-3-R083,sheet-3-R084,sheet-3-R085,sheet-3-R086,sheet-3-R087,sheet-3-R088,sheet-3-R089,sheet-3-R090,sheet-3-R091,sheet-3-R092,sheet-3-R093,sheet-3-R095,sheet-3-R096,sheet-3-R097,sheet-3-R098,sheet-3-R099,sheet-3-R100		入力データ元　DB　出力先(フォーマット)　DB、スマレジ
sheet-3-R095	0405	sheet-3	注文番号登録	機能仕様	120	1131	sheet-3-B008	★スマレジ連携APIについて、呼び出しを廃止予定のスマレジAPIからプラットフォームAPIに変更	★	sheet-3-R072,sheet-3-R073,sheet-3-R074,sheet-3-R075,sheet-3-R076,sheet-3-R077,sheet-3-R078,sheet-3-R079,sheet-3-R080,sheet-3-R081,sheet-3-R082,sheet-3-R083,sheet-3-R084,sheet-3-R085,sheet-3-R086,sheet-3-R087,sheet-3-R088,sheet-3-R089,sheet-3-R090,sheet-3-R091,sheet-3-R092,sheet-3-R093,sheet-3-R094,sheet-3-R096,sheet-3-R097,sheet-3-R098,sheet-3-R099,sheet-3-R100		入力データ詳細
sheet-3-R096	0405	sheet-3	注文番号登録	機能仕様	121	1132	sheet-3-B008	★スマレジ連携APIについて、呼び出しを廃止予定のスマレジAPIからプラットフォームAPIに変更	★	sheet-3-R072,sheet-3-R073,sheet-3-R074,sheet-3-R075,sheet-3-R076,sheet-3-R077,sheet-3-R078,sheet-3-R079,sheet-3-R080,sheet-3-R081,sheet-3-R082,sheet-3-R083,sheet-3-R084,sheet-3-R085,sheet-3-R086,sheet-3-R087,sheet-3-R088,sheet-3-R089,sheet-3-R090,sheet-3-R091,sheet-3-R092,sheet-3-R093,sheet-3-R094,sheet-3-R095,sheet-3-R097,sheet-3-R098,sheet-3-R099,sheet-3-R100		DBから以下のデータを取得
sheet-3-R097	0405	sheet-3	注文番号登録	機能仕様	122	1133	sheet-3-B008	★スマレジ連携APIについて、呼び出しを廃止予定のスマレジAPIからプラットフォームAPIに変更	★	sheet-3-R072,sheet-3-R073,sheet-3-R074,sheet-3-R075,sheet-3-R076,sheet-3-R077,sheet-3-R078,sheet-3-R079,sheet-3-R080,sheet-3-R081,sheet-3-R082,sheet-3-R083,sheet-3-R084,sheet-3-R085,sheet-3-R086,sheet-3-R087,sheet-3-R088,sheet-3-R089,sheet-3-R090,sheet-3-R091,sheet-3-R092,sheet-3-R093,sheet-3-R094,sheet-3-R095,sheet-3-R096,sheet-3-R098,sheet-3-R099,sheet-3-R100		・バッチ起動から30分前以降の注文
sheet-3-R098	0405	sheet-3	注文番号登録	機能仕様	123	1134	sheet-3-B008	★スマレジ連携APIについて、呼び出しを廃止予定のスマレジAPIからプラットフォームAPIに変更	★	sheet-3-R072,sheet-3-R073,sheet-3-R074,sheet-3-R075,sheet-3-R076,sheet-3-R077,sheet-3-R078,sheet-3-R079,sheet-3-R080,sheet-3-R081,sheet-3-R082,sheet-3-R083,sheet-3-R084,sheet-3-R085,sheet-3-R086,sheet-3-R087,sheet-3-R088,sheet-3-R089,sheet-3-R090,sheet-3-R091,sheet-3-R092,sheet-3-R093,sheet-3-R094,sheet-3-R095,sheet-3-R096,sheet-3-R097,sheet-3-R099,sheet-3-R100		・スマレジ店舗IDとスマレジ店舗コードが指定済みの店舗の注文
sheet-3-R099	0405	sheet-3	注文番号登録	機能仕様	124	1135	sheet-3-B008	★スマレジ連携APIについて、呼び出しを廃止予定のスマレジAPIからプラットフォームAPIに変更	★	sheet-3-R072,sheet-3-R073,sheet-3-R074,sheet-3-R075,sheet-3-R076,sheet-3-R077,sheet-3-R078,sheet-3-R079,sheet-3-R080,sheet-3-R081,sheet-3-R082,sheet-3-R083,sheet-3-R084,sheet-3-R085,sheet-3-R086,sheet-3-R087,sheet-3-R088,sheet-3-R089,sheet-3-R090,sheet-3-R091,sheet-3-R092,sheet-3-R093,sheet-3-R094,sheet-3-R095,sheet-3-R096,sheet-3-R097,sheet-3-R098,sheet-3-R100		・スマレジ連携済みフラグが立っていない
sheet-3-R100	0405	sheet-3	注文番号登録	機能仕様	125	1136	sheet-3-B008	★スマレジ連携APIについて、呼び出しを廃止予定のスマレジAPIからプラットフォームAPIに変更	★	sheet-3-R072,sheet-3-R073,sheet-3-R074,sheet-3-R075,sheet-3-R076,sheet-3-R077,sheet-3-R078,sheet-3-R079,sheet-3-R080,sheet-3-R081,sheet-3-R082,sheet-3-R083,sheet-3-R084,sheet-3-R085,sheet-3-R086,sheet-3-R087,sheet-3-R088,sheet-3-R089,sheet-3-R090,sheet-3-R091,sheet-3-R092,sheet-3-R093,sheet-3-R094,sheet-3-R095,sheet-3-R096,sheet-3-R097,sheet-3-R098,sheet-3-R099		・スマレジ在庫連携済みフラグが立っていない
sheet-3-R101	0405	sheet-3	注文番号登録	機能仕様	126	1137	sheet-3-B009	★注文ステータスが「注文受領」「入金待ち」「入金済み」「ピック中」「ピック済み」	★	sheet-3-R102,sheet-3-R103,sheet-3-R104,sheet-3-R105,sheet-3-R106,sheet-3-R107,sheet-3-R108,sheet-3-R109,sheet-3-R110,sheet-3-R111,sheet-3-R112,sheet-3-R113,sheet-3-R114,sheet-3-R115,sheet-3-R116,sheet-3-R117		★注文ステータスが「注文受領」「入金待ち」「入金済み」「ピック中」「ピック済み」
sheet-3-R102	0405	sheet-3	注文番号登録	機能仕様	127	1138	sheet-3-B009	★注文ステータスが「注文受領」「入金待ち」「入金済み」「ピック中」「ピック済み」	★	sheet-3-R101,sheet-3-R103,sheet-3-R104,sheet-3-R105,sheet-3-R106,sheet-3-R107,sheet-3-R108,sheet-3-R109,sheet-3-R110,sheet-3-R111,sheet-3-R112,sheet-3-R113,sheet-3-R114,sheet-3-R115,sheet-3-R116,sheet-3-R117		入力データ検索条件
sheet-3-R103	0405	sheet-3	注文番号登録	機能仕様	128	1139	sheet-3-B009	★注文ステータスが「注文受領」「入金待ち」「入金済み」「ピック中」「ピック済み」	★	sheet-3-R101,sheet-3-R102,sheet-3-R104,sheet-3-R105,sheet-3-R106,sheet-3-R107,sheet-3-R108,sheet-3-R109,sheet-3-R110,sheet-3-R111,sheet-3-R112,sheet-3-R113,sheet-3-R114,sheet-3-R115,sheet-3-R116,sheet-3-R117		項目名　条件　備考
sheet-3-R104	0405	sheet-3	注文番号登録	機能仕様	129	1140	sheet-3-B009	★注文ステータスが「注文受領」「入金待ち」「入金済み」「ピック中」「ピック済み」	★	sheet-3-R101,sheet-3-R102,sheet-3-R103,sheet-3-R105,sheet-3-R106,sheet-3-R107,sheet-3-R108,sheet-3-R109,sheet-3-R110,sheet-3-R111,sheet-3-R112,sheet-3-R113,sheet-3-R114,sheet-3-R115,sheet-3-R116,sheet-3-R117		注文データ.注文日時　バッチ駆動時間からバッチ駆動時間より30分前
sheet-3-R105	0405	sheet-3	注文番号登録	機能仕様	130	1141	sheet-3-B009	★注文ステータスが「注文受領」「入金待ち」「入金済み」「ピック中」「ピック済み」	★	sheet-3-R101,sheet-3-R102,sheet-3-R103,sheet-3-R104,sheet-3-R106,sheet-3-R107,sheet-3-R108,sheet-3-R109,sheet-3-R110,sheet-3-R111,sheet-3-R112,sheet-3-R113,sheet-3-R114,sheet-3-R115,sheet-3-R116,sheet-3-R117		注文データ.注文店舗.スマレジ店舗ID　スマレジ店舗IDが登録済み
sheet-3-R106	0405	sheet-3	注文番号登録	機能仕様	131	1142	sheet-3-B009	★注文ステータスが「注文受領」「入金待ち」「入金済み」「ピック中」「ピック済み」	★	sheet-3-R101,sheet-3-R102,sheet-3-R103,sheet-3-R104,sheet-3-R105,sheet-3-R107,sheet-3-R108,sheet-3-R109,sheet-3-R110,sheet-3-R111,sheet-3-R112,sheet-3-R113,sheet-3-R114,sheet-3-R115,sheet-3-R116,sheet-3-R117		注文データ.注文店舗.スマレジ店舗コード　スマレジ店舗コードが登録済み
sheet-3-R107	0405	sheet-3	注文番号登録	機能仕様	132	1143	sheet-3-B009	★注文ステータスが「注文受領」「入金待ち」「入金済み」「ピック中」「ピック済み」	★	sheet-3-R101,sheet-3-R102,sheet-3-R103,sheet-3-R104,sheet-3-R105,sheet-3-R106,sheet-3-R108,sheet-3-R109,sheet-3-R110,sheet-3-R111,sheet-3-R112,sheet-3-R113,sheet-3-R114,sheet-3-R115,sheet-3-R116,sheet-3-R117		注文データ.スマレジ連携済みフラグ　スマレジ連携済みフラグが立っていない
sheet-3-R108	0405	sheet-3	注文番号登録	機能仕様	133	1144	sheet-3-B009	★注文ステータスが「注文受領」「入金待ち」「入金済み」「ピック中」「ピック済み」	★	sheet-3-R101,sheet-3-R102,sheet-3-R103,sheet-3-R104,sheet-3-R105,sheet-3-R106,sheet-3-R107,sheet-3-R109,sheet-3-R110,sheet-3-R111,sheet-3-R112,sheet-3-R113,sheet-3-R114,sheet-3-R115,sheet-3-R116,sheet-3-R117		注文データ.スマレジ在庫連携済みフラグ　スマレジ在庫連携済みフラグが立っていない
sheet-3-R109	0405	sheet-3	注文番号登録	機能仕様	134	1145	sheet-3-B009	★注文ステータスが「注文受領」「入金待ち」「入金済み」「ピック中」「ピック済み」	★	sheet-3-R101,sheet-3-R102,sheet-3-R103,sheet-3-R104,sheet-3-R105,sheet-3-R106,sheet-3-R107,sheet-3-R108,sheet-3-R110,sheet-3-R111,sheet-3-R112,sheet-3-R113,sheet-3-R114,sheet-3-R115,sheet-3-R116,sheet-3-R117		注文データ.注文ステータス　「注文受領」「入金待ち」「入金済み」「ピック中」「ピック済み」
sheet-3-R110	0405	sheet-3	注文番号登録	機能仕様	135	1146	sheet-3-B009	★注文ステータスが「注文受領」「入金待ち」「入金済み」「ピック中」「ピック済み」	★	sheet-3-R101,sheet-3-R102,sheet-3-R103,sheet-3-R104,sheet-3-R105,sheet-3-R106,sheet-3-R107,sheet-3-R108,sheet-3-R109,sheet-3-R111,sheet-3-R112,sheet-3-R113,sheet-3-R114,sheet-3-R115,sheet-3-R116,sheet-3-R117		実行結果詳細  ※主にDBの登録・更新結果について記載
sheet-3-R111	0405	sheet-3	注文番号登録	機能仕様	136	1147	sheet-3-B009	★注文ステータスが「注文受領」「入金待ち」「入金済み」「ピック中」「ピック済み」	★	sheet-3-R101,sheet-3-R102,sheet-3-R103,sheet-3-R104,sheet-3-R105,sheet-3-R106,sheet-3-R107,sheet-3-R108,sheet-3-R109,sheet-3-R110,sheet-3-R112,sheet-3-R113,sheet-3-R114,sheet-3-R115,sheet-3-R116,sheet-3-R117		ECCUBE
sheet-3-R112	0405	sheet-3	注文番号登録	機能仕様	137	1148	sheet-3-B009	★注文ステータスが「注文受領」「入金待ち」「入金済み」「ピック中」「ピック済み」	★	sheet-3-R101,sheet-3-R102,sheet-3-R103,sheet-3-R104,sheet-3-R105,sheet-3-R106,sheet-3-R107,sheet-3-R108,sheet-3-R109,sheet-3-R110,sheet-3-R111,sheet-3-R113,sheet-3-R114,sheet-3-R115,sheet-3-R116,sheet-3-R117		スマレジ連携済みフラグ、スマレジ在庫連携済みフラグ、スマレジ商品コードを登録
sheet-3-R113	0405	sheet-3	注文番号登録	機能仕様	138	1149	sheet-3-B009	★注文ステータスが「注文受領」「入金待ち」「入金済み」「ピック中」「ピック済み」	★	sheet-3-R101,sheet-3-R102,sheet-3-R103,sheet-3-R104,sheet-3-R105,sheet-3-R106,sheet-3-R107,sheet-3-R108,sheet-3-R109,sheet-3-R110,sheet-3-R111,sheet-3-R112,sheet-3-R114,sheet-3-R115,sheet-3-R116,sheet-3-R117		スマレジ
sheet-3-R114	0405	sheet-3	注文番号登録	機能仕様	139	1150	sheet-3-B009	★注文ステータスが「注文受領」「入金待ち」「入金済み」「ピック中」「ピック済み」	★	sheet-3-R101,sheet-3-R102,sheet-3-R103,sheet-3-R104,sheet-3-R105,sheet-3-R106,sheet-3-R107,sheet-3-R108,sheet-3-R109,sheet-3-R110,sheet-3-R111,sheet-3-R112,sheet-3-R113,sheet-3-R115,sheet-3-R116,sheet-3-R117		注文商品をスマレジに登録（在庫含む）
sheet-3-R115	0405	sheet-3	注文番号登録	機能仕様	140	1151	sheet-3-B009	★注文ステータスが「注文受領」「入金待ち」「入金済み」「ピック中」「ピック済み」	★	sheet-3-R101,sheet-3-R102,sheet-3-R103,sheet-3-R104,sheet-3-R105,sheet-3-R106,sheet-3-R107,sheet-3-R108,sheet-3-R109,sheet-3-R110,sheet-3-R111,sheet-3-R112,sheet-3-R113,sheet-3-R114,sheet-3-R116,sheet-3-R117		エラーハンドリング
sheet-3-R116	0405	sheet-3	注文番号登録	機能仕様	141	1152	sheet-3-B009	★注文ステータスが「注文受領」「入金待ち」「入金済み」「ピック中」「ピック済み」	★	sheet-3-R101,sheet-3-R102,sheet-3-R103,sheet-3-R104,sheet-3-R105,sheet-3-R106,sheet-3-R107,sheet-3-R108,sheet-3-R109,sheet-3-R110,sheet-3-R111,sheet-3-R112,sheet-3-R113,sheet-3-R114,sheet-3-R115,sheet-3-R117		APIの実行に失敗した場合は、エラーメールを送信する
sheet-3-R117	0405	sheet-3	注文番号登録	機能仕様	142	1153	sheet-3-B009	★注文ステータスが「注文受領」「入金待ち」「入金済み」「ピック中」「ピック済み」	★	sheet-3-R101,sheet-3-R102,sheet-3-R103,sheet-3-R104,sheet-3-R105,sheet-3-R106,sheet-3-R107,sheet-3-R108,sheet-3-R109,sheet-3-R110,sheet-3-R111,sheet-3-R112,sheet-3-R113,sheet-3-R114,sheet-3-R115,sheet-3-R116		処理に失敗した注文は、スマレジ商品再連携バッチで再度連携の対象となる
sheet-3-R118	0405	sheet-3	注文番号登録	現行仕様	146	1157	sheet-3-B010					B05-01 注文番号登録 / バッチ 受注管理 — 注文番号登録
sheet-3-R119	0405	sheet-3	注文番号登録	現行仕様	148	1159	sheet-3-B011			sheet-3-R120,sheet-3-R121,sheet-3-R122		処理対象と処理順序
sheet-3-R120	0405	sheet-3	注文番号登録	現行仕様	149	1160	sheet-3-B011			sheet-3-R119,sheet-3-R121,sheet-3-R122		採番済みの注文番号が受注サブへ未反映の受注を対象とし、注文番号の昇順に処理する。1回の実行で処理する件数は最大30件で、対象がそれを超えるときは残りを次回以降の実行へ持ち越す。対象が無いときは何も行わずに終了する。
sheet-3-R121	0405	sheet-3	注文番号登録	現行仕様	150	1161	sheet-3-B011			sheet-3-R119,sheet-3-R120,sheet-3-R122		起動引数の扱い
sheet-3-R122	0405	sheet-3	注文番号登録	現行仕様	151	1162	sheet-3-B011			sheet-3-R119,sheet-3-R120,sheet-3-R121		起動時のバッチ名が指定されていない、または受け付けるバッチ名のいずれにも一致しないときは、実行日時を添えたメッセージをコンソールへ出力し、処理を行わずに異常終了する。
sheet-3-R123	0405	sheet-3	注文番号登録	現行仕様	154	1165	sheet-3-B012			sheet-3-R124,sheet-3-R125	"種類	内容"	"入力	起動時のバッチ名"
sheet-3-R124	0405	sheet-3	注文番号登録	現行仕様	155	1166	sheet-3-B012			sheet-3-R123,sheet-3-R125	"種類	内容"	"出力	バッチ名が不正なときの、実行日時を添えたコンソールメッセージ"
sheet-3-R125	0405	sheet-3	注文番号登録	現行仕様	156	1167	sheet-3-B012			sheet-3-R123,sheet-3-R124	"種類	内容"	入出力: 永続化
sheet-3-R126	0405	sheet-3	注文番号登録	現行仕様	158	1169	sheet-3-B013				"操作	契機"	"更新	採番済み注文番号の受注サブへの反映"
sheet-3-R127	0405	sheet-3	注文番号登録	表示メッセージ	161	1172	sheet-3-B014				"操作	契機"	本バッチは画面メッセージを扱わない。
sheet-4-R001	0405	sheet-4	購入完了手続き再処理	機能仕様	24	1222	sheet-4-B015			sheet-4-R002		・DBがMySQLからPostgreSQLに変わることによるテーブルのロック取得方法の変更
sheet-4-R002	0405	sheet-4	購入完了手続き再処理	機能仕様	25	1223	sheet-4-B015			sheet-4-R001		・スマレジ連携APIについて、呼び出しを廃止予定のスマレジAPIからプラットフォームAPIに変更
sheet-4-R003	0405	sheet-4	購入完了手続き再処理	機能仕様	27	1225	sheet-4-B016			sheet-4-R004,sheet-4-R005,sheet-4-R006		・購入完了メールの再送信と完了画面処理の再実施を行うバッチ
sheet-4-R004	0405	sheet-4	購入完了手続き再処理	機能仕様	28	1226	sheet-4-B016			sheet-4-R003,sheet-4-R005,sheet-4-R006		・ポイント利用のクレカ決済で、購入完了画面へ遷移する前にブラウザバックするとポイント減算されない不具合のため
sheet-4-R005	0405	sheet-4	購入完了手続き再処理	機能仕様	29	1227	sheet-4-B016			sheet-4-R003,sheet-4-R004,sheet-4-R006		・MySQLの名前付きロック機能で注文テーブルにロック（同一バッチで同時に処理しないようにする）をかける
sheet-4-R006	0405	sheet-4	購入完了手続き再処理	機能仕様	30	1228	sheet-4-B016			sheet-4-R003,sheet-4-R004,sheet-4-R005		・毎分起動されるため、前の処理が終わっていない場合（ロックを取得できない場合）は処理を終了する
sheet-4-R007	0405	sheet-4	購入完了手続き再処理	機能仕様	31	1229	sheet-4-B017	★PostgreSQLではアドバイザリロック（勧告的ロック）で実現する	★	sheet-4-R008,sheet-4-R009,sheet-4-R010,sheet-4-R011,sheet-4-R012,sheet-4-R013,sheet-4-R014		★PostgreSQLではアドバイザリロック（勧告的ロック）で実現する
sheet-4-R008	0405	sheet-4	購入完了手続き再処理	機能仕様	32	1230	sheet-4-B017	★PostgreSQLではアドバイザリロック（勧告的ロック）で実現する	★	sheet-4-R007,sheet-4-R009,sheet-4-R010,sheet-4-R011,sheet-4-R012,sheet-4-R013,sheet-4-R014		・処理対象として注文完了メールが送られていない注文を取得
sheet-4-R009	0405	sheet-4	購入完了手続き再処理	機能仕様	33	1231	sheet-4-B017	★PostgreSQLではアドバイザリロック（勧告的ロック）で実現する	★	sheet-4-R007,sheet-4-R008,sheet-4-R010,sheet-4-R011,sheet-4-R012,sheet-4-R013,sheet-4-R014		・注文ステータスが「新規」「入金待ち」「ピック中」
sheet-4-R010	0405	sheet-4	購入完了手続き再処理	機能仕様	34	1232	sheet-4-B017	★PostgreSQLではアドバイザリロック（勧告的ロック）で実現する	★	sheet-4-R007,sheet-4-R008,sheet-4-R009,sheet-4-R011,sheet-4-R012,sheet-4-R013,sheet-4-R014		・注文に紐づく注文完了メールの送信履歴が存在しない
sheet-4-R011	0405	sheet-4	購入完了手続き再処理	機能仕様	35	1233	sheet-4-B017	★PostgreSQLではアドバイザリロック（勧告的ロック）で実現する	★	sheet-4-R007,sheet-4-R008,sheet-4-R009,sheet-4-R010,sheet-4-R012,sheet-4-R013,sheet-4-R014		・注文日時がバッチ起動時間の5分前から1分前まで
sheet-4-R012	0405	sheet-4	購入完了手続き再処理	機能仕様	36	1234	sheet-4-B017	★PostgreSQLではアドバイザリロック（勧告的ロック）で実現する	★	sheet-4-R007,sheet-4-R008,sheet-4-R009,sheet-4-R010,sheet-4-R011,sheet-4-R013,sheet-4-R014		・取得した処理対象の注文について、ポイント使用が注文に記録されているのにポイントの履歴がない場合はポイント処理を行う
sheet-4-R013	0405	sheet-4	購入完了手続き再処理	機能仕様	37	1235	sheet-4-B017	★PostgreSQLではアドバイザリロック（勧告的ロック）で実現する	★	sheet-4-R007,sheet-4-R008,sheet-4-R009,sheet-4-R010,sheet-4-R011,sheet-4-R012,sheet-4-R014		・ポイント履歴を作成し、ポイント残高を減らす
sheet-4-R014	0405	sheet-4	購入完了手続き再処理	機能仕様	38	1236	sheet-4-B017	★PostgreSQLではアドバイザリロック（勧告的ロック）で実現する	★	sheet-4-R007,sheet-4-R008,sheet-4-R009,sheet-4-R010,sheet-4-R011,sheet-4-R012,sheet-4-R013		・ポイント使用後のポイント残高をスマレジに連携する
sheet-4-R015	0405	sheet-4	購入完了手続き再処理	機能仕様	39	1237	sheet-4-B018	★スマレジ連携APIについて、呼び出しを廃止予定のスマレジAPIからプラットフォームAPIに変更	★	sheet-4-R016,sheet-4-R017,sheet-4-R018,sheet-4-R019,sheet-4-R020,sheet-4-R021,sheet-4-R022,sheet-4-R023,sheet-4-R024,sheet-4-R025,sheet-4-R026,sheet-4-R027,sheet-4-R028,sheet-4-R029,sheet-4-R030,sheet-4-R031,sheet-4-R032,sheet-4-R033,sheet-4-R034,sheet-4-R035,sheet-4-R036,sheet-4-R037,sheet-4-R038,sheet-4-R039,sheet-4-R040,sheet-4-R041,sheet-4-R042,sheet-4-R043,sheet-4-R044,sheet-4-R045		★スマレジ連携APIについて、呼び出しを廃止予定のスマレジAPIからプラットフォームAPIに変更
sheet-4-R016	0405	sheet-4	購入完了手続き再処理	機能仕様	40	1238	sheet-4-B018	★スマレジ連携APIについて、呼び出しを廃止予定のスマレジAPIからプラットフォームAPIに変更	★	sheet-4-R015,sheet-4-R017,sheet-4-R018,sheet-4-R019,sheet-4-R020,sheet-4-R021,sheet-4-R022,sheet-4-R023,sheet-4-R024,sheet-4-R025,sheet-4-R026,sheet-4-R027,sheet-4-R028,sheet-4-R029,sheet-4-R030,sheet-4-R031,sheet-4-R032,sheet-4-R033,sheet-4-R034,sheet-4-R035,sheet-4-R036,sheet-4-R037,sheet-4-R038,sheet-4-R039,sheet-4-R040,sheet-4-R041,sheet-4-R042,sheet-4-R043,sheet-4-R044,sheet-4-R045		・取得した処理対象の注文について、在庫履歴の登録を行う
sheet-4-R017	0405	sheet-4	購入完了手続き再処理	機能仕様	41	1239	sheet-4-B018	★スマレジ連携APIについて、呼び出しを廃止予定のスマレジAPIからプラットフォームAPIに変更	★	sheet-4-R015,sheet-4-R016,sheet-4-R018,sheet-4-R019,sheet-4-R020,sheet-4-R021,sheet-4-R022,sheet-4-R023,sheet-4-R024,sheet-4-R025,sheet-4-R026,sheet-4-R027,sheet-4-R028,sheet-4-R029,sheet-4-R030,sheet-4-R031,sheet-4-R032,sheet-4-R033,sheet-4-R034,sheet-4-R035,sheet-4-R036,sheet-4-R037,sheet-4-R038,sheet-4-R039,sheet-4-R040,sheet-4-R041,sheet-4-R042,sheet-4-R043,sheet-4-R044,sheet-4-R045		・在庫履歴の登録は注文時に登録する内容と同様とする
sheet-4-R018	0405	sheet-4	購入完了手続き再処理	機能仕様	42	1240	sheet-4-B018	★スマレジ連携APIについて、呼び出しを廃止予定のスマレジAPIからプラットフォームAPIに変更	★	sheet-4-R015,sheet-4-R016,sheet-4-R017,sheet-4-R019,sheet-4-R020,sheet-4-R021,sheet-4-R022,sheet-4-R023,sheet-4-R024,sheet-4-R025,sheet-4-R026,sheet-4-R027,sheet-4-R028,sheet-4-R029,sheet-4-R030,sheet-4-R031,sheet-4-R032,sheet-4-R033,sheet-4-R034,sheet-4-R035,sheet-4-R036,sheet-4-R037,sheet-4-R038,sheet-4-R039,sheet-4-R040,sheet-4-R041,sheet-4-R042,sheet-4-R043,sheet-4-R044,sheet-4-R045		・在庫自体は注文確認の時点で減らされているため、ここでは履歴の登録のみ行う
sheet-4-R019	0405	sheet-4	購入完了手続き再処理	機能仕様	43	1241	sheet-4-B018	★スマレジ連携APIについて、呼び出しを廃止予定のスマレジAPIからプラットフォームAPIに変更	★	sheet-4-R015,sheet-4-R016,sheet-4-R017,sheet-4-R018,sheet-4-R020,sheet-4-R021,sheet-4-R022,sheet-4-R023,sheet-4-R024,sheet-4-R025,sheet-4-R026,sheet-4-R027,sheet-4-R028,sheet-4-R029,sheet-4-R030,sheet-4-R031,sheet-4-R032,sheet-4-R033,sheet-4-R034,sheet-4-R035,sheet-4-R036,sheet-4-R037,sheet-4-R038,sheet-4-R039,sheet-4-R040,sheet-4-R041,sheet-4-R042,sheet-4-R043,sheet-4-R044,sheet-4-R045		※在庫を減らす処理は本体とGMOプラグインに入っているが、履歴の登録は晴れる屋様のカスタマイズなので、本体やプラグインに手を入れないよう
sheet-4-R020	0405	sheet-4	購入完了手続き再処理	機能仕様	44	1242	sheet-4-B018	★スマレジ連携APIについて、呼び出しを廃止予定のスマレジAPIからプラットフォームAPIに変更	★	sheet-4-R015,sheet-4-R016,sheet-4-R017,sheet-4-R018,sheet-4-R019,sheet-4-R021,sheet-4-R022,sheet-4-R023,sheet-4-R024,sheet-4-R025,sheet-4-R026,sheet-4-R027,sheet-4-R028,sheet-4-R029,sheet-4-R030,sheet-4-R031,sheet-4-R032,sheet-4-R033,sheet-4-R034,sheet-4-R035,sheet-4-R036,sheet-4-R037,sheet-4-R038,sheet-4-R039,sheet-4-R040,sheet-4-R041,sheet-4-R042,sheet-4-R043,sheet-4-R044,sheet-4-R045		注文完了画面で行っている
sheet-4-R021	0405	sheet-4	購入完了手続き再処理	機能仕様	45	1243	sheet-4-B018	★スマレジ連携APIについて、呼び出しを廃止予定のスマレジAPIからプラットフォームAPIに変更	★	sheet-4-R015,sheet-4-R016,sheet-4-R017,sheet-4-R018,sheet-4-R019,sheet-4-R020,sheet-4-R022,sheet-4-R023,sheet-4-R024,sheet-4-R025,sheet-4-R026,sheet-4-R027,sheet-4-R028,sheet-4-R029,sheet-4-R030,sheet-4-R031,sheet-4-R032,sheet-4-R033,sheet-4-R034,sheet-4-R035,sheet-4-R036,sheet-4-R037,sheet-4-R038,sheet-4-R039,sheet-4-R040,sheet-4-R041,sheet-4-R042,sheet-4-R043,sheet-4-R044,sheet-4-R045		・取得した処理対象の注文について、注文完了メールを送信する
sheet-4-R022	0405	sheet-4	購入完了手続き再処理	機能仕様	46	1244	sheet-4-B018	★スマレジ連携APIについて、呼び出しを廃止予定のスマレジAPIからプラットフォームAPIに変更	★	sheet-4-R015,sheet-4-R016,sheet-4-R017,sheet-4-R018,sheet-4-R019,sheet-4-R020,sheet-4-R021,sheet-4-R023,sheet-4-R024,sheet-4-R025,sheet-4-R026,sheet-4-R027,sheet-4-R028,sheet-4-R029,sheet-4-R030,sheet-4-R031,sheet-4-R032,sheet-4-R033,sheet-4-R034,sheet-4-R035,sheet-4-R036,sheet-4-R037,sheet-4-R038,sheet-4-R039,sheet-4-R040,sheet-4-R041,sheet-4-R042,sheet-4-R043,sheet-4-R044,sheet-4-R045		・メール送信後、メール送信履歴を登録する
sheet-4-R023	0405	sheet-4	購入完了手続き再処理	機能仕様	47	1245	sheet-4-B018	★スマレジ連携APIについて、呼び出しを廃止予定のスマレジAPIからプラットフォームAPIに変更	★	sheet-4-R015,sheet-4-R016,sheet-4-R017,sheet-4-R018,sheet-4-R019,sheet-4-R020,sheet-4-R021,sheet-4-R022,sheet-4-R024,sheet-4-R025,sheet-4-R026,sheet-4-R027,sheet-4-R028,sheet-4-R029,sheet-4-R030,sheet-4-R031,sheet-4-R032,sheet-4-R033,sheet-4-R034,sheet-4-R035,sheet-4-R036,sheet-4-R037,sheet-4-R038,sheet-4-R039,sheet-4-R040,sheet-4-R041,sheet-4-R042,sheet-4-R043,sheet-4-R044,sheet-4-R045		実行トリガー　スケジュール起動(Step Functions)　実行タイミング　毎分
sheet-4-R024	0405	sheet-4	購入完了手続き再処理	機能仕様	48	1246	sheet-4-B018	★スマレジ連携APIについて、呼び出しを廃止予定のスマレジAPIからプラットフォームAPIに変更	★	sheet-4-R015,sheet-4-R016,sheet-4-R017,sheet-4-R018,sheet-4-R019,sheet-4-R020,sheet-4-R021,sheet-4-R022,sheet-4-R023,sheet-4-R025,sheet-4-R026,sheet-4-R027,sheet-4-R028,sheet-4-R029,sheet-4-R030,sheet-4-R031,sheet-4-R032,sheet-4-R033,sheet-4-R034,sheet-4-R035,sheet-4-R036,sheet-4-R037,sheet-4-R038,sheet-4-R039,sheet-4-R040,sheet-4-R041,sheet-4-R042,sheet-4-R043,sheet-4-R044,sheet-4-R045		入力データ元　スマレジプラットフォームAPI　出力先(フォーマット)　DB、スマレジ、メール
sheet-4-R025	0405	sheet-4	購入完了手続き再処理	機能仕様	49	1247	sheet-4-B018	★スマレジ連携APIについて、呼び出しを廃止予定のスマレジAPIからプラットフォームAPIに変更	★	sheet-4-R015,sheet-4-R016,sheet-4-R017,sheet-4-R018,sheet-4-R019,sheet-4-R020,sheet-4-R021,sheet-4-R022,sheet-4-R023,sheet-4-R024,sheet-4-R026,sheet-4-R027,sheet-4-R028,sheet-4-R029,sheet-4-R030,sheet-4-R031,sheet-4-R032,sheet-4-R033,sheet-4-R034,sheet-4-R035,sheet-4-R036,sheet-4-R037,sheet-4-R038,sheet-4-R039,sheet-4-R040,sheet-4-R041,sheet-4-R042,sheet-4-R043,sheet-4-R044,sheet-4-R045		入力データ詳細
sheet-4-R026	0405	sheet-4	購入完了手続き再処理	機能仕様	50	1248	sheet-4-B018	★スマレジ連携APIについて、呼び出しを廃止予定のスマレジAPIからプラットフォームAPIに変更	★	sheet-4-R015,sheet-4-R016,sheet-4-R017,sheet-4-R018,sheet-4-R019,sheet-4-R020,sheet-4-R021,sheet-4-R022,sheet-4-R023,sheet-4-R024,sheet-4-R025,sheet-4-R027,sheet-4-R028,sheet-4-R029,sheet-4-R030,sheet-4-R031,sheet-4-R032,sheet-4-R033,sheet-4-R034,sheet-4-R035,sheet-4-R036,sheet-4-R037,sheet-4-R038,sheet-4-R039,sheet-4-R040,sheet-4-R041,sheet-4-R042,sheet-4-R043,sheet-4-R044,sheet-4-R045		注文完了メールが送られていない注文を取得
sheet-4-R027	0405	sheet-4	購入完了手続き再処理	機能仕様	51	1249	sheet-4-B018	★スマレジ連携APIについて、呼び出しを廃止予定のスマレジAPIからプラットフォームAPIに変更	★	sheet-4-R015,sheet-4-R016,sheet-4-R017,sheet-4-R018,sheet-4-R019,sheet-4-R020,sheet-4-R021,sheet-4-R022,sheet-4-R023,sheet-4-R024,sheet-4-R025,sheet-4-R026,sheet-4-R028,sheet-4-R029,sheet-4-R030,sheet-4-R031,sheet-4-R032,sheet-4-R033,sheet-4-R034,sheet-4-R035,sheet-4-R036,sheet-4-R037,sheet-4-R038,sheet-4-R039,sheet-4-R040,sheet-4-R041,sheet-4-R042,sheet-4-R043,sheet-4-R044,sheet-4-R045		・注文ステータスが「新規」「入金待ち」「ピック中」
sheet-4-R028	0405	sheet-4	購入完了手続き再処理	機能仕様	52	1250	sheet-4-B018	★スマレジ連携APIについて、呼び出しを廃止予定のスマレジAPIからプラットフォームAPIに変更	★	sheet-4-R015,sheet-4-R016,sheet-4-R017,sheet-4-R018,sheet-4-R019,sheet-4-R020,sheet-4-R021,sheet-4-R022,sheet-4-R023,sheet-4-R024,sheet-4-R025,sheet-4-R026,sheet-4-R027,sheet-4-R029,sheet-4-R030,sheet-4-R031,sheet-4-R032,sheet-4-R033,sheet-4-R034,sheet-4-R035,sheet-4-R036,sheet-4-R037,sheet-4-R038,sheet-4-R039,sheet-4-R040,sheet-4-R041,sheet-4-R042,sheet-4-R043,sheet-4-R044,sheet-4-R045		・注文に紐づく注文完了メールの送信履歴が存在しない
sheet-4-R029	0405	sheet-4	購入完了手続き再処理	機能仕様	53	1251	sheet-4-B018	★スマレジ連携APIについて、呼び出しを廃止予定のスマレジAPIからプラットフォームAPIに変更	★	sheet-4-R015,sheet-4-R016,sheet-4-R017,sheet-4-R018,sheet-4-R019,sheet-4-R020,sheet-4-R021,sheet-4-R022,sheet-4-R023,sheet-4-R024,sheet-4-R025,sheet-4-R026,sheet-4-R027,sheet-4-R028,sheet-4-R030,sheet-4-R031,sheet-4-R032,sheet-4-R033,sheet-4-R034,sheet-4-R035,sheet-4-R036,sheet-4-R037,sheet-4-R038,sheet-4-R039,sheet-4-R040,sheet-4-R041,sheet-4-R042,sheet-4-R043,sheet-4-R044,sheet-4-R045		・注文日時がバッチ起動時間の5分前から1分前まで
sheet-4-R030	0405	sheet-4	購入完了手続き再処理	機能仕様	54	1252	sheet-4-B018	★スマレジ連携APIについて、呼び出しを廃止予定のスマレジAPIからプラットフォームAPIに変更	★	sheet-4-R015,sheet-4-R016,sheet-4-R017,sheet-4-R018,sheet-4-R019,sheet-4-R020,sheet-4-R021,sheet-4-R022,sheet-4-R023,sheet-4-R024,sheet-4-R025,sheet-4-R026,sheet-4-R027,sheet-4-R028,sheet-4-R029,sheet-4-R031,sheet-4-R032,sheet-4-R033,sheet-4-R034,sheet-4-R035,sheet-4-R036,sheet-4-R037,sheet-4-R038,sheet-4-R039,sheet-4-R040,sheet-4-R041,sheet-4-R042,sheet-4-R043,sheet-4-R044,sheet-4-R045		入力データ検索条件
sheet-4-R031	0405	sheet-4	購入完了手続き再処理	機能仕様	55	1253	sheet-4-B018	★スマレジ連携APIについて、呼び出しを廃止予定のスマレジAPIからプラットフォームAPIに変更	★	sheet-4-R015,sheet-4-R016,sheet-4-R017,sheet-4-R018,sheet-4-R019,sheet-4-R020,sheet-4-R021,sheet-4-R022,sheet-4-R023,sheet-4-R024,sheet-4-R025,sheet-4-R026,sheet-4-R027,sheet-4-R028,sheet-4-R029,sheet-4-R030,sheet-4-R032,sheet-4-R033,sheet-4-R034,sheet-4-R035,sheet-4-R036,sheet-4-R037,sheet-4-R038,sheet-4-R039,sheet-4-R040,sheet-4-R041,sheet-4-R042,sheet-4-R043,sheet-4-R044,sheet-4-R045		項目名　条件　備考
sheet-4-R032	0405	sheet-4	購入完了手続き再処理	機能仕様	56	1254	sheet-4-B018	★スマレジ連携APIについて、呼び出しを廃止予定のスマレジAPIからプラットフォームAPIに変更	★	sheet-4-R015,sheet-4-R016,sheet-4-R017,sheet-4-R018,sheet-4-R019,sheet-4-R020,sheet-4-R021,sheet-4-R022,sheet-4-R023,sheet-4-R024,sheet-4-R025,sheet-4-R026,sheet-4-R027,sheet-4-R028,sheet-4-R029,sheet-4-R030,sheet-4-R031,sheet-4-R033,sheet-4-R034,sheet-4-R035,sheet-4-R036,sheet-4-R037,sheet-4-R038,sheet-4-R039,sheet-4-R040,sheet-4-R041,sheet-4-R042,sheet-4-R043,sheet-4-R044,sheet-4-R045		注文.ステータス　「新規」「入金待ち」「ピック中」
sheet-4-R033	0405	sheet-4	購入完了手続き再処理	機能仕様	57	1255	sheet-4-B018	★スマレジ連携APIについて、呼び出しを廃止予定のスマレジAPIからプラットフォームAPIに変更	★	sheet-4-R015,sheet-4-R016,sheet-4-R017,sheet-4-R018,sheet-4-R019,sheet-4-R020,sheet-4-R021,sheet-4-R022,sheet-4-R023,sheet-4-R024,sheet-4-R025,sheet-4-R026,sheet-4-R027,sheet-4-R028,sheet-4-R029,sheet-4-R030,sheet-4-R031,sheet-4-R032,sheet-4-R034,sheet-4-R035,sheet-4-R036,sheet-4-R037,sheet-4-R038,sheet-4-R039,sheet-4-R040,sheet-4-R041,sheet-4-R042,sheet-4-R043,sheet-4-R044,sheet-4-R045		ユーザーメール送信履歴　注文番号に紐づく送信履歴がない
sheet-4-R034	0405	sheet-4	購入完了手続き再処理	機能仕様	58	1256	sheet-4-B018	★スマレジ連携APIについて、呼び出しを廃止予定のスマレジAPIからプラットフォームAPIに変更	★	sheet-4-R015,sheet-4-R016,sheet-4-R017,sheet-4-R018,sheet-4-R019,sheet-4-R020,sheet-4-R021,sheet-4-R022,sheet-4-R023,sheet-4-R024,sheet-4-R025,sheet-4-R026,sheet-4-R027,sheet-4-R028,sheet-4-R029,sheet-4-R030,sheet-4-R031,sheet-4-R032,sheet-4-R033,sheet-4-R035,sheet-4-R036,sheet-4-R037,sheet-4-R038,sheet-4-R039,sheet-4-R040,sheet-4-R041,sheet-4-R042,sheet-4-R043,sheet-4-R044,sheet-4-R045		注文.注文日時　バッチ起動時間の5分前から1分前まで
sheet-4-R035	0405	sheet-4	購入完了手続き再処理	機能仕様	59	1257	sheet-4-B018	★スマレジ連携APIについて、呼び出しを廃止予定のスマレジAPIからプラットフォームAPIに変更	★	sheet-4-R015,sheet-4-R016,sheet-4-R017,sheet-4-R018,sheet-4-R019,sheet-4-R020,sheet-4-R021,sheet-4-R022,sheet-4-R023,sheet-4-R024,sheet-4-R025,sheet-4-R026,sheet-4-R027,sheet-4-R028,sheet-4-R029,sheet-4-R030,sheet-4-R031,sheet-4-R032,sheet-4-R033,sheet-4-R034,sheet-4-R036,sheet-4-R037,sheet-4-R038,sheet-4-R039,sheet-4-R040,sheet-4-R041,sheet-4-R042,sheet-4-R043,sheet-4-R044,sheet-4-R045		実行結果詳細  ※主にDBの登録・更新結果について記載
sheet-4-R036	0405	sheet-4	購入完了手続き再処理	機能仕様	60	1258	sheet-4-B018	★スマレジ連携APIについて、呼び出しを廃止予定のスマレジAPIからプラットフォームAPIに変更	★	sheet-4-R015,sheet-4-R016,sheet-4-R017,sheet-4-R018,sheet-4-R019,sheet-4-R020,sheet-4-R021,sheet-4-R022,sheet-4-R023,sheet-4-R024,sheet-4-R025,sheet-4-R026,sheet-4-R027,sheet-4-R028,sheet-4-R029,sheet-4-R030,sheet-4-R031,sheet-4-R032,sheet-4-R033,sheet-4-R034,sheet-4-R035,sheet-4-R037,sheet-4-R038,sheet-4-R039,sheet-4-R040,sheet-4-R041,sheet-4-R042,sheet-4-R043,sheet-4-R044,sheet-4-R045		処理対象の注文に対して、以下の処理を行う
sheet-4-R037	0405	sheet-4	購入完了手続き再処理	機能仕様	61	1259	sheet-4-B018	★スマレジ連携APIについて、呼び出しを廃止予定のスマレジAPIからプラットフォームAPIに変更	★	sheet-4-R015,sheet-4-R016,sheet-4-R017,sheet-4-R018,sheet-4-R019,sheet-4-R020,sheet-4-R021,sheet-4-R022,sheet-4-R023,sheet-4-R024,sheet-4-R025,sheet-4-R026,sheet-4-R027,sheet-4-R028,sheet-4-R029,sheet-4-R030,sheet-4-R031,sheet-4-R032,sheet-4-R033,sheet-4-R034,sheet-4-R035,sheet-4-R036,sheet-4-R038,sheet-4-R039,sheet-4-R040,sheet-4-R041,sheet-4-R042,sheet-4-R043,sheet-4-R044,sheet-4-R045		・ポイント使用があった場合ポイント残高を減らす
sheet-4-R038	0405	sheet-4	購入完了手続き再処理	機能仕様	62	1260	sheet-4-B018	★スマレジ連携APIについて、呼び出しを廃止予定のスマレジAPIからプラットフォームAPIに変更	★	sheet-4-R015,sheet-4-R016,sheet-4-R017,sheet-4-R018,sheet-4-R019,sheet-4-R020,sheet-4-R021,sheet-4-R022,sheet-4-R023,sheet-4-R024,sheet-4-R025,sheet-4-R026,sheet-4-R027,sheet-4-R028,sheet-4-R029,sheet-4-R030,sheet-4-R031,sheet-4-R032,sheet-4-R033,sheet-4-R034,sheet-4-R035,sheet-4-R036,sheet-4-R037,sheet-4-R039,sheet-4-R040,sheet-4-R041,sheet-4-R042,sheet-4-R043,sheet-4-R044,sheet-4-R045		・ポイント使用があった場合ポイント履歴を登録する
sheet-4-R039	0405	sheet-4	購入完了手続き再処理	機能仕様	63	1261	sheet-4-B018	★スマレジ連携APIについて、呼び出しを廃止予定のスマレジAPIからプラットフォームAPIに変更	★	sheet-4-R015,sheet-4-R016,sheet-4-R017,sheet-4-R018,sheet-4-R019,sheet-4-R020,sheet-4-R021,sheet-4-R022,sheet-4-R023,sheet-4-R024,sheet-4-R025,sheet-4-R026,sheet-4-R027,sheet-4-R028,sheet-4-R029,sheet-4-R030,sheet-4-R031,sheet-4-R032,sheet-4-R033,sheet-4-R034,sheet-4-R035,sheet-4-R036,sheet-4-R037,sheet-4-R038,sheet-4-R040,sheet-4-R041,sheet-4-R042,sheet-4-R043,sheet-4-R044,sheet-4-R045		・ポイントをスマレジに同期する
sheet-4-R040	0405	sheet-4	購入完了手続き再処理	機能仕様	64	1262	sheet-4-B018	★スマレジ連携APIについて、呼び出しを廃止予定のスマレジAPIからプラットフォームAPIに変更	★	sheet-4-R015,sheet-4-R016,sheet-4-R017,sheet-4-R018,sheet-4-R019,sheet-4-R020,sheet-4-R021,sheet-4-R022,sheet-4-R023,sheet-4-R024,sheet-4-R025,sheet-4-R026,sheet-4-R027,sheet-4-R028,sheet-4-R029,sheet-4-R030,sheet-4-R031,sheet-4-R032,sheet-4-R033,sheet-4-R034,sheet-4-R035,sheet-4-R036,sheet-4-R037,sheet-4-R038,sheet-4-R039,sheet-4-R041,sheet-4-R042,sheet-4-R043,sheet-4-R044,sheet-4-R045		・在庫を減らす
sheet-4-R041	0405	sheet-4	購入完了手続き再処理	機能仕様	65	1263	sheet-4-B018	★スマレジ連携APIについて、呼び出しを廃止予定のスマレジAPIからプラットフォームAPIに変更	★	sheet-4-R015,sheet-4-R016,sheet-4-R017,sheet-4-R018,sheet-4-R019,sheet-4-R020,sheet-4-R021,sheet-4-R022,sheet-4-R023,sheet-4-R024,sheet-4-R025,sheet-4-R026,sheet-4-R027,sheet-4-R028,sheet-4-R029,sheet-4-R030,sheet-4-R031,sheet-4-R032,sheet-4-R033,sheet-4-R034,sheet-4-R035,sheet-4-R036,sheet-4-R037,sheet-4-R038,sheet-4-R039,sheet-4-R040,sheet-4-R042,sheet-4-R043,sheet-4-R044,sheet-4-R045		・在庫履歴を登録する
sheet-4-R042	0405	sheet-4	購入完了手続き再処理	機能仕様	66	1264	sheet-4-B018	★スマレジ連携APIについて、呼び出しを廃止予定のスマレジAPIからプラットフォームAPIに変更	★	sheet-4-R015,sheet-4-R016,sheet-4-R017,sheet-4-R018,sheet-4-R019,sheet-4-R020,sheet-4-R021,sheet-4-R022,sheet-4-R023,sheet-4-R024,sheet-4-R025,sheet-4-R026,sheet-4-R027,sheet-4-R028,sheet-4-R029,sheet-4-R030,sheet-4-R031,sheet-4-R032,sheet-4-R033,sheet-4-R034,sheet-4-R035,sheet-4-R036,sheet-4-R037,sheet-4-R038,sheet-4-R039,sheet-4-R040,sheet-4-R041,sheet-4-R043,sheet-4-R044,sheet-4-R045		・注文完了メールを再送する
sheet-4-R043	0405	sheet-4	購入完了手続き再処理	機能仕様	67	1265	sheet-4-B018	★スマレジ連携APIについて、呼び出しを廃止予定のスマレジAPIからプラットフォームAPIに変更	★	sheet-4-R015,sheet-4-R016,sheet-4-R017,sheet-4-R018,sheet-4-R019,sheet-4-R020,sheet-4-R021,sheet-4-R022,sheet-4-R023,sheet-4-R024,sheet-4-R025,sheet-4-R026,sheet-4-R027,sheet-4-R028,sheet-4-R029,sheet-4-R030,sheet-4-R031,sheet-4-R032,sheet-4-R033,sheet-4-R034,sheet-4-R035,sheet-4-R036,sheet-4-R037,sheet-4-R038,sheet-4-R039,sheet-4-R040,sheet-4-R041,sheet-4-R042,sheet-4-R044,sheet-4-R045		エラーハンドリング
sheet-4-R044	0405	sheet-4	購入完了手続き再処理	機能仕様	68	1266	sheet-4-B018	★スマレジ連携APIについて、呼び出しを廃止予定のスマレジAPIからプラットフォームAPIに変更	★	sheet-4-R015,sheet-4-R016,sheet-4-R017,sheet-4-R018,sheet-4-R019,sheet-4-R020,sheet-4-R021,sheet-4-R022,sheet-4-R023,sheet-4-R024,sheet-4-R025,sheet-4-R026,sheet-4-R027,sheet-4-R028,sheet-4-R029,sheet-4-R030,sheet-4-R031,sheet-4-R032,sheet-4-R033,sheet-4-R034,sheet-4-R035,sheet-4-R036,sheet-4-R037,sheet-4-R038,sheet-4-R039,sheet-4-R040,sheet-4-R041,sheet-4-R042,sheet-4-R043,sheet-4-R045		・注文テーブルの名前付きロックが取得できない場合、処理を終了する
sheet-4-R045	0405	sheet-4	購入完了手続き再処理	機能仕様	69	1267	sheet-4-B018	★スマレジ連携APIについて、呼び出しを廃止予定のスマレジAPIからプラットフォームAPIに変更	★	sheet-4-R015,sheet-4-R016,sheet-4-R017,sheet-4-R018,sheet-4-R019,sheet-4-R020,sheet-4-R021,sheet-4-R022,sheet-4-R023,sheet-4-R024,sheet-4-R025,sheet-4-R026,sheet-4-R027,sheet-4-R028,sheet-4-R029,sheet-4-R030,sheet-4-R031,sheet-4-R032,sheet-4-R033,sheet-4-R034,sheet-4-R035,sheet-4-R036,sheet-4-R037,sheet-4-R038,sheet-4-R039,sheet-4-R040,sheet-4-R041,sheet-4-R042,sheet-4-R043,sheet-4-R044		・注文の更新時にエラーが発生した場合はロールバックを行う
sheet-4-R046	0405	sheet-4	購入完了手続き再処理	現行仕様	73	1271	sheet-4-B019					B05-02 購入完了手続き再処理 / バッチ 受注管理 — 購入完了手続き再処理
sheet-4-R047	0405	sheet-4	購入完了手続き再処理	現行仕様	75	1273	sheet-4-B020			sheet-4-R048,sheet-4-R049,sheet-4-R050,sheet-4-R051,sheet-4-R052		受注ごとの独立性
sheet-4-R048	0405	sheet-4	購入完了手続き再処理	現行仕様	76	1274	sheet-4-B020			sheet-4-R047,sheet-4-R049,sheet-4-R050,sheet-4-R051,sheet-4-R052		受注1件ごとに更新をまとめて確定するため、1件の失敗を他の受注へ波及させない。処理中に例外が発生した受注はエラーメッセージを出力し、次の受注へ進む。在庫の更新を確定したあとに注文完了メールを再送信するので、メールの再送信で例外が起きても、その受注の在庫履歴と販売数の更新は残る。対象の受注が無いときは何もせずに完了する。
sheet-4-R049	0405	sheet-4	購入完了手続き再処理	現行仕様	77	1275	sheet-4-B020			sheet-4-R047,sheet-4-R048,sheet-4-R050,sheet-4-R051,sheet-4-R052		受注番号の桁揃え
sheet-4-R050	0405	sheet-4	購入完了手続き再処理	現行仕様	78	1276	sheet-4-B020			sheet-4-R047,sheet-4-R048,sheet-4-R049,sheet-4-R051,sheet-4-R052		在庫履歴と注文完了メールに載せる受注番号は、8桁のゼロ埋めにする。受注番号がまだ採番されていない受注では空欄になる。
sheet-4-R051	0405	sheet-4	購入完了手続き再処理	現行仕様	79	1277	sheet-4-B020			sheet-4-R047,sheet-4-R048,sheet-4-R049,sheet-4-R050,sheet-4-R052		再送するメールの言語
sheet-4-R052	0405	sheet-4	購入完了手続き再処理	現行仕様	80	1278	sheet-4-B020			sheet-4-R047,sheet-4-R048,sheet-4-R049,sheet-4-R050,sheet-4-R051		会員の都道府県が海外のときは英語、それ以外のときは日本語のテンプレートで再送する。テンプレートは支払方法ごとに定めたものを使う。
sheet-4-R053	0405	sheet-4	購入完了手続き再処理	現行仕様	82	1280	sheet-4-B021			sheet-4-R054,sheet-4-R055		出力: 外部連携
sheet-4-R054	0405	sheet-4	購入完了手続き再処理	現行仕様	83	1281	sheet-4-B021			sheet-4-R053,sheet-4-R055		在庫履歴を登録するとき、対象になった商品規格の在庫数を支店へ通知する。
sheet-4-R055	0405	sheet-4	購入完了手続き再処理	現行仕様	84	1282	sheet-4-B021			sheet-4-R053,sheet-4-R054		入出力: 永続化
sheet-4-R056	0405	sheet-4	購入完了手続き再処理	現行仕様	86	1284	sheet-4-B022				"操作	契機"	"更新	受注明細1行ごとに、その明細の数量を、商品規格の当日・3日間・1週間・1ヶ月・90日間・180日間・365日間の各販売数へ加算する。昨日販売数には加算しない"
sheet-4-R057	0405	sheet-4	購入完了手続き再処理	表示メッセージ	89	1287	sheet-4-B023				"操作	契機"	本バッチは画面の文言を持たない。出力するのは未完了である旨と、受注ごとのエラーメッセージである。
sheet-5-R001	0405	sheet-5	店頭注文番号初期化	機能仕様	25	1320	sheet-5-B024			sheet-5-R002		注文番号初期化処理について
sheet-5-R002	0405	sheet-5	店頭注文番号初期化	機能仕様	26	1321	sheet-5-B024			sheet-5-R001		・本店だけではなく支店の店頭注文番号も初期化する
sheet-5-R003	0405	sheet-5	店頭注文番号初期化	機能仕様	28	1323	sheet-5-B025	★店頭受取番号を初期化	★	sheet-5-R004,sheet-5-R005,sheet-5-R006,sheet-5-R007,sheet-5-R008,sheet-5-R009,sheet-5-R010		★店頭受取番号を初期化
sheet-5-R004	0405	sheet-5	店頭注文番号初期化	機能仕様	29	1324	sheet-5-B025	★店頭受取番号を初期化	★	sheet-5-R003,sheet-5-R005,sheet-5-R006,sheet-5-R007,sheet-5-R008,sheet-5-R009,sheet-5-R010		・本店＋支店の店頭受取番号を削除する
sheet-5-R005	0405	sheet-5	店頭注文番号初期化	機能仕様	30	1325	sheet-5-B025	★店頭受取番号を初期化	★	sheet-5-R003,sheet-5-R004,sheet-5-R006,sheet-5-R007,sheet-5-R008,sheet-5-R009,sheet-5-R010		・店頭注文番号テーブルで店頭注文場号が発番される時に自動生成されるID (本店・支店共用)をリセットして、1からスタートし直すようにする
sheet-5-R006	0405	sheet-5	店頭注文番号初期化	機能仕様	31	1326	sheet-5-B025	★店頭受取番号を初期化	★	sheet-5-R003,sheet-5-R004,sheet-5-R005,sheet-5-R007,sheet-5-R008,sheet-5-R009,sheet-5-R010		実行トリガー　スケジュール起動(Step Functions)　実行タイミング　毎日0時
sheet-5-R007	0405	sheet-5	店頭注文番号初期化	機能仕様	32	1327	sheet-5-B025	★店頭受取番号を初期化	★	sheet-5-R003,sheet-5-R004,sheet-5-R005,sheet-5-R006,sheet-5-R008,sheet-5-R009,sheet-5-R010		入力データ元　DB　出力先(フォーマット)　DB
sheet-5-R008	0405	sheet-5	店頭注文番号初期化	機能仕様	33	1328	sheet-5-B025	★店頭受取番号を初期化	★	sheet-5-R003,sheet-5-R004,sheet-5-R005,sheet-5-R006,sheet-5-R007,sheet-5-R009,sheet-5-R010		入力データ詳細
sheet-5-R009	0405	sheet-5	店頭注文番号初期化	機能仕様	34	1329	sheet-5-B025	★店頭受取番号を初期化	★	sheet-5-R003,sheet-5-R004,sheet-5-R005,sheet-5-R006,sheet-5-R007,sheet-5-R008,sheet-5-R010		DBに保存されている店頭注文番号に登録されている全件データ
sheet-5-R010	0405	sheet-5	店頭注文番号初期化	機能仕様	35	1330	sheet-5-B025	★店頭受取番号を初期化	★	sheet-5-R003,sheet-5-R004,sheet-5-R005,sheet-5-R006,sheet-5-R007,sheet-5-R008,sheet-5-R009		入力データ検索条件
sheet-5-R011	0405	sheet-5	店頭注文番号初期化	機能仕様	38	1333	sheet-5-B026			sheet-5-R012,sheet-5-R013,sheet-5-R014,sheet-5-R015	"項目名	条件	備考"	実行結果詳細  ※主にDBの登録・更新結果について記載
sheet-5-R012	0405	sheet-5	店頭注文番号初期化	機能仕様	39	1334	sheet-5-B026			sheet-5-R011,sheet-5-R013,sheet-5-R014,sheet-5-R015	"項目名	条件	備考"	・DBに保存されている店頭注文番号の全件を物理削除
sheet-5-R013	0405	sheet-5	店頭注文番号初期化	機能仕様	40	1335	sheet-5-B026			sheet-5-R011,sheet-5-R012,sheet-5-R014,sheet-5-R015	"項目名	条件	備考"	・店頭注文番号を発番した際に自動採番される店頭注文番号のID (本店・支店共用)をリセットして、1からスタートするようにする
sheet-5-R014	0405	sheet-5	店頭注文番号初期化	機能仕様	41	1336	sheet-5-B026			sheet-5-R011,sheet-5-R012,sheet-5-R013,sheet-5-R015	"項目名	条件	備考"	エラーハンドリング
sheet-5-R015	0405	sheet-5	店頭注文番号初期化	機能仕様	42	1337	sheet-5-B026			sheet-5-R011,sheet-5-R012,sheet-5-R013,sheet-5-R014	"項目名	条件	備考"	・エラーが発生した場合、メールで管理者に通知
sheet-5-R016	0405	sheet-5	店頭注文番号初期化	現行仕様	46	1341	sheet-5-B027				"項目名	条件	備考"	B05-03 店頭注文番号初期化 / バッチ 受注管理 — 店頭注文番号初期化
sheet-5-R017	0405	sheet-5	店頭注文番号初期化	現行仕様	48	1343	sheet-5-B028			sheet-5-R018,sheet-5-R019,sheet-5-R020,sheet-5-R021,sheet-5-R022,sheet-5-R023,sheet-5-R024	"項目名	条件	備考"	対象が0件のときと再実行
sheet-5-R018	0405	sheet-5	店頭注文番号初期化	現行仕様	49	1344	sheet-5-B028			sheet-5-R017,sheet-5-R019,sheet-5-R020,sheet-5-R021,sheet-5-R022,sheet-5-R023,sheet-5-R024	"項目名	条件	備考"	対象が0件のときも、削除と採番カウンタの初期化を実行する。結果は、店頭注文番号が無い状態と、初期化済みの採番カウンタだけになる。
sheet-5-R019	0405	sheet-5	店頭注文番号初期化	現行仕様	50	1345	sheet-5-B028			sheet-5-R017,sheet-5-R018,sheet-5-R020,sheet-5-R021,sheet-5-R022,sheet-5-R023,sheet-5-R024	"項目名	条件	備考"	何度実行したときも結果は同じになる。冪等である。
sheet-5-R020	0405	sheet-5	店頭注文番号初期化	現行仕様	51	1346	sheet-5-B028			sheet-5-R017,sheet-5-R018,sheet-5-R019,sheet-5-R021,sheet-5-R022,sheet-5-R023,sheet-5-R024	"項目名	条件	備考"	実行の影響
sheet-5-R021	0405	sheet-5	店頭注文番号初期化	現行仕様	52	1347	sheet-5-B028			sheet-5-R017,sheet-5-R018,sheet-5-R019,sheet-5-R020,sheet-5-R022,sheet-5-R023,sheet-5-R024	"項目名	条件	備考"	このバッチは破壊的である。店頭注文番号と紐づく受注の対応は、いずれの場合もすべて失われる。実行した後は、過去に提示済みの整理番号から受注を引けなくなる。
sheet-5-R022	0405	sheet-5	店頭注文番号初期化	現行仕様	53	1348	sheet-5-B028			sheet-5-R017,sheet-5-R018,sheet-5-R019,sheet-5-R020,sheet-5-R021,sheet-5-R023,sheet-5-R024	"項目名	条件	備考"	失われるのは店頭注文番号だけである。受注そのものは残り、金額の再計算や集計は、いずれの場合も行わない。
sheet-5-R023	0405	sheet-5	店頭注文番号初期化	現行仕様	54	1349	sheet-5-B028			sheet-5-R017,sheet-5-R018,sheet-5-R019,sheet-5-R020,sheet-5-R021,sheet-5-R022,sheet-5-R024	"項目名	条件	備考"	起動できなかったときの扱い
sheet-5-R024	0405	sheet-5	店頭注文番号初期化	現行仕様	55	1350	sheet-5-B028			sheet-5-R017,sheet-5-R018,sheet-5-R019,sheet-5-R020,sheet-5-R021,sheet-5-R022,sheet-5-R023	"項目名	条件	備考"	コマンド名が未指定のとき、および対応するバッチが無い名前を指定したときは、初期化を行わずに終了する。店頭注文番号と採番カウンタは、いずれも変わらない。
sheet-5-R025	0405	sheet-5	店頭注文番号初期化	現行仕様	58	1353	sheet-5-B029			sheet-5-R026	"種類	内容"	"入力	コマンド名。引数は使わない。実行条件は特に無く、対象が0件でも実行できる。"
sheet-5-R026	0405	sheet-5	店頭注文番号初期化	現行仕様	59	1354	sheet-5-B029			sheet-5-R025	"種類	内容"	"成功時出力	正常に終わったときは、実行結果の通知を出さない。"
sheet-5-R027	0405	sheet-5	店頭注文番号初期化	表示メッセージ	62	1357	sheet-5-B030				"種類	内容"	この機能は、いずれの場合も画面のメッセージを扱わない。
sheet-6-R001	0405	sheet-6	スマレジ商品再連携	機能仕様	24	1398	sheet-6-B031					・スマレジ連携APIについて、呼び出しを廃止予定のスマレジAPIからプラットフォームAPIに変更
sheet-6-R002	0405	sheet-6	スマレジ商品再連携	機能仕様	26	1400	sheet-6-B032			sheet-6-R003,sheet-6-R004,sheet-6-R005,sheet-6-R006,sheet-6-R007,sheet-6-R008,sheet-6-R009,sheet-6-R010,sheet-6-R011,sheet-6-R012,sheet-6-R013,sheet-6-R014,sheet-6-R015,sheet-6-R016,sheet-6-R017,sheet-6-R018,sheet-6-R019,sheet-6-R020,sheet-6-R021,sheet-6-R022,sheet-6-R023,sheet-6-R024,sheet-6-R025,sheet-6-R026,sheet-6-R027,sheet-6-R028,sheet-6-R029,sheet-6-R030,sheet-6-R031,sheet-6-R032,sheet-6-R033,sheet-6-R034,sheet-6-R035,sheet-6-R036		・DBから下記に当てはまる注文データを取得する
sheet-6-R003	0405	sheet-6	スマレジ商品再連携	機能仕様	27	1401	sheet-6-B032			sheet-6-R002,sheet-6-R004,sheet-6-R005,sheet-6-R006,sheet-6-R007,sheet-6-R008,sheet-6-R009,sheet-6-R010,sheet-6-R011,sheet-6-R012,sheet-6-R013,sheet-6-R014,sheet-6-R015,sheet-6-R016,sheet-6-R017,sheet-6-R018,sheet-6-R019,sheet-6-R020,sheet-6-R021,sheet-6-R022,sheet-6-R023,sheet-6-R024,sheet-6-R025,sheet-6-R026,sheet-6-R027,sheet-6-R028,sheet-6-R029,sheet-6-R030,sheet-6-R031,sheet-6-R032,sheet-6-R033,sheet-6-R034,sheet-6-R035,sheet-6-R036		・スマレジ商品コードが登録されている
sheet-6-R004	0405	sheet-6	スマレジ商品再連携	機能仕様	28	1402	sheet-6-B032			sheet-6-R002,sheet-6-R003,sheet-6-R005,sheet-6-R006,sheet-6-R007,sheet-6-R008,sheet-6-R009,sheet-6-R010,sheet-6-R011,sheet-6-R012,sheet-6-R013,sheet-6-R014,sheet-6-R015,sheet-6-R016,sheet-6-R017,sheet-6-R018,sheet-6-R019,sheet-6-R020,sheet-6-R021,sheet-6-R022,sheet-6-R023,sheet-6-R024,sheet-6-R025,sheet-6-R026,sheet-6-R027,sheet-6-R028,sheet-6-R029,sheet-6-R030,sheet-6-R031,sheet-6-R032,sheet-6-R033,sheet-6-R034,sheet-6-R035,sheet-6-R036		・スマレジ削除していない
sheet-6-R005	0405	sheet-6	スマレジ商品再連携	機能仕様	29	1403	sheet-6-B032			sheet-6-R002,sheet-6-R003,sheet-6-R004,sheet-6-R006,sheet-6-R007,sheet-6-R008,sheet-6-R009,sheet-6-R010,sheet-6-R011,sheet-6-R012,sheet-6-R013,sheet-6-R014,sheet-6-R015,sheet-6-R016,sheet-6-R017,sheet-6-R018,sheet-6-R019,sheet-6-R020,sheet-6-R021,sheet-6-R022,sheet-6-R023,sheet-6-R024,sheet-6-R025,sheet-6-R026,sheet-6-R027,sheet-6-R028,sheet-6-R029,sheet-6-R030,sheet-6-R031,sheet-6-R032,sheet-6-R033,sheet-6-R034,sheet-6-R035,sheet-6-R036		・スマレジ商品未連携もしくは、スマレジ在庫連携未連携
sheet-6-R006	0405	sheet-6	スマレジ商品再連携	機能仕様	30	1404	sheet-6-B032			sheet-6-R002,sheet-6-R003,sheet-6-R004,sheet-6-R005,sheet-6-R007,sheet-6-R008,sheet-6-R009,sheet-6-R010,sheet-6-R011,sheet-6-R012,sheet-6-R013,sheet-6-R014,sheet-6-R015,sheet-6-R016,sheet-6-R017,sheet-6-R018,sheet-6-R019,sheet-6-R020,sheet-6-R021,sheet-6-R022,sheet-6-R023,sheet-6-R024,sheet-6-R025,sheet-6-R026,sheet-6-R027,sheet-6-R028,sheet-6-R029,sheet-6-R030,sheet-6-R031,sheet-6-R032,sheet-6-R033,sheet-6-R034,sheet-6-R035,sheet-6-R036		・取得した注文データを未連携部分に応じて必要なスマレジ連携をする
sheet-6-R007	0405	sheet-6	スマレジ商品再連携	機能仕様	31	1405	sheet-6-B032			sheet-6-R002,sheet-6-R003,sheet-6-R004,sheet-6-R005,sheet-6-R006,sheet-6-R008,sheet-6-R009,sheet-6-R010,sheet-6-R011,sheet-6-R012,sheet-6-R013,sheet-6-R014,sheet-6-R015,sheet-6-R016,sheet-6-R017,sheet-6-R018,sheet-6-R019,sheet-6-R020,sheet-6-R021,sheet-6-R022,sheet-6-R023,sheet-6-R024,sheet-6-R025,sheet-6-R026,sheet-6-R027,sheet-6-R028,sheet-6-R029,sheet-6-R030,sheet-6-R031,sheet-6-R032,sheet-6-R033,sheet-6-R034,sheet-6-R035,sheet-6-R036		・商品情報の更新
sheet-6-R008	0405	sheet-6	スマレジ商品再連携	機能仕様	32	1406	sheet-6-B032			sheet-6-R002,sheet-6-R003,sheet-6-R004,sheet-6-R005,sheet-6-R006,sheet-6-R007,sheet-6-R009,sheet-6-R010,sheet-6-R011,sheet-6-R012,sheet-6-R013,sheet-6-R014,sheet-6-R015,sheet-6-R016,sheet-6-R017,sheet-6-R018,sheet-6-R019,sheet-6-R020,sheet-6-R021,sheet-6-R022,sheet-6-R023,sheet-6-R024,sheet-6-R025,sheet-6-R026,sheet-6-R027,sheet-6-R028,sheet-6-R029,sheet-6-R030,sheet-6-R031,sheet-6-R032,sheet-6-R033,sheet-6-R034,sheet-6-R035,sheet-6-R036		・スマレジ商品情報未連携の場合は、商品情報の更新をする
sheet-6-R009	0405	sheet-6	スマレジ商品再連携	機能仕様	33	1407	sheet-6-B032			sheet-6-R002,sheet-6-R003,sheet-6-R004,sheet-6-R005,sheet-6-R006,sheet-6-R007,sheet-6-R008,sheet-6-R010,sheet-6-R011,sheet-6-R012,sheet-6-R013,sheet-6-R014,sheet-6-R015,sheet-6-R016,sheet-6-R017,sheet-6-R018,sheet-6-R019,sheet-6-R020,sheet-6-R021,sheet-6-R022,sheet-6-R023,sheet-6-R024,sheet-6-R025,sheet-6-R026,sheet-6-R027,sheet-6-R028,sheet-6-R029,sheet-6-R030,sheet-6-R031,sheet-6-R032,sheet-6-R033,sheet-6-R034,sheet-6-R035,sheet-6-R036		・連携に失敗した場合はスマレジ通信エラーメール送信
sheet-6-R010	0405	sheet-6	スマレジ商品再連携	機能仕様	34	1408	sheet-6-B032			sheet-6-R002,sheet-6-R003,sheet-6-R004,sheet-6-R005,sheet-6-R006,sheet-6-R007,sheet-6-R008,sheet-6-R009,sheet-6-R011,sheet-6-R012,sheet-6-R013,sheet-6-R014,sheet-6-R015,sheet-6-R016,sheet-6-R017,sheet-6-R018,sheet-6-R019,sheet-6-R020,sheet-6-R021,sheet-6-R022,sheet-6-R023,sheet-6-R024,sheet-6-R025,sheet-6-R026,sheet-6-R027,sheet-6-R028,sheet-6-R029,sheet-6-R030,sheet-6-R031,sheet-6-R032,sheet-6-R033,sheet-6-R034,sheet-6-R035,sheet-6-R036		・在庫情報の更新
sheet-6-R011	0405	sheet-6	スマレジ商品再連携	機能仕様	35	1409	sheet-6-B032			sheet-6-R002,sheet-6-R003,sheet-6-R004,sheet-6-R005,sheet-6-R006,sheet-6-R007,sheet-6-R008,sheet-6-R009,sheet-6-R010,sheet-6-R012,sheet-6-R013,sheet-6-R014,sheet-6-R015,sheet-6-R016,sheet-6-R017,sheet-6-R018,sheet-6-R019,sheet-6-R020,sheet-6-R021,sheet-6-R022,sheet-6-R023,sheet-6-R024,sheet-6-R025,sheet-6-R026,sheet-6-R027,sheet-6-R028,sheet-6-R029,sheet-6-R030,sheet-6-R031,sheet-6-R032,sheet-6-R033,sheet-6-R034,sheet-6-R035,sheet-6-R036		・スマレジ在庫情報未連携の場合は、在庫情報の更新をする
sheet-6-R012	0405	sheet-6	スマレジ商品再連携	機能仕様	36	1410	sheet-6-B032			sheet-6-R002,sheet-6-R003,sheet-6-R004,sheet-6-R005,sheet-6-R006,sheet-6-R007,sheet-6-R008,sheet-6-R009,sheet-6-R010,sheet-6-R011,sheet-6-R013,sheet-6-R014,sheet-6-R015,sheet-6-R016,sheet-6-R017,sheet-6-R018,sheet-6-R019,sheet-6-R020,sheet-6-R021,sheet-6-R022,sheet-6-R023,sheet-6-R024,sheet-6-R025,sheet-6-R026,sheet-6-R027,sheet-6-R028,sheet-6-R029,sheet-6-R030,sheet-6-R031,sheet-6-R032,sheet-6-R033,sheet-6-R034,sheet-6-R035,sheet-6-R036		・連携に失敗した場合はスマレジ通信エラーメール送信
sheet-6-R013	0405	sheet-6	スマレジ商品再連携	機能仕様	37	1411	sheet-6-B032			sheet-6-R002,sheet-6-R003,sheet-6-R004,sheet-6-R005,sheet-6-R006,sheet-6-R007,sheet-6-R008,sheet-6-R009,sheet-6-R010,sheet-6-R011,sheet-6-R012,sheet-6-R014,sheet-6-R015,sheet-6-R016,sheet-6-R017,sheet-6-R018,sheet-6-R019,sheet-6-R020,sheet-6-R021,sheet-6-R022,sheet-6-R023,sheet-6-R024,sheet-6-R025,sheet-6-R026,sheet-6-R027,sheet-6-R028,sheet-6-R029,sheet-6-R030,sheet-6-R031,sheet-6-R032,sheet-6-R033,sheet-6-R034,sheet-6-R035,sheet-6-R036		実行トリガー　スケジュール起動(Step Functions)　実行タイミング　10分ごと
sheet-6-R014	0405	sheet-6	スマレジ商品再連携	機能仕様	38	1412	sheet-6-B032			sheet-6-R002,sheet-6-R003,sheet-6-R004,sheet-6-R005,sheet-6-R006,sheet-6-R007,sheet-6-R008,sheet-6-R009,sheet-6-R010,sheet-6-R011,sheet-6-R012,sheet-6-R013,sheet-6-R015,sheet-6-R016,sheet-6-R017,sheet-6-R018,sheet-6-R019,sheet-6-R020,sheet-6-R021,sheet-6-R022,sheet-6-R023,sheet-6-R024,sheet-6-R025,sheet-6-R026,sheet-6-R027,sheet-6-R028,sheet-6-R029,sheet-6-R030,sheet-6-R031,sheet-6-R032,sheet-6-R033,sheet-6-R034,sheet-6-R035,sheet-6-R036		入力データ元　DB　出力先(フォーマット)　DB, スマレジ
sheet-6-R015	0405	sheet-6	スマレジ商品再連携	機能仕様	39	1413	sheet-6-B032			sheet-6-R002,sheet-6-R003,sheet-6-R004,sheet-6-R005,sheet-6-R006,sheet-6-R007,sheet-6-R008,sheet-6-R009,sheet-6-R010,sheet-6-R011,sheet-6-R012,sheet-6-R013,sheet-6-R014,sheet-6-R016,sheet-6-R017,sheet-6-R018,sheet-6-R019,sheet-6-R020,sheet-6-R021,sheet-6-R022,sheet-6-R023,sheet-6-R024,sheet-6-R025,sheet-6-R026,sheet-6-R027,sheet-6-R028,sheet-6-R029,sheet-6-R030,sheet-6-R031,sheet-6-R032,sheet-6-R033,sheet-6-R034,sheet-6-R035,sheet-6-R036		入力データ詳細
sheet-6-R016	0405	sheet-6	スマレジ商品再連携	機能仕様	40	1414	sheet-6-B032			sheet-6-R002,sheet-6-R003,sheet-6-R004,sheet-6-R005,sheet-6-R006,sheet-6-R007,sheet-6-R008,sheet-6-R009,sheet-6-R010,sheet-6-R011,sheet-6-R012,sheet-6-R013,sheet-6-R014,sheet-6-R015,sheet-6-R017,sheet-6-R018,sheet-6-R019,sheet-6-R020,sheet-6-R021,sheet-6-R022,sheet-6-R023,sheet-6-R024,sheet-6-R025,sheet-6-R026,sheet-6-R027,sheet-6-R028,sheet-6-R029,sheet-6-R030,sheet-6-R031,sheet-6-R032,sheet-6-R033,sheet-6-R034,sheet-6-R035,sheet-6-R036		・DBから下記条件を満たすスマレジ未連携の注文データを取得
sheet-6-R017	0405	sheet-6	スマレジ商品再連携	機能仕様	41	1415	sheet-6-B032			sheet-6-R002,sheet-6-R003,sheet-6-R004,sheet-6-R005,sheet-6-R006,sheet-6-R007,sheet-6-R008,sheet-6-R009,sheet-6-R010,sheet-6-R011,sheet-6-R012,sheet-6-R013,sheet-6-R014,sheet-6-R015,sheet-6-R016,sheet-6-R018,sheet-6-R019,sheet-6-R020,sheet-6-R021,sheet-6-R022,sheet-6-R023,sheet-6-R024,sheet-6-R025,sheet-6-R026,sheet-6-R027,sheet-6-R028,sheet-6-R029,sheet-6-R030,sheet-6-R031,sheet-6-R032,sheet-6-R033,sheet-6-R034,sheet-6-R035,sheet-6-R036		・スマレジ商品コードが登録されている
sheet-6-R018	0405	sheet-6	スマレジ商品再連携	機能仕様	42	1416	sheet-6-B032			sheet-6-R002,sheet-6-R003,sheet-6-R004,sheet-6-R005,sheet-6-R006,sheet-6-R007,sheet-6-R008,sheet-6-R009,sheet-6-R010,sheet-6-R011,sheet-6-R012,sheet-6-R013,sheet-6-R014,sheet-6-R015,sheet-6-R016,sheet-6-R017,sheet-6-R019,sheet-6-R020,sheet-6-R021,sheet-6-R022,sheet-6-R023,sheet-6-R024,sheet-6-R025,sheet-6-R026,sheet-6-R027,sheet-6-R028,sheet-6-R029,sheet-6-R030,sheet-6-R031,sheet-6-R032,sheet-6-R033,sheet-6-R034,sheet-6-R035,sheet-6-R036		・スマレジ削除フラグが立っていない
sheet-6-R019	0405	sheet-6	スマレジ商品再連携	機能仕様	43	1417	sheet-6-B032			sheet-6-R002,sheet-6-R003,sheet-6-R004,sheet-6-R005,sheet-6-R006,sheet-6-R007,sheet-6-R008,sheet-6-R009,sheet-6-R010,sheet-6-R011,sheet-6-R012,sheet-6-R013,sheet-6-R014,sheet-6-R015,sheet-6-R016,sheet-6-R017,sheet-6-R018,sheet-6-R020,sheet-6-R021,sheet-6-R022,sheet-6-R023,sheet-6-R024,sheet-6-R025,sheet-6-R026,sheet-6-R027,sheet-6-R028,sheet-6-R029,sheet-6-R030,sheet-6-R031,sheet-6-R032,sheet-6-R033,sheet-6-R034,sheet-6-R035,sheet-6-R036		・スマレジ商品連携が未連携 もしくはスマレジ在庫連携が未連携
sheet-6-R020	0405	sheet-6	スマレジ商品再連携	機能仕様	44	1418	sheet-6-B032			sheet-6-R002,sheet-6-R003,sheet-6-R004,sheet-6-R005,sheet-6-R006,sheet-6-R007,sheet-6-R008,sheet-6-R009,sheet-6-R010,sheet-6-R011,sheet-6-R012,sheet-6-R013,sheet-6-R014,sheet-6-R015,sheet-6-R016,sheet-6-R017,sheet-6-R018,sheet-6-R019,sheet-6-R021,sheet-6-R022,sheet-6-R023,sheet-6-R024,sheet-6-R025,sheet-6-R026,sheet-6-R027,sheet-6-R028,sheet-6-R029,sheet-6-R030,sheet-6-R031,sheet-6-R032,sheet-6-R033,sheet-6-R034,sheet-6-R035,sheet-6-R036		入力データ検索条件
sheet-6-R021	0405	sheet-6	スマレジ商品再連携	機能仕様	45	1419	sheet-6-B032			sheet-6-R002,sheet-6-R003,sheet-6-R004,sheet-6-R005,sheet-6-R006,sheet-6-R007,sheet-6-R008,sheet-6-R009,sheet-6-R010,sheet-6-R011,sheet-6-R012,sheet-6-R013,sheet-6-R014,sheet-6-R015,sheet-6-R016,sheet-6-R017,sheet-6-R018,sheet-6-R019,sheet-6-R020,sheet-6-R022,sheet-6-R023,sheet-6-R024,sheet-6-R025,sheet-6-R026,sheet-6-R027,sheet-6-R028,sheet-6-R029,sheet-6-R030,sheet-6-R031,sheet-6-R032,sheet-6-R033,sheet-6-R034,sheet-6-R035,sheet-6-R036		項目名　条件　備考
sheet-6-R022	0405	sheet-6	スマレジ商品再連携	機能仕様	46	1420	sheet-6-B032			sheet-6-R002,sheet-6-R003,sheet-6-R004,sheet-6-R005,sheet-6-R006,sheet-6-R007,sheet-6-R008,sheet-6-R009,sheet-6-R010,sheet-6-R011,sheet-6-R012,sheet-6-R013,sheet-6-R014,sheet-6-R015,sheet-6-R016,sheet-6-R017,sheet-6-R018,sheet-6-R019,sheet-6-R020,sheet-6-R021,sheet-6-R023,sheet-6-R024,sheet-6-R025,sheet-6-R026,sheet-6-R027,sheet-6-R028,sheet-6-R029,sheet-6-R030,sheet-6-R031,sheet-6-R032,sheet-6-R033,sheet-6-R034,sheet-6-R035,sheet-6-R036		注文データ.スマレジ商品コード　スマレジ商品コードが登録されている
sheet-6-R023	0405	sheet-6	スマレジ商品再連携	機能仕様	47	1421	sheet-6-B032			sheet-6-R002,sheet-6-R003,sheet-6-R004,sheet-6-R005,sheet-6-R006,sheet-6-R007,sheet-6-R008,sheet-6-R009,sheet-6-R010,sheet-6-R011,sheet-6-R012,sheet-6-R013,sheet-6-R014,sheet-6-R015,sheet-6-R016,sheet-6-R017,sheet-6-R018,sheet-6-R019,sheet-6-R020,sheet-6-R021,sheet-6-R022,sheet-6-R024,sheet-6-R025,sheet-6-R026,sheet-6-R027,sheet-6-R028,sheet-6-R029,sheet-6-R030,sheet-6-R031,sheet-6-R032,sheet-6-R033,sheet-6-R034,sheet-6-R035,sheet-6-R036		注文データ.スマレジ削除フラグ　スマレジ削除フラグが立っていない
sheet-6-R024	0405	sheet-6	スマレジ商品再連携	機能仕様	48	1422	sheet-6-B032			sheet-6-R002,sheet-6-R003,sheet-6-R004,sheet-6-R005,sheet-6-R006,sheet-6-R007,sheet-6-R008,sheet-6-R009,sheet-6-R010,sheet-6-R011,sheet-6-R012,sheet-6-R013,sheet-6-R014,sheet-6-R015,sheet-6-R016,sheet-6-R017,sheet-6-R018,sheet-6-R019,sheet-6-R020,sheet-6-R021,sheet-6-R022,sheet-6-R023,sheet-6-R025,sheet-6-R026,sheet-6-R027,sheet-6-R028,sheet-6-R029,sheet-6-R030,sheet-6-R031,sheet-6-R032,sheet-6-R033,sheet-6-R034,sheet-6-R035,sheet-6-R036		注文データ.スマレジ商品連携フラグ or
sheet-6-R025	0405	sheet-6	スマレジ商品再連携	機能仕様	49	1423	sheet-6-B032			sheet-6-R002,sheet-6-R003,sheet-6-R004,sheet-6-R005,sheet-6-R006,sheet-6-R007,sheet-6-R008,sheet-6-R009,sheet-6-R010,sheet-6-R011,sheet-6-R012,sheet-6-R013,sheet-6-R014,sheet-6-R015,sheet-6-R016,sheet-6-R017,sheet-6-R018,sheet-6-R019,sheet-6-R020,sheet-6-R021,sheet-6-R022,sheet-6-R023,sheet-6-R024,sheet-6-R026,sheet-6-R027,sheet-6-R028,sheet-6-R029,sheet-6-R030,sheet-6-R031,sheet-6-R032,sheet-6-R033,sheet-6-R034,sheet-6-R035,sheet-6-R036		注文データ.スマレジ在庫連携フラグ　スマレジ商品連携が未連携
sheet-6-R026	0405	sheet-6	スマレジ商品再連携	機能仕様	50	1424	sheet-6-B032			sheet-6-R002,sheet-6-R003,sheet-6-R004,sheet-6-R005,sheet-6-R006,sheet-6-R007,sheet-6-R008,sheet-6-R009,sheet-6-R010,sheet-6-R011,sheet-6-R012,sheet-6-R013,sheet-6-R014,sheet-6-R015,sheet-6-R016,sheet-6-R017,sheet-6-R018,sheet-6-R019,sheet-6-R020,sheet-6-R021,sheet-6-R022,sheet-6-R023,sheet-6-R024,sheet-6-R025,sheet-6-R027,sheet-6-R028,sheet-6-R029,sheet-6-R030,sheet-6-R031,sheet-6-R032,sheet-6-R033,sheet-6-R034,sheet-6-R035,sheet-6-R036		もしくはスマレジ在庫連携が未連携
sheet-6-R027	0405	sheet-6	スマレジ商品再連携	機能仕様	51	1425	sheet-6-B032			sheet-6-R002,sheet-6-R003,sheet-6-R004,sheet-6-R005,sheet-6-R006,sheet-6-R007,sheet-6-R008,sheet-6-R009,sheet-6-R010,sheet-6-R011,sheet-6-R012,sheet-6-R013,sheet-6-R014,sheet-6-R015,sheet-6-R016,sheet-6-R017,sheet-6-R018,sheet-6-R019,sheet-6-R020,sheet-6-R021,sheet-6-R022,sheet-6-R023,sheet-6-R024,sheet-6-R025,sheet-6-R026,sheet-6-R028,sheet-6-R029,sheet-6-R030,sheet-6-R031,sheet-6-R032,sheet-6-R033,sheet-6-R034,sheet-6-R035,sheet-6-R036		実行結果詳細  ※主にDBの登録・更新結果について記載
sheet-6-R028	0405	sheet-6	スマレジ商品再連携	機能仕様	52	1426	sheet-6-B032			sheet-6-R002,sheet-6-R003,sheet-6-R004,sheet-6-R005,sheet-6-R006,sheet-6-R007,sheet-6-R008,sheet-6-R009,sheet-6-R010,sheet-6-R011,sheet-6-R012,sheet-6-R013,sheet-6-R014,sheet-6-R015,sheet-6-R016,sheet-6-R017,sheet-6-R018,sheet-6-R019,sheet-6-R020,sheet-6-R021,sheet-6-R022,sheet-6-R023,sheet-6-R024,sheet-6-R025,sheet-6-R026,sheet-6-R027,sheet-6-R029,sheet-6-R030,sheet-6-R031,sheet-6-R032,sheet-6-R033,sheet-6-R034,sheet-6-R035,sheet-6-R036		スマレジ商品連携が未連携の場合
sheet-6-R029	0405	sheet-6	スマレジ商品再連携	機能仕様	53	1427	sheet-6-B032			sheet-6-R002,sheet-6-R003,sheet-6-R004,sheet-6-R005,sheet-6-R006,sheet-6-R007,sheet-6-R008,sheet-6-R009,sheet-6-R010,sheet-6-R011,sheet-6-R012,sheet-6-R013,sheet-6-R014,sheet-6-R015,sheet-6-R016,sheet-6-R017,sheet-6-R018,sheet-6-R019,sheet-6-R020,sheet-6-R021,sheet-6-R022,sheet-6-R023,sheet-6-R024,sheet-6-R025,sheet-6-R026,sheet-6-R027,sheet-6-R028,sheet-6-R030,sheet-6-R031,sheet-6-R032,sheet-6-R033,sheet-6-R034,sheet-6-R035,sheet-6-R036		スマレジプラットフォームAPIでスマレジに商品を登録する
sheet-6-R030	0405	sheet-6	スマレジ商品再連携	機能仕様	54	1428	sheet-6-B032			sheet-6-R002,sheet-6-R003,sheet-6-R004,sheet-6-R005,sheet-6-R006,sheet-6-R007,sheet-6-R008,sheet-6-R009,sheet-6-R010,sheet-6-R011,sheet-6-R012,sheet-6-R013,sheet-6-R014,sheet-6-R015,sheet-6-R016,sheet-6-R017,sheet-6-R018,sheet-6-R019,sheet-6-R020,sheet-6-R021,sheet-6-R022,sheet-6-R023,sheet-6-R024,sheet-6-R025,sheet-6-R026,sheet-6-R027,sheet-6-R028,sheet-6-R029,sheet-6-R031,sheet-6-R032,sheet-6-R033,sheet-6-R034,sheet-6-R035,sheet-6-R036		スマレジ登録が成功したら、当該注文データのスマレジ商品連携フラグを立てる
sheet-6-R031	0405	sheet-6	スマレジ商品再連携	機能仕様	55	1429	sheet-6-B032			sheet-6-R002,sheet-6-R003,sheet-6-R004,sheet-6-R005,sheet-6-R006,sheet-6-R007,sheet-6-R008,sheet-6-R009,sheet-6-R010,sheet-6-R011,sheet-6-R012,sheet-6-R013,sheet-6-R014,sheet-6-R015,sheet-6-R016,sheet-6-R017,sheet-6-R018,sheet-6-R019,sheet-6-R020,sheet-6-R021,sheet-6-R022,sheet-6-R023,sheet-6-R024,sheet-6-R025,sheet-6-R026,sheet-6-R027,sheet-6-R028,sheet-6-R029,sheet-6-R030,sheet-6-R032,sheet-6-R033,sheet-6-R034,sheet-6-R035,sheet-6-R036		スマレジ在庫連携が未連携の場合
sheet-6-R032	0405	sheet-6	スマレジ商品再連携	機能仕様	56	1430	sheet-6-B032			sheet-6-R002,sheet-6-R003,sheet-6-R004,sheet-6-R005,sheet-6-R006,sheet-6-R007,sheet-6-R008,sheet-6-R009,sheet-6-R010,sheet-6-R011,sheet-6-R012,sheet-6-R013,sheet-6-R014,sheet-6-R015,sheet-6-R016,sheet-6-R017,sheet-6-R018,sheet-6-R019,sheet-6-R020,sheet-6-R021,sheet-6-R022,sheet-6-R023,sheet-6-R024,sheet-6-R025,sheet-6-R026,sheet-6-R027,sheet-6-R028,sheet-6-R029,sheet-6-R030,sheet-6-R031,sheet-6-R033,sheet-6-R034,sheet-6-R035,sheet-6-R036		スマレジプラットフォームAPIでスマレジに在庫を登録する
sheet-6-R033	0405	sheet-6	スマレジ商品再連携	機能仕様	57	1431	sheet-6-B032			sheet-6-R002,sheet-6-R003,sheet-6-R004,sheet-6-R005,sheet-6-R006,sheet-6-R007,sheet-6-R008,sheet-6-R009,sheet-6-R010,sheet-6-R011,sheet-6-R012,sheet-6-R013,sheet-6-R014,sheet-6-R015,sheet-6-R016,sheet-6-R017,sheet-6-R018,sheet-6-R019,sheet-6-R020,sheet-6-R021,sheet-6-R022,sheet-6-R023,sheet-6-R024,sheet-6-R025,sheet-6-R026,sheet-6-R027,sheet-6-R028,sheet-6-R029,sheet-6-R030,sheet-6-R031,sheet-6-R032,sheet-6-R034,sheet-6-R035,sheet-6-R036		スマレジ登録が成功したら、当該注文データのスマレジ在庫連携フラグを立てる
sheet-6-R034	0405	sheet-6	スマレジ商品再連携	機能仕様	58	1432	sheet-6-B032			sheet-6-R002,sheet-6-R003,sheet-6-R004,sheet-6-R005,sheet-6-R006,sheet-6-R007,sheet-6-R008,sheet-6-R009,sheet-6-R010,sheet-6-R011,sheet-6-R012,sheet-6-R013,sheet-6-R014,sheet-6-R015,sheet-6-R016,sheet-6-R017,sheet-6-R018,sheet-6-R019,sheet-6-R020,sheet-6-R021,sheet-6-R022,sheet-6-R023,sheet-6-R024,sheet-6-R025,sheet-6-R026,sheet-6-R027,sheet-6-R028,sheet-6-R029,sheet-6-R030,sheet-6-R031,sheet-6-R032,sheet-6-R033,sheet-6-R035,sheet-6-R036		※ 一つの注文データで、スマジレ商品連携、スマレジ在庫連携どちらも未連携になっている状態も想定されるので注意
sheet-6-R035	0405	sheet-6	スマレジ商品再連携	機能仕様	59	1433	sheet-6-B032			sheet-6-R002,sheet-6-R003,sheet-6-R004,sheet-6-R005,sheet-6-R006,sheet-6-R007,sheet-6-R008,sheet-6-R009,sheet-6-R010,sheet-6-R011,sheet-6-R012,sheet-6-R013,sheet-6-R014,sheet-6-R015,sheet-6-R016,sheet-6-R017,sheet-6-R018,sheet-6-R019,sheet-6-R020,sheet-6-R021,sheet-6-R022,sheet-6-R023,sheet-6-R024,sheet-6-R025,sheet-6-R026,sheet-6-R027,sheet-6-R028,sheet-6-R029,sheet-6-R030,sheet-6-R031,sheet-6-R032,sheet-6-R033,sheet-6-R034,sheet-6-R036		エラーハンドリング
sheet-6-R036	0405	sheet-6	スマレジ商品再連携	機能仕様	60	1434	sheet-6-B032			sheet-6-R002,sheet-6-R003,sheet-6-R004,sheet-6-R005,sheet-6-R006,sheet-6-R007,sheet-6-R008,sheet-6-R009,sheet-6-R010,sheet-6-R011,sheet-6-R012,sheet-6-R013,sheet-6-R014,sheet-6-R015,sheet-6-R016,sheet-6-R017,sheet-6-R018,sheet-6-R019,sheet-6-R020,sheet-6-R021,sheet-6-R022,sheet-6-R023,sheet-6-R024,sheet-6-R025,sheet-6-R026,sheet-6-R027,sheet-6-R028,sheet-6-R029,sheet-6-R030,sheet-6-R031,sheet-6-R032,sheet-6-R033,sheet-6-R034,sheet-6-R035		・エラーが発生した場合、発生したスマレジ連携ごとにメールで管理者に通知
sheet-6-R037	0405	sheet-6	スマレジ商品再連携	現行仕様	64	1438	sheet-6-B033					B05-04 スマレジ商品再連携 / バッチ 受注管理 — スマレジ商品再連携
sheet-6-R038	0405	sheet-6	スマレジ商品再連携	現行仕様	66	1440	sheet-6-B034			sheet-6-R039,sheet-6-R040,sheet-6-R041,sheet-6-R042,sheet-6-R043,sheet-6-R044,sheet-6-R045		起動時の引数
sheet-6-R039	0405	sheet-6	スマレジ商品再連携	現行仕様	67	1441	sheet-6-B034			sheet-6-R038,sheet-6-R040,sheet-6-R041,sheet-6-R042,sheet-6-R043,sheet-6-R044,sheet-6-R045		実行するバッチの名前を引数で受け取る。引数が無いとき、または実行できるバッチの名前と一致しないときは、実行日時を添えたメッセージを出力し、受注の取得もスマレジへの連携も行わずに終了する。
sheet-6-R040	0405	sheet-6	スマレジ商品再連携	現行仕様	68	1442	sheet-6-B034			sheet-6-R038,sheet-6-R039,sheet-6-R041,sheet-6-R042,sheet-6-R043,sheet-6-R044,sheet-6-R045		対象が無いとき
sheet-6-R041	0405	sheet-6	スマレジ商品再連携	現行仕様	69	1443	sheet-6-B034			sheet-6-R038,sheet-6-R039,sheet-6-R040,sheet-6-R042,sheet-6-R043,sheet-6-R044,sheet-6-R045		条件に当てはまる受注が1件も無いときは、何も連携せずに終了する。
sheet-6-R042	0405	sheet-6	スマレジ商品再連携	現行仕様	70	1444	sheet-6-B034			sheet-6-R038,sheet-6-R039,sheet-6-R040,sheet-6-R041,sheet-6-R043,sheet-6-R044,sheet-6-R045		連携の成否の判定
sheet-6-R043	0405	sheet-6	スマレジ商品再連携	現行仕様	71	1445	sheet-6-B034			sheet-6-R038,sheet-6-R039,sheet-6-R040,sheet-6-R041,sheet-6-R042,sheet-6-R044,sheet-6-R045		スマレジからの応答が受け取れないとき、および応答に処理結果が含まれないときを、その連携の失敗として扱う。
sheet-6-R044	0405	sheet-6	スマレジ商品再連携	現行仕様	72	1446	sheet-6-B034			sheet-6-R038,sheet-6-R039,sheet-6-R040,sheet-6-R041,sheet-6-R042,sheet-6-R043,sheet-6-R045		失敗したときの後続
sheet-6-R045	0405	sheet-6	スマレジ商品再連携	現行仕様	73	1447	sheet-6-B034			sheet-6-R038,sheet-6-R039,sheet-6-R040,sheet-6-R041,sheet-6-R042,sheet-6-R043,sheet-6-R044		1件の受注で商品と在庫の両方が未連携のとき、商品の連携が失敗すると、同じ受注の在庫の連携は行わずに次の受注へ進む。失敗した区分は未連携のまま残るため、その受注は次回の起動でも対象になる。
sheet-6-R046	0405	sheet-6	スマレジ商品再連携	現行仕様	76	1450	sheet-6-B035				"種類	内容"	"入力	実行するバッチの名前。"
sheet-6-R047	0405	sheet-6	スマレジ商品再連携	表示メッセージ	80	1454	sheet-6-B036				"メッセージID	表示位置	画面上の文言	表示条件	後続処理"	画面を持たないため利用者向けのメッセージを表示しない。
sheet-7-R001	0405	sheet-7	スマレジ商品削除	機能仕様	24	1484	sheet-7-B037					・スマレジ連携APIについて、呼び出しを廃止予定のスマレジAPIからプラットフォームAPIに変更
sheet-7-R002	0405	sheet-7	スマレジ商品削除	機能仕様	26	1486	sheet-7-B038			sheet-7-R003,sheet-7-R004		・DBから下記に当てはまる注文データを取得する
sheet-7-R003	0405	sheet-7	スマレジ商品削除	機能仕様	27	1487	sheet-7-B038			sheet-7-R002,sheet-7-R004		・スマレジ商品コードが存在する
sheet-7-R004	0405	sheet-7	スマレジ商品削除	機能仕様	28	1488	sheet-7-B038			sheet-7-R002,sheet-7-R003		・スマレジ削除フラグが立っていない
sheet-7-R005	0405	sheet-7	スマレジ商品削除	機能仕様	29	1489	sheet-7-B039	★注文ステータスが「キャンセル」もしくは「引き渡し済み」	★	sheet-7-R006,sheet-7-R007,sheet-7-R008,sheet-7-R009,sheet-7-R010,sheet-7-R011,sheet-7-R012,sheet-7-R013,sheet-7-R014,sheet-7-R015,sheet-7-R016,sheet-7-R017,sheet-7-R018,sheet-7-R019,sheet-7-R020,sheet-7-R021,sheet-7-R022,sheet-7-R023,sheet-7-R024,sheet-7-R025		★注文ステータスが「キャンセル」もしくは「引き渡し済み」
sheet-7-R006	0405	sheet-7	スマレジ商品削除	機能仕様	30	1490	sheet-7-B039	★注文ステータスが「キャンセル」もしくは「引き渡し済み」	★	sheet-7-R005,sheet-7-R007,sheet-7-R008,sheet-7-R009,sheet-7-R010,sheet-7-R011,sheet-7-R012,sheet-7-R013,sheet-7-R014,sheet-7-R015,sheet-7-R016,sheet-7-R017,sheet-7-R018,sheet-7-R019,sheet-7-R020,sheet-7-R021,sheet-7-R022,sheet-7-R023,sheet-7-R024,sheet-7-R025		・取得した注文データをスマレジ連携をし、注文データの商品をスマレジから論理削除する
sheet-7-R007	0405	sheet-7	スマレジ商品削除	機能仕様	31	1491	sheet-7-B039	★注文ステータスが「キャンセル」もしくは「引き渡し済み」	★	sheet-7-R005,sheet-7-R006,sheet-7-R008,sheet-7-R009,sheet-7-R010,sheet-7-R011,sheet-7-R012,sheet-7-R013,sheet-7-R014,sheet-7-R015,sheet-7-R016,sheet-7-R017,sheet-7-R018,sheet-7-R019,sheet-7-R020,sheet-7-R021,sheet-7-R022,sheet-7-R023,sheet-7-R024,sheet-7-R025		・当該の注文データの商品をスマレジ上で論理削除
sheet-7-R008	0405	sheet-7	スマレジ商品削除	機能仕様	32	1492	sheet-7-B039	★注文ステータスが「キャンセル」もしくは「引き渡し済み」	★	sheet-7-R005,sheet-7-R006,sheet-7-R007,sheet-7-R009,sheet-7-R010,sheet-7-R011,sheet-7-R012,sheet-7-R013,sheet-7-R014,sheet-7-R015,sheet-7-R016,sheet-7-R017,sheet-7-R018,sheet-7-R019,sheet-7-R020,sheet-7-R021,sheet-7-R022,sheet-7-R023,sheet-7-R024,sheet-7-R025		・連携に失敗した場合はスマレジ通信エラーメール送信
sheet-7-R009	0405	sheet-7	スマレジ商品削除	機能仕様	33	1493	sheet-7-B039	★注文ステータスが「キャンセル」もしくは「引き渡し済み」	★	sheet-7-R005,sheet-7-R006,sheet-7-R007,sheet-7-R008,sheet-7-R010,sheet-7-R011,sheet-7-R012,sheet-7-R013,sheet-7-R014,sheet-7-R015,sheet-7-R016,sheet-7-R017,sheet-7-R018,sheet-7-R019,sheet-7-R020,sheet-7-R021,sheet-7-R022,sheet-7-R023,sheet-7-R024,sheet-7-R025		実行トリガー　スケジュール起動(Step Functions)　実行タイミング　毎日4時
sheet-7-R010	0405	sheet-7	スマレジ商品削除	機能仕様	34	1494	sheet-7-B039	★注文ステータスが「キャンセル」もしくは「引き渡し済み」	★	sheet-7-R005,sheet-7-R006,sheet-7-R007,sheet-7-R008,sheet-7-R009,sheet-7-R011,sheet-7-R012,sheet-7-R013,sheet-7-R014,sheet-7-R015,sheet-7-R016,sheet-7-R017,sheet-7-R018,sheet-7-R019,sheet-7-R020,sheet-7-R021,sheet-7-R022,sheet-7-R023,sheet-7-R024,sheet-7-R025		入力データ元　DB　出力先(フォーマット)　DB, スマレジ
sheet-7-R011	0405	sheet-7	スマレジ商品削除	機能仕様	35	1495	sheet-7-B039	★注文ステータスが「キャンセル」もしくは「引き渡し済み」	★	sheet-7-R005,sheet-7-R006,sheet-7-R007,sheet-7-R008,sheet-7-R009,sheet-7-R010,sheet-7-R012,sheet-7-R013,sheet-7-R014,sheet-7-R015,sheet-7-R016,sheet-7-R017,sheet-7-R018,sheet-7-R019,sheet-7-R020,sheet-7-R021,sheet-7-R022,sheet-7-R023,sheet-7-R024,sheet-7-R025		入力データ詳細
sheet-7-R012	0405	sheet-7	スマレジ商品削除	機能仕様	36	1496	sheet-7-B039	★注文ステータスが「キャンセル」もしくは「引き渡し済み」	★	sheet-7-R005,sheet-7-R006,sheet-7-R007,sheet-7-R008,sheet-7-R009,sheet-7-R010,sheet-7-R011,sheet-7-R013,sheet-7-R014,sheet-7-R015,sheet-7-R016,sheet-7-R017,sheet-7-R018,sheet-7-R019,sheet-7-R020,sheet-7-R021,sheet-7-R022,sheet-7-R023,sheet-7-R024,sheet-7-R025		DBから手続きが完了した店舗注文データを取得
sheet-7-R013	0405	sheet-7	スマレジ商品削除	機能仕様	37	1497	sheet-7-B039	★注文ステータスが「キャンセル」もしくは「引き渡し済み」	★	sheet-7-R005,sheet-7-R006,sheet-7-R007,sheet-7-R008,sheet-7-R009,sheet-7-R010,sheet-7-R011,sheet-7-R012,sheet-7-R014,sheet-7-R015,sheet-7-R016,sheet-7-R017,sheet-7-R018,sheet-7-R019,sheet-7-R020,sheet-7-R021,sheet-7-R022,sheet-7-R023,sheet-7-R024,sheet-7-R025		・スマレジ商品コードが登録されている
sheet-7-R014	0405	sheet-7	スマレジ商品削除	機能仕様	38	1498	sheet-7-B039	★注文ステータスが「キャンセル」もしくは「引き渡し済み」	★	sheet-7-R005,sheet-7-R006,sheet-7-R007,sheet-7-R008,sheet-7-R009,sheet-7-R010,sheet-7-R011,sheet-7-R012,sheet-7-R013,sheet-7-R015,sheet-7-R016,sheet-7-R017,sheet-7-R018,sheet-7-R019,sheet-7-R020,sheet-7-R021,sheet-7-R022,sheet-7-R023,sheet-7-R024,sheet-7-R025		・スマレジ削除フラグが立っていない
sheet-7-R015	0405	sheet-7	スマレジ商品削除	機能仕様	39	1499	sheet-7-B039	★注文ステータスが「キャンセル」もしくは「引き渡し済み」	★	sheet-7-R005,sheet-7-R006,sheet-7-R007,sheet-7-R008,sheet-7-R009,sheet-7-R010,sheet-7-R011,sheet-7-R012,sheet-7-R013,sheet-7-R014,sheet-7-R016,sheet-7-R017,sheet-7-R018,sheet-7-R019,sheet-7-R020,sheet-7-R021,sheet-7-R022,sheet-7-R023,sheet-7-R024,sheet-7-R025		・注文ステータスが「キャンセル」もしくは「引き渡し済み」
sheet-7-R016	0405	sheet-7	スマレジ商品削除	機能仕様	40	1500	sheet-7-B039	★注文ステータスが「キャンセル」もしくは「引き渡し済み」	★	sheet-7-R005,sheet-7-R006,sheet-7-R007,sheet-7-R008,sheet-7-R009,sheet-7-R010,sheet-7-R011,sheet-7-R012,sheet-7-R013,sheet-7-R014,sheet-7-R015,sheet-7-R017,sheet-7-R018,sheet-7-R019,sheet-7-R020,sheet-7-R021,sheet-7-R022,sheet-7-R023,sheet-7-R024,sheet-7-R025		入力データ検索条件
sheet-7-R017	0405	sheet-7	スマレジ商品削除	機能仕様	41	1501	sheet-7-B039	★注文ステータスが「キャンセル」もしくは「引き渡し済み」	★	sheet-7-R005,sheet-7-R006,sheet-7-R007,sheet-7-R008,sheet-7-R009,sheet-7-R010,sheet-7-R011,sheet-7-R012,sheet-7-R013,sheet-7-R014,sheet-7-R015,sheet-7-R016,sheet-7-R018,sheet-7-R019,sheet-7-R020,sheet-7-R021,sheet-7-R022,sheet-7-R023,sheet-7-R024,sheet-7-R025		項目名　条件　備考
sheet-7-R018	0405	sheet-7	スマレジ商品削除	機能仕様	42	1502	sheet-7-B039	★注文ステータスが「キャンセル」もしくは「引き渡し済み」	★	sheet-7-R005,sheet-7-R006,sheet-7-R007,sheet-7-R008,sheet-7-R009,sheet-7-R010,sheet-7-R011,sheet-7-R012,sheet-7-R013,sheet-7-R014,sheet-7-R015,sheet-7-R016,sheet-7-R017,sheet-7-R019,sheet-7-R020,sheet-7-R021,sheet-7-R022,sheet-7-R023,sheet-7-R024,sheet-7-R025		スマレジ商品コード　スマレジ商品コードが登録されている
sheet-7-R019	0405	sheet-7	スマレジ商品削除	機能仕様	43	1503	sheet-7-B039	★注文ステータスが「キャンセル」もしくは「引き渡し済み」	★	sheet-7-R005,sheet-7-R006,sheet-7-R007,sheet-7-R008,sheet-7-R009,sheet-7-R010,sheet-7-R011,sheet-7-R012,sheet-7-R013,sheet-7-R014,sheet-7-R015,sheet-7-R016,sheet-7-R017,sheet-7-R018,sheet-7-R020,sheet-7-R021,sheet-7-R022,sheet-7-R023,sheet-7-R024,sheet-7-R025		スマレジ削除フラグ　スマレジ削除フラグが立っていない
sheet-7-R020	0405	sheet-7	スマレジ商品削除	機能仕様	44	1504	sheet-7-B039	★注文ステータスが「キャンセル」もしくは「引き渡し済み」	★	sheet-7-R005,sheet-7-R006,sheet-7-R007,sheet-7-R008,sheet-7-R009,sheet-7-R010,sheet-7-R011,sheet-7-R012,sheet-7-R013,sheet-7-R014,sheet-7-R015,sheet-7-R016,sheet-7-R017,sheet-7-R018,sheet-7-R019,sheet-7-R021,sheet-7-R022,sheet-7-R023,sheet-7-R024,sheet-7-R025		注文ステータス　「キャンセル」もしくは「出荷完了」
sheet-7-R021	0405	sheet-7	スマレジ商品削除	機能仕様	45	1505	sheet-7-B039	★注文ステータスが「キャンセル」もしくは「引き渡し済み」	★	sheet-7-R005,sheet-7-R006,sheet-7-R007,sheet-7-R008,sheet-7-R009,sheet-7-R010,sheet-7-R011,sheet-7-R012,sheet-7-R013,sheet-7-R014,sheet-7-R015,sheet-7-R016,sheet-7-R017,sheet-7-R018,sheet-7-R019,sheet-7-R020,sheet-7-R022,sheet-7-R023,sheet-7-R024,sheet-7-R025		実行結果詳細  ※主にDBの登録・更新結果について記載
sheet-7-R022	0405	sheet-7	スマレジ商品削除	機能仕様	46	1506	sheet-7-B039	★注文ステータスが「キャンセル」もしくは「引き渡し済み」	★	sheet-7-R005,sheet-7-R006,sheet-7-R007,sheet-7-R008,sheet-7-R009,sheet-7-R010,sheet-7-R011,sheet-7-R012,sheet-7-R013,sheet-7-R014,sheet-7-R015,sheet-7-R016,sheet-7-R017,sheet-7-R018,sheet-7-R019,sheet-7-R020,sheet-7-R021,sheet-7-R023,sheet-7-R024,sheet-7-R025		スマレジプラットフォームAPIでスマレジから取得した注文データの商品情報を論理削除する
sheet-7-R023	0405	sheet-7	スマレジ商品削除	機能仕様	47	1507	sheet-7-B039	★注文ステータスが「キャンセル」もしくは「引き渡し済み」	★	sheet-7-R005,sheet-7-R006,sheet-7-R007,sheet-7-R008,sheet-7-R009,sheet-7-R010,sheet-7-R011,sheet-7-R012,sheet-7-R013,sheet-7-R014,sheet-7-R015,sheet-7-R016,sheet-7-R017,sheet-7-R018,sheet-7-R019,sheet-7-R020,sheet-7-R021,sheet-7-R022,sheet-7-R024,sheet-7-R025		スマレジ登録が成功したら、当該注文データのスマレジ削除フラグを立てる
sheet-7-R024	0405	sheet-7	スマレジ商品削除	機能仕様	48	1508	sheet-7-B039	★注文ステータスが「キャンセル」もしくは「引き渡し済み」	★	sheet-7-R005,sheet-7-R006,sheet-7-R007,sheet-7-R008,sheet-7-R009,sheet-7-R010,sheet-7-R011,sheet-7-R012,sheet-7-R013,sheet-7-R014,sheet-7-R015,sheet-7-R016,sheet-7-R017,sheet-7-R018,sheet-7-R019,sheet-7-R020,sheet-7-R021,sheet-7-R022,sheet-7-R023,sheet-7-R025		エラーハンドリング
sheet-7-R025	0405	sheet-7	スマレジ商品削除	機能仕様	49	1509	sheet-7-B039	★注文ステータスが「キャンセル」もしくは「引き渡し済み」	★	sheet-7-R005,sheet-7-R006,sheet-7-R007,sheet-7-R008,sheet-7-R009,sheet-7-R010,sheet-7-R011,sheet-7-R012,sheet-7-R013,sheet-7-R014,sheet-7-R015,sheet-7-R016,sheet-7-R017,sheet-7-R018,sheet-7-R019,sheet-7-R020,sheet-7-R021,sheet-7-R022,sheet-7-R023,sheet-7-R024		・エラーが発生した場合、発生したスマレジ連携ごとにメールで管理者に通知
sheet-7-R026	0405	sheet-7	スマレジ商品削除	現行仕様	53	1513	sheet-7-B040					B05-05 スマレジ商品削除 / バッチ 受注管理 — スマレジ商品削除
sheet-7-R027	0405	sheet-7	スマレジ商品削除	現行仕様	55	1515	sheet-7-B041					起動時の指定
sheet-7-R028	0405	sheet-7	スマレジ商品削除	現行仕様	57	1517	sheet-7-B042			sheet-7-R029,sheet-7-R030,sheet-7-R031,sheet-7-R032,sheet-7-R033,sheet-7-R034	"判定	結果"	"コマンド名が未指定、または本バッチのコマンド名と一致しないとき	連携を行わずに終了する。実行日時を添えて、引数またはコマンドが無い旨をコンソールへ出力し、異常終了として扱う"
sheet-7-R029	0405	sheet-7	スマレジ商品削除	現行仕様	58	1518	sheet-7-B042			sheet-7-R028,sheet-7-R030,sheet-7-R031,sheet-7-R032,sheet-7-R033,sheet-7-R034	"判定	結果"	対象が無いとき・連携が失敗したときの続き
sheet-7-R030	0405	sheet-7	スマレジ商品削除	現行仕様	59	1519	sheet-7-B042			sheet-7-R028,sheet-7-R029,sheet-7-R031,sheet-7-R032,sheet-7-R033,sheet-7-R034	"判定	結果"	"状況	ふるまい"
sheet-7-R031	0405	sheet-7	スマレジ商品削除	現行仕様	60	1520	sheet-7-B042			sheet-7-R028,sheet-7-R029,sheet-7-R030,sheet-7-R032,sheet-7-R033,sheet-7-R034	"判定	結果"	"対象が1件も無いとき	連携を行わずに完了する"
sheet-7-R032	0405	sheet-7	スマレジ商品削除	現行仕様	61	1521	sheet-7-B042			sheet-7-R028,sheet-7-R029,sheet-7-R030,sheet-7-R031,sheet-7-R033,sheet-7-R034	"判定	結果"	"スマレジから応答が返らない、または応答に結果が含まれないとき	その受注の連携を失敗として扱う"
sheet-7-R033	0405	sheet-7	スマレジ商品削除	現行仕様	62	1522	sheet-7-B042			sheet-7-R028,sheet-7-R029,sheet-7-R030,sheet-7-R031,sheet-7-R032,sheet-7-R034	"判定	結果"	"ある受注の連携が失敗したとき	その受注は連携済みとして扱わないまま次の受注へ進み、残りの受注の連携は続ける"
sheet-7-R034	0405	sheet-7	スマレジ商品削除	現行仕様	63	1523	sheet-7-B042			sheet-7-R028,sheet-7-R029,sheet-7-R030,sheet-7-R031,sheet-7-R032,sheet-7-R033	"判定	結果"	"連携に失敗した受注	対象の条件に当てはまる限り、次回以降の実行でも再び対象になる"
sheet-7-R035	0405	sheet-7	スマレジ商品削除	現行仕様	66	1526	sheet-7-B043			sheet-7-R036	"種類	内容"	"入力	コマンド名"
sheet-7-R036	0405	sheet-7	スマレジ商品削除	現行仕様	67	1527	sheet-7-B043			sheet-7-R035	"種類	内容"	入出力: 永続化
sheet-7-R037	0405	sheet-7	スマレジ商品削除	現行仕様	69	1529	sheet-7-B044			sheet-7-R038,sheet-7-R039,sheet-7-R040,sheet-7-R041,sheet-7-R042	"対象	内容"	"連携が失敗したとき	何も更新しない。失敗した事実を残す更新も行わないため、後から失敗した受注を抽出することはできない"
sheet-7-R038	0405	sheet-7	スマレジ商品削除	現行仕様	70	1530	sheet-7-B044			sheet-7-R037,sheet-7-R039,sheet-7-R040,sheet-7-R041,sheet-7-R042	"対象	内容"	連携失敗の通知
sheet-7-R039	0405	sheet-7	スマレジ商品削除	現行仕様	71	1531	sheet-7-B044			sheet-7-R037,sheet-7-R038,sheet-7-R040,sheet-7-R041,sheet-7-R042	"対象	内容"	"状況	内容"
sheet-7-R040	0405	sheet-7	スマレジ商品削除	現行仕様	72	1532	sheet-7-B044			sheet-7-R037,sheet-7-R038,sheet-7-R039,sheet-7-R041,sheet-7-R042	"対象	内容"	"通知先のメールアドレスが設定されていないとき	通知を行わない（連携の失敗は誰にも伝わらない）"
sheet-7-R041	0405	sheet-7	スマレジ商品削除	現行仕様	73	1533	sheet-7-B044			sheet-7-R037,sheet-7-R038,sheet-7-R039,sheet-7-R040,sheet-7-R042	"対象	内容"	"通知するとき	注文番号・処理名・エラーコード・スマレジから返ったエラーの内容を載せる"
sheet-7-R042	0405	sheet-7	スマレジ商品削除	現行仕様	74	1534	sheet-7-B044			sheet-7-R037,sheet-7-R038,sheet-7-R039,sheet-7-R040,sheet-7-R041	"対象	内容"	"通知するとき	エラーコードの先頭の数字で、認証の失敗・設定の失敗・データの誤り・それ以外の例外を区別して知らせる"
sheet-7-R043	0405	sheet-7	スマレジ商品削除	表示メッセージ	77	1537	sheet-7-B045				"対象	内容"	本バッチは画面を持たず、利用者向けの文言を持たない。
sheet-8-R001	0405	sheet-8	ポイント二重登録チェック	機能仕様	24	1560	sheet-8-B046					なし
sheet-8-R002	0405	sheet-8	ポイント二重登録チェック	機能仕様	26	1562	sheet-8-B047			sheet-8-R003,sheet-8-R004,sheet-8-R005,sheet-8-R006,sheet-8-R007,sheet-8-R008,sheet-8-R009,sheet-8-R010,sheet-8-R011,sheet-8-R012,sheet-8-R013,sheet-8-R014,sheet-8-R015,sheet-8-R016,sheet-8-R017,sheet-8-R018,sheet-8-R019		ポイント履歴から注文データIDとポイント増減量で検索し、重複している履歴を検索する
sheet-8-R003	0405	sheet-8	ポイント二重登録チェック	機能仕様	27	1563	sheet-8-B047			sheet-8-R002,sheet-8-R004,sheet-8-R005,sheet-8-R006,sheet-8-R007,sheet-8-R008,sheet-8-R009,sheet-8-R010,sheet-8-R011,sheet-8-R012,sheet-8-R013,sheet-8-R014,sheet-8-R015,sheet-8-R016,sheet-8-R017,sheet-8-R018,sheet-8-R019		重複している履歴があれば、注文IDから注文番号を取得し、管理者にメールを送信する
sheet-8-R004	0405	sheet-8	ポイント二重登録チェック	機能仕様	28	1564	sheet-8-B047			sheet-8-R002,sheet-8-R003,sheet-8-R005,sheet-8-R006,sheet-8-R007,sheet-8-R008,sheet-8-R009,sheet-8-R010,sheet-8-R011,sheet-8-R012,sheet-8-R013,sheet-8-R014,sheet-8-R015,sheet-8-R016,sheet-8-R017,sheet-8-R018,sheet-8-R019		実行トリガー　スケジュール起動(Step Functions)　実行タイミング　毎日4時
sheet-8-R005	0405	sheet-8	ポイント二重登録チェック	機能仕様	29	1565	sheet-8-B047			sheet-8-R002,sheet-8-R003,sheet-8-R004,sheet-8-R006,sheet-8-R007,sheet-8-R008,sheet-8-R009,sheet-8-R010,sheet-8-R011,sheet-8-R012,sheet-8-R013,sheet-8-R014,sheet-8-R015,sheet-8-R016,sheet-8-R017,sheet-8-R018,sheet-8-R019		入力データ元　DB　出力先(フォーマット)　メール
sheet-8-R006	0405	sheet-8	ポイント二重登録チェック	機能仕様	30	1566	sheet-8-B047			sheet-8-R002,sheet-8-R003,sheet-8-R004,sheet-8-R005,sheet-8-R007,sheet-8-R008,sheet-8-R009,sheet-8-R010,sheet-8-R011,sheet-8-R012,sheet-8-R013,sheet-8-R014,sheet-8-R015,sheet-8-R016,sheet-8-R017,sheet-8-R018,sheet-8-R019		入力データ詳細
sheet-8-R007	0405	sheet-8	ポイント二重登録チェック	機能仕様	31	1567	sheet-8-B047			sheet-8-R002,sheet-8-R003,sheet-8-R004,sheet-8-R005,sheet-8-R006,sheet-8-R008,sheet-8-R009,sheet-8-R010,sheet-8-R011,sheet-8-R012,sheet-8-R013,sheet-8-R014,sheet-8-R015,sheet-8-R016,sheet-8-R017,sheet-8-R018,sheet-8-R019		以下の条件のもと、ポイント履歴を取得する
sheet-8-R008	0405	sheet-8	ポイント二重登録チェック	機能仕様	32	1568	sheet-8-B047			sheet-8-R002,sheet-8-R003,sheet-8-R004,sheet-8-R005,sheet-8-R006,sheet-8-R007,sheet-8-R009,sheet-8-R010,sheet-8-R011,sheet-8-R012,sheet-8-R013,sheet-8-R014,sheet-8-R015,sheet-8-R016,sheet-8-R017,sheet-8-R018,sheet-8-R019		・バッチが動作している現在日時から1日分遡った期間のポイント履歴
sheet-8-R009	0405	sheet-8	ポイント二重登録チェック	機能仕様	33	1569	sheet-8-B047			sheet-8-R002,sheet-8-R003,sheet-8-R004,sheet-8-R005,sheet-8-R006,sheet-8-R007,sheet-8-R008,sheet-8-R010,sheet-8-R011,sheet-8-R012,sheet-8-R013,sheet-8-R014,sheet-8-R015,sheet-8-R016,sheet-8-R017,sheet-8-R018,sheet-8-R019		・ポイントが付与された履歴(ポイント増減量がマイナスの履歴)
sheet-8-R010	0405	sheet-8	ポイント二重登録チェック	機能仕様	34	1570	sheet-8-B047			sheet-8-R002,sheet-8-R003,sheet-8-R004,sheet-8-R005,sheet-8-R006,sheet-8-R007,sheet-8-R008,sheet-8-R009,sheet-8-R011,sheet-8-R012,sheet-8-R013,sheet-8-R014,sheet-8-R015,sheet-8-R016,sheet-8-R017,sheet-8-R018,sheet-8-R019		・注文データIDとポイント増減量の組み合わせで検索し、複数個重複している
sheet-8-R011	0405	sheet-8	ポイント二重登録チェック	機能仕様	35	1571	sheet-8-B047			sheet-8-R002,sheet-8-R003,sheet-8-R004,sheet-8-R005,sheet-8-R006,sheet-8-R007,sheet-8-R008,sheet-8-R009,sheet-8-R010,sheet-8-R012,sheet-8-R013,sheet-8-R014,sheet-8-R015,sheet-8-R016,sheet-8-R017,sheet-8-R018,sheet-8-R019		入力データ検索条件
sheet-8-R012	0405	sheet-8	ポイント二重登録チェック	機能仕様	36	1572	sheet-8-B047			sheet-8-R002,sheet-8-R003,sheet-8-R004,sheet-8-R005,sheet-8-R006,sheet-8-R007,sheet-8-R008,sheet-8-R009,sheet-8-R010,sheet-8-R011,sheet-8-R013,sheet-8-R014,sheet-8-R015,sheet-8-R016,sheet-8-R017,sheet-8-R018,sheet-8-R019		項目名　条件　備考
sheet-8-R013	0405	sheet-8	ポイント二重登録チェック	機能仕様	37	1573	sheet-8-B047			sheet-8-R002,sheet-8-R003,sheet-8-R004,sheet-8-R005,sheet-8-R006,sheet-8-R007,sheet-8-R008,sheet-8-R009,sheet-8-R010,sheet-8-R011,sheet-8-R012,sheet-8-R014,sheet-8-R015,sheet-8-R016,sheet-8-R017,sheet-8-R018,sheet-8-R019		ポイント履歴.ポイント発行日　バッチが動作している現在日時から1日前までの期間
sheet-8-R014	0405	sheet-8	ポイント二重登録チェック	機能仕様	38	1574	sheet-8-B047			sheet-8-R002,sheet-8-R003,sheet-8-R004,sheet-8-R005,sheet-8-R006,sheet-8-R007,sheet-8-R008,sheet-8-R009,sheet-8-R010,sheet-8-R011,sheet-8-R012,sheet-8-R013,sheet-8-R015,sheet-8-R016,sheet-8-R017,sheet-8-R018,sheet-8-R019		ポイント履歴.ポイント増減量　0より小さい
sheet-8-R015	0405	sheet-8	ポイント二重登録チェック	機能仕様	39	1575	sheet-8-B047			sheet-8-R002,sheet-8-R003,sheet-8-R004,sheet-8-R005,sheet-8-R006,sheet-8-R007,sheet-8-R008,sheet-8-R009,sheet-8-R010,sheet-8-R011,sheet-8-R012,sheet-8-R013,sheet-8-R014,sheet-8-R016,sheet-8-R017,sheet-8-R018,sheet-8-R019		ポイント履歴.注文ID, ポイント履歴.ポイント増減量　注文IDとポイント増減量の組合せで同じ組合せがあるかどうか検索し、複数個存在している
sheet-8-R016	0405	sheet-8	ポイント二重登録チェック	機能仕様	40	1576	sheet-8-B047			sheet-8-R002,sheet-8-R003,sheet-8-R004,sheet-8-R005,sheet-8-R006,sheet-8-R007,sheet-8-R008,sheet-8-R009,sheet-8-R010,sheet-8-R011,sheet-8-R012,sheet-8-R013,sheet-8-R014,sheet-8-R015,sheet-8-R017,sheet-8-R018,sheet-8-R019		実行結果詳細  ※主にDBの登録・更新結果について記載
sheet-8-R017	0405	sheet-8	ポイント二重登録チェック	機能仕様	41	1577	sheet-8-B047			sheet-8-R002,sheet-8-R003,sheet-8-R004,sheet-8-R005,sheet-8-R006,sheet-8-R007,sheet-8-R008,sheet-8-R009,sheet-8-R010,sheet-8-R011,sheet-8-R012,sheet-8-R013,sheet-8-R014,sheet-8-R015,sheet-8-R016,sheet-8-R018,sheet-8-R019		検索結果があれば、ポイント履歴にある注文IDから注文番号を取得し、管理者にメールで通知する
sheet-8-R018	0405	sheet-8	ポイント二重登録チェック	機能仕様	42	1578	sheet-8-B047			sheet-8-R002,sheet-8-R003,sheet-8-R004,sheet-8-R005,sheet-8-R006,sheet-8-R007,sheet-8-R008,sheet-8-R009,sheet-8-R010,sheet-8-R011,sheet-8-R012,sheet-8-R013,sheet-8-R014,sheet-8-R015,sheet-8-R016,sheet-8-R017,sheet-8-R019		エラーハンドリング
sheet-8-R019	0405	sheet-8	ポイント二重登録チェック	機能仕様	43	1579	sheet-8-B047			sheet-8-R002,sheet-8-R003,sheet-8-R004,sheet-8-R005,sheet-8-R006,sheet-8-R007,sheet-8-R008,sheet-8-R009,sheet-8-R010,sheet-8-R011,sheet-8-R012,sheet-8-R013,sheet-8-R014,sheet-8-R015,sheet-8-R016,sheet-8-R017,sheet-8-R018		外部システムとの連携もなく、外部から引数等も受け取っていないため、特になし
sheet-8-R020	0405	sheet-8	ポイント二重登録チェック	現行仕様	47	1583	sheet-8-B048					B05-06 ポイント二重登録チェック / バッチ 受注管理 — ポイント二重登録チェック
sheet-8-R021	0405	sheet-8	ポイント二重登録チェック	現行仕様	49	1585	sheet-8-B049			sheet-8-R022,sheet-8-R023,sheet-8-R024		通知メールの送信可否
sheet-8-R022	0405	sheet-8	ポイント二重登録チェック	現行仕様	50	1586	sheet-8-B049			sheet-8-R021,sheet-8-R023,sheet-8-R024		通知先は、システム設定の「スマレジ通信エラー送信メールアドレス」に登録されたメールアドレスとする。この設定が空のときは、二重登録を検出していても通知メールを送らずに終了する。
sheet-8-R023	0405	sheet-8	ポイント二重登録チェック	現行仕様	51	1587	sheet-8-B049			sheet-8-R021,sheet-8-R022,sheet-8-R024		通知後の扱い
sheet-8-R024	0405	sheet-8	ポイント二重登録チェック	現行仕様	52	1588	sheet-8-B049			sheet-8-R021,sheet-8-R022,sheet-8-R023		ポイント残高の補正は、通知を受けた管理者の手作業に委ねる。本バッチは検出結果を通知するだけで、受注・会員のポイント残高・ポイント履歴のいずれも更新しない。
sheet-8-R025	0405	sheet-8	ポイント二重登録チェック	現行仕様	54	1590	sheet-8-B050					出力: メール
sheet-8-R026	0405	sheet-8	ポイント二重登録チェック	現行仕様	56	1592	sheet-8-B051			sheet-8-R027,sheet-8-R028,sheet-8-R029	"項目	内容"	"件名	ポイント重複登録通知メール"
sheet-8-R027	0405	sheet-8	ポイント二重登録チェック	現行仕様	57	1593	sheet-8-B051			sheet-8-R026,sheet-8-R028,sheet-8-R029	"項目	内容"	"差出人	店舗基本情報に登録された店名とメールアドレス。返信先・返送先も店舗基本情報の登録値を使う"
sheet-8-R028	0405	sheet-8	ポイント二重登録チェック	現行仕様	58	1594	sheet-8-B051			sheet-8-R026,sheet-8-R027,sheet-8-R029	"項目	内容"	"本文	「ポイントの重複登録を検知しました。」「注文番号を確認してポイント残高を修正してください。」の2行に続けて、「注文番号:」の見出し行を置き、その後へ検出した注文番号を1行1件で並べる"
sheet-8-R029	0405	sheet-8	ポイント二重登録チェック	現行仕様	59	1595	sheet-8-B051			sheet-8-R026,sheet-8-R027,sheet-8-R028	"項目	内容"	同じ受注が複数の組合せで検出されても、その注文番号は本文に1件だけ並ぶ。
sheet-8-R030	0405	sheet-8	ポイント二重登録チェック	表示メッセージ	62	1598	sheet-8-B052				"項目	内容"	この機能は、いずれの場合も画面のメッセージを扱わない。
sheet-9-R001	0405	sheet-9	ポイント利用未反映チェック	機能仕様	24	1628	sheet-9-B053					決済会社のソニーペイメントへの変更に伴い、決済会社が出力する決済結果情報の参照方法を変更
sheet-9-R002	0405	sheet-9	ポイント利用未反映チェック	機能仕様	26	1630	sheet-9-B054			sheet-9-R003,sheet-9-R004,sheet-9-R005,sheet-9-R006,sheet-9-R007,sheet-9-R008,sheet-9-R009,sheet-9-R010,sheet-9-R011,sheet-9-R012,sheet-9-R013,sheet-9-R014,sheet-9-R015,sheet-9-R016,sheet-9-R017,sheet-9-R018,sheet-9-R019,sheet-9-R020,sheet-9-R021,sheet-9-R022,sheet-9-R023,sheet-9-R024,sheet-9-R025,sheet-9-R026,sheet-9-R027,sheet-9-R028,sheet-9-R029,sheet-9-R030,sheet-9-R031		注文データで、ポイント利用されているが、ポイント利用が正しく反映されていない注文を抽出
sheet-9-R003	0405	sheet-9	ポイント利用未反映チェック	機能仕様	27	1631	sheet-9-B054			sheet-9-R002,sheet-9-R004,sheet-9-R005,sheet-9-R006,sheet-9-R007,sheet-9-R008,sheet-9-R009,sheet-9-R010,sheet-9-R011,sheet-9-R012,sheet-9-R013,sheet-9-R014,sheet-9-R015,sheet-9-R016,sheet-9-R017,sheet-9-R018,sheet-9-R019,sheet-9-R020,sheet-9-R021,sheet-9-R022,sheet-9-R023,sheet-9-R024,sheet-9-R025,sheet-9-R026,sheet-9-R027,sheet-9-R028,sheet-9-R029,sheet-9-R030,sheet-9-R031		抽出したデータの注文IDを管理者にメールで送信する
sheet-9-R004	0405	sheet-9	ポイント利用未反映チェック	機能仕様	28	1632	sheet-9-B054			sheet-9-R002,sheet-9-R003,sheet-9-R005,sheet-9-R006,sheet-9-R007,sheet-9-R008,sheet-9-R009,sheet-9-R010,sheet-9-R011,sheet-9-R012,sheet-9-R013,sheet-9-R014,sheet-9-R015,sheet-9-R016,sheet-9-R017,sheet-9-R018,sheet-9-R019,sheet-9-R020,sheet-9-R021,sheet-9-R022,sheet-9-R023,sheet-9-R024,sheet-9-R025,sheet-9-R026,sheet-9-R027,sheet-9-R028,sheet-9-R029,sheet-9-R030,sheet-9-R031		実行トリガー　スケジュール起動(Step Functions)　実行タイミング　毎時10分
sheet-9-R005	0405	sheet-9	ポイント利用未反映チェック	機能仕様	29	1633	sheet-9-B054			sheet-9-R002,sheet-9-R003,sheet-9-R004,sheet-9-R006,sheet-9-R007,sheet-9-R008,sheet-9-R009,sheet-9-R010,sheet-9-R011,sheet-9-R012,sheet-9-R013,sheet-9-R014,sheet-9-R015,sheet-9-R016,sheet-9-R017,sheet-9-R018,sheet-9-R019,sheet-9-R020,sheet-9-R021,sheet-9-R022,sheet-9-R023,sheet-9-R024,sheet-9-R025,sheet-9-R026,sheet-9-R027,sheet-9-R028,sheet-9-R029,sheet-9-R030,sheet-9-R031		入力データ元　DB　出力先(フォーマット)　メール
sheet-9-R006	0405	sheet-9	ポイント利用未反映チェック	機能仕様	30	1634	sheet-9-B054			sheet-9-R002,sheet-9-R003,sheet-9-R004,sheet-9-R005,sheet-9-R007,sheet-9-R008,sheet-9-R009,sheet-9-R010,sheet-9-R011,sheet-9-R012,sheet-9-R013,sheet-9-R014,sheet-9-R015,sheet-9-R016,sheet-9-R017,sheet-9-R018,sheet-9-R019,sheet-9-R020,sheet-9-R021,sheet-9-R022,sheet-9-R023,sheet-9-R024,sheet-9-R025,sheet-9-R026,sheet-9-R027,sheet-9-R028,sheet-9-R029,sheet-9-R030,sheet-9-R031		入力データ詳細
sheet-9-R007	0405	sheet-9	ポイント利用未反映チェック	機能仕様	31	1635	sheet-9-B054			sheet-9-R002,sheet-9-R003,sheet-9-R004,sheet-9-R005,sheet-9-R006,sheet-9-R008,sheet-9-R009,sheet-9-R010,sheet-9-R011,sheet-9-R012,sheet-9-R013,sheet-9-R014,sheet-9-R015,sheet-9-R016,sheet-9-R017,sheet-9-R018,sheet-9-R019,sheet-9-R020,sheet-9-R021,sheet-9-R022,sheet-9-R023,sheet-9-R024,sheet-9-R025,sheet-9-R026,sheet-9-R027,sheet-9-R028,sheet-9-R029,sheet-9-R030,sheet-9-R031		以下の条件を満たす注文データを取得する
sheet-9-R008	0405	sheet-9	ポイント利用未反映チェック	機能仕様	32	1636	sheet-9-B054			sheet-9-R002,sheet-9-R003,sheet-9-R004,sheet-9-R005,sheet-9-R006,sheet-9-R007,sheet-9-R009,sheet-9-R010,sheet-9-R011,sheet-9-R012,sheet-9-R013,sheet-9-R014,sheet-9-R015,sheet-9-R016,sheet-9-R017,sheet-9-R018,sheet-9-R019,sheet-9-R020,sheet-9-R021,sheet-9-R022,sheet-9-R023,sheet-9-R024,sheet-9-R025,sheet-9-R026,sheet-9-R027,sheet-9-R028,sheet-9-R029,sheet-9-R030,sheet-9-R031		・バッチ動作時点の現在日時から直近1時間以内に支払われた
sheet-9-R009	0405	sheet-9	ポイント利用未反映チェック	機能仕様	33	1637	sheet-9-B054			sheet-9-R002,sheet-9-R003,sheet-9-R004,sheet-9-R005,sheet-9-R006,sheet-9-R007,sheet-9-R008,sheet-9-R010,sheet-9-R011,sheet-9-R012,sheet-9-R013,sheet-9-R014,sheet-9-R015,sheet-9-R016,sheet-9-R017,sheet-9-R018,sheet-9-R019,sheet-9-R020,sheet-9-R021,sheet-9-R022,sheet-9-R023,sheet-9-R024,sheet-9-R025,sheet-9-R026,sheet-9-R027,sheet-9-R028,sheet-9-R029,sheet-9-R030,sheet-9-R031		・注文の購入金額合計と支払合計が異なる
sheet-9-R010	0405	sheet-9	ポイント利用未反映チェック	機能仕様	34	1638	sheet-9-B054			sheet-9-R002,sheet-9-R003,sheet-9-R004,sheet-9-R005,sheet-9-R006,sheet-9-R007,sheet-9-R008,sheet-9-R009,sheet-9-R011,sheet-9-R012,sheet-9-R013,sheet-9-R014,sheet-9-R015,sheet-9-R016,sheet-9-R017,sheet-9-R018,sheet-9-R019,sheet-9-R020,sheet-9-R021,sheet-9-R022,sheet-9-R023,sheet-9-R024,sheet-9-R025,sheet-9-R026,sheet-9-R027,sheet-9-R028,sheet-9-R029,sheet-9-R030,sheet-9-R031		・注文番号がNULLでない
sheet-9-R011	0405	sheet-9	ポイント利用未反映チェック	機能仕様	35	1639	sheet-9-B054			sheet-9-R002,sheet-9-R003,sheet-9-R004,sheet-9-R005,sheet-9-R006,sheet-9-R007,sheet-9-R008,sheet-9-R009,sheet-9-R010,sheet-9-R012,sheet-9-R013,sheet-9-R014,sheet-9-R015,sheet-9-R016,sheet-9-R017,sheet-9-R018,sheet-9-R019,sheet-9-R020,sheet-9-R021,sheet-9-R022,sheet-9-R023,sheet-9-R024,sheet-9-R025,sheet-9-R026,sheet-9-R027,sheet-9-R028,sheet-9-R029,sheet-9-R030,sheet-9-R031		・備考がNULL
sheet-9-R012	0405	sheet-9	ポイント利用未反映チェック	機能仕様	36	1640	sheet-9-B054			sheet-9-R002,sheet-9-R003,sheet-9-R004,sheet-9-R005,sheet-9-R006,sheet-9-R007,sheet-9-R008,sheet-9-R009,sheet-9-R010,sheet-9-R011,sheet-9-R013,sheet-9-R014,sheet-9-R015,sheet-9-R016,sheet-9-R017,sheet-9-R018,sheet-9-R019,sheet-9-R020,sheet-9-R021,sheet-9-R022,sheet-9-R023,sheet-9-R024,sheet-9-R025,sheet-9-R026,sheet-9-R027,sheet-9-R028,sheet-9-R029,sheet-9-R030,sheet-9-R031		・購入金額割引(ポイント利用)が存在する
sheet-9-R013	0405	sheet-9	ポイント利用未反映チェック	機能仕様	37	1641	sheet-9-B054			sheet-9-R002,sheet-9-R003,sheet-9-R004,sheet-9-R005,sheet-9-R006,sheet-9-R007,sheet-9-R008,sheet-9-R009,sheet-9-R010,sheet-9-R011,sheet-9-R012,sheet-9-R014,sheet-9-R015,sheet-9-R016,sheet-9-R017,sheet-9-R018,sheet-9-R019,sheet-9-R020,sheet-9-R021,sheet-9-R022,sheet-9-R023,sheet-9-R024,sheet-9-R025,sheet-9-R026,sheet-9-R027,sheet-9-R028,sheet-9-R029,sheet-9-R030,sheet-9-R031		・紐づく欠品履歴がない
sheet-9-R014	0405	sheet-9	ポイント利用未反映チェック	機能仕様	38	1642	sheet-9-B054			sheet-9-R002,sheet-9-R003,sheet-9-R004,sheet-9-R005,sheet-9-R006,sheet-9-R007,sheet-9-R008,sheet-9-R009,sheet-9-R010,sheet-9-R011,sheet-9-R012,sheet-9-R013,sheet-9-R015,sheet-9-R016,sheet-9-R017,sheet-9-R018,sheet-9-R019,sheet-9-R020,sheet-9-R021,sheet-9-R022,sheet-9-R023,sheet-9-R024,sheet-9-R025,sheet-9-R026,sheet-9-R027,sheet-9-R028,sheet-9-R029,sheet-9-R030,sheet-9-R031		・購入金額合計と支払合計の大きい方と購入金額合計と支払合計の小さい方に割引分を加えたものが一致しない
sheet-9-R015	0405	sheet-9	ポイント利用未反映チェック	機能仕様	39	1643	sheet-9-B054			sheet-9-R002,sheet-9-R003,sheet-9-R004,sheet-9-R005,sheet-9-R006,sheet-9-R007,sheet-9-R008,sheet-9-R009,sheet-9-R010,sheet-9-R011,sheet-9-R012,sheet-9-R013,sheet-9-R014,sheet-9-R016,sheet-9-R017,sheet-9-R018,sheet-9-R019,sheet-9-R020,sheet-9-R021,sheet-9-R022,sheet-9-R023,sheet-9-R024,sheet-9-R025,sheet-9-R026,sheet-9-R027,sheet-9-R028,sheet-9-R029,sheet-9-R030,sheet-9-R031		・注文が論理削除されていない
sheet-9-R016	0405	sheet-9	ポイント利用未反映チェック	機能仕様	40	1644	sheet-9-B054			sheet-9-R002,sheet-9-R003,sheet-9-R004,sheet-9-R005,sheet-9-R006,sheet-9-R007,sheet-9-R008,sheet-9-R009,sheet-9-R010,sheet-9-R011,sheet-9-R012,sheet-9-R013,sheet-9-R014,sheet-9-R015,sheet-9-R017,sheet-9-R018,sheet-9-R019,sheet-9-R020,sheet-9-R021,sheet-9-R022,sheet-9-R023,sheet-9-R024,sheet-9-R025,sheet-9-R026,sheet-9-R027,sheet-9-R028,sheet-9-R029,sheet-9-R030,sheet-9-R031		・
sheet-9-R017	0405	sheet-9	ポイント利用未反映チェック	機能仕様	41	1645	sheet-9-B054			sheet-9-R002,sheet-9-R003,sheet-9-R004,sheet-9-R005,sheet-9-R006,sheet-9-R007,sheet-9-R008,sheet-9-R009,sheet-9-R010,sheet-9-R011,sheet-9-R012,sheet-9-R013,sheet-9-R014,sheet-9-R015,sheet-9-R016,sheet-9-R018,sheet-9-R019,sheet-9-R020,sheet-9-R021,sheet-9-R022,sheet-9-R023,sheet-9-R024,sheet-9-R025,sheet-9-R026,sheet-9-R027,sheet-9-R028,sheet-9-R029,sheet-9-R030,sheet-9-R031		決済会社をソニーペイメントに変更するため、この部分の参照方法を変更する(現時点では詳細は未定)
sheet-9-R018	0405	sheet-9	ポイント利用未反映チェック	機能仕様	42	1646	sheet-9-B054			sheet-9-R002,sheet-9-R003,sheet-9-R004,sheet-9-R005,sheet-9-R006,sheet-9-R007,sheet-9-R008,sheet-9-R009,sheet-9-R010,sheet-9-R011,sheet-9-R012,sheet-9-R013,sheet-9-R014,sheet-9-R015,sheet-9-R016,sheet-9-R017,sheet-9-R019,sheet-9-R020,sheet-9-R021,sheet-9-R022,sheet-9-R023,sheet-9-R024,sheet-9-R025,sheet-9-R026,sheet-9-R027,sheet-9-R028,sheet-9-R029,sheet-9-R030,sheet-9-R031		入力データ検索条件
sheet-9-R019	0405	sheet-9	ポイント利用未反映チェック	機能仕様	43	1647	sheet-9-B054			sheet-9-R002,sheet-9-R003,sheet-9-R004,sheet-9-R005,sheet-9-R006,sheet-9-R007,sheet-9-R008,sheet-9-R009,sheet-9-R010,sheet-9-R011,sheet-9-R012,sheet-9-R013,sheet-9-R014,sheet-9-R015,sheet-9-R016,sheet-9-R017,sheet-9-R018,sheet-9-R020,sheet-9-R021,sheet-9-R022,sheet-9-R023,sheet-9-R024,sheet-9-R025,sheet-9-R026,sheet-9-R027,sheet-9-R028,sheet-9-R029,sheet-9-R030,sheet-9-R031		項目名　条件　備考
sheet-9-R020	0405	sheet-9	ポイント利用未反映チェック	機能仕様	44	1648	sheet-9-B054			sheet-9-R002,sheet-9-R003,sheet-9-R004,sheet-9-R005,sheet-9-R006,sheet-9-R007,sheet-9-R008,sheet-9-R009,sheet-9-R010,sheet-9-R011,sheet-9-R012,sheet-9-R013,sheet-9-R014,sheet-9-R015,sheet-9-R016,sheet-9-R017,sheet-9-R018,sheet-9-R019,sheet-9-R021,sheet-9-R022,sheet-9-R023,sheet-9-R024,sheet-9-R025,sheet-9-R026,sheet-9-R027,sheet-9-R028,sheet-9-R029,sheet-9-R030,sheet-9-R031		注文データ.支払日時　バッチ動作時点の現在日時から1時間前までの注文
sheet-9-R021	0405	sheet-9	ポイント利用未反映チェック	機能仕様	45	1649	sheet-9-B054			sheet-9-R002,sheet-9-R003,sheet-9-R004,sheet-9-R005,sheet-9-R006,sheet-9-R007,sheet-9-R008,sheet-9-R009,sheet-9-R010,sheet-9-R011,sheet-9-R012,sheet-9-R013,sheet-9-R014,sheet-9-R015,sheet-9-R016,sheet-9-R017,sheet-9-R018,sheet-9-R019,sheet-9-R020,sheet-9-R022,sheet-9-R023,sheet-9-R024,sheet-9-R025,sheet-9-R026,sheet-9-R027,sheet-9-R028,sheet-9-R029,sheet-9-R030,sheet-9-R031		注文データ.注文番号　注文番号が登録されている
sheet-9-R022	0405	sheet-9	ポイント利用未反映チェック	機能仕様	46	1650	sheet-9-B054			sheet-9-R002,sheet-9-R003,sheet-9-R004,sheet-9-R005,sheet-9-R006,sheet-9-R007,sheet-9-R008,sheet-9-R009,sheet-9-R010,sheet-9-R011,sheet-9-R012,sheet-9-R013,sheet-9-R014,sheet-9-R015,sheet-9-R016,sheet-9-R017,sheet-9-R018,sheet-9-R019,sheet-9-R020,sheet-9-R021,sheet-9-R023,sheet-9-R024,sheet-9-R025,sheet-9-R026,sheet-9-R027,sheet-9-R028,sheet-9-R029,sheet-9-R030,sheet-9-R031		注文データ.備考　備考に何も登録されていない
sheet-9-R023	0405	sheet-9	ポイント利用未反映チェック	機能仕様	47	1651	sheet-9-B054			sheet-9-R002,sheet-9-R003,sheet-9-R004,sheet-9-R005,sheet-9-R006,sheet-9-R007,sheet-9-R008,sheet-9-R009,sheet-9-R010,sheet-9-R011,sheet-9-R012,sheet-9-R013,sheet-9-R014,sheet-9-R015,sheet-9-R016,sheet-9-R017,sheet-9-R018,sheet-9-R019,sheet-9-R020,sheet-9-R021,sheet-9-R022,sheet-9-R024,sheet-9-R025,sheet-9-R026,sheet-9-R027,sheet-9-R028,sheet-9-R029,sheet-9-R030,sheet-9-R031		注文データ.購入金額割引　購入金額割引がある
sheet-9-R024	0405	sheet-9	ポイント利用未反映チェック	機能仕様	48	1652	sheet-9-B054			sheet-9-R002,sheet-9-R003,sheet-9-R004,sheet-9-R005,sheet-9-R006,sheet-9-R007,sheet-9-R008,sheet-9-R009,sheet-9-R010,sheet-9-R011,sheet-9-R012,sheet-9-R013,sheet-9-R014,sheet-9-R015,sheet-9-R016,sheet-9-R017,sheet-9-R018,sheet-9-R019,sheet-9-R020,sheet-9-R021,sheet-9-R022,sheet-9-R023,sheet-9-R025,sheet-9-R026,sheet-9-R027,sheet-9-R028,sheet-9-R029,sheet-9-R030,sheet-9-R031		欠品履歴　注文データに紐づく欠品履歴が存在しない
sheet-9-R025	0405	sheet-9	ポイント利用未反映チェック	機能仕様	49	1653	sheet-9-B054			sheet-9-R002,sheet-9-R003,sheet-9-R004,sheet-9-R005,sheet-9-R006,sheet-9-R007,sheet-9-R008,sheet-9-R009,sheet-9-R010,sheet-9-R011,sheet-9-R012,sheet-9-R013,sheet-9-R014,sheet-9-R015,sheet-9-R016,sheet-9-R017,sheet-9-R018,sheet-9-R019,sheet-9-R020,sheet-9-R021,sheet-9-R022,sheet-9-R023,sheet-9-R024,sheet-9-R026,sheet-9-R027,sheet-9-R028,sheet-9-R029,sheet-9-R030,sheet-9-R031		注文データ.削除フラグ　削除フラグが立っていない
sheet-9-R026	0405	sheet-9	ポイント利用未反映チェック	機能仕様	50	1654	sheet-9-B054			sheet-9-R002,sheet-9-R003,sheet-9-R004,sheet-9-R005,sheet-9-R006,sheet-9-R007,sheet-9-R008,sheet-9-R009,sheet-9-R010,sheet-9-R011,sheet-9-R012,sheet-9-R013,sheet-9-R014,sheet-9-R015,sheet-9-R016,sheet-9-R017,sheet-9-R018,sheet-9-R019,sheet-9-R020,sheet-9-R021,sheet-9-R022,sheet-9-R023,sheet-9-R024,sheet-9-R025,sheet-9-R027,sheet-9-R028,sheet-9-R029,sheet-9-R030,sheet-9-R031		注文データ.購入金額合計と注文データ.支払合計の大きい方　[注文データ.購入金額合計と注文データ.支払合計の小さい方] + 講習金額割引 の値と一致しない
sheet-9-R027	0405	sheet-9	ポイント利用未反映チェック	機能仕様	51	1655	sheet-9-B054			sheet-9-R002,sheet-9-R003,sheet-9-R004,sheet-9-R005,sheet-9-R006,sheet-9-R007,sheet-9-R008,sheet-9-R009,sheet-9-R010,sheet-9-R011,sheet-9-R012,sheet-9-R013,sheet-9-R014,sheet-9-R015,sheet-9-R016,sheet-9-R017,sheet-9-R018,sheet-9-R019,sheet-9-R020,sheet-9-R021,sheet-9-R022,sheet-9-R023,sheet-9-R024,sheet-9-R025,sheet-9-R026,sheet-9-R028,sheet-9-R029,sheet-9-R030,sheet-9-R031		決済会社出力情報　決済会社出力情報の中に、購入金額合計もしくは支払合計のテキストが含まれている
sheet-9-R028	0405	sheet-9	ポイント利用未反映チェック	機能仕様	52	1656	sheet-9-B054			sheet-9-R002,sheet-9-R003,sheet-9-R004,sheet-9-R005,sheet-9-R006,sheet-9-R007,sheet-9-R008,sheet-9-R009,sheet-9-R010,sheet-9-R011,sheet-9-R012,sheet-9-R013,sheet-9-R014,sheet-9-R015,sheet-9-R016,sheet-9-R017,sheet-9-R018,sheet-9-R019,sheet-9-R020,sheet-9-R021,sheet-9-R022,sheet-9-R023,sheet-9-R024,sheet-9-R025,sheet-9-R026,sheet-9-R027,sheet-9-R029,sheet-9-R030,sheet-9-R031		実行結果詳細  ※主にDBの登録・更新結果について記載
sheet-9-R029	0405	sheet-9	ポイント利用未反映チェック	機能仕様	53	1657	sheet-9-B054			sheet-9-R002,sheet-9-R003,sheet-9-R004,sheet-9-R005,sheet-9-R006,sheet-9-R007,sheet-9-R008,sheet-9-R009,sheet-9-R010,sheet-9-R011,sheet-9-R012,sheet-9-R013,sheet-9-R014,sheet-9-R015,sheet-9-R016,sheet-9-R017,sheet-9-R018,sheet-9-R019,sheet-9-R020,sheet-9-R021,sheet-9-R022,sheet-9-R023,sheet-9-R024,sheet-9-R025,sheet-9-R026,sheet-9-R027,sheet-9-R028,sheet-9-R030,sheet-9-R031		条件を満たす注文データがあれば、それらを注文IDのリストにして管理者に送信する
sheet-9-R030	0405	sheet-9	ポイント利用未反映チェック	機能仕様	54	1658	sheet-9-B054			sheet-9-R002,sheet-9-R003,sheet-9-R004,sheet-9-R005,sheet-9-R006,sheet-9-R007,sheet-9-R008,sheet-9-R009,sheet-9-R010,sheet-9-R011,sheet-9-R012,sheet-9-R013,sheet-9-R014,sheet-9-R015,sheet-9-R016,sheet-9-R017,sheet-9-R018,sheet-9-R019,sheet-9-R020,sheet-9-R021,sheet-9-R022,sheet-9-R023,sheet-9-R024,sheet-9-R025,sheet-9-R026,sheet-9-R027,sheet-9-R028,sheet-9-R029,sheet-9-R031		エラーハンドリング
sheet-9-R031	0405	sheet-9	ポイント利用未反映チェック	機能仕様	55	1659	sheet-9-B054			sheet-9-R002,sheet-9-R003,sheet-9-R004,sheet-9-R005,sheet-9-R006,sheet-9-R007,sheet-9-R008,sheet-9-R009,sheet-9-R010,sheet-9-R011,sheet-9-R012,sheet-9-R013,sheet-9-R014,sheet-9-R015,sheet-9-R016,sheet-9-R017,sheet-9-R018,sheet-9-R019,sheet-9-R020,sheet-9-R021,sheet-9-R022,sheet-9-R023,sheet-9-R024,sheet-9-R025,sheet-9-R026,sheet-9-R027,sheet-9-R028,sheet-9-R029,sheet-9-R030		外部システムとの連携もなく、外部から引数等も受け取っていないため、特になし
sheet-9-R032	0405	sheet-9	ポイント利用未反映チェック	現行仕様	59	1663	sheet-9-B055					B05-07 ポイント利用未反映チェック / バッチ 受注管理 — ポイント利用未反映チェック
sheet-9-R033	0405	sheet-9	ポイント利用未反映チェック	現行仕様	61	1665	sheet-9-B056			sheet-9-R034		通知先が未設定のとき
sheet-9-R034	0405	sheet-9	ポイント利用未反映チェック	現行仕様	62	1666	sheet-9-B056			sheet-9-R033		通知先メールアドレスが未設定のときは、該当する注文があってもメールを送らずに終了する。通知先はシステム設定の「ポイント利用が反映されない決済の送信先メールアドレス」から取り、カンマ区切りで複数のあて先を指定できる。
sheet-9-R035	0405	sheet-9	ポイント利用未反映チェック	現行仕様	64	1668	sheet-9-B057					通知メールの内容
sheet-9-R036	0405	sheet-9	ポイント利用未反映チェック	現行仕様	66	1670	sheet-9-B058			sheet-9-R037,sheet-9-R038	"項目	内容"	"件名	ポイント利用が反映されない決済を通知するメール"
sheet-9-R037	0405	sheet-9	ポイント利用未反映チェック	現行仕様	67	1671	sheet-9-B058			sheet-9-R036,sheet-9-R038	"項目	内容"	"差出人	店舗基本情報に登録された店名とメールアドレス。返信先・返送先も店舗基本情報の登録値を使う"
sheet-9-R038	0405	sheet-9	ポイント利用未反映チェック	現行仕様	68	1672	sheet-9-B058			sheet-9-R036,sheet-9-R037	"項目	内容"	"本文	先頭に見出し行「オーダーID」を置き、続けて抽出した注文IDを注文IDの降順で並べる"
sheet-9-R039	0405	sheet-9	ポイント利用未反映チェック	表示メッセージ	71	1675	sheet-9-B059				"項目	内容"	本バッチは画面メッセージを扱わない。
sheet-10-R001	0405	sheet-10	スマレジEC受注連携エラー再連携	機能仕様	24	1705	sheet-10-B060					・スマレジ連携APIについて、呼び出しを廃止予定のスマレジAPIからプラットフォームAPIに変更
sheet-10-R002	0405	sheet-10	スマレジEC受注連携エラー再連携	機能仕様	26	1707	sheet-10-B061			sheet-10-R003,sheet-10-R004,sheet-10-R005,sheet-10-R006,sheet-10-R007,sheet-10-R008,sheet-10-R009,sheet-10-R010,sheet-10-R011,sheet-10-R012,sheet-10-R013,sheet-10-R014,sheet-10-R015,sheet-10-R016,sheet-10-R017,sheet-10-R018		スマレジ連携エラーフラグが立っている注文データとそのデータに紐づくスマレジ連携に必要なユーザー情報を取得する
sheet-10-R003	0405	sheet-10	スマレジEC受注連携エラー再連携	機能仕様	27	1708	sheet-10-B061			sheet-10-R002,sheet-10-R004,sheet-10-R005,sheet-10-R006,sheet-10-R007,sheet-10-R008,sheet-10-R009,sheet-10-R010,sheet-10-R011,sheet-10-R012,sheet-10-R013,sheet-10-R014,sheet-10-R015,sheet-10-R016,sheet-10-R017,sheet-10-R018		取得した注文データのスマレジ連携をリトライする
sheet-10-R004	0405	sheet-10	スマレジEC受注連携エラー再連携	機能仕様	28	1709	sheet-10-B061			sheet-10-R002,sheet-10-R003,sheet-10-R005,sheet-10-R006,sheet-10-R007,sheet-10-R008,sheet-10-R009,sheet-10-R010,sheet-10-R011,sheet-10-R012,sheet-10-R013,sheet-10-R014,sheet-10-R015,sheet-10-R016,sheet-10-R017,sheet-10-R018		実行トリガー　スケジュール起動(Step Functions)　実行タイミング　5分ごと
sheet-10-R005	0405	sheet-10	スマレジEC受注連携エラー再連携	機能仕様	29	1710	sheet-10-B061			sheet-10-R002,sheet-10-R003,sheet-10-R004,sheet-10-R006,sheet-10-R007,sheet-10-R008,sheet-10-R009,sheet-10-R010,sheet-10-R011,sheet-10-R012,sheet-10-R013,sheet-10-R014,sheet-10-R015,sheet-10-R016,sheet-10-R017,sheet-10-R018		入力データ元　DB　出力先(フォーマット)　DB, スマレジ
sheet-10-R006	0405	sheet-10	スマレジEC受注連携エラー再連携	機能仕様	30	1711	sheet-10-B061			sheet-10-R002,sheet-10-R003,sheet-10-R004,sheet-10-R005,sheet-10-R007,sheet-10-R008,sheet-10-R009,sheet-10-R010,sheet-10-R011,sheet-10-R012,sheet-10-R013,sheet-10-R014,sheet-10-R015,sheet-10-R016,sheet-10-R017,sheet-10-R018		入力データ詳細
sheet-10-R007	0405	sheet-10	スマレジEC受注連携エラー再連携	機能仕様	31	1712	sheet-10-B061			sheet-10-R002,sheet-10-R003,sheet-10-R004,sheet-10-R005,sheet-10-R006,sheet-10-R008,sheet-10-R009,sheet-10-R010,sheet-10-R011,sheet-10-R012,sheet-10-R013,sheet-10-R014,sheet-10-R015,sheet-10-R016,sheet-10-R017,sheet-10-R018		スマレジ連携エラーフラグが立っている注文データとそのデータに紐づくスマレジ連携に必要なユーザー情報を取得する
sheet-10-R008	0405	sheet-10	スマレジEC受注連携エラー再連携	機能仕様	32	1713	sheet-10-B061			sheet-10-R002,sheet-10-R003,sheet-10-R004,sheet-10-R005,sheet-10-R006,sheet-10-R007,sheet-10-R009,sheet-10-R010,sheet-10-R011,sheet-10-R012,sheet-10-R013,sheet-10-R014,sheet-10-R015,sheet-10-R016,sheet-10-R017,sheet-10-R018		入力データ検索条件
sheet-10-R009	0405	sheet-10	スマレジEC受注連携エラー再連携	機能仕様	33	1714	sheet-10-B061			sheet-10-R002,sheet-10-R003,sheet-10-R004,sheet-10-R005,sheet-10-R006,sheet-10-R007,sheet-10-R008,sheet-10-R010,sheet-10-R011,sheet-10-R012,sheet-10-R013,sheet-10-R014,sheet-10-R015,sheet-10-R016,sheet-10-R017,sheet-10-R018		項目名　条件　備考
sheet-10-R010	0405	sheet-10	スマレジEC受注連携エラー再連携	機能仕様	34	1715	sheet-10-B061			sheet-10-R002,sheet-10-R003,sheet-10-R004,sheet-10-R005,sheet-10-R006,sheet-10-R007,sheet-10-R008,sheet-10-R009,sheet-10-R011,sheet-10-R012,sheet-10-R013,sheet-10-R014,sheet-10-R015,sheet-10-R016,sheet-10-R017,sheet-10-R018		注文データ.スマレジ連携エラーフラグ　スマレジ連携エラーフラグが立っている
sheet-10-R011	0405	sheet-10	スマレジEC受注連携エラー再連携	機能仕様	35	1716	sheet-10-B061			sheet-10-R002,sheet-10-R003,sheet-10-R004,sheet-10-R005,sheet-10-R006,sheet-10-R007,sheet-10-R008,sheet-10-R009,sheet-10-R010,sheet-10-R012,sheet-10-R013,sheet-10-R014,sheet-10-R015,sheet-10-R016,sheet-10-R017,sheet-10-R018		実行結果詳細  ※主にDBの登録・更新結果について記載
sheet-10-R012	0405	sheet-10	スマレジEC受注連携エラー再連携	機能仕様	36	1717	sheet-10-B061			sheet-10-R002,sheet-10-R003,sheet-10-R004,sheet-10-R005,sheet-10-R006,sheet-10-R007,sheet-10-R008,sheet-10-R009,sheet-10-R010,sheet-10-R011,sheet-10-R013,sheet-10-R014,sheet-10-R015,sheet-10-R016,sheet-10-R017,sheet-10-R018		取得したスマレジ連携エラーフラグが立っている注文データに紐づくユーザーのスマレジIDとポイント残高を取得
sheet-10-R013	0405	sheet-10	スマレジEC受注連携エラー再連携	機能仕様	37	1718	sheet-10-B061			sheet-10-R002,sheet-10-R003,sheet-10-R004,sheet-10-R005,sheet-10-R006,sheet-10-R007,sheet-10-R008,sheet-10-R009,sheet-10-R010,sheet-10-R011,sheet-10-R012,sheet-10-R014,sheet-10-R015,sheet-10-R016,sheet-10-R017,sheet-10-R018		取得したデータを使ってスマレジ連携を行い、ユーザーのポイント情報の更新を行う
sheet-10-R014	0405	sheet-10	スマレジEC受注連携エラー再連携	機能仕様	38	1719	sheet-10-B061			sheet-10-R002,sheet-10-R003,sheet-10-R004,sheet-10-R005,sheet-10-R006,sheet-10-R007,sheet-10-R008,sheet-10-R009,sheet-10-R010,sheet-10-R011,sheet-10-R012,sheet-10-R013,sheet-10-R015,sheet-10-R016,sheet-10-R017,sheet-10-R018		・ユーザーのポイント数は絶対値で更新を行う
sheet-10-R015	0405	sheet-10	スマレジEC受注連携エラー再連携	機能仕様	39	1720	sheet-10-B061			sheet-10-R002,sheet-10-R003,sheet-10-R004,sheet-10-R005,sheet-10-R006,sheet-10-R007,sheet-10-R008,sheet-10-R009,sheet-10-R010,sheet-10-R011,sheet-10-R012,sheet-10-R013,sheet-10-R014,sheet-10-R016,sheet-10-R017,sheet-10-R018		リトライに成功したら、当該の注文データのスマレジ連携エラーフラグをオフにする
sheet-10-R016	0405	sheet-10	スマレジEC受注連携エラー再連携	機能仕様	40	1721	sheet-10-B061			sheet-10-R002,sheet-10-R003,sheet-10-R004,sheet-10-R005,sheet-10-R006,sheet-10-R007,sheet-10-R008,sheet-10-R009,sheet-10-R010,sheet-10-R011,sheet-10-R012,sheet-10-R013,sheet-10-R014,sheet-10-R015,sheet-10-R017,sheet-10-R018		エラーハンドリング
sheet-10-R017	0405	sheet-10	スマレジEC受注連携エラー再連携	機能仕様	41	1722	sheet-10-B061			sheet-10-R002,sheet-10-R003,sheet-10-R004,sheet-10-R005,sheet-10-R006,sheet-10-R007,sheet-10-R008,sheet-10-R009,sheet-10-R010,sheet-10-R011,sheet-10-R012,sheet-10-R013,sheet-10-R014,sheet-10-R015,sheet-10-R016,sheet-10-R018		スマレジ連携に失敗した場合、注文データのポイント連携エラーメッセージに、スマレジからのレスポンスデータを登録する
sheet-10-R018	0405	sheet-10	スマレジEC受注連携エラー再連携	機能仕様	42	1723	sheet-10-B061			sheet-10-R002,sheet-10-R003,sheet-10-R004,sheet-10-R005,sheet-10-R006,sheet-10-R007,sheet-10-R008,sheet-10-R009,sheet-10-R010,sheet-10-R011,sheet-10-R012,sheet-10-R013,sheet-10-R014,sheet-10-R015,sheet-10-R016,sheet-10-R017		※開発申し送り レスポンスでーたをJSON形式に変換して登録
sheet-10-R019	0405	sheet-10	スマレジEC受注連携エラー再連携	現行仕様	46	1727	sheet-10-B062					B05-08 スマレジEC受注連携エラー再連携 / バッチ 受注管理 — スマレジEC受注連携エラー再連携
sheet-10-R020	0405	sheet-10	スマレジEC受注連携エラー再連携	現行仕様	48	1729	sheet-10-B063			sheet-10-R021,sheet-10-R022,sheet-10-R023,sheet-10-R024,sheet-10-R025		対象
sheet-10-R021	0405	sheet-10	スマレジEC受注連携エラー再連携	現行仕様	49	1730	sheet-10-B063			sheet-10-R020,sheet-10-R022,sheet-10-R023,sheet-10-R024,sheet-10-R025		会員情報とプレイヤー情報を持たない受注は対象にならず、連携エラーフラグが立ったまま残る。対象が1件も無いときは何もせずに完了する。
sheet-10-R022	0405	sheet-10	スマレジEC受注連携エラー再連携	現行仕様	50	1731	sheet-10-B063			sheet-10-R020,sheet-10-R021,sheet-10-R023,sheet-10-R024,sheet-10-R025		再連携後の状態
sheet-10-R023	0405	sheet-10	スマレジEC受注連携エラー再連携	現行仕様	51	1732	sheet-10-B063			sheet-10-R020,sheet-10-R021,sheet-10-R022,sheet-10-R024,sheet-10-R025		再連携に成功しても、前回の失敗で記録されたポイント連携エラーメッセージは消えない。受注編集画面には、解消済みのエラー内容が残ったまま表示される。
sheet-10-R024	0405	sheet-10	スマレジEC受注連携エラー再連携	現行仕様	52	1733	sheet-10-B063			sheet-10-R020,sheet-10-R021,sheet-10-R022,sheet-10-R023,sheet-10-R025		流量制御
sheet-10-R025	0405	sheet-10	スマレジEC受注連携エラー再連携	現行仕様	53	1734	sheet-10-B063			sheet-10-R020,sheet-10-R021,sheet-10-R022,sheet-10-R023,sheet-10-R024		スマレジへのリクエストが1秒あたり10回を超えないよう、受注1件ごとに0.1秒のインターバルを置く。
sheet-10-R026	0405	sheet-10	スマレジEC受注連携エラー再連携	現行仕様	55	1736	sheet-10-B064			sheet-10-R027		実行時の指定
sheet-10-R027	0405	sheet-10	スマレジEC受注連携エラー再連携	現行仕様	56	1737	sheet-10-B064			sheet-10-R026		実行するバッチの名前を指定して起動する。名前の指定が無いとき、および定義されていない名前を指定したときは、何も処理せずに終了コード1で終了する。処理を終えたときは終了コード0を返す。
sheet-10-R028	0405	sheet-10	スマレジEC受注連携エラー再連携	表示メッセージ	60	1741	sheet-10-B065				"メッセージID	表示位置	画面上の文言	表示条件	後続処理"	本バッチは画面へメッセージを表示しない。
sheet-11-R001	0405	sheet-11	スマレジ取引連携エラー再連携	機能仕様	24	1774	sheet-11-B066			sheet-11-R002,sheet-11-R003,sheet-11-R004		本店・支店の処理を統合
sheet-11-R002	0405	sheet-11	スマレジ取引連携エラー再連携	機能仕様	25	1775	sheet-11-B066			sheet-11-R001,sheet-11-R003,sheet-11-R004		全店舗のデータをともに処理対象とする
sheet-11-R003	0405	sheet-11	スマレジ取引連携エラー再連携	機能仕様	26	1776	sheet-11-B066			sheet-11-R001,sheet-11-R002,sheet-11-R004		スマレジ受信処理(A05-04)で追加した連携項目も連携するようにする
sheet-11-R004	0405	sheet-11	スマレジ取引連携エラー再連携	機能仕様	27	1777	sheet-11-B066			sheet-11-R001,sheet-11-R002,sheet-11-R003		※項目の詳細についてはスマレジ受信処理(A05-04)を参照のこと
sheet-11-R005	0405	sheet-11	スマレジ取引連携エラー再連携	機能仕様	29	1779	sheet-11-B067			sheet-11-R006,sheet-11-R007		1. APIでバッチ駆動時間から5時間前までの間の取引データを取得する
sheet-11-R006	0405	sheet-11	スマレジ取引連携エラー再連携	機能仕様	30	1780	sheet-11-B067			sheet-11-R005,sheet-11-R007		※手動でのバッチ実行時に期間指定されている場合はその期間内の取引データを取得する
sheet-11-R007	0405	sheet-11	スマレジ取引連携エラー再連携	機能仕様	31	1781	sheet-11-B067			sheet-11-R005,sheet-11-R006		2. 取引連携されていないデータを再連携処理する
sheet-11-R008	0405	sheet-11	スマレジ取引連携エラー再連携	機能仕様	32	1782	sheet-11-B068	★処理内容は、スマレジ受信処理(A05-04)と処理概要2から手順と同様の処理を実行する	★	sheet-11-R009,sheet-11-R010,sheet-11-R011,sheet-11-R012,sheet-11-R013,sheet-11-R014,sheet-11-R015,sheet-11-R016,sheet-11-R017,sheet-11-R018,sheet-11-R019,sheet-11-R020,sheet-11-R021,sheet-11-R022,sheet-11-R023,sheet-11-R024,sheet-11-R025,sheet-11-R026		★処理内容は、スマレジ受信処理(A05-04)と処理概要2から手順と同様の処理を実行する
sheet-11-R009	0405	sheet-11	スマレジ取引連携エラー再連携	機能仕様	33	1783	sheet-11-B068	★処理内容は、スマレジ受信処理(A05-04)と処理概要2から手順と同様の処理を実行する	★	sheet-11-R008,sheet-11-R010,sheet-11-R011,sheet-11-R012,sheet-11-R013,sheet-11-R014,sheet-11-R015,sheet-11-R016,sheet-11-R017,sheet-11-R018,sheet-11-R019,sheet-11-R020,sheet-11-R021,sheet-11-R022,sheet-11-R023,sheet-11-R024,sheet-11-R025,sheet-11-R026		実行トリガー　スケジュール起動(Step Functions)　実行タイミング　毎時1分
sheet-11-R010	0405	sheet-11	スマレジ取引連携エラー再連携	機能仕様	34	1784	sheet-11-B068	★処理内容は、スマレジ受信処理(A05-04)と処理概要2から手順と同様の処理を実行する	★	sheet-11-R008,sheet-11-R009,sheet-11-R011,sheet-11-R012,sheet-11-R013,sheet-11-R014,sheet-11-R015,sheet-11-R016,sheet-11-R017,sheet-11-R018,sheet-11-R019,sheet-11-R020,sheet-11-R021,sheet-11-R022,sheet-11-R023,sheet-11-R024,sheet-11-R025,sheet-11-R026		入力データ元　スマレジプラットフォームAPI　出力先(フォーマット)　DB
sheet-11-R011	0405	sheet-11	スマレジ取引連携エラー再連携	機能仕様	35	1785	sheet-11-B068	★処理内容は、スマレジ受信処理(A05-04)と処理概要2から手順と同様の処理を実行する	★	sheet-11-R008,sheet-11-R009,sheet-11-R010,sheet-11-R012,sheet-11-R013,sheet-11-R014,sheet-11-R015,sheet-11-R016,sheet-11-R017,sheet-11-R018,sheet-11-R019,sheet-11-R020,sheet-11-R021,sheet-11-R022,sheet-11-R023,sheet-11-R024,sheet-11-R025,sheet-11-R026		入力データ詳細
sheet-11-R012	0405	sheet-11	スマレジ取引連携エラー再連携	機能仕様	36	1786	sheet-11-B068	★処理内容は、スマレジ受信処理(A05-04)と処理概要2から手順と同様の処理を実行する	★	sheet-11-R008,sheet-11-R009,sheet-11-R010,sheet-11-R011,sheet-11-R013,sheet-11-R014,sheet-11-R015,sheet-11-R016,sheet-11-R017,sheet-11-R018,sheet-11-R019,sheet-11-R020,sheet-11-R021,sheet-11-R022,sheet-11-R023,sheet-11-R024,sheet-11-R025,sheet-11-R026		期間指定したい場合はバッチ実行時に日時を指定し実行する
sheet-11-R013	0405	sheet-11	スマレジ取引連携エラー再連携	機能仕様	37	1787	sheet-11-B068	★処理内容は、スマレジ受信処理(A05-04)と処理概要2から手順と同様の処理を実行する	★	sheet-11-R008,sheet-11-R009,sheet-11-R010,sheet-11-R011,sheet-11-R012,sheet-11-R014,sheet-11-R015,sheet-11-R016,sheet-11-R017,sheet-11-R018,sheet-11-R019,sheet-11-R020,sheet-11-R021,sheet-11-R022,sheet-11-R023,sheet-11-R024,sheet-11-R025,sheet-11-R026		Webhookが何らかの理由で失敗したスマレジ取引情報
sheet-11-R014	0405	sheet-11	スマレジ取引連携エラー再連携	機能仕様	38	1788	sheet-11-B068	★処理内容は、スマレジ受信処理(A05-04)と処理概要2から手順と同様の処理を実行する	★	sheet-11-R008,sheet-11-R009,sheet-11-R010,sheet-11-R011,sheet-11-R012,sheet-11-R013,sheet-11-R015,sheet-11-R016,sheet-11-R017,sheet-11-R018,sheet-11-R019,sheet-11-R020,sheet-11-R021,sheet-11-R022,sheet-11-R023,sheet-11-R024,sheet-11-R025,sheet-11-R026		スマレジ側のwebhookにはリトライ処理が実装されていないので、取引が連携済みか確認が必要
sheet-11-R015	0405	sheet-11	スマレジ取引連携エラー再連携	機能仕様	39	1789	sheet-11-B068	★処理内容は、スマレジ受信処理(A05-04)と処理概要2から手順と同様の処理を実行する	★	sheet-11-R008,sheet-11-R009,sheet-11-R010,sheet-11-R011,sheet-11-R012,sheet-11-R013,sheet-11-R014,sheet-11-R016,sheet-11-R017,sheet-11-R018,sheet-11-R019,sheet-11-R020,sheet-11-R021,sheet-11-R022,sheet-11-R023,sheet-11-R024,sheet-11-R025,sheet-11-R026		以下の条件下でwebhookに失敗している場合、再連携処理を実行
sheet-11-R016	0405	sheet-11	スマレジ取引連携エラー再連携	機能仕様	40	1790	sheet-11-B068	★処理内容は、スマレジ受信処理(A05-04)と処理概要2から手順と同様の処理を実行する	★	sheet-11-R008,sheet-11-R009,sheet-11-R010,sheet-11-R011,sheet-11-R012,sheet-11-R013,sheet-11-R014,sheet-11-R015,sheet-11-R017,sheet-11-R018,sheet-11-R019,sheet-11-R020,sheet-11-R021,sheet-11-R022,sheet-11-R023,sheet-11-R024,sheet-11-R025,sheet-11-R026		・ポイント処理に不整合がある場合
sheet-11-R017	0405	sheet-11	スマレジ取引連携エラー再連携	機能仕様	41	1791	sheet-11-B068	★処理内容は、スマレジ受信処理(A05-04)と処理概要2から手順と同様の処理を実行する	★	sheet-11-R008,sheet-11-R009,sheet-11-R010,sheet-11-R011,sheet-11-R012,sheet-11-R013,sheet-11-R014,sheet-11-R015,sheet-11-R016,sheet-11-R018,sheet-11-R019,sheet-11-R020,sheet-11-R021,sheet-11-R022,sheet-11-R023,sheet-11-R024,sheet-11-R025,sheet-11-R026		・スマレジ取引IDがECCUBE側に登録されていない場合
sheet-11-R018	0405	sheet-11	スマレジ取引連携エラー再連携	機能仕様	42	1792	sheet-11-B068	★処理内容は、スマレジ受信処理(A05-04)と処理概要2から手順と同様の処理を実行する	★	sheet-11-R008,sheet-11-R009,sheet-11-R010,sheet-11-R011,sheet-11-R012,sheet-11-R013,sheet-11-R014,sheet-11-R015,sheet-11-R016,sheet-11-R017,sheet-11-R019,sheet-11-R020,sheet-11-R021,sheet-11-R022,sheet-11-R023,sheet-11-R024,sheet-11-R025,sheet-11-R026		・スマレジ取引IDがECCUBE側に登録されている状態で返品(キャンセル)等、スマレジ側に更新があった場合(取引の更新日時に差異がある場合)
sheet-11-R019	0405	sheet-11	スマレジ取引連携エラー再連携	機能仕様	43	1793	sheet-11-B068	★処理内容は、スマレジ受信処理(A05-04)と処理概要2から手順と同様の処理を実行する	★	sheet-11-R008,sheet-11-R009,sheet-11-R010,sheet-11-R011,sheet-11-R012,sheet-11-R013,sheet-11-R014,sheet-11-R015,sheet-11-R016,sheet-11-R017,sheet-11-R018,sheet-11-R020,sheet-11-R021,sheet-11-R022,sheet-11-R023,sheet-11-R024,sheet-11-R025,sheet-11-R026		※ キャンセルの場合は、対象の受注データをキャンセルにする
sheet-11-R020	0405	sheet-11	スマレジ取引連携エラー再連携	機能仕様	44	1794	sheet-11-B068	★処理内容は、スマレジ受信処理(A05-04)と処理概要2から手順と同様の処理を実行する	★	sheet-11-R008,sheet-11-R009,sheet-11-R010,sheet-11-R011,sheet-11-R012,sheet-11-R013,sheet-11-R014,sheet-11-R015,sheet-11-R016,sheet-11-R017,sheet-11-R018,sheet-11-R019,sheet-11-R021,sheet-11-R022,sheet-11-R023,sheet-11-R024,sheet-11-R025,sheet-11-R026		入力データ検索条件
sheet-11-R021	0405	sheet-11	スマレジ取引連携エラー再連携	機能仕様	45	1795	sheet-11-B068	★処理内容は、スマレジ受信処理(A05-04)と処理概要2から手順と同様の処理を実行する	★	sheet-11-R008,sheet-11-R009,sheet-11-R010,sheet-11-R011,sheet-11-R012,sheet-11-R013,sheet-11-R014,sheet-11-R015,sheet-11-R016,sheet-11-R017,sheet-11-R018,sheet-11-R019,sheet-11-R020,sheet-11-R022,sheet-11-R023,sheet-11-R024,sheet-11-R025,sheet-11-R026		項目名　条件　備考
sheet-11-R022	0405	sheet-11	スマレジ取引連携エラー再連携	機能仕様	46	1796	sheet-11-B068	★処理内容は、スマレジ受信処理(A05-04)と処理概要2から手順と同様の処理を実行する	★	sheet-11-R008,sheet-11-R009,sheet-11-R010,sheet-11-R011,sheet-11-R012,sheet-11-R013,sheet-11-R014,sheet-11-R015,sheet-11-R016,sheet-11-R017,sheet-11-R018,sheet-11-R019,sheet-11-R020,sheet-11-R021,sheet-11-R023,sheet-11-R024,sheet-11-R025,sheet-11-R026		スマレジ取引データ.取引更新時間　バッチ駆動時間(X)からバッチ駆動時間よりY時間前(X-Y hours)の間
sheet-11-R023	0405	sheet-11	スマレジ取引連携エラー再連携	機能仕様	47	1797	sheet-11-B068	★処理内容は、スマレジ受信処理(A05-04)と処理概要2から手順と同様の処理を実行する	★	sheet-11-R008,sheet-11-R009,sheet-11-R010,sheet-11-R011,sheet-11-R012,sheet-11-R013,sheet-11-R014,sheet-11-R015,sheet-11-R016,sheet-11-R017,sheet-11-R018,sheet-11-R019,sheet-11-R020,sheet-11-R021,sheet-11-R022,sheet-11-R024,sheet-11-R025,sheet-11-R026		実行結果詳細  ※主にDBの登録・更新結果について記載
sheet-11-R024	0405	sheet-11	スマレジ取引連携エラー再連携	機能仕様	48	1798	sheet-11-B068	★処理内容は、スマレジ受信処理(A05-04)と処理概要2から手順と同様の処理を実行する	★	sheet-11-R008,sheet-11-R009,sheet-11-R010,sheet-11-R011,sheet-11-R012,sheet-11-R013,sheet-11-R014,sheet-11-R015,sheet-11-R016,sheet-11-R017,sheet-11-R018,sheet-11-R019,sheet-11-R020,sheet-11-R021,sheet-11-R022,sheet-11-R023,sheet-11-R025,sheet-11-R026		Webhookに失敗した処理が、スマレジ受信処理(A05-04)と同等の処理が完了した状態になる
sheet-11-R025	0405	sheet-11	スマレジ取引連携エラー再連携	機能仕様	49	1799	sheet-11-B068	★処理内容は、スマレジ受信処理(A05-04)と処理概要2から手順と同様の処理を実行する	★	sheet-11-R008,sheet-11-R009,sheet-11-R010,sheet-11-R011,sheet-11-R012,sheet-11-R013,sheet-11-R014,sheet-11-R015,sheet-11-R016,sheet-11-R017,sheet-11-R018,sheet-11-R019,sheet-11-R020,sheet-11-R021,sheet-11-R022,sheet-11-R023,sheet-11-R024,sheet-11-R026		エラーハンドリング
sheet-11-R026	0405	sheet-11	スマレジ取引連携エラー再連携	機能仕様	50	1800	sheet-11-B068	★処理内容は、スマレジ受信処理(A05-04)と処理概要2から手順と同様の処理を実行する	★	sheet-11-R008,sheet-11-R009,sheet-11-R010,sheet-11-R011,sheet-11-R012,sheet-11-R013,sheet-11-R014,sheet-11-R015,sheet-11-R016,sheet-11-R017,sheet-11-R018,sheet-11-R019,sheet-11-R020,sheet-11-R021,sheet-11-R022,sheet-11-R023,sheet-11-R024,sheet-11-R025		際連携時にエラーがあった場合、スマレジから返ってきているエラー内容をログに出力する
sheet-11-R027	0405	sheet-11	スマレジ取引連携エラー再連携	現行仕様	54	1804	sheet-11-B069					B05-09 スマレジ取引連携エラー再連携 / バッチ 受注管理 — スマレジ取引連携エラー再連携
sheet-11-R028	0405	sheet-11	スマレジ取引連携エラー再連携	現行仕様	56	1806	sheet-11-B070			sheet-11-R029,sheet-11-R030,sheet-11-R031,sheet-11-R032		取引情報の取得
sheet-11-R029	0405	sheet-11	スマレジ取引連携エラー再連携	現行仕様	57	1807	sheet-11-B070			sheet-11-R028,sheet-11-R030,sheet-11-R031,sheet-11-R032		スマレジへの接続設定（接続先URL、契約ID、アクセストークン）をオプションマスタから取得し、取引情報の取得に用いる。取得する取引は、取引区分が通常のものに限る。
sheet-11-R030	0405	sheet-11	スマレジ取引連携エラー再連携	現行仕様	58	1808	sheet-11-B070			sheet-11-R028,sheet-11-R029,sheet-11-R031,sheet-11-R032		再連携結果の記録
sheet-11-R031	0405	sheet-11	スマレジ取引連携エラー再連携	現行仕様	59	1809	sheet-11-B070			sheet-11-R028,sheet-11-R029,sheet-11-R030,sheet-11-R032		再連携の対象と判定した取引の取引IDをログに出力する。再連携した取引が1件以上あるときは、その件数をログに出力する。
sheet-11-R032	0405	sheet-11	スマレジ取引連携エラー再連携	現行仕様	60	1810	sheet-11-B070			sheet-11-R028,sheet-11-R029,sheet-11-R030,sheet-11-R031		エラー時の扱い
sheet-11-R033	0405	sheet-11	スマレジ取引連携エラー再連携	現行仕様	62	1812	sheet-11-B071			sheet-11-R034,sheet-11-R035	"エラー内容	処理"	"実行時の指定が本バッチと一致しない	実行日時を添えた該当なしのメッセージをコンソールへ出力し、再連携を行わずに終了する。終了コードは1"
sheet-11-R034	0405	sheet-11	スマレジ取引連携エラー再連携	現行仕様	63	1813	sheet-11-B071			sheet-11-R033,sheet-11-R035	"エラー内容	処理"	"取引情報の取得失敗	失敗内容をコンソールへ出力し、再連携を行わずに終了する。終了コードは成功時と同じ0"
sheet-11-R035	0405	sheet-11	スマレジ取引連携エラー再連携	現行仕様	64	1814	sheet-11-B071			sheet-11-R033,sheet-11-R034	"エラー内容	処理"	"取得結果が空	何もせず正常終了する"
sheet-11-R036	0405	sheet-11	スマレジ取引連携エラー再連携	現行仕様	66	1816	sheet-11-B072				"エラー内容	処理"	入出力: 入力と出力
sheet-11-R037	0405	sheet-11	スマレジ取引連携エラー再連携	現行仕様	68	1818	sheet-11-B073			sheet-11-R038,sheet-11-R039	"種類	内容"	"入力	バッチ実行時に指定する対象バッチ名、スマレジ接続設定（接続先URL・契約ID・アクセストークン）"
sheet-11-R038	0405	sheet-11	スマレジ取引連携エラー再連携	現行仕様	69	1819	sheet-11-B073			sheet-11-R037,sheet-11-R039	"種類	内容"	"成功時出力	再連携の対象と判定した取引IDと、再連携した件数のログ出力"
sheet-11-R039	0405	sheet-11	スマレジ取引連携エラー再連携	現行仕様	70	1820	sheet-11-B073			sheet-11-R037,sheet-11-R038	"種類	内容"	"失敗時出力	取得失敗内容のコンソール出力"
sheet-11-R040	0405	sheet-11	スマレジ取引連携エラー再連携	表示メッセージ	74	1824	sheet-11-B074				"メッセージID	表示位置	画面上の文言	表示条件	後続処理"	本バッチは画面へメッセージを表示しない。
