要求ID	書番	シート	シート名	区分	シート内行	HTML行	ブロックID	ブロック見出し	カスタマイズ	同ブロック	表ヘッダ	要求文
sheet-1-R001	0209	sheet-1	表紙	本文	2	974	sheet-1-B001			sheet-1-R002,sheet-1-R003,sheet-1-R004,sheet-1-R005,sheet-1-R006,sheet-1-R007		晴れる屋様
sheet-1-R002	0209	sheet-1	表紙	本文	3	975	sheet-1-B001			sheet-1-R001,sheet-1-R003,sheet-1-R004,sheet-1-R005,sheet-1-R006,sheet-1-R007		基本情報設定機能
sheet-1-R003	0209	sheet-1	表紙	本文	4	976	sheet-1-B001			sheet-1-R001,sheet-1-R002,sheet-1-R004,sheet-1-R005,sheet-1-R006,sheet-1-R007		基本設計仕様書
sheet-1-R004	0209	sheet-1	表紙	本文	5	977	sheet-1-B001			sheet-1-R001,sheet-1-R002,sheet-1-R003,sheet-1-R005,sheet-1-R006,sheet-1-R007		"Ver	改訂内容	改訂者	改訂日"
sheet-1-R005	0209	sheet-1	表紙	本文	6	978	sheet-1-B001			sheet-1-R001,sheet-1-R002,sheet-1-R003,sheet-1-R004,sheet-1-R006,sheet-1-R007		"0.1	新規作成	佐藤	2025-08-29"
sheet-1-R006	0209	sheet-1	表紙	本文	7	979	sheet-1-B001			sheet-1-R001,sheet-1-R002,sheet-1-R003,sheet-1-R004,sheet-1-R005,sheet-1-R007		"0.2	店舗登録シート内、ShortNameJP、ShortNameEnを日本語表記に変更	佐藤	2025-10-16"
sheet-1-R007	0209	sheet-1	表紙	本文	8	980	sheet-1-B001			sheet-1-R001,sheet-1-R002,sheet-1-R003,sheet-1-R004,sheet-1-R005,sheet-1-R006		"0.3	追加システムシート 買取の「経理払出し」連絡用メール設定を追加	井澤	2026-01-27"
sheet-2-R001	0209	sheet-2	目次	本文	2	998	sheet-2-B002			sheet-2-R002,sheet-2-R003,sheet-2-R004,sheet-2-R005,sheet-2-R006,sheet-2-R007,sheet-2-R008,sheet-2-R009,sheet-2-R010,sheet-2-R011,sheet-2-R012,sheet-2-R013,sheet-2-R014,sheet-2-R015,sheet-2-R016		目次
sheet-2-R002	0209	sheet-2	目次	本文	3	999	sheet-2-B002			sheet-2-R001,sheet-2-R003,sheet-2-R004,sheet-2-R005,sheet-2-R006,sheet-2-R007,sheet-2-R008,sheet-2-R009,sheet-2-R010,sheet-2-R011,sheet-2-R012,sheet-2-R013,sheet-2-R014,sheet-2-R015,sheet-2-R016		画面遷移設計
sheet-2-R003	0209	sheet-2	目次	本文	4	1000	sheet-2-B002			sheet-2-R001,sheet-2-R002,sheet-2-R004,sheet-2-R005,sheet-2-R006,sheet-2-R007,sheet-2-R008,sheet-2-R009,sheet-2-R010,sheet-2-R011,sheet-2-R012,sheet-2-R013,sheet-2-R014,sheet-2-R015,sheet-2-R016		画面遷移図
sheet-2-R004	0209	sheet-2	目次	本文	5	1001	sheet-2-B002			sheet-2-R001,sheet-2-R002,sheet-2-R003,sheet-2-R005,sheet-2-R006,sheet-2-R007,sheet-2-R008,sheet-2-R009,sheet-2-R010,sheet-2-R011,sheet-2-R012,sheet-2-R013,sheet-2-R014,sheet-2-R015,sheet-2-R016		画面設計
sheet-2-R005	0209	sheet-2	目次	本文	6	1002	sheet-2-B002			sheet-2-R001,sheet-2-R002,sheet-2-R003,sheet-2-R004,sheet-2-R006,sheet-2-R007,sheet-2-R008,sheet-2-R009,sheet-2-R010,sheet-2-R011,sheet-2-R012,sheet-2-R013,sheet-2-R014,sheet-2-R015,sheet-2-R016		M10-01 基本設定(旧ショップマスター)
sheet-2-R006	0209	sheet-2	目次	本文	7	1003	sheet-2-B002			sheet-2-R001,sheet-2-R002,sheet-2-R003,sheet-2-R004,sheet-2-R005,sheet-2-R007,sheet-2-R008,sheet-2-R009,sheet-2-R010,sheet-2-R011,sheet-2-R012,sheet-2-R013,sheet-2-R014,sheet-2-R015,sheet-2-R016		M10-02 特定商取引に関する法律
sheet-2-R007	0209	sheet-2	目次	本文	8	1004	sheet-2-B002			sheet-2-R001,sheet-2-R002,sheet-2-R003,sheet-2-R004,sheet-2-R005,sheet-2-R006,sheet-2-R008,sheet-2-R009,sheet-2-R010,sheet-2-R011,sheet-2-R012,sheet-2-R013,sheet-2-R014,sheet-2-R015,sheet-2-R016		M10-03 利用規約管理
sheet-2-R008	0209	sheet-2	目次	本文	9	1005	sheet-2-B002			sheet-2-R001,sheet-2-R002,sheet-2-R003,sheet-2-R004,sheet-2-R005,sheet-2-R006,sheet-2-R007,sheet-2-R009,sheet-2-R010,sheet-2-R011,sheet-2-R012,sheet-2-R013,sheet-2-R014,sheet-2-R015,sheet-2-R016		M10-04 支払い方法　手数料設定
sheet-2-R009	0209	sheet-2	目次	本文	10	1006	sheet-2-B002			sheet-2-R001,sheet-2-R002,sheet-2-R003,sheet-2-R004,sheet-2-R005,sheet-2-R006,sheet-2-R007,sheet-2-R008,sheet-2-R010,sheet-2-R011,sheet-2-R012,sheet-2-R013,sheet-2-R014,sheet-2-R015,sheet-2-R016		M10-05 M10-06 配送方法設定
sheet-2-R010	0209	sheet-2	目次	本文	11	1007	sheet-2-B002			sheet-2-R001,sheet-2-R002,sheet-2-R003,sheet-2-R004,sheet-2-R005,sheet-2-R006,sheet-2-R007,sheet-2-R008,sheet-2-R009,sheet-2-R011,sheet-2-R012,sheet-2-R013,sheet-2-R014,sheet-2-R015,sheet-2-R016		M10-07 税率設定
sheet-2-R011	0209	sheet-2	目次	本文	12	1008	sheet-2-B002			sheet-2-R001,sheet-2-R002,sheet-2-R003,sheet-2-R004,sheet-2-R005,sheet-2-R006,sheet-2-R007,sheet-2-R008,sheet-2-R009,sheet-2-R010,sheet-2-R012,sheet-2-R013,sheet-2-R014,sheet-2-R015,sheet-2-R016		M10-08 自動送信メール
sheet-2-R012	0209	sheet-2	目次	本文	13	1009	sheet-2-B002			sheet-2-R001,sheet-2-R002,sheet-2-R003,sheet-2-R004,sheet-2-R005,sheet-2-R006,sheet-2-R007,sheet-2-R008,sheet-2-R009,sheet-2-R010,sheet-2-R011,sheet-2-R013,sheet-2-R014,sheet-2-R015,sheet-2-R016		M10-09 メール設定
sheet-2-R013	0209	sheet-2	目次	本文	14	1010	sheet-2-B002			sheet-2-R001,sheet-2-R002,sheet-2-R003,sheet-2-R004,sheet-2-R005,sheet-2-R006,sheet-2-R007,sheet-2-R008,sheet-2-R009,sheet-2-R010,sheet-2-R011,sheet-2-R012,sheet-2-R014,sheet-2-R015,sheet-2-R016		M10-10 CSV出力項目設定
sheet-2-R014	0209	sheet-2	目次	本文	15	1011	sheet-2-B002			sheet-2-R001,sheet-2-R002,sheet-2-R003,sheet-2-R004,sheet-2-R005,sheet-2-R006,sheet-2-R007,sheet-2-R008,sheet-2-R009,sheet-2-R010,sheet-2-R011,sheet-2-R012,sheet-2-R013,sheet-2-R015,sheet-2-R016		M10-13 カスタムCSV出力設定
sheet-2-R015	0209	sheet-2	目次	本文	16	1012	sheet-2-B002			sheet-2-R001,sheet-2-R002,sheet-2-R003,sheet-2-R004,sheet-2-R005,sheet-2-R006,sheet-2-R007,sheet-2-R008,sheet-2-R009,sheet-2-R010,sheet-2-R011,sheet-2-R012,sheet-2-R013,sheet-2-R014,sheet-2-R016		M10-15 店舗登録
sheet-2-R016	0209	sheet-2	目次	本文	17	1013	sheet-2-B002			sheet-2-R001,sheet-2-R002,sheet-2-R003,sheet-2-R004,sheet-2-R005,sheet-2-R006,sheet-2-R007,sheet-2-R008,sheet-2-R009,sheet-2-R010,sheet-2-R011,sheet-2-R012,sheet-2-R013,sheet-2-R014,sheet-2-R015		M10-16 追加システム設定
sheet-3-R001	0209	sheet-3	基本設定(旧ショップマスター)	本文	22	1043	sheet-3-B003			sheet-3-R002		処理概要
sheet-3-R002	0209	sheet-3	基本設定(旧ショップマスター)	本文	23	1044	sheet-3-B003			sheet-3-R001		処理概要
sheet-3-R003	0209	sheet-3	基本設定(旧ショップマスター)	機能仕様	57	1078	sheet-3-B004			sheet-3-R004,sheet-3-R005,sheet-3-R006,sheet-3-R007,sheet-3-R008,sheet-3-R009		なし
sheet-3-R004	0209	sheet-3	基本設定(旧ショップマスター)	機能仕様	58	1079	sheet-3-B004			sheet-3-R003,sheet-3-R005,sheet-3-R006,sheet-3-R007,sheet-3-R008,sheet-3-R009		・カスタマイズ要件に記載の内容以外は現行踏襲とする。
sheet-3-R005	0209	sheet-3	基本設定(旧ショップマスター)	機能仕様	59	1080	sheet-3-B004			sheet-3-R003,sheet-3-R004,sheet-3-R006,sheet-3-R007,sheet-3-R008,sheet-3-R009		機能仕様処理概要
sheet-3-R006	0209	sheet-3	基本設定(旧ショップマスター)	機能仕様	60	1081	sheet-3-B004			sheet-3-R003,sheet-3-R004,sheet-3-R005,sheet-3-R007,sheet-3-R008,sheet-3-R009		名称の変更
sheet-3-R007	0209	sheet-3	基本設定(旧ショップマスター)	機能仕様	61	1082	sheet-3-B004			sheet-3-R003,sheet-3-R004,sheet-3-R005,sheet-3-R006,sheet-3-R008,sheet-3-R009		・現行の旧ショップマスターから名称を変更
sheet-3-R008	0209	sheet-3	基本設定(旧ショップマスター)	機能仕様	62	1083	sheet-3-B004			sheet-3-R003,sheet-3-R004,sheet-3-R005,sheet-3-R006,sheet-3-R007,sheet-3-R009		機能仕様処理概要
sheet-3-R009	0209	sheet-3	基本設定(旧ショップマスター)	機能仕様	63	1084	sheet-3-B004			sheet-3-R003,sheet-3-R004,sheet-3-R005,sheet-3-R006,sheet-3-R007,sheet-3-R008		・フォームに入力された値で店舗情報を登録する
sheet-3-R010	0209	sheet-3	基本設定(旧ショップマスター)	項目定義	65	1086	sheet-3-B005			sheet-3-R011,sheet-3-R012,sheet-3-R013,sheet-3-R014,sheet-3-R015,sheet-3-R016,sheet-3-R017,sheet-3-R018,sheet-3-R019,sheet-3-R020,sheet-3-R021,sheet-3-R022,sheet-3-R023,sheet-3-R024,sheet-3-R025,sheet-3-R026,sheet-3-R027,sheet-3-R028,sheet-3-R029,sheet-3-R030,sheet-3-R031,sheet-3-R032,sheet-3-R033,sheet-3-R034,sheet-3-R035,sheet-3-R036,sheet-3-R037,sheet-3-R038,sheet-3-R039,sheet-3-R040,sheet-3-R041,sheet-3-R042,sheet-3-R043,sheet-3-R044	"識別ID	ラベル	書式・制限	必須	最大値	初期値	画面部品の説明"	店舗情報
sheet-3-R011	0209	sheet-3	基本設定(旧ショップマスター)	項目定義	66	1087	sheet-3-B005			sheet-3-R010,sheet-3-R012,sheet-3-R013,sheet-3-R014,sheet-3-R015,sheet-3-R016,sheet-3-R017,sheet-3-R018,sheet-3-R019,sheet-3-R020,sheet-3-R021,sheet-3-R022,sheet-3-R023,sheet-3-R024,sheet-3-R025,sheet-3-R026,sheet-3-R027,sheet-3-R028,sheet-3-R029,sheet-3-R030,sheet-3-R031,sheet-3-R032,sheet-3-R033,sheet-3-R034,sheet-3-R035,sheet-3-R036,sheet-3-R037,sheet-3-R038,sheet-3-R039,sheet-3-R040,sheet-3-R041,sheet-3-R042,sheet-3-R043,sheet-3-R044	"識別ID	ラベル	書式・制限	必須	最大値	初期値	画面部品の説明"	"1-1	会社名	全角・半角	-	-	-	-"
sheet-3-R012	0209	sheet-3	基本設定(旧ショップマスター)	項目定義	67	1088	sheet-3-B005			sheet-3-R010,sheet-3-R011,sheet-3-R013,sheet-3-R014,sheet-3-R015,sheet-3-R016,sheet-3-R017,sheet-3-R018,sheet-3-R019,sheet-3-R020,sheet-3-R021,sheet-3-R022,sheet-3-R023,sheet-3-R024,sheet-3-R025,sheet-3-R026,sheet-3-R027,sheet-3-R028,sheet-3-R029,sheet-3-R030,sheet-3-R031,sheet-3-R032,sheet-3-R033,sheet-3-R034,sheet-3-R035,sheet-3-R036,sheet-3-R037,sheet-3-R038,sheet-3-R039,sheet-3-R040,sheet-3-R041,sheet-3-R042,sheet-3-R043,sheet-3-R044	"識別ID	ラベル	書式・制限	必須	最大値	初期値	画面部品の説明"	"1-2	会社名(フリガナ)	全角・半角	-	-	-	-"
sheet-3-R013	0209	sheet-3	基本設定(旧ショップマスター)	項目定義	68	1089	sheet-3-B005			sheet-3-R010,sheet-3-R011,sheet-3-R012,sheet-3-R014,sheet-3-R015,sheet-3-R016,sheet-3-R017,sheet-3-R018,sheet-3-R019,sheet-3-R020,sheet-3-R021,sheet-3-R022,sheet-3-R023,sheet-3-R024,sheet-3-R025,sheet-3-R026,sheet-3-R027,sheet-3-R028,sheet-3-R029,sheet-3-R030,sheet-3-R031,sheet-3-R032,sheet-3-R033,sheet-3-R034,sheet-3-R035,sheet-3-R036,sheet-3-R037,sheet-3-R038,sheet-3-R039,sheet-3-R040,sheet-3-R041,sheet-3-R042,sheet-3-R043,sheet-3-R044	"識別ID	ラベル	書式・制限	必須	最大値	初期値	画面部品の説明"	"1-3	店名	全角・半角	○	-	-	-"
sheet-3-R014	0209	sheet-3	基本設定(旧ショップマスター)	項目定義	69	1090	sheet-3-B005			sheet-3-R010,sheet-3-R011,sheet-3-R012,sheet-3-R013,sheet-3-R015,sheet-3-R016,sheet-3-R017,sheet-3-R018,sheet-3-R019,sheet-3-R020,sheet-3-R021,sheet-3-R022,sheet-3-R023,sheet-3-R024,sheet-3-R025,sheet-3-R026,sheet-3-R027,sheet-3-R028,sheet-3-R029,sheet-3-R030,sheet-3-R031,sheet-3-R032,sheet-3-R033,sheet-3-R034,sheet-3-R035,sheet-3-R036,sheet-3-R037,sheet-3-R038,sheet-3-R039,sheet-3-R040,sheet-3-R041,sheet-3-R042,sheet-3-R043,sheet-3-R044	"識別ID	ラベル	書式・制限	必須	最大値	初期値	画面部品の説明"	"1-4	店名(フリガナ)	全角・半角	-	-	-	-"
sheet-3-R015	0209	sheet-3	基本設定(旧ショップマスター)	項目定義	70	1091	sheet-3-B005			sheet-3-R010,sheet-3-R011,sheet-3-R012,sheet-3-R013,sheet-3-R014,sheet-3-R016,sheet-3-R017,sheet-3-R018,sheet-3-R019,sheet-3-R020,sheet-3-R021,sheet-3-R022,sheet-3-R023,sheet-3-R024,sheet-3-R025,sheet-3-R026,sheet-3-R027,sheet-3-R028,sheet-3-R029,sheet-3-R030,sheet-3-R031,sheet-3-R032,sheet-3-R033,sheet-3-R034,sheet-3-R035,sheet-3-R036,sheet-3-R037,sheet-3-R038,sheet-3-R039,sheet-3-R040,sheet-3-R041,sheet-3-R042,sheet-3-R043,sheet-3-R044	"識別ID	ラベル	書式・制限	必須	最大値	初期値	画面部品の説明"	"1-5	店名(英語表記)	全角・半角	-	-	-	-"
sheet-3-R016	0209	sheet-3	基本設定(旧ショップマスター)	項目定義	71	1092	sheet-3-B005			sheet-3-R010,sheet-3-R011,sheet-3-R012,sheet-3-R013,sheet-3-R014,sheet-3-R015,sheet-3-R017,sheet-3-R018,sheet-3-R019,sheet-3-R020,sheet-3-R021,sheet-3-R022,sheet-3-R023,sheet-3-R024,sheet-3-R025,sheet-3-R026,sheet-3-R027,sheet-3-R028,sheet-3-R029,sheet-3-R030,sheet-3-R031,sheet-3-R032,sheet-3-R033,sheet-3-R034,sheet-3-R035,sheet-3-R036,sheet-3-R037,sheet-3-R038,sheet-3-R039,sheet-3-R040,sheet-3-R041,sheet-3-R042,sheet-3-R043,sheet-3-R044	"識別ID	ラベル	書式・制限	必須	最大値	初期値	画面部品の説明"	"1-6	住所	全角・半角	-	-	-	-"
sheet-3-R017	0209	sheet-3	基本設定(旧ショップマスター)	項目定義	72	1093	sheet-3-B005			sheet-3-R010,sheet-3-R011,sheet-3-R012,sheet-3-R013,sheet-3-R014,sheet-3-R015,sheet-3-R016,sheet-3-R018,sheet-3-R019,sheet-3-R020,sheet-3-R021,sheet-3-R022,sheet-3-R023,sheet-3-R024,sheet-3-R025,sheet-3-R026,sheet-3-R027,sheet-3-R028,sheet-3-R029,sheet-3-R030,sheet-3-R031,sheet-3-R032,sheet-3-R033,sheet-3-R034,sheet-3-R035,sheet-3-R036,sheet-3-R037,sheet-3-R038,sheet-3-R039,sheet-3-R040,sheet-3-R041,sheet-3-R042,sheet-3-R043,sheet-3-R044	"識別ID	ラベル	書式・制限	必須	最大値	初期値	画面部品の説明"	"1-7	電話番号	全角・半角	-	-	-	-"
sheet-3-R018	0209	sheet-3	基本設定(旧ショップマスター)	項目定義	73	1094	sheet-3-B005			sheet-3-R010,sheet-3-R011,sheet-3-R012,sheet-3-R013,sheet-3-R014,sheet-3-R015,sheet-3-R016,sheet-3-R017,sheet-3-R019,sheet-3-R020,sheet-3-R021,sheet-3-R022,sheet-3-R023,sheet-3-R024,sheet-3-R025,sheet-3-R026,sheet-3-R027,sheet-3-R028,sheet-3-R029,sheet-3-R030,sheet-3-R031,sheet-3-R032,sheet-3-R033,sheet-3-R034,sheet-3-R035,sheet-3-R036,sheet-3-R037,sheet-3-R038,sheet-3-R039,sheet-3-R040,sheet-3-R041,sheet-3-R042,sheet-3-R043,sheet-3-R044	"識別ID	ラベル	書式・制限	必須	最大値	初期値	画面部品の説明"	"1-8	FAX番号	全角・半角	-	-	-	-"
sheet-3-R019	0209	sheet-3	基本設定(旧ショップマスター)	項目定義	74	1095	sheet-3-B005			sheet-3-R010,sheet-3-R011,sheet-3-R012,sheet-3-R013,sheet-3-R014,sheet-3-R015,sheet-3-R016,sheet-3-R017,sheet-3-R018,sheet-3-R020,sheet-3-R021,sheet-3-R022,sheet-3-R023,sheet-3-R024,sheet-3-R025,sheet-3-R026,sheet-3-R027,sheet-3-R028,sheet-3-R029,sheet-3-R030,sheet-3-R031,sheet-3-R032,sheet-3-R033,sheet-3-R034,sheet-3-R035,sheet-3-R036,sheet-3-R037,sheet-3-R038,sheet-3-R039,sheet-3-R040,sheet-3-R041,sheet-3-R042,sheet-3-R043,sheet-3-R044	"識別ID	ラベル	書式・制限	必須	最大値	初期値	画面部品の説明"	"1-9	店舗営業時間	全角・半角	-	-	-	-"
sheet-3-R020	0209	sheet-3	基本設定(旧ショップマスター)	項目定義	75	1096	sheet-3-B005			sheet-3-R010,sheet-3-R011,sheet-3-R012,sheet-3-R013,sheet-3-R014,sheet-3-R015,sheet-3-R016,sheet-3-R017,sheet-3-R018,sheet-3-R019,sheet-3-R021,sheet-3-R022,sheet-3-R023,sheet-3-R024,sheet-3-R025,sheet-3-R026,sheet-3-R027,sheet-3-R028,sheet-3-R029,sheet-3-R030,sheet-3-R031,sheet-3-R032,sheet-3-R033,sheet-3-R034,sheet-3-R035,sheet-3-R036,sheet-3-R037,sheet-3-R038,sheet-3-R039,sheet-3-R040,sheet-3-R041,sheet-3-R042,sheet-3-R043,sheet-3-R044	"識別ID	ラベル	書式・制限	必須	最大値	初期値	画面部品の説明"	"1-10	送信元メールアドレス	全角・半角	○	-	-	-"
sheet-3-R021	0209	sheet-3	基本設定(旧ショップマスター)	項目定義	76	1097	sheet-3-B005			sheet-3-R010,sheet-3-R011,sheet-3-R012,sheet-3-R013,sheet-3-R014,sheet-3-R015,sheet-3-R016,sheet-3-R017,sheet-3-R018,sheet-3-R019,sheet-3-R020,sheet-3-R022,sheet-3-R023,sheet-3-R024,sheet-3-R025,sheet-3-R026,sheet-3-R027,sheet-3-R028,sheet-3-R029,sheet-3-R030,sheet-3-R031,sheet-3-R032,sheet-3-R033,sheet-3-R034,sheet-3-R035,sheet-3-R036,sheet-3-R037,sheet-3-R038,sheet-3-R039,sheet-3-R040,sheet-3-R041,sheet-3-R042,sheet-3-R043,sheet-3-R044	"識別ID	ラベル	書式・制限	必須	最大値	初期値	画面部品の説明"	"1-11	返信先メールアドレス	全角・半角	○	-	-	-"
sheet-3-R022	0209	sheet-3	基本設定(旧ショップマスター)	項目定義	77	1098	sheet-3-B005			sheet-3-R010,sheet-3-R011,sheet-3-R012,sheet-3-R013,sheet-3-R014,sheet-3-R015,sheet-3-R016,sheet-3-R017,sheet-3-R018,sheet-3-R019,sheet-3-R020,sheet-3-R021,sheet-3-R023,sheet-3-R024,sheet-3-R025,sheet-3-R026,sheet-3-R027,sheet-3-R028,sheet-3-R029,sheet-3-R030,sheet-3-R031,sheet-3-R032,sheet-3-R033,sheet-3-R034,sheet-3-R035,sheet-3-R036,sheet-3-R037,sheet-3-R038,sheet-3-R039,sheet-3-R040,sheet-3-R041,sheet-3-R042,sheet-3-R043,sheet-3-R044	"識別ID	ラベル	書式・制限	必須	最大値	初期値	画面部品の説明"	"1-12	送信エラー通知メールアドレス	全角・半角	○	-	-	-"
sheet-3-R023	0209	sheet-3	基本設定(旧ショップマスター)	項目定義	78	1099	sheet-3-B005			sheet-3-R010,sheet-3-R011,sheet-3-R012,sheet-3-R013,sheet-3-R014,sheet-3-R015,sheet-3-R016,sheet-3-R017,sheet-3-R018,sheet-3-R019,sheet-3-R020,sheet-3-R021,sheet-3-R022,sheet-3-R024,sheet-3-R025,sheet-3-R026,sheet-3-R027,sheet-3-R028,sheet-3-R029,sheet-3-R030,sheet-3-R031,sheet-3-R032,sheet-3-R033,sheet-3-R034,sheet-3-R035,sheet-3-R036,sheet-3-R037,sheet-3-R038,sheet-3-R039,sheet-3-R040,sheet-3-R041,sheet-3-R042,sheet-3-R043,sheet-3-R044	"識別ID	ラベル	書式・制限	必須	最大値	初期値	画面部品の説明"	"1-13	問い合わせ専用メールアドレス	全角・半角	○	-	-	-"
sheet-3-R024	0209	sheet-3	基本設定(旧ショップマスター)	項目定義	79	1100	sheet-3-B005			sheet-3-R010,sheet-3-R011,sheet-3-R012,sheet-3-R013,sheet-3-R014,sheet-3-R015,sheet-3-R016,sheet-3-R017,sheet-3-R018,sheet-3-R019,sheet-3-R020,sheet-3-R021,sheet-3-R022,sheet-3-R023,sheet-3-R025,sheet-3-R026,sheet-3-R027,sheet-3-R028,sheet-3-R029,sheet-3-R030,sheet-3-R031,sheet-3-R032,sheet-3-R033,sheet-3-R034,sheet-3-R035,sheet-3-R036,sheet-3-R037,sheet-3-R038,sheet-3-R039,sheet-3-R040,sheet-3-R041,sheet-3-R042,sheet-3-R043,sheet-3-R044	"識別ID	ラベル	書式・制限	必須	最大値	初期値	画面部品の説明"	"1-14	取扱商品	全角・半角	-	-	-	-"
sheet-3-R025	0209	sheet-3	基本設定(旧ショップマスター)	項目定義	80	1101	sheet-3-B005			sheet-3-R010,sheet-3-R011,sheet-3-R012,sheet-3-R013,sheet-3-R014,sheet-3-R015,sheet-3-R016,sheet-3-R017,sheet-3-R018,sheet-3-R019,sheet-3-R020,sheet-3-R021,sheet-3-R022,sheet-3-R023,sheet-3-R024,sheet-3-R026,sheet-3-R027,sheet-3-R028,sheet-3-R029,sheet-3-R030,sheet-3-R031,sheet-3-R032,sheet-3-R033,sheet-3-R034,sheet-3-R035,sheet-3-R036,sheet-3-R037,sheet-3-R038,sheet-3-R039,sheet-3-R040,sheet-3-R041,sheet-3-R042,sheet-3-R043,sheet-3-R044	"識別ID	ラベル	書式・制限	必須	最大値	初期値	画面部品の説明"	"1-15	メッセージ	全角・半角	-	-	-	-"
sheet-3-R026	0209	sheet-3	基本設定(旧ショップマスター)	項目定義	81	1102	sheet-3-B005			sheet-3-R010,sheet-3-R011,sheet-3-R012,sheet-3-R013,sheet-3-R014,sheet-3-R015,sheet-3-R016,sheet-3-R017,sheet-3-R018,sheet-3-R019,sheet-3-R020,sheet-3-R021,sheet-3-R022,sheet-3-R023,sheet-3-R024,sheet-3-R025,sheet-3-R027,sheet-3-R028,sheet-3-R029,sheet-3-R030,sheet-3-R031,sheet-3-R032,sheet-3-R033,sheet-3-R034,sheet-3-R035,sheet-3-R036,sheet-3-R037,sheet-3-R038,sheet-3-R039,sheet-3-R040,sheet-3-R041,sheet-3-R042,sheet-3-R043,sheet-3-R044	"識別ID	ラベル	書式・制限	必須	最大値	初期値	画面部品の説明"	送料設定
sheet-3-R027	0209	sheet-3	基本設定(旧ショップマスター)	項目定義	82	1103	sheet-3-B005			sheet-3-R010,sheet-3-R011,sheet-3-R012,sheet-3-R013,sheet-3-R014,sheet-3-R015,sheet-3-R016,sheet-3-R017,sheet-3-R018,sheet-3-R019,sheet-3-R020,sheet-3-R021,sheet-3-R022,sheet-3-R023,sheet-3-R024,sheet-3-R025,sheet-3-R026,sheet-3-R028,sheet-3-R029,sheet-3-R030,sheet-3-R031,sheet-3-R032,sheet-3-R033,sheet-3-R034,sheet-3-R035,sheet-3-R036,sheet-3-R037,sheet-3-R038,sheet-3-R039,sheet-3-R040,sheet-3-R041,sheet-3-R042,sheet-3-R043,sheet-3-R044	"識別ID	ラベル	書式・制限	必須	最大値	初期値	画面部品の説明"	"2-1	送料無料条件(金額)	全角・半角	-	-	-	-"
sheet-3-R028	0209	sheet-3	基本設定(旧ショップマスター)	項目定義	83	1104	sheet-3-B005			sheet-3-R010,sheet-3-R011,sheet-3-R012,sheet-3-R013,sheet-3-R014,sheet-3-R015,sheet-3-R016,sheet-3-R017,sheet-3-R018,sheet-3-R019,sheet-3-R020,sheet-3-R021,sheet-3-R022,sheet-3-R023,sheet-3-R024,sheet-3-R025,sheet-3-R026,sheet-3-R027,sheet-3-R029,sheet-3-R030,sheet-3-R031,sheet-3-R032,sheet-3-R033,sheet-3-R034,sheet-3-R035,sheet-3-R036,sheet-3-R037,sheet-3-R038,sheet-3-R039,sheet-3-R040,sheet-3-R041,sheet-3-R042,sheet-3-R043,sheet-3-R044	"識別ID	ラベル	書式・制限	必須	最大値	初期値	画面部品の説明"	"2-2	送料無料条件(数量)	全角・半角	-	-	-	-"
sheet-3-R029	0209	sheet-3	基本設定(旧ショップマスター)	項目定義	84	1105	sheet-3-B005			sheet-3-R010,sheet-3-R011,sheet-3-R012,sheet-3-R013,sheet-3-R014,sheet-3-R015,sheet-3-R016,sheet-3-R017,sheet-3-R018,sheet-3-R019,sheet-3-R020,sheet-3-R021,sheet-3-R022,sheet-3-R023,sheet-3-R024,sheet-3-R025,sheet-3-R026,sheet-3-R027,sheet-3-R028,sheet-3-R030,sheet-3-R031,sheet-3-R032,sheet-3-R033,sheet-3-R034,sheet-3-R035,sheet-3-R036,sheet-3-R037,sheet-3-R038,sheet-3-R039,sheet-3-R040,sheet-3-R041,sheet-3-R042,sheet-3-R043,sheet-3-R044	"識別ID	ラベル	書式・制限	必須	最大値	初期値	画面部品の説明"	"2-3	商品ごとの送料設定を有効にする	単一選択(ラジオボタン)	-	-	無効	選択肢:無効　有効"
sheet-3-R030	0209	sheet-3	基本設定(旧ショップマスター)	項目定義	85	1106	sheet-3-B005			sheet-3-R010,sheet-3-R011,sheet-3-R012,sheet-3-R013,sheet-3-R014,sheet-3-R015,sheet-3-R016,sheet-3-R017,sheet-3-R018,sheet-3-R019,sheet-3-R020,sheet-3-R021,sheet-3-R022,sheet-3-R023,sheet-3-R024,sheet-3-R025,sheet-3-R026,sheet-3-R027,sheet-3-R028,sheet-3-R029,sheet-3-R031,sheet-3-R032,sheet-3-R033,sheet-3-R034,sheet-3-R035,sheet-3-R036,sheet-3-R037,sheet-3-R038,sheet-3-R039,sheet-3-R040,sheet-3-R041,sheet-3-R042,sheet-3-R043,sheet-3-R044	"識別ID	ラベル	書式・制限	必須	最大値	初期値	画面部品の説明"	"2-4	複数配送を有効にする	単一選択(ラジオボタン)	-	-	無効	選択肢:無効　有効"
sheet-3-R031	0209	sheet-3	基本設定(旧ショップマスター)	項目定義	86	1107	sheet-3-B005			sheet-3-R010,sheet-3-R011,sheet-3-R012,sheet-3-R013,sheet-3-R014,sheet-3-R015,sheet-3-R016,sheet-3-R017,sheet-3-R018,sheet-3-R019,sheet-3-R020,sheet-3-R021,sheet-3-R022,sheet-3-R023,sheet-3-R024,sheet-3-R025,sheet-3-R026,sheet-3-R027,sheet-3-R028,sheet-3-R029,sheet-3-R030,sheet-3-R032,sheet-3-R033,sheet-3-R034,sheet-3-R035,sheet-3-R036,sheet-3-R037,sheet-3-R038,sheet-3-R039,sheet-3-R040,sheet-3-R041,sheet-3-R042,sheet-3-R043,sheet-3-R044	"識別ID	ラベル	書式・制限	必須	最大値	初期値	画面部品の説明"	会員設定
sheet-3-R032	0209	sheet-3	基本設定(旧ショップマスター)	項目定義	87	1108	sheet-3-B005			sheet-3-R010,sheet-3-R011,sheet-3-R012,sheet-3-R013,sheet-3-R014,sheet-3-R015,sheet-3-R016,sheet-3-R017,sheet-3-R018,sheet-3-R019,sheet-3-R020,sheet-3-R021,sheet-3-R022,sheet-3-R023,sheet-3-R024,sheet-3-R025,sheet-3-R026,sheet-3-R027,sheet-3-R028,sheet-3-R029,sheet-3-R030,sheet-3-R031,sheet-3-R033,sheet-3-R034,sheet-3-R035,sheet-3-R036,sheet-3-R037,sheet-3-R038,sheet-3-R039,sheet-3-R040,sheet-3-R041,sheet-3-R042,sheet-3-R043,sheet-3-R044	"識別ID	ラベル	書式・制限	必須	最大値	初期値	画面部品の説明"	"3-1	仮会員を有効にする	単一選択(ラジオボタン)	-	-	無効	選択肢:無効　有効"
sheet-3-R033	0209	sheet-3	基本設定(旧ショップマスター)	項目定義	88	1109	sheet-3-B005			sheet-3-R010,sheet-3-R011,sheet-3-R012,sheet-3-R013,sheet-3-R014,sheet-3-R015,sheet-3-R016,sheet-3-R017,sheet-3-R018,sheet-3-R019,sheet-3-R020,sheet-3-R021,sheet-3-R022,sheet-3-R023,sheet-3-R024,sheet-3-R025,sheet-3-R026,sheet-3-R027,sheet-3-R028,sheet-3-R029,sheet-3-R030,sheet-3-R031,sheet-3-R032,sheet-3-R034,sheet-3-R035,sheet-3-R036,sheet-3-R037,sheet-3-R038,sheet-3-R039,sheet-3-R040,sheet-3-R041,sheet-3-R042,sheet-3-R043,sheet-3-R044	"識別ID	ラベル	書式・制限	必須	最大値	初期値	画面部品の説明"	"3-2	マイページに注文状況を表示する	単一選択(ラジオボタン)	-	-	無効	選択肢:無効　有効"
sheet-3-R034	0209	sheet-3	基本設定(旧ショップマスター)	項目定義	89	1110	sheet-3-B005			sheet-3-R010,sheet-3-R011,sheet-3-R012,sheet-3-R013,sheet-3-R014,sheet-3-R015,sheet-3-R016,sheet-3-R017,sheet-3-R018,sheet-3-R019,sheet-3-R020,sheet-3-R021,sheet-3-R022,sheet-3-R023,sheet-3-R024,sheet-3-R025,sheet-3-R026,sheet-3-R027,sheet-3-R028,sheet-3-R029,sheet-3-R030,sheet-3-R031,sheet-3-R032,sheet-3-R033,sheet-3-R035,sheet-3-R036,sheet-3-R037,sheet-3-R038,sheet-3-R039,sheet-3-R040,sheet-3-R041,sheet-3-R042,sheet-3-R043,sheet-3-R044	"識別ID	ラベル	書式・制限	必須	最大値	初期値	画面部品の説明"	"3-3	お気に入り商品機能を利用する	単一選択(ラジオボタン)	-	-	無効	選択肢:無効　有効"
sheet-3-R035	0209	sheet-3	基本設定(旧ショップマスター)	項目定義	90	1111	sheet-3-B005			sheet-3-R010,sheet-3-R011,sheet-3-R012,sheet-3-R013,sheet-3-R014,sheet-3-R015,sheet-3-R016,sheet-3-R017,sheet-3-R018,sheet-3-R019,sheet-3-R020,sheet-3-R021,sheet-3-R022,sheet-3-R023,sheet-3-R024,sheet-3-R025,sheet-3-R026,sheet-3-R027,sheet-3-R028,sheet-3-R029,sheet-3-R030,sheet-3-R031,sheet-3-R032,sheet-3-R033,sheet-3-R034,sheet-3-R036,sheet-3-R037,sheet-3-R038,sheet-3-R039,sheet-3-R040,sheet-3-R041,sheet-3-R042,sheet-3-R043,sheet-3-R044	"識別ID	ラベル	書式・制限	必須	最大値	初期値	画面部品の説明"	"3-4	自動ログイン機能を有効にする	単一選択(ラジオボタン)	-	-	無効	選択肢:無効　有効"
sheet-3-R036	0209	sheet-3	基本設定(旧ショップマスター)	項目定義	91	1112	sheet-3-B005			sheet-3-R010,sheet-3-R011,sheet-3-R012,sheet-3-R013,sheet-3-R014,sheet-3-R015,sheet-3-R016,sheet-3-R017,sheet-3-R018,sheet-3-R019,sheet-3-R020,sheet-3-R021,sheet-3-R022,sheet-3-R023,sheet-3-R024,sheet-3-R025,sheet-3-R026,sheet-3-R027,sheet-3-R028,sheet-3-R029,sheet-3-R030,sheet-3-R031,sheet-3-R032,sheet-3-R033,sheet-3-R034,sheet-3-R035,sheet-3-R037,sheet-3-R038,sheet-3-R039,sheet-3-R040,sheet-3-R041,sheet-3-R042,sheet-3-R043,sheet-3-R044	"識別ID	ラベル	書式・制限	必須	最大値	初期値	画面部品の説明"	商品設定
sheet-3-R037	0209	sheet-3	基本設定(旧ショップマスター)	項目定義	92	1113	sheet-3-B005			sheet-3-R010,sheet-3-R011,sheet-3-R012,sheet-3-R013,sheet-3-R014,sheet-3-R015,sheet-3-R016,sheet-3-R017,sheet-3-R018,sheet-3-R019,sheet-3-R020,sheet-3-R021,sheet-3-R022,sheet-3-R023,sheet-3-R024,sheet-3-R025,sheet-3-R026,sheet-3-R027,sheet-3-R028,sheet-3-R029,sheet-3-R030,sheet-3-R031,sheet-3-R032,sheet-3-R033,sheet-3-R034,sheet-3-R035,sheet-3-R036,sheet-3-R038,sheet-3-R039,sheet-3-R040,sheet-3-R041,sheet-3-R042,sheet-3-R043,sheet-3-R044	"識別ID	ラベル	書式・制限	必須	最大値	初期値	画面部品の説明"	"4-1	在庫切れ商品を非表示にする	単一選択(ラジオボタン)	-	-	無効	選択肢:無効　有効"
sheet-3-R038	0209	sheet-3	基本設定(旧ショップマスター)	項目定義	93	1114	sheet-3-B005			sheet-3-R010,sheet-3-R011,sheet-3-R012,sheet-3-R013,sheet-3-R014,sheet-3-R015,sheet-3-R016,sheet-3-R017,sheet-3-R018,sheet-3-R019,sheet-3-R020,sheet-3-R021,sheet-3-R022,sheet-3-R023,sheet-3-R024,sheet-3-R025,sheet-3-R026,sheet-3-R027,sheet-3-R028,sheet-3-R029,sheet-3-R030,sheet-3-R031,sheet-3-R032,sheet-3-R033,sheet-3-R034,sheet-3-R035,sheet-3-R036,sheet-3-R037,sheet-3-R039,sheet-3-R040,sheet-3-R041,sheet-3-R042,sheet-3-R043,sheet-3-R044	"識別ID	ラベル	書式・制限	必須	最大値	初期値	画面部品の説明"	地図設定
sheet-3-R039	0209	sheet-3	基本設定(旧ショップマスター)	項目定義	94	1115	sheet-3-B005			sheet-3-R010,sheet-3-R011,sheet-3-R012,sheet-3-R013,sheet-3-R014,sheet-3-R015,sheet-3-R016,sheet-3-R017,sheet-3-R018,sheet-3-R019,sheet-3-R020,sheet-3-R021,sheet-3-R022,sheet-3-R023,sheet-3-R024,sheet-3-R025,sheet-3-R026,sheet-3-R027,sheet-3-R028,sheet-3-R029,sheet-3-R030,sheet-3-R031,sheet-3-R032,sheet-3-R033,sheet-3-R034,sheet-3-R035,sheet-3-R036,sheet-3-R037,sheet-3-R038,sheet-3-R040,sheet-3-R041,sheet-3-R042,sheet-3-R043,sheet-3-R044	"識別ID	ラベル	書式・制限	必須	最大値	初期値	画面部品の説明"	"5-1	経度	全角・半角	-	-	-	-"
sheet-3-R040	0209	sheet-3	基本設定(旧ショップマスター)	項目定義	95	1116	sheet-3-B005			sheet-3-R010,sheet-3-R011,sheet-3-R012,sheet-3-R013,sheet-3-R014,sheet-3-R015,sheet-3-R016,sheet-3-R017,sheet-3-R018,sheet-3-R019,sheet-3-R020,sheet-3-R021,sheet-3-R022,sheet-3-R023,sheet-3-R024,sheet-3-R025,sheet-3-R026,sheet-3-R027,sheet-3-R028,sheet-3-R029,sheet-3-R030,sheet-3-R031,sheet-3-R032,sheet-3-R033,sheet-3-R034,sheet-3-R035,sheet-3-R036,sheet-3-R037,sheet-3-R038,sheet-3-R039,sheet-3-R041,sheet-3-R042,sheet-3-R043,sheet-3-R044	"識別ID	ラベル	書式・制限	必須	最大値	初期値	画面部品の説明"	"5-2	緯度	全角・半角	-	-	-	-"
sheet-3-R041	0209	sheet-3	基本設定(旧ショップマスター)	項目定義	96	1117	sheet-3-B005			sheet-3-R010,sheet-3-R011,sheet-3-R012,sheet-3-R013,sheet-3-R014,sheet-3-R015,sheet-3-R016,sheet-3-R017,sheet-3-R018,sheet-3-R019,sheet-3-R020,sheet-3-R021,sheet-3-R022,sheet-3-R023,sheet-3-R024,sheet-3-R025,sheet-3-R026,sheet-3-R027,sheet-3-R028,sheet-3-R029,sheet-3-R030,sheet-3-R031,sheet-3-R032,sheet-3-R033,sheet-3-R034,sheet-3-R035,sheet-3-R036,sheet-3-R037,sheet-3-R038,sheet-3-R039,sheet-3-R040,sheet-3-R042,sheet-3-R043,sheet-3-R044	"識別ID	ラベル	書式・制限	必須	最大値	初期値	画面部品の説明"	ネットワーク設定
sheet-3-R042	0209	sheet-3	基本設定(旧ショップマスター)	項目定義	97	1118	sheet-3-B005			sheet-3-R010,sheet-3-R011,sheet-3-R012,sheet-3-R013,sheet-3-R014,sheet-3-R015,sheet-3-R016,sheet-3-R017,sheet-3-R018,sheet-3-R019,sheet-3-R020,sheet-3-R021,sheet-3-R022,sheet-3-R023,sheet-3-R024,sheet-3-R025,sheet-3-R026,sheet-3-R027,sheet-3-R028,sheet-3-R029,sheet-3-R030,sheet-3-R031,sheet-3-R032,sheet-3-R033,sheet-3-R034,sheet-3-R035,sheet-3-R036,sheet-3-R037,sheet-3-R038,sheet-3-R039,sheet-3-R040,sheet-3-R041,sheet-3-R043,sheet-3-R044	"識別ID	ラベル	書式・制限	必須	最大値	初期値	画面部品の説明"	6-1　店頭用アカウントIPアドレス( , 区切り)　IPアドレスで許容された文字とカンマ　-　300文字　-　-　2026/7/2 石川 追加
sheet-3-R043	0209	sheet-3	基本設定(旧ショップマスター)	項目定義	98	1119	sheet-3-B005			sheet-3-R010,sheet-3-R011,sheet-3-R012,sheet-3-R013,sheet-3-R014,sheet-3-R015,sheet-3-R016,sheet-3-R017,sheet-3-R018,sheet-3-R019,sheet-3-R020,sheet-3-R021,sheet-3-R022,sheet-3-R023,sheet-3-R024,sheet-3-R025,sheet-3-R026,sheet-3-R027,sheet-3-R028,sheet-3-R029,sheet-3-R030,sheet-3-R031,sheet-3-R032,sheet-3-R033,sheet-3-R034,sheet-3-R035,sheet-3-R036,sheet-3-R037,sheet-3-R038,sheet-3-R039,sheet-3-R040,sheet-3-R041,sheet-3-R042,sheet-3-R044	"識別ID	ラベル	書式・制限	必須	最大値	初期値	画面部品の説明"	ボタン、リンク
sheet-3-R044	0209	sheet-3	基本設定(旧ショップマスター)	項目定義	99	1120	sheet-3-B005			sheet-3-R010,sheet-3-R011,sheet-3-R012,sheet-3-R013,sheet-3-R014,sheet-3-R015,sheet-3-R016,sheet-3-R017,sheet-3-R018,sheet-3-R019,sheet-3-R020,sheet-3-R021,sheet-3-R022,sheet-3-R023,sheet-3-R024,sheet-3-R025,sheet-3-R026,sheet-3-R027,sheet-3-R028,sheet-3-R029,sheet-3-R030,sheet-3-R031,sheet-3-R032,sheet-3-R033,sheet-3-R034,sheet-3-R035,sheet-3-R036,sheet-3-R037,sheet-3-R038,sheet-3-R039,sheet-3-R040,sheet-3-R041,sheet-3-R042,sheet-3-R043	"識別ID	ラベル	書式・制限	必須	最大値	初期値	画面部品の説明"	6-1　設定　ボタン　-　-　-　入力されたフォームの値で登録
sheet-3-R045	0209	sheet-3	基本設定(旧ショップマスター)	現行仕様	103	1124	sheet-3-B006				"識別ID	ラベル	書式・制限	必須	最大値	初期値	画面部品の説明"	M10-01 基本設定(旧ショップマスター) / 店舗設定 — 店舗基本設定（SHOPマスター/旧ショップマスター）
sheet-3-R046	0209	sheet-3	基本設定(旧ショップマスター)	現行仕様	105	1126	sheet-3-B007			sheet-3-R047,sheet-3-R048	"識別ID	ラベル	書式・制限	必須	最大値	初期値	画面部品の説明"	初期表示
sheet-3-R047	0209	sheet-3	基本設定(旧ショップマスター)	現行仕様	106	1127	sheet-3-B007			sheet-3-R046,sheet-3-R048	"識別ID	ラベル	書式・制限	必須	最大値	初期値	画面部品の説明"	保存済みの店舗基本情報を読み、各入力欄に初期表示する。
sheet-3-R048	0209	sheet-3	基本設定(旧ショップマスター)	現行仕様	107	1128	sheet-3-B007			sheet-3-R046,sheet-3-R047	"識別ID	ラベル	書式・制限	必須	最大値	初期値	画面部品の説明"	保存の判定
sheet-3-R049	0209	sheet-3	基本設定(旧ショップマスター)	現行仕様	109	1130	sheet-3-B008			sheet-3-R050,sheet-3-R051,sheet-3-R052,sheet-3-R053,sheet-3-R054,sheet-3-R055,sheet-3-R056,sheet-3-R057,sheet-3-R058,sheet-3-R059,sheet-3-R060,sheet-3-R061	"判定	結果"	"入力の検証に成功したとき	店舗基本情報を保存し、店舗基本設定画面を開き直す"
sheet-3-R050	0209	sheet-3	基本設定(旧ショップマスター)	現行仕様	110	1131	sheet-3-B008			sheet-3-R049,sheet-3-R051,sheet-3-R052,sheet-3-R053,sheet-3-R054,sheet-3-R055,sheet-3-R056,sheet-3-R057,sheet-3-R058,sheet-3-R059,sheet-3-R060,sheet-3-R061	"判定	結果"	"入力の検証に失敗したとき	保存せず、同じ画面を再表示して該当項目の近傍にエラーを表示する"
sheet-3-R051	0209	sheet-3	基本設定(旧ショップマスター)	現行仕様	111	1132	sheet-3-B008			sheet-3-R049,sheet-3-R050,sheet-3-R052,sheet-3-R053,sheet-3-R054,sheet-3-R055,sheet-3-R056,sheet-3-R057,sheet-3-R058,sheet-3-R059,sheet-3-R060,sheet-3-R061	"判定	結果"	入力の検証に失敗して再表示したときは、画面の見出しなどに出る店舗名は保存済みの内容のままで、入力中の値は反映されない。
sheet-3-R052	0209	sheet-3	基本設定(旧ショップマスター)	現行仕様	112	1133	sheet-3-B008			sheet-3-R049,sheet-3-R050,sheet-3-R051,sheet-3-R053,sheet-3-R054,sheet-3-R055,sheet-3-R056,sheet-3-R057,sheet-3-R058,sheet-3-R059,sheet-3-R060,sheet-3-R061	"判定	結果"	郵便番号・住所の入力
sheet-3-R053	0209	sheet-3	基本設定(旧ショップマスター)	現行仕様	113	1134	sheet-3-B008			sheet-3-R049,sheet-3-R050,sheet-3-R051,sheet-3-R052,sheet-3-R054,sheet-3-R055,sheet-3-R056,sheet-3-R057,sheet-3-R058,sheet-3-R059,sheet-3-R060,sheet-3-R061	"判定	結果"	住所の欄は、郵便番号・都道府県・市区町村名・番地・ビル名に分かれる。
sheet-3-R054	0209	sheet-3	基本設定(旧ショップマスター)	現行仕様	114	1135	sheet-3-B008			sheet-3-R049,sheet-3-R050,sheet-3-R051,sheet-3-R052,sheet-3-R053,sheet-3-R055,sheet-3-R056,sheet-3-R057,sheet-3-R058,sheet-3-R059,sheet-3-R060,sheet-3-R061	"判定	結果"	"欄	入力のふるまい"
sheet-3-R055	0209	sheet-3	基本設定(旧ショップマスター)	現行仕様	115	1136	sheet-3-B008			sheet-3-R049,sheet-3-R050,sheet-3-R051,sheet-3-R052,sheet-3-R053,sheet-3-R054,sheet-3-R056,sheet-3-R057,sheet-3-R058,sheet-3-R059,sheet-3-R060,sheet-3-R061	"判定	結果"	"郵便番号	3桁と4桁の2欄に分けて入力する。数字以外を入れたとき、または桁数が3桁・4桁でないときは保存しない"
sheet-3-R056	0209	sheet-3	基本設定(旧ショップマスター)	現行仕様	116	1137	sheet-3-B008			sheet-3-R049,sheet-3-R050,sheet-3-R051,sheet-3-R052,sheet-3-R053,sheet-3-R054,sheet-3-R055,sheet-3-R057,sheet-3-R058,sheet-3-R059,sheet-3-R060,sheet-3-R061	"判定	結果"	"都道府県	一覧から選ぶ"
sheet-3-R057	0209	sheet-3	基本設定(旧ショップマスター)	現行仕様	117	1138	sheet-3-B008			sheet-3-R049,sheet-3-R050,sheet-3-R051,sheet-3-R052,sheet-3-R053,sheet-3-R054,sheet-3-R055,sheet-3-R056,sheet-3-R058,sheet-3-R059,sheet-3-R060,sheet-3-R061	"判定	結果"	"市区町村名	32文字を超えると保存しない"
sheet-3-R058	0209	sheet-3	基本設定(旧ショップマスター)	現行仕様	118	1139	sheet-3-B008			sheet-3-R049,sheet-3-R050,sheet-3-R051,sheet-3-R052,sheet-3-R053,sheet-3-R054,sheet-3-R055,sheet-3-R056,sheet-3-R057,sheet-3-R059,sheet-3-R060,sheet-3-R061	"判定	結果"	"番地・ビル名	32文字を超えると保存しない"
sheet-3-R059	0209	sheet-3	基本設定(旧ショップマスター)	現行仕様	119	1140	sheet-3-B008			sheet-3-R049,sheet-3-R050,sheet-3-R051,sheet-3-R052,sheet-3-R053,sheet-3-R054,sheet-3-R055,sheet-3-R056,sheet-3-R057,sheet-3-R058,sheet-3-R060,sheet-3-R061	"判定	結果"	郵便番号を入力すると、都道府県と市区町村名の欄が自動で埋まる。番地・ビル名の欄は埋まらない。
sheet-3-R060	0209	sheet-3	基本設定(旧ショップマスター)	現行仕様	120	1141	sheet-3-B008			sheet-3-R049,sheet-3-R050,sheet-3-R051,sheet-3-R052,sheet-3-R053,sheet-3-R054,sheet-3-R055,sheet-3-R056,sheet-3-R057,sheet-3-R058,sheet-3-R059,sheet-3-R061	"判定	結果"	電話番号・FAX番号の入力
sheet-3-R061	0209	sheet-3	基本設定(旧ショップマスター)	現行仕様	121	1142	sheet-3-B008			sheet-3-R049,sheet-3-R050,sheet-3-R051,sheet-3-R052,sheet-3-R053,sheet-3-R054,sheet-3-R055,sheet-3-R056,sheet-3-R057,sheet-3-R058,sheet-3-R059,sheet-3-R060	"判定	結果"	電話番号・FAX番号は、それぞれ3つの欄に分けて入力する。
sheet-3-R062	0209	sheet-3	基本設定(旧ショップマスター)	現行仕様	123	1144	sheet-3-B009			sheet-3-R063,sheet-3-R064,sheet-3-R065,sheet-3-R066,sheet-3-R067,sheet-3-R068,sheet-3-R069,sheet-3-R070,sheet-3-R071,sheet-3-R072,sheet-3-R073,sheet-3-R074,sheet-3-R075,sheet-3-R076,sheet-3-R077,sheet-3-R078,sheet-3-R079,sheet-3-R080,sheet-3-R081,sheet-3-R082,sheet-3-R083	"条件	結果"	"いずれかの欄に数字以外を入れたとき	保存しない"
sheet-3-R063	0209	sheet-3	基本設定(旧ショップマスター)	現行仕様	124	1145	sheet-3-B009			sheet-3-R062,sheet-3-R064,sheet-3-R065,sheet-3-R066,sheet-3-R067,sheet-3-R068,sheet-3-R069,sheet-3-R070,sheet-3-R071,sheet-3-R072,sheet-3-R073,sheet-3-R074,sheet-3-R075,sheet-3-R076,sheet-3-R077,sheet-3-R078,sheet-3-R079,sheet-3-R080,sheet-3-R081,sheet-3-R082,sheet-3-R083	"条件	結果"	"いずれかの欄が5桁を超えるとき	保存しない"
sheet-3-R064	0209	sheet-3	基本設定(旧ショップマスター)	現行仕様	125	1146	sheet-3-B009			sheet-3-R062,sheet-3-R063,sheet-3-R065,sheet-3-R066,sheet-3-R067,sheet-3-R068,sheet-3-R069,sheet-3-R070,sheet-3-R071,sheet-3-R072,sheet-3-R073,sheet-3-R074,sheet-3-R075,sheet-3-R076,sheet-3-R077,sheet-3-R078,sheet-3-R079,sheet-3-R080,sheet-3-R081,sheet-3-R082,sheet-3-R083	"条件	結果"	"3つの欄のうち一部だけを入力したとき	保存しない。3つとも入力するか、3つとも空にする"
sheet-3-R065	0209	sheet-3	基本設定(旧ショップマスター)	現行仕様	126	1147	sheet-3-B009			sheet-3-R062,sheet-3-R063,sheet-3-R064,sheet-3-R066,sheet-3-R067,sheet-3-R068,sheet-3-R069,sheet-3-R070,sheet-3-R071,sheet-3-R072,sheet-3-R073,sheet-3-R074,sheet-3-R075,sheet-3-R076,sheet-3-R077,sheet-3-R078,sheet-3-R079,sheet-3-R080,sheet-3-R081,sheet-3-R082,sheet-3-R083	"条件	結果"	全角で入力された英数字は半角に直してから判定する。
sheet-3-R066	0209	sheet-3	基本設定(旧ショップマスター)	現行仕様	127	1148	sheet-3-B009			sheet-3-R062,sheet-3-R063,sheet-3-R064,sheet-3-R065,sheet-3-R067,sheet-3-R068,sheet-3-R069,sheet-3-R070,sheet-3-R071,sheet-3-R072,sheet-3-R073,sheet-3-R074,sheet-3-R075,sheet-3-R076,sheet-3-R077,sheet-3-R078,sheet-3-R079,sheet-3-R080,sheet-3-R081,sheet-3-R082,sheet-3-R083	"条件	結果"	フリガナの入力
sheet-3-R067	0209	sheet-3	基本設定(旧ショップマスター)	現行仕様	128	1149	sheet-3-B009			sheet-3-R062,sheet-3-R063,sheet-3-R064,sheet-3-R065,sheet-3-R066,sheet-3-R068,sheet-3-R069,sheet-3-R070,sheet-3-R071,sheet-3-R072,sheet-3-R073,sheet-3-R074,sheet-3-R075,sheet-3-R076,sheet-3-R077,sheet-3-R078,sheet-3-R079,sheet-3-R080,sheet-3-R081,sheet-3-R082,sheet-3-R083	"条件	結果"	会社名(フリガナ)・店名(フリガナ)は、入力されたひらがなをカタカナに直してから受け付ける。直したあとに全角カタカナ・半角カタカナ・長音記号以外の文字が残るときは保存しない。
sheet-3-R068	0209	sheet-3	基本設定(旧ショップマスター)	現行仕様	129	1150	sheet-3-B009			sheet-3-R062,sheet-3-R063,sheet-3-R064,sheet-3-R065,sheet-3-R066,sheet-3-R067,sheet-3-R069,sheet-3-R070,sheet-3-R071,sheet-3-R072,sheet-3-R073,sheet-3-R074,sheet-3-R075,sheet-3-R076,sheet-3-R077,sheet-3-R078,sheet-3-R079,sheet-3-R080,sheet-3-R081,sheet-3-R082,sheet-3-R083	"条件	結果"	メールアドレスの入力
sheet-3-R069	0209	sheet-3	基本設定(旧ショップマスター)	現行仕様	130	1151	sheet-3-B009			sheet-3-R062,sheet-3-R063,sheet-3-R064,sheet-3-R065,sheet-3-R066,sheet-3-R067,sheet-3-R068,sheet-3-R070,sheet-3-R071,sheet-3-R072,sheet-3-R073,sheet-3-R074,sheet-3-R075,sheet-3-R076,sheet-3-R077,sheet-3-R078,sheet-3-R079,sheet-3-R080,sheet-3-R081,sheet-3-R082,sheet-3-R083	"条件	結果"	メールアドレスの各欄は、メールアドレスの形式でないときは保存しない。
sheet-3-R070	0209	sheet-3	基本設定(旧ショップマスター)	現行仕様	131	1152	sheet-3-B009			sheet-3-R062,sheet-3-R063,sheet-3-R064,sheet-3-R065,sheet-3-R066,sheet-3-R067,sheet-3-R068,sheet-3-R069,sheet-3-R071,sheet-3-R072,sheet-3-R073,sheet-3-R074,sheet-3-R075,sheet-3-R076,sheet-3-R077,sheet-3-R078,sheet-3-R079,sheet-3-R080,sheet-3-R081,sheet-3-R082,sheet-3-R083	"条件	結果"	地図設定の入力
sheet-3-R071	0209	sheet-3	基本設定(旧ショップマスター)	現行仕様	132	1153	sheet-3-B009			sheet-3-R062,sheet-3-R063,sheet-3-R064,sheet-3-R065,sheet-3-R066,sheet-3-R067,sheet-3-R068,sheet-3-R069,sheet-3-R070,sheet-3-R072,sheet-3-R073,sheet-3-R074,sheet-3-R075,sheet-3-R076,sheet-3-R077,sheet-3-R078,sheet-3-R079,sheet-3-R080,sheet-3-R081,sheet-3-R082,sheet-3-R083	"条件	結果"	"項目	受け付ける範囲"
sheet-3-R072	0209	sheet-3	基本設定(旧ショップマスター)	現行仕様	133	1154	sheet-3-B009			sheet-3-R062,sheet-3-R063,sheet-3-R064,sheet-3-R065,sheet-3-R066,sheet-3-R067,sheet-3-R068,sheet-3-R069,sheet-3-R070,sheet-3-R071,sheet-3-R073,sheet-3-R074,sheet-3-R075,sheet-3-R076,sheet-3-R077,sheet-3-R078,sheet-3-R079,sheet-3-R080,sheet-3-R081,sheet-3-R082,sheet-3-R083	"条件	結果"	"緯度	-90 から 90 まで。小数点以下は6桁まで"
sheet-3-R073	0209	sheet-3	基本設定(旧ショップマスター)	現行仕様	134	1155	sheet-3-B009			sheet-3-R062,sheet-3-R063,sheet-3-R064,sheet-3-R065,sheet-3-R066,sheet-3-R067,sheet-3-R068,sheet-3-R069,sheet-3-R070,sheet-3-R071,sheet-3-R072,sheet-3-R074,sheet-3-R075,sheet-3-R076,sheet-3-R077,sheet-3-R078,sheet-3-R079,sheet-3-R080,sheet-3-R081,sheet-3-R082,sheet-3-R083	"条件	結果"	"経度	-180 から 180 まで。小数点以下は6桁まで"
sheet-3-R074	0209	sheet-3	基本設定(旧ショップマスター)	現行仕様	135	1156	sheet-3-B009			sheet-3-R062,sheet-3-R063,sheet-3-R064,sheet-3-R065,sheet-3-R066,sheet-3-R067,sheet-3-R068,sheet-3-R069,sheet-3-R070,sheet-3-R071,sheet-3-R072,sheet-3-R073,sheet-3-R075,sheet-3-R076,sheet-3-R077,sheet-3-R078,sheet-3-R079,sheet-3-R080,sheet-3-R081,sheet-3-R082,sheet-3-R083	"条件	結果"	範囲や桁数を外れる値を入力したときは保存しない。
sheet-3-R075	0209	sheet-3	基本設定(旧ショップマスター)	現行仕様	136	1157	sheet-3-B009			sheet-3-R062,sheet-3-R063,sheet-3-R064,sheet-3-R065,sheet-3-R066,sheet-3-R067,sheet-3-R068,sheet-3-R069,sheet-3-R070,sheet-3-R071,sheet-3-R072,sheet-3-R073,sheet-3-R074,sheet-3-R076,sheet-3-R077,sheet-3-R078,sheet-3-R079,sheet-3-R080,sheet-3-R081,sheet-3-R082,sheet-3-R083	"条件	結果"	送料無料条件の入力
sheet-3-R076	0209	sheet-3	基本設定(旧ショップマスター)	現行仕様	137	1158	sheet-3-B009			sheet-3-R062,sheet-3-R063,sheet-3-R064,sheet-3-R065,sheet-3-R066,sheet-3-R067,sheet-3-R068,sheet-3-R069,sheet-3-R070,sheet-3-R071,sheet-3-R072,sheet-3-R073,sheet-3-R074,sheet-3-R075,sheet-3-R077,sheet-3-R078,sheet-3-R079,sheet-3-R080,sheet-3-R081,sheet-3-R082,sheet-3-R083	"条件	結果"	送料無料条件(金額)は数字だけを受け付け、8桁を超えると保存しない。画面には3桁ごとの区切りを付けて表示する。
sheet-3-R077	0209	sheet-3	基本設定(旧ショップマスター)	現行仕様	138	1159	sheet-3-B009			sheet-3-R062,sheet-3-R063,sheet-3-R064,sheet-3-R065,sheet-3-R066,sheet-3-R067,sheet-3-R068,sheet-3-R069,sheet-3-R070,sheet-3-R071,sheet-3-R072,sheet-3-R073,sheet-3-R074,sheet-3-R075,sheet-3-R076,sheet-3-R078,sheet-3-R079,sheet-3-R080,sheet-3-R081,sheet-3-R082,sheet-3-R083	"条件	結果"	送料無料条件(数量)も数字だけを受け付ける。
sheet-3-R078	0209	sheet-3	基本設定(旧ショップマスター)	現行仕様	139	1160	sheet-3-B009			sheet-3-R062,sheet-3-R063,sheet-3-R064,sheet-3-R065,sheet-3-R066,sheet-3-R067,sheet-3-R068,sheet-3-R069,sheet-3-R070,sheet-3-R071,sheet-3-R072,sheet-3-R073,sheet-3-R074,sheet-3-R075,sheet-3-R076,sheet-3-R077,sheet-3-R079,sheet-3-R080,sheet-3-R081,sheet-3-R082,sheet-3-R083	"条件	結果"	文字数の上限
sheet-3-R079	0209	sheet-3	基本設定(旧ショップマスター)	現行仕様	140	1161	sheet-3-B009			sheet-3-R062,sheet-3-R063,sheet-3-R064,sheet-3-R065,sheet-3-R066,sheet-3-R067,sheet-3-R068,sheet-3-R069,sheet-3-R070,sheet-3-R071,sheet-3-R072,sheet-3-R073,sheet-3-R074,sheet-3-R075,sheet-3-R076,sheet-3-R077,sheet-3-R078,sheet-3-R080,sheet-3-R081,sheet-3-R082,sheet-3-R083	"条件	結果"	"項目	上限"
sheet-3-R080	0209	sheet-3	基本設定(旧ショップマスター)	現行仕様	141	1162	sheet-3-B009			sheet-3-R062,sheet-3-R063,sheet-3-R064,sheet-3-R065,sheet-3-R066,sheet-3-R067,sheet-3-R068,sheet-3-R069,sheet-3-R070,sheet-3-R071,sheet-3-R072,sheet-3-R073,sheet-3-R074,sheet-3-R075,sheet-3-R076,sheet-3-R077,sheet-3-R078,sheet-3-R079,sheet-3-R081,sheet-3-R082,sheet-3-R083	"条件	結果"	"会社名・会社名(フリガナ)・店名・店名(フリガナ)・店舗営業時間	50文字"
sheet-3-R081	0209	sheet-3	基本設定(旧ショップマスター)	現行仕様	142	1163	sheet-3-B009			sheet-3-R062,sheet-3-R063,sheet-3-R064,sheet-3-R065,sheet-3-R066,sheet-3-R067,sheet-3-R068,sheet-3-R069,sheet-3-R070,sheet-3-R071,sheet-3-R072,sheet-3-R073,sheet-3-R074,sheet-3-R075,sheet-3-R076,sheet-3-R077,sheet-3-R078,sheet-3-R079,sheet-3-R080,sheet-3-R082,sheet-3-R083	"条件	結果"	"店名(英語表記)	200文字"
sheet-3-R082	0209	sheet-3	基本設定(旧ショップマスター)	現行仕様	143	1164	sheet-3-B009			sheet-3-R062,sheet-3-R063,sheet-3-R064,sheet-3-R065,sheet-3-R066,sheet-3-R067,sheet-3-R068,sheet-3-R069,sheet-3-R070,sheet-3-R071,sheet-3-R072,sheet-3-R073,sheet-3-R074,sheet-3-R075,sheet-3-R076,sheet-3-R077,sheet-3-R078,sheet-3-R079,sheet-3-R080,sheet-3-R081,sheet-3-R083	"条件	結果"	"取扱商品・メッセージ	99999文字"
sheet-3-R083	0209	sheet-3	基本設定(旧ショップマスター)	現行仕様	144	1165	sheet-3-B009			sheet-3-R062,sheet-3-R063,sheet-3-R064,sheet-3-R065,sheet-3-R066,sheet-3-R067,sheet-3-R068,sheet-3-R069,sheet-3-R070,sheet-3-R071,sheet-3-R072,sheet-3-R073,sheet-3-R074,sheet-3-R075,sheet-3-R076,sheet-3-R077,sheet-3-R078,sheet-3-R079,sheet-3-R080,sheet-3-R081,sheet-3-R082	"条件	結果"	上限を超える文字数を入力したときは保存しない。
sheet-3-R084	0209	sheet-3	基本設定(旧ショップマスター)	現行仕様	147	1168	sheet-3-B010			sheet-3-R085,sheet-3-R086	"種類	内容"	"入力	なりすまし対策トークンと、画面の各欄に入力された店舗基本情報"
sheet-3-R085	0209	sheet-3	基本設定(旧ショップマスター)	現行仕様	148	1169	sheet-3-B010			sheet-3-R084,sheet-3-R086	"種類	内容"	"出力	保存の可否に応じて店舗基本設定画面を再表示する"
sheet-3-R086	0209	sheet-3	基本設定(旧ショップマスター)	現行仕様	149	1170	sheet-3-B010			sheet-3-R084,sheet-3-R085	"種類	内容"	入出力: 永続化
sheet-3-R087	0209	sheet-3	基本設定(旧ショップマスター)	現行仕様	151	1172	sheet-3-B011				"操作	契機"	"更新	入力の検証に成功したとき。店舗基本情報"
sheet-3-R088	0209	sheet-3	基本設定(旧ショップマスター)	表示メッセージ	155	1176	sheet-3-B012			sheet-3-R089,sheet-3-R090,sheet-3-R091,sheet-3-R092,sheet-3-R093,sheet-3-R094	"メッセージID	表示位置	画面上の文言	表示条件	後続処理"	"M10-01-MSG-001	管理画面上部	保存しました	店舗基本設定を保存したとき	店舗基本設定画面に遷移する"
sheet-3-R089	0209	sheet-3	基本設定(旧ショップマスター)	表示メッセージ	156	1177	sheet-3-B012			sheet-3-R088,sheet-3-R090,sheet-3-R091,sheet-3-R092,sheet-3-R093,sheet-3-R094	"メッセージID	表示位置	画面上の文言	表示条件	後続処理"	"M10-01-MSG-002	入力項目直下	半角英数字で入力してください。	店名（英語表記）に使用できない文字を入力して保存したとき	店舗基本設定画面に留まる"
sheet-3-R090	0209	sheet-3	基本設定(旧ショップマスター)	表示メッセージ	157	1178	sheet-3-B012			sheet-3-R088,sheet-3-R089,sheet-3-R091,sheet-3-R092,sheet-3-R093,sheet-3-R094	"メッセージID	表示位置	画面上の文言	表示条件	後続処理"	"M10-01-MSG-003	入力項目直下	半角英数字で入力してください。	住所（英語表記）に使用できない文字を入力して保存したとき	店舗基本設定画面に留まる"
sheet-3-R091	0209	sheet-3	基本設定(旧ショップマスター)	表示メッセージ	158	1179	sheet-3-B012			sheet-3-R088,sheet-3-R089,sheet-3-R090,sheet-3-R092,sheet-3-R093,sheet-3-R094	"メッセージID	表示位置	画面上の文言	表示条件	後続処理"	"M10-01-MSG-004	入力項目直下	半角英数字で入力してください。	ショップ名略称（英語表記）に使用できない文字を入力して保存したとき	店舗基本設定画面に留まる"
sheet-3-R092	0209	sheet-3	基本設定(旧ショップマスター)	表示メッセージ	159	1180	sheet-3-B012			sheet-3-R088,sheet-3-R089,sheet-3-R090,sheet-3-R091,sheet-3-R093,sheet-3-R094	"メッセージID	表示位置	画面上の文言	表示条件	後続処理"	"M10-01-MSG-005	入力項目直下	数字で入力してください。	スマレジ店舗IDに数字以外を入力して保存したとき	店舗基本設定画面に留まる"
sheet-3-R093	0209	sheet-3	基本設定(旧ショップマスター)	表示メッセージ	160	1181	sheet-3-B012			sheet-3-R088,sheet-3-R089,sheet-3-R090,sheet-3-R091,sheet-3-R092,sheet-3-R094	"メッセージID	表示位置	画面上の文言	表示条件	後続処理"	"M10-01-MSG-006	入力項目直下	半角英数字で入力してください。	スマレジ店舗コードに使用できない文字を入力して保存したとき	店舗基本設定画面に留まる"
sheet-3-R094	0209	sheet-3	基本設定(旧ショップマスター)	表示メッセージ	161	1182	sheet-3-B012			sheet-3-R088,sheet-3-R089,sheet-3-R090,sheet-3-R091,sheet-3-R092,sheet-3-R093	"メッセージID	表示位置	画面上の文言	表示条件	後続処理"	"M10-01-MSG-007	入力項目直下	数字で入力してください。	送料無料条件（数量）に数字以外を入力して保存したとき	店舗基本設定画面に留まる"
sheet-4-R001	0209	sheet-4	特定商取引に関する法律	本文	22	1215	sheet-4-B013					処理概要
sheet-4-R002	0209	sheet-4	特定商取引に関する法律	機能仕様	41	1234	sheet-4-B014			sheet-4-R003,sheet-4-R004,sheet-4-R005		なし
sheet-4-R003	0209	sheet-4	特定商取引に関する法律	機能仕様	42	1235	sheet-4-B014			sheet-4-R002,sheet-4-R004,sheet-4-R005		・カスタマイズ要件に記載の内容以外は現行踏襲とする。
sheet-4-R004	0209	sheet-4	特定商取引に関する法律	機能仕様	43	1236	sheet-4-B014			sheet-4-R002,sheet-4-R003,sheet-4-R005		機能仕様処理概要
sheet-4-R005	0209	sheet-4	特定商取引に関する法律	機能仕様	44	1237	sheet-4-B014			sheet-4-R002,sheet-4-R003,sheet-4-R004		・フォームに入力された値で特定商取引法を登録する
sheet-4-R006	0209	sheet-4	特定商取引に関する法律	項目定義	46	1239	sheet-4-B015			sheet-4-R007,sheet-4-R008,sheet-4-R009,sheet-4-R010,sheet-4-R011,sheet-4-R012,sheet-4-R013,sheet-4-R014,sheet-4-R015,sheet-4-R016,sheet-4-R017,sheet-4-R018,sheet-4-R019,sheet-4-R020	"識別ID	ラベル	書式・制限	必須	最大値	初期値	画面部品の説明"	"1-1	販売業者	全角・半角	-	-	-	-"
sheet-4-R007	0209	sheet-4	特定商取引に関する法律	項目定義	47	1240	sheet-4-B015			sheet-4-R006,sheet-4-R008,sheet-4-R009,sheet-4-R010,sheet-4-R011,sheet-4-R012,sheet-4-R013,sheet-4-R014,sheet-4-R015,sheet-4-R016,sheet-4-R017,sheet-4-R018,sheet-4-R019,sheet-4-R020	"識別ID	ラベル	書式・制限	必須	最大値	初期値	画面部品の説明"	"1-2	運営責任者	全角・半角	-	-	-	-"
sheet-4-R008	0209	sheet-4	特定商取引に関する法律	項目定義	48	1241	sheet-4-B015			sheet-4-R006,sheet-4-R007,sheet-4-R009,sheet-4-R010,sheet-4-R011,sheet-4-R012,sheet-4-R013,sheet-4-R014,sheet-4-R015,sheet-4-R016,sheet-4-R017,sheet-4-R018,sheet-4-R019,sheet-4-R020	"識別ID	ラベル	書式・制限	必須	最大値	初期値	画面部品の説明"	"1-3	所在地	全角・半角	-	-	-	-"
sheet-4-R009	0209	sheet-4	特定商取引に関する法律	項目定義	49	1242	sheet-4-B015			sheet-4-R006,sheet-4-R007,sheet-4-R008,sheet-4-R010,sheet-4-R011,sheet-4-R012,sheet-4-R013,sheet-4-R014,sheet-4-R015,sheet-4-R016,sheet-4-R017,sheet-4-R018,sheet-4-R019,sheet-4-R020	"識別ID	ラベル	書式・制限	必須	最大値	初期値	画面部品の説明"	"1-4	TEL	全角・半角	-	-	-	-"
sheet-4-R010	0209	sheet-4	特定商取引に関する法律	項目定義	50	1243	sheet-4-B015			sheet-4-R006,sheet-4-R007,sheet-4-R008,sheet-4-R009,sheet-4-R011,sheet-4-R012,sheet-4-R013,sheet-4-R014,sheet-4-R015,sheet-4-R016,sheet-4-R017,sheet-4-R018,sheet-4-R019,sheet-4-R020	"識別ID	ラベル	書式・制限	必須	最大値	初期値	画面部品の説明"	"1-5	FAX	全角・半角	-	-	-	-"
sheet-4-R011	0209	sheet-4	特定商取引に関する法律	項目定義	51	1244	sheet-4-B015			sheet-4-R006,sheet-4-R007,sheet-4-R008,sheet-4-R009,sheet-4-R010,sheet-4-R012,sheet-4-R013,sheet-4-R014,sheet-4-R015,sheet-4-R016,sheet-4-R017,sheet-4-R018,sheet-4-R019,sheet-4-R020	"識別ID	ラベル	書式・制限	必須	最大値	初期値	画面部品の説明"	"1-6	メールアドレス	全角・半角	-	-	-	-"
sheet-4-R012	0209	sheet-4	特定商取引に関する法律	項目定義	52	1245	sheet-4-B015			sheet-4-R006,sheet-4-R007,sheet-4-R008,sheet-4-R009,sheet-4-R010,sheet-4-R011,sheet-4-R013,sheet-4-R014,sheet-4-R015,sheet-4-R016,sheet-4-R017,sheet-4-R018,sheet-4-R019,sheet-4-R020	"識別ID	ラベル	書式・制限	必須	最大値	初期値	画面部品の説明"	"1-7	URL	全角・半角	-	-	-	-"
sheet-4-R013	0209	sheet-4	特定商取引に関する法律	項目定義	53	1246	sheet-4-B015			sheet-4-R006,sheet-4-R007,sheet-4-R008,sheet-4-R009,sheet-4-R010,sheet-4-R011,sheet-4-R012,sheet-4-R014,sheet-4-R015,sheet-4-R016,sheet-4-R017,sheet-4-R018,sheet-4-R019,sheet-4-R020	"識別ID	ラベル	書式・制限	必須	最大値	初期値	画面部品の説明"	"1-8	FAX番号	全角・半角	-	-	-	-"
sheet-4-R014	0209	sheet-4	特定商取引に関する法律	項目定義	54	1247	sheet-4-B015			sheet-4-R006,sheet-4-R007,sheet-4-R008,sheet-4-R009,sheet-4-R010,sheet-4-R011,sheet-4-R012,sheet-4-R013,sheet-4-R015,sheet-4-R016,sheet-4-R017,sheet-4-R018,sheet-4-R019,sheet-4-R020	"識別ID	ラベル	書式・制限	必須	最大値	初期値	画面部品の説明"	"1-9	店舗営業時間	全角・半角	-	-	-	-"
sheet-4-R015	0209	sheet-4	特定商取引に関する法律	項目定義	55	1248	sheet-4-B015			sheet-4-R006,sheet-4-R007,sheet-4-R008,sheet-4-R009,sheet-4-R010,sheet-4-R011,sheet-4-R012,sheet-4-R013,sheet-4-R014,sheet-4-R016,sheet-4-R017,sheet-4-R018,sheet-4-R019,sheet-4-R020	"識別ID	ラベル	書式・制限	必須	最大値	初期値	画面部品の説明"	"1-10	送信元メールアドレス	全角・半角	-	-	-	-"
sheet-4-R016	0209	sheet-4	特定商取引に関する法律	項目定義	56	1249	sheet-4-B015			sheet-4-R006,sheet-4-R007,sheet-4-R008,sheet-4-R009,sheet-4-R010,sheet-4-R011,sheet-4-R012,sheet-4-R013,sheet-4-R014,sheet-4-R015,sheet-4-R017,sheet-4-R018,sheet-4-R019,sheet-4-R020	"識別ID	ラベル	書式・制限	必須	最大値	初期値	画面部品の説明"	"1-11	返信先メールアドレス	全角・半角	-	-	-	-"
sheet-4-R017	0209	sheet-4	特定商取引に関する法律	項目定義	57	1250	sheet-4-B015			sheet-4-R006,sheet-4-R007,sheet-4-R008,sheet-4-R009,sheet-4-R010,sheet-4-R011,sheet-4-R012,sheet-4-R013,sheet-4-R014,sheet-4-R015,sheet-4-R016,sheet-4-R018,sheet-4-R019,sheet-4-R020	"識別ID	ラベル	書式・制限	必須	最大値	初期値	画面部品の説明"	"1-12	送信エラー通知メールアドレス	全角・半角	-	-	-	-"
sheet-4-R018	0209	sheet-4	特定商取引に関する法律	項目定義	58	1251	sheet-4-B015			sheet-4-R006,sheet-4-R007,sheet-4-R008,sheet-4-R009,sheet-4-R010,sheet-4-R011,sheet-4-R012,sheet-4-R013,sheet-4-R014,sheet-4-R015,sheet-4-R016,sheet-4-R017,sheet-4-R019,sheet-4-R020	"識別ID	ラベル	書式・制限	必須	最大値	初期値	画面部品の説明"	"1-13	問い合わせ専用メールアドレス	全角・半角	-	-	-	-"
sheet-4-R019	0209	sheet-4	特定商取引に関する法律	項目定義	59	1252	sheet-4-B015			sheet-4-R006,sheet-4-R007,sheet-4-R008,sheet-4-R009,sheet-4-R010,sheet-4-R011,sheet-4-R012,sheet-4-R013,sheet-4-R014,sheet-4-R015,sheet-4-R016,sheet-4-R017,sheet-4-R018,sheet-4-R020	"識別ID	ラベル	書式・制限	必須	最大値	初期値	画面部品の説明"	ボタン、リンク
sheet-4-R020	0209	sheet-4	特定商取引に関する法律	項目定義	60	1253	sheet-4-B015			sheet-4-R006,sheet-4-R007,sheet-4-R008,sheet-4-R009,sheet-4-R010,sheet-4-R011,sheet-4-R012,sheet-4-R013,sheet-4-R014,sheet-4-R015,sheet-4-R016,sheet-4-R017,sheet-4-R018,sheet-4-R019	"識別ID	ラベル	書式・制限	必須	最大値	初期値	画面部品の説明"	"2-1	設定	ボタン	-	-	-	入力されたフォームの値で登録"
sheet-4-R021	0209	sheet-4	特定商取引に関する法律	現行仕様	64	1257	sheet-4-B016				"識別ID	ラベル	書式・制限	必須	最大値	初期値	画面部品の説明"	M10-02 特定商取引に関する法律 / 店舗設定／特定商取引法（ヘルプ情報の表記編集）
sheet-4-R022	0209	sheet-4	特定商取引に関する法律	現行仕様	66	1259	sheet-4-B017			sheet-4-R023,sheet-4-R024	"識別ID	ラベル	書式・制限	必須	最大値	初期値	画面部品の説明"	編集の対象
sheet-4-R023	0209	sheet-4	特定商取引に関する法律	現行仕様	67	1260	sheet-4-B017			sheet-4-R022,sheet-4-R024	"識別ID	ラベル	書式・制限	必須	最大値	初期値	画面部品の説明"	画面を開いたときは、登録済みの表記1件を読み込み、各項目の初期表示にする。
sheet-4-R024	0209	sheet-4	特定商取引に関する法律	現行仕様	68	1261	sheet-4-B017			sheet-4-R022,sheet-4-R023	"識別ID	ラベル	書式・制限	必須	最大値	初期値	画面部品の説明"	保存の判定順序
sheet-4-R025	0209	sheet-4	特定商取引に関する法律	現行仕様	70	1263	sheet-4-B018			sheet-4-R026,sheet-4-R027,sheet-4-R028,sheet-4-R029,sheet-4-R030,sheet-4-R031	"順序	判定	結果"	"1	なりすまし対策の検証値	不正なときは保存せず、同一画面を再表示する"
sheet-4-R026	0209	sheet-4	特定商取引に関する法律	現行仕様	71	1264	sheet-4-B018			sheet-4-R025,sheet-4-R027,sheet-4-R028,sheet-4-R029,sheet-4-R030,sheet-4-R031	"順序	判定	結果"	"2	各項目の入力検証	いずれかが失敗したときは保存せず、同一画面を再表示して該当項目にエラーを表示する"
sheet-4-R027	0209	sheet-4	特定商取引に関する法律	現行仕様	72	1265	sheet-4-B018			sheet-4-R025,sheet-4-R026,sheet-4-R028,sheet-4-R029,sheet-4-R030,sheet-4-R031	"順序	判定	結果"	"3	電話番号・FAX番号の3分割入力	3欄すべてに入力するか、3欄すべてを空にする。一部の欄だけを入力したときはエラーとする。FAXは必須ではないため全欄が空でもよい"
sheet-4-R028	0209	sheet-4	特定商取引に関する法律	現行仕様	73	1266	sheet-4-B018			sheet-4-R025,sheet-4-R026,sheet-4-R027,sheet-4-R029,sheet-4-R030,sheet-4-R031	"順序	判定	結果"	"4	上記を通過	保存後、同一の編集画面へ戻る"
sheet-4-R029	0209	sheet-4	特定商取引に関する法律	現行仕様	74	1267	sheet-4-B018			sheet-4-R025,sheet-4-R026,sheet-4-R027,sheet-4-R028,sheet-4-R030,sheet-4-R031	"順序	判定	結果"	検証に失敗したときは保存せず、完了のメッセージも表示しない。 電話番号・FAX番号は、全角で入力された英数字を半角に直したうえで上記の検証を行う。
sheet-4-R030	0209	sheet-4	特定商取引に関する法律	現行仕様	75	1268	sheet-4-B018			sheet-4-R025,sheet-4-R026,sheet-4-R027,sheet-4-R028,sheet-4-R029,sheet-4-R031	"順序	判定	結果"	所在地の入力補助
sheet-4-R031	0209	sheet-4	特定商取引に関する法律	現行仕様	76	1269	sheet-4-B018			sheet-4-R025,sheet-4-R026,sheet-4-R027,sheet-4-R028,sheet-4-R029,sheet-4-R030	"順序	判定	結果"	郵便番号を入力すると、都道府県と住所の欄を自動で補う。
sheet-4-R032	0209	sheet-4	特定商取引に関する法律	現行仕様	78	1271	sheet-4-B019				"順序	判定	結果"	入出力: 永続化
sheet-4-R033	0209	sheet-4	特定商取引に関する法律	現行仕様	80	1273	sheet-4-B020				"操作	契機"	"更新	検証を通過した保存。あわせて更新日時を現在日時にする"
sheet-4-R034	0209	sheet-4	特定商取引に関する法律	表示メッセージ	84	1277	sheet-4-B021			sheet-4-R035	"メッセージID	表示位置	画面上の文言	表示条件	後続処理"	"—	管理画面上部	登録完了のメッセージ（文言は共通実装を正とする）	検証を通過して保存したとき	同一の編集画面へ戻る"
sheet-4-R035	0209	sheet-4	特定商取引に関する法律	表示メッセージ	85	1278	sheet-4-B021			sheet-4-R034	"メッセージID	表示位置	画面上の文言	表示条件	後続処理"	"—	入力項目直下	入力検証のメッセージ（文言は共通実装を正とする）	入力検証に失敗したとき	保存せず同一画面に留まる"
sheet-5-R001	0209	sheet-5	利用規約管理	本文	22	1319	sheet-5-B022					処理概要
sheet-5-R002	0209	sheet-5	利用規約管理	機能仕様	29	1326	sheet-5-B023			sheet-5-R003,sheet-5-R004,sheet-5-R005		なし
sheet-5-R003	0209	sheet-5	利用規約管理	機能仕様	30	1327	sheet-5-B023			sheet-5-R002,sheet-5-R004,sheet-5-R005		・カスタマイズ要件に記載の内容以外は現行踏襲とする。
sheet-5-R004	0209	sheet-5	利用規約管理	機能仕様	31	1328	sheet-5-B023			sheet-5-R002,sheet-5-R003,sheet-5-R005		機能仕様処理概要
sheet-5-R005	0209	sheet-5	利用規約管理	機能仕様	32	1329	sheet-5-B023			sheet-5-R002,sheet-5-R003,sheet-5-R004		・利用規約を登録する
sheet-5-R006	0209	sheet-5	利用規約管理	項目定義	34	1331	sheet-5-B024			sheet-5-R007	"識別ID	ラベル	書式・制限	必須	最大値	初期値	画面部品の説明"	"1	利用規約	全角・半角	-	-	-	-"
sheet-5-R007	0209	sheet-5	利用規約管理	項目定義	35	1332	sheet-5-B024			sheet-5-R006	"識別ID	ラベル	書式・制限	必須	最大値	初期値	画面部品の説明"	"2	設定	ボタン	-	-	-	入力されたフォームの値で登録"
sheet-5-R008	0209	sheet-5	利用規約管理	現行仕様	39	1336	sheet-5-B025				"識別ID	ラベル	書式・制限	必須	最大値	初期値	画面部品の説明"	M10-03 会員規約設定 / 店舗設定／利用規約（ヘルプ情報の本文編集）
sheet-5-R009	0209	sheet-5	利用規約管理	現行仕様	41	1338	sheet-5-B026			sheet-5-R010,sheet-5-R011,sheet-5-R012,sheet-5-R013,sheet-5-R014,sheet-5-R015,sheet-5-R016,sheet-5-R017,sheet-5-R018,sheet-5-R019	"識別ID	ラベル	書式・制限	必須	最大値	初期値	画面部品の説明"	編集対象
sheet-5-R010	0209	sheet-5	利用規約管理	現行仕様	42	1339	sheet-5-B026			sheet-5-R009,sheet-5-R011,sheet-5-R012,sheet-5-R013,sheet-5-R014,sheet-5-R015,sheet-5-R016,sheet-5-R017,sheet-5-R018,sheet-5-R019	"識別ID	ラベル	書式・制限	必須	最大値	初期値	画面部品の説明"	編集の対象は、既定の識別子で読み込んだヘルプ情報1件だけとする。画面を開いたときに当該ヘルプ情報を読み込み、利用規約の入力欄へ載せる。
sheet-5-R011	0209	sheet-5	利用規約管理	現行仕様	43	1340	sheet-5-B026			sheet-5-R009,sheet-5-R010,sheet-5-R012,sheet-5-R013,sheet-5-R014,sheet-5-R015,sheet-5-R016,sheet-5-R017,sheet-5-R018,sheet-5-R019	"識別ID	ラベル	書式・制限	必須	最大値	初期値	画面部品の説明"	保存で書き換えるのは利用規約の本文だけであり、同じヘルプ情報が持つ他の項目（特定商取引法の表記など）は、この画面の保存では変更しない。
sheet-5-R012	0209	sheet-5	利用規約管理	現行仕様	44	1341	sheet-5-B026			sheet-5-R009,sheet-5-R010,sheet-5-R011,sheet-5-R013,sheet-5-R014,sheet-5-R015,sheet-5-R016,sheet-5-R017,sheet-5-R018,sheet-5-R019	"識別ID	ラベル	書式・制限	必須	最大値	初期値	画面部品の説明"	保存の判定順序
sheet-5-R013	0209	sheet-5	利用規約管理	現行仕様	45	1342	sheet-5-B026			sheet-5-R009,sheet-5-R010,sheet-5-R011,sheet-5-R012,sheet-5-R014,sheet-5-R015,sheet-5-R016,sheet-5-R017,sheet-5-R018,sheet-5-R019	"識別ID	ラベル	書式・制限	必須	最大値	初期値	画面部品の説明"	"順序	判定・処理	内容"
sheet-5-R014	0209	sheet-5	利用規約管理	現行仕様	46	1343	sheet-5-B026			sheet-5-R009,sheet-5-R010,sheet-5-R011,sheet-5-R012,sheet-5-R013,sheet-5-R015,sheet-5-R016,sheet-5-R017,sheet-5-R018,sheet-5-R019	"識別ID	ラベル	書式・制限	必須	最大値	初期値	画面部品の説明"	"1	なりすまし対策の検証値と送信の妥当性	不正なときは送信済みとして扱わない、またはエラーとして扱う"
sheet-5-R015	0209	sheet-5	利用規約管理	現行仕様	47	1344	sheet-5-B026			sheet-5-R009,sheet-5-R010,sheet-5-R011,sheet-5-R012,sheet-5-R013,sheet-5-R014,sheet-5-R016,sheet-5-R017,sheet-5-R018,sheet-5-R019	"識別ID	ラベル	書式・制限	必須	最大値	初期値	画面部品の説明"	"2	利用規約の項目の検証	外れたときは保存せず、同一画面を再描画して該当項目にエラーを表示する。成功メッセージは表示しない"
sheet-5-R016	0209	sheet-5	利用規約管理	現行仕様	48	1345	sheet-5-B026			sheet-5-R009,sheet-5-R010,sheet-5-R011,sheet-5-R012,sheet-5-R013,sheet-5-R014,sheet-5-R015,sheet-5-R017,sheet-5-R018,sheet-5-R019	"識別ID	ラベル	書式・制限	必須	最大値	初期値	画面部品の説明"	"3	保存	検証を通ったときだけヘルプ情報を保存する"
sheet-5-R017	0209	sheet-5	利用規約管理	現行仕様	49	1346	sheet-5-B026			sheet-5-R009,sheet-5-R010,sheet-5-R011,sheet-5-R012,sheet-5-R013,sheet-5-R014,sheet-5-R015,sheet-5-R016,sheet-5-R018,sheet-5-R019	"識別ID	ラベル	書式・制限	必須	最大値	初期値	画面部品の説明"	"4	更新日時	保存の直前に、更新日時を持つときは現在日時で更新する"
sheet-5-R018	0209	sheet-5	利用規約管理	現行仕様	50	1347	sheet-5-B026			sheet-5-R009,sheet-5-R010,sheet-5-R011,sheet-5-R012,sheet-5-R013,sheet-5-R014,sheet-5-R015,sheet-5-R016,sheet-5-R017,sheet-5-R019	"識別ID	ラベル	書式・制限	必須	最大値	初期値	画面部品の説明"	"5	遷移	同じ編集画面へ戻る"
sheet-5-R019	0209	sheet-5	利用規約管理	現行仕様	51	1348	sheet-5-B026			sheet-5-R009,sheet-5-R010,sheet-5-R011,sheet-5-R012,sheet-5-R013,sheet-5-R014,sheet-5-R015,sheet-5-R016,sheet-5-R017,sheet-5-R018	"識別ID	ラベル	書式・制限	必須	最大値	初期値	画面部品の説明"	利用規約の本文が空のときは検証に外れる。検証に外れたときはデータを更新しない。
sheet-5-R020	0209	sheet-5	利用規約管理	現行仕様	54	1351	sheet-5-B027			sheet-5-R021,sheet-5-R022	"種類	内容"	"成功時出力	同じ編集画面への遷移と、登録完了のメッセージ。"
sheet-5-R021	0209	sheet-5	利用規約管理	現行仕様	55	1352	sheet-5-B027			sheet-5-R020,sheet-5-R022	"種類	内容"	"失敗時出力	同一画面の再描画と、項目ごとのエラー。"
sheet-5-R022	0209	sheet-5	利用規約管理	現行仕様	56	1353	sheet-5-B027			sheet-5-R020,sheet-5-R021	"種類	内容"	入出力: 永続化
sheet-5-R023	0209	sheet-5	利用規約管理	現行仕様	58	1355	sheet-5-B028			sheet-5-R024,sheet-5-R025	"操作	契機"	"更新	利用規約を編集して保存したとき。更新日時もあわせて更新する"
sheet-5-R024	0209	sheet-5	利用規約管理	現行仕様	59	1356	sheet-5-B028			sheet-5-R023,sheet-5-R025	"操作	契機"	入出力: 登録した本文の表示先
sheet-5-R025	0209	sheet-5	利用規約管理	現行仕様	60	1357	sheet-5-B028			sheet-5-R023,sheet-5-R024	"操作	契機"	登録した本文は、購入者向けの利用規約ページに表示する。入力した改行は改行として表示し、本文に書いたタグはそのまま解釈されるため、装飾を含む本文をそのまま載せられる。
sheet-5-R026	0209	sheet-5	利用規約管理	表示メッセージ	63	1360	sheet-5-B029				"操作	契機"	登録完了のメッセージを管理画面上部に表示する。文言は共通の登録完了メッセージを用いる。
sheet-6-R001	0209	sheet-6	支払い方法　手数料設定	本文	22	1400	sheet-6-B030					処理概要
sheet-6-R002	0209	sheet-6	支払い方法　手数料設定	機能仕様	43	1421	sheet-6-B031			sheet-6-R003,sheet-6-R004,sheet-6-R005		なし
sheet-6-R003	0209	sheet-6	支払い方法　手数料設定	機能仕様	44	1422	sheet-6-B031			sheet-6-R002,sheet-6-R004,sheet-6-R005		・カスタマイズ要件に記載の内容以外は現行踏襲とする。
sheet-6-R004	0209	sheet-6	支払い方法　手数料設定	機能仕様	45	1423	sheet-6-B031			sheet-6-R002,sheet-6-R003,sheet-6-R005		機能仕様処理概要
sheet-6-R005	0209	sheet-6	支払い方法　手数料設定	機能仕様	46	1424	sheet-6-B031			sheet-6-R002,sheet-6-R003,sheet-6-R004		・支払方法、手数料設定を登録する
sheet-6-R006	0209	sheet-6	支払い方法　手数料設定	項目定義	48	1426	sheet-6-B032			sheet-6-R007,sheet-6-R008,sheet-6-R009,sheet-6-R010,sheet-6-R011,sheet-6-R012,sheet-6-R013,sheet-6-R014,sheet-6-R015,sheet-6-R016,sheet-6-R017,sheet-6-R018,sheet-6-R019,sheet-6-R020,sheet-6-R021	"識別ID	ラベル	書式・制限	必須	最大値	初期値	画面部品の説明"	一覧表示
sheet-6-R007	0209	sheet-6	支払い方法　手数料設定	項目定義	49	1427	sheet-6-B032			sheet-6-R006,sheet-6-R008,sheet-6-R009,sheet-6-R010,sheet-6-R011,sheet-6-R012,sheet-6-R013,sheet-6-R014,sheet-6-R015,sheet-6-R016,sheet-6-R017,sheet-6-R018,sheet-6-R019,sheet-6-R020,sheet-6-R021	"識別ID	ラベル	書式・制限	必須	最大値	初期値	画面部品の説明"	"1-1	新規登録	ボタン	-	-	-	押下時、編集画面へ遷移"
sheet-6-R008	0209	sheet-6	支払い方法　手数料設定	項目定義	50	1428	sheet-6-B032			sheet-6-R006,sheet-6-R007,sheet-6-R009,sheet-6-R010,sheet-6-R011,sheet-6-R012,sheet-6-R013,sheet-6-R014,sheet-6-R015,sheet-6-R016,sheet-6-R017,sheet-6-R018,sheet-6-R019,sheet-6-R020,sheet-6-R021	"識別ID	ラベル	書式・制限	必須	最大値	初期値	画面部品の説明"	"1-2	ID	-	-	-	-	-"
sheet-6-R009	0209	sheet-6	支払い方法　手数料設定	項目定義	51	1429	sheet-6-B032			sheet-6-R006,sheet-6-R007,sheet-6-R008,sheet-6-R010,sheet-6-R011,sheet-6-R012,sheet-6-R013,sheet-6-R014,sheet-6-R015,sheet-6-R016,sheet-6-R017,sheet-6-R018,sheet-6-R019,sheet-6-R020,sheet-6-R021	"識別ID	ラベル	書式・制限	必須	最大値	初期値	画面部品の説明"	"1-3	支払方法	リンク	-	-	-	押下時、編集画面へ遷移"
sheet-6-R010	0209	sheet-6	支払い方法　手数料設定	項目定義	52	1430	sheet-6-B032			sheet-6-R006,sheet-6-R007,sheet-6-R008,sheet-6-R009,sheet-6-R011,sheet-6-R012,sheet-6-R013,sheet-6-R014,sheet-6-R015,sheet-6-R016,sheet-6-R017,sheet-6-R018,sheet-6-R019,sheet-6-R020,sheet-6-R021	"識別ID	ラベル	書式・制限	必須	最大値	初期値	画面部品の説明"	"1-4	手数料	-	-	-	-	-"
sheet-6-R011	0209	sheet-6	支払い方法　手数料設定	項目定義	53	1431	sheet-6-B032			sheet-6-R006,sheet-6-R007,sheet-6-R008,sheet-6-R009,sheet-6-R010,sheet-6-R012,sheet-6-R013,sheet-6-R014,sheet-6-R015,sheet-6-R016,sheet-6-R017,sheet-6-R018,sheet-6-R019,sheet-6-R020,sheet-6-R021	"識別ID	ラベル	書式・制限	必須	最大値	初期値	画面部品の説明"	"1-5	利用条件	-	-	-	-	-"
sheet-6-R012	0209	sheet-6	支払い方法　手数料設定	項目定義	54	1432	sheet-6-B032			sheet-6-R006,sheet-6-R007,sheet-6-R008,sheet-6-R009,sheet-6-R010,sheet-6-R011,sheet-6-R013,sheet-6-R014,sheet-6-R015,sheet-6-R016,sheet-6-R017,sheet-6-R018,sheet-6-R019,sheet-6-R020,sheet-6-R021	"識別ID	ラベル	書式・制限	必須	最大値	初期値	画面部品の説明"	"1-6	操作リンク	リンク	-	-	-	押下時、各種操作をおこなう"
sheet-6-R013	0209	sheet-6	支払い方法　手数料設定	項目定義	55	1433	sheet-6-B032			sheet-6-R006,sheet-6-R007,sheet-6-R008,sheet-6-R009,sheet-6-R010,sheet-6-R011,sheet-6-R012,sheet-6-R014,sheet-6-R015,sheet-6-R016,sheet-6-R017,sheet-6-R018,sheet-6-R019,sheet-6-R020,sheet-6-R021	"識別ID	ラベル	書式・制限	必須	最大値	初期値	画面部品の説明"	編集画面
sheet-6-R014	0209	sheet-6	支払い方法　手数料設定	項目定義	56	1434	sheet-6-B032			sheet-6-R006,sheet-6-R007,sheet-6-R008,sheet-6-R009,sheet-6-R010,sheet-6-R011,sheet-6-R012,sheet-6-R013,sheet-6-R015,sheet-6-R016,sheet-6-R017,sheet-6-R018,sheet-6-R019,sheet-6-R020,sheet-6-R021	"識別ID	ラベル	書式・制限	必須	最大値	初期値	画面部品の説明"	"2-1	支払方法	全角・半角	〇	-	-	-	2025/12/11 田所"
sheet-6-R015	0209	sheet-6	支払い方法　手数料設定	項目定義	57	1435	sheet-6-B032			sheet-6-R006,sheet-6-R007,sheet-6-R008,sheet-6-R009,sheet-6-R010,sheet-6-R011,sheet-6-R012,sheet-6-R013,sheet-6-R014,sheet-6-R016,sheet-6-R017,sheet-6-R018,sheet-6-R019,sheet-6-R020,sheet-6-R021	"識別ID	ラベル	書式・制限	必須	最大値	初期値	画面部品の説明"	"2-2	支払方法(英)	全角・半角	〇	-	-	-	2025/12/11 田所"
sheet-6-R016	0209	sheet-6	支払い方法　手数料設定	項目定義	58	1436	sheet-6-B032			sheet-6-R006,sheet-6-R007,sheet-6-R008,sheet-6-R009,sheet-6-R010,sheet-6-R011,sheet-6-R012,sheet-6-R013,sheet-6-R014,sheet-6-R015,sheet-6-R017,sheet-6-R018,sheet-6-R019,sheet-6-R020,sheet-6-R021	"識別ID	ラベル	書式・制限	必須	最大値	初期値	画面部品の説明"	"2-3	手数料	数値（整数）	〇	-	-	-	2025/12/11 田所"
sheet-6-R017	0209	sheet-6	支払い方法　手数料設定	項目定義	59	1437	sheet-6-B032			sheet-6-R006,sheet-6-R007,sheet-6-R008,sheet-6-R009,sheet-6-R010,sheet-6-R011,sheet-6-R012,sheet-6-R013,sheet-6-R014,sheet-6-R015,sheet-6-R016,sheet-6-R018,sheet-6-R019,sheet-6-R020,sheet-6-R021	"識別ID	ラベル	書式・制限	必須	最大値	初期値	画面部品の説明"	"2-4	メールテンプレート(日)	単一選択(セレクトボックス)	〇	-	-	選択肢:メール管理で作成されているテンプレート一覧	2025/12/11 田所"
sheet-6-R018	0209	sheet-6	支払い方法　手数料設定	項目定義	60	1438	sheet-6-B032			sheet-6-R006,sheet-6-R007,sheet-6-R008,sheet-6-R009,sheet-6-R010,sheet-6-R011,sheet-6-R012,sheet-6-R013,sheet-6-R014,sheet-6-R015,sheet-6-R016,sheet-6-R017,sheet-6-R019,sheet-6-R020,sheet-6-R021	"識別ID	ラベル	書式・制限	必須	最大値	初期値	画面部品の説明"	"2-5	メールテンプレート(英)	単一選択(セレクトボックス)	〇	-	-	選択肢:メール管理で作成されているテンプレート一覧	2025/12/11 田所"
sheet-6-R019	0209	sheet-6	支払い方法　手数料設定	項目定義	61	1439	sheet-6-B032			sheet-6-R006,sheet-6-R007,sheet-6-R008,sheet-6-R009,sheet-6-R010,sheet-6-R011,sheet-6-R012,sheet-6-R013,sheet-6-R014,sheet-6-R015,sheet-6-R016,sheet-6-R017,sheet-6-R018,sheet-6-R020,sheet-6-R021	"識別ID	ラベル	書式・制限	必須	最大値	初期値	画面部品の説明"	"2-6	利用条件	数値（整数）	-	-	-	-	2025/12/11 田所"
sheet-6-R020	0209	sheet-6	支払い方法　手数料設定	項目定義	62	1440	sheet-6-B032			sheet-6-R006,sheet-6-R007,sheet-6-R008,sheet-6-R009,sheet-6-R010,sheet-6-R011,sheet-6-R012,sheet-6-R013,sheet-6-R014,sheet-6-R015,sheet-6-R016,sheet-6-R017,sheet-6-R018,sheet-6-R019,sheet-6-R021	"識別ID	ラベル	書式・制限	必須	最大値	初期値	画面部品の説明"	"2-7	ロゴ画像	画像　リンク	-	-	-	ファイルアップロードを押下時、画像を選択しアップロード"
sheet-6-R021	0209	sheet-6	支払い方法　手数料設定	項目定義	63	1441	sheet-6-B032			sheet-6-R006,sheet-6-R007,sheet-6-R008,sheet-6-R009,sheet-6-R010,sheet-6-R011,sheet-6-R012,sheet-6-R013,sheet-6-R014,sheet-6-R015,sheet-6-R016,sheet-6-R017,sheet-6-R018,sheet-6-R019,sheet-6-R020	"識別ID	ラベル	書式・制限	必須	最大値	初期値	画面部品の説明"	"2-8	登録	ボタン	-	-	-	入力されたフォームの値で登録"
sheet-6-R022	0209	sheet-6	支払い方法　手数料設定	現行仕様	67	1445	sheet-6-B033				"識別ID	ラベル	書式・制限	必須	最大値	初期値	画面部品の説明"	M10-04 支払い方法/手数料設定 / 店舗設定 — 支払方法管理（支払方法・手数料・利用条件）
sheet-6-R023	0209	sheet-6	支払い方法　手数料設定	現行仕様	69	1447	sheet-6-B034			sheet-6-R024,sheet-6-R025,sheet-6-R026,sheet-6-R027,sheet-6-R028,sheet-6-R029,sheet-6-R030,sheet-6-R031	"識別ID	ラベル	書式・制限	必須	最大値	初期値	画面部品の説明"	一覧に出す支払方法
sheet-6-R024	0209	sheet-6	支払い方法　手数料設定	現行仕様	70	1448	sheet-6-B034			sheet-6-R023,sheet-6-R025,sheet-6-R026,sheet-6-R027,sheet-6-R028,sheet-6-R029,sheet-6-R030,sheet-6-R031	"識別ID	ラベル	書式・制限	必須	最大値	初期値	画面部品の説明"	削除されていない支払方法を、表示順の降順で並べる。旧・大会専用の支払方法（クレジットカード決済・コンビニ決済）は一覧に出さないため、この画面からは編集も削除もできない。
sheet-6-R025	0209	sheet-6	支払い方法　手数料設定	現行仕様	71	1449	sheet-6-B034			sheet-6-R023,sheet-6-R024,sheet-6-R026,sheet-6-R027,sheet-6-R028,sheet-6-R029,sheet-6-R030,sheet-6-R031	"識別ID	ラベル	書式・制限	必須	最大値	初期値	画面部品の説明"	一覧の操作リンク
sheet-6-R026	0209	sheet-6	支払い方法　手数料設定	現行仕様	72	1450	sheet-6-B034			sheet-6-R023,sheet-6-R024,sheet-6-R025,sheet-6-R027,sheet-6-R028,sheet-6-R029,sheet-6-R030,sheet-6-R031	"識別ID	ラベル	書式・制限	必須	最大値	初期値	画面部品の説明"	操作リンクからは編集・削除・上へ・下へを選べる。固定扱いの支払方法では編集と削除を選べない。先頭行には「上へ」を、末尾行には「下へ」を出さない。
sheet-6-R027	0209	sheet-6	支払い方法　手数料設定	現行仕様	73	1451	sheet-6-B034			sheet-6-R023,sheet-6-R024,sheet-6-R025,sheet-6-R026,sheet-6-R028,sheet-6-R029,sheet-6-R030,sheet-6-R031	"識別ID	ラベル	書式・制限	必須	最大値	初期値	画面部品の説明"	一覧の利用条件の表示
sheet-6-R028	0209	sheet-6	支払い方法　手数料設定	現行仕様	74	1452	sheet-6-B034			sheet-6-R023,sheet-6-R024,sheet-6-R025,sheet-6-R026,sheet-6-R027,sheet-6-R029,sheet-6-R030,sheet-6-R031	"識別ID	ラベル	書式・制限	必須	最大値	初期値	画面部品の説明"	下限が未設定または 0 のときは「0円」と表示する。上限があるときは続けて「〜上限円」を、上限が未設定のときは「〜無制限」を表示する。
sheet-6-R029	0209	sheet-6	支払い方法　手数料設定	現行仕様	75	1453	sheet-6-B034			sheet-6-R023,sheet-6-R024,sheet-6-R025,sheet-6-R026,sheet-6-R027,sheet-6-R028,sheet-6-R030,sheet-6-R031	"識別ID	ラベル	書式・制限	必須	最大値	初期値	画面部品の説明"	編集画面の初期表示
sheet-6-R030	0209	sheet-6	支払い方法　手数料設定	現行仕様	76	1454	sheet-6-B034			sheet-6-R023,sheet-6-R024,sheet-6-R025,sheet-6-R026,sheet-6-R027,sheet-6-R028,sheet-6-R029,sheet-6-R031	"識別ID	ラベル	書式・制限	必須	最大値	初期値	画面部品の説明"	新規登録のときは、すでに登録されている支払方法の最大表示順へ 1 を加えた値を設定する。1件も登録が無いときは表示順を 1 とする。一覧は表示順の降順なので、新規登録した支払方法は一覧の先頭に出る。新規登録した支払方法は編集・削除ができる状態で作り、手数料も入力できる状態にする。手数料を設定できない支払方法では手数料の入力欄を出さない。登録済みのロゴ画像があるときは、その画像をプレビューとして表示する。
sheet-6-R031	0209	sheet-6	支払い方法　手数料設定	現行仕様	77	1455	sheet-6-B034			sheet-6-R023,sheet-6-R024,sheet-6-R025,sheet-6-R026,sheet-6-R027,sheet-6-R028,sheet-6-R029,sheet-6-R030	"識別ID	ラベル	書式・制限	必須	最大値	初期値	画面部品の説明"	入力の制限
sheet-6-R032	0209	sheet-6	支払い方法　手数料設定	現行仕様	79	1457	sheet-6-B035			sheet-6-R033,sheet-6-R034,sheet-6-R035	"項目	内容"	"手数料	9桁以内で、負の値は受け付けない。手数料を設定できない支払方法では入力欄を出さず、登録時に 0 として保存する"
sheet-6-R033	0209	sheet-6	支払い方法　手数料設定	現行仕様	80	1458	sheet-6-B035			sheet-6-R032,sheet-6-R034,sheet-6-R035	"項目	内容"	"利用条件	下限と上限の2つの欄で入力する。それぞれ9桁以内で、負の値は受け付けない。両方に入力があり、上限が下限より小さいときはエラーとする"
sheet-6-R034	0209	sheet-6	支払い方法　手数料設定	現行仕様	81	1459	sheet-6-B035			sheet-6-R032,sheet-6-R033,sheet-6-R035	"項目	内容"	"ロゴ画像	画面で選べるのは gif・jpeg・png の1件までで、10MB を超えるファイルは送信前にエラーとする。サーバ側でも種別が画像であることを確認する。登録時にファイルの内容を検証し直すことはない。欄には「620px以上推奨」を併記する"
sheet-6-R035	0209	sheet-6	支払い方法　手数料設定	現行仕様	82	1460	sheet-6-B035			sheet-6-R032,sheet-6-R033,sheet-6-R034	"項目	内容"	登録の判定順序
sheet-6-R036	0209	sheet-6	支払い方法　手数料設定	現行仕様	84	1462	sheet-6-B036			sheet-6-R037,sheet-6-R038,sheet-6-R039,sheet-6-R040,sheet-6-R041,sheet-6-R042,sheet-6-R043,sheet-6-R044,sheet-6-R045,sheet-6-R046	"順序	判定	結果"	"1	項目ごとの入力検証	違反のときは項目にエラーを表示し、同じ編集画面を再表示する。完了メッセージは表示しない"
sheet-6-R037	0209	sheet-6	支払い方法　手数料設定	現行仕様	85	1463	sheet-6-B036			sheet-6-R036,sheet-6-R038,sheet-6-R039,sheet-6-R040,sheet-6-R041,sheet-6-R042,sheet-6-R043,sheet-6-R044,sheet-6-R045,sheet-6-R046	"順序	判定	結果"	"2	利用条件の下限・上限がいずれも空でなく、上限が下限より小さい	下限の欄にメッセージを付ける"
sheet-6-R038	0209	sheet-6	支払い方法　手数料設定	現行仕様	86	1464	sheet-6-B036			sheet-6-R036,sheet-6-R037,sheet-6-R039,sheet-6-R040,sheet-6-R041,sheet-6-R042,sheet-6-R043,sheet-6-R044,sheet-6-R045,sheet-6-R046	"順序	判定	結果"	"3	手数料設定可否が不可	保存の直前に手数料を 0 へ置き換える"
sheet-6-R039	0209	sheet-6	支払い方法　手数料設定	現行仕様	87	1465	sheet-6-B036			sheet-6-R036,sheet-6-R037,sheet-6-R038,sheet-6-R040,sheet-6-R041,sheet-6-R042,sheet-6-R043,sheet-6-R044,sheet-6-R045,sheet-6-R046	"順序	判定	結果"	保存できたときは支払方法一覧へ戻る。
sheet-6-R040	0209	sheet-6	支払い方法　手数料設定	現行仕様	88	1466	sheet-6-B036			sheet-6-R036,sheet-6-R037,sheet-6-R038,sheet-6-R039,sheet-6-R041,sheet-6-R042,sheet-6-R043,sheet-6-R044,sheet-6-R045,sheet-6-R046	"順序	判定	結果"	削除
sheet-6-R041	0209	sheet-6	支払い方法　手数料設定	現行仕様	89	1467	sheet-6-B036			sheet-6-R036,sheet-6-R037,sheet-6-R038,sheet-6-R039,sheet-6-R040,sheet-6-R042,sheet-6-R043,sheet-6-R044,sheet-6-R045,sheet-6-R046	"順序	判定	結果"	なりすまし対策トークンを検証し、無効なときは拒否する。対象の支払方法が無いときはメッセージを表示して一覧へ戻る。対象があるときは一覧から消し、残った支払方法の表示順を、並び順を保ったまま 1 から連番に振り直す。
sheet-6-R042	0209	sheet-6	支払い方法　手数料設定	現行仕様	90	1468	sheet-6-B036			sheet-6-R036,sheet-6-R037,sheet-6-R038,sheet-6-R039,sheet-6-R040,sheet-6-R041,sheet-6-R043,sheet-6-R044,sheet-6-R045,sheet-6-R046	"順序	判定	結果"	表示順の入れ替え
sheet-6-R043	0209	sheet-6	支払い方法　手数料設定	現行仕様	91	1469	sheet-6-B036			sheet-6-R036,sheet-6-R037,sheet-6-R038,sheet-6-R039,sheet-6-R040,sheet-6-R041,sheet-6-R042,sheet-6-R044,sheet-6-R045,sheet-6-R046	"順序	判定	結果"	上へ移動したときは、表示順が 1 大きい支払方法を探して両者の表示順を入れ替える。下へ移動したときは、表示順が 1 小さい支払方法を探して入れ替える。該当が無いときは移動できない旨を表示する。いずれも一覧へ戻る。操作にはなりすまし対策トークンの検証を伴う。
sheet-6-R044	0209	sheet-6	支払い方法　手数料設定	現行仕様	92	1470	sheet-6-B036			sheet-6-R036,sheet-6-R037,sheet-6-R038,sheet-6-R039,sheet-6-R040,sheet-6-R041,sheet-6-R042,sheet-6-R043,sheet-6-R045,sheet-6-R046	"順序	判定	結果"	ロゴ画像の追加
sheet-6-R045	0209	sheet-6	支払い方法　手数料設定	現行仕様	93	1471	sheet-6-B036			sheet-6-R036,sheet-6-R037,sheet-6-R038,sheet-6-R039,sheet-6-R040,sheet-6-R041,sheet-6-R042,sheet-6-R043,sheet-6-R044,sheet-6-R046	"順序	判定	結果"	ファイルを選ぶと、登録の前に非同期でファイルだけを送る。非同期でない要求は不正な要求として扱う。受け取ったファイルの種別が画像で始まらないときは、対応していない形式としてエラーとする。受け付けたときは重複しないファイル名を付けて保管し、そのファイル名を返してプレビューに表示する。選び直すと直前のプレビューは消え、プレビューの削除操作で選択そのものを取り消せる。
sheet-6-R046	0209	sheet-6	支払い方法　手数料設定	現行仕様	94	1472	sheet-6-B036			sheet-6-R036,sheet-6-R037,sheet-6-R038,sheet-6-R039,sheet-6-R040,sheet-6-R041,sheet-6-R042,sheet-6-R043,sheet-6-R044,sheet-6-R045	"順序	判定	結果"	エラー時の扱い
sheet-6-R047	0209	sheet-6	支払い方法　手数料設定	現行仕様	96	1474	sheet-6-B037			sheet-6-R048,sheet-6-R049,sheet-6-R050	"エラー内容	処理"	"入力検証エラー	項目のエラーを表示し、保存しない"
sheet-6-R048	0209	sheet-6	支払い方法　手数料設定	現行仕様	97	1475	sheet-6-B037			sheet-6-R047,sheet-6-R049,sheet-6-R050	"エラー内容	処理"	"削除・順序変更のトークン不正	アクセスを拒否する"
sheet-6-R049	0209	sheet-6	支払い方法　手数料設定	現行仕様	98	1476	sheet-6-B037			sheet-6-R047,sheet-6-R048,sheet-6-R050	"エラー内容	処理"	"ロゴ画像の追加が非同期の要求でない	不正な要求として拒否する"
sheet-6-R050	0209	sheet-6	支払い方法　手数料設定	現行仕様	99	1477	sheet-6-B037			sheet-6-R047,sheet-6-R048,sheet-6-R049	"エラー内容	処理"	"ロゴ画像の種別が画像で始まらない	対応していない形式として拒否する"
sheet-6-R051	0209	sheet-6	支払い方法　手数料設定	現行仕様	102	1480	sheet-6-B038			sheet-6-R052,sheet-6-R053,sheet-6-R054,sheet-6-R055	"種類	内容"	"入力	支払方法の入力項目、表示順の移動と削除の対象、追加するロゴ画像ファイル、なりすまし対策トークン"
sheet-6-R052	0209	sheet-6	支払い方法　手数料設定	現行仕様	103	1481	sheet-6-B038			sheet-6-R051,sheet-6-R053,sheet-6-R054,sheet-6-R055	"種類	内容"	"成功時出力	支払方法の登録・更新・削除・表示順の入れ替え、完了メッセージ、一覧への戻り。ロゴ画像の追加では保管したファイル名を返す"
sheet-6-R053	0209	sheet-6	支払い方法　手数料設定	現行仕様	104	1482	sheet-6-B038			sheet-6-R051,sheet-6-R052,sheet-6-R054,sheet-6-R055	"種類	内容"	"失敗時出力	項目のエラーを付けた編集画面の再表示。非同期要求の不正・画像種別の不正・トークン不正はHTTPエラー。削除対象が存在しないときはメッセージを表示して一覧へ戻る"
sheet-6-R054	0209	sheet-6	支払い方法　手数料設定	現行仕様	105	1483	sheet-6-B038			sheet-6-R051,sheet-6-R052,sheet-6-R053,sheet-6-R055	"種類	内容"	編集画面には「一覧に戻る」があり、登録せずに支払方法一覧へ戻れる。
sheet-6-R055	0209	sheet-6	支払い方法　手数料設定	現行仕様	106	1484	sheet-6-B038			sheet-6-R051,sheet-6-R052,sheet-6-R053,sheet-6-R054	"種類	内容"	入出力: 永続化
sheet-6-R056	0209	sheet-6	支払い方法　手数料設定	現行仕様	108	1486	sheet-6-B039			sheet-6-R057,sheet-6-R058,sheet-6-R059	"操作	契機"	"追加・更新	支払方法の登録が検証に通ったとき"
sheet-6-R057	0209	sheet-6	支払い方法　手数料設定	現行仕様	109	1487	sheet-6-B039			sheet-6-R056,sheet-6-R058,sheet-6-R059	"操作	契機"	"論理削除・更新	支払方法の削除時に、対象を一覧から外したうえで、残る支払方法の表示順を 1 から振り直す"
sheet-6-R058	0209	sheet-6	支払い方法　手数料設定	現行仕様	110	1488	sheet-6-B039			sheet-6-R056,sheet-6-R057,sheet-6-R059	"操作	契機"	"更新	表示順の上下移動で、隣り合う2件の表示順を入れ替えたとき"
sheet-6-R059	0209	sheet-6	支払い方法　手数料設定	現行仕様	111	1489	sheet-6-B039			sheet-6-R056,sheet-6-R057,sheet-6-R058	"操作	契機"	"追加	ロゴ画像ファイルを保管したとき"
sheet-6-R060	0209	sheet-6	支払い方法　手数料設定	表示メッセージ	115	1493	sheet-6-B040			sheet-6-R061,sheet-6-R062,sheet-6-R063,sheet-6-R064,sheet-6-R065,sheet-6-R066,sheet-6-R067,sheet-6-R068,sheet-6-R069,sheet-6-R070,sheet-6-R071,sheet-6-R072,sheet-6-R073	"メッセージID	表示位置	画面上の文言	表示条件	後続処理"	"M10-04-MSG-001	管理画面上部	保存しました	支払方法の内容を保存したとき	支払方法編集画面に遷移する"
sheet-6-R061	0209	sheet-6	支払い方法　手数料設定	表示メッセージ	116	1494	sheet-6-B040			sheet-6-R060,sheet-6-R062,sheet-6-R063,sheet-6-R064,sheet-6-R065,sheet-6-R066,sheet-6-R067,sheet-6-R068,sheet-6-R069,sheet-6-R070,sheet-6-R071,sheet-6-R072,sheet-6-R073	"メッセージID	表示位置	画面上の文言	表示条件	後続処理"	"M10-04-MSG-002	管理画面上部	削除しました	支払方法を削除したとき	支払方法一覧画面に遷移する"
sheet-6-R062	0209	sheet-6	支払い方法　手数料設定	表示メッセージ	117	1495	sheet-6-B040			sheet-6-R060,sheet-6-R061,sheet-6-R063,sheet-6-R064,sheet-6-R065,sheet-6-R066,sheet-6-R067,sheet-6-R068,sheet-6-R069,sheet-6-R070,sheet-6-R071,sheet-6-R072,sheet-6-R073	"メッセージID	表示位置	画面上の文言	表示条件	後続処理"	"M10-04-MSG-003	管理画面上部	関連するデータがあるため「%name%」を削除できませんでした	関連データのある支払方法を削除しようとしたとき	支払方法一覧画面に遷移する"
sheet-6-R063	0209	sheet-6	支払い方法　手数料設定	表示メッセージ	118	1496	sheet-6-B040			sheet-6-R060,sheet-6-R061,sheet-6-R062,sheet-6-R064,sheet-6-R065,sheet-6-R066,sheet-6-R067,sheet-6-R068,sheet-6-R069,sheet-6-R070,sheet-6-R071,sheet-6-R072,sheet-6-R073	"メッセージID	表示位置	画面上の文言	表示条件	後続処理"	"M10-04-MSG-004	管理画面上部	「%name%」を表示にしました。	支払方法を表示に切り替えたとき	支払方法一覧画面に遷移する"
sheet-6-R064	0209	sheet-6	支払い方法　手数料設定	表示メッセージ	119	1497	sheet-6-B040			sheet-6-R060,sheet-6-R061,sheet-6-R062,sheet-6-R063,sheet-6-R065,sheet-6-R066,sheet-6-R067,sheet-6-R068,sheet-6-R069,sheet-6-R070,sheet-6-R071,sheet-6-R072,sheet-6-R073	"メッセージID	表示位置	画面上の文言	表示条件	後続処理"	"M10-04-MSG-005	管理画面上部	「%name%」を非表示にしました。	支払方法を非表示に切り替えたとき	支払方法一覧画面に遷移する"
sheet-6-R065	0209	sheet-6	支払い方法　手数料設定	表示メッセージ	120	1498	sheet-6-B040			sheet-6-R060,sheet-6-R061,sheet-6-R062,sheet-6-R063,sheet-6-R064,sheet-6-R066,sheet-6-R067,sheet-6-R068,sheet-6-R069,sheet-6-R070,sheet-6-R071,sheet-6-R072,sheet-6-R073	"メッセージID	表示位置	画面上の文言	表示条件	後続処理"	"M10-04-MSG-006	入力項目直下（利用条件下限欄）	数字で入力してください。	利用条件の下限に数字以外を入力して送信したとき	支払方法編集画面に留まる"
sheet-6-R066	0209	sheet-6	支払い方法　手数料設定	表示メッセージ	121	1499	sheet-6-B040			sheet-6-R060,sheet-6-R061,sheet-6-R062,sheet-6-R063,sheet-6-R064,sheet-6-R065,sheet-6-R067,sheet-6-R068,sheet-6-R069,sheet-6-R070,sheet-6-R071,sheet-6-R072,sheet-6-R073	"メッセージID	表示位置	画面上の文言	表示条件	後続処理"	"M10-04-MSG-007	入力項目直下（利用条件下限欄）	下限・上限の値を確認してください	利用条件の下限より小さい上限を入力して送信したとき	支払方法編集画面に留まる"
sheet-6-R067	0209	sheet-6	支払い方法　手数料設定	表示メッセージ	122	1500	sheet-6-B040			sheet-6-R060,sheet-6-R061,sheet-6-R062,sheet-6-R063,sheet-6-R064,sheet-6-R065,sheet-6-R066,sheet-6-R068,sheet-6-R069,sheet-6-R070,sheet-6-R071,sheet-6-R072,sheet-6-R073	"メッセージID	表示位置	画面上の文言	表示条件	後続処理"	"M10-04-MSG-008	削除確認モーダル本文	この操作はあとから取り消すことができません。「%name%」を削除してよろしいですか？	支払方法の削除ボタンを押したとき（削除前の確認）	削除でモーダルを閉じて支払方法一覧画面に遷移、キャンセルでモーダルを閉じる"
sheet-6-R068	0209	sheet-6	支払い方法　手数料設定	表示メッセージ	123	1501	sheet-6-B040			sheet-6-R060,sheet-6-R061,sheet-6-R062,sheet-6-R063,sheet-6-R064,sheet-6-R065,sheet-6-R066,sheet-6-R067,sheet-6-R069,sheet-6-R070,sheet-6-R071,sheet-6-R072,sheet-6-R073	"メッセージID	表示位置	画面上の文言	表示条件	後続処理"	"M10-04-MSG-009	画像入力項目直下(#payment_image_error)	アップロードに失敗しました	支払方法の画像をアップロードできなかったとき	支払方法編集画面に留まる"
sheet-6-R069	0209	sheet-6	支払い方法　手数料設定	表示メッセージ	124	1502	sheet-6-B040			sheet-6-R060,sheet-6-R061,sheet-6-R062,sheet-6-R063,sheet-6-R064,sheet-6-R065,sheet-6-R066,sheet-6-R067,sheet-6-R068,sheet-6-R070,sheet-6-R071,sheet-6-R072,sheet-6-R073	"メッセージID	表示位置	画面上の文言	表示条件	後続処理"	"M10-04-MSG-010	入力項目直下	入力されていません。	必須項目が未入力のまま送信したとき	支払方法編集画面に留まる"
sheet-6-R070	0209	sheet-6	支払い方法　手数料設定	表示メッセージ	125	1503	sheet-6-B040			sheet-6-R060,sheet-6-R061,sheet-6-R062,sheet-6-R063,sheet-6-R064,sheet-6-R065,sheet-6-R066,sheet-6-R067,sheet-6-R068,sheet-6-R069,sheet-6-R071,sheet-6-R072,sheet-6-R073	"メッセージID	表示位置	画面上の文言	表示条件	後続処理"	"M10-04-MSG-011	入力項目直下	長すぎます。この値は{{ limit }}文字以下で入力してください。	入力できる文字数を超えて送信したとき	支払方法編集画面に留まる"
sheet-6-R071	0209	sheet-6	支払い方法　手数料設定	表示メッセージ	126	1504	sheet-6-B040			sheet-6-R060,sheet-6-R061,sheet-6-R062,sheet-6-R063,sheet-6-R064,sheet-6-R065,sheet-6-R066,sheet-6-R067,sheet-6-R068,sheet-6-R069,sheet-6-R070,sheet-6-R072,sheet-6-R073	"メッセージID	表示位置	画面上の文言	表示条件	後続処理"	"M10-04-MSG-012	画面中央(ダイアログ/モーダル)	この操作はあとから取り消すことができません。「%name%」を削除してよろしいですか？	支払方法の削除アイコンを押したとき（削除前の確認）	削除でモーダルを閉じて支払方法一覧画面に遷移、キャンセルでモーダルを閉じる"
sheet-6-R072	0209	sheet-6	支払い方法　手数料設定	表示メッセージ	127	1505	sheet-6-B040			sheet-6-R060,sheet-6-R061,sheet-6-R062,sheet-6-R063,sheet-6-R064,sheet-6-R065,sheet-6-R066,sheet-6-R067,sheet-6-R068,sheet-6-R069,sheet-6-R070,sheet-6-R071,sheet-6-R073	"メッセージID	表示位置	画面上の文言	表示条件	後続処理"	"M10-04-MSG-013	入力項目直下	数字で入力してください。	利用条件の下限に数字以外を入力して送信したとき	支払方法編集画面に留まる"
sheet-6-R073	0209	sheet-6	支払い方法　手数料設定	表示メッセージ	128	1506	sheet-6-B040			sheet-6-R060,sheet-6-R061,sheet-6-R062,sheet-6-R063,sheet-6-R064,sheet-6-R065,sheet-6-R066,sheet-6-R067,sheet-6-R068,sheet-6-R069,sheet-6-R070,sheet-6-R071,sheet-6-R072	"メッセージID	表示位置	画面上の文言	表示条件	後続処理"	"M10-04-MSG-014	入力項目直下/フォーム上部	下限・上限の値を確認してください	利用条件の下限より小さい上限を入力して送信したとき	支払方法編集画面に留まる"
sheet-7-R001	0209	sheet-7	配送方法設定	本文	23	1533	sheet-7-B041					処理概要
sheet-7-R002	0209	sheet-7	配送方法設定	機能仕様	49	1559	sheet-7-B042			sheet-7-R003,sheet-7-R004,sheet-7-R005,sheet-7-R006,sheet-7-R007		送料の設定は、標準通り登録編集できるようにする
sheet-7-R003	0209	sheet-7	配送方法設定	機能仕様	50	1560	sheet-7-B042			sheet-7-R002,sheet-7-R004,sheet-7-R005,sheet-7-R006,sheet-7-R007		・カスタマイズ要件に記載の内容以外は現行踏襲とする。
sheet-7-R004	0209	sheet-7	配送方法設定	機能仕様	51	1561	sheet-7-B042			sheet-7-R002,sheet-7-R003,sheet-7-R005,sheet-7-R006,sheet-7-R007		機能仕様処理概要
sheet-7-R005	0209	sheet-7	配送方法設定	機能仕様	52	1562	sheet-7-B042			sheet-7-R002,sheet-7-R003,sheet-7-R004,sheet-7-R006,sheet-7-R007		・支払方法、手数料設定を登録する
sheet-7-R006	0209	sheet-7	配送方法設定	機能仕様	53	1563	sheet-7-B042			sheet-7-R002,sheet-7-R003,sheet-7-R004,sheet-7-R005,sheet-7-R007		・識別ID:5-1 全国一律送料に値を入力し、識別ID:5-2各都道府県に適用ボタンを押すと、
sheet-7-R007	0209	sheet-7	配送方法設定	機能仕様	54	1564	sheet-7-B042			sheet-7-R002,sheet-7-R003,sheet-7-R004,sheet-7-R005,sheet-7-R006		識別ID:5-3 各都道府県毎の送料に識別ID:5-1 全国一律送料を反映する
sheet-7-R008	0209	sheet-7	配送方法設定	項目定義	56	1566	sheet-7-B043			sheet-7-R009,sheet-7-R010,sheet-7-R011,sheet-7-R012,sheet-7-R013,sheet-7-R014,sheet-7-R015,sheet-7-R016,sheet-7-R017,sheet-7-R018,sheet-7-R019,sheet-7-R020,sheet-7-R021,sheet-7-R022,sheet-7-R023,sheet-7-R024,sheet-7-R025,sheet-7-R026,sheet-7-R027,sheet-7-R028,sheet-7-R029,sheet-7-R030,sheet-7-R031	"識別ID	ラベル	書式・制限	必須	最大値	初期値	画面部品の説明"	一覧表示
sheet-7-R009	0209	sheet-7	配送方法設定	項目定義	57	1567	sheet-7-B043			sheet-7-R008,sheet-7-R010,sheet-7-R011,sheet-7-R012,sheet-7-R013,sheet-7-R014,sheet-7-R015,sheet-7-R016,sheet-7-R017,sheet-7-R018,sheet-7-R019,sheet-7-R020,sheet-7-R021,sheet-7-R022,sheet-7-R023,sheet-7-R024,sheet-7-R025,sheet-7-R026,sheet-7-R027,sheet-7-R028,sheet-7-R029,sheet-7-R030,sheet-7-R031	"識別ID	ラベル	書式・制限	必須	最大値	初期値	画面部品の説明"	"1-1	新規登録	ボタン	-	-	-	押下時、編集画面へ遷移"
sheet-7-R010	0209	sheet-7	配送方法設定	項目定義	58	1568	sheet-7-B043			sheet-7-R008,sheet-7-R009,sheet-7-R011,sheet-7-R012,sheet-7-R013,sheet-7-R014,sheet-7-R015,sheet-7-R016,sheet-7-R017,sheet-7-R018,sheet-7-R019,sheet-7-R020,sheet-7-R021,sheet-7-R022,sheet-7-R023,sheet-7-R024,sheet-7-R025,sheet-7-R026,sheet-7-R027,sheet-7-R028,sheet-7-R029,sheet-7-R030,sheet-7-R031	"識別ID	ラベル	書式・制限	必須	最大値	初期値	画面部品の説明"	"1-2	ID	-	-	-	-	-"
sheet-7-R011	0209	sheet-7	配送方法設定	項目定義	59	1569	sheet-7-B043			sheet-7-R008,sheet-7-R009,sheet-7-R010,sheet-7-R012,sheet-7-R013,sheet-7-R014,sheet-7-R015,sheet-7-R016,sheet-7-R017,sheet-7-R018,sheet-7-R019,sheet-7-R020,sheet-7-R021,sheet-7-R022,sheet-7-R023,sheet-7-R024,sheet-7-R025,sheet-7-R026,sheet-7-R027,sheet-7-R028,sheet-7-R029,sheet-7-R030,sheet-7-R031	"識別ID	ラベル	書式・制限	必須	最大値	初期値	画面部品の説明"	"1-3	配送業者名	リンク	-	-	-	押下時、編集画面へ遷移"
sheet-7-R012	0209	sheet-7	配送方法設定	項目定義	60	1570	sheet-7-B043			sheet-7-R008,sheet-7-R009,sheet-7-R010,sheet-7-R011,sheet-7-R013,sheet-7-R014,sheet-7-R015,sheet-7-R016,sheet-7-R017,sheet-7-R018,sheet-7-R019,sheet-7-R020,sheet-7-R021,sheet-7-R022,sheet-7-R023,sheet-7-R024,sheet-7-R025,sheet-7-R026,sheet-7-R027,sheet-7-R028,sheet-7-R029,sheet-7-R030,sheet-7-R031	"識別ID	ラベル	書式・制限	必須	最大値	初期値	画面部品の説明"	"1-4	操作リンク	リンク	-	-	-	押下時、各種操作をおこなう"
sheet-7-R013	0209	sheet-7	配送方法設定	項目定義	61	1571	sheet-7-B043			sheet-7-R008,sheet-7-R009,sheet-7-R010,sheet-7-R011,sheet-7-R012,sheet-7-R014,sheet-7-R015,sheet-7-R016,sheet-7-R017,sheet-7-R018,sheet-7-R019,sheet-7-R020,sheet-7-R021,sheet-7-R022,sheet-7-R023,sheet-7-R024,sheet-7-R025,sheet-7-R026,sheet-7-R027,sheet-7-R028,sheet-7-R029,sheet-7-R030,sheet-7-R031	"識別ID	ラベル	書式・制限	必須	最大値	初期値	画面部品の説明"	編集画面
sheet-7-R014	0209	sheet-7	配送方法設定	項目定義	62	1572	sheet-7-B043			sheet-7-R008,sheet-7-R009,sheet-7-R010,sheet-7-R011,sheet-7-R012,sheet-7-R013,sheet-7-R015,sheet-7-R016,sheet-7-R017,sheet-7-R018,sheet-7-R019,sheet-7-R020,sheet-7-R021,sheet-7-R022,sheet-7-R023,sheet-7-R024,sheet-7-R025,sheet-7-R026,sheet-7-R027,sheet-7-R028,sheet-7-R029,sheet-7-R030,sheet-7-R031	"識別ID	ラベル	書式・制限	必須	最大値	初期値	画面部品の説明"	"2-1	配送業者名	全角・半角	-	-	-	-"
sheet-7-R015	0209	sheet-7	配送方法設定	項目定義	63	1573	sheet-7-B043			sheet-7-R008,sheet-7-R009,sheet-7-R010,sheet-7-R011,sheet-7-R012,sheet-7-R013,sheet-7-R014,sheet-7-R016,sheet-7-R017,sheet-7-R018,sheet-7-R019,sheet-7-R020,sheet-7-R021,sheet-7-R022,sheet-7-R023,sheet-7-R024,sheet-7-R025,sheet-7-R026,sheet-7-R027,sheet-7-R028,sheet-7-R029,sheet-7-R030,sheet-7-R031	"識別ID	ラベル	書式・制限	必須	最大値	初期値	画面部品の説明"	"2-2	名称	全角・半角	-	-	-	-"
sheet-7-R016	0209	sheet-7	配送方法設定	項目定義	64	1574	sheet-7-B043			sheet-7-R008,sheet-7-R009,sheet-7-R010,sheet-7-R011,sheet-7-R012,sheet-7-R013,sheet-7-R014,sheet-7-R015,sheet-7-R017,sheet-7-R018,sheet-7-R019,sheet-7-R020,sheet-7-R021,sheet-7-R022,sheet-7-R023,sheet-7-R024,sheet-7-R025,sheet-7-R026,sheet-7-R027,sheet-7-R028,sheet-7-R029,sheet-7-R030,sheet-7-R031	"識別ID	ラベル	書式・制限	必須	最大値	初期値	画面部品の説明"	"2-3	英語名称	全角・半角	-	-	-	-"
sheet-7-R017	0209	sheet-7	配送方法設定	項目定義	65	1575	sheet-7-B043			sheet-7-R008,sheet-7-R009,sheet-7-R010,sheet-7-R011,sheet-7-R012,sheet-7-R013,sheet-7-R014,sheet-7-R015,sheet-7-R016,sheet-7-R018,sheet-7-R019,sheet-7-R020,sheet-7-R021,sheet-7-R022,sheet-7-R023,sheet-7-R024,sheet-7-R025,sheet-7-R026,sheet-7-R027,sheet-7-R028,sheet-7-R029,sheet-7-R030,sheet-7-R031	"識別ID	ラベル	書式・制限	必須	最大値	初期値	画面部品の説明"	"2-4	国外配送	単一選択(チェックボックス)	-	-	-	-"
sheet-7-R018	0209	sheet-7	配送方法設定	項目定義	66	1576	sheet-7-B043			sheet-7-R008,sheet-7-R009,sheet-7-R010,sheet-7-R011,sheet-7-R012,sheet-7-R013,sheet-7-R014,sheet-7-R015,sheet-7-R016,sheet-7-R017,sheet-7-R019,sheet-7-R020,sheet-7-R021,sheet-7-R022,sheet-7-R023,sheet-7-R024,sheet-7-R025,sheet-7-R026,sheet-7-R027,sheet-7-R028,sheet-7-R029,sheet-7-R030,sheet-7-R031	"識別ID	ラベル	書式・制限	必須	最大値	初期値	画面部品の説明"	"2-5	出荷指示リストから除外	単一選択(チェックボックス)	-	-	-	-"
sheet-7-R019	0209	sheet-7	配送方法設定	項目定義	67	1577	sheet-7-B043			sheet-7-R008,sheet-7-R009,sheet-7-R010,sheet-7-R011,sheet-7-R012,sheet-7-R013,sheet-7-R014,sheet-7-R015,sheet-7-R016,sheet-7-R017,sheet-7-R018,sheet-7-R020,sheet-7-R021,sheet-7-R022,sheet-7-R023,sheet-7-R024,sheet-7-R025,sheet-7-R026,sheet-7-R027,sheet-7-R028,sheet-7-R029,sheet-7-R030,sheet-7-R031	"識別ID	ラベル	書式・制限	必須	最大値	初期値	画面部品の説明"	"2-6	伝票No.URL	全角・半角	-	-	-	-"
sheet-7-R020	0209	sheet-7	配送方法設定	項目定義	68	1578	sheet-7-B043			sheet-7-R008,sheet-7-R009,sheet-7-R010,sheet-7-R011,sheet-7-R012,sheet-7-R013,sheet-7-R014,sheet-7-R015,sheet-7-R016,sheet-7-R017,sheet-7-R018,sheet-7-R019,sheet-7-R021,sheet-7-R022,sheet-7-R023,sheet-7-R024,sheet-7-R025,sheet-7-R026,sheet-7-R027,sheet-7-R028,sheet-7-R029,sheet-7-R030,sheet-7-R031	"識別ID	ラベル	書式・制限	必須	最大値	初期値	画面部品の説明"	"2-7	上限サイズ	全角・半角	-	-	-	-"
sheet-7-R021	0209	sheet-7	配送方法設定	項目定義	69	1579	sheet-7-B043			sheet-7-R008,sheet-7-R009,sheet-7-R010,sheet-7-R011,sheet-7-R012,sheet-7-R013,sheet-7-R014,sheet-7-R015,sheet-7-R016,sheet-7-R017,sheet-7-R018,sheet-7-R019,sheet-7-R020,sheet-7-R022,sheet-7-R023,sheet-7-R024,sheet-7-R025,sheet-7-R026,sheet-7-R027,sheet-7-R028,sheet-7-R029,sheet-7-R030,sheet-7-R031	"識別ID	ラベル	書式・制限	必須	最大値	初期値	画面部品の説明"	支払方法設定
sheet-7-R022	0209	sheet-7	配送方法設定	項目定義	70	1580	sheet-7-B043			sheet-7-R008,sheet-7-R009,sheet-7-R010,sheet-7-R011,sheet-7-R012,sheet-7-R013,sheet-7-R014,sheet-7-R015,sheet-7-R016,sheet-7-R017,sheet-7-R018,sheet-7-R019,sheet-7-R020,sheet-7-R021,sheet-7-R023,sheet-7-R024,sheet-7-R025,sheet-7-R026,sheet-7-R027,sheet-7-R028,sheet-7-R029,sheet-7-R030,sheet-7-R031	"識別ID	ラベル	書式・制限	必須	最大値	初期値	画面部品の説明"	"3-1	支払方法設定	単一選択(チェックボックス)	-	-	-	-"
sheet-7-R023	0209	sheet-7	配送方法設定	項目定義	71	1581	sheet-7-B043			sheet-7-R008,sheet-7-R009,sheet-7-R010,sheet-7-R011,sheet-7-R012,sheet-7-R013,sheet-7-R014,sheet-7-R015,sheet-7-R016,sheet-7-R017,sheet-7-R018,sheet-7-R019,sheet-7-R020,sheet-7-R021,sheet-7-R022,sheet-7-R024,sheet-7-R025,sheet-7-R026,sheet-7-R027,sheet-7-R028,sheet-7-R029,sheet-7-R030,sheet-7-R031	"識別ID	ラベル	書式・制限	必須	最大値	初期値	画面部品の説明"	お届け時間設定
sheet-7-R024	0209	sheet-7	配送方法設定	項目定義	72	1582	sheet-7-B043			sheet-7-R008,sheet-7-R009,sheet-7-R010,sheet-7-R011,sheet-7-R012,sheet-7-R013,sheet-7-R014,sheet-7-R015,sheet-7-R016,sheet-7-R017,sheet-7-R018,sheet-7-R019,sheet-7-R020,sheet-7-R021,sheet-7-R022,sheet-7-R023,sheet-7-R025,sheet-7-R026,sheet-7-R027,sheet-7-R028,sheet-7-R029,sheet-7-R030,sheet-7-R031	"識別ID	ラベル	書式・制限	必須	最大値	初期値	画面部品の説明"	"4-1	お届け時間設定	全角・半角	-	-	-	-"
sheet-7-R025	0209	sheet-7	配送方法設定	項目定義	73	1583	sheet-7-B043			sheet-7-R008,sheet-7-R009,sheet-7-R010,sheet-7-R011,sheet-7-R012,sheet-7-R013,sheet-7-R014,sheet-7-R015,sheet-7-R016,sheet-7-R017,sheet-7-R018,sheet-7-R019,sheet-7-R020,sheet-7-R021,sheet-7-R022,sheet-7-R023,sheet-7-R024,sheet-7-R026,sheet-7-R027,sheet-7-R028,sheet-7-R029,sheet-7-R030,sheet-7-R031	"識別ID	ラベル	書式・制限	必須	最大値	初期値	画面部品の説明"	都道府県別送料設定
sheet-7-R026	0209	sheet-7	配送方法設定	項目定義	74	1584	sheet-7-B043			sheet-7-R008,sheet-7-R009,sheet-7-R010,sheet-7-R011,sheet-7-R012,sheet-7-R013,sheet-7-R014,sheet-7-R015,sheet-7-R016,sheet-7-R017,sheet-7-R018,sheet-7-R019,sheet-7-R020,sheet-7-R021,sheet-7-R022,sheet-7-R023,sheet-7-R024,sheet-7-R025,sheet-7-R027,sheet-7-R028,sheet-7-R029,sheet-7-R030,sheet-7-R031	"識別ID	ラベル	書式・制限	必須	最大値	初期値	画面部品の説明"	"5-1	地域	単一選択(セレクトボックス)	〇	-	-"
sheet-7-R027	0209	sheet-7	配送方法設定	項目定義	75	1585	sheet-7-B043			sheet-7-R008,sheet-7-R009,sheet-7-R010,sheet-7-R011,sheet-7-R012,sheet-7-R013,sheet-7-R014,sheet-7-R015,sheet-7-R016,sheet-7-R017,sheet-7-R018,sheet-7-R019,sheet-7-R020,sheet-7-R021,sheet-7-R022,sheet-7-R023,sheet-7-R024,sheet-7-R025,sheet-7-R026,sheet-7-R028,sheet-7-R029,sheet-7-R030,sheet-7-R031	"識別ID	ラベル	書式・制限	必須	最大値	初期値	画面部品の説明"	"5-2	サイズ	半角数字	-	-	-"
sheet-7-R028	0209	sheet-7	配送方法設定	項目定義	76	1586	sheet-7-B043			sheet-7-R008,sheet-7-R009,sheet-7-R010,sheet-7-R011,sheet-7-R012,sheet-7-R013,sheet-7-R014,sheet-7-R015,sheet-7-R016,sheet-7-R017,sheet-7-R018,sheet-7-R019,sheet-7-R020,sheet-7-R021,sheet-7-R022,sheet-7-R023,sheet-7-R024,sheet-7-R025,sheet-7-R026,sheet-7-R027,sheet-7-R029,sheet-7-R030,sheet-7-R031	"識別ID	ラベル	書式・制限	必須	最大値	初期値	画面部品の説明"	"5-3	送料	半角数字	〇	-	-"
sheet-7-R029	0209	sheet-7	配送方法設定	項目定義	77	1587	sheet-7-B043			sheet-7-R008,sheet-7-R009,sheet-7-R010,sheet-7-R011,sheet-7-R012,sheet-7-R013,sheet-7-R014,sheet-7-R015,sheet-7-R016,sheet-7-R017,sheet-7-R018,sheet-7-R019,sheet-7-R020,sheet-7-R021,sheet-7-R022,sheet-7-R023,sheet-7-R024,sheet-7-R025,sheet-7-R026,sheet-7-R027,sheet-7-R028,sheet-7-R030,sheet-7-R031	"識別ID	ラベル	書式・制限	必須	最大値	初期値	画面部品の説明"	"5-4	新規登録	ボタン		-	-	識別ID:5-4 都道府県別送料設定を新規追加するボタン"
sheet-7-R030	0209	sheet-7	配送方法設定	項目定義	78	1588	sheet-7-B043			sheet-7-R008,sheet-7-R009,sheet-7-R010,sheet-7-R011,sheet-7-R012,sheet-7-R013,sheet-7-R014,sheet-7-R015,sheet-7-R016,sheet-7-R017,sheet-7-R018,sheet-7-R019,sheet-7-R020,sheet-7-R021,sheet-7-R022,sheet-7-R023,sheet-7-R024,sheet-7-R025,sheet-7-R026,sheet-7-R027,sheet-7-R028,sheet-7-R029,sheet-7-R031	"識別ID	ラベル	書式・制限	必須	最大値	初期値	画面部品の説明"	ボタン　リンク
sheet-7-R031	0209	sheet-7	配送方法設定	項目定義	79	1589	sheet-7-B043			sheet-7-R008,sheet-7-R009,sheet-7-R010,sheet-7-R011,sheet-7-R012,sheet-7-R013,sheet-7-R014,sheet-7-R015,sheet-7-R016,sheet-7-R017,sheet-7-R018,sheet-7-R019,sheet-7-R020,sheet-7-R021,sheet-7-R022,sheet-7-R023,sheet-7-R024,sheet-7-R025,sheet-7-R026,sheet-7-R027,sheet-7-R028,sheet-7-R029,sheet-7-R030	"識別ID	ラベル	書式・制限	必須	最大値	初期値	画面部品の説明"	"6-1	設定	ボタン	-	-	-	入力されたフォームの値で登録"
sheet-8-R001	0209	sheet-8	税率設定	本文	22	1639	sheet-8-B044					処理概要
sheet-8-R002	0209	sheet-8	税率設定	機能仕様	34	1651	sheet-8-B045			sheet-8-R003,sheet-8-R004,sheet-8-R005,sheet-8-R006		なし
sheet-8-R003	0209	sheet-8	税率設定	機能仕様	35	1652	sheet-8-B045			sheet-8-R002,sheet-8-R004,sheet-8-R005,sheet-8-R006		・カスタマイズ要件に記載の内容以外は現行踏襲とする。
sheet-8-R004	0209	sheet-8	税率設定	機能仕様	36	1653	sheet-8-B045			sheet-8-R002,sheet-8-R003,sheet-8-R005,sheet-8-R006		機能仕様処理概要
sheet-8-R005	0209	sheet-8	税率設定	機能仕様	37	1654	sheet-8-B045			sheet-8-R002,sheet-8-R003,sheet-8-R004,sheet-8-R006		・個別税率設定、共通税率設定を登録する
sheet-8-R006	0209	sheet-8	税率設定	機能仕様	38	1655	sheet-8-B045			sheet-8-R002,sheet-8-R003,sheet-8-R004,sheet-8-R005		・登録した税率を一覧表示する
sheet-8-R007	0209	sheet-8	税率設定	項目定義	40	1657	sheet-8-B046			sheet-8-R008,sheet-8-R009,sheet-8-R010,sheet-8-R011,sheet-8-R012,sheet-8-R013,sheet-8-R014,sheet-8-R015,sheet-8-R016	"識別ID	ラベル	書式・制限	必須	最大値	初期値	画面部品の説明"	個別税率設定
sheet-8-R008	0209	sheet-8	税率設定	項目定義	41	1658	sheet-8-B046			sheet-8-R007,sheet-8-R009,sheet-8-R010,sheet-8-R011,sheet-8-R012,sheet-8-R013,sheet-8-R014,sheet-8-R015,sheet-8-R016	"識別ID	ラベル	書式・制限	必須	最大値	初期値	画面部品の説明"	"1-1	商品別税率機能	単一選択(ラジオボタン)	-	-	無効	選択肢:有効　無効"
sheet-8-R009	0209	sheet-8	税率設定	項目定義	42	1659	sheet-8-B046			sheet-8-R007,sheet-8-R008,sheet-8-R010,sheet-8-R011,sheet-8-R012,sheet-8-R013,sheet-8-R014,sheet-8-R015,sheet-8-R016	"識別ID	ラベル	書式・制限	必須	最大値	初期値	画面部品の説明"	"1-2	登録	ボタン	-	-	-	選択された商品別税率機能を登録"
sheet-8-R010	0209	sheet-8	税率設定	項目定義	43	1660	sheet-8-B046			sheet-8-R007,sheet-8-R008,sheet-8-R009,sheet-8-R011,sheet-8-R012,sheet-8-R013,sheet-8-R014,sheet-8-R015,sheet-8-R016	"識別ID	ラベル	書式・制限	必須	最大値	初期値	画面部品の説明"	共通税率設定
sheet-8-R011	0209	sheet-8	税率設定	項目定義	44	1661	sheet-8-B046			sheet-8-R007,sheet-8-R008,sheet-8-R009,sheet-8-R010,sheet-8-R012,sheet-8-R013,sheet-8-R014,sheet-8-R015,sheet-8-R016	"識別ID	ラベル	書式・制限	必須	最大値	初期値	画面部品の説明"	"2-1	消費税率	全角・半角	-	-	-	-"
sheet-8-R012	0209	sheet-8	税率設定	項目定義	45	1662	sheet-8-B046			sheet-8-R007,sheet-8-R008,sheet-8-R009,sheet-8-R010,sheet-8-R011,sheet-8-R013,sheet-8-R014,sheet-8-R015,sheet-8-R016	"識別ID	ラベル	書式・制限	必須	最大値	初期値	画面部品の説明"	"2-2	課税規則	単一選択(ラジオボタン)	-	-	-	選択肢:四捨五入　切り捨て　切り上げ"
sheet-8-R013	0209	sheet-8	税率設定	項目定義	46	1663	sheet-8-B046			sheet-8-R007,sheet-8-R008,sheet-8-R009,sheet-8-R010,sheet-8-R011,sheet-8-R012,sheet-8-R014,sheet-8-R015,sheet-8-R016	"識別ID	ラベル	書式・制限	必須	最大値	初期値	画面部品の説明"	"2-3	適用日時	全角・半角	-	-	-	-"
sheet-8-R014	0209	sheet-8	税率設定	項目定義	47	1664	sheet-8-B046			sheet-8-R007,sheet-8-R008,sheet-8-R009,sheet-8-R010,sheet-8-R011,sheet-8-R012,sheet-8-R013,sheet-8-R015,sheet-8-R016	"識別ID	ラベル	書式・制限	必須	最大値	初期値	画面部品の説明"	"2-4	登録	ボタン	-	-	-	入力されたフォームの値で共通税率設定を登録"
sheet-8-R015	0209	sheet-8	税率設定	項目定義	48	1665	sheet-8-B046			sheet-8-R007,sheet-8-R008,sheet-8-R009,sheet-8-R010,sheet-8-R011,sheet-8-R012,sheet-8-R013,sheet-8-R014,sheet-8-R016	"識別ID	ラベル	書式・制限	必須	最大値	初期値	画面部品の説明"	税率一覧
sheet-8-R016	0209	sheet-8	税率設定	項目定義	49	1666	sheet-8-B046			sheet-8-R007,sheet-8-R008,sheet-8-R009,sheet-8-R010,sheet-8-R011,sheet-8-R012,sheet-8-R013,sheet-8-R014,sheet-8-R015	"識別ID	ラベル	書式・制限	必須	最大値	初期値	画面部品の説明"	"3-1	税率一覧	テキスト	-	-	-	設定された税率を一覧表示"
sheet-8-R017	0209	sheet-8	税率設定	現行仕様	53	1670	sheet-8-B047				"識別ID	ラベル	書式・制限	必須	最大値	初期値	画面部品の説明"	M10-07 税率設定 / 店舗設定 — 税率設定（共通税率・商品別税率オプション）
sheet-8-R018	0209	sheet-8	税率設定	現行仕様	55	1672	sheet-8-B048			sheet-8-R019,sheet-8-R020,sheet-8-R021,sheet-8-R022,sheet-8-R023,sheet-8-R024,sheet-8-R025,sheet-8-R026,sheet-8-R027,sheet-8-R028,sheet-8-R029	"識別ID	ラベル	書式・制限	必須	最大値	初期値	画面部品の説明"	一覧画面の初期表示
sheet-8-R019	0209	sheet-8	税率設定	現行仕様	56	1673	sheet-8-B048			sheet-8-R018,sheet-8-R020,sheet-8-R021,sheet-8-R022,sheet-8-R023,sheet-8-R024,sheet-8-R025,sheet-8-R026,sheet-8-R027,sheet-8-R028,sheet-8-R029	"識別ID	ラベル	書式・制限	必須	最大値	初期値	画面部品の説明"	新規追加のときは、課税規則を四捨五入にした未登録の共通税率を編集対象として画面を組み立てる。税率一覧の「編集」から開いたときは、指定されたIDの共通税率を編集対象として読み込む。指定されたIDの共通税率が無いときは、ページが見つからない扱い（404）になる。編集対象が基本税率設定のときは、適用日時の入力項目を画面に出さない。
sheet-8-R020	0209	sheet-8	税率設定	現行仕様	57	1674	sheet-8-B048			sheet-8-R018,sheet-8-R019,sheet-8-R021,sheet-8-R022,sheet-8-R023,sheet-8-R024,sheet-8-R025,sheet-8-R026,sheet-8-R027,sheet-8-R028,sheet-8-R029	"識別ID	ラベル	書式・制限	必須	最大値	初期値	画面部品の説明"	税率一覧の内容
sheet-8-R021	0209	sheet-8	税率設定	現行仕様	58	1675	sheet-8-B048			sheet-8-R018,sheet-8-R019,sheet-8-R020,sheet-8-R022,sheet-8-R023,sheet-8-R024,sheet-8-R025,sheet-8-R026,sheet-8-R027,sheet-8-R028,sheet-8-R029	"識別ID	ラベル	書式・制限	必須	最大値	初期値	画面部品の説明"	一覧に出すのは商品・商品規格に紐づかない共通税率だけで、論理削除した行は出さない。並びは適用日時の降順である。列はID・消費税率・課税規則・適用日時と、行ごとの操作（編集・削除）である。消費税率は末尾に % を付けて表示する。適用日時の列は、基本税率設定の行では日時ではなく「基本税率設定」と表示し、それ以外の行は 年/月/日 時:分 の書式で表示する。基本税率設定の行の「削除」は選んでも何も起こらない。
sheet-8-R022	0209	sheet-8	税率設定	現行仕様	59	1676	sheet-8-B048			sheet-8-R018,sheet-8-R019,sheet-8-R020,sheet-8-R021,sheet-8-R023,sheet-8-R024,sheet-8-R025,sheet-8-R026,sheet-8-R027,sheet-8-R028,sheet-8-R029	"識別ID	ラベル	書式・制限	必須	最大値	初期値	画面部品の説明"	共通税率の入力条件
sheet-8-R023	0209	sheet-8	税率設定	現行仕様	60	1677	sheet-8-B048			sheet-8-R018,sheet-8-R019,sheet-8-R020,sheet-8-R021,sheet-8-R022,sheet-8-R024,sheet-8-R025,sheet-8-R026,sheet-8-R027,sheet-8-R028,sheet-8-R029	"識別ID	ラベル	書式・制限	必須	最大値	初期値	画面部品の説明"	消費税率は必須で、0以上100以下でなければならない。保持するのは整数で、小数点以下は保持しない。課税規則は必須である。適用日時は必須だが、基本税率設定の編集では入力項目が無いため、登録済みの適用日時をそのまま保つ。適用日時の入力欄は日時選択の補助が付いた1行入力で、年-月-日 時:分 の書式で入力する。
sheet-8-R024	0209	sheet-8	税率設定	現行仕様	61	1678	sheet-8-B048			sheet-8-R018,sheet-8-R019,sheet-8-R020,sheet-8-R021,sheet-8-R022,sheet-8-R023,sheet-8-R025,sheet-8-R026,sheet-8-R027,sheet-8-R028,sheet-8-R029	"識別ID	ラベル	書式・制限	必須	最大値	初期値	画面部品の説明"	共通税率の保存
sheet-8-R025	0209	sheet-8	税率設定	現行仕様	62	1679	sheet-8-B048			sheet-8-R018,sheet-8-R019,sheet-8-R020,sheet-8-R021,sheet-8-R022,sheet-8-R023,sheet-8-R024,sheet-8-R026,sheet-8-R027,sheet-8-R028,sheet-8-R029	"識別ID	ラベル	書式・制限	必須	最大値	初期値	画面部品の説明"	入力の検証に通り、かつ同じ適用日時の税率が他に無いときだけ保存する。重複の確認は共通税率だけでなく、商品・商品規格に紐づく税率も対象にする。編集のときは、編集対象の行を除いて適用日時の重複を確かめる。保存後は税率設定画面へ戻る。検証に通らないときは同じ画面を再表示し、完了メッセージを表示しない。適用日時が重複するときは、適用日時の項目にエラーを付けて保存しない。
sheet-8-R026	0209	sheet-8	税率設定	現行仕様	63	1680	sheet-8-B048			sheet-8-R018,sheet-8-R019,sheet-8-R020,sheet-8-R021,sheet-8-R022,sheet-8-R023,sheet-8-R024,sheet-8-R025,sheet-8-R027,sheet-8-R028,sheet-8-R029	"識別ID	ラベル	書式・制限	必須	最大値	初期値	画面部品の説明"	商品別税率機能の保存
sheet-8-R027	0209	sheet-8	税率設定	現行仕様	64	1681	sheet-8-B048			sheet-8-R018,sheet-8-R019,sheet-8-R020,sheet-8-R021,sheet-8-R022,sheet-8-R023,sheet-8-R024,sheet-8-R025,sheet-8-R026,sheet-8-R028,sheet-8-R029	"識別ID	ラベル	書式・制限	必須	最大値	初期値	画面部品の説明"	個別税率設定の「登録」は共通税率設定と同じ入力欄一式をまとめて送るが、反映するのは商品別税率機能の値だけで、同時に入力されていた消費税率・課税規則・適用日時は共通税率にも店舗基本情報にも反映しない。反映したときは保存完了を通知する。商品別税率機能の入力が検証に通らないときは、店舗基本情報を更新せず、完了も通知しない。いずれの場合も税率設定画面へ戻る。
sheet-8-R028	0209	sheet-8	税率設定	現行仕様	65	1682	sheet-8-B048			sheet-8-R018,sheet-8-R019,sheet-8-R020,sheet-8-R021,sheet-8-R022,sheet-8-R023,sheet-8-R024,sheet-8-R025,sheet-8-R026,sheet-8-R027,sheet-8-R029	"識別ID	ラベル	書式・制限	必須	最大値	初期値	画面部品の説明"	共通税率の削除
sheet-8-R029	0209	sheet-8	税率設定	現行仕様	66	1683	sheet-8-B048			sheet-8-R018,sheet-8-R019,sheet-8-R020,sheet-8-R021,sheet-8-R022,sheet-8-R023,sheet-8-R024,sheet-8-R025,sheet-8-R026,sheet-8-R027,sheet-8-R028	"識別ID	ラベル	書式・制限	必須	最大値	初期値	画面部品の説明"	税率一覧の「削除」は、なりすまし対策トークンを検証したうえで対象行を取得する。指定されたIDの共通税率が無いときは、削除を行わず、既に削除されている旨の警告を出して税率設定画面へ戻る。基本税率設定の行は削除を行わず、完了メッセージを出さずに税率設定画面へ戻る。基本税率設定以外の行は論理削除して税率設定画面へ戻る。
sheet-8-R030	0209	sheet-8	税率設定	現行仕様	69	1686	sheet-8-B049			sheet-8-R031,sheet-8-R032,sheet-8-R033	"種類	内容"	"入力	編集対象の共通税率ID、削除対象の共通税率ID、なりすまし対策トークン"
sheet-8-R031	0209	sheet-8	税率設定	現行仕様	70	1687	sheet-8-B049			sheet-8-R030,sheet-8-R032,sheet-8-R033	"種類	内容"	"成功時出力	共通税率の登録・更新・論理削除、店舗基本情報の商品別税率機能の更新、税率設定画面への戻り"
sheet-8-R032	0209	sheet-8	税率設定	現行仕様	71	1688	sheet-8-B049			sheet-8-R030,sheet-8-R031,sheet-8-R033	"種類	内容"	"失敗時出力	入力検証エラー、適用日時重複エラー。編集対象の共通税率が存在しないときは404"
sheet-8-R033	0209	sheet-8	税率設定	現行仕様	72	1689	sheet-8-B049			sheet-8-R030,sheet-8-R031,sheet-8-R032	"種類	内容"	入出力: 永続化
sheet-8-R034	0209	sheet-8	税率設定	現行仕様	74	1691	sheet-8-B050			sheet-8-R035,sheet-8-R036	"操作	契機"	"追加・更新	共通税率の保存が検証に通ったとき"
sheet-8-R035	0209	sheet-8	税率設定	現行仕様	75	1692	sheet-8-B050			sheet-8-R034,sheet-8-R036	"操作	契機"	"更新	商品別税率機能の入力が検証に通ったとき、店舗基本情報の同項目を更新する"
sheet-8-R036	0209	sheet-8	税率設定	現行仕様	76	1693	sheet-8-B050			sheet-8-R034,sheet-8-R035	"操作	契機"	"論理削除	基本税率設定以外の共通税率を削除したとき"
sheet-8-R037	0209	sheet-8	税率設定	表示メッセージ	80	1697	sheet-8-B051			sheet-8-R038,sheet-8-R039,sheet-8-R040,sheet-8-R041,sheet-8-R042,sheet-8-R043,sheet-8-R044,sheet-8-R045	"メッセージID	表示位置	画面上の文言	表示条件	後続処理"	"M10-07-MSG-001	管理画面上部	保存しました	新しい税率を登録したとき	税率設定画面に遷移する"
sheet-8-R038	0209	sheet-8	税率設定	表示メッセージ	81	1698	sheet-8-B051			sheet-8-R037,sheet-8-R039,sheet-8-R040,sheet-8-R041,sheet-8-R042,sheet-8-R043,sheet-8-R044,sheet-8-R045	"メッセージID	表示位置	画面上の文言	表示条件	後続処理"	"M10-07-MSG-002	管理画面上部	保存しました	登録済みの税率を編集して保存したとき	税率設定画面に遷移する"
sheet-8-R039	0209	sheet-8	税率設定	表示メッセージ	82	1699	sheet-8-B051			sheet-8-R037,sheet-8-R038,sheet-8-R040,sheet-8-R041,sheet-8-R042,sheet-8-R043,sheet-8-R044,sheet-8-R045	"メッセージID	表示位置	画面上の文言	表示条件	後続処理"	"M10-07-MSG-003	管理画面上部	削除しました	デフォルト以外の税率を削除したとき	税率設定画面に遷移する"
sheet-8-R040	0209	sheet-8	税率設定	表示メッセージ	83	1700	sheet-8-B051			sheet-8-R037,sheet-8-R038,sheet-8-R039,sheet-8-R041,sheet-8-R042,sheet-8-R043,sheet-8-R044,sheet-8-R045	"メッセージID	表示位置	画面上の文言	表示条件	後続処理"	"M10-07-MSG-004	画面中央(ダイアログ)	削除します	デフォルト以外の税率の削除を選び、確認画面を開いたとき	削除確認モーダルを表示する"
sheet-8-R041	0209	sheet-8	税率設定	表示メッセージ	84	1701	sheet-8-B051			sheet-8-R037,sheet-8-R038,sheet-8-R039,sheet-8-R040,sheet-8-R042,sheet-8-R043,sheet-8-R044,sheet-8-R045	"メッセージID	表示位置	画面上の文言	表示条件	後続処理"	"M10-07-MSG-005	画面中央(ダイアログ)	この操作はあとから取り消すことができません。「%name%」を削除してよろしいですか？	デフォルト以外の税率の削除を選び、確認画面を開いたとき	削除時は税率設定画面に遷移し、キャンセル時は税率設定画面に留まる"
sheet-8-R042	0209	sheet-8	税率設定	表示メッセージ	85	1702	sheet-8-B051			sheet-8-R037,sheet-8-R038,sheet-8-R039,sheet-8-R040,sheet-8-R041,sheet-8-R043,sheet-8-R044,sheet-8-R045	"メッセージID	表示位置	画面上の文言	表示条件	後続処理"	"M10-07-MSG-006	入力項目直下	数字と小数点のみ入力できます。	税率に数字と小数点以外を入力したとき	税率設定画面に留まる"
sheet-8-R043	0209	sheet-8	税率設定	表示メッセージ	86	1703	sheet-8-B051			sheet-8-R037,sheet-8-R038,sheet-8-R039,sheet-8-R040,sheet-8-R041,sheet-8-R042,sheet-8-R044,sheet-8-R045	"メッセージID	表示位置	画面上の文言	表示条件	後続処理"	"M10-07-MSG-007	入力項目直下	同時刻の適用日時を設定できません。	既存の共通税率と同じ適用日時を設定したとき	税率設定画面に留まる"
sheet-8-R044	0209	sheet-8	税率設定	表示メッセージ	87	1704	sheet-8-B051			sheet-8-R037,sheet-8-R038,sheet-8-R039,sheet-8-R040,sheet-8-R041,sheet-8-R042,sheet-8-R043,sheet-8-R045	"メッセージID	表示位置	画面上の文言	表示条件	後続処理"	"M10-07-MSG-008	入力項目直下	数字と小数点のみ入力できます。	税率に数字と小数点以外を入力して送信したとき	税率設定画面に留まる"
sheet-8-R045	0209	sheet-8	税率設定	表示メッセージ	88	1705	sheet-8-B051			sheet-8-R037,sheet-8-R038,sheet-8-R039,sheet-8-R040,sheet-8-R041,sheet-8-R042,sheet-8-R043,sheet-8-R044	"メッセージID	表示位置	画面上の文言	表示条件	後続処理"	"M10-07-MSG-009	入力項目直下/フォーム上部	同時刻の適用日時を設定できません。	既存の共通税率と同じ適用日時で登録・更新しようとしたとき	税率設定画面に留まる"
sheet-9-R001	0209	sheet-9	自動送信メール	本文	22	1738	sheet-9-B052					処理概要
sheet-9-R002	0209	sheet-9	自動送信メール	機能仕様	35	1751	sheet-9-B053			sheet-9-R003,sheet-9-R004,sheet-9-R005,sheet-9-R006,sheet-9-R007,sheet-9-R008,sheet-9-R009		なし
sheet-9-R003	0209	sheet-9	自動送信メール	機能仕様	36	1752	sheet-9-B053			sheet-9-R002,sheet-9-R004,sheet-9-R005,sheet-9-R006,sheet-9-R007,sheet-9-R008,sheet-9-R009		・カスタマイズ要件に記載の内容以外は現行踏襲とする。
sheet-9-R004	0209	sheet-9	自動送信メール	機能仕様	37	1753	sheet-9-B053			sheet-9-R002,sheet-9-R003,sheet-9-R005,sheet-9-R006,sheet-9-R007,sheet-9-R008,sheet-9-R009		機能仕様処理概要
sheet-9-R005	0209	sheet-9	自動送信メール	機能仕様	38	1754	sheet-9-B053			sheet-9-R002,sheet-9-R003,sheet-9-R004,sheet-9-R006,sheet-9-R007,sheet-9-R008,sheet-9-R009		表示項目について
sheet-9-R006	0209	sheet-9	自動送信メール	機能仕様	39	1755	sheet-9-B053			sheet-9-R002,sheet-9-R003,sheet-9-R004,sheet-9-R005,sheet-9-R007,sheet-9-R008,sheet-9-R009		・初期表示は識別ID:1-3「テンプレ選択」、識別ID:1-4「テンプレ名称」、識別ID:1-5「件名」のみ表示する
sheet-9-R007	0209	sheet-9	自動送信メール	機能仕様	40	1756	sheet-9-B053			sheet-9-R002,sheet-9-R003,sheet-9-R004,sheet-9-R005,sheet-9-R006,sheet-9-R008,sheet-9-R009		・識別ID:1-3「テンプレ選択」を選択すると、識別ID:1-1「最終更新者」、識別ID:1-2「最終更新日」、識別ID:1-6「本文上部」、識別ID:1-7「本文下部」が表示される
sheet-9-R008	0209	sheet-9	自動送信メール	機能仕様	41	1757	sheet-9-B053			sheet-9-R002,sheet-9-R003,sheet-9-R004,sheet-9-R005,sheet-9-R006,sheet-9-R007,sheet-9-R009		登録処理について
sheet-9-R009	0209	sheet-9	自動送信メール	機能仕様	42	1758	sheet-9-B053			sheet-9-R002,sheet-9-R003,sheet-9-R004,sheet-9-R005,sheet-9-R006,sheet-9-R007,sheet-9-R008		・識別ID:1-3「テンプレ選択」で選択された自動送信メールテンプレートを入力フォームの値で登録する
sheet-9-R010	0209	sheet-9	自動送信メール	項目定義	44	1760	sheet-9-B054			sheet-9-R011,sheet-9-R012,sheet-9-R013,sheet-9-R014,sheet-9-R015,sheet-9-R016,sheet-9-R017	"識別ID	ラベル	書式・制限	必須	最大値	初期値	画面部品の説明"	"1-1	最終更新者	-	-	-	-	-"
sheet-9-R011	0209	sheet-9	自動送信メール	項目定義	45	1761	sheet-9-B054			sheet-9-R010,sheet-9-R012,sheet-9-R013,sheet-9-R014,sheet-9-R015,sheet-9-R016,sheet-9-R017	"識別ID	ラベル	書式・制限	必須	最大値	初期値	画面部品の説明"	"1-2	最終更新日	-	-	-	-	-"
sheet-9-R012	0209	sheet-9	自動送信メール	項目定義	46	1762	sheet-9-B054			sheet-9-R010,sheet-9-R011,sheet-9-R013,sheet-9-R014,sheet-9-R015,sheet-9-R016,sheet-9-R017	"識別ID	ラベル	書式・制限	必須	最大値	初期値	画面部品の説明"	"1-3	テンプレ選択	単一選択(セレクトボックス)	-	-	-	選択肢:自動送信メールとして設定されているメール（dtb_mail_template.is_auto_send = true）テンプレート"
sheet-9-R013	0209	sheet-9	自動送信メール	項目定義	47	1763	sheet-9-B054			sheet-9-R010,sheet-9-R011,sheet-9-R012,sheet-9-R014,sheet-9-R015,sheet-9-R016,sheet-9-R017	"識別ID	ラベル	書式・制限	必須	最大値	初期値	画面部品の説明"	"1-4	テンプレ名称	全角・半角	-	255文字	-	-"
sheet-9-R014	0209	sheet-9	自動送信メール	項目定義	48	1764	sheet-9-B054			sheet-9-R010,sheet-9-R011,sheet-9-R012,sheet-9-R013,sheet-9-R015,sheet-9-R016,sheet-9-R017	"識別ID	ラベル	書式・制限	必須	最大値	初期値	画面部品の説明"	"1-5	件名	全角・半角	-	255文字	-	-"
sheet-9-R015	0209	sheet-9	自動送信メール	項目定義	49	1765	sheet-9-B054			sheet-9-R010,sheet-9-R011,sheet-9-R012,sheet-9-R013,sheet-9-R014,sheet-9-R016,sheet-9-R017	"識別ID	ラベル	書式・制限	必須	最大値	初期値	画面部品の説明"	"1-6	本文上部	全角・半角	-	32768文字	-	-"
sheet-9-R016	0209	sheet-9	自動送信メール	項目定義	50	1766	sheet-9-B054			sheet-9-R010,sheet-9-R011,sheet-9-R012,sheet-9-R013,sheet-9-R014,sheet-9-R015,sheet-9-R017	"識別ID	ラベル	書式・制限	必須	最大値	初期値	画面部品の説明"	"1-7	本文下部	全角・半角	-	32768文字	-	-"
sheet-9-R017	0209	sheet-9	自動送信メール	項目定義	51	1767	sheet-9-B054			sheet-9-R010,sheet-9-R011,sheet-9-R012,sheet-9-R013,sheet-9-R014,sheet-9-R015,sheet-9-R016	"識別ID	ラベル	書式・制限	必須	最大値	初期値	画面部品の説明"	"1-8	設定	ボタン	-	-	-	入力されたフォームの値で編集"
sheet-9-R018	0209	sheet-9	自動送信メール	現行仕様	55	1771	sheet-9-B055				"識別ID	ラベル	書式・制限	必須	最大値	初期値	画面部品の説明"	M10-08 自動メール送信テンプレ / 店舗設定 — 自動送信メールテンプレート編集（pf-eccube3 + HareruyaEc）
sheet-9-R019	0209	sheet-9	自動送信メール	現行仕様	57	1773	sheet-9-B056			sheet-9-R020,sheet-9-R021,sheet-9-R022,sheet-9-R023,sheet-9-R024,sheet-9-R025,sheet-9-R026,sheet-9-R027,sheet-9-R028,sheet-9-R029,sheet-9-R030,sheet-9-R031,sheet-9-R032,sheet-9-R033,sheet-9-R034,sheet-9-R035,sheet-9-R036	"識別ID	ラベル	書式・制限	必須	最大値	初期値	画面部品の説明"	対象のテンプレート
sheet-9-R020	0209	sheet-9	自動送信メール	現行仕様	58	1774	sheet-9-B056			sheet-9-R019,sheet-9-R021,sheet-9-R022,sheet-9-R023,sheet-9-R024,sheet-9-R025,sheet-9-R026,sheet-9-R027,sheet-9-R028,sheet-9-R029,sheet-9-R030,sheet-9-R031,sheet-9-R032,sheet-9-R033,sheet-9-R034,sheet-9-R035,sheet-9-R036	"識別ID	ラベル	書式・制限	必須	最大値	初期値	画面部品の説明"	"場面	対象"
sheet-9-R021	0209	sheet-9	自動送信メール	現行仕様	59	1775	sheet-9-B056			sheet-9-R019,sheet-9-R020,sheet-9-R022,sheet-9-R023,sheet-9-R024,sheet-9-R025,sheet-9-R026,sheet-9-R027,sheet-9-R028,sheet-9-R029,sheet-9-R030,sheet-9-R031,sheet-9-R032,sheet-9-R033,sheet-9-R034,sheet-9-R035,sheet-9-R036	"識別ID	ラベル	書式・制限	必須	最大値	初期値	画面部品の説明"	"識別子を指定して開いたとき	識別子が一致し、かつ自動送信メールに該当するテンプレートを対象とする"
sheet-9-R022	0209	sheet-9	自動送信メール	現行仕様	60	1776	sheet-9-B056			sheet-9-R019,sheet-9-R020,sheet-9-R021,sheet-9-R023,sheet-9-R024,sheet-9-R025,sheet-9-R026,sheet-9-R027,sheet-9-R028,sheet-9-R029,sheet-9-R030,sheet-9-R031,sheet-9-R032,sheet-9-R033,sheet-9-R034,sheet-9-R035,sheet-9-R036	"識別ID	ラベル	書式・制限	必須	最大値	初期値	画面部品の説明"	"識別子が自動送信メールに該当しないとき、該当するテンプレートが無いとき	見つからない扱い（404）とする"
sheet-9-R023	0209	sheet-9	自動送信メール	現行仕様	61	1777	sheet-9-B056			sheet-9-R019,sheet-9-R020,sheet-9-R021,sheet-9-R022,sheet-9-R024,sheet-9-R025,sheet-9-R026,sheet-9-R027,sheet-9-R028,sheet-9-R029,sheet-9-R030,sheet-9-R031,sheet-9-R032,sheet-9-R033,sheet-9-R034,sheet-9-R035,sheet-9-R036	"識別ID	ラベル	書式・制限	必須	最大値	初期値	画面部品の説明"	テンプレ選択の選択肢は、テンプレ名称の昇順で並べる。
sheet-9-R024	0209	sheet-9	自動送信メール	現行仕様	62	1778	sheet-9-B056			sheet-9-R019,sheet-9-R020,sheet-9-R021,sheet-9-R022,sheet-9-R023,sheet-9-R025,sheet-9-R026,sheet-9-R027,sheet-9-R028,sheet-9-R029,sheet-9-R030,sheet-9-R031,sheet-9-R032,sheet-9-R033,sheet-9-R034,sheet-9-R035,sheet-9-R036	"識別ID	ラベル	書式・制限	必須	最大値	初期値	画面部品の説明"	最終更新者・最終更新日の表示
sheet-9-R025	0209	sheet-9	自動送信メール	現行仕様	63	1779	sheet-9-B056			sheet-9-R019,sheet-9-R020,sheet-9-R021,sheet-9-R022,sheet-9-R023,sheet-9-R024,sheet-9-R026,sheet-9-R027,sheet-9-R028,sheet-9-R029,sheet-9-R030,sheet-9-R031,sheet-9-R032,sheet-9-R033,sheet-9-R034,sheet-9-R035,sheet-9-R036	"識別ID	ラベル	書式・制限	必須	最大値	初期値	画面部品の説明"	"項目	表示のふるまい"
sheet-9-R026	0209	sheet-9	自動送信メール	現行仕様	64	1780	sheet-9-B056			sheet-9-R019,sheet-9-R020,sheet-9-R021,sheet-9-R022,sheet-9-R023,sheet-9-R024,sheet-9-R025,sheet-9-R027,sheet-9-R028,sheet-9-R029,sheet-9-R030,sheet-9-R031,sheet-9-R032,sheet-9-R033,sheet-9-R034,sheet-9-R035,sheet-9-R036	"識別ID	ラベル	書式・制限	必須	最大値	初期値	画面部品の説明"	"最終更新者	対象のテンプレートに更新者が記録されているときだけ表示する。記録された管理者が削除済みでも名称を表示する"
sheet-9-R027	0209	sheet-9	自動送信メール	現行仕様	65	1781	sheet-9-B056			sheet-9-R019,sheet-9-R020,sheet-9-R021,sheet-9-R022,sheet-9-R023,sheet-9-R024,sheet-9-R025,sheet-9-R026,sheet-9-R028,sheet-9-R029,sheet-9-R030,sheet-9-R031,sheet-9-R032,sheet-9-R033,sheet-9-R034,sheet-9-R035,sheet-9-R036	"識別ID	ラベル	書式・制限	必須	最大値	初期値	画面部品の説明"	"最終更新日	記録された日時が2018年より後のときだけ、年月日と時分秒まで表示する"
sheet-9-R028	0209	sheet-9	自動送信メール	現行仕様	66	1782	sheet-9-B056			sheet-9-R019,sheet-9-R020,sheet-9-R021,sheet-9-R022,sheet-9-R023,sheet-9-R024,sheet-9-R025,sheet-9-R026,sheet-9-R027,sheet-9-R029,sheet-9-R030,sheet-9-R031,sheet-9-R032,sheet-9-R033,sheet-9-R034,sheet-9-R035,sheet-9-R036	"識別ID	ラベル	書式・制限	必須	最大値	初期値	画面部品の説明"	本文の表示
sheet-9-R029	0209	sheet-9	自動送信メール	現行仕様	67	1783	sheet-9-B056			sheet-9-R019,sheet-9-R020,sheet-9-R021,sheet-9-R022,sheet-9-R023,sheet-9-R024,sheet-9-R025,sheet-9-R026,sheet-9-R027,sheet-9-R028,sheet-9-R030,sheet-9-R031,sheet-9-R032,sheet-9-R033,sheet-9-R034,sheet-9-R035,sheet-9-R036	"識別ID	ラベル	書式・制限	必須	最大値	初期値	画面部品の説明"	選択したテンプレートの本文を表示し、本文中の定められた位置に本文上部・本文下部の入力欄を埋め込む。本文のうち入力欄以外は編集できない。本文中の差込み項目は、値に置き換えずに記述のまま表示する。
sheet-9-R030	0209	sheet-9	自動送信メール	現行仕様	68	1784	sheet-9-B056			sheet-9-R019,sheet-9-R020,sheet-9-R021,sheet-9-R022,sheet-9-R023,sheet-9-R024,sheet-9-R025,sheet-9-R026,sheet-9-R027,sheet-9-R028,sheet-9-R029,sheet-9-R031,sheet-9-R032,sheet-9-R033,sheet-9-R034,sheet-9-R035,sheet-9-R036	"識別ID	ラベル	書式・制限	必須	最大値	初期値	画面部品の説明"	入力内容の検証に外れて同じ画面を再表示するときは、本文上部・本文下部の入力欄に保存済みの内容を表示する（登録しようとした入力内容は残らない）。テンプレ名称・件名には登録しようとした入力内容を表示する。
sheet-9-R031	0209	sheet-9	自動送信メール	現行仕様	69	1785	sheet-9-B056			sheet-9-R019,sheet-9-R020,sheet-9-R021,sheet-9-R022,sheet-9-R023,sheet-9-R024,sheet-9-R025,sheet-9-R026,sheet-9-R027,sheet-9-R028,sheet-9-R029,sheet-9-R030,sheet-9-R032,sheet-9-R033,sheet-9-R034,sheet-9-R035,sheet-9-R036	"識別ID	ラベル	書式・制限	必須	最大値	初期値	画面部品の説明"	保存の判定順序
sheet-9-R032	0209	sheet-9	自動送信メール	現行仕様	70	1786	sheet-9-B056			sheet-9-R019,sheet-9-R020,sheet-9-R021,sheet-9-R022,sheet-9-R023,sheet-9-R024,sheet-9-R025,sheet-9-R026,sheet-9-R027,sheet-9-R028,sheet-9-R029,sheet-9-R030,sheet-9-R031,sheet-9-R033,sheet-9-R034,sheet-9-R035,sheet-9-R036	"識別ID	ラベル	書式・制限	必須	最大値	初期値	画面部品の説明"	"順序	判定・処理	内容"
sheet-9-R033	0209	sheet-9	自動送信メール	現行仕様	71	1787	sheet-9-B056			sheet-9-R019,sheet-9-R020,sheet-9-R021,sheet-9-R022,sheet-9-R023,sheet-9-R024,sheet-9-R025,sheet-9-R026,sheet-9-R027,sheet-9-R028,sheet-9-R029,sheet-9-R030,sheet-9-R031,sheet-9-R032,sheet-9-R034,sheet-9-R035,sheet-9-R036	"識別ID	ラベル	書式・制限	必須	最大値	初期値	画面部品の説明"	"1	なりすまし対策トークン	不正なときは保存せず、アクセス拒否とする"
sheet-9-R034	0209	sheet-9	自動送信メール	現行仕様	72	1788	sheet-9-B056			sheet-9-R019,sheet-9-R020,sheet-9-R021,sheet-9-R022,sheet-9-R023,sheet-9-R024,sheet-9-R025,sheet-9-R026,sheet-9-R027,sheet-9-R028,sheet-9-R029,sheet-9-R030,sheet-9-R031,sheet-9-R032,sheet-9-R033,sheet-9-R035,sheet-9-R036	"識別ID	ラベル	書式・制限	必須	最大値	初期値	画面部品の説明"	"2	入力内容の検証	外れたときは保存せず、同じ画面を再表示して項目ごとにエラーを表示する。成功メッセージは表示しない"
sheet-9-R035	0209	sheet-9	自動送信メール	現行仕様	73	1789	sheet-9-B056			sheet-9-R019,sheet-9-R020,sheet-9-R021,sheet-9-R022,sheet-9-R023,sheet-9-R024,sheet-9-R025,sheet-9-R026,sheet-9-R027,sheet-9-R028,sheet-9-R029,sheet-9-R030,sheet-9-R031,sheet-9-R032,sheet-9-R033,sheet-9-R034,sheet-9-R036	"識別ID	ラベル	書式・制限	必須	最大値	初期値	画面部品の説明"	"3	保存	最終更新者にログイン中の管理者を、最終更新日に現在日時を設定して保存する"
sheet-9-R036	0209	sheet-9	自動送信メール	現行仕様	74	1790	sheet-9-B056			sheet-9-R019,sheet-9-R020,sheet-9-R021,sheet-9-R022,sheet-9-R023,sheet-9-R024,sheet-9-R025,sheet-9-R026,sheet-9-R027,sheet-9-R028,sheet-9-R029,sheet-9-R030,sheet-9-R031,sheet-9-R032,sheet-9-R033,sheet-9-R034,sheet-9-R035	"識別ID	ラベル	書式・制限	必須	最大値	初期値	画面部品の説明"	"4	遷移	同じテンプレートの編集表示へ戻る"
sheet-9-R037	0209	sheet-9	自動送信メール	現行仕様	77	1793	sheet-9-B057			sheet-9-R038,sheet-9-R039,sheet-9-R040	"種類	内容"	"入力	対象のテンプレートの識別子（指定しないこともできる）"
sheet-9-R038	0209	sheet-9	自動送信メール	現行仕様	78	1794	sheet-9-B057			sheet-9-R037,sheet-9-R039,sheet-9-R040	"種類	内容"	"成功時出力	同じテンプレートの編集表示への遷移と、保存成功のメッセージ"
sheet-9-R039	0209	sheet-9	自動送信メール	現行仕様	79	1795	sheet-9-B057			sheet-9-R037,sheet-9-R038,sheet-9-R040	"種類	内容"	"失敗時出力	同じ画面の再表示と項目ごとのエラー、見つからない扱い（404）、またはアクセス拒否"
sheet-9-R040	0209	sheet-9	自動送信メール	現行仕様	80	1796	sheet-9-B057			sheet-9-R037,sheet-9-R038,sheet-9-R039	"種類	内容"	入出力: 永続化
sheet-9-R041	0209	sheet-9	自動送信メール	現行仕様	82	1798	sheet-9-B058				"操作	契機"	"更新	対象のテンプレートを編集して保存したとき。最終更新者と最終更新日もあわせて更新する"
sheet-9-R042	0209	sheet-9	自動送信メール	表示メッセージ	86	1802	sheet-9-B059			sheet-9-R043,sheet-9-R044,sheet-9-R045,sheet-9-R046,sheet-9-R047	"メッセージID	表示位置	画面上の文言	表示条件	後続処理"	"M10-08-MSG-001	管理画面上部	保存しました	選択したメールテンプレートを編集して保存したとき	店舗設定／自動送信メールテンプレート編集画面に遷移する"
sheet-9-R043	0209	sheet-9	自動送信メール	表示メッセージ	87	1803	sheet-9-B059			sheet-9-R042,sheet-9-R044,sheet-9-R045,sheet-9-R046,sheet-9-R047	"メッセージID	表示位置	画面上の文言	表示条件	後続処理"	"M10-08-MSG-002	ブラウザダイアログ	新規作成は許可されていません。	メールテンプレートを選択せずに登録したとき	送信せず現在の画面に留まる"
sheet-9-R044	0209	sheet-9	自動送信メール	表示メッセージ	88	1804	sheet-9-B059			sheet-9-R042,sheet-9-R043,sheet-9-R045,sheet-9-R046,sheet-9-R047	"メッセージID	表示位置	画面上の文言	表示条件	後続処理"	"M10-08-MSG-003	500エラー応答	新規作成は許可されていません。	新しいメールテンプレートの画面へ、対象のメールテンプレートが未指定のまま登録したとき	異常終了として500エラー応答を返す"
sheet-9-R045	0209	sheet-9	自動送信メール	表示メッセージ	89	1805	sheet-9-B059			sheet-9-R042,sheet-9-R043,sheet-9-R044,sheet-9-R046,sheet-9-R047	"メッセージID	表示位置	画面上の文言	表示条件	後続処理"	"M10-08-MSG-004	入力項目直下	入力されていません。	必須項目が未入力のまま登録したとき	店舗設定／自動送信メールテンプレート編集画面に留まる"
sheet-9-R046	0209	sheet-9	自動送信メール	表示メッセージ	90	1806	sheet-9-B059			sheet-9-R042,sheet-9-R043,sheet-9-R044,sheet-9-R045,sheet-9-R047	"メッセージID	表示位置	画面上の文言	表示条件	後続処理"	"M10-08-MSG-005	入力項目直下	長すぎます。この値は{{ limit }}文字以下で入力してください。	テンプレート名または件名が255文字を超えたまま登録したとき	店舗設定／自動送信メールテンプレート編集画面に留まる"
sheet-9-R047	0209	sheet-9	自動送信メール	表示メッセージ	91	1807	sheet-9-B059			sheet-9-R042,sheet-9-R043,sheet-9-R044,sheet-9-R045,sheet-9-R046	"メッセージID	表示位置	画面上の文言	表示条件	後続処理"	"M10-08-MSG-006	管理画面上部	保存しました	メールテンプレートを編集して保存したとき	店舗設定／自動送信メールテンプレート編集画面に遷移する"
sheet-10-R001	0209	sheet-10	メール設定	本文	22	1837	sheet-10-B060					処理概要
sheet-10-R002	0209	sheet-10	メール設定	機能仕様	31	1846	sheet-10-B061			sheet-10-R003,sheet-10-R004,sheet-10-R005		なし
sheet-10-R003	0209	sheet-10	メール設定	機能仕様	32	1847	sheet-10-B061			sheet-10-R002,sheet-10-R004,sheet-10-R005		・カスタマイズ要件に記載の内容以外は現行踏襲とする。
sheet-10-R004	0209	sheet-10	メール設定	機能仕様	33	1848	sheet-10-B061			sheet-10-R002,sheet-10-R003,sheet-10-R005		機能仕様処理概要
sheet-10-R005	0209	sheet-10	メール設定	機能仕様	34	1849	sheet-10-B061			sheet-10-R002,sheet-10-R003,sheet-10-R004		・識別ID:1-1「テンプレート」で選択されたメールテンプレートを設定する
sheet-10-R006	0209	sheet-10	メール設定	項目定義	36	1851	sheet-10-B062			sheet-10-R007,sheet-10-R008,sheet-10-R009,sheet-10-R010	"識別ID	ラベル	書式・制限	必須	最大値	初期値	画面部品の説明"	入力項目
sheet-10-R007	0209	sheet-10	メール設定	項目定義	37	1852	sheet-10-B062			sheet-10-R006,sheet-10-R008,sheet-10-R009,sheet-10-R010	"識別ID	ラベル	書式・制限	必須	最大値	初期値	画面部品の説明"	"1-1	テンプレート	単一選択(セレクトボックス)	-	-	-	選択肢:自動送信メールとして設定されているメール（dtb_mail_template.is_auto_send = true）テンプレート以外"
sheet-10-R008	0209	sheet-10	メール設定	項目定義	38	1853	sheet-10-B062			sheet-10-R006,sheet-10-R007,sheet-10-R009,sheet-10-R010	"識別ID	ラベル	書式・制限	必須	最大値	初期値	画面部品の説明"	"1-2	件名	全角・半角	-	255文字	-	-"
sheet-10-R009	0209	sheet-10	メール設定	項目定義	39	1854	sheet-10-B062			sheet-10-R006,sheet-10-R007,sheet-10-R008,sheet-10-R010	"識別ID	ラベル	書式・制限	必須	最大値	初期値	画面部品の説明"	"1-3	本文	全角・半角	-	65536文字	-	-"
sheet-10-R010	0209	sheet-10	メール設定	項目定義	40	1855	sheet-10-B062			sheet-10-R006,sheet-10-R007,sheet-10-R008,sheet-10-R009	"識別ID	ラベル	書式・制限	必須	最大値	初期値	画面部品の説明"	"1-4	登録	ボタン	-	-	-	入力されたフォームの値で編集"
sheet-10-R011	0209	sheet-10	メール設定	現行仕様	44	1859	sheet-10-B063				"識別ID	ラベル	書式・制限	必須	最大値	初期値	画面部品の説明"	M10-09 メール設定 / メールテンプレートの編集（pf-eccube3）
sheet-10-R012	0209	sheet-10	メール設定	現行仕様	46	1861	sheet-10-B064			sheet-10-R013,sheet-10-R014,sheet-10-R015,sheet-10-R016,sheet-10-R017,sheet-10-R018,sheet-10-R019,sheet-10-R020,sheet-10-R021,sheet-10-R022,sheet-10-R023,sheet-10-R024,sheet-10-R025,sheet-10-R026,sheet-10-R027,sheet-10-R028,sheet-10-R029,sheet-10-R030	"識別ID	ラベル	書式・制限	必須	最大値	初期値	画面部品の説明"	編集できるテンプレートの範囲
sheet-10-R013	0209	sheet-10	メール設定	現行仕様	47	1862	sheet-10-B064			sheet-10-R012,sheet-10-R014,sheet-10-R015,sheet-10-R016,sheet-10-R017,sheet-10-R018,sheet-10-R019,sheet-10-R020,sheet-10-R021,sheet-10-R022,sheet-10-R023,sheet-10-R024,sheet-10-R025,sheet-10-R026,sheet-10-R027,sheet-10-R028,sheet-10-R029,sheet-10-R030	"識別ID	ラベル	書式・制限	必須	最大値	初期値	画面部品の説明"	編集対象のテンプレートを指定して開く画面である。指定されたテンプレートが存在しないとき、または自動送信メールとして扱うテンプレートを直接指定したときは、画面を表示しない。自動送信メールは自動送信メールの設定画面で扱う。
sheet-10-R014	0209	sheet-10	メール設定	現行仕様	48	1863	sheet-10-B064			sheet-10-R012,sheet-10-R013,sheet-10-R015,sheet-10-R016,sheet-10-R017,sheet-10-R018,sheet-10-R019,sheet-10-R020,sheet-10-R021,sheet-10-R022,sheet-10-R023,sheet-10-R024,sheet-10-R025,sheet-10-R026,sheet-10-R027,sheet-10-R028,sheet-10-R029,sheet-10-R030	"識別ID	ラベル	書式・制限	必須	最大値	初期値	画面部品の説明"	削除済みのテンプレートは選択肢に出ない。
sheet-10-R015	0209	sheet-10	メール設定	現行仕様	49	1864	sheet-10-B064			sheet-10-R012,sheet-10-R013,sheet-10-R014,sheet-10-R016,sheet-10-R017,sheet-10-R018,sheet-10-R019,sheet-10-R020,sheet-10-R021,sheet-10-R022,sheet-10-R023,sheet-10-R024,sheet-10-R025,sheet-10-R026,sheet-10-R027,sheet-10-R028,sheet-10-R029,sheet-10-R030	"識別ID	ラベル	書式・制限	必須	最大値	初期値	画面部品の説明"	テンプレートの切り替え
sheet-10-R016	0209	sheet-10	メール設定	現行仕様	50	1865	sheet-10-B064			sheet-10-R012,sheet-10-R013,sheet-10-R014,sheet-10-R015,sheet-10-R017,sheet-10-R018,sheet-10-R019,sheet-10-R020,sheet-10-R021,sheet-10-R022,sheet-10-R023,sheet-10-R024,sheet-10-R025,sheet-10-R026,sheet-10-R027,sheet-10-R028,sheet-10-R029,sheet-10-R030	"識別ID	ラベル	書式・制限	必須	最大値	初期値	画面部品の説明"	テンプレートの選択を変えると、その場で選び直したテンプレートの編集画面へ移る。選択を空に戻すと、テンプレート未選択の画面へ移る。
sheet-10-R017	0209	sheet-10	メール設定	現行仕様	51	1866	sheet-10-B064			sheet-10-R012,sheet-10-R013,sheet-10-R014,sheet-10-R015,sheet-10-R016,sheet-10-R018,sheet-10-R019,sheet-10-R020,sheet-10-R021,sheet-10-R022,sheet-10-R023,sheet-10-R024,sheet-10-R025,sheet-10-R026,sheet-10-R027,sheet-10-R028,sheet-10-R029,sheet-10-R030	"識別ID	ラベル	書式・制限	必須	最大値	初期値	画面部品の説明"	選択肢はテンプレ名称の昇順で並ぶ。
sheet-10-R018	0209	sheet-10	メール設定	現行仕様	52	1867	sheet-10-B064			sheet-10-R012,sheet-10-R013,sheet-10-R014,sheet-10-R015,sheet-10-R016,sheet-10-R017,sheet-10-R019,sheet-10-R020,sheet-10-R021,sheet-10-R022,sheet-10-R023,sheet-10-R024,sheet-10-R025,sheet-10-R026,sheet-10-R027,sheet-10-R028,sheet-10-R029,sheet-10-R030	"識別ID	ラベル	書式・制限	必須	最大値	初期値	画面部品の説明"	テンプレートを選ばないまま登録すると、新規登録は行えない旨のエラーを表示してテンプレート未選択の画面へ戻り、何も保存しない。新規のテンプレートはこの画面では作れない。
sheet-10-R019	0209	sheet-10	メール設定	現行仕様	53	1868	sheet-10-B064			sheet-10-R012,sheet-10-R013,sheet-10-R014,sheet-10-R015,sheet-10-R016,sheet-10-R017,sheet-10-R018,sheet-10-R020,sheet-10-R021,sheet-10-R022,sheet-10-R023,sheet-10-R024,sheet-10-R025,sheet-10-R026,sheet-10-R027,sheet-10-R028,sheet-10-R029,sheet-10-R030	"識別ID	ラベル	書式・制限	必須	最大値	初期値	画面部品の説明"	編集できる項目
sheet-10-R020	0209	sheet-10	メール設定	現行仕様	54	1869	sheet-10-B064			sheet-10-R012,sheet-10-R013,sheet-10-R014,sheet-10-R015,sheet-10-R016,sheet-10-R017,sheet-10-R018,sheet-10-R019,sheet-10-R021,sheet-10-R022,sheet-10-R023,sheet-10-R024,sheet-10-R025,sheet-10-R026,sheet-10-R027,sheet-10-R028,sheet-10-R029,sheet-10-R030	"識別ID	ラベル	書式・制限	必須	最大値	初期値	画面部品の説明"	テンプレートごとの名称（テンプレ名称）も、この画面で編集する。
sheet-10-R021	0209	sheet-10	メール設定	現行仕様	55	1870	sheet-10-B064			sheet-10-R012,sheet-10-R013,sheet-10-R014,sheet-10-R015,sheet-10-R016,sheet-10-R017,sheet-10-R018,sheet-10-R019,sheet-10-R020,sheet-10-R022,sheet-10-R023,sheet-10-R024,sheet-10-R025,sheet-10-R026,sheet-10-R027,sheet-10-R028,sheet-10-R029,sheet-10-R030	"識別ID	ラベル	書式・制限	必須	最大値	初期値	画面部品の説明"	本文の表し方
sheet-10-R022	0209	sheet-10	メール設定	現行仕様	56	1871	sheet-10-B064			sheet-10-R012,sheet-10-R013,sheet-10-R014,sheet-10-R015,sheet-10-R016,sheet-10-R017,sheet-10-R018,sheet-10-R019,sheet-10-R020,sheet-10-R021,sheet-10-R023,sheet-10-R024,sheet-10-R025,sheet-10-R026,sheet-10-R027,sheet-10-R028,sheet-10-R029,sheet-10-R030	"識別ID	ラベル	書式・制限	必須	最大値	初期値	画面部品の説明"	本文は、テンプレートごとに決まった定型文をそのまま表示する。定型文のうち編集できるのはヘッダーとフッターに当たる2箇所だけで、定型文そのものは画面から変更できない。
sheet-10-R023	0209	sheet-10	メール設定	現行仕様	57	1872	sheet-10-B064			sheet-10-R012,sheet-10-R013,sheet-10-R014,sheet-10-R015,sheet-10-R016,sheet-10-R017,sheet-10-R018,sheet-10-R019,sheet-10-R020,sheet-10-R021,sheet-10-R022,sheet-10-R024,sheet-10-R025,sheet-10-R026,sheet-10-R027,sheet-10-R028,sheet-10-R029,sheet-10-R030	"識別ID	ラベル	書式・制限	必須	最大値	初期値	画面部品の説明"	本文中の注文明細の差し込み箇所は、明細の定型文を展開したうえで表示する。定型文中の注釈は表示しない。
sheet-10-R024	0209	sheet-10	メール設定	現行仕様	58	1873	sheet-10-B064			sheet-10-R012,sheet-10-R013,sheet-10-R014,sheet-10-R015,sheet-10-R016,sheet-10-R017,sheet-10-R018,sheet-10-R019,sheet-10-R020,sheet-10-R021,sheet-10-R022,sheet-10-R023,sheet-10-R025,sheet-10-R026,sheet-10-R027,sheet-10-R028,sheet-10-R029,sheet-10-R030	"識別ID	ラベル	書式・制限	必須	最大値	初期値	画面部品の説明"	保存
sheet-10-R025	0209	sheet-10	メール設定	現行仕様	59	1874	sheet-10-B064			sheet-10-R012,sheet-10-R013,sheet-10-R014,sheet-10-R015,sheet-10-R016,sheet-10-R017,sheet-10-R018,sheet-10-R019,sheet-10-R020,sheet-10-R021,sheet-10-R022,sheet-10-R023,sheet-10-R024,sheet-10-R026,sheet-10-R027,sheet-10-R028,sheet-10-R029,sheet-10-R030	"識別ID	ラベル	書式・制限	必須	最大値	初期値	画面部品の説明"	登録すると、テンプレ名称・件名と、本文のうち編集できるヘッダー・フッターの2箇所を保存する。定型文は保存の対象にならない。あわせて最終更新者を操作した担当者に、最終更新日を保存時刻に更新する。
sheet-10-R026	0209	sheet-10	メール設定	現行仕様	60	1875	sheet-10-B064			sheet-10-R012,sheet-10-R013,sheet-10-R014,sheet-10-R015,sheet-10-R016,sheet-10-R017,sheet-10-R018,sheet-10-R019,sheet-10-R020,sheet-10-R021,sheet-10-R022,sheet-10-R023,sheet-10-R024,sheet-10-R025,sheet-10-R027,sheet-10-R028,sheet-10-R029,sheet-10-R030	"識別ID	ラベル	書式・制限	必須	最大値	初期値	画面部品の説明"	保存後は、いま編集していたテンプレートの編集画面へ戻る。
sheet-10-R027	0209	sheet-10	メール設定	現行仕様	61	1876	sheet-10-B064			sheet-10-R012,sheet-10-R013,sheet-10-R014,sheet-10-R015,sheet-10-R016,sheet-10-R017,sheet-10-R018,sheet-10-R019,sheet-10-R020,sheet-10-R021,sheet-10-R022,sheet-10-R023,sheet-10-R024,sheet-10-R025,sheet-10-R026,sheet-10-R028,sheet-10-R029,sheet-10-R030	"識別ID	ラベル	書式・制限	必須	最大値	初期値	画面部品の説明"	画面に出る更新履歴
sheet-10-R028	0209	sheet-10	メール設定	現行仕様	62	1877	sheet-10-B064			sheet-10-R012,sheet-10-R013,sheet-10-R014,sheet-10-R015,sheet-10-R016,sheet-10-R017,sheet-10-R018,sheet-10-R019,sheet-10-R020,sheet-10-R021,sheet-10-R022,sheet-10-R023,sheet-10-R024,sheet-10-R025,sheet-10-R026,sheet-10-R027,sheet-10-R029,sheet-10-R030	"識別ID	ラベル	書式・制限	必須	最大値	初期値	画面部品の説明"	画面上部に、そのテンプレートの最終更新者の氏名と最終更新日時を表示する。最終更新者として記録された担当者が削除済みであっても氏名を表示する。テンプレートを選んでいないとき、および更新履歴が無いときは何も表示しない。
sheet-10-R029	0209	sheet-10	メール設定	現行仕様	63	1878	sheet-10-B064			sheet-10-R012,sheet-10-R013,sheet-10-R014,sheet-10-R015,sheet-10-R016,sheet-10-R017,sheet-10-R018,sheet-10-R019,sheet-10-R020,sheet-10-R021,sheet-10-R022,sheet-10-R023,sheet-10-R024,sheet-10-R025,sheet-10-R026,sheet-10-R027,sheet-10-R028,sheet-10-R030	"識別ID	ラベル	書式・制限	必須	最大値	初期値	画面部品の説明"	ほかの画面への導線
sheet-10-R030	0209	sheet-10	メール設定	現行仕様	64	1879	sheet-10-B064			sheet-10-R012,sheet-10-R013,sheet-10-R014,sheet-10-R015,sheet-10-R016,sheet-10-R017,sheet-10-R018,sheet-10-R019,sheet-10-R020,sheet-10-R021,sheet-10-R022,sheet-10-R023,sheet-10-R024,sheet-10-R025,sheet-10-R026,sheet-10-R027,sheet-10-R028,sheet-10-R029	"識別ID	ラベル	書式・制限	必須	最大値	初期値	画面部品の説明"	画面見出しの横に、新規作成の画面へ移る導線と、テンプレート一覧の画面へ移る導線を置く。テンプレート一覧の画面は、自動送信メール以外の各テンプレートの本文を、編集欄ではなく文面として並べて表示する。並び順はテンプレ名称の昇順で、編集画面の選択肢と揃える。
sheet-10-R031	0209	sheet-10	メール設定	現行仕様	67	1882	sheet-10-B065			sheet-10-R032,sheet-10-R033,sheet-10-R034	"種類	内容"	"入力	編集対象のテンプレートの指定、テンプレ名称、件名、本文のヘッダー、本文のフッター"
sheet-10-R032	0209	sheet-10	メール設定	現行仕様	68	1883	sheet-10-B065			sheet-10-R031,sheet-10-R033,sheet-10-R034	"種類	内容"	"成功時出力	保存完了のメッセージを表示し、同じテンプレートの編集画面を再表示する"
sheet-10-R033	0209	sheet-10	メール設定	現行仕様	69	1884	sheet-10-B065			sheet-10-R031,sheet-10-R032,sheet-10-R034	"種類	内容"	"失敗時出力	同一画面を再表示し、項目ごとのエラーを表示する。テンプレート未選択のまま登録したときは、エラーを表示してテンプレート未選択の画面へ戻る"
sheet-10-R034	0209	sheet-10	メール設定	現行仕様	70	1885	sheet-10-B065			sheet-10-R031,sheet-10-R032,sheet-10-R033	"種類	内容"	入出力: 永続化
sheet-10-R035	0209	sheet-10	メール設定	現行仕様	72	1887	sheet-10-B066			sheet-10-R036	"操作	契機"	"更新	登録で、対象テンプレートのテンプレ名称・件名・本文のヘッダー・本文のフッターと、最終更新者・最終更新日を上書きする"
sheet-10-R036	0209	sheet-10	メール設定	現行仕様	73	1888	sheet-10-B066			sheet-10-R035	"操作	契機"	"登録	行わない。この画面からテンプレートを新規に作ることはできない"
sheet-10-R037	0209	sheet-10	メール設定	表示メッセージ	77	1892	sheet-10-B067			sheet-10-R038,sheet-10-R039	"メッセージID	表示位置	画面上の文言	表示条件	後続処理"	"—	管理画面上部	保存しました	メールテンプレートを編集して保存したとき	メールテンプレート編集画面に遷移する"
sheet-10-R038	0209	sheet-10	メール設定	表示メッセージ	78	1893	sheet-10-B067			sheet-10-R037,sheet-10-R039	"メッセージID	表示位置	画面上の文言	表示条件	後続処理"	"—	入力項目直下	入力されていません。	必須項目が未入力のまま登録したとき	メールテンプレート編集画面に留まる"
sheet-10-R039	0209	sheet-10	メール設定	表示メッセージ	79	1894	sheet-10-B067			sheet-10-R037,sheet-10-R038	"メッセージID	表示位置	画面上の文言	表示条件	後続処理"	"—	入力項目直下	長すぎます。この値は{{ limit }}文字以下で入力してください。	テンプレート名または件名が255文字を超えたまま登録したとき	メールテンプレート編集画面に留まる"
sheet-11-R001	0209	sheet-11	CSV出力項目設定	本文	22	1935	sheet-11-B068					処理概要
sheet-11-R002	0209	sheet-11	CSV出力項目設定	機能仕様	33	1946	sheet-11-B069			sheet-11-R003,sheet-11-R004,sheet-11-R005		なし
sheet-11-R003	0209	sheet-11	CSV出力項目設定	機能仕様	34	1947	sheet-11-B069			sheet-11-R002,sheet-11-R004,sheet-11-R005		・カスタマイズ要件に記載の内容以外は現行踏襲とする。
sheet-11-R004	0209	sheet-11	CSV出力項目設定	機能仕様	35	1948	sheet-11-B069			sheet-11-R002,sheet-11-R003,sheet-11-R005		機能仕様処理概要
sheet-11-R005	0209	sheet-11	CSV出力項目設定	機能仕様	36	1949	sheet-11-B069			sheet-11-R002,sheet-11-R003,sheet-11-R004		・識別ID:1-1「CSV選択」で選択されたCSVの出力項目を設定する
sheet-11-R006	0209	sheet-11	CSV出力項目設定	項目定義	38	1951	sheet-11-B070			sheet-11-R007,sheet-11-R008,sheet-11-R009,sheet-11-R010,sheet-11-R011,sheet-11-R012,sheet-11-R013	"識別ID	ラベル	書式・制限	必須	最大値	初期値	画面部品の説明"	入力項目
sheet-11-R007	0209	sheet-11	CSV出力項目設定	項目定義	39	1952	sheet-11-B070			sheet-11-R006,sheet-11-R008,sheet-11-R009,sheet-11-R010,sheet-11-R011,sheet-11-R012,sheet-11-R013	"識別ID	ラベル	書式・制限	必須	最大値	初期値	画面部品の説明"	"1-1	CSV種別	単一選択(セレクトボックス)	-	-	受注CSV	選択肢:登録されているCSV全種"
sheet-11-R008	0209	sheet-11	CSV出力項目設定	項目定義	40	1953	sheet-11-B070			sheet-11-R006,sheet-11-R007,sheet-11-R009,sheet-11-R010,sheet-11-R011,sheet-11-R012,sheet-11-R013	"識別ID	ラベル	書式・制限	必須	最大値	初期値	画面部品の説明"	"1-2	出力しない項目	複数選択	-	-	-	-"
sheet-11-R009	0209	sheet-11	CSV出力項目設定	項目定義	41	1954	sheet-11-B070			sheet-11-R006,sheet-11-R007,sheet-11-R008,sheet-11-R010,sheet-11-R011,sheet-11-R012,sheet-11-R013	"識別ID	ラベル	書式・制限	必須	最大値	初期値	画面部品の説明"	"1-3	出力する項目	複数選択	-	-	-	-"
sheet-11-R010	0209	sheet-11	CSV出力項目設定	項目定義	42	1955	sheet-11-B070			sheet-11-R006,sheet-11-R007,sheet-11-R008,sheet-11-R009,sheet-11-R011,sheet-11-R012,sheet-11-R013	"識別ID	ラベル	書式・制限	必須	最大値	初期値	画面部品の説明"	"1-4	操作項目	ボタン	-	-	-	-"
sheet-11-R011	0209	sheet-11	CSV出力項目設定	項目定義	43	1956	sheet-11-B070			sheet-11-R006,sheet-11-R007,sheet-11-R008,sheet-11-R009,sheet-11-R010,sheet-11-R012,sheet-11-R013	"識別ID	ラベル	書式・制限	必須	最大値	初期値	画面部品の説明"	"1-5	項目順序	ボタン	-	-	-	-"
sheet-11-R012	0209	sheet-11	CSV出力項目設定	項目定義	44	1957	sheet-11-B070			sheet-11-R006,sheet-11-R007,sheet-11-R008,sheet-11-R009,sheet-11-R010,sheet-11-R011,sheet-11-R013	"識別ID	ラベル	書式・制限	必須	最大値	初期値	画面部品の説明"	ボタン、リンク
sheet-11-R013	0209	sheet-11	CSV出力項目設定	項目定義	45	1958	sheet-11-B070			sheet-11-R006,sheet-11-R007,sheet-11-R008,sheet-11-R009,sheet-11-R010,sheet-11-R011,sheet-11-R012	"識別ID	ラベル	書式・制限	必須	最大値	初期値	画面部品の説明"	"2-1	設定	ボタン	-	-	-	入力されたフォームの値で編集"
sheet-11-R014	0209	sheet-11	CSV出力項目設定	現行仕様	49	1962	sheet-11-B071				"識別ID	ラベル	書式・制限	必須	最大値	初期値	画面部品の説明"	M10-10 CSV出力項目設定 / 店舗設定 — CSV出力項目設定
sheet-11-R015	0209	sheet-11	CSV出力項目設定	現行仕様	51	1964	sheet-11-B072			sheet-11-R016,sheet-11-R017,sheet-11-R018,sheet-11-R019,sheet-11-R020,sheet-11-R021,sheet-11-R022,sheet-11-R023,sheet-11-R024,sheet-11-R025,sheet-11-R026,sheet-11-R027,sheet-11-R028	"識別ID	ラベル	書式・制限	必須	最大値	初期値	画面部品の説明"	画面の対象
sheet-11-R016	0209	sheet-11	CSV出力項目設定	現行仕様	52	1965	sheet-11-B072			sheet-11-R015,sheet-11-R017,sheet-11-R018,sheet-11-R019,sheet-11-R020,sheet-11-R021,sheet-11-R022,sheet-11-R023,sheet-11-R024,sheet-11-R025,sheet-11-R026,sheet-11-R027,sheet-11-R028	"識別ID	ラベル	書式・制限	必須	最大値	初期値	画面部品の説明"	指定されたCSV種別が存在しないときは対象なしとする。
sheet-11-R017	0209	sheet-11	CSV出力項目設定	現行仕様	53	1966	sheet-11-B072			sheet-11-R015,sheet-11-R016,sheet-11-R018,sheet-11-R019,sheet-11-R020,sheet-11-R021,sheet-11-R022,sheet-11-R023,sheet-11-R024,sheet-11-R025,sheet-11-R026,sheet-11-R027,sheet-11-R028	"識別ID	ラベル	書式・制限	必須	最大値	初期値	画面部品の説明"	当該種別に紐づく出力項目のうち、無効なものだけを並び順の昇順で左のリストに、有効なものだけを同じ並びで右のリストにする。CSV種別の選択を変えた時点で、切り替え先の種別の画面を開き直す。開き直す前に画面上で行った移動・並び替えは残らない。
sheet-11-R018	0209	sheet-11	CSV出力項目設定	現行仕様	54	1967	sheet-11-B072			sheet-11-R015,sheet-11-R016,sheet-11-R017,sheet-11-R019,sheet-11-R020,sheet-11-R021,sheet-11-R022,sheet-11-R023,sheet-11-R024,sheet-11-R025,sheet-11-R026,sheet-11-R027,sheet-11-R028	"識別ID	ラベル	書式・制限	必須	最大値	初期値	画面部品の説明"	項目の移動と並び替え
sheet-11-R019	0209	sheet-11	CSV出力項目設定	現行仕様	55	1968	sheet-11-B072			sheet-11-R015,sheet-11-R016,sheet-11-R017,sheet-11-R018,sheet-11-R020,sheet-11-R021,sheet-11-R022,sheet-11-R023,sheet-11-R024,sheet-11-R025,sheet-11-R026,sheet-11-R027,sheet-11-R028	"識別ID	ラベル	書式・制限	必須	最大値	初期値	画面部品の説明"	操作項目のボタンで項目を移すと、移した項目は選択が外れた状態になる。
sheet-11-R020	0209	sheet-11	CSV出力項目設定	現行仕様	56	1969	sheet-11-B072			sheet-11-R015,sheet-11-R016,sheet-11-R017,sheet-11-R018,sheet-11-R019,sheet-11-R021,sheet-11-R022,sheet-11-R023,sheet-11-R024,sheet-11-R025,sheet-11-R026,sheet-11-R027,sheet-11-R028	"識別ID	ラベル	書式・制限	必須	最大値	初期値	画面部品の説明"	項目順序のボタンは右のリストにだけ効き、左のリストの並びは動かせない。項目を選んでいないときは押しても動かない。
sheet-11-R021	0209	sheet-11	CSV出力項目設定	現行仕様	57	1970	sheet-11-B072			sheet-11-R015,sheet-11-R016,sheet-11-R017,sheet-11-R018,sheet-11-R019,sheet-11-R020,sheet-11-R022,sheet-11-R023,sheet-11-R024,sheet-11-R025,sheet-11-R026,sheet-11-R027,sheet-11-R028	"識別ID	ラベル	書式・制限	必須	最大値	初期値	画面部品の説明"	これらのボタンは画面上のリストを動かすだけで、設定を押すまで保存しない。
sheet-11-R022	0209	sheet-11	CSV出力項目設定	現行仕様	58	1971	sheet-11-B072			sheet-11-R015,sheet-11-R016,sheet-11-R017,sheet-11-R018,sheet-11-R019,sheet-11-R020,sheet-11-R021,sheet-11-R023,sheet-11-R024,sheet-11-R025,sheet-11-R026,sheet-11-R027,sheet-11-R028	"識別ID	ラベル	書式・制限	必須	最大値	初期値	画面部品の説明"	保存
sheet-11-R023	0209	sheet-11	CSV出力項目設定	現行仕様	59	1972	sheet-11-B072			sheet-11-R015,sheet-11-R016,sheet-11-R017,sheet-11-R018,sheet-11-R019,sheet-11-R020,sheet-11-R021,sheet-11-R022,sheet-11-R024,sheet-11-R025,sheet-11-R026,sheet-11-R027,sheet-11-R028	"識別ID	ラベル	書式・制限	必須	最大値	初期値	画面部品の説明"	設定を押したときは、左右それぞれのリストの全項目が、画面に並んでいる順で送られる（画面で選んでいる項目だけではない）。
sheet-11-R024	0209	sheet-11	CSV出力項目設定	現行仕様	60	1973	sheet-11-B072			sheet-11-R015,sheet-11-R016,sheet-11-R017,sheet-11-R018,sheet-11-R019,sheet-11-R020,sheet-11-R021,sheet-11-R022,sheet-11-R023,sheet-11-R025,sheet-11-R026,sheet-11-R027,sheet-11-R028	"識別ID	ラベル	書式・制限	必須	最大値	初期値	画面部品の説明"	左のリストが送られたときだけ、その配列の順に各出力項目を取り出し、並び順を 1 から振り直したうえで無効にする。右のリストが送られたときだけ、同じ手順で並び順を振り直したうえで有効にする。送られなかったリストについては、その出力項目の並び順と有効・無効を変更しない。右のリストの配列の順序が、画面の上から下への順に対応する。
sheet-11-R025	0209	sheet-11	CSV出力項目設定	現行仕様	61	1974	sheet-11-B072			sheet-11-R015,sheet-11-R016,sheet-11-R017,sheet-11-R018,sheet-11-R019,sheet-11-R020,sheet-11-R021,sheet-11-R022,sheet-11-R023,sheet-11-R024,sheet-11-R026,sheet-11-R027,sheet-11-R028	"識別ID	ラベル	書式・制限	必須	最大値	初期値	画面部品の説明"	保存の後は同じCSV種別の画面へ戻す。
sheet-11-R026	0209	sheet-11	CSV出力項目設定	現行仕様	62	1975	sheet-11-B072			sheet-11-R015,sheet-11-R016,sheet-11-R017,sheet-11-R018,sheet-11-R019,sheet-11-R020,sheet-11-R021,sheet-11-R022,sheet-11-R023,sheet-11-R024,sheet-11-R025,sheet-11-R027,sheet-11-R028	"識別ID	ラベル	書式・制限	必須	最大値	初期値	画面部品の説明"	有効な出力項目と出力の対応
sheet-11-R027	0209	sheet-11	CSV出力項目設定	現行仕様	63	1976	sheet-11-B072			sheet-11-R015,sheet-11-R016,sheet-11-R017,sheet-11-R018,sheet-11-R019,sheet-11-R020,sheet-11-R021,sheet-11-R022,sheet-11-R023,sheet-11-R024,sheet-11-R025,sheet-11-R026,sheet-11-R028	"識別ID	ラベル	書式・制限	必須	最大値	初期値	画面部品の説明"	CSVの出力は、種別を指定したうえで有効な出力項目だけを並び順の昇順で使う。ヘッダ行には各出力項目の表示名だけを並べ、データ行は定義に応じた値で埋める。この画面で無効にした列は、出力に現れない。
sheet-11-R028	0209	sheet-11	CSV出力項目設定	現行仕様	64	1977	sheet-11-B072			sheet-11-R015,sheet-11-R016,sheet-11-R017,sheet-11-R018,sheet-11-R019,sheet-11-R020,sheet-11-R021,sheet-11-R022,sheet-11-R023,sheet-11-R024,sheet-11-R025,sheet-11-R026,sheet-11-R027	"識別ID	ラベル	書式・制限	必須	最大値	初期値	画面部品の説明"	エラー時の扱い
sheet-11-R029	0209	sheet-11	CSV出力項目設定	現行仕様	66	1979	sheet-11-B073			sheet-11-R030	"エラー内容	処理"	"指定したCSV種別が無い	対象なしとする"
sheet-11-R030	0209	sheet-11	CSV出力項目設定	現行仕様	67	1980	sheet-11-B073			sheet-11-R029	"エラー内容	処理"	入力の検証を経ないため、この画面の保存では検証エラーの画面を出さない。送られた識別子が実在するかだけが保存の可否を分ける。
sheet-11-R031	0209	sheet-11	CSV出力項目設定	現行仕様	70	1983	sheet-11-B074			sheet-11-R032,sheet-11-R033,sheet-11-R034	"種類	内容"	"入力	CSV種別、左と右のリストの出力項目の識別子の配列、なりすまし対策トークン"
sheet-11-R032	0209	sheet-11	CSV出力項目設定	現行仕様	71	1984	sheet-11-B074			sheet-11-R031,sheet-11-R033,sheet-11-R034	"種類	内容"	"成功時出力	同じCSV種別の設定画面へ戻し、保存の完了メッセージを出す"
sheet-11-R033	0209	sheet-11	CSV出力項目設定	現行仕様	72	1985	sheet-11-B074			sheet-11-R031,sheet-11-R032,sheet-11-R034	"種類	内容"	"失敗時出力	CSV種別が無いときは対象なしとする"
sheet-11-R034	0209	sheet-11	CSV出力項目設定	現行仕様	73	1986	sheet-11-B074			sheet-11-R031,sheet-11-R032,sheet-11-R033	"種類	内容"	入出力: 永続化
sheet-11-R035	0209	sheet-11	CSV出力項目設定	現行仕様	75	1988	sheet-11-B075				"操作	契機"	"更新	出力項目の並び順と有効・無効を、左と右のリストが送られたとき配列の順に振り直す"
sheet-11-R036	0209	sheet-11	CSV出力項目設定	表示メッセージ	79	1992	sheet-11-B076				"メッセージID	表示位置	画面上の文言	表示条件	後続処理"	"M10-10-MSG-001	管理画面上部	保存しました	CSV出力項目設定を保存したとき	CSV出力項目設定（店舗設定）画面に遷移する"
sheet-12-R001	0209	sheet-12	カスタムCSV出力設定	本文	22	2035	sheet-12-B077					処理概要
sheet-12-R002	0209	sheet-12	カスタムCSV出力設定	機能仕様	35	2048	sheet-12-B078			sheet-12-R003,sheet-12-R004,sheet-12-R005,sheet-12-R006,sheet-12-R007,sheet-12-R008,sheet-12-R009,sheet-12-R010,sheet-12-R011		現行機能をベースに下記のカスタマイズを行う
sheet-12-R003	0209	sheet-12	カスタムCSV出力設定	機能仕様	36	2049	sheet-12-B078			sheet-12-R002,sheet-12-R004,sheet-12-R005,sheet-12-R006,sheet-12-R007,sheet-12-R008,sheet-12-R009,sheet-12-R010,sheet-12-R011		・参照、設定、削除で権限管理を分けられるようにそれぞれURLを分ける
sheet-12-R004	0209	sheet-12	カスタムCSV出力設定	機能仕様	37	2050	sheet-12-B078			sheet-12-R002,sheet-12-R003,sheet-12-R005,sheet-12-R006,sheet-12-R007,sheet-12-R008,sheet-12-R009,sheet-12-R010,sheet-12-R011		CSV選択に在庫関連の以下のカスタムCSV出力項目を追加する
sheet-12-R005	0209	sheet-12	カスタムCSV出力設定	機能仕様	38	2051	sheet-12-B078			sheet-12-R002,sheet-12-R003,sheet-12-R004,sheet-12-R006,sheet-12-R007,sheet-12-R008,sheet-12-R009,sheet-12-R010,sheet-12-R011		・在庫CSV, 在庫移動・振替CSV, 在庫分割結合CSV
sheet-12-R006	0209	sheet-12	カスタムCSV出力設定	機能仕様	39	2052	sheet-12-B078			sheet-12-R002,sheet-12-R003,sheet-12-R004,sheet-12-R005,sheet-12-R007,sheet-12-R008,sheet-12-R009,sheet-12-R010,sheet-12-R011		機能仕様処理概要
sheet-12-R007	0209	sheet-12	カスタムCSV出力設定	機能仕様	40	2053	sheet-12-B078			sheet-12-R002,sheet-12-R003,sheet-12-R004,sheet-12-R005,sheet-12-R006,sheet-12-R008,sheet-12-R009,sheet-12-R010,sheet-12-R011		現行のカスタムCSV出力設定をベースにする
sheet-12-R008	0209	sheet-12	カスタムCSV出力設定	機能仕様	41	2054	sheet-12-B078			sheet-12-R002,sheet-12-R003,sheet-12-R004,sheet-12-R005,sheet-12-R006,sheet-12-R007,sheet-12-R009,sheet-12-R010,sheet-12-R011		URLの設定
sheet-12-R009	0209	sheet-12	カスタムCSV出力設定	機能仕様	42	2055	sheet-12-B078			sheet-12-R002,sheet-12-R003,sheet-12-R004,sheet-12-R005,sheet-12-R006,sheet-12-R007,sheet-12-R008,sheet-12-R010,sheet-12-R011		・参照、設定、削除でそれぞれURLを分ける
sheet-12-R010	0209	sheet-12	カスタムCSV出力設定	機能仕様	43	2056	sheet-12-B078			sheet-12-R002,sheet-12-R003,sheet-12-R004,sheet-12-R005,sheet-12-R006,sheet-12-R007,sheet-12-R008,sheet-12-R009,sheet-12-R011		(1-1)の選択肢は現行のものに加え、在庫関連のCSVを追加
sheet-12-R011	0209	sheet-12	カスタムCSV出力設定	機能仕様	44	2057	sheet-12-B078			sheet-12-R002,sheet-12-R003,sheet-12-R004,sheet-12-R005,sheet-12-R006,sheet-12-R007,sheet-12-R008,sheet-12-R009,sheet-12-R010		・商品CSV 受注CSV 配送CSV 在庫CSV 在庫移動・振替情報 在庫分割結合情報
sheet-12-R012	0209	sheet-12	カスタムCSV出力設定	項目定義	46	2059	sheet-12-B079			sheet-12-R013,sheet-12-R014,sheet-12-R015,sheet-12-R016,sheet-12-R017,sheet-12-R018,sheet-12-R019,sheet-12-R020,sheet-12-R021,sheet-12-R022,sheet-12-R023	"識別ID	ラベル	書式・制限	必須	最大値	初期値	画面部品の説明"	入力項目
sheet-12-R013	0209	sheet-12	カスタムCSV出力設定	項目定義	47	2060	sheet-12-B079			sheet-12-R012,sheet-12-R014,sheet-12-R015,sheet-12-R016,sheet-12-R017,sheet-12-R018,sheet-12-R019,sheet-12-R020,sheet-12-R021,sheet-12-R022,sheet-12-R023	"識別ID	ラベル	書式・制限	必須	最大値	初期値	画面部品の説明"	"1-1	CSV選択	単一選択(セレクトボックス)	-	-	商品CSV	選択肢:商品CSV 受注CSV 配送CSV 在庫CSV 在庫移動・振替CSV 在庫分割結合CSV"
sheet-12-R014	0209	sheet-12	カスタムCSV出力設定	項目定義	48	2061	sheet-12-B079			sheet-12-R012,sheet-12-R013,sheet-12-R015,sheet-12-R016,sheet-12-R017,sheet-12-R018,sheet-12-R019,sheet-12-R020,sheet-12-R021,sheet-12-R022,sheet-12-R023	"識別ID	ラベル	書式・制限	必須	最大値	初期値	画面部品の説明"	"1-2	追加されたCSV選択	単一選択(セレクトボックス)	-	-	新規作成	選択肢:新規作成 1-1で選択されたCSVで追加されたもの全て"
sheet-12-R015	0209	sheet-12	カスタムCSV出力設定	項目定義	49	2062	sheet-12-B079			sheet-12-R012,sheet-12-R013,sheet-12-R014,sheet-12-R016,sheet-12-R017,sheet-12-R018,sheet-12-R019,sheet-12-R020,sheet-12-R021,sheet-12-R022,sheet-12-R023	"識別ID	ラベル	書式・制限	必須	最大値	初期値	画面部品の説明"	"1-3	名前	全角・半角	-	-	-	-"
sheet-12-R016	0209	sheet-12	カスタムCSV出力設定	項目定義	50	2063	sheet-12-B079			sheet-12-R012,sheet-12-R013,sheet-12-R014,sheet-12-R015,sheet-12-R017,sheet-12-R018,sheet-12-R019,sheet-12-R020,sheet-12-R021,sheet-12-R022,sheet-12-R023	"識別ID	ラベル	書式・制限	必須	最大値	初期値	画面部品の説明"	"1-4	CSV出力しない項目	複数選択	-	-	-	-"
sheet-12-R017	0209	sheet-12	カスタムCSV出力設定	項目定義	51	2064	sheet-12-B079			sheet-12-R012,sheet-12-R013,sheet-12-R014,sheet-12-R015,sheet-12-R016,sheet-12-R018,sheet-12-R019,sheet-12-R020,sheet-12-R021,sheet-12-R022,sheet-12-R023	"識別ID	ラベル	書式・制限	必須	最大値	初期値	画面部品の説明"	"1-5	CSV出力する項目	複数選択	-	-	-	-"
sheet-12-R018	0209	sheet-12	カスタムCSV出力設定	項目定義	52	2065	sheet-12-B079			sheet-12-R012,sheet-12-R013,sheet-12-R014,sheet-12-R015,sheet-12-R016,sheet-12-R017,sheet-12-R019,sheet-12-R020,sheet-12-R021,sheet-12-R022,sheet-12-R023	"識別ID	ラベル	書式・制限	必須	最大値	初期値	画面部品の説明"	"1-6	項目移動	ボタン	-	-	-	-"
sheet-12-R019	0209	sheet-12	カスタムCSV出力設定	項目定義	53	2066	sheet-12-B079			sheet-12-R012,sheet-12-R013,sheet-12-R014,sheet-12-R015,sheet-12-R016,sheet-12-R017,sheet-12-R018,sheet-12-R020,sheet-12-R021,sheet-12-R022,sheet-12-R023	"識別ID	ラベル	書式・制限	必須	最大値	初期値	画面部品の説明"	"1-7	順序入替	ボタン	-	-	-	-"
sheet-12-R020	0209	sheet-12	カスタムCSV出力設定	項目定義	54	2067	sheet-12-B079			sheet-12-R012,sheet-12-R013,sheet-12-R014,sheet-12-R015,sheet-12-R016,sheet-12-R017,sheet-12-R018,sheet-12-R019,sheet-12-R021,sheet-12-R022,sheet-12-R023	"識別ID	ラベル	書式・制限	必須	最大値	初期値	画面部品の説明"	ボタン、リンク
sheet-12-R021	0209	sheet-12	カスタムCSV出力設定	項目定義	55	2068	sheet-12-B079			sheet-12-R012,sheet-12-R013,sheet-12-R014,sheet-12-R015,sheet-12-R016,sheet-12-R017,sheet-12-R018,sheet-12-R019,sheet-12-R020,sheet-12-R022,sheet-12-R023	"識別ID	ラベル	書式・制限	必須	最大値	初期値	画面部品の説明"	"2-1	削除	リンク	-	-	-	1-2が選択されると表示"
sheet-12-R022	0209	sheet-12	カスタムCSV出力設定	項目定義	56	2069	sheet-12-B079			sheet-12-R012,sheet-12-R013,sheet-12-R014,sheet-12-R015,sheet-12-R016,sheet-12-R017,sheet-12-R018,sheet-12-R019,sheet-12-R020,sheet-12-R021,sheet-12-R023	"識別ID	ラベル	書式・制限	必須	最大値	初期値	画面部品の説明"	1-2で選択されたCSVを削除
sheet-12-R023	0209	sheet-12	カスタムCSV出力設定	項目定義	57	2070	sheet-12-B079			sheet-12-R012,sheet-12-R013,sheet-12-R014,sheet-12-R015,sheet-12-R016,sheet-12-R017,sheet-12-R018,sheet-12-R019,sheet-12-R020,sheet-12-R021,sheet-12-R022	"識別ID	ラベル	書式・制限	必須	最大値	初期値	画面部品の説明"	"2-2	設定	ボタン	-	-	-	入力されたフォームの値で編集"
sheet-12-R024	0209	sheet-12	カスタムCSV出力設定	現行仕様	61	2074	sheet-12-B080				"識別ID	ラベル	書式・制限	必須	最大値	初期値	画面部品の説明"	M10-13 カスタムCSV出力設定 / 店舗設定 — カスタムCSV出力項目設定（店舗設定/システム設定）
sheet-12-R025	0209	sheet-12	カスタムCSV出力設定	現行仕様	63	2076	sheet-12-B081			sheet-12-R026,sheet-12-R027,sheet-12-R028,sheet-12-R029,sheet-12-R030,sheet-12-R031,sheet-12-R032,sheet-12-R033,sheet-12-R034,sheet-12-R035	"識別ID	ラベル	書式・制限	必須	最大値	初期値	画面部品の説明"	画面の対象
sheet-12-R026	0209	sheet-12	カスタムCSV出力設定	現行仕様	64	2077	sheet-12-B081			sheet-12-R025,sheet-12-R027,sheet-12-R028,sheet-12-R029,sheet-12-R030,sheet-12-R031,sheet-12-R032,sheet-12-R033,sheet-12-R034,sheet-12-R035	"識別ID	ラベル	書式・制限	必須	最大値	初期値	画面部品の説明"	指定されたCSV種別がCSV種別マスタに無いときは該当のHTTPエラーとする。カスタム定義の指定があり、かつ該当するカスタム定義が無いときも該当のHTTPエラーとする。カスタム定義の指定が無いときは新規として扱う。
sheet-12-R027	0209	sheet-12	カスタムCSV出力設定	現行仕様	65	2078	sheet-12-B081			sheet-12-R025,sheet-12-R026,sheet-12-R028,sheet-12-R029,sheet-12-R030,sheet-12-R031,sheet-12-R032,sheet-12-R033,sheet-12-R034,sheet-12-R035	"識別ID	ラベル	書式・制限	必須	最大値	初期値	画面部品の説明"	CSV種別またはカスタム定義を選び直したときは、その時点で画面を読み込み直す。読み込み直しでは入力中の内容を送らないため、名称と左右のリストの編集は引き継がない。
sheet-12-R028	0209	sheet-12	カスタムCSV出力設定	現行仕様	66	2079	sheet-12-B081			sheet-12-R025,sheet-12-R026,sheet-12-R027,sheet-12-R029,sheet-12-R030,sheet-12-R031,sheet-12-R032,sheet-12-R033,sheet-12-R034,sheet-12-R035	"識別ID	ラベル	書式・制限	必須	最大値	初期値	画面部品の説明"	左右のリスト
sheet-12-R029	0209	sheet-12	カスタムCSV出力設定	現行仕様	67	2080	sheet-12-B081			sheet-12-R025,sheet-12-R026,sheet-12-R027,sheet-12-R028,sheet-12-R030,sheet-12-R031,sheet-12-R032,sheet-12-R033,sheet-12-R034,sheet-12-R035	"識別ID	ラベル	書式・制限	必須	最大値	初期値	画面部品の説明"	右のリストは、当該カスタム定義に既に紐づく出力項目とする。左のリストは、同じCSV種別の出力項目のうち右に出ているものを除いた集合とし、並び順と識別子の順に並べる。出力項目が有効か無効かで左右を分けることはしない。
sheet-12-R030	0209	sheet-12	カスタムCSV出力設定	現行仕様	68	2081	sheet-12-B081			sheet-12-R025,sheet-12-R026,sheet-12-R027,sheet-12-R028,sheet-12-R029,sheet-12-R031,sheet-12-R032,sheet-12-R033,sheet-12-R034,sheet-12-R035	"識別ID	ラベル	書式・制限	必須	最大値	初期値	画面部品の説明"	保存
sheet-12-R031	0209	sheet-12	カスタムCSV出力設定	現行仕様	69	2082	sheet-12-B081			sheet-12-R025,sheet-12-R026,sheet-12-R027,sheet-12-R028,sheet-12-R029,sheet-12-R030,sheet-12-R032,sheet-12-R033,sheet-12-R034,sheet-12-R035	"識別ID	ラベル	書式・制限	必須	最大値	初期値	画面部品の説明"	保存は入力の検証を経ず、送信内容をそのまま受け取る。
sheet-12-R032	0209	sheet-12	カスタムCSV出力設定	現行仕様	70	2083	sheet-12-B081			sheet-12-R025,sheet-12-R026,sheet-12-R027,sheet-12-R028,sheet-12-R029,sheet-12-R030,sheet-12-R031,sheet-12-R033,sheet-12-R034,sheet-12-R035	"識別ID	ラベル	書式・制限	必須	最大値	初期値	画面部品の説明"	保存では、更新者としてログイン中の管理者を記録する。
sheet-12-R033	0209	sheet-12	カスタムCSV出力設定	現行仕様	71	2084	sheet-12-B081			sheet-12-R025,sheet-12-R026,sheet-12-R027,sheet-12-R028,sheet-12-R029,sheet-12-R030,sheet-12-R031,sheet-12-R032,sheet-12-R034,sheet-12-R035	"識別ID	ラベル	書式・制限	必須	最大値	初期値	画面部品の説明"	出力項目の並びは、右のリストの上から下への順をそのまま出力の順序として保存する。1 回の保存で、当該カスタム定義の出力項目はそのとき送信された内容にすべて置き換わる。この機能の保存で変わるのは当該カスタム定義とその出力項目の並びだけで、出力項目そのものの有効・無効や並び順は変えない。
sheet-12-R034	0209	sheet-12	カスタムCSV出力設定	現行仕様	72	2085	sheet-12-B081			sheet-12-R025,sheet-12-R026,sheet-12-R027,sheet-12-R028,sheet-12-R029,sheet-12-R030,sheet-12-R031,sheet-12-R032,sheet-12-R033,sheet-12-R035	"識別ID	ラベル	書式・制限	必須	最大値	初期値	画面部品の説明"	保存の後は同じ画面へ戻す。
sheet-12-R035	0209	sheet-12	カスタムCSV出力設定	現行仕様	73	2086	sheet-12-B081			sheet-12-R025,sheet-12-R026,sheet-12-R027,sheet-12-R028,sheet-12-R029,sheet-12-R030,sheet-12-R031,sheet-12-R032,sheet-12-R033,sheet-12-R034	"識別ID	ラベル	書式・制限	必須	最大値	初期値	画面部品の説明"	削除
sheet-12-R036	0209	sheet-12	カスタムCSV出力設定	現行仕様	75	2088	sheet-12-B082			sheet-12-R037,sheet-12-R038,sheet-12-R039,sheet-12-R040,sheet-12-R041,sheet-12-R042,sheet-12-R043,sheet-12-R044	"順序	判定	結果"	"1	なりすまし対策トークンが有効か	無効のときはアクセス拒否とする"
sheet-12-R037	0209	sheet-12	カスタムCSV出力設定	現行仕様	76	2089	sheet-12-B082			sheet-12-R036,sheet-12-R038,sheet-12-R039,sheet-12-R040,sheet-12-R041,sheet-12-R042,sheet-12-R043,sheet-12-R044	"順序	判定	結果"	"2	カスタム定義の指定があり、該当する定義があるか	指定が欠けるとき、または該当が無いときは該当のHTTPエラーとする"
sheet-12-R038	0209	sheet-12	カスタムCSV出力設定	現行仕様	77	2090	sheet-12-B082			sheet-12-R036,sheet-12-R037,sheet-12-R039,sheet-12-R040,sheet-12-R041,sheet-12-R042,sheet-12-R043,sheet-12-R044	"順序	判定	結果"	"3	上記を満たしたとき	削除を実行し、この機能の先頭へ戻す"
sheet-12-R039	0209	sheet-12	カスタムCSV出力設定	現行仕様	78	2091	sheet-12-B082			sheet-12-R036,sheet-12-R037,sheet-12-R038,sheet-12-R040,sheet-12-R041,sheet-12-R042,sheet-12-R043,sheet-12-R044	"順序	判定	結果"	出力の並び
sheet-12-R040	0209	sheet-12	カスタムCSV出力設定	現行仕様	79	2092	sheet-12-B082			sheet-12-R036,sheet-12-R037,sheet-12-R038,sheet-12-R039,sheet-12-R041,sheet-12-R042,sheet-12-R043,sheet-12-R044	"順序	判定	結果"	カスタムCSVを出力するときは、カスタム定義に紐づく出力項目を保存した並び順で取り出す。指定されたカスタム定義が無いときは該当のHTTPエラーとする。
sheet-12-R041	0209	sheet-12	カスタムCSV出力設定	現行仕様	80	2093	sheet-12-B082			sheet-12-R036,sheet-12-R037,sheet-12-R038,sheet-12-R039,sheet-12-R040,sheet-12-R042,sheet-12-R043,sheet-12-R044	"順序	判定	結果"	ヘッダ行には選ばれた各出力項目の表示名だけを並べ、データ行はCSV種別ごとの出力で埋める。文字コードと区切り文字はアプリケーションの設定に従う。
sheet-12-R042	0209	sheet-12	カスタムCSV出力設定	現行仕様	81	2094	sheet-12-B082			sheet-12-R036,sheet-12-R037,sheet-12-R038,sheet-12-R039,sheet-12-R040,sheet-12-R041,sheet-12-R043,sheet-12-R044	"順序	判定	結果"	一覧の対象は、CSV種別が商品のときは商品検索の保持条件から、受注と配送のときは受注検索の保持条件から検索条件を復元して決める。集計と金額計算はこの機能では行わない。
sheet-12-R043	0209	sheet-12	カスタムCSV出力設定	現行仕様	82	2095	sheet-12-B082			sheet-12-R036,sheet-12-R037,sheet-12-R038,sheet-12-R039,sheet-12-R040,sheet-12-R041,sheet-12-R042,sheet-12-R044	"順序	判定	結果"	出力ファイルの名前は、CSV種別ごとの接頭辞に出力時刻（年月日時分秒）を続けたものとする。
sheet-12-R044	0209	sheet-12	カスタムCSV出力設定	現行仕様	83	2096	sheet-12-B082			sheet-12-R036,sheet-12-R037,sheet-12-R038,sheet-12-R039,sheet-12-R040,sheet-12-R041,sheet-12-R042,sheet-12-R043	"順序	判定	結果"	エラー時の扱い
sheet-12-R045	0209	sheet-12	カスタムCSV出力設定	現行仕様	85	2098	sheet-12-B083			sheet-12-R046,sheet-12-R047,sheet-12-R048	"エラー内容	処理"	"CSV種別がマスタに無い	該当のHTTPエラーとする"
sheet-12-R046	0209	sheet-12	カスタムCSV出力設定	現行仕様	86	2099	sheet-12-B083			sheet-12-R045,sheet-12-R047,sheet-12-R048	"エラー内容	処理"	"カスタム定義の指定が該当しない	該当のHTTPエラーとする"
sheet-12-R047	0209	sheet-12	カスタムCSV出力設定	現行仕様	87	2100	sheet-12-B083			sheet-12-R045,sheet-12-R046,sheet-12-R048	"エラー内容	処理"	"削除で対象が無い	該当のHTTPエラーとする"
sheet-12-R048	0209	sheet-12	カスタムCSV出力設定	現行仕様	88	2101	sheet-12-B083			sheet-12-R045,sheet-12-R046,sheet-12-R047	"エラー内容	処理"	"削除でなりすまし対策トークンが無効	アクセス拒否とする"
sheet-12-R049	0209	sheet-12	カスタムCSV出力設定	現行仕様	91	2104	sheet-12-B084			sheet-12-R050,sheet-12-R051,sheet-12-R052	"種類	内容"	"入力	画面の表示はCSV種別と、任意でカスタム定義。保存は名称と出力項目の識別子の並び。削除はカスタム定義となりすまし対策トークン"
sheet-12-R050	0209	sheet-12	カスタムCSV出力設定	現行仕様	92	2105	sheet-12-B084			sheet-12-R049,sheet-12-R051,sheet-12-R052	"種類	内容"	"成功時出力	設定画面、または保存後の同じ画面。出力は別画面のCSVストリーム"
sheet-12-R051	0209	sheet-12	カスタムCSV出力設定	現行仕様	93	2106	sheet-12-B084			sheet-12-R049,sheet-12-R050,sheet-12-R052	"種類	内容"	"失敗時出力	共通のエラーページまたは該当のHTTPステータス"
sheet-12-R052	0209	sheet-12	カスタムCSV出力設定	現行仕様	94	2107	sheet-12-B084			sheet-12-R049,sheet-12-R050,sheet-12-R051	"種類	内容"	入出力: 永続化
sheet-12-R053	0209	sheet-12	カスタムCSV出力設定	現行仕様	96	2109	sheet-12-B085			sheet-12-R054,sheet-12-R055	"操作	契機"	"追加・更新	カスタム出力定義を、名称・種別・更新者とともに保存したとき"
sheet-12-R054	0209	sheet-12	カスタムCSV出力設定	現行仕様	97	2110	sheet-12-B085			sheet-12-R053,sheet-12-R055	"操作	契機"	"削除・追加	カスタム出力定義と出力項目の関連を、保存のたびにすべて置き換えたとき"
sheet-12-R055	0209	sheet-12	カスタムCSV出力設定	現行仕様	98	2111	sheet-12-B085			sheet-12-R053,sheet-12-R054	"操作	契機"	"削除	カスタム出力定義を、紐づく出力項目の関連ごと削除したとき"
sheet-12-R056	0209	sheet-12	カスタムCSV出力設定	表示メッセージ	102	2115	sheet-12-B086			sheet-12-R057,sheet-12-R058,sheet-12-R059	"メッセージID	表示位置	画面上の文言	表示条件	後続処理"	"M10-13-MSG-001	管理画面上部	CSV出力項目を保存しました。	CSV出力項目の設定を保存したとき	カスタムCSV出力項目設定画面に遷移する"
sheet-12-R057	0209	sheet-12	カスタムCSV出力設定	表示メッセージ	103	2116	sheet-12-B086			sheet-12-R056,sheet-12-R058,sheet-12-R059	"メッセージID	表示位置	画面上の文言	表示条件	後続処理"	"M10-13-MSG-002	管理画面上部	削除しました	CSV出力設定を削除したとき	カスタムCSV出力項目設定画面に遷移する"
sheet-12-R058	0209	sheet-12	カスタムCSV出力設定	表示メッセージ	104	2117	sheet-12-B086			sheet-12-R056,sheet-12-R057,sheet-12-R059	"メッセージID	表示位置	画面上の文言	表示条件	後続処理"	"M10-13-MSG-003	管理画面上部	関連するデータがあるため「%name%」を削除できませんでした	CSV出力設定を削除しようとしたが、関連するデータがあるとき	エラーを表示してカスタムCSV出力項目設定画面に遷移する"
sheet-12-R059	0209	sheet-12	カスタムCSV出力設定	表示メッセージ	105	2118	sheet-12-B086			sheet-12-R056,sheet-12-R057,sheet-12-R058	"メッセージID	表示位置	画面上の文言	表示条件	後続処理"	"M10-13-MSG-004	削除確認モーダル内	このCSV出力設定を削除してもよろしいでしょうか？	CSV出力設定の削除ボタンを押したとき（削除前の確認）	削除でモーダルを閉じてカスタムCSV出力項目設定画面に遷移、キャンセルでモーダルを閉じる"
sheet-13-R001	0209	sheet-13	店舗登録	本文	22	2148	sheet-13-B087					処理概要
sheet-13-R002	0209	sheet-13	店舗登録	機能仕様	73	2199	sheet-13-B088			sheet-13-R003,sheet-13-R004,sheet-13-R005,sheet-13-R006,sheet-13-R007,sheet-13-R008,sheet-13-R009,sheet-13-R010,sheet-13-R011,sheet-13-R012,sheet-13-R013,sheet-13-R014,sheet-13-R015,sheet-13-R016,sheet-13-R017,sheet-13-R018,sheet-13-R019,sheet-13-R020,sheet-13-R021,sheet-13-R022,sheet-13-R023,sheet-13-R024,sheet-13-R025,sheet-13-R026,sheet-13-R027,sheet-13-R028,sheet-13-R029,sheet-13-R030,sheet-13-R031,sheet-13-R032,sheet-13-R033,sheet-13-R034,sheet-13-R035,sheet-13-R036,sheet-13-R037,sheet-13-R038,sheet-13-R039,sheet-13-R040,sheet-13-R041,sheet-13-R042,sheet-13-R043,sheet-13-R044,sheet-13-R045,sheet-13-R046,sheet-13-R047,sheet-13-R048,sheet-13-R049,sheet-13-R050,sheet-13-R051		EC-CUBEエンタプライズの標準機能をベースに下記のカスタマイズを行う
sheet-13-R003	0209	sheet-13	店舗登録	機能仕様	74	2200	sheet-13-B088			sheet-13-R002,sheet-13-R004,sheet-13-R005,sheet-13-R006,sheet-13-R007,sheet-13-R008,sheet-13-R009,sheet-13-R010,sheet-13-R011,sheet-13-R012,sheet-13-R013,sheet-13-R014,sheet-13-R015,sheet-13-R016,sheet-13-R017,sheet-13-R018,sheet-13-R019,sheet-13-R020,sheet-13-R021,sheet-13-R022,sheet-13-R023,sheet-13-R024,sheet-13-R025,sheet-13-R026,sheet-13-R027,sheet-13-R028,sheet-13-R029,sheet-13-R030,sheet-13-R031,sheet-13-R032,sheet-13-R033,sheet-13-R034,sheet-13-R035,sheet-13-R036,sheet-13-R037,sheet-13-R038,sheet-13-R039,sheet-13-R040,sheet-13-R041,sheet-13-R042,sheet-13-R043,sheet-13-R044,sheet-13-R045,sheet-13-R046,sheet-13-R047,sheet-13-R048,sheet-13-R049,sheet-13-R050,sheet-13-R051		・店舗属性
sheet-13-R004	0209	sheet-13	店舗登録	機能仕様	75	2201	sheet-13-B088			sheet-13-R002,sheet-13-R003,sheet-13-R005,sheet-13-R006,sheet-13-R007,sheet-13-R008,sheet-13-R009,sheet-13-R010,sheet-13-R011,sheet-13-R012,sheet-13-R013,sheet-13-R014,sheet-13-R015,sheet-13-R016,sheet-13-R017,sheet-13-R018,sheet-13-R019,sheet-13-R020,sheet-13-R021,sheet-13-R022,sheet-13-R023,sheet-13-R024,sheet-13-R025,sheet-13-R026,sheet-13-R027,sheet-13-R028,sheet-13-R029,sheet-13-R030,sheet-13-R031,sheet-13-R032,sheet-13-R033,sheet-13-R034,sheet-13-R035,sheet-13-R036,sheet-13-R037,sheet-13-R038,sheet-13-R039,sheet-13-R040,sheet-13-R041,sheet-13-R042,sheet-13-R043,sheet-13-R044,sheet-13-R045,sheet-13-R046,sheet-13-R047,sheet-13-R048,sheet-13-R049,sheet-13-R050,sheet-13-R051		・本店(2F、3F、B2F)と支店の区別がつくようにする
sheet-13-R005	0209	sheet-13	店舗登録	機能仕様	76	2202	sheet-13-B088			sheet-13-R002,sheet-13-R003,sheet-13-R004,sheet-13-R006,sheet-13-R007,sheet-13-R008,sheet-13-R009,sheet-13-R010,sheet-13-R011,sheet-13-R012,sheet-13-R013,sheet-13-R014,sheet-13-R015,sheet-13-R016,sheet-13-R017,sheet-13-R018,sheet-13-R019,sheet-13-R020,sheet-13-R021,sheet-13-R022,sheet-13-R023,sheet-13-R024,sheet-13-R025,sheet-13-R026,sheet-13-R027,sheet-13-R028,sheet-13-R029,sheet-13-R030,sheet-13-R031,sheet-13-R032,sheet-13-R033,sheet-13-R034,sheet-13-R035,sheet-13-R036,sheet-13-R037,sheet-13-R038,sheet-13-R039,sheet-13-R040,sheet-13-R041,sheet-13-R042,sheet-13-R043,sheet-13-R044,sheet-13-R045,sheet-13-R046,sheet-13-R047,sheet-13-R048,sheet-13-R049,sheet-13-R050,sheet-13-R051		・店舗公開管理について
sheet-13-R006	0209	sheet-13	店舗登録	機能仕様	77	2203	sheet-13-B088			sheet-13-R002,sheet-13-R003,sheet-13-R004,sheet-13-R005,sheet-13-R007,sheet-13-R008,sheet-13-R009,sheet-13-R010,sheet-13-R011,sheet-13-R012,sheet-13-R013,sheet-13-R014,sheet-13-R015,sheet-13-R016,sheet-13-R017,sheet-13-R018,sheet-13-R019,sheet-13-R020,sheet-13-R021,sheet-13-R022,sheet-13-R023,sheet-13-R024,sheet-13-R025,sheet-13-R026,sheet-13-R027,sheet-13-R028,sheet-13-R029,sheet-13-R030,sheet-13-R031,sheet-13-R032,sheet-13-R033,sheet-13-R034,sheet-13-R035,sheet-13-R036,sheet-13-R037,sheet-13-R038,sheet-13-R039,sheet-13-R040,sheet-13-R041,sheet-13-R042,sheet-13-R043,sheet-13-R044,sheet-13-R045,sheet-13-R046,sheet-13-R047,sheet-13-R048,sheet-13-R049,sheet-13-R050,sheet-13-R051		・店舗管理に公開・非公開フラグを設定できるようにする（フロント用）
sheet-13-R007	0209	sheet-13	店舗登録	機能仕様	78	2204	sheet-13-B088			sheet-13-R002,sheet-13-R003,sheet-13-R004,sheet-13-R005,sheet-13-R006,sheet-13-R008,sheet-13-R009,sheet-13-R010,sheet-13-R011,sheet-13-R012,sheet-13-R013,sheet-13-R014,sheet-13-R015,sheet-13-R016,sheet-13-R017,sheet-13-R018,sheet-13-R019,sheet-13-R020,sheet-13-R021,sheet-13-R022,sheet-13-R023,sheet-13-R024,sheet-13-R025,sheet-13-R026,sheet-13-R027,sheet-13-R028,sheet-13-R029,sheet-13-R030,sheet-13-R031,sheet-13-R032,sheet-13-R033,sheet-13-R034,sheet-13-R035,sheet-13-R036,sheet-13-R037,sheet-13-R038,sheet-13-R039,sheet-13-R040,sheet-13-R041,sheet-13-R042,sheet-13-R043,sheet-13-R044,sheet-13-R045,sheet-13-R046,sheet-13-R047,sheet-13-R048,sheet-13-R049,sheet-13-R050,sheet-13-R051		・店舗閉店管理について
sheet-13-R008	0209	sheet-13	店舗登録	機能仕様	79	2205	sheet-13-B088			sheet-13-R002,sheet-13-R003,sheet-13-R004,sheet-13-R005,sheet-13-R006,sheet-13-R007,sheet-13-R009,sheet-13-R010,sheet-13-R011,sheet-13-R012,sheet-13-R013,sheet-13-R014,sheet-13-R015,sheet-13-R016,sheet-13-R017,sheet-13-R018,sheet-13-R019,sheet-13-R020,sheet-13-R021,sheet-13-R022,sheet-13-R023,sheet-13-R024,sheet-13-R025,sheet-13-R026,sheet-13-R027,sheet-13-R028,sheet-13-R029,sheet-13-R030,sheet-13-R031,sheet-13-R032,sheet-13-R033,sheet-13-R034,sheet-13-R035,sheet-13-R036,sheet-13-R037,sheet-13-R038,sheet-13-R039,sheet-13-R040,sheet-13-R041,sheet-13-R042,sheet-13-R043,sheet-13-R044,sheet-13-R045,sheet-13-R046,sheet-13-R047,sheet-13-R048,sheet-13-R049,sheet-13-R050,sheet-13-R051		・店舗管理に開店・閉店フラグを設定できるようにする
sheet-13-R009	0209	sheet-13	店舗登録	機能仕様	80	2206	sheet-13-B088			sheet-13-R002,sheet-13-R003,sheet-13-R004,sheet-13-R005,sheet-13-R006,sheet-13-R007,sheet-13-R008,sheet-13-R010,sheet-13-R011,sheet-13-R012,sheet-13-R013,sheet-13-R014,sheet-13-R015,sheet-13-R016,sheet-13-R017,sheet-13-R018,sheet-13-R019,sheet-13-R020,sheet-13-R021,sheet-13-R022,sheet-13-R023,sheet-13-R024,sheet-13-R025,sheet-13-R026,sheet-13-R027,sheet-13-R028,sheet-13-R029,sheet-13-R030,sheet-13-R031,sheet-13-R032,sheet-13-R033,sheet-13-R034,sheet-13-R035,sheet-13-R036,sheet-13-R037,sheet-13-R038,sheet-13-R039,sheet-13-R040,sheet-13-R041,sheet-13-R042,sheet-13-R043,sheet-13-R044,sheet-13-R045,sheet-13-R046,sheet-13-R047,sheet-13-R048,sheet-13-R049,sheet-13-R050,sheet-13-R051		公開・非公開フラグと開店・閉店フラグの運用
sheet-13-R010	0209	sheet-13	店舗登録	機能仕様	81	2207	sheet-13-B088			sheet-13-R002,sheet-13-R003,sheet-13-R004,sheet-13-R005,sheet-13-R006,sheet-13-R007,sheet-13-R008,sheet-13-R009,sheet-13-R011,sheet-13-R012,sheet-13-R013,sheet-13-R014,sheet-13-R015,sheet-13-R016,sheet-13-R017,sheet-13-R018,sheet-13-R019,sheet-13-R020,sheet-13-R021,sheet-13-R022,sheet-13-R023,sheet-13-R024,sheet-13-R025,sheet-13-R026,sheet-13-R027,sheet-13-R028,sheet-13-R029,sheet-13-R030,sheet-13-R031,sheet-13-R032,sheet-13-R033,sheet-13-R034,sheet-13-R035,sheet-13-R036,sheet-13-R037,sheet-13-R038,sheet-13-R039,sheet-13-R040,sheet-13-R041,sheet-13-R042,sheet-13-R043,sheet-13-R044,sheet-13-R045,sheet-13-R046,sheet-13-R047,sheet-13-R048,sheet-13-R049,sheet-13-R050,sheet-13-R051		・新店舗オープン時に、店舗データ等準備しておくが、フロントには表示しないように制御できるように、
sheet-13-R011	0209	sheet-13	店舗登録	機能仕様	82	2208	sheet-13-B088			sheet-13-R002,sheet-13-R003,sheet-13-R004,sheet-13-R005,sheet-13-R006,sheet-13-R007,sheet-13-R008,sheet-13-R009,sheet-13-R010,sheet-13-R012,sheet-13-R013,sheet-13-R014,sheet-13-R015,sheet-13-R016,sheet-13-R017,sheet-13-R018,sheet-13-R019,sheet-13-R020,sheet-13-R021,sheet-13-R022,sheet-13-R023,sheet-13-R024,sheet-13-R025,sheet-13-R026,sheet-13-R027,sheet-13-R028,sheet-13-R029,sheet-13-R030,sheet-13-R031,sheet-13-R032,sheet-13-R033,sheet-13-R034,sheet-13-R035,sheet-13-R036,sheet-13-R037,sheet-13-R038,sheet-13-R039,sheet-13-R040,sheet-13-R041,sheet-13-R042,sheet-13-R043,sheet-13-R044,sheet-13-R045,sheet-13-R046,sheet-13-R047,sheet-13-R048,sheet-13-R049,sheet-13-R050,sheet-13-R051		公開、非公開の制御を行う
sheet-13-R012	0209	sheet-13	店舗登録	機能仕様	83	2209	sheet-13-B088			sheet-13-R002,sheet-13-R003,sheet-13-R004,sheet-13-R005,sheet-13-R006,sheet-13-R007,sheet-13-R008,sheet-13-R009,sheet-13-R010,sheet-13-R011,sheet-13-R013,sheet-13-R014,sheet-13-R015,sheet-13-R016,sheet-13-R017,sheet-13-R018,sheet-13-R019,sheet-13-R020,sheet-13-R021,sheet-13-R022,sheet-13-R023,sheet-13-R024,sheet-13-R025,sheet-13-R026,sheet-13-R027,sheet-13-R028,sheet-13-R029,sheet-13-R030,sheet-13-R031,sheet-13-R032,sheet-13-R033,sheet-13-R034,sheet-13-R035,sheet-13-R036,sheet-13-R037,sheet-13-R038,sheet-13-R039,sheet-13-R040,sheet-13-R041,sheet-13-R042,sheet-13-R043,sheet-13-R044,sheet-13-R045,sheet-13-R046,sheet-13-R047,sheet-13-R048,sheet-13-R049,sheet-13-R050,sheet-13-R051		・店舗が閉店したことも管理するように、閉店フラグ管理も行う
sheet-13-R013	0209	sheet-13	店舗登録	機能仕様	84	2210	sheet-13-B088			sheet-13-R002,sheet-13-R003,sheet-13-R004,sheet-13-R005,sheet-13-R006,sheet-13-R007,sheet-13-R008,sheet-13-R009,sheet-13-R010,sheet-13-R011,sheet-13-R012,sheet-13-R014,sheet-13-R015,sheet-13-R016,sheet-13-R017,sheet-13-R018,sheet-13-R019,sheet-13-R020,sheet-13-R021,sheet-13-R022,sheet-13-R023,sheet-13-R024,sheet-13-R025,sheet-13-R026,sheet-13-R027,sheet-13-R028,sheet-13-R029,sheet-13-R030,sheet-13-R031,sheet-13-R032,sheet-13-R033,sheet-13-R034,sheet-13-R035,sheet-13-R036,sheet-13-R037,sheet-13-R038,sheet-13-R039,sheet-13-R040,sheet-13-R041,sheet-13-R042,sheet-13-R043,sheet-13-R044,sheet-13-R045,sheet-13-R046,sheet-13-R047,sheet-13-R048,sheet-13-R049,sheet-13-R050,sheet-13-R051		・はれ２、はれ３について
sheet-13-R014	0209	sheet-13	店舗登録	機能仕様	85	2211	sheet-13-B088			sheet-13-R002,sheet-13-R003,sheet-13-R004,sheet-13-R005,sheet-13-R006,sheet-13-R007,sheet-13-R008,sheet-13-R009,sheet-13-R010,sheet-13-R011,sheet-13-R012,sheet-13-R013,sheet-13-R015,sheet-13-R016,sheet-13-R017,sheet-13-R018,sheet-13-R019,sheet-13-R020,sheet-13-R021,sheet-13-R022,sheet-13-R023,sheet-13-R024,sheet-13-R025,sheet-13-R026,sheet-13-R027,sheet-13-R028,sheet-13-R029,sheet-13-R030,sheet-13-R031,sheet-13-R032,sheet-13-R033,sheet-13-R034,sheet-13-R035,sheet-13-R036,sheet-13-R037,sheet-13-R038,sheet-13-R039,sheet-13-R040,sheet-13-R041,sheet-13-R042,sheet-13-R043,sheet-13-R044,sheet-13-R045,sheet-13-R046,sheet-13-R047,sheet-13-R048,sheet-13-R049,sheet-13-R050,sheet-13-R051		・はれ２、はれ３の管理についてはこの機能では対象外とする
sheet-13-R015	0209	sheet-13	店舗登録	機能仕様	86	2212	sheet-13-B088			sheet-13-R002,sheet-13-R003,sheet-13-R004,sheet-13-R005,sheet-13-R006,sheet-13-R007,sheet-13-R008,sheet-13-R009,sheet-13-R010,sheet-13-R011,sheet-13-R012,sheet-13-R013,sheet-13-R014,sheet-13-R016,sheet-13-R017,sheet-13-R018,sheet-13-R019,sheet-13-R020,sheet-13-R021,sheet-13-R022,sheet-13-R023,sheet-13-R024,sheet-13-R025,sheet-13-R026,sheet-13-R027,sheet-13-R028,sheet-13-R029,sheet-13-R030,sheet-13-R031,sheet-13-R032,sheet-13-R033,sheet-13-R034,sheet-13-R035,sheet-13-R036,sheet-13-R037,sheet-13-R038,sheet-13-R039,sheet-13-R040,sheet-13-R041,sheet-13-R042,sheet-13-R043,sheet-13-R044,sheet-13-R045,sheet-13-R046,sheet-13-R047,sheet-13-R048,sheet-13-R049,sheet-13-R050,sheet-13-R051		・登録項目について
sheet-13-R016	0209	sheet-13	店舗登録	機能仕様	87	2213	sheet-13-B088			sheet-13-R002,sheet-13-R003,sheet-13-R004,sheet-13-R005,sheet-13-R006,sheet-13-R007,sheet-13-R008,sheet-13-R009,sheet-13-R010,sheet-13-R011,sheet-13-R012,sheet-13-R013,sheet-13-R014,sheet-13-R015,sheet-13-R017,sheet-13-R018,sheet-13-R019,sheet-13-R020,sheet-13-R021,sheet-13-R022,sheet-13-R023,sheet-13-R024,sheet-13-R025,sheet-13-R026,sheet-13-R027,sheet-13-R028,sheet-13-R029,sheet-13-R030,sheet-13-R031,sheet-13-R032,sheet-13-R033,sheet-13-R034,sheet-13-R035,sheet-13-R036,sheet-13-R037,sheet-13-R038,sheet-13-R039,sheet-13-R040,sheet-13-R041,sheet-13-R042,sheet-13-R043,sheet-13-R044,sheet-13-R045,sheet-13-R046,sheet-13-R047,sheet-13-R048,sheet-13-R049,sheet-13-R050,sheet-13-R051		現行の支店サイトの支店管理にある下記項目を追加する
sheet-13-R017	0209	sheet-13	店舗登録	機能仕様	88	2214	sheet-13-B088			sheet-13-R002,sheet-13-R003,sheet-13-R004,sheet-13-R005,sheet-13-R006,sheet-13-R007,sheet-13-R008,sheet-13-R009,sheet-13-R010,sheet-13-R011,sheet-13-R012,sheet-13-R013,sheet-13-R014,sheet-13-R015,sheet-13-R016,sheet-13-R018,sheet-13-R019,sheet-13-R020,sheet-13-R021,sheet-13-R022,sheet-13-R023,sheet-13-R024,sheet-13-R025,sheet-13-R026,sheet-13-R027,sheet-13-R028,sheet-13-R029,sheet-13-R030,sheet-13-R031,sheet-13-R032,sheet-13-R033,sheet-13-R034,sheet-13-R035,sheet-13-R036,sheet-13-R037,sheet-13-R038,sheet-13-R039,sheet-13-R040,sheet-13-R041,sheet-13-R042,sheet-13-R043,sheet-13-R044,sheet-13-R045,sheet-13-R046,sheet-13-R047,sheet-13-R048,sheet-13-R049,sheet-13-R050,sheet-13-R051		・支店URL（現行での項目名はHTMLのclass属性名）
sheet-13-R018	0209	sheet-13	店舗登録	機能仕様	89	2215	sheet-13-B088			sheet-13-R002,sheet-13-R003,sheet-13-R004,sheet-13-R005,sheet-13-R006,sheet-13-R007,sheet-13-R008,sheet-13-R009,sheet-13-R010,sheet-13-R011,sheet-13-R012,sheet-13-R013,sheet-13-R014,sheet-13-R015,sheet-13-R016,sheet-13-R017,sheet-13-R019,sheet-13-R020,sheet-13-R021,sheet-13-R022,sheet-13-R023,sheet-13-R024,sheet-13-R025,sheet-13-R026,sheet-13-R027,sheet-13-R028,sheet-13-R029,sheet-13-R030,sheet-13-R031,sheet-13-R032,sheet-13-R033,sheet-13-R034,sheet-13-R035,sheet-13-R036,sheet-13-R037,sheet-13-R038,sheet-13-R039,sheet-13-R040,sheet-13-R041,sheet-13-R042,sheet-13-R043,sheet-13-R044,sheet-13-R045,sheet-13-R046,sheet-13-R047,sheet-13-R048,sheet-13-R049,sheet-13-R050,sheet-13-R051		・ショップカラー、ショップアイコン
sheet-13-R019	0209	sheet-13	店舗登録	機能仕様	90	2216	sheet-13-B088			sheet-13-R002,sheet-13-R003,sheet-13-R004,sheet-13-R005,sheet-13-R006,sheet-13-R007,sheet-13-R008,sheet-13-R009,sheet-13-R010,sheet-13-R011,sheet-13-R012,sheet-13-R013,sheet-13-R014,sheet-13-R015,sheet-13-R016,sheet-13-R017,sheet-13-R018,sheet-13-R020,sheet-13-R021,sheet-13-R022,sheet-13-R023,sheet-13-R024,sheet-13-R025,sheet-13-R026,sheet-13-R027,sheet-13-R028,sheet-13-R029,sheet-13-R030,sheet-13-R031,sheet-13-R032,sheet-13-R033,sheet-13-R034,sheet-13-R035,sheet-13-R036,sheet-13-R037,sheet-13-R038,sheet-13-R039,sheet-13-R040,sheet-13-R041,sheet-13-R042,sheet-13-R043,sheet-13-R044,sheet-13-R045,sheet-13-R046,sheet-13-R047,sheet-13-R048,sheet-13-R049,sheet-13-R050,sheet-13-R051		・高額商品閾値1、2、3
sheet-13-R020	0209	sheet-13	店舗登録	機能仕様	91	2217	sheet-13-B088			sheet-13-R002,sheet-13-R003,sheet-13-R004,sheet-13-R005,sheet-13-R006,sheet-13-R007,sheet-13-R008,sheet-13-R009,sheet-13-R010,sheet-13-R011,sheet-13-R012,sheet-13-R013,sheet-13-R014,sheet-13-R015,sheet-13-R016,sheet-13-R017,sheet-13-R018,sheet-13-R019,sheet-13-R021,sheet-13-R022,sheet-13-R023,sheet-13-R024,sheet-13-R025,sheet-13-R026,sheet-13-R027,sheet-13-R028,sheet-13-R029,sheet-13-R030,sheet-13-R031,sheet-13-R032,sheet-13-R033,sheet-13-R034,sheet-13-R035,sheet-13-R036,sheet-13-R037,sheet-13-R038,sheet-13-R039,sheet-13-R040,sheet-13-R041,sheet-13-R042,sheet-13-R043,sheet-13-R044,sheet-13-R045,sheet-13-R046,sheet-13-R047,sheet-13-R048,sheet-13-R049,sheet-13-R050,sheet-13-R051		・スマレジ店舗ID、スマレジ店舗コード
sheet-13-R021	0209	sheet-13	店舗登録	機能仕様	92	2218	sheet-13-B088			sheet-13-R002,sheet-13-R003,sheet-13-R004,sheet-13-R005,sheet-13-R006,sheet-13-R007,sheet-13-R008,sheet-13-R009,sheet-13-R010,sheet-13-R011,sheet-13-R012,sheet-13-R013,sheet-13-R014,sheet-13-R015,sheet-13-R016,sheet-13-R017,sheet-13-R018,sheet-13-R019,sheet-13-R020,sheet-13-R022,sheet-13-R023,sheet-13-R024,sheet-13-R025,sheet-13-R026,sheet-13-R027,sheet-13-R028,sheet-13-R029,sheet-13-R030,sheet-13-R031,sheet-13-R032,sheet-13-R033,sheet-13-R034,sheet-13-R035,sheet-13-R036,sheet-13-R037,sheet-13-R038,sheet-13-R039,sheet-13-R040,sheet-13-R041,sheet-13-R042,sheet-13-R043,sheet-13-R044,sheet-13-R045,sheet-13-R046,sheet-13-R047,sheet-13-R048,sheet-13-R049,sheet-13-R050,sheet-13-R051		・初期在庫作成
sheet-13-R022	0209	sheet-13	店舗登録	機能仕様	93	2219	sheet-13-B088			sheet-13-R002,sheet-13-R003,sheet-13-R004,sheet-13-R005,sheet-13-R006,sheet-13-R007,sheet-13-R008,sheet-13-R009,sheet-13-R010,sheet-13-R011,sheet-13-R012,sheet-13-R013,sheet-13-R014,sheet-13-R015,sheet-13-R016,sheet-13-R017,sheet-13-R018,sheet-13-R019,sheet-13-R020,sheet-13-R021,sheet-13-R023,sheet-13-R024,sheet-13-R025,sheet-13-R026,sheet-13-R027,sheet-13-R028,sheet-13-R029,sheet-13-R030,sheet-13-R031,sheet-13-R032,sheet-13-R033,sheet-13-R034,sheet-13-R035,sheet-13-R036,sheet-13-R037,sheet-13-R038,sheet-13-R039,sheet-13-R040,sheet-13-R041,sheet-13-R042,sheet-13-R043,sheet-13-R044,sheet-13-R045,sheet-13-R046,sheet-13-R047,sheet-13-R048,sheet-13-R049,sheet-13-R050,sheet-13-R051		・テスト用店舗
sheet-13-R023	0209	sheet-13	店舗登録	機能仕様	94	2220	sheet-13-B088			sheet-13-R002,sheet-13-R003,sheet-13-R004,sheet-13-R005,sheet-13-R006,sheet-13-R007,sheet-13-R008,sheet-13-R009,sheet-13-R010,sheet-13-R011,sheet-13-R012,sheet-13-R013,sheet-13-R014,sheet-13-R015,sheet-13-R016,sheet-13-R017,sheet-13-R018,sheet-13-R019,sheet-13-R020,sheet-13-R021,sheet-13-R022,sheet-13-R024,sheet-13-R025,sheet-13-R026,sheet-13-R027,sheet-13-R028,sheet-13-R029,sheet-13-R030,sheet-13-R031,sheet-13-R032,sheet-13-R033,sheet-13-R034,sheet-13-R035,sheet-13-R036,sheet-13-R037,sheet-13-R038,sheet-13-R039,sheet-13-R040,sheet-13-R041,sheet-13-R042,sheet-13-R043,sheet-13-R044,sheet-13-R045,sheet-13-R046,sheet-13-R047,sheet-13-R048,sheet-13-R049,sheet-13-R050,sheet-13-R051		・店頭用アカウントIPアドレス
sheet-13-R024	0209	sheet-13	店舗登録	機能仕様	95	2221	sheet-13-B088			sheet-13-R002,sheet-13-R003,sheet-13-R004,sheet-13-R005,sheet-13-R006,sheet-13-R007,sheet-13-R008,sheet-13-R009,sheet-13-R010,sheet-13-R011,sheet-13-R012,sheet-13-R013,sheet-13-R014,sheet-13-R015,sheet-13-R016,sheet-13-R017,sheet-13-R018,sheet-13-R019,sheet-13-R020,sheet-13-R021,sheet-13-R022,sheet-13-R023,sheet-13-R025,sheet-13-R026,sheet-13-R027,sheet-13-R028,sheet-13-R029,sheet-13-R030,sheet-13-R031,sheet-13-R032,sheet-13-R033,sheet-13-R034,sheet-13-R035,sheet-13-R036,sheet-13-R037,sheet-13-R038,sheet-13-R039,sheet-13-R040,sheet-13-R041,sheet-13-R042,sheet-13-R043,sheet-13-R044,sheet-13-R045,sheet-13-R046,sheet-13-R047,sheet-13-R048,sheet-13-R049,sheet-13-R050,sheet-13-R051		ピッキングリスト分割閾値価格
sheet-13-R025	0209	sheet-13	店舗登録	機能仕様	96	2222	sheet-13-B088			sheet-13-R002,sheet-13-R003,sheet-13-R004,sheet-13-R005,sheet-13-R006,sheet-13-R007,sheet-13-R008,sheet-13-R009,sheet-13-R010,sheet-13-R011,sheet-13-R012,sheet-13-R013,sheet-13-R014,sheet-13-R015,sheet-13-R016,sheet-13-R017,sheet-13-R018,sheet-13-R019,sheet-13-R020,sheet-13-R021,sheet-13-R022,sheet-13-R023,sheet-13-R024,sheet-13-R026,sheet-13-R027,sheet-13-R028,sheet-13-R029,sheet-13-R030,sheet-13-R031,sheet-13-R032,sheet-13-R033,sheet-13-R034,sheet-13-R035,sheet-13-R036,sheet-13-R037,sheet-13-R038,sheet-13-R039,sheet-13-R040,sheet-13-R041,sheet-13-R042,sheet-13-R043,sheet-13-R044,sheet-13-R045,sheet-13-R046,sheet-13-R047,sheet-13-R048,sheet-13-R049,sheet-13-R050,sheet-13-R051		スタック用紙の高額商品閾値
sheet-13-R026	0209	sheet-13	店舗登録	機能仕様	97	2223	sheet-13-B088			sheet-13-R002,sheet-13-R003,sheet-13-R004,sheet-13-R005,sheet-13-R006,sheet-13-R007,sheet-13-R008,sheet-13-R009,sheet-13-R010,sheet-13-R011,sheet-13-R012,sheet-13-R013,sheet-13-R014,sheet-13-R015,sheet-13-R016,sheet-13-R017,sheet-13-R018,sheet-13-R019,sheet-13-R020,sheet-13-R021,sheet-13-R022,sheet-13-R023,sheet-13-R024,sheet-13-R025,sheet-13-R027,sheet-13-R028,sheet-13-R029,sheet-13-R030,sheet-13-R031,sheet-13-R032,sheet-13-R033,sheet-13-R034,sheet-13-R035,sheet-13-R036,sheet-13-R037,sheet-13-R038,sheet-13-R039,sheet-13-R040,sheet-13-R041,sheet-13-R042,sheet-13-R043,sheet-13-R044,sheet-13-R045,sheet-13-R046,sheet-13-R047,sheet-13-R048,sheet-13-R049,sheet-13-R050,sheet-13-R051		機能仕様処理概要
sheet-13-R027	0209	sheet-13	店舗登録	機能仕様	98	2224	sheet-13-B088			sheet-13-R002,sheet-13-R003,sheet-13-R004,sheet-13-R005,sheet-13-R006,sheet-13-R007,sheet-13-R008,sheet-13-R009,sheet-13-R010,sheet-13-R011,sheet-13-R012,sheet-13-R013,sheet-13-R014,sheet-13-R015,sheet-13-R016,sheet-13-R017,sheet-13-R018,sheet-13-R019,sheet-13-R020,sheet-13-R021,sheet-13-R022,sheet-13-R023,sheet-13-R024,sheet-13-R025,sheet-13-R026,sheet-13-R028,sheet-13-R029,sheet-13-R030,sheet-13-R031,sheet-13-R032,sheet-13-R033,sheet-13-R034,sheet-13-R035,sheet-13-R036,sheet-13-R037,sheet-13-R038,sheet-13-R039,sheet-13-R040,sheet-13-R041,sheet-13-R042,sheet-13-R043,sheet-13-R044,sheet-13-R045,sheet-13-R046,sheet-13-R047,sheet-13-R048,sheet-13-R049,sheet-13-R050,sheet-13-R051		EC-CUBEエンタプライズの標準機能をベースに下記のカスタマイズを行う
sheet-13-R028	0209	sheet-13	店舗登録	機能仕様	99	2225	sheet-13-B088			sheet-13-R002,sheet-13-R003,sheet-13-R004,sheet-13-R005,sheet-13-R006,sheet-13-R007,sheet-13-R008,sheet-13-R009,sheet-13-R010,sheet-13-R011,sheet-13-R012,sheet-13-R013,sheet-13-R014,sheet-13-R015,sheet-13-R016,sheet-13-R017,sheet-13-R018,sheet-13-R019,sheet-13-R020,sheet-13-R021,sheet-13-R022,sheet-13-R023,sheet-13-R024,sheet-13-R025,sheet-13-R026,sheet-13-R027,sheet-13-R029,sheet-13-R030,sheet-13-R031,sheet-13-R032,sheet-13-R033,sheet-13-R034,sheet-13-R035,sheet-13-R036,sheet-13-R037,sheet-13-R038,sheet-13-R039,sheet-13-R040,sheet-13-R041,sheet-13-R042,sheet-13-R043,sheet-13-R044,sheet-13-R045,sheet-13-R046,sheet-13-R047,sheet-13-R048,sheet-13-R049,sheet-13-R050,sheet-13-R051		項目の追加
sheet-13-R029	0209	sheet-13	店舗登録	機能仕様	100	2226	sheet-13-B088			sheet-13-R002,sheet-13-R003,sheet-13-R004,sheet-13-R005,sheet-13-R006,sheet-13-R007,sheet-13-R008,sheet-13-R009,sheet-13-R010,sheet-13-R011,sheet-13-R012,sheet-13-R013,sheet-13-R014,sheet-13-R015,sheet-13-R016,sheet-13-R017,sheet-13-R018,sheet-13-R019,sheet-13-R020,sheet-13-R021,sheet-13-R022,sheet-13-R023,sheet-13-R024,sheet-13-R025,sheet-13-R026,sheet-13-R027,sheet-13-R028,sheet-13-R030,sheet-13-R031,sheet-13-R032,sheet-13-R033,sheet-13-R034,sheet-13-R035,sheet-13-R036,sheet-13-R037,sheet-13-R038,sheet-13-R039,sheet-13-R040,sheet-13-R041,sheet-13-R042,sheet-13-R043,sheet-13-R044,sheet-13-R045,sheet-13-R046,sheet-13-R047,sheet-13-R048,sheet-13-R049,sheet-13-R050,sheet-13-R051		・識別ID:1-6「支店URL」、識別ID:1-7「店舗属性」、識別ID:1-8「店舗公開管理」、識別ID:1-9「店舗閉店管理」、識別ID:1-12「Google map埋め込みURL」
sheet-13-R030	0209	sheet-13	店舗登録	機能仕様	101	2227	sheet-13-B088			sheet-13-R002,sheet-13-R003,sheet-13-R004,sheet-13-R005,sheet-13-R006,sheet-13-R007,sheet-13-R008,sheet-13-R009,sheet-13-R010,sheet-13-R011,sheet-13-R012,sheet-13-R013,sheet-13-R014,sheet-13-R015,sheet-13-R016,sheet-13-R017,sheet-13-R018,sheet-13-R019,sheet-13-R020,sheet-13-R021,sheet-13-R022,sheet-13-R023,sheet-13-R024,sheet-13-R025,sheet-13-R026,sheet-13-R027,sheet-13-R028,sheet-13-R029,sheet-13-R031,sheet-13-R032,sheet-13-R033,sheet-13-R034,sheet-13-R035,sheet-13-R036,sheet-13-R037,sheet-13-R038,sheet-13-R039,sheet-13-R040,sheet-13-R041,sheet-13-R042,sheet-13-R043,sheet-13-R044,sheet-13-R045,sheet-13-R046,sheet-13-R047,sheet-13-R048,sheet-13-R049,sheet-13-R050,sheet-13-R051		識別ID:1-20「ショップアイコン」、識別ID:1-21から23「高額商品閾値1から3」、識別ID:1-24「スマレジ店舗ID」、識別ID:1-25「スマレジ店舗コード」
sheet-13-R031	0209	sheet-13	店舗登録	機能仕様	102	2228	sheet-13-B088			sheet-13-R002,sheet-13-R003,sheet-13-R004,sheet-13-R005,sheet-13-R006,sheet-13-R007,sheet-13-R008,sheet-13-R009,sheet-13-R010,sheet-13-R011,sheet-13-R012,sheet-13-R013,sheet-13-R014,sheet-13-R015,sheet-13-R016,sheet-13-R017,sheet-13-R018,sheet-13-R019,sheet-13-R020,sheet-13-R021,sheet-13-R022,sheet-13-R023,sheet-13-R024,sheet-13-R025,sheet-13-R026,sheet-13-R027,sheet-13-R028,sheet-13-R029,sheet-13-R030,sheet-13-R032,sheet-13-R033,sheet-13-R034,sheet-13-R035,sheet-13-R036,sheet-13-R037,sheet-13-R038,sheet-13-R039,sheet-13-R040,sheet-13-R041,sheet-13-R042,sheet-13-R043,sheet-13-R044,sheet-13-R045,sheet-13-R046,sheet-13-R047,sheet-13-R048,sheet-13-R049,sheet-13-R050,sheet-13-R051		識別ID:1-26「テスト用店舗」、識別ID:1-30「ショップ名略称」、識別ID:1-31「ショップ名略称（英語表記）」、識別ID:1-32「表示順」
sheet-13-R032	0209	sheet-13	店舗登録	機能仕様	103	2229	sheet-13-B088			sheet-13-R002,sheet-13-R003,sheet-13-R004,sheet-13-R005,sheet-13-R006,sheet-13-R007,sheet-13-R008,sheet-13-R009,sheet-13-R010,sheet-13-R011,sheet-13-R012,sheet-13-R013,sheet-13-R014,sheet-13-R015,sheet-13-R016,sheet-13-R017,sheet-13-R018,sheet-13-R019,sheet-13-R020,sheet-13-R021,sheet-13-R022,sheet-13-R023,sheet-13-R024,sheet-13-R025,sheet-13-R026,sheet-13-R027,sheet-13-R028,sheet-13-R029,sheet-13-R030,sheet-13-R031,sheet-13-R033,sheet-13-R034,sheet-13-R035,sheet-13-R036,sheet-13-R037,sheet-13-R038,sheet-13-R039,sheet-13-R040,sheet-13-R041,sheet-13-R042,sheet-13-R043,sheet-13-R044,sheet-13-R045,sheet-13-R046,sheet-13-R047,sheet-13-R048,sheet-13-R049,sheet-13-R050,sheet-13-R051		識別ID:1-33「都道府県ID」、識別ID:1-34「席数」、識別ID:1-35「ピッキングリスト分割しきい値価格」、識別ID:1-36「スタック用紙高額商品しきい値価格」
sheet-13-R033	0209	sheet-13	店舗登録	機能仕様	104	2230	sheet-13-B088			sheet-13-R002,sheet-13-R003,sheet-13-R004,sheet-13-R005,sheet-13-R006,sheet-13-R007,sheet-13-R008,sheet-13-R009,sheet-13-R010,sheet-13-R011,sheet-13-R012,sheet-13-R013,sheet-13-R014,sheet-13-R015,sheet-13-R016,sheet-13-R017,sheet-13-R018,sheet-13-R019,sheet-13-R020,sheet-13-R021,sheet-13-R022,sheet-13-R023,sheet-13-R024,sheet-13-R025,sheet-13-R026,sheet-13-R027,sheet-13-R028,sheet-13-R029,sheet-13-R030,sheet-13-R031,sheet-13-R032,sheet-13-R034,sheet-13-R035,sheet-13-R036,sheet-13-R037,sheet-13-R038,sheet-13-R039,sheet-13-R040,sheet-13-R041,sheet-13-R042,sheet-13-R043,sheet-13-R044,sheet-13-R045,sheet-13-R046,sheet-13-R047,sheet-13-R048,sheet-13-R049,sheet-13-R050,sheet-13-R051		項目の削除
sheet-13-R034	0209	sheet-13	店舗登録	機能仕様	105	2231	sheet-13-B088			sheet-13-R002,sheet-13-R003,sheet-13-R004,sheet-13-R005,sheet-13-R006,sheet-13-R007,sheet-13-R008,sheet-13-R009,sheet-13-R010,sheet-13-R011,sheet-13-R012,sheet-13-R013,sheet-13-R014,sheet-13-R015,sheet-13-R016,sheet-13-R017,sheet-13-R018,sheet-13-R019,sheet-13-R020,sheet-13-R021,sheet-13-R022,sheet-13-R023,sheet-13-R024,sheet-13-R025,sheet-13-R026,sheet-13-R027,sheet-13-R028,sheet-13-R029,sheet-13-R030,sheet-13-R031,sheet-13-R032,sheet-13-R033,sheet-13-R035,sheet-13-R036,sheet-13-R037,sheet-13-R038,sheet-13-R039,sheet-13-R040,sheet-13-R041,sheet-13-R042,sheet-13-R043,sheet-13-R044,sheet-13-R045,sheet-13-R046,sheet-13-R047,sheet-13-R048,sheet-13-R049,sheet-13-R050,sheet-13-R051		・識別ID: 1-26「テスト用店舗」を削除（店舗閉店管理を閉店にすることで表示や集計の対象外とするため不要となる）
sheet-13-R035	0209	sheet-13	店舗登録	機能仕様	106	2232	sheet-13-B088			sheet-13-R002,sheet-13-R003,sheet-13-R004,sheet-13-R005,sheet-13-R006,sheet-13-R007,sheet-13-R008,sheet-13-R009,sheet-13-R010,sheet-13-R011,sheet-13-R012,sheet-13-R013,sheet-13-R014,sheet-13-R015,sheet-13-R016,sheet-13-R017,sheet-13-R018,sheet-13-R019,sheet-13-R020,sheet-13-R021,sheet-13-R022,sheet-13-R023,sheet-13-R024,sheet-13-R025,sheet-13-R026,sheet-13-R027,sheet-13-R028,sheet-13-R029,sheet-13-R030,sheet-13-R031,sheet-13-R032,sheet-13-R033,sheet-13-R034,sheet-13-R036,sheet-13-R037,sheet-13-R038,sheet-13-R039,sheet-13-R040,sheet-13-R041,sheet-13-R042,sheet-13-R043,sheet-13-R044,sheet-13-R045,sheet-13-R046,sheet-13-R047,sheet-13-R048,sheet-13-R049,sheet-13-R050,sheet-13-R051		権限について
sheet-13-R036	0209	sheet-13	店舗登録	機能仕様	107	2233	sheet-13-B088			sheet-13-R002,sheet-13-R003,sheet-13-R004,sheet-13-R005,sheet-13-R006,sheet-13-R007,sheet-13-R008,sheet-13-R009,sheet-13-R010,sheet-13-R011,sheet-13-R012,sheet-13-R013,sheet-13-R014,sheet-13-R015,sheet-13-R016,sheet-13-R017,sheet-13-R018,sheet-13-R019,sheet-13-R020,sheet-13-R021,sheet-13-R022,sheet-13-R023,sheet-13-R024,sheet-13-R025,sheet-13-R026,sheet-13-R027,sheet-13-R028,sheet-13-R029,sheet-13-R030,sheet-13-R031,sheet-13-R032,sheet-13-R033,sheet-13-R034,sheet-13-R035,sheet-13-R037,sheet-13-R038,sheet-13-R039,sheet-13-R040,sheet-13-R041,sheet-13-R042,sheet-13-R043,sheet-13-R044,sheet-13-R045,sheet-13-R046,sheet-13-R047,sheet-13-R048,sheet-13-R049,sheet-13-R050,sheet-13-R051		・編集権限を保持しているメンバーのみ登録、編集が可能
sheet-13-R037	0209	sheet-13	店舗登録	機能仕様	108	2234	sheet-13-B088			sheet-13-R002,sheet-13-R003,sheet-13-R004,sheet-13-R005,sheet-13-R006,sheet-13-R007,sheet-13-R008,sheet-13-R009,sheet-13-R010,sheet-13-R011,sheet-13-R012,sheet-13-R013,sheet-13-R014,sheet-13-R015,sheet-13-R016,sheet-13-R017,sheet-13-R018,sheet-13-R019,sheet-13-R020,sheet-13-R021,sheet-13-R022,sheet-13-R023,sheet-13-R024,sheet-13-R025,sheet-13-R026,sheet-13-R027,sheet-13-R028,sheet-13-R029,sheet-13-R030,sheet-13-R031,sheet-13-R032,sheet-13-R033,sheet-13-R034,sheet-13-R035,sheet-13-R036,sheet-13-R038,sheet-13-R039,sheet-13-R040,sheet-13-R041,sheet-13-R042,sheet-13-R043,sheet-13-R044,sheet-13-R045,sheet-13-R046,sheet-13-R047,sheet-13-R048,sheet-13-R049,sheet-13-R050,sheet-13-R051		・編集権限を保持していないメンバーは登録ボタンを押すことが不可能
sheet-13-R038	0209	sheet-13	店舗登録	機能仕様	109	2235	sheet-13-B088			sheet-13-R002,sheet-13-R003,sheet-13-R004,sheet-13-R005,sheet-13-R006,sheet-13-R007,sheet-13-R008,sheet-13-R009,sheet-13-R010,sheet-13-R011,sheet-13-R012,sheet-13-R013,sheet-13-R014,sheet-13-R015,sheet-13-R016,sheet-13-R017,sheet-13-R018,sheet-13-R019,sheet-13-R020,sheet-13-R021,sheet-13-R022,sheet-13-R023,sheet-13-R024,sheet-13-R025,sheet-13-R026,sheet-13-R027,sheet-13-R028,sheet-13-R029,sheet-13-R030,sheet-13-R031,sheet-13-R032,sheet-13-R033,sheet-13-R034,sheet-13-R035,sheet-13-R036,sheet-13-R037,sheet-13-R039,sheet-13-R040,sheet-13-R041,sheet-13-R042,sheet-13-R043,sheet-13-R044,sheet-13-R045,sheet-13-R046,sheet-13-R047,sheet-13-R048,sheet-13-R049,sheet-13-R050,sheet-13-R051		入力制限について
sheet-13-R039	0209	sheet-13	店舗登録	機能仕様	110	2236	sheet-13-B088			sheet-13-R002,sheet-13-R003,sheet-13-R004,sheet-13-R005,sheet-13-R006,sheet-13-R007,sheet-13-R008,sheet-13-R009,sheet-13-R010,sheet-13-R011,sheet-13-R012,sheet-13-R013,sheet-13-R014,sheet-13-R015,sheet-13-R016,sheet-13-R017,sheet-13-R018,sheet-13-R019,sheet-13-R020,sheet-13-R021,sheet-13-R022,sheet-13-R023,sheet-13-R024,sheet-13-R025,sheet-13-R026,sheet-13-R027,sheet-13-R028,sheet-13-R029,sheet-13-R030,sheet-13-R031,sheet-13-R032,sheet-13-R033,sheet-13-R034,sheet-13-R035,sheet-13-R036,sheet-13-R037,sheet-13-R038,sheet-13-R040,sheet-13-R041,sheet-13-R042,sheet-13-R043,sheet-13-R044,sheet-13-R045,sheet-13-R046,sheet-13-R047,sheet-13-R048,sheet-13-R049,sheet-13-R050,sheet-13-R051		・それぞれのシステムの標準に準拠する
sheet-13-R040	0209	sheet-13	店舗登録	機能仕様	111	2237	sheet-13-B088			sheet-13-R002,sheet-13-R003,sheet-13-R004,sheet-13-R005,sheet-13-R006,sheet-13-R007,sheet-13-R008,sheet-13-R009,sheet-13-R010,sheet-13-R011,sheet-13-R012,sheet-13-R013,sheet-13-R014,sheet-13-R015,sheet-13-R016,sheet-13-R017,sheet-13-R018,sheet-13-R019,sheet-13-R020,sheet-13-R021,sheet-13-R022,sheet-13-R023,sheet-13-R024,sheet-13-R025,sheet-13-R026,sheet-13-R027,sheet-13-R028,sheet-13-R029,sheet-13-R030,sheet-13-R031,sheet-13-R032,sheet-13-R033,sheet-13-R034,sheet-13-R035,sheet-13-R036,sheet-13-R037,sheet-13-R038,sheet-13-R039,sheet-13-R041,sheet-13-R042,sheet-13-R043,sheet-13-R044,sheet-13-R045,sheet-13-R046,sheet-13-R047,sheet-13-R048,sheet-13-R049,sheet-13-R050,sheet-13-R051		登録時の処理について
sheet-13-R041	0209	sheet-13	店舗登録	機能仕様	112	2238	sheet-13-B088			sheet-13-R002,sheet-13-R003,sheet-13-R004,sheet-13-R005,sheet-13-R006,sheet-13-R007,sheet-13-R008,sheet-13-R009,sheet-13-R010,sheet-13-R011,sheet-13-R012,sheet-13-R013,sheet-13-R014,sheet-13-R015,sheet-13-R016,sheet-13-R017,sheet-13-R018,sheet-13-R019,sheet-13-R020,sheet-13-R021,sheet-13-R022,sheet-13-R023,sheet-13-R024,sheet-13-R025,sheet-13-R026,sheet-13-R027,sheet-13-R028,sheet-13-R029,sheet-13-R030,sheet-13-R031,sheet-13-R032,sheet-13-R033,sheet-13-R034,sheet-13-R035,sheet-13-R036,sheet-13-R037,sheet-13-R038,sheet-13-R039,sheet-13-R040,sheet-13-R042,sheet-13-R043,sheet-13-R044,sheet-13-R045,sheet-13-R046,sheet-13-R047,sheet-13-R048,sheet-13-R049,sheet-13-R050,sheet-13-R051		・追加された項目で、支店の項目は登録処理を支店と同じ処理にする
sheet-13-R042	0209	sheet-13	店舗登録	機能仕様	113	2239	sheet-13-B088			sheet-13-R002,sheet-13-R003,sheet-13-R004,sheet-13-R005,sheet-13-R006,sheet-13-R007,sheet-13-R008,sheet-13-R009,sheet-13-R010,sheet-13-R011,sheet-13-R012,sheet-13-R013,sheet-13-R014,sheet-13-R015,sheet-13-R016,sheet-13-R017,sheet-13-R018,sheet-13-R019,sheet-13-R020,sheet-13-R021,sheet-13-R022,sheet-13-R023,sheet-13-R024,sheet-13-R025,sheet-13-R026,sheet-13-R027,sheet-13-R028,sheet-13-R029,sheet-13-R030,sheet-13-R031,sheet-13-R032,sheet-13-R033,sheet-13-R034,sheet-13-R035,sheet-13-R036,sheet-13-R037,sheet-13-R038,sheet-13-R039,sheet-13-R040,sheet-13-R041,sheet-13-R043,sheet-13-R044,sheet-13-R045,sheet-13-R046,sheet-13-R047,sheet-13-R048,sheet-13-R049,sheet-13-R050,sheet-13-R051		・登録完了時、初期在庫を作成する
sheet-13-R043	0209	sheet-13	店舗登録	機能仕様	114	2240	sheet-13-B088			sheet-13-R002,sheet-13-R003,sheet-13-R004,sheet-13-R005,sheet-13-R006,sheet-13-R007,sheet-13-R008,sheet-13-R009,sheet-13-R010,sheet-13-R011,sheet-13-R012,sheet-13-R013,sheet-13-R014,sheet-13-R015,sheet-13-R016,sheet-13-R017,sheet-13-R018,sheet-13-R019,sheet-13-R020,sheet-13-R021,sheet-13-R022,sheet-13-R023,sheet-13-R024,sheet-13-R025,sheet-13-R026,sheet-13-R027,sheet-13-R028,sheet-13-R029,sheet-13-R030,sheet-13-R031,sheet-13-R032,sheet-13-R033,sheet-13-R034,sheet-13-R035,sheet-13-R036,sheet-13-R037,sheet-13-R038,sheet-13-R039,sheet-13-R040,sheet-13-R041,sheet-13-R042,sheet-13-R044,sheet-13-R045,sheet-13-R046,sheet-13-R047,sheet-13-R048,sheet-13-R049,sheet-13-R050,sheet-13-R051		店舗属性による設定マトリクス
sheet-13-R044	0209	sheet-13	店舗登録	機能仕様	115	2241	sheet-13-B088			sheet-13-R002,sheet-13-R003,sheet-13-R004,sheet-13-R005,sheet-13-R006,sheet-13-R007,sheet-13-R008,sheet-13-R009,sheet-13-R010,sheet-13-R011,sheet-13-R012,sheet-13-R013,sheet-13-R014,sheet-13-R015,sheet-13-R016,sheet-13-R017,sheet-13-R018,sheet-13-R019,sheet-13-R020,sheet-13-R021,sheet-13-R022,sheet-13-R023,sheet-13-R024,sheet-13-R025,sheet-13-R026,sheet-13-R027,sheet-13-R028,sheet-13-R029,sheet-13-R030,sheet-13-R031,sheet-13-R032,sheet-13-R033,sheet-13-R034,sheet-13-R035,sheet-13-R036,sheet-13-R037,sheet-13-R038,sheet-13-R039,sheet-13-R040,sheet-13-R041,sheet-13-R042,sheet-13-R043,sheet-13-R045,sheet-13-R046,sheet-13-R047,sheet-13-R048,sheet-13-R049,sheet-13-R050,sheet-13-R051		"店舗タイプ	店舗属性	店舗公開管理"
sheet-13-R045	0209	sheet-13	店舗登録	機能仕様	116	2242	sheet-13-B088			sheet-13-R002,sheet-13-R003,sheet-13-R004,sheet-13-R005,sheet-13-R006,sheet-13-R007,sheet-13-R008,sheet-13-R009,sheet-13-R010,sheet-13-R011,sheet-13-R012,sheet-13-R013,sheet-13-R014,sheet-13-R015,sheet-13-R016,sheet-13-R017,sheet-13-R018,sheet-13-R019,sheet-13-R020,sheet-13-R021,sheet-13-R022,sheet-13-R023,sheet-13-R024,sheet-13-R025,sheet-13-R026,sheet-13-R027,sheet-13-R028,sheet-13-R029,sheet-13-R030,sheet-13-R031,sheet-13-R032,sheet-13-R033,sheet-13-R034,sheet-13-R035,sheet-13-R036,sheet-13-R037,sheet-13-R038,sheet-13-R039,sheet-13-R040,sheet-13-R041,sheet-13-R042,sheet-13-R043,sheet-13-R044,sheet-13-R046,sheet-13-R047,sheet-13-R048,sheet-13-R049,sheet-13-R050,sheet-13-R051		"TC東京	本店	公開"
sheet-13-R046	0209	sheet-13	店舗登録	機能仕様	117	2243	sheet-13-B088			sheet-13-R002,sheet-13-R003,sheet-13-R004,sheet-13-R005,sheet-13-R006,sheet-13-R007,sheet-13-R008,sheet-13-R009,sheet-13-R010,sheet-13-R011,sheet-13-R012,sheet-13-R013,sheet-13-R014,sheet-13-R015,sheet-13-R016,sheet-13-R017,sheet-13-R018,sheet-13-R019,sheet-13-R020,sheet-13-R021,sheet-13-R022,sheet-13-R023,sheet-13-R024,sheet-13-R025,sheet-13-R026,sheet-13-R027,sheet-13-R028,sheet-13-R029,sheet-13-R030,sheet-13-R031,sheet-13-R032,sheet-13-R033,sheet-13-R034,sheet-13-R035,sheet-13-R036,sheet-13-R037,sheet-13-R038,sheet-13-R039,sheet-13-R040,sheet-13-R041,sheet-13-R042,sheet-13-R043,sheet-13-R044,sheet-13-R045,sheet-13-R047,sheet-13-R048,sheet-13-R049,sheet-13-R050,sheet-13-R051		"本店3F	本店	非公開"
sheet-13-R047	0209	sheet-13	店舗登録	機能仕様	118	2244	sheet-13-B088			sheet-13-R002,sheet-13-R003,sheet-13-R004,sheet-13-R005,sheet-13-R006,sheet-13-R007,sheet-13-R008,sheet-13-R009,sheet-13-R010,sheet-13-R011,sheet-13-R012,sheet-13-R013,sheet-13-R014,sheet-13-R015,sheet-13-R016,sheet-13-R017,sheet-13-R018,sheet-13-R019,sheet-13-R020,sheet-13-R021,sheet-13-R022,sheet-13-R023,sheet-13-R024,sheet-13-R025,sheet-13-R026,sheet-13-R027,sheet-13-R028,sheet-13-R029,sheet-13-R030,sheet-13-R031,sheet-13-R032,sheet-13-R033,sheet-13-R034,sheet-13-R035,sheet-13-R036,sheet-13-R037,sheet-13-R038,sheet-13-R039,sheet-13-R040,sheet-13-R041,sheet-13-R042,sheet-13-R043,sheet-13-R044,sheet-13-R045,sheet-13-R046,sheet-13-R048,sheet-13-R049,sheet-13-R050,sheet-13-R051		"B2F	本店	非公開"
sheet-13-R048	0209	sheet-13	店舗登録	機能仕様	119	2245	sheet-13-B088			sheet-13-R002,sheet-13-R003,sheet-13-R004,sheet-13-R005,sheet-13-R006,sheet-13-R007,sheet-13-R008,sheet-13-R009,sheet-13-R010,sheet-13-R011,sheet-13-R012,sheet-13-R013,sheet-13-R014,sheet-13-R015,sheet-13-R016,sheet-13-R017,sheet-13-R018,sheet-13-R019,sheet-13-R020,sheet-13-R021,sheet-13-R022,sheet-13-R023,sheet-13-R024,sheet-13-R025,sheet-13-R026,sheet-13-R027,sheet-13-R028,sheet-13-R029,sheet-13-R030,sheet-13-R031,sheet-13-R032,sheet-13-R033,sheet-13-R034,sheet-13-R035,sheet-13-R036,sheet-13-R037,sheet-13-R038,sheet-13-R039,sheet-13-R040,sheet-13-R041,sheet-13-R042,sheet-13-R043,sheet-13-R044,sheet-13-R045,sheet-13-R046,sheet-13-R047,sheet-13-R049,sheet-13-R050,sheet-13-R051		"NIAビル	本店	非公開"
sheet-13-R049	0209	sheet-13	店舗登録	機能仕様	120	2246	sheet-13-B088			sheet-13-R002,sheet-13-R003,sheet-13-R004,sheet-13-R005,sheet-13-R006,sheet-13-R007,sheet-13-R008,sheet-13-R009,sheet-13-R010,sheet-13-R011,sheet-13-R012,sheet-13-R013,sheet-13-R014,sheet-13-R015,sheet-13-R016,sheet-13-R017,sheet-13-R018,sheet-13-R019,sheet-13-R020,sheet-13-R021,sheet-13-R022,sheet-13-R023,sheet-13-R024,sheet-13-R025,sheet-13-R026,sheet-13-R027,sheet-13-R028,sheet-13-R029,sheet-13-R030,sheet-13-R031,sheet-13-R032,sheet-13-R033,sheet-13-R034,sheet-13-R035,sheet-13-R036,sheet-13-R037,sheet-13-R038,sheet-13-R039,sheet-13-R040,sheet-13-R041,sheet-13-R042,sheet-13-R043,sheet-13-R044,sheet-13-R045,sheet-13-R046,sheet-13-R047,sheet-13-R048,sheet-13-R050,sheet-13-R051		"支店全店	支店	公開"
sheet-13-R050	0209	sheet-13	店舗登録	機能仕様	121	2247	sheet-13-B088			sheet-13-R002,sheet-13-R003,sheet-13-R004,sheet-13-R005,sheet-13-R006,sheet-13-R007,sheet-13-R008,sheet-13-R009,sheet-13-R010,sheet-13-R011,sheet-13-R012,sheet-13-R013,sheet-13-R014,sheet-13-R015,sheet-13-R016,sheet-13-R017,sheet-13-R018,sheet-13-R019,sheet-13-R020,sheet-13-R021,sheet-13-R022,sheet-13-R023,sheet-13-R024,sheet-13-R025,sheet-13-R026,sheet-13-R027,sheet-13-R028,sheet-13-R029,sheet-13-R030,sheet-13-R031,sheet-13-R032,sheet-13-R033,sheet-13-R034,sheet-13-R035,sheet-13-R036,sheet-13-R037,sheet-13-R038,sheet-13-R039,sheet-13-R040,sheet-13-R041,sheet-13-R042,sheet-13-R043,sheet-13-R044,sheet-13-R045,sheet-13-R046,sheet-13-R047,sheet-13-R048,sheet-13-R049,sheet-13-R051		"成田倉庫	支店	非公開"
sheet-13-R051	0209	sheet-13	店舗登録	機能仕様	122	2248	sheet-13-B088			sheet-13-R002,sheet-13-R003,sheet-13-R004,sheet-13-R005,sheet-13-R006,sheet-13-R007,sheet-13-R008,sheet-13-R009,sheet-13-R010,sheet-13-R011,sheet-13-R012,sheet-13-R013,sheet-13-R014,sheet-13-R015,sheet-13-R016,sheet-13-R017,sheet-13-R018,sheet-13-R019,sheet-13-R020,sheet-13-R021,sheet-13-R022,sheet-13-R023,sheet-13-R024,sheet-13-R025,sheet-13-R026,sheet-13-R027,sheet-13-R028,sheet-13-R029,sheet-13-R030,sheet-13-R031,sheet-13-R032,sheet-13-R033,sheet-13-R034,sheet-13-R035,sheet-13-R036,sheet-13-R037,sheet-13-R038,sheet-13-R039,sheet-13-R040,sheet-13-R041,sheet-13-R042,sheet-13-R043,sheet-13-R044,sheet-13-R045,sheet-13-R046,sheet-13-R047,sheet-13-R048,sheet-13-R049,sheet-13-R050		"ブース出店	支店	非公開"
sheet-13-R052	0209	sheet-13	店舗登録	項目定義	124	2250	sheet-13-B089			sheet-13-R053,sheet-13-R054,sheet-13-R055,sheet-13-R056,sheet-13-R057,sheet-13-R058,sheet-13-R059,sheet-13-R060,sheet-13-R061,sheet-13-R062,sheet-13-R063,sheet-13-R064,sheet-13-R065,sheet-13-R066,sheet-13-R067,sheet-13-R068,sheet-13-R069,sheet-13-R070,sheet-13-R071,sheet-13-R072,sheet-13-R073,sheet-13-R074,sheet-13-R075,sheet-13-R076,sheet-13-R077,sheet-13-R078,sheet-13-R079,sheet-13-R080,sheet-13-R081,sheet-13-R082,sheet-13-R083,sheet-13-R084,sheet-13-R085,sheet-13-R086,sheet-13-R087,sheet-13-R088,sheet-13-R089,sheet-13-R090,sheet-13-R091,sheet-13-R092,sheet-13-R093,sheet-13-R094,sheet-13-R095,sheet-13-R096,sheet-13-R097,sheet-13-R098,sheet-13-R099,sheet-13-R100,sheet-13-R101,sheet-13-R102,sheet-13-R103,sheet-13-R104,sheet-13-R105,sheet-13-R106,sheet-13-R107,sheet-13-R108,sheet-13-R109,sheet-13-R110,sheet-13-R111,sheet-13-R112,sheet-13-R113,sheet-13-R114,sheet-13-R115,sheet-13-R116,sheet-13-R117	"識別ID	ラベル	書式・制限	必須	最大値	初期値	画面部品の説明"	店舗情報
sheet-13-R053	0209	sheet-13	店舗登録	項目定義	125	2251	sheet-13-B089			sheet-13-R052,sheet-13-R054,sheet-13-R055,sheet-13-R056,sheet-13-R057,sheet-13-R058,sheet-13-R059,sheet-13-R060,sheet-13-R061,sheet-13-R062,sheet-13-R063,sheet-13-R064,sheet-13-R065,sheet-13-R066,sheet-13-R067,sheet-13-R068,sheet-13-R069,sheet-13-R070,sheet-13-R071,sheet-13-R072,sheet-13-R073,sheet-13-R074,sheet-13-R075,sheet-13-R076,sheet-13-R077,sheet-13-R078,sheet-13-R079,sheet-13-R080,sheet-13-R081,sheet-13-R082,sheet-13-R083,sheet-13-R084,sheet-13-R085,sheet-13-R086,sheet-13-R087,sheet-13-R088,sheet-13-R089,sheet-13-R090,sheet-13-R091,sheet-13-R092,sheet-13-R093,sheet-13-R094,sheet-13-R095,sheet-13-R096,sheet-13-R097,sheet-13-R098,sheet-13-R099,sheet-13-R100,sheet-13-R101,sheet-13-R102,sheet-13-R103,sheet-13-R104,sheet-13-R105,sheet-13-R106,sheet-13-R107,sheet-13-R108,sheet-13-R109,sheet-13-R110,sheet-13-R111,sheet-13-R112,sheet-13-R113,sheet-13-R114,sheet-13-R115,sheet-13-R116,sheet-13-R117	"識別ID	ラベル	書式・制限	必須	最大値	初期値	画面部品の説明"	"1-1	会社名	全角・半角	○	255文字	-	現行支店システムに準拠"
sheet-13-R054	0209	sheet-13	店舗登録	項目定義	126	2252	sheet-13-B089			sheet-13-R052,sheet-13-R053,sheet-13-R055,sheet-13-R056,sheet-13-R057,sheet-13-R058,sheet-13-R059,sheet-13-R060,sheet-13-R061,sheet-13-R062,sheet-13-R063,sheet-13-R064,sheet-13-R065,sheet-13-R066,sheet-13-R067,sheet-13-R068,sheet-13-R069,sheet-13-R070,sheet-13-R071,sheet-13-R072,sheet-13-R073,sheet-13-R074,sheet-13-R075,sheet-13-R076,sheet-13-R077,sheet-13-R078,sheet-13-R079,sheet-13-R080,sheet-13-R081,sheet-13-R082,sheet-13-R083,sheet-13-R084,sheet-13-R085,sheet-13-R086,sheet-13-R087,sheet-13-R088,sheet-13-R089,sheet-13-R090,sheet-13-R091,sheet-13-R092,sheet-13-R093,sheet-13-R094,sheet-13-R095,sheet-13-R096,sheet-13-R097,sheet-13-R098,sheet-13-R099,sheet-13-R100,sheet-13-R101,sheet-13-R102,sheet-13-R103,sheet-13-R104,sheet-13-R105,sheet-13-R106,sheet-13-R107,sheet-13-R108,sheet-13-R109,sheet-13-R110,sheet-13-R111,sheet-13-R112,sheet-13-R113,sheet-13-R114,sheet-13-R115,sheet-13-R116,sheet-13-R117	"識別ID	ラベル	書式・制限	必須	最大値	初期値	画面部品の説明"	"1-2	会社名(カナ)	カタカナ	○	255文字	-	現行支店システムに準拠"
sheet-13-R055	0209	sheet-13	店舗登録	項目定義	127	2253	sheet-13-B089			sheet-13-R052,sheet-13-R053,sheet-13-R054,sheet-13-R056,sheet-13-R057,sheet-13-R058,sheet-13-R059,sheet-13-R060,sheet-13-R061,sheet-13-R062,sheet-13-R063,sheet-13-R064,sheet-13-R065,sheet-13-R066,sheet-13-R067,sheet-13-R068,sheet-13-R069,sheet-13-R070,sheet-13-R071,sheet-13-R072,sheet-13-R073,sheet-13-R074,sheet-13-R075,sheet-13-R076,sheet-13-R077,sheet-13-R078,sheet-13-R079,sheet-13-R080,sheet-13-R081,sheet-13-R082,sheet-13-R083,sheet-13-R084,sheet-13-R085,sheet-13-R086,sheet-13-R087,sheet-13-R088,sheet-13-R089,sheet-13-R090,sheet-13-R091,sheet-13-R092,sheet-13-R093,sheet-13-R094,sheet-13-R095,sheet-13-R096,sheet-13-R097,sheet-13-R098,sheet-13-R099,sheet-13-R100,sheet-13-R101,sheet-13-R102,sheet-13-R103,sheet-13-R104,sheet-13-R105,sheet-13-R106,sheet-13-R107,sheet-13-R108,sheet-13-R109,sheet-13-R110,sheet-13-R111,sheet-13-R112,sheet-13-R113,sheet-13-R114,sheet-13-R115,sheet-13-R116,sheet-13-R117	"識別ID	ラベル	書式・制限	必須	最大値	初期値	画面部品の説明"	"1-3	店名	全角・半角	○	255文字	-	現行支店システムに準拠"
sheet-13-R056	0209	sheet-13	店舗登録	項目定義	128	2254	sheet-13-B089			sheet-13-R052,sheet-13-R053,sheet-13-R054,sheet-13-R055,sheet-13-R057,sheet-13-R058,sheet-13-R059,sheet-13-R060,sheet-13-R061,sheet-13-R062,sheet-13-R063,sheet-13-R064,sheet-13-R065,sheet-13-R066,sheet-13-R067,sheet-13-R068,sheet-13-R069,sheet-13-R070,sheet-13-R071,sheet-13-R072,sheet-13-R073,sheet-13-R074,sheet-13-R075,sheet-13-R076,sheet-13-R077,sheet-13-R078,sheet-13-R079,sheet-13-R080,sheet-13-R081,sheet-13-R082,sheet-13-R083,sheet-13-R084,sheet-13-R085,sheet-13-R086,sheet-13-R087,sheet-13-R088,sheet-13-R089,sheet-13-R090,sheet-13-R091,sheet-13-R092,sheet-13-R093,sheet-13-R094,sheet-13-R095,sheet-13-R096,sheet-13-R097,sheet-13-R098,sheet-13-R099,sheet-13-R100,sheet-13-R101,sheet-13-R102,sheet-13-R103,sheet-13-R104,sheet-13-R105,sheet-13-R106,sheet-13-R107,sheet-13-R108,sheet-13-R109,sheet-13-R110,sheet-13-R111,sheet-13-R112,sheet-13-R113,sheet-13-R114,sheet-13-R115,sheet-13-R116,sheet-13-R117	"識別ID	ラベル	書式・制限	必須	最大値	初期値	画面部品の説明"	"1-4	店名(カナ)	カタカナ	○	255文字	-	現行支店システムに準拠"
sheet-13-R057	0209	sheet-13	店舗登録	項目定義	129	2255	sheet-13-B089			sheet-13-R052,sheet-13-R053,sheet-13-R054,sheet-13-R055,sheet-13-R056,sheet-13-R058,sheet-13-R059,sheet-13-R060,sheet-13-R061,sheet-13-R062,sheet-13-R063,sheet-13-R064,sheet-13-R065,sheet-13-R066,sheet-13-R067,sheet-13-R068,sheet-13-R069,sheet-13-R070,sheet-13-R071,sheet-13-R072,sheet-13-R073,sheet-13-R074,sheet-13-R075,sheet-13-R076,sheet-13-R077,sheet-13-R078,sheet-13-R079,sheet-13-R080,sheet-13-R081,sheet-13-R082,sheet-13-R083,sheet-13-R084,sheet-13-R085,sheet-13-R086,sheet-13-R087,sheet-13-R088,sheet-13-R089,sheet-13-R090,sheet-13-R091,sheet-13-R092,sheet-13-R093,sheet-13-R094,sheet-13-R095,sheet-13-R096,sheet-13-R097,sheet-13-R098,sheet-13-R099,sheet-13-R100,sheet-13-R101,sheet-13-R102,sheet-13-R103,sheet-13-R104,sheet-13-R105,sheet-13-R106,sheet-13-R107,sheet-13-R108,sheet-13-R109,sheet-13-R110,sheet-13-R111,sheet-13-R112,sheet-13-R113,sheet-13-R114,sheet-13-R115,sheet-13-R116,sheet-13-R117	"識別ID	ラベル	書式・制限	必須	最大値	初期値	画面部品の説明"	"1-5	店名(英語表記)	半角英字、スペース	○	255文字	-	現行支店システムに準拠"
sheet-13-R058	0209	sheet-13	店舗登録	項目定義	130	2256	sheet-13-B089			sheet-13-R052,sheet-13-R053,sheet-13-R054,sheet-13-R055,sheet-13-R056,sheet-13-R057,sheet-13-R059,sheet-13-R060,sheet-13-R061,sheet-13-R062,sheet-13-R063,sheet-13-R064,sheet-13-R065,sheet-13-R066,sheet-13-R067,sheet-13-R068,sheet-13-R069,sheet-13-R070,sheet-13-R071,sheet-13-R072,sheet-13-R073,sheet-13-R074,sheet-13-R075,sheet-13-R076,sheet-13-R077,sheet-13-R078,sheet-13-R079,sheet-13-R080,sheet-13-R081,sheet-13-R082,sheet-13-R083,sheet-13-R084,sheet-13-R085,sheet-13-R086,sheet-13-R087,sheet-13-R088,sheet-13-R089,sheet-13-R090,sheet-13-R091,sheet-13-R092,sheet-13-R093,sheet-13-R094,sheet-13-R095,sheet-13-R096,sheet-13-R097,sheet-13-R098,sheet-13-R099,sheet-13-R100,sheet-13-R101,sheet-13-R102,sheet-13-R103,sheet-13-R104,sheet-13-R105,sheet-13-R106,sheet-13-R107,sheet-13-R108,sheet-13-R109,sheet-13-R110,sheet-13-R111,sheet-13-R112,sheet-13-R113,sheet-13-R114,sheet-13-R115,sheet-13-R116,sheet-13-R117	"識別ID	ラベル	書式・制限	必須	最大値	初期値	画面部品の説明"	"1-6	支店URL	半角英数、スペース	○	255文字	-	現行支店システムのHTMLのclass属性名に準拠"
sheet-13-R059	0209	sheet-13	店舗登録	項目定義	131	2257	sheet-13-B089			sheet-13-R052,sheet-13-R053,sheet-13-R054,sheet-13-R055,sheet-13-R056,sheet-13-R057,sheet-13-R058,sheet-13-R060,sheet-13-R061,sheet-13-R062,sheet-13-R063,sheet-13-R064,sheet-13-R065,sheet-13-R066,sheet-13-R067,sheet-13-R068,sheet-13-R069,sheet-13-R070,sheet-13-R071,sheet-13-R072,sheet-13-R073,sheet-13-R074,sheet-13-R075,sheet-13-R076,sheet-13-R077,sheet-13-R078,sheet-13-R079,sheet-13-R080,sheet-13-R081,sheet-13-R082,sheet-13-R083,sheet-13-R084,sheet-13-R085,sheet-13-R086,sheet-13-R087,sheet-13-R088,sheet-13-R089,sheet-13-R090,sheet-13-R091,sheet-13-R092,sheet-13-R093,sheet-13-R094,sheet-13-R095,sheet-13-R096,sheet-13-R097,sheet-13-R098,sheet-13-R099,sheet-13-R100,sheet-13-R101,sheet-13-R102,sheet-13-R103,sheet-13-R104,sheet-13-R105,sheet-13-R106,sheet-13-R107,sheet-13-R108,sheet-13-R109,sheet-13-R110,sheet-13-R111,sheet-13-R112,sheet-13-R113,sheet-13-R114,sheet-13-R115,sheet-13-R116,sheet-13-R117	"識別ID	ラベル	書式・制限	必須	最大値	初期値	画面部品の説明"	"1-7	店舗種別	ラジオボタン	-	-	支店	選択肢:支店 本店"
sheet-13-R060	0209	sheet-13	店舗登録	項目定義	132	2258	sheet-13-B089			sheet-13-R052,sheet-13-R053,sheet-13-R054,sheet-13-R055,sheet-13-R056,sheet-13-R057,sheet-13-R058,sheet-13-R059,sheet-13-R061,sheet-13-R062,sheet-13-R063,sheet-13-R064,sheet-13-R065,sheet-13-R066,sheet-13-R067,sheet-13-R068,sheet-13-R069,sheet-13-R070,sheet-13-R071,sheet-13-R072,sheet-13-R073,sheet-13-R074,sheet-13-R075,sheet-13-R076,sheet-13-R077,sheet-13-R078,sheet-13-R079,sheet-13-R080,sheet-13-R081,sheet-13-R082,sheet-13-R083,sheet-13-R084,sheet-13-R085,sheet-13-R086,sheet-13-R087,sheet-13-R088,sheet-13-R089,sheet-13-R090,sheet-13-R091,sheet-13-R092,sheet-13-R093,sheet-13-R094,sheet-13-R095,sheet-13-R096,sheet-13-R097,sheet-13-R098,sheet-13-R099,sheet-13-R100,sheet-13-R101,sheet-13-R102,sheet-13-R103,sheet-13-R104,sheet-13-R105,sheet-13-R106,sheet-13-R107,sheet-13-R108,sheet-13-R109,sheet-13-R110,sheet-13-R111,sheet-13-R112,sheet-13-R113,sheet-13-R114,sheet-13-R115,sheet-13-R116,sheet-13-R117	"識別ID	ラベル	書式・制限	必須	最大値	初期値	画面部品の説明"	"1-8	公開	ラジオボタン	-	-	非公開	選択肢:非公開 公開"
sheet-13-R061	0209	sheet-13	店舗登録	項目定義	133	2259	sheet-13-B089			sheet-13-R052,sheet-13-R053,sheet-13-R054,sheet-13-R055,sheet-13-R056,sheet-13-R057,sheet-13-R058,sheet-13-R059,sheet-13-R060,sheet-13-R062,sheet-13-R063,sheet-13-R064,sheet-13-R065,sheet-13-R066,sheet-13-R067,sheet-13-R068,sheet-13-R069,sheet-13-R070,sheet-13-R071,sheet-13-R072,sheet-13-R073,sheet-13-R074,sheet-13-R075,sheet-13-R076,sheet-13-R077,sheet-13-R078,sheet-13-R079,sheet-13-R080,sheet-13-R081,sheet-13-R082,sheet-13-R083,sheet-13-R084,sheet-13-R085,sheet-13-R086,sheet-13-R087,sheet-13-R088,sheet-13-R089,sheet-13-R090,sheet-13-R091,sheet-13-R092,sheet-13-R093,sheet-13-R094,sheet-13-R095,sheet-13-R096,sheet-13-R097,sheet-13-R098,sheet-13-R099,sheet-13-R100,sheet-13-R101,sheet-13-R102,sheet-13-R103,sheet-13-R104,sheet-13-R105,sheet-13-R106,sheet-13-R107,sheet-13-R108,sheet-13-R109,sheet-13-R110,sheet-13-R111,sheet-13-R112,sheet-13-R113,sheet-13-R114,sheet-13-R115,sheet-13-R116,sheet-13-R117	"識別ID	ラベル	書式・制限	必須	最大値	初期値	画面部品の説明"	非公開は、開店前の店舗や在庫管理用の店舗として使用
sheet-13-R062	0209	sheet-13	店舗登録	項目定義	134	2260	sheet-13-B089			sheet-13-R052,sheet-13-R053,sheet-13-R054,sheet-13-R055,sheet-13-R056,sheet-13-R057,sheet-13-R058,sheet-13-R059,sheet-13-R060,sheet-13-R061,sheet-13-R063,sheet-13-R064,sheet-13-R065,sheet-13-R066,sheet-13-R067,sheet-13-R068,sheet-13-R069,sheet-13-R070,sheet-13-R071,sheet-13-R072,sheet-13-R073,sheet-13-R074,sheet-13-R075,sheet-13-R076,sheet-13-R077,sheet-13-R078,sheet-13-R079,sheet-13-R080,sheet-13-R081,sheet-13-R082,sheet-13-R083,sheet-13-R084,sheet-13-R085,sheet-13-R086,sheet-13-R087,sheet-13-R088,sheet-13-R089,sheet-13-R090,sheet-13-R091,sheet-13-R092,sheet-13-R093,sheet-13-R094,sheet-13-R095,sheet-13-R096,sheet-13-R097,sheet-13-R098,sheet-13-R099,sheet-13-R100,sheet-13-R101,sheet-13-R102,sheet-13-R103,sheet-13-R104,sheet-13-R105,sheet-13-R106,sheet-13-R107,sheet-13-R108,sheet-13-R109,sheet-13-R110,sheet-13-R111,sheet-13-R112,sheet-13-R113,sheet-13-R114,sheet-13-R115,sheet-13-R116,sheet-13-R117	"識別ID	ラベル	書式・制限	必須	最大値	初期値	画面部品の説明"	"1-9	開店	ラジオボタン	-	-	閉店	選択肢:閉店 開店"
sheet-13-R063	0209	sheet-13	店舗登録	項目定義	135	2261	sheet-13-B089			sheet-13-R052,sheet-13-R053,sheet-13-R054,sheet-13-R055,sheet-13-R056,sheet-13-R057,sheet-13-R058,sheet-13-R059,sheet-13-R060,sheet-13-R061,sheet-13-R062,sheet-13-R064,sheet-13-R065,sheet-13-R066,sheet-13-R067,sheet-13-R068,sheet-13-R069,sheet-13-R070,sheet-13-R071,sheet-13-R072,sheet-13-R073,sheet-13-R074,sheet-13-R075,sheet-13-R076,sheet-13-R077,sheet-13-R078,sheet-13-R079,sheet-13-R080,sheet-13-R081,sheet-13-R082,sheet-13-R083,sheet-13-R084,sheet-13-R085,sheet-13-R086,sheet-13-R087,sheet-13-R088,sheet-13-R089,sheet-13-R090,sheet-13-R091,sheet-13-R092,sheet-13-R093,sheet-13-R094,sheet-13-R095,sheet-13-R096,sheet-13-R097,sheet-13-R098,sheet-13-R099,sheet-13-R100,sheet-13-R101,sheet-13-R102,sheet-13-R103,sheet-13-R104,sheet-13-R105,sheet-13-R106,sheet-13-R107,sheet-13-R108,sheet-13-R109,sheet-13-R110,sheet-13-R111,sheet-13-R112,sheet-13-R113,sheet-13-R114,sheet-13-R115,sheet-13-R116,sheet-13-R117	"識別ID	ラベル	書式・制限	必須	最大値	初期値	画面部品の説明"	閉店フラグは論理削除の扱い
sheet-13-R064	0209	sheet-13	店舗登録	項目定義	136	2262	sheet-13-B089			sheet-13-R052,sheet-13-R053,sheet-13-R054,sheet-13-R055,sheet-13-R056,sheet-13-R057,sheet-13-R058,sheet-13-R059,sheet-13-R060,sheet-13-R061,sheet-13-R062,sheet-13-R063,sheet-13-R065,sheet-13-R066,sheet-13-R067,sheet-13-R068,sheet-13-R069,sheet-13-R070,sheet-13-R071,sheet-13-R072,sheet-13-R073,sheet-13-R074,sheet-13-R075,sheet-13-R076,sheet-13-R077,sheet-13-R078,sheet-13-R079,sheet-13-R080,sheet-13-R081,sheet-13-R082,sheet-13-R083,sheet-13-R084,sheet-13-R085,sheet-13-R086,sheet-13-R087,sheet-13-R088,sheet-13-R089,sheet-13-R090,sheet-13-R091,sheet-13-R092,sheet-13-R093,sheet-13-R094,sheet-13-R095,sheet-13-R096,sheet-13-R097,sheet-13-R098,sheet-13-R099,sheet-13-R100,sheet-13-R101,sheet-13-R102,sheet-13-R103,sheet-13-R104,sheet-13-R105,sheet-13-R106,sheet-13-R107,sheet-13-R108,sheet-13-R109,sheet-13-R110,sheet-13-R111,sheet-13-R112,sheet-13-R113,sheet-13-R114,sheet-13-R115,sheet-13-R116,sheet-13-R117	"識別ID	ラベル	書式・制限	必須	最大値	初期値	画面部品の説明"	"1-10	住所	全角・半角	○	32文字	-	現行支店システムに準拠"
sheet-13-R065	0209	sheet-13	店舗登録	項目定義	137	2263	sheet-13-B089			sheet-13-R052,sheet-13-R053,sheet-13-R054,sheet-13-R055,sheet-13-R056,sheet-13-R057,sheet-13-R058,sheet-13-R059,sheet-13-R060,sheet-13-R061,sheet-13-R062,sheet-13-R063,sheet-13-R064,sheet-13-R066,sheet-13-R067,sheet-13-R068,sheet-13-R069,sheet-13-R070,sheet-13-R071,sheet-13-R072,sheet-13-R073,sheet-13-R074,sheet-13-R075,sheet-13-R076,sheet-13-R077,sheet-13-R078,sheet-13-R079,sheet-13-R080,sheet-13-R081,sheet-13-R082,sheet-13-R083,sheet-13-R084,sheet-13-R085,sheet-13-R086,sheet-13-R087,sheet-13-R088,sheet-13-R089,sheet-13-R090,sheet-13-R091,sheet-13-R092,sheet-13-R093,sheet-13-R094,sheet-13-R095,sheet-13-R096,sheet-13-R097,sheet-13-R098,sheet-13-R099,sheet-13-R100,sheet-13-R101,sheet-13-R102,sheet-13-R103,sheet-13-R104,sheet-13-R105,sheet-13-R106,sheet-13-R107,sheet-13-R108,sheet-13-R109,sheet-13-R110,sheet-13-R111,sheet-13-R112,sheet-13-R113,sheet-13-R114,sheet-13-R115,sheet-13-R116,sheet-13-R117	"識別ID	ラベル	書式・制限	必須	最大値	初期値	画面部品の説明"	"1-11	住所(英語表記)	半角英数、スペース	-	512文字	-	現行支店システムに準拠"
sheet-13-R066	0209	sheet-13	店舗登録	項目定義	138	2264	sheet-13-B089			sheet-13-R052,sheet-13-R053,sheet-13-R054,sheet-13-R055,sheet-13-R056,sheet-13-R057,sheet-13-R058,sheet-13-R059,sheet-13-R060,sheet-13-R061,sheet-13-R062,sheet-13-R063,sheet-13-R064,sheet-13-R065,sheet-13-R067,sheet-13-R068,sheet-13-R069,sheet-13-R070,sheet-13-R071,sheet-13-R072,sheet-13-R073,sheet-13-R074,sheet-13-R075,sheet-13-R076,sheet-13-R077,sheet-13-R078,sheet-13-R079,sheet-13-R080,sheet-13-R081,sheet-13-R082,sheet-13-R083,sheet-13-R084,sheet-13-R085,sheet-13-R086,sheet-13-R087,sheet-13-R088,sheet-13-R089,sheet-13-R090,sheet-13-R091,sheet-13-R092,sheet-13-R093,sheet-13-R094,sheet-13-R095,sheet-13-R096,sheet-13-R097,sheet-13-R098,sheet-13-R099,sheet-13-R100,sheet-13-R101,sheet-13-R102,sheet-13-R103,sheet-13-R104,sheet-13-R105,sheet-13-R106,sheet-13-R107,sheet-13-R108,sheet-13-R109,sheet-13-R110,sheet-13-R111,sheet-13-R112,sheet-13-R113,sheet-13-R114,sheet-13-R115,sheet-13-R116,sheet-13-R117	"識別ID	ラベル	書式・制限	必須	最大値	初期値	画面部品の説明"	"1-12	Google map埋め込みURL	全角・半角	-	255文字	-	-"
sheet-13-R067	0209	sheet-13	店舗登録	項目定義	139	2265	sheet-13-B089			sheet-13-R052,sheet-13-R053,sheet-13-R054,sheet-13-R055,sheet-13-R056,sheet-13-R057,sheet-13-R058,sheet-13-R059,sheet-13-R060,sheet-13-R061,sheet-13-R062,sheet-13-R063,sheet-13-R064,sheet-13-R065,sheet-13-R066,sheet-13-R068,sheet-13-R069,sheet-13-R070,sheet-13-R071,sheet-13-R072,sheet-13-R073,sheet-13-R074,sheet-13-R075,sheet-13-R076,sheet-13-R077,sheet-13-R078,sheet-13-R079,sheet-13-R080,sheet-13-R081,sheet-13-R082,sheet-13-R083,sheet-13-R084,sheet-13-R085,sheet-13-R086,sheet-13-R087,sheet-13-R088,sheet-13-R089,sheet-13-R090,sheet-13-R091,sheet-13-R092,sheet-13-R093,sheet-13-R094,sheet-13-R095,sheet-13-R096,sheet-13-R097,sheet-13-R098,sheet-13-R099,sheet-13-R100,sheet-13-R101,sheet-13-R102,sheet-13-R103,sheet-13-R104,sheet-13-R105,sheet-13-R106,sheet-13-R107,sheet-13-R108,sheet-13-R109,sheet-13-R110,sheet-13-R111,sheet-13-R112,sheet-13-R113,sheet-13-R114,sheet-13-R115,sheet-13-R116,sheet-13-R117	"識別ID	ラベル	書式・制限	必須	最大値	初期値	画面部品の説明"	"1-13	電話番号	半角数字	○	14文字	-	現行支店システムに準拠"
sheet-13-R068	0209	sheet-13	店舗登録	項目定義	140	2266	sheet-13-B089			sheet-13-R052,sheet-13-R053,sheet-13-R054,sheet-13-R055,sheet-13-R056,sheet-13-R057,sheet-13-R058,sheet-13-R059,sheet-13-R060,sheet-13-R061,sheet-13-R062,sheet-13-R063,sheet-13-R064,sheet-13-R065,sheet-13-R066,sheet-13-R067,sheet-13-R069,sheet-13-R070,sheet-13-R071,sheet-13-R072,sheet-13-R073,sheet-13-R074,sheet-13-R075,sheet-13-R076,sheet-13-R077,sheet-13-R078,sheet-13-R079,sheet-13-R080,sheet-13-R081,sheet-13-R082,sheet-13-R083,sheet-13-R084,sheet-13-R085,sheet-13-R086,sheet-13-R087,sheet-13-R088,sheet-13-R089,sheet-13-R090,sheet-13-R091,sheet-13-R092,sheet-13-R093,sheet-13-R094,sheet-13-R095,sheet-13-R096,sheet-13-R097,sheet-13-R098,sheet-13-R099,sheet-13-R100,sheet-13-R101,sheet-13-R102,sheet-13-R103,sheet-13-R104,sheet-13-R105,sheet-13-R106,sheet-13-R107,sheet-13-R108,sheet-13-R109,sheet-13-R110,sheet-13-R111,sheet-13-R112,sheet-13-R113,sheet-13-R114,sheet-13-R115,sheet-13-R116,sheet-13-R117	"識別ID	ラベル	書式・制限	必須	最大値	初期値	画面部品の説明"	"1-14	店舗営業時間	全角・半角	-	255文字	-	現行支店システムに準拠"
sheet-13-R069	0209	sheet-13	店舗登録	項目定義	141	2267	sheet-13-B089			sheet-13-R052,sheet-13-R053,sheet-13-R054,sheet-13-R055,sheet-13-R056,sheet-13-R057,sheet-13-R058,sheet-13-R059,sheet-13-R060,sheet-13-R061,sheet-13-R062,sheet-13-R063,sheet-13-R064,sheet-13-R065,sheet-13-R066,sheet-13-R067,sheet-13-R068,sheet-13-R070,sheet-13-R071,sheet-13-R072,sheet-13-R073,sheet-13-R074,sheet-13-R075,sheet-13-R076,sheet-13-R077,sheet-13-R078,sheet-13-R079,sheet-13-R080,sheet-13-R081,sheet-13-R082,sheet-13-R083,sheet-13-R084,sheet-13-R085,sheet-13-R086,sheet-13-R087,sheet-13-R088,sheet-13-R089,sheet-13-R090,sheet-13-R091,sheet-13-R092,sheet-13-R093,sheet-13-R094,sheet-13-R095,sheet-13-R096,sheet-13-R097,sheet-13-R098,sheet-13-R099,sheet-13-R100,sheet-13-R101,sheet-13-R102,sheet-13-R103,sheet-13-R104,sheet-13-R105,sheet-13-R106,sheet-13-R107,sheet-13-R108,sheet-13-R109,sheet-13-R110,sheet-13-R111,sheet-13-R112,sheet-13-R113,sheet-13-R114,sheet-13-R115,sheet-13-R116,sheet-13-R117	"識別ID	ラベル	書式・制限	必須	最大値	初期値	画面部品の説明"	"1-15	店舗営業時間(英語表記)	全角・半角	-	255文字	-	EC-CUBEエンタプライズの標準に準拠"
sheet-13-R070	0209	sheet-13	店舗登録	項目定義	142	2268	sheet-13-B089			sheet-13-R052,sheet-13-R053,sheet-13-R054,sheet-13-R055,sheet-13-R056,sheet-13-R057,sheet-13-R058,sheet-13-R059,sheet-13-R060,sheet-13-R061,sheet-13-R062,sheet-13-R063,sheet-13-R064,sheet-13-R065,sheet-13-R066,sheet-13-R067,sheet-13-R068,sheet-13-R069,sheet-13-R071,sheet-13-R072,sheet-13-R073,sheet-13-R074,sheet-13-R075,sheet-13-R076,sheet-13-R077,sheet-13-R078,sheet-13-R079,sheet-13-R080,sheet-13-R081,sheet-13-R082,sheet-13-R083,sheet-13-R084,sheet-13-R085,sheet-13-R086,sheet-13-R087,sheet-13-R088,sheet-13-R089,sheet-13-R090,sheet-13-R091,sheet-13-R092,sheet-13-R093,sheet-13-R094,sheet-13-R095,sheet-13-R096,sheet-13-R097,sheet-13-R098,sheet-13-R099,sheet-13-R100,sheet-13-R101,sheet-13-R102,sheet-13-R103,sheet-13-R104,sheet-13-R105,sheet-13-R106,sheet-13-R107,sheet-13-R108,sheet-13-R109,sheet-13-R110,sheet-13-R111,sheet-13-R112,sheet-13-R113,sheet-13-R114,sheet-13-R115,sheet-13-R116,sheet-13-R117	"識別ID	ラベル	書式・制限	必須	最大値	初期値	画面部品の説明"	"1-16	送信元メールアドレス	Eメール形式で許容された文字	○	92文字	-	現行支店システムに準拠"
sheet-13-R071	0209	sheet-13	店舗登録	項目定義	143	2269	sheet-13-B089			sheet-13-R052,sheet-13-R053,sheet-13-R054,sheet-13-R055,sheet-13-R056,sheet-13-R057,sheet-13-R058,sheet-13-R059,sheet-13-R060,sheet-13-R061,sheet-13-R062,sheet-13-R063,sheet-13-R064,sheet-13-R065,sheet-13-R066,sheet-13-R067,sheet-13-R068,sheet-13-R069,sheet-13-R070,sheet-13-R072,sheet-13-R073,sheet-13-R074,sheet-13-R075,sheet-13-R076,sheet-13-R077,sheet-13-R078,sheet-13-R079,sheet-13-R080,sheet-13-R081,sheet-13-R082,sheet-13-R083,sheet-13-R084,sheet-13-R085,sheet-13-R086,sheet-13-R087,sheet-13-R088,sheet-13-R089,sheet-13-R090,sheet-13-R091,sheet-13-R092,sheet-13-R093,sheet-13-R094,sheet-13-R095,sheet-13-R096,sheet-13-R097,sheet-13-R098,sheet-13-R099,sheet-13-R100,sheet-13-R101,sheet-13-R102,sheet-13-R103,sheet-13-R104,sheet-13-R105,sheet-13-R106,sheet-13-R107,sheet-13-R108,sheet-13-R109,sheet-13-R110,sheet-13-R111,sheet-13-R112,sheet-13-R113,sheet-13-R114,sheet-13-R115,sheet-13-R116,sheet-13-R117	"識別ID	ラベル	書式・制限	必須	最大値	初期値	画面部品の説明"	"1-17	返信先メールアドレス	Eメール形式で許容された文字	○	92文字	-	現行支店システムに準拠"
sheet-13-R072	0209	sheet-13	店舗登録	項目定義	144	2270	sheet-13-B089			sheet-13-R052,sheet-13-R053,sheet-13-R054,sheet-13-R055,sheet-13-R056,sheet-13-R057,sheet-13-R058,sheet-13-R059,sheet-13-R060,sheet-13-R061,sheet-13-R062,sheet-13-R063,sheet-13-R064,sheet-13-R065,sheet-13-R066,sheet-13-R067,sheet-13-R068,sheet-13-R069,sheet-13-R070,sheet-13-R071,sheet-13-R073,sheet-13-R074,sheet-13-R075,sheet-13-R076,sheet-13-R077,sheet-13-R078,sheet-13-R079,sheet-13-R080,sheet-13-R081,sheet-13-R082,sheet-13-R083,sheet-13-R084,sheet-13-R085,sheet-13-R086,sheet-13-R087,sheet-13-R088,sheet-13-R089,sheet-13-R090,sheet-13-R091,sheet-13-R092,sheet-13-R093,sheet-13-R094,sheet-13-R095,sheet-13-R096,sheet-13-R097,sheet-13-R098,sheet-13-R099,sheet-13-R100,sheet-13-R101,sheet-13-R102,sheet-13-R103,sheet-13-R104,sheet-13-R105,sheet-13-R106,sheet-13-R107,sheet-13-R108,sheet-13-R109,sheet-13-R110,sheet-13-R111,sheet-13-R112,sheet-13-R113,sheet-13-R114,sheet-13-R115,sheet-13-R116,sheet-13-R117	"識別ID	ラベル	書式・制限	必須	最大値	初期値	画面部品の説明"	"1-18	送信エラー通知メールアドレス	Eメール形式で許容された文字	○	92文字	-	現行支店システムに準拠"
sheet-13-R073	0209	sheet-13	店舗登録	項目定義	145	2271	sheet-13-B089			sheet-13-R052,sheet-13-R053,sheet-13-R054,sheet-13-R055,sheet-13-R056,sheet-13-R057,sheet-13-R058,sheet-13-R059,sheet-13-R060,sheet-13-R061,sheet-13-R062,sheet-13-R063,sheet-13-R064,sheet-13-R065,sheet-13-R066,sheet-13-R067,sheet-13-R068,sheet-13-R069,sheet-13-R070,sheet-13-R071,sheet-13-R072,sheet-13-R074,sheet-13-R075,sheet-13-R076,sheet-13-R077,sheet-13-R078,sheet-13-R079,sheet-13-R080,sheet-13-R081,sheet-13-R082,sheet-13-R083,sheet-13-R084,sheet-13-R085,sheet-13-R086,sheet-13-R087,sheet-13-R088,sheet-13-R089,sheet-13-R090,sheet-13-R091,sheet-13-R092,sheet-13-R093,sheet-13-R094,sheet-13-R095,sheet-13-R096,sheet-13-R097,sheet-13-R098,sheet-13-R099,sheet-13-R100,sheet-13-R101,sheet-13-R102,sheet-13-R103,sheet-13-R104,sheet-13-R105,sheet-13-R106,sheet-13-R107,sheet-13-R108,sheet-13-R109,sheet-13-R110,sheet-13-R111,sheet-13-R112,sheet-13-R113,sheet-13-R114,sheet-13-R115,sheet-13-R116,sheet-13-R117	"識別ID	ラベル	書式・制限	必須	最大値	初期値	画面部品の説明"	"1-19	問い合わせ専用メールアドレス	Eメール形式で許容された文字	○	92文字	-	現行支店システムに準拠"
sheet-13-R074	0209	sheet-13	店舗登録	項目定義	146	2272	sheet-13-B089			sheet-13-R052,sheet-13-R053,sheet-13-R054,sheet-13-R055,sheet-13-R056,sheet-13-R057,sheet-13-R058,sheet-13-R059,sheet-13-R060,sheet-13-R061,sheet-13-R062,sheet-13-R063,sheet-13-R064,sheet-13-R065,sheet-13-R066,sheet-13-R067,sheet-13-R068,sheet-13-R069,sheet-13-R070,sheet-13-R071,sheet-13-R072,sheet-13-R073,sheet-13-R075,sheet-13-R076,sheet-13-R077,sheet-13-R078,sheet-13-R079,sheet-13-R080,sheet-13-R081,sheet-13-R082,sheet-13-R083,sheet-13-R084,sheet-13-R085,sheet-13-R086,sheet-13-R087,sheet-13-R088,sheet-13-R089,sheet-13-R090,sheet-13-R091,sheet-13-R092,sheet-13-R093,sheet-13-R094,sheet-13-R095,sheet-13-R096,sheet-13-R097,sheet-13-R098,sheet-13-R099,sheet-13-R100,sheet-13-R101,sheet-13-R102,sheet-13-R103,sheet-13-R104,sheet-13-R105,sheet-13-R106,sheet-13-R107,sheet-13-R108,sheet-13-R109,sheet-13-R110,sheet-13-R111,sheet-13-R112,sheet-13-R113,sheet-13-R114,sheet-13-R115,sheet-13-R116,sheet-13-R117	"識別ID	ラベル	書式・制限	必須	最大値	初期値	画面部品の説明"	"1-20	ショップアイコン	ボタン	-	-	-	ボタンを押して画像を選択"
sheet-13-R075	0209	sheet-13	店舗登録	項目定義	147	2273	sheet-13-B089			sheet-13-R052,sheet-13-R053,sheet-13-R054,sheet-13-R055,sheet-13-R056,sheet-13-R057,sheet-13-R058,sheet-13-R059,sheet-13-R060,sheet-13-R061,sheet-13-R062,sheet-13-R063,sheet-13-R064,sheet-13-R065,sheet-13-R066,sheet-13-R067,sheet-13-R068,sheet-13-R069,sheet-13-R070,sheet-13-R071,sheet-13-R072,sheet-13-R073,sheet-13-R074,sheet-13-R076,sheet-13-R077,sheet-13-R078,sheet-13-R079,sheet-13-R080,sheet-13-R081,sheet-13-R082,sheet-13-R083,sheet-13-R084,sheet-13-R085,sheet-13-R086,sheet-13-R087,sheet-13-R088,sheet-13-R089,sheet-13-R090,sheet-13-R091,sheet-13-R092,sheet-13-R093,sheet-13-R094,sheet-13-R095,sheet-13-R096,sheet-13-R097,sheet-13-R098,sheet-13-R099,sheet-13-R100,sheet-13-R101,sheet-13-R102,sheet-13-R103,sheet-13-R104,sheet-13-R105,sheet-13-R106,sheet-13-R107,sheet-13-R108,sheet-13-R109,sheet-13-R110,sheet-13-R111,sheet-13-R112,sheet-13-R113,sheet-13-R114,sheet-13-R115,sheet-13-R116,sheet-13-R117	"識別ID	ラベル	書式・制限	必須	最大値	初期値	画面部品の説明"	"1-21	ご当地晴れる屋くん	ボタン	-	-	-	ボタンを押して画像を選択"
sheet-13-R076	0209	sheet-13	店舗登録	項目定義	148	2274	sheet-13-B089			sheet-13-R052,sheet-13-R053,sheet-13-R054,sheet-13-R055,sheet-13-R056,sheet-13-R057,sheet-13-R058,sheet-13-R059,sheet-13-R060,sheet-13-R061,sheet-13-R062,sheet-13-R063,sheet-13-R064,sheet-13-R065,sheet-13-R066,sheet-13-R067,sheet-13-R068,sheet-13-R069,sheet-13-R070,sheet-13-R071,sheet-13-R072,sheet-13-R073,sheet-13-R074,sheet-13-R075,sheet-13-R077,sheet-13-R078,sheet-13-R079,sheet-13-R080,sheet-13-R081,sheet-13-R082,sheet-13-R083,sheet-13-R084,sheet-13-R085,sheet-13-R086,sheet-13-R087,sheet-13-R088,sheet-13-R089,sheet-13-R090,sheet-13-R091,sheet-13-R092,sheet-13-R093,sheet-13-R094,sheet-13-R095,sheet-13-R096,sheet-13-R097,sheet-13-R098,sheet-13-R099,sheet-13-R100,sheet-13-R101,sheet-13-R102,sheet-13-R103,sheet-13-R104,sheet-13-R105,sheet-13-R106,sheet-13-R107,sheet-13-R108,sheet-13-R109,sheet-13-R110,sheet-13-R111,sheet-13-R112,sheet-13-R113,sheet-13-R114,sheet-13-R115,sheet-13-R116,sheet-13-R117	"識別ID	ラベル	書式・制限	必須	最大値	初期値	画面部品の説明"	"1-22	高額商品閾値1	数値（整数）	-	2147483647	-	現行支店システムに準拠"
sheet-13-R077	0209	sheet-13	店舗登録	項目定義	149	2275	sheet-13-B089			sheet-13-R052,sheet-13-R053,sheet-13-R054,sheet-13-R055,sheet-13-R056,sheet-13-R057,sheet-13-R058,sheet-13-R059,sheet-13-R060,sheet-13-R061,sheet-13-R062,sheet-13-R063,sheet-13-R064,sheet-13-R065,sheet-13-R066,sheet-13-R067,sheet-13-R068,sheet-13-R069,sheet-13-R070,sheet-13-R071,sheet-13-R072,sheet-13-R073,sheet-13-R074,sheet-13-R075,sheet-13-R076,sheet-13-R078,sheet-13-R079,sheet-13-R080,sheet-13-R081,sheet-13-R082,sheet-13-R083,sheet-13-R084,sheet-13-R085,sheet-13-R086,sheet-13-R087,sheet-13-R088,sheet-13-R089,sheet-13-R090,sheet-13-R091,sheet-13-R092,sheet-13-R093,sheet-13-R094,sheet-13-R095,sheet-13-R096,sheet-13-R097,sheet-13-R098,sheet-13-R099,sheet-13-R100,sheet-13-R101,sheet-13-R102,sheet-13-R103,sheet-13-R104,sheet-13-R105,sheet-13-R106,sheet-13-R107,sheet-13-R108,sheet-13-R109,sheet-13-R110,sheet-13-R111,sheet-13-R112,sheet-13-R113,sheet-13-R114,sheet-13-R115,sheet-13-R116,sheet-13-R117	"識別ID	ラベル	書式・制限	必須	最大値	初期値	画面部品の説明"	"1-23	高額商品閾値2	数値（整数）	-	2147483647	-	現行支店システムに準拠"
sheet-13-R078	0209	sheet-13	店舗登録	項目定義	150	2276	sheet-13-B089			sheet-13-R052,sheet-13-R053,sheet-13-R054,sheet-13-R055,sheet-13-R056,sheet-13-R057,sheet-13-R058,sheet-13-R059,sheet-13-R060,sheet-13-R061,sheet-13-R062,sheet-13-R063,sheet-13-R064,sheet-13-R065,sheet-13-R066,sheet-13-R067,sheet-13-R068,sheet-13-R069,sheet-13-R070,sheet-13-R071,sheet-13-R072,sheet-13-R073,sheet-13-R074,sheet-13-R075,sheet-13-R076,sheet-13-R077,sheet-13-R079,sheet-13-R080,sheet-13-R081,sheet-13-R082,sheet-13-R083,sheet-13-R084,sheet-13-R085,sheet-13-R086,sheet-13-R087,sheet-13-R088,sheet-13-R089,sheet-13-R090,sheet-13-R091,sheet-13-R092,sheet-13-R093,sheet-13-R094,sheet-13-R095,sheet-13-R096,sheet-13-R097,sheet-13-R098,sheet-13-R099,sheet-13-R100,sheet-13-R101,sheet-13-R102,sheet-13-R103,sheet-13-R104,sheet-13-R105,sheet-13-R106,sheet-13-R107,sheet-13-R108,sheet-13-R109,sheet-13-R110,sheet-13-R111,sheet-13-R112,sheet-13-R113,sheet-13-R114,sheet-13-R115,sheet-13-R116,sheet-13-R117	"識別ID	ラベル	書式・制限	必須	最大値	初期値	画面部品の説明"	"1-24	高額商品閾値3	数値（整数）	-	2147483647	-	現行支店システムに準拠"
sheet-13-R079	0209	sheet-13	店舗登録	項目定義	151	2277	sheet-13-B089			sheet-13-R052,sheet-13-R053,sheet-13-R054,sheet-13-R055,sheet-13-R056,sheet-13-R057,sheet-13-R058,sheet-13-R059,sheet-13-R060,sheet-13-R061,sheet-13-R062,sheet-13-R063,sheet-13-R064,sheet-13-R065,sheet-13-R066,sheet-13-R067,sheet-13-R068,sheet-13-R069,sheet-13-R070,sheet-13-R071,sheet-13-R072,sheet-13-R073,sheet-13-R074,sheet-13-R075,sheet-13-R076,sheet-13-R077,sheet-13-R078,sheet-13-R080,sheet-13-R081,sheet-13-R082,sheet-13-R083,sheet-13-R084,sheet-13-R085,sheet-13-R086,sheet-13-R087,sheet-13-R088,sheet-13-R089,sheet-13-R090,sheet-13-R091,sheet-13-R092,sheet-13-R093,sheet-13-R094,sheet-13-R095,sheet-13-R096,sheet-13-R097,sheet-13-R098,sheet-13-R099,sheet-13-R100,sheet-13-R101,sheet-13-R102,sheet-13-R103,sheet-13-R104,sheet-13-R105,sheet-13-R106,sheet-13-R107,sheet-13-R108,sheet-13-R109,sheet-13-R110,sheet-13-R111,sheet-13-R112,sheet-13-R113,sheet-13-R114,sheet-13-R115,sheet-13-R116,sheet-13-R117	"識別ID	ラベル	書式・制限	必須	最大値	初期値	画面部品の説明"	"1-25	スマレジ店舗ID	半角数字	-	10文字	-	現行支店システムに準拠"
sheet-13-R080	0209	sheet-13	店舗登録	項目定義	152	2278	sheet-13-B089			sheet-13-R052,sheet-13-R053,sheet-13-R054,sheet-13-R055,sheet-13-R056,sheet-13-R057,sheet-13-R058,sheet-13-R059,sheet-13-R060,sheet-13-R061,sheet-13-R062,sheet-13-R063,sheet-13-R064,sheet-13-R065,sheet-13-R066,sheet-13-R067,sheet-13-R068,sheet-13-R069,sheet-13-R070,sheet-13-R071,sheet-13-R072,sheet-13-R073,sheet-13-R074,sheet-13-R075,sheet-13-R076,sheet-13-R077,sheet-13-R078,sheet-13-R079,sheet-13-R081,sheet-13-R082,sheet-13-R083,sheet-13-R084,sheet-13-R085,sheet-13-R086,sheet-13-R087,sheet-13-R088,sheet-13-R089,sheet-13-R090,sheet-13-R091,sheet-13-R092,sheet-13-R093,sheet-13-R094,sheet-13-R095,sheet-13-R096,sheet-13-R097,sheet-13-R098,sheet-13-R099,sheet-13-R100,sheet-13-R101,sheet-13-R102,sheet-13-R103,sheet-13-R104,sheet-13-R105,sheet-13-R106,sheet-13-R107,sheet-13-R108,sheet-13-R109,sheet-13-R110,sheet-13-R111,sheet-13-R112,sheet-13-R113,sheet-13-R114,sheet-13-R115,sheet-13-R116,sheet-13-R117	"識別ID	ラベル	書式・制限	必須	最大値	初期値	画面部品の説明"	"1-26	スマレジ店舗コード	半角英数	-	10文字	-	現行支店システムに準拠"
sheet-13-R081	0209	sheet-13	店舗登録	項目定義	153	2279	sheet-13-B089			sheet-13-R052,sheet-13-R053,sheet-13-R054,sheet-13-R055,sheet-13-R056,sheet-13-R057,sheet-13-R058,sheet-13-R059,sheet-13-R060,sheet-13-R061,sheet-13-R062,sheet-13-R063,sheet-13-R064,sheet-13-R065,sheet-13-R066,sheet-13-R067,sheet-13-R068,sheet-13-R069,sheet-13-R070,sheet-13-R071,sheet-13-R072,sheet-13-R073,sheet-13-R074,sheet-13-R075,sheet-13-R076,sheet-13-R077,sheet-13-R078,sheet-13-R079,sheet-13-R080,sheet-13-R082,sheet-13-R083,sheet-13-R084,sheet-13-R085,sheet-13-R086,sheet-13-R087,sheet-13-R088,sheet-13-R089,sheet-13-R090,sheet-13-R091,sheet-13-R092,sheet-13-R093,sheet-13-R094,sheet-13-R095,sheet-13-R096,sheet-13-R097,sheet-13-R098,sheet-13-R099,sheet-13-R100,sheet-13-R101,sheet-13-R102,sheet-13-R103,sheet-13-R104,sheet-13-R105,sheet-13-R106,sheet-13-R107,sheet-13-R108,sheet-13-R109,sheet-13-R110,sheet-13-R111,sheet-13-R112,sheet-13-R113,sheet-13-R114,sheet-13-R115,sheet-13-R116,sheet-13-R117	"識別ID	ラベル	書式・制限	必須	最大値	初期値	画面部品の説明"	"1-27	テスト用店舗	単一選択(チェックボックス)	-	-	-	店舗閉店管理を閉店にすることで表示や集計の対象外とするため不要となる"
sheet-13-R082	0209	sheet-13	店舗登録	項目定義	154	2280	sheet-13-B089			sheet-13-R052,sheet-13-R053,sheet-13-R054,sheet-13-R055,sheet-13-R056,sheet-13-R057,sheet-13-R058,sheet-13-R059,sheet-13-R060,sheet-13-R061,sheet-13-R062,sheet-13-R063,sheet-13-R064,sheet-13-R065,sheet-13-R066,sheet-13-R067,sheet-13-R068,sheet-13-R069,sheet-13-R070,sheet-13-R071,sheet-13-R072,sheet-13-R073,sheet-13-R074,sheet-13-R075,sheet-13-R076,sheet-13-R077,sheet-13-R078,sheet-13-R079,sheet-13-R080,sheet-13-R081,sheet-13-R083,sheet-13-R084,sheet-13-R085,sheet-13-R086,sheet-13-R087,sheet-13-R088,sheet-13-R089,sheet-13-R090,sheet-13-R091,sheet-13-R092,sheet-13-R093,sheet-13-R094,sheet-13-R095,sheet-13-R096,sheet-13-R097,sheet-13-R098,sheet-13-R099,sheet-13-R100,sheet-13-R101,sheet-13-R102,sheet-13-R103,sheet-13-R104,sheet-13-R105,sheet-13-R106,sheet-13-R107,sheet-13-R108,sheet-13-R109,sheet-13-R110,sheet-13-R111,sheet-13-R112,sheet-13-R113,sheet-13-R114,sheet-13-R115,sheet-13-R116,sheet-13-R117	"識別ID	ラベル	書式・制限	必須	最大値	初期値	画面部品の説明"	"1-28	取り扱い商品説明文	全角・半角	-	4000文字	-	EC-CUBEエンタプライズの標準に準拠"
sheet-13-R083	0209	sheet-13	店舗登録	項目定義	155	2281	sheet-13-B089			sheet-13-R052,sheet-13-R053,sheet-13-R054,sheet-13-R055,sheet-13-R056,sheet-13-R057,sheet-13-R058,sheet-13-R059,sheet-13-R060,sheet-13-R061,sheet-13-R062,sheet-13-R063,sheet-13-R064,sheet-13-R065,sheet-13-R066,sheet-13-R067,sheet-13-R068,sheet-13-R069,sheet-13-R070,sheet-13-R071,sheet-13-R072,sheet-13-R073,sheet-13-R074,sheet-13-R075,sheet-13-R076,sheet-13-R077,sheet-13-R078,sheet-13-R079,sheet-13-R080,sheet-13-R081,sheet-13-R082,sheet-13-R084,sheet-13-R085,sheet-13-R086,sheet-13-R087,sheet-13-R088,sheet-13-R089,sheet-13-R090,sheet-13-R091,sheet-13-R092,sheet-13-R093,sheet-13-R094,sheet-13-R095,sheet-13-R096,sheet-13-R097,sheet-13-R098,sheet-13-R099,sheet-13-R100,sheet-13-R101,sheet-13-R102,sheet-13-R103,sheet-13-R104,sheet-13-R105,sheet-13-R106,sheet-13-R107,sheet-13-R108,sheet-13-R109,sheet-13-R110,sheet-13-R111,sheet-13-R112,sheet-13-R113,sheet-13-R114,sheet-13-R115,sheet-13-R116,sheet-13-R117	"識別ID	ラベル	書式・制限	必須	最大値	初期値	画面部品の説明"	"1-29	店舗からのメッセージ	全角・半角	-	4000文字	-	EC-CUBEエンタプライズの標準に準拠"
sheet-13-R084	0209	sheet-13	店舗登録	項目定義	156	2282	sheet-13-B089			sheet-13-R052,sheet-13-R053,sheet-13-R054,sheet-13-R055,sheet-13-R056,sheet-13-R057,sheet-13-R058,sheet-13-R059,sheet-13-R060,sheet-13-R061,sheet-13-R062,sheet-13-R063,sheet-13-R064,sheet-13-R065,sheet-13-R066,sheet-13-R067,sheet-13-R068,sheet-13-R069,sheet-13-R070,sheet-13-R071,sheet-13-R072,sheet-13-R073,sheet-13-R074,sheet-13-R075,sheet-13-R076,sheet-13-R077,sheet-13-R078,sheet-13-R079,sheet-13-R080,sheet-13-R081,sheet-13-R082,sheet-13-R083,sheet-13-R085,sheet-13-R086,sheet-13-R087,sheet-13-R088,sheet-13-R089,sheet-13-R090,sheet-13-R091,sheet-13-R092,sheet-13-R093,sheet-13-R094,sheet-13-R095,sheet-13-R096,sheet-13-R097,sheet-13-R098,sheet-13-R099,sheet-13-R100,sheet-13-R101,sheet-13-R102,sheet-13-R103,sheet-13-R104,sheet-13-R105,sheet-13-R106,sheet-13-R107,sheet-13-R108,sheet-13-R109,sheet-13-R110,sheet-13-R111,sheet-13-R112,sheet-13-R113,sheet-13-R114,sheet-13-R115,sheet-13-R116,sheet-13-R117	"識別ID	ラベル	書式・制限	必須	最大値	初期値	画面部品の説明"	"1-30	店名略称（3文字）	全角・半角	〇	3文字	-	現行システムに準拠"
sheet-13-R085	0209	sheet-13	店舗登録	項目定義	157	2283	sheet-13-B089			sheet-13-R052,sheet-13-R053,sheet-13-R054,sheet-13-R055,sheet-13-R056,sheet-13-R057,sheet-13-R058,sheet-13-R059,sheet-13-R060,sheet-13-R061,sheet-13-R062,sheet-13-R063,sheet-13-R064,sheet-13-R065,sheet-13-R066,sheet-13-R067,sheet-13-R068,sheet-13-R069,sheet-13-R070,sheet-13-R071,sheet-13-R072,sheet-13-R073,sheet-13-R074,sheet-13-R075,sheet-13-R076,sheet-13-R077,sheet-13-R078,sheet-13-R079,sheet-13-R080,sheet-13-R081,sheet-13-R082,sheet-13-R083,sheet-13-R084,sheet-13-R086,sheet-13-R087,sheet-13-R088,sheet-13-R089,sheet-13-R090,sheet-13-R091,sheet-13-R092,sheet-13-R093,sheet-13-R094,sheet-13-R095,sheet-13-R096,sheet-13-R097,sheet-13-R098,sheet-13-R099,sheet-13-R100,sheet-13-R101,sheet-13-R102,sheet-13-R103,sheet-13-R104,sheet-13-R105,sheet-13-R106,sheet-13-R107,sheet-13-R108,sheet-13-R109,sheet-13-R110,sheet-13-R111,sheet-13-R112,sheet-13-R113,sheet-13-R114,sheet-13-R115,sheet-13-R116,sheet-13-R117	"識別ID	ラベル	書式・制限	必須	最大値	初期値	画面部品の説明"	"1-31	ショップ名略称	全角・半角	〇	32文字	-	現行システムに準拠"
sheet-13-R086	0209	sheet-13	店舗登録	項目定義	158	2284	sheet-13-B089			sheet-13-R052,sheet-13-R053,sheet-13-R054,sheet-13-R055,sheet-13-R056,sheet-13-R057,sheet-13-R058,sheet-13-R059,sheet-13-R060,sheet-13-R061,sheet-13-R062,sheet-13-R063,sheet-13-R064,sheet-13-R065,sheet-13-R066,sheet-13-R067,sheet-13-R068,sheet-13-R069,sheet-13-R070,sheet-13-R071,sheet-13-R072,sheet-13-R073,sheet-13-R074,sheet-13-R075,sheet-13-R076,sheet-13-R077,sheet-13-R078,sheet-13-R079,sheet-13-R080,sheet-13-R081,sheet-13-R082,sheet-13-R083,sheet-13-R084,sheet-13-R085,sheet-13-R087,sheet-13-R088,sheet-13-R089,sheet-13-R090,sheet-13-R091,sheet-13-R092,sheet-13-R093,sheet-13-R094,sheet-13-R095,sheet-13-R096,sheet-13-R097,sheet-13-R098,sheet-13-R099,sheet-13-R100,sheet-13-R101,sheet-13-R102,sheet-13-R103,sheet-13-R104,sheet-13-R105,sheet-13-R106,sheet-13-R107,sheet-13-R108,sheet-13-R109,sheet-13-R110,sheet-13-R111,sheet-13-R112,sheet-13-R113,sheet-13-R114,sheet-13-R115,sheet-13-R116,sheet-13-R117	"識別ID	ラベル	書式・制限	必須	最大値	初期値	画面部品の説明"	"1-32	ショップ名略称（英語表記）	半角英数、スペース	-	32文字	-	現行システムに準拠"
sheet-13-R087	0209	sheet-13	店舗登録	項目定義	159	2285	sheet-13-B089			sheet-13-R052,sheet-13-R053,sheet-13-R054,sheet-13-R055,sheet-13-R056,sheet-13-R057,sheet-13-R058,sheet-13-R059,sheet-13-R060,sheet-13-R061,sheet-13-R062,sheet-13-R063,sheet-13-R064,sheet-13-R065,sheet-13-R066,sheet-13-R067,sheet-13-R068,sheet-13-R069,sheet-13-R070,sheet-13-R071,sheet-13-R072,sheet-13-R073,sheet-13-R074,sheet-13-R075,sheet-13-R076,sheet-13-R077,sheet-13-R078,sheet-13-R079,sheet-13-R080,sheet-13-R081,sheet-13-R082,sheet-13-R083,sheet-13-R084,sheet-13-R085,sheet-13-R086,sheet-13-R088,sheet-13-R089,sheet-13-R090,sheet-13-R091,sheet-13-R092,sheet-13-R093,sheet-13-R094,sheet-13-R095,sheet-13-R096,sheet-13-R097,sheet-13-R098,sheet-13-R099,sheet-13-R100,sheet-13-R101,sheet-13-R102,sheet-13-R103,sheet-13-R104,sheet-13-R105,sheet-13-R106,sheet-13-R107,sheet-13-R108,sheet-13-R109,sheet-13-R110,sheet-13-R111,sheet-13-R112,sheet-13-R113,sheet-13-R114,sheet-13-R115,sheet-13-R116,sheet-13-R117	"識別ID	ラベル	書式・制限	必須	最大値	初期値	画面部品の説明"	"1-33	表示順	半角数字	〇	5文字	-	現行システムに準拠"
sheet-13-R088	0209	sheet-13	店舗登録	項目定義	160	2286	sheet-13-B089			sheet-13-R052,sheet-13-R053,sheet-13-R054,sheet-13-R055,sheet-13-R056,sheet-13-R057,sheet-13-R058,sheet-13-R059,sheet-13-R060,sheet-13-R061,sheet-13-R062,sheet-13-R063,sheet-13-R064,sheet-13-R065,sheet-13-R066,sheet-13-R067,sheet-13-R068,sheet-13-R069,sheet-13-R070,sheet-13-R071,sheet-13-R072,sheet-13-R073,sheet-13-R074,sheet-13-R075,sheet-13-R076,sheet-13-R077,sheet-13-R078,sheet-13-R079,sheet-13-R080,sheet-13-R081,sheet-13-R082,sheet-13-R083,sheet-13-R084,sheet-13-R085,sheet-13-R086,sheet-13-R087,sheet-13-R089,sheet-13-R090,sheet-13-R091,sheet-13-R092,sheet-13-R093,sheet-13-R094,sheet-13-R095,sheet-13-R096,sheet-13-R097,sheet-13-R098,sheet-13-R099,sheet-13-R100,sheet-13-R101,sheet-13-R102,sheet-13-R103,sheet-13-R104,sheet-13-R105,sheet-13-R106,sheet-13-R107,sheet-13-R108,sheet-13-R109,sheet-13-R110,sheet-13-R111,sheet-13-R112,sheet-13-R113,sheet-13-R114,sheet-13-R115,sheet-13-R116,sheet-13-R117	"識別ID	ラベル	書式・制限	必須	最大値	初期値	画面部品の説明"	"1-34	都道府県ID	全角・半角	-	-	-	識別ID:1-10「住所」の都道府県選択時に自動入力"
sheet-13-R089	0209	sheet-13	店舗登録	項目定義	161	2287	sheet-13-B089			sheet-13-R052,sheet-13-R053,sheet-13-R054,sheet-13-R055,sheet-13-R056,sheet-13-R057,sheet-13-R058,sheet-13-R059,sheet-13-R060,sheet-13-R061,sheet-13-R062,sheet-13-R063,sheet-13-R064,sheet-13-R065,sheet-13-R066,sheet-13-R067,sheet-13-R068,sheet-13-R069,sheet-13-R070,sheet-13-R071,sheet-13-R072,sheet-13-R073,sheet-13-R074,sheet-13-R075,sheet-13-R076,sheet-13-R077,sheet-13-R078,sheet-13-R079,sheet-13-R080,sheet-13-R081,sheet-13-R082,sheet-13-R083,sheet-13-R084,sheet-13-R085,sheet-13-R086,sheet-13-R087,sheet-13-R088,sheet-13-R090,sheet-13-R091,sheet-13-R092,sheet-13-R093,sheet-13-R094,sheet-13-R095,sheet-13-R096,sheet-13-R097,sheet-13-R098,sheet-13-R099,sheet-13-R100,sheet-13-R101,sheet-13-R102,sheet-13-R103,sheet-13-R104,sheet-13-R105,sheet-13-R106,sheet-13-R107,sheet-13-R108,sheet-13-R109,sheet-13-R110,sheet-13-R111,sheet-13-R112,sheet-13-R113,sheet-13-R114,sheet-13-R115,sheet-13-R116,sheet-13-R117	"識別ID	ラベル	書式・制限	必須	最大値	初期値	画面部品の説明"	"1-35	席数	全角・半角	-	-	-	現行システムに準拠"
sheet-13-R090	0209	sheet-13	店舗登録	項目定義	162	2288	sheet-13-B089			sheet-13-R052,sheet-13-R053,sheet-13-R054,sheet-13-R055,sheet-13-R056,sheet-13-R057,sheet-13-R058,sheet-13-R059,sheet-13-R060,sheet-13-R061,sheet-13-R062,sheet-13-R063,sheet-13-R064,sheet-13-R065,sheet-13-R066,sheet-13-R067,sheet-13-R068,sheet-13-R069,sheet-13-R070,sheet-13-R071,sheet-13-R072,sheet-13-R073,sheet-13-R074,sheet-13-R075,sheet-13-R076,sheet-13-R077,sheet-13-R078,sheet-13-R079,sheet-13-R080,sheet-13-R081,sheet-13-R082,sheet-13-R083,sheet-13-R084,sheet-13-R085,sheet-13-R086,sheet-13-R087,sheet-13-R088,sheet-13-R089,sheet-13-R091,sheet-13-R092,sheet-13-R093,sheet-13-R094,sheet-13-R095,sheet-13-R096,sheet-13-R097,sheet-13-R098,sheet-13-R099,sheet-13-R100,sheet-13-R101,sheet-13-R102,sheet-13-R103,sheet-13-R104,sheet-13-R105,sheet-13-R106,sheet-13-R107,sheet-13-R108,sheet-13-R109,sheet-13-R110,sheet-13-R111,sheet-13-R112,sheet-13-R113,sheet-13-R114,sheet-13-R115,sheet-13-R116,sheet-13-R117	"識別ID	ラベル	書式・制限	必須	最大値	初期値	画面部品の説明"	"1-36	ピッキングリスト分割しきい値価格	数値（整数）	-	2147483647	-	現行システムに準拠"
sheet-13-R091	0209	sheet-13	店舗登録	項目定義	163	2289	sheet-13-B089			sheet-13-R052,sheet-13-R053,sheet-13-R054,sheet-13-R055,sheet-13-R056,sheet-13-R057,sheet-13-R058,sheet-13-R059,sheet-13-R060,sheet-13-R061,sheet-13-R062,sheet-13-R063,sheet-13-R064,sheet-13-R065,sheet-13-R066,sheet-13-R067,sheet-13-R068,sheet-13-R069,sheet-13-R070,sheet-13-R071,sheet-13-R072,sheet-13-R073,sheet-13-R074,sheet-13-R075,sheet-13-R076,sheet-13-R077,sheet-13-R078,sheet-13-R079,sheet-13-R080,sheet-13-R081,sheet-13-R082,sheet-13-R083,sheet-13-R084,sheet-13-R085,sheet-13-R086,sheet-13-R087,sheet-13-R088,sheet-13-R089,sheet-13-R090,sheet-13-R092,sheet-13-R093,sheet-13-R094,sheet-13-R095,sheet-13-R096,sheet-13-R097,sheet-13-R098,sheet-13-R099,sheet-13-R100,sheet-13-R101,sheet-13-R102,sheet-13-R103,sheet-13-R104,sheet-13-R105,sheet-13-R106,sheet-13-R107,sheet-13-R108,sheet-13-R109,sheet-13-R110,sheet-13-R111,sheet-13-R112,sheet-13-R113,sheet-13-R114,sheet-13-R115,sheet-13-R116,sheet-13-R117	"識別ID	ラベル	書式・制限	必須	最大値	初期値	画面部品の説明"	"1-37	スタック用紙高額商品しきい値価格	数値（整数）	-	2147483647	-	現行システムに準拠"
sheet-13-R092	0209	sheet-13	店舗登録	項目定義	164	2290	sheet-13-B089			sheet-13-R052,sheet-13-R053,sheet-13-R054,sheet-13-R055,sheet-13-R056,sheet-13-R057,sheet-13-R058,sheet-13-R059,sheet-13-R060,sheet-13-R061,sheet-13-R062,sheet-13-R063,sheet-13-R064,sheet-13-R065,sheet-13-R066,sheet-13-R067,sheet-13-R068,sheet-13-R069,sheet-13-R070,sheet-13-R071,sheet-13-R072,sheet-13-R073,sheet-13-R074,sheet-13-R075,sheet-13-R076,sheet-13-R077,sheet-13-R078,sheet-13-R079,sheet-13-R080,sheet-13-R081,sheet-13-R082,sheet-13-R083,sheet-13-R084,sheet-13-R085,sheet-13-R086,sheet-13-R087,sheet-13-R088,sheet-13-R089,sheet-13-R090,sheet-13-R091,sheet-13-R093,sheet-13-R094,sheet-13-R095,sheet-13-R096,sheet-13-R097,sheet-13-R098,sheet-13-R099,sheet-13-R100,sheet-13-R101,sheet-13-R102,sheet-13-R103,sheet-13-R104,sheet-13-R105,sheet-13-R106,sheet-13-R107,sheet-13-R108,sheet-13-R109,sheet-13-R110,sheet-13-R111,sheet-13-R112,sheet-13-R113,sheet-13-R114,sheet-13-R115,sheet-13-R116,sheet-13-R117	"識別ID	ラベル	書式・制限	必須	最大値	初期値	画面部品の説明"	ネットワーク設定
sheet-13-R093	0209	sheet-13	店舗登録	項目定義	165	2291	sheet-13-B089			sheet-13-R052,sheet-13-R053,sheet-13-R054,sheet-13-R055,sheet-13-R056,sheet-13-R057,sheet-13-R058,sheet-13-R059,sheet-13-R060,sheet-13-R061,sheet-13-R062,sheet-13-R063,sheet-13-R064,sheet-13-R065,sheet-13-R066,sheet-13-R067,sheet-13-R068,sheet-13-R069,sheet-13-R070,sheet-13-R071,sheet-13-R072,sheet-13-R073,sheet-13-R074,sheet-13-R075,sheet-13-R076,sheet-13-R077,sheet-13-R078,sheet-13-R079,sheet-13-R080,sheet-13-R081,sheet-13-R082,sheet-13-R083,sheet-13-R084,sheet-13-R085,sheet-13-R086,sheet-13-R087,sheet-13-R088,sheet-13-R089,sheet-13-R090,sheet-13-R091,sheet-13-R092,sheet-13-R094,sheet-13-R095,sheet-13-R096,sheet-13-R097,sheet-13-R098,sheet-13-R099,sheet-13-R100,sheet-13-R101,sheet-13-R102,sheet-13-R103,sheet-13-R104,sheet-13-R105,sheet-13-R106,sheet-13-R107,sheet-13-R108,sheet-13-R109,sheet-13-R110,sheet-13-R111,sheet-13-R112,sheet-13-R113,sheet-13-R114,sheet-13-R115,sheet-13-R116,sheet-13-R117	"識別ID	ラベル	書式・制限	必須	最大値	初期値	画面部品の説明"	"2-1	店頭用アカウントIPアドレス	IPアドレスで許容された文字とカンマ	-	300文字	-	現行支店システムに準拠"
sheet-13-R094	0209	sheet-13	店舗登録	項目定義	166	2292	sheet-13-B089			sheet-13-R052,sheet-13-R053,sheet-13-R054,sheet-13-R055,sheet-13-R056,sheet-13-R057,sheet-13-R058,sheet-13-R059,sheet-13-R060,sheet-13-R061,sheet-13-R062,sheet-13-R063,sheet-13-R064,sheet-13-R065,sheet-13-R066,sheet-13-R067,sheet-13-R068,sheet-13-R069,sheet-13-R070,sheet-13-R071,sheet-13-R072,sheet-13-R073,sheet-13-R074,sheet-13-R075,sheet-13-R076,sheet-13-R077,sheet-13-R078,sheet-13-R079,sheet-13-R080,sheet-13-R081,sheet-13-R082,sheet-13-R083,sheet-13-R084,sheet-13-R085,sheet-13-R086,sheet-13-R087,sheet-13-R088,sheet-13-R089,sheet-13-R090,sheet-13-R091,sheet-13-R092,sheet-13-R093,sheet-13-R095,sheet-13-R096,sheet-13-R097,sheet-13-R098,sheet-13-R099,sheet-13-R100,sheet-13-R101,sheet-13-R102,sheet-13-R103,sheet-13-R104,sheet-13-R105,sheet-13-R106,sheet-13-R107,sheet-13-R108,sheet-13-R109,sheet-13-R110,sheet-13-R111,sheet-13-R112,sheet-13-R113,sheet-13-R114,sheet-13-R115,sheet-13-R116,sheet-13-R117	"識別ID	ラベル	書式・制限	必須	最大値	初期値	画面部品の説明"	管理者情報
sheet-13-R095	0209	sheet-13	店舗登録	項目定義	167	2293	sheet-13-B089			sheet-13-R052,sheet-13-R053,sheet-13-R054,sheet-13-R055,sheet-13-R056,sheet-13-R057,sheet-13-R058,sheet-13-R059,sheet-13-R060,sheet-13-R061,sheet-13-R062,sheet-13-R063,sheet-13-R064,sheet-13-R065,sheet-13-R066,sheet-13-R067,sheet-13-R068,sheet-13-R069,sheet-13-R070,sheet-13-R071,sheet-13-R072,sheet-13-R073,sheet-13-R074,sheet-13-R075,sheet-13-R076,sheet-13-R077,sheet-13-R078,sheet-13-R079,sheet-13-R080,sheet-13-R081,sheet-13-R082,sheet-13-R083,sheet-13-R084,sheet-13-R085,sheet-13-R086,sheet-13-R087,sheet-13-R088,sheet-13-R089,sheet-13-R090,sheet-13-R091,sheet-13-R092,sheet-13-R093,sheet-13-R094,sheet-13-R096,sheet-13-R097,sheet-13-R098,sheet-13-R099,sheet-13-R100,sheet-13-R101,sheet-13-R102,sheet-13-R103,sheet-13-R104,sheet-13-R105,sheet-13-R106,sheet-13-R107,sheet-13-R108,sheet-13-R109,sheet-13-R110,sheet-13-R111,sheet-13-R112,sheet-13-R113,sheet-13-R114,sheet-13-R115,sheet-13-R116,sheet-13-R117	"識別ID	ラベル	書式・制限	必須	最大値	初期値	画面部品の説明"	"3-1	ログインID	全角・半角	○	-	-	EC-CUBEエンタプライズの標準に準拠"
sheet-13-R096	0209	sheet-13	店舗登録	項目定義	168	2294	sheet-13-B089			sheet-13-R052,sheet-13-R053,sheet-13-R054,sheet-13-R055,sheet-13-R056,sheet-13-R057,sheet-13-R058,sheet-13-R059,sheet-13-R060,sheet-13-R061,sheet-13-R062,sheet-13-R063,sheet-13-R064,sheet-13-R065,sheet-13-R066,sheet-13-R067,sheet-13-R068,sheet-13-R069,sheet-13-R070,sheet-13-R071,sheet-13-R072,sheet-13-R073,sheet-13-R074,sheet-13-R075,sheet-13-R076,sheet-13-R077,sheet-13-R078,sheet-13-R079,sheet-13-R080,sheet-13-R081,sheet-13-R082,sheet-13-R083,sheet-13-R084,sheet-13-R085,sheet-13-R086,sheet-13-R087,sheet-13-R088,sheet-13-R089,sheet-13-R090,sheet-13-R091,sheet-13-R092,sheet-13-R093,sheet-13-R094,sheet-13-R095,sheet-13-R097,sheet-13-R098,sheet-13-R099,sheet-13-R100,sheet-13-R101,sheet-13-R102,sheet-13-R103,sheet-13-R104,sheet-13-R105,sheet-13-R106,sheet-13-R107,sheet-13-R108,sheet-13-R109,sheet-13-R110,sheet-13-R111,sheet-13-R112,sheet-13-R113,sheet-13-R114,sheet-13-R115,sheet-13-R116,sheet-13-R117	"識別ID	ラベル	書式・制限	必須	最大値	初期値	画面部品の説明"	存在するメンバーの情報を入力
sheet-13-R097	0209	sheet-13	店舗登録	項目定義	169	2295	sheet-13-B089			sheet-13-R052,sheet-13-R053,sheet-13-R054,sheet-13-R055,sheet-13-R056,sheet-13-R057,sheet-13-R058,sheet-13-R059,sheet-13-R060,sheet-13-R061,sheet-13-R062,sheet-13-R063,sheet-13-R064,sheet-13-R065,sheet-13-R066,sheet-13-R067,sheet-13-R068,sheet-13-R069,sheet-13-R070,sheet-13-R071,sheet-13-R072,sheet-13-R073,sheet-13-R074,sheet-13-R075,sheet-13-R076,sheet-13-R077,sheet-13-R078,sheet-13-R079,sheet-13-R080,sheet-13-R081,sheet-13-R082,sheet-13-R083,sheet-13-R084,sheet-13-R085,sheet-13-R086,sheet-13-R087,sheet-13-R088,sheet-13-R089,sheet-13-R090,sheet-13-R091,sheet-13-R092,sheet-13-R093,sheet-13-R094,sheet-13-R095,sheet-13-R096,sheet-13-R098,sheet-13-R099,sheet-13-R100,sheet-13-R101,sheet-13-R102,sheet-13-R103,sheet-13-R104,sheet-13-R105,sheet-13-R106,sheet-13-R107,sheet-13-R108,sheet-13-R109,sheet-13-R110,sheet-13-R111,sheet-13-R112,sheet-13-R113,sheet-13-R114,sheet-13-R115,sheet-13-R116,sheet-13-R117	"識別ID	ラベル	書式・制限	必須	最大値	初期値	画面部品の説明"	システム管理者を設定
sheet-13-R098	0209	sheet-13	店舗登録	項目定義	170	2296	sheet-13-B089			sheet-13-R052,sheet-13-R053,sheet-13-R054,sheet-13-R055,sheet-13-R056,sheet-13-R057,sheet-13-R058,sheet-13-R059,sheet-13-R060,sheet-13-R061,sheet-13-R062,sheet-13-R063,sheet-13-R064,sheet-13-R065,sheet-13-R066,sheet-13-R067,sheet-13-R068,sheet-13-R069,sheet-13-R070,sheet-13-R071,sheet-13-R072,sheet-13-R073,sheet-13-R074,sheet-13-R075,sheet-13-R076,sheet-13-R077,sheet-13-R078,sheet-13-R079,sheet-13-R080,sheet-13-R081,sheet-13-R082,sheet-13-R083,sheet-13-R084,sheet-13-R085,sheet-13-R086,sheet-13-R087,sheet-13-R088,sheet-13-R089,sheet-13-R090,sheet-13-R091,sheet-13-R092,sheet-13-R093,sheet-13-R094,sheet-13-R095,sheet-13-R096,sheet-13-R097,sheet-13-R099,sheet-13-R100,sheet-13-R101,sheet-13-R102,sheet-13-R103,sheet-13-R104,sheet-13-R105,sheet-13-R106,sheet-13-R107,sheet-13-R108,sheet-13-R109,sheet-13-R110,sheet-13-R111,sheet-13-R112,sheet-13-R113,sheet-13-R114,sheet-13-R115,sheet-13-R116,sheet-13-R117	"識別ID	ラベル	書式・制限	必須	最大値	初期値	画面部品の説明"	"3-2	パスワード	パスワード	○	-	-	EC-CUBEエンタプライズの標準に準拠"
sheet-13-R099	0209	sheet-13	店舗登録	項目定義	171	2297	sheet-13-B089			sheet-13-R052,sheet-13-R053,sheet-13-R054,sheet-13-R055,sheet-13-R056,sheet-13-R057,sheet-13-R058,sheet-13-R059,sheet-13-R060,sheet-13-R061,sheet-13-R062,sheet-13-R063,sheet-13-R064,sheet-13-R065,sheet-13-R066,sheet-13-R067,sheet-13-R068,sheet-13-R069,sheet-13-R070,sheet-13-R071,sheet-13-R072,sheet-13-R073,sheet-13-R074,sheet-13-R075,sheet-13-R076,sheet-13-R077,sheet-13-R078,sheet-13-R079,sheet-13-R080,sheet-13-R081,sheet-13-R082,sheet-13-R083,sheet-13-R084,sheet-13-R085,sheet-13-R086,sheet-13-R087,sheet-13-R088,sheet-13-R089,sheet-13-R090,sheet-13-R091,sheet-13-R092,sheet-13-R093,sheet-13-R094,sheet-13-R095,sheet-13-R096,sheet-13-R097,sheet-13-R098,sheet-13-R100,sheet-13-R101,sheet-13-R102,sheet-13-R103,sheet-13-R104,sheet-13-R105,sheet-13-R106,sheet-13-R107,sheet-13-R108,sheet-13-R109,sheet-13-R110,sheet-13-R111,sheet-13-R112,sheet-13-R113,sheet-13-R114,sheet-13-R115,sheet-13-R116,sheet-13-R117	"識別ID	ラベル	書式・制限	必須	最大値	初期値	画面部品の説明"	存在するメンバーの情報を入力
sheet-13-R100	0209	sheet-13	店舗登録	項目定義	172	2298	sheet-13-B089			sheet-13-R052,sheet-13-R053,sheet-13-R054,sheet-13-R055,sheet-13-R056,sheet-13-R057,sheet-13-R058,sheet-13-R059,sheet-13-R060,sheet-13-R061,sheet-13-R062,sheet-13-R063,sheet-13-R064,sheet-13-R065,sheet-13-R066,sheet-13-R067,sheet-13-R068,sheet-13-R069,sheet-13-R070,sheet-13-R071,sheet-13-R072,sheet-13-R073,sheet-13-R074,sheet-13-R075,sheet-13-R076,sheet-13-R077,sheet-13-R078,sheet-13-R079,sheet-13-R080,sheet-13-R081,sheet-13-R082,sheet-13-R083,sheet-13-R084,sheet-13-R085,sheet-13-R086,sheet-13-R087,sheet-13-R088,sheet-13-R089,sheet-13-R090,sheet-13-R091,sheet-13-R092,sheet-13-R093,sheet-13-R094,sheet-13-R095,sheet-13-R096,sheet-13-R097,sheet-13-R098,sheet-13-R099,sheet-13-R101,sheet-13-R102,sheet-13-R103,sheet-13-R104,sheet-13-R105,sheet-13-R106,sheet-13-R107,sheet-13-R108,sheet-13-R109,sheet-13-R110,sheet-13-R111,sheet-13-R112,sheet-13-R113,sheet-13-R114,sheet-13-R115,sheet-13-R116,sheet-13-R117	"識別ID	ラベル	書式・制限	必須	最大値	初期値	画面部品の説明"	システム管理者を設定
sheet-13-R101	0209	sheet-13	店舗登録	項目定義	173	2299	sheet-13-B089			sheet-13-R052,sheet-13-R053,sheet-13-R054,sheet-13-R055,sheet-13-R056,sheet-13-R057,sheet-13-R058,sheet-13-R059,sheet-13-R060,sheet-13-R061,sheet-13-R062,sheet-13-R063,sheet-13-R064,sheet-13-R065,sheet-13-R066,sheet-13-R067,sheet-13-R068,sheet-13-R069,sheet-13-R070,sheet-13-R071,sheet-13-R072,sheet-13-R073,sheet-13-R074,sheet-13-R075,sheet-13-R076,sheet-13-R077,sheet-13-R078,sheet-13-R079,sheet-13-R080,sheet-13-R081,sheet-13-R082,sheet-13-R083,sheet-13-R084,sheet-13-R085,sheet-13-R086,sheet-13-R087,sheet-13-R088,sheet-13-R089,sheet-13-R090,sheet-13-R091,sheet-13-R092,sheet-13-R093,sheet-13-R094,sheet-13-R095,sheet-13-R096,sheet-13-R097,sheet-13-R098,sheet-13-R099,sheet-13-R100,sheet-13-R102,sheet-13-R103,sheet-13-R104,sheet-13-R105,sheet-13-R106,sheet-13-R107,sheet-13-R108,sheet-13-R109,sheet-13-R110,sheet-13-R111,sheet-13-R112,sheet-13-R113,sheet-13-R114,sheet-13-R115,sheet-13-R116,sheet-13-R117	"識別ID	ラベル	書式・制限	必須	最大値	初期値	画面部品の説明"	"3-3	パスワード（確認）	パスワード	○	-	-	EC-CUBEエンタプライズの標準に準拠"
sheet-13-R102	0209	sheet-13	店舗登録	項目定義	174	2300	sheet-13-B089			sheet-13-R052,sheet-13-R053,sheet-13-R054,sheet-13-R055,sheet-13-R056,sheet-13-R057,sheet-13-R058,sheet-13-R059,sheet-13-R060,sheet-13-R061,sheet-13-R062,sheet-13-R063,sheet-13-R064,sheet-13-R065,sheet-13-R066,sheet-13-R067,sheet-13-R068,sheet-13-R069,sheet-13-R070,sheet-13-R071,sheet-13-R072,sheet-13-R073,sheet-13-R074,sheet-13-R075,sheet-13-R076,sheet-13-R077,sheet-13-R078,sheet-13-R079,sheet-13-R080,sheet-13-R081,sheet-13-R082,sheet-13-R083,sheet-13-R084,sheet-13-R085,sheet-13-R086,sheet-13-R087,sheet-13-R088,sheet-13-R089,sheet-13-R090,sheet-13-R091,sheet-13-R092,sheet-13-R093,sheet-13-R094,sheet-13-R095,sheet-13-R096,sheet-13-R097,sheet-13-R098,sheet-13-R099,sheet-13-R100,sheet-13-R101,sheet-13-R103,sheet-13-R104,sheet-13-R105,sheet-13-R106,sheet-13-R107,sheet-13-R108,sheet-13-R109,sheet-13-R110,sheet-13-R111,sheet-13-R112,sheet-13-R113,sheet-13-R114,sheet-13-R115,sheet-13-R116,sheet-13-R117	"識別ID	ラベル	書式・制限	必須	最大値	初期値	画面部品の説明"	存在するメンバーの情報を入力
sheet-13-R103	0209	sheet-13	店舗登録	項目定義	175	2301	sheet-13-B089			sheet-13-R052,sheet-13-R053,sheet-13-R054,sheet-13-R055,sheet-13-R056,sheet-13-R057,sheet-13-R058,sheet-13-R059,sheet-13-R060,sheet-13-R061,sheet-13-R062,sheet-13-R063,sheet-13-R064,sheet-13-R065,sheet-13-R066,sheet-13-R067,sheet-13-R068,sheet-13-R069,sheet-13-R070,sheet-13-R071,sheet-13-R072,sheet-13-R073,sheet-13-R074,sheet-13-R075,sheet-13-R076,sheet-13-R077,sheet-13-R078,sheet-13-R079,sheet-13-R080,sheet-13-R081,sheet-13-R082,sheet-13-R083,sheet-13-R084,sheet-13-R085,sheet-13-R086,sheet-13-R087,sheet-13-R088,sheet-13-R089,sheet-13-R090,sheet-13-R091,sheet-13-R092,sheet-13-R093,sheet-13-R094,sheet-13-R095,sheet-13-R096,sheet-13-R097,sheet-13-R098,sheet-13-R099,sheet-13-R100,sheet-13-R101,sheet-13-R102,sheet-13-R104,sheet-13-R105,sheet-13-R106,sheet-13-R107,sheet-13-R108,sheet-13-R109,sheet-13-R110,sheet-13-R111,sheet-13-R112,sheet-13-R113,sheet-13-R114,sheet-13-R115,sheet-13-R116,sheet-13-R117	"識別ID	ラベル	書式・制限	必須	最大値	初期値	画面部品の説明"	システム管理者を設定
sheet-13-R104	0209	sheet-13	店舗登録	項目定義	176	2302	sheet-13-B089			sheet-13-R052,sheet-13-R053,sheet-13-R054,sheet-13-R055,sheet-13-R056,sheet-13-R057,sheet-13-R058,sheet-13-R059,sheet-13-R060,sheet-13-R061,sheet-13-R062,sheet-13-R063,sheet-13-R064,sheet-13-R065,sheet-13-R066,sheet-13-R067,sheet-13-R068,sheet-13-R069,sheet-13-R070,sheet-13-R071,sheet-13-R072,sheet-13-R073,sheet-13-R074,sheet-13-R075,sheet-13-R076,sheet-13-R077,sheet-13-R078,sheet-13-R079,sheet-13-R080,sheet-13-R081,sheet-13-R082,sheet-13-R083,sheet-13-R084,sheet-13-R085,sheet-13-R086,sheet-13-R087,sheet-13-R088,sheet-13-R089,sheet-13-R090,sheet-13-R091,sheet-13-R092,sheet-13-R093,sheet-13-R094,sheet-13-R095,sheet-13-R096,sheet-13-R097,sheet-13-R098,sheet-13-R099,sheet-13-R100,sheet-13-R101,sheet-13-R102,sheet-13-R103,sheet-13-R105,sheet-13-R106,sheet-13-R107,sheet-13-R108,sheet-13-R109,sheet-13-R110,sheet-13-R111,sheet-13-R112,sheet-13-R113,sheet-13-R114,sheet-13-R115,sheet-13-R116,sheet-13-R117	"識別ID	ラベル	書式・制限	必須	最大値	初期値	画面部品の説明"	"3-4	所属	セレクト	○	-	-	EC-CUBEエンタプライズの標準に準拠"
sheet-13-R105	0209	sheet-13	店舗登録	項目定義	177	2303	sheet-13-B089			sheet-13-R052,sheet-13-R053,sheet-13-R054,sheet-13-R055,sheet-13-R056,sheet-13-R057,sheet-13-R058,sheet-13-R059,sheet-13-R060,sheet-13-R061,sheet-13-R062,sheet-13-R063,sheet-13-R064,sheet-13-R065,sheet-13-R066,sheet-13-R067,sheet-13-R068,sheet-13-R069,sheet-13-R070,sheet-13-R071,sheet-13-R072,sheet-13-R073,sheet-13-R074,sheet-13-R075,sheet-13-R076,sheet-13-R077,sheet-13-R078,sheet-13-R079,sheet-13-R080,sheet-13-R081,sheet-13-R082,sheet-13-R083,sheet-13-R084,sheet-13-R085,sheet-13-R086,sheet-13-R087,sheet-13-R088,sheet-13-R089,sheet-13-R090,sheet-13-R091,sheet-13-R092,sheet-13-R093,sheet-13-R094,sheet-13-R095,sheet-13-R096,sheet-13-R097,sheet-13-R098,sheet-13-R099,sheet-13-R100,sheet-13-R101,sheet-13-R102,sheet-13-R103,sheet-13-R104,sheet-13-R106,sheet-13-R107,sheet-13-R108,sheet-13-R109,sheet-13-R110,sheet-13-R111,sheet-13-R112,sheet-13-R113,sheet-13-R114,sheet-13-R115,sheet-13-R116,sheet-13-R117	"識別ID	ラベル	書式・制限	必須	最大値	初期値	画面部品の説明"	存在するメンバーの情報を入力
sheet-13-R106	0209	sheet-13	店舗登録	項目定義	178	2304	sheet-13-B089			sheet-13-R052,sheet-13-R053,sheet-13-R054,sheet-13-R055,sheet-13-R056,sheet-13-R057,sheet-13-R058,sheet-13-R059,sheet-13-R060,sheet-13-R061,sheet-13-R062,sheet-13-R063,sheet-13-R064,sheet-13-R065,sheet-13-R066,sheet-13-R067,sheet-13-R068,sheet-13-R069,sheet-13-R070,sheet-13-R071,sheet-13-R072,sheet-13-R073,sheet-13-R074,sheet-13-R075,sheet-13-R076,sheet-13-R077,sheet-13-R078,sheet-13-R079,sheet-13-R080,sheet-13-R081,sheet-13-R082,sheet-13-R083,sheet-13-R084,sheet-13-R085,sheet-13-R086,sheet-13-R087,sheet-13-R088,sheet-13-R089,sheet-13-R090,sheet-13-R091,sheet-13-R092,sheet-13-R093,sheet-13-R094,sheet-13-R095,sheet-13-R096,sheet-13-R097,sheet-13-R098,sheet-13-R099,sheet-13-R100,sheet-13-R101,sheet-13-R102,sheet-13-R103,sheet-13-R104,sheet-13-R105,sheet-13-R107,sheet-13-R108,sheet-13-R109,sheet-13-R110,sheet-13-R111,sheet-13-R112,sheet-13-R113,sheet-13-R114,sheet-13-R115,sheet-13-R116,sheet-13-R117	"識別ID	ラベル	書式・制限	必須	最大値	初期値	画面部品の説明"	システム管理者を設定
sheet-13-R107	0209	sheet-13	店舗登録	項目定義	179	2305	sheet-13-B089			sheet-13-R052,sheet-13-R053,sheet-13-R054,sheet-13-R055,sheet-13-R056,sheet-13-R057,sheet-13-R058,sheet-13-R059,sheet-13-R060,sheet-13-R061,sheet-13-R062,sheet-13-R063,sheet-13-R064,sheet-13-R065,sheet-13-R066,sheet-13-R067,sheet-13-R068,sheet-13-R069,sheet-13-R070,sheet-13-R071,sheet-13-R072,sheet-13-R073,sheet-13-R074,sheet-13-R075,sheet-13-R076,sheet-13-R077,sheet-13-R078,sheet-13-R079,sheet-13-R080,sheet-13-R081,sheet-13-R082,sheet-13-R083,sheet-13-R084,sheet-13-R085,sheet-13-R086,sheet-13-R087,sheet-13-R088,sheet-13-R089,sheet-13-R090,sheet-13-R091,sheet-13-R092,sheet-13-R093,sheet-13-R094,sheet-13-R095,sheet-13-R096,sheet-13-R097,sheet-13-R098,sheet-13-R099,sheet-13-R100,sheet-13-R101,sheet-13-R102,sheet-13-R103,sheet-13-R104,sheet-13-R105,sheet-13-R106,sheet-13-R108,sheet-13-R109,sheet-13-R110,sheet-13-R111,sheet-13-R112,sheet-13-R113,sheet-13-R114,sheet-13-R115,sheet-13-R116,sheet-13-R117	"識別ID	ラベル	書式・制限	必須	最大値	初期値	画面部品の説明"	所属マスターから取得
sheet-13-R108	0209	sheet-13	店舗登録	項目定義	180	2306	sheet-13-B089			sheet-13-R052,sheet-13-R053,sheet-13-R054,sheet-13-R055,sheet-13-R056,sheet-13-R057,sheet-13-R058,sheet-13-R059,sheet-13-R060,sheet-13-R061,sheet-13-R062,sheet-13-R063,sheet-13-R064,sheet-13-R065,sheet-13-R066,sheet-13-R067,sheet-13-R068,sheet-13-R069,sheet-13-R070,sheet-13-R071,sheet-13-R072,sheet-13-R073,sheet-13-R074,sheet-13-R075,sheet-13-R076,sheet-13-R077,sheet-13-R078,sheet-13-R079,sheet-13-R080,sheet-13-R081,sheet-13-R082,sheet-13-R083,sheet-13-R084,sheet-13-R085,sheet-13-R086,sheet-13-R087,sheet-13-R088,sheet-13-R089,sheet-13-R090,sheet-13-R091,sheet-13-R092,sheet-13-R093,sheet-13-R094,sheet-13-R095,sheet-13-R096,sheet-13-R097,sheet-13-R098,sheet-13-R099,sheet-13-R100,sheet-13-R101,sheet-13-R102,sheet-13-R103,sheet-13-R104,sheet-13-R105,sheet-13-R106,sheet-13-R107,sheet-13-R109,sheet-13-R110,sheet-13-R111,sheet-13-R112,sheet-13-R113,sheet-13-R114,sheet-13-R115,sheet-13-R116,sheet-13-R117	"識別ID	ラベル	書式・制限	必須	最大値	初期値	画面部品の説明"	"3-5	メールアドレス	Eメール形式で許容された文字	○	-	-	EC-CUBEエンタプライズの標準に準拠"
sheet-13-R109	0209	sheet-13	店舗登録	項目定義	181	2307	sheet-13-B089			sheet-13-R052,sheet-13-R053,sheet-13-R054,sheet-13-R055,sheet-13-R056,sheet-13-R057,sheet-13-R058,sheet-13-R059,sheet-13-R060,sheet-13-R061,sheet-13-R062,sheet-13-R063,sheet-13-R064,sheet-13-R065,sheet-13-R066,sheet-13-R067,sheet-13-R068,sheet-13-R069,sheet-13-R070,sheet-13-R071,sheet-13-R072,sheet-13-R073,sheet-13-R074,sheet-13-R075,sheet-13-R076,sheet-13-R077,sheet-13-R078,sheet-13-R079,sheet-13-R080,sheet-13-R081,sheet-13-R082,sheet-13-R083,sheet-13-R084,sheet-13-R085,sheet-13-R086,sheet-13-R087,sheet-13-R088,sheet-13-R089,sheet-13-R090,sheet-13-R091,sheet-13-R092,sheet-13-R093,sheet-13-R094,sheet-13-R095,sheet-13-R096,sheet-13-R097,sheet-13-R098,sheet-13-R099,sheet-13-R100,sheet-13-R101,sheet-13-R102,sheet-13-R103,sheet-13-R104,sheet-13-R105,sheet-13-R106,sheet-13-R107,sheet-13-R108,sheet-13-R110,sheet-13-R111,sheet-13-R112,sheet-13-R113,sheet-13-R114,sheet-13-R115,sheet-13-R116,sheet-13-R117	"識別ID	ラベル	書式・制限	必須	最大値	初期値	画面部品の説明"	存在するメンバーの情報を入力
sheet-13-R110	0209	sheet-13	店舗登録	項目定義	182	2308	sheet-13-B089			sheet-13-R052,sheet-13-R053,sheet-13-R054,sheet-13-R055,sheet-13-R056,sheet-13-R057,sheet-13-R058,sheet-13-R059,sheet-13-R060,sheet-13-R061,sheet-13-R062,sheet-13-R063,sheet-13-R064,sheet-13-R065,sheet-13-R066,sheet-13-R067,sheet-13-R068,sheet-13-R069,sheet-13-R070,sheet-13-R071,sheet-13-R072,sheet-13-R073,sheet-13-R074,sheet-13-R075,sheet-13-R076,sheet-13-R077,sheet-13-R078,sheet-13-R079,sheet-13-R080,sheet-13-R081,sheet-13-R082,sheet-13-R083,sheet-13-R084,sheet-13-R085,sheet-13-R086,sheet-13-R087,sheet-13-R088,sheet-13-R089,sheet-13-R090,sheet-13-R091,sheet-13-R092,sheet-13-R093,sheet-13-R094,sheet-13-R095,sheet-13-R096,sheet-13-R097,sheet-13-R098,sheet-13-R099,sheet-13-R100,sheet-13-R101,sheet-13-R102,sheet-13-R103,sheet-13-R104,sheet-13-R105,sheet-13-R106,sheet-13-R107,sheet-13-R108,sheet-13-R109,sheet-13-R111,sheet-13-R112,sheet-13-R113,sheet-13-R114,sheet-13-R115,sheet-13-R116,sheet-13-R117	"識別ID	ラベル	書式・制限	必須	最大値	初期値	画面部品の説明"	システム管理者を設定
sheet-13-R111	0209	sheet-13	店舗登録	項目定義	183	2309	sheet-13-B089			sheet-13-R052,sheet-13-R053,sheet-13-R054,sheet-13-R055,sheet-13-R056,sheet-13-R057,sheet-13-R058,sheet-13-R059,sheet-13-R060,sheet-13-R061,sheet-13-R062,sheet-13-R063,sheet-13-R064,sheet-13-R065,sheet-13-R066,sheet-13-R067,sheet-13-R068,sheet-13-R069,sheet-13-R070,sheet-13-R071,sheet-13-R072,sheet-13-R073,sheet-13-R074,sheet-13-R075,sheet-13-R076,sheet-13-R077,sheet-13-R078,sheet-13-R079,sheet-13-R080,sheet-13-R081,sheet-13-R082,sheet-13-R083,sheet-13-R084,sheet-13-R085,sheet-13-R086,sheet-13-R087,sheet-13-R088,sheet-13-R089,sheet-13-R090,sheet-13-R091,sheet-13-R092,sheet-13-R093,sheet-13-R094,sheet-13-R095,sheet-13-R096,sheet-13-R097,sheet-13-R098,sheet-13-R099,sheet-13-R100,sheet-13-R101,sheet-13-R102,sheet-13-R103,sheet-13-R104,sheet-13-R105,sheet-13-R106,sheet-13-R107,sheet-13-R108,sheet-13-R109,sheet-13-R110,sheet-13-R112,sheet-13-R113,sheet-13-R114,sheet-13-R115,sheet-13-R116,sheet-13-R117	"識別ID	ラベル	書式・制限	必須	最大値	初期値	画面部品の説明"	税設定
sheet-13-R112	0209	sheet-13	店舗登録	項目定義	184	2310	sheet-13-B089			sheet-13-R052,sheet-13-R053,sheet-13-R054,sheet-13-R055,sheet-13-R056,sheet-13-R057,sheet-13-R058,sheet-13-R059,sheet-13-R060,sheet-13-R061,sheet-13-R062,sheet-13-R063,sheet-13-R064,sheet-13-R065,sheet-13-R066,sheet-13-R067,sheet-13-R068,sheet-13-R069,sheet-13-R070,sheet-13-R071,sheet-13-R072,sheet-13-R073,sheet-13-R074,sheet-13-R075,sheet-13-R076,sheet-13-R077,sheet-13-R078,sheet-13-R079,sheet-13-R080,sheet-13-R081,sheet-13-R082,sheet-13-R083,sheet-13-R084,sheet-13-R085,sheet-13-R086,sheet-13-R087,sheet-13-R088,sheet-13-R089,sheet-13-R090,sheet-13-R091,sheet-13-R092,sheet-13-R093,sheet-13-R094,sheet-13-R095,sheet-13-R096,sheet-13-R097,sheet-13-R098,sheet-13-R099,sheet-13-R100,sheet-13-R101,sheet-13-R102,sheet-13-R103,sheet-13-R104,sheet-13-R105,sheet-13-R106,sheet-13-R107,sheet-13-R108,sheet-13-R109,sheet-13-R110,sheet-13-R111,sheet-13-R113,sheet-13-R114,sheet-13-R115,sheet-13-R116,sheet-13-R117	"識別ID	ラベル	書式・制限	必須	最大値	初期値	画面部品の説明"	"4-1	送料無料条件（金額）	全角・半角	-	-	-	EC-CUBEエンタプライズの標準に準拠"
sheet-13-R113	0209	sheet-13	店舗登録	項目定義	185	2311	sheet-13-B089			sheet-13-R052,sheet-13-R053,sheet-13-R054,sheet-13-R055,sheet-13-R056,sheet-13-R057,sheet-13-R058,sheet-13-R059,sheet-13-R060,sheet-13-R061,sheet-13-R062,sheet-13-R063,sheet-13-R064,sheet-13-R065,sheet-13-R066,sheet-13-R067,sheet-13-R068,sheet-13-R069,sheet-13-R070,sheet-13-R071,sheet-13-R072,sheet-13-R073,sheet-13-R074,sheet-13-R075,sheet-13-R076,sheet-13-R077,sheet-13-R078,sheet-13-R079,sheet-13-R080,sheet-13-R081,sheet-13-R082,sheet-13-R083,sheet-13-R084,sheet-13-R085,sheet-13-R086,sheet-13-R087,sheet-13-R088,sheet-13-R089,sheet-13-R090,sheet-13-R091,sheet-13-R092,sheet-13-R093,sheet-13-R094,sheet-13-R095,sheet-13-R096,sheet-13-R097,sheet-13-R098,sheet-13-R099,sheet-13-R100,sheet-13-R101,sheet-13-R102,sheet-13-R103,sheet-13-R104,sheet-13-R105,sheet-13-R106,sheet-13-R107,sheet-13-R108,sheet-13-R109,sheet-13-R110,sheet-13-R111,sheet-13-R112,sheet-13-R114,sheet-13-R115,sheet-13-R116,sheet-13-R117	"識別ID	ラベル	書式・制限	必須	最大値	初期値	画面部品の説明"	"4-2	送料無料条件（数量）	全角・半角	-	-	-	EC-CUBEエンタプライズの標準に準拠"
sheet-13-R114	0209	sheet-13	店舗登録	項目定義	186	2312	sheet-13-B089			sheet-13-R052,sheet-13-R053,sheet-13-R054,sheet-13-R055,sheet-13-R056,sheet-13-R057,sheet-13-R058,sheet-13-R059,sheet-13-R060,sheet-13-R061,sheet-13-R062,sheet-13-R063,sheet-13-R064,sheet-13-R065,sheet-13-R066,sheet-13-R067,sheet-13-R068,sheet-13-R069,sheet-13-R070,sheet-13-R071,sheet-13-R072,sheet-13-R073,sheet-13-R074,sheet-13-R075,sheet-13-R076,sheet-13-R077,sheet-13-R078,sheet-13-R079,sheet-13-R080,sheet-13-R081,sheet-13-R082,sheet-13-R083,sheet-13-R084,sheet-13-R085,sheet-13-R086,sheet-13-R087,sheet-13-R088,sheet-13-R089,sheet-13-R090,sheet-13-R091,sheet-13-R092,sheet-13-R093,sheet-13-R094,sheet-13-R095,sheet-13-R096,sheet-13-R097,sheet-13-R098,sheet-13-R099,sheet-13-R100,sheet-13-R101,sheet-13-R102,sheet-13-R103,sheet-13-R104,sheet-13-R105,sheet-13-R106,sheet-13-R107,sheet-13-R108,sheet-13-R109,sheet-13-R110,sheet-13-R111,sheet-13-R112,sheet-13-R113,sheet-13-R115,sheet-13-R116,sheet-13-R117	"識別ID	ラベル	書式・制限	必須	最大値	初期値	画面部品の説明"	税設定
sheet-13-R115	0209	sheet-13	店舗登録	項目定義	187	2313	sheet-13-B089			sheet-13-R052,sheet-13-R053,sheet-13-R054,sheet-13-R055,sheet-13-R056,sheet-13-R057,sheet-13-R058,sheet-13-R059,sheet-13-R060,sheet-13-R061,sheet-13-R062,sheet-13-R063,sheet-13-R064,sheet-13-R065,sheet-13-R066,sheet-13-R067,sheet-13-R068,sheet-13-R069,sheet-13-R070,sheet-13-R071,sheet-13-R072,sheet-13-R073,sheet-13-R074,sheet-13-R075,sheet-13-R076,sheet-13-R077,sheet-13-R078,sheet-13-R079,sheet-13-R080,sheet-13-R081,sheet-13-R082,sheet-13-R083,sheet-13-R084,sheet-13-R085,sheet-13-R086,sheet-13-R087,sheet-13-R088,sheet-13-R089,sheet-13-R090,sheet-13-R091,sheet-13-R092,sheet-13-R093,sheet-13-R094,sheet-13-R095,sheet-13-R096,sheet-13-R097,sheet-13-R098,sheet-13-R099,sheet-13-R100,sheet-13-R101,sheet-13-R102,sheet-13-R103,sheet-13-R104,sheet-13-R105,sheet-13-R106,sheet-13-R107,sheet-13-R108,sheet-13-R109,sheet-13-R110,sheet-13-R111,sheet-13-R112,sheet-13-R113,sheet-13-R114,sheet-13-R116,sheet-13-R117	"識別ID	ラベル	書式・制限	必須	最大値	初期値	画面部品の説明"	"5-1	適格請求書発行事業者登録番号	全角・半角	-	-	-	EC-CUBEエンタプライズの標準に準拠"
sheet-13-R116	0209	sheet-13	店舗登録	項目定義	188	2314	sheet-13-B089			sheet-13-R052,sheet-13-R053,sheet-13-R054,sheet-13-R055,sheet-13-R056,sheet-13-R057,sheet-13-R058,sheet-13-R059,sheet-13-R060,sheet-13-R061,sheet-13-R062,sheet-13-R063,sheet-13-R064,sheet-13-R065,sheet-13-R066,sheet-13-R067,sheet-13-R068,sheet-13-R069,sheet-13-R070,sheet-13-R071,sheet-13-R072,sheet-13-R073,sheet-13-R074,sheet-13-R075,sheet-13-R076,sheet-13-R077,sheet-13-R078,sheet-13-R079,sheet-13-R080,sheet-13-R081,sheet-13-R082,sheet-13-R083,sheet-13-R084,sheet-13-R085,sheet-13-R086,sheet-13-R087,sheet-13-R088,sheet-13-R089,sheet-13-R090,sheet-13-R091,sheet-13-R092,sheet-13-R093,sheet-13-R094,sheet-13-R095,sheet-13-R096,sheet-13-R097,sheet-13-R098,sheet-13-R099,sheet-13-R100,sheet-13-R101,sheet-13-R102,sheet-13-R103,sheet-13-R104,sheet-13-R105,sheet-13-R106,sheet-13-R107,sheet-13-R108,sheet-13-R109,sheet-13-R110,sheet-13-R111,sheet-13-R112,sheet-13-R113,sheet-13-R114,sheet-13-R115,sheet-13-R117	"識別ID	ラベル	書式・制限	必須	最大値	初期値	画面部品の説明"	ボタン、リンク
sheet-13-R117	0209	sheet-13	店舗登録	項目定義	189	2315	sheet-13-B089			sheet-13-R052,sheet-13-R053,sheet-13-R054,sheet-13-R055,sheet-13-R056,sheet-13-R057,sheet-13-R058,sheet-13-R059,sheet-13-R060,sheet-13-R061,sheet-13-R062,sheet-13-R063,sheet-13-R064,sheet-13-R065,sheet-13-R066,sheet-13-R067,sheet-13-R068,sheet-13-R069,sheet-13-R070,sheet-13-R071,sheet-13-R072,sheet-13-R073,sheet-13-R074,sheet-13-R075,sheet-13-R076,sheet-13-R077,sheet-13-R078,sheet-13-R079,sheet-13-R080,sheet-13-R081,sheet-13-R082,sheet-13-R083,sheet-13-R084,sheet-13-R085,sheet-13-R086,sheet-13-R087,sheet-13-R088,sheet-13-R089,sheet-13-R090,sheet-13-R091,sheet-13-R092,sheet-13-R093,sheet-13-R094,sheet-13-R095,sheet-13-R096,sheet-13-R097,sheet-13-R098,sheet-13-R099,sheet-13-R100,sheet-13-R101,sheet-13-R102,sheet-13-R103,sheet-13-R104,sheet-13-R105,sheet-13-R106,sheet-13-R107,sheet-13-R108,sheet-13-R109,sheet-13-R110,sheet-13-R111,sheet-13-R112,sheet-13-R113,sheet-13-R114,sheet-13-R115,sheet-13-R116	"識別ID	ラベル	書式・制限	必須	最大値	初期値	画面部品の説明"	"6-1	登録	ボタン	-	-	-	入力されたフォームの値で編集"
sheet-13-R118	0209	sheet-13	店舗登録	現行仕様	193	2319	sheet-13-B090				"識別ID	ラベル	書式・制限	必須	最大値	初期値	画面部品の説明"	M10-15 店舗登録 / 店舗の登録・編集
sheet-13-R119	0209	sheet-13	店舗登録	現行仕様	195	2321	sheet-13-B091			sheet-13-R120,sheet-13-R121,sheet-13-R122,sheet-13-R123,sheet-13-R124,sheet-13-R125,sheet-13-R126,sheet-13-R127,sheet-13-R128,sheet-13-R129,sheet-13-R130,sheet-13-R131,sheet-13-R132,sheet-13-R133,sheet-13-R134	"識別ID	ラベル	書式・制限	必須	最大値	初期値	画面部品の説明"	登録と編集の切り替え
sheet-13-R120	0209	sheet-13	店舗登録	現行仕様	196	2322	sheet-13-B091			sheet-13-R119,sheet-13-R121,sheet-13-R122,sheet-13-R123,sheet-13-R124,sheet-13-R125,sheet-13-R126,sheet-13-R127,sheet-13-R128,sheet-13-R129,sheet-13-R130,sheet-13-R131,sheet-13-R132,sheet-13-R133,sheet-13-R134	"識別ID	ラベル	書式・制限	必須	最大値	初期値	画面部品の説明"	画面の先頭にある店舗の選択で登録済みの店舗を選ぶと、その店舗の内容を読み込んだ状態で開き直す。選ばないときは新しい店舗の登録として扱う。選択肢は表示順の昇順に並ぶ。選び直すと画面を開き直すため、入力途中の内容は残らない。
sheet-13-R121	0209	sheet-13	店舗登録	現行仕様	197	2323	sheet-13-B091			sheet-13-R119,sheet-13-R120,sheet-13-R122,sheet-13-R123,sheet-13-R124,sheet-13-R125,sheet-13-R126,sheet-13-R127,sheet-13-R128,sheet-13-R129,sheet-13-R130,sheet-13-R131,sheet-13-R132,sheet-13-R133,sheet-13-R134	"識別ID	ラベル	書式・制限	必須	最大値	初期値	画面部品の説明"	存在しない店舗を指定して画面を開いたときは、画面を表示せず見つからない旨の応答を返す。
sheet-13-R122	0209	sheet-13	店舗登録	現行仕様	198	2324	sheet-13-B091			sheet-13-R119,sheet-13-R120,sheet-13-R121,sheet-13-R123,sheet-13-R124,sheet-13-R125,sheet-13-R126,sheet-13-R127,sheet-13-R128,sheet-13-R129,sheet-13-R130,sheet-13-R131,sheet-13-R132,sheet-13-R133,sheet-13-R134	"識別ID	ラベル	書式・制限	必須	最大値	初期値	画面部品の説明"	店名略称の重複禁止
sheet-13-R123	0209	sheet-13	店舗登録	現行仕様	199	2325	sheet-13-B091			sheet-13-R119,sheet-13-R120,sheet-13-R121,sheet-13-R122,sheet-13-R124,sheet-13-R125,sheet-13-R126,sheet-13-R127,sheet-13-R128,sheet-13-R129,sheet-13-R130,sheet-13-R131,sheet-13-R132,sheet-13-R133,sheet-13-R134	"識別ID	ラベル	書式・制限	必須	最大値	初期値	画面部品の説明"	店名略称(3文字)には、ほかの店舗で登録済みの値を使えない。重複したときは保存せず、その値を使っている店舗のショップ名略称を示すエラーを表示する。編集中の店舗自身が持つ値は重複として扱わない。
sheet-13-R124	0209	sheet-13	店舗登録	現行仕様	200	2326	sheet-13-B091			sheet-13-R119,sheet-13-R120,sheet-13-R121,sheet-13-R122,sheet-13-R123,sheet-13-R125,sheet-13-R126,sheet-13-R127,sheet-13-R128,sheet-13-R129,sheet-13-R130,sheet-13-R131,sheet-13-R132,sheet-13-R133,sheet-13-R134	"識別ID	ラベル	書式・制限	必須	最大値	初期値	画面部品の説明"	保存できないときの扱い
sheet-13-R125	0209	sheet-13	店舗登録	現行仕様	201	2327	sheet-13-B091			sheet-13-R119,sheet-13-R120,sheet-13-R121,sheet-13-R122,sheet-13-R123,sheet-13-R124,sheet-13-R126,sheet-13-R127,sheet-13-R128,sheet-13-R129,sheet-13-R130,sheet-13-R131,sheet-13-R132,sheet-13-R133,sheet-13-R134	"識別ID	ラベル	書式・制限	必須	最大値	初期値	画面部品の説明"	入力の検証に通らないときは保存せず、同じ画面を再表示して項目ごとのエラーを表示する。ショップアイコンの画像を確定できないときも保存せず、画面上部にエラーを表示して同じ画面へ戻す。
sheet-13-R126	0209	sheet-13	店舗登録	現行仕様	202	2328	sheet-13-B091			sheet-13-R119,sheet-13-R120,sheet-13-R121,sheet-13-R122,sheet-13-R123,sheet-13-R124,sheet-13-R125,sheet-13-R127,sheet-13-R128,sheet-13-R129,sheet-13-R130,sheet-13-R131,sheet-13-R132,sheet-13-R133,sheet-13-R134	"識別ID	ラベル	書式・制限	必須	最大値	初期値	画面部品の説明"	ショップアイコンの差し替え
sheet-13-R127	0209	sheet-13	店舗登録	現行仕様	203	2329	sheet-13-B091			sheet-13-R119,sheet-13-R120,sheet-13-R121,sheet-13-R122,sheet-13-R123,sheet-13-R124,sheet-13-R125,sheet-13-R126,sheet-13-R128,sheet-13-R129,sheet-13-R130,sheet-13-R131,sheet-13-R132,sheet-13-R133,sheet-13-R134	"識別ID	ラベル	書式・制限	必須	最大値	初期値	画面部品の説明"	画像を選んで保存すると、その店舗に設定されていた画像は消され、新しい画像へ差し替わる。画像を選ばずに保存したときは、設定済みの画像をそのまま残す。受け付ける画像は5メガバイトまでで、JPEG・GIF・PNGに限る。
sheet-13-R128	0209	sheet-13	店舗登録	現行仕様	204	2330	sheet-13-B091			sheet-13-R119,sheet-13-R120,sheet-13-R121,sheet-13-R122,sheet-13-R123,sheet-13-R124,sheet-13-R125,sheet-13-R126,sheet-13-R127,sheet-13-R129,sheet-13-R130,sheet-13-R131,sheet-13-R132,sheet-13-R133,sheet-13-R134	"識別ID	ラベル	書式・制限	必須	最大値	初期値	画面部品の説明"	登録完了時に作られるもの
sheet-13-R129	0209	sheet-13	店舗登録	現行仕様	205	2331	sheet-13-B091			sheet-13-R119,sheet-13-R120,sheet-13-R121,sheet-13-R122,sheet-13-R123,sheet-13-R124,sheet-13-R125,sheet-13-R126,sheet-13-R127,sheet-13-R128,sheet-13-R130,sheet-13-R131,sheet-13-R132,sheet-13-R133,sheet-13-R134	"識別ID	ラベル	書式・制限	必須	最大値	初期値	画面部品の説明"	新しい店舗を登録したときは、その店舗の注文番号と店頭注文番号の採番値を0で作る。
sheet-13-R130	0209	sheet-13	店舗登録	現行仕様	206	2332	sheet-13-B091			sheet-13-R119,sheet-13-R120,sheet-13-R121,sheet-13-R122,sheet-13-R123,sheet-13-R124,sheet-13-R125,sheet-13-R126,sheet-13-R127,sheet-13-R128,sheet-13-R129,sheet-13-R131,sheet-13-R132,sheet-13-R133,sheet-13-R134	"識別ID	ラベル	書式・制限	必須	最大値	初期値	画面部品の説明"	初期在庫は、その店舗の在庫がまだ1件も無いときに限って作る。すでに在庫がある店舗では作り直さない。
sheet-13-R131	0209	sheet-13	店舗登録	現行仕様	207	2333	sheet-13-B091			sheet-13-R119,sheet-13-R120,sheet-13-R121,sheet-13-R122,sheet-13-R123,sheet-13-R124,sheet-13-R125,sheet-13-R126,sheet-13-R127,sheet-13-R128,sheet-13-R129,sheet-13-R130,sheet-13-R132,sheet-13-R133,sheet-13-R134	"識別ID	ラベル	書式・制限	必須	最大値	初期値	画面部品の説明"	保存後の戻り先
sheet-13-R132	0209	sheet-13	店舗登録	現行仕様	208	2334	sheet-13-B091			sheet-13-R119,sheet-13-R120,sheet-13-R121,sheet-13-R122,sheet-13-R123,sheet-13-R124,sheet-13-R125,sheet-13-R126,sheet-13-R127,sheet-13-R128,sheet-13-R129,sheet-13-R130,sheet-13-R131,sheet-13-R133,sheet-13-R134	"識別ID	ラベル	書式・制限	必須	最大値	初期値	画面部品の説明"	保存できたときは、登録・更新した店舗を選んだ状態の画面へ戻す。新しく登録した店舗も、そのまま続けて編集できる状態になる。
sheet-13-R133	0209	sheet-13	店舗登録	現行仕様	209	2335	sheet-13-B091			sheet-13-R119,sheet-13-R120,sheet-13-R121,sheet-13-R122,sheet-13-R123,sheet-13-R124,sheet-13-R125,sheet-13-R126,sheet-13-R127,sheet-13-R128,sheet-13-R129,sheet-13-R130,sheet-13-R131,sheet-13-R132,sheet-13-R134	"識別ID	ラベル	書式・制限	必須	最大値	初期値	画面部品の説明"	カナ項目の変換
sheet-13-R134	0209	sheet-13	店舗登録	現行仕様	210	2336	sheet-13-B091			sheet-13-R119,sheet-13-R120,sheet-13-R121,sheet-13-R122,sheet-13-R123,sheet-13-R124,sheet-13-R125,sheet-13-R126,sheet-13-R127,sheet-13-R128,sheet-13-R129,sheet-13-R130,sheet-13-R131,sheet-13-R132,sheet-13-R133	"識別ID	ラベル	書式・制限	必須	最大値	初期値	画面部品の説明"	会社名(カナ)・店名(カナ)は、ひらがなで入力しても全角カタカナへ直して保存する。濁点・半濁点は1文字にまとめる。
sheet-13-R135	0209	sheet-13	店舗登録	現行仕様	213	2339	sheet-13-B092			sheet-13-R136,sheet-13-R137,sheet-13-R138	"種類	内容"	"入力	店舗の入力項目、ショップアイコンの画像ファイル"
sheet-13-R136	0209	sheet-13	店舗登録	現行仕様	214	2340	sheet-13-B092			sheet-13-R135,sheet-13-R137,sheet-13-R138	"種類	内容"	"成功時出力	保存の完了メッセージと、保存した店舗を選んだ状態の画面"
sheet-13-R137	0209	sheet-13	店舗登録	現行仕様	215	2341	sheet-13-B092			sheet-13-R135,sheet-13-R136,sheet-13-R138	"種類	内容"	"失敗時出力	同じ画面での項目エラー、またはショップアイコンのエラー"
sheet-13-R138	0209	sheet-13	店舗登録	現行仕様	216	2342	sheet-13-B092			sheet-13-R135,sheet-13-R136,sheet-13-R137	"種類	内容"	入出力: 永続化
sheet-13-R139	0209	sheet-13	店舗登録	現行仕様	218	2344	sheet-13-B093			sheet-13-R140,sheet-13-R141	"操作	契機"	"更新	入力の検証を通った店舗情報の保存"
sheet-13-R140	0209	sheet-13	店舗登録	現行仕様	219	2345	sheet-13-B093			sheet-13-R139,sheet-13-R141	"操作	契機"	"追加	新しい店舗の登録時の、注文番号・店頭注文番号の採番値"
sheet-13-R141	0209	sheet-13	店舗登録	現行仕様	220	2346	sheet-13-B093			sheet-13-R139,sheet-13-R140	"操作	契機"	"追加	初期在庫（作成を指定し、その店舗の在庫が1件も無いとき）"
sheet-13-R142	0209	sheet-13	店舗登録	表示メッセージ	224	2350	sheet-13-B094			sheet-13-R143,sheet-13-R144	"メッセージID	表示位置	画面上の文言	表示条件	後続処理"	"—	管理画面上部	保存しました	入力の検証を通って保存できたとき	保存した店舗を選んだ状態の画面へ戻る"
sheet-13-R143	0209	sheet-13	店舗登録	表示メッセージ	225	2351	sheet-13-B094			sheet-13-R142,sheet-13-R144	"メッセージID	表示位置	画面上の文言	表示条件	後続処理"	"—	管理画面上部	ショップアイコンファイルを指定してください。	ショップアイコンの画像を確定できないとき	同じ画面に留まる"
sheet-13-R144	0209	sheet-13	店舗登録	表示メッセージ	226	2352	sheet-13-B094			sheet-13-R142,sheet-13-R143	"メッセージID	表示位置	画面上の文言	表示条件	後続処理"	"—	入力項目付近	(登録済みの店舗のショップ名略称)にて登録済の略称です。	店名略称(3文字)がほかの店舗で登録済みのとき	同じ画面に留まる"
sheet-14-R001	0209	sheet-14	追加システム設定	本文	22	2386	sheet-14-B095					処理概要
sheet-14-R002	0209	sheet-14	追加システム設定	機能仕様	49	2413	sheet-14-B096			sheet-14-R003,sheet-14-R004,sheet-14-R005,sheet-14-R006,sheet-14-R007,sheet-14-R008,sheet-14-R009,sheet-14-R010,sheet-14-R011,sheet-14-R012,sheet-14-R013,sheet-14-R014,sheet-14-R015,sheet-14-R016,sheet-14-R017,sheet-14-R018,sheet-14-R019,sheet-14-R020,sheet-14-R021,sheet-14-R022,sheet-14-R023		現行機能をベースに下記の要件を定義
sheet-14-R003	0209	sheet-14	追加システム設定	機能仕様	50	2414	sheet-14-B096			sheet-14-R002,sheet-14-R004,sheet-14-R005,sheet-14-R006,sheet-14-R007,sheet-14-R008,sheet-14-R009,sheet-14-R010,sheet-14-R011,sheet-14-R012,sheet-14-R013,sheet-14-R014,sheet-14-R015,sheet-14-R016,sheet-14-R017,sheet-14-R018,sheet-14-R019,sheet-14-R020,sheet-14-R021,sheet-14-R022,sheet-14-R023		・下記の項目は、エンタープライズの店舗登録にて設定のため削除
sheet-14-R004	0209	sheet-14	追加システム設定	機能仕様	51	2415	sheet-14-B096			sheet-14-R002,sheet-14-R003,sheet-14-R005,sheet-14-R006,sheet-14-R007,sheet-14-R008,sheet-14-R009,sheet-14-R010,sheet-14-R011,sheet-14-R012,sheet-14-R013,sheet-14-R014,sheet-14-R015,sheet-14-R016,sheet-14-R017,sheet-14-R018,sheet-14-R019,sheet-14-R020,sheet-14-R021,sheet-14-R022,sheet-14-R023		・店頭用アカウントIPアドレス( , 区切り)
sheet-14-R005	0209	sheet-14	追加システム設定	機能仕様	52	2416	sheet-14-B096			sheet-14-R002,sheet-14-R003,sheet-14-R004,sheet-14-R006,sheet-14-R007,sheet-14-R008,sheet-14-R009,sheet-14-R010,sheet-14-R011,sheet-14-R012,sheet-14-R013,sheet-14-R014,sheet-14-R015,sheet-14-R016,sheet-14-R017,sheet-14-R018,sheet-14-R019,sheet-14-R020,sheet-14-R021,sheet-14-R022,sheet-14-R023		・スマレジ店舗ID
sheet-14-R006	0209	sheet-14	追加システム設定	機能仕様	53	2417	sheet-14-B096			sheet-14-R002,sheet-14-R003,sheet-14-R004,sheet-14-R005,sheet-14-R007,sheet-14-R008,sheet-14-R009,sheet-14-R010,sheet-14-R011,sheet-14-R012,sheet-14-R013,sheet-14-R014,sheet-14-R015,sheet-14-R016,sheet-14-R017,sheet-14-R018,sheet-14-R019,sheet-14-R020,sheet-14-R021,sheet-14-R022,sheet-14-R023		・スマレジ部門ID
sheet-14-R007	0209	sheet-14	追加システム設定	機能仕様	54	2418	sheet-14-B096			sheet-14-R002,sheet-14-R003,sheet-14-R004,sheet-14-R005,sheet-14-R006,sheet-14-R008,sheet-14-R009,sheet-14-R010,sheet-14-R011,sheet-14-R012,sheet-14-R013,sheet-14-R014,sheet-14-R015,sheet-14-R016,sheet-14-R017,sheet-14-R018,sheet-14-R019,sheet-14-R020,sheet-14-R021,sheet-14-R022,sheet-14-R023		・注文詳細商品一覧分割しきい値価格(1)
sheet-14-R008	0209	sheet-14	追加システム設定	機能仕様	55	2419	sheet-14-B096			sheet-14-R002,sheet-14-R003,sheet-14-R004,sheet-14-R005,sheet-14-R006,sheet-14-R007,sheet-14-R009,sheet-14-R010,sheet-14-R011,sheet-14-R012,sheet-14-R013,sheet-14-R014,sheet-14-R015,sheet-14-R016,sheet-14-R017,sheet-14-R018,sheet-14-R019,sheet-14-R020,sheet-14-R021,sheet-14-R022,sheet-14-R023		・注文詳細商品一覧分割しきい値価格(2)
sheet-14-R009	0209	sheet-14	追加システム設定	機能仕様	56	2420	sheet-14-B096			sheet-14-R002,sheet-14-R003,sheet-14-R004,sheet-14-R005,sheet-14-R006,sheet-14-R007,sheet-14-R008,sheet-14-R010,sheet-14-R011,sheet-14-R012,sheet-14-R013,sheet-14-R014,sheet-14-R015,sheet-14-R016,sheet-14-R017,sheet-14-R018,sheet-14-R019,sheet-14-R020,sheet-14-R021,sheet-14-R022,sheet-14-R023		・スタック用紙高額商品判定価格
sheet-14-R010	0209	sheet-14	追加システム設定	機能仕様	57	2421	sheet-14-B096			sheet-14-R002,sheet-14-R003,sheet-14-R004,sheet-14-R005,sheet-14-R006,sheet-14-R007,sheet-14-R008,sheet-14-R009,sheet-14-R011,sheet-14-R012,sheet-14-R013,sheet-14-R014,sheet-14-R015,sheet-14-R016,sheet-14-R017,sheet-14-R018,sheet-14-R019,sheet-14-R020,sheet-14-R021,sheet-14-R022,sheet-14-R023		・スタック用紙高額商品しきい値価格
sheet-14-R011	0209	sheet-14	追加システム設定	機能仕様	58	2422	sheet-14-B096			sheet-14-R002,sheet-14-R003,sheet-14-R004,sheet-14-R005,sheet-14-R006,sheet-14-R007,sheet-14-R008,sheet-14-R009,sheet-14-R010,sheet-14-R012,sheet-14-R013,sheet-14-R014,sheet-14-R015,sheet-14-R016,sheet-14-R017,sheet-14-R018,sheet-14-R019,sheet-14-R020,sheet-14-R021,sheet-14-R022,sheet-14-R023		・下記の項目は不要なため削除
sheet-14-R012	0209	sheet-14	追加システム設定	機能仕様	59	2423	sheet-14-B096			sheet-14-R002,sheet-14-R003,sheet-14-R004,sheet-14-R005,sheet-14-R006,sheet-14-R007,sheet-14-R008,sheet-14-R009,sheet-14-R010,sheet-14-R011,sheet-14-R013,sheet-14-R014,sheet-14-R015,sheet-14-R016,sheet-14-R017,sheet-14-R018,sheet-14-R019,sheet-14-R020,sheet-14-R021,sheet-14-R022,sheet-14-R023		・レシートプリンタIPアドレス（現行システムで未使用のため）
sheet-14-R013	0209	sheet-14	追加システム設定	機能仕様	60	2424	sheet-14-B096			sheet-14-R002,sheet-14-R003,sheet-14-R004,sheet-14-R005,sheet-14-R006,sheet-14-R007,sheet-14-R008,sheet-14-R009,sheet-14-R010,sheet-14-R011,sheet-14-R012,sheet-14-R014,sheet-14-R015,sheet-14-R016,sheet-14-R017,sheet-14-R018,sheet-14-R019,sheet-14-R020,sheet-14-R021,sheet-14-R022,sheet-14-R023		・支店システム連携エラー通知先メールアドレス（支店連携が廃止となるため）
sheet-14-R014	0209	sheet-14	追加システム設定	機能仕様	61	2425	sheet-14-B096			sheet-14-R002,sheet-14-R003,sheet-14-R004,sheet-14-R005,sheet-14-R006,sheet-14-R007,sheet-14-R008,sheet-14-R009,sheet-14-R010,sheet-14-R011,sheet-14-R012,sheet-14-R013,sheet-14-R015,sheet-14-R016,sheet-14-R017,sheet-14-R018,sheet-14-R019,sheet-14-R020,sheet-14-R021,sheet-14-R022,sheet-14-R023		機能仕様処理概要
sheet-14-R015	0209	sheet-14	追加システム設定	機能仕様	62	2426	sheet-14-B096			sheet-14-R002,sheet-14-R003,sheet-14-R004,sheet-14-R005,sheet-14-R006,sheet-14-R007,sheet-14-R008,sheet-14-R009,sheet-14-R010,sheet-14-R011,sheet-14-R012,sheet-14-R013,sheet-14-R014,sheet-14-R016,sheet-14-R017,sheet-14-R018,sheet-14-R019,sheet-14-R020,sheet-14-R021,sheet-14-R022,sheet-14-R023		現行の追加システム設定をベースにする
sheet-14-R016	0209	sheet-14	追加システム設定	機能仕様	63	2427	sheet-14-B096			sheet-14-R002,sheet-14-R003,sheet-14-R004,sheet-14-R005,sheet-14-R006,sheet-14-R007,sheet-14-R008,sheet-14-R009,sheet-14-R010,sheet-14-R011,sheet-14-R012,sheet-14-R013,sheet-14-R014,sheet-14-R015,sheet-14-R017,sheet-14-R018,sheet-14-R019,sheet-14-R020,sheet-14-R021,sheet-14-R022,sheet-14-R023		項目の削除
sheet-14-R017	0209	sheet-14	追加システム設定	機能仕様	64	2428	sheet-14-B096			sheet-14-R002,sheet-14-R003,sheet-14-R004,sheet-14-R005,sheet-14-R006,sheet-14-R007,sheet-14-R008,sheet-14-R009,sheet-14-R010,sheet-14-R011,sheet-14-R012,sheet-14-R013,sheet-14-R014,sheet-14-R015,sheet-14-R016,sheet-14-R018,sheet-14-R019,sheet-14-R020,sheet-14-R021,sheet-14-R022,sheet-14-R023		・店頭用アカウントIPアドレス( , 区切り)
sheet-14-R018	0209	sheet-14	追加システム設定	機能仕様	65	2429	sheet-14-B096			sheet-14-R002,sheet-14-R003,sheet-14-R004,sheet-14-R005,sheet-14-R006,sheet-14-R007,sheet-14-R008,sheet-14-R009,sheet-14-R010,sheet-14-R011,sheet-14-R012,sheet-14-R013,sheet-14-R014,sheet-14-R015,sheet-14-R016,sheet-14-R017,sheet-14-R019,sheet-14-R020,sheet-14-R021,sheet-14-R022,sheet-14-R023		・スマレジ店舗ID
sheet-14-R019	0209	sheet-14	追加システム設定	機能仕様	66	2430	sheet-14-B096			sheet-14-R002,sheet-14-R003,sheet-14-R004,sheet-14-R005,sheet-14-R006,sheet-14-R007,sheet-14-R008,sheet-14-R009,sheet-14-R010,sheet-14-R011,sheet-14-R012,sheet-14-R013,sheet-14-R014,sheet-14-R015,sheet-14-R016,sheet-14-R017,sheet-14-R018,sheet-14-R020,sheet-14-R021,sheet-14-R022,sheet-14-R023		・スマレジ部門ID
sheet-14-R020	0209	sheet-14	追加システム設定	機能仕様	67	2431	sheet-14-B096			sheet-14-R002,sheet-14-R003,sheet-14-R004,sheet-14-R005,sheet-14-R006,sheet-14-R007,sheet-14-R008,sheet-14-R009,sheet-14-R010,sheet-14-R011,sheet-14-R012,sheet-14-R013,sheet-14-R014,sheet-14-R015,sheet-14-R016,sheet-14-R017,sheet-14-R018,sheet-14-R019,sheet-14-R021,sheet-14-R022,sheet-14-R023		・レシートプリンタIPアドレス（現行システムで未使用のため）
sheet-14-R021	0209	sheet-14	追加システム設定	機能仕様	68	2432	sheet-14-B096			sheet-14-R002,sheet-14-R003,sheet-14-R004,sheet-14-R005,sheet-14-R006,sheet-14-R007,sheet-14-R008,sheet-14-R009,sheet-14-R010,sheet-14-R011,sheet-14-R012,sheet-14-R013,sheet-14-R014,sheet-14-R015,sheet-14-R016,sheet-14-R017,sheet-14-R018,sheet-14-R019,sheet-14-R020,sheet-14-R022,sheet-14-R023		・支店システム連携エラー通知先メールアドレス（支店連携が廃止となるため）
sheet-14-R022	0209	sheet-14	追加システム設定	機能仕様	69	2433	sheet-14-B096			sheet-14-R002,sheet-14-R003,sheet-14-R004,sheet-14-R005,sheet-14-R006,sheet-14-R007,sheet-14-R008,sheet-14-R009,sheet-14-R010,sheet-14-R011,sheet-14-R012,sheet-14-R013,sheet-14-R014,sheet-14-R015,sheet-14-R016,sheet-14-R017,sheet-14-R018,sheet-14-R019,sheet-14-R020,sheet-14-R021,sheet-14-R023		項目の追加
sheet-14-R023	0209	sheet-14	追加システム設定	機能仕様	70	2434	sheet-14-B096			sheet-14-R002,sheet-14-R003,sheet-14-R004,sheet-14-R005,sheet-14-R006,sheet-14-R007,sheet-14-R008,sheet-14-R009,sheet-14-R010,sheet-14-R011,sheet-14-R012,sheet-14-R013,sheet-14-R014,sheet-14-R015,sheet-14-R016,sheet-14-R017,sheet-14-R018,sheet-14-R019,sheet-14-R020,sheet-14-R021,sheet-14-R022		・自動ログアウト時間を追加する
sheet-14-R024	0209	sheet-14	追加システム設定	項目定義	72	2436	sheet-14-B097			sheet-14-R025,sheet-14-R026,sheet-14-R027,sheet-14-R028,sheet-14-R029,sheet-14-R030,sheet-14-R031,sheet-14-R032,sheet-14-R033,sheet-14-R034,sheet-14-R035,sheet-14-R036,sheet-14-R037,sheet-14-R038,sheet-14-R039,sheet-14-R040,sheet-14-R041,sheet-14-R042,sheet-14-R043,sheet-14-R044,sheet-14-R045,sheet-14-R046,sheet-14-R047,sheet-14-R048	"識別ID	ラベル	書式・制限	必須	最大値	初期値	画面部品の説明"	入力項目
sheet-14-R025	0209	sheet-14	追加システム設定	項目定義	73	2437	sheet-14-B097			sheet-14-R024,sheet-14-R026,sheet-14-R027,sheet-14-R028,sheet-14-R029,sheet-14-R030,sheet-14-R031,sheet-14-R032,sheet-14-R033,sheet-14-R034,sheet-14-R035,sheet-14-R036,sheet-14-R037,sheet-14-R038,sheet-14-R039,sheet-14-R040,sheet-14-R041,sheet-14-R042,sheet-14-R043,sheet-14-R044,sheet-14-R045,sheet-14-R046,sheet-14-R047,sheet-14-R048	"識別ID	ラベル	書式・制限	必須	最大値	初期値	画面部品の説明"	"1	入荷通知最大数	数値（整数）, 0以上	○	変更なし	5	入荷通知数の最大数	2025/12/08 田所"
sheet-14-R026	0209	sheet-14	追加システム設定	項目定義	74	2438	sheet-14-B097			sheet-14-R024,sheet-14-R025,sheet-14-R027,sheet-14-R028,sheet-14-R029,sheet-14-R030,sheet-14-R031,sheet-14-R032,sheet-14-R033,sheet-14-R034,sheet-14-R035,sheet-14-R036,sheet-14-R037,sheet-14-R038,sheet-14-R039,sheet-14-R040,sheet-14-R041,sheet-14-R042,sheet-14-R043,sheet-14-R044,sheet-14-R045,sheet-14-R046,sheet-14-R047,sheet-14-R048	"識別ID	ラベル	書式・制限	必須	最大値	初期値	画面部品の説明"	"2	買取専用メールアドレス	Eメール形式で許容された文字	○	255文字	testbuying@hareruyamtg.com	-	2025/12/08 田所"
sheet-14-R027	0209	sheet-14	追加システム設定	項目定義	75	2439	sheet-14-B097			sheet-14-R024,sheet-14-R025,sheet-14-R026,sheet-14-R028,sheet-14-R029,sheet-14-R030,sheet-14-R031,sheet-14-R032,sheet-14-R033,sheet-14-R034,sheet-14-R035,sheet-14-R036,sheet-14-R037,sheet-14-R038,sheet-14-R039,sheet-14-R040,sheet-14-R041,sheet-14-R042,sheet-14-R043,sheet-14-R044,sheet-14-R045,sheet-14-R046,sheet-14-R047,sheet-14-R048	"識別ID	ラベル	書式・制限	必須	最大値	初期値	画面部品の説明"	"3	レコメンドの検索期間（日数）	数値（整数）, 0以上	○	変更なし	7	レコメンド取得時の条件で使用	2025/12/08 田所"
sheet-14-R028	0209	sheet-14	追加システム設定	項目定義	76	2440	sheet-14-B097			sheet-14-R024,sheet-14-R025,sheet-14-R026,sheet-14-R027,sheet-14-R029,sheet-14-R030,sheet-14-R031,sheet-14-R032,sheet-14-R033,sheet-14-R034,sheet-14-R035,sheet-14-R036,sheet-14-R037,sheet-14-R038,sheet-14-R039,sheet-14-R040,sheet-14-R041,sheet-14-R042,sheet-14-R043,sheet-14-R044,sheet-14-R045,sheet-14-R046,sheet-14-R047,sheet-14-R048	"識別ID	ラベル	書式・制限	必須	最大値	初期値	画面部品の説明"	"4	買取査定申込み完了画面の自動遷移秒数	数値（整数）, 0以上	-	変更なし	15	完了画面の自動遷移秒数	2025/12/08 田所"
sheet-14-R029	0209	sheet-14	追加システム設定	項目定義	77	2441	sheet-14-B097			sheet-14-R024,sheet-14-R025,sheet-14-R026,sheet-14-R027,sheet-14-R028,sheet-14-R030,sheet-14-R031,sheet-14-R032,sheet-14-R033,sheet-14-R034,sheet-14-R035,sheet-14-R036,sheet-14-R037,sheet-14-R038,sheet-14-R039,sheet-14-R040,sheet-14-R041,sheet-14-R042,sheet-14-R043,sheet-14-R044,sheet-14-R045,sheet-14-R046,sheet-14-R047,sheet-14-R048	"識別ID	ラベル	書式・制限	必須	最大値	初期値	画面部品の説明"	"5	スマレジ契約ID	半角英数、スペース	-	変更なし	-	スマレジAPIで使用	2025/12/08 田所"
sheet-14-R030	0209	sheet-14	追加システム設定	項目定義	78	2442	sheet-14-B097			sheet-14-R024,sheet-14-R025,sheet-14-R026,sheet-14-R027,sheet-14-R028,sheet-14-R029,sheet-14-R031,sheet-14-R032,sheet-14-R033,sheet-14-R034,sheet-14-R035,sheet-14-R036,sheet-14-R037,sheet-14-R038,sheet-14-R039,sheet-14-R040,sheet-14-R041,sheet-14-R042,sheet-14-R043,sheet-14-R044,sheet-14-R045,sheet-14-R046,sheet-14-R047,sheet-14-R048	"識別ID	ラベル	書式・制限	必須	最大値	初期値	画面部品の説明"	"6	スマレジアクセストークン	半角英数、スペース	-	変更なし	-	スマレジAPIで使用	2025/12/08 田所"
sheet-14-R031	0209	sheet-14	追加システム設定	項目定義	79	2443	sheet-14-B097			sheet-14-R024,sheet-14-R025,sheet-14-R026,sheet-14-R027,sheet-14-R028,sheet-14-R029,sheet-14-R030,sheet-14-R032,sheet-14-R033,sheet-14-R034,sheet-14-R035,sheet-14-R036,sheet-14-R037,sheet-14-R038,sheet-14-R039,sheet-14-R040,sheet-14-R041,sheet-14-R042,sheet-14-R043,sheet-14-R044,sheet-14-R045,sheet-14-R046,sheet-14-R047,sheet-14-R048	"識別ID	ラベル	書式・制限	必須	最大値	初期値	画面部品の説明"	"7	スマレジへの送信URL	http/https/ftp形式	-	変更なし	-	スマレジAPIで使用	2025/12/08 田所"
sheet-14-R032	0209	sheet-14	追加システム設定	項目定義	80	2444	sheet-14-B097			sheet-14-R024,sheet-14-R025,sheet-14-R026,sheet-14-R027,sheet-14-R028,sheet-14-R029,sheet-14-R030,sheet-14-R031,sheet-14-R033,sheet-14-R034,sheet-14-R035,sheet-14-R036,sheet-14-R037,sheet-14-R038,sheet-14-R039,sheet-14-R040,sheet-14-R041,sheet-14-R042,sheet-14-R043,sheet-14-R044,sheet-14-R045,sheet-14-R046,sheet-14-R047,sheet-14-R048	"識別ID	ラベル	書式・制限	必須	最大値	初期値	画面部品の説明"	"8	配送日指定が繰上る時刻(hh:mm)	hh:mm形式（00:00～23:59）	○	変更なし	-	-	2025/12/08 田所"
sheet-14-R033	0209	sheet-14	追加システム設定	項目定義	81	2445	sheet-14-B097			sheet-14-R024,sheet-14-R025,sheet-14-R026,sheet-14-R027,sheet-14-R028,sheet-14-R029,sheet-14-R030,sheet-14-R031,sheet-14-R032,sheet-14-R034,sheet-14-R035,sheet-14-R036,sheet-14-R037,sheet-14-R038,sheet-14-R039,sheet-14-R040,sheet-14-R041,sheet-14-R042,sheet-14-R043,sheet-14-R044,sheet-14-R045,sheet-14-R046,sheet-14-R047,sheet-14-R048	"識別ID	ラベル	書式・制限	必須	最大値	初期値	画面部品の説明"	"9	入荷通知メールの許可	全角・半角	-	変更なし	-	-	2025/12/08 田所"
sheet-14-R034	0209	sheet-14	追加システム設定	項目定義	82	2446	sheet-14-B097			sheet-14-R024,sheet-14-R025,sheet-14-R026,sheet-14-R027,sheet-14-R028,sheet-14-R029,sheet-14-R030,sheet-14-R031,sheet-14-R032,sheet-14-R033,sheet-14-R035,sheet-14-R036,sheet-14-R037,sheet-14-R038,sheet-14-R039,sheet-14-R040,sheet-14-R041,sheet-14-R042,sheet-14-R043,sheet-14-R044,sheet-14-R045,sheet-14-R046,sheet-14-R047,sheet-14-R048	"識別ID	ラベル	書式・制限	必須	最大値	初期値	画面部品の説明"	"10	まとめて買取商品ID	数値（整数）, 0以上	-	変更なし	-	まとめて買取の商品IDの取得時に使用	2025/12/08 田所"
sheet-14-R035	0209	sheet-14	追加システム設定	項目定義	83	2447	sheet-14-B097			sheet-14-R024,sheet-14-R025,sheet-14-R026,sheet-14-R027,sheet-14-R028,sheet-14-R029,sheet-14-R030,sheet-14-R031,sheet-14-R032,sheet-14-R033,sheet-14-R034,sheet-14-R036,sheet-14-R037,sheet-14-R038,sheet-14-R039,sheet-14-R040,sheet-14-R041,sheet-14-R042,sheet-14-R043,sheet-14-R044,sheet-14-R045,sheet-14-R046,sheet-14-R047,sheet-14-R048	"識別ID	ラベル	書式・制限	必須	最大値	初期値	画面部品の説明"	"11	固定価格商品部門ID	数値（整数）, 1以上	○	変更なし	-	店舗x部門単位の買取集計データを取得時に使用	2025/12/08 田所"
sheet-14-R036	0209	sheet-14	追加システム設定	項目定義	84	2448	sheet-14-B097			sheet-14-R024,sheet-14-R025,sheet-14-R026,sheet-14-R027,sheet-14-R028,sheet-14-R029,sheet-14-R030,sheet-14-R031,sheet-14-R032,sheet-14-R033,sheet-14-R034,sheet-14-R035,sheet-14-R037,sheet-14-R038,sheet-14-R039,sheet-14-R040,sheet-14-R041,sheet-14-R042,sheet-14-R043,sheet-14-R044,sheet-14-R045,sheet-14-R046,sheet-14-R047,sheet-14-R048	"識別ID	ラベル	書式・制限	必須	最大値	初期値	画面部品の説明"	"12	買取部門集計送信メールアドレス	Eメール形式で許容された文字	-	255文字	-	-	2025/12/08 田所"
sheet-14-R037	0209	sheet-14	追加システム設定	項目定義	85	2449	sheet-14-B097			sheet-14-R024,sheet-14-R025,sheet-14-R026,sheet-14-R027,sheet-14-R028,sheet-14-R029,sheet-14-R030,sheet-14-R031,sheet-14-R032,sheet-14-R033,sheet-14-R034,sheet-14-R035,sheet-14-R036,sheet-14-R038,sheet-14-R039,sheet-14-R040,sheet-14-R041,sheet-14-R042,sheet-14-R043,sheet-14-R044,sheet-14-R045,sheet-14-R046,sheet-14-R047,sheet-14-R048	"識別ID	ラベル	書式・制限	必須	最大値	初期値	画面部品の説明"	"13	必須項目が空欄である会員送信メールアドレス	Eメール形式で許容された文字	-	255文字	-	-	2025/12/08 田所"
sheet-14-R038	0209	sheet-14	追加システム設定	項目定義	86	2450	sheet-14-B097			sheet-14-R024,sheet-14-R025,sheet-14-R026,sheet-14-R027,sheet-14-R028,sheet-14-R029,sheet-14-R030,sheet-14-R031,sheet-14-R032,sheet-14-R033,sheet-14-R034,sheet-14-R035,sheet-14-R036,sheet-14-R037,sheet-14-R039,sheet-14-R040,sheet-14-R041,sheet-14-R042,sheet-14-R043,sheet-14-R044,sheet-14-R045,sheet-14-R046,sheet-14-R047,sheet-14-R048	"識別ID	ラベル	書式・制限	必須	最大値	初期値	画面部品の説明"	"14	ポイント利用が反映されない決済の送信先メールアドレス	Eメール形式で許容された文字	-	255文字	-	-	2025/12/08 田所"
sheet-14-R039	0209	sheet-14	追加システム設定	項目定義	87	2451	sheet-14-B097			sheet-14-R024,sheet-14-R025,sheet-14-R026,sheet-14-R027,sheet-14-R028,sheet-14-R029,sheet-14-R030,sheet-14-R031,sheet-14-R032,sheet-14-R033,sheet-14-R034,sheet-14-R035,sheet-14-R036,sheet-14-R037,sheet-14-R038,sheet-14-R040,sheet-14-R041,sheet-14-R042,sheet-14-R043,sheet-14-R044,sheet-14-R045,sheet-14-R046,sheet-14-R047,sheet-14-R048	"識別ID	ラベル	書式・制限	必須	最大値	初期値	画面部品の説明"	"15	ポイント差分発生通知メールアドレス	Eメール形式で許容された文字	-	255文字	-	-	2025/12/08 田所"
sheet-14-R040	0209	sheet-14	追加システム設定	項目定義	88	2452	sheet-14-B097			sheet-14-R024,sheet-14-R025,sheet-14-R026,sheet-14-R027,sheet-14-R028,sheet-14-R029,sheet-14-R030,sheet-14-R031,sheet-14-R032,sheet-14-R033,sheet-14-R034,sheet-14-R035,sheet-14-R036,sheet-14-R037,sheet-14-R038,sheet-14-R039,sheet-14-R041,sheet-14-R042,sheet-14-R043,sheet-14-R044,sheet-14-R045,sheet-14-R046,sheet-14-R047,sheet-14-R048	"識別ID	ラベル	書式・制限	必須	最大値	初期値	画面部品の説明"	"16	購入処理エラー通知先メールアドレス	Eメール形式で許容された文字	-	255文字	-	-	2025/12/08 田所"
sheet-14-R041	0209	sheet-14	追加システム設定	項目定義	89	2453	sheet-14-B097			sheet-14-R024,sheet-14-R025,sheet-14-R026,sheet-14-R027,sheet-14-R028,sheet-14-R029,sheet-14-R030,sheet-14-R031,sheet-14-R032,sheet-14-R033,sheet-14-R034,sheet-14-R035,sheet-14-R036,sheet-14-R037,sheet-14-R038,sheet-14-R039,sheet-14-R040,sheet-14-R042,sheet-14-R043,sheet-14-R044,sheet-14-R045,sheet-14-R046,sheet-14-R047,sheet-14-R048	"識別ID	ラベル	書式・制限	必須	最大値	初期値	画面部品の説明"	"17	イベント決済確認エラー通知メールアドレス	Eメール形式で許容された文字	-	255文字	-	-	2025/12/08 田所"
sheet-14-R042	0209	sheet-14	追加システム設定	項目定義	90	2454	sheet-14-B097			sheet-14-R024,sheet-14-R025,sheet-14-R026,sheet-14-R027,sheet-14-R028,sheet-14-R029,sheet-14-R030,sheet-14-R031,sheet-14-R032,sheet-14-R033,sheet-14-R034,sheet-14-R035,sheet-14-R036,sheet-14-R037,sheet-14-R038,sheet-14-R039,sheet-14-R040,sheet-14-R041,sheet-14-R043,sheet-14-R044,sheet-14-R045,sheet-14-R046,sheet-14-R047,sheet-14-R048	"識別ID	ラベル	書式・制限	必須	最大値	初期値	画面部品の説明"	"18	身分証の有効期限切れ会員送信メールアドレス	Eメール形式で許容された文字	-	255文字	-	-	2025/12/08 田所"
sheet-14-R043	0209	sheet-14	追加システム設定	項目定義	91	2455	sheet-14-B097			sheet-14-R024,sheet-14-R025,sheet-14-R026,sheet-14-R027,sheet-14-R028,sheet-14-R029,sheet-14-R030,sheet-14-R031,sheet-14-R032,sheet-14-R033,sheet-14-R034,sheet-14-R035,sheet-14-R036,sheet-14-R037,sheet-14-R038,sheet-14-R039,sheet-14-R040,sheet-14-R041,sheet-14-R042,sheet-14-R044,sheet-14-R045,sheet-14-R046,sheet-14-R047,sheet-14-R048	"識別ID	ラベル	書式・制限	必須	最大値	初期値	画面部品の説明"	"	査定払出し連絡用経理部門メールアドレス	Eメール形式で許容された文字	-	255文字	-	-	2026/01/27 井澤"
sheet-14-R044	0209	sheet-14	追加システム設定	項目定義	92	2456	sheet-14-B097			sheet-14-R024,sheet-14-R025,sheet-14-R026,sheet-14-R027,sheet-14-R028,sheet-14-R029,sheet-14-R030,sheet-14-R031,sheet-14-R032,sheet-14-R033,sheet-14-R034,sheet-14-R035,sheet-14-R036,sheet-14-R037,sheet-14-R038,sheet-14-R039,sheet-14-R040,sheet-14-R041,sheet-14-R042,sheet-14-R043,sheet-14-R045,sheet-14-R046,sheet-14-R047,sheet-14-R048	"識別ID	ラベル	書式・制限	必須	最大値	初期値	画面部品の説明"	"19	Small packetが選択可能な合計金額の閾値	数値（整数）, 0以上	○	変更なし	-	注文内容に対して適正な配送方法を取得時に使用	2025/12/08 田所"
sheet-14-R045	0209	sheet-14	追加システム設定	項目定義	93	2457	sheet-14-B097			sheet-14-R024,sheet-14-R025,sheet-14-R026,sheet-14-R027,sheet-14-R028,sheet-14-R029,sheet-14-R030,sheet-14-R031,sheet-14-R032,sheet-14-R033,sheet-14-R034,sheet-14-R035,sheet-14-R036,sheet-14-R037,sheet-14-R038,sheet-14-R039,sheet-14-R040,sheet-14-R041,sheet-14-R042,sheet-14-R043,sheet-14-R044,sheet-14-R046,sheet-14-R047,sheet-14-R048	"識別ID	ラベル	書式・制限	必須	最大値	初期値	画面部品の説明"	"20	英語サイト専用タグID	数値（整数）, 0以上	○	変更なし	-	-	2025/12/08 田所"
sheet-14-R046	0209	sheet-14	追加システム設定	項目定義	94	2458	sheet-14-B097			sheet-14-R024,sheet-14-R025,sheet-14-R026,sheet-14-R027,sheet-14-R028,sheet-14-R029,sheet-14-R030,sheet-14-R031,sheet-14-R032,sheet-14-R033,sheet-14-R034,sheet-14-R035,sheet-14-R036,sheet-14-R037,sheet-14-R038,sheet-14-R039,sheet-14-R040,sheet-14-R041,sheet-14-R042,sheet-14-R043,sheet-14-R044,sheet-14-R045,sheet-14-R047,sheet-14-R048	"識別ID	ラベル	書式・制限	必須	最大値	初期値	画面部品の説明"	"21	管理画面自動ログアウト時間（分）	数値（整数）, 0以上	○	255文字	10	自動ログアウトの時間を入力"
sheet-14-R047	0209	sheet-14	追加システム設定	項目定義	95	2459	sheet-14-B097			sheet-14-R024,sheet-14-R025,sheet-14-R026,sheet-14-R027,sheet-14-R028,sheet-14-R029,sheet-14-R030,sheet-14-R031,sheet-14-R032,sheet-14-R033,sheet-14-R034,sheet-14-R035,sheet-14-R036,sheet-14-R037,sheet-14-R038,sheet-14-R039,sheet-14-R040,sheet-14-R041,sheet-14-R042,sheet-14-R043,sheet-14-R044,sheet-14-R045,sheet-14-R046,sheet-14-R048	"識別ID	ラベル	書式・制限	必須	最大値	初期値	画面部品の説明"	"例:1を入力された場合、1分	2025/12/08 田所"
sheet-14-R048	0209	sheet-14	追加システム設定	項目定義	96	2460	sheet-14-B097			sheet-14-R024,sheet-14-R025,sheet-14-R026,sheet-14-R027,sheet-14-R028,sheet-14-R029,sheet-14-R030,sheet-14-R031,sheet-14-R032,sheet-14-R033,sheet-14-R034,sheet-14-R035,sheet-14-R036,sheet-14-R037,sheet-14-R038,sheet-14-R039,sheet-14-R040,sheet-14-R041,sheet-14-R042,sheet-14-R043,sheet-14-R044,sheet-14-R045,sheet-14-R046,sheet-14-R047	"識別ID	ラベル	書式・制限	必須	最大値	初期値	画面部品の説明"	"22	登録	ボタン	-	-	-	入力されたフォームの値で登録"
sheet-14-R049	0209	sheet-14	追加システム設定	現行仕様	100	2464	sheet-14-B098				"識別ID	ラベル	書式・制限	必須	最大値	初期値	画面部品の説明"	M10-16 追加システム設定 / 店舗設定 — 追加システム設定（HareruyaEcプラグイン）
sheet-14-R050	0209	sheet-14	追加システム設定	現行仕様	102	2466	sheet-14-B099			sheet-14-R051,sheet-14-R052,sheet-14-R053,sheet-14-R054,sheet-14-R055,sheet-14-R056,sheet-14-R057,sheet-14-R058,sheet-14-R059,sheet-14-R060,sheet-14-R061,sheet-14-R062,sheet-14-R063,sheet-14-R064,sheet-14-R065,sheet-14-R066,sheet-14-R067,sheet-14-R068,sheet-14-R069,sheet-14-R070,sheet-14-R071,sheet-14-R072,sheet-14-R073,sheet-14-R074,sheet-14-R075,sheet-14-R076	"識別ID	ラベル	書式・制限	必須	最大値	初期値	画面部品の説明"	画面の位置づけ
sheet-14-R051	0209	sheet-14	追加システム設定	現行仕様	103	2467	sheet-14-B099			sheet-14-R050,sheet-14-R052,sheet-14-R053,sheet-14-R054,sheet-14-R055,sheet-14-R056,sheet-14-R057,sheet-14-R058,sheet-14-R059,sheet-14-R060,sheet-14-R061,sheet-14-R062,sheet-14-R063,sheet-14-R064,sheet-14-R065,sheet-14-R066,sheet-14-R067,sheet-14-R068,sheet-14-R069,sheet-14-R070,sheet-14-R071,sheet-14-R072,sheet-14-R073,sheet-14-R074,sheet-14-R075,sheet-14-R076	"識別ID	ラベル	書式・制限	必須	最大値	初期値	画面部品の説明"	追加システム設定は、ハレルヤ向け拡張が管理画面へ追加する設定画面で、サイドメニューでは「データ管理」配下に「追加システム設定」として並ぶ。設定はキーと値の組で保持し、この画面が一覧・編集の窓口になる。
sheet-14-R052	0209	sheet-14	追加システム設定	現行仕様	104	2468	sheet-14-B099			sheet-14-R050,sheet-14-R051,sheet-14-R053,sheet-14-R054,sheet-14-R055,sheet-14-R056,sheet-14-R057,sheet-14-R058,sheet-14-R059,sheet-14-R060,sheet-14-R061,sheet-14-R062,sheet-14-R063,sheet-14-R064,sheet-14-R065,sheet-14-R066,sheet-14-R067,sheet-14-R068,sheet-14-R069,sheet-14-R070,sheet-14-R071,sheet-14-R072,sheet-14-R073,sheet-14-R074,sheet-14-R075,sheet-14-R076	"識別ID	ラベル	書式・制限	必須	最大値	初期値	画面部品の説明"	店舗設定の基本情報設定（SHOPマスター）とは別画面・別入力であり、本機能では基本情報の内容を書き換えない。
sheet-14-R053	0209	sheet-14	追加システム設定	現行仕様	105	2469	sheet-14-B099			sheet-14-R050,sheet-14-R051,sheet-14-R052,sheet-14-R054,sheet-14-R055,sheet-14-R056,sheet-14-R057,sheet-14-R058,sheet-14-R059,sheet-14-R060,sheet-14-R061,sheet-14-R062,sheet-14-R063,sheet-14-R064,sheet-14-R065,sheet-14-R066,sheet-14-R067,sheet-14-R068,sheet-14-R069,sheet-14-R070,sheet-14-R071,sheet-14-R072,sheet-14-R073,sheet-14-R074,sheet-14-R075,sheet-14-R076	"識別ID	ラベル	書式・制限	必須	最大値	初期値	画面部品の説明"	初期表示
sheet-14-R054	0209	sheet-14	追加システム設定	現行仕様	106	2470	sheet-14-B099			sheet-14-R050,sheet-14-R051,sheet-14-R052,sheet-14-R053,sheet-14-R055,sheet-14-R056,sheet-14-R057,sheet-14-R058,sheet-14-R059,sheet-14-R060,sheet-14-R061,sheet-14-R062,sheet-14-R063,sheet-14-R064,sheet-14-R065,sheet-14-R066,sheet-14-R067,sheet-14-R068,sheet-14-R069,sheet-14-R070,sheet-14-R071,sheet-14-R072,sheet-14-R073,sheet-14-R074,sheet-14-R075,sheet-14-R076	"識別ID	ラベル	書式・制限	必須	最大値	初期値	画面部品の説明"	設定のマスタを全件読み、設定キーと設定値の組を入力欄の初期値とする。読み込んだ中に該当キーが無い項目は、項目ごとに定めた既定値を入力欄に出す。
sheet-14-R055	0209	sheet-14	追加システム設定	現行仕様	107	2471	sheet-14-B099			sheet-14-R050,sheet-14-R051,sheet-14-R052,sheet-14-R053,sheet-14-R054,sheet-14-R056,sheet-14-R057,sheet-14-R058,sheet-14-R059,sheet-14-R060,sheet-14-R061,sheet-14-R062,sheet-14-R063,sheet-14-R064,sheet-14-R065,sheet-14-R066,sheet-14-R067,sheet-14-R068,sheet-14-R069,sheet-14-R070,sheet-14-R071,sheet-14-R072,sheet-14-R073,sheet-14-R074,sheet-14-R075,sheet-14-R076	"識別ID	ラベル	書式・制限	必須	最大値	初期値	画面部品の説明"	設定項目（項目定義に記載のないもの）
sheet-14-R056	0209	sheet-14	追加システム設定	現行仕様	108	2472	sheet-14-B099			sheet-14-R050,sheet-14-R051,sheet-14-R052,sheet-14-R053,sheet-14-R054,sheet-14-R055,sheet-14-R057,sheet-14-R058,sheet-14-R059,sheet-14-R060,sheet-14-R061,sheet-14-R062,sheet-14-R063,sheet-14-R064,sheet-14-R065,sheet-14-R066,sheet-14-R067,sheet-14-R068,sheet-14-R069,sheet-14-R070,sheet-14-R071,sheet-14-R072,sheet-14-R073,sheet-14-R074,sheet-14-R075,sheet-14-R076	"識別ID	ラベル	書式・制限	必須	最大値	初期値	画面部品の説明"	現行の追加システム設定には、項目定義に挙がっていない次の項目がある。
sheet-14-R057	0209	sheet-14	追加システム設定	現行仕様	109	2473	sheet-14-B099			sheet-14-R050,sheet-14-R051,sheet-14-R052,sheet-14-R053,sheet-14-R054,sheet-14-R055,sheet-14-R056,sheet-14-R058,sheet-14-R059,sheet-14-R060,sheet-14-R061,sheet-14-R062,sheet-14-R063,sheet-14-R064,sheet-14-R065,sheet-14-R066,sheet-14-R067,sheet-14-R068,sheet-14-R069,sheet-14-R070,sheet-14-R071,sheet-14-R072,sheet-14-R073,sheet-14-R074,sheet-14-R075,sheet-14-R076	"識別ID	ラベル	書式・制限	必須	最大値	初期値	画面部品の説明"	"項目名	必須／任意	種別	初期値	入力の制限"
sheet-14-R058	0209	sheet-14	追加システム設定	現行仕様	110	2474	sheet-14-B099			sheet-14-R050,sheet-14-R051,sheet-14-R052,sheet-14-R053,sheet-14-R054,sheet-14-R055,sheet-14-R056,sheet-14-R057,sheet-14-R059,sheet-14-R060,sheet-14-R061,sheet-14-R062,sheet-14-R063,sheet-14-R064,sheet-14-R065,sheet-14-R066,sheet-14-R067,sheet-14-R068,sheet-14-R069,sheet-14-R070,sheet-14-R071,sheet-14-R072,sheet-14-R073,sheet-14-R074,sheet-14-R075,sheet-14-R076	"識別ID	ラベル	書式・制限	必須	最大値	初期値	画面部品の説明"	"ピッキングリスト分割しきい値価格	必須	整数	980	未入力不可。0以上"
sheet-14-R059	0209	sheet-14	追加システム設定	現行仕様	111	2475	sheet-14-B099			sheet-14-R050,sheet-14-R051,sheet-14-R052,sheet-14-R053,sheet-14-R054,sheet-14-R055,sheet-14-R056,sheet-14-R057,sheet-14-R058,sheet-14-R060,sheet-14-R061,sheet-14-R062,sheet-14-R063,sheet-14-R064,sheet-14-R065,sheet-14-R066,sheet-14-R067,sheet-14-R068,sheet-14-R069,sheet-14-R070,sheet-14-R071,sheet-14-R072,sheet-14-R073,sheet-14-R074,sheet-14-R075,sheet-14-R076	"識別ID	ラベル	書式・制限	必須	最大値	初期値	画面部品の説明"	"スマレジ通信エラー送信メールアドレス	任意	文字列	smaregierror@hareruyamtg.com	入力があるときだけ厳密なメールアドレス形式"
sheet-14-R060	0209	sheet-14	追加システム設定	現行仕様	112	2476	sheet-14-B099			sheet-14-R050,sheet-14-R051,sheet-14-R052,sheet-14-R053,sheet-14-R054,sheet-14-R055,sheet-14-R056,sheet-14-R057,sheet-14-R058,sheet-14-R059,sheet-14-R061,sheet-14-R062,sheet-14-R063,sheet-14-R064,sheet-14-R065,sheet-14-R066,sheet-14-R067,sheet-14-R068,sheet-14-R069,sheet-14-R070,sheet-14-R071,sheet-14-R072,sheet-14-R073,sheet-14-R074,sheet-14-R075,sheet-14-R076	"識別ID	ラベル	書式・制限	必須	最大値	初期値	画面部品の説明"	"タイトルを変更する商品ID( , 区切り)	任意	文字列	空文字	数字とカンマのみ"
sheet-14-R061	0209	sheet-14	追加システム設定	現行仕様	113	2477	sheet-14-B099			sheet-14-R050,sheet-14-R051,sheet-14-R052,sheet-14-R053,sheet-14-R054,sheet-14-R055,sheet-14-R056,sheet-14-R057,sheet-14-R058,sheet-14-R059,sheet-14-R060,sheet-14-R062,sheet-14-R063,sheet-14-R064,sheet-14-R065,sheet-14-R066,sheet-14-R067,sheet-14-R068,sheet-14-R069,sheet-14-R070,sheet-14-R071,sheet-14-R072,sheet-14-R073,sheet-14-R074,sheet-14-R075,sheet-14-R076	"識別ID	ラベル	書式・制限	必須	最大値	初期値	画面部品の説明"	保存の対象
sheet-14-R062	0209	sheet-14	追加システム設定	現行仕様	114	2478	sheet-14-B099			sheet-14-R050,sheet-14-R051,sheet-14-R052,sheet-14-R053,sheet-14-R054,sheet-14-R055,sheet-14-R056,sheet-14-R057,sheet-14-R058,sheet-14-R059,sheet-14-R060,sheet-14-R061,sheet-14-R063,sheet-14-R064,sheet-14-R065,sheet-14-R066,sheet-14-R067,sheet-14-R068,sheet-14-R069,sheet-14-R070,sheet-14-R071,sheet-14-R072,sheet-14-R073,sheet-14-R074,sheet-14-R075,sheet-14-R076	"識別ID	ラベル	書式・制限	必須	最大値	初期値	画面部品の説明"	保存はなりすまし対策トークンの検証を通ったときだけ行う。保存では再度設定のマスタを全件読み、送信内容に同じキーがあり、かつ文字列として比較した送信値が現在の設定値と異なる項目だけを更新する。更新した項目には、更新した管理者の識別子と更新日時を記録する。値が同じ項目は更新せず、更新した管理者の識別子も更新日時も書き換えない。
sheet-14-R063	0209	sheet-14	追加システム設定	現行仕様	115	2479	sheet-14-B099			sheet-14-R050,sheet-14-R051,sheet-14-R052,sheet-14-R053,sheet-14-R054,sheet-14-R055,sheet-14-R056,sheet-14-R057,sheet-14-R058,sheet-14-R059,sheet-14-R060,sheet-14-R061,sheet-14-R062,sheet-14-R064,sheet-14-R065,sheet-14-R066,sheet-14-R067,sheet-14-R068,sheet-14-R069,sheet-14-R070,sheet-14-R071,sheet-14-R072,sheet-14-R073,sheet-14-R074,sheet-14-R075,sheet-14-R076	"識別ID	ラベル	書式・制限	必須	最大値	初期値	画面部品の説明"	送信内容にあるキーが設定のマスタに1行も無いときは、その項目は保存の対象外となり、新しい行を追加しない。
sheet-14-R064	0209	sheet-14	追加システム設定	現行仕様	116	2480	sheet-14-B099			sheet-14-R050,sheet-14-R051,sheet-14-R052,sheet-14-R053,sheet-14-R054,sheet-14-R055,sheet-14-R056,sheet-14-R057,sheet-14-R058,sheet-14-R059,sheet-14-R060,sheet-14-R061,sheet-14-R062,sheet-14-R063,sheet-14-R065,sheet-14-R066,sheet-14-R067,sheet-14-R068,sheet-14-R069,sheet-14-R070,sheet-14-R071,sheet-14-R072,sheet-14-R073,sheet-14-R074,sheet-14-R075,sheet-14-R076	"識別ID	ラベル	書式・制限	必須	最大値	初期値	画面部品の説明"	保存が成立したときは完了メッセージを表示し、追加システム設定画面へ戻す。戻った先の入力欄は保存後の値から組み立て直す。検証に通らないときは保存せず、同じ画面を再表示して項目のエラーを表示する。
sheet-14-R065	0209	sheet-14	追加システム設定	現行仕様	117	2481	sheet-14-B099			sheet-14-R050,sheet-14-R051,sheet-14-R052,sheet-14-R053,sheet-14-R054,sheet-14-R055,sheet-14-R056,sheet-14-R057,sheet-14-R058,sheet-14-R059,sheet-14-R060,sheet-14-R061,sheet-14-R062,sheet-14-R063,sheet-14-R064,sheet-14-R066,sheet-14-R067,sheet-14-R068,sheet-14-R069,sheet-14-R070,sheet-14-R071,sheet-14-R072,sheet-14-R073,sheet-14-R074,sheet-14-R075,sheet-14-R076	"識別ID	ラベル	書式・制限	必須	最大値	初期値	画面部品の説明"	複数の管理者が続けて保存したときは、後から保存した内容が残る。先に開いていた画面の内容が古いことを検知する仕組みは無い。
sheet-14-R066	0209	sheet-14	追加システム設定	現行仕様	118	2482	sheet-14-B099			sheet-14-R050,sheet-14-R051,sheet-14-R052,sheet-14-R053,sheet-14-R054,sheet-14-R055,sheet-14-R056,sheet-14-R057,sheet-14-R058,sheet-14-R059,sheet-14-R060,sheet-14-R061,sheet-14-R062,sheet-14-R063,sheet-14-R064,sheet-14-R065,sheet-14-R067,sheet-14-R068,sheet-14-R069,sheet-14-R070,sheet-14-R071,sheet-14-R072,sheet-14-R073,sheet-14-R074,sheet-14-R075,sheet-14-R076	"識別ID	ラベル	書式・制限	必須	最大値	初期値	画面部品の説明"	設定値の利用先
sheet-14-R067	0209	sheet-14	追加システム設定	現行仕様	119	2483	sheet-14-B099			sheet-14-R050,sheet-14-R051,sheet-14-R052,sheet-14-R053,sheet-14-R054,sheet-14-R055,sheet-14-R056,sheet-14-R057,sheet-14-R058,sheet-14-R059,sheet-14-R060,sheet-14-R061,sheet-14-R062,sheet-14-R063,sheet-14-R064,sheet-14-R065,sheet-14-R066,sheet-14-R068,sheet-14-R069,sheet-14-R070,sheet-14-R071,sheet-14-R072,sheet-14-R073,sheet-14-R074,sheet-14-R075,sheet-14-R076	"識別ID	ラベル	書式・制限	必須	最大値	初期値	画面部品の説明"	当画面で保存した値を参照する代表的な領域は下表のとおりである。値ごとの分岐の詳細は、参照する側の機能を正とする。
sheet-14-R068	0209	sheet-14	追加システム設定	現行仕様	120	2484	sheet-14-B099			sheet-14-R050,sheet-14-R051,sheet-14-R052,sheet-14-R053,sheet-14-R054,sheet-14-R055,sheet-14-R056,sheet-14-R057,sheet-14-R058,sheet-14-R059,sheet-14-R060,sheet-14-R061,sheet-14-R062,sheet-14-R063,sheet-14-R064,sheet-14-R065,sheet-14-R066,sheet-14-R067,sheet-14-R069,sheet-14-R070,sheet-14-R071,sheet-14-R072,sheet-14-R073,sheet-14-R074,sheet-14-R075,sheet-14-R076	"識別ID	ラベル	書式・制限	必須	最大値	初期値	画面部品の説明"	"設定項目	効く領域"
sheet-14-R069	0209	sheet-14	追加システム設定	現行仕様	121	2485	sheet-14-B099			sheet-14-R050,sheet-14-R051,sheet-14-R052,sheet-14-R053,sheet-14-R054,sheet-14-R055,sheet-14-R056,sheet-14-R057,sheet-14-R058,sheet-14-R059,sheet-14-R060,sheet-14-R061,sheet-14-R062,sheet-14-R063,sheet-14-R064,sheet-14-R065,sheet-14-R066,sheet-14-R067,sheet-14-R068,sheet-14-R070,sheet-14-R071,sheet-14-R072,sheet-14-R073,sheet-14-R074,sheet-14-R075,sheet-14-R076	"識別ID	ラベル	書式・制限	必須	最大値	初期値	画面部品の説明"	"買取専用メールアドレス	買取関連メールの宛先"
sheet-14-R070	0209	sheet-14	追加システム設定	現行仕様	122	2486	sheet-14-B099			sheet-14-R050,sheet-14-R051,sheet-14-R052,sheet-14-R053,sheet-14-R054,sheet-14-R055,sheet-14-R056,sheet-14-R057,sheet-14-R058,sheet-14-R059,sheet-14-R060,sheet-14-R061,sheet-14-R062,sheet-14-R063,sheet-14-R064,sheet-14-R065,sheet-14-R066,sheet-14-R067,sheet-14-R068,sheet-14-R069,sheet-14-R071,sheet-14-R072,sheet-14-R073,sheet-14-R074,sheet-14-R075,sheet-14-R076	"識別ID	ラベル	書式・制限	必須	最大値	初期値	画面部品の説明"	"入荷通知メールの許可	入荷通知メールを送るかどうか"
sheet-14-R071	0209	sheet-14	追加システム設定	現行仕様	123	2487	sheet-14-B099			sheet-14-R050,sheet-14-R051,sheet-14-R052,sheet-14-R053,sheet-14-R054,sheet-14-R055,sheet-14-R056,sheet-14-R057,sheet-14-R058,sheet-14-R059,sheet-14-R060,sheet-14-R061,sheet-14-R062,sheet-14-R063,sheet-14-R064,sheet-14-R065,sheet-14-R066,sheet-14-R067,sheet-14-R068,sheet-14-R069,sheet-14-R070,sheet-14-R072,sheet-14-R073,sheet-14-R074,sheet-14-R075,sheet-14-R076	"識別ID	ラベル	書式・制限	必須	最大値	初期値	画面部品の説明"	"配送日指定が繰上る時刻(hh:mm)	配送日指定と購入タイミングの境界"
sheet-14-R072	0209	sheet-14	追加システム設定	現行仕様	124	2488	sheet-14-B099			sheet-14-R050,sheet-14-R051,sheet-14-R052,sheet-14-R053,sheet-14-R054,sheet-14-R055,sheet-14-R056,sheet-14-R057,sheet-14-R058,sheet-14-R059,sheet-14-R060,sheet-14-R061,sheet-14-R062,sheet-14-R063,sheet-14-R064,sheet-14-R065,sheet-14-R066,sheet-14-R067,sheet-14-R068,sheet-14-R069,sheet-14-R070,sheet-14-R071,sheet-14-R073,sheet-14-R074,sheet-14-R075,sheet-14-R076	"識別ID	ラベル	書式・制限	必須	最大値	初期値	画面部品の説明"	"スマレジ通信エラー送信メールアドレス	スマレジ連携でエラーが起きたときの通知先"
sheet-14-R073	0209	sheet-14	追加システム設定	現行仕様	125	2489	sheet-14-B099			sheet-14-R050,sheet-14-R051,sheet-14-R052,sheet-14-R053,sheet-14-R054,sheet-14-R055,sheet-14-R056,sheet-14-R057,sheet-14-R058,sheet-14-R059,sheet-14-R060,sheet-14-R061,sheet-14-R062,sheet-14-R063,sheet-14-R064,sheet-14-R065,sheet-14-R066,sheet-14-R067,sheet-14-R068,sheet-14-R069,sheet-14-R070,sheet-14-R071,sheet-14-R072,sheet-14-R074,sheet-14-R075,sheet-14-R076	"識別ID	ラベル	書式・制限	必須	最大値	初期値	画面部品の説明"	"英語サイト専用タグID	フロントの表示ブロックが参照するタグ"
sheet-14-R074	0209	sheet-14	追加システム設定	現行仕様	126	2490	sheet-14-B099			sheet-14-R050,sheet-14-R051,sheet-14-R052,sheet-14-R053,sheet-14-R054,sheet-14-R055,sheet-14-R056,sheet-14-R057,sheet-14-R058,sheet-14-R059,sheet-14-R060,sheet-14-R061,sheet-14-R062,sheet-14-R063,sheet-14-R064,sheet-14-R065,sheet-14-R066,sheet-14-R067,sheet-14-R068,sheet-14-R069,sheet-14-R070,sheet-14-R071,sheet-14-R072,sheet-14-R073,sheet-14-R075,sheet-14-R076	"識別ID	ラベル	書式・制限	必須	最大値	初期値	画面部品の説明"	"タイトルを変更する商品ID( , 区切り)	商品タイトルの表示を変換する対象"
sheet-14-R075	0209	sheet-14	追加システム設定	現行仕様	127	2491	sheet-14-B099			sheet-14-R050,sheet-14-R051,sheet-14-R052,sheet-14-R053,sheet-14-R054,sheet-14-R055,sheet-14-R056,sheet-14-R057,sheet-14-R058,sheet-14-R059,sheet-14-R060,sheet-14-R061,sheet-14-R062,sheet-14-R063,sheet-14-R064,sheet-14-R065,sheet-14-R066,sheet-14-R067,sheet-14-R068,sheet-14-R069,sheet-14-R070,sheet-14-R071,sheet-14-R072,sheet-14-R073,sheet-14-R074,sheet-14-R076	"識別ID	ラベル	書式・制限	必須	最大値	初期値	画面部品の説明"	参照する側の多くはリクエストごとに設定を読み直すため、保存した値は次のリクエストから反映される。
sheet-14-R076	0209	sheet-14	追加システム設定	現行仕様	128	2492	sheet-14-B099			sheet-14-R050,sheet-14-R051,sheet-14-R052,sheet-14-R053,sheet-14-R054,sheet-14-R055,sheet-14-R056,sheet-14-R057,sheet-14-R058,sheet-14-R059,sheet-14-R060,sheet-14-R061,sheet-14-R062,sheet-14-R063,sheet-14-R064,sheet-14-R065,sheet-14-R066,sheet-14-R067,sheet-14-R068,sheet-14-R069,sheet-14-R070,sheet-14-R071,sheet-14-R072,sheet-14-R073,sheet-14-R074,sheet-14-R075	"識別ID	ラベル	書式・制限	必須	最大値	初期値	画面部品の説明"	エラー時の扱い
sheet-14-R077	0209	sheet-14	追加システム設定	現行仕様	130	2494	sheet-14-B100			sheet-14-R078	"エラー内容	処理"	"入力の検証エラー	項目の近くにエラーを表示する。保存は行わない"
sheet-14-R078	0209	sheet-14	追加システム設定	現行仕様	131	2495	sheet-14-B100			sheet-14-R077	"エラー内容	処理"	"なりすまし対策トークンの不正	アクセス拒否（HTTP 403）とする"
sheet-14-R079	0209	sheet-14	追加システム設定	現行仕様	134	2498	sheet-14-B101			sheet-14-R080,sheet-14-R081,sheet-14-R082	"種類	内容"	"入力	追加システム設定の各項目となりすまし対策トークン"
sheet-14-R080	0209	sheet-14	追加システム設定	現行仕様	135	2499	sheet-14-B101			sheet-14-R079,sheet-14-R081,sheet-14-R082	"種類	内容"	"成功時出力	完了メッセージと、追加システム設定画面の再表示"
sheet-14-R081	0209	sheet-14	追加システム設定	現行仕様	136	2500	sheet-14-B101			sheet-14-R079,sheet-14-R080,sheet-14-R082	"種類	内容"	"失敗時出力	同じ画面での項目エラーの表示"
sheet-14-R082	0209	sheet-14	追加システム設定	現行仕様	137	2501	sheet-14-B101			sheet-14-R079,sheet-14-R080,sheet-14-R081	"種類	内容"	入出力: 永続化
sheet-14-R083	0209	sheet-14	追加システム設定	現行仕様	139	2503	sheet-14-B102			sheet-14-R084	"操作	契機"	"更新	送信値が現在の設定値と異なる項目の保存"
sheet-14-R084	0209	sheet-14	追加システム設定	現行仕様	140	2504	sheet-14-B102			sheet-14-R083	"操作	契機"	更新するのは設定値と、更新した管理者の識別子・更新日時だけである。設定の行を新しく追加したり削除したりはしない。
sheet-14-R085	0209	sheet-14	追加システム設定	表示メッセージ	144	2508	sheet-14-B103			sheet-14-R086	"メッセージID	表示位置	画面上の文言	表示条件	後続処理"	"M10-16-MSG-001	管理画面上部	保存しました	追加システム設定を保存したとき	追加システム設定画面に遷移する"
sheet-14-R086	0209	sheet-14	追加システム設定	表示メッセージ	145	2509	sheet-14-B103			sheet-14-R085	"メッセージID	表示位置	画面上の文言	表示条件	後続処理"	"M10-16-MSG-002	入力項目直下	数字で入力してください。	カテゴリーIDに数字以外を入力して保存したとき	保存せず追加システム設定画面に留まる"
