要求ID	判定	重要度	指摘区分	乖離種別	設計根拠_引用	設計期待値	実装参照	実装実態	判定根拠	画像確認メモ	確信度	根本原因
sheet-1-R001	OUT_OF_SCOPE				晴れる屋様				表紙の書誌情報（宛先・書名・機能名・改訂履歴）であり、実装対象のふるまいを述べていない	画像0枚（本シートにレイアウト図なし）。文言はシート本文のみで確認	high	
sheet-1-R002	OUT_OF_SCOPE				サイトリニューアル				表紙の書誌情報（宛先・書名・機能名・改訂履歴）であり、実装対象のふるまいを述べていない	画像0枚（本シートにレイアウト図なし）。文言はシート本文のみで確認	high	
sheet-1-R003	OUT_OF_SCOPE				基本設計仕様書				表紙の書誌情報（宛先・書名・機能名・改訂履歴）であり、実装対象のふるまいを述べていない	画像0枚（本シートにレイアウト図なし）。文言はシート本文のみで確認	high	
sheet-1-R004	OUT_OF_SCOPE				商品管理API機能				表紙の書誌情報（宛先・書名・機能名・改訂履歴）であり、実装対象のふるまいを述べていない	画像0枚（本シートにレイアウト図なし）。文言はシート本文のみで確認	high	
sheet-1-R005	OUT_OF_SCOPE				Ver 改訂内容 改訂者 改訂日				表紙の書誌情報（宛先・書名・機能名・改訂履歴）であり、実装対象のふるまいを述べていない	画像0枚（本シートにレイアウト図なし）。文言はシート本文のみで確認	high	
sheet-1-R006	OUT_OF_SCOPE				0.1 新規作成 高久 2025-08-06				表紙の書誌情報（宛先・書名・機能名・改訂履歴）であり、実装対象のふるまいを述べていない	画像0枚（本シートにレイアウト図なし）。文言はシート本文のみで確認	high	
sheet-1-R007	OUT_OF_SCOPE				0.2 表記ゆれ および フォーマット調整 高久 2025-09-17				表紙の書誌情報（宛先・書名・機能名・改訂履歴）であり、実装対象のふるまいを述べていない	画像0枚（本シートにレイアウト図なし）。文言はシート本文のみで確認	high	
sheet-1-R008	OUT_OF_SCOPE				0.3 エンドポイントの調整 栗野 2026-03-26				表紙の書誌情報（宛先・書名・機能名・改訂履歴）であり、実装対象のふるまいを述べていない	画像0枚（本シートにレイアウト図なし）。文言はシート本文のみで確認	high	
sheet-2-R001	OUT_OF_SCOPE				目次				目次の見出し行であり、実装対象のふるまいを述べていない（各機能の要求は当該シートで判定する）	画像0枚（本シートにレイアウト図なし）。文言はシート本文のみで確認	high	
sheet-2-R002	OUT_OF_SCOPE				API設計				目次の見出し行であり、実装対象のふるまいを述べていない（各機能の要求は当該シートで判定する）	画像0枚（本シートにレイアウト図なし）。文言はシート本文のみで確認	high	
sheet-2-R003	OUT_OF_SCOPE				A02-01 ポップアップ用商品情報取得				目次の見出し行であり、実装対象のふるまいを述べていない（各機能の要求は当該シートで判定する）	画像0枚（本シートにレイアウト図なし）。文言はシート本文のみで確認	high	
sheet-2-R004	OUT_OF_SCOPE				A02-02 ポップアップ用カード情報取得				目次の見出し行であり、実装対象のふるまいを述べていない（各機能の要求は当該シートで判定する）	画像0枚（本シートにレイアウト図なし）。文言はシート本文のみで確認	high	
sheet-2-R005	OUT_OF_SCOPE				A02-03 ポップアップ用商品情報取得（旧商品ID）				目次の見出し行であり、実装対象のふるまいを述べていない（各機能の要求は当該シートで判定する）	画像0枚（本シートにレイアウト図なし）。文言はシート本文のみで確認	high	
sheet-2-R006	OUT_OF_SCOPE				A02-04 ポップアップ用カード情報取得（旧商品ID）				目次の見出し行であり、実装対象のふるまいを述べていない（各機能の要求は当該シートで判定する）	画像0枚（本シートにレイアウト図なし）。文言はシート本文のみで確認	high	
sheet-2-R007	OUT_OF_SCOPE				A02-05 更新商品規格取得				目次の見出し行であり、実装対象のふるまいを述べていない（各機能の要求は当該シートで判定する）	画像0枚（本シートにレイアウト図なし）。文言はシート本文のみで確認	high	
sheet-3-R001	MATCHED				GET POST PUT DELETE PATCH OPTIONS HEAD 有 無 〇		src/Eccube/Controller/App/ProductController.php:150	ポップアップ用商品情報取得はGETのみ受け付ける定義になっており、認証を要求する設定は無い	src/Eccube/Controller/App/ProductController.php:150 でGETのみ許可。app/config/eccube/packages/security.yaml:71 の既定範囲に入るが未ログインでも応答する（tests/Eccube/Tests/Web/App/ProductControllerTest.php:212 が未認証で200を確認）	画像0枚（本シートにレイアウト図なし）。文言はシート本文のみで確認	high	
sheet-3-R002	OUT_OF_SCOPE				エンドポイントURL				項目の見出し行であり、値はこの下の行に書かれている	画像0枚（本シートにレイアウト図なし）。文言はシート本文のみで確認	high	
sheet-3-R003	MATCHED				/api/popup/product/{言語コード}/{商品ID}		src/Eccube/Controller/App/ProductController.php:150	/api/popup/product/{言語コード}/{商品ID} で商品情報を取得できる	src/Eccube/Controller/App/ProductController.php:150 が /api/popup/product/{lang}/{productId} をGETで受ける。tests/Eccube/Tests/Web/App/ProductControllerTest.php:212 が /api/popup/product/ja/<商品ID> で200を確認	画像0枚（本シートにレイアウト図なし）。文言はシート本文のみで確認	high	
sheet-3-R004	MATCHED				プロトコル HTTP メソッド GET 認証の有無 無 認証方式 無 リクエスト書式 クエリ レスポンス書式 JSON		src/Eccube/Controller/App/ProductController.php:150;src/Eccube/Controller/App/ProductController.php:176	HTTPのGETで受け付け、認証なしでJSONを返す	src/Eccube/Controller/App/ProductController.php:150 でGET限定、src/Eccube/Controller/App/ProductController.php:176 でJSONを返す。認証は課しておらず tests/Eccube/Tests/Web/App/ProductControllerTest.php:212 が未認証で200を得ている	画像0枚（本シートにレイアウト図なし）。文言はシート本文のみで確認	high	
sheet-3-R005	MATCHED				通販・記事画面内にあるカード画像の上にマウスカーソルを置いたときポップアップ表示する商品情報をJSON形式で出力する		src/Eccube/Controller/App/ProductController.php:151-176	商品IDと言語からポップアップ表示用の商品情報1件をJSONで返す	src/Eccube/Controller/App/ProductController.php:151-176 が商品情報1件をJSONで返す。画面側のマウス操作契機の表示は呼び出し元の担当（sheet-3の「表示用の加工と表示制御は呼び出し元の設計による」）で、API側の出力要求は満たしている	画像0枚（本シートにレイアウト図なし）。文言はシート本文のみで確認	high	
sheet-3-R006	MATCHED				・言語・商品IDを元に商品ページURLを含む商品情報をJSON出力する。		src/Eccube/Controller/App/ProductController.php:164-176;src/Eccube/Service/App/Popup/PopupResponseBuilder.php:42	言語と商品IDから商品を1件引き当て、商品詳細URLを含む商品情報をJSONで返す	src/Eccube/Controller/App/ProductController.php:164 で言語と商品IDから1件取得し、src/Eccube/Controller/App/ProductController.php:170-174 で商品詳細URLを作り、src/Eccube/Service/App/Popup/PopupResponseBuilder.php:42 が productUrl として応答に含める	画像0枚（本シートにレイアウト図なし）。文言はシート本文のみで確認	high	
sheet-3-R007	OUT_OF_SCOPE				・カード画像にマウスを置いた際に、AJAX(Javascript)を使用しEC-CUBE側のAPIへアクセスが行われ				呼び出し元画面のマウス操作とAJAXによる呼び出し方の説明であり、本シートのAPI応答の要求ではない（表示制御は呼び出し元の設計による旨がsheet-3本文に明記）。なおee側にはポップアップ用のCSSとJS無効時のフォールバック遷移（src/Eccube/Controller/Front/GoodsApiController.php:40）があり、画面側JSは画面設計書の範囲	画像0枚（本シートにレイアウト図なし）。文言はシート本文のみで確認	med	
sheet-3-R008	OUT_OF_SCOPE				EC-CUBEサーバを経由して間接的にAPIサーバにアクセスする				現行の2層構成（EC-CUBEサーバとAPIサーバ）という通信の経路説明であり、実装手段の差として対象外。リニューアル後はEC-CUBE自身が応答する	画像0枚（本シートにレイアウト図なし）。文言はシート本文のみで確認	high	
sheet-3-R009	OUT_OF_SCOPE				(外部からAPIサーバに直接アクセスはできない)				現行のネットワーク構成に関する前置きであり、応答にも画面にも現れない。実装手段の差として対象外	画像0枚（本シートにレイアウト図なし）。文言はシート本文のみで確認	high	
sheet-3-R010	OUT_OF_SCOPE				・EC-CUBE側通信URL例				例示の見出し行であり、値はこの下の行に書かれている	画像0枚（本シートにレイアウト図なし）。文言はシート本文のみで確認	high	
sheet-3-R011	OUT_OF_SCOPE				https://www.hareruyamtg.com/ja/goods_api/get_goods?product_id=14357&lang=jp				現行のEC-CUBE側中継URLの例示。リニューアル後の受け口はsheet-3-R003の /api/popup/product/{言語コード}/{商品ID} であり、後者が優先される	画像0枚（本シートにレイアウト図なし）。文言はシート本文のみで確認	high	
sheet-3-R012	OUT_OF_SCOPE				※ langはEC-CUBEサーバURLではjpで表記する(EC-CUBEサーバ→APIサーバ通信時にjaに差し替えられる)				現行の中継URLでの言語表記の読み替え説明。リニューアル後は言語コードをjaもしくはenで受ける（sheet-3-R018）ため、現行側の記述は対象外	画像0枚（本シートにレイアウト図なし）。文言はシート本文のみで確認	high	
sheet-3-R013	MATCHED				・商品情報を出力できるのは、シングルカードのみ		src/Eccube/Repository/ProductRepository.php:2248	カード明細を持つ商品だけが引き当て対象になる	src/Eccube/Repository/ProductRepository.php:2248 でカード明細を必須の結合条件にしており、カード以外の商品は結果に入らない	画像0枚（本シートにレイアウト図なし）。文言はシート本文のみで確認	high	
sheet-3-R014	MATCHED				グッズ・サプライなどの商品情報は出力できない。		src/Eccube/Repository/ProductRepository.php:2248;src/Eccube/Controller/App/ProductController.php:165-166	カード明細を持たない商品は該当なしとなり404で終わる	src/Eccube/Repository/ProductRepository.php:2248 の必須結合でカード明細の無い商品は取得されず、src/Eccube/Controller/App/ProductController.php:165-166 で該当なしとして404になる	画像0枚（本シートにレイアウト図なし）。文言はシート本文のみで確認	high	
sheet-3-R015	OUT_OF_SCOPE				リクエストパラメータ				表の見出し行	画像0枚（本シートにレイアウト図なし）。文言はシート本文のみで確認	high	
sheet-3-R016	OUT_OF_SCOPE				項目名 型 必須 最大文字数				表のヘッダ行	画像0枚（本シートにレイアウト図なし）。文言はシート本文のみで確認	high	
sheet-3-R017	OUT_OF_SCOPE				または最大値 入力例 備考				表のヘッダ行の続き	画像0枚（本シートにレイアウト図なし）。文言はシート本文のみで確認	high	
sheet-3-R018	MATCHED				言語コード stg 〇 2 ja jaもしくはenのいずれか		src/Eccube/Controller/App/ProductController.php:158-162	言語コードは必須で、jaまたはenのみ受け付け、それ以外は該当なしとする	src/Eccube/Controller/App/ProductController.php:158-162 が ja/en のみを受け付け、それ以外は該当なしとして404にする（tests/Eccube/Tests/Web/App/ProductControllerTest.php:261 が /api/popup/product/xx/1 で404を確認）	画像0枚（本シートにレイアウト図なし）。文言はシート本文のみで確認	high	
sheet-3-R019	MATCHED				商品ID int 〇 123456		src/Eccube/Controller/App/ProductController.php:154-156	商品IDは必須の整数で、整数でない値は受け付けない	src/Eccube/Controller/App/ProductController.php:154-156 が数字以外・0以下を該当なし扱いにする（tests/Eccube/Tests/Web/App/ProductControllerTest.php:279 が /api/popup/product/ja/abc で404を確認）	画像0枚（本シートにレイアウト図なし）。文言はシート本文のみで確認	high	
sheet-3-R020	OUT_OF_SCOPE				リクエストパラメータサンプル				例示の見出し行	画像0枚（本シートにレイアウト図なし）。文言はシート本文のみで確認	high	
sheet-3-R021	MATCHED				/api/popup/product/ja/180498		src/Eccube/Controller/App/ProductController.php:150;tests/Eccube/Tests/Web/App/ProductControllerTest.php:212	示された形のURLで商品情報を取得できる	src/Eccube/Controller/App/ProductController.php:150 の受け口と一致する。tests/Eccube/Tests/Web/App/ProductControllerTest.php:212 が同じ形のURLで200と商品情報を確認	画像0枚（本シートにレイアウト図なし）。文言はシート本文のみで確認	high	
sheet-3-R022	OUT_OF_SCOPE				ステータスコード				表の見出し行	画像0枚（本シートにレイアウト図なし）。文言はシート本文のみで確認	high	
sheet-3-R023	OUT_OF_SCOPE				コード 説明				表のヘッダ行	画像0枚（本シートにレイアウト図なし）。文言はシート本文のみで確認	high	
sheet-3-R024	MATCHED				200 正常		src/Eccube/Controller/App/ProductController.php:176	正常時は200で商品情報を返す	src/Eccube/Controller/App/ProductController.php:176 が200で応答する（tests/Eccube/Tests/Web/App/ProductControllerTest.php:214 が200を確認）	画像0枚（本シートにレイアウト図なし）。文言はシート本文のみで確認	high	
sheet-3-R025	MATCHED				404 該当データがない場合		src/Eccube/Controller/App/ProductController.php:165-166;src/Eccube/Controller/App/ProductController.php:177-181	該当データが無いときは404を返す	src/Eccube/Controller/App/ProductController.php:165-166 で該当なしを検出し、src/Eccube/Controller/App/ProductController.php:177-181 が404で応答する（tests/Eccube/Tests/Web/App/ProductControllerTest.php:245 が404を確認）	画像0枚（本シートにレイアウト図なし）。文言はシート本文のみで確認	high	
sheet-3-R026	OUT_OF_SCOPE				レスポンスデータ				表の見出し行	画像0枚（本シートにレイアウト図なし）。文言はシート本文のみで確認	high	
sheet-3-R027	OUT_OF_SCOPE				名前 型 説明				表のヘッダ行	画像0枚（本シートにレイアウト図なし）。文言はシート本文のみで確認	high	
sheet-3-R028	MATCHED				productId 数値(整数) 商品ID		src/Eccube/Service/App/Popup/PopupResponseBuilder.php:30	商品IDを整数で productId として返す	src/Eccube/Service/App/Popup/PopupResponseBuilder.php:30 が当該項目を応答に含めている。tests/Eccube/Tests/Web/App/ProductControllerTest.php:217-230 が同名の項目の存在を確認	画像0枚（本シートにレイアウト図なし）。文言はシート本文のみで確認	high	
sheet-3-R029	MATCHED				name 文字型 商品名		src/Eccube/Service/App/Popup/PopupResponseBuilder.php:31	商品名を name として返す	src/Eccube/Service/App/Popup/PopupResponseBuilder.php:31 が当該項目を応答に含めている。tests/Eccube/Tests/Web/App/ProductControllerTest.php:217-230 が同名の項目の存在を確認	画像0枚（本シートにレイアウト図なし）。文言はシート本文のみで確認	high	
sheet-3-R030	MATCHED				productClassId 数値(整数) 商品規格ID		src/Eccube/Service/App/Popup/PopupResponseBuilder.php:32	商品規格IDを整数で productClassId として返す	src/Eccube/Service/App/Popup/PopupResponseBuilder.php:32 が当該項目を応答に含めている。tests/Eccube/Tests/Web/App/ProductControllerTest.php:217-230 が同名の項目の存在を確認	画像0枚（本シートにレイアウト図なし）。文言はシート本文のみで確認	high	
sheet-3-R031	MATCHED				price01 数値(整数) (未使用)		src/Eccube/Service/App/Popup/PopupResponseBuilder.php:33	未使用の price01 を応答に含める	src/Eccube/Service/App/Popup/PopupResponseBuilder.php:33 が当該項目を応答に含めている。tests/Eccube/Tests/Web/App/ProductControllerTest.php:217-230 が同名の項目の存在を確認	画像0枚（本シートにレイアウト図なし）。文言はシート本文のみで確認	high	
sheet-3-R032	MATCHED				price02 数値(整数) 販売価格		src/Eccube/Service/App/Popup/PopupResponseBuilder.php:34	販売価格を price02 として返す	src/Eccube/Service/App/Popup/PopupResponseBuilder.php:34 が当該項目を応答に含めている。tests/Eccube/Tests/Web/App/ProductControllerTest.php:217-230 が同名の項目の存在を確認	画像0枚（本シートにレイアウト図なし）。文言はシート本文のみで確認	high	
sheet-3-R033	MATCHED				stock 数値(整数) 在庫数		src/Eccube/Service/App/Popup/PopupResponseBuilder.php:35	在庫数を整数で stock として返す	src/Eccube/Service/App/Popup/PopupResponseBuilder.php:35 が当該項目を応答に含めている。tests/Eccube/Tests/Web/App/ProductControllerTest.php:217-230 が同名の項目の存在を確認	画像0枚（本シートにレイアウト図なし）。文言はシート本文のみで確認	high	
sheet-3-R034	MATCHED				nameEn 文字型 商品名(英語)		src/Eccube/Service/App/Popup/PopupResponseBuilder.php:36	英語商品名を nameEn として返す	src/Eccube/Service/App/Popup/PopupResponseBuilder.php:36 が当該項目を応答に含めている。tests/Eccube/Tests/Web/App/ProductControllerTest.php:217-230 が同名の項目の存在を確認	画像0枚（本シートにレイアウト図なし）。文言はシート本文のみで確認	high	
sheet-3-R035	MATCHED				subFileName 文字型 サブ画像		src/Eccube/Service/App/Popup/PopupResponseBuilder.php:37	商品規格画像のファイル名を subFileName として返す	src/Eccube/Service/App/Popup/PopupResponseBuilder.php:37 が当該項目を応答に含めている。tests/Eccube/Tests/Web/App/ProductControllerTest.php:217-230 が同名の項目の存在を確認	画像0枚（本シートにレイアウト図なし）。文言はシート本文のみで確認	high	
sheet-3-R036	MATCHED				fileName 文字型 画像		src/Eccube/Service/App/Popup/PopupResponseBuilder.php:38	商品規格画像のファイル名を fileName として返す	src/Eccube/Service/App/Popup/PopupResponseBuilder.php:38 が当該項目を応答に含めている。tests/Eccube/Tests/Web/App/ProductControllerTest.php:217-230 が同名の項目の存在を確認	画像0枚（本シートにレイアウト図なし）。文言はシート本文のみで確認	high	
sheet-3-R037	MATCHED				code 文字型 言語コード		src/Eccube/Service/App/Popup/PopupResponseBuilder.php:39	言語コードを code として返す	src/Eccube/Service/App/Popup/PopupResponseBuilder.php:39 が当該項目を応答に含めている。tests/Eccube/Tests/Web/App/ProductControllerTest.php:217-230 が同名の項目の存在を確認	画像0枚（本シートにレイアウト図なし）。文言はシート本文のみで確認	high	
sheet-3-R038	MATCHED				conditionCode 文字型 状態		src/Eccube/Service/App/Popup/PopupResponseBuilder.php:40	カードの状態を conditionCode として返す	src/Eccube/Service/App/Popup/PopupResponseBuilder.php:40 が当該項目を応答に含めている。tests/Eccube/Tests/Web/App/ProductControllerTest.php:217-230 が同名の項目の存在を確認	画像0枚（本シートにレイアウト図なし）。文言はシート本文のみで確認	high	
sheet-3-R039	MATCHED				foilFlg 文字型 Foilフラグ		src/Eccube/Service/App/Popup/PopupResponseBuilder.php:48	Foilフラグを foilFlg として返す（商品ID指定の応答では beltUrl ではなく foilFlg を含める）	src/Eccube/Service/App/Popup/PopupResponseBuilder.php:48 が当該項目を応答に含めている。tests/Eccube/Tests/Web/App/ProductControllerTest.php:217-230 が同名の項目の存在を確認	画像0枚（本シートにレイアウト図なし）。文言はシート本文のみで確認	high	
sheet-3-R040	MATCHED				weeklySold 数値(整数) 週間販売数		src/Eccube/Service/App/Popup/PopupResponseBuilder.php:41	週間販売数を整数で weeklySold として返す	src/Eccube/Service/App/Popup/PopupResponseBuilder.php:41 が当該項目を応答に含めている。tests/Eccube/Tests/Web/App/ProductControllerTest.php:217-230 が同名の項目の存在を確認	画像0枚（本シートにレイアウト図なし）。文言はシート本文のみで確認	high	
sheet-3-R041	MATCHED				productUrl 文字型 商品詳細URL		src/Eccube/Service/App/Popup/PopupResponseBuilder.php:42	商品詳細URLを productUrl として返す	src/Eccube/Service/App/Popup/PopupResponseBuilder.php:42 が当該項目を応答に含めている。tests/Eccube/Tests/Web/App/ProductControllerTest.php:217-230 が同名の項目の存在を確認	画像0枚（本シートにレイアウト図なし）。文言はシート本文のみで確認	high	
sheet-3-R042	OUT_OF_SCOPE				レスポンスデータサンプル				例示の見出し行	画像0枚（本シートにレイアウト図なし）。文言はシート本文のみで確認	high	
sheet-3-R043	OUT_OF_SCOPE				{				JSONサンプルの括弧のみの行で、ふるまいを述べていない	画像0枚（本シートにレイアウト図なし）。文言はシート本文のみで確認	high	
sheet-3-R044	MATCHED				"""productId"": 14357,"		src/Eccube/Service/App/Popup/PopupResponseBuilder.php:30	商品IDを整数で返す	src/Eccube/Service/App/Popup/PopupResponseBuilder.php:30 が当該値を応答に出力している	画像0枚（本シートにレイアウト図なし）。文言はシート本文のみで確認	high	
sheet-3-R045	MATCHED				"""name"": ""《生真面目な補充兵/Solemn Recruit》[AER] 白R"","		src/Eccube/Service/App/Popup/PopupResponseBuilder.php:31	商品名をそのまま返す	src/Eccube/Service/App/Popup/PopupResponseBuilder.php:31 が当該値を応答に出力している	画像0枚（本シートにレイアウト図なし）。文言はシート本文のみで確認	high	
sheet-3-R046	MATCHED				"""productClassId"": 106105,"		src/Eccube/Service/App/Popup/PopupResponseBuilder.php:32	商品規格IDを整数で返す	src/Eccube/Service/App/Popup/PopupResponseBuilder.php:32 が当該値を応答に出力している	画像0枚（本シートにレイアウト図なし）。文言はシート本文のみで確認	high	
sheet-3-R047	MATCHED				"""price01"": null,"		src/Eccube/Service/App/Popup/PopupResponseBuilder.php:33	未使用のためnullのまま返す（値の再計算はしない）	src/Eccube/Service/App/Popup/PopupResponseBuilder.php:33 が当該値を応答に出力している	画像0枚（本シートにレイアウト図なし）。文言はシート本文のみで確認	high	
sheet-3-R048	MATCHED				"""price02"": ""50"","		src/Eccube/Service/App/Popup/PopupResponseBuilder.php:34	販売価格を保持値のまま返す。JSONでは数値で出力する	src/Eccube/Service/App/Popup/PopupResponseBuilder.php:34 が当該値を応答に出力している。サンプルは現行の出力をそのまま写した引用符付き表記だが、同シートのレスポンスデータ表は当該項目を数値(整数)と定めており、実装は表の型に従っている	画像0枚（本シートにレイアウト図なし）。文言はシート本文のみで確認	high	
sheet-3-R049	MATCHED				"""stock"": ""17"","		src/Eccube/Service/App/Popup/PopupResponseBuilder.php:35	在庫数を保持値のまま返す。JSONでは数値で出力する	src/Eccube/Service/App/Popup/PopupResponseBuilder.php:35 が当該値を応答に出力している。サンプルは現行の出力をそのまま写した引用符付き表記だが、同シートのレスポンスデータ表は当該項目を数値(整数)と定めており、実装は表の型に従っている	画像0枚（本シートにレイアウト図なし）。文言はシート本文のみで確認	high	
sheet-3-R050	MATCHED				"""nameEn"": ""《Solemn Recruit》 [AER]"","		src/Eccube/Service/App/Popup/PopupResponseBuilder.php:36	英語商品名をそのまま返す	src/Eccube/Service/App/Popup/PopupResponseBuilder.php:36 が当該値を応答に出力している	画像0枚（本シートにレイアウト図なし）。文言はシート本文のみで確認	high	
sheet-3-R051	MATCHED				"""subFileName"": ""img/goods/L/AER/jp/22_jpn.jpg"","		src/Eccube/Service/App/Popup/PopupResponseBuilder.php:37	商品規格画像のファイル名を返す	src/Eccube/Service/App/Popup/PopupResponseBuilder.php:37 が当該値を応答に出力している	画像0枚（本シートにレイアウト図なし）。文言はシート本文のみで確認	high	
sheet-3-R052	MATCHED				"""fileName"": ""img/goods/L/AER/jp/22_jpn.jpg"","		src/Eccube/Service/App/Popup/PopupResponseBuilder.php:38	商品規格画像のファイル名を返す	src/Eccube/Service/App/Popup/PopupResponseBuilder.php:38 が当該値を応答に出力している	画像0枚（本シートにレイアウト図なし）。文言はシート本文のみで確認	high	
sheet-3-R053	MATCHED				"""code"": ""JP"","		src/Eccube/Repository/ProductRepository.php:2226	言語コードをJP/ENで返す	src/Eccube/Repository/ProductRepository.php:2226 が当該値を応答に出力している	画像0枚（本シートにレイアウト図なし）。文言はシート本文のみで確認	high	
sheet-3-R054	MATCHED				"""conditionCode"": ""NM"","		src/Eccube/Repository/ProductRepository.php:2227	状態コードを返す（商品規格の備考があればそれを優先）	src/Eccube/Repository/ProductRepository.php:2227 が当該値を応答に出力している	画像0枚（本シートにレイアウト図なし）。文言はシート本文のみで確認	high	
sheet-3-R055	MATCHED				"""foilFlg"": false,"		src/Eccube/Service/App/Popup/PopupResponseBuilder.php:48	Foilフラグを真偽値で返す	src/Eccube/Service/App/Popup/PopupResponseBuilder.php:48 が当該値を応答に出力している	画像0枚（本シートにレイアウト図なし）。文言はシート本文のみで確認	high	
sheet-3-R056	MATCHED				"""weeklySold"": ""1"","		src/Eccube/Service/App/Popup/PopupResponseBuilder.php:41	週間販売数を返す。JSONでは数値で出力する	src/Eccube/Service/App/Popup/PopupResponseBuilder.php:41 が当該値を応答に出力している。サンプルは現行の出力をそのまま写した引用符付き表記だが、同シートのレスポンスデータ表は当該項目を数値(整数)と定めており、実装は表の型に従っている	画像0枚（本シートにレイアウト図なし）。文言はシート本文のみで確認	high	
sheet-3-R057	MATCHED				"""productUrl"": ""https://www.hareruyamtg.com/ja/products/detail/14357"""		src/Eccube/Controller/App/ProductController.php:170-174	商品詳細ページの絶対URLを返す	src/Eccube/Controller/App/ProductController.php:170-174 が当該値を応答に出力している。tests/Eccube/Tests/Web/App/ProductControllerTest.php:232 が商品詳細URLを含むことを確認	画像0枚（本シートにレイアウト図なし）。文言はシート本文のみで確認	high	
sheet-3-R058	OUT_OF_SCOPE				}				JSONサンプルの括弧のみの行で、ふるまいを述べていない	画像0枚（本シートにレイアウト図なし）。文言はシート本文のみで確認	high	
sheet-3-R059	OUT_OF_SCOPE				A02-01 ポップアップ用商品情報取得 / API 商品管理 — ポップアップ用商品情報取得				現行仕様節の機能名見出し	画像0枚（本シートにレイアウト図なし）。文言はシート本文のみで確認	high	
sheet-3-R060	OUT_OF_SCOPE				返す1件の選び方				現行仕様節の小見出し	画像0枚（本シートにレイアウト図なし）。文言はシート本文のみで確認	high	
sheet-3-R061	MATCHED				同じ商品に商品規格が複数あるとき、次の条件を満たすものだけを対象とし、並び順の先頭1件を返す。対象が1件も無いときは該当なしとする。		src/Eccube/Repository/ProductRepository.php:2251-2258;src/Eccube/Controller/App/ProductController.php:165-166	条件を満たす商品規格を並び順に並べ、先頭1件だけを返す。1件も無いときは該当なしとする	src/Eccube/Repository/ProductRepository.php:2251-2258 が並び順の先頭1件だけを取得し、src/Eccube/Controller/App/ProductController.php:165-166 が0件のとき該当なしとして404にする	画像0枚（本シートにレイアウト図なし）。文言はシート本文のみで確認	high	
sheet-3-R062	MATCHED				対象の条件 商品が削除されておらず公開中であること／商品規格が削除されていないこと／商品規格の販売価格が0より大きいこと		src/Eccube/Repository/ProductRepository.php:2240;src/Eccube/Repository/ProductRepository.php:2250	公開中の商品で、削除されていない商品規格のうち販売価格が0より大きいものだけを対象とする	src/Eccube/Repository/ProductRepository.php:2240 が有効な商品規格かつ販売価格0超に限定し、src/Eccube/Repository/ProductRepository.php:2250 が公開中の商品に限定する。ee側の商品は物理削除のため削除済み商品は元々取得されない	画像0枚（本シートにレイアウト図なし）。文言はシート本文のみで確認	high	
sheet-3-R063	MATCHED				並び順 1. 在庫数が0より大きいものを先にする 2. 商品規格の言語コードが指定言語と一致するものを先にする 3. カードの状態が良い順（NM・SP・MP・HP の順） 4. 指定言語に対応する順位の商品規格画像を持つものを先にする		src/Eccube/Repository/ProductRepository.php:2251-2257	在庫あり優先、指定言語一致優先、状態がNM・SP・MP・HPの順、指定言語に対応する順位の画像を持つもの優先で並べる	src/Eccube/Repository/ProductRepository.php:2252 在庫あり優先、src/Eccube/Repository/ProductRepository.php:2253 指定言語一致優先、src/Eccube/Repository/ProductRepository.php:2254 状態の昇順（app/DoctrineMigrations/Version20251125140446.php:62-90 で状態はNM=1・SP=2・MP=3・HP=4 の順に登録される）、src/Eccube/Repository/ProductRepository.php:2255 指定言語に対応する順位の画像優先	画像0枚（本シートにレイアウト図なし）。文言はシート本文のみで確認	high	
sheet-3-R064	MATCHED				指定言語は絞り込みには使わず、並び順の優先にだけ使う。そのため指定言語の商品規格を持たない商品でも、他の言語の商品規格を1件返す。		src/Eccube/Repository/ProductRepository.php:2249-2253	指定言語で対象を絞らず、指定言語の商品規格が無くても他言語の商品規格を1件返す	src/Eccube/Repository/ProductRepository.php:2249-2250 の絞り込み条件に言語は含まれず、src/Eccube/Repository/ProductRepository.php:2253 で並び順の優先にのみ使っている	画像0枚（本シートにレイアウト図なし）。文言はシート本文のみで確認	high	
sheet-3-R065	OUT_OF_SCOPE				週間販売数の数え方				現行仕様節の小見出し	画像0枚（本シートにレイアウト図なし）。文言はシート本文のみで確認	high	
sheet-3-R066	DRIFT	P2	実装違い	IO	週間販売数は、返した商品規格1件の値ではなく、その商品が持つ商品規格のうち、返した商品規格と同じ言語コードのものの週間販売数量を合計した値とする。	週間販売数は、返した1件の商品規格と同じ言語コードを持つ商品規格の週間販売数量を合計した値になる。指定言語と返した商品規格の言語が違うときも、返した商品規格の言語で数える。	src/Eccube/Repository/ProductRepository.php:2230-2238	src/Eccube/Repository/ProductRepository.php:2238 は合計の対象を要求で指定された言語コードに固定している。src/Eccube/Repository/ProductRepository.php:2249-2253 のとおり言語は絞り込みに使われないため、指定言語の商品規格が無い商品ではjaを指定してもEN(英語)の商品規格が返るが、そのとき合計は指定言語(JP)の商品規格だけを数え、返した商品規格の言語(EN)の販売数は合計されず0になる。	設計は「返した商品規格と同じ言語コード」を数える単位と定めている。実装（src/Eccube/Repository/ProductRepository.php:2230-2238）の合計条件は要求で指定された言語コードであり、返した商品規格の言語コード（src/Eccube/Repository/ProductRepository.php:2226 で応答するcode）とは一致しないことがある。ja指定でEN商品規格が返る場合、応答のweeklySoldが設計より小さくなる（合計対象0件で0）。	画像0枚（本シートにレイアウト図なし）。文言はシート本文のみで確認	high	ProductRepository.php-weeklysold-uses-requested-language
sheet-3-R067	OUT_OF_SCOPE				値の取り方				現行仕様節の小見出し	画像0枚（本シートにレイアウト図なし）。文言はシート本文のみで確認	high	
sheet-3-R068	MATCHED				取得した値は再計算・丸めを行わず、取得時点の値をそのまま返す。表示用の加工と表示制御は呼び出し元の設計による。商品規格画像のファイル名と商品画像のファイル名は、該当が無いときはnullとする。		src/Eccube/Service/App/Popup/PopupResponseBuilder.php:29-43;src/Eccube/Repository/ProductRepository.php:2246-2247	取得した値をそのまま返し、画像のファイル名は該当が無いときnullになる	src/Eccube/Service/App/Popup/PopupResponseBuilder.php:29-43 は取得値をそのまま詰めるだけで再計算・丸めをしない。src/Eccube/Repository/ProductRepository.php:2246-2247 は画像を任意の結合にしているため画像が無い商品規格では src/Eccube/Service/App/Popup/PopupResponseBuilder.php:37-38 の subFileName/fileName がnullになる	画像0枚（本シートにレイアウト図なし）。文言はシート本文のみで確認	high	
sheet-3-R069	OUT_OF_SCOPE				該当が無いときの応答本文				現行仕様節の小見出し	画像0枚（本シートにレイアウト図なし）。文言はシート本文のみで確認	high	
sheet-3-R070	MATCHED				該当する商品規格が無いときは商品情報を返さず、処理結果コードとメッセージの2項目だけを応答本文とする。		src/Eccube/Controller/App/ProductController.php:177-181;tests/Eccube/Tests/Web/App/ProductControllerTest.php:247-250	該当なしのときは商品情報を返さず、処理結果コードとメッセージだけを応答本文にする	src/Eccube/Controller/App/ProductController.php:177-181 は該当なしのとき code と errors の2項目だけを返し、errors には src/Eccube/Exception/App/NotFoundException.php:30 のとおりメッセージが入る。tests/Eccube/Tests/Web/App/ProductControllerTest.php:247-250 が2項目とNot Foundを確認	画像0枚（本シートにレイアウト図なし）。文言はシート本文のみで確認	high	
sheet-3-R071	MATCHED				— API応答の処理結果メッセージ Not Found 指定した商品IDに対して条件を満たす商品規格が1件も無いとき 該当なし（HTTP 404）で終了する		src/Eccube/Controller/App/ProductController.php:166;src/Eccube/Controller/App/ProductController.php:177-181	条件を満たす商品規格が1件も無いとき、メッセージ Not Found とともにHTTP 404で終了する	src/Eccube/Controller/App/ProductController.php:166 が Not Found を伴う該当なしとして処理を止め、src/Eccube/Controller/App/ProductController.php:177-181 が404で応答する（tests/Eccube/Tests/Web/App/ProductControllerTest.php:245-250 が404とNot Foundを確認）	画像0枚（本シートにレイアウト図なし）。文言はシート本文のみで確認	high	
sheet-4-R001	OUT_OF_SCOPE								メソッド・認証有無のチェックボックス凡例行。〇の付いた組合せの意味は後続行（R004）が文章で述べているため、この行自体は要求ではない。	画像0枚（images/ に sheet-4 の図は無い）。レイアウト図を持たないAPI仕様シートのため、判定は本文のみを根拠にした。	high	
sheet-4-R002	OUT_OF_SCOPE								「エンドポイントURL」は見出しのみ。値は次行R003。	画像0枚（images/ に sheet-4 の図は無い）。レイアウト図を持たないAPI仕様シートのため、判定は本文のみを根拠にした。	high	
sheet-4-R003	MATCHED				/api/popup/card/{言語コード}/{カードID}		src/Eccube/Controller/App/ProductController.php:265		カードID・言語コードをパスに持つ受付先が定義されている（src/Eccube/Controller/App/ProductController.php:265 の path '/api/popup/card/{lang}/{cardId}'）。App配下のコントローラにはプレフィックス付与が無い（app/config/eccube/routes.yaml の app_controllers）ため、設計のURLと一致する。	画像0枚（images/ に sheet-4 の図は無い）。レイアウト図を持たないAPI仕様シートのため、判定は本文のみを根拠にした。	high	
sheet-4-R004	MATCHED				プロトコル HTTP メソッド GET 認証の有無 無 認証方式 無 リクエスト書式 クエリ レスポンス書式 JSON		src/Eccube/Controller/App/ProductController.php:265-266		GETのみ受け付ける定義（src/Eccube/Controller/App/ProductController.php:265 methods: ['GET']）。認証は app/config/eccube/packages/security.yaml のfirewall app が ^/api/v1/ のみを対象にしており、/api/popup/ は認証対象外。応答はJSON（src/Eccube/Controller/App/ProductController.php:290）。	画像0枚（images/ に sheet-4 の図は無い）。レイアウト図を持たないAPI仕様シートのため、判定は本文のみを根拠にした。	high	
sheet-4-R005	MATCHED				通販・記事画面内にあるカード画像の上にマウスカーソルを置いたときポップアップ表示する商品情報をJSON形式で出力する		src/Eccube/Controller/App/ProductController.php:266-290		ポップアップ表示用の商品情報（商品名・価格・在庫・画像・状態など）をJSONで返す処理が実装されている（src/Eccube/Controller/App/ProductController.php:278-290、src/Eccube/Service/App/Popup/PopupResponseBuilder.php:27-52）。	画像0枚（images/ に sheet-4 の図は無い）。レイアウト図を持たないAPI仕様シートのため、判定は本文のみを根拠にした。	high	
sheet-4-R006	MATCHED				・言語・カードIDを元に商品ページURLを含む商品情報をJSON出力する。		src/Eccube/Controller/App/ProductController.php:273-290		言語コードとカードIDから1件を取得し（src/Eccube/Controller/App/ProductController.php:273-278）、商品詳細ページの絶対URLを組み立てて productUrl として応答に含めている（src/Eccube/Controller/App/ProductController.php:283-288、src/Eccube/Service/App/Popup/PopupResponseBuilder.php:42）。	画像0枚（images/ に sheet-4 の図は無い）。レイアウト図を持たないAPI仕様シートのため、判定は本文のみを根拠にした。	high	
sheet-4-R007	OUT_OF_SCOPE								現行構成における通信方式・内部配線（画面からのAJAX呼出とEC-CUBEサーバ経由でのAPIサーバ中継）の説明。規約により実装手段の差は対象外。リニューアル後はEC-CUBE自身がAPIを提供するため中継自体が存在しない（src/Eccube/Controller/App/ProductController.php:265）。	画像0枚（images/ に sheet-4 の図は無い）。レイアウト図を持たないAPI仕様シートのため、判定は本文のみを根拠にした。	high	
sheet-4-R008	OUT_OF_SCOPE								現行構成における通信方式・内部配線（画面からのAJAX呼出とEC-CUBEサーバ経由でのAPIサーバ中継）の説明。規約により実装手段の差は対象外。リニューアル後はEC-CUBE自身がAPIを提供するため中継自体が存在しない（src/Eccube/Controller/App/ProductController.php:265）。	画像0枚（images/ に sheet-4 の図は無い）。レイアウト図を持たないAPI仕様シートのため、判定は本文のみを根拠にした。	high	
sheet-4-R009	OUT_OF_SCOPE								現行構成における通信方式・内部配線（画面からのAJAX呼出とEC-CUBEサーバ経由でのAPIサーバ中継）の説明。規約により実装手段の差は対象外。リニューアル後はEC-CUBE自身がAPIを提供するため中継自体が存在しない（src/Eccube/Controller/App/ProductController.php:265）。	画像0枚（images/ に sheet-4 の図は無い）。レイアウト図を持たないAPI仕様シートのため、判定は本文のみを根拠にした。	high	
sheet-4-R010	OUT_OF_SCOPE								「・EC-CUBE側通信URL例」は見出しのみ。	画像0枚（images/ に sheet-4 の図は無い）。レイアウト図を持たないAPI仕様シートのため、判定は本文のみを根拠にした。	high	
sheet-4-R011	OUT_OF_SCOPE								現行構成でEC-CUBE側が中継に使うURLの例示。通信方式・受付先の実装手段に当たるため対象外（リニューアル後の受付先はR003で定義されている）。	画像0枚（images/ に sheet-4 の図は無い）。レイアウト図を持たないAPI仕様シートのため、判定は本文のみを根拠にした。	high	
sheet-4-R012	OUT_OF_SCOPE								現行構成でEC-CUBE側URLのlang表記をAPIサーバ通信時にjaへ差し替える中継処理の注記。通信方式・内部配線に当たるため対象外。リニューアル後はパスの言語コードをそのまま受ける（src/Eccube/Controller/App/ProductController.php:273-276）。	画像0枚（images/ に sheet-4 の図は無い）。レイアウト図を持たないAPI仕様シートのため、判定は本文のみを根拠にした。	high	
sheet-4-R013	OUT_OF_SCOPE								「リクエストパラメータ」は見出しのみ。	画像0枚（images/ に sheet-4 の図は無い）。レイアウト図を持たないAPI仕様シートのため、判定は本文のみを根拠にした。	high	
sheet-4-R014	OUT_OF_SCOPE								リクエストパラメータ表のヘッダ行（項目名/型/必須/最大文字数）。	画像0枚（images/ に sheet-4 の図は無い）。レイアウト図を持たないAPI仕様シートのため、判定は本文のみを根拠にした。	high	
sheet-4-R015	OUT_OF_SCOPE								リクエストパラメータ表のヘッダ行の続き（または最大値/入力例/備考）。	画像0枚（images/ に sheet-4 の図は無い）。レイアウト図を持たないAPI仕様シートのため、判定は本文のみを根拠にした。	high	
sheet-4-R016	MATCHED				言語コード 文字型 〇 2 ja 'ja'もしくは'en' 省略時:'en'		src/Eccube/Controller/App/ProductController.php:273-276		パスの言語コードを小文字化して判定し、ja は日本語、それ以外（en・未知の値）は英語として扱う（src/Eccube/Controller/App/ProductController.php:273-276）。設計の「'ja'もしくは'en'、省略時:'en'」と同じ結果になる。tests/Eccube/Tests/Web/App/ProductControllerTest.php:348-357 でも未知の言語コードが英語扱いになることを確認している。	画像0枚（images/ に sheet-4 の図は無い）。レイアウト図を持たないAPI仕様シートのため、判定は本文のみを根拠にした。	med	
sheet-4-R017	MATCHED				カードID 数値(整数) 〇  123456		src/Eccube/Controller/App/ProductController.php:269-271		カードIDが整数でない、または1未満のときは該当なし扱いで404を返す（src/Eccube/Controller/App/ProductController.php:269-271）。整数必須が担保されている。	画像0枚（images/ に sheet-4 の図は無い）。レイアウト図を持たないAPI仕様シートのため、判定は本文のみを根拠にした。	high	
sheet-4-R018	OUT_OF_SCOPE								「リクエストパラメータサンプル」は見出しのみ。	画像0枚（images/ に sheet-4 の図は無い）。レイアウト図を持たないAPI仕様シートのため、判定は本文のみを根拠にした。	high	
sheet-4-R019	MATCHED				/api/popup/card/ja/22		src/Eccube/Controller/App/ProductController.php:265		サンプルURLの形（言語コード ja とカードID 22）がそのまま受付可能な定義になっている（src/Eccube/Controller/App/ProductController.php:265）。tests/Eccube/Tests/Web/App/ProductControllerTest.php:300 で同形式のURLを叩いて200を確認している。	画像0枚（images/ に sheet-4 の図は無い）。レイアウト図を持たないAPI仕様シートのため、判定は本文のみを根拠にした。	high	
sheet-4-R020	OUT_OF_SCOPE								「ステータスコード」は見出しのみ。	画像0枚（images/ に sheet-4 の図は無い）。レイアウト図を持たないAPI仕様シートのため、判定は本文のみを根拠にした。	high	
sheet-4-R021	OUT_OF_SCOPE								ステータスコード表のヘッダ行（コード/説明）。	画像0枚（images/ に sheet-4 の図は無い）。レイアウト図を持たないAPI仕様シートのため、判定は本文のみを根拠にした。	high	
sheet-4-R022	MATCHED				200 正常		src/Eccube/Controller/App/ProductController.php:290		正常取得時は200で応答する（src/Eccube/Controller/App/ProductController.php:290 Response::HTTP_OK）。	画像0枚（images/ に sheet-4 の図は無い）。レイアウト図を持たないAPI仕様シートのため、判定は本文のみを根拠にした。	high	
sheet-4-R023	MATCHED				404 該当データがない場合		src/Eccube/Controller/App/ProductController.php:279-295		該当が無いとき（取得結果なし・カードIDが整数でない）はNotFoundExceptionを投げ、404で応答する（src/Eccube/Controller/App/ProductController.php:279-281、:291-295、src/Eccube/Exception/App/NotFoundException.php:29-34）。	画像0枚（images/ に sheet-4 の図は無い）。レイアウト図を持たないAPI仕様シートのため、判定は本文のみを根拠にした。	high	
sheet-4-R024	OUT_OF_SCOPE								「レスポンスデータ」は見出しのみ。	画像0枚（images/ に sheet-4 の図は無い）。レイアウト図を持たないAPI仕様シートのため、判定は本文のみを根拠にした。	high	
sheet-4-R025	OUT_OF_SCOPE								レスポンスデータ表のヘッダ行（名前/型/説明）。	画像0枚（images/ に sheet-4 の図は無い）。レイアウト図を持たないAPI仕様シートのため、判定は本文のみを根拠にした。	high	
sheet-4-R026	MATCHED				productId 数値(整数) 商品ID		src/Eccube/Service/App/Popup/PopupResponseBuilder.php:30		商品IDを productId として返している（src/Eccube/Service/App/Popup/PopupResponseBuilder.php:30）。値の取得元はsrc/Eccube/Repository/ProductRepository.php:2430-2450。	画像0枚（images/ に sheet-4 の図は無い）。レイアウト図を持たないAPI仕様シートのため、判定は本文のみを根拠にした。	high	
sheet-4-R027	MATCHED				name 文字型 商品名		src/Eccube/Service/App/Popup/PopupResponseBuilder.php:31		商品名を name として返している（src/Eccube/Service/App/Popup/PopupResponseBuilder.php:31）。値の取得元はsrc/Eccube/Repository/ProductRepository.php:2430-2450。	画像0枚（images/ に sheet-4 の図は無い）。レイアウト図を持たないAPI仕様シートのため、判定は本文のみを根拠にした。	high	
sheet-4-R028	MATCHED				productClassId 数値(整数) 商品規格ID		src/Eccube/Service/App/Popup/PopupResponseBuilder.php:32		商品規格IDを productClassId として返している（src/Eccube/Service/App/Popup/PopupResponseBuilder.php:32）。値の取得元はsrc/Eccube/Repository/ProductRepository.php:2430-2450。	画像0枚（images/ に sheet-4 の図は無い）。レイアウト図を持たないAPI仕様シートのため、判定は本文のみを根拠にした。	high	
sheet-4-R029	MATCHED				price01 数値(整数) (未使用)		src/Eccube/Service/App/Popup/PopupResponseBuilder.php:33		price01 を加工せずそのまま返している（未使用項目として保持）（src/Eccube/Service/App/Popup/PopupResponseBuilder.php:33）。値の取得元はsrc/Eccube/Repository/ProductRepository.php:2430-2450。	画像0枚（images/ に sheet-4 の図は無い）。レイアウト図を持たないAPI仕様シートのため、判定は本文のみを根拠にした。	high	
sheet-4-R030	MATCHED				price02 数値(整数) 販売価格		src/Eccube/Service/App/Popup/PopupResponseBuilder.php:34		販売価格を price02 として返している（src/Eccube/Service/App/Popup/PopupResponseBuilder.php:34）。値の取得元はsrc/Eccube/Repository/ProductRepository.php:2430-2450。	画像0枚（images/ に sheet-4 の図は無い）。レイアウト図を持たないAPI仕様シートのため、判定は本文のみを根拠にした。	high	
sheet-4-R031	MATCHED				stock 数値(整数) 在庫数		src/Eccube/Service/App/Popup/PopupResponseBuilder.php:35		在庫数を stock として返している（src/Eccube/Service/App/Popup/PopupResponseBuilder.php:35）。値の取得元はsrc/Eccube/Repository/ProductRepository.php:2430-2450。	画像0枚（images/ に sheet-4 の図は無い）。レイアウト図を持たないAPI仕様シートのため、判定は本文のみを根拠にした。	high	
sheet-4-R032	MATCHED				nameEn 文字型 商品名(英語)		src/Eccube/Service/App/Popup/PopupResponseBuilder.php:36		英語商品名を nameEn として返している（src/Eccube/Service/App/Popup/PopupResponseBuilder.php:36）。値の取得元はsrc/Eccube/Repository/ProductRepository.php:2430-2450。	画像0枚（images/ に sheet-4 の図は無い）。レイアウト図を持たないAPI仕様シートのため、判定は本文のみを根拠にした。	high	
sheet-4-R033	MATCHED				subFileName 文字型 サブ画像		src/Eccube/Service/App/Popup/PopupResponseBuilder.php:37		商品規格に紐づく画像のファイル名を subFileName として返している（src/Eccube/Service/App/Popup/PopupResponseBuilder.php:37）。値の取得元はsrc/Eccube/Repository/ProductRepository.php:2430-2450。	画像0枚（images/ に sheet-4 の図は無い）。レイアウト図を持たないAPI仕様シートのため、判定は本文のみを根拠にした。	high	
sheet-4-R034	MATCHED				fileName 文字型 画像		src/Eccube/Service/App/Popup/PopupResponseBuilder.php:38		商品規格に紐づく画像のファイル名を fileName として返している（src/Eccube/Service/App/Popup/PopupResponseBuilder.php:38）。値の取得元はsrc/Eccube/Repository/ProductRepository.php:2430-2450。	画像0枚（images/ に sheet-4 の図は無い）。レイアウト図を持たないAPI仕様シートのため、判定は本文のみを根拠にした。	high	
sheet-4-R035	MATCHED				code 文字型 言語コード		src/Eccube/Service/App/Popup/PopupResponseBuilder.php:39		言語コードを code として返している（src/Eccube/Service/App/Popup/PopupResponseBuilder.php:39）。値の取得元はsrc/Eccube/Repository/ProductRepository.php:2430-2450。	画像0枚（images/ に sheet-4 の図は無い）。レイアウト図を持たないAPI仕様シートのため、判定は本文のみを根拠にした。	high	
sheet-4-R036	MATCHED				conditionCode 文字型 状態		src/Eccube/Service/App/Popup/PopupResponseBuilder.php:40		カードの状態を conditionCode として返している（src/Eccube/Service/App/Popup/PopupResponseBuilder.php:40）。値の取得元はsrc/Eccube/Repository/ProductRepository.php:2430-2450。	画像0枚（images/ に sheet-4 の図は無い）。レイアウト図を持たないAPI仕様シートのため、判定は本文のみを根拠にした。	high	
sheet-4-R037	DESIGN_ISSUE				foilFlg 文字型 Foilフラグ		src/Eccube/Service/App/Popup/PopupResponseBuilder.php:45-49	カードID指定のポップアップ応答には foilFlg を含めず、代わりに beltUrl を含めている（src/Eccube/Service/App/Popup/PopupResponseBuilder.php:45-49、src/Eccube/Controller/App/ProductController.php:290 が beltUrl 付きで組み立てる）。	正本の中で記述が食い違っている。レスポンスデータ表は foilFlg（Foilフラグ）を挙げ beltUrl を挙げていないが、同じシートのレスポンスデータサンプルは beltUrl を含み foilFlg を含まない。さらに現行仕様の『beltUrl null。帯リンクのURLで、応答には常に含める』は beltUrl を常時出力と定めており、foilFlg には触れていない。どちらを出力するのかは設計裁定が必要。実装はサンプル・現行仕様側（beltUrlのみ）に合わせている（tests/Eccube/Tests/Web/App/ProductControllerTest.php:316-317 も beltUrl 有り・foilFlg 無しを期待している）。	画像0枚（images/ に sheet-4 の図は無い）。レイアウト図を持たないAPI仕様シートのため、判定は本文のみを根拠にした。	high	PopupResponseBuilder-card-response-omits-foilflg
sheet-4-R038	MATCHED				weeklySold 数値(整数) 週間販売数		src/Eccube/Service/App/Popup/PopupResponseBuilder.php:41		週間販売数を weeklySold として返している（src/Eccube/Service/App/Popup/PopupResponseBuilder.php:41）。値の取得元はsrc/Eccube/Repository/ProductRepository.php:2430-2450。	画像0枚（images/ に sheet-4 の図は無い）。レイアウト図を持たないAPI仕様シートのため、判定は本文のみを根拠にした。	high	
sheet-4-R039	MATCHED				productUrl 文字型 商品詳細URL		src/Eccube/Service/App/Popup/PopupResponseBuilder.php:42		商品詳細ページのURLを productUrl として返している（src/Eccube/Service/App/Popup/PopupResponseBuilder.php:42）。値の取得元はsrc/Eccube/Repository/ProductRepository.php:2430-2450。	画像0枚（images/ に sheet-4 の図は無い）。レイアウト図を持たないAPI仕様シートのため、判定は本文のみを根拠にした。	high	
sheet-4-R040	OUT_OF_SCOPE								「レスポンスデータサンプル」は見出しのみ。	画像0枚（images/ に sheet-4 の図は無い）。レイアウト図を持たないAPI仕様シートのため、判定は本文のみを根拠にした。	high	
sheet-4-R041	OUT_OF_SCOPE								JSONサンプルの構造記号だけの行。	画像0枚（images/ に sheet-4 の図は無い）。レイアウト図を持たないAPI仕様シートのため、判定は本文のみを根拠にした。	high	
sheet-4-R042	MATCHED				"""productId"": 14357,"		src/Eccube/Service/App/Popup/PopupResponseBuilder.php:30		サンプルと同じ項目 productId が同じ意味で応答に含まれる（src/Eccube/Service/App/Popup/PopupResponseBuilder.php:30）。	画像0枚（images/ に sheet-4 の図は無い）。レイアウト図を持たないAPI仕様シートのため、判定は本文のみを根拠にした。	high	
sheet-4-R043	MATCHED				"""name"": ""《生真面目な補充兵/Solemn Recruit》[AER] 白R"","		src/Eccube/Service/App/Popup/PopupResponseBuilder.php:31		サンプルと同じ項目 name が同じ意味で応答に含まれる（src/Eccube/Service/App/Popup/PopupResponseBuilder.php:31）。	画像0枚（images/ に sheet-4 の図は無い）。レイアウト図を持たないAPI仕様シートのため、判定は本文のみを根拠にした。	high	
sheet-4-R044	MATCHED				"""productClassId"": 106105,"		src/Eccube/Service/App/Popup/PopupResponseBuilder.php:32		サンプルと同じ項目 productClassId が同じ意味で応答に含まれる（src/Eccube/Service/App/Popup/PopupResponseBuilder.php:32）。	画像0枚（images/ に sheet-4 の図は無い）。レイアウト図を持たないAPI仕様シートのため、判定は本文のみを根拠にした。	high	
sheet-4-R045	MATCHED				"""price01"": null,"		src/Eccube/Service/App/Popup/PopupResponseBuilder.php:33		サンプルと同じ項目 price01（値が無ければnull） が同じ意味で応答に含まれる（src/Eccube/Service/App/Popup/PopupResponseBuilder.php:33）。	画像0枚（images/ に sheet-4 の図は無い）。レイアウト図を持たないAPI仕様シートのため、判定は本文のみを根拠にした。	high	
sheet-4-R046	MATCHED				"""price02"": ""50"","		src/Eccube/Service/App/Popup/PopupResponseBuilder.php:34		サンプルと同じ項目 price02 が同じ意味で応答に含まれる（src/Eccube/Service/App/Popup/PopupResponseBuilder.php:34）。なおサンプルは数値を引用符付きで書いているが、同シートのレスポンスデータ表の型は数値(整数)であり、実装は数値で返す。型の定義に従っているため乖離とは扱わない。	画像0枚（images/ に sheet-4 の図は無い）。レイアウト図を持たないAPI仕様シートのため、判定は本文のみを根拠にした。	med	
sheet-4-R047	MATCHED				"""stock"": ""17"","		src/Eccube/Service/App/Popup/PopupResponseBuilder.php:35		サンプルと同じ項目 stock が同じ意味で応答に含まれる（src/Eccube/Service/App/Popup/PopupResponseBuilder.php:35）。なおサンプルは数値を引用符付きで書いているが、同シートのレスポンスデータ表の型は数値(整数)であり、実装は数値で返す。型の定義に従っているため乖離とは扱わない。	画像0枚（images/ に sheet-4 の図は無い）。レイアウト図を持たないAPI仕様シートのため、判定は本文のみを根拠にした。	med	
sheet-4-R048	MATCHED				"""nameEn"": ""《Solemn Recruit》 [AER]"","		src/Eccube/Service/App/Popup/PopupResponseBuilder.php:36		サンプルと同じ項目 nameEn が同じ意味で応答に含まれる（src/Eccube/Service/App/Popup/PopupResponseBuilder.php:36）。	画像0枚（images/ に sheet-4 の図は無い）。レイアウト図を持たないAPI仕様シートのため、判定は本文のみを根拠にした。	high	
sheet-4-R049	MATCHED				"""subFileName"": ""img/goods/L/AER/jp/22_jpn.jpg"","		src/Eccube/Service/App/Popup/PopupResponseBuilder.php:37		サンプルと同じ項目 subFileName が同じ意味で応答に含まれる（src/Eccube/Service/App/Popup/PopupResponseBuilder.php:37）。	画像0枚（images/ に sheet-4 の図は無い）。レイアウト図を持たないAPI仕様シートのため、判定は本文のみを根拠にした。	high	
sheet-4-R050	MATCHED				"""fileName"": ""img/goods/L/AER/jp/22_jpn.jpg"","		src/Eccube/Service/App/Popup/PopupResponseBuilder.php:38		サンプルと同じ項目 fileName が同じ意味で応答に含まれる（src/Eccube/Service/App/Popup/PopupResponseBuilder.php:38）。	画像0枚（images/ に sheet-4 の図は無い）。レイアウト図を持たないAPI仕様シートのため、判定は本文のみを根拠にした。	high	
sheet-4-R051	MATCHED				"""code"": ""JP"","		src/Eccube/Service/App/Popup/PopupResponseBuilder.php:39		サンプルと同じ項目 code（JP/EN） が同じ意味で応答に含まれる（src/Eccube/Service/App/Popup/PopupResponseBuilder.php:39）。	画像0枚（images/ に sheet-4 の図は無い）。レイアウト図を持たないAPI仕様シートのため、判定は本文のみを根拠にした。	high	
sheet-4-R052	MATCHED				"""conditionCode"": ""NM"","		src/Eccube/Service/App/Popup/PopupResponseBuilder.php:40		サンプルと同じ項目 conditionCode が同じ意味で応答に含まれる（src/Eccube/Service/App/Popup/PopupResponseBuilder.php:40）。	画像0枚（images/ に sheet-4 の図は無い）。レイアウト図を持たないAPI仕様シートのため、判定は本文のみを根拠にした。	high	
sheet-4-R053	MATCHED				"""beltUrl"": null,"		src/Eccube/Service/App/Popup/PopupResponseBuilder.php:46		サンプルと同じ項目 beltUrl（値が無ければnull） が同じ意味で応答に含まれる（src/Eccube/Service/App/Popup/PopupResponseBuilder.php:46）。	画像0枚（images/ に sheet-4 の図は無い）。レイアウト図を持たないAPI仕様シートのため、判定は本文のみを根拠にした。	high	
sheet-4-R054	MATCHED				"""weeklySold"": ""1"","		src/Eccube/Service/App/Popup/PopupResponseBuilder.php:41		サンプルと同じ項目 weeklySold が同じ意味で応答に含まれる（src/Eccube/Service/App/Popup/PopupResponseBuilder.php:41）。なおサンプルは数値を引用符付きで書いているが、同シートのレスポンスデータ表の型は数値(整数)であり、実装は数値で返す。型の定義に従っているため乖離とは扱わない。	画像0枚（images/ に sheet-4 の図は無い）。レイアウト図を持たないAPI仕様シートのため、判定は本文のみを根拠にした。	med	
sheet-4-R055	MATCHED				"""productUrl"": ""https://www.hareruyamtg.com/ja/products/detail/14357"""		src/Eccube/Service/App/Popup/PopupResponseBuilder.php:42		サンプルと同じ項目 productUrl（商品詳細の絶対URL） が同じ意味で応答に含まれる（src/Eccube/Service/App/Popup/PopupResponseBuilder.php:42）。	画像0枚（images/ に sheet-4 の図は無い）。レイアウト図を持たないAPI仕様シートのため、判定は本文のみを根拠にした。	high	
sheet-4-R056	OUT_OF_SCOPE								JSONサンプルの構造記号だけの行。	画像0枚（images/ に sheet-4 の図は無い）。レイアウト図を持たないAPI仕様シートのため、判定は本文のみを根拠にした。	high	
sheet-4-R057	OUT_OF_SCOPE								現行仕様セクションの見出し（機能No・機能名の再掲）。	画像0枚（images/ に sheet-4 の図は無い）。レイアウト図を持たないAPI仕様シートのため、判定は本文のみを根拠にした。	high	
sheet-4-R058	OUT_OF_SCOPE								「取得の対象」は見出しのみ。	画像0枚（images/ に sheet-4 の図は無い）。レイアウト図を持たないAPI仕様シートのため、判定は本文のみを根拠にした。	high	
sheet-4-R059	MATCHED				指定されたカードIDに紐づく商品規格のうち、商品と商品規格がいずれも削除されておらず、かつ商品の公開状態が公開であるものだけを対象とする。対象を後述の優先順で並べ、先頭の1件だけを返す。		src/Eccube/Repository/ProductRepository.php:2452-2476		カードIDで絞り（src/Eccube/Repository/ProductRepository.php:2463）、削除済みでない商品規格のみ（src/Eccube/Repository/ProductRepository.php:2452 pc.visible）、公開状態の商品のみ（src/Eccube/Repository/ProductRepository.php:2464 product_status_id=公開）を対象とし、並べ替えた先頭1件だけを返す（src/Eccube/Repository/ProductRepository.php:2465-2476 LIMIT 1）。商品側の削除は eeでは削除フラグを持たず商品行そのものが消えるため（src/Eccube/Entity/Product.php に del_flg/visible 相当の列が無い）、条件として現れないのは想定どおり。	画像0枚（images/ に sheet-4 の図は無い）。レイアウト図を持たないAPI仕様シートのため、判定は本文のみを根拠にした。	med	
sheet-4-R060	OUT_OF_SCOPE								「並び順の優先順位」は見出しのみ。	画像0枚（images/ に sheet-4 の図は無い）。レイアウト図を持たないAPI仕様シートのため、判定は本文のみを根拠にした。	high	
sheet-4-R061	MATCHED				対象が複数あるときにどの1件を返すかは、次の順で決める。上の条件で並びが決まらないときに、次の条件へ移る。		src/Eccube/Repository/ProductRepository.php:2465-2476		同順のときに次の条件へ移る多段の並べ替えで先頭1件を返している（src/Eccube/Repository/ProductRepository.php:2465-2476）。	画像0枚（images/ に sheet-4 の図は無い）。レイアウト図を持たないAPI仕様シートのため、判定は本文のみを根拠にした。	high	
sheet-4-R062	OUT_OF_SCOPE								並び順の優先順位表のヘッダ行（順位/適用する場面/並び）。	画像0枚（images/ に sheet-4 の図は無い）。レイアウト図を持たないAPI仕様シートのため、判定は本文のみを根拠にした。	high	
sheet-4-R063	NOT_IMPLEMENTED	P3	未実装	ふるまい	フォイル有無の指定があるときは、その指定が特殊セット・プロモーション・発売日より優先される。	フォイル有無の指定があるときは、その指定に沿ってフォイル区分を最優先に並べ（真値なら降順、偽値なら昇順）、特殊セット・プロモーション・発売日より先に効かせた結果の先頭1件を返す。	src/Eccube/Controller/App/ProductController.php:266-290、src/Eccube/Repository/ProductRepository.php:2465-2476	カードID指定のポップアップ処理はフォイル有無の指定を一切受け取らず（src/Eccube/Controller/App/ProductController.php:266-278 は言語コードとカードIDだけを使う）、並べ替えは常に特殊セット→プロモーション→発売日→非フォイルの固定順で行う（src/Eccube/Repository/ProductRepository.php:2465-2476）。フォイル有無の指定を第1優先にする分岐が無い。	ee 全体を検索してもポップアップ系の処理でフォイル有無の指定を読む箇所が無い（src配下で query から foil を読む実装は無し）。そのためフォイル有無を指定しても返る1件は変わらず、指定が特殊セット・プロモーション・発売日より優先されることもない。	画像0枚（images/ に sheet-4 の図は無い）。レイアウト図を持たないAPI仕様シートのため、判定は本文のみを根拠にした。	high	ProductController-popup-card-ignores-foil-and-price-sort
sheet-4-R064	NOT_IMPLEMENTED	P3	未実装	ふるまい	2 価格の並び指定があるとき 販売価格。high なら降順、それ以外の値なら昇順	価格の並び指定があるときは、販売価格を並び順に使い（high なら高い順、それ以外の値なら安い順）、その結果の先頭1件を返す。	src/Eccube/Controller/App/ProductController.php:266-290、src/Eccube/Repository/ProductRepository.php:2465-2476	カードID指定のポップアップ処理は価格の並び指定を受け取らず（src/Eccube/Controller/App/ProductController.php:266-278）、並べ替えに販売価格は一切使われない（src/Eccube/Repository/ProductRepository.php:2465-2476 に価格の条件が無い）。	ee のポップアップ系処理に価格の並び指定を読む箇所が無く、販売価格による並べ替えも存在しない。指定しても返る1件は変わらない。	画像0枚（images/ に sheet-4 の図は無い）。レイアウト図を持たないAPI仕様シートのため、判定は本文のみを根拠にした。	high	ProductController-popup-card-ignores-foil-and-price-sort
sheet-4-R065	MATCHED				3 常に 特殊なカードセットでないものを優先		src/Eccube/Repository/ProductRepository.php:2467		特殊カードセットでないものを先に並べている（src/Eccube/Repository/ProductRepository.php:2467 special_flg で1/2に振って昇順）。	画像0枚（images/ に sheet-4 の図は無い）。レイアウト図を持たないAPI仕様シートのため、判定は本文のみを根拠にした。	high	
sheet-4-R066	MATCHED				4 常に プロモーションでないものを優先		src/Eccube/Repository/ProductRepository.php:2468		プロモーションでないものを先に並べている（src/Eccube/Repository/ProductRepository.php:2468 promotion_flg で1/2に振って昇順）。	画像0枚（images/ に sheet-4 の図は無い）。レイアウト図を持たないAPI仕様シートのため、判定は本文のみを根拠にした。	high	
sheet-4-R067	MATCHED				5 常に カードセットの発売日が新しいものを優先		src/Eccube/Repository/ProductRepository.php:2469		カードセットの発売日の新しい順に並べている（src/Eccube/Repository/ProductRepository.php:2469 release_date DESC、未設定は最後）。	画像0枚（images/ に sheet-4 の図は無い）。レイアウト図を持たないAPI仕様シートのため、判定は本文のみを根拠にした。	high	
sheet-4-R068	MATCHED				6 フォイル有無の指定が無いとき 非フォイルを優先		src/Eccube/Repository/ProductRepository.php:2470		非フォイルを先に並べている（src/Eccube/Repository/ProductRepository.php:2470 foil_flg 昇順）。フォイル有無の指定が無い場合の順位（特殊セット・プロモーション・発売日の後）も設計どおり。指定があるときに第1優先へ繰り上がらない点は sheet-4-R063 で指摘済み。	画像0枚（images/ に sheet-4 の図は無い）。レイアウト図を持たないAPI仕様シートのため、判定は本文のみを根拠にした。	high	
sheet-4-R069	MATCHED				7 常に 在庫数が1以上のものを優先		src/Eccube/Repository/ProductRepository.php:2471		在庫が1以上のものを先に並べている（src/Eccube/Repository/ProductRepository.php:2471 stock>0 で1/2に振って昇順）。	画像0枚（images/ に sheet-4 の図は無い）。レイアウト図を持たないAPI仕様シートのため、判定は本文のみを根拠にした。	high	
sheet-4-R070	MATCHED				8 常に 指定された言語コードと一致する言語のものを優先		src/Eccube/Repository/ProductRepository.php:2472		指定言語と一致する言語のものを先に並べている（src/Eccube/Repository/ProductRepository.php:2472）。	画像0枚（images/ に sheet-4 の図は無い）。レイアウト図を持たないAPI仕様シートのため、判定は本文のみを根拠にした。	high	
sheet-4-R071	MATCHED				9 常に カードの状態の昇順		src/Eccube/Repository/ProductRepository.php:2473		カードの状態の昇順で並べている（src/Eccube/Repository/ProductRepository.php:2473 card_condition_id 昇順）。	画像0枚（images/ に sheet-4 の図は無い）。レイアウト図を持たないAPI仕様シートのため、判定は本文のみを根拠にした。	high	
sheet-4-R072	MATCHED				10 常に 商品規格に結び付いた画像に定められた順序の昇順		src/Eccube/Repository/ProductRepository.php:2474		商品規格に結び付いた画像の順序の昇順で並べている（src/Eccube/Repository/ProductRepository.php:2474 pci.rank 昇順）。	画像0枚（images/ に sheet-4 の図は無い）。レイアウト図を持たないAPI仕様シートのため、判定は本文のみを根拠にした。	high	
sheet-4-R073	MATCHED				11 常に サブ画像のファイル名を持つものを優先		src/Eccube/Repository/ProductRepository.php:2475		画像ファイル名を持つものを先に並べている（src/Eccube/Repository/ProductRepository.php:2475）。	画像0枚（images/ に sheet-4 の図は無い）。レイアウト図を持たないAPI仕様シートのため、判定は本文のみを根拠にした。	high	
sheet-4-R074	NOT_IMPLEMENTED	P3	未実装	ふるまい	フォイル有無の指定があるときは、その指定が特殊セット・プロモーション・発売日より優先される。指定が無いときの非フォイル優先はそれらより後に効く。	フォイル有無の指定があるときはフォイル区分の並びが特殊セット・プロモーション・発売日より先に効き、指定が無いときだけ非フォイル優先がそれらの後で効く。	src/Eccube/Controller/App/ProductController.php:266-290、src/Eccube/Repository/ProductRepository.php:2465-2476	フォイル有無の指定を受け取る箇所が無いため、フォイルに関する並びは常に特殊セット・プロモーション・発売日の後（非フォイル優先の固定順）でしか効かない（src/Eccube/Repository/ProductRepository.php:2465-2476）。指定の有無で優先順位が入れ替わる実装が無い。	sheet-4-R063 と同一の欠陥（フォイル有無の指定を受け付けないこと）の帰結。優先順位の入れ替えを行う分岐は src/Eccube/Controller/App/ProductController.php にも src/Eccube/Repository/ProductRepository.php にも存在しない。	画像0枚（images/ に sheet-4 の図は無い）。レイアウト図を持たないAPI仕様シートのため、判定は本文のみを根拠にした。	high	ProductController-popup-card-ignores-foil-and-price-sort
sheet-4-R075	OUT_OF_SCOPE								「週間販売数の求め方」は見出しのみ。	画像0枚（images/ に sheet-4 の図は無い）。レイアウト図を持たないAPI仕様シートのため、判定は本文のみを根拠にした。	high	
sheet-4-R076	MATCHED				週間販売数は、取得した商品規格と同じ商品かつ同じ言語コードを持つ商品規格すべての1週間販売数を合計した値を返す。取得した1件分だけの値ではない。		src/Eccube/Repository/ProductRepository.php:2442-2450		同じ商品に属し同じ言語コードを持つ商品規格の1週間販売数を合計して weeklySold として返している（src/Eccube/Repository/ProductRepository.php:2442-2450 の集計、src/Eccube/Service/App/Popup/PopupResponseBuilder.php:41）。返す1件分だけの値ではない。言語コードの照合にはパスで指定された言語コードを使っており、返る1件の言語が指定と異なる場合の扱いは正本の文言（『同じ言語コード』）では一意に読めないため確信度を下げた。	画像0枚（images/ に sheet-4 の図は無い）。レイアウト図を持たないAPI仕様シートのため、判定は本文のみを根拠にした。	med	
sheet-4-R077	OUT_OF_SCOPE								「応答の値の扱い」は見出しのみ。	画像0枚（images/ に sheet-4 の図は無い）。レイアウト図を持たないAPI仕様シートのため、判定は本文のみを根拠にした。	high	
sheet-4-R078	MATCHED				取得時点の値をそのまま返し、金額・在庫数の再計算や丸めは行わない。		src/Eccube/Service/App/Popup/PopupResponseBuilder.php:33-35		販売価格・在庫数は取得した値をそのまま応答に入れており、再計算も丸めもしていない（src/Eccube/Service/App/Popup/PopupResponseBuilder.php:33-35、取得元は src/Eccube/Repository/ProductRepository.php:2435-2437）。	画像0枚（images/ に sheet-4 の図は無い）。レイアウト図を持たないAPI仕様シートのため、判定は本文のみを根拠にした。	high	
sheet-4-R079	OUT_OF_SCOPE								「該当が無いときの応答本文」は見出しのみ。	画像0枚（images/ に sheet-4 の図は無い）。レイアウト図を持たないAPI仕様シートのため、判定は本文のみを根拠にした。	high	
sheet-4-R080	DRIFT	P3	実装違い	IO	該当する商品規格が1件も無いとき、応答本文はコードとメッセージだけを持つJSONになり、メッセージは Not Found を返す。商品情報のフィールドは含まない。	該当が1件も無いときの応答本文は、コードとメッセージの2項目だけを持ち、メッセージとして Not Found を返す。	src/Eccube/Controller/App/ProductController.php:291-295、src/Eccube/EventListener/ExceptionListener.php:140-143	該当なしのときの応答本文は code と errors の2項目で、Not Found は errors の配列要素として返る（src/Eccube/Controller/App/ProductController.php:291-295、共通の整形も同じ形 src/Eccube/EventListener/ExceptionListener.php:140-143）。メッセージ単体の項目は存在しない。	tests/Eccube/Tests/Web/App/ProductControllerTest.php:336-339 が示すとおり、404応答は code と errors（配列）で返る。商品情報のフィールドを含まない点と、Not Found という文言そのものは設計どおりだが、メッセージが単一項目ではなく配列項目として返るため、受け取り側が読む項目が設計と異なる。	画像0枚（images/ に sheet-4 の図は無い）。レイアウト図を持たないAPI仕様シートのため、判定は本文のみを根拠にした。	med	ProductController-popup-notfound-body-uses-errors-array
sheet-4-R081	OUT_OF_SCOPE								「入出力: クエリパラメータ」は見出しのみ。	画像0枚（images/ に sheet-4 の図は無い）。レイアウト図を持たないAPI仕様シートのため、判定は本文のみを根拠にした。	high	
sheet-4-R082	OUT_OF_SCOPE								クエリパラメータ表のヘッダ行（パラメータ/位置/型/必須／任意/説明）。	画像0枚（images/ に sheet-4 の図は無い）。レイアウト図を持たないAPI仕様シートのため、判定は本文のみを根拠にした。	high	
sheet-4-R083	NOT_IMPLEMENTED	P3	未実装	IO	foil_flg クエリ string 任意 フォイル有無の指定。指定があるときだけ並び順の第1優先に使う	フォイル有無の指定を任意で受け取り、指定があるときはそれを並び順の第1優先として1件を選ぶ。	src/Eccube/Controller/App/ProductController.php:266-278	カードID指定のポップアップ処理は言語コードとカードIDしか読まず、フォイル有無の指定を受け取る口が無い（src/Eccube/Controller/App/ProductController.php:266-278）。指定して呼んでも応答は変わらない。	ee 全体でポップアップ処理がフォイル有無の指定を読む箇所は無く、src/Eccube/Repository/ProductRepository.php:2425 の取得処理にもフォイル指定を渡す引数が無い。sheet-4-R063 と同一の欠陥。	画像0枚（images/ に sheet-4 の図は無い）。レイアウト図を持たないAPI仕様シートのため、判定は本文のみを根拠にした。	high	ProductController-popup-card-ignores-foil-and-price-sort
sheet-4-R084	NOT_IMPLEMENTED	P3	未実装	IO	price クエリ string 任意 価格の並び指定。指定があるときだけ販売価格を並び順に使う	価格の並び指定を任意で受け取り、指定があるときは販売価格を並び順に使って1件を選ぶ。	src/Eccube/Controller/App/ProductController.php:266-278	カードID指定のポップアップ処理は価格の並び指定を受け取る口を持たない（src/Eccube/Controller/App/ProductController.php:266-278）。取得処理にも価格の並びを指定する引数が無い（src/Eccube/Repository/ProductRepository.php:2425）。	sheet-4-R064 と同一の欠陥。指定して呼んでも並び・応答は変わらない。	画像0枚（images/ に sheet-4 の図は無い）。レイアウト図を持たないAPI仕様シートのため、判定は本文のみを根拠にした。	high	ProductController-popup-card-ignores-foil-and-price-sort
sheet-4-R085	OUT_OF_SCOPE								「入出力: 値を持たないことがあるフィールド」は見出しのみ。	画像0枚（images/ に sheet-4 の図は無い）。レイアウト図を持たないAPI仕様シートのため、判定は本文のみを根拠にした。	high	
sheet-4-R086	OUT_OF_SCOPE								表のヘッダ行（フィールド/値が無いときの応答）。	画像0枚（images/ に sheet-4 の図は無い）。レイアウト図を持たないAPI仕様シートのため、判定は本文のみを根拠にした。	high	
sheet-4-R087	MATCHED				subFileName null		src/Eccube/Service/App/Popup/PopupResponseBuilder.php:37;src/Eccube/Repository/ProductRepository.php:2458-2459		画像が紐づかない場合は画像ファイル名が値なしになり（src/Eccube/Repository/ProductRepository.php:2458-2459 の画像結合は任意）、subFileName は null で応答に含まれる（src/Eccube/Service/App/Popup/PopupResponseBuilder.php:37）。	画像0枚（images/ に sheet-4 の図は無い）。レイアウト図を持たないAPI仕様シートのため、判定は本文のみを根拠にした。	high	
sheet-4-R088	MATCHED				fileName null		src/Eccube/Service/App/Popup/PopupResponseBuilder.php:38;src/Eccube/Repository/ProductRepository.php:2458-2459		同じ画像ファイル名を fileName にも入れており、値が無いときは null で応答に含まれる（src/Eccube/Service/App/Popup/PopupResponseBuilder.php:38）。	画像0枚（images/ に sheet-4 の図は無い）。レイアウト図を持たないAPI仕様シートのため、判定は本文のみを根拠にした。	high	
sheet-4-R089	MATCHED				beltUrl null。帯リンクのURLで、応答には常に含める		src/Eccube/Service/App/Popup/PopupResponseBuilder.php:45-47;src/Eccube/Controller/App/ProductController.php:290		カードID指定の応答は常に beltUrl を含み、値が無いときは null になる（src/Eccube/Controller/App/ProductController.php:290 が帯URL付きで組み立て、src/Eccube/Service/App/Popup/PopupResponseBuilder.php:45-47 で未設定時 null）。tests/Eccube/Tests/Web/App/ProductControllerTest.php:316 でも常時含まれることを確認している。	画像0枚（images/ に sheet-4 の図は無い）。レイアウト図を持たないAPI仕様シートのため、判定は本文のみを根拠にした。	high	
sheet-4-R090	OUT_OF_SCOPE								この機能は画面を持たずメッセージを扱わない、という要求が無いことの宣言。実装対象の要求ではない。	画像0枚（images/ に sheet-4 の図は無い）。レイアウト図を持たないAPI仕様シートのため、判定は本文のみを根拠にした。	high	
sheet-5-R001	OUT_OF_SCOPE								メソッド・認証有無のチェックボックス凡例行。〇の付いた組合せの意味は後続行（R005）が文章で述べているため、この行自体は要求ではない。	画像0枚（images/ に sheet-5 の図は無い）。レイアウト図を持たないAPI仕様シートのため、判定は本文のみを根拠にした。	high	
sheet-5-R002	OUT_OF_SCOPE								「エンドポイントURL」は見出しのみ。値は次のR003・R004。	画像0枚（images/ に sheet-5 の図は無い）。レイアウト図を持たないAPI仕様シートのため、判定は本文のみを根拠にした。	high	
sheet-5-R003	MATCHED				/popup/old/{言語コード}/{旧商品ID}.json		src/Eccube/Controller/App/ProductController.php:362		言語コードと旧商品IDをパスに持ち .json 付きでも受け付ける定義がある（src/Eccube/Controller/App/ProductController.php:362）。App配下のコントローラにプレフィックス付与は無い（app/config/eccube/routes.yaml の app_controllers）ため設計のURLと一致する。	画像0枚（images/ に sheet-5 の図は無い）。レイアウト図を持たないAPI仕様シートのため、判定は本文のみを根拠にした。	high	
sheet-5-R004	MATCHED				/popup/old/{言語コード}/{旧商品ID}		src/Eccube/Controller/App/ProductController.php:361		拡張子なしのURLも受け付ける定義がある（src/Eccube/Controller/App/ProductController.php:361）。	画像0枚（images/ に sheet-5 の図は無い）。レイアウト図を持たないAPI仕様シートのため、判定は本文のみを根拠にした。	high	
sheet-5-R005	MATCHED				プロトコル HTTP メソッド GET 認証の有無 無 認証方式 無 リクエスト書式 クエリ レスポンス書式 JSON		src/Eccube/Controller/App/ProductController.php:361-363		GETのみ受け付ける（src/Eccube/Controller/App/ProductController.php:361-362 methods: ['GET']）。認証は app/config/eccube/packages/security.yaml のfirewall app が ^/api/v1/ のみを対象としており /popup/old/ は認証対象外。応答はJSON（src/Eccube/Controller/App/ProductController.php:383）。	画像0枚（images/ に sheet-5 の図は無い）。レイアウト図を持たないAPI仕様シートのため、判定は本文のみを根拠にした。	high	
sheet-5-R006	MATCHED				通販・記事画面内にあるカード画像の上にマウスカーソルを置いたときポップアップ表示する商品情報をJSON形式で出力する		src/Eccube/Controller/App/ProductController.php:363-383		ポップアップ表示用の商品情報（商品名・価格・在庫・画像・状態など）をJSONで返している（src/Eccube/Controller/App/ProductController.php:371-383、src/Eccube/Service/App/Popup/PopupResponseBuilder.php:27-52）。	画像0枚（images/ に sheet-5 の図は無い）。レイアウト図を持たないAPI仕様シートのため、判定は本文のみを根拠にした。	high	
sheet-5-R007	MATCHED				・言語・旧商品IDを元に商品ページURLを含む商品情報をJSON出力する。		src/Eccube/Controller/App/ProductController.php:366-383		言語コードと旧商品IDから1件を取得し（src/Eccube/Controller/App/ProductController.php:366-371）、商品詳細ページの絶対URLを productUrl として応答に含めている（src/Eccube/Controller/App/ProductController.php:376-381、src/Eccube/Service/App/Popup/PopupResponseBuilder.php:42）。	画像0枚（images/ に sheet-5 の図は無い）。レイアウト図を持たないAPI仕様シートのため、判定は本文のみを根拠にした。	high	
sheet-5-R008	OUT_OF_SCOPE								現行構成における通信方式・内部配線（画面からのAJAX呼出とEC-CUBEサーバ経由でのAPIサーバ中継）の説明。規約により実装手段の差は対象外。リニューアル後はEC-CUBE自身がAPIを提供するため中継自体が存在しない（src/Eccube/Controller/App/ProductController.php:361-362）。	画像0枚（images/ に sheet-5 の図は無い）。レイアウト図を持たないAPI仕様シートのため、判定は本文のみを根拠にした。	high	
sheet-5-R009	OUT_OF_SCOPE								現行構成における通信方式・内部配線（画面からのAJAX呼出とEC-CUBEサーバ経由でのAPIサーバ中継）の説明。規約により実装手段の差は対象外。リニューアル後はEC-CUBE自身がAPIを提供するため中継自体が存在しない（src/Eccube/Controller/App/ProductController.php:361-362）。	画像0枚（images/ に sheet-5 の図は無い）。レイアウト図を持たないAPI仕様シートのため、判定は本文のみを根拠にした。	high	
sheet-5-R010	OUT_OF_SCOPE								現行構成における通信方式・内部配線（画面からのAJAX呼出とEC-CUBEサーバ経由でのAPIサーバ中継）の説明。規約により実装手段の差は対象外。リニューアル後はEC-CUBE自身がAPIを提供するため中継自体が存在しない（src/Eccube/Controller/App/ProductController.php:361-362）。	画像0枚（images/ に sheet-5 の図は無い）。レイアウト図を持たないAPI仕様シートのため、判定は本文のみを根拠にした。	high	
sheet-5-R011	OUT_OF_SCOPE								「・EC-CUBE側通信URL例」は見出しのみ。	画像0枚（images/ に sheet-5 の図は無い）。レイアウト図を持たないAPI仕様シートのため、判定は本文のみを根拠にした。	high	
sheet-5-R012	OUT_OF_SCOPE								現行構成でEC-CUBE側が中継に使うURLの例示。通信方式・受付先の実装手段に当たるため対象外（リニューアル後の受付先はR003・R004で定義されている）。	画像0枚（images/ に sheet-5 の図は無い）。レイアウト図を持たないAPI仕様シートのため、判定は本文のみを根拠にした。	high	
sheet-5-R013	OUT_OF_SCOPE								現行構成でEC-CUBE側URLのlang表記をAPIサーバ通信時にjaへ差し替える中継処理の注記。通信方式・内部配線に当たるため対象外。リニューアル後はパスの言語コードをそのまま受ける（src/Eccube/Controller/App/ProductController.php:366-369）。	画像0枚（images/ に sheet-5 の図は無い）。レイアウト図を持たないAPI仕様シートのため、判定は本文のみを根拠にした。	high	
sheet-5-R014	MATCHED				・商品情報を出力できるのは、シングルカードのみ		src/Eccube/Repository/ProductRepository.php:2552-2553		取得対象はカード明細に結び付いた商品だけに限られており（src/Eccube/Repository/ProductRepository.php:2552-2553 のカード明細・カードとの必須結合）、カード以外の商品は取得対象にならない。	画像0枚（images/ に sheet-5 の図は無い）。レイアウト図を持たないAPI仕様シートのため、判定は本文のみを根拠にした。	high	
sheet-5-R015	MATCHED				グッズ・サプライなどの商品情報は出力できない。		src/Eccube/Repository/ProductRepository.php:2552-2553		カード明細を持たない商品（グッズ・サプライ等）は取得条件から外れるため応答に出てこない（src/Eccube/Repository/ProductRepository.php:2552-2553）。	画像0枚（images/ に sheet-5 の図は無い）。レイアウト図を持たないAPI仕様シートのため、判定は本文のみを根拠にした。	high	
sheet-5-R016	OUT_OF_SCOPE								「リクエストパラメータ」は見出しのみ。	画像0枚（images/ に sheet-5 の図は無い）。レイアウト図を持たないAPI仕様シートのため、判定は本文のみを根拠にした。	high	
sheet-5-R017	OUT_OF_SCOPE								リクエストパラメータ表のヘッダ行（項目名/型/必須/最大文字数）。	画像0枚（images/ に sheet-5 の図は無い）。レイアウト図を持たないAPI仕様シートのため、判定は本文のみを根拠にした。	high	
sheet-5-R018	OUT_OF_SCOPE								リクエストパラメータ表のヘッダ行の続き（または最大値/入力例/備考）。	画像0枚（images/ に sheet-5 の図は無い）。レイアウト図を持たないAPI仕様シートのため、判定は本文のみを根拠にした。	high	
sheet-5-R019	MATCHED				言語コード 文字型  2 ja 'ja'もしくは'en' 省略時:'en'		src/Eccube/Controller/App/ProductController.php:366-369		パスの言語コードを小文字化して判定し、ja は日本語、それ以外（en・未知の値）は英語として扱う（src/Eccube/Controller/App/ProductController.php:366-369）。設計の「'ja'もしくは'en'、省略時:'en'」と同じ結果になる。言語コードを完全に含まないURLは別の受付（src/Eccube/Controller/App/ProductController.php:317-318）が担い、そちらは一致した旧商品IDの種別で言語を決めるため、確信度は下げた。	画像0枚（images/ に sheet-5 の図は無い）。レイアウト図を持たないAPI仕様シートのため、判定は本文のみを根拠にした。	med	
sheet-5-R020	MATCHED				旧商品ID 文字型 〇  AER000022JN		src/Eccube/Controller/App/ProductController.php:361-362		旧商品IDはパスの必須部分として定義されており（src/Eccube/Controller/App/ProductController.php:361-362）、文字列として受け取る（src/Eccube/Controller/App/ProductController.php:363）。	画像0枚（images/ に sheet-5 の図は無い）。レイアウト図を持たないAPI仕様シートのため、判定は本文のみを根拠にした。	high	
sheet-5-R021	OUT_OF_SCOPE								「リクエストパラメータサンプル」は見出しのみ。	画像0枚（images/ に sheet-5 の図は無い）。レイアウト図を持たないAPI仕様シートのため、判定は本文のみを根拠にした。	high	
sheet-5-R022	DESIGN_ISSUE				/api/popup/old/ja/AER000022JN		src/Eccube/Controller/App/ProductController.php:361-362	実装が受け付けるのは /popup/old/{言語コード}/{旧商品ID} と .json 付きの2本で、/api を付けたパスは受け付けない（src/Eccube/Controller/App/ProductController.php:361-362）。	正本の中で受付先の表記が食い違っている。処理概要のエンドポイントURLは /popup/old/{言語コード}/{旧商品ID}（.json 付きも）と書かれているのに、リクエストパラメータサンプルは /api/popup/old/... と /api 付きで書かれている。同じシートのA02-02（sheet-4）が /api/popup/card/... である点も踏まえると、どちらが正しい受付先かは設計裁定が必要。実装はエンドポイントURL側（/api なし）に合わせている。	画像0枚（images/ に sheet-5 の図は無い）。レイアウト図を持たないAPI仕様シートのため、判定は本文のみを根拠にした。	high	ProductController-popup-old-sample-url-prefix-conflict
sheet-5-R023	OUT_OF_SCOPE								サンプル2件をつなぐ接続語「または」のみの行。	画像0枚（images/ に sheet-5 の図は無い）。レイアウト図を持たないAPI仕様シートのため、判定は本文のみを根拠にした。	high	
sheet-5-R024	DESIGN_ISSUE				/api/popup/old/ja/AER000022JN.json		src/Eccube/Controller/App/ProductController.php:361-362	実装が受け付けるのは /popup/old/{言語コード}/{旧商品ID} と .json 付きの2本で、/api を付けたパスは受け付けない（src/Eccube/Controller/App/ProductController.php:361-362）。	正本の中で受付先の表記が食い違っている。処理概要のエンドポイントURLは /popup/old/{言語コード}/{旧商品ID}（.json 付きも）と書かれているのに、リクエストパラメータサンプルは /api/popup/old/... と /api 付きで書かれている。同じシートのA02-02（sheet-4）が /api/popup/card/... である点も踏まえると、どちらが正しい受付先かは設計裁定が必要。実装はエンドポイントURL側（/api なし）に合わせている。	画像0枚（images/ に sheet-5 の図は無い）。レイアウト図を持たないAPI仕様シートのため、判定は本文のみを根拠にした。	high	ProductController-popup-old-sample-url-prefix-conflict
sheet-5-R025	OUT_OF_SCOPE								「ステータスコード」は見出しのみ。	画像0枚（images/ に sheet-5 の図は無い）。レイアウト図を持たないAPI仕様シートのため、判定は本文のみを根拠にした。	high	
sheet-5-R026	OUT_OF_SCOPE								ステータスコード表のヘッダ行（コード/説明）。	画像0枚（images/ に sheet-5 の図は無い）。レイアウト図を持たないAPI仕様シートのため、判定は本文のみを根拠にした。	high	
sheet-5-R027	MATCHED				200 正常		src/Eccube/Controller/App/ProductController.php:383		正常取得時は200で応答する（src/Eccube/Controller/App/ProductController.php:383 Response::HTTP_OK）。	画像0枚（images/ に sheet-5 の図は無い）。レイアウト図を持たないAPI仕様シートのため、判定は本文のみを根拠にした。	high	
sheet-5-R028	MATCHED				404 該当データがない場合		src/Eccube/Controller/App/ProductController.php:372-374		該当が無いときはNotFoundExceptionを投げ404で応答する（src/Eccube/Controller/App/ProductController.php:372-374、:384-388、src/Eccube/Exception/App/NotFoundException.php:29-34）。	画像0枚（images/ に sheet-5 の図は無い）。レイアウト図を持たないAPI仕様シートのため、判定は本文のみを根拠にした。	high	
sheet-5-R029	OUT_OF_SCOPE								「レスポンスデータ」は見出しのみ。	画像0枚（images/ に sheet-5 の図は無い）。レイアウト図を持たないAPI仕様シートのため、判定は本文のみを根拠にした。	high	
sheet-5-R030	OUT_OF_SCOPE								レスポンスデータ表のヘッダ行（名前/型/説明）。	画像0枚（images/ に sheet-5 の図は無い）。レイアウト図を持たないAPI仕様シートのため、判定は本文のみを根拠にした。	high	
sheet-5-R031	MATCHED				productId 数値(整数) 商品ID		src/Eccube/Service/App/Popup/PopupResponseBuilder.php:30		商品IDを productId として返している（src/Eccube/Service/App/Popup/PopupResponseBuilder.php:30）。値の取得元はsrc/Eccube/Repository/ProductRepository.php:2522-2542。	画像0枚（images/ に sheet-5 の図は無い）。レイアウト図を持たないAPI仕様シートのため、判定は本文のみを根拠にした。	high	
sheet-5-R032	MATCHED				name 文字型 商品名		src/Eccube/Service/App/Popup/PopupResponseBuilder.php:31		商品名を name として返している（src/Eccube/Service/App/Popup/PopupResponseBuilder.php:31）。値の取得元はsrc/Eccube/Repository/ProductRepository.php:2522-2542。	画像0枚（images/ に sheet-5 の図は無い）。レイアウト図を持たないAPI仕様シートのため、判定は本文のみを根拠にした。	high	
sheet-5-R033	MATCHED				productClassId 数値(整数) 商品規格ID		src/Eccube/Service/App/Popup/PopupResponseBuilder.php:32		商品規格IDを productClassId として返している（src/Eccube/Service/App/Popup/PopupResponseBuilder.php:32）。値の取得元はsrc/Eccube/Repository/ProductRepository.php:2522-2542。	画像0枚（images/ に sheet-5 の図は無い）。レイアウト図を持たないAPI仕様シートのため、判定は本文のみを根拠にした。	high	
sheet-5-R034	MATCHED				price01 数値(整数) (未使用)		src/Eccube/Service/App/Popup/PopupResponseBuilder.php:33		price01 を加工せずそのまま返している（未使用項目として保持）（src/Eccube/Service/App/Popup/PopupResponseBuilder.php:33）。値の取得元はsrc/Eccube/Repository/ProductRepository.php:2522-2542。	画像0枚（images/ に sheet-5 の図は無い）。レイアウト図を持たないAPI仕様シートのため、判定は本文のみを根拠にした。	high	
sheet-5-R035	MATCHED				price02 数値(整数) 販売価格		src/Eccube/Service/App/Popup/PopupResponseBuilder.php:34		販売価格を price02 として返している（src/Eccube/Service/App/Popup/PopupResponseBuilder.php:34）。値の取得元はsrc/Eccube/Repository/ProductRepository.php:2522-2542。	画像0枚（images/ に sheet-5 の図は無い）。レイアウト図を持たないAPI仕様シートのため、判定は本文のみを根拠にした。	high	
sheet-5-R036	MATCHED				stock 数値(整数) 在庫数		src/Eccube/Service/App/Popup/PopupResponseBuilder.php:35		在庫数を stock として返している（src/Eccube/Service/App/Popup/PopupResponseBuilder.php:35）。値の取得元はsrc/Eccube/Repository/ProductRepository.php:2522-2542。	画像0枚（images/ に sheet-5 の図は無い）。レイアウト図を持たないAPI仕様シートのため、判定は本文のみを根拠にした。	high	
sheet-5-R037	MATCHED				nameEn 文字型 商品名(英語)		src/Eccube/Service/App/Popup/PopupResponseBuilder.php:36		英語商品名を nameEn として返している（src/Eccube/Service/App/Popup/PopupResponseBuilder.php:36）。値の取得元はsrc/Eccube/Repository/ProductRepository.php:2522-2542。	画像0枚（images/ に sheet-5 の図は無い）。レイアウト図を持たないAPI仕様シートのため、判定は本文のみを根拠にした。	high	
sheet-5-R038	MATCHED				subFileName 文字型 サブ画像		src/Eccube/Service/App/Popup/PopupResponseBuilder.php:37		商品規格に紐づく画像のファイル名を subFileName として返している（src/Eccube/Service/App/Popup/PopupResponseBuilder.php:37）。値の取得元はsrc/Eccube/Repository/ProductRepository.php:2522-2542。	画像0枚（images/ に sheet-5 の図は無い）。レイアウト図を持たないAPI仕様シートのため、判定は本文のみを根拠にした。	high	
sheet-5-R039	MATCHED				fileName 文字型 画像		src/Eccube/Service/App/Popup/PopupResponseBuilder.php:38		商品規格に紐づく画像のファイル名を fileName として返している（src/Eccube/Service/App/Popup/PopupResponseBuilder.php:38）。値の取得元はsrc/Eccube/Repository/ProductRepository.php:2522-2542。	画像0枚（images/ に sheet-5 の図は無い）。レイアウト図を持たないAPI仕様シートのため、判定は本文のみを根拠にした。	high	
sheet-5-R040	MATCHED				code 文字型 言語コード		src/Eccube/Service/App/Popup/PopupResponseBuilder.php:39		言語コードを code として返している（src/Eccube/Service/App/Popup/PopupResponseBuilder.php:39）。値の取得元はsrc/Eccube/Repository/ProductRepository.php:2522-2542。	画像0枚（images/ に sheet-5 の図は無い）。レイアウト図を持たないAPI仕様シートのため、判定は本文のみを根拠にした。	high	
sheet-5-R041	MATCHED				conditionCode 文字型 状態		src/Eccube/Service/App/Popup/PopupResponseBuilder.php:40		カードの状態を conditionCode として返している（src/Eccube/Service/App/Popup/PopupResponseBuilder.php:40）。値の取得元はsrc/Eccube/Repository/ProductRepository.php:2522-2542。	画像0枚（images/ に sheet-5 の図は無い）。レイアウト図を持たないAPI仕様シートのため、判定は本文のみを根拠にした。	high	
sheet-5-R042	DESIGN_ISSUE				foilFlg 文字型 Foilフラグ		src/Eccube/Service/App/Popup/PopupResponseBuilder.php:45-49	旧商品ID指定のポップアップ応答には foilFlg を含めず、代わりに beltUrl を含めている（src/Eccube/Service/App/Popup/PopupResponseBuilder.php:45-49、src/Eccube/Controller/App/ProductController.php:383 が帯URL付きで組み立てる）。	正本の中で記述が食い違っている。レスポンスデータ表は foilFlg（Foilフラグ）を挙げ beltUrl を挙げていないが、同じシートのレスポンスデータサンプルは beltUrl を含み foilFlg を含まない。どちらを出力するのかは設計裁定が必要。実装はサンプル側（beltUrlのみ）に合わせている（tests/Eccube/Tests/Web/App/ProductControllerTest.php:408-409 も beltUrl 有り・foilFlg 無しを期待している）。A02-02（sheet-4）にも同じ食い違いがある。	画像0枚（images/ に sheet-5 の図は無い）。レイアウト図を持たないAPI仕様シートのため、判定は本文のみを根拠にした。	high	PopupResponseBuilder-card-response-omits-foilflg
sheet-5-R043	MATCHED				weeklySold 数値(整数) 週間販売数		src/Eccube/Service/App/Popup/PopupResponseBuilder.php:41		週間販売数を weeklySold として返している（src/Eccube/Service/App/Popup/PopupResponseBuilder.php:41）。値の取得元はsrc/Eccube/Repository/ProductRepository.php:2522-2542。	画像0枚（images/ に sheet-5 の図は無い）。レイアウト図を持たないAPI仕様シートのため、判定は本文のみを根拠にした。	high	
sheet-5-R044	MATCHED				productUrl 文字型 商品詳細URL		src/Eccube/Service/App/Popup/PopupResponseBuilder.php:42		商品詳細ページのURLを productUrl として返している（src/Eccube/Service/App/Popup/PopupResponseBuilder.php:42）。値の取得元はsrc/Eccube/Repository/ProductRepository.php:2522-2542。	画像0枚（images/ に sheet-5 の図は無い）。レイアウト図を持たないAPI仕様シートのため、判定は本文のみを根拠にした。	high	
sheet-5-R045	OUT_OF_SCOPE								「レスポンスデータサンプル」は見出しのみ。	画像0枚（images/ に sheet-5 の図は無い）。レイアウト図を持たないAPI仕様シートのため、判定は本文のみを根拠にした。	high	
sheet-5-R046	OUT_OF_SCOPE								JSONサンプルの構造記号だけの行。	画像0枚（images/ に sheet-5 の図は無い）。レイアウト図を持たないAPI仕様シートのため、判定は本文のみを根拠にした。	high	
sheet-5-R047	MATCHED				"""productId"": 14357,"		src/Eccube/Service/App/Popup/PopupResponseBuilder.php:30		サンプルと同じ項目 productId が同じ意味で応答に含まれる（src/Eccube/Service/App/Popup/PopupResponseBuilder.php:30）。	画像0枚（images/ に sheet-5 の図は無い）。レイアウト図を持たないAPI仕様シートのため、判定は本文のみを根拠にした。	high	
sheet-5-R048	MATCHED				"""name"": ""《生真面目な補充兵/Solemn Recruit》[AER] 白R"","		src/Eccube/Service/App/Popup/PopupResponseBuilder.php:31		サンプルと同じ項目 name が同じ意味で応答に含まれる（src/Eccube/Service/App/Popup/PopupResponseBuilder.php:31）。	画像0枚（images/ に sheet-5 の図は無い）。レイアウト図を持たないAPI仕様シートのため、判定は本文のみを根拠にした。	high	
sheet-5-R049	MATCHED				"""productClassId"": 106105,"		src/Eccube/Service/App/Popup/PopupResponseBuilder.php:32		サンプルと同じ項目 productClassId が同じ意味で応答に含まれる（src/Eccube/Service/App/Popup/PopupResponseBuilder.php:32）。	画像0枚（images/ に sheet-5 の図は無い）。レイアウト図を持たないAPI仕様シートのため、判定は本文のみを根拠にした。	high	
sheet-5-R050	MATCHED				"""price01"": null,"		src/Eccube/Service/App/Popup/PopupResponseBuilder.php:33		サンプルと同じ項目 price01（値が無ければnull） が同じ意味で応答に含まれる（src/Eccube/Service/App/Popup/PopupResponseBuilder.php:33）。	画像0枚（images/ に sheet-5 の図は無い）。レイアウト図を持たないAPI仕様シートのため、判定は本文のみを根拠にした。	high	
sheet-5-R051	MATCHED				"""price02"": ""50"","		src/Eccube/Service/App/Popup/PopupResponseBuilder.php:34		サンプルと同じ項目 price02 が同じ意味で応答に含まれる（src/Eccube/Service/App/Popup/PopupResponseBuilder.php:34）。なおサンプルは数値を引用符付きで書いているが、同シートのレスポンスデータ表の型は数値(整数)であり、実装は数値で返す。型の定義に従っているため乖離とは扱わない。	画像0枚（images/ に sheet-5 の図は無い）。レイアウト図を持たないAPI仕様シートのため、判定は本文のみを根拠にした。	med	
sheet-5-R052	MATCHED				"""stock"": ""17"","		src/Eccube/Service/App/Popup/PopupResponseBuilder.php:35		サンプルと同じ項目 stock が同じ意味で応答に含まれる（src/Eccube/Service/App/Popup/PopupResponseBuilder.php:35）。なおサンプルは数値を引用符付きで書いているが、同シートのレスポンスデータ表の型は数値(整数)であり、実装は数値で返す。型の定義に従っているため乖離とは扱わない。	画像0枚（images/ に sheet-5 の図は無い）。レイアウト図を持たないAPI仕様シートのため、判定は本文のみを根拠にした。	med	
sheet-5-R053	MATCHED				"""nameEn"": ""《Solemn Recruit》 [AER]"","		src/Eccube/Service/App/Popup/PopupResponseBuilder.php:36		サンプルと同じ項目 nameEn が同じ意味で応答に含まれる（src/Eccube/Service/App/Popup/PopupResponseBuilder.php:36）。	画像0枚（images/ に sheet-5 の図は無い）。レイアウト図を持たないAPI仕様シートのため、判定は本文のみを根拠にした。	high	
sheet-5-R054	MATCHED				"""subFileName"": ""img/goods/L/AER/jp/22_jpn.jpg"","		src/Eccube/Service/App/Popup/PopupResponseBuilder.php:37		サンプルと同じ項目 subFileName が同じ意味で応答に含まれる（src/Eccube/Service/App/Popup/PopupResponseBuilder.php:37）。	画像0枚（images/ に sheet-5 の図は無い）。レイアウト図を持たないAPI仕様シートのため、判定は本文のみを根拠にした。	high	
sheet-5-R055	MATCHED				"""fileName"": ""img/goods/L/AER/jp/22_jpn.jpg"","		src/Eccube/Service/App/Popup/PopupResponseBuilder.php:38		サンプルと同じ項目 fileName が同じ意味で応答に含まれる（src/Eccube/Service/App/Popup/PopupResponseBuilder.php:38）。	画像0枚（images/ に sheet-5 の図は無い）。レイアウト図を持たないAPI仕様シートのため、判定は本文のみを根拠にした。	high	
sheet-5-R056	MATCHED				"""code"": ""JP"","		src/Eccube/Service/App/Popup/PopupResponseBuilder.php:39		サンプルと同じ項目 code（JP/EN） が同じ意味で応答に含まれる（src/Eccube/Service/App/Popup/PopupResponseBuilder.php:39）。	画像0枚（images/ に sheet-5 の図は無い）。レイアウト図を持たないAPI仕様シートのため、判定は本文のみを根拠にした。	high	
sheet-5-R057	MATCHED				"""conditionCode"": ""NM"","		src/Eccube/Service/App/Popup/PopupResponseBuilder.php:40		サンプルと同じ項目 conditionCode が同じ意味で応答に含まれる（src/Eccube/Service/App/Popup/PopupResponseBuilder.php:40）。	画像0枚（images/ に sheet-5 の図は無い）。レイアウト図を持たないAPI仕様シートのため、判定は本文のみを根拠にした。	high	
sheet-5-R058	MATCHED				"""beltUrl"": null,"		src/Eccube/Service/App/Popup/PopupResponseBuilder.php:46		サンプルと同じ項目 beltUrl（値が無ければnull） が同じ意味で応答に含まれる（src/Eccube/Service/App/Popup/PopupResponseBuilder.php:46）。	画像0枚（images/ に sheet-5 の図は無い）。レイアウト図を持たないAPI仕様シートのため、判定は本文のみを根拠にした。	high	
sheet-5-R059	MATCHED				"""weeklySold"": ""1"","		src/Eccube/Service/App/Popup/PopupResponseBuilder.php:41		サンプルと同じ項目 weeklySold が同じ意味で応答に含まれる（src/Eccube/Service/App/Popup/PopupResponseBuilder.php:41）。なおサンプルは数値を引用符付きで書いているが、同シートのレスポンスデータ表の型は数値(整数)であり、実装は数値で返す。型の定義に従っているため乖離とは扱わない。	画像0枚（images/ に sheet-5 の図は無い）。レイアウト図を持たないAPI仕様シートのため、判定は本文のみを根拠にした。	med	
sheet-5-R060	MATCHED				"""productUrl"": ""https://www.hareruyamtg.com/ja/products/detail/14357"""		src/Eccube/Service/App/Popup/PopupResponseBuilder.php:42		サンプルと同じ項目 productUrl（商品詳細の絶対URL） が同じ意味で応答に含まれる（src/Eccube/Service/App/Popup/PopupResponseBuilder.php:42）。	画像0枚（images/ に sheet-5 の図は無い）。レイアウト図を持たないAPI仕様シートのため、判定は本文のみを根拠にした。	high	
sheet-5-R061	OUT_OF_SCOPE								JSONサンプルの構造記号だけの行。	画像0枚（images/ に sheet-5 の図は無い）。レイアウト図を持たないAPI仕様シートのため、判定は本文のみを根拠にした。	high	
sheet-5-R062	OUT_OF_SCOPE								現行仕様セクションの見出し（機能No・機能名の再掲）。	画像0枚（images/ に sheet-5 の図は無い）。レイアウト図を持たないAPI仕様シートのため、判定は本文のみを根拠にした。	high	
sheet-5-R063	OUT_OF_SCOPE								「取得対象の絞り込みと優先順位」は見出しのみ。	画像0枚（images/ に sheet-5 の図は無い）。レイアウト図を持たないAPI仕様シートのため、判定は本文のみを根拠にした。	high	
sheet-5-R064	MATCHED				パスの旧商品IDは、カードの旧商品IDと旧英語商品IDのどちらか一方に一致すれば対象とする。		src/Eccube/Repository/ProductRepository.php:2555		旧商品IDと旧英語商品IDのいずれかに一致すれば対象にしている（src/Eccube/Repository/ProductRepository.php:2555）。	画像0枚（images/ に sheet-5 の図は無い）。レイアウト図を持たないAPI仕様シートのため、判定は本文のみを根拠にした。	high	
sheet-5-R065	MATCHED				対象にするのは、削除済みでない商品・削除済みでない商品規格で、かつ公開状態の商品だけである。		src/Eccube/Repository/ProductRepository.php:2544;src/Eccube/Repository/ProductRepository.php:2556		削除済みでない商品規格のみ（src/Eccube/Repository/ProductRepository.php:2544 pc.visible）、公開状態の商品のみ（src/Eccube/Repository/ProductRepository.php:2556 product_status_id=公開）を対象にしている。商品側の削除は eeでは削除フラグを持たず商品行そのものが消えるため（src/Eccube/Entity/Product.php に del_flg/visible 相当の列が無い）、条件として現れないのは想定どおり。	画像0枚（images/ に sheet-5 の図は無い）。レイアウト図を持たないAPI仕様シートのため、判定は本文のみを根拠にした。	med	
sheet-5-R066	MATCHED				条件に合う商品が複数あるときは、次の優先順に並べて先頭の1件だけを返す。		src/Eccube/Repository/ProductRepository.php:2557-2568		多段の並べ替えを行い先頭1件だけを返している（src/Eccube/Repository/ProductRepository.php:2557-2568 LIMIT 1）。	画像0枚（images/ に sheet-5 の図は無い）。レイアウト図を持たないAPI仕様シートのため、判定は本文のみを根拠にした。	high	
sheet-5-R067	MATCHED				特殊カードセットでないもの		src/Eccube/Repository/ProductRepository.php:2558		特殊カードセットでないものを先に並べている（src/Eccube/Repository/ProductRepository.php:2558）。	画像0枚（images/ に sheet-5 の図は無い）。レイアウト図を持たないAPI仕様シートのため、判定は本文のみを根拠にした。	high	
sheet-5-R068	MATCHED				プロモーションでないもの		src/Eccube/Repository/ProductRepository.php:2559		プロモーションでないものを先に並べている（src/Eccube/Repository/ProductRepository.php:2559）。	画像0枚（images/ に sheet-5 の図は無い）。レイアウト図を持たないAPI仕様シートのため、判定は本文のみを根拠にした。	high	
sheet-5-R069	MATCHED				カードセットのリリース日が新しいもの		src/Eccube/Repository/ProductRepository.php:2560		カードセットのリリース日の新しい順に並べている（src/Eccube/Repository/ProductRepository.php:2560、未設定は最後に回る）。	画像0枚（images/ に sheet-5 の図は無い）。レイアウト図を持たないAPI仕様シートのため、判定は本文のみを根拠にした。	high	
sheet-5-R070	MATCHED				Foilでないもの		src/Eccube/Repository/ProductRepository.php:2561		非フォイルを先に並べている（src/Eccube/Repository/ProductRepository.php:2561 foil_flg 昇順）。	画像0枚（images/ に sheet-5 の図は無い）。レイアウト図を持たないAPI仕様シートのため、判定は本文のみを根拠にした。	high	
sheet-5-R071	MATCHED				パスの言語コードと一致する言語のもの		src/Eccube/Repository/ProductRepository.php:2563		パスの言語コードと一致する言語のものを先に並べている（src/Eccube/Repository/ProductRepository.php:2563）。	画像0枚（images/ に sheet-5 の図は無い）。レイアウト図を持たないAPI仕様シートのため、判定は本文のみを根拠にした。	high	
sheet-5-R072	MATCHED				パスの言語コードに対応する画像優先度を持つ画像のもの		src/Eccube/Repository/ProductRepository.php:2519;src/Eccube/Repository/ProductRepository.php:2565		パスの言語コードに対応する画像優先度（日本語は2、英語は1）を持つ画像を先に並べている（src/Eccube/Repository/ProductRepository.php:2519 で優先度を決め src/Eccube/Repository/ProductRepository.php:2565 で並べている）。	画像0枚（images/ に sheet-5 の図は無い）。レイアウト図を持たないAPI仕様シートのため、判定は本文のみを根拠にした。	high	
sheet-5-R073	OUT_OF_SCOPE								「販売数の集計」は見出しのみ。	画像0枚（images/ に sheet-5 の図は無い）。レイアウト図を持たないAPI仕様シートのため、判定は本文のみを根拠にした。	high	
sheet-5-R074	MATCHED				週間販売数は、返す商品とパスの言語コードに紐づく商品規格の販売数を合計した値である。商品規格が複数あるときは合算する。		src/Eccube/Repository/ProductRepository.php:2534-2542		返す商品に属し、パスの言語コードを持つ商品規格の週間販売数を合計して weeklySold として返している（src/Eccube/Repository/ProductRepository.php:2534-2542、src/Eccube/Service/App/Popup/PopupResponseBuilder.php:41）。商品規格が複数あれば合算される。	画像0枚（images/ に sheet-5 の図は無い）。レイアウト図を持たないAPI仕様シートのため、判定は本文のみを根拠にした。	high	
sheet-5-R075	OUT_OF_SCOPE								「金額・在庫数の加工」は見出しのみ。	画像0枚（images/ に sheet-5 の図は無い）。レイアウト図を持たないAPI仕様シートのため、判定は本文のみを根拠にした。	high	
sheet-5-R076	MATCHED				金額・在庫数の再計算や丸めは行わず、保持している値をそのまま返す。		src/Eccube/Service/App/Popup/PopupResponseBuilder.php:33-35		販売価格・在庫数は取得した値をそのまま応答に入れており、再計算も丸めもしていない（src/Eccube/Service/App/Popup/PopupResponseBuilder.php:33-35、取得元は src/Eccube/Repository/ProductRepository.php:2527-2529）。	画像0枚（images/ に sheet-5 の図は無い）。レイアウト図を持たないAPI仕様シートのため、判定は本文のみを根拠にした。	high	
sheet-5-R077	OUT_OF_SCOPE								「出力: 該当データが無いときの応答本文」は見出しのみ。	画像0枚（images/ に sheet-5 の図は無い）。レイアウト図を持たないAPI仕様シートのため、判定は本文のみを根拠にした。	high	
sheet-5-R078	DRIFT	P3	実装違い	IO	該当する商品が無いときの応答本文は、コードとメッセージ「Not Found」の2項目を持つ。	該当が無いときの応答本文は、コードとメッセージの2項目だけを持ち、メッセージとして Not Found を返す。	src/Eccube/Controller/App/ProductController.php:384-388、src/Eccube/EventListener/ExceptionListener.php:140-143	該当なしのときの応答本文は code と errors の2項目で、Not Found は errors の配列要素として返る（src/Eccube/Controller/App/ProductController.php:384-388、共通の整形も同じ形 src/Eccube/EventListener/ExceptionListener.php:140-143）。メッセージ単体の項目は存在しない。	2項目である点と Not Found という文言そのものは設計どおりだが、メッセージが単一項目ではなく配列項目として返るため、受け取り側が読む項目が設計と異なる。A02-02（sheet-4）の該当なし応答と同じ実装欠陥。tests/Eccube/Tests/Web/App/ProductControllerTest.php:453-454 が旧商品ID指定の404で code と errors（配列）が返ることを示している。	画像0枚（images/ に sheet-5 の図は無い）。レイアウト図を持たないAPI仕様シートのため、判定は本文のみを根拠にした。	med	ProductController-popup-notfound-body-uses-errors-array
sheet-5-R079	OUT_OF_SCOPE								本APIは画面メッセージを扱わない、という要求が無いことの宣言。実装対象の要求ではない。	画像0枚（images/ に sheet-5 の図は無い）。レイアウト図を持たないAPI仕様シートのため、判定は本文のみを根拠にした。	high	
sheet-6-R001	MATCHED				GET POST PUT DELETE PATCH OPTIONS HEAD 有 無 〇		src/Eccube/Controller/App/ProductController.php:317-318	旧商品IDによるポップアップ用カード情報取得はGETのみ受け付け、認証を要求しない	src/Eccube/Controller/App/ProductController.php:317-318 がGETのみ許可。未ログインでも応答する（tests/Eccube/Tests/Web/App/ProductControllerTest.php:489 が未認証で200を確認）	画像0枚（本シートにレイアウト図なし）。文言はシート本文のみで確認	high	
sheet-6-R002	OUT_OF_SCOPE				エンドポイントURL				項目の見出し行であり、値はこの下の行に書かれている	画像0枚（本シートにレイアウト図なし）。文言はシート本文のみで確認	high	
sheet-6-R003	MATCHED				/popup/old/{旧商品ID}.json		src/Eccube/Controller/App/ProductController.php:318	/popup/old/{旧商品ID}.json でカード情報を取得できる	src/Eccube/Controller/App/ProductController.php:318 が .json 付きの形を受ける。tests/Eccube/Tests/Web/App/ProductControllerTest.php:526 が /popup/old/<旧商品ID>.json で200を確認	画像0枚（本シートにレイアウト図なし）。文言はシート本文のみで確認	high	
sheet-6-R004	MATCHED				/popup/old/{旧商品ID}		src/Eccube/Controller/App/ProductController.php:317	/popup/old/{旧商品ID} でカード情報を取得できる	src/Eccube/Controller/App/ProductController.php:317 が .json 無しの形を受ける。tests/Eccube/Tests/Web/App/ProductControllerTest.php:489 が /popup/old/<旧商品ID> で200を確認	画像0枚（本シートにレイアウト図なし）。文言はシート本文のみで確認	high	
sheet-6-R005	MATCHED				プロトコル HTTP メソッド GET 認証の有無 無 認証方式 無 リクエスト書式 クエリ レスポンス書式 JSON		src/Eccube/Controller/App/ProductController.php:317-318;src/Eccube/Controller/App/ProductController.php:334	HTTPのGETで受け付け、認証なしでJSONを返す	src/Eccube/Controller/App/ProductController.php:317-318 でGET限定、src/Eccube/Controller/App/ProductController.php:334 でJSONを返す。認証は課しておらず tests/Eccube/Tests/Web/App/ProductControllerTest.php:489 が未認証で200を得ている	画像0枚（本シートにレイアウト図なし）。文言はシート本文のみで確認	high	
sheet-6-R006	MATCHED				通販・記事画面のカード画像にマウスを置いたときにJava Scriptから呼び出され、商品情報および商品ページへのリンクのポップアップを表示する。		src/Eccube/Controller/App/ProductController.php:322-334;src/Eccube/Service/App/Popup/PopupResponseBuilder.php:42	旧商品IDから商品情報と商品ページへのリンクを1件JSONで返す	src/Eccube/Controller/App/ProductController.php:322-334 が商品情報1件を返し、src/Eccube/Service/App/Popup/PopupResponseBuilder.php:42 が商品ページのURLを productUrl として含める。画面側のマウス操作契機の表示は呼び出し元の担当で、API側の出力要求は満たしている	画像0枚（本シートにレイアウト図なし）。文言はシート本文のみで確認	high	
sheet-6-R007	MATCHED				・旧商品IDを元に商品ページURLを含む商品情報をJSON出力する。		src/Eccube/Controller/App/ProductController.php:322-334	旧商品IDから商品を1件引き当て、商品詳細URLを含む商品情報をJSONで返す	src/Eccube/Controller/App/ProductController.php:322 で旧商品IDから1件取得し、src/Eccube/Controller/App/ProductController.php:328-332 で商品詳細URLを作って src/Eccube/Controller/App/ProductController.php:334 でJSONを返す	画像0枚（本シートにレイアウト図なし）。文言はシート本文のみで確認	high	
sheet-6-R008	OUT_OF_SCOPE				・カード画像にマウスを置いた際に、AJAX(Javascript)を使用しEC-CUBE側のAPIへアクセスが行われ				呼び出し元画面のマウス操作とAJAXによる呼び出し方の説明であり、本シートのAPI応答の要求ではない。ee側にはポップアップ用のCSSとJS無効時のフォールバック遷移（src/Eccube/Controller/Front/GoodsApiController.php:40）があり、画面側JSは画面設計書の範囲	画像0枚（本シートにレイアウト図なし）。文言はシート本文のみで確認	med	
sheet-6-R009	OUT_OF_SCOPE				EC-CUBEサーバを経由して間接的にAPIサーバにアクセスする				現行の2層構成（EC-CUBEサーバとAPIサーバ）という通信の経路説明であり、実装手段の差として対象外。リニューアル後はEC-CUBE自身が応答する	画像0枚（本シートにレイアウト図なし）。文言はシート本文のみで確認	high	
sheet-6-R010	OUT_OF_SCOPE				(外部からAPIサーバに直接アクセスはできない)				現行のネットワーク構成に関する前置きであり、応答にも画面にも現れない。実装手段の差として対象外	画像0枚（本シートにレイアウト図なし）。文言はシート本文のみで確認	high	
sheet-6-R011	OUT_OF_SCOPE				・EC-CUBE側通信URL例				例示の見出し行であり、値はこの下の行に書かれている	画像0枚（本シートにレイアウト図なし）。文言はシート本文のみで確認	high	
sheet-6-R012	OUT_OF_SCOPE				https://www.hareruyamtg.com/ja/goods_api/get_goods?goods=AER000022JN				現行のEC-CUBE側中継URLの例示。リニューアル後の受け口はsheet-6-R003/R004の /popup/old/{旧商品ID} であり、後者が優先される	画像0枚（本シートにレイアウト図なし）。文言はシート本文のみで確認	high	
sheet-6-R013	OUT_OF_SCOPE				※ langはEC-CUBEサーバURLではjpで表記する(EC-CUBEサーバ→APIサーバ通信時にjaに差し替えられる)				現行の中継URLでの言語表記の読み替え説明。本機能は言語を受け取らない（リクエストパラメータは旧商品IDのみ）ため現行側の記述は対象外	画像0枚（本シートにレイアウト図なし）。文言はシート本文のみで確認	high	
sheet-6-R014	OUT_OF_SCOPE				リクエストパラメータ				表の見出し行	画像0枚（本シートにレイアウト図なし）。文言はシート本文のみで確認	high	
sheet-6-R015	OUT_OF_SCOPE				項目名 型 必須 最大文字数				表のヘッダ行	画像0枚（本シートにレイアウト図なし）。文言はシート本文のみで確認	high	
sheet-6-R016	OUT_OF_SCOPE				または最大値 入力例 備考				表のヘッダ行の続き	画像0枚（本シートにレイアウト図なし）。文言はシート本文のみで確認	high	
sheet-6-R017	MATCHED				旧商品ID 文字型 〇 AER000022JN		src/Eccube/Controller/App/ProductController.php:317-319	旧商品IDを必須の文字列として受け取る	src/Eccube/Controller/App/ProductController.php:317-319 が旧商品IDを必須の文字列として受け取る（tests/Eccube/Tests/Web/App/ProductControllerTest.php:485-489 が AER形式の値で200を確認）	画像0枚（本シートにレイアウト図なし）。文言はシート本文のみで確認	high	
sheet-6-R018	OUT_OF_SCOPE				リクエストパラメータサンプル				例示の見出し行	画像0枚（本シートにレイアウト図なし）。文言はシート本文のみで確認	high	
sheet-6-R019	DESIGN_ISSUE				/api/popup/old/AER000022JN				同シートのエンドポイントURL欄は /popup/old/{旧商品ID} と /popup/old/{旧商品ID}.json の2つを掲げているのに、リクエストパラメータサンプルは /api/ を付けた形になっており、正本の中で受け口が食い違っている。実装（src/Eccube/Controller/App/ProductController.php:317-318）はエンドポイントURL欄と同じ /popup/old/ 側で受けており、/api/popup/old/ は存在しない（/api/popup 配下は src/Eccube/Controller/App/ProductController.php:150 の商品ID指定と src/Eccube/Controller/App/ProductController.php:265 のカードID指定のみ）。どちらが正かは設計裁定が必要。	画像0枚（本シートにレイアウト図なし）。文言はシート本文のみで確認	high	ProductController.php-popup-old-sample-path-mismatch
sheet-6-R020	OUT_OF_SCOPE				または				サンプルを2つ並べるための接続語のみの行	画像0枚（本シートにレイアウト図なし）。文言はシート本文のみで確認	high	
sheet-6-R021	DESIGN_ISSUE				/api/popup/old/AER000022JN.json				エンドポイントURL欄の /popup/old/{旧商品ID}.json に対し、サンプルは /api/ を付けた形で書かれており正本内で食い違う。実装（src/Eccube/Controller/App/ProductController.php:318）はエンドポイントURL欄と同じ形で受ける。sheet-6-R019と同一の矛盾。	画像0枚（本シートにレイアウト図なし）。文言はシート本文のみで確認	high	ProductController.php-popup-old-sample-path-mismatch
sheet-6-R022	OUT_OF_SCOPE				ステータスコード				表の見出し行	画像0枚（本シートにレイアウト図なし）。文言はシート本文のみで確認	high	
sheet-6-R023	OUT_OF_SCOPE				コード 説明				表のヘッダ行	画像0枚（本シートにレイアウト図なし）。文言はシート本文のみで確認	high	
sheet-6-R024	MATCHED				200 正常		src/Eccube/Controller/App/ProductController.php:334	正常時は200でカード情報を返す	src/Eccube/Controller/App/ProductController.php:334 が200で応答する（tests/Eccube/Tests/Web/App/ProductControllerTest.php:491 が200を確認）	画像0枚（本シートにレイアウト図なし）。文言はシート本文のみで確認	high	
sheet-6-R025	MATCHED				404 該当データがない場合		src/Eccube/Controller/App/ProductController.php:323-324;src/Eccube/Controller/App/ProductController.php:335-339	該当データが無いときは404を返す	src/Eccube/Controller/App/ProductController.php:323-324 で該当なしを検出し、src/Eccube/Controller/App/ProductController.php:335-339 が404で応答する（tests/Eccube/Tests/Web/App/ProductControllerTest.php:545 が404を確認）	画像0枚（本シートにレイアウト図なし）。文言はシート本文のみで確認	high	
sheet-6-R026	OUT_OF_SCOPE				レスポンスデータ				表の見出し行	画像0枚（本シートにレイアウト図なし）。文言はシート本文のみで確認	high	
sheet-6-R027	OUT_OF_SCOPE				名前 型 説明				表のヘッダ行	画像0枚（本シートにレイアウト図なし）。文言はシート本文のみで確認	high	
sheet-6-R028	MATCHED				productId 数値(整数) 商品ID		src/Eccube/Service/App/Popup/PopupResponseBuilder.php:30	商品IDを整数で productId として返す	src/Eccube/Service/App/Popup/PopupResponseBuilder.php:30 が当該項目を応答に含めている。tests/Eccube/Tests/Web/App/ProductControllerTest.php:494-509 が同名の項目の存在を確認	画像0枚（本シートにレイアウト図なし）。文言はシート本文のみで確認	high	
sheet-6-R029	MATCHED				name 文字型 商品名		src/Eccube/Service/App/Popup/PopupResponseBuilder.php:31	商品名を name として返す	src/Eccube/Service/App/Popup/PopupResponseBuilder.php:31 が当該項目を応答に含めている。tests/Eccube/Tests/Web/App/ProductControllerTest.php:494-509 が同名の項目の存在を確認	画像0枚（本シートにレイアウト図なし）。文言はシート本文のみで確認	high	
sheet-6-R030	MATCHED				productClassId 数値(整数) 商品規格ID		src/Eccube/Service/App/Popup/PopupResponseBuilder.php:32	商品規格IDを整数で productClassId として返す	src/Eccube/Service/App/Popup/PopupResponseBuilder.php:32 が当該項目を応答に含めている。tests/Eccube/Tests/Web/App/ProductControllerTest.php:494-509 が同名の項目の存在を確認	画像0枚（本シートにレイアウト図なし）。文言はシート本文のみで確認	high	
sheet-6-R031	MATCHED				price01 数値(整数) (未使用)		src/Eccube/Service/App/Popup/PopupResponseBuilder.php:33	未使用の price01 を応答に含める	src/Eccube/Service/App/Popup/PopupResponseBuilder.php:33 が当該項目を応答に含めている。tests/Eccube/Tests/Web/App/ProductControllerTest.php:494-509 が同名の項目の存在を確認	画像0枚（本シートにレイアウト図なし）。文言はシート本文のみで確認	high	
sheet-6-R032	MATCHED				price02 数値(整数) 販売価格		src/Eccube/Service/App/Popup/PopupResponseBuilder.php:34	販売価格を price02 として返す	src/Eccube/Service/App/Popup/PopupResponseBuilder.php:34 が当該項目を応答に含めている。tests/Eccube/Tests/Web/App/ProductControllerTest.php:494-509 が同名の項目の存在を確認	画像0枚（本シートにレイアウト図なし）。文言はシート本文のみで確認	high	
sheet-6-R033	MATCHED				stock 数値(整数) 在庫数		src/Eccube/Service/App/Popup/PopupResponseBuilder.php:35	在庫数を整数で stock として返す	src/Eccube/Service/App/Popup/PopupResponseBuilder.php:35 が当該項目を応答に含めている。tests/Eccube/Tests/Web/App/ProductControllerTest.php:494-509 が同名の項目の存在を確認	画像0枚（本シートにレイアウト図なし）。文言はシート本文のみで確認	high	
sheet-6-R034	MATCHED				nameEn 文字型 商品名(英語)		src/Eccube/Service/App/Popup/PopupResponseBuilder.php:36	英語商品名を nameEn として返す	src/Eccube/Service/App/Popup/PopupResponseBuilder.php:36 が当該項目を応答に含めている。tests/Eccube/Tests/Web/App/ProductControllerTest.php:494-509 が同名の項目の存在を確認	画像0枚（本シートにレイアウト図なし）。文言はシート本文のみで確認	high	
sheet-6-R035	MATCHED				subFileName 文字型 サブ画像		src/Eccube/Service/App/Popup/PopupResponseBuilder.php:37	商品規格画像のファイル名を subFileName として返す	src/Eccube/Service/App/Popup/PopupResponseBuilder.php:37 が当該項目を応答に含めている。tests/Eccube/Tests/Web/App/ProductControllerTest.php:494-509 が同名の項目の存在を確認	画像0枚（本シートにレイアウト図なし）。文言はシート本文のみで確認	high	
sheet-6-R036	MATCHED				fileName 文字型 画像		src/Eccube/Service/App/Popup/PopupResponseBuilder.php:38	商品規格画像のファイル名を fileName として返す	src/Eccube/Service/App/Popup/PopupResponseBuilder.php:38 が当該項目を応答に含めている。tests/Eccube/Tests/Web/App/ProductControllerTest.php:494-509 が同名の項目の存在を確認	画像0枚（本シートにレイアウト図なし）。文言はシート本文のみで確認	high	
sheet-6-R037	MATCHED				code 文字型 言語コード		src/Eccube/Service/App/Popup/PopupResponseBuilder.php:39	言語コードを code として返す	src/Eccube/Service/App/Popup/PopupResponseBuilder.php:39 が当該項目を応答に含めている。tests/Eccube/Tests/Web/App/ProductControllerTest.php:494-509 が同名の項目の存在を確認	画像0枚（本シートにレイアウト図なし）。文言はシート本文のみで確認	high	
sheet-6-R038	MATCHED				conditionCode 文字型 状態		src/Eccube/Service/App/Popup/PopupResponseBuilder.php:40	カードの状態を conditionCode として返す	src/Eccube/Service/App/Popup/PopupResponseBuilder.php:40 が当該項目を応答に含めている。tests/Eccube/Tests/Web/App/ProductControllerTest.php:494-509 が同名の項目の存在を確認	画像0枚（本シートにレイアウト図なし）。文言はシート本文のみで確認	high	
sheet-6-R039	DESIGN_ISSUE				foilFlg 文字型 Foilフラグ				"レスポンスデータ表は foilFlg を掲げているが、同シートのレスポンスデータサンプルには foilFlg が無く、代わりに ""beltUrl"": null が並んでいる（表側には beltUrl の行が無い）。正本の中で応答項目が食い違っている。実装（src/Eccube/Service/App/Popup/PopupResponseBuilder.php:45-49）は旧商品ID指定の応答では beltUrl を含め foilFlg を含めず、サンプル側に従っている（tests/Eccube/Tests/Web/App/ProductControllerTest.php:505-506 が beltUrl あり・foilFlg なしを確認）。どちらが正かは設計裁定が必要。"	画像0枚（本シートにレイアウト図なし）。文言はシート本文のみで確認	high	PopupResponseBuilder.php-foilflg-vs-belturl-inconsistent
sheet-6-R040	MATCHED				weeklySold 数値(整数) 週間販売数		src/Eccube/Service/App/Popup/PopupResponseBuilder.php:41	週間販売数を整数で weeklySold として返す	src/Eccube/Service/App/Popup/PopupResponseBuilder.php:41 が当該項目を応答に含めている。tests/Eccube/Tests/Web/App/ProductControllerTest.php:494-509 が同名の項目の存在を確認	画像0枚（本シートにレイアウト図なし）。文言はシート本文のみで確認	high	
sheet-6-R041	MATCHED				productUrl 文字型 商品詳細URL		src/Eccube/Service/App/Popup/PopupResponseBuilder.php:42	商品詳細URLを productUrl として返す	src/Eccube/Service/App/Popup/PopupResponseBuilder.php:42 が当該項目を応答に含めている。tests/Eccube/Tests/Web/App/ProductControllerTest.php:494-509 が同名の項目の存在を確認	画像0枚（本シートにレイアウト図なし）。文言はシート本文のみで確認	high	
sheet-6-R042	OUT_OF_SCOPE				レスポンスデータサンプル				例示の見出し行	画像0枚（本シートにレイアウト図なし）。文言はシート本文のみで確認	high	
sheet-6-R043	OUT_OF_SCOPE				{				JSONサンプルの括弧のみの行で、ふるまいを述べていない	画像0枚（本シートにレイアウト図なし）。文言はシート本文のみで確認	high	
sheet-6-R044	MATCHED				"""productId"": 14357,"		src/Eccube/Service/App/Popup/PopupResponseBuilder.php:30	商品IDを整数で返す	src/Eccube/Service/App/Popup/PopupResponseBuilder.php:30 が当該値を応答に出力している	画像0枚（本シートにレイアウト図なし）。文言はシート本文のみで確認	high	
sheet-6-R045	MATCHED				"""name"": ""《生真面目な補充兵/Solemn Recruit》[AER] 白R"","		src/Eccube/Service/App/Popup/PopupResponseBuilder.php:31	商品名をそのまま返す	src/Eccube/Service/App/Popup/PopupResponseBuilder.php:31 が当該値を応答に出力している	画像0枚（本シートにレイアウト図なし）。文言はシート本文のみで確認	high	
sheet-6-R046	MATCHED				"""productClassId"": 106105,"		src/Eccube/Service/App/Popup/PopupResponseBuilder.php:32	商品規格IDを整数で返す	src/Eccube/Service/App/Popup/PopupResponseBuilder.php:32 が当該値を応答に出力している	画像0枚（本シートにレイアウト図なし）。文言はシート本文のみで確認	high	
sheet-6-R047	MATCHED				"""price01"": null,"		src/Eccube/Service/App/Popup/PopupResponseBuilder.php:33	未使用のためnullのまま返す（値の再計算はしない）	src/Eccube/Service/App/Popup/PopupResponseBuilder.php:33 が当該値を応答に出力している	画像0枚（本シートにレイアウト図なし）。文言はシート本文のみで確認	high	
sheet-6-R048	MATCHED				"""price02"": ""50"","		src/Eccube/Service/App/Popup/PopupResponseBuilder.php:34	販売価格を保持値のまま返す。JSONでは数値で出力する	src/Eccube/Service/App/Popup/PopupResponseBuilder.php:34 が当該値を応答に出力している。サンプルは現行の出力をそのまま写した引用符付き表記だが、同シートのレスポンスデータ表は当該項目を数値(整数)と定めており、実装は表の型に従っている	画像0枚（本シートにレイアウト図なし）。文言はシート本文のみで確認	high	
sheet-6-R049	MATCHED				"""stock"": ""17"","		src/Eccube/Service/App/Popup/PopupResponseBuilder.php:35	在庫数を保持値のまま返す。JSONでは数値で出力する	src/Eccube/Service/App/Popup/PopupResponseBuilder.php:35 が当該値を応答に出力している。サンプルは現行の出力をそのまま写した引用符付き表記だが、同シートのレスポンスデータ表は当該項目を数値(整数)と定めており、実装は表の型に従っている	画像0枚（本シートにレイアウト図なし）。文言はシート本文のみで確認	high	
sheet-6-R050	MATCHED				"""nameEn"": ""《Solemn Recruit》 [AER]"","		src/Eccube/Service/App/Popup/PopupResponseBuilder.php:36	英語商品名をそのまま返す	src/Eccube/Service/App/Popup/PopupResponseBuilder.php:36 が当該値を応答に出力している	画像0枚（本シートにレイアウト図なし）。文言はシート本文のみで確認	high	
sheet-6-R051	MATCHED				"""subFileName"": ""img/goods/L/AER/jp/22_jpn.jpg"","		src/Eccube/Service/App/Popup/PopupResponseBuilder.php:37	商品規格画像のファイル名を返す	src/Eccube/Service/App/Popup/PopupResponseBuilder.php:37 が当該値を応答に出力している	画像0枚（本シートにレイアウト図なし）。文言はシート本文のみで確認	high	
sheet-6-R052	MATCHED				"""fileName"": ""img/goods/L/AER/jp/22_jpn.jpg"","		src/Eccube/Service/App/Popup/PopupResponseBuilder.php:38	商品規格画像のファイル名を返す	src/Eccube/Service/App/Popup/PopupResponseBuilder.php:38 が当該値を応答に出力している	画像0枚（本シートにレイアウト図なし）。文言はシート本文のみで確認	high	
sheet-6-R053	MATCHED				"""code"": ""JP"","		src/Eccube/Repository/ProductRepository.php:2619	言語コードをJP/ENで返す（旧商品IDが日本語側の値ならJP）	src/Eccube/Repository/ProductRepository.php:2619 が当該値を応答に出力している	画像0枚（本シートにレイアウト図なし）。文言はシート本文のみで確認	high	
sheet-6-R054	MATCHED				"""conditionCode"": ""NM"","		src/Eccube/Repository/ProductRepository.php:2620	状態コードを返す（商品規格の備考があればそれを優先）	src/Eccube/Repository/ProductRepository.php:2620 が当該値を応答に出力している	画像0枚（本シートにレイアウト図なし）。文言はシート本文のみで確認	high	
sheet-6-R055	MATCHED				"""beltUrl"": null,"		src/Eccube/Service/App/Popup/PopupResponseBuilder.php:46	帯のURLを beltUrl として返し、無いときはnullになる	src/Eccube/Service/App/Popup/PopupResponseBuilder.php:46 が当該値を応答に出力している。tests/Eccube/Tests/Web/App/ProductControllerTest.php:505 が beltUrl の存在を確認	画像0枚（本シートにレイアウト図なし）。文言はシート本文のみで確認	high	
sheet-6-R056	MATCHED				"""weeklySold"": ""1"","		src/Eccube/Service/App/Popup/PopupResponseBuilder.php:41	週間販売数を返す。JSONでは数値で出力する	src/Eccube/Service/App/Popup/PopupResponseBuilder.php:41 が当該値を応答に出力している。サンプルは現行の出力をそのまま写した引用符付き表記だが、同シートのレスポンスデータ表は当該項目を数値(整数)と定めており、実装は表の型に従っている	画像0枚（本シートにレイアウト図なし）。文言はシート本文のみで確認	high	
sheet-6-R057	MATCHED				"""productUrl"": ""https://www.hareruyamtg.com/ja/products/detail/14357"""		src/Eccube/Controller/App/ProductController.php:328-332	商品詳細ページの絶対URLを返す	src/Eccube/Controller/App/ProductController.php:328-332 が当該値を応答に出力している。tests/Eccube/Tests/Web/App/ProductControllerTest.php:509 が商品詳細URLを含むことを確認	画像0枚（本シートにレイアウト図なし）。文言はシート本文のみで確認	high	
sheet-6-R058	OUT_OF_SCOPE				}				JSONサンプルの括弧のみの行で、ふるまいを述べていない	画像0枚（本シートにレイアウト図なし）。文言はシート本文のみで確認	high	
sheet-6-R059	OUT_OF_SCOPE				A02-04 ポップアップ用カード情報取得（旧商品ID） / API 商品管理 — ポップアップ用カード情報取得（旧商品ID）				現行仕様節の機能名見出し	画像0枚（本シートにレイアウト図なし）。文言はシート本文のみで確認	high	
sheet-6-R060	OUT_OF_SCOPE				対象カードの引き当て				現行仕様節の小見出し	画像0枚（本シートにレイアウト図なし）。文言はシート本文のみで確認	high	
sheet-6-R061	MATCHED				旧商品IDは、カードに登録された旧商品IDと旧英語商品IDの両方と突き合わせ、どちらか一方に一致すれば対象とする。対象になるのは、削除済みでない商品と削除済みでない商品規格に限る。		src/Eccube/Repository/ProductRepository.php:2644;src/Eccube/Repository/ProductRepository.php:2633	旧商品IDは旧商品IDと旧英語商品IDの双方と突き合わせ、どちらかに一致すれば対象とする。削除済みでない商品規格に限る	src/Eccube/Repository/ProductRepository.php:2644 が旧商品IDと旧英語商品IDのどちらかの一致を条件にしている。src/Eccube/Repository/ProductRepository.php:2633 が有効な商品規格に限定し、ee側の商品は物理削除のため削除済み商品は元々取得されない	画像0枚（本シートにレイアウト図なし）。文言はシート本文のみで確認	high	
sheet-6-R062	DRIFT	P2	実装違い	ふるまい	カードとの対応を持たない商品、および商品画像を1件も持たない商品は、旧商品IDが一致しても該当なしとして扱う。	商品画像を1件も持たない商品は、旧商品IDが一致しても該当なしとして扱い、商品情報を返さずNot Foundで終わる。	src/Eccube/Repository/ProductRepository.php:2639-2640;src/Eccube/Controller/App/ProductController.php:323-324	src/Eccube/Repository/ProductRepository.php:2639-2640 は商品画像を任意の付随情報として取得しており、画像が1件も無い商品も結果に含まれる。そのため画像を持たない商品でも src/Eccube/Controller/App/ProductController.php:334 で200が返り、src/Eccube/Service/App/Popup/PopupResponseBuilder.php:37-38 の subFileName と fileName がnullの商品情報が応答される。該当なし（404）にはならない。	設計は画像を1件も持たない商品を該当なし扱いにすると定めている。カードとの対応が無い商品は src/Eccube/Repository/ProductRepository.php:2641-2642 で必須条件になっており除外されるが、画像の有無は条件になっていない（src/Eccube/Repository/ProductRepository.php:2639-2640）。実装では画像なしの商品が200で返るため、応答の有無が設計と食い違う。同シートには画像が無いときnullとする旨の記述は無い（画像null許容はsheet-3の商品ID指定側の記述）。	画像0枚（本シートにレイアウト図なし）。文言はシート本文のみで確認	high	ProductRepository.php-popup-old-image-not-required
sheet-6-R063	OUT_OF_SCOPE				複数一致したときの扱い				現行仕様節の小見出し	画像0枚（本シートにレイアウト図なし）。文言はシート本文のみで確認	high	
sheet-6-R064	MATCHED				旧商品IDが複数の商品規格に一致した場合でも、返すのは1件だけである。どの1件を返すかを決める優先順は定めておらず、一致したもののうち1件が返る。		src/Eccube/Repository/ProductRepository.php:2646-2653	旧商品IDが複数の商品規格に一致しても、返すのは1件だけである	src/Eccube/Repository/ProductRepository.php:2646-2653 が一致した中から1件だけを取得する。並び順は実装で定められているが、設計は優先順を定めていないため1件返る点で一致する	画像0枚（本シートにレイアウト図なし）。文言はシート本文のみで確認	high	
sheet-6-R065	OUT_OF_SCOPE				応答値の加工				現行仕様節の小見出し	画像0枚（本シートにレイアウト図なし）。文言はシート本文のみで確認	high	
sheet-6-R066	MATCHED				金額と在庫数の再計算や丸めは行わず、保持している値をそのまま返す。		src/Eccube/Service/App/Popup/PopupResponseBuilder.php:34-35	販売価格と在庫数は再計算や丸めをせず、保持している値をそのまま返す	src/Eccube/Service/App/Popup/PopupResponseBuilder.php:34-35 は取得した販売価格と在庫数をそのまま応答へ詰めており、計算や丸めをしていない	画像0枚（本シートにレイアウト図なし）。文言はシート本文のみで確認	high	
sheet-6-R067	OUT_OF_SCOPE				出力: 該当データが無いときの応答本文				入出力節の小見出し	画像0枚（本シートにレイアウト図なし）。文言はシート本文のみで確認	high	
sheet-6-R068	MATCHED				該当する商品が無いときの応答本文は、処理結果コードとメッセージ「Not Found」の2項目を持つ。		src/Eccube/Controller/App/ProductController.php:335-339;tests/Eccube/Tests/Web/App/ProductControllerTest.php:547-550	該当なしのときの応答本文は処理結果コードとメッセージ Not Found の2項目になる	src/Eccube/Controller/App/ProductController.php:335-339 が code と errors の2項目だけを返し、errors には src/Eccube/Exception/App/NotFoundException.php:30 のとおり Not Found が入る。tests/Eccube/Tests/Web/App/ProductControllerTest.php:547-550 が2項目とNot Foundを確認	画像0枚（本シートにレイアウト図なし）。文言はシート本文のみで確認	high	
sheet-6-R069	MATCHED				— API応答JSON Not Found 該当する商品規格が無いとき HTTP 404を返して終了する		src/Eccube/Controller/App/ProductController.php:323-324;src/Eccube/Controller/App/ProductController.php:335-339	該当する商品規格が無いときはメッセージ Not Found とともにHTTP 404を返して終わる	src/Eccube/Controller/App/ProductController.php:323-324 が Not Found を伴う該当なしとして処理を止め、src/Eccube/Controller/App/ProductController.php:335-339 が404で応答する（tests/Eccube/Tests/Web/App/ProductControllerTest.php:545-550 が404とNot Foundを確認）	画像0枚（本シートにレイアウト図なし）。文言はシート本文のみで確認	high	
sheet-7-R001	OUT_OF_SCOPE								処理概要のメソッド選択欄（GET/POST/…有/無/〇）の凡例行であり、それ自体は仕様を述べていない。選択内容の実体はR005で判定した（src/Eccube/Controller/App/ProductController.php:204）	画像0枚のシート。レイアウト図なし（本文のみで判定）	high	
sheet-7-R002	OUT_OF_SCOPE								「エンドポイントURL」という項目見出し行。仕様の内容は次行以降（R003/R004）で判定した（src/Eccube/Controller/App/ProductController.php:204-205）	画像0枚のシート。レイアウト図なし（本文のみで判定）	high	
sheet-7-R003	MATCHED								src/Eccube/Controller/App/ProductController.php:205 に .json 付きのパスがGETで受け付けられる定義があり、tests/Eccube/Tests/Web/App/ProductControllerTest.php:633 で.json付きリクエストが200になることが確認されている	画像0枚のシート。レイアウト図なし（本文のみで判定）	high	
sheet-7-R004	MATCHED								src/Eccube/Controller/App/ProductController.php:204 に拡張子なしのパスがGETで受け付けられる定義があり、tests/Eccube/Tests/Web/App/ProductControllerTest.php:601 で200になることが確認されている	画像0枚のシート。レイアウト図なし（本文のみで判定）	high	
sheet-7-R005	MATCHED								GETのみ受け付け（src/Eccube/Controller/App/ProductController.php:204-205）、応答はJSON（src/Eccube/Controller/App/ProductController.php:234-237）。認証は要求されず、app/config/eccube/packages/security.yaml に本パスを保護する設定は無く、tests/Eccube/Tests/Web/App/ProductControllerTest.php:601-604 が未ログインのクライアントで200を得ている	画像0枚のシート。レイアウト図なし（本文のみで判定）	high	
sheet-7-R006	MATCHED								指定期間内に更新のあった商品規格を集めてJSONで返す処理が実装されている（src/Eccube/Controller/App/ProductController.php:206-237、src/Eccube/Repository/ProductRepository.php:2295-2376）	画像0枚のシート。レイアウト図なし（本文のみで判定）	high	
sheet-7-R007	MATCHED								R006と同じ仕様。期間内に更新のあった商品規格の一覧をJSONで返す（src/Eccube/Controller/App/ProductController.php:228-237、src/Eccube/Repository/ProductRepository.php:2341-2344）	画像0枚のシート。レイアウト図なし（本文のみで判定）	high	
sheet-7-R008	OUT_OF_SCOPE								「リクエストパラメータ」という表の見出し行。中身はR011〜R014で判定した（src/Eccube/Controller/App/ProductController.php:208-229）	画像0枚のシート。レイアウト図なし（本文のみで判定）	high	
sheet-7-R009	OUT_OF_SCOPE								リクエストパラメータ表のヘッダ行（項目名/型/必須/最大文字数）であり仕様を述べていない	画像0枚のシート。レイアウト図なし（本文のみで判定）	high	
sheet-7-R010	OUT_OF_SCOPE								リクエストパラメータ表のヘッダ行の続き（または最大値/入力例/備考）であり仕様を述べていない	画像0枚のシート。レイアウト図なし（本文のみで判定）	high	
sheet-7-R011	MATCHED								取得開始日は必須のパス要素で、指定が無ければそのパス自体が受け付けられない。値は年-月-日として解釈され、解釈できない値は404になる（src/Eccube/Controller/App/ProductController.php:208-226）。備考の「情報登録・更新が行われた日」は商品と商品規格の両方の更新日時を条件にすることで満たされている（src/Eccube/Repository/ProductRepository.php:2341-2344）。入力例2025-08-01と同じ書式で解釈しており、最大文字数8はYYYYMMDD時代の記載で入力例と一致しない（正本内の記載ゆれ、実装は入力例に一致）	画像0枚のシート。レイアウト図なし（本文のみで判定）	med	
sheet-7-R012	MATCHED								取得開始日の時刻を0時0分0秒に補って期間の下限にしている（src/Eccube/Controller/App/ProductController.php:228、src/Eccube/Repository/ProductRepository.php:2342-2343）	画像0枚のシート。レイアウト図なし（本文のみで判定）	high	
sheet-7-R013	MATCHED								取得終了日も必須のパス要素で、年-月-日として解釈され、解釈できない値は404になる（src/Eccube/Controller/App/ProductController.php:210-226）。商品・商品規格いずれの更新日時も条件に含む（src/Eccube/Repository/ProductRepository.php:2341-2344）	画像0枚のシート。レイアウト図なし（本文のみで判定）	high	
sheet-7-R014	MATCHED								取得終了日の時刻を23時59分59秒に補って期間の上限にしている（src/Eccube/Controller/App/ProductController.php:229、src/Eccube/Repository/ProductRepository.php:2342-2343）	画像0枚のシート。レイアウト図なし（本文のみで判定）	high	
sheet-7-R015	OUT_OF_SCOPE								「リクエストパラメータサンプル」という見出し行。呼び出し例はR016/R018で扱った（src/Eccube/Controller/App/ProductController.php:204-205）	画像0枚のシート。レイアウト図なし（本文のみで判定）	high	
sheet-7-R016	OUT_OF_SCOPE								サンプルURLの /api 接頭辞の有無は受付先（URL接頭辞）の差であり、規約で指摘対象外。正本の「エンドポイントURL」行（R003/R004）は /updateProducts/{取得開始日}/{取得終了日} であり、実装（src/Eccube/Controller/App/ProductController.php:204-205）はそれに一致する	画像0枚のシート。レイアウト図なし（本文のみで判定）	med	
sheet-7-R017	OUT_OF_SCOPE								「または」という接続語だけの行で仕様を述べていない	画像0枚のシート。レイアウト図なし（本文のみで判定）	high	
sheet-7-R018	OUT_OF_SCOPE								R016と同じサンプルURL（.json付き）。/api 接頭辞の差は受付先の差で規約上対象外。拡張子付きの受付は src/Eccube/Controller/App/ProductController.php:205 にある	画像0枚のシート。レイアウト図なし（本文のみで判定）	med	
sheet-7-R019	OUT_OF_SCOPE								「ステータスコード」という表の見出し行。中身はR021〜R023で判定した（src/Eccube/Controller/App/ProductController.php:226,234-237,250-253）	画像0枚のシート。レイアウト図なし（本文のみで判定）	high	
sheet-7-R020	OUT_OF_SCOPE								ステータスコード表のヘッダ行（HTTPコード/説明）であり仕様を述べていない	画像0枚のシート。レイアウト図なし（本文のみで判定）	high	
sheet-7-R021	MATCHED								正常時は200で件数と結果を返す（src/Eccube/Controller/App/ProductController.php:234-237）。tests/Eccube/Tests/Web/App/ProductControllerTest.php:601-609 で確認されている	画像0枚のシート。レイアウト図なし（本文のみで判定）	high	
sheet-7-R022	MATCHED								日付として解釈できない指定のときは404を返す（src/Eccube/Controller/App/ProductController.php:218-226）。tests/Eccube/Tests/Web/App/ProductControllerTest.php:669-671 で2025-02-30が404になることが確認されている	画像0枚のシート。レイアウト図なし（本文のみで判定）	high	
sheet-7-R023	MATCHED								取得処理中の想定外の失敗は500で返す（src/Eccube/Controller/App/ProductController.php:243-253）	画像0枚のシート。レイアウト図なし（本文のみで判定）	high	
sheet-7-R024	OUT_OF_SCOPE								「レスポンスデータ」という表の見出し行。中身はR026〜R046で判定した（src/Eccube/Repository/ProductRepository.php:2300-2329）	画像0枚のシート。レイアウト図なし（本文のみで判定）	high	
sheet-7-R025	OUT_OF_SCOPE								レスポンスデータ表のヘッダ行（名前/型/説明）であり仕様を述べていない	画像0枚のシート。レイアウト図なし（本文のみで判定）	high	
sheet-7-R026	MATCHED								取得した商品規格の件数をcountとして返している（src/Eccube/Controller/App/ProductController.php:234-235）	画像0枚のシート。レイアウト図なし（本文のみで判定）	high	
sheet-7-R027	MATCHED								応答の各商品規格に productId を同名で含め、商品IDを整数で返す（src/Eccube/Repository/ProductRepository.php:2301、src/Eccube/Repository/ProductRepository.php:2349）	画像0枚のシート。レイアウト図なし（本文のみで判定）	high	
sheet-7-R028	MATCHED								応答の各商品規格に productCode を同名で含め、商品コードを文字列で返す（src/Eccube/Repository/ProductRepository.php:2302、src/Eccube/Repository/ProductRepository.php:2350）	画像0枚のシート。レイアウト図なし（本文のみで判定）	high	
sheet-7-R029	MATCHED								応答の各商品規格に name を同名で含め、商品名を文字列で返す（src/Eccube/Repository/ProductRepository.php:2303、src/Eccube/Repository/ProductRepository.php:2351）	画像0枚のシート。レイアウト図なし（本文のみで判定）	high	
sheet-7-R030	MATCHED								応答の各商品規格に nameEn を同名で含め、商品名(英語)を文字列で返す（src/Eccube/Repository/ProductRepository.php:2304、src/Eccube/Repository/ProductRepository.php:2352）	画像0枚のシート。レイアウト図なし（本文のみで判定）	high	
sheet-7-R031	MATCHED								応答の各商品規格に descriptionDetail を同名で含め、商品説明を文字列で返す（src/Eccube/Repository/ProductRepository.php:2305、src/Eccube/Repository/ProductRepository.php:2353）	画像0枚のシート。レイアウト図なし（本文のみで判定）	high	
sheet-7-R032	MATCHED								応答の各商品規格に descriptionDetailEn を同名で含め、商品説明(英語)を文字列で返す（src/Eccube/Repository/ProductRepository.php:2306、src/Eccube/Repository/ProductRepository.php:2354）	画像0枚のシート。レイアウト図なし（本文のみで判定）	high	
sheet-7-R033	MATCHED								応答の各商品規格に statusId を同名で含め、商品ステータスのIDを整数で返す（src/Eccube/Repository/ProductRepository.php:2307、src/Eccube/Repository/ProductRepository.php:2355）	画像0枚のシート。レイアウト図なし（本文のみで判定）	high	
sheet-7-R034	MATCHED								応答の各商品規格に statusName を同名で含め、商品ステータス名（公開/非公開など）を文字列で返す（src/Eccube/Repository/ProductRepository.php:2308、src/Eccube/Repository/ProductRepository.php:2356）	画像0枚のシート。レイアウト図なし（本文のみで判定）	high	
sheet-7-R035	MATCHED								在庫数をstockとして整数で返している（src/Eccube/Repository/ProductRepository.php:2309、src/Eccube/Repository/ProductRepository.php:2357）。在庫は本店の店舗在庫を参照する（src/Eccube/Repository/ProductRepository.php:2332-2334）が、参照する店舗は正本に定めが無い	画像0枚のシート。レイアウト図なし（本文のみで判定）	med	
sheet-7-R036	MATCHED								応答の各商品規格に price02 を同名で含め、販売価格を整数で返す（src/Eccube/Repository/ProductRepository.php:2310、src/Eccube/Repository/ProductRepository.php:2358）	画像0枚のシート。レイアウト図なし（本文のみで判定）	high	
sheet-7-R037	MATCHED								商品規格に紐づく商品画像のファイル名をカンマ区切りで連結してimageFileNameとして返している（src/Eccube/Repository/ProductRepository.php:2311-2314、src/Eccube/Repository/ProductRepository.php:2359）	画像0枚のシート。レイアウト図なし（本文のみで判定）	high	
sheet-7-R038	MATCHED								商品のカテゴリIDをカテゴリID昇順でカンマ区切りに連結してcategoryIdとして返している（src/Eccube/Repository/ProductRepository.php:2315-2318、src/Eccube/Repository/ProductRepository.php:2360）。表の型欄は数値(整数)だが、正本の応答の組み立て（R102）とレスポンスサンプル（R063）が連結値を示しており、連結値であるため文字列で返るのは正本内の記載ゆえ	画像0枚のシート。レイアウト図なし（本文のみで判定）	med	
sheet-7-R039	MATCHED								商品のカテゴリ名をカテゴリID昇順でカンマ区切りに連結してcategoryNameとして返している（src/Eccube/Repository/ProductRepository.php:2319-2322、src/Eccube/Repository/ProductRepository.php:2361）	画像0枚のシート。レイアウト図なし（本文のみで判定）	high	
sheet-7-R040	DRIFT	P2	実装違い	IO	result.strageCodeId 数値(整数) ストレージコードID result.storageCodeName 文字型 ストレージコード名 result.languageCode 文字型 言語コード result.cardsetCode 文字型 カードセットコード result.cardConditionCode 文字型 カード状態 result.productClassUpdateDate 文字型 商品規格更新日時	応答の各商品規格に、ストレージコードIDが正本のレスポンス項目名 strageCodeId で含まれること	src/Eccube/Repository/ProductRepository.php:2323;src/Eccube/Repository/ProductRepository.php:2362	ストレージコードIDは storageCodeId という名前で応答に入る。strageCodeId という項目は応答に存在しない	応答の項目名がstorageCodeIdになっており、正本のstrageCodeIdでは値が取れない。src/Eccube/Repository/ProductRepository.php:2323 のSQL別名と src/Eccube/Repository/ProductRepository.php:2362 の結果マッピングがともにstorageCodeIdで、src/Eccube/Controller/App/ProductController.php:232-237 はその結果をそのまま応答にしている。現行実装（/home/y-saito/Developments/pf-api/src/Repository/DtbProductClassRepository.php:48）はstrageCodeIdで返しており、正本の項目表とレスポンスサンプル（本文91行目のstrageCodeId: 1449）も同じ綴りである	画像0枚のシート。レイアウト図なし（本文のみで判定）	high	ProductRepository.php-storagecodeid-key-renamed
sheet-7-R041	MATCHED								応答の各商品規格に storageCodeName を同名で含め、ストレージコード名を文字列で返す（src/Eccube/Repository/ProductRepository.php:2324、src/Eccube/Repository/ProductRepository.php:2363）	画像0枚のシート。レイアウト図なし（本文のみで判定）	high	
sheet-7-R042	MATCHED								応答の各商品規格に languageCode を同名で含め、言語コードを文字列で返す（src/Eccube/Repository/ProductRepository.php:2325、src/Eccube/Repository/ProductRepository.php:2364）	画像0枚のシート。レイアウト図なし（本文のみで判定）	high	
sheet-7-R043	MATCHED								応答の各商品規格に cardsetCode を同名で含め、カードセットコードを文字列で返す（src/Eccube/Repository/ProductRepository.php:2326、src/Eccube/Repository/ProductRepository.php:2365）	画像0枚のシート。レイアウト図なし（本文のみで判定）	high	
sheet-7-R044	MATCHED								応答の各商品規格に cardConditionCode を同名で含め、カード状態のコードを文字列で返す（src/Eccube/Repository/ProductRepository.php:2327、src/Eccube/Repository/ProductRepository.php:2366）	画像0枚のシート。レイアウト図なし（本文のみで判定）	high	
sheet-7-R045	DRIFT	P3	実装違い	IO	result.productClassUpdateDate 文字型 商品規格更新日時	商品規格更新日時が、正本のレスポンスサンプルと同じ日付時刻書式（2025-08-01T20:20:00+09:00 の形）で応答に入ること	src/Eccube/Repository/ProductRepository.php:2328;src/Eccube/Repository/ProductRepository.php:2367	データベースが返す文字列をそのまま載せるため、2025-08-01 20:20:00+09 のように日付と時刻の区切りが空白・時差が分を伴わない形になる	商品規格更新日時はデータベースの値を文字列としてそのまま応答に載せており（src/Eccube/Repository/ProductRepository.php:2328、src/Eccube/Repository/ProductRepository.php:2367、src/Eccube/Controller/App/ProductController.php:232-237）、日付と時刻の区切りがTでなく空白、時差も+09:00の形にならない。正本のレスポンスサンプル（本文96行目の productClassUpdateDate: 2025-08-01T20:20:00+09:00）が求める書式と異なる。現行実装は更新日時を値オブジェクトのまま返しており（/home/y-saito/Developments/pf-api/src/Repository/DtbProductClassRepository.php:52）、サンプルどおりの書式で出力される	画像0枚のシート。レイアウト図なし（本文のみで判定）	med	ProductRepository.php-update-date-not-iso8601
sheet-7-R046	DRIFT	P3	実装違い	IO	result.productUpdateDate 文字型 商品更新日時	商品更新日時が、正本のレスポンスサンプルと同じ日付時刻書式（2025-03-06T18:34:41+09:00 の形）で応答に入ること	src/Eccube/Repository/ProductRepository.php:2329;src/Eccube/Repository/ProductRepository.php:2368	データベースが返す文字列をそのまま載せるため、2025-03-06 18:34:41+09 のように日付と時刻の区切りが空白・時差が分を伴わない形になる	商品更新日時もR045と同じ欠陥。データベースの値を文字列のまま応答に載せている（src/Eccube/Repository/ProductRepository.php:2329、src/Eccube/Repository/ProductRepository.php:2368）。正本のレスポンスサンプル（本文97行目の productUpdateDate: 2025-03-06T18:34:41+09:00）の書式と異なる	画像0枚のシート。レイアウト図なし（本文のみで判定）	med	ProductRepository.php-update-date-not-iso8601
sheet-7-R047	OUT_OF_SCOPE								「レスポンスデータサンプル」という見出し行。応答の中身はレスポンスデータ表（R026〜R046）で判定した（src/Eccube/Repository/ProductRepository.php:2300-2329）	画像0枚のシート。レイアウト図なし（本文のみで判定）	high	
sheet-7-R048	OUT_OF_SCOPE								レスポンスデータサンプルの例示値の行。応答の項目と内容はレスポンスデータ表（R026〜R046）で判定済み（src/Eccube/Repository/ProductRepository.php:2300-2329）であり、この行から追加の要求は生じない	画像0枚のシート。レイアウト図なし（本文のみで判定）	high	
sheet-7-R049	OUT_OF_SCOPE								レスポンスデータサンプルの例示値の行。応答の項目と内容はレスポンスデータ表（R026〜R046）で判定済み（src/Eccube/Repository/ProductRepository.php:2300-2329）であり、この行から追加の要求は生じない	画像0枚のシート。レイアウト図なし（本文のみで判定）	high	
sheet-7-R050	OUT_OF_SCOPE								レスポンスデータサンプルの例示値の行。応答の項目と内容はレスポンスデータ表（R026〜R046）で判定済み（src/Eccube/Repository/ProductRepository.php:2300-2329）であり、この行から追加の要求は生じない	画像0枚のシート。レイアウト図なし（本文のみで判定）	high	
sheet-7-R051	OUT_OF_SCOPE								レスポンスデータサンプルの例示値の行。応答の項目と内容はレスポンスデータ表（R026〜R046）で判定済み（src/Eccube/Repository/ProductRepository.php:2300-2329）であり、この行から追加の要求は生じない	画像0枚のシート。レイアウト図なし（本文のみで判定）	high	
sheet-7-R052	OUT_OF_SCOPE								レスポンスデータサンプルの例示値の行。応答の項目と内容はレスポンスデータ表（R026〜R046）で判定済み（src/Eccube/Repository/ProductRepository.php:2300-2329）であり、この行から追加の要求は生じない	画像0枚のシート。レイアウト図なし（本文のみで判定）	high	
sheet-7-R053	OUT_OF_SCOPE								レスポンスデータサンプルの例示値の行。応答の項目と内容はレスポンスデータ表（R026〜R046）で判定済み（src/Eccube/Repository/ProductRepository.php:2300-2329）であり、この行から追加の要求は生じない	画像0枚のシート。レイアウト図なし（本文のみで判定）	high	
sheet-7-R054	OUT_OF_SCOPE								レスポンスデータサンプルの例示値の行。応答の項目と内容はレスポンスデータ表（R026〜R046）で判定済み（src/Eccube/Repository/ProductRepository.php:2300-2329）であり、この行から追加の要求は生じない	画像0枚のシート。レイアウト図なし（本文のみで判定）	high	
sheet-7-R055	OUT_OF_SCOPE								レスポンスデータサンプルの例示値の行。応答の項目と内容はレスポンスデータ表（R026〜R046）で判定済み（src/Eccube/Repository/ProductRepository.php:2300-2329）であり、この行から追加の要求は生じない	画像0枚のシート。レイアウト図なし（本文のみで判定）	high	
sheet-7-R056	OUT_OF_SCOPE								レスポンスデータサンプルの例示値の行。応答の項目と内容はレスポンスデータ表（R026〜R046）で判定済み（src/Eccube/Repository/ProductRepository.php:2300-2329）であり、この行から追加の要求は生じない	画像0枚のシート。レイアウト図なし（本文のみで判定）	high	
sheet-7-R057	OUT_OF_SCOPE								レスポンスデータサンプルの例示値の行。応答の項目と内容はレスポンスデータ表（R026〜R046）で判定済み（src/Eccube/Repository/ProductRepository.php:2300-2329）であり、この行から追加の要求は生じない	画像0枚のシート。レイアウト図なし（本文のみで判定）	high	
sheet-7-R058	OUT_OF_SCOPE								レスポンスデータサンプルの例示値の行。応答の項目と内容はレスポンスデータ表（R026〜R046）で判定済み（src/Eccube/Repository/ProductRepository.php:2300-2329）であり、この行から追加の要求は生じない	画像0枚のシート。レイアウト図なし（本文のみで判定）	high	
sheet-7-R059	OUT_OF_SCOPE								レスポンスデータサンプルの例示値の行。応答の項目と内容はレスポンスデータ表（R026〜R046）で判定済み（src/Eccube/Repository/ProductRepository.php:2300-2329）であり、この行から追加の要求は生じない	画像0枚のシート。レイアウト図なし（本文のみで判定）	high	
sheet-7-R060	OUT_OF_SCOPE								レスポンスデータサンプルの例示値の行。応答の項目と内容はレスポンスデータ表（R026〜R046）で判定済み（src/Eccube/Repository/ProductRepository.php:2300-2329）であり、この行から追加の要求は生じない	画像0枚のシート。レイアウト図なし（本文のみで判定）	high	
sheet-7-R061	OUT_OF_SCOPE								レスポンスデータサンプルの例示値の行。応答の項目と内容はレスポンスデータ表（R026〜R046）で判定済み（src/Eccube/Repository/ProductRepository.php:2300-2329）であり、この行から追加の要求は生じない	画像0枚のシート。レイアウト図なし（本文のみで判定）	high	
sheet-7-R062	OUT_OF_SCOPE								レスポンスデータサンプルの例示値の行。応答の項目と内容はレスポンスデータ表（R026〜R046）で判定済み（src/Eccube/Repository/ProductRepository.php:2300-2329）であり、この行から追加の要求は生じない	画像0枚のシート。レイアウト図なし（本文のみで判定）	high	
sheet-7-R063	OUT_OF_SCOPE								レスポンスデータサンプルの例示値の行。応答の項目と内容はレスポンスデータ表（R026〜R046）で判定済み（src/Eccube/Repository/ProductRepository.php:2300-2329）であり、この行から追加の要求は生じない	画像0枚のシート。レイアウト図なし（本文のみで判定）	high	
sheet-7-R064	OUT_OF_SCOPE								レスポンスデータサンプルの例示値の行。応答の項目と内容はレスポンスデータ表（R026〜R046）で判定済み（src/Eccube/Repository/ProductRepository.php:2300-2329）であり、この行から追加の要求は生じない	画像0枚のシート。レイアウト図なし（本文のみで判定）	high	
sheet-7-R065	OUT_OF_SCOPE								レスポンスデータサンプルの例示値の行。応答の項目と内容はレスポンスデータ表（R026〜R046）で判定済み（src/Eccube/Repository/ProductRepository.php:2300-2329）であり、この行から追加の要求は生じない	画像0枚のシート。レイアウト図なし（本文のみで判定）	high	
sheet-7-R066	OUT_OF_SCOPE								レスポンスデータサンプルの例示値の行。応答の項目と内容はレスポンスデータ表（R026〜R046）で判定済み（src/Eccube/Repository/ProductRepository.php:2300-2329）であり、この行から追加の要求は生じない	画像0枚のシート。レイアウト図なし（本文のみで判定）	high	
sheet-7-R067	OUT_OF_SCOPE								レスポンスデータサンプルの例示値の行。応答の項目と内容はレスポンスデータ表（R026〜R046）で判定済み（src/Eccube/Repository/ProductRepository.php:2300-2329）であり、この行から追加の要求は生じない	画像0枚のシート。レイアウト図なし（本文のみで判定）	high	
sheet-7-R068	OUT_OF_SCOPE								レスポンスデータサンプルの例示値の行。応答の項目と内容はレスポンスデータ表（R026〜R046）で判定済み（src/Eccube/Repository/ProductRepository.php:2300-2329）であり、この行から追加の要求は生じない	画像0枚のシート。レイアウト図なし（本文のみで判定）	high	
sheet-7-R069	OUT_OF_SCOPE								レスポンスデータサンプルの例示値の行。応答の項目と内容はレスポンスデータ表（R026〜R046）で判定済み（src/Eccube/Repository/ProductRepository.php:2300-2329）であり、この行から追加の要求は生じない	画像0枚のシート。レイアウト図なし（本文のみで判定）	high	
sheet-7-R070	OUT_OF_SCOPE								レスポンスデータサンプルの例示値の行。この行が示す日付時刻書式の差はR045/R046で指摘済み（src/Eccube/Repository/ProductRepository.php:2328-2329、src/Eccube/Repository/ProductRepository.php:2367-2368）であり、同じ欠陥を要求の数だけ指摘に割らないため、この行は判定の重複を避けて対象外とする	画像0枚のシート。レイアウト図なし（本文のみで判定）	high	
sheet-7-R071	OUT_OF_SCOPE								レスポンスデータサンプルの例示値の行。この行が示す日付時刻書式の差はR045/R046で指摘済み（src/Eccube/Repository/ProductRepository.php:2328-2329、src/Eccube/Repository/ProductRepository.php:2367-2368）であり、同じ欠陥を要求の数だけ指摘に割らないため、この行は判定の重複を避けて対象外とする	画像0枚のシート。レイアウト図なし（本文のみで判定）	high	
sheet-7-R072	OUT_OF_SCOPE								レスポンスデータサンプルの例示値の行。応答の項目と内容はレスポンスデータ表（R026〜R046）で判定済み（src/Eccube/Repository/ProductRepository.php:2300-2329）であり、この行から追加の要求は生じない	画像0枚のシート。レイアウト図なし（本文のみで判定）	high	
sheet-7-R073	OUT_OF_SCOPE								レスポンスデータサンプルの例示値の行。応答の項目と内容はレスポンスデータ表（R026〜R046）で判定済み（src/Eccube/Repository/ProductRepository.php:2300-2329）であり、この行から追加の要求は生じない	画像0枚のシート。レイアウト図なし（本文のみで判定）	high	
sheet-7-R074	OUT_OF_SCOPE								レスポンスデータサンプルの例示値の行。応答の項目と内容はレスポンスデータ表（R026〜R046）で判定済み（src/Eccube/Repository/ProductRepository.php:2300-2329）であり、この行から追加の要求は生じない	画像0枚のシート。レイアウト図なし（本文のみで判定）	high	
sheet-7-R075	OUT_OF_SCOPE								レスポンスデータサンプルの例示値の行。応答の項目と内容はレスポンスデータ表（R026〜R046）で判定済み（src/Eccube/Repository/ProductRepository.php:2300-2329）であり、この行から追加の要求は生じない	画像0枚のシート。レイアウト図なし（本文のみで判定）	high	
sheet-7-R076	OUT_OF_SCOPE								レスポンスデータサンプルの例示値の行。応答の項目と内容はレスポンスデータ表（R026〜R046）で判定済み（src/Eccube/Repository/ProductRepository.php:2300-2329）であり、この行から追加の要求は生じない	画像0枚のシート。レイアウト図なし（本文のみで判定）	high	
sheet-7-R077	OUT_OF_SCOPE								レスポンスデータサンプルの例示値の行。応答の項目と内容はレスポンスデータ表（R026〜R046）で判定済み（src/Eccube/Repository/ProductRepository.php:2300-2329）であり、この行から追加の要求は生じない	画像0枚のシート。レイアウト図なし（本文のみで判定）	high	
sheet-7-R078	OUT_OF_SCOPE								レスポンスデータサンプルの例示値の行。応答の項目と内容はレスポンスデータ表（R026〜R046）で判定済み（src/Eccube/Repository/ProductRepository.php:2300-2329）であり、この行から追加の要求は生じない	画像0枚のシート。レイアウト図なし（本文のみで判定）	high	
sheet-7-R079	OUT_OF_SCOPE								レスポンスデータサンプルの例示値の行。応答の項目と内容はレスポンスデータ表（R026〜R046）で判定済み（src/Eccube/Repository/ProductRepository.php:2300-2329）であり、この行から追加の要求は生じない	画像0枚のシート。レイアウト図なし（本文のみで判定）	high	
sheet-7-R080	OUT_OF_SCOPE								レスポンスデータサンプルの例示値の行。応答の項目と内容はレスポンスデータ表（R026〜R046）で判定済み（src/Eccube/Repository/ProductRepository.php:2300-2329）であり、この行から追加の要求は生じない	画像0枚のシート。レイアウト図なし（本文のみで判定）	high	
sheet-7-R081	OUT_OF_SCOPE								レスポンスデータサンプルの例示値の行。応答の項目と内容はレスポンスデータ表（R026〜R046）で判定済み（src/Eccube/Repository/ProductRepository.php:2300-2329）であり、この行から追加の要求は生じない	画像0枚のシート。レイアウト図なし（本文のみで判定）	high	
sheet-7-R082	OUT_OF_SCOPE								レスポンスデータサンプルの例示値の行。応答の項目と内容はレスポンスデータ表（R026〜R046）で判定済み（src/Eccube/Repository/ProductRepository.php:2300-2329）であり、この行から追加の要求は生じない	画像0枚のシート。レイアウト図なし（本文のみで判定）	high	
sheet-7-R083	OUT_OF_SCOPE								レスポンスデータサンプルの例示値の行。応答の項目と内容はレスポンスデータ表（R026〜R046）で判定済み（src/Eccube/Repository/ProductRepository.php:2300-2329）であり、この行から追加の要求は生じない	画像0枚のシート。レイアウト図なし（本文のみで判定）	high	
sheet-7-R084	OUT_OF_SCOPE								レスポンスデータサンプルの例示値の行。応答の項目と内容はレスポンスデータ表（R026〜R046）で判定済み（src/Eccube/Repository/ProductRepository.php:2300-2329）であり、この行から追加の要求は生じない	画像0枚のシート。レイアウト図なし（本文のみで判定）	high	
sheet-7-R085	OUT_OF_SCOPE								レスポンスデータサンプルの例示値の行。応答の項目と内容はレスポンスデータ表（R026〜R046）で判定済み（src/Eccube/Repository/ProductRepository.php:2300-2329）であり、この行から追加の要求は生じない	画像0枚のシート。レイアウト図なし（本文のみで判定）	high	
sheet-7-R086	OUT_OF_SCOPE								レスポンスデータサンプルの例示値の行。応答の項目と内容はレスポンスデータ表（R026〜R046）で判定済み（src/Eccube/Repository/ProductRepository.php:2300-2329）であり、この行から追加の要求は生じない	画像0枚のシート。レイアウト図なし（本文のみで判定）	high	
sheet-7-R087	OUT_OF_SCOPE								レスポンスデータサンプルの例示値の行。応答の項目と内容はレスポンスデータ表（R026〜R046）で判定済み（src/Eccube/Repository/ProductRepository.php:2300-2329）であり、この行から追加の要求は生じない	画像0枚のシート。レイアウト図なし（本文のみで判定）	high	
sheet-7-R088	OUT_OF_SCOPE								レスポンスデータサンプルの例示値の行。応答の項目と内容はレスポンスデータ表（R026〜R046）で判定済み（src/Eccube/Repository/ProductRepository.php:2300-2329）であり、この行から追加の要求は生じない	画像0枚のシート。レイアウト図なし（本文のみで判定）	high	
sheet-7-R089	OUT_OF_SCOPE								レスポンスデータサンプルの例示値の行。応答の項目と内容はレスポンスデータ表（R026〜R046）で判定済み（src/Eccube/Repository/ProductRepository.php:2300-2329）であり、この行から追加の要求は生じない	画像0枚のシート。レイアウト図なし（本文のみで判定）	high	
sheet-7-R090	OUT_OF_SCOPE								レスポンスデータサンプルの例示値の行。応答の項目と内容はレスポンスデータ表（R026〜R046）で判定済み（src/Eccube/Repository/ProductRepository.php:2300-2329）であり、この行から追加の要求は生じない	画像0枚のシート。レイアウト図なし（本文のみで判定）	high	
sheet-7-R091	OUT_OF_SCOPE								レスポンスデータサンプルの例示値の行。応答の項目と内容はレスポンスデータ表（R026〜R046）で判定済み（src/Eccube/Repository/ProductRepository.php:2300-2329）であり、この行から追加の要求は生じない	画像0枚のシート。レイアウト図なし（本文のみで判定）	high	
sheet-7-R092	OUT_OF_SCOPE								レスポンスデータサンプルの例示値の行。この行が示す日付時刻書式の差はR045/R046で指摘済み（src/Eccube/Repository/ProductRepository.php:2328-2329、src/Eccube/Repository/ProductRepository.php:2367-2368）であり、同じ欠陥を要求の数だけ指摘に割らないため、この行は判定の重複を避けて対象外とする	画像0枚のシート。レイアウト図なし（本文のみで判定）	high	
sheet-7-R093	OUT_OF_SCOPE								レスポンスデータサンプルの例示値の行。この行が示す日付時刻書式の差はR045/R046で指摘済み（src/Eccube/Repository/ProductRepository.php:2328-2329、src/Eccube/Repository/ProductRepository.php:2367-2368）であり、同じ欠陥を要求の数だけ指摘に割らないため、この行は判定の重複を避けて対象外とする	画像0枚のシート。レイアウト図なし（本文のみで判定）	high	
sheet-7-R094	OUT_OF_SCOPE								レスポンスデータサンプルの例示値の行。応答の項目と内容はレスポンスデータ表（R026〜R046）で判定済み（src/Eccube/Repository/ProductRepository.php:2300-2329）であり、この行から追加の要求は生じない	画像0枚のシート。レイアウト図なし（本文のみで判定）	high	
sheet-7-R095	OUT_OF_SCOPE								レスポンスデータサンプルの例示値の行。応答の項目と内容はレスポンスデータ表（R026〜R046）で判定済み（src/Eccube/Repository/ProductRepository.php:2300-2329）であり、この行から追加の要求は生じない	画像0枚のシート。レイアウト図なし（本文のみで判定）	high	
sheet-7-R096	OUT_OF_SCOPE								レスポンスデータサンプルの例示値の行。応答の項目と内容はレスポンスデータ表（R026〜R046）で判定済み（src/Eccube/Repository/ProductRepository.php:2300-2329）であり、この行から追加の要求は生じない	画像0枚のシート。レイアウト図なし（本文のみで判定）	high	
sheet-7-R097	OUT_OF_SCOPE								レスポンスデータサンプルの例示値の行。応答の項目と内容はレスポンスデータ表（R026〜R046）で判定済み（src/Eccube/Repository/ProductRepository.php:2300-2329）であり、この行から追加の要求は生じない	画像0枚のシート。レイアウト図なし（本文のみで判定）	high	
sheet-7-R098	OUT_OF_SCOPE								現行仕様の参照元を示す機能名の見出し行。中身はR100以降で判定した（src/Eccube/Repository/ProductRepository.php:2295-2345）	画像0枚のシート。レイアウト図なし（本文のみで判定）	high	
sheet-7-R099	OUT_OF_SCOPE								「取得対象の絞り込み」という見出し行。中身はR100で判定した（src/Eccube/Repository/ProductRepository.php:2331,2341-2344）	画像0枚のシート。レイアウト図なし（本文のみで判定）	high	
sheet-7-R100	MATCHED								削除済みの商品規格は取得対象から外している（src/Eccube/Repository/ProductRepository.php:2331。商品規格の削除は表示可否の印を落とす扱い）。商品の削除は行そのものを消す実装（src/Eccube/Controller/Admin/Product/ProductController.php:1110）なので、削除済み商品が取得されることはない。抽出条件は期間だけで、商品ステータスの条件は入っていない（src/Eccube/Repository/ProductRepository.php:2341-2344）ためステータスによらず取得される	画像0枚のシート。レイアウト図なし（本文のみで判定）	high	
sheet-7-R101	OUT_OF_SCOPE								「応答の組み立て」という見出し行。中身はR102で判定した（src/Eccube/Repository/ProductRepository.php:2311-2322）	画像0枚のシート。レイアウト図なし（本文のみで判定）	high	
sheet-7-R102	MATCHED								商品画像ファイル名はカンマ区切りで連結（src/Eccube/Repository/ProductRepository.php:2311-2314）、カテゴリIDとカテゴリ名はカテゴリIDの昇順でカンマ区切りに連結（src/Eccube/Repository/ProductRepository.php:2315-2322）。連結はいずれも商品規格・商品ごとの1対多を数え上げるだけで同じ組を重複して数えないため、同一値が重なることはない。取得値に丸め・補正の処理は無く（src/Eccube/Repository/ProductRepository.php:2300-2329）、そのまま返している。並び順は src/Eccube/Repository/ProductRepository.php:2345 で定めているが正本は並び順を定めておらず、任意の順で返して差し支えない	画像0枚のシート。レイアウト図なし（本文のみで判定）	med	
sheet-7-R103	OUT_OF_SCOPE								「該当が無いとき」という見出し行。中身はR104で判定した（src/Eccube/Controller/App/ProductController.php:234-237）	画像0枚のシート。レイアウト図なし（本文のみで判定）	high	
sheet-7-R104	MATCHED								該当が0件でも失敗にせず、件数0と空の結果で200を返す（src/Eccube/Controller/App/ProductController.php:232-237）。tests/Eccube/Tests/Web/App/ProductControllerTest.php:646-658 で count=0・result=[] が確認されている	画像0枚のシート。レイアウト図なし（本文のみで判定）	high	
sheet-7-R105	OUT_OF_SCOPE								「入出力: 値が無い項目の扱い」という見出し行。中身はR106で判定した（src/Eccube/Repository/ProductRepository.php:2332-2340）	画像0枚のシート。レイアウト図なし（本文のみで判定）	high	
sheet-7-R106	MATCHED								保管コード・言語コード・カードセットコード・カード状態コードは未設定でも商品規格が結果から落ちない結合になっており（src/Eccube/Repository/ProductRepository.php:2335-2340）、商品画像とカテゴリも別途集めるだけなので未設定でも落ちない（src/Eccube/Repository/ProductRepository.php:2311-2322）。未設定の項目は値なしとして応答に入る（src/Eccube/Repository/ProductRepository.php:2359-2366）	画像0枚のシート。レイアウト図なし（本文のみで判定）	high	
sheet-7-R107	OUT_OF_SCOPE								この機能は画面を持たずメッセージを扱わないという宣言であり、実装対象の要求ではない。応答はJSONのみで画面表示は無い（src/Eccube/Controller/App/ProductController.php:234-237）	画像0枚のシート。レイアウト図なし（本文のみで判定）	high	
