要求ID	判定	重要度	指摘区分	乖離種別	設計根拠_引用	設計期待値	実装参照	実装実態	判定根拠	画像確認メモ	確信度	根本原因
sheet-1-R001	OUT_OF_SCOPE								表紙の書誌情報（宛先・書名・機能名・改訂履歴）であり、実装対象の要求ではない。（晴れる屋様）	sheet-1 は画像0枚。	high	
sheet-1-R002	OUT_OF_SCOPE								表紙の書誌情報（宛先・書名・機能名・改訂履歴）であり、実装対象の要求ではない。（サイトリニューアル）	sheet-1 は画像0枚。	high	
sheet-1-R003	OUT_OF_SCOPE								表紙の書誌情報（宛先・書名・機能名・改訂履歴）であり、実装対象の要求ではない。（基本設計仕様書）	sheet-1 は画像0枚。	high	
sheet-1-R004	OUT_OF_SCOPE								表紙の書誌情報（宛先・書名・機能名・改訂履歴）であり、実装対象の要求ではない。（フロント_イベント）	sheet-1 は画像0枚。	high	
sheet-1-R005	OUT_OF_SCOPE								表紙の書誌情報（宛先・書名・機能名・改訂履歴）であり、実装対象の要求ではない。（改訂履歴の表ヘッダ）	sheet-1 は画像0枚。	high	
sheet-1-R006	OUT_OF_SCOPE								表紙の書誌情報（宛先・書名・機能名・改訂履歴）であり、実装対象の要求ではない。（改訂履歴の1行目）	sheet-1 は画像0枚。	high	
sheet-2-R001	OUT_OF_SCOPE								目次の項目名であり、画面や処理のふるまいを定義していない。実装対象の要求ではない。（目次）	sheet-2 は画像0枚。	high	
sheet-2-R002	OUT_OF_SCOPE								目次の項目名であり、画面や処理のふるまいを定義していない。実装対象の要求ではない。（画面遷移設計）	sheet-2 は画像0枚。	high	
sheet-2-R003	OUT_OF_SCOPE								目次の項目名であり、画面や処理のふるまいを定義していない。実装対象の要求ではない。（画面遷移図）	sheet-2 は画像0枚。	high	
sheet-2-R004	OUT_OF_SCOPE								目次の項目名であり、画面や処理のふるまいを定義していない。実装対象の要求ではない。（画面設計）	sheet-2 は画像0枚。	high	
sheet-2-R005	OUT_OF_SCOPE								目次の項目名であり、画面や処理のふるまいを定義していない。実装対象の要求ではない。（F07-01 イベント大会TOP）	sheet-2 は画像0枚。	high	
sheet-2-R006	OUT_OF_SCOPE								目次の項目名であり、画面や処理のふるまいを定義していない。実装対象の要求ではない。（F07-02 大会詳細検索）	sheet-2 は画像0枚。	high	
sheet-2-R007	OUT_OF_SCOPE								目次の項目名であり、画面や処理のふるまいを定義していない。実装対象の要求ではない。（F07-03 大会詳細）	sheet-2 は画像0枚。	high	
sheet-2-R008	OUT_OF_SCOPE								目次の項目名であり、画面や処理のふるまいを定義していない。実装対象の要求ではない。（F07-04 大会申込～完了）	sheet-2 は画像0枚。	high	
sheet-3-R001	OUT_OF_SCOPE								「ページ全体機能説明」は設計書の枠見出し。実装対象の要求ではない		high	
sheet-3-R002	OUT_OF_SCOPE								「機能説明」だけの枠見出し行（Excelの記入枠）。仕様の記述が無く実装対象ではない		high	
sheet-3-R003	OUT_OF_SCOPE								「機能説明」だけの枠見出し行（Excelの記入枠）。仕様の記述が無く実装対象ではない		high	
sheet-3-R004	OUT_OF_SCOPE								「機能説明」だけの枠見出し行（Excelの記入枠）。仕様の記述が無く実装対象ではない		high	
sheet-3-R005	OUT_OF_SCOPE								「機能説明」だけの枠見出し行（Excelの記入枠）。仕様の記述が無く実装対象ではない		high	
sheet-3-R006	OUT_OF_SCOPE								「機能説明」だけの枠見出し行（Excelの記入枠）。仕様の記述が無く実装対象ではない		high	
sheet-3-R007	OUT_OF_SCOPE								「機能説明」だけの枠見出し行（Excelの記入枠）。仕様の記述が無く実装対象ではない		high	
sheet-3-R008	OUT_OF_SCOPE								「機能説明」だけの枠見出し行（Excelの記入枠）。仕様の記述が無く実装対象ではない		high	
sheet-3-R009	OUT_OF_SCOPE								「機能説明」だけの枠見出し行（Excelの記入枠）。仕様の記述が無く実装対象ではない		high	
sheet-3-R010	MATCHED						src/Eccube/Controller/Front/EventTopController.php:46-83; src/Eccube/Resource/template/default/Event/index.twig:191-242; src/Eccube/Resource/template/default/Block/header.twig:175		イベント大会TOP(/events)がイベント一覧・日別・月別のタブとタグ絞り込み・詳細検索モーダルを備えて一覧表示と検索を提供している（src/Eccube/Resource/template/default/Event/index.twig:119-196、src/Eccube/Resource/template/default/Block/header.twig:175）	img1(SP全体)/img15(PC全体)でタグ行・タブ・一覧の構成を確認	high	
sheet-3-R011	OUT_OF_SCOPE								「機能」はカスタマイズ説明表の区分見出し		high	
sheet-3-R012	OUT_OF_SCOPE								「現行機能をベースに下記をカスタマイズ」は後続行の前置き		high	
sheet-3-R013	OUT_OF_SCOPE								「フォーマット別イベント表示機能」はカスタマイズ項目の見出し		high	
sheet-3-R014	MATCHED						src/Eccube/Resource/template/default/Event/index.twig:122-155; html/template/default/assets/hareruya/js/hareruya-event.js:1		フォーマット8種をタグ(チェックボックス)として表示し、選択したフォーマットで一覧を絞り込む（src/Eccube/Resource/template/default/Event/index.twig:122-155 のformatタグ群、html/template/default/assets/hareruya/js/hareruya-event.js:1 の絞り込み関数がformat_idで一致判定）	img10(タグ行)にスタンダード〜その他の8タグが並ぶ。実装のタグ8個と一致	high	
sheet-3-R015	OUT_OF_SCOPE								「日別、月別イベント表示機能」はカスタマイズ項目の見出し		high	
sheet-3-R016	MATCHED						src/Eccube/Resource/template/default/Event/index.twig:192-242; html/template/default/assets/hareruya/js/hareruya-event.js:1		イベント一覧/日別で探す/月別で探すの3タブが用意され、タブごとに一覧・日別・月別カレンダーを描画する（src/Eccube/Resource/template/default/Event/index.twig:192-196、html/template/default/assets/hareruya/js/hareruya-event.js:1）	img1/img15でタブ3種、img19(日別)、img25(月別カレンダー)を確認	high	
sheet-3-R017	OUT_OF_SCOPE								「[共通] イベント種別ごと表示」は区分見出し		high	
sheet-3-R018	MATCHED						html/template/default/assets/hareruya/js/hareruya-event.js:1; src/Eccube/Resource/template/default/Event/index.twig:205		イベントは規模ごとにセクション分けして描画される（html/template/default/assets/hareruya/js/hareruya-event.js:1 が特別イベント/おすすめイベント/デイリーイベントの見出し付きセクションを生成）。大型イベントが特別イベントと別セクションになる点は sheet-3-R134 で指摘	img11/img12で特別イベント・おすすめイベント・デイリーイベントの3セクションを確認	med	
sheet-3-R019	MATCHED						html/template/default/assets/hareruya/js/hareruya-event.js:1; src/Eccube/Service/Front/Event/EventScheduleJsonBuilder.php:38-43		大型イベント規模のイベントは特別イベントより上に描画される（html/template/default/assets/hareruya/js/hareruya-event.js:1 が large→special→recommend→regular の順に連結）。グループの括り方の差は sheet-3-R134 で指摘	img12で特別イベント枠の先頭に大型イベントタグ付きイベントが並ぶことを確認	med	
sheet-3-R020	OUT_OF_SCOPE								「イベント一覧表示」は区分見出し		high	
sheet-3-R021	DRIFT	P3	実装違い	ふるまい	・開催日時昇順、フォーマット昇順にイベントを表示する	同じ開催日時のイベントは、フォーマットの昇順に並んで一覧に表示される	src/Eccube/Repository/DtbEventRepository.php:291-310; html/template/default/assets/hareruya/js/hareruya-event.js:1	一覧の並びは開催日時の昇順のあとイベントIDの昇順で決まる（src/Eccube/Repository/DtbEventRepository.php:307-308 の並び替え指定）。html/template/default/assets/hareruya/js/hareruya-event.js:1 側にもフォーマットでの並び替えは無い	JSONを返す取得処理の並び順は開催日時→イベントIDで、フロント側(html/template/default/assets/hareruya/js/hareruya-event.js:1)は受け取った順にカードを描画するだけでフォーマット順の並び替えを一切行わない	img15(PC一覧)でカードの並びを確認。同日開催の複数イベントの並びを決める第2キーは図からは読み取れない	med	DtbEventRepository-no-format-sort
sheet-3-R022	OUT_OF_SCOPE								「日別イベント表示」は区分見出し		high	
sheet-3-R023	MATCHED						html/template/default/assets/hareruya/js/hareruya-event.js:1; src/Eccube/Resource/template/default/Event/index.twig:210-215		日別タブは当日から14日分の日付ボタンを月日と曜日つきで表示する（html/template/default/assets/hareruya/js/hareruya-event.js:1 の日付ボタン生成、src/Eccube/Resource/template/default/Event/index.twig:210-215 の格納先）	img19/img22(日別)の日付ボタンに月日と曜日が併記されているのを確認	high	
sheet-3-R024	MATCHED						html/template/default/assets/hareruya/js/hareruya-event.js:1; src/Eccube/Resource/template/default/Event/index.twig:215		日付ボタン押下で選択日を保持し、読込済みイベントから当日開催分だけを抽出して一覧を描画する（html/template/default/assets/hareruya/js/hareruya-event.js:1）	img19で6/6選択時に当日開催イベントが下に並ぶのを確認	high	
sheet-3-R025	MATCHED						html/template/default/assets/hareruya/js/hareruya-event.js:1; src/Eccube/Repository/DtbEventRepository.php:307		日別一覧も開催日時昇順で取得したデータをそのまま日付順・開始時刻順に描画する（src/Eccube/Repository/DtbEventRepository.php:307、html/template/default/assets/hareruya/js/hareruya-event.js:1 が開催時刻でソートして時間カードを並べる）	img19で開催時刻順に時間カードが並ぶのを確認	high	
sheet-3-R026	OUT_OF_SCOPE								「月別イベント表示」は区分見出し		high	
sheet-3-R027	MATCHED						src/Eccube/Resource/template/default/Event/index.twig:220-240; html/template/default/assets/hareruya/js/hareruya-event.js:1		月別タブに年月見出し・曜日行・日付セルの月カレンダーを描画する（src/Eccube/Resource/template/default/Event/index.twig:220-240、html/template/default/assets/hareruya/js/hareruya-event.js:1 の日付セル生成）	img25(月別カレンダー)と実装のカレンダー構成が一致	high	
sheet-3-R028	MATCHED						src/Eccube/Resource/template/default/Event/index.twig:220-241; html/template/default/assets/hareruya/js/hareruya-event.js:1; html/template/default/assets/hareruya/css/hareruya-event.css:1		その日に開催イベントが無い日付セルは押せない状態にして「定休日」を添える（html/template/default/assets/hareruya/js/hareruya-event.js:1 の休業日判定）	img25で6/11・6/12が灰色＋「定休日」表示になっているのと一致	high	
sheet-3-R029	MATCHED						html/template/default/assets/hareruya/js/hareruya-event.js:1; src/Eccube/Service/Front/Event/EventScheduleJsonBuilder.php:38-43		日付セルに大型イベントの有無を示すアイコンを付ける（html/template/default/assets/hareruya/js/hareruya-event.js:1 の大型イベント判定→アイコン挿入）。項目定義4-24が「その月日に大型イベントがあれば表示する」と定めており、実装はこれに一致	img25の6/17・6/20にトロフィーアイコン。img19の日別も同アイコンで共通	med	
sheet-3-R030	MATCHED						src/Eccube/Resource/template/default/Event/index.twig:235-241; html/template/default/assets/hareruya/js/hareruya-event.js:1		カレンダー日付を押下すると選択日を保持し、読込済みイベントから当該日開催分に絞り込んで一覧を再描画する（html/template/default/assets/hareruya/js/hareruya-event.js:1 の日付選択処理）	img25で日付選択が想定されているのを確認	high	
sheet-3-R031	OUT_OF_SCOPE								「イベント絞り込み表示機能」は区分見出し		high	
sheet-3-R032	MATCHED						src/Eccube/Resource/template/default/Event/index.twig:156-181		初心者歓迎・カジュアル対戦・競技・予約ありの4タグで絞り込める（src/Eccube/Resource/template/default/Event/index.twig:157-172）	img10のタグ行に初心者歓迎/カジュアル対戦/競技/予約ありの4つが並ぶのと一致	high	
sheet-3-R033	OUT_OF_SCOPE								「イベント個別の表示について」は区分見出し		high	
sheet-3-R034	MATCHED						html/template/default/assets/hareruya/js/hareruya-event.js:1; src/Eccube/Service/Front/Event/EventScheduleJsonBuilder.php:122-133		イベントカードに参加対象者層（初心者向け・カジュアル対戦・上級者向け）のタグをアイコン付きで表示する（src/Eccube/Service/Front/Event/EventScheduleJsonBuilder.php がrel名を返し html/template/default/assets/hareruya/js/hareruya-event.js:1 がタグを生成）	img11/img12のカードに「上級者向け」「初心者向け」「カジュアル対戦」が表示されているのと一致	high	
sheet-3-R035	MATCHED						src/Eccube/Resource/template/default/Event/index.twig:205; html/template/default/assets/hareruya/js/hareruya-event.js:1; html/template/default/assets/hareruya/css/hareruya-event.css:1		特別イベント規模のイベントは専用セクション（背景色付き）に、大型イベントはトロフィーアイコン付きのタグで示される（html/template/default/assets/hareruya/js/hareruya-event.js:1、html/template/default/assets/hareruya/css/hareruya-event.css:1）。正本レイアウト図にも特別イベント専用の別アイコンは描かれていない	img11/img12で特別イベント枠はピンク地＋大型イベントアイコン。専用の特別イベントアイコンは図に無い	med	
sheet-3-R036	MATCHED						html/template/default/assets/hareruya/js/hareruya-event.js:1; src/Eccube/Service/Front/Event/EventScheduleJsonBuilder.php:130		参加費0のイベントに「無料」アイコン付きタグを表示する（html/template/default/assets/hareruya/js/hareruya-event.js:1 の無料タグ生成、src/Eccube/Service/Front/Event/EventScheduleJsonBuilder.php:130 が参加費を返す）	img11のFree Play Gatheringに「無料」アイコンが付くのと一致	high	
sheet-3-R037	MATCHED						src/Eccube/Resource/template/default/Event/index.twig:205; html/template/default/assets/hareruya/js/hareruya-event.js:1		アコーディオン内に開催月日ごとの見出しと、その日の開催時刻ボタンを並べて表示する（html/template/default/assets/hareruya/js/hareruya-event.js:1 の日付カード生成）	img12/img15で開催月日ごとに時間ボタンが並ぶのを確認	high	
sheet-3-R038	MATCHED						html/template/default/assets/hareruya/js/hareruya-event.js:1; src/Eccube/Service/Front/Event/EventScheduleJsonBuilder.php:153-166		予約が必要な開催日程のみ、残り枠と予約可能期間から予約受付中／残りわずか／予約終了／予約受付時間外を時刻の下に表示する（html/template/default/assets/hareruya/js/hareruya-event.js:1 の受付状況判定、src/Eccube/Service/Front/Event/EventScheduleJsonBuilder.php:158-165 が枠数と受付期間を返す）	img12/img15の時間ボタン下に「予約受付中」「残りわずか」「予約終了」が表示されるのと一致	high	
sheet-3-R039	MATCHED						src/Eccube/Resource/template/default/Event/index.twig:205; html/template/default/assets/hareruya/js/hareruya-event.js:1; html/template/default/assets/hareruya/css/hareruya-common.css:1		開催日時を過ぎた開催日程の時間ボタンは灰色地にして「開催終了」を表示する（html/template/default/assets/hareruya/js/hareruya-event.js:1 の終了判定、html/template/default/assets/hareruya/css/hareruya-common.css:1 の灰色指定）	img15の6/8 13:00が灰色になっているのと一致	high	
sheet-3-R040	OUT_OF_SCOPE								「機能仕様ページ全体機能説明」は節見出し		high	
sheet-3-R041	OUT_OF_SCOPE								「ページの初期読込みについて」は節見出し		high	
sheet-3-R042	MATCHED						src/Eccube/Controller/App/EventScheduleController.php:58-71; src/Eccube/Service/Front/Event/EventScheduleJsonBuilder.php:56-83; html/template/default/assets/hareruya/js/hareruya-event.js:1		ページ表示時に表示店舗のイベントをまとめてJSONで取得し、以後の絞り込みは取得済みデータに対して行う（src/Eccube/Controller/App/EventScheduleController.php:58-71、html/template/default/assets/hareruya/js/hareruya-event.js:1）		high	
sheet-3-R043	OUT_OF_SCOPE								初期に取得する日数（14日分＋期間移動時の前後28日分）の差は画面表示や操作結果に現れない内部のデータ取得幅の違いであり、規約により対象外。取得自体は実装されている（src/Eccube/Controller/App/EventScheduleController.php:58-71、html/template/default/assets/hareruya/js/hareruya-event.js:1）		high	
sheet-3-R044	MATCHED						src/Eccube/Controller/App/EventScheduleController.php:44-71; html/template/default/assets/hareruya/js/hareruya-event.js:1; src/Eccube/Resource/template/default/Event/index.twig:304-309		月移動・期間移動時はその範囲のJSONを取り直し（src/Eccube/Controller/App/EventScheduleController.php:44-56）、店舗切替はページ再読込で同じ取得処理を通る（src/Eccube/Resource/template/default/Event/index.twig:304-309）		high	
sheet-3-R045	MATCHED						html/template/default/assets/hareruya/js/hareruya-event.js:1; src/Eccube/Controller/App/EventScheduleController.php:58-71		タグ絞り込みは読込済みデータに対してその場で行い、日付・期間の切替は画面遷移せずJSONを取得して描画を差し替える（html/template/default/assets/hareruya/js/hareruya-event.js:1）		high	
sheet-3-R046	MATCHED						src/Eccube/Controller/App/EventScheduleController.php:44-71; src/Eccube/Service/Front/Event/EventScheduleJsonBuilder.php:56-83		イベントデータはJSONとして返される（src/Eccube/Controller/App/EventScheduleController.php:55、src/Eccube/Controller/App/EventScheduleController.php:70）		high	
sheet-3-R047	OUT_OF_SCOPE								「イベント一覧, 日別イベント, 月別イベントのタブ切替えについて」は節見出し		high	
sheet-3-R048	MATCHED						src/Eccube/Resource/template/default/Event/index.twig:192-196; html/template/default/assets/hareruya/js/hareruya-event.js:1		タブ切替はページを読み込み直さずタブ内容の表示を差し替える（src/Eccube/Resource/template/default/Event/index.twig:192-196 のタブ要素、html/template/default/assets/hareruya/js/hareruya-event.js:1 のタブ切替処理は履歴の書き換えのみで再読込しない）		high	
sheet-3-R049	OUT_OF_SCOPE								「イベントの並び順」は節見出し		high	
sheet-3-R050	DRIFT	P3	実装違い	ふるまい	・開催日時昇順、フォーマット昇順にイベントを表示する	同じ開催日時のイベントは、フォーマットの昇順に並んで一覧に表示される	src/Eccube/Repository/DtbEventRepository.php:291-310; html/template/default/assets/hareruya/js/hareruya-event.js:1	並びは開催日時の昇順のあとイベントIDの昇順（src/Eccube/Repository/DtbEventRepository.php:307-308）。フロント側にフォーマット順の並び替えは無い	sheet-3-R021 と同一の実装欠陥（第2ソートキーがフォーマットではない）	img15(PC一覧)でカードの並びを確認	med	DtbEventRepository-no-format-sort
sheet-3-R051	MATCHED						html/template/default/assets/hareruya/js/hareruya-event.js:1; src/Eccube/Service/Front/Event/EventScheduleJsonBuilder.php:38-43		大型イベントは特別イベントより先（最上位）に描画される（html/template/default/assets/hareruya/js/hareruya-event.js:1 が大型→特別→おすすめ→デイリーの順に連結）	img12/img15で大型イベントタグ付きイベントが上部に来るのを確認	med	
sheet-3-R052	OUT_OF_SCOPE								「初期店舗」は節見出し		high	
sheet-3-R053	DRIFT	P2	実装違い	ふるまい	・Cookie等を加味して初期表示店舗を取得して表示させる(現行踏襲)	店舗を指定せずにイベント大会TOPを開いたとき、前回選択した店舗（Cookieに保持された店舗）のイベントが一覧に表示される	html/template/default/assets/hareruya/js/hareruya-event.js:1; src/Eccube/Resource/template/default/Event/index.twig:191; src/Eccube/Controller/Front/EventTopController.php:88-101; src/Eccube/Controller/App/EventScheduleController.php:114-127	画面枠（パンくず・店舗セレクト）はCookieの店舗で描画される（src/Eccube/Controller/Front/EventTopController.php:88-101、src/Eccube/Resource/template/default/Event/index.twig:191 が data-shop-id にその店舗IDを出力）が、イベント一覧のデータ取得はURLの店舗指定のみを見て、未指定なら常に店舗ID=1を送るため、Cookieの店舗と違うイベントが一覧に出る	html/template/default/assets/hareruya/js/hareruya-event.js:1 の店舗ID取得はURLの検索文字列から shop を読むだけで、見つからない場合は 1 を返す。src/Eccube/Resource/template/default/Event/index.twig:191 の data-shop-id は参照されていない。取得先(src/Eccube/Controller/App/EventScheduleController.php:114-127)はCookieを見る実装だが、常に shop が明示送信されるためCookieが効かない	img1/img15の店舗セレクトと一覧が同一店舗であることを前提とした図。実装ではCookie店舗と一覧の店舗が食い違う	med	index.twig-shop-id-not-used-by-event-list
sheet-3-R054	OUT_OF_SCOPE								「URL」は節見出し		high	
sheet-3-R055	OUT_OF_SCOPE								「・クエリは以下の通りとする」は後続の表の前置き		high	
sheet-3-R056	OUT_OF_SCOPE								クエリ表のヘッダ行（クエリ名／説明／省略時）		high	
sheet-3-R057	DRIFT	P2	実装違い	ふるまい	・Cookie等を加味して初期表示店舗を取得して表示させる(現行踏襲)	店舗指定を省略したとき、前回選択した店舗（Cookieに保持された店舗）のイベントが一覧に表示される	html/template/default/assets/hareruya/js/hareruya-event.js:1; src/Eccube/Resource/template/default/Event/index.twig:191; src/Eccube/Controller/App/EventScheduleController.php:114-127	店舗指定を省略しても、イベント一覧のデータ取得は常に店舗ID=1を送るためCookieの店舗が反映されない	sheet-3-R053 と同一の実装欠陥。店舗指定省略時の暗黙指定がイベント一覧の取得に効かない	img1/img15の店舗セレクトと一覧の店舗一致を前提とした図	med	index.twig-shop-id-not-used-by-event-list
sheet-3-R058	OUT_OF_SCOPE								「URL例」は見出し		high	
sheet-3-R059	MATCHED						src/Eccube/Controller/Front/EventTopController.php:46; src/Eccube/Resource/template/default/Event/index.twig:304-309		イベント大会TOPは /events（言語プレフィクス付きで /ja/events）で公開され、店舗指定は shop で受け取る（src/Eccube/Controller/Front/EventTopController.php:46,90-93、src/Eccube/Resource/template/default/Event/index.twig:307 が同形式のURLへ遷移）		high	
sheet-3-R060	OUT_OF_SCOPE								「ページ内での日付の文字色について」は節見出し		high	
sheet-3-R061	MATCHED						src/Eccube/Resource/template/default/Event/index.twig:220-241; html/template/default/assets/hareruya/js/hareruya-event.js:1; html/template/default/assets/hareruya/css/hareruya-event.css:1		ページ内の日付表示に曜日・祝日に応じた文字色クラスを付ける（html/template/default/assets/hareruya/js/hareruya-event.js:1 が土曜/日曜/祝日クラスを付与、html/template/default/assets/hareruya/css/hareruya-event.css:1 が色を定義）	img19/img22/img25で土曜が青・日曜が赤で表示されるのと一致	high	
sheet-3-R062	MATCHED						src/Eccube/Resource/template/default/Event/index.twig:226-235; html/template/default/assets/hareruya/js/hareruya-event.js:1; html/template/default/assets/hareruya/css/hareruya-event.css:1		土曜日の日付は青（#0043c7）で表示される（html/template/default/assets/hareruya/css/hareruya-event.css:1 の is-saturday、html/template/default/assets/hareruya/js/hareruya-event.js:1 が曜日6に付与）	img22の6/7(土)、img25の土曜列が青のと一致	high	
sheet-3-R063	MATCHED						src/Eccube/Resource/template/default/Event/index.twig:226-235; html/template/default/assets/hareruya/js/hareruya-event.js:1; html/template/default/assets/hareruya/css/hareruya-event.css:1		日曜日と祝日の日付は赤（#e60012）で表示される（html/template/default/assets/hareruya/css/hareruya-event.css:1 の is-sunday/is-holiday、html/template/default/assets/hareruya/js/hareruya-event.js:1 が曜日0と祝日一致で付与）	img22の6/8(日)、img25の日曜列が赤のと一致	high	
sheet-3-R064	MATCHED						src/Eccube/Repository/Master/MtbHolidayRepository.php:97-113; src/Eccube/Service/Front/Event/EventScheduleJsonBuilder.php:88-98; html/template/default/assets/hareruya/js/hareruya-event.js:1		祝日は祝日マスタ（祝日管理の登録日付）から取得してイベントデータと一緒に返し、フロントがその日付に祝日色を当てる（src/Eccube/Repository/Master/MtbHolidayRepository.php:97-113、src/Eccube/Service/Front/Event/EventScheduleJsonBuilder.php:88-98、html/template/default/assets/hareruya/js/hareruya-event.js:1）		high	
sheet-3-R065	OUT_OF_SCOPE								「ページ内機能ブロック一覧」は節見出し		high	
sheet-3-R066	OUT_OF_SCOPE								設計書の記載方針の説明（ブロック分割して記載する旨）で、実装対象の要求ではない		high	
sheet-3-R067	OUT_OF_SCOPE								ページ内機能ブロック一覧の区分行（1 パンくずリストとバナー）。以降の各ブロックの設計で判定する		high	
sheet-3-R068	OUT_OF_SCOPE								ページ内機能ブロック一覧の区分行（2 店舗選択）。以降の各ブロックの設計で判定する		high	
sheet-3-R069	OUT_OF_SCOPE								ページ内機能ブロック一覧の区分行（3 タグ選択）。以降の各ブロックの設計で判定する		high	
sheet-3-R070	OUT_OF_SCOPE								ページ内機能ブロック一覧の区分行（4 イベント一覧）。以降の各ブロックの設計で判定する		high	
sheet-3-R071	OUT_OF_SCOPE								ページ内機能ブロック一覧の区分行（5 大会特設ページ一覧）。以降の各ブロックの設計で判定する		high	
sheet-3-R072	OUT_OF_SCOPE								ページ内機能ブロック一覧の区分行（6 イベント協賛企業様一覧）。以降の各ブロックの設計で判定する		high	
sheet-3-R073	OUT_OF_SCOPE								「1. パンくずリストとバナー」はブロック見出し		high	
sheet-3-R074	OUT_OF_SCOPE								「レイアウト詳細」は見出し		high	
sheet-3-R075	OUT_OF_SCOPE								「スマートフォンPC」はレイアウト図の区分ラベル	img1(SP)/img6(PC)のレイアウト図の見出し	high	
sheet-3-R076	OUT_OF_SCOPE								「機能仕様機能説明」は節見出し		high	
sheet-3-R077	OUT_OF_SCOPE								「パンくずリスト(1-1)」は項目見出し		high	
sheet-3-R078	NOT_IMPLEMENTED	P3	未実装	IO	選択している店舗とタブに合わせて以下のように表示	表示中のタブに応じてパンくずの階層が変わり、日別・月別では店舗名の後ろに「日別」「月別」と対象期間が加わって表示される	src/Eccube/Resource/template/default/Event/index.twig:33-55; html/template/default/assets/hareruya/js/hareruya-event.js:1	パンくずは「ホーム > イベントTOP > 店舗名」の3階層で固定描画され（src/Eccube/Resource/template/default/Event/index.twig:33-55）、タブ切替でパンくずを書き換える処理は html/template/default/assets/hareruya/js/hareruya-event.js:1 にも無い	src/Eccube/Resource/template/default/Event/index.twig:33-55 のパンくずはタブに依存しない静的な3件。バンドル(html/template/default/assets/hareruya/js/hareruya-event.js:1)にパンくず要素を操作する処理は存在しない	img1/img6のレイアウト図はパンくず3〜4階層（「パンくず > パンくずが入ります」）で描かれ、タブ別の階層追加は図では判別できない	med	index.twig-breadcrumb-no-tab-segments
sheet-3-R079	MATCHED						src/Eccube/Resource/template/default/Event/index.twig:33-55		イベント一覧タブのパンくずは ホーム > イベントTOP > 店舗名 で表示される（src/Eccube/Resource/template/default/Event/index.twig:36-53）	img1のパンくず表示と一致	high	
sheet-3-R080	NOT_IMPLEMENTED	P3	未実装	IO	選択している店舗とタブに合わせて以下のように表示	日別で探すの表示中は、パンくずが 店舗名 の後ろに「日別」と表示中の期間の最初の月日を加えて表示される	src/Eccube/Resource/template/default/Event/index.twig:33-55; html/template/default/assets/hareruya/js/hareruya-event.js:1	パンくずは3階層固定で、日別・期間の階層は出力されない	sheet-3-R078 と同一の実装欠陥（パンくずがタブに追随しない）	img19(日別)のレイアウト図にパンくず部分は含まれない	med	index.twig-breadcrumb-no-tab-segments
sheet-3-R081	NOT_IMPLEMENTED	P3	未実装	IO	選択している店舗とタブに合わせて以下のように表示	月別で探すの表示中は、パンくずが 店舗名 の後ろに「月別」と表示中の年月を加えて表示される	src/Eccube/Resource/template/default/Event/index.twig:33-55; html/template/default/assets/hareruya/js/hareruya-event.js:1	パンくずは3階層固定で、月別・年月の階層は出力されない	sheet-3-R078 と同一の実装欠陥（パンくずがタブに追随しない）	img25(月別)のレイアウト図にパンくず部分は含まれない	med	index.twig-breadcrumb-no-tab-segments
sheet-3-R082	OUT_OF_SCOPE								「バナースライダー」は項目見出し		high	
sheet-3-R083	MATCHED						src/Eccube/Controller/Front/EventTopController.php:55-60; src/Eccube/Repository/Master/MtbBannerRepository.php:52-71		表示店舗と表示タイプ（スライドのみ／スライド+特設）でイベントバナーを検索して表示する（src/Eccube/Controller/Front/EventTopController.php:55-60、src/Eccube/Repository/Master/MtbBannerRepository.php:57-68）	img1/img6のバナースライダーと一致	high	
sheet-3-R084	NOT_IMPLEMENTED	P2	未実装	ふるまい	開催日当日または開催前で、かつ公開状態のイベントに登録されているバナーを表示する	スライダーに出るのは、開催日当日または開催前で公開状態のイベントのバナーだけで、開催が終わったイベントや非公開イベントのバナーは出ない	src/Eccube/Controller/Front/EventTopController.php:55-60; src/Eccube/Repository/Master/MtbBannerRepository.php:52-71; src/Eccube/Entity/Master/MtbBanner.php:42-77; src/Eccube/Form/Type/Admin/Event/EventBannerSettingType.php:54-120	バナーの絞り込み条件は店舗・言語・表示タイプ・画像URLが空でないことだけで、イベントとの紐付けや開催日・公開状態による除外が無い。バナー自体もイベントや期間を持たない	src/Eccube/Repository/Master/MtbBannerRepository.php:57-68 の検索条件にイベント・日付・公開状態が無い。バナー実体（MtbBanner.php:42-77）にイベント参照も期間も無く、管理側の入力項目（EventBannerSettingType.php:54-120）にもイベント選択が無いため、開催終了イベントのバナーを出さない仕組みが存在しない	img1/img6のバナースライダー図。図からは対象イベントの条件は読み取れない	med	MtbBannerRepository-no-event-period-filter
sheet-3-R085	DRIFT	P3	実装違い	ふるまい	"自動スクロールで5秒毎に左方向にスクロール
バナー画像をクリックすると、バナー設定で設定されているURLに遷移する"	バナースライダーは5秒ごとに自動で次のバナーへ送られる	src/Eccube/Resource/template/default/Event/index.twig:345-370	自動送りの間隔が4秒（4000ミリ秒）で設定されている（src/Eccube/Resource/template/default/Event/index.twig:348 スマホ、src/Eccube/Resource/template/default/Event/index.twig:368 PC）	src/Eccube/Resource/template/default/Event/index.twig:348/:368 の autoplaySpeed が 4000。英語版(src/Eccube/Resource/template/default/Event/index.en.twig:348)も同じ	img1/img6のバナー図。スクロール間隔は図では判別できないため本文の記述で判定	high	index.twig-banner-autoplay-4s
sheet-3-R086	MATCHED						src/Eccube/Resource/template/default/Event/index.twig:70-79		バナー画像はバナー設定のリンク先URLへのリンクになっている（src/Eccube/Resource/template/default/Event/index.twig:72）	img1/img6のバナー図と一致	high	
sheet-3-R087	MATCHED						src/Eccube/Controller/Front/EventTopController.php:37,55-60		スライダー用バナーの取得件数上限が8件（src/Eccube/Controller/Front/EventTopController.php:37 の上限値を src/Eccube/Controller/Front/EventTopController.php:58 で指定）		high	
sheet-3-R088	MATCHED						src/Eccube/Resource/template/default/Event/index.twig:73-76		PC用とスマホ用で同一の画像URLを使う（src/Eccube/Resource/template/default/Event/index.twig:74-75 が同じ画像を出力）	img1(SP)とimg6(PC)で同じバナー画像が使われているのと一致	high	
sheet-3-R089	OUT_OF_SCOPE								項目表ヘッダの折り返し行（または最大値／初期値／画面部品の説明）		high	
sheet-3-R090	MATCHED						src/Eccube/Resource/template/default/Event/index.twig:33-55		1-1 パンくずリストはリンクとして表示される（src/Eccube/Resource/template/default/Event/index.twig:36-45 がホーム・イベントTOPへのリンク、src/Eccube/Resource/template/default/Event/index.twig:48-51 が現在位置）	img1のパンくず表示と一致	high	
sheet-3-R091	DRIFT	P3	実装違い	ふるまい	"自動スクロールで5秒毎に左方向にスクロール
バナー画像をクリックすると、バナー設定で設定されているURLに遷移する"	バナー画像が5秒ごとに左方向へ自動で送られる	src/Eccube/Resource/template/default/Event/index.twig:345-370	自動送りの間隔が4秒（4000ミリ秒）で設定されている	sheet-3-R085 と同一の実装欠陥（自動送り間隔が設計の5秒でなく4秒）	img1/img6のバナー図。間隔は図では判別できない	high	index.twig-banner-autoplay-4s
sheet-3-R092	MATCHED						src/Eccube/Resource/template/default/Event/index.twig:81-90		バナー画像をサムネイルサイズで並べる領域があり、押すと該当スライドへ移動する（src/Eccube/Resource/template/default/Event/index.twig:81-90、src/Eccube/Resource/template/default/Event/index.twig:351-360）	img1/img6の下部に6枚のサムネイルが並ぶのと一致	high	
sheet-3-R093	OUT_OF_SCOPE								「2. 店舗選択」はブロック見出し		high	
sheet-3-R094	OUT_OF_SCOPE								「レイアウト詳細」は見出し		high	
sheet-3-R095	OUT_OF_SCOPE								「スマートフォン」はレイアウト図の区分ラベル	img10/img11の図見出し	high	
sheet-3-R096	OUT_OF_SCOPE								「PC」はレイアウト図の区分ラベル		high	
sheet-3-R097	OUT_OF_SCOPE								「機能仕様機能説明」は節見出し		high	
sheet-3-R098	MATCHED						src/Eccube/Resource/template/default/Event/index.twig:100-109,304-309		店舗セレクトの選択変更で、選択した店舗のイベントページへ移動する（src/Eccube/Resource/template/default/Event/index.twig:304-309）	img1の店舗セレクト（秋葉原）と一致	high	
sheet-3-R099	MATCHED						src/Eccube/Resource/template/default/Event/index.twig:304-309; src/Eccube/Controller/Front/EventTopController.php:46,90-93		移動先は店舗IDを付けたイベントTOPのURLで、GETで受け取って店舗を決める（src/Eccube/Resource/template/default/Event/index.twig:307、src/Eccube/Controller/Front/EventTopController.php:90-93）		high	
sheet-3-R100	MATCHED						src/Eccube/Resource/template/default/Event/index.twig:307; src/Eccube/Controller/Front/EventTopController.php:46		/ja/events?shop=<店舗ID> 形式のURLへ移動する（src/Eccube/Resource/template/default/Event/index.twig:307 が同形式を生成、src/Eccube/Controller/Front/EventTopController.php:46 が受ける）		high	
sheet-3-R101	DRIFT	P3	実装違い	ふるまい	"下記のような引数でGETで遷移させる
/ja/events/?shop=19
modeの引数は現在のページの値を引き継ぐ"	店舗を切り替えても、切り替え前に見ていた表示方式（イベント一覧／日別で探す／月別で探す）のままイベントが表示される	src/Eccube/Resource/template/default/Event/index.twig:304-309; html/template/default/assets/hareruya/js/hareruya-event.js:1	店舗切替時の移動先URLには店舗IDだけが付き、表示方式は引き継がれない（src/Eccube/Resource/template/default/Event/index.twig:307）。さらに店舗が変わるとタブの保持状態が破棄されるため、常にイベント一覧タブに戻る（html/template/default/assets/hareruya/js/hareruya-event.js:1 の店舗変更検知でタブ状態を消去）	src/Eccube/Resource/template/default/Event/index.twig:304-309 は shop のみを付与。html/template/default/assets/hareruya/js/hareruya-event.js:1 は店舗IDが前回と異なると保存済みタブ状態を全消去するため、日別・月別を見ていても店舗切替後はイベント一覧が開く	img10/img11の店舗選択図。タブ引継ぎは図では判別できない	med	index.twig-store-select-drops-tab
sheet-3-R102	MATCHED						src/Eccube/Resource/template/default/Event/index.twig:110-115		店舗ページリンクは表示中店舗の店舗詳細ページへのリンクになっている（src/Eccube/Resource/template/default/Event/index.twig:111）	img1の「店舗」ボタンと一致	high	
sheet-3-R103	OUT_OF_SCOPE								項目表ヘッダの折り返し行		high	
sheet-3-R104	MATCHED						src/Eccube/Resource/template/default/Event/index.twig:100-109,304-309		2-1 店舗選択は単一選択のセレクトボックスで、選択で該当店舗のイベントページへ移動する（src/Eccube/Resource/template/default/Event/index.twig:102-106、src/Eccube/Resource/template/default/Event/index.twig:304-309）	img1/img10の店舗セレクトと一致	high	
sheet-3-R105	MATCHED						src/Eccube/Resource/template/default/Event/index.twig:110-115		2-2 店舗ページリンクはボタン体裁のリンクで店舗詳細ページへ移動する（src/Eccube/Resource/template/default/Event/index.twig:111-114）	img1の「店舗」ボタンと一致	high	
sheet-3-R106	OUT_OF_SCOPE								「3. タグ選択」はブロック見出し		high	
sheet-3-R107	OUT_OF_SCOPE								「レイアウト詳細」は見出し		high	
sheet-3-R108	OUT_OF_SCOPE								「スマートフォン」はレイアウト図の区分ラベル	img10のタグ行図	high	
sheet-3-R109	OUT_OF_SCOPE								「PC」はレイアウト図の区分ラベル		high	
sheet-3-R110	OUT_OF_SCOPE								「詳細検索モーダル」はレイアウト図の区分ラベル		high	
sheet-3-R111	OUT_OF_SCOPE								モーダルの内容は別機能「大会詳細検索(F07-02)」の設計に記載されているという参照であり、本シートの実装要求ではない		high	
sheet-3-R112	OUT_OF_SCOPE								「機能仕様機能説明」は節見出し		high	
sheet-3-R113	DRIFT	P3	実装違い	IO	タグ(3-1)をカードフォーマット,ルール適用度,イベント規模(大型イベントのみ)の順で表示	タグ行にはカードフォーマット、ルール適用度に続けてイベント規模（大型イベント）のタグが並び、大型イベントだけに絞り込める	src/Eccube/Resource/template/default/Event/index.twig:119-188	タグ行はカードフォーマット8種（src/Eccube/Resource/template/default/Event/index.twig:122-155）とルール適用度4種＋月別専用の平日・休日（src/Eccube/Resource/template/default/Event/index.twig:156-181）だけで、イベント規模（大型イベント）のタグが無く、大型イベントだけの絞り込みができない	src/Eccube/Resource/template/default/Event/index.twig:119-188 のタグ要素を全数確認。value は format 8種と rule（beginner/casual/competitive/reservation/weekday/holiday）のみで、イベント規模に相当するタグは存在しない。絞り込み処理(html/template/default/assets/hareruya/js/hareruya-event.js:1)にも規模条件は無い	img10(SPタグ行)にもフォーマット8＋ルール4＋詳細検索しか描かれていないが、平日・休日と同様に月別のみ表示の可能性があるため本文の記述で判定	med	index.twig-no-event-scale-filter-tag
sheet-3-R114	MATCHED						html/template/default/assets/hareruya/js/hareruya-event.js:1; src/Eccube/Resource/template/default/Event/index.twig:119-188		タグを選ぶと、取得済みのイベントデータから条件に合うものだけを抽出して一覧を再描画する（html/template/default/assets/hareruya/js/hareruya-event.js:1 の絞り込み処理、src/Eccube/Resource/template/default/Event/index.twig:124-180 のタグ要素）	img10のタグ行と一致	high	
sheet-3-R115	MATCHED						src/Eccube/Resource/template/default/Event/index.twig:119-188; html/template/default/assets/hareruya/js/hareruya-event.js:1		タグは複数選択でき、同じ項目内で選んだ値はいずれかに一致すれば残る（html/template/default/assets/hareruya/js/hareruya-event.js:1 の絞り込みはフォーマット同士・ルール同士をOr、項目間をAndで評価）。項目間Andは同書 sheet-4（大会詳細検索）の「各項目はAND検索とし、各項目内の選択肢は原則OR検索とする」に沿う	img10のタグ行（複数選択可）と一致	med	
sheet-3-R116	MATCHED						src/Eccube/Resource/template/default/Event/index.twig:173-180; html/template/default/assets/hareruya/js/hareruya-event.js:1		平日・休日タグは初期状態で非表示で、月別で探すタブのときだけ表示される（src/Eccube/Resource/template/default/Event/index.twig:173-180 の非表示指定、html/template/default/assets/hareruya/js/hareruya-event.js:1 が月別タブでのみ非表示解除）		high	
sheet-3-R117	MATCHED						src/Eccube/Resource/template/default/Event/index.twig:183-187; src/Eccube/Resource/template/default/Block/header.twig:175		詳細検索ボタン押下で詳細検索モーダルが開く（src/Eccube/Resource/template/default/Event/index.twig:183 が event-search モーダルを開く指定、src/Eccube/Resource/template/default/Block/header.twig:175 がイベント系画面で該当モーダルを描画）		high	
sheet-3-R118	OUT_OF_SCOPE								項目表ヘッダの折り返し行		high	
sheet-3-R119	DRIFT	P3	実装違い	IO	カードフォーマット,ルール適用度,イベント規模(大型イベントのみ)の順で表示	3-1のタグには、カードフォーマットとルール適用度に続いてイベント規模（大型イベント）のチェックボックスが並ぶ	src/Eccube/Resource/template/default/Event/index.twig:119-188	タグはカードフォーマット8種とルール適用度4種（＋月別専用の平日・休日）だけで、イベント規模のタグが無い	sheet-3-R113 と同一の実装欠陥（イベント規模タグが存在しない）	img10のタグ行にもイベント規模タグは描かれていない	med	index.twig-no-event-scale-filter-tag
sheet-3-R120	MATCHED						src/Eccube/Resource/template/default/Event/index.twig:183-187		3-2 詳細検索はボタンで、押すと詳細検索モーダルを開く（src/Eccube/Resource/template/default/Event/index.twig:183-187）	img10の「詳細検索」ボタンと一致	high	
sheet-3-R121	MATCHED						src/Eccube/Resource/template/default/Block/header.twig:175; src/Eccube/Resource/template/default/Block/event_detailed_search_modal.twig:11-12		詳細検索条件を入力するモーダルがイベント系画面で描画される（src/Eccube/Resource/template/default/Block/header.twig:175、モーダル本体は event_detailed_search_modal.twig:11）		high	
sheet-3-R122	OUT_OF_SCOPE								「4. イベント一覧」はブロック見出し		high	
sheet-3-R123	OUT_OF_SCOPE								「A. イベント一覧(初期表示)」は節見出し		high	
sheet-3-R124	OUT_OF_SCOPE								「レイアウト詳細」は見出し		high	
sheet-3-R125	OUT_OF_SCOPE								「スマートフォン」はレイアウト図の区分ラベル	img11/img12の図見出し	high	
sheet-3-R126	OUT_OF_SCOPE								「イベントアコーディオン展開状態」はレイアウト図の状態ラベル	img12がアコーディオン展開状態の図	high	
sheet-3-R127	OUT_OF_SCOPE								「PC」はレイアウト図の区分ラベル	img15のPC図	high	
sheet-3-R128	OUT_OF_SCOPE								「※赤点線枠部分がアコーディオン展開状態」はレイアウト図の注記	img15の赤点線枠の説明	high	
sheet-3-R129	OUT_OF_SCOPE								「機能仕様機能説明」は節見出し		high	
sheet-3-R130	OUT_OF_SCOPE								「イベント一覧共通機能」は区分見出し		high	
sheet-3-R131	MATCHED						src/Eccube/Resource/template/default/Event/index.twig:192-196; html/template/default/assets/hareruya/js/hareruya-event.js:1		検索モード選択タグ（イベント一覧／日別で探す／月別で探す）で一覧の表示方式を切り替える（src/Eccube/Resource/template/default/Event/index.twig:192-196、html/template/default/assets/hareruya/js/hareruya-event.js:1）	img1/img15/img19/img25でタブ3種を確認	high	
sheet-3-R132	MATCHED						html/template/default/assets/hareruya/js/hareruya-event.js:1; src/Eccube/Service/Front/Event/EventScheduleJsonBuilder.php:56-83		店舗ごとに取得したイベントに対しタグ選択の条件で絞り込み、その結果を規模ごとに振り分けて該当セクションへ描画する（html/template/default/assets/hareruya/js/hareruya-event.js:1）	img15で絞り込み後の一覧がセクション別に並ぶのを確認	high	
sheet-3-R133	MATCHED						src/Eccube/Resource/template/default/Event/index.twig:205; html/template/default/assets/hareruya/js/hareruya-event.js:1		該当イベントが0件のセクションは見出しごと出力されない（html/template/default/assets/hareruya/js/hareruya-event.js:1 のセクション生成が空配列で空文字を返す）	img11/img12のセクション構成（該当なしのブロックは図に現れない）と一致	high	
sheet-3-R134	DRIFT	P3	実装違い	IO	"下記条件で特別イベント(4-5),おすすめイベント(4-6)を抽出し、該当箇所に表示する。該当するイベントが0件の場合、トルツメとする
特別イベント　イベント規模が「特別イベント」または「大型イベント」"	イベント規模が「特別イベント」または「大型イベント」のイベントは、いずれも特別イベントのブロックにまとめて表示される	src/Eccube/Service/Front/Event/EventScheduleJsonBuilder.php:35-43; html/template/default/assets/hareruya/js/hareruya-event.js:1	大型イベントは「大型イベント」という独立した見出しのセクションに分けて描画され、特別イベントのブロックにはイベント規模が「特別イベント」のものだけが入る（src/Eccube/Service/Front/Event/EventScheduleJsonBuilder.php:38-43 が大型/特別を別区分に写し、html/template/default/assets/hareruya/js/hareruya-event.js:1 が large/special を別セクションとして生成）	html/template/default/assets/hareruya/js/hareruya-event.js:1 は large・special・recommend・regular の4セクションを別見出しで連結する。src/Eccube/Service/Front/Event/EventScheduleJsonBuilder.php:38-43 の対応表も大型と特別を別の区分として渡している	img11/img12/img15のレイアウト図では見出しは「特別イベント」「おすすめイベント」「デイリーイベント」の3つで、大型イベントは特別イベント枠の中にタグ付きで並んでいる（大型イベント見出しは図に無い）	high	EventScheduleJsonBuilder-large-scale-separate-section
sheet-3-R135	MATCHED						src/Eccube/Service/Front/Event/EventScheduleJsonBuilder.php:38-43; html/template/default/assets/hareruya/js/hareruya-event.js:1		イベント規模が「おすすめイベント」のイベントをおすすめイベントのブロックに表示する（src/Eccube/Service/Front/Event/EventScheduleJsonBuilder.php:41、html/template/default/assets/hareruya/js/hareruya-event.js:1）	img11/img12のおすすめイベント枠と一致	high	
sheet-3-R136	MATCHED						src/Eccube/Resource/template/default/Event/index.twig:205; html/template/default/assets/hareruya/js/hareruya-event.js:1; html/template/default/assets/hareruya/css/hareruya-event.css:1		無料イベントは「無料」アイコン、大型イベントはトロフィーアイコンのタグで示され、特別イベント規模は専用の背景色付きセクションで区別される（html/template/default/assets/hareruya/js/hareruya-event.js:1、html/template/default/assets/hareruya/css/hareruya-event.css:1）	img11/img12で無料アイコン・大型イベントアイコンを確認。特別イベント専用アイコンは正本レイアウト図にも無い	med	
sheet-3-R137	MATCHED						src/Eccube/Resource/template/default/Event/index.twig:198-206; html/template/default/assets/hareruya/js/hareruya-event.js:1; html/template/default/assets/hareruya/css/hareruya-event.css:1		PC幅では特別イベント・おすすめイベントのセクションはアコーディオンを開かずに中身が見えている（html/template/default/assets/hareruya/css/hareruya-event.css:1 の画面幅1024px以上の指定でアコーディオン領域を常時表示、開閉アイコンも非表示）	img15(PC)で特別・おすすめのカードが開催時間まで展開表示されているのと一致	high	
sheet-3-R138	MATCHED						src/Eccube/Resource/template/default/Event/index.twig:198-206; html/template/default/assets/hareruya/js/hareruya-event.js:1; html/template/default/assets/hareruya/css/hareruya-event.css:1		PC幅では特別・おすすめのカードに開催日時の時間ボタンが表示された状態になる（html/template/default/assets/hareruya/css/hareruya-event.css:1 の1024px以上の常時表示指定、html/template/default/assets/hareruya/js/hareruya-event.js:1 が時間ボタンを生成）	img15(PC)で特別・おすすめのカードに時間ボタンが並ぶのと一致	high	
sheet-3-R139	MATCHED						src/Eccube/Resource/template/default/Event/index.twig:205; html/template/default/assets/hareruya/js/hareruya-event.js:1		特別・おすすめ・大型のいずれにも該当しないイベントはデイリーイベント（定番）のセクションに一覧表示される（html/template/default/assets/hareruya/js/hareruya-event.js:1 の振り分けで残りを regular に集約）	img11/img15の「デイリーイベント」セクションと一致（正本レイアウト図の見出しはデイリーイベント）	high	
sheet-3-R140	MATCHED						html/template/default/assets/hareruya/js/hareruya-event.js:1; src/Eccube/Resource/locale/messages.ja.yaml:6575-6576		どのセクションにもイベントが無い場合、「対象のイベントはありません。／他の期間か内容で再チェックしてください！」を一覧位置に表示する（html/template/default/assets/hareruya/js/hareruya-event.js:1 の空表示生成、文言は messages.ja.yaml:6575-6576）。同シートの表示メッセージ表（F07-01-MSG-001/002）がこの文言を定めており、実装はそれに一致	空表示のレイアウト図は無し。文言は同シートのメッセージ表で確認	med	
sheet-3-R141	MATCHED						src/Eccube/Resource/template/default/Event/index.twig:205; html/template/default/assets/hareruya/js/hareruya-event.js:1; html/template/default/assets/hareruya/css/hareruya-event.css:1		イベント基本情報の押下でアコーディオンが開き、開催日時の時間ボタンが現れる（html/template/default/assets/hareruya/js/hareruya-event.js:1 のアコーディオン処理、html/template/default/assets/hareruya/css/hareruya-event.css:1 の開閉指定）	img12(SP展開状態)/img15(赤点線枠)でアコーディオン展開時に時間ボタンが出るのと一致	high	
sheet-3-R142	DESIGN_ISSUE				・イベント開催時間(4-13)を押下すると、予約枠が0ではない場合、大会申込画面に遷移する		html/template/default/assets/hareruya/js/hareruya-event.js:1		同ブロックの「・イベント開催時間(4-13)をクリックすることで、大会詳細画面へ遷移する」および項目定義4-13「ボタン押下で大会詳細画面に遷移する」と遷移先が食い違う。実装(html/template/default/assets/hareruya/js/hareruya-event.js:1)は開催時間ボタンを常に大会詳細(/events/{detailId}/detail, src/Eccube/Controller/Front/EventDetailController.php:36)へのリンクにしており、予約枠が0でないときだけ申込画面へ送る分岐は無い。どちらが正かは設計裁定待ち。	img15(PC イベント一覧)は特別/おすすめが開催時間展開・デイリーが折りたたみ、前送りの矢印は非表示。	high	
sheet-3-R143	MATCHED						html/template/default/assets/hareruya/js/hareruya-event.js:1; html/template/default/assets/hareruya/css/hareruya-common.css:1; src/Eccube/Resource/template/default/Event/index.twig:278		"開催時間カードは entry_flg=0（予約不要）のとき受付状況を出さず（html/template/default/assets/hareruya/js/hareruya-event.js:1 の status:""none""）、CSS でも [data-status=no-entry] の受付状況は非表示（html/template/default/assets/hareruya/css/hareruya-common.css:1）。予約が必要な開催日程だけ残数から受付状況を出す。このフロント実装は src/Eccube/Resource/template/default/Event/index.twig:278 でイベント大会TOPに読み込まれる。"	img15(PC イベント一覧)は特別/おすすめが開催時間展開・デイリーが折りたたみ、前送りの矢印は非表示。	high	
sheet-3-R144	MATCHED						html/template/default/assets/hareruya/js/hareruya-event.js:1; html/template/default/assets/hareruya/css/hareruya-common.css:1; src/Eccube/Resource/template/default/Event/index.twig:278		"開催日の23:59:59を過ぎた開催時間カードは data-status=""finished"" と「開催終了」表示になり（html/template/default/assets/hareruya/js/hareruya-event.js:1）、CSS で背景 #ddd のグレーになる（html/template/default/assets/hareruya/css/hareruya-common.css:1）。このフロント実装は src/Eccube/Resource/template/default/Event/index.twig:278 でイベント大会TOPに読み込まれる。"	img15(PC イベント一覧)は特別/おすすめが開催時間展開・デイリーが折りたたみ、前送りの矢印は非表示。	high	
sheet-3-R145	MATCHED						html/template/default/assets/hareruya/js/hareruya-event.js:1; src/Eccube/Controller/Front/EventDetailController.php:36		"開催時間カードは <a href=""/{locale}/events/{detailId}/detail""> として描画され（html/template/default/assets/hareruya/js/hareruya-event.js:1）、大会詳細（src/Eccube/Controller/Front/EventDetailController.php:36）へ遷移する。"	img15(PC イベント一覧)は特別/おすすめが開催時間展開・デイリーが折りたたみ、前送りの矢印は非表示。	high	
sheet-3-R146	OUT_OF_SCOPE								表番号の見出し行（「表1」）で、要求を述べていない。		high	
sheet-3-R147	OUT_OF_SCOPE								表の見出し行（受付状況／条件）で、要求を述べていない。		high	
sheet-3-R148	MATCHED						html/template/default/assets/hareruya/js/hareruya-event.js:1; html/template/default/assets/hareruya/css/hareruya-common.css:1; src/Eccube/Resource/template/default/Event/index.twig:278		"残数 = capacity - entry_count が5より大きいとき status:""open"" / 「予約受付中」（html/template/default/assets/hareruya/js/hareruya-event.js:1）。CSS で青字表示（html/template/default/assets/hareruya/css/hareruya-common.css:1）。このフロント実装は src/Eccube/Resource/template/default/Event/index.twig:278 でイベント大会TOPに読み込まれる。"	img15(PC イベント一覧)は特別/おすすめが開催時間展開・デイリーが折りたたみ、前送りの矢印は非表示。	high	
sheet-3-R149	MATCHED						html/template/default/assets/hareruya/js/hareruya-event.js:1; html/template/default/assets/hareruya/css/hareruya-common.css:1; src/Eccube/Resource/template/default/Event/index.twig:278		"残数が5以下（0より大きい）のとき status:""few"" / 「残りわずか」（html/template/default/assets/hareruya/js/hareruya-event.js:1）。CSS で赤字表示（html/template/default/assets/hareruya/css/hareruya-common.css:1）。このフロント実装は src/Eccube/Resource/template/default/Event/index.twig:278 でイベント大会TOPに読み込まれる。"	img15(PC イベント一覧)は特別/おすすめが開催時間展開・デイリーが折りたたみ、前送りの矢印は非表示。	high	
sheet-3-R150	MATCHED						html/template/default/assets/hareruya/js/hareruya-event.js:1; src/Eccube/Resource/template/default/Event/index.twig:278		"残数0以下、または予約可能期間の終了日の翌日以降のとき status:""closed"" / 「予約終了」（html/template/default/assets/hareruya/js/hareruya-event.js:1）。このフロント実装は src/Eccube/Resource/template/default/Event/index.twig:278 でイベント大会TOPに読み込まれる。"	img15(PC イベント一覧)は特別/おすすめが開催時間展開・デイリーが折りたたみ、前送りの矢印は非表示。	high	
sheet-3-R151	MATCHED						html/template/default/assets/hareruya/js/hareruya-event.js:1; src/Eccube/Resource/template/default/Event/index.twig:278		"現在時刻が予約可能開始日時より前のとき status:""before"" / 「予約受付時間外」（html/template/default/assets/hareruya/js/hareruya-event.js:1）。このフロント実装は src/Eccube/Resource/template/default/Event/index.twig:278 でイベント大会TOPに読み込まれる。"	img15(PC イベント一覧)は特別/おすすめが開催時間展開・デイリーが折りたたみ、前送りの矢印は非表示。	high	
sheet-3-R152	OUT_OF_SCOPE								節の見出し行（A. イベント一覧(初期表示)機能）。		high	
sheet-3-R153	OUT_OF_SCOPE								節の見出し行（初期表示）。		high	
sheet-3-R154	MATCHED						html/template/default/assets/hareruya/js/hareruya-event.js:1; src/Eccube/Resource/template/default/Event/index.twig:200-204		イベント一覧タブの表示期間は当日から14日分（html/template/default/assets/hareruya/js/hareruya-event.js:1 の getDateRangeForPeriod→14日レンジ生成）で、表示期間ラベルは「Y/m/d(曜) 〜 Y/m/d(曜)」を出す（html/template/default/assets/hareruya/js/hareruya-event.js:1、src/Eccube/Resource/template/default/Event/index.twig:202）。	img15の表示期間ラベルは「2025/6/6(金) 〜 2025/7/5(土)」で30日分に見えるが、機能仕様の「14日分」を正とした。	high	
sheet-3-R155	OUT_OF_SCOPE								節の見出し行（ページ内機能）。		high	
sheet-3-R156	OUT_OF_SCOPE								後続2行（範囲内／範囲外の挙動）への前置き行で、それ自体は挙動を述べていない。		high	
sheet-3-R157	MATCHED						html/template/default/assets/hareruya/js/hareruya-event.js:1; src/Eccube/Resource/template/default/Event/index.twig:278		期間送りで既に読込んだ範囲内なら、保持しているイベントデータから当該期間分を絞って表示を作り直す（html/template/default/assets/hareruya/js/hareruya-event.js:1 の changePeriod→filterEventsForCurrentPeriod）。このフロント実装は src/Eccube/Resource/template/default/Event/index.twig:278 でイベント大会TOPに読み込まれる。	img15(PC イベント一覧)は特別/おすすめが開催時間展開・デイリーが折りたたみ、前送りの矢印は非表示。	high	
sheet-3-R158	MATCHED						html/template/default/assets/hareruya/js/hareruya-event.js:1; src/Eccube/Controller/App/EventScheduleController.php:58-71		保持データが無い期間へ送ったときはサーバから当該期間のイベントデータを取り直して表示を更新し、併せて前後1ヶ月弱を裏で読込む（html/template/default/assets/hareruya/js/hareruya-event.js:1、取得先は src/Eccube/Controller/App/EventScheduleController.php:58-71）。ただし期間送りは前後2期間（±28日）で打ち切られ、それ以上先へは進めない。	img15(PC イベント一覧)は特別/おすすめが開催時間展開・デイリーが折りたたみ、前送りの矢印は非表示。	med	
sheet-3-R159	DRIFT	P3	実装違い	ふるまい	・現在表示している表示期間が現在日を含む場合は、前14日選択(4-2)を非表示にする	イベント一覧タブで当日を含む期間を表示しているときは、前の期間へ戻すボタンを画面に出さない（過去へ戻せない）。	html/template/default/assets/hareruya/js/hareruya-event.js:1; src/Eccube/Resource/template/default/Event/index.twig:201	前送りボタンは表示期間が当日を含む初期状態でも押せる状態で表示され、押すと当日より前の14日間へ戻る。非表示になるのは2期間（28日）戻したときだけ（html/template/default/assets/hareruya/js/hareruya-event.js:1 の updateNavigationButtons は prev.disabled = 期間インデックス<=-2 のみ、CSS は :disabled のとき文字色を白にして見えなくする: html/template/default/assets/hareruya/css/hareruya-event.css）。	初期表示（当日を含む期間）で前送りボタンが押せてしまい、設計が禁じている過去期間の表示ができる。img15 でも初期表示に前送り矢印は描かれていない。	img15(PC イベント一覧)は特別/おすすめが開催時間展開・デイリーが折りたたみ、前送りの矢印は非表示。	high	index.twig-prev-nav-not-hidden-on-current-period
sheet-3-R160	OUT_OF_SCOPE								項目表の見出し行（または最大値／初期値／画面部品の説明）。		high	
sheet-3-R161	MATCHED						src/Eccube/Resource/template/default/Event/index.twig:192-196; html/template/default/assets/hareruya/js/hareruya-event.js:1		検索モード選択タグは「イベント一覧」「日別で探す」「月別で探す」の3タブとして描画され、押すと表示モードが切り替わる（src/Eccube/Resource/template/default/Event/index.twig:192-196、切替は html/template/default/assets/hareruya/js/hareruya-event.js:1 の setupTabListeners/handleTabChange）。	img15(PC イベント一覧)は特別/おすすめが開催時間展開・デイリーが折りたたみ、前送りの矢印は非表示。	high	
sheet-3-R162	MATCHED						src/Eccube/Resource/template/default/Event/index.twig:201; html/template/default/assets/hareruya/js/hareruya-event.js:1		前14日選択ボタンを描画し（src/Eccube/Resource/template/default/Event/index.twig:201）、押すと14日前の期間のイベントを表示する（html/template/default/assets/hareruya/js/hareruya-event.js:1 の changePeriod(-1)）。	img15(PC イベント一覧)は特別/おすすめが開催時間展開・デイリーが折りたたみ、前送りの矢印は非表示。	high	
sheet-3-R163	MATCHED						src/Eccube/Resource/template/default/Event/index.twig:202; html/template/default/assets/hareruya/js/hareruya-event.js:1		表示期間ラベルを描画し（src/Eccube/Resource/template/default/Event/index.twig:202）、現在の表示期間を「Y/m/d(曜) 〜 Y/m/d(曜)」で出す（html/template/default/assets/hareruya/js/hareruya-event.js:1 の updatePeriodDisplay）。	img15(PC イベント一覧)は特別/おすすめが開催時間展開・デイリーが折りたたみ、前送りの矢印は非表示。	high	
sheet-3-R164	MATCHED						src/Eccube/Resource/template/default/Event/index.twig:203; html/template/default/assets/hareruya/js/hareruya-event.js:1		後14日選択ボタンを描画し（src/Eccube/Resource/template/default/Event/index.twig:203）、押すと14日後の期間のイベントを表示する（html/template/default/assets/hareruya/js/hareruya-event.js:1 の changePeriod(1)）。	img15(PC イベント一覧)は特別/おすすめが開催時間展開・デイリーが折りたたみ、前送りの矢印は非表示。	high	
sheet-3-R165	MATCHED						html/template/default/assets/hareruya/js/hareruya-event.js:1; src/Eccube/Service/Front/Event/EventScheduleJsonBuilder.php:38-43		"イベント規模が特別イベントのものを「特別イベント」ブロックとして一覧表示する（html/template/default/assets/hareruya/js/hareruya-event.js:1 の U()／Q(...,""special"",""特別イベント"")、規模の対応付けは src/Eccube/Service/Front/Event/EventScheduleJsonBuilder.php:38-43）。なお大型イベントは実装では直前の別ブロックとして描かれる（グルーピング順序は同シート前半の要求）。"	img15(PC イベント一覧)は特別/おすすめが開催時間展開・デイリーが折りたたみ、前送りの矢印は非表示。	high	
sheet-3-R166	MATCHED						html/template/default/assets/hareruya/css/hareruya-event.css; html/template/default/assets/hareruya/js/hareruya-event.js:1; src/Eccube/Resource/template/default/Event/index.twig:278		PC幅（min-width:1024px）では特別イベント側のアコーディオンは max-height:none / opacity:1 で開いた状態になり、開催時間が最初から見えている（html/template/default/assets/hareruya/css/hareruya-event.css）。折りたたみは定番（--wide）側だけに残る。このフロント実装は src/Eccube/Resource/template/default/Event/index.twig:278 でイベント大会TOPに読み込まれる。	img15(PC イベント一覧)は特別/おすすめが開催時間展開・デイリーが折りたたみ、前送りの矢印は非表示。	high	
sheet-3-R167	MATCHED						html/template/default/assets/hareruya/js/hareruya-event.js:1; src/Eccube/Resource/template/default/Event/index.twig:278		"該当イベントが0件のブロックは空文字を返して描画されない（html/template/default/assets/hareruya/js/hareruya-event.js:1 の Q() 先頭 0===e.length で """" を返す）。このフロント実装は src/Eccube/Resource/template/default/Event/index.twig:278 でイベント大会TOPに読み込まれる。"	img15(PC イベント一覧)は特別/おすすめが開催時間展開・デイリーが折りたたみ、前送りの矢印は非表示。	high	
sheet-3-R168	MATCHED						html/template/default/assets/hareruya/js/hareruya-event.js:1; src/Eccube/Service/Front/Event/EventScheduleJsonBuilder.php:38-43		イベント規模がおすすめイベントのものを「おすすめイベント」ブロックとして一覧表示する（html/template/default/assets/hareruya/js/hareruya-event.js:1、規模の対応付けは src/Eccube/Service/Front/Event/EventScheduleJsonBuilder.php:38-43）。	img15(PC イベント一覧)は特別/おすすめが開催時間展開・デイリーが折りたたみ、前送りの矢印は非表示。	high	
sheet-3-R169	MATCHED						html/template/default/assets/hareruya/css/hareruya-event.css; html/template/default/assets/hareruya/js/hareruya-event.js:1; src/Eccube/Resource/template/default/Event/index.twig:278		PC幅ではおすすめイベントのアコーディオンも開いた状態（max-height:none / opacity:1）で開催時間が見えている（html/template/default/assets/hareruya/css/hareruya-event.css）。このフロント実装は src/Eccube/Resource/template/default/Event/index.twig:278 でイベント大会TOPに読み込まれる。	img15(PC イベント一覧)は特別/おすすめが開催時間展開・デイリーが折りたたみ、前送りの矢印は非表示。	high	
sheet-3-R170	MATCHED						html/template/default/assets/hareruya/js/hareruya-event.js:1; src/Eccube/Resource/template/default/Event/index.twig:278		"該当イベントが0件のブロックは描画されない（html/template/default/assets/hareruya/js/hareruya-event.js:1 の Q() が """" を返す）。このフロント実装は src/Eccube/Resource/template/default/Event/index.twig:278 でイベント大会TOPに読み込まれる。"	img15(PC イベント一覧)は特別/おすすめが開催時間展開・デイリーが折りたたみ、前送りの矢印は非表示。	high	
sheet-3-R171	MATCHED						html/template/default/assets/hareruya/js/hareruya-event.js:1; src/Eccube/Resource/template/default/Event/index.twig:278		大型・特別・おすすめのいずれでもないイベントを最後のブロック（画面上の見出しは「デイリーイベント」）に一覧表示する（html/template/default/assets/hareruya/js/hareruya-event.js:1 の U() の regular 群）。見出し文言は img15 の設計図と一致する。このフロント実装は src/Eccube/Resource/template/default/Event/index.twig:278 でイベント大会TOPに読み込まれる。	img15(PC イベント一覧)は特別/おすすめが開催時間展開・デイリーが折りたたみ、前送りの矢印は非表示。	high	
sheet-3-R172	MATCHED						html/template/default/assets/hareruya/js/hareruya-event.js:1; src/Eccube/Resource/template/default/Event/index.twig:278		"定番ブロックも0件なら描画されない（html/template/default/assets/hareruya/js/hareruya-event.js:1 の Q() が """" を返す）。このフロント実装は src/Eccube/Resource/template/default/Event/index.twig:278 でイベント大会TOPに読み込まれる。"	img15(PC イベント一覧)は特別/おすすめが開催時間展開・デイリーが折りたたみ、前送りの矢印は非表示。	high	
sheet-3-R173	MATCHED						html/template/default/assets/hareruya/js/hareruya-event.js:1; src/Eccube/Resource/template/default/Event/index.twig:278		イベント基本情報ブロックにフォーマットラベル、イベント名、ルール適用度・規模・無料のタグを出す（html/template/default/assets/hareruya/js/hareruya-event.js:1 の Q() 内 event card 生成）。このフロント実装は src/Eccube/Resource/template/default/Event/index.twig:278 でイベント大会TOPに読み込まれる。	img15(PC イベント一覧)は特別/おすすめが開催時間展開・デイリーが折りたたみ、前送りの矢印は非表示。	high	
sheet-3-R174	MATCHED						html/template/default/assets/hareruya/js/hareruya-event.js:1; src/Eccube/Resource/template/default/Event/index.twig:278		イベント基本情報はボタンで、押すと aria-expanded を切り替えて対応するアコーディオンに is-open を付け、開催日時が開く（html/template/default/assets/hareruya/js/hareruya-event.js:1 の initAccordions）。このフロント実装は src/Eccube/Resource/template/default/Event/index.twig:278 でイベント大会TOPに読み込まれる。	img15(PC イベント一覧)は特別/おすすめが開催時間展開・デイリーが折りたたみ、前送りの矢印は非表示。	high	
sheet-3-R175	MATCHED						html/template/default/assets/hareruya/js/hareruya-event.js:1; src/Eccube/Service/Front/Event/EventScheduleJsonBuilder.php:139-146		イベントに設定されたフォーマットごとにフォーマット別の色を持つラベルを出す（html/template/default/assets/hareruya/js/hareruya-event.js:1 のフォーマットラベル生成、フォーマットは src/Eccube/Service/Front/Event/EventScheduleJsonBuilder.php:139-146 の JSON から）。	img15(PC イベント一覧)は特別/おすすめが開催時間展開・デイリーが折りたたみ、前送りの矢印は非表示。	high	
sheet-3-R176	MATCHED						html/template/default/assets/hareruya/js/hareruya-event.js:1; src/Eccube/Service/Front/Event/EventScheduleJsonBuilder.php:122-133		イベント名を p-hareruya-event-card__title として出す（html/template/default/assets/hareruya/js/hareruya-event.js:1、名称は src/Eccube/Service/Front/Event/EventScheduleJsonBuilder.php:122-133 の JSON から）。	img15(PC イベント一覧)は特別/おすすめが開催時間展開・デイリーが折りたたみ、前送りの矢印は非表示。	high	
sheet-3-R177	MATCHED						html/template/default/assets/hareruya/js/hareruya-event.js:1; src/Eccube/Resource/template/default/Event/index.twig:278		ルール適用度のタグ（初心者歓迎/カジュアル対戦/競技）と大型イベント・無料のタグをアイコン付きで複数並べる（html/template/default/assets/hareruya/js/hareruya-event.js:1 の V()/K() とタグ生成）。このフロント実装は src/Eccube/Resource/template/default/Event/index.twig:278 でイベント大会TOPに読み込まれる。	img15(PC イベント一覧)は特別/おすすめが開催時間展開・デイリーが折りたたみ、前送りの矢印は非表示。	high	
sheet-3-R178	MATCHED						html/template/default/assets/hareruya/js/hareruya-event.js:1; src/Eccube/Service/Front/Event/EventScheduleJsonBuilder.php:88-98		開催日をまとめて「M/D(曜)」のラベルで出し、土日祝は色を変える（html/template/default/assets/hareruya/js/hareruya-event.js:1 の calendar-date 生成、祝日は src/Eccube/Service/Front/Event/EventScheduleJsonBuilder.php:88-98 の JSON から）。	img15(PC イベント一覧)は特別/おすすめが開催時間展開・デイリーが折りたたみ、前送りの矢印は非表示。	high	
sheet-3-R179	MATCHED						html/template/default/assets/hareruya/js/hareruya-event.js:1; src/Eccube/Resource/template/default/Event/index.twig:278		開催日ごとに開催時間のボタン（c-hareruya-time-card）を並べる（html/template/default/assets/hareruya/js/hareruya-event.js:1）。このフロント実装は src/Eccube/Resource/template/default/Event/index.twig:278 でイベント大会TOPに読み込まれる。	img15(PC イベント一覧)は特別/おすすめが開催時間展開・デイリーが折りたたみ、前送りの矢印は非表示。	high	
sheet-3-R180	MATCHED						html/template/default/assets/hareruya/js/hareruya-event.js:1; src/Eccube/Controller/Front/EventDetailController.php:36		開催時間ボタンは /{locale}/events/{detailId}/detail へのリンクで、押すと大会詳細（src/Eccube/Controller/Front/EventDetailController.php:36）へ遷移する（html/template/default/assets/hareruya/js/hareruya-event.js:1）。	img15(PC イベント一覧)は特別/おすすめが開催時間展開・デイリーが折りたたみ、前送りの矢印は非表示。	high	
sheet-3-R181	MATCHED						html/template/default/assets/hareruya/js/hareruya-event.js:1; html/template/default/assets/hareruya/css/hareruya-common.css:1; src/Eccube/Resource/template/default/Event/index.twig:278		受付状況は時刻の下（c-hareruya-time-card__time の後ろ）に置かれる（html/template/default/assets/hareruya/js/hareruya-event.js:1、CSS html/template/default/assets/hareruya/css/hareruya-common.css:1）。このフロント実装は src/Eccube/Resource/template/default/Event/index.twig:278 でイベント大会TOPに読み込まれる。	img15(PC イベント一覧)は特別/おすすめが開催時間展開・デイリーが折りたたみ、前送りの矢印は非表示。	high	
sheet-3-R182	MATCHED						html/template/default/assets/hareruya/js/hareruya-event.js:1; src/Eccube/Resource/template/default/Event/index.twig:278		「予約受付中」「残りわずか」「予約終了」「予約受付時間外」の4文言を状況に応じて出す（html/template/default/assets/hareruya/js/hareruya-event.js:1）。このフロント実装は src/Eccube/Resource/template/default/Event/index.twig:278 でイベント大会TOPに読み込まれる。	img15(PC イベント一覧)は特別/おすすめが開催時間展開・デイリーが折りたたみ、前送りの矢印は非表示。	high	
sheet-3-R183	MATCHED						html/template/default/assets/hareruya/js/hareruya-event.js:1; html/template/default/assets/hareruya/css/hareruya-event.css; src/Eccube/Resource/template/default/Event/index.twig:278		開催日カードが7枚を超えて収まらないときだけ前送りボタンを有効化し、先頭ページでは無効化＝CSS で display:none になる（html/template/default/assets/hareruya/js/hareruya-event.js:1 の initPCSlider/updateNavButtons、html/template/default/assets/hareruya/css/hareruya-event.css の :disabled{display:none}）。このフロント実装は src/Eccube/Resource/template/default/Event/index.twig:278 でイベント大会TOPに読み込まれる。	img15(PC イベント一覧)は特別/おすすめが開催時間展開・デイリーが折りたたみ、前送りの矢印は非表示。	high	
sheet-3-R184	MATCHED						html/template/default/assets/hareruya/js/hareruya-event.js:1; src/Eccube/Resource/template/default/Event/index.twig:278		前送りボタンを押すと開催日トラックの translateX が戻り、いま出ている月日より前の月日リストが現れる（html/template/default/assets/hareruya/js/hareruya-event.js:1 の goToPrevSlide/updateSlidePosition）。このフロント実装は src/Eccube/Resource/template/default/Event/index.twig:278 でイベント大会TOPに読み込まれる。	img15(PC イベント一覧)は特別/おすすめが開催時間展開・デイリーが折りたたみ、前送りの矢印は非表示。	high	
sheet-3-R185	MATCHED						html/template/default/assets/hareruya/js/hareruya-event.js:1; html/template/default/assets/hareruya/css/hareruya-event.css; src/Eccube/Resource/template/default/Event/index.twig:278		最終ページでは後送りボタンが無効化され CSS で消える（html/template/default/assets/hareruya/js/hareruya-event.js:1、html/template/default/assets/hareruya/css/hareruya-event.css）。収まらないときだけ出る。このフロント実装は src/Eccube/Resource/template/default/Event/index.twig:278 でイベント大会TOPに読み込まれる。	img15(PC イベント一覧)は特別/おすすめが開催時間展開・デイリーが折りたたみ、前送りの矢印は非表示。	high	
sheet-3-R186	MATCHED						html/template/default/assets/hareruya/js/hareruya-event.js:1; src/Eccube/Resource/template/default/Event/index.twig:278		後送りボタンを押すとトラックが左へ動き、いま出ている月日より後の月日リストが現れる（html/template/default/assets/hareruya/js/hareruya-event.js:1 の goToNextSlide）。このフロント実装は src/Eccube/Resource/template/default/Event/index.twig:278 でイベント大会TOPに読み込まれる。	img15(PC イベント一覧)は特別/おすすめが開催時間展開・デイリーが折りたたみ、前送りの矢印は非表示。	high	
sheet-3-R187	OUT_OF_SCOPE								節の見出し行（B. 日別で探す）。		high	
sheet-3-R188	OUT_OF_SCOPE								節の見出し行（レイアウト詳細）。		high	
sheet-3-R189	OUT_OF_SCOPE								レイアウト図の区分行（スマートフォン）。		high	
sheet-3-R190	OUT_OF_SCOPE								レイアウト図の区分行（PC）。		high	
sheet-3-R191	OUT_OF_SCOPE								節の見出し行（機能仕様機能説明）。		high	
sheet-3-R192	OUT_OF_SCOPE								節の見出し行（初期表示）。		high	
sheet-3-R193	DRIFT	P3	実装違い	ふるまい	現在の月日から10日間の月日を横スクロールで表示	日別で探すタブの初期表示は、当日から10日分の日付ボタンを横並びに出す。	html/template/default/assets/hareruya/js/hareruya-event.js:1; src/Eccube/Resource/template/default/Event/index.twig:210-214	日付ボタンは当日から14日分作られる（html/template/default/assets/hareruya/js/hareruya-event.js:1 の renderDateButtons が 14 回ループ、期間も14日単位）。	初期表示の日付ボタンの本数が設計の10日分と違い、14日分になる。設計図(img22)も 6/6〜6/15 の10枚を描いている。	img19/img22(日別で探す)は日付ボタンに黒枠選択・0件日グレー・大型イベントのトロフィーアイコン、初期表示に前送り矢印なし。	high	index.twig-daily-range-14days-instead-of-10days
sheet-3-R194	MATCHED						html/template/default/assets/hareruya/css/hareruya-event.css; src/Eccube/Resource/template/default/Event/index.twig:210-214		日付ボタンの並びは横スクロール領域（overflow:auto hidden、-webkit-overflow-scrolling:touch）に入っており、収まらない分は横スクロールで見える（html/template/default/assets/hareruya/css/hareruya-event.css、src/Eccube/Resource/template/default/Event/index.twig:210-214）。	img19/img22(日別で探す)は日付ボタンに黒枠選択・0件日グレー・大型イベントのトロフィーアイコン、初期表示に前送り矢印なし。	high	
sheet-3-R195	MATCHED						html/template/default/assets/hareruya/js/hareruya-event.js:1; src/Eccube/Resource/template/default/Event/index.twig:278		初期表示で当日を選択状態にする（html/template/default/assets/hareruya/js/hareruya-event.js:1 の selectTodayByDefault）。このフロント実装は src/Eccube/Resource/template/default/Event/index.twig:278 でイベント大会TOPに読み込まれる。	img19/img22(日別で探す)は日付ボタンに黒枠選択・0件日グレー・大型イベントのトロフィーアイコン、初期表示に前送り矢印なし。	high	
sheet-3-R196	MATCHED						html/template/default/assets/hareruya/js/hareruya-event.js:1; src/Eccube/Resource/template/default/Event/index.twig:278		当日を選択した状態で当日開催のイベント一覧を描く（html/template/default/assets/hareruya/js/hareruya-event.js:1 の selectTodayByDefault→renderEventsForDate）。このフロント実装は src/Eccube/Resource/template/default/Event/index.twig:278 でイベント大会TOPに読み込まれる。	img19/img22(日別で探す)は日付ボタンに黒枠選択・0件日グレー・大型イベントのトロフィーアイコン、初期表示に前送り矢印なし。	high	
sheet-3-R197	OUT_OF_SCOPE								後続の説明行への前置き（日時選択ボタン(4-17)）で、それ自体は挙動を述べていない。		high	
sheet-3-R198	MATCHED						html/template/default/assets/hareruya/js/hareruya-event.js:1; src/Eccube/Controller/App/EventScheduleController.php:58-71		日付を押すと、読込み済みのイベントデータからその日の開催日程だけを抜き出して一覧を作り直す（html/template/default/assets/hareruya/js/hareruya-event.js:1 の selectDate→renderEventsForDate、データ取得は src/Eccube/Controller/App/EventScheduleController.php:58-71）。	img19/img22(日別で探す)は日付ボタンに黒枠選択・0件日グレー・大型イベントのトロフィーアイコン、初期表示に前送り矢印なし。	high	
sheet-3-R199	MATCHED						html/template/default/assets/hareruya/js/hareruya-event.js:1; html/template/default/assets/hareruya/css/hareruya-event.css; src/Eccube/Resource/template/default/Event/index.twig:278		選択中の日付ボタンに is-selected が付き、CSS で 1px solid #333 の枠＋outline になる（html/template/default/assets/hareruya/js/hareruya-event.js:1、html/template/default/assets/hareruya/css/hareruya-event.css）。このフロント実装は src/Eccube/Resource/template/default/Event/index.twig:278 でイベント大会TOPに読み込まれる。	img19/img22(日別で探す)は日付ボタンに黒枠選択・0件日グレー・大型イベントのトロフィーアイコン、初期表示に前送り矢印なし。	high	
sheet-3-R200	MATCHED						html/template/default/assets/hareruya/js/hareruya-event.js:1; src/Eccube/Resource/template/default/Event/index.twig:278		その日に大型イベントがあれば日付ボタンにトロフィーアイコンを足す（html/template/default/assets/hareruya/js/hareruya-event.js:1 の hasLargeEvent、月別も同じ icon-hareruya-event を使う）。このフロント実装は src/Eccube/Resource/template/default/Event/index.twig:278 でイベント大会TOPに読み込まれる。	img19/img22(日別で探す)は日付ボタンに黒枠選択・0件日グレー・大型イベントのトロフィーアイコン、初期表示に前送り矢印なし。	high	
sheet-3-R201	MATCHED						html/template/default/assets/hareruya/js/hareruya-event.js:1; html/template/default/assets/hareruya/css/hareruya-event.css; src/Eccube/Resource/template/default/Event/index.twig:278		イベントが0件の日は is-closed を付けて文字色 #c2c2c2 のグレーにし、ボタンを disabled にして押せなくする（html/template/default/assets/hareruya/js/hareruya-event.js:1 の isClosedDay、html/template/default/assets/hareruya/css/hareruya-event.css）。このフロント実装は src/Eccube/Resource/template/default/Event/index.twig:278 でイベント大会TOPに読み込まれる。	img19/img22(日別で探す)は日付ボタンに黒枠選択・0件日グレー・大型イベントのトロフィーアイコン、初期表示に前送り矢印なし。	high	
sheet-3-R202	OUT_OF_SCOPE								後続2行（範囲内／範囲外の挙動）への前置き行。		high	
sheet-3-R203	MATCHED						html/template/default/assets/hareruya/js/hareruya-event.js:1; src/Eccube/Resource/template/default/Event/index.twig:278		期間送りで読込み済み範囲内なら保持データから表示を作り直す（html/template/default/assets/hareruya/js/hareruya-event.js:1 の changePeriod が fullRangeData を使う）。このフロント実装は src/Eccube/Resource/template/default/Event/index.twig:278 でイベント大会TOPに読み込まれる。	img19/img22(日別で探す)は日付ボタンに黒枠選択・0件日グレー・大型イベントのトロフィーアイコン、初期表示に前送り矢印なし。	high	
sheet-3-R204	MATCHED						html/template/default/assets/hareruya/js/hareruya-event.js:1; src/Eccube/Controller/App/EventScheduleController.php:58-71		保持データが無い期間へ送ったときはサーバからイベントデータを取り直して表示を更新する（html/template/default/assets/hareruya/js/hareruya-event.js:1 の changePeriod→loadEvents、取得先 src/Eccube/Controller/App/EventScheduleController.php:58-71）。前後2期間で打ち切られる点は同シートの一覧タブと同じ。	img19/img22(日別で探す)は日付ボタンに黒枠選択・0件日グレー・大型イベントのトロフィーアイコン、初期表示に前送り矢印なし。	med	
sheet-3-R205	DRIFT	P3	実装違い	ふるまい	現在表示している表示期間が現在日を含む場合は、前10日間取得(4-16)を非表示にする	日別で探すタブで当日を含む期間を表示しているときは、前の期間を取得するボタンを画面に出さない。	html/template/default/assets/hareruya/js/hareruya-event.js:1; src/Eccube/Resource/template/default/Event/index.twig:211	前送りボタンは当日を含む初期状態でも押せる状態で表示され、押すと過去の期間の日付ボタンに切り替わる。消えるのは2期間戻したときだけ（html/template/default/assets/hareruya/js/hareruya-event.js:1 の updateNavigationButtons は prev.disabled = 期間インデックス<=-2 のみ、CSS は :disabled のときアイコンを白くする: html/template/default/assets/hareruya/css/hareruya-event.css）。	初期表示で前送りボタンが押せてしまい、設計が禁じている過去期間の表示ができる。設計図(img22)も初期表示に前送り矢印を描いていない。	img19/img22(日別で探す)は日付ボタンに黒枠選択・0件日グレー・大型イベントのトロフィーアイコン、初期表示に前送り矢印なし。	high	index.twig-prev-nav-not-hidden-on-current-period
sheet-3-R206	OUT_OF_SCOPE								項目表の見出し行（または最大値／初期値／画面部品の説明）。		high	
sheet-3-R207	DRIFT	P3	実装違い	ふるまい	4-16 前10日間取得 ボタン - - - 現在表示している10日間より前のイベントリストを取得する	前送りボタンは、いま出ている10日間より前の10日間のイベントリストに切り替える。	html/template/default/assets/hareruya/js/hareruya-event.js:1; src/Eccube/Resource/template/default/Event/index.twig:211	前送りボタンは14日単位で期間を戻す（html/template/default/assets/hareruya/js/hareruya-event.js:1 の changePeriod(-1) が期間インデックスを1減らし、getDateRangeForPeriod が14日ぶんずらす）。	送り幅が設計の10日ではなく14日。日別タブの日付ボタン本数の相違と同じ原因。	img19/img22(日別で探す)は日付ボタンに黒枠選択・0件日グレー・大型イベントのトロフィーアイコン、初期表示に前送り矢印なし。	high	index.twig-daily-range-14days-instead-of-10days
sheet-3-R208	MATCHED						src/Eccube/Resource/template/default/Event/index.twig:212; html/template/default/assets/hareruya/js/hareruya-event.js:1		日付選択ボタンを描画し（src/Eccube/Resource/template/default/Event/index.twig:212）、押すと取得済みのイベントデータからその日の分を抜き出して表示する（html/template/default/assets/hareruya/js/hareruya-event.js:1）。	img19/img22(日別で探す)は日付ボタンに黒枠選択・0件日グレー・大型イベントのトロフィーアイコン、初期表示に前送り矢印なし。	high	
sheet-3-R209	MATCHED						html/template/default/assets/hareruya/js/hareruya-event.js:1; src/Eccube/Service/Front/Event/EventScheduleJsonBuilder.php:38-43		その月日に大型イベントがあるときだけ日付ボタンに大型イベントアイコンを出す（html/template/default/assets/hareruya/js/hareruya-event.js:1 の hasLargeEvent、規模の対応付けは src/Eccube/Service/Front/Event/EventScheduleJsonBuilder.php:38-43）。	img19/img22(日別で探す)は日付ボタンに黒枠選択・0件日グレー・大型イベントのトロフィーアイコン、初期表示に前送り矢印なし。	high	
sheet-3-R210	DRIFT	P3	実装違い	ふるまい	4-19 後10日間取得 ボタン - - - 現在表示している10日間より後のイベントリストを取得する	後送りボタンは、いま出ている10日間より後の10日間のイベントリストに切り替える。	html/template/default/assets/hareruya/js/hareruya-event.js:1; src/Eccube/Resource/template/default/Event/index.twig:213	後送りボタンは14日単位で期間を進める（html/template/default/assets/hareruya/js/hareruya-event.js:1 の changePeriod(1)、getDateRangeForPeriod が14日ぶんずらす）。	送り幅が設計の10日ではなく14日。日別タブの日付ボタン本数の相違と同じ原因。	img19/img22(日別で探す)は日付ボタンに黒枠選択・0件日グレー・大型イベントのトロフィーアイコン、初期表示に前送り矢印なし。	high	index.twig-daily-range-14days-instead-of-10days
sheet-3-R211	OUT_OF_SCOPE								節の見出し行（C. 月別で探す）。		high	
sheet-3-R212	OUT_OF_SCOPE								節の見出し行（レイアウト詳細）。		high	
sheet-3-R213	OUT_OF_SCOPE								レイアウト図の区分行（スマートフォン）。		high	
sheet-3-R214	OUT_OF_SCOPE								レイアウト図の区分行（PC）。		high	
sheet-3-R215	OUT_OF_SCOPE								節の見出し行（機能仕様機能説明）。		high	
sheet-3-R216	OUT_OF_SCOPE								節の見出し行（初期表示）。		high	
sheet-3-R217	MATCHED						html/template/default/assets/hareruya/js/hareruya-event.js:1; src/Eccube/Resource/template/default/Event/index.twig:218-242		月別タブは当月のカレンダーを描く（html/template/default/assets/hareruya/js/hareruya-event.js:1 の renderCalendar が当月1日を基準に前後の空白日を含めた月表示を作る、src/Eccube/Resource/template/default/Event/index.twig:218-242 の枠組み）。	img24(月別カレンダー)は年月見出し・曜日行・過去日と定休日のグレー表示・大型イベントアイコンを描くが、選択済み日付(黒枠)は描かれていない。	high	
sheet-3-R218	DRIFT	P3	実装違い	ふるまい	日付選択(4-23)は、現在日とする	月別で探すタブを開いた時点で、カレンダーの当日が選択された状態になっている。	html/template/default/assets/hareruya/js/hareruya-event.js:1; src/Eccube/Resource/template/default/Event/index.twig:218-242	月別タブの選択日付集合は空のまま初期化され、当日を選ぶ処理が無い（html/template/default/assets/hareruya/js/hareruya-event.js:1 の月別カレンダーは selectedDates=new Set() のまま init→renderCalendar→renderAllEvents を呼ぶ。日別タブにある selectTodayByDefault 相当が無い）。どの日にも選択枠が付かない。	初期表示で当日が選択状態にならない。ただし設計図 img24 も選択枠のない状態を描いており、機能仕様の文と図が食い違う（裁定余地あり）。	img24(月別カレンダー)は年月見出し・曜日行・過去日と定休日のグレー表示・大型イベントアイコンを描くが、選択済み日付(黒枠)は描かれていない。	med	index.twig-monthly-no-initial-today-selection
sheet-3-R219	DRIFT	P2	実装違い	ふるまい	日付選択(4-23)は、現在日とする 現在日に開催しているイベントの一覧を表示	月別で探すタブを開いた時点では、当日開催のイベントだけが一覧に並ぶ。	html/template/default/assets/hareruya/js/hareruya-event.js:1; src/Eccube/Resource/template/default/Event/index.twig:241	初期表示は当月のイベントを全件並べる（html/template/default/assets/hareruya/js/hareruya-event.js:1 の月別カレンダーの init が renderAllEvents を呼び、当日での絞り込みをしない）。当日開催分だけになるのは日付を選んだ後。	初期表示の一覧の中身が当日分に絞られておらず、当月全体になる。R218 と同じ「当日が初期選択されない」ことに起因。設計図 img24 は一覧部分を含まないため図では確認できない。	img24(月別カレンダー)は年月見出し・曜日行・過去日と定休日のグレー表示・大型イベントアイコンを描くが、選択済み日付(黒枠)は描かれていない。	med	index.twig-monthly-no-initial-today-selection
sheet-3-R220	OUT_OF_SCOPE								後続の説明行への前置き（日付選択ボタン(4-23)）。		high	
sheet-3-R221	MATCHED						html/template/default/assets/hareruya/js/hareruya-event.js:1; src/Eccube/Controller/App/EventScheduleController.php:44-56		カレンダーの日付を押すと、読込み済みのイベントデータからその日の開催日程を抜き出して一覧を作り直す（html/template/default/assets/hareruya/js/hareruya-event.js:1 の toggleDateSelection→renderEventsForSelectedDates、データ取得は src/Eccube/Controller/App/EventScheduleController.php:44-56）。	img24(月別カレンダー)は年月見出し・曜日行・過去日と定休日のグレー表示・大型イベントアイコンを描くが、選択済み日付(黒枠)は描かれていない。	high	
sheet-3-R222	MATCHED						html/template/default/assets/hareruya/js/hareruya-event.js:1; html/template/default/assets/hareruya/css/hareruya-event.css; src/Eccube/Resource/template/default/Event/index.twig:278		選択した日のセルに is-selected が付き、CSS で 2px solid #333 の枠になる（html/template/default/assets/hareruya/js/hareruya-event.js:1、html/template/default/assets/hareruya/css/hareruya-event.css）。このフロント実装は src/Eccube/Resource/template/default/Event/index.twig:278 でイベント大会TOPに読み込まれる。	img24(月別カレンダー)は年月見出し・曜日行・過去日と定休日のグレー表示・大型イベントアイコンを描くが、選択済み日付(黒枠)は描かれていない。	high	
sheet-3-R223	MATCHED						html/template/default/assets/hareruya/js/hareruya-event.js:1; src/Eccube/Resource/template/default/Event/index.twig:278		その月日に大型イベントがあればセルにトロフィーアイコン（icon-hareruya-event）を出す。日別タブと同じアイコン（html/template/default/assets/hareruya/js/hareruya-event.js:1 の hasLargeEvent）。このフロント実装は src/Eccube/Resource/template/default/Event/index.twig:278 でイベント大会TOPに読み込まれる。	img24(月別カレンダー)は年月見出し・曜日行・過去日と定休日のグレー表示・大型イベントアイコンを描くが、選択済み日付(黒枠)は描かれていない。	high	
sheet-3-R224	MATCHED						html/template/default/assets/hareruya/js/hareruya-event.js:1; html/template/default/assets/hareruya/css/hareruya-event.css; src/Eccube/Resource/template/default/Event/index.twig:278		イベントが0件の日は is-closed を付けて文字色 #c2c2c2 のグレー＋「定休日」表示にし、ボタンを disabled にして押せなくする（html/template/default/assets/hareruya/js/hareruya-event.js:1、html/template/default/assets/hareruya/css/hareruya-event.css）。このフロント実装は src/Eccube/Resource/template/default/Event/index.twig:278 でイベント大会TOPに読み込まれる。	img24(月別カレンダー)は年月見出し・曜日行・過去日と定休日のグレー表示・大型イベントアイコンを描くが、選択済み日付(黒枠)は描かれていない。	high	
sheet-3-R225	OUT_OF_SCOPE								後続2行（範囲内／範囲外の挙動）への前置き行。		high	
sheet-3-R226	MATCHED						html/template/default/assets/hareruya/js/hareruya-event.js:1; src/Eccube/Controller/App/EventScheduleController.php:44-56		前月・後月ボタンを押すと当該月のイベントデータで表示を作り直す（html/template/default/assets/hareruya/js/hareruya-event.js:1 の月別 setupEventListeners→loadEvents→renderCalendar/renderAllEvents）。表示更新の結果は設計どおり。実装は毎回サーバから取り直す。	img24(月別カレンダー)は年月見出し・曜日行・過去日と定休日のグレー表示・大型イベントアイコンを描くが、選択済み日付(黒枠)は描かれていない。	med	
sheet-3-R227	MATCHED						html/template/default/assets/hareruya/js/hareruya-event.js:1; src/Eccube/Controller/App/EventScheduleController.php:44-56		表示月を移すと当該1ヶ月分のイベントデータを非同期で取得して表示を更新する（html/template/default/assets/hareruya/js/hareruya-event.js:1、取得先は src/Eccube/Controller/App/EventScheduleController.php:44-56 の月別データ）。	img24(月別カレンダー)は年月見出し・曜日行・過去日と定休日のグレー表示・大型イベントアイコンを描くが、選択済み日付(黒枠)は描かれていない。	high	
sheet-3-R228	DRIFT	P3	実装違い	ふるまい	現在表示している表示期間が現在日を含む場合は、前月取得(4-21)を暗転させ押せないようにする	月別で探すタブで当月を表示しているときは、前月ボタンを暗くして押せない状態にする。	html/template/default/assets/hareruya/js/hareruya-event.js:1; src/Eccube/Resource/template/default/Event/index.twig:223	前月ボタンは当月表示中も通常表示のままで押せ、過去月のカレンダーへ移動できる（html/template/default/assets/hareruya/js/hareruya-event.js:1 の月別 setupEventListeners は前月ボタンに無効化も暗転も与えず、月別ボタンの CSS にも無効時の指定が無い: html/template/default/assets/hareruya/css/hareruya-event.css）。	当月表示中に前月ボタンが押せてしまい、設計が禁じている過去月の表示ができる。	img24(月別カレンダー)は年月見出し・曜日行・過去日と定休日のグレー表示・大型イベントアイコンを描くが、選択済み日付(黒枠)は描かれていない。	high	index.twig-monthly-prev-not-disabled-on-current-month
sheet-3-R229	OUT_OF_SCOPE								項目表の見出し行（または最大値／初期値／画面部品の説明）。		high	
sheet-3-R230	MATCHED						html/template/default/assets/hareruya/js/hareruya-event.js:1; src/Eccube/Resource/template/default/Event/index.twig:222		年月表示のラベルに「YYYY年M月」を出す（html/template/default/assets/hareruya/js/hareruya-event.js:1 の renderCalendar が calendarTitle に設定、枠は src/Eccube/Resource/template/default/Event/index.twig:222）。	img24(月別カレンダー)は年月見出し・曜日行・過去日と定休日のグレー表示・大型イベントアイコンを描くが、選択済み日付(黒枠)は描かれていない。	high	
sheet-3-R231	MATCHED						src/Eccube/Resource/template/default/Event/index.twig:223; html/template/default/assets/hareruya/js/hareruya-event.js:1		前月ボタンを描画し（src/Eccube/Resource/template/default/Event/index.twig:223）、押すと1ヶ月前のデータを取得して表示する（html/template/default/assets/hareruya/js/hareruya-event.js:1）。	img24(月別カレンダー)は年月見出し・曜日行・過去日と定休日のグレー表示・大型イベントアイコンを描くが、選択済み日付(黒枠)は描かれていない。	high	
sheet-3-R232	MATCHED						src/Eccube/Resource/template/default/Event/index.twig:224; html/template/default/assets/hareruya/js/hareruya-event.js:1		後月ボタンを描画し（src/Eccube/Resource/template/default/Event/index.twig:224）、押すと1ヶ月後のデータを取得して表示する（html/template/default/assets/hareruya/js/hareruya-event.js:1）。	img24(月別カレンダー)は年月見出し・曜日行・過去日と定休日のグレー表示・大型イベントアイコンを描くが、選択済み日付(黒枠)は描かれていない。	high	
sheet-3-R233	MATCHED						html/template/default/assets/hareruya/js/hareruya-event.js:1; src/Eccube/Resource/template/default/Event/index.twig:278		日付セルを押すと取得済みのイベントデータからその日の分を抜き出して一覧に出す（html/template/default/assets/hareruya/js/hareruya-event.js:1）。このフロント実装は src/Eccube/Resource/template/default/Event/index.twig:278 でイベント大会TOPに読み込まれる。	img24(月別カレンダー)は年月見出し・曜日行・過去日と定休日のグレー表示・大型イベントアイコンを描くが、選択済み日付(黒枠)は描かれていない。	high	
sheet-3-R234	MATCHED						html/template/default/assets/hareruya/js/hareruya-event.js:1; src/Eccube/Resource/template/default/Event/index.twig:278		その月日に大型イベントがあるときだけセルに大型イベントアイコンを出す（html/template/default/assets/hareruya/js/hareruya-event.js:1 の hasLargeEvent）。このフロント実装は src/Eccube/Resource/template/default/Event/index.twig:278 でイベント大会TOPに読み込まれる。	img24(月別カレンダー)は年月見出し・曜日行・過去日と定休日のグレー表示・大型イベントアイコンを描くが、選択済み日付(黒枠)は描かれていない。	high	
sheet-3-R235	OUT_OF_SCOPE								節の見出し行（5. 大会特設ページ一覧）。		high	
sheet-3-R236	OUT_OF_SCOPE								節の見出し行（レイアウト詳細）。		high	
sheet-3-R237	OUT_OF_SCOPE								レイアウト図の区分行（スマートフォン）。		high	
sheet-3-R238	OUT_OF_SCOPE								レイアウト図の区分行（PC）。		high	
sheet-3-R239	OUT_OF_SCOPE								節の見出し行（機能仕様機能説明）。		high	
sheet-3-R240	OUT_OF_SCOPE								節の見出し行（初期表示）。		high	
sheet-3-R241	MATCHED						src/Eccube/Controller/Front/EventTopController.php:61-66; src/Eccube/Entity/Master/MtbBanner.php:32-40; src/Eccube/Repository/Master/MtbBannerRepository.php:52-71		特設バナーは表示タイプが「スライド+特設」または「特設のみ」のバナーだけを店舗・言語で絞って取得し表示する（src/Eccube/Controller/Front/EventTopController.php:61-66、表示タイプの値は src/Eccube/Entity/Master/MtbBanner.php:32-40、抽出は src/Eccube/Repository/Master/MtbBannerRepository.php:52-71）。	img27(大会特設ページ)はSPで1列に2枚のバナーを描く。	high	
sheet-3-R242	MATCHED						src/Eccube/Controller/Front/EventTopController.php:38; src/Eccube/Resource/template/default/Event/index.twig:254; html/template/default/assets/hareruya/css/hareruya-common.css:1		取得件数の上限は10件（src/Eccube/Controller/Front/EventTopController.php:38 の SPECIAL_BANNER_LIMIT、src/Eccube/Controller/Front/EventTopController.php:61-66 で適用）。PC幅では特設バナーの一覧が2列（grid-template-columns:repeat(2,1fr)）になる（src/Eccube/Resource/template/default/Event/index.twig:254、CSS html/template/default/assets/hareruya/css/hareruya-common.css:1）。	img27はSP1列。PC2列はCSSのPC幅指定で確認。	high	
sheet-3-R243	OUT_OF_SCOPE								項目表の見出し行（または最大値／初期値／画面部品の説明）。		high	
sheet-3-R244	MATCHED						src/Eccube/Resource/template/default/Event/index.twig:255-259		特設バナーはバナー設定のリンク先URLを href に持つリンクとして描画される（src/Eccube/Resource/template/default/Event/index.twig:255-259）。	img27のバナー2枚はリンク領域として描かれている。	high	
sheet-3-R245	OUT_OF_SCOPE								節の見出し行（6. イベント協賛企業様一覧）。		high	
sheet-3-R246	OUT_OF_SCOPE								節の見出し行（レイアウト詳細）。		high	
sheet-3-R247	OUT_OF_SCOPE								レイアウト図の区分行（スマートフォン）。		high	
sheet-3-R248	OUT_OF_SCOPE								レイアウト図の区分行（PC）。		high	
sheet-3-R249	OUT_OF_SCOPE								節の見出し行（機能仕様機能説明）。		high	
sheet-3-R250	OUT_OF_SCOPE								節の見出し行（管理画面）。		high	
sheet-3-R251	MATCHED						src/Eccube/Resource/template/default/Event/index.twig:267-274; app/DoctrineMigrations/Version20260521100000.php:41-59; src/Eccube/Resource/template/default/Block/event_sponsor2022051802.twig:11-21		ブロック管理に登録された「イベント協賛企業様一覧」ブロック（app/DoctrineMigrations/Version20260521100000.php:41-59 で dtb_block に登録、file_name=event_sponsor2022051802）の中身を協賛企業様一覧の位置に出力する（src/Eccube/Resource/template/default/Event/index.twig:267-274 の include）。管理画面で編集すると Block/event_sponsor2022051802.ja.twig が保存され、ロケール優先の読込（src/Eccube/Twig/Loader/LocaleFilesystemLoader.php:64-79）で編集後の内容が優先される。未編集時は既定の雛形（src/Eccube/Resource/template/default/Block/event_sponsor2022051802.twig:11-21）が出る。	img28(イベント協賛企業様)はロゴ画像を2枚並べる。既定の雛形も2枚並びで一致。	high	
sheet-3-R252	OUT_OF_SCOPE								参考情報の前置き行（※【参考情報】既存で利用しているブロック名）。		high	
sheet-3-R253	MATCHED						app/DoctrineMigrations/Version20260521100000.php:30; src/Eccube/Resource/template/default/Event/index.twig:272		設計書が参考情報として挙げるブロック名 event_sponsor2022051802 がそのまま使われている（app/DoctrineMigrations/Version20260521100000.php:30、src/Eccube/Resource/template/default/Event/index.twig:272）。	img28の協賛企業様ロゴ2枚がこのブロックの出力に相当する。	high	
sheet-3-R254	OUT_OF_SCOPE								項目表の見出し行（または最大値／初期値／画面部品の説明）。		high	
sheet-3-R255	DESIGN_ISSUE				6-1 協賛企業様バナー ボタン - - - バナー設定に設定されているURLに遷移する		src/Eccube/Resource/template/default/Event/index.twig:267-274; src/Eccube/Resource/template/default/Block/event_sponsor2022051802.twig:11-21		同じ節の機能仕様は「コンテンツ管理内のブロック管理に保存しているイベント協賛企業様一覧用のタグを出力」と書いており、協賛企業様バナーの出所がブロック管理のHTMLかバナー設定かで食い違う（5-1 特設ページバナーと同じ説明文が流用されている疑いがある）。実装はブロック管理のブロックを出力し（src/Eccube/Resource/template/default/Event/index.twig:272）、既定の雛形ではロゴ画像にリンク先が無い（src/Eccube/Resource/template/default/Block/event_sponsor2022051802.twig:11-21）。遷移先の出所が決まらないと判定できない。	img28はロゴ2枚を並べるだけで、遷移先の指定は図からは読み取れない。	med	
sheet-3-R256	OUT_OF_SCOPE								現行仕様の機能名・見出し行。		high	
sheet-3-R257	OUT_OF_SCOPE								現行仕様の概要説明（選択した月のイベントをカレンダーと日付リストで表示）。リニューアル後の仕様はイベント一覧／日別／月別の3タブ構成で、後者が優先されるため現行仕様側は対象外。		high	
sheet-3-R258	OUT_OF_SCOPE								現行仕様の見出し行（表示店舗の決定とクッキーの更新）。		high	
sheet-3-R259	MATCHED						src/Eccube/Controller/Front/EventTopController.php:88-101; src/Eccube/Controller/Front/EventTopController.php:51-53; src/Eccube/Controller/Front/EventTopController.php:76-80		店舗はクエリの shop、次にクッキーの shop、いずれも無ければ既定店舗の順で決め（src/Eccube/Controller/Front/EventTopController.php:88-101）、クエリ指定がクッキーと違うときだけクッキーを更新する。クッキーはサイト全体（path=/）で有効期限なし＝ブラウザを閉じるまで保持（src/Eccube/Controller/Front/EventTopController.php:76-80）。指定店舗が存在しなければ404（src/Eccube/Controller/Front/EventTopController.php:51-53）。リニューアル後の仕様も「Cookie等を加味して初期表示店舗を取得して表示させる(現行踏襲)」としており現行踏襲対象。		high	
sheet-3-R260	OUT_OF_SCOPE								現行仕様の見出し行（表示対象のイベント）。		high	
sheet-3-R261	MATCHED						src/Eccube/Repository/DtbEventRepository.php:287-311; html/template/default/assets/hareruya/js/hareruya-event.js:1; src/Eccube/Service/Front/Event/EventScheduleJsonBuilder.php:56-83		公開状態のイベントと公開状態の開催日程だけを抽出する（src/Eccube/Repository/DtbEventRepository.php:287-311 で e.Disp と ed.Disp を表示に限定、論理削除も除外）。同一日に同じイベントの開催日程が複数あるときは1つのイベントの下に日付単位でまとめて並べ、同じイベントを同日に重複表示しない（html/template/default/assets/hareruya/js/hareruya-event.js:1 の開催日グルーピング）。60秒キャッシュの記述は現行ソースの副作用の説明であり踏襲対象の要求ではない（実装はキャッシュを介さず都度取得: src/Eccube/Service/Front/Event/EventScheduleJsonBuilder.php:56-83）。		med	
sheet-3-R262	OUT_OF_SCOPE								現行仕様の見出し行（過去の大会ブロック）。		high	
sheet-3-R263	OUT_OF_SCOPE								現行仕様の過去の大会ブロックの挙動。リニューアル後の仕様は過去の大会ブロックを持たず、イベント一覧／日別／月別のタブ構成に置き換わるため、現行仕様側は対象外（後者優先）。		high	
sheet-3-R264	OUT_OF_SCOPE								現行仕様の見出し行（初回アクセスかどうかによる表題と説明文）。		high	
sheet-3-R265	OUT_OF_SCOPE								現行仕様の表題・説明文の差し替え。リニューアル後の仕様はクエリを shop のみと定め月指定を持たないため、店舗指定と月指定の有無で表題・説明文を差し替える現行仕様は対象外（後者優先）。		high	
sheet-3-R266	OUT_OF_SCOPE								現行仕様の見出し行（複数日程イベントの日別表示）。		high	
sheet-3-R267	OUT_OF_SCOPE								現行仕様の日別画面（イベント識別子＋日付指定のパス）の挙動。リニューアル後の仕様では開催時間ボタンから大会詳細へ直接遷移する形に置き換わり、日別画面自体が無いため対象外（後者優先）。		high	
sheet-3-R268	OUT_OF_SCOPE								現行仕様の見出し行（エラー時の扱い）。		high	
sheet-3-R269	MATCHED						src/Eccube/Controller/Front/EventTopController.php:51-53; src/Eccube/Controller/App/EventScheduleController.php:83-91		店舗IDが存在しないときは404として扱う（src/Eccube/Controller/Front/EventTopController.php:51-53、JSONの取得側も同様に src/Eccube/Controller/App/EventScheduleController.php:83-91）。		high	
sheet-3-R270	OUT_OF_SCOPE								現行仕様の日別パラメータのエラー扱い。リニューアル後の仕様に日別画面が無いため対象外（後者優先）。		high	
sheet-3-R271	OUT_OF_SCOPE								現行仕様の日別で該当も最新日程も無い場合のエラー扱い。リニューアル後の仕様に日別画面が無いため対象外（後者優先）。		high	
sheet-3-R272	MATCHED						src/Eccube/Controller/Front/EventTopController.php:51-53; src/Eccube/Controller/App/EventScheduleController.php:44-71		本画面固有のエラー文言は定義されておらず、店舗不在などは共通の404処理に委ねている（src/Eccube/Controller/Front/EventTopController.php:51-53、src/Eccube/Controller/App/EventScheduleController.php:44-56/58-71 も createNotFoundException のみ）。		high	
sheet-3-R273	OUT_OF_SCOPE								現行仕様の入力一覧。店舗指定とクッキーは R259 で判定済みで、月指定・日別のパスはリニューアル後のURL仕様（クエリは shop のみ）に無いため対象外（後者優先）。		high	
sheet-3-R274	OUT_OF_SCOPE								現行仕様の成功時出力（月間カレンダーと日付リストのHTML、日別一覧）。リニューアル後の仕様はタブ構成の画面と絞り込み用のイベントデータ応答に置き換わるため対象外（後者優先）。		high	
sheet-3-R275	OUT_OF_SCOPE								現行仕様の失敗時出力。店舗なしの404は R269 で判定済み、日別パラメータ関連はリニューアル後の仕様に無いため対象外（後者優先）。		high	
sheet-3-R276	OUT_OF_SCOPE								現行仕様の見出し行（入出力: 永続化）。		high	
sheet-3-R277	MATCHED						src/Eccube/Controller/Front/EventTopController.php:76-80		クエリで指定された店舗が現在のクッキーの店舗と違うときだけ、クッキーの店舗を更新する（src/Eccube/Controller/Front/EventTopController.php:76-80）。		high	
sheet-3-R278	MATCHED						html/template/default/assets/hareruya/js/hareruya-event.js:1; src/Eccube/Resource/locale/messages.ja.yaml:6575-6576		イベントが1件も出ない状態では一覧の位置に「対象のイベントはありません。<br>他の期間か内容で再チェックしてください！」の空表示ブロックを出し、画面遷移はしない（html/template/default/assets/hareruya/js/hareruya-event.js:1 の J()、文言は src/Eccube/Resource/locale/messages.ja.yaml:6575-6576）。絞り込み結果が0件のとき（絞り込み後に全ブロックが空のとき）もこのブロックを出す。設計の2メッセージは実装では1つのブロックに2文まとめて出る。		med	
sheet-3-R279	MATCHED						html/template/default/assets/hareruya/js/hareruya-event.js:1; src/Eccube/Resource/locale/messages.ja.yaml:6575		選択中の店舗・期間に表示対象のイベントが無いとき、一覧の位置に「対象のイベントはありません。」を含む空表示ブロックを出し、カレンダー・日付ボタンは残したままイベントを出さない（html/template/default/assets/hareruya/js/hareruya-event.js:1 の renderEvents/renderEventsForDate が J() を呼ぶ、文言は src/Eccube/Resource/locale/messages.ja.yaml:6575）。		med	
sheet-3-R280	DESIGN_ISSUE				過去の大会を開く／過去の大会を閉じる 過去の大会と今後の大会が両方ある月の表示時 過去の大会ブロックを開閉する		src/Eccube/Resource/template/default/Event/index.twig:186-243		リニューアル後の仕様の表示メッセージ表に過去の大会ブロックの開閉見出しが載っているが、同じシートの機能仕様（ページ内機能ブロック一覧と 4. イベント一覧 A/B/C）には過去の大会ブロックが無く、画面構成と食い違う。実装にも過去の大会ブロックは無い（src/Eccube/Resource/template/default/Event/index.twig:186-243 はタブ3種と一覧・日別・月別だけ）。この文言を残すかは設計裁定待ち。	img15/img19/img24 のいずれにも過去の大会ブロックは描かれていない。	high	
sheet-3-R281	MATCHED						html/template/default/assets/hareruya/js/hareruya-event.js:1; src/Eccube/Resource/template/default/Event/index.twig:222		月別表示の年月見出しに「YYYY年M月」を出す（html/template/default/assets/hareruya/js/hareruya-event.js:1 の renderCalendar が calendarTitle.textContent に設定、枠は src/Eccube/Resource/template/default/Event/index.twig:222）。	img24(月別カレンダー)は年月見出し・曜日行・過去日と定休日のグレー表示・大型イベントアイコンを描くが、選択済み日付(黒枠)は描かれていない。	high	
sheet-3-R282	DRIFT	P3	実装違い	IO	月表示が Y/n 形式（例: 2026/6）である	英語表示のとき、月別表示の年月見出しは 2026/6 のような年/月の形にする。	html/template/default/assets/hareruya/js/ec-cube-bridge.js:157-161; src/Eccube/Resource/template/default/Event/index.twig:280-301	英語表示では年月見出しが月名＋西暦（例 June 2026）に置き換わる（html/template/default/assets/hareruya/js/ec-cube-bridge.js:157-161 が「YYYY年M月」を月名のフルスペル＋年に変換する）。英語のメッセージ文言自体は設計どおりで（src/Eccube/Resource/locale/messages.en.yaml:4163-4164 が No events found. / Try a different period or filters.）、置換も行われる（html/template/default/assets/hareruya/js/ec-cube-bridge.js:143-146）。	英語表示の年月見出しの書式が設計の Y/n 形式と違う。なお同じ行が挙げる過去の大会の開閉文言は画面自体が無く、R280 の設計矛盾として別に挙げた。	img24(月別カレンダー)は年月見出し・曜日行・過去日と定休日のグレー表示・大型イベントアイコンを描くが、選択済み日付(黒枠)は描かれていない。	high	index.twig-en-month-heading-not-slash-format
sheet-4-R001	MATCHED						src/Eccube/Controller/Front/EventSearchController.php:37		イベント詳細検索の画面と検索処理が実装されている（src/Eccube/Controller/Front/EventSearchController.php:37-60、src/Eccube/Resource/template/default/Block/event_detailed_search_modal.twig:16）。	sheet-4_img1.png（詳細検索モーダル）を確認。行ラベルは キーワード検索/開催日時/カテゴリー/フォーマット/開催場所/詳細、下部ボタンは リセット・検索。詳細は平日・休日がチェック済み、過去・大型・参加無料が未チェック。	high	
sheet-4-R002	OUT_OF_SCOPE								「機能」は見出し行であり、ふるまいを定義していない。	sheet-4_img1.png（詳細検索モーダル）を確認。行ラベルは キーワード検索/開催日時/カテゴリー/フォーマット/開催場所/詳細、下部ボタンは リセット・検索。詳細は平日・休日がチェック済み、過去・大型・参加無料が未チェック。	high	
sheet-4-R003	OUT_OF_SCOPE								カスタマイズ方針の前置きであり、個々のふるまいは後続行で定義される。	sheet-4_img1.png（詳細検索モーダル）を確認。行ラベルは キーワード検索/開催日時/カテゴリー/フォーマット/開催場所/詳細、下部ボタンは リセット・検索。詳細は平日・休日がチェック済み、過去・大型・参加無料が未チェック。	high	
sheet-4-R004	OUT_OF_SCOPE								「検索条件」は区分見出しであり、ふるまいを定義していない。	sheet-4_img1.png（詳細検索モーダル）を確認。行ラベルは キーワード検索/開催日時/カテゴリー/フォーマット/開催場所/詳細、下部ボタンは リセット・検索。詳細は平日・休日がチェック済み、過去・大型・参加無料が未チェック。	high	
sheet-4-R005	MATCHED						src/Eccube/Resource/template/default/Block/event_detailed_search_modal.twig:11		詳細検索条件はモーダル（src/Eccube/Resource/template/default/Block/event_detailed_search_modal.twig:11-141）として表示され、一覧・イベントTOPの詳細検索ボタンから開く（src/Eccube/Resource/template/default/Event/list.twig:59、src/Eccube/Resource/template/default/Event/index.twig:183）。	sheet-4_img1.png（詳細検索モーダル）を確認。行ラベルは キーワード検索/開催日時/カテゴリー/フォーマット/開催場所/詳細、下部ボタンは リセット・検索。詳細は平日・休日がチェック済み、過去・大型・参加無料が未チェック。	high	
sheet-4-R006	MATCHED						src/Eccube/Repository/DtbEventDetailRepository.php:564		「大型のイベントを表示する」で絞り込める（src/Eccube/Resource/template/default/Block/event_detailed_search_modal.twig:120-123、src/Eccube/Service/Front/Event/EventSearchInput.php:79、src/Eccube/Repository/DtbEventDetailRepository.php:564-567 でイベント規模=大型に限定）。	sheet-4_img1.png（詳細検索モーダル）を確認。行ラベルは キーワード検索/開催日時/カテゴリー/フォーマット/開催場所/詳細、下部ボタンは リセット・検索。詳細は平日・休日がチェック済み、過去・大型・参加無料が未チェック。	high	
sheet-4-R007	MATCHED						src/Eccube/Repository/DtbEventDetailRepository.php:585		カテゴリの初心者歓迎/カジュアル対戦/競技で絞り込める（src/Eccube/Resource/template/default/Block/event_detailed_search_modal.twig:72-83、src/Eccube/Repository/DtbEventDetailRepository.php:555-559、src/Eccube/Repository/DtbEventDetailRepository.php:585-600）。	sheet-4_img1.png（詳細検索モーダル）を確認。行ラベルは キーワード検索/開催日時/カテゴリー/フォーマット/開催場所/詳細、下部ボタンは リセット・検索。詳細は平日・休日がチェック済み、過去・大型・参加無料が未チェック。	high	
sheet-4-R008	MATCHED						src/Eccube/Repository/DtbEventDetailRepository.php:560		予約イベント（オンライン受付あり）で絞り込める（src/Eccube/Resource/template/default/Block/event_detailed_search_modal.twig:84-87、src/Eccube/Repository/DtbEventDetailRepository.php:560-562）。	sheet-4_img1.png（詳細検索モーダル）を確認。行ラベルは キーワード検索/開催日時/カテゴリー/フォーマット/開催場所/詳細、下部ボタンは リセット・検索。詳細は平日・休日がチェック済み、過去・大型・参加無料が未チェック。	high	
sheet-4-R009	MATCHED						src/Eccube/Repository/DtbEventDetailRepository.php:569		「参加無料のイベントを表示する」で参加費0円に絞り込める（src/Eccube/Resource/template/default/Block/event_detailed_search_modal.twig:124-127、src/Eccube/Repository/DtbEventDetailRepository.php:569-571）。	sheet-4_img1.png（詳細検索モーダル）を確認。行ラベルは キーワード検索/開催日時/カテゴリー/フォーマット/開催場所/詳細、下部ボタンは リセット・検索。詳細は平日・休日がチェック済み、過去・大型・参加無料が未チェック。	high	
sheet-4-R010	OUT_OF_SCOPE								「検索結果」は区分見出しであり、ふるまいを定義していない。	sheet-4_img2.png（PC）・sheet-4_img3.png（SP）を確認。見出し「イベント絞り込み結果」、右上に詳細検索ボタン、条件チップ（スタンダード×/カジュアル対戦×/平日×等）、「検索結果: 1,000件」、ページング 1 2 3 4 5 … 17 >、カードは フォーマットラベル＋タグ＋イベント名＋「2025年08月24日 18時　甲府店」。	high	
sheet-4-R011	MATCHED						src/Eccube/Resource/template/default/Event/list.twig:64		現在の絞り込み条件は削除リンク付きのチップとして一覧上部に表示される（src/Eccube/Service/Front/Event/EventSearchChipBuilder.php:41-95、src/Eccube/Resource/template/default/Event/list.twig:64-73）。	sheet-4_img2.png（PC）・sheet-4_img3.png（SP）を確認。見出し「イベント絞り込み結果」、右上に詳細検索ボタン、条件チップ（スタンダード×/カジュアル対戦×/平日×等）、「検索結果: 1,000件」、ページング 1 2 3 4 5 … 17 >、カードは フォーマットラベル＋タグ＋イベント名＋「2025年08月24日 18時　甲府店」。	high	
sheet-4-R012	OUT_OF_SCOPE								「イベント個別の表示について」は区分見出しであり、ふるまいを定義していない。	sheet-4_img2.png（PC）・sheet-4_img3.png（SP）を確認。見出し「イベント絞り込み結果」、右上に詳細検索ボタン、条件チップ（スタンダード×/カジュアル対戦×/平日×等）、「検索結果: 1,000件」、ページング 1 2 3 4 5 … 17 >、カードは フォーマットラベル＋タグ＋イベント名＋「2025年08月24日 18時　甲府店」。	high	
sheet-4-R013	MATCHED						src/Eccube/Resource/template/default/Event/_search_event_card.twig:58		カードに開催日時と開催店舗が表示される（src/Eccube/Resource/template/default/Event/_search_event_card.twig:58-63）。	sheet-4_img2.png（PC）・sheet-4_img3.png（SP）を確認。見出し「イベント絞り込み結果」、右上に詳細検索ボタン、条件チップ（スタンダード×/カジュアル対戦×/平日×等）、「検索結果: 1,000件」、ページング 1 2 3 4 5 … 17 >、カードは フォーマットラベル＋タグ＋イベント名＋「2025年08月24日 18時　甲府店」。	high	
sheet-4-R014	OUT_OF_SCOPE								「説明」は見出し行。		high	
sheet-4-R015	OUT_OF_SCOPE								「遷移元」は項目名（ラベル）であり、値は次行にある。		high	
sheet-4-R016	MATCHED						src/Eccube/Resource/template/default/Event/index.twig:183		イベント大会TOPの詳細検索ボタンが同じ検索モーダルを開き、そのフォームが検索結果一覧へ遷移する（src/Eccube/Resource/template/default/Event/index.twig:183、src/Eccube/Resource/template/default/Block/event_detailed_search_modal.twig:16）。	sheet-4_img1.png（詳細検索モーダル）を確認。行ラベルは キーワード検索/開催日時/カテゴリー/フォーマット/開催場所/詳細、下部ボタンは リセット・検索。詳細は平日・休日がチェック済み、過去・大型・参加無料が未チェック。	high	
sheet-4-R017	OUT_OF_SCOPE								「URL」は項目名（ラベル）であり、値は次行にある。		high	
sheet-4-R018	MATCHED						src/Eccube/Controller/Front/EventSearchController.php:37		検索結果一覧の経路は /events/list で、全フロント経路に /{_locale} が前置されるため /ja/events/list となる（src/Eccube/Controller/Front/EventSearchController.php:37、app/config/eccube/routes.yaml:20）。		high	
sheet-4-R019	MATCHED						src/Eccube/Service/Front/Event/EventSearchInput.php:63		一覧はGETクエリを読み取って検索条件を組み立てる（src/Eccube/Controller/Front/EventSearchController.php:40、src/Eccube/Service/Front/Event/EventSearchInput.php:63-97）。		high	
sheet-4-R020	MATCHED						src/Eccube/Service/Front/Event/EventSearchInput.php:70		term を検索キーワードとして受け取る（src/Eccube/Service/Front/Event/EventSearchInput.php:70）。		high	
sheet-4-R021	MATCHED						src/Eccube/Service/Front/Event/EventSearchInput.php:71		from を開催日時の下限として受け取り、開催日がそれ以降のものに絞る（src/Eccube/Service/Front/Event/EventSearchInput.php:71、src/Eccube/Repository/DtbEventDetailRepository.php:523-526）。		high	
sheet-4-R022	MATCHED						src/Eccube/Service/Front/Event/EventSearchInput.php:72		to を開催日時の上限として受け取り、その日までのものに絞る（src/Eccube/Service/Front/Event/EventSearchInput.php:72、src/Eccube/Repository/DtbEventDetailRepository.php:527-530）。		high	
sheet-4-R023	MATCHED						src/Eccube/Service/Front/Event/EventSearchInput.php:73		formats[] をフォーマット条件として受け取る（src/Eccube/Service/Front/Event/EventSearchInput.php:73、src/Eccube/Repository/DtbEventDetailRepository.php:532-535）。		high	
sheet-4-R024	MATCHED						src/Eccube/Service/Front/Event/EventSearchInput.php:74		venues[] を店舗条件として受け取る（src/Eccube/Service/Front/Event/EventSearchInput.php:74、src/Eccube/Repository/DtbEventDetailRepository.php:537-540）。		high	
sheet-4-R025	MATCHED						src/Eccube/Service/Front/Event/EventSearchInput.php:76		isWeekday を平日条件として受け取る（src/Eccube/Service/Front/Event/EventSearchInput.php:76、src/Eccube/Repository/DtbEventDetailRepository.php:542-548）。		high	
sheet-4-R026	MATCHED						src/Eccube/Service/Front/Event/EventSearchInput.php:77		isHoliday を休日条件として受け取る（src/Eccube/Service/Front/Event/EventSearchInput.php:77、src/Eccube/Repository/DtbEventDetailRepository.php:542-548）。		high	
sheet-4-R027	MATCHED						src/Eccube/Service/Front/Event/EventSearchInput.php:78		allowPast を過去表示条件として受け取り、未指定時は終了済みを除外する（src/Eccube/Service/Front/Event/EventSearchInput.php:78、src/Eccube/Repository/DtbEventDetailRepository.php:550-553）。		high	
sheet-4-R028	OUT_OF_SCOPE								「クエリ例」は見出し行。		high	
sheet-4-R029	OUT_OF_SCOPE								クエリの記述例であり、それ自体はふるまいの要求ではない（各パラメータの要求は R020-R027 で判定済み）。		high	
sheet-4-R030	OUT_OF_SCOPE								クエリ記述例の続き。ふるまいの要求ではない。		high	
sheet-4-R031	OUT_OF_SCOPE								設計書の表記上の注記であり、実装対象ではない。		high	
sheet-4-R032	OUT_OF_SCOPE								「パンくずリスト(2-1)」は見出し行。	sheet-4_img2.png（PC）・sheet-4_img3.png（SP）を確認。見出し「イベント絞り込み結果」、右上に詳細検索ボタン、条件チップ（スタンダード×/カジュアル対戦×/平日×等）、「検索結果: 1,000件」、ページング 1 2 3 4 5 … 17 >、カードは フォーマットラベル＋タグ＋イベント名＋「2025年08月24日 18時　甲府店」。	high	
sheet-4-R033	OUT_OF_SCOPE								「以下のように表示」は前置きで、表示内容は次行にある。	sheet-4_img2.png（PC）・sheet-4_img3.png（SP）を確認。見出し「イベント絞り込み結果」、右上に詳細検索ボタン、条件チップ（スタンダード×/カジュアル対戦×/平日×等）、「検索結果: 1,000件」、ページング 1 2 3 4 5 … 17 >、カードは フォーマットラベル＋タグ＋イベント名＋「2025年08月24日 18時　甲府店」。	high	
sheet-4-R034	MATCHED						src/Eccube/Resource/template/default/Event/list.twig:34		パンくずは ホーム（src/Eccube/Resource/locale/messages.ja.yaml:6734）> イベントTOP（src/Eccube/Resource/locale/messages.ja.yaml:6540）> イベント詳細検索（src/Eccube/Resource/locale/messages.ja.yaml:6608）の3段で出力される（src/Eccube/Resource/template/default/Event/list.twig:34-56）。	sheet-4_img2.png（PC）・sheet-4_img3.png（SP）を確認。見出し「イベント絞り込み結果」、右上に詳細検索ボタン、条件チップ（スタンダード×/カジュアル対戦×/平日×等）、「検索結果: 1,000件」、ページング 1 2 3 4 5 … 17 >、カードは フォーマットラベル＋タグ＋イベント名＋「2025年08月24日 18時　甲府店」。	high	
sheet-4-R035	OUT_OF_SCOPE								「機能」は見出し行。		high	
sheet-4-R036	MATCHED						src/Eccube/Resource/template/default/Block/event_detailed_search_modal.twig:136		検索ボタンの送信でモーダルの入力項目が一覧へ渡り、検索結果が一覧表示される（src/Eccube/Resource/template/default/Block/event_detailed_search_modal.twig:16、src/Eccube/Resource/template/default/Block/event_detailed_search_modal.twig:136、src/Eccube/Controller/Front/EventSearchController.php:40-60）。	sheet-4_img1.png（詳細検索モーダル）を確認。行ラベルは キーワード検索/開催日時/カテゴリー/フォーマット/開催場所/詳細、下部ボタンは リセット・検索。詳細は平日・休日がチェック済み、過去・大型・参加無料が未チェック。	high	
sheet-4-R037	MATCHED						src/Eccube/Repository/DtbEventDetailRepository.php:499		項目間はAND（各条件を順に絞り込み）、項目内の選択肢はOR（IN 条件）で組む（src/Eccube/Repository/DtbEventDetailRepository.php:499-575）。		high	
sheet-4-R038	MATCHED						src/Eccube/Service/Front/Event/EventSearchInput.php:152		キーワードは空白で分割され、分割後の各語すべてを含むものに絞られる（src/Eccube/Service/Front/Event/EventSearchInput.php:152-161、src/Eccube/Repository/DtbEventDetailRepository.php:499-521）。		high	
sheet-4-R039	MATCHED						src/Eccube/Repository/DtbEventDetailRepository.php:501		イベント名・賞品・フリーエリア1〜3の見出しと本文が検索対象になっている（src/Eccube/Repository/DtbEventDetailRepository.php:501-518）。		high	
sheet-4-R040	MATCHED						src/Eccube/Resource/template/default/Event/list.twig:59		詳細検索ボタン押下で検索モーダルが開く（src/Eccube/Resource/template/default/Event/list.twig:59、src/Eccube/Resource/template/default/Block/event_detailed_search_modal.twig:11、共通のモーダル開閉処理 html/template/default/assets/hareruya/js/hareruya-main.js）。	sheet-4_img2.png（PC）・sheet-4_img3.png（SP）を確認。見出し「イベント絞り込み結果」、右上に詳細検索ボタン、条件チップ（スタンダード×/カジュアル対戦×/平日×等）、「検索結果: 1,000件」、ページング 1 2 3 4 5 … 17 >、カードは フォーマットラベル＋タグ＋イベント名＋「2025年08月24日 18時　甲府店」。	high	
sheet-4-R041	MATCHED						src/Eccube/Service/Front/Event/EventSearchInput.php:24		1ページ100件でページングを表示する（src/Eccube/Service/Front/Event/EventSearchInput.php:24、src/Eccube/Controller/Front/EventSearchController.php:48、src/Eccube/Resource/template/default/Event/list.twig:83-97）。	sheet-4_img2.png（PC）・sheet-4_img3.png（SP）を確認。見出し「イベント絞り込み結果」、右上に詳細検索ボタン、条件チップ（スタンダード×/カジュアル対戦×/平日×等）、「検索結果: 1,000件」、ページング 1 2 3 4 5 … 17 >、カードは フォーマットラベル＋タグ＋イベント名＋「2025年08月24日 18時　甲府店」。	high	
sheet-4-R042	MATCHED						src/Eccube/Controller/Front/EventSearchController.php:44		9999件を超えると結果を出さずエラー文言を表示する（src/Eccube/Service/Front/Event/EventSearchInput.php:25、src/Eccube/Controller/Front/EventSearchController.php:44-45、src/Eccube/Resource/template/default/Event/list.twig:74-75）。	sheet-4_img2.png（PC）・sheet-4_img3.png（SP）を確認。見出し「イベント絞り込み結果」、右上に詳細検索ボタン、条件チップ（スタンダード×/カジュアル対戦×/平日×等）、「検索結果: 1,000件」、ページング 1 2 3 4 5 … 17 >、カードは フォーマットラベル＋タグ＋イベント名＋「2025年08月24日 18時　甲府店」。	high	
sheet-4-R043	MATCHED						src/Eccube/Service/Front/Event/EventSearchChipBuilder.php:41		入力した条件はチップとして一覧に表示される（src/Eccube/Service/Front/Event/EventSearchChipBuilder.php:41-95、src/Eccube/Resource/template/default/Event/list.twig:64-73）。詳細（1-7）の平日・休日・過去もチップ化されており、2-3の説明（1-1〜1-7）と整合する。	sheet-4_img2.png（PC）・sheet-4_img3.png（SP）を確認。見出し「イベント絞り込み結果」、右上に詳細検索ボタン、条件チップ（スタンダード×/カジュアル対戦×/平日×等）、「検索結果: 1,000件」、ページング 1 2 3 4 5 … 17 >、カードは フォーマットラベル＋タグ＋イベント名＋「2025年08月24日 18時　甲府店」。	high	
sheet-4-R044	MATCHED						src/Eccube/Service/Front/Event/EventSearchChipBuilder.php:113		チップの×は当該条件を外した検索条件で再検索するリンクになっており、モーダルの入力状態も外れた状態で復元される（src/Eccube/Service/Front/Event/EventSearchChipBuilder.php:102-152、src/Eccube/Resource/template/default/Event/list.twig:67、src/Eccube/Controller/Block/EventDetailedSearchModalController.php:49、src/Eccube/Resource/template/default/Block/event_detailed_search_modal.twig:30）。	sheet-4_img2.png（PC）・sheet-4_img3.png（SP）を確認。見出し「イベント絞り込み結果」、右上に詳細検索ボタン、条件チップ（スタンダード×/カジュアル対戦×/平日×等）、「検索結果: 1,000件」、ページング 1 2 3 4 5 … 17 >、カードは フォーマットラベル＋タグ＋イベント名＋「2025年08月24日 18時　甲府店」。	high	
sheet-4-R045	MATCHED						src/Eccube/Resource/locale/messages.ja.yaml:6632		長い選択肢名はチップでは短縮表記が使われる（src/Eccube/Resource/locale/messages.ja.yaml:6632-6636）。ただし短縮語そのものは設計と不一致（R046-R048 で指摘）。	sheet-4_img2.png（PC）・sheet-4_img3.png（SP）を確認。見出し「イベント絞り込み結果」、右上に詳細検索ボタン、条件チップ（スタンダード×/カジュアル対戦×/平日×等）、「検索結果: 1,000件」、ページング 1 2 3 4 5 … 17 >、カードは フォーマットラベル＋タグ＋イベント名＋「2025年08月24日 18時　甲府店」。	high	
sheet-4-R046	DRIFT	P3	実装違い	IO	※一部、長い文言については省略表記で表示する 平日　平日のイベントを表示する	検索条件チップには「平日」と表示する	src/Eccube/Resource/locale/messages.ja.yaml:6632; src/Eccube/Service/Front/Event/EventSearchChipBuilder.php:78-86	チップには「平日のみ」と表示される（src/Eccube/Resource/locale/messages.ja.yaml:6632）	設計は詳細条件のチップ表記を「平日」と定めている（同ブロックの「※一部、長い文言については省略表記で表示する」の直後に列挙）。sheet-4_img2/img3 のチップも「平日」「休日」であり、実装の「平日のみ」とは表記が異なる。	sheet-4_img2.png（PC）・sheet-4_img3.png（SP）を確認。見出し「イベント絞り込み結果」、右上に詳細検索ボタン、条件チップ（スタンダード×/カジュアル対戦×/平日×等）、「検索結果: 1,000件」、ページング 1 2 3 4 5 … 17 >、カードは フォーマットラベル＋タグ＋イベント名＋「2025年08月24日 18時　甲府店」。 チップ表記は「平日 ×」「休日 ×」で、「のみ」「含む」は付いていない。	high	messages.ja.yaml-event-search-chip-label-mismatch
sheet-4-R047	DRIFT	P3	実装違い	IO	休日　休日のイベントを表示する	検索条件チップには「休日」と表示する	src/Eccube/Resource/locale/messages.ja.yaml:6633; src/Eccube/Service/Front/Event/EventSearchChipBuilder.php:78-86	チップには「休日のみ」と表示される（src/Eccube/Resource/locale/messages.ja.yaml:6633）	設計は詳細条件のチップ表記を「休日」と定めている（同ブロックの「※一部、長い文言については省略表記で表示する」の直後に列挙）。sheet-4_img2/img3 のチップも「平日」「休日」であり、実装の「休日のみ」とは表記が異なる。	sheet-4_img2.png（PC）・sheet-4_img3.png（SP）を確認。見出し「イベント絞り込み結果」、右上に詳細検索ボタン、条件チップ（スタンダード×/カジュアル対戦×/平日×等）、「検索結果: 1,000件」、ページング 1 2 3 4 5 … 17 >、カードは フォーマットラベル＋タグ＋イベント名＋「2025年08月24日 18時　甲府店」。 チップ表記は「平日 ×」「休日 ×」で、「のみ」「含む」は付いていない。	high	messages.ja.yaml-event-search-chip-label-mismatch
sheet-4-R048	DRIFT	P3	実装違い	IO	過去　過去のイベントを表示する	検索条件チップには「過去」と表示する	src/Eccube/Resource/locale/messages.ja.yaml:6634; src/Eccube/Service/Front/Event/EventSearchChipBuilder.php:78-86	チップには「過去含む」と表示される（src/Eccube/Resource/locale/messages.ja.yaml:6634）	設計は詳細条件のチップ表記を「過去」と定めている（同ブロックの「※一部、長い文言については省略表記で表示する」の直後に列挙）。sheet-4_img2/img3 のチップも「平日」「休日」であり、実装の「過去含む」とは表記が異なる。	sheet-4_img2.png（PC）・sheet-4_img3.png（SP）を確認。見出し「イベント絞り込み結果」、右上に詳細検索ボタン、条件チップ（スタンダード×/カジュアル対戦×/平日×等）、「検索結果: 1,000件」、ページング 1 2 3 4 5 … 17 >、カードは フォーマットラベル＋タグ＋イベント名＋「2025年08月24日 18時　甲府店」。 チップ表記は「平日 ×」「休日 ×」で、「のみ」「含む」は付いていない。	high	messages.ja.yaml-event-search-chip-label-mismatch
sheet-4-R049	MATCHED						src/Eccube/Resource/template/default/Event/_search_event_card.twig:58		検索結果カードはイベント大会TOPと同じ体裁に加えて開催日時と開催店舗を表示する（src/Eccube/Resource/template/default/Event/_search_event_card.twig:11-66）。日時の表記は設計と不一致（R091 で指摘）。	sheet-4_img2.png（PC）・sheet-4_img3.png（SP）を確認。見出し「イベント絞り込み結果」、右上に詳細検索ボタン、条件チップ（スタンダード×/カジュアル対戦×/平日×等）、「検索結果: 1,000件」、ページング 1 2 3 4 5 … 17 >、カードは フォーマットラベル＋タグ＋イベント名＋「2025年08月24日 18時　甲府店」。	high	
sheet-4-R050	MATCHED						src/Eccube/Resource/template/default/Event/_search_event_card.twig:16		カード全体が大会詳細へのリンクで、アコーディオンは持たない（src/Eccube/Resource/template/default/Event/_search_event_card.twig:16）。	sheet-4_img2.png（PC）・sheet-4_img3.png（SP）を確認。見出し「イベント絞り込み結果」、右上に詳細検索ボタン、条件チップ（スタンダード×/カジュアル対戦×/平日×等）、「検索結果: 1,000件」、ページング 1 2 3 4 5 … 17 >、カードは フォーマットラベル＋タグ＋イベント名＋「2025年08月24日 18時　甲府店」。	high	
sheet-4-R051	MATCHED						src/Eccube/Resource/template/default/Event/list.twig:25		検索結果一覧に noindex の指定が出力される（src/Eccube/Resource/template/default/Event/list.twig:24-26）。		high	
sheet-4-R052	OUT_OF_SCOPE								部品一覧の表ヘッダの折り返し行（「または最大値／初期値／画面部品の説明」）。		high	
sheet-4-R053	DRIFT	P3	実装違い	IO	1-1 キーワード検索 半角・全角 - - - イベントをキーワード検索する	モーダルのキーワード入力欄のラベルに「キーワード検索」と表示する	src/Eccube/Resource/locale/messages.ja.yaml:6613; src/Eccube/Resource/template/default/Block/event_detailed_search_modal.twig:25	ラベルは「キーワード」（src/Eccube/Resource/locale/messages.ja.yaml:6613 front.event.search.term.label）	部品一覧の 1-1 のラベルは「キーワード検索」で、sheet-4_img1 の行ラベルも「キーワード検索」。実装のラベルは「キーワード」で、末尾の「検索」が落ちている。キーワード検索そのもののふるまい（イベントのキーワード検索）は実装済み（src/Eccube/Repository/DtbEventDetailRepository.php:499-521）。	sheet-4_img1.png（詳細検索モーダル）を確認。行ラベルは キーワード検索/開催日時/カテゴリー/フォーマット/開催場所/詳細、下部ボタンは リセット・検索。詳細は平日・休日がチェック済み、過去・大型・参加無料が未チェック。 1-1 の行ラベルは「キーワード検索」。	med	messages.ja.yaml-event-search-modal-label-mismatch
sheet-4-R054	MATCHED						src/Eccube/Resource/template/default/Block/event_detailed_search_modal.twig:41		開催日時の下限入力があり、その日以降のイベントに絞られる（src/Eccube/Resource/template/default/Block/event_detailed_search_modal.twig:39-44、src/Eccube/Repository/DtbEventDetailRepository.php:523-526）。	sheet-4_img1.png（詳細検索モーダル）を確認。行ラベルは キーワード検索/開催日時/カテゴリー/フォーマット/開催場所/詳細、下部ボタンは リセット・検索。詳細は平日・休日がチェック済み、過去・大型・参加無料が未チェック。	high	
sheet-4-R055	MATCHED						src/Eccube/Resource/template/default/Block/event_detailed_search_modal.twig:48		開催日時の上限入力があり、その日までのイベントに絞られる（src/Eccube/Resource/template/default/Block/event_detailed_search_modal.twig:46-51、src/Eccube/Repository/DtbEventDetailRepository.php:527-530）。	sheet-4_img1.png（詳細検索モーダル）を確認。行ラベルは キーワード検索/開催日時/カテゴリー/フォーマット/開催場所/詳細、下部ボタンは リセット・検索。詳細は平日・休日がチェック済み、過去・大型・参加無料が未チェック。	high	
sheet-4-R056	DRIFT	P3	実装違い	IO	1-4 カテゴリ 複数選択(チェックボックス) - - - 1.「初心者歓迎」「カジュアル対戦」「競技」はイベント設定の「ルール適用度」を検索対象とする。	モーダルのカテゴリ欄のラベルに「カテゴリ」と表示する	src/Eccube/Resource/locale/messages.ja.yaml:6620; src/Eccube/Resource/template/default/Block/event_detailed_search_modal.twig:70	ラベルは「競技レベル」（src/Eccube/Resource/locale/messages.ja.yaml:6620 front.event.search.category.label）	部品一覧 1-4 のラベルは「カテゴリ」、sheet-4_img1 の行ラベルは「カテゴリー」。実装のラベルは「競技レベル」で、設計のどちらの表記とも異なる。検索対象（初心者歓迎/カジュアル対戦/競技をルール適用度で絞る）は src/Eccube/Repository/DtbEventDetailRepository.php:555-559 と src/Eccube/Repository/DtbEventDetailRepository.php:585-600 で実装済み（mtb_rel の 6/7/2 = 初心者歓迎/カジュアル対戦/競技）。	sheet-4_img1.png（詳細検索モーダル）を確認。行ラベルは キーワード検索/開催日時/カテゴリー/フォーマット/開催場所/詳細、下部ボタンは リセット・検索。詳細は平日・休日がチェック済み、過去・大型・参加無料が未チェック。 カテゴリー行の選択肢は 初心者歓迎・カジュアル対戦・競技・事前予約 の4つ。	high	messages.ja.yaml-event-search-modal-label-mismatch
sheet-4-R057	DRIFT	P3	実装違い	IO	2.「事前予約」はイベント設定の「オンライン受付あり」を検索対象とする。	カテゴリの選択肢名に「事前予約」と表示する	src/Eccube/Resource/locale/messages.ja.yaml:6624; src/Eccube/Resource/template/default/Block/event_detailed_search_modal.twig:86	選択肢名は「予約イベントを表示する」（src/Eccube/Resource/locale/messages.ja.yaml:6624 front.event.search.category.reservation）	設計はカテゴリの選択肢名を「事前予約」と定め、sheet-4_img1 の選択肢も「事前予約」。実装の選択肢名は「予約イベントを表示する」。検索対象がオンライン受付ありであること自体は実装済み（src/Eccube/Repository/DtbEventDetailRepository.php:560-562 の entryFlg は管理画面の「オンライン受付あり」に対応: src/Eccube/Form/Type/Admin/ScheduleType.php:177-180、src/Eccube/Resource/locale/messages.ja.yaml:6093）。	sheet-4_img1.png（詳細検索モーダル）を確認。行ラベルは キーワード検索/開催日時/カテゴリー/フォーマット/開催場所/詳細、下部ボタンは リセット・検索。詳細は平日・休日がチェック済み、過去・大型・参加無料が未チェック。 カテゴリー行の4番目の選択肢は「事前予約」。	med	messages.ja.yaml-event-search-modal-label-mismatch
sheet-4-R058	MATCHED						src/Eccube/Repository/DtbEventDetailRepository.php:555		ルール適用度の3選択肢はOR（IN 条件）、事前予約はそれとANDで重ねて絞り込む（src/Eccube/Repository/DtbEventDetailRepository.php:555-562）。	sheet-4_img1.png（詳細検索モーダル）を確認。行ラベルは キーワード検索/開催日時/カテゴリー/フォーマット/開催場所/詳細、下部ボタンは リセット・検索。詳細は平日・休日がチェック済み、過去・大型・参加無料が未チェック。	high	
sheet-4-R059	MATCHED						src/Eccube/Repository/DtbEventDetailRepository.php:532		フォーマットは複数選択で、選択したいずれかを持つイベントに絞られる（src/Eccube/Resource/template/default/Block/event_detailed_search_modal.twig:59-64、src/Eccube/Repository/DtbEventDetailRepository.php:532-535）。	sheet-4_img1.png（詳細検索モーダル）を確認。行ラベルは キーワード検索/開催日時/カテゴリー/フォーマット/開催場所/詳細、下部ボタンは リセット・検索。詳細は平日・休日がチェック済み、過去・大型・参加無料が未チェック。	high	
sheet-4-R060	MATCHED						src/Eccube/Repository/DtbEventDetailRepository.php:537		開催場所は複数選択で、選択したいずれかの店舗のイベントに絞られる（src/Eccube/Resource/template/default/Block/event_detailed_search_modal.twig:95-100、src/Eccube/Repository/DtbEventDetailRepository.php:537-540）。	sheet-4_img1.png（詳細検索モーダル）を確認。行ラベルは キーワード検索/開催日時/カテゴリー/フォーマット/開催場所/詳細、下部ボタンは リセット・検索。詳細は平日・休日がチェック済み、過去・大型・参加無料が未チェック。	high	
sheet-4-R061	MATCHED						src/Eccube/Repository/DtbEventDetailRepository.php:542		平日・休日は片方だけ選択したときにその側へ絞り、両方選択時は絞り込まない（OR と同義）（src/Eccube/Repository/DtbEventDetailRepository.php:542-548）。	sheet-4_img1.png（詳細検索モーダル）を確認。行ラベルは キーワード検索/開催日時/カテゴリー/フォーマット/開催場所/詳細、下部ボタンは リセット・検索。詳細は平日・休日がチェック済み、過去・大型・参加無料が未チェック。	high	
sheet-4-R062	MATCHED						src/Eccube/Repository/DtbEventDetailRepository.php:550		「過去のイベントを表示する」を選ぶと開催日が現在より前のものも対象になる（src/Eccube/Repository/DtbEventDetailRepository.php:550-553）。	sheet-4_img1.png（詳細検索モーダル）を確認。行ラベルは キーワード検索/開催日時/カテゴリー/フォーマット/開催場所/詳細、下部ボタンは リセット・検索。詳細は平日・休日がチェック済み、過去・大型・参加無料が未チェック。	high	
sheet-4-R063	MATCHED						src/Eccube/Repository/DtbEventDetailRepository.php:564		「大型のイベントを表示する」でイベント規模が大型のものに絞られる（src/Eccube/Repository/DtbEventDetailRepository.php:564-567、mtb_event_scale の id=4 が大型イベント: app/DoctrineMigrations/Version20260514110000.php:36）。	sheet-4_img1.png（詳細検索モーダル）を確認。行ラベルは キーワード検索/開催日時/カテゴリー/フォーマット/開催場所/詳細、下部ボタンは リセット・検索。詳細は平日・休日がチェック済み、過去・大型・参加無料が未チェック。	high	
sheet-4-R064	MATCHED						src/Eccube/Repository/DtbEventDetailRepository.php:569		「参加無料のイベントを表示する」で参加費0円のものに絞られる（src/Eccube/Repository/DtbEventDetailRepository.php:569-571、日程の参加費が未設定ならイベントの参加費を見る）。	sheet-4_img1.png（詳細検索モーダル）を確認。行ラベルは キーワード検索/開催日時/カテゴリー/フォーマット/開催場所/詳細、下部ボタンは リセット・検索。詳細は平日・休日がチェック済み、過去・大型・参加無料が未チェック。	high	
sheet-4-R065	MATCHED						src/Eccube/Repository/DtbEventDetailRepository.php:542		詳細の4条件はそれぞれ重ねて絞り込む（AND）（src/Eccube/Repository/DtbEventDetailRepository.php:542-571）。	sheet-4_img1.png（詳細検索モーダル）を確認。行ラベルは キーワード検索/開催日時/カテゴリー/フォーマット/開催場所/詳細、下部ボタンは リセット・検索。詳細は平日・休日がチェック済み、過去・大型・参加無料が未チェック。	high	
sheet-4-R066	DRIFT	P3	実装違い	IO	1-8 リセット ボタン - - - 入力項目をリセットする	モーダルの入力項目を空にするボタンに「リセット」と表示する	src/Eccube/Resource/locale/messages.ja.yaml:6611; src/Eccube/Resource/template/default/Block/event_detailed_search_modal.twig:135	ボタン名は「クリア」（src/Eccube/Resource/locale/messages.ja.yaml:6611 front.event.search.modal_clear）	部品一覧 1-8 のラベルは「リセット」、sheet-4_img1 の下部左ボタンも「リセット」。実装のボタン名は「クリア」。入力項目を空にするふるまい自体は実装済み（src/Eccube/Resource/template/default/Block/event_detailed_search_modal.twig:198-211）。	sheet-4_img1.png（詳細検索モーダル）を確認。行ラベルは キーワード検索/開催日時/カテゴリー/フォーマット/開催場所/詳細、下部ボタンは リセット・検索。詳細は平日・休日がチェック済み、過去・大型・参加無料が未チェック。 モーダル下部のボタンは左「リセット」右「検索」。	high	messages.ja.yaml-event-search-modal-label-mismatch
sheet-4-R067	MATCHED						src/Eccube/Resource/template/default/Block/event_detailed_search_modal.twig:136		検索ボタン（src/Eccube/Resource/locale/messages.ja.yaml:6612 は「検索」）の押下で入力条件による検索が実行される（src/Eccube/Resource/template/default/Block/event_detailed_search_modal.twig:136、src/Eccube/Controller/Front/EventSearchController.php:40-45）。	sheet-4_img1.png（詳細検索モーダル）を確認。行ラベルは キーワード検索/開催日時/カテゴリー/フォーマット/開催場所/詳細、下部ボタンは リセット・検索。詳細は平日・休日がチェック済み、過去・大型・参加無料が未チェック。	high	
sheet-4-R068	MATCHED						src/Eccube/Resource/template/default/Event/list.twig:34		このページまでのパンくずがリンクとして表示される（src/Eccube/Resource/template/default/Event/list.twig:34-56）。	sheet-4_img2.png（PC）・sheet-4_img3.png（SP）を確認。見出し「イベント絞り込み結果」、右上に詳細検索ボタン、条件チップ（スタンダード×/カジュアル対戦×/平日×等）、「検索結果: 1,000件」、ページング 1 2 3 4 5 … 17 >、カードは フォーマットラベル＋タグ＋イベント名＋「2025年08月24日 18時　甲府店」。	high	
sheet-4-R069	MATCHED						src/Eccube/Resource/template/default/Event/list.twig:59		詳細検索ボタンが検索モーダルを開く（src/Eccube/Resource/template/default/Event/list.twig:59）。	sheet-4_img2.png（PC）・sheet-4_img3.png（SP）を確認。見出し「イベント絞り込み結果」、右上に詳細検索ボタン、条件チップ（スタンダード×/カジュアル対戦×/平日×等）、「検索結果: 1,000件」、ページング 1 2 3 4 5 … 17 >、カードは フォーマットラベル＋タグ＋イベント名＋「2025年08月24日 18時　甲府店」。	high	
sheet-4-R070	MATCHED						src/Eccube/Resource/template/default/Event/list.twig:64		検索した項目がボタン（チップ）として表示される（src/Eccube/Service/Front/Event/EventSearchChipBuilder.php:41-95、src/Eccube/Resource/template/default/Event/list.twig:64-73）。	sheet-4_img2.png（PC）・sheet-4_img3.png（SP）を確認。見出し「イベント絞り込み結果」、右上に詳細検索ボタン、条件チップ（スタンダード×/カジュアル対戦×/平日×等）、「検索結果: 1,000件」、ページング 1 2 3 4 5 … 17 >、カードは フォーマットラベル＋タグ＋イベント名＋「2025年08月24日 18時　甲府店」。	high	
sheet-4-R071	MATCHED						src/Eccube/Service/Front/Event/EventSearchChipBuilder.php:46		キーワードのチップは入力文字列そのものが表示内容になる（src/Eccube/Service/Front/Event/EventSearchChipBuilder.php:45-47）。	sheet-4_img2.png（PC）・sheet-4_img3.png（SP）を確認。見出し「イベント絞り込み結果」、右上に詳細検索ボタン、条件チップ（スタンダード×/カジュアル対戦×/平日×等）、「検索結果: 1,000件」、ページング 1 2 3 4 5 … 17 >、カードは フォーマットラベル＋タグ＋イベント名＋「2025年08月24日 18時　甲府店」。	high	
sheet-4-R072	MATCHED						src/Eccube/Service/Front/Event/EventSearchChipBuilder.php:113		チップ削除は当該条件を除いた検索条件で再検索し、モーダルの入力状態にも反映される（src/Eccube/Service/Front/Event/EventSearchChipBuilder.php:113-152、src/Eccube/Controller/Block/EventDetailedSearchModalController.php:49）。	sheet-4_img2.png（PC）・sheet-4_img3.png（SP）を確認。見出し「イベント絞り込み結果」、右上に詳細検索ボタン、条件チップ（スタンダード×/カジュアル対戦×/平日×等）、「検索結果: 1,000件」、ページング 1 2 3 4 5 … 17 >、カードは フォーマットラベル＋タグ＋イベント名＋「2025年08月24日 18時　甲府店」。	high	
sheet-4-R073	MATCHED						src/Eccube/Resource/template/default/Event/list.twig:78		検索結果総件数が「検索結果: N 件」として表示される（src/Eccube/Resource/template/default/Event/list.twig:78-82、src/Eccube/Resource/locale/messages.ja.yaml:6643-6644）。	sheet-4_img2.png（PC）・sheet-4_img3.png（SP）を確認。見出し「イベント絞り込み結果」、右上に詳細検索ボタン、条件チップ（スタンダード×/カジュアル対戦×/平日×等）、「検索結果: 1,000件」、ページング 1 2 3 4 5 … 17 >、カードは フォーマットラベル＋タグ＋イベント名＋「2025年08月24日 18時　甲府店」。	high	
sheet-4-R074	MATCHED						src/Eccube/Resource/template/default/Event/list.twig:83		2ページ以上になるときページングが表示される（src/Eccube/Resource/template/default/Event/list.twig:83-85、src/Eccube/Resource/template/default/Event/list.twig:95-97、src/Eccube/Resource/template/default/Event/_search_pagination.twig:16-67）。表示するページ番号の範囲は設計と不一致（R089 で指摘）。	sheet-4_img2.png（PC）・sheet-4_img3.png（SP）を確認。見出し「イベント絞り込み結果」、右上に詳細検索ボタン、条件チップ（スタンダード×/カジュアル対戦×/平日×等）、「検索結果: 1,000件」、ページング 1 2 3 4 5 … 17 >、カードは フォーマットラベル＋タグ＋イベント名＋「2025年08月24日 18時　甲府店」。	high	
sheet-4-R075	MATCHED						src/Eccube/Service/Front/Event/EventSearchInput.php:24		1ページあたり100件で区切られる（src/Eccube/Service/Front/Event/EventSearchInput.php:24、src/Eccube/Service/Front/Event/EventSearchInput.php:163-166、src/Eccube/Repository/DtbEventDetailRepository.php:448-449）。	sheet-4_img2.png（PC）・sheet-4_img3.png（SP）を確認。見出し「イベント絞り込み結果」、右上に詳細検索ボタン、条件チップ（スタンダード×/カジュアル対戦×/平日×等）、「検索結果: 1,000件」、ページング 1 2 3 4 5 … 17 >、カードは フォーマットラベル＋タグ＋イベント名＋「2025年08月24日 18時　甲府店」。	high	
sheet-4-R076	MATCHED						src/Eccube/Resource/template/default/Event/_search_event_card.twig:58		カードはイベント大会TOPと同じ体裁（フォーマットラベル・タグ・イベント名）に加え、開催日時と開催店舗を表示する（src/Eccube/Resource/template/default/Event/_search_event_card.twig:19-63）。	sheet-4_img2.png（PC）・sheet-4_img3.png（SP）を確認。見出し「イベント絞り込み結果」、右上に詳細検索ボタン、条件チップ（スタンダード×/カジュアル対戦×/平日×等）、「検索結果: 1,000件」、ページング 1 2 3 4 5 … 17 >、カードは フォーマットラベル＋タグ＋イベント名＋「2025年08月24日 18時　甲府店」。	high	
sheet-4-R077	MATCHED						src/Eccube/Resource/template/default/Event/_search_event_card.twig:16		カードはアコーディオンを持たず、全体が大会詳細へのリンクになっている（src/Eccube/Resource/template/default/Event/_search_event_card.twig:16-66）。	sheet-4_img2.png（PC）・sheet-4_img3.png（SP）を確認。見出し「イベント絞り込み結果」、右上に詳細検索ボタン、条件チップ（スタンダード×/カジュアル対戦×/平日×等）、「検索結果: 1,000件」、ページング 1 2 3 4 5 … 17 >、カードは フォーマットラベル＋タグ＋イベント名＋「2025年08月24日 18時　甲府店」。	high	
sheet-4-R078	OUT_OF_SCOPE								現行仕様の見出し行（機能名）。		high	
sheet-4-R079	MATCHED						src/Eccube/Repository/DtbEventDetailRepository.php:491		キーワード・開催日時・フォーマット・開催場所・平日休日過去でイベントを検索し一覧表示する処理が実装されている（src/Eccube/Controller/Front/EventSearchController.php:37-60、src/Eccube/Repository/DtbEventDetailRepository.php:491-578）。		high	
sheet-4-R080	OUT_OF_SCOPE								「検索条件」は区分見出し。		high	
sheet-4-R081	OUT_OF_SCOPE								表ヘッダ（画面上の項目／検索条件）。		high	
sheet-4-R082	MATCHED						src/Eccube/Repository/DtbEventDetailRepository.php:542		平日・休日は片方だけ指定したときのみ絞り込み、両方指定・両方未指定では絞り込まない（src/Eccube/Repository/DtbEventDetailRepository.php:542-548）。	sheet-4_img1.png（詳細検索モーダル）を確認。行ラベルは キーワード検索/開催日時/カテゴリー/フォーマット/開催場所/詳細、下部ボタンは リセット・検索。詳細は平日・休日がチェック済み、過去・大型・参加無料が未チェック。	high	
sheet-4-R083	MATCHED						src/Eccube/Service/Front/Event/EventSearchInput.php:76		初回表示では平日・休日がチェック済み、過去は未チェックになる（src/Eccube/Service/Front/Event/EventSearchInput.php:67-80、src/Eccube/Resource/template/default/Block/event_detailed_search_modal.twig:109-118）。	sheet-4_img1.png（詳細検索モーダル）を確認。行ラベルは キーワード検索/開催日時/カテゴリー/フォーマット/開催場所/詳細、下部ボタンは リセット・検索。詳細は平日・休日がチェック済み、過去・大型・参加無料が未チェック。 平日・休日がチェック済み、過去は未チェックで一致。	high	
sheet-4-R084	MATCHED						src/Eccube/Repository/DtbEventDetailRepository.php:573		イベントとイベント詳細のいずれも表示区分が表示のものだけを対象にする（src/Eccube/Repository/DtbEventDetailRepository.php:573-575）。		high	
sheet-4-R085	OUT_OF_SCOPE								「検索フォームの表示」は区分見出し。		high	
sheet-4-R086	DRIFT	P3	実装違い	IO	フォーマットの選択肢は表示順に並べる。開催場所の選択肢は会場を全件表示する。	開催場所の選択肢に会場を全件表示する	src/Eccube/Repository/BaseInfoRepository.php:186-203; src/Eccube/Controller/Block/EventDetailedSearchModalController.php:54	開店中の店舗だけが選択肢になる（src/Eccube/Controller/Block/EventDetailedSearchModalController.php:54）	設計は開催場所の選択肢を会場の全件とする。実装は開店中の店舗だけを選択肢にしており（src/Eccube/Controller/Block/EventDetailedSearchModalController.php:54、src/Eccube/Repository/BaseInfoRepository.php:186-203 で開店フラグ絞り込み）、閉店した会場で開催された過去イベントを開催場所で絞り込めない。フォーマット側の並びは並び順の列を持たないマスタのため id 順で、設計との差は認められない。	sheet-4_img1.png（詳細検索モーダル）を確認。行ラベルは キーワード検索/開催日時/カテゴリー/フォーマット/開催場所/詳細、下部ボタンは リセット・検索。詳細は平日・休日がチェック済み、過去・大型・参加無料が未チェック。 開催場所には 外部会場 を含む多数の店舗が並ぶ。閉店店舗の有無は図から判断できない。	med	BaseInfoRepository-event-search-venue-open-shop-only
sheet-4-R087	OUT_OF_SCOPE								「並び順とページ送り」は区分見出し。		high	
sheet-4-R088	MATCHED						src/Eccube/Repository/DtbEventDetailRepository.php:446		検索結果は開催日の昇順に並ぶ（src/Eccube/Repository/DtbEventDetailRepository.php:444-447）。	sheet-4_img2.png（PC）・sheet-4_img3.png（SP）を確認。見出し「イベント絞り込み結果」、右上に詳細検索ボタン、条件チップ（スタンダード×/カジュアル対戦×/平日×等）、「検索結果: 1,000件」、ページング 1 2 3 4 5 … 17 >、カードは フォーマットラベル＋タグ＋イベント名＋「2025年08月24日 18時　甲府店」。	high	
sheet-4-R089	DRIFT	P3	実装違い	IO	ページ送りは、現在のページ番号を挟んで前後4ページ分までのページ番号と、先頭・前・次・末尾への移動を表示する。表示できないページ番号がさらに続くときは省略記号を出す。移動先は現在の検索条件を引き継ぐ。	現在のページ番号を挟んで前後4ページ分までのページ番号を表示する	src/Eccube/Resource/template/default/Event/_search_pagination.twig:13-14; src/Eccube/Resource/template/default/Event/list.twig:83	前後2ページ分までしか表示しない（src/Eccube/Resource/template/default/Event/_search_pagination.twig:13-14）	設計は現在ページの前後4ページ分までのページ番号を出すとしており、sheet-4_img2 のページングも1ページ目で「1 2 3 4 5 … 17」と5個並ぶ。実装は前後2ページ分しか出さないため、1ページ目では「1 2 3 … 17」となる（src/Eccube/Resource/template/default/Event/_search_pagination.twig:13-14）。先頭・前・次・末尾への移動と省略記号、条件の引き継ぎは実装済み（src/Eccube/Resource/template/default/Event/_search_pagination.twig:20-64、src/Eccube/Resource/template/default/Event/_search_pagination.twig:11）。	sheet-4_img2.png（PC）・sheet-4_img3.png（SP）を確認。見出し「イベント絞り込み結果」、右上に詳細検索ボタン、条件チップ（スタンダード×/カジュアル対戦×/平日×等）、「検索結果: 1,000件」、ページング 1 2 3 4 5 … 17 >、カードは フォーマットラベル＋タグ＋イベント名＋「2025年08月24日 18時　甲府店」。 PC・SPともページ番号は 1 2 3 4 5 … 17 の並び。	high	list.twig-search-pagination-page-range-too-narrow
sheet-4-R090	OUT_OF_SCOPE								「検索結果の表示」は区分見出し。		high	
sheet-4-R091	DRIFT	P3	実装違い	IO	件数が1件以上のときは該当ページのイベント詳細を一覧に表示する。開催日時は年月日と時までを表示する。フォーマットは、1件だけ設定されているときはその名称を表示し、それ以外のときは「混合フォーマット」と表示する。	検索結果の開催日時は年月日と時までを表示する	src/Eccube/Resource/template/default/Event/_search_event_card.twig:59; src/Eccube/Resource/template/default/Event/list.twig:92	分まで含めた日時が表示される（src/Eccube/Resource/template/default/Event/_search_event_card.twig:59 の 'Y/m/d H:i'）	設計は開催日時を年月日と時までの表示とし、sheet-4_img2/img3 のカードも「2025年08月24日 18時」。実装は分まで含めた「2025/08/24 18:00〜」を出す（src/Eccube/Resource/template/default/Event/_search_event_card.twig:59）。フォーマットは設計（1件ならその名称、それ以外は「混合フォーマット」）に対し実装は設定分すべてをラベル表示するが、リニューアル後のレイアウト図がフォーマットラベルを個別表示しているため、この点は指摘に含めない。	sheet-4_img2.png（PC）・sheet-4_img3.png（SP）を確認。見出し「イベント絞り込み結果」、右上に詳細検索ボタン、条件チップ（スタンダード×/カジュアル対戦×/平日×等）、「検索結果: 1,000件」、ページング 1 2 3 4 5 … 17 >、カードは フォーマットラベル＋タグ＋イベント名＋「2025年08月24日 18時　甲府店」。 カードの日時は「2025年08月24日 18時」で分は出ていない。	med	list.twig-search-card-datetime-shows-minutes
sheet-4-R092	OUT_OF_SCOPE								0件時をHTTP404とするのは現行仕様。リニューアル後の表示メッセージ F07-02-MSG-001 が「0件であることを表示し、検索結果一覧画面に留まる」と定めており、食い違う箇所は後者が優先されるため現行仕様側は対象外（実装は src/Eccube/Resource/template/default/Event/list.twig:87-88 で一覧に留まる）。		high	
sheet-4-R093	OUT_OF_SCOPE								「表題と説明文」は区分見出し。		high	
sheet-4-R094	DRIFT	P3	実装違い	IO	キーワード・開催日時の期間・平日休日過去の別・指定したフォーマットのいずれかが指定されているときは、それらを連ねた文字列からページの表題と説明文を組み立てる。フォーマットは表示順に連ねる。いずれの指定も無いときは、表題と説明文を差し替えない。	条件が指定されているときは表題と説明文の両方をその条件から組み立て、条件が無いときはどちらも差し替えない	src/Eccube/Resource/template/default/meta.twig:99-110; src/Eccube/Resource/template/default/Event/list.twig:14-22	表題だけを条件から組み立て、説明文は条件を反映しない。条件が無いときも既定の表題に差し替える（src/Eccube/Resource/template/default/Event/list.twig:14-22）	設計は指定された条件から表題と説明文の両方を組み立てるとする。実装は条件チップを連ねた文字列でページの表題だけを作り（src/Eccube/Resource/template/default/Event/list.twig:14-22、src/Eccube/Resource/template/default/default_frame.twig:20-34）、説明文には検索条件を反映する分岐が無い（src/Eccube/Resource/template/default/meta.twig:99-110 に検索結果一覧の分岐が無く、Page.description 任せ）。加えて条件が無いときも既定の表題「MTGイベント一覧」に差し替える（src/Eccube/Resource/template/default/Event/list.twig:21）。	レイアウト図には表題・説明文の指定は現れない。	med	meta.twig-event-search-description-not-built
sheet-4-R095	OUT_OF_SCOPE								「エラー時の扱い」は区分見出し。		high	
sheet-4-R096	MATCHED						src/Eccube/Service/Front/Event/EventSearchInput.php:168		日付として解釈できない条件は無視され、検索は続行される（src/Eccube/Service/Front/Event/EventSearchInput.php:168-184 が null を返し、src/Eccube/Repository/DtbEventDetailRepository.php:523-530 の絞り込みが付かない）。		high	
sheet-4-R097	MATCHED						src/Eccube/Service/Front/Event/EventSearchInput.php:81		ページ番号を入力として受け取り、指定が無いときは1ページ目になる（src/Eccube/Service/Front/Event/EventSearchInput.php:81）。		high	
sheet-4-R098	OUT_OF_SCOPE								0件時をHTTP404とするのは現行仕様。リニューアル後の F07-02-MSG-001 が一覧に留まる旨を定めており後者が優先されるため対象外（実装は src/Eccube/Resource/template/default/Event/list.twig:87-88）。		high	
sheet-4-R099	DRIFT	P3	実装違い	IO	F07-02-MSG-001 画面上部 条件に合うイベントが見つかりませんでした イベントを検索した結果、条件に一致するイベントが0件のとき 0件であることを表示し、検索結果一覧画面に留まる	検索結果が0件のとき「条件に合うイベントが見つかりませんでした」と表示する	src/Eccube/Resource/locale/messages.ja.yaml:6645; src/Eccube/Resource/template/default/Event/list.twig:88	「ご指定の条件に一致するイベントが見つかりませんでした。」と表示される（src/Eccube/Resource/locale/messages.ja.yaml:6645）	設計の文言は「条件に合うイベントが見つかりませんでした」。実装の文言は「ご指定の条件に一致するイベントが見つかりませんでした。」で一致しない（src/Eccube/Resource/locale/messages.ja.yaml:6645）。0件で一覧に留まるふるまい自体は実装済み（src/Eccube/Resource/template/default/Event/list.twig:87-88）。	sheet-4_img2.png（PC）・sheet-4_img3.png（SP）を確認。見出し「イベント絞り込み結果」、右上に詳細検索ボタン、条件チップ（スタンダード×/カジュアル対戦×/平日×等）、「検索結果: 1,000件」、ページング 1 2 3 4 5 … 17 >、カードは フォーマットラベル＋タグ＋イベント名＋「2025年08月24日 18時　甲府店」。 図は0件時の状態を含まないため、文言は図から確認できない。	high	messages.ja.yaml-event-search-empty-message-mismatch
sheet-4-R100	MATCHED						src/Eccube/Resource/locale/messages.ja.yaml:6646		上限超過時の文言が設計と逐語一致し、一覧画面に留まって表示される（src/Eccube/Resource/locale/messages.ja.yaml:6646、src/Eccube/Resource/template/default/Event/list.twig:74-75）。	sheet-4_img2.png（PC）・sheet-4_img3.png（SP）を確認。見出し「イベント絞り込み結果」、右上に詳細検索ボタン、条件チップ（スタンダード×/カジュアル対戦×/平日×等）、「検索結果: 1,000件」、ページング 1 2 3 4 5 … 17 >、カードは フォーマットラベル＋タグ＋イベント名＋「2025年08月24日 18時　甲府店」。	high	
sheet-4-R101	MATCHED						src/Eccube/Resource/template/default/Block/event_detailed_search_modal.twig:19		検索モーダルの見出しが「イベント検索」（src/Eccube/Resource/locale/messages.ja.yaml:6610、src/Eccube/Resource/template/default/Block/event_detailed_search_modal.twig:19）。	sheet-4_img1.png（詳細検索モーダル）を確認。行ラベルは キーワード検索/開催日時/カテゴリー/フォーマット/開催場所/詳細、下部ボタンは リセット・検索。詳細は平日・休日がチェック済み、過去・大型・参加無料が未チェック。 モーダル上部の見出しは「イベント検索」。	high	
sheet-4-R102	MATCHED						src/Eccube/Resource/template/default/Block/event_detailed_search_modal.twig:108		詳細条件の3つの文言が設計と一致し、チェック状態が検索条件として使われる（src/Eccube/Resource/locale/messages.ja.yaml:6627-6629、src/Eccube/Resource/template/default/Block/event_detailed_search_modal.twig:108-119、src/Eccube/Service/Front/Event/EventSearchInput.php:76-78）。	sheet-4_img1.png（詳細検索モーダル）を確認。行ラベルは キーワード検索/開催日時/カテゴリー/フォーマット/開催場所/詳細、下部ボタンは リセット・検索。詳細は平日・休日がチェック済み、過去・大型・参加無料が未チェック。	high	
sheet-5-R001	MATCHED						src/Eccube/Controller/Front/EventDetailController.php:36-63;src/Eccube/Resource/template/default/Event/detail.twig:29-171		イベント詳細IDを受けて1件を取得し、存在しなければ404、存在すれば詳細画面を描画する（src/Eccube/Controller/Front/EventDetailController.php:37-62）。表示項目は src/Eccube/Resource/template/default/Event/detail.twig:75-168。	img1/img2（ページ全体SP/PC）を確認。賞品→フリーエリア→ボタン群の順で、備考欄・事前予約欄は図中に存在しない。	high	
sheet-5-R002	OUT_OF_SCOPE								カスタマイズ説明表の区分ラベル「機能」。要求文ではない。		high	
sheet-5-R003	OUT_OF_SCOPE								カスタマイズ内容の前置き。個々のカスタマイズは同ブロックのR004-R007で判定した。		high	
sheet-5-R004	MATCHED						src/Eccube/Resource/template/default/Event/detail.twig:84-91		イベントのルール適用度（初心者向け等の参加対象者層）をアイコン＋適応度名のタグとして表示している（src/Eccube/Resource/template/default/Event/detail.twig:84-91）。表示自体は在るが、アイコンがルール適用度別に切り替わらない点はR027で指摘した。	img4のタグは絵文字状アイコン＋「カジュアル対戦」。実装もアイコン＋適応度名のタグを出す。	high	
sheet-5-R005	MATCHED						src/Eccube/Resource/template/default/Event/detail.twig:147-159		フリーエリア1〜3のタイトルと本文を賞品の下に追加表示している（src/Eccube/Resource/template/default/Event/detail.twig:147-159）。	img1/img2（ページ全体SP/PC）を確認。賞品→フリーエリア→ボタン群の順で、備考欄・事前予約欄は図中に存在しない。	high	
sheet-5-R006	MATCHED						src/Eccube/Resource/template/default/Event/_event_detail_actions.twig:46-59		X・LINE・リンクシェアのSNSシェアボタンを「シェアする」ラベル付きで追加表示している（src/Eccube/Resource/template/default/Event/_event_detail_actions.twig:46-59）。	img9/img10/img11/img12（4章ボタン図）を確認。イベント申込/デッキ登録/Googleカレンダーに登録する/シェアする(X・LINE・リンク)/戻る の順、申込済み時はキャンセル申込に差し替わる。	high	
sheet-5-R007	MATCHED						src/Eccube/Resource/template/default/Event/_event_detail_actions.twig:18-22;src/Eccube/Resource/template/default/Event/_event_detail_actions.twig:42-45		「Googleカレンダーに登録する」ボタンをGoogleカレンダー登録画面のリンクとして設置している（src/Eccube/Resource/template/default/Event/_event_detail_actions.twig:42-45、リンク内容はsrc/Eccube/Resource/template/default/Event/_event_detail_actions.twig:18-22）。	img9/img10/img11/img12（4章ボタン図）を確認。イベント申込/デッキ登録/Googleカレンダーに登録する/シェアする(X・LINE・リンク)/戻る の順、申込済み時はキャンセル申込に差し替わる。	high	
sheet-5-R008	OUT_OF_SCOPE								レイアウト図の章見出し「1 ページ最上段部分 イベント基本情報」。		high	
sheet-5-R009	OUT_OF_SCOPE								レイアウト図の見出し「レイアウト詳細」。		high	
sheet-5-R010	OUT_OF_SCOPE								レイアウト図の端末区分ラベル「スマートフォン」。	img3/img4（1章レイアウト図SP/PC）を確認。パンくず・バナー・イベント名・ルール適用度タグ・開催店舗/開催日時/受付時間/フォーマット/定員/参加費の定義リストの順で、実装のDOM順と一致。	high	
sheet-5-R011	OUT_OF_SCOPE								レイアウト図の端末区分ラベル「PC」。	img3/img4（1章レイアウト図SP/PC）を確認。パンくず・バナー・イベント名・ルール適用度タグ・開催店舗/開催日時/受付時間/フォーマット/定員/参加費の定義リストの順で、実装のDOM順と一致。	high	
sheet-5-R012	OUT_OF_SCOPE								機能仕様表の見出し行。		high	
sheet-5-R013	OUT_OF_SCOPE								機能仕様表の区分見出し「全体仕様」。		high	
sheet-5-R014	OUT_OF_SCOPE								項目名セル「URL」。値はR015で判定した。		high	
sheet-5-R015	MATCHED						src/Eccube/Controller/Front/EventDetailController.php:36;app/config/eccube/routes.yaml:20		詳細画面の経路は /events/{detailId}/detail で、フロントは /{_locale} 配下に置かれるため /ja/events/{イベント詳細ID}/detail で到達する（src/Eccube/Controller/Front/EventDetailController.php:36、app/config/eccube/routes.yaml:20）。		high	
sheet-5-R016	OUT_OF_SCOPE								項目名セル「言語設定」。内容はR017で判定した。		high	
sheet-5-R017	MATCHED						src/Eccube/Resource/template/default/Event/detail.twig:14-23;src/Eccube/Resource/template/default/Event/detail.twig:148-149;src/Eccube/Resource/locale/messages.ja.yaml:6658-6677;src/Eccube/Resource/locale/messages.en.yaml:4246-4265		表示言語に応じてイベント名・バナー・店舗名・賞品・フリーエリアの日本語/英語登録値を出し分け、固定文言も言語別辞書から引いている（src/Eccube/Resource/template/default/Event/detail.twig:14-23、src/Eccube/Resource/template/default/Event/detail.twig:148-149、src/Eccube/Resource/locale/messages.ja.yaml:6658-6677、src/Eccube/Resource/locale/messages.en.yaml:4246-4265）。		med	
sheet-5-R018	OUT_OF_SCOPE								機能仕様表の区分見出し「ページ最上段部分 イベント基本情報機能」。		high	
sheet-5-R019	OUT_OF_SCOPE								項目名セル「パンくずリスト(1-1)」。内容はR020/R021で判定した。		high	
sheet-5-R020	DRIFT	P3	実装違い	IO	以下のようにイベント詳細情報に合わせて表示する ホーム > イベントTOP > [店舗名] > [フォーマット] > [イベント開催日付]	パンくずリストの最後の階層に、そのイベントの開催日付が表示される。	src/Eccube/Resource/template/default/Event/detail.twig:31-74	最後の階層はイベント名（eventName）を表示しており、開催日付は出ない（src/Eccube/Resource/template/default/Event/detail.twig:66-72）。ホーム/イベントTOP/店舗名/フォーマットの4階層は一致。	src/Eccube/Resource/template/default/Event/detail.twig:67-70 が現在地の文言としてイベント名を出しているため、設計が指定する[イベント開催日付]が画面に出ない。	img4（PCレイアウト）ではパンくずが5階層。実装も5階層だが最終要素の内容が異なる。	med	detail.twig-breadcrumb-last-item-not-event-date
sheet-5-R021	DRIFT	P3	実装違い	IO	以下のようにイベント詳細情報に合わせて表示する ホーム > イベントTOP > [店舗名] > [フォーマット] > [イベント開催日付]	パンくずリストの最後の階層に、そのイベントの開催日付が表示される。	src/Eccube/Resource/template/default/Event/detail.twig:31-74	最後の階層はイベント名（eventName）を表示しており、開催日付は出ない（src/Eccube/Resource/template/default/Event/detail.twig:66-72）。	設計の階層並びのうち最終要素だけが一致しない。R020と同一の実装欠陥。	img3/img4のパンくず表記はダミー文字のため文言は読み取れず、階層数のみ一致を確認。	med	detail.twig-breadcrumb-last-item-not-event-date
sheet-5-R022	OUT_OF_SCOPE								項目表のヘッダ行。		high	
sheet-5-R023	DRIFT	P3	実装違い	ふるまい	パンくずリスト内の「店舗名」「フォーマット」「イベント開催日付」はそれぞれ押下可能	パンくずの店舗名・フォーマット・開催日付を押すと、その内容で絞り込まれたイベント一覧が表示される。	src/Eccube/Resource/template/default/Event/detail.twig:47-65	店舗名・フォーマットのリンク先はいずれも絞り込み条件を持たないイベント検索一覧（src/Eccube/Resource/template/default/Event/detail.twig:50、src/Eccube/Resource/template/default/Event/detail.twig:60）で、押しても全件一覧が出る。開催日付の階層自体が無い。	リンクは張られている（押下可能）が、遷移先に店舗・フォーマットの絞り込みが引き継がれない。検索一覧は絞り込み条件を受け取れる（src/Eccube/Controller/Front/EventSearchController.php:38-39）のに渡していない。	img3/img4でパンくずがリンク色（青）で描かれていることを確認。	high	detail.twig-breadcrumb-links-unfiltered
sheet-5-R024	DRIFT	P3	実装違い	ふるまい	押下するとその内容での絞り込み結果画面に遷移する	押した階層の店舗・フォーマット・開催日付で絞り込まれたイベントの一覧が表示される。	src/Eccube/Resource/template/default/Event/detail.twig:47-65;src/Eccube/Controller/Front/EventSearchController.php:38-46	リンク先は条件なしのイベント検索一覧のみ（src/Eccube/Resource/template/default/Event/detail.twig:50、src/Eccube/Resource/template/default/Event/detail.twig:60）。絞り込み結果にならない。R023と同一の実装欠陥。	検索一覧側は条件を受け取って絞り込む実装がある（EventSearchController.php:38-46）ため、渡していないことが乖離。	img3/img4でパンくず3要素がリンクとして描かれている。	high	detail.twig-breadcrumb-links-unfiltered
sheet-5-R025	MATCHED						src/Eccube/Resource/template/default/Event/detail.twig:76-82		バナー画像が登録されているときだけ最上部に表示している（src/Eccube/Resource/template/default/Event/detail.twig:76-82）。	img3/img4の最上部バナー（「TOPのMVと同じサイズのバナーが入ります」）に対応。	high	
sheet-5-R026	MATCHED						src/Eccube/Resource/template/default/Event/detail.twig:83		イベント名を見出しとして表示している（src/Eccube/Resource/template/default/Event/detail.twig:83）。	img4の「[毎日開催]マジックリーグ」に対応。	high	
sheet-5-R027	DRIFT	P3	実装違い	IO	イベントに設定されているルール適応度のアイコンと適応度名	イベントに設定されたルール適用度に応じたアイコンと、その適応度名が表示される。	src/Eccube/Resource/template/default/Event/detail.twig:84-91;src/Eccube/Resource/template/default/Event/_search_event_card.twig:27-41	適応度名は設定値から表示するが、アイコンは icon-hareruya-player 固定で、ルール適用度がどれでも同じ絵柄になる（src/Eccube/Resource/template/default/Event/detail.twig:87）。一覧のカードでは適用度ごとにアイコンを出し分けている（_search_event_card.twig:27-41）。	初心者向け・上級者向けのイベントでもカジュアル対戦と同じアイコンが出る。一覧側に適用度別アイコンの実装があるため、詳細側だけ固定になっている。	img4のタグは丸い絵文字状アイコン＋「カジュアル対戦」。適用度ごとに絵柄が変わる前提の図。	med	detail.twig-rel-icon-fixed
sheet-5-R028	MATCHED						src/Eccube/Resource/template/default/Event/detail.twig:93-98;src/Eccube/Resource/locale/messages.ja.yaml:6658		開催店舗名を「開催店舗」行に表示している（src/Eccube/Resource/template/default/Event/detail.twig:93-98、ラベルはsrc/Eccube/Resource/locale/messages.ja.yaml:6658）。	img4の「開催店舗 トーナメントセンター東京」に対応。	high	
sheet-5-R029	MATCHED						src/Eccube/Resource/template/default/Event/detail.twig:99-104;src/Eccube/Resource/locale/messages.ja.yaml:6659		イベントに設定された開催日時を「開催日時」行に表示している（src/Eccube/Resource/template/default/Event/detail.twig:99-104）。表示書式の相違はR108で指摘した。	img4は「2025年3月20日 09時00分」。項目の有無は一致、書式のみ相違（R108）。	high	
sheet-5-R030	MATCHED						src/Eccube/Resource/template/default/Event/detail.twig:105-114;src/Eccube/Resource/locale/messages.ja.yaml:6660		申込受付の開始〜終了を「受付時間」行に表示している（src/Eccube/Resource/template/default/Event/detail.twig:105-114）。書式の相違はR108で指摘した。	img4は「受付時間 2025年3月20日09時00分〜09時00分」。項目表のラベルは「受付期間」だが図と実装はいずれも「受付時間」。	high	
sheet-5-R031	MATCHED						src/Eccube/Resource/template/default/Event/detail.twig:115-124;src/Eccube/Resource/locale/messages.ja.yaml:6661		イベントに設定されたフォーマットを「フォーマット」行に列挙している（src/Eccube/Resource/template/default/Event/detail.twig:115-124）。	img4の「フォーマット マジックリーグ」に対応。複数時の区切りはR108で触れた。	high	
sheet-5-R032	MATCHED						src/Eccube/Resource/template/default/Event/detail.twig:125-128;src/Eccube/Resource/locale/messages.ja.yaml:6662-6664		定員数を「定員」行に「n人」（団体戦は「n組」）で表示している（src/Eccube/Resource/template/default/Event/detail.twig:125-128、src/Eccube/Resource/locale/messages.ja.yaml:6663-6664）。	img4の「定員 50人」に一致。	high	
sheet-5-R033	MATCHED						src/Eccube/Resource/template/default/Event/detail.twig:129-138;src/Eccube/Resource/locale/messages.ja.yaml:6665-6666		参加費を「参加費」行に表示し、0円のときは「無料」を出す（src/Eccube/Resource/template/default/Event/detail.twig:129-138、src/Eccube/Resource/locale/messages.ja.yaml:6666）。	img4の「参加費 ¥100」と実装の ¥+桁区切り が一致。	high	
sheet-5-R034	OUT_OF_SCOPE								レイアウト図の章見出し「2 ページ中上段部分 賞品情報」。		high	
sheet-5-R035	OUT_OF_SCOPE								レイアウト図の見出し「レイアウト詳細」。		high	
sheet-5-R036	OUT_OF_SCOPE								レイアウト図の端末区分ラベル「スマートフォン」。	img5（賞品セクションSP）を確認。	high	
sheet-5-R037	OUT_OF_SCOPE								レイアウト図の端末区分ラベル「PC」。	img6（賞品セクションPC）を確認。	high	
sheet-5-R038	OUT_OF_SCOPE								機能仕様表の見出し行。		high	
sheet-5-R039	OUT_OF_SCOPE								機能仕様表の区分見出し「賞品情報」。		high	
sheet-5-R040	MATCHED						src/Eccube/Resource/template/default/Event/detail.twig:141-145		賞品の登録内容をHTMLとして解釈して出力しており、画像タグも描画される（src/Eccube/Resource/template/default/Event/detail.twig:144 の raw 出力）。	img5/img6の賞品セクションに画像と装飾テキストが含まれる図と一致。	high	
sheet-5-R041	OUT_OF_SCOPE								項目表のヘッダ行。		high	
sheet-5-R042	MATCHED						src/Eccube/Resource/template/default/Event/detail.twig:141-146;src/Eccube/Resource/locale/messages.ja.yaml:6667		賞品が登録されているとき「賞品」見出し付きで賞品情報を表示している（src/Eccube/Resource/template/default/Event/detail.twig:141-146、見出し文言はsrc/Eccube/Resource/locale/messages.ja.yaml:6667）。	img5/img6の「賞品」見出しに一致。	high	
sheet-5-R043	MATCHED						src/Eccube/Resource/template/default/Event/detail.twig:144		賞品はHTMLとして出力され画像タグも埋め込める（src/Eccube/Resource/template/default/Event/detail.twig:144）。	img5/img6に賞品画像が含まれる。	high	
sheet-5-R044	OUT_OF_SCOPE								レイアウト図の章見出し「3 ページ中下段部分 概要説明」。		high	
sheet-5-R045	OUT_OF_SCOPE								レイアウト図の見出し「レイアウト詳細」。		high	
sheet-5-R046	OUT_OF_SCOPE								レイアウト図の端末区分ラベル「スマートフォン」。	img7（フリーエリアSP）を確認。フリーエリア1=イベント概要、2=参加方法、3=フリーエリア3タイトルの並び。	high	
sheet-5-R047	OUT_OF_SCOPE								レイアウト図の端末区分ラベル「PC」。	img8（フリーエリアPC）を確認。	high	
sheet-5-R048	OUT_OF_SCOPE								機能仕様表の見出し行。		high	
sheet-5-R049	MATCHED						src/Eccube/Resource/template/default/Event/detail.twig:147-159		フリーエリア1〜3のタイトルと本文を順に表示している（src/Eccube/Resource/template/default/Event/detail.twig:147-159）。	img7/img8の「イベント概要」「参加方法」「フリーエリア3タイトル」の3節に対応。	high	
sheet-5-R050	MATCHED						src/Eccube/Resource/template/default/Event/detail.twig:152		各フリーエリアを開閉可能な節（details/summary）で描画し、既定では開いた状態で出力している（src/Eccube/Resource/template/default/Event/detail.twig:152 の open 付与）。	img7/img8では各節が開いた状態で描かれている。	high	
sheet-5-R051	MATCHED						src/Eccube/Resource/template/default/Event/detail.twig:150;src/Eccube/Resource/template/default/Event/detail.twig:152;src/Eccube/Entity/DtbEvent.php:96-97		管理側のアコーディオン指定がONのイベントでは open を付けず、閉じた状態で描画する（src/Eccube/Resource/template/default/Event/detail.twig:150、src/Eccube/Resource/template/default/Event/detail.twig:152、フラグは DtbEvent.php:96-97）。	図は開いた状態のみ。管理側のチェックボックス名は「フリー入力エリアNアコーディオン表示」だが、フロントの挙動はONで閉じるとなっており設計の記述と一致。	med	
sheet-5-R052	OUT_OF_SCOPE								項目表のヘッダ行。		high	
sheet-5-R053	MATCHED						src/Eccube/Resource/template/default/Event/detail.twig:148;src/Eccube/Resource/template/default/Event/detail.twig:153-155		フリーエリア1タイトルの登録値を節の見出しとして表示している（src/Eccube/Resource/template/default/Event/detail.twig:148、src/Eccube/Resource/template/default/Event/detail.twig:154）。	img7の「イベント概要」に対応。	high	
sheet-5-R054	MATCHED						src/Eccube/Resource/template/default/Event/detail.twig:149;src/Eccube/Resource/template/default/Event/detail.twig:156		フリーエリア1本文をHTMLとして出力しており画像タグも描画される（src/Eccube/Resource/template/default/Event/detail.twig:149、src/Eccube/Resource/template/default/Event/detail.twig:156）。	img7/img8の本文に装飾・リンクを含む。	high	
sheet-5-R055	MATCHED						src/Eccube/Resource/template/default/Event/detail.twig:148;src/Eccube/Resource/template/default/Event/detail.twig:153-155		フリーエリア2タイトルの登録値を節の見出しとして表示している（src/Eccube/Resource/template/default/Event/detail.twig:148、src/Eccube/Resource/template/default/Event/detail.twig:154）。	img7の「参加方法」に対応。	high	
sheet-5-R056	MATCHED						src/Eccube/Resource/template/default/Event/detail.twig:149;src/Eccube/Resource/template/default/Event/detail.twig:156		フリーエリア2本文をHTMLとして出力している（src/Eccube/Resource/template/default/Event/detail.twig:149、src/Eccube/Resource/template/default/Event/detail.twig:156）。	img7/img8の本文に対応。	high	
sheet-5-R057	MATCHED						src/Eccube/Resource/template/default/Event/detail.twig:148;src/Eccube/Resource/template/default/Event/detail.twig:153-155		フリーエリア3タイトルの登録値を節の見出しとして表示している（src/Eccube/Resource/template/default/Event/detail.twig:148、src/Eccube/Resource/template/default/Event/detail.twig:154）。	img7の「フリーエリア3タイトル」に対応。	high	
sheet-5-R058	MATCHED						src/Eccube/Resource/template/default/Event/detail.twig:149;src/Eccube/Resource/template/default/Event/detail.twig:156		フリーエリア3本文をHTMLとして出力している（src/Eccube/Resource/template/default/Event/detail.twig:149、src/Eccube/Resource/template/default/Event/detail.twig:156）。	img7の「フリーエリア3の表示域。」に対応。	high	
sheet-5-R059	OUT_OF_SCOPE								レイアウト図の章見出し「4 ページ最下段部分 ボタン」。		high	
sheet-5-R060	OUT_OF_SCOPE								レイアウト図の見出し「レイアウト詳細」。		high	
sheet-5-R061	OUT_OF_SCOPE								レイアウト図の端末区分ラベル「スマートフォン」。	img9/img10/img11/img12（4章ボタン図）を確認。イベント申込/デッキ登録/Googleカレンダーに登録する/シェアする(X・LINE・リンク)/戻る の順、申込済み時はキャンセル申込に差し替わる。	high	
sheet-5-R062	OUT_OF_SCOPE								レイアウト図の端末区分ラベル「PC」。	img9/img10/img11/img12（4章ボタン図）を確認。イベント申込/デッキ登録/Googleカレンダーに登録する/シェアする(X・LINE・リンク)/戻る の順、申込済み時はキャンセル申込に差し替わる。	high	
sheet-5-R063	OUT_OF_SCOPE								機能仕様表の見出し行。		high	
sheet-5-R064	MATCHED						src/Eccube/Resource/template/default/Event/_event_detail_actions.twig:28-31;src/Eccube/Service/Front/Event/EventDetailButtonStateResolver.php:22-36;src/Eccube/Entity/DtbEventDetail.php:485-497		申込可能な状態のときだけイベント申込ボタンを表示している（src/Eccube/Resource/template/default/Event/_event_detail_actions.twig:28-31、判定はsrc/Eccube/Service/Front/Event/EventDetailButtonStateResolver.php:28-35 と src/Eccube/Entity/DtbEventDetail.php:485-497）。	img9/img10/img11/img12（4章ボタン図）を確認。イベント申込/デッキ登録/Googleカレンダーに登録する/シェアする(X・LINE・リンク)/戻る の順、申込済み時はキャンセル申込に差し替わる。	high	
sheet-5-R065	MATCHED						src/Eccube/Entity/DtbEventDetail.php:496;src/Eccube/Repository/DtbEventEntryRepository.php:320-331		定員が有効申込数を上回っているときだけ申込可能とする（src/Eccube/Entity/DtbEventDetail.php:496、件数はsrc/Eccube/Repository/DtbEventEntryRepository.php:320-331）。		high	
sheet-5-R066	MATCHED						src/Eccube/Entity/DtbEventDetail.php:489-495		現在日時がオンライン受付の開始〜終了の範囲内でなければ申込可能としない（src/Eccube/Entity/DtbEventDetail.php:489-495）。		high	
sheet-5-R067	MATCHED						src/Eccube/Entity/DtbEventDetail.php:486-488		エントリーフラグが偽なら申込可能としない（src/Eccube/Entity/DtbEventDetail.php:486-488）。		high	
sheet-5-R068	MATCHED						src/Eccube/Resource/template/default/Event/_event_detail_actions.twig:32-36;src/Eccube/Service/Front/Event/EventDetailButtonStateResolver.php:33;src/Eccube/Repository/DtbEventEntryRepository.php:333-353		当該イベント詳細に取消以外の自分の申込があるときはキャンセル申込ボタンに差し替えて表示している（src/Eccube/Resource/template/default/Event/_event_detail_actions.twig:32-36、src/Eccube/Service/Front/Event/EventDetailButtonStateResolver.php:33、src/Eccube/Repository/DtbEventEntryRepository.php:333-353）。	img11/img12（申込済み時）でキャンセル申込ボタンに置き換わる図と一致。	high	
sheet-5-R069	MATCHED						src/Eccube/Resource/template/default/Event/_event_detail_actions.twig:37-41;src/Eccube/Entity/DtbEventDetail.php:508-511		デッキ登録可能な条件を満たすときだけデッキ登録ボタンを表示している（src/Eccube/Resource/template/default/Event/_event_detail_actions.twig:37-41、src/Eccube/Entity/DtbEventDetail.php:508-511）。	img9/img10/img11/img12（4章ボタン図）を確認。イベント申込/デッキ登録/Googleカレンダーに登録する/シェアする(X・LINE・リンク)/戻る の順、申込済み時はキャンセル申込に差し替わる。	high	
sheet-5-R070	MATCHED						src/Eccube/Entity/DtbEventDetail.php:510		デッキ登録ありのフラグが真でなければデッキ登録ボタンを出さない（src/Eccube/Entity/DtbEventDetail.php:510）。		high	
sheet-5-R071	MATCHED						src/Eccube/Entity/DtbEventDetail.php:510		デッキ登録を終了するフラグが真ならデッキ登録ボタンを出さない（src/Eccube/Entity/DtbEventDetail.php:510）。		high	
sheet-5-R072	MATCHED						src/Eccube/Entity/DtbEventDetail.php:510		デッキ登録締切日時が現在日時以降でなければデッキ登録ボタンを出さない（src/Eccube/Entity/DtbEventDetail.php:510）。		high	
sheet-5-R073	OUT_OF_SCOPE								機能仕様の区分見出し「シェアボタンの挙動」。		high	
sheet-5-R074	OUT_OF_SCOPE								シェアボタン別の小見出し「「Googleカレンダーに登録する」ボタン」。挙動はR075で判定した。		high	
sheet-5-R075	MATCHED						src/Eccube/Resource/template/default/Event/_event_detail_actions.twig:18-22;src/Eccube/Resource/template/default/Event/_event_detail_actions.twig:42-45		押下でGoogleカレンダーの予定作成画面を別タブで開く（src/Eccube/Resource/template/default/Event/_event_detail_actions.twig:42-45、リンク内容はsrc/Eccube/Resource/template/default/Event/_event_detail_actions.twig:18-22）。未ログイン時のログイン画面表示はGoogle側の挙動に委ねられる。	img13のGoogleカレンダー登録画面（タイトル・日付・場所・詳細URLが埋まった状態）と対応。	high	
sheet-5-R076	MATCHED						src/Eccube/Resource/template/default/Event/_event_detail_actions.twig:11-22		登録内容はイベント名（表題）、開催日時〜当日23:59（日時）、店舗名（場所）、イベント詳細リンク（詳細）で組み立てている（src/Eccube/Resource/template/default/Event/_event_detail_actions.twig:11-22）。	img13の登録内容例（表題=イベント名、2025年12月11日 09:00〜23:59、場所=トーナメントセンター東京、詳細にイベント詳細URL）と一致。	high	
sheet-5-R077	MATCHED						src/Eccube/Resource/template/default/Event/_event_detail_actions.twig:12		終了時刻を開催日当日の23:59として組み立てている（src/Eccube/Resource/template/default/Event/_event_detail_actions.twig:12。日本時間の当日日付＋UTC14:59＝当日23:59）。	img13の終了時刻「23:59」と一致。	high	
sheet-5-R078	OUT_OF_SCOPE								シェアボタン別の小見出し「「X」ボタン」。挙動はR079で判定した。		high	
sheet-5-R079	MATCHED						src/Eccube/Resource/template/default/Event/_event_detail_actions.twig:23;src/Eccube/Resource/template/default/Event/_event_detail_actions.twig:49-51		押下でXのポスト画面を別タブで開く（src/Eccube/Resource/template/default/Event/_event_detail_actions.twig:49-51、リンク内容はsrc/Eccube/Resource/template/default/Event/_event_detail_actions.twig:23）。	img14のポスト画面と対応。	high	
sheet-5-R080	DESIGN_ISSUE				押下でXのポスト画面が開く（未ログインの場合はログイン画面が開く） （ポスト内容例）		src/Eccube/Resource/template/default/Event/_event_detail_actions.twig:16;src/Eccube/Resource/template/default/Event/_event_detail_actions.twig:23	実装のポスト本文はイベント名／店舗名／開催日付＋イベント詳細リンクで、時間は含まない（src/Eccube/Resource/template/default/Event/_event_detail_actions.twig:16、src/Eccube/Resource/template/default/Event/_event_detail_actions.twig:23）。	正本内部で不一致がある。img14のポスト内容例は「開催場所：店舗名」「開催時間：2025年3月20日 09時00分」を含み時間まで載るが、同シートのシェア内容表ではXポストの「時間」「場所」に○が付いていない。実装は表に一致し画像には一致しないため、どちらを正とするかの設計裁定が必要。	img14を確認。3行構成（イベント名／開催場所：店舗／開催時間：日時）＋URL。実装は「イベント名 / 店舗名 / 日付」の1行＋URL。	high	
sheet-5-R081	OUT_OF_SCOPE								シェアボタン別の小見出し「「LINE」ボタン」。挙動はR082で判定した。		high	
sheet-5-R082	MATCHED						src/Eccube/Resource/template/default/Event/_event_detail_actions.twig:25;src/Eccube/Resource/template/default/Event/_event_detail_actions.twig:52-54		押下でLINEの送信先選択画面を別タブで開く（src/Eccube/Resource/template/default/Event/_event_detail_actions.twig:52-54、リンク内容はsrc/Eccube/Resource/template/default/Event/_event_detail_actions.twig:25）。		high	
sheet-5-R083	MATCHED						src/Eccube/Resource/template/default/Event/_event_detail_actions.twig:24		LINEの送信内容はXのポスト本文と同一の文字列にイベント詳細リンクを付けたものを使っている（src/Eccube/Resource/template/default/Event/_event_detail_actions.twig:24）。		high	
sheet-5-R084	OUT_OF_SCOPE								機能仕様の区分見出し「シェアボタンでのシェアする内容」。		high	
sheet-5-R085	OUT_OF_SCOPE								シェア内容表のヘッダ行。		high	
sheet-5-R086	MATCHED						src/Eccube/Resource/template/default/Event/_event_detail_actions.twig:11-22		Googleカレンダーにはイベント名・店舗名（場所）・開催日付・開催時間・イベント詳細リンクをすべて渡している（src/Eccube/Resource/template/default/Event/_event_detail_actions.twig:11-22）。	img13の登録内容例と一致（表題・日付・時間・場所・詳細URL）。	high	
sheet-5-R087	MATCHED						src/Eccube/Resource/template/default/Event/_event_detail_actions.twig:14-16;src/Eccube/Resource/template/default/Event/_event_detail_actions.twig:23		Xポストにはイベント名・店舗名・開催日付とイベント詳細リンクを載せ、時間は載せていない（src/Eccube/Resource/template/default/Event/_event_detail_actions.twig:14-16、src/Eccube/Resource/template/default/Event/_event_detail_actions.twig:23）。表の○の付き方と一致。	img14の内容例は時間も含むため画像と表が食い違う。裁定はR080に記載。	high	
sheet-5-R088	MATCHED						src/Eccube/Resource/template/default/Event/_event_detail_actions.twig:24-25		LINEシェアもXと同じ本文（イベント名・店舗名・開催日付）＋イベント詳細リンクを送る（src/Eccube/Resource/template/default/Event/_event_detail_actions.twig:24-25）。		high	
sheet-5-R089	MATCHED						src/Eccube/Resource/template/default/Event/_event_detail_actions.twig:21		Googleカレンダーの場所には店舗名を渡している（src/Eccube/Resource/template/default/Event/_event_detail_actions.twig:21）。	img13の場所欄が「トーナメントセンター東京」（店舗名）と一致。	high	
sheet-5-R090	OUT_OF_SCOPE								項目表のヘッダ行。		high	
sheet-5-R091	MATCHED						src/Eccube/Resource/template/default/Event/_event_detail_actions.twig:28-31		イベント申込ボタンは大会申込ページへのリンクになっている（src/Eccube/Resource/template/default/Event/_event_detail_actions.twig:29）。	img9/img10のボタン文言は「イベント申込み」、img11/img12系は「キャンセル申込」。実装の文言は「イベント申込」（{JA}:6668）で送り仮名だけが図と異なる。	high	
sheet-5-R092	MATCHED						src/Eccube/Resource/template/default/Event/_event_detail_actions.twig:32-35		キャンセル申込ボタンはお問い合わせページへのリンクになっている（src/Eccube/Resource/template/default/Event/_event_detail_actions.twig:33）。	img11/img12の「キャンセル申込」に一致。	high	
sheet-5-R093	MATCHED						src/Eccube/Resource/template/default/Event/_event_detail_actions.twig:33;src/Eccube/Controller/Front/ContactController.php:69-83		イベント詳細を伴うお問い合わせ画面は件名に「店舗でのお買い物・イベントに関するお問い合わせ」を選択済みで表示する（src/Eccube/Resource/template/default/Event/_event_detail_actions.twig:33 からの遷移先、src/Eccube/Controller/Front/ContactController.php:74-75）。		high	
sheet-5-R094	MATCHED						src/Eccube/Controller/Front/ContactController.php:69-83;src/Eccube/Resource/locale/messages.ja.yaml:377		同じ遷移でお問い合わせ詳細に「イベントのキャンセル申込」を選択済みにしている（src/Eccube/Controller/Front/ContactController.php:76、文言はsrc/Eccube/Resource/locale/messages.ja.yaml:377）。		high	
sheet-5-R095	MATCHED						src/Eccube/Resource/template/default/Event/_event_detail_actions.twig:37-40		デッキ登録ボタンはデッキ登録ページへのリンクになっている（src/Eccube/Resource/template/default/Event/_event_detail_actions.twig:38）。	img9/img10/img11/img12の「デッキ登録」に一致。	high	
sheet-5-R096	MATCHED						src/Eccube/Resource/template/default/Event/_event_detail_actions.twig:42-45		「Googleカレンダーに登録する」ボタンからイベント情報を持つGoogleカレンダー登録画面へ遷移する（src/Eccube/Resource/template/default/Event/_event_detail_actions.twig:42-45）。	img9-img12のGoogleカレンダーボタンに一致。	high	
sheet-5-R097	MATCHED						src/Eccube/Resource/template/default/Event/_event_detail_actions.twig:49-51		XポストボタンからイベントデータをのせたXの投稿画面へ遷移する（src/Eccube/Resource/template/default/Event/_event_detail_actions.twig:49-51）。	img9-img12のXアイコンに一致。	high	
sheet-5-R098	MATCHED						src/Eccube/Resource/template/default/Event/_event_detail_actions.twig:52-54		LINEシェアボタンからイベント情報をのせたLINE送信画面へ遷移する（src/Eccube/Resource/template/default/Event/_event_detail_actions.twig:52-54）。	img9-img12のLINEアイコンに一致。	high	
sheet-5-R099	MATCHED						src/Eccube/Resource/template/default/Event/_event_detail_actions.twig:55-57;html/template/default/assets/hareruya/js/hareruya-main.js:1		リンクシェアボタンはイベント詳細リンクを共有し、共有機構が無い環境ではクリップボードへコピーして「リンクをコピーしました」を知らせる（src/Eccube/Resource/template/default/Event/_event_detail_actions.twig:55-57、html/template/default/assets/hareruya/js/hareruya-main.js:1）。	img9-img12の3つ目（オレンジの共有アイコン）に対応。	high	
sheet-5-R100	MATCHED						src/Eccube/Resource/template/default/Event/_event_detail_actions.twig:60		戻るボタンはイベントTOPへのリンクになっている（src/Eccube/Resource/template/default/Event/_event_detail_actions.twig:60）。	img9-img12の「戻る」に一致。	high	
sheet-5-R101	OUT_OF_SCOPE								現行仕様セクションの機能見出し。		high	
sheet-5-R102	MATCHED						src/Eccube/Controller/Front/EventDetailController.php:36-63;src/Eccube/Resource/template/default/Event/_event_detail_actions.twig:26-61		イベント詳細1件の開催情報を表示し、申込・キャンセル申込・デッキ登録の導線を状態で出し分ける参照画面として実装されている（src/Eccube/Controller/Front/EventDetailController.php:37-62、src/Eccube/Resource/template/default/Event/_event_detail_actions.twig:28-41）。	img1/img2（ページ全体SP/PC）を確認。賞品→フリーエリア→ボタン群の順で、備考欄・事前予約欄は図中に存在しない。	high	
sheet-5-R103	OUT_OF_SCOPE								現行仕様の小見出し「事前予約情報の表示」。内容はR104で判定した。		high	
sheet-5-R104	DESIGN_ISSUE				エントリーフラグが真のときにかぎり、事前予約情報の見出しと、事前予約期間・事前予約の参加費を表示する。		src/Eccube/Resource/template/default/Event/detail.twig:92-139	詳細画面の情報欄は開催店舗・開催日時・受付時間・フォーマット・定員・参加費のみで、事前予約情報の見出し・事前予約期間・事前予約参加費・残り予約数はどこにも出力していない（src/Eccube/Resource/template/default/Event/detail.twig:92-139）。	正本内部で不一致がある。本シートのリニューアル側の項目表（1-1〜1-10）とレイアウト図には事前予約情報が一切無い一方、同シートのリニューアル後の仕様の表示メッセージ表には事前予約欄の見出しが残っている（R120）。事前予約欄を出すのか落とすのかの設計裁定が必要。	img1/img2（ページ全体）およびimg3/img4（1章）に事前予約の行・見出しは描かれていない。	high	
sheet-5-R105	OUT_OF_SCOPE								現行仕様の小見出し「バナー画像と備考の表示」。内容はR106で判定した。		high	
sheet-5-R106	MATCHED						src/Eccube/Resource/template/default/Event/detail.twig:19;src/Eccube/Resource/template/default/Event/detail.twig:76-82		バナー画像は登録されているときだけ画面最上部に表示し、無いときは画像要素を出さない（src/Eccube/Resource/template/default/Event/detail.twig:76-82、言語別バナーの選択はsrc/Eccube/Resource/template/default/Event/detail.twig:19）。同行後半の備考（登録HTMLの表示）はリニューアル側の項目表・レイアウト図に存在せず、その食い違いはR119で裁定対象とした。	img3/img4の最上部バナーは条件付き表示の図。備考欄はimg1/img2にも描かれていない。	med	
sheet-5-R107	OUT_OF_SCOPE								現行仕様の小見出し「表示値の求め方」。内容はR108で判定した。		high	
sheet-5-R108	DRIFT	P3	実装違い	IO	開催日時・受付時間・事前予約期間は「（年）年（月）月（日）日 （時）時（分）分」の形式で表示する。	日本語表示の開催日時・受付時間は「2025年3月20日 09時00分」のように年月日と時分を日本語の単位付きで表示される。英語表示では午前・午後の別を伴う日時表記と、桁区切りに JPY を付けた参加費、単位を付けない定員が表示される。	src/Eccube/Resource/template/default/Event/detail.twig:99-138;src/Eccube/Resource/locale/messages.en.yaml:4251-4254	日本語でも英語でも「2025/3/20 09:00」のスラッシュ区切り表記で出力している（src/Eccube/Resource/template/default/Event/detail.twig:102、src/Eccube/Resource/template/default/Event/detail.twig:109-111）。参加費は英語表示でも ¥ 付き（src/Eccube/Resource/template/default/Event/detail.twig:135）、定員は英語で「n players」と単位が付く（src/Eccube/Resource/locale/messages.en.yaml:4251-4252）。フォーマット複数時の区切りは空白ではなく「 / 」（src/Eccube/Resource/template/default/Event/detail.twig:120）。	日本語の年月日時分表記はレイアウト図（img4「2025年3月20日 09時00分」「2025年3月20日09時00分〜09時00分」）でも同じ形で描かれており、現行仕様とリニューアルのレイアウト図が一致している。実装だけがスラッシュ区切り。参加費の「¥100」表記はレイアウト図に合わせた実装のため対象外とした。	img4/img3の開催日時・受付時間の表記を確認し、年月日時分形式であることを根拠にした。	high	detail.twig-datetime-format-mismatch
sheet-5-R109	OUT_OF_SCOPE								現行仕様の小見出し「申込済みの判定とデッキ登録済みの扱い」。内容はR110で判定した。		high	
sheet-5-R110	NOT_IMPLEMENTED	P3	未実装	IO	デッキ登録のボタンは、申込のボタン領域を表示する状態のときにかぎり、ログイン会員の選手情報で当該イベント詳細のデッキが登録済みならデッキ編集の文言で表示する。	申込ボタン領域が出ている状態で、そのイベント詳細のデッキを既に登録している会員には、ボタンの文言が「デッキ編集」で表示される。	src/Eccube/Resource/template/default/Event/_event_detail_actions.twig:37-41;src/Eccube/Resource/locale/messages.ja.yaml:6670;src/Eccube/Controller/Front/EventDetailController.php:44-62	デッキ登録ボタンの文言は登録済みかどうかに関わらず「デッキ登録」固定で、デッキ編集の文言を出す分岐が無い（src/Eccube/Resource/template/default/Event/_event_detail_actions.twig:37-41、src/Eccube/Resource/locale/messages.ja.yaml:6670）。デッキ登録済みかどうかを画面へ渡す処理も無い（src/Eccube/Controller/Front/EventDetailController.php:44-62）。	同行前半の申込済み判定（ログイン会員の選手情報が取消以外の申込に含まれるか、未ログイン・選手情報なしは偽）はsrc/Eccube/Repository/DtbEventEntryRepository.php:333-353 で一致。後半のデッキ編集文言だけが無い。R122と同一の実装欠陥。	img9-img12のボタン図はいずれも「デッキ登録」表記で、デッキ編集状態の図は無い。	high	EventDetailController-no-deck-edit-label
sheet-5-R111	OUT_OF_SCOPE								現行仕様の表見出し「エラー時の扱い」。		high	
sheet-5-R112	MATCHED						src/Eccube/Controller/Front/EventDetailController.php:39-42;src/Eccube/Repository/DtbEventDetailRepository.php:415-436		イベント詳細が取得できないときはページが見つからない扱いにしている（src/Eccube/Controller/Front/EventDetailController.php:39-42、取得条件はsrc/Eccube/Repository/DtbEventDetailRepository.php:415-436）。		high	
sheet-5-R113	MATCHED						src/Eccube/Repository/DtbEventEntryRepository.php:333-338		ログイン会員に選手情報が無いときは申込済みを偽として扱う（src/Eccube/Repository/DtbEventEntryRepository.php:335-338）。デッキ登録済み扱いの分岐自体を持たないため登録済みにもならない。		high	
sheet-5-R114	MATCHED						src/Eccube/Controller/Front/EventDetailController.php:41		利用者向けの個別エラー文言は定義せず、共通の例外処理に委ねている（src/Eccube/Controller/Front/EventDetailController.php:41）。		high	
sheet-5-R115	MATCHED						src/Eccube/Controller/Front/EventDetailController.php:37;src/Eccube/Controller/Front/EventDetailController.php:44-48		入力はイベント詳細IDと、ログイン会員の認証情報（申込済み判定に使用）である（src/Eccube/Controller/Front/EventDetailController.php:37、src/Eccube/Controller/Front/EventDetailController.php:44-48）。		high	
sheet-5-R116	MATCHED						src/Eccube/Controller/Front/EventDetailController.php:57-62;src/Eccube/Resource/template/default/Event/detail.twig:29-171		成功時は開催情報と状態別ボタンを含むイベント詳細画面を返す（src/Eccube/Controller/Front/EventDetailController.php:57-62、src/Eccube/Resource/template/default/Event/detail.twig:29-171）。	img1/img2（ページ全体SP/PC）を確認。賞品→フリーエリア→ボタン群の順で、備考欄・事前予約欄は図中に存在しない。	high	
sheet-5-R117	MATCHED						src/Eccube/Controller/Front/EventDetailController.php:39-42		イベント詳細が存在しないときはページが見つからない応答になる（src/Eccube/Controller/Front/EventDetailController.php:39-42）。		high	
sheet-5-R118	MATCHED						src/Eccube/Controller/Front/EventDetailController.php:36-63		参照のみの取得で、入力フォームも保存処理も持たない（src/Eccube/Controller/Front/EventDetailController.php:36-62 に更新処理が無い）。		high	
sheet-5-R119	DESIGN_ISSUE				項目見出し 備考 詳細表示時 静的表示		src/Eccube/Resource/template/default/Event/detail.twig:92-160	備考の見出しも備考本文も詳細画面に出力していない（src/Eccube/Resource/template/default/Event/detail.twig:92-160）。	正本内部で不一致がある。リニューアル後の仕様の表示メッセージ表には項目見出し「備考」が残っているが、本シートのリニューアル側の項目表（1-1〜1-10、2-1、3-1〜3-6）とレイアウト図には備考が無く、代わりにフリーエリア1〜3が追加されている。備考欄を残すのかフリーエリアで置き換えるのかの設計裁定が必要。	img1/img2（ページ全体）に備考の見出し・本文は描かれていない。	high	
sheet-5-R120	DESIGN_ISSUE				事前予約欄の見出し 事前予約情報／事前予約期間／残り予約数／参加費(事前予約) エントリーフラグが真のとき 静的表示		src/Eccube/Resource/template/default/Event/detail.twig:92-139	事前予約情報・事前予約期間・残り予約数・参加費(事前予約)の見出しはいずれも出力していない（src/Eccube/Resource/template/default/Event/detail.twig:92-139）。	正本内部で不一致がある。R104と同じ矛盾（リニューアルの項目表・レイアウト図に事前予約欄が無い一方、表示メッセージ表には残っている）。	img1/img2/img3/img4に事前予約欄は描かれていない。	high	
sheet-5-R121	MATCHED						src/Eccube/Resource/template/default/Event/detail.twig:132-133;src/Eccube/Resource/locale/messages.ja.yaml:6666		参加費が0円のとき参加費欄に「無料」を表示する（src/Eccube/Resource/template/default/Event/detail.twig:132-133、src/Eccube/Resource/locale/messages.ja.yaml:6666）。		high	
sheet-5-R122	NOT_IMPLEMENTED	P3	未実装	IO	デッキ編集 デッキ登録済みで、申込のボタン領域を表示する状態のとき デッキ登録の画面へ遷移する	デッキ登録済みで申込ボタン領域が出ている状態では、ボタンの文言が「デッキ編集」で表示され、押すとデッキ登録の画面へ遷移する。	src/Eccube/Resource/template/default/Event/_event_detail_actions.twig:37-41;src/Eccube/Resource/locale/messages.ja.yaml:6670;src/Eccube/Controller/Front/EventDetailController.php:44-62	ボタン文言は常に「デッキ登録」で、デッキ編集の文言が実装に存在しない（src/Eccube/Resource/template/default/Event/_event_detail_actions.twig:39、src/Eccube/Resource/locale/messages.ja.yaml:6670）。デッキ登録済みかどうかを画面へ渡していない（src/Eccube/Controller/Front/EventDetailController.php:44-62）。遷移先はデッキ登録画面で一致（src/Eccube/Resource/template/default/Event/_event_detail_actions.twig:38）。	R110と同一の実装欠陥。文言だけが欠けており遷移先は設計どおり。	img9-img12のボタン図に「デッキ編集」状態は描かれていない。	high	EventDetailController-no-deck-edit-label
sheet-5-R123	DRIFT	P3	実装違い	IO	デッキ登録のボタンは、登録済みかどうかにかかわらず Decklist と表示する。	英語表示のデッキ登録ボタンには、登録済みかどうかにかかわらず Decklist と表示される。	src/Eccube/Resource/locale/messages.en.yaml:4258;src/Eccube/Resource/template/default/Event/_event_detail_actions.twig:37-41	英語表示のボタン文言は Register Deck である（src/Eccube/Resource/locale/messages.en.yaml:4258）。参加費0円の Free は一致（src/Eccube/Resource/locale/messages.en.yaml:4254）。備考・事前予約欄の英語見出しは該当要素自体が無く、R119/R120の設計裁定待ち。	同じ辞書に Decklist という文言が存在せず、英語のデッキ登録ボタンは設計が指定する文言と異なる。	英語表示のレイアウト図は本シートに無いため、文言は正本本文のみで判断した。	med	messages.en.yaml-deck-label-not-decklist
sheet-6-R001	MATCHED						src/Eccube/Controller/Front/Event/EventEntryController.php:47-90; src/Eccube/Controller/Front/Event/EventEntryController.php:92-142; src/Eccube/Service/Front/Event/EventEntryRegisterAction.php:47-104		イベント詳細IDごとの申込画面・申込確認画面・申込登録・決済連携・完了/キャンセル画面が一式実装されており、ログイン会員がイベントに申し込める。		high	
sheet-6-R002	OUT_OF_SCOPE								「機能」はカスタマイズ説明表の区分見出しであり要求ではない。		high	
sheet-6-R003	OUT_OF_SCOPE								「現行機能をベースに下記をカスタマイズ」は後続の箇条書きへの前置きで、それ自体は要求ではない。		high	
sheet-6-R004	MATCHED						src/Eccube/Resource/template/default/Event/entry.twig:52-133; src/Eccube/Service/Front/Event/EventEntryRegisterAction.php:83-89		申込画面にチームメンバーのメール・席次の入力欄は無く（entry.twig:52-133）、申込選手はログイン会員の選手情報1件だけを作成する（EventEntryRegisterAction.php:83-89）。仮選手作成・招待メール送信の処理も無い。		high	
sheet-6-R005	MATCHED						src/Eccube/Resource/template/default/Event/entry.twig:75-99; src/Eccube/Controller/Front/Event/EventEntryController.php:67-73; src/Eccube/Controller/Front/Event/EventEntryController.php:169-172; src/Eccube/Service/Front/Event/EventEntryRegisterAction.php:71-92		申込画面に別日程の同イベントのチェックボックス一覧を表示し（entry.twig:75-99）、選択分をまとめて申込登録する（EventEntryController.php:169-172、EventEntryRegisterAction.php:71-92）。	PC図(sheet-6_img3)は選択済イベントの下に同イベントの別日程カードを2件並べて表示しており、実装の別日程一覧と一致する。	high	
sheet-6-R006	MATCHED						src/Eccube/Resource/template/default/Event/entry.twig:75-116		同一画面に別日程の同イベント選択（entry.twig:75-99）と支払方法選択（entry.twig:101-116）が並んでおり、追加選択と支払選択が1画面に統合されている。	PC図(sheet-6_img3)でもイベントカード群とお支払い方法が同一画面にある。	high	
sheet-6-R007	OUT_OF_SCOPE								「1.イベント申込確認画面」は画面単位の見出しであり要求ではない。		high	
sheet-6-R008	OUT_OF_SCOPE								項目表のヘッダ行の折り返し（最大文字数または最大値／初期値／画面部品の説明）であり要求ではない。		high	
sheet-6-R009	DRIFT	P3	実装違い	ふるまい	別日程の同イベントが存在する場合、大会詳細画面で申込をしたイベントは選択済みイベント選択(1-1)は選択済みの状態で変更可だが、イベントが未選択の状態で次の画面には遷移させない	別日程の同イベントがあるときは、選択済みイベントのチェックを外して申込対象から除けること。すべて未選択のときだけ次の画面へ進めない。別日程が無いときはチェックを外せない。	src/Eccube/Resource/template/default/Event/entry.twig:53-59	選択済みイベントのチェックボックスは別日程の有無にかかわらず常にチェック済みかつ操作不可で描画され（entry.twig:58）、申込対象の主イベントは常に送信される固定値として持つ（entry.twig:53）。別日程だけを申し込みたい場合でも主イベントを外せない。	entry.twig:58 の checkbox は checked disabled が固定で、others の有無で分岐していない。EventEntryController.php:100 も detail を必須の主対象として読むため、主イベントを外した申込はできない。	sheet-6_img3(PC)・sheet-6_img4/5(チェックボックス部品)を確認。図では選択済イベントにチェック済みの箱、別日程に未チェックの箱が置かれており、操作不可かどうかは図から判別できないため本文の記述で判定した。	high	entry.twig-selected-event-checkbox-always-disabled
sheet-6-R010	MATCHED						src/Eccube/Resource/template/default/Event/entry.twig:58		選択済みイベントのチェックボックスは checked 付きで描画され、初期値は選択済みである（entry.twig:58）。		high	
sheet-6-R011	MATCHED						src/Eccube/Resource/template/default/Event/entry.twig:14; src/Eccube/Resource/template/default/Event/entry.twig:60		大会詳細で申込をしたイベントのイベント名（Event.nameJp）をカードのタイトルに表示する（entry.twig:14,60）。		high	
sheet-6-R012	MATCHED						src/Eccube/Resource/template/default/Event/entry.twig:63-64		選択済みイベントの開催日時（Detail.startDate）をラベル「日時」とともに表示する（entry.twig:63-64）。	sheet-6_img3の日時は「2025年7月24日 10時00分」表記、実装は Y/n/j H:i 表記。書式を定める記述は本文に無く、イベント系画面（detail.twig:102 等）と同じ共通書式のため指摘にしていない。	med	
sheet-6-R013	MATCHED						src/Eccube/Resource/template/default/Event/entry.twig:67-68		選択済みイベントの参加費（Detail.entryFee）を「価格」として ¥ 付き桁区切りで表示する（entry.twig:67-68）。	sheet-6_img3の「価格 ¥1,000」と一致。	high	
sheet-6-R014	MATCHED						src/Eccube/Controller/Front/Event/EventEntryController.php:67-73; src/Eccube/Resource/template/default/Event/entry.twig:75-99		別日程の同イベントを取得して（EventEntryController.php:67-73）ブロックとして一覧表示する（entry.twig:75-99）。1件も無ければブロック自体を出さない。		high	
sheet-6-R015	MATCHED						src/Eccube/Resource/template/default/Event/entry.twig:81		"別日程の同イベントごとに name=""details[]"" のチェックボックスを描画しており、複数選択できる（entry.twig:81）。"		high	
sheet-6-R016	MATCHED						src/Eccube/Resource/template/default/Event/entry.twig:79-95; src/Eccube/Controller/Front/Event/EventEntryController.php:101-104		別日程の同イベントのチェックボックスで選択した詳細IDが追加対象として送信・受理される（entry.twig:79-95、EventEntryController.php:101-104）。		high	
sheet-6-R017	MATCHED						src/Eccube/Resource/template/default/Event/entry.twig:105-107; src/Eccube/Resource/template/default/Event/entry.twig:136-159		「お支払いについて」リンク押下で支払いについてのモーダルを開く（entry.twig:105-107 のトリガと entry.twig:136-159 のモーダル本体）。	sheet-6_img3の「お支払いについて(?)」リンクと、本文のモーダル文言（クレジットカード決済のみ・利用可能カード・明細表示名・分割不可）が messages.ja.yaml の payment_info.* と一致。	high	
sheet-6-R018	MATCHED						src/Eccube/Controller/Front/Event/EventEntryController.php:87; src/Eccube/Resource/template/default/Event/entry.twig:109-113		イベントに紐づく支払方法（Event.getPayments）をセレクトボックスの選択肢として表示する（EventEntryController.php:87、entry.twig:109-113）。	sheet-6_img3では「クレジットカード決済」が選択済みで表示され、実装（先頭を selected）と一致。	high	
sheet-6-R019	MATCHED						src/Eccube/Resource/template/default/Event/entry.twig:120		"イベントキャンセルポリシーのリンクを target=""_blank"" で別ウィンドウ表示する（entry.twig:120）。"		high	
sheet-6-R020	MATCHED						src/Eccube/Resource/template/default/Event/entry.twig:120		リンク先は user_data の help_event ページ＋#block_event_cancel_policy であり、設計のリンク先と一致する（entry.twig:120）。		high	
sheet-6-R021	NOT_IMPLEMENTED	P3	未実装	IO	申込同意(1-10)にチェックが入っていない状態で「支払いへ進む」(1-11)を押しても次の画面には遷移させずエラーを動的に表示する	申込同意にチェックが無い状態で支払いへ進むを押したとき、次の画面へ進まず、同意が必要であることを知らせるエラー文言が画面に表示される。	src/Eccube/Resource/template/default/Event/entry.twig:123-129; html/template/default/assets/hareruya/js/hareruya-event.js:1; src/Eccube/Resource/locale/messages.ja.yaml:6706	支払いへ進むボタンは同意チェックが付くまで disabled で、押しても何も起きずエラー文言は表示されない（entry.twig:124-129 と hareruya-event.js の disabled 切替のみ）。用意済みの文言 front.event.entry.error.agree_required（messages.ja.yaml:6706）はどのテンプレート・スクリプトからも参照されていない。	entry.twig:129 のボタンは初期 disabled、hareruya-event.js は checked に応じて disabled を切り替え、disabled 時のクリックを preventDefault するだけでメッセージ描画が無い。agree_required の文言は ja/en 両方に存在するが未使用。	sheet-6_img3にエラー表示状態は描かれていないため、本文の記述で判定した。	med	entry.twig-agree-error-not-displayed
sheet-6-R022	MATCHED						src/Eccube/Resource/template/default/Event/entry.twig:52; src/Eccube/Resource/template/default/Event/entry.twig:129; src/Eccube/Controller/Front/Event/EventEntryController.php:92-142		支払いへ進むボタンの送信先が申込確認（申込確定）画面の処理で、confirm.twig を表示する（entry.twig:52,129、EventEntryController.php:92-142）。		high	
sheet-6-R023	MATCHED						src/Eccube/Resource/template/default/Event/entry.twig:130		キャンセルボタンは当該イベント詳細の大会詳細画面へのリンクである（entry.twig:130）。		high	
sheet-6-R024	OUT_OF_SCOPE								「2.申込確定画面」は画面単位の見出しであり要求ではない。		high	
sheet-6-R025	OUT_OF_SCOPE								項目表のヘッダ行の折り返しであり要求ではない。		high	
sheet-6-R026	MATCHED						src/Eccube/Controller/Front/Event/EventEntryController.php:119; src/Eccube/Resource/template/default/Event/confirm.twig:107-123		主対象と追加対象を合わせた全件をカードとして繰り返し表示する（EventEntryController.php:119、confirm.twig:107-123）。	sheet-6_img7(SP)/img8(PC)で申込イベントが2件並んでおり、複数選択時の全件表示と一致。	high	
sheet-6-R027	MATCHED						src/Eccube/Controller/Front/Event/EventEntryController.php:125; src/Eccube/Resource/template/default/Event/confirm.twig:126-137		選択した全対象の参加費合計を算出し（EventEntryController.php:125）合計として表示する（confirm.twig:126-137）。	sheet-6_img8の「合計価格 ¥2,000」と一致。項目表のラベルは「合計金額」だがレイアウト図と実装はともに「合計価格」。	high	
sheet-6-R028	MATCHED						src/Eccube/Resource/template/default/Event/confirm.twig:139-143		前画面で選択した支払方法の名称をお支払い方法として表示する（confirm.twig:139-143）。合計0円で支払方法が無いときは節ごと非表示。		high	
sheet-6-R029	MATCHED						src/Eccube/Resource/template/default/Event/confirm.twig:155; src/Eccube/Resource/template/default/Event/confirm.twig:54-72; src/Eccube/Controller/Front/Event/EventEntryController.php:214-253		申込するボタンで申込登録を行い、有料時は外部決済画面へ送信するフォームを受け取って遷移する（confirm.twig:155,54-72、EventEntryController.php:214-253）。		high	
sheet-6-R030	MATCHED						src/Eccube/Resource/template/default/Event/confirm.twig:156		キャンセルボタンは支払方法を選ぶ申込画面（イベント申込確認画面）へ戻るリンクである（confirm.twig:156）。		high	
sheet-6-R031	OUT_OF_SCOPE								「3.決済入力・確認画面(外部)」は画面単位の見出しであり要求ではない。		high	
sheet-6-R032	OUT_OF_SCOPE								項目表のヘッダ行の折り返しであり要求ではない。		high	
sheet-6-R033	OUT_OF_SCOPE								3.決済入力・確認画面は外部（ソニーペイメントのリンクタイプ決済）の画面で、正本自身が「外部システムのため詳細は省略」と宣言しているため実装対象の要求ではない。	sheet-6_img9/img10は外部決済のカード情報入力・確認画面で、当リポジトリの画面ではない。	high	
sheet-6-R034	OUT_OF_SCOPE								同上。外部決済画面のボタンであり実装対象外。戻り先の /events/payment_cancel は src/Eccube/Controller/Front/Event/EventEntryController.php:293-299 に存在する。	sheet-6_img9の「キャンセル」ボタンは外部決済画面の部品。	high	
sheet-6-R035	OUT_OF_SCOPE								同上。外部決済画面のボタンであり実装対象外。	sheet-6_img10の「購入」ボタンは外部決済画面の部品。	high	
sheet-6-R036	OUT_OF_SCOPE								同上。外部決済画面のボタンであり実装対象外。	sheet-6_img10の「戻る」ボタンは外部決済画面の部品。	high	
sheet-6-R037	OUT_OF_SCOPE								「4.申込完了画面」は画面単位の見出しであり要求ではない。		high	
sheet-6-R038	OUT_OF_SCOPE								項目表のヘッダ行の折り返しであり要求ではない。		high	
sheet-6-R039	MATCHED						src/Eccube/Resource/template/default/Event/payment_complete.twig:52-53; src/Eccube/Entity/DtbEventDetail.php:508-511; src/Eccube/Controller/Front/Event/EventEntryController.php:289		デッキ登録可否は deckRegistFlg（デッキ登録あり）が真、deadlineFlg（締め切り）が偽、デッキ登録締め切りが現在日時以降のときだけ真で（DtbEventDetail.php:508-511）、その場合だけデッキ登録ボタンを描画する（payment_complete.twig:52-53）。設計の3条件と一致。	sheet-6_img11(SP)/img12(PC)にデッキ登録ボタンとイベント一覧へ戻るボタンが並ぶ。	high	
sheet-6-R040	MATCHED						src/Eccube/Resource/template/default/Event/payment_complete.twig:55; src/Eccube/Resource/locale/messages.ja.yaml:6727		イベント一覧に戻るボタンはイベント大会TOP（イベント一覧を表示する画面）へのリンクで、文言は「イベント一覧へ戻る」（payment_complete.twig:55、messages.ja.yaml:6727）。	sheet-6_img11/img12の「イベント一覧へ戻る」と一致。	med	
sheet-6-R041	OUT_OF_SCOPE								「5.イベント申込キャンセル画面」は画面単位の見出しであり要求ではない。		high	
sheet-6-R042	OUT_OF_SCOPE								項目表のヘッダ行の折り返しであり要求ではない。		high	
sheet-6-R043	MATCHED						src/Eccube/Resource/template/default/Event/payment_cancel.twig:50; src/Eccube/Resource/locale/messages.ja.yaml:6732		大会一覧へ戻るボタンをイベント（大会）一覧画面へのリンクとして表示する（payment_cancel.twig:50、文言は messages.ja.yaml:6732 の「大会一覧へ戻る」）。	sheet-6_img13/img15の「大会一覧へ戻る」ボタンと一致。	high	
sheet-6-R044	OUT_OF_SCOPE								現行仕様節のタイトル行であり要求ではない。		high	
sheet-6-R045	OUT_OF_SCOPE								「刷新後は実装不要」という節の前置きで、実装対象の要求ではない。		high	
sheet-6-R046	OUT_OF_SCOPE								Excel基本設計0214により廃止され、正本自身が「刷新後に実装する必要はありません」と宣言している（チーム人数→チーム戦フラグ変更に伴うメンバーメール入力・仮選手作成・招待メール・未承認申込選手・招待リンク認証）。		high	
sheet-6-R047	OUT_OF_SCOPE								Excel基本設計0214により廃止され、正本自身が「刷新後に実装する必要はありません」と宣言している（申込画面での席次入力・検証と申込選手への席次設定）。		high	
sheet-6-R048	OUT_OF_SCOPE								Excel基本設計0214により廃止され、正本自身が「刷新後に実装する必要はありません」と宣言している（チームメンバー確認済み（承認フラグ）の運用と招待リンク認証）。		high	
sheet-6-R049	OUT_OF_SCOPE								「Excel基本設計により廃止された仕様」は節の見出しであり要求ではない。		high	
sheet-6-R050	OUT_OF_SCOPE								「刷新後は実装しない」という節の前置きであり要求ではない。		high	
sheet-6-R051	OUT_OF_SCOPE								廃止表のヘッダ行であり要求ではない。		high	
sheet-6-R052	OUT_OF_SCOPE								廃止表の行で、正本が「刷新後は実装しない」と明記しているふるまいであるため対象外。		high	
sheet-6-R053	OUT_OF_SCOPE								廃止表の行で、正本が「刷新後は実装しない」と明記しているふるまいであるため対象外。		high	
sheet-6-R054	OUT_OF_SCOPE								廃止表の行で、正本が「刷新後は実装しない」と明記しているふるまいであるため対象外。		high	
sheet-6-R055	OUT_OF_SCOPE								「申込対象の選択」は業務ロジックの区分見出しであり要求ではない。		high	
sheet-6-R056	MATCHED						src/Eccube/Controller/Front/Event/EventEntryController.php:53-64		イベント詳細が無いときは NotFoundHttpException（HTTP404）、申込不可（受付期間外・定員超過）または当該会員が申込済みのときはイベント詳細画面へリダイレクトする（EventEntryController.php:53-64）。		high	
sheet-6-R057	MATCHED						src/Eccube/Controller/Front/Event/EventEntryController.php:67-73; src/Eccube/Repository/DtbEventDetailRepository.php:75-95		別日程の同イベントは、受付期間中・表示・受付有効で、かつログイン会員の選手情報が未申込のものだけを取得し（DtbEventDetailRepository.php:75-95）、さらに定員に空きがあるものへ絞る（EventEntryController.php:69-73）。		high	
sheet-6-R058	OUT_OF_SCOPE								「支払方法の選択」は業務ロジックの区分見出しであり要求ではない。		high	
sheet-6-R059	OUT_OF_SCOPE								リニューアル後は主対象のイベント詳細IDをURLに含む申込画面へ統合され（/ja/events/{イベント詳細ID}/entry、「イベント追加と支払選択を一つの画面に統合する」）、主対象を指定せずに支払方法選択へ来る導線が無い。現行仕様側の分岐であり踏襲対象ではない。		med	
sheet-6-R060	MATCHED						src/Eccube/Controller/Front/Event/EventEntryController.php:110-132		主対象が無いときは HTTP404（EventEntryController.php:110-113）。受付期間外・申込済み・追加対象が別イベントや参加不可のときは申込確認へ進めず申込画面へ差し戻し、申込画面側で再判定してイベント詳細へ戻す（EventEntryController.php:121-123 と 62-64）。要求を通さない点は一致し、差し戻しの応答形（HTTP400ではなく申込画面への戻し）の違いは判定規約の実装手段の差として指摘にしていない。		med	
sheet-6-R061	MATCHED						src/Eccube/Controller/Front/Event/EventEntryController.php:75-81; src/Eccube/Resource/template/default/Event/entry.twig:101-116		選択可能なイベントすべての参加費が0円のときは支払方法の欄を描画しない（EventEntryController.php:75-81 の hasChargeableOption と entry.twig:102-116）。チームメンバー入力の検証エラー表示は廃止対象のため該当が無い。		med	
sheet-6-R062	OUT_OF_SCOPE								「申込内容の確認」は業務ロジックの区分見出しであり要求ではない。		high	
sheet-6-R063	MATCHED						src/Eccube/Controller/Front/Event/EventEntryController.php:95; src/Eccube/Controller/Front/Event/EventEntryController.php:110-132		申込確認ではなりすまし対策トークンを検証し（EventEntryController.php:95）、主対象が無ければ HTTP404、受付期間外・申込済み・追加対象が別イベントや参加不可のときは処理せず申込画面へ差し戻す（EventEntryController.php:110-132）。		med	
sheet-6-R064	OUT_OF_SCOPE								チーム戦のメンバーメール・席次の検証は Excel基本設計0214 識別ID:1-12/4-1 により廃止（カスタマイズ説明「チームの他メンバーに関する入力情報は削除とする」）で、刷新後の実装対象ではない。		high	
sheet-6-R065	OUT_OF_SCOPE								「申込の登録」は業務ロジックの区分見出しであり要求ではない。		high	
sheet-6-R066	MATCHED						src/Eccube/Service/Front/Event/EventEntryRegisterAction.php:47-104; src/Eccube/Controller/Front/Event/EventEntryController.php:172; src/Eccube/Resource/template/default/Event/confirm.twig:54-72		申込登録は主対象と追加対象を合わせた全件を対象とし（EventEntryController.php:172）、まとめて登録して例外時は書き込みを取り消して例外を再送出する（EventEntryRegisterAction.php:53-103 の wrapInTransaction）。申込確認画面からの登録要求も非同期で送っている（confirm.twig:54-72）。		med	
sheet-6-R067	OUT_OF_SCOPE								要求内容が「申込登録を非同期要求に限る」という通信方式の制約であり、判定規約で実装手段の差として指摘対象外。実際の導線は confirm.twig:54-72 の非同期要求で実装されている。		med	
sheet-6-R068	MATCHED						src/Eccube/Controller/Front/Event/EventEntryController.php:156-186		申込登録では送信された申込対象・支払方法を読み直し、対象が存在しない・別イベント・参加不可・支払方法が不正のときは登録せずに差し戻す（EventEntryController.php:156-186）。		med	
sheet-6-R069	MATCHED						src/Eccube/Controller/Front/Event/EventEntryController.php:174; src/Eccube/Controller/Front/Event/EventEntryController.php:311-346; src/Eccube/Service/Front/Event/EventEntryRegisterAction.php:59-68		全対象が同一イベントかつ参加可能であることを確認し（EventEntryController.php:311-346）、登録時にはイベント詳細を排他確保して定員を再判定する（EventEntryRegisterAction.php:59-68）。		high	
sheet-6-R070	DRIFT	P1	実装違い	ふるまい	無料はエントリー済み、有料は決済中で作成する。決済完了で確定、キャンセルで取消側へ	参加費が有料の申込は、外部決済が終わるまでは決済中の状態で作られ、決済が完了して初めて申込済みになる。	src/Eccube/Service/Front/Event/EventEntryRegisterAction.php:54-57; src/Eccube/Service/Front/Event/EventEntryRegisterAction.php:71-82; src/Eccube/Service/Admin/Payment/PaymentStatusCheckAction.php:88-127	申込は無料・有料の区別なく申込済み（MtbEntryStatus::ENTERED）で作成される（EventEntryRegisterAction.php:54-57,71-82）。決済中で作成される経路が無いため、決済前の申込が定員に数えられ、決済中の申込を照会して確定する処理（PaymentStatusCheckAction.php:88-127）も対象0件で空振りする。	EventEntryRegisterAction.php:54 が ENTERED 固定で、リポジトリ全体を検索しても PROCESSING_PAYMENT を設定する箇所は無い（設定側は EventEntryCancelAction.php:49 の判定と PaymentStatusCheckAction の照会条件だけ）。		high	EventEntryRegisterAction-paid-entry-status-entered
sheet-6-R071	OUT_OF_SCOPE								チーム戦のメンバー数・重複の検証は廃止（Excel基本設計0214 識別ID:1-12）で刷新後の実装対象ではない。		high	
sheet-6-R072	OUT_OF_SCOPE								チーム戦のメンバーメール・席次の検証は廃止（Excel基本設計0214 識別ID:1-12/4-1）で刷新後の実装対象ではない。		high	
sheet-6-R073	MATCHED						src/Eccube/Service/Front/Event/EventEntryRegisterAction.php:71-100		申込・申込選手・申込履歴を作成し、支払番号を採番して確定させる（EventEntryRegisterAction.php:71-100）。チーム戦の招待メール送信は廃止対象。		high	
sheet-6-R074	MATCHED						src/Eccube/Service/Front/Event/EventEntryRegisterAction.php:94-97; src/Eccube/Service/Front/Event/EventEntryRegisterAction.php:106-108		支払番号は先頭申込の作成日時を Ymdhi（時は12時間表記の h）で連結し、ハイフンと10桁ゼロ詰めの申込IDを付けた値で、申込群すべてに同じ値を設定する（EventEntryRegisterAction.php:94-97,106-108）。		high	
sheet-6-R075	MATCHED						src/Eccube/Controller/Front/Event/EventEntryController.php:199-211		合計0円のときは完了画面用のイベント詳細IDを、有料のときは支払番号と金額を応答として返す（EventEntryController.php:199-211）。		high	
sheet-6-R076	OUT_OF_SCOPE								「申込可否の判定」は表の区分見出しであり要求ではない。		high	
sheet-6-R077	MATCHED						src/Eccube/Controller/Front/Event/EventEntryController.php:311-320; src/Eccube/Controller/Front/Event/EventEntryController.php:121; src/Eccube/Controller/Front/Event/EventEntryController.php:174		主対象と追加対象が同一イベントの日程であることを確認し、違反する要求は申込確認・申込登録のいずれでも通さない（EventEntryController.php:311-320 を 121・174 で使用）。応答形（HTTP400ではなく申込画面への差し戻し）の違いは実装手段の差として指摘にしていない。		med	
sheet-6-R078	MATCHED						src/Eccube/Entity/DtbEventDetail.php:485-499; src/Eccube/Controller/Front/Event/EventEntryController.php:62; src/Eccube/Controller/Front/Event/EventEntryController.php:121; src/Eccube/Controller/Front/Event/EventEntryController.php:174; src/Eccube/Service/Front/Event/EventEntryRegisterAction.php:63-68		受付有効（entryFlg）で、事前予約開始日時以降・終了日時以前であることを申込画面・申込確認・申込登録の各段階で判定する（DtbEventDetail.php:485-499 を EventEntryController.php:62,121,174 と EventEntryRegisterAction.php:63-68 で呼ぶ）。		high	
sheet-6-R079	MATCHED						src/Eccube/Entity/DtbEventDetail.php:498; src/Eccube/Repository/DtbEventDetailRepository.php:181-194; src/Eccube/Service/Front/Event/EventEntryRegisterAction.php:60-68		定員より申込済み件数が少ないことを判定し（DtbEventDetail.php:498）、申込登録時はイベント詳細を排他確保してから再判定する（DtbEventDetailRepository.php:181-194、EventEntryRegisterAction.php:60-68）。チーム人数換算は廃止対象。		high	
sheet-6-R080	MATCHED						src/Eccube/Repository/DtbEventEntryRepository.php:333-353; src/Eccube/Repository/DtbEventEntryRepository.php:393-413; src/Eccube/Controller/Front/Event/EventEntryController.php:62; src/Eccube/Controller/Front/Event/EventEntryController.php:333		ログイン会員の選手情報が当該イベント詳細に取消以外の申込を持つ場合は申込させない（DtbEventEntryRepository.php:333-353,393-413 を EventEntryController.php:62,333 で使用）。		high	
sheet-6-R081	MATCHED						src/Eccube/Controller/Front/Event/EventEntryController.php:125-132; src/Eccube/Controller/Front/Event/EventEntryController.php:178-186; src/Eccube/Controller/Front/Event/EventEntryController.php:351-359		合計参加費が0円なら支払方法を要求せず、1円以上なら当該イベントに紐づく支払方法が無ければ処理を進めない（EventEntryController.php:125-132,178-186,351-359）。		high	
sheet-6-R082	DRIFT	P1	実装違い	ふるまい	無料はエントリー済み、有料は決済中で作成する。決済完了で確定、キャンセルで取消側へ	有料申込は決済が終わるまで決済中として扱い、決済完了で申込済みへ確定し、決済を中止したときは取消状態にする。	src/Eccube/Service/Front/Event/EventEntryRegisterAction.php:54-57; src/Eccube/Service/Front/Event/EventEntryCancelAction.php:47-56; src/Eccube/Controller/Front/Event/EventEntryController.php:255-276	申込は常に申込済みで作成されるため（EventEntryRegisterAction.php:54-57）、決済完了時に確定させる状態遷移が無く、決済中止時のキャンセル処理は決済中の申込だけを取消対象にするので（EventEntryCancelAction.php:47-53）何も取消されず、支払われていない申込が申込済みのまま残る。	EventEntryCancelAction.php:49 は EntryStatus が PROCESSING_PAYMENT の申込のみ取消す。作成側は ENTERED 固定のため取消対象が常に空になる。EventEntryController.php:255-276 の決済完了処理も申込状況を触らない。		high	EventEntryRegisterAction-paid-entry-status-entered
sheet-6-R083	OUT_OF_SCOPE								「決済後の扱い」は業務ロジックの区分見出しであり要求ではない。		high	
sheet-6-R084	DRIFT	P1	実装違い	ふるまい	正常なときは支払番号で申込を取得し、決済確認処理で申込状況を確定する。	外部決済が正常に終わったときは、その支払番号の申込を申込済みとして確定させてから完了画面を表示する。	src/Eccube/Controller/Front/Event/EventEntryController.php:255-276; src/Eccube/Service/Front/Event/EventEntryRegisterAction.php:54-57	決済結果が正常なときは支払番号で申込を引くが、完了画面へ渡すイベント詳細IDを取り出すだけで申込状況を確定させる処理が無い（EventEntryController.php:270-275）。申込は登録時から申込済みのため（EventEntryRegisterAction.php:54-57）、決済の成否と申込状況が結び付いていない。	EventEntryController.php:255-276 に申込状況の更新は無く、決済結果の復号（263）と分岐（264-268）、詳細IDの取得（270-275）だけである。		high	EventEntryRegisterAction-paid-entry-status-entered
sheet-6-R085	DRIFT	P1	実装違い	ふるまい	決済キャンセルでは、支払番号で申込を取得し、決済確認処理で申込を取消側に整える。	外部決済を中止したときは、その支払番号の申込が取消状態になり、定員の枠が戻る。	src/Eccube/Service/Front/Event/EventEntryCancelAction.php:41-58; src/Eccube/Service/Front/Event/EventEntryRegisterAction.php:54-57	決済キャンセル処理は支払番号で申込を引いた後、決済中の申込だけを取消対象に絞るため（EventEntryCancelAction.php:47-53）、申込済みで作られている実際の申込は1件も取消されない。定員に数えられたまま残り、支払われていない申込が有効な申込として扱われる。	EventEntryCancelAction.php:49 の絞り込みと EventEntryRegisterAction.php:54 の ENTERED 固定が噛み合っていない。PROCESSING_PAYMENT を設定する箇所は実装に無い。		high	EventEntryRegisterAction-paid-entry-status-entered
sheet-6-R086	OUT_OF_SCOPE								「エラー時の扱い」は表の区分見出しであり要求ではない。		high	
sheet-6-R087	MATCHED						src/Eccube/Controller/Front/Event/EventEntryController.php:54-56; src/Eccube/Controller/Front/Event/EventEntryController.php:110-113; src/Eccube/Controller/Front/Event/EventEntryController.php:163-166; src/Eccube/Controller/Front/Event/EventEntryController.php:282-285		イベント詳細が取得できない場合はいずれの段階でも NotFoundHttpException（HTTP404）を投げる（EventEntryController.php:54-56,110-113,163-166,282-285）。		high	
sheet-6-R088	MATCHED						src/Eccube/Controller/Front/Event/EventEntryController.php:62-64; src/Eccube/Controller/Front/Event/EventEntryController.php:121-123; src/Eccube/Controller/Front/Event/EventEntryController.php:174-176		受付期間外・申込済みのときは申込画面へ戻し、申込画面側で同じ判定をしてイベント詳細画面へリダイレクトする（EventEntryController.php:62-64 と 121-123,174-176）。最終的な到達先はイベント詳細画面で設計どおり。		med	
sheet-6-R089	MATCHED						src/Eccube/Controller/Front/Event/EventEntryController.php:311-346; src/Eccube/Controller/Front/Event/EventEntryController.php:121-123; src/Eccube/Controller/Front/Event/EventEntryController.php:174-176		申込対象が別イベント・参加不可のときは申込確認・申込登録を行わず要求を拒否する（EventEntryController.php:311-346 の判定と 121-123,174-176 の差し戻し）。応答形（HTTP400ではなく申込画面への差し戻し）の違いは判定規約の実装手段の差として指摘にしていない。		med	
sheet-6-R090	MATCHED						src/Eccube/Controller/Front/Event/EventEntryController.php:127-131; src/Eccube/Controller/Front/Event/EventEntryController.php:180-186		有料で支払方法が空・不正・当該イベントに紐づかない場合は申込確認も申込登録も行わず差し戻す（EventEntryController.php:127-131,180-186）。応答形の違いは実装手段の差として指摘にしていない。		med	
sheet-6-R091	OUT_OF_SCOPE								チームメンバーメール・席次の検証は廃止（Excel基本設計0214）で刷新後の実装対象ではない。		high	
sheet-6-R092	OUT_OF_SCOPE								「非同期でない申込登録」の扱いは通信方式の制約であり、判定規約で実装手段の差として指摘対象外。		high	
sheet-6-R093	MATCHED						src/Eccube/Service/Front/Event/EventEntryRegisterAction.php:53; src/Eccube/Service/Front/Event/EventEntryRegisterAction.php:100-103		申込・申込選手・申込履歴の作成は一括で行われ、途中で例外が出た場合は書き込みが取り消されて例外がそのまま呼び出し側へ伝わる（EventEntryRegisterAction.php:53,100-103 の wrapInTransaction）。		high	
sheet-6-R094	MATCHED						src/Eccube/Controller/Front/Event/EventEntryController.php:258-268; src/Eccube/Resource/template/default/Event/payment_cancel.twig:44-51		決済結果が空・結果コードが正常でないときはイベント申込キャンセル画面へ戻す（EventEntryController.php:258-268、payment_cancel.twig:44-51）。決済ログへのエラー記録は画面にも応答にも現れない内部挙動のため指摘にしていない。		med	
sheet-6-R095	OUT_OF_SCOPE								メール・席次の必須未入力の扱いは廃止されたチームメンバー入力に関する記述で、刷新後の実装対象ではない。		high	
sheet-6-R096	OUT_OF_SCOPE								入出力表の入力欄の記述で、個々のふるまいは同シートの業務ロジック各行で判定済み。実装は申込対象のイベント詳細ID群・支払方法・なりすまし対策トークン・決済の戻り結果を受け取る（src/Eccube/Controller/Front/Event/EventEntryController.php:100-105,147,222,258）。チームメンバーの席次・メールは廃止のため入力が無い。		med	
sheet-6-R097	MATCHED						src/Eccube/Controller/Front/Event/EventEntryController.php:83-89; src/Eccube/Controller/Front/Event/EventEntryController.php:134-141; src/Eccube/Controller/Front/Event/EventEntryController.php:199-211; src/Eccube/Controller/Front/Event/EventEntryController.php:287-290		各段階の画面（申込画面・申込確認画面・申込完了画面）と申込登録の応答（完了画面用のイベント詳細ID／決済用の支払番号と金額）を返す（EventEntryController.php:83-89,134-141,199-211,287-290）。		high	
sheet-6-R098	MATCHED						src/Eccube/Controller/Front/Event/EventEntryController.php:55; src/Eccube/Controller/Front/Event/EventEntryController.php:107; src/Eccube/Controller/Front/Event/EventEntryController.php:121-123; src/Eccube/Controller/Front/Event/EventEntryController.php:275; src/Eccube/Controller/Front/Event/EventEntryController.php:293-298		失敗時はHTTP404、イベント詳細画面への遷移、申込画面への差し戻し、決済キャンセル画面のいずれかを返す（EventEntryController.php:55,107,121-123,275,293-298）。		med	
sheet-6-R099	OUT_OF_SCOPE								「入出力: 永続化」は表の区分見出しであり要求ではない。		high	
sheet-6-R100	MATCHED						src/Eccube/Service/Front/Event/EventEntryRegisterAction.php:71-100		申込登録の契機で申込・申込選手・申込履歴が追加される（EventEntryRegisterAction.php:71-100）。		high	
sheet-6-R101	DRIFT	P1	実装違い	ふるまい	無料はエントリー済み、有料は決済中で作成する。決済完了で確定、キャンセルで取消側へ	決済が完了したときは申込が申込済みへ更新され、決済を中止したときは申込が取消へ更新される。	src/Eccube/Service/Front/Event/EventEntryRegisterAction.php:54-57; src/Eccube/Controller/Front/Event/EventEntryController.php:255-276; src/Eccube/Service/Front/Event/EventEntryCancelAction.php:47-56	決済完了時に申込状況を更新する処理が無く（EventEntryController.php:255-276）、決済キャンセル時の更新も決済中の申込だけを対象にするため（EventEntryCancelAction.php:47-53）、申込済みで作成された申込は更新されない。	申込作成が ENTERED 固定（EventEntryRegisterAction.php:54）であることに起因し、決済完了・決済キャンセルの双方で申込状況の更新が発生しない。		high	EventEntryRegisterAction-paid-entry-status-entered
sheet-6-R102	DESIGN_ISSUE				お申込みをキャンセルしました。外部決済を中止したとき、または決済結果が正常でないとき申込を取消し、決済キャンセル画面を表示する				表示メッセージ表は決済中止時の本文を「お申込みをキャンセルしました。」とするが、同シートのイベント申込キャンセル画面のレイアウト図は本文を「イベント申込が途中でキャンセルされました。／イベントの申し込み状況はマイページから確認できます。」と描いており、どちらが正か正本内で決められない。実装（src/Eccube/Resource/template/default/Event/payment_cancel.twig:45-48、src/Eccube/Resource/locale/messages.ja.yaml:6730-6731）はレイアウト図と一致する。後続処理の申込取消が働かない点は sheet-6-R085/R101 で指摘済み。	sheet-6_img13(PC)・sheet-6_img15(SP)に「イベント申込が途中でキャンセルされました。」「イベントの申し込み状況はマイページから確認できます。」「大会一覧へ戻る」が描かれている。	high	
sheet-6-R103	MATCHED						src/Eccube/Resource/locale/messages.ja.yaml:6723; src/Eccube/Resource/template/default/Event/payment_complete.twig:45-47; src/Eccube/Controller/Front/Event/EventEntryController.php:278-291		申込登録後に無料申込または外部決済が完了したとき、申込完了画面で「イベント申込が完了いたしました。」を表示する（messages.ja.yaml:6723、payment_complete.twig:45-47、EventEntryController.php:278-291）。	sheet-6_img11/img12の本文と一致。	high	
sheet-6-R104	MATCHED						src/Eccube/Resource/locale/messages.ja.yaml:6689; src/Eccube/Resource/template/default/Event/entry.twig:50; src/Eccube/Resource/template/default/Event/confirm.twig:104		申込対象選択と支払方法選択を統合した申込画面の見出しは「イベント申込」（messages.ja.yaml:6689、entry.twig:50）。申込確認画面の見出しは同シートのレイアウト図どおり「イベント申込確認」（confirm.twig:104）。	sheet-6_img3は見出し「イベント申込」、sheet-6_img7/img8は「イベント申込確認」。	med	
sheet-6-R105	MATCHED						src/Eccube/Resource/locale/messages.ja.yaml:6702; src/Eccube/Resource/template/default/Event/entry.twig:123-125		支払方法選択（申込）画面に確定チェック「この内容でイベント申込を確定します。」を表示し、チェックしたときだけ支払いへ進める（messages.ja.yaml:6702、entry.twig:123-129）。	sheet-6_img3の「この内容でイベント申込を確定します。」と一致。	high	
sheet-6-R106	MATCHED						src/Eccube/Resource/locale/messages.ja.yaml:6699; src/Eccube/Resource/template/default/Event/entry.twig:117-121		申込画面に「※キャンセルの期限はイベント前日23時59分までとなります」を表示する（messages.ja.yaml:6699、entry.twig:119）。	sheet-6_img3の同文言と一致。	high	
sheet-6-R107	MATCHED						src/Eccube/Resource/locale/messages.ja.yaml:6723; src/Eccube/Resource/template/default/Event/payment_complete.twig:47		申込完了画面本文に「イベント申込が完了いたしました。」を表示する（messages.ja.yaml:6723、payment_complete.twig:47）。	sheet-6_img11/img12と一致。	high	
sheet-6-R108	MATCHED						src/Eccube/Resource/locale/messages.ja.yaml:6724; src/Eccube/Resource/template/default/Event/payment_complete.twig:48		申込完了画面本文に「イベントの申し込み状況はマイページから確認できます。」をマイページへのリンク付きで表示する（messages.ja.yaml:6724、payment_complete.twig:48）。	sheet-6_img11/img12で「マイページ」がリンク色で描かれており実装と一致。	high	
sheet-6-R109	OUT_OF_SCOPE								チームメンバーのメールの文字種エラーは、廃止されたチームメンバー入力（Excel基本設計0214 識別ID:1-12/4-1、カスタマイズ説明「チームの他メンバーに関する入力情報は削除とする」）に伴うメッセージで、刷新後の実装対象ではない。		high	
sheet-6-R110	OUT_OF_SCOPE								チームメンバーのメール重複エラーは、廃止されたチームメンバー入力（Excel基本設計0214 識別ID:1-12/4-1、カスタマイズ説明「チームの他メンバーに関する入力情報は削除とする」）に伴うメッセージで、刷新後の実装対象ではない。		high	
sheet-6-R111	OUT_OF_SCOPE								メンバーメールとログイン会員のメール重複エラーは、廃止されたチームメンバー入力（Excel基本設計0214 識別ID:1-12/4-1、カスタマイズ説明「チームの他メンバーに関する入力情報は削除とする」）に伴うメッセージで、刷新後の実装対象ではない。		high	
sheet-6-R112	OUT_OF_SCOPE								席次の不正エラーは、廃止されたチームメンバー入力（Excel基本設計0214 識別ID:1-12/4-1、カスタマイズ説明「チームの他メンバーに関する入力情報は削除とする」）に伴うメッセージで、刷新後の実装対象ではない。		high	
