要求ID	判定	重要度	指摘区分	乖離種別	設計根拠_引用	設計期待値	実装参照	実装実態	判定根拠	画像確認メモ	確信度	根本原因
sheet-1-R001	OUT_OF_SCOPE								表紙の会社名（宛先）表記であり、画面・応答に現れる機能要求ではない。シート本文は表紙・改訂履歴のみで、ふるまいを述べる記述が一切ない。	sheet-1（表紙）に画像は存在しない（images/ に sheet-1_img* が無いことを確認）。	high	
sheet-1-R002	OUT_OF_SCOPE								表紙に記載された設計書のタイトル（対象機能名）であり、実装対象の仕様記述ではない。シート本文は表紙・改訂履歴のみで、ふるまいを述べる記述が一切ない。	sheet-1（表紙）に画像は存在しない（images/ に sheet-1_img* が無いことを確認）。	high	
sheet-1-R003	OUT_OF_SCOPE								表紙に記載された文書種別名であり、実装対象の仕様記述ではない。シート本文は表紙・改訂履歴のみで、ふるまいを述べる記述が一切ない。	sheet-1（表紙）に画像は存在しない（images/ に sheet-1_img* が無いことを確認）。	high	
sheet-1-R004	OUT_OF_SCOPE								改訂履歴表の表ヘッダ行（Ver/改訂内容/改訂者/改訂日）であり、要求ではない。シート本文は表紙・改訂履歴のみで、ふるまいを述べる記述が一切ない。	sheet-1（表紙）に画像は存在しない（images/ に sheet-1_img* が無いことを確認）。	high	
sheet-1-R005	OUT_OF_SCOPE								改訂履歴の1行（0.1 新規作成 加島 2025-09-29）。文書の版管理情報であり、実装対象の仕様ではない。シート本文は表紙・改訂履歴のみで、ふるまいを述べる記述が一切ない。	sheet-1（表紙）に画像は存在しない（images/ に sheet-1_img* が無いことを確認）。	high	
sheet-1-R006	OUT_OF_SCOPE								改訂履歴の1行（0.2 レビュー指摘箇所の修正 加島 2025-09-30）。文書の版管理情報であり、実装対象の仕様ではない。シート本文は表紙・改訂履歴のみで、ふるまいを述べる記述が一切ない。	sheet-1（表紙）に画像は存在しない（images/ に sheet-1_img* が無いことを確認）。	high	
sheet-1-R007	OUT_OF_SCOPE								改訂履歴の1行（0.3 レビュー指摘箇所の修正 盛田 2025-10-30）。文書の版管理情報であり、実装対象の仕様ではない。シート本文は表紙・改訂履歴のみで、ふるまいを述べる記述が一切ない。	sheet-1（表紙）に画像は存在しない（images/ に sheet-1_img* が無いことを確認）。	high	
sheet-2-R001	OUT_OF_SCOPE								目次シートの章立て（見出し語）であり、画面や処理のふるまいを述べていない。実装対象の要求ではない。	本シートは画像0枚（目次のため図なし）。	high	
sheet-2-R002	OUT_OF_SCOPE								目次シートの章立て（見出し語）であり、画面や処理のふるまいを述べていない。実装対象の要求ではない。	本シートは画像0枚（目次のため図なし）。	high	
sheet-2-R003	OUT_OF_SCOPE								目次シートの章立て（見出し語）であり、画面や処理のふるまいを述べていない。実装対象の要求ではない。	本シートは画像0枚（目次のため図なし）。	high	
sheet-2-R004	OUT_OF_SCOPE								目次シートの章立て（見出し語）であり、画面や処理のふるまいを述べていない。実装対象の要求ではない。	本シートは画像0枚（目次のため図なし）。	high	
sheet-2-R005	OUT_OF_SCOPE								目次シートの章立て（見出し語）であり、画面や処理のふるまいを述べていない。実装対象の要求ではない。	本シートは画像0枚（目次のため図なし）。	high	
sheet-2-R006	OUT_OF_SCOPE								目次シートの章立て（見出し語）であり、画面や処理のふるまいを述べていない。実装対象の要求ではない。	本シートは画像0枚（目次のため図なし）。	high	
sheet-2-R007	OUT_OF_SCOPE								目次シートの章立て（見出し語）であり、画面や処理のふるまいを述べていない。実装対象の要求ではない。	本シートは画像0枚（目次のため図なし）。	high	
sheet-2-R008	OUT_OF_SCOPE								目次シートの章立て（見出し語）であり、画面や処理のふるまいを述べていない。実装対象の要求ではない。	本シートは画像0枚（目次のため図なし）。	high	
sheet-2-R009	OUT_OF_SCOPE								目次シートの章立て（見出し語）であり、画面や処理のふるまいを述べていない。実装対象の要求ではない。	本シートは画像0枚（目次のため図なし）。	high	
sheet-2-R010	OUT_OF_SCOPE								目次シートの章立て（見出し語）であり、画面や処理のふるまいを述べていない。実装対象の要求ではない。	本シートは画像0枚（目次のため図なし）。	high	
sheet-3-R001	OUT_OF_SCOPE								他シート「通知」への参照指示のみで、実装すべきふるまいを述べていない。		high	
sheet-3-R002	OUT_OF_SCOPE								「サジェストの処理概要」は処理概要欄の見出し行。		high	
sheet-3-R003	OUT_OF_SCOPE								カスタマイズ要件の小見出し（述語なし）。実体は同ブロックのR004/R005。		high	
sheet-3-R004	MATCHED						src/Eccube/Resource/template/default/Block/search_product.twig:90-108	検索フォーム内の左端に data-search-category-toggle のカードセット選択ボタンとドロップダウンを配置し、その右にキーワード入力欄がある。	商品検索テキストボックス（src/Eccube/Resource/template/default/Block/search_product.twig:110）の左にカードセット選択メニューが出力されている（src/Eccube/Resource/template/default/Block/search_product.twig:90-108）。	sheet-3_img12: 「カードセット ∨」が検索ボックスの左に置かれている。	high	
sheet-3-R005	MATCHED						src/Eccube/Resource/template/default/Block/search_product.twig:91-107	カードセットボタン押下でドロップダウンを開き、選択した1件だけを hidden の cardset 値および表示ラベルに反映する（複数選択の要素は無い）。	押下でドロップダウンが開き単一のカードセットのみ選択される（src/Eccube/Resource/template/default/Block/search_product.twig:91-107、選択処理は html/template/default/assets/hareruya/js/hareruya-main.js の data-search-category-item ハンドラ）。	sheet-3_img12: カードセットは単一のプルダウン表記。	high	
sheet-3-R006	OUT_OF_SCOPE								カスタマイズ要件の小見出し（述語なし）。実体は同ブロックのR007〜R009。		high	
sheet-3-R007	MATCHED						src/Eccube/Resource/template/default/Block/header_user.twig:39-59	ヘッダ右側にお気に入りアイコンを表示する。会員ログイン済みは件数バッジ付きのお気に入り一覧リンク、未ログインはログイン誘導モーダル付きリンクとして表示する。	ログイン済み会員に対しお気に入りアイコンが表示される（src/Eccube/Resource/template/default/Block/header_user.twig:41-50）。	sheet-3_img12（ログイン時）・sheet-3_img2/img4（未ログイン時）ともお気に入りアイコンが表示されており、未ログインでも非表示にしない図になっている。	high	
sheet-3-R008	MATCHED						src/Eccube/Resource/template/default/Block/header_user.twig:45-47	favoriteCount が1件以上のときだけアイコンにバッジで件数を表示する。	お気に入り登録件数がある場合のみ商品数バッジを出す（src/Eccube/Resource/template/default/Block/header_user.twig:45-47、件数は src/Eccube/Service/Block/HeaderUserBlockPayloadBuilder.php:45）。	sheet-3_img12: お気に入りアイコン右上に「12」のバッジ。	high	
sheet-3-R009	MATCHED						src/Eccube/Resource/template/default/Block/header_user.twig:42	お気に入りアイコンのリンク先はお気に入り商品一覧（mypage_favorite）。	押下でお気に入り商品一覧へ遷移する（src/Eccube/Resource/template/default/Block/header_user.twig:42）。		high	
sheet-3-R010	OUT_OF_SCOPE								カスタマイズ要件の小見出し（述語なし）。実体は同ブロックのR011。		high	
sheet-3-R011	MATCHED						src/Eccube/Resource/template/default/Block/cart.twig:30-133	カートアイコンのマウスオーバーでドロップダウンが開き、カート内商品（画像・商品名・状態・価格・数量・小計）を一覧表示する。商品が無いときは空メッセージのみ。	カートイン済み商品があるときマウスオーバーで商品概要が表示される（src/Eccube/Resource/template/default/Block/cart.twig:30-133、hover 開閉は html/template/default/assets/hareruya/js/hareruya-main.js の data-cart-toggle ハンドラ）。	sheet-3_img18: カートホバー時の商品概要ポップアップ。	high	
sheet-3-R012	OUT_OF_SCOPE								「基本設計で確定とする」との未確定事項の注記であり、実装要求ではない。		high	
sheet-3-R013	OUT_OF_SCOPE								カスタマイズ要件の小見出し（述語なし）。実体は同ブロックのR014〜R016。		high	
sheet-3-R014	MATCHED						src/Eccube/Resource/template/default/Block/category_nav_pc.twig:60-113	ヘッダ下部のカテゴリバーに「カテゴリ」メニューと第一階層（最新セット／各フォーマット／その他）を横並びで表示する。	カテゴリメニューとカテゴリ第一階層が表示される（src/Eccube/Resource/template/default/Block/category_nav_pc.twig:60-113、バーの差し込みは src/Eccube/Resource/template/default/Block/header.twig:165-170）。	sheet-3_img1/img4: 「カテゴリ|最新セット|スタンダード|パイオニア|モダン|レガシー|統率者|その他」の並びと一致。	med	
sheet-3-R015	OUT_OF_SCOPE								「基本設計にて確定とする」との未確定事項の注記であり、実装要求ではない。		high	
sheet-3-R016	MATCHED						src/Eccube/Resource/template/default/Block/category_nav_pc.twig:66-71	カテゴリ見出しのマウスオーバーでドロップダウンを開き、第一階層以下のカテゴリをツリー（多段カラム）で表示する。	カテゴリメニューのマウスオーバーでカテゴリツリーが開く（src/Eccube/Resource/template/default/Block/category_nav_pc.twig:62-71、子階層の描画は html/template/default/assets/hareruya/js/hareruya-main.js の categoryNodeId 処理）。	sheet-3_img20: カテゴリホバー時の多段カテゴリツリー。	high	
sheet-3-R017	OUT_OF_SCOPE								カスタマイズ要件の小見出し（述語なし）。実体は同ブロックのR018/R019。		high	
sheet-3-R018	OUT_OF_SCOPE								マイページアイコンの通知表示は正本が「※通知はフェーズ2以降で設計予定とする」と宣言しており、フェーズ1の実装対象外。		high	
sheet-3-R019	OUT_OF_SCOPE								他シート「F02-05 通知」への参照指示のみ。		high	
sheet-3-R020	OUT_OF_SCOPE								「カスタマイズ要件に記載の内容以外は現行踏襲とする」は適用方針の記述であり、個別の実装要求ではない。		high	
sheet-3-R021	MATCHED						src/Eccube/Resource/template/default/Block/header.twig:25-30,45-57	買取(purchase_)・デッキ(deck_)・イベント(event_)の各画面では、ナビゲーションの表示種別を切り替え、ロゴ横に各エリア名を添えた専用のナビゲーションを表示する。	要求は「これらの画面で本レイアウト図と異なるナビゲーションを表示する」ことであり、src/Eccube/Resource/template/default/Block/header.twig:25-30 で画面種別ごとに表示を切り替え、同:45-57 で買取/デッキ/イベント専用の見出しを出しており実装されている。同ブロックの次行「※ナビゲーション内の部品は通常のナビゲーションと同様のため、デザイン反映で対応とする」により部品差はデザイン反映側の扱い。なお買取画面で日英切替を出さない挙動は、同シート「言語切替が無効な画面のときは、言語切替を表示しない。」および「英語表示のときは、グローバルナビにもメニューにも買取の導線を表示しない。」と整合し、乖離とは言えない。	sheet-3_img5/img6（買取ナビ）、img7/img8（イベントナビ）は通常ナビと異なる構成で描かれており、実装の画面別ナビと一致する。	high	
sheet-3-R022	OUT_OF_SCOPE								「ナビゲーション内の部品は通常のナビゲーションと同様のため、デザイン反映で対応とする」は但し書き。部品構成の差異はR021の指摘根拠として扱った。		high	
sheet-3-R023	OUT_OF_SCOPE								識別ID「(1)メニュー」の見出し行で、仕様はメニュー欄に記載されるという参照指示のみ。		high	
sheet-3-R024	OUT_OF_SCOPE								「・メニュー欄に記載」という記載箇所の指示のみで、ふるまいを述べていない。		high	
sheet-3-R025	OUT_OF_SCOPE								識別ID「(18)カート」の見出し行で、仕様はカート欄に記載されるという参照指示のみ。		high	
sheet-3-R026	OUT_OF_SCOPE								「・カート欄に記載」という記載箇所の指示のみで、ふるまいを述べていない。		high	
sheet-3-R027	OUT_OF_SCOPE								識別ID「(19)カテゴリ」の見出し行で、仕様はカテゴリ欄に記載されるという参照指示のみ。		high	
sheet-3-R028	OUT_OF_SCOPE								「・カテゴリ欄に記載」という記載箇所の指示のみで、ふるまいを述べていない。		high	
sheet-3-R029	OUT_OF_SCOPE								識別ID「(24)サイトマップ」の見出し行で、仕様はサイトマップ欄に記載されるという参照指示のみ。		high	
sheet-3-R030	OUT_OF_SCOPE								「・サイトマップ欄に記載」という記載箇所の指示のみで、ふるまいを述べていない。		high	
sheet-3-R031	OUT_OF_SCOPE								識別ID「(25)会社情報」の見出し行で、仕様は会社情報欄に記載されるという参照指示のみ。		high	
sheet-3-R032	OUT_OF_SCOPE								「・会社情報欄に記載」という記載箇所の指示のみで、ふるまいを述べていない。		high	
sheet-3-R033	OUT_OF_SCOPE								識別ID「(26)お得な情報」の見出し行で、仕様はお得な情報欄に記載されるという参照指示のみ。		high	
sheet-3-R034	OUT_OF_SCOPE								「・お得な情報欄に記載」という記載箇所の指示のみで、ふるまいを述べていない。		high	
sheet-3-R035	MATCHED						src/Eccube/Resource/template/default/Block/header.twig:32	ヘッダ全体（メニュー〜カテゴリバー）を画面上部に固定表示し、スクロール時も is-fixed で上部へ貼り付けたまま表示する。	画面上部エリアはスクロールしても上部に固定される（src/Eccube/Resource/template/default/Block/header.twig:32 の l-hareruya-header に対し html/template/default/assets/hareruya/css/common.css で position:fixed / is-fixed を適用、追従処理は html/template/default/assets/hareruya/js/hareruya-main.js）。	sheet-3_img16/img19: 上部固定エリアは(1)〜(19)の並びで描かれている。	high	
sheet-3-R036	MATCHED						src/Eccube/Resource/template/default/Block/footer.twig:30-89	静的コンテンツ・バナー・サイトマップ・会社情報・お得な情報・フッタロゴを含む footer をページ本文の最後に出力する。	(20)〜(27)の下部エリアがフッタとして画面最下部に表示される（src/Eccube/Resource/template/default/Block/footer.twig:30-89）。	sheet-3_img3: フッタ全体図（静的コンテンツ4種→バナー→サイトマップ/会社情報/お得な情報→HARERUYAロゴ）。	high	
sheet-3-R037	OUT_OF_SCOPE								「(10)日英切替について」は小見出し。実体は同ブロックのR038/R039。		high	
sheet-3-R038	MATCHED						src/Eccube/Resource/template/default/Block/header.twig:103-110	日英切替リンクは表示中の画面のURLのロケールを反対の言語へ置き換えた先を指し、押下で英語版/日本語版サイトへ遷移する。	押下で表示中サイトの反対言語版へ遷移する（src/Eccube/Resource/template/default/Block/header.twig:104-106）。	sheet-3_img12: 地球儀アイコン＋「EN」の日英切替。	high	
sheet-3-R039	MATCHED						src/Eccube/Resource/template/default/Block/header.twig:104-108	日本語表示中は「EN」、英語表示中は「JP」と切替先の言語を表示する（ラベル定義は src/Eccube/Resource/locale/messages.ja.yaml:6420-6421）。	切替先言語のラベルを表示する（src/Eccube/Resource/template/default/Block/header.twig:104-108）。正本の本文は「英語版サイトでは「EN」、日本語版サイトでは「JP」」とも読めるが、正本のレイアウト図（いずれも日本語表示のページ）はすべて「EN」を表示しており、図に従えばラベルは切替先の言語で実装と一致する。	sheet-3_img12/img1/img4（日本語ページ）で「EN」。sheet-3_img11/img7（日本語ページ）でも「EN」。	med	
sheet-3-R040	OUT_OF_SCOPE								「(12)商品検索テキストボックスについて」は小見出し。実体は同ブロックのR041/R042および項目定義R080〜R082。		high	
sheet-3-R041	MATCHED						src/Eccube/Resource/template/default/Block/js/header_search_unisuggest_js.twig:1-60	キーワード入力欄のフォーカス／入力でサジェストを呼び出し、履歴サジェスト（全削除・個別削除つき）、キーワード／商品名／カテゴリのサジェストを最大13行・カードセット最大3件で描画する。	ユニサーチのサジェスト機能が取り込まれている（src/Eccube/Resource/template/default/Block/js/header_search_unisuggest_js.twig:19-56、描画先は src/Eccube/Resource/template/default/Block/search_product.twig:114-115）。	sheet-3_img9: 検索履歴サジェストと「すべて削除」「×」。	high	
sheet-3-R042	MATCHED						src/Eccube/Resource/template/default/Block/search_purchase.twig:55-58	買取側・支店側の検索フォームでもキーワードサジェストを表示する。	買取側の検索フォームがサジェストを読み込み（src/Eccube/Resource/template/default/Block/search_purchase.twig:55-58）、支店ヘッダも同じ検索ブロックを取り込むためサジェストが働く（src/Eccube/Resource/template/default/Block/branch_header.twig:51）。	sheet-3_img12: 買取・支店でも同じ検索ボックスの部品構成。	med	
sheet-3-R043	OUT_OF_SCOPE								「※サジェストについてはこちら」は参照指示のみ。		high	
sheet-3-R044	MATCHED						src/Eccube/Resource/template/default/Block/search_product.twig:88-113	検索押下でカードセットとキーワードを検索条件に持つ商品一覧画面へ遷移する。	カードセット（hidden cardset）とキーワード（product）を付けて商品一覧へ遷移する（src/Eccube/Resource/template/default/Block/search_product.twig:88,107,110,111）。	sheet-3_img12: 虫めがねの検索ボタン。	high	
sheet-3-R045	MATCHED						src/Eccube/Resource/template/default/Block/search_product.twig:118-126	詳細検索ボタン押下で詳細検索モーダルを開く。	押下で詳細検索モーダルが開く（src/Eccube/Resource/template/default/Block/search_product.twig:119、モーダル本体は src/Eccube/Resource/template/default/Block/header.twig:181）。	sheet-3_img12: 「詳細検索」ボタン。	high	
sheet-3-R046	OUT_OF_SCOPE								別紙0303シート「詳細検索」への参照指示のみ。		high	
sheet-3-R047	OUT_OF_SCOPE								「(15)ポイントについて」は小見出し。実体は同ブロックのR048〜R050。		high	
sheet-3-R048	MATCHED						src/Eccube/Resource/template/default/Block/header_user.twig:18	ポイント表示の押下でマイページへ遷移する。	ポイント表示がマイページへのリンクになっている（src/Eccube/Resource/template/default/Block/header_user.twig:18、上部バー側は src/Eccube/Resource/template/default/Block/header.twig:126）。	sheet-3_img12: 「10,000 ポイント」表示。	high	
sheet-3-R049	MATCHED						src/Eccube/Resource/template/default/Block/header_user.twig:20	会員が保有するポイント数を表示する。	会員の保有ポイントを表示する（src/Eccube/Resource/template/default/Block/header_user.twig:20、値は src/Eccube/Service/Block/HeaderUserBlockPayloadBuilder.php:40）。	sheet-3_img12: 「10,000」。	high	
sheet-3-R050	MATCHED						src/Eccube/Resource/template/default/Block/header_user.twig:16-25	会員未ログイン時はポイント表示自体を出さない。	Customer が無い場合はポイント表示ブロックを出力しない（src/Eccube/Resource/template/default/Block/header_user.twig:16-25、上部バー側も src/Eccube/Resource/template/default/Block/header.twig:125-129 で ROLE_USER 判定）。	sheet-3_img2/img4（未ログイン図）にはポイントが無く、ログイン・お気に入り・カートのみ。	high	
sheet-3-R051	OUT_OF_SCOPE								「(16)ログイン/マイページについて」は小見出し。実体は同ブロックのR052〜R057。		high	
sheet-3-R052	OUT_OF_SCOPE								「以下1~2の仕様とする」の前置き行。内容はR053/R054。		high	
sheet-3-R053	MATCHED						src/Eccube/Resource/template/default/Block/header_user.twig:33-36	未ログイン時のラベルは「ログイン」。	未ログイン時に「ログイン」と表示する（src/Eccube/Resource/template/default/Block/header_user.twig:35、文言は src/Eccube/Resource/locale/messages.ja.yaml:344）。	sheet-3_img13/img2: 人型アイコンと「ログイン」。	high	
sheet-3-R054	MATCHED						src/Eccube/Resource/template/default/Block/header_user.twig:33	未ログイン時に押下するとログイン画面へ遷移する。	押下でログイン画面へ遷移する（src/Eccube/Resource/template/default/Block/header_user.twig:33）。		high	
sheet-3-R055	OUT_OF_SCOPE								「以下1~2の仕様とする」の前置き行。内容はR056/R057。		high	
sheet-3-R056	MATCHED						src/Eccube/Resource/template/default/Block/header_user.twig:28-31	ログイン済み時のラベルは「マイページ」。	ログイン済みは「マイページ」と表示する（src/Eccube/Resource/template/default/Block/header_user.twig:30、文言は src/Eccube/Resource/locale/messages.ja.yaml:342）。	sheet-3_img12: 「マイページ」。	high	
sheet-3-R057	MATCHED						src/Eccube/Resource/template/default/Block/header_user.twig:28	ログイン済み時に押下するとマイページ画面へ遷移する。	押下でマイページへ遷移する（src/Eccube/Resource/template/default/Block/header_user.twig:28）。		high	
sheet-3-R058	OUT_OF_SCOPE								通知インジケーターは正本が「※通知はフェーズ2以降で設計予定とする」と宣言しており、フェーズ1の実装対象外。		high	
sheet-3-R059	OUT_OF_SCOPE								フェーズ2宣言そのもので、実装要求ではない。		high	
sheet-3-R060	OUT_OF_SCOPE								他シート「通知」への参照指示のみ。		high	
sheet-3-R061	OUT_OF_SCOPE								「(17)お気に入りについて」は小見出し。実体は同ブロックのR062〜R065。		high	
sheet-3-R062	MATCHED						src/Eccube/Resource/template/default/Block/header_user.twig:42	お気に入りの押下でお気に入り商品一覧画面へ遷移する。	お気に入り商品一覧へ遷移する（src/Eccube/Resource/template/default/Block/header_user.twig:42、未ログイン時のリンク先も src/Eccube/Resource/template/default/Block/header_user.twig:52）。		high	
sheet-3-R063	MATCHED						src/Eccube/Resource/template/default/Block/header_user.twig:52	未ログイン会員がお気に入りを押すと、ログイン／会員登録を促すモーダルを開く。	未ログイン時はお気に入り遷移の代わりにログイン誘導モーダルを開く（src/Eccube/Resource/template/default/Block/header_user.twig:52、モーダル本体は src/Eccube/Resource/template/default/Block/header.twig:185-193）。		high	
sheet-3-R064	OUT_OF_SCOPE								別紙0303シート「お気に入り」への参照指示のみ。		high	
sheet-3-R065	MATCHED						src/Eccube/Resource/template/default/Block/header_user.twig:45-47	お気に入り登録済み商品があるときだけ件数を表示する。	件数が1以上のときバッジで商品数を表示する（src/Eccube/Resource/template/default/Block/header_user.twig:45-47）。	sheet-3_img12: お気に入りアイコンに「12」。	high	
sheet-3-R066	OUT_OF_SCOPE								項目定義表のヘッダ行（「または最大値」「初期値」「画面部品の説明」）。		high	
sheet-3-R067	MATCHED						src/Eccube/Resource/template/default/Block/header.twig:35	識別ID1「メニュー」をヘッダ左端に配置し、詳細はメニュー一覧の仕様に従う。	メニュー部品がヘッダ先頭に取り込まれている（src/Eccube/Resource/template/default/Block/header.twig:35、実体は src/Eccube/Resource/template/default/Block/mega_menu.twig:11-81）。	sheet-3_img12: 左端のメニューアイコン。	high	
sheet-3-R068	MATCHED						src/Eccube/Resource/template/default/Block/header.twig:38-44	ヘッダのHARERUYAロゴ押下でECTOP画面へ遷移する。	ロゴが homepage へのリンク（src/Eccube/Resource/template/default/Block/header.twig:39）。	sheet-3_img12: 「HARERUYA」ロゴ。	high	
sheet-3-R069	MATCHED						src/Eccube/Resource/template/default/Block/header.twig:62-64	「ショップ」押下でECTOP画面へ遷移する。	ショップが homepage へのリンク（src/Eccube/Resource/template/default/Block/header.twig:63）。	sheet-3_img12: 「ショップ」タブ。	high	
sheet-3-R070	MATCHED						src/Eccube/Resource/template/default/Block/header.twig:65-67	「買取」押下で買取TOP画面へ遷移する。	買取が purchase_index へのリンク（src/Eccube/Resource/template/default/Block/header.twig:66）。	sheet-3_img12: 「買取」タブ。	high	
sheet-3-R071	MATCHED						src/Eccube/Resource/template/default/Block/header.twig:68-70	「記事」押下で記事一覧画面へ遷移する。	記事が記事サイト（article.hareruyamtg.com）へのリンク（src/Eccube/Resource/template/default/Block/header.twig:69）。	sheet-3_img12: 「記事」タブ。	high	
sheet-3-R072	MATCHED						src/Eccube/Resource/template/default/Block/header.twig:90-92	「デッキ検索」押下でデッキ検索画面へ遷移する。	デッキ検索が deck_index へのリンク（src/Eccube/Resource/template/default/Block/header.twig:91）。	sheet-3_img12: 「デッキ検索」タブ。	high	
sheet-3-R073	MATCHED						src/Eccube/Resource/template/default/Block/header.twig:93-95	「デッキ構築」押下でデッキTOP画面へ遷移する。	デッキ構築が /decks へのリンク（src/Eccube/Resource/template/default/Block/header.twig:94）。	sheet-3_img12: 「デッキ構築」タブ。	med	
sheet-3-R074	MATCHED						src/Eccube/Resource/template/default/Block/header.twig:96-98	「イベント」押下でイベントTOP画面へ遷移する。	イベントが event_top へのリンク（src/Eccube/Resource/template/default/Block/header.twig:97）。	sheet-3_img12: 「イベント」タブ。	high	
sheet-3-R075	MATCHED						src/Eccube/Resource/template/default/Block/header.twig:99-101	「店舗一覧」押下で店舗一覧画面へ遷移する。	店舗一覧が店舗一覧ページへのリンク（src/Eccube/Resource/template/default/Block/header.twig:100）。	sheet-3_img12: 「店舗一覧」タブ。	high	
sheet-3-R076	MATCHED						src/Eccube/Resource/template/default/Block/header.twig:103-109	日英切替押下で表示中サイトの反対言語版へ遷移する。	押下で反対言語のURLへ遷移する（src/Eccube/Resource/template/default/Block/header.twig:104-106）。	sheet-3_img12: 地球儀アイコン＋「EN」。	high	
sheet-3-R077	MATCHED						src/Eccube/Resource/template/default/Block/header.twig:104-108	日英切替のラベルとして切替先の言語（EN/JP）を表示する。	切替先言語のラベルを表示する（src/Eccube/Resource/template/default/Block/header.twig:104-108、文言は src/Eccube/Resource/locale/messages.ja.yaml:6420-6421）。本文は「英語版サイトでは「EN」、日本語版サイトでは「JP」」とも読めるが、日本語ページを描いた図はいずれも「EN」表示であり、図に従うと実装と一致する。	sheet-3_img12/img1/img4/img11（日本語ページ）で「EN」。	med	
sheet-3-R078	MATCHED						src/Eccube/Resource/template/default/Block/search_product.twig:90-108	識別ID11「カードセット」を単一選択の部品として新規に配置する。	単一選択のカードセットメニューが追加されている（src/Eccube/Resource/template/default/Block/search_product.twig:90-108）。	sheet-3_img12: 「カードセット ∨」。	high	
sheet-3-R079	MATCHED						src/Eccube/Resource/template/default/Block/search_product.twig:100-104	選択肢は管理画面のカードセット管理に登録されたカードセット。	カードセットマスタから取得した一覧を選択肢にしている（src/Eccube/Resource/template/default/Block/search_product.twig:100、取得は src/Eccube/Repository/Master/MtbCardsetRepository.php:61-79。発売前および表示対象外のカードセットは除外される）。	sheet-3_img12: カードセットのプルダウン。	med	
sheet-3-R080	MATCHED						src/Eccube/Resource/template/default/Block/search_product.twig:110	商品検索テキストボックスのプレースホルダは「商品名またはキーワードを入力してください」。	同一文言をプレースホルダに出力（src/Eccube/Resource/template/default/Block/search_product.twig:110、文言は src/Eccube/Resource/locale/messages.ja.yaml:6511）。	sheet-3_img12: 「商品名またはキーワードを入力してください」。	high	
sheet-3-R081	MATCHED						src/Eccube/Resource/template/default/Block/js/header_search_unisuggest_js.twig:19-56	商品検索テキストボックスに商品名サジェストが働く。	入力に応じて商品名を含むサジェストを描画する（src/Eccube/Resource/template/default/Block/js/header_search_unisuggest_js.twig:19-56、描画先は src/Eccube/Resource/template/default/Block/search_product.twig:115）。	sheet-3_img9: サジェストのドロップダウン。	high	
sheet-3-R082	OUT_OF_SCOPE								別紙0303シート「商品一覧」への参照指示のみ。		high	
sheet-3-R083	MATCHED						src/Eccube/Resource/template/default/Block/search_product.twig:88-113	検索押下でカードセットとキーワードで絞り込んだ商品一覧画面へ遷移する。	カードセットとキーワードを検索条件として商品一覧へ遷移する（src/Eccube/Resource/template/default/Block/search_product.twig:88,107,110,111）。	sheet-3_img12: 検索ボタン。	high	
sheet-3-R084	MATCHED						src/Eccube/Resource/template/default/Block/search_product.twig:118-126	詳細検索ボタン押下で詳細検索モーダルを表示する。	押下で詳細検索モーダルを開く（src/Eccube/Resource/template/default/Block/search_product.twig:119、モーダル本体は src/Eccube/Resource/template/default/Block/header.twig:181）。	sheet-3_img12: 「詳細検索」。	high	
sheet-3-R085	OUT_OF_SCOPE								別紙0303シート「詳細検索」への参照指示のみ。		high	
sheet-3-R086	MATCHED						src/Eccube/Resource/template/default/Block/search_product.twig:122	詳細検索モーダルに入力された検索条件の件数をボタンに表示する（0件のときは出さない）。	条件数バッジを表示し0件のときは hidden（src/Eccube/Resource/template/default/Block/search_product.twig:122、件数更新は src/Eccube/Resource/template/default/Block/js/header_search_unisuggest_js.twig）。	sheet-3_img16: 詳細検索アイコンに「3」のバッジ。	high	
sheet-3-R087	MATCHED						src/Eccube/Resource/template/default/Block/header_user.twig:18	ポイント押下でマイページへ遷移する。	ポイント表示がマイページへのリンク（src/Eccube/Resource/template/default/Block/header_user.twig:18）。	sheet-3_img12: 「10,000 ポイント」。	high	
sheet-3-R088	MATCHED						src/Eccube/Resource/template/default/Block/header_user.twig:20	会員の保有ポイントを表示する。	保有ポイントを表示する（src/Eccube/Resource/template/default/Block/header_user.twig:20、値は src/Eccube/Service/Block/HeaderUserBlockPayloadBuilder.php:40）。		high	
sheet-3-R089	MATCHED						src/Eccube/Resource/template/default/Block/header_user.twig:16-25	未ログイン時はポイントを表示しない。	Customer が無いときポイント表示を出力しない（src/Eccube/Resource/template/default/Block/header_user.twig:16-25）。	sheet-3_img2/img4（未ログイン）にポイント表示が無い。	high	
sheet-3-R090	OUT_OF_SCOPE								識別ID16の備考のうち通知インジケーターは、同項目の「※通知はフェーズ2以降で設計予定とする」によりフェーズ1の実装対象外。		high	
sheet-3-R091	OUT_OF_SCOPE								「以下1~2の仕様とする」の前置き行。内容はR092/R093。		high	
sheet-3-R092	MATCHED						src/Eccube/Resource/template/default/Block/header_user.twig:35	未ログイン時は「ログイン」と表示する。	「ログイン」を表示（src/Eccube/Resource/template/default/Block/header_user.twig:35、文言は src/Eccube/Resource/locale/messages.ja.yaml:344）。	sheet-3_img13: 「ログイン」。	high	
sheet-3-R093	MATCHED						src/Eccube/Resource/template/default/Block/header_user.twig:33	未ログイン時の押下でログイン画面へ遷移する。	ログイン画面へのリンク（src/Eccube/Resource/template/default/Block/header_user.twig:33）。		high	
sheet-3-R094	OUT_OF_SCOPE								「以下1~2の仕様とする」の前置き行。内容はR095/R096。		high	
sheet-3-R095	MATCHED						src/Eccube/Resource/template/default/Block/header_user.twig:30	ログイン済み時は「マイページ」と表示する。	「マイページ」を表示（src/Eccube/Resource/template/default/Block/header_user.twig:30、文言は src/Eccube/Resource/locale/messages.ja.yaml:342）。	sheet-3_img12: 「マイページ」。	high	
sheet-3-R096	MATCHED						src/Eccube/Resource/template/default/Block/header_user.twig:28	ログイン済み時の押下でマイページ画面へ遷移する。	マイページへのリンク（src/Eccube/Resource/template/default/Block/header_user.twig:28）。		high	
sheet-3-R097	OUT_OF_SCOPE								通知インジケーターはフェーズ2対応と正本が宣言しており、フェーズ1の実装対象外。		high	
sheet-3-R098	OUT_OF_SCOPE								フェーズ2宣言そのもので、実装要求ではない。		high	
sheet-3-R099	OUT_OF_SCOPE								他シート「通知」への参照指示のみ。		high	
sheet-3-R100	MATCHED						src/Eccube/Resource/template/default/Block/header_user.twig:39-59	識別ID17「お気に入り」をヘッダ右側に新規追加する。	お気に入りの部品が追加されている（src/Eccube/Resource/template/default/Block/header_user.twig:39-59）。	sheet-3_img12: ハートアイコン＋「お気に入り」。	high	
sheet-3-R101	MATCHED						src/Eccube/Resource/template/default/Block/header_user.twig:42	押下でお気に入り商品一覧画面へ遷移する。	お気に入り商品一覧へのリンク（src/Eccube/Resource/template/default/Block/header_user.twig:42）。		high	
sheet-3-R102	MATCHED						src/Eccube/Resource/template/default/Block/header_user.twig:52	未ログイン時の押下ではログイン／会員登録を促すモーダルを開く。	未ログイン時はログイン誘導モーダルを開く（src/Eccube/Resource/template/default/Block/header_user.twig:52、モーダル本体は src/Eccube/Resource/template/default/Block/header.twig:185-193）。		high	
sheet-3-R103	OUT_OF_SCOPE								別紙0303シート「お気に入り機能」への参照指示のみ。		high	
sheet-3-R104	MATCHED						src/Eccube/Resource/template/default/Block/header_user.twig:45-47	お気に入り登録済み商品があるとき商品数を表示する。	件数バッジを表示（src/Eccube/Resource/template/default/Block/header_user.twig:45-47）。	sheet-3_img12: 「12」。	high	
sheet-3-R105	MATCHED						src/Eccube/Resource/template/default/Block/header.twig:160	識別ID18「カート」をヘッダに配置し、詳細はカート欄の仕様に従う。	カート部品が取り込まれている（src/Eccube/Resource/template/default/Block/header.twig:160、実体は src/Eccube/Resource/template/default/Block/cart.twig:20-135）。	sheet-3_img12: カートアイコン。	high	
sheet-3-R106	MATCHED						src/Eccube/Resource/template/default/Block/header.twig:167-169	識別ID19「カテゴリ」をヘッダに配置し、詳細はカテゴリ欄の仕様に従う。	カテゴリバーが取り込まれている（src/Eccube/Resource/template/default/Block/header.twig:167-169、実体は src/Eccube/Resource/template/default/Block/category_nav_pc.twig:60-113）。	sheet-3_img1: カテゴリバー。	med	
sheet-3-R107	MATCHED						src/Eccube/Resource/template/default/Block/footer.twig:32-49	フッタ上部に静的コンテンツ（決済・受取・発送・ポイントの案内）をラベルとして表示する。	4件の静的コンテンツを表示（src/Eccube/Resource/template/default/Block/footer.twig:32-49）。	sheet-3_img3: 「クレジットカード・コンビニ・代引き決済対応」「晴れる屋トーナメントセンターで受取可能」「即日発送」「ポイントが1%貯まる」。	high	
sheet-3-R108	MATCHED						src/Eccube/Resource/template/default/Block/footer.twig:53-57	「晴れる屋で働こう!」画像の押下で採用ページを別タブで開く。	採用ページへ target=_blank のリンク（src/Eccube/Resource/template/default/Block/footer.twig:54）。	sheet-3_img3: 「晴れる屋で働こう！」バナー。	high	
sheet-3-R109	MATCHED						src/Eccube/Resource/template/default/Block/footer.twig:54	リンク先は corp.hareruyamtg.com の採用ページ。	https://corp.hareruyamtg.com/recruit を指す（src/Eccube/Resource/template/default/Block/footer.twig:54）。正本のURLに付く計測用パラメータ（_gl/_ga）は同一ページを指す一時的な値のため差異とみなさない。	sheet-3_img3: 採用バナー。	med	
sheet-3-R110	MATCHED						src/Eccube/Resource/template/default/Block/footer.twig:59-63	HARERUYA2バナー押下でHARERUYA2トップを別タブで開く。	target=_blank のリンク（src/Eccube/Resource/template/default/Block/footer.twig:60）。	sheet-3_img3: 「HARERUYA2」バナー。	high	
sheet-3-R111	MATCHED						src/Eccube/Resource/template/default/Block/footer.twig:60	リンク先は https://www.hareruya2.com/ 。	同一URLを指す（src/Eccube/Resource/template/default/Block/footer.twig:60）。		high	
sheet-3-R112	MATCHED						src/Eccube/Resource/template/default/Block/footer.twig:64-68	HARERUYA3バナー押下でHARERUYA3トップを別タブで開く。	target=_blank のリンク（src/Eccube/Resource/template/default/Block/footer.twig:65）。	sheet-3_img3: 「HARERUYA3」バナー。	high	
sheet-3-R113	MATCHED						src/Eccube/Resource/template/default/Block/footer.twig:65	リンク先は https://www.hareruya3.com/ 。	同一URLを指す（src/Eccube/Resource/template/default/Block/footer.twig:65）。		high	
sheet-3-R114	MATCHED						src/Eccube/Resource/template/default/Block/footer.twig:73	識別ID24「サイトマップ」をフッタに配置し、詳細はサイトマップ欄の仕様に従う。	サイトマップブロックを取り込む（src/Eccube/Resource/template/default/Block/footer.twig:73、実体は src/Eccube/Resource/template/default/Block/footer_sitemap.twig:11-55）。	sheet-3_img3/img21: フッタの「サイトマップ」列。	high	
sheet-3-R115	MATCHED						src/Eccube/Resource/template/default/Block/footer.twig:74	識別ID25「会社情報」をフッタに配置し、詳細は会社情報欄の仕様に従う。	会社情報ブロックを取り込む（src/Eccube/Resource/template/default/Block/footer.twig:74、実体は src/Eccube/Resource/template/default/Block/footer_company.twig:11-36）。	sheet-3_img3: フッタの「会社情報」列。	high	
sheet-3-R116	MATCHED						src/Eccube/Resource/template/default/Block/footer.twig:75	識別ID26「お得な情報」をフッタに新規追加する。	お得な情報ブロックが追加されている（src/Eccube/Resource/template/default/Block/footer.twig:75、実体は src/Eccube/Resource/template/default/Block/footer_promo.twig:11-30）。	sheet-3_img3: フッタの「お得な情報」列。	high	
sheet-3-R117	MATCHED						src/Eccube/Resource/template/default/Block/footer_promo.twig:11-30	お得な情報欄の各リンクを表示する。	晴れる屋X／晴れる屋Channel／「イベント開催の手引き」請求フォームを別タブで開くリンクとして表示（src/Eccube/Resource/template/default/Block/footer_promo.twig:21,24,27）。	sheet-3_img3: 「お得な情報」列（図では晴れる屋X／晴れる屋Channel／晴れる屋Discord）。	med	
sheet-3-R118	MATCHED						src/Eccube/Resource/template/default/Block/footer.twig:80-85	フッタ最下部のHARERUYAロゴ押下でECTOP画面へ遷移する。	ロゴが homepage へのリンク（src/Eccube/Resource/template/default/Block/footer.twig:80）。	sheet-3_img3: 最下部のHARERUYAロゴ。	high	
sheet-3-R119	OUT_OF_SCOPE								「メニュー一覧 レイアウト図」は次ブロックの見出し行。		high	
sheet-3-R120	OUT_OF_SCOPE								「現行踏襲のためカスタマイズ要件はなし」は方針の記述で、個別の実装要求ではない。		high	
sheet-3-R121	MATCHED						src/Eccube/Resource/template/default/Block/mega_menu.twig:12-16	メニュー表示アイコンにマウスオーバーするとメニュー一覧が開き、アイコンとメニュー一覧の両方からマウスアウトすると閉じる。	PC幅ではアイコンとドロップダウンの双方に mouseenter/mouseleave を張り、外れると is-active を外して非表示にする（src/Eccube/Resource/template/default/Block/mega_menu.twig:12-16、開閉処理は html/template/default/assets/hareruya/js/hareruya-main.js の data-menu-toggle ハンドラ）。	sheet-3_img17: メニュー展開時の一覧。	high	
sheet-3-R122	OUT_OF_SCOPE								項目定義表のヘッダ行。		high	
sheet-3-R123	MATCHED						src/Eccube/Resource/template/default/Block/mega_menu.twig:12-16	識別ID1-1のメニュー表示アイコンにマウスオーバーすると1-2〜1-11を表示する。	マウスオーバーでメニュー一覧を開く（src/Eccube/Resource/template/default/Block/mega_menu.twig:12-16、html/template/default/assets/hareruya/js/hareruya-main.js の data-menu-toggle ハンドラ）。	sheet-3_img17: 左上のメニューアイコンから展開。	high	
sheet-3-R124	MATCHED						src/Eccube/Resource/template/default/Block/mega_menu.twig:18-23	メニューの「ショップ」押下でECTOP画面へ遷移する。	homepage へのリンク（src/Eccube/Resource/template/default/Block/mega_menu.twig:19）。	sheet-3_img17: 「ショップ」。	high	
sheet-3-R125	MATCHED						src/Eccube/Resource/template/default/Block/mega_menu.twig:24-29	メニューの「買取」押下で買取TOP画面へ遷移する。	purchase_index へのリンク（src/Eccube/Resource/template/default/Block/mega_menu.twig:25）。	sheet-3_img17: 「買取」。	high	
sheet-3-R126	MATCHED						src/Eccube/Resource/template/default/Block/mega_menu.twig:30-35	メニューの「記事」押下で記事一覧画面へ遷移する。	記事サイトへのリンク（src/Eccube/Resource/template/default/Block/mega_menu.twig:31）。	sheet-3_img17: 「記事」。	high	
sheet-3-R127	MATCHED						src/Eccube/Resource/template/default/Block/mega_menu.twig:36-41	メニューの「デッキ検索」押下でデッキ検索画面へ遷移する。	deck_index へのリンク（src/Eccube/Resource/template/default/Block/mega_menu.twig:37）。	sheet-3_img17: 「デッキ検索」。	high	
sheet-3-R128	DRIFT	P2	実装違い	ふるまい	・押下すると、デッキTOP画面へ遷移する	メニュー一覧の「デッキ構築」を押下するとデッキTOP画面へ遷移する。	src/Eccube/Resource/template/default/Block/mega_menu.twig:42-48	メニュー一覧のデッキ構築はリンク先が「#」のままで、押下しても同じ画面に留まりデッキTOP画面へ遷移しない（遷移先未設定のTODOコメント付き）。ヘッダの並びの方（src/Eccube/Resource/template/default/Block/header.twig:93-95）はデッキ構築のページを指しており、遷移先自体は存在する。	メニュー一覧の他10項目はすべて遷移先が設定されている中で、デッキ構築だけが「#」。	sheet-3_img17: メニュー一覧に「デッキ構築」が他項目と同列で並んでおり、遷移しない項目としては描かれていない。	high	mega_menu.twig-deck-build-href-placeholder
sheet-3-R129	MATCHED						src/Eccube/Resource/template/default/Block/mega_menu.twig:49-54	メニューの「選手一覧」押下で選手一覧画面へ遷移する。	選手一覧サイト（pros.hareruyamtg.com）へのリンク（src/Eccube/Resource/template/default/Block/mega_menu.twig:50）。	sheet-3_img17: 「選手一覧」。	high	
sheet-3-R130	MATCHED						src/Eccube/Resource/template/default/Block/mega_menu.twig:55-60	メニューの「店舗一覧」押下で店舗一覧画面へ遷移する。	店舗一覧ページへのリンク（src/Eccube/Resource/template/default/Block/mega_menu.twig:56）。	sheet-3_img17: 「店舗一覧」。	high	
sheet-3-R131	MATCHED						src/Eccube/Resource/template/default/Block/mega_menu.twig:61-66	メニューの「イベント」押下でイベントTOP画面へ遷移する。	event_top へのリンク（src/Eccube/Resource/template/default/Block/mega_menu.twig:62）。	sheet-3_img17: 「イベント」。	high	
sheet-3-R132	MATCHED						src/Eccube/Resource/template/default/Block/mega_menu.twig:67-72	メニューの「ヘルプ」押下でヘルプ画面へ遷移する。	ヘルプ画面へのリンク（src/Eccube/Resource/template/default/Block/mega_menu.twig:68）。	sheet-3_img17: 「ヘルプ」。	high	
sheet-3-R133	MATCHED						src/Eccube/Resource/template/default/Block/mega_menu.twig:73-78	メニューの「お問い合わせ」押下でお問い合わせ画面へ遷移する。	お問い合わせ画面へのリンク（src/Eccube/Resource/template/default/Block/mega_menu.twig:74）。	sheet-3_img17: 「お問い合わせ」。	high	
sheet-3-R134	OUT_OF_SCOPE								「カート レイアウト図」は次ブロックの見出し行。		high	
sheet-3-R135	OUT_OF_SCOPE								カスタマイズ要件の小見出し（述語なし）。実体は同ブロックのR136。		high	
sheet-3-R136	MATCHED						src/Eccube/Resource/template/default/Block/cart.twig:30-133	カートに商品があるとき、マウスオーバーでカート内商品の概要を一覧表示する。	カートホバーで商品概要のドロップダウンを表示（src/Eccube/Resource/template/default/Block/cart.twig:30-133、開閉は html/template/default/assets/hareruya/js/hareruya-main.js の data-cart-toggle ハンドラ）。	sheet-3_img18: カートホバー時のポップアップ。	high	
sheet-3-R137	OUT_OF_SCOPE								「基本設計で確定とする」との未確定事項の注記。		high	
sheet-3-R138	OUT_OF_SCOPE								「カスタマイズ要件に記載の内容以外は現行踏襲とする」は方針の記述。		high	
sheet-3-R139	MATCHED						src/Eccube/Resource/template/default/Block/cart.twig:21-30	カートにマウスオーバーすると明細（18-2〜18-14）を表示し、マウスアウトで非表示にする。	カートリンクとドロップダウンの双方に mouseenter/mouseleave を張り、外れると閉じる（src/Eccube/Resource/template/default/Block/cart.twig:21,30、開閉は html/template/default/assets/hareruya/js/hareruya-main.js の data-cart-toggle ハンドラ）。	sheet-3_img18: ホバーで開いた明細。	high	
sheet-3-R140	MATCHED						src/Eccube/Service/Cart/CartHeaderViewService.php:39-47	カート内商品はカートへ追加した順（古いものが先）で一覧表示する。	カート明細を追加順（採番の昇順）に整列してから表示用データを組み立てる（src/Eccube/Service/Cart/CartHeaderViewService.php:39-47）。	sheet-3_img18: 明細は縦一列。	med	
sheet-3-R141	MATCHED						src/Eccube/Resource/template/default/Block/cart.twig:24-26	カート内に商品があるとき、カートアイコンに商品数を表示する。	総数が1以上のときバッジで商品数を表示（src/Eccube/Resource/template/default/Block/cart.twig:24-26）。	sheet-3_img18: カートアイコンに「6」、sheet-3_img16では「99」。	high	
sheet-3-R142	OUT_OF_SCOPE								項目定義表のヘッダ行。		high	
sheet-3-R143	MATCHED						src/Eccube/Resource/template/default/Block/cart.twig:20-29	識別ID18-1「カート」はマウスオーバーで商品概要を表示するリンク。	カートリンクにホバーでドロップダウンを開く仕掛けが付いている（src/Eccube/Resource/template/default/Block/cart.twig:21,30）。	sheet-3_img18: カートのホバー表示。	high	
sheet-3-R144	MATCHED						src/Eccube/Resource/template/default/Block/cart.twig:24-26	カート内に商品がある場合、カート内の商品数を表示する。	総数が1以上のときバッジ表示（src/Eccube/Resource/template/default/Block/cart.twig:24-26）。	sheet-3_img18: 「6」。	high	
sheet-3-R145	MATCHED						src/Eccube/Resource/template/default/Block/cart.twig:30-121	マウスオーバーでカート内の商品を一覧表示する。	ドロップダウン内にカート明細を繰り返し出力（src/Eccube/Resource/template/default/Block/cart.twig:38-121）。	sheet-3_img18: 明細一覧。	high	
sheet-3-R146	MATCHED						src/Eccube/Resource/template/default/Block/cart.twig:21	カート押下でカート画面へ遷移する。	カート画面へのリンク（src/Eccube/Resource/template/default/Block/cart.twig:21）。	sheet-3_img18: カートアイコン。	high	
sheet-3-R147	MATCHED						src/Eccube/Resource/template/default/Block/cart.twig:32-37	識別ID18-2「合計」にカート内の合計商品数を表示する。	「合計 N 点」を表示（src/Eccube/Resource/template/default/Block/cart.twig:33、文言は src/Eccube/Resource/locale/messages.ja.yaml:6435）。	sheet-3_img18: 「合計 6点」。	high	
sheet-3-R148	MATCHED						src/Eccube/Resource/template/default/Block/cart.twig:34-36	識別ID18-3に送料無料条件金額までの残り金額を表示する。	残額を「あと¥Nで送料無料」として表示（src/Eccube/Resource/template/default/Block/cart.twig:34-36、残額計算は src/Eccube/Service/Cart/CartHeaderViewService.php:53-66）。	sheet-3_img18: 「あと¥1,000,000で送料無料」。	high	
sheet-3-R149	MATCHED						src/Eccube/Service/Cart/CartHeaderViewService.php:58-65	合計金額が送料無料条件金額以上のときは残り金額を表示しない。	残額が0以下なら値を返さず、Twig側で表示を出さない（src/Eccube/Service/Cart/CartHeaderViewService.php:60-64、表示条件は src/Eccube/Resource/template/default/Block/cart.twig:34）。	sheet-3_img18: 条件未達時のみ表示。	high	
sheet-3-R150	OUT_OF_SCOPE								別紙0209シート「店舗登録」への参照指示のみ。		high	
sheet-3-R151	MATCHED						src/Eccube/Resource/template/default/Block/cart.twig:84-86	識別ID18-4としてカート内商品の商品画像を表示する。	明細先頭に商品画像を表示（src/Eccube/Resource/template/default/Block/cart.twig:85）。	sheet-3_img18: 各明細左端のカード画像。	high	
sheet-3-R152	MATCHED								カード商品のときだけ言語ラベルを出す条件分岐が src/Eccube/Resource/template/default/Block/cart.twig:89-91 にあり、判定は src/Eccube/Service/Cart/CartHeaderViewService.php:81（カード明細があるときだけ言語コードを設定）で行っている。	レイアウト図(sheet-3_img18.png)でカートドロップダウンの並び（商品画像/言語ラベル/商品名/状態/価格/削除/−数量＋/小計/カートページへ）を確認。実装の並びと一致。	high	
sheet-3-R153	MATCHED								商品規格に登録された言語コードをそのまま表示する。src/Eccube/Service/Cart/CartHeaderViewService.php:81 で言語コードを取得し src/Eccube/Resource/template/default/Block/cart.twig:90 で出力している。	レイアウト図(sheet-3_img18.png)でカートドロップダウンの並び（商品画像/言語ラベル/商品名/状態/価格/削除/−数量＋/小計/カートページへ）を確認。実装の並びと一致。	high	
sheet-3-R154	MATCHED								カード商品かつFoilのとき商品名の前に接頭辞を付ける実装が src/Eccube/Resource/template/default/Block/cart.twig:92 にあり、Foil判定は src/Eccube/Service/Cart/CartHeaderViewService.php:79。	レイアウト図(sheet-3_img18.png)でカートドロップダウンの並び（商品画像/言語ラベル/商品名/状態/価格/削除/−数量＋/小計/カートページへ）を確認。実装の並びと一致。	high	
sheet-3-R155	MATCHED								接頭辞の文言は src/Eccube/Resource/locale/messages.ja.yaml:6433 で「【Foil】」と定義され、src/Eccube/Resource/template/default/Block/cart.twig:92 で商品名の直前に連結される。	レイアウト図(sheet-3_img18.png)でカートドロップダウンの並び（商品画像/言語ラベル/商品名/状態/価格/削除/−数量＋/小計/カートページへ）を確認。実装の並びと一致。	high	
sheet-3-R156	OUT_OF_SCOPE								「(例)」で始まる表示例の行。書式そのものは同ブロックの sheet-3-R155 で判定済み（src/Eccube/Resource/locale/messages.ja.yaml:6433）。	レイアウト図(sheet-3_img18.png)でカートドロップダウンの並び（商品画像/言語ラベル/商品名/状態/価格/削除/−数量＋/小計/カートページへ）を確認。実装の並びと一致。	high	
sheet-3-R157	MATCHED								カード商品のときだけ状態を表示する条件分岐が src/Eccube/Resource/template/default/Block/cart.twig:96-98 にあり、状態コードの取得は src/Eccube/Service/Cart/CartHeaderViewService.php:82。	レイアウト図(sheet-3_img18.png)でカートドロップダウンの並び（商品画像/言語ラベル/商品名/状態/価格/削除/−数量＋/小計/カートページへ）を確認。実装の並びと一致。	high	
sheet-3-R158	MATCHED								価格は src/Eccube/Resource/template/default/Block/cart.twig:99 で明細1行ごとに表示している。画面部品の説明は「-」で追加仕様は無い。	レイアウト図(sheet-3_img18.png)でカートドロップダウンの並び（商品画像/言語ラベル/商品名/状態/価格/削除/−数量＋/小計/カートページへ）を確認。実装の並びと一致。	high	
sheet-3-R159	MATCHED								削除ボタンは src/Eccube/Resource/template/default/Block/cart.twig:103-105 にあり、押下でその商品をカートから外して明細を再描画する処理が src/Eccube/Resource/template/default/Block/js/header_cart_js.twig:147-176。	レイアウト図(sheet-3_img18.png)でカートドロップダウンの並び（商品画像/言語ラベル/商品名/状態/価格/削除/−数量＋/小計/カートページへ）を確認。実装の並びと一致。	high	
sheet-3-R160	MATCHED								マイナスボタンは src/Eccube/Resource/template/default/Block/cart.twig:108-110 にあり、押下で数量を1つ減らす処理が src/Eccube/Resource/template/default/Block/js/header_cart_js.twig:218-253。	レイアウト図(sheet-3_img18.png)でカートドロップダウンの並び（商品画像/言語ラベル/商品名/状態/価格/削除/−数量＋/小計/カートページへ）を確認。実装の並びと一致。	high	
sheet-3-R161	MATCHED								数量が下限(1)のときマイナスボタンを押せなくする指定が src/Eccube/Resource/template/default/Block/cart.twig:108（下限値は src/Eccube/Service/Cart/CartHeaderViewService.php:97）。	レイアウト図(sheet-3_img18.png)でカートドロップダウンの並び（商品画像/言語ラベル/商品名/状態/価格/削除/−数量＋/小計/カートページへ）を確認。実装の並びと一致。	high	
sheet-3-R162	MATCHED								在庫が無い商品では数量欄ごと出力しない条件分岐が src/Eccube/Resource/template/default/Block/cart.twig:106-116、在庫有無の判定は src/Eccube/Service/Cart/CartHeaderViewService.php:86。	レイアウト図(sheet-3_img18.png)でカートドロップダウンの並び（商品画像/言語ラベル/商品名/状態/価格/削除/−数量＋/小計/カートページへ）を確認。実装の並びと一致。	high	
sheet-3-R163	MATCHED								在庫が無い商品では数量を表示しない。数量表示を含むブロック全体が src/Eccube/Resource/template/default/Block/cart.twig:106-116 の条件内にある。	レイアウト図(sheet-3_img18.png)でカートドロップダウンの並び（商品画像/言語ラベル/商品名/状態/価格/削除/−数量＋/小計/カートページへ）を確認。実装の並びと一致。	high	
sheet-3-R164	MATCHED								プラスボタンは src/Eccube/Resource/template/default/Block/cart.twig:112-114 にあり、押下で数量を1つ増やす処理が src/Eccube/Resource/template/default/Block/js/header_cart_js.twig:180-215。	レイアウト図(sheet-3_img18.png)でカートドロップダウンの並び（商品画像/言語ラベル/商品名/状態/価格/削除/−数量＋/小計/カートページへ）を確認。実装の並びと一致。	high	
sheet-3-R165	MATCHED								数量が残り在庫数に達したときプラスボタンを押せなくする指定が src/Eccube/Resource/template/default/Block/cart.twig:112（上限は在庫数、src/Eccube/Service/Cart/CartHeaderViewService.php:85）。	レイアウト図(sheet-3_img18.png)でカートドロップダウンの並び（商品画像/言語ラベル/商品名/状態/価格/削除/−数量＋/小計/カートページへ）を確認。実装の並びと一致。	high	
sheet-3-R166	MATCHED								在庫が無い商品ではプラスボタンを含む数量欄を出力しない（src/Eccube/Resource/template/default/Block/cart.twig:106-116）。	レイアウト図(sheet-3_img18.png)でカートドロップダウンの並び（商品画像/言語ラベル/商品名/状態/価格/削除/−数量＋/小計/カートページへ）を確認。実装の並びと一致。	high	
sheet-3-R167	MATCHED								小計は価格×数量で算出し（src/Eccube/Service/Cart/CartHeaderViewService.php:88）、src/Eccube/Resource/template/default/Block/cart.twig:117 で明細ごとに表示している。	レイアウト図(sheet-3_img18.png)でカートドロップダウンの並び（商品画像/言語ラベル/商品名/状態/価格/削除/−数量＋/小計/カートページへ）を確認。実装の並びと一致。	high	
sheet-3-R168	MATCHED								「カートページへ」のリンクが src/Eccube/Resource/template/default/Block/cart.twig:124-126 にあり、押下でカート画面へ遷移する。文言は src/Eccube/Resource/locale/messages.ja.yaml:6434。	レイアウト図(sheet-3_img18.png)でカートドロップダウンの並び（商品画像/言語ラベル/商品名/状態/価格/削除/−数量＋/小計/カートページへ）を確認。実装の並びと一致。	high	
sheet-3-R169	OUT_OF_SCOPE								レイアウト図の見出し行であり、実装対象の要求ではない。	レイアウト図(sheet-3_img4.png/sheet-3_img20.png)でカテゴリバーが「カテゴリ|最新セット|スタンダード|パイオニア|モダン|レガシー|統率者|その他」の並びであること、ドロップダウンが最大4列のツリーであることを確認。	high	
sheet-3-R170	OUT_OF_SCOPE								カスタマイズ要件の小見出しであり、内容は同ブロックの後続行に記載される。	レイアウト図(sheet-3_img4.png/sheet-3_img20.png)でカテゴリバーが「カテゴリ|最新セット|スタンダード|パイオニア|モダン|レガシー|統率者|その他」の並びであること、ドロップダウンが最大4列のツリーであることを確認。	high	
sheet-3-R171	MATCHED								カテゴリメニュー（「カテゴリ」）と第一階層のグループを横並びに出すカテゴリバーが src/Eccube/Resource/template/default/Block/category_nav_pc.twig:60-114 にあり、ヘッダから src/Eccube/Resource/template/default/Block/header.twig:167-169 で読み込まれる。	レイアウト図(sheet-3_img4.png/sheet-3_img20.png)でカテゴリバーが「カテゴリ|最新セット|スタンダード|パイオニア|モダン|レガシー|統率者|その他」の並びであること、ドロップダウンが最大4列のツリーであることを確認。	high	
sheet-3-R172	OUT_OF_SCOPE								主要カテゴリの確定を基本設計に委ねる注記であり、実装要求を述べていない。	レイアウト図(sheet-3_img4.png/sheet-3_img20.png)でカテゴリバーが「カテゴリ|最新セット|スタンダード|パイオニア|モダン|レガシー|統率者|その他」の並びであること、ドロップダウンが最大4列のツリーであることを確認。	high	
sheet-3-R173	MATCHED								カテゴリメニューのドロップダウンは src/Eccube/Resource/template/default/Block/category_nav_pc.twig:66-71 に置かれ、マウスオーバーで開いて第一階層からツリーを描画する（バンドルJS html/template/default/assets/hareruya/js/hareruya-top.js の category-btn mouseenter ハンドラ）。	レイアウト図(sheet-3_img4.png/sheet-3_img20.png)でカテゴリバーが「カテゴリ|最新セット|スタンダード|パイオニア|モダン|レガシー|統率者|その他」の並びであること、ドロップダウンが最大4列のツリーであることを確認。	high	
sheet-3-R174	OUT_OF_SCOPE								カスタマイズ要件以外は現行踏襲という方針の記述であり、個別の実装要求ではない。	レイアウト図(sheet-3_img4.png/sheet-3_img20.png)でカテゴリバーが「カテゴリ|最新セット|スタンダード|パイオニア|モダン|レガシー|統率者|その他」の並びであること、ドロップダウンが最大4列のツリーであることを確認。	high	
sheet-3-R175	OUT_OF_SCOPE								表示するカテゴリと画面部品を別紙0303「カテゴリ一覧」へ委ねる参照指示であり、本シートでは実装要求を確定していない。	レイアウト図(sheet-3_img4.png/sheet-3_img20.png)でカテゴリバーが「カテゴリ|最新セット|スタンダード|パイオニア|モダン|レガシー|統率者|その他」の並びであること、ドロップダウンが最大4列のツリーであることを確認。	high	
sheet-3-R176	OUT_OF_SCOPE								sheet-3-R175 の参照先（別紙0303のシート名）の続き行であり、実装要求ではない。	レイアウト図(sheet-3_img4.png/sheet-3_img20.png)でカテゴリバーが「カテゴリ|最新セット|スタンダード|パイオニア|モダン|レガシー|統率者|その他」の並びであること、ドロップダウンが最大4列のツリーであることを確認。	high	
sheet-3-R177	MATCHED								カテゴリ／最新セット／各フォーマット／その他のいずれも同一の描画マクロ dropdown() （src/Eccube/Resource/template/default/Block/category_nav_pc.twig:30-56）を通しており、src/Eccube/Resource/template/default/Block/category_nav_pc.twig:70,80,99,111 で同じレイアウトのツリーを出す。	レイアウト図(sheet-3_img4.png/sheet-3_img20.png)でカテゴリバーが「カテゴリ|最新セット|スタンダード|パイオニア|モダン|レガシー|統率者|その他」の並びであること、ドロップダウンが最大4列のツリーであることを確認。	high	
sheet-3-R178	MATCHED								カテゴリバーにスタンダード/パイオニア/モダン/レガシー/統率者の5フォーマットと「その他」を並べる実装が src/Eccube/Resource/template/default/Block/category_nav_pc.twig:85-114。ただし統率者のラベルは sheet-3-R183 のとおり相違がある。	レイアウト図(sheet-3_img4.png/sheet-3_img20.png)でカテゴリバーが「カテゴリ|最新セット|スタンダード|パイオニア|モダン|レガシー|統率者|その他」の並びであること、ドロップダウンが最大4列のツリーであることを確認。	high	
sheet-3-R179	MATCHED								「スタンダード」のメニュー項目は src/Eccube/Resource/template/default/Block/category_nav_pc.twig:86 と src/Eccube/Resource/locale/messages.ja.yaml:6440 で定義されている。	レイアウト図(sheet-3_img4.png/sheet-3_img20.png)でカテゴリバーが「カテゴリ|最新セット|スタンダード|パイオニア|モダン|レガシー|統率者|その他」の並びであること、ドロップダウンが最大4列のツリーであることを確認。	high	
sheet-3-R180	MATCHED								「パイオニア」のメニュー項目は src/Eccube/Resource/template/default/Block/category_nav_pc.twig:87 と src/Eccube/Resource/locale/messages.ja.yaml:6441 で定義されている。	レイアウト図(sheet-3_img4.png/sheet-3_img20.png)でカテゴリバーが「カテゴリ|最新セット|スタンダード|パイオニア|モダン|レガシー|統率者|その他」の並びであること、ドロップダウンが最大4列のツリーであることを確認。	high	
sheet-3-R181	MATCHED								「モダン」のメニュー項目は src/Eccube/Resource/template/default/Block/category_nav_pc.twig:88 と src/Eccube/Resource/locale/messages.ja.yaml:6442 で定義されている。	レイアウト図(sheet-3_img4.png/sheet-3_img20.png)でカテゴリバーが「カテゴリ|最新セット|スタンダード|パイオニア|モダン|レガシー|統率者|その他」の並びであること、ドロップダウンが最大4列のツリーであることを確認。	high	
sheet-3-R182	MATCHED								「レガシー」のメニュー項目は src/Eccube/Resource/template/default/Block/category_nav_pc.twig:89 と src/Eccube/Resource/locale/messages.ja.yaml:6443 で定義されている。	レイアウト図(sheet-3_img4.png/sheet-3_img20.png)でカテゴリバーが「カテゴリ|最新セット|スタンダード|パイオニア|モダン|レガシー|統率者|その他」の並びであること、ドロップダウンが最大4列のツリーであることを確認。	high	
sheet-3-R183	DRIFT	P3	実装違い	IO	★(19-3)フォーマットで表示する項目は以下の1~6とする 1　スタンダード 2　パイオニア 3　モダン 4　レガシー 5　統率者 6　その他	カテゴリバーのフォーマット5番目のメニューに「統率者」と表示する。	src/Eccube/Resource/template/default/Block/category_nav_pc.twig:90; src/Eccube/Resource/locale/messages.ja.yaml:6444	5番目のメニューは「コマンダー」と表示される。	src/Eccube/Resource/template/default/Block/category_nav_pc.twig:90 が参照する文言定義 src/Eccube/Resource/locale/messages.ja.yaml:6444 が「コマンダー」であり、設計およびレイアウト図の「統率者」と表示文言が異なる。ラベルの取得元は文言定義のみで、カテゴリマスタ名は使っていない。	レイアウト図(sheet-3_img4.png / sheet-3_img20.png)のカテゴリバーは「統率者」と表記されており、設計本文と一致する。	high	category_nav_pc.twig-commander-label-mismatch
sheet-3-R184	MATCHED								「その他」のメニュー項目は src/Eccube/Resource/template/default/Block/category_nav_pc.twig:105-114 と src/Eccube/Resource/locale/messages.ja.yaml:6446 で定義されている。	レイアウト図(sheet-3_img4.png/sheet-3_img20.png)でカテゴリバーが「カテゴリ|最新セット|スタンダード|パイオニア|モダン|レガシー|統率者|その他」の並びであること、ドロップダウンが最大4列のツリーであることを確認。	high	
sheet-3-R185	OUT_OF_SCOPE								項目定義表のヘッダ行であり、実装対象の要求ではない。	レイアウト図(sheet-3_img4.png/sheet-3_img20.png)でカテゴリバーが「カテゴリ|最新セット|スタンダード|パイオニア|モダン|レガシー|統率者|その他」の並びであること、ドロップダウンが最大4列のツリーであることを確認。	high	
sheet-3-R186	MATCHED								「カテゴリ」メニューとそのドロップダウンが src/Eccube/Resource/template/default/Block/category_nav_pc.twig:62-72 にあり、マウスオーバーで第一階層からのツリーを表示する。	レイアウト図(sheet-3_img4.png/sheet-3_img20.png)でカテゴリバーが「カテゴリ|最新セット|スタンダード|パイオニア|モダン|レガシー|統率者|その他」の並びであること、ドロップダウンが最大4列のツリーであることを確認。	high	
sheet-3-R187	MATCHED								「カテゴリ」のドロップダウンは第一階層を集めた一覧を1列目に置き（src/Eccube/Resource/template/default/Block/category_nav_pc.twig:66-71、集約は src/Eccube/Service/TopCategoryListBuilder.php:73-133）、2〜4列目で下位階層をツリー表示する（src/Eccube/Resource/template/default/Block/category_nav_pc.twig:40-54）。	レイアウト図(sheet-3_img20.png)は1列目に「最新セット」を1項目として並べているが、実装は最新セット配下のセットを1列目に展開する。1列目に並ぶカテゴリの確定は同ブロックの参照指示により別紙0303「カテゴリ一覧」へ委ねられているため、本シートでは相違として立てない。	med	
sheet-3-R188	OUT_OF_SCOPE								表示するカテゴリと画面部品を別紙0303へ委ねる参照指示であり、実装要求を確定していない。	レイアウト図(sheet-3_img4.png/sheet-3_img20.png)でカテゴリバーが「カテゴリ|最新セット|スタンダード|パイオニア|モダン|レガシー|統率者|その他」の並びであること、ドロップダウンが最大4列のツリーであることを確認。	high	
sheet-3-R189	MATCHED								「最新セット」メニューとドロップダウンが src/Eccube/Resource/template/default/Block/category_nav_pc.twig:74-83 にあり、最新セットのカテゴリをツリー表示する。	レイアウト図(sheet-3_img4.png/sheet-3_img20.png)でカテゴリバーが「カテゴリ|最新セット|スタンダード|パイオニア|モダン|レガシー|統率者|その他」の並びであること、ドロップダウンが最大4列のツリーであることを確認。	high	
sheet-3-R190	MATCHED								最新セット配下のカテゴリを集めて（src/Eccube/Service/TopCategoryListBuilder.php:105-120）src/Eccube/Resource/template/default/Block/category_nav_pc.twig:80 でツリー表示する。	レイアウト図(sheet-3_img4.png/sheet-3_img20.png)でカテゴリバーが「カテゴリ|最新セット|スタンダード|パイオニア|モダン|レガシー|統率者|その他」の並びであること、ドロップダウンが最大4列のツリーであることを確認。	high	
sheet-3-R191	OUT_OF_SCOPE								表示レイアウトを(19-1)と同様とする参照注記であり、単独の実装要求ではない（レイアウト同一性は sheet-3-R177 で判定済み）。	レイアウト図(sheet-3_img4.png/sheet-3_img20.png)でカテゴリバーが「カテゴリ|最新セット|スタンダード|パイオニア|モダン|レガシー|統率者|その他」の並びであること、ドロップダウンが最大4列のツリーであることを確認。	high	
sheet-3-R192	MATCHED								各フォーマットのメニューとドロップダウンが src/Eccube/Resource/template/default/Block/category_nav_pc.twig:92-103 にあり、マウスオーバーでフォーマット配下のカテゴリツリーを表示する。	レイアウト図(sheet-3_img4.png/sheet-3_img20.png)でカテゴリバーが「カテゴリ|最新セット|スタンダード|パイオニア|モダン|レガシー|統率者|その他」の並びであること、ドロップダウンが最大4列のツリーであることを確認。	high	
sheet-3-R193	MATCHED								5フォーマットと「その他」をメニューとして並べる実装が src/Eccube/Resource/template/default/Block/category_nav_pc.twig:85-114。	レイアウト図(sheet-3_img4.png/sheet-3_img20.png)でカテゴリバーが「カテゴリ|最新セット|スタンダード|パイオニア|モダン|レガシー|統率者|その他」の並びであること、ドロップダウンが最大4列のツリーであることを確認。	high	
sheet-3-R194	MATCHED								「スタンダード」は src/Eccube/Resource/template/default/Block/category_nav_pc.twig:86 / src/Eccube/Resource/locale/messages.ja.yaml:6440。	レイアウト図(sheet-3_img4.png/sheet-3_img20.png)でカテゴリバーが「カテゴリ|最新セット|スタンダード|パイオニア|モダン|レガシー|統率者|その他」の並びであること、ドロップダウンが最大4列のツリーであることを確認。	high	
sheet-3-R195	MATCHED								「パイオニア」は src/Eccube/Resource/template/default/Block/category_nav_pc.twig:87 / src/Eccube/Resource/locale/messages.ja.yaml:6441。	レイアウト図(sheet-3_img4.png/sheet-3_img20.png)でカテゴリバーが「カテゴリ|最新セット|スタンダード|パイオニア|モダン|レガシー|統率者|その他」の並びであること、ドロップダウンが最大4列のツリーであることを確認。	high	
sheet-3-R196	MATCHED								「モダン」は src/Eccube/Resource/template/default/Block/category_nav_pc.twig:88 / src/Eccube/Resource/locale/messages.ja.yaml:6442。	レイアウト図(sheet-3_img4.png/sheet-3_img20.png)でカテゴリバーが「カテゴリ|最新セット|スタンダード|パイオニア|モダン|レガシー|統率者|その他」の並びであること、ドロップダウンが最大4列のツリーであることを確認。	high	
sheet-3-R197	MATCHED								「レガシー」は src/Eccube/Resource/template/default/Block/category_nav_pc.twig:89 / src/Eccube/Resource/locale/messages.ja.yaml:6443。	レイアウト図(sheet-3_img4.png/sheet-3_img20.png)でカテゴリバーが「カテゴリ|最新セット|スタンダード|パイオニア|モダン|レガシー|統率者|その他」の並びであること、ドロップダウンが最大4列のツリーであることを確認。	high	
sheet-3-R198	DRIFT	P3	実装違い	IO	・以下1~6のフォーマットをメニュー表示する 1 スタンダード 2 パイオニア 3 モダン 4 レガシー 5 統率者 6 その他	(19-3)フォーマットのメニュー5番目に「統率者」と表示する。	src/Eccube/Resource/template/default/Block/category_nav_pc.twig:90; src/Eccube/Resource/locale/messages.ja.yaml:6444	5番目のメニューは「コマンダー」と表示される。	項目定義表側でも同じ文言が要求されているが、実装のラベル定義 src/Eccube/Resource/locale/messages.ja.yaml:6444 は「コマンダー」。src/Eccube/Resource/template/default/Block/category_nav_pc.twig:90 が唯一の参照元で、他に上書きは無い。sheet-3-R183 と同一の実装欠陥。	レイアウト図(sheet-3_img4.png / sheet-3_img20.png)のカテゴリバーは「統率者」。	high	category_nav_pc.twig-commander-label-mismatch
sheet-3-R199	MATCHED								「その他」は src/Eccube/Resource/template/default/Block/category_nav_pc.twig:105-114 / src/Eccube/Resource/locale/messages.ja.yaml:6446。	レイアウト図(sheet-3_img4.png/sheet-3_img20.png)でカテゴリバーが「カテゴリ|最新セット|スタンダード|パイオニア|モダン|レガシー|統率者|その他」の並びであること、ドロップダウンが最大4列のツリーであることを確認。	high	
sheet-3-R200	MATCHED								各フォーマットのドロップダウンでフォーマット配下のカテゴリをツリー表示する（src/Eccube/Resource/template/default/Block/category_nav_pc.twig:98-100、ツリー構築は src/Eccube/Service/TopCategoryListBuilder.php:121-125）。	レイアウト図(sheet-3_img4.png/sheet-3_img20.png)でカテゴリバーが「カテゴリ|最新セット|スタンダード|パイオニア|モダン|レガシー|統率者|その他」の並びであること、ドロップダウンが最大4列のツリーであることを確認。	high	
sheet-3-R201	OUT_OF_SCOPE								表示レイアウトを(19-1)と同様とする参照注記であり、単独の実装要求ではない（sheet-3-R177 で判定済み）。	レイアウト図(sheet-3_img4.png/sheet-3_img20.png)でカテゴリバーが「カテゴリ|最新セット|スタンダード|パイオニア|モダン|レガシー|統率者|その他」の並びであること、ドロップダウンが最大4列のツリーであることを確認。	high	
sheet-3-R202	MATCHED								最新セットと5フォーマット以外の第一階層カテゴリを「その他」に集める実装が src/Eccube/Service/TopCategoryListBuilder.php:126-131 で、メニューは src/Eccube/Resource/template/default/Block/category_nav_pc.twig:105-114。	レイアウト図(sheet-3_img4.png/sheet-3_img20.png)でカテゴリバーが「カテゴリ|最新セット|スタンダード|パイオニア|モダン|レガシー|統率者|その他」の並びであること、ドロップダウンが最大4列のツリーであることを確認。	high	
sheet-3-R203	MATCHED								「その他」のドロップダウンでその配下カテゴリをツリー表示する（src/Eccube/Resource/template/default/Block/category_nav_pc.twig:110-112）。	レイアウト図(sheet-3_img4.png/sheet-3_img20.png)でカテゴリバーが「カテゴリ|最新セット|スタンダード|パイオニア|モダン|レガシー|統率者|その他」の並びであること、ドロップダウンが最大4列のツリーであることを確認。	high	
sheet-3-R204	UNVERIFIABLE								「その他」に並ぶ項目はカテゴリマスタの登録内容から動的に決まる（src/Eccube/Service/TopCategoryListBuilder.php:126-131 で最新セット・5フォーマット以外の第一階層を集める）ため、「その他カード」が実際に並ぶかどうかはマスタデータ次第で、静的解析では判定できない。	レイアウト図(sheet-3_img4.png/sheet-3_img20.png)でカテゴリバーが「カテゴリ|最新セット|スタンダード|パイオニア|モダン|レガシー|統率者|その他」の並びであること、ドロップダウンが最大4列のツリーであることを確認。	med	
sheet-3-R205	UNVERIFIABLE								「その他」に並ぶ項目はカテゴリマスタの登録内容から動的に決まる（src/Eccube/Service/TopCategoryListBuilder.php:126-131 で最新セット・5フォーマット以外の第一階層を集める）ため、「Secret Lairシリーズ一覧」が実際に並ぶかどうかはマスタデータ次第で、静的解析では判定できない。	レイアウト図(sheet-3_img4.png/sheet-3_img20.png)でカテゴリバーが「カテゴリ|最新セット|スタンダード|パイオニア|モダン|レガシー|統率者|その他」の並びであること、ドロップダウンが最大4列のツリーであることを確認。	med	
sheet-3-R206	UNVERIFIABLE								「その他」に並ぶ項目はカテゴリマスタの登録内容から動的に決まる（src/Eccube/Service/TopCategoryListBuilder.php:126-131 で最新セット・5フォーマット以外の第一階層を集める）ため、「その他商品」が実際に並ぶかどうかはマスタデータ次第で、静的解析では判定できない。	レイアウト図(sheet-3_img4.png/sheet-3_img20.png)でカテゴリバーが「カテゴリ|最新セット|スタンダード|パイオニア|モダン|レガシー|統率者|その他」の並びであること、ドロップダウンが最大4列のツリーであることを確認。	med	
sheet-3-R207	UNVERIFIABLE								「その他」に並ぶ項目はカテゴリマスタの登録内容から動的に決まる（src/Eccube/Service/TopCategoryListBuilder.php:126-131 で最新セット・5フォーマット以外の第一階層を集める）ため、「セット詰め合わせ」が実際に並ぶかどうかはマスタデータ次第で、静的解析では判定できない。	レイアウト図(sheet-3_img4.png/sheet-3_img20.png)でカテゴリバーが「カテゴリ|最新セット|スタンダード|パイオニア|モダン|レガシー|統率者|その他」の並びであること、ドロップダウンが最大4列のツリーであることを確認。	med	
sheet-3-R208	UNVERIFIABLE								「その他」に並ぶ項目はカテゴリマスタの登録内容から動的に決まる（src/Eccube/Service/TopCategoryListBuilder.php:126-131 で最新セット・5フォーマット以外の第一階層を集める）ため、「サプライ・グッズ」が実際に並ぶかどうかはマスタデータ次第で、静的解析では判定できない。	レイアウト図(sheet-3_img4.png/sheet-3_img20.png)でカテゴリバーが「カテゴリ|最新セット|スタンダード|パイオニア|モダン|レガシー|統率者|その他」の並びであること、ドロップダウンが最大4列のツリーであることを確認。	med	
sheet-3-R209	UNVERIFIABLE								「その他」に並ぶ項目はカテゴリマスタの登録内容から動的に決まる（src/Eccube/Service/TopCategoryListBuilder.php:126-131 で最新セット・5フォーマット以外の第一階層を集める）ため、「BOX/パック/未開封製品」が実際に並ぶかどうかはマスタデータ次第で、静的解析では判定できない。	レイアウト図(sheet-3_img4.png/sheet-3_img20.png)でカテゴリバーが「カテゴリ|最新セット|スタンダード|パイオニア|モダン|レガシー|統率者|その他」の並びであること、ドロップダウンが最大4列のツリーであることを確認。	med	
sheet-3-R210	OUT_OF_SCOPE								表示レイアウトを(19-1)と同様とする参照注記であり、単独の実装要求ではない（sheet-3-R177 で判定済み）。	レイアウト図(sheet-3_img4.png/sheet-3_img20.png)でカテゴリバーが「カテゴリ|最新セット|スタンダード|パイオニア|モダン|レガシー|統率者|その他」の並びであること、ドロップダウンが最大4列のツリーであることを確認。	high	
sheet-3-R211	OUT_OF_SCOPE								レイアウト図の見出し行であり、実装対象の要求ではない。	レイアウト図(sheet-3_img3.png/sheet-3_img21.png)でサイトマップの11項目と並びを確認。実装のラベル・並びと一致。	high	
sheet-3-R212	OUT_OF_SCOPE								現行踏襲でカスタマイズ要件が無いことの記述であり、個別の実装要求ではない。	レイアウト図(sheet-3_img3.png/sheet-3_img21.png)でサイトマップの11項目と並びを確認。実装のラベル・並びと一致。	high	
sheet-3-R213	MATCHED								サイトマップのブロックは管理画面のブロック管理で編集できるよう登録・編集可能化されている（app/DoctrineMigrations/Version20260812171146.php:15-56、登録は app/DoctrineMigrations/Version20260508120000.php:32-36）。表示側は src/Eccube/Resource/template/default/Block/footer_sitemap.twig:11-55。	レイアウト図(sheet-3_img3.png/sheet-3_img21.png)でサイトマップの11項目と並びを確認。実装のラベル・並びと一致。	high	
sheet-3-R214	OUT_OF_SCOPE								項目定義表のヘッダ行であり、実装対象の要求ではない。	レイアウト図(sheet-3_img3.png/sheet-3_img21.png)でサイトマップの11項目と並びを確認。実装のラベル・並びと一致。	high	
sheet-3-R215	MATCHED								「オンラインショップ」のリンクが src/Eccube/Resource/template/default/Block/footer_sitemap.twig:20-22 にあり、押下でECTOP画面へ遷移する。文言は src/Eccube/Resource/locale/messages.ja.yaml:6464。	レイアウト図(sheet-3_img3.png/sheet-3_img21.png)でサイトマップの11項目と並びを確認。実装のラベル・並びと一致。	high	
sheet-3-R216	MATCHED								「買取」のリンクが src/Eccube/Resource/template/default/Block/footer_sitemap.twig:23-25 にあり、押下で買取TOP画面へ遷移する。文言は src/Eccube/Resource/locale/messages.ja.yaml:6465。	レイアウト図(sheet-3_img3.png/sheet-3_img21.png)でサイトマップの11項目と並びを確認。実装のラベル・並びと一致。	high	
sheet-3-R217	MATCHED								「記事」のリンクが src/Eccube/Resource/template/default/Block/footer_sitemap.twig:26-28 にあり、押下で記事サイトへ遷移する。文言は src/Eccube/Resource/locale/messages.ja.yaml:6466。	レイアウト図(sheet-3_img3.png/sheet-3_img21.png)でサイトマップの11項目と並びを確認。実装のラベル・並びと一致。	high	
sheet-3-R218	MATCHED								「選手一覧」のリンクが src/Eccube/Resource/template/default/Block/footer_sitemap.twig:29-31 にあり、押下で選手一覧サイトへ遷移する。文言は src/Eccube/Resource/locale/messages.ja.yaml:6467。	レイアウト図(sheet-3_img3.png/sheet-3_img21.png)でサイトマップの11項目と並びを確認。実装のラベル・並びと一致。	high	
sheet-3-R219	MATCHED								「デッキ検索」のリンクが src/Eccube/Resource/template/default/Block/footer_sitemap.twig:32-34 にあり、押下でデッキ検索画面へ遷移する。文言は src/Eccube/Resource/locale/messages.ja.yaml:6468。	レイアウト図(sheet-3_img3.png/sheet-3_img21.png)でサイトマップの11項目と並びを確認。実装のラベル・並びと一致。	high	
sheet-3-R220	MATCHED								「デッキ構築」のリンクが src/Eccube/Resource/template/default/Block/footer_sitemap.twig:35-37 にあり、押下でデッキTOP画面へ遷移する。文言は src/Eccube/Resource/locale/messages.ja.yaml:6469。	レイアウト図(sheet-3_img3.png/sheet-3_img21.png)でサイトマップの11項目と並びを確認。実装のラベル・並びと一致。	high	
sheet-3-R221	MATCHED								「イベント・大会」のリンクが src/Eccube/Resource/template/default/Block/footer_sitemap.twig:38-40 にあり、押下でイベントTOP画面へ遷移する。文言は src/Eccube/Resource/locale/messages.ja.yaml:6470。	レイアウト図(sheet-3_img3.png/sheet-3_img21.png)でサイトマップの11項目と並びを確認。実装のラベル・並びと一致。	high	
sheet-3-R222	MATCHED								「店舗のご案内」のリンクが src/Eccube/Resource/template/default/Block/footer_sitemap.twig:41-43 にあり、押下で店舗一覧画面へ遷移する。文言は src/Eccube/Resource/locale/messages.ja.yaml:6471。	レイアウト図(sheet-3_img3.png/sheet-3_img21.png)でサイトマップの11項目と並びを確認。実装のラベル・並びと一致。	high	
sheet-3-R223	MATCHED								「お問い合わせ」のリンクが src/Eccube/Resource/template/default/Block/footer_sitemap.twig:44-46 にあり、押下でお問い合わせ画面へ遷移する。文言は src/Eccube/Resource/locale/messages.ja.yaml:6472。	レイアウト図(sheet-3_img3.png/sheet-3_img21.png)でサイトマップの11項目と並びを確認。実装のラベル・並びと一致。	high	
sheet-3-R224	MATCHED								「ヘルプ」のリンクが src/Eccube/Resource/template/default/Block/footer_sitemap.twig:47-49 にあり、押下でヘルプ画面へ遷移する。文言は src/Eccube/Resource/locale/messages.ja.yaml:6473。	レイアウト図(sheet-3_img3.png/sheet-3_img21.png)でサイトマップの11項目と並びを確認。実装のラベル・並びと一致。	high	
sheet-3-R225	NOT_IMPLEMENTED	P2	未実装	ふるまい	・押下すると、FAQ画面へ遷移する	サイトマップの「FAQ」を押下するとFAQ画面へ遷移する。	src/Eccube/Resource/template/default/Block/footer_sitemap.twig:50-53	「FAQ」のリンク先が「#」のままで、押下しても同じ画面に留まりFAQ画面へ遷移しない。直前行に「TODO: FAQ ページ実装後に href を差し替え」と残っている。	"src/Eccube/Resource/template/default/Block/footer_sitemap.twig:52 の href が ""#""。他のサイトマップ項目は実画面のURLを持つのに対しFAQだけ未接続で、FAQ画面自体は src/Eccube/Resource/template/default/Help/guide.twig:126 で /user_data/hareruya_faq として参照されている。"	レイアウト図(sheet-3_img3.png / sheet-3_img21.png)ではサイトマップの最終項目としてFAQが他項目と同じリンクとして描かれている。	high	footer_sitemap.twig-faq-link-missing
sheet-3-R226	OUT_OF_SCOPE								レイアウト図の見出し行であり、実装対象の要求ではない。	レイアウト図(sheet-3_img3.png/sheet-3_img22.png)で会社情報が「利用規約/スタッフ募集/特定商取引法表示/個人情報保護指針/企業情報」であることを確認。	high	
sheet-3-R227	OUT_OF_SCOPE								現行踏襲でカスタマイズ要件が無いことの記述であり、個別の実装要求ではない。	レイアウト図(sheet-3_img3.png/sheet-3_img22.png)で会社情報が「利用規約/スタッフ募集/特定商取引法表示/個人情報保護指針/企業情報」であることを確認。	high	
sheet-3-R228	MATCHED								会社情報のブロックは管理画面のブロック管理で編集できるよう登録・編集可能化されている（app/DoctrineMigrations/Version20260812171146.php:15-56、登録は app/DoctrineMigrations/Version20260508120000.php:32-36）。表示側は src/Eccube/Resource/template/default/Block/footer_company.twig:11-36。	レイアウト図(sheet-3_img3.png/sheet-3_img22.png)で会社情報が「利用規約/スタッフ募集/特定商取引法表示/個人情報保護指針/企業情報」であることを確認。	high	
sheet-3-R229	OUT_OF_SCOPE								項目定義表のヘッダ行であり、実装対象の要求ではない。	レイアウト図(sheet-3_img3.png/sheet-3_img22.png)で会社情報が「利用規約/スタッフ募集/特定商取引法表示/個人情報保護指針/企業情報」であることを確認。	high	
sheet-3-R230	DRIFT	P3	実装違い	IO	25-1 利用規約 リンク - - - ・押下すると、利用規約画面へ遷移する	会社情報の1件目に「利用規約」と表示し、押下すると利用規約画面へ遷移する。	src/Eccube/Resource/template/default/Block/footer_company.twig:21; src/Eccube/Resource/locale/messages.ja.yaml:6480	遷移先は利用規約画面だが、表示ラベルが「当サイトについて」になっている。	src/Eccube/Resource/template/default/Block/footer_company.twig:21 のリンク先は利用規約画面（src/Eccube/Controller/Front/HelpController.php:63）で正しいが、参照する文言 src/Eccube/Resource/locale/messages.ja.yaml:6480 が「当サイトについて」。設計・レイアウト図の「利用規約」と表示が異なる。	レイアウト図(sheet-3_img3.png / sheet-3_img22.png)の会社情報は1件目が「利用規約」。	high	footer_company.twig-agreement-label-mismatch
sheet-3-R231	MATCHED								「スタッフ募集」のリンクが src/Eccube/Resource/template/default/Block/footer_company.twig:24 にあり、押下で採用ページへ遷移する。文言は src/Eccube/Resource/locale/messages.ja.yaml:6481。	レイアウト図(sheet-3_img3.png/sheet-3_img22.png)で会社情報が「利用規約/スタッフ募集/特定商取引法表示/個人情報保護指針/企業情報」であることを確認。	high	
sheet-3-R232	MATCHED								遷移先URLは src/Eccube/Resource/template/default/Block/footer_company.twig:24 の https://corp.hareruyamtg.com/recruit/ で、設計記載URLと同じ採用ページ（差分は計測用クエリのみ）。	レイアウト図(sheet-3_img3.png/sheet-3_img22.png)で会社情報が「利用規約/スタッフ募集/特定商取引法表示/個人情報保護指針/企業情報」であることを確認。	high	
sheet-3-R233	MATCHED								「特定商取引法表示」のリンクが src/Eccube/Resource/template/default/Block/footer_company.twig:27 にあり、押下で特定商取引法表示画面へ遷移する。文言は src/Eccube/Resource/locale/messages.ja.yaml:6482。	レイアウト図(sheet-3_img3.png/sheet-3_img22.png)で会社情報が「利用規約/スタッフ募集/特定商取引法表示/個人情報保護指針/企業情報」であることを確認。	high	
sheet-3-R234	DESIGN_ISSUE				25-4 個人情報保護指針 リンク - - - ・押下すると、会員規約画面へ遷移する				同一行で項目名を「個人情報保護指針」としながら遷移先を「会員規約画面」と書いており、正本内部で食い違っている。実装は src/Eccube/Resource/template/default/Block/footer_company.twig:30 で個人情報保護指針（プライバシーポリシー）画面へ遷移し（src/Eccube/Controller/Front/HelpController.php:51）、項目名側の解釈とは一致するが、遷移先の記述とは一致しない。どちらが正かの設計裁定が要る。	レイアウト図(sheet-3_img3.png / sheet-3_img22.png)は項目名「個人情報保護指針」のみを示し、遷移先は判別できない。	med	
sheet-3-R235	MATCHED								「企業情報」のリンクが src/Eccube/Resource/template/default/Block/footer_company.twig:33 にあり、押下で企業TOPページへ遷移する。文言は src/Eccube/Resource/locale/messages.ja.yaml:6484。	レイアウト図(sheet-3_img3.png/sheet-3_img22.png)で会社情報が「利用規約/スタッフ募集/特定商取引法表示/個人情報保護指針/企業情報」であることを確認。	high	
sheet-3-R236	MATCHED								遷移先URLは src/Eccube/Resource/template/default/Block/footer_company.twig:33 の https://corp.hareruyamtg.com/ で、設計記載URLと同じ企業TOPページ（差分は計測用クエリのみ）。	レイアウト図(sheet-3_img3.png/sheet-3_img22.png)で会社情報が「利用規約/スタッフ募集/特定商取引法表示/個人情報保護指針/企業情報」であることを確認。	high	
sheet-3-R237	OUT_OF_SCOPE								レイアウト図の見出し行であり、実装対象の要求ではない。	レイアウト図(sheet-3_img3.png/sheet-3_img23.png)ではお得な情報の3件目が「晴れる屋Discord」だが、項目定義表(26-3)は「イベント開催の手引き」請求フォーム。項目定義表を正本として判定した。	high	
sheet-3-R238	OUT_OF_SCOPE								現行踏襲でカスタマイズ要件が無いことの記述であり、個別の実装要求ではない。	レイアウト図(sheet-3_img3.png/sheet-3_img23.png)ではお得な情報の3件目が「晴れる屋Discord」だが、項目定義表(26-3)は「イベント開催の手引き」請求フォーム。項目定義表を正本として判定した。	high	
sheet-3-R239	MATCHED								お得な情報のブロックは管理画面のブロック管理で編集できるよう登録・編集可能化されている（app/DoctrineMigrations/Version20260812171146.php:15-56、登録は app/DoctrineMigrations/Version20260508120000.php:32-36）。表示側は src/Eccube/Resource/template/default/Block/footer_promo.twig:11-30。	レイアウト図(sheet-3_img3.png/sheet-3_img23.png)ではお得な情報の3件目が「晴れる屋Discord」だが、項目定義表(26-3)は「イベント開催の手引き」請求フォーム。項目定義表を正本として判定した。	high	
sheet-3-R240	OUT_OF_SCOPE								項目定義表のヘッダ行であり、実装対象の要求ではない。	レイアウト図(sheet-3_img3.png/sheet-3_img23.png)ではお得な情報の3件目が「晴れる屋Discord」だが、項目定義表(26-3)は「イベント開催の手引き」請求フォーム。項目定義表を正本として判定した。	high	
sheet-3-R241	MATCHED								「晴れる屋X」のリンクが src/Eccube/Resource/template/default/Block/footer_promo.twig:21 にあり、押下で別タブでXのページを開く。文言は src/Eccube/Resource/locale/messages.ja.yaml:6488。	レイアウト図(sheet-3_img3.png/sheet-3_img23.png)ではお得な情報の3件目が「晴れる屋Discord」だが、項目定義表(26-3)は「イベント開催の手引き」請求フォーム。項目定義表を正本として判定した。	high	
sheet-3-R242	MATCHED								src/Eccube/Resource/template/default/Block/footer_promo.twig:21 の遷移先が https://x.com/hareruya_mtg で設計記載URLと一致。	レイアウト図(sheet-3_img3.png/sheet-3_img23.png)ではお得な情報の3件目が「晴れる屋Discord」だが、項目定義表(26-3)は「イベント開催の手引き」請求フォーム。項目定義表を正本として判定した。	high	
sheet-3-R243	MATCHED								「晴れる屋Channel」のリンクが src/Eccube/Resource/template/default/Block/footer_promo.twig:24 にあり、押下で別タブでYouTubeチャンネルを開く。遷移先URLも設計記載と一致。文言は src/Eccube/Resource/locale/messages.ja.yaml:6489。	レイアウト図(sheet-3_img3.png/sheet-3_img23.png)ではお得な情報の3件目が「晴れる屋Discord」だが、項目定義表(26-3)は「イベント開催の手引き」請求フォーム。項目定義表を正本として判定した。	high	
sheet-3-R244	MATCHED								「「イベント開催の手引き」請求フォーム」のリンクが src/Eccube/Resource/template/default/Block/footer_promo.twig:27 にあり、押下で別タブでGoogleフォームを開く。遷移先URLも設計記載と一致。文言は src/Eccube/Resource/locale/messages.ja.yaml:6490。	レイアウト図(sheet-3_img3.png/sheet-3_img23.png)ではお得な情報の3件目が「晴れる屋Discord」だが、項目定義表(26-3)は「イベント開催の手引き」請求フォーム。項目定義表を正本として判定した。	high	
sheet-3-R245	OUT_OF_SCOPE								カスタマイズ説明の見出し行であり、実装対象の要求ではない。	サジェスト画面例(sheet-3_img24.png/sheet-3_img25.png)で、候補一覧とマウスオーバー時の画像付き商品サジェストを確認。	high	
sheet-3-R246	MATCHED								ヘッダ検索のサジェストはユニサーチのサジェスト機能を呼び出して履歴・キーワード・カテゴリの候補を描画する実装になっている（src/Eccube/Resource/template/default/Block/js/header_search_unisuggest_js.twig:135-172）。	サジェスト画面例(sheet-3_img24.png/sheet-3_img25.png)で、候補一覧とマウスオーバー時の画像付き商品サジェストを確認。	high	
sheet-3-R247	MATCHED								買取ヘッダの検索フォームでも同じサジェスト処理を読み込んでおり（src/Eccube/Resource/template/default/Block/search_purchase.twig:55-58）、買取用の絞り込み条件を付けて候補商品を取得する（src/Eccube/Resource/template/default/Block/js/header_search_unisuggest_js.twig:283-291）。	サジェスト画面例(sheet-3_img24.png/sheet-3_img25.png)で、候補一覧とマウスオーバー時の画像付き商品サジェストを確認。	high	
sheet-3-R248	MATCHED								支店ヘッダの検索フォーム（src/Eccube/Resource/template/default/Block/branch_header.twig:51 → src/Eccube/Resource/template/default/Block/search_product.twig:129）でも同じサジェスト処理を読み込み、支店表示の商品に絞る条件を付ける（src/Eccube/Resource/template/default/Block/js/header_search_unisuggest_js.twig:293-298）。	サジェスト画面例(sheet-3_img24.png/sheet-3_img25.png)で、候補一覧とマウスオーバー時の画像付き商品サジェストを確認。	high	
sheet-3-R249	OUT_OF_SCOPE								処理概要の見出し行であり、実装対象の要求ではない。	サジェスト画面例(sheet-3_img24.png/sheet-3_img25.png)で、候補一覧とマウスオーバー時の画像付き商品サジェストを確認。	high	
sheet-3-R250	OUT_OF_SCOPE								詳細仕様を別紙（ユニサジェストAPI仕様書）へ委ねる参照指示であり、本シートでは実装要求を確定していない。	サジェスト画面例(sheet-3_img24.png/sheet-3_img25.png)で、候補一覧とマウスオーバー時の画像付き商品サジェストを確認。	high	
sheet-3-R251	MATCHED								キーワード入力欄にフォーカスした時点で候補取得を行い（src/Eccube/Resource/template/default/Block/js/header_search_unisuggest_js.twig:434-437）、入力が空のときは履歴候補を描画する（src/Eccube/Resource/template/default/Block/js/header_search_unisuggest_js.twig:168-172, 176-221）。	サジェスト画面例(sheet-3_img24.png/sheet-3_img25.png)で、候補一覧とマウスオーバー時の画像付き商品サジェストを確認。	high	
sheet-3-R252	MATCHED								履歴の「全て削除」を押すと履歴全件の削除処理を呼び、履歴表示を閉じる（src/Eccube/Resource/template/default/Block/js/header_search_unisuggest_js.twig:452-459, 411-427）。	サジェスト画面例(sheet-3_img24.png/sheet-3_img25.png)で、候補一覧とマウスオーバー時の画像付き商品サジェストを確認。	high	
sheet-3-R253	MATCHED								履歴の各行に個別削除ボタンを出し（src/Eccube/Resource/template/default/Block/js/header_search_unisuggest_js.twig:211-215）、押下でその語だけを削除して行を取り除く（src/Eccube/Resource/template/default/Block/js/header_search_unisuggest_js.twig:461-473）。	サジェスト画面例(sheet-3_img24.png/sheet-3_img25.png)で、候補一覧とマウスオーバー時の画像付き商品サジェストを確認。	high	
sheet-3-R254	MATCHED								カードセットが選択されているときは、その指定を候補取得の条件に加える（src/Eccube/Resource/template/default/Block/js/header_search_unisuggest_js.twig:145-148）。候補商品の取得側でも同様に絞る（src/Eccube/Resource/template/default/Block/js/header_search_unisuggest_js.twig:300-305）。	サジェスト画面例(sheet-3_img24.png/sheet-3_img25.png)で、候補一覧とマウスオーバー時の画像付き商品サジェストを確認。	high	
sheet-3-R255	MATCHED								キーワードを入力すると入力に応じて候補を取り直し（src/Eccube/Resource/template/default/Block/js/header_search_unisuggest_js.twig:437-444）、キーワード候補とカテゴリ候補を描画する（src/Eccube/Resource/template/default/Block/js/header_search_unisuggest_js.twig:173-175, 223-278）。	サジェスト画面例(sheet-3_img24.png/sheet-3_img25.png)で、候補一覧とマウスオーバー時の画像付き商品サジェストを確認。	high	
sheet-3-R256	OUT_OF_SCOPE								サジェスト種別を示す図中のラベルであり、単独の実装要求ではない。	サジェスト画面例(sheet-3_img24.png/sheet-3_img25.png)で、候補一覧とマウスオーバー時の画像付き商品サジェストを確認。	high	
sheet-3-R257	OUT_OF_SCOPE								サジェスト種別を示す図中のラベルであり、単独の実装要求ではない。	サジェスト画面例(sheet-3_img24.png/sheet-3_img25.png)で、候補一覧とマウスオーバー時の画像付き商品サジェストを確認。	high	
sheet-3-R258	OUT_OF_SCOPE								サジェスト種別を示す図中のラベルであり、単独の実装要求ではない。	サジェスト画面例(sheet-3_img24.png/sheet-3_img25.png)で、候補一覧とマウスオーバー時の画像付き商品サジェストを確認。	high	
sheet-3-R259	MATCHED								候補にマウスオーバーすると、その語で該当する商品の一覧を取得して並べる（src/Eccube/Resource/template/default/Block/js/header_search_unisuggest_js.twig:489-494, 335-380）。	サジェスト画面例(sheet-3_img24.png/sheet-3_img25.png)で、候補一覧とマウスオーバー時の画像付き商品サジェストを確認。	high	
sheet-3-R260	MATCHED								マウスオーバー時に取得した商品を右側の一覧として描画する（src/Eccube/Resource/template/default/Block/js/header_search_unisuggest_js.twig:340-380）。	サジェスト画面例(sheet-3_img24.png/sheet-3_img25.png)で、候補一覧とマウスオーバー時の画像付き商品サジェストを確認。	high	
sheet-3-R261	MATCHED								候補をクリックすると、その語を検索欄に入れて検索を実行する（src/Eccube/Resource/template/default/Block/js/header_search_unisuggest_js.twig:482-487）。	サジェスト画面例(sheet-3_img24.png/sheet-3_img25.png)で、候補一覧とマウスオーバー時の画像付き商品サジェストを確認。	high	
sheet-3-R262	OUT_OF_SCOPE								現行のサジェスト仕様の説明であり、直後に【リニューアル後】として置き換えが宣言されているため実装要求ではない。	サジェスト画面例(sheet-3_img24.png/sheet-3_img25.png)で、候補一覧とマウスオーバー時の画像付き商品サジェストを確認。	high	
sheet-3-R263	OUT_OF_SCOPE								現行のサジェスト仕様の説明であり、リニューアル後の仕様に置き換えられている。	サジェスト画面例(sheet-3_img24.png/sheet-3_img25.png)で、候補一覧とマウスオーバー時の画像付き商品サジェストを確認。	high	
sheet-3-R264	OUT_OF_SCOPE								現行のサジェスト仕様の説明であり、リニューアル後の仕様に置き換えられている。	サジェスト画面例(sheet-3_img24.png/sheet-3_img25.png)で、候補一覧とマウスオーバー時の画像付き商品サジェストを確認。	high	
sheet-3-R265	OUT_OF_SCOPE								sheet-3-R264 の続き行で、現行仕様の説明。リニューアル後の仕様に置き換えられている。	サジェスト画面例(sheet-3_img24.png/sheet-3_img25.png)で、候補一覧とマウスオーバー時の画像付き商品サジェストを確認。	high	
sheet-3-R266	OUT_OF_SCOPE								現行とリニューアル後を結ぶ矢印記号のみの行であり、実装要求ではない。	サジェスト画面例(sheet-3_img24.png/sheet-3_img25.png)で、候補一覧とマウスオーバー時の画像付き商品サジェストを確認。	high	
sheet-3-R267	MATCHED								カードセットではなくカテゴリを候補として出す実装になっており、カテゴリ候補行はそのカテゴリの商品一覧へのリンクになる（src/Eccube/Resource/template/default/Block/js/header_search_unisuggest_js.twig:246-261）。	サジェスト画面例(sheet-3_img24.png/sheet-3_img25.png)で、候補一覧とマウスオーバー時の画像付き商品サジェストを確認。	high	
sheet-3-R268	MATCHED								カテゴリ候補は親カテゴリ名を先に並べ、末尾に該当カテゴリ名を置く形式で表示する（src/Eccube/Resource/template/default/Block/js/header_search_unisuggest_js.twig:104-112, 250-257）。	サジェスト画面例(sheet-3_img24.png/sheet-3_img25.png)で、候補一覧とマウスオーバー時の画像付き商品サジェストを確認。	high	
sheet-3-R269	MATCHED								上位から下位へ順に並べた表示形式で、末尾のみリンクになる（src/Eccube/Resource/template/default/Block/js/header_search_unisuggest_js.twig:250-257）。	サジェスト画面例(sheet-3_img24.png/sheet-3_img25.png)で、候補一覧とマウスオーバー時の画像付き商品サジェストを確認。	high	
sheet-3-R270	MATCHED								表示形式の指定どおり、親カテゴリ名の並び＋末尾カテゴリ名で描画する（src/Eccube/Resource/template/default/Block/js/header_search_unisuggest_js.twig:104-112, 250-257）。	サジェスト画面例(sheet-3_img24.png/sheet-3_img25.png)で、候補一覧とマウスオーバー時の画像付き商品サジェストを確認。	high	
sheet-3-R271	MATCHED								第一階層だけの候補は表示対象から外している（src/Eccube/Resource/template/default/Block/js/header_search_unisuggest_js.twig:124-127）。	サジェスト画面例(sheet-3_img24.png/sheet-3_img25.png)で、候補一覧とマウスオーバー時の画像付き商品サジェストを確認。	high	
sheet-3-R272	MATCHED								候補が持つ階層の深さぶんだけ親カテゴリ名を並べるため、2階層目までの候補は2階層目まで表示される（src/Eccube/Resource/template/default/Block/js/header_search_unisuggest_js.twig:104-112, 250-257）。	サジェスト画面例(sheet-3_img24.png/sheet-3_img25.png)で、候補一覧とマウスオーバー時の画像付き商品サジェストを確認。	high	
sheet-3-R273	MATCHED								同じ処理により3階層目の候補は3階層目まで表示される（src/Eccube/Resource/template/default/Block/js/header_search_unisuggest_js.twig:104-112, 250-257）。	サジェスト画面例(sheet-3_img24.png/sheet-3_img25.png)で、候補一覧とマウスオーバー時の画像付き商品サジェストを確認。	high	
sheet-3-R274	MATCHED								表示上限13行・カテゴリ候補上限3件が src/Eccube/Resource/template/default/Block/js/header_search_unisuggest_js.twig:54-55 に定義され、カテゴリ候補は3件で切り（src/Eccube/Resource/template/default/Block/js/header_search_unisuggest_js.twig:173）、キーワード候補は13からカテゴリ件数を引いた数までに絞る（src/Eccube/Resource/template/default/Block/js/header_search_unisuggest_js.twig:224-226）。	サジェスト画面例(sheet-3_img24.png/sheet-3_img25.png)で、候補一覧とマウスオーバー時の画像付き商品サジェストを確認。	high	
sheet-3-R275	MATCHED								カテゴリ以外（キーワード）の候補にマウスオーバーすると商品検索を呼び出して商品を取得する（src/Eccube/Resource/template/default/Block/js/header_search_unisuggest_js.twig:489-494, 316-334）。	サジェスト画面例(sheet-3_img24.png/sheet-3_img25.png)で、候補一覧とマウスオーバー時の画像付き商品サジェストを確認。	high	
sheet-3-R276	MATCHED								取得した商品は画像付きのカードとして右側に並べる（src/Eccube/Resource/template/default/Block/js/header_search_unisuggest_js.twig:340-380）。	サジェスト画面例(sheet-3_img24.png/sheet-3_img25.png)で、候補一覧とマウスオーバー時の画像付き商品サジェストを確認。	high	
sheet-3-R277	OUT_OF_SCOPE								適用範囲を示す注記（PCのみ）であり、本シート自体がPC版ナビゲーションの仕様であるため単独の実装要求ではない。	サジェスト画面例(sheet-3_img24.png/sheet-3_img25.png)で、候補一覧とマウスオーバー時の画像付き商品サジェストを確認。	high	
sheet-3-R278	OUT_OF_SCOPE								買取側の条件を述べるブロックの見出し行であり、内容は後続行に記載される。	サジェスト画面例(sheet-3_img24.png/sheet-3_img25.png)で、候補一覧とマウスオーバー時の画像付き商品サジェストを確認。	high	
sheet-3-R279	MATCHED								買取側では候補商品の取得時に買取向けの絞り込み条件を必ず付ける実装になっている（src/Eccube/Resource/template/default/Block/js/header_search_unisuggest_js.twig:283-291、買取判定は src/Eccube/Resource/template/default/Block/search_purchase.twig:55-58）。	サジェスト画面例(sheet-3_img24.png/sheet-3_img25.png)で、候補一覧とマウスオーバー時の画像付き商品サジェストを確認。	high	
sheet-3-R280	MATCHED								買取価格1円以上の条件を付けている（src/Eccube/Resource/template/default/Block/js/header_search_unisuggest_js.twig:287）。	サジェスト画面例(sheet-3_img24.png/sheet-3_img25.png)で、候補一覧とマウスオーバー時の画像付き商品サジェストを確認。	high	
sheet-3-R281	MATCHED								カード状態NMの条件を付けている（src/Eccube/Resource/template/default/Block/js/header_search_unisuggest_js.twig:288、NMの値は src/Eccube/Entity/Master/MtbCardCondition.php:35）。	サジェスト画面例(sheet-3_img24.png/sheet-3_img25.png)で、候補一覧とマウスオーバー時の画像付き商品サジェストを確認。	high	
sheet-3-R282	MATCHED								高額商品コードなしの条件を付けている（src/Eccube/Resource/template/default/Block/js/header_search_unisuggest_js.twig:289）。	サジェスト画面例(sheet-3_img24.png/sheet-3_img25.png)で、候補一覧とマウスオーバー時の画像付き商品サジェストを確認。	high	
sheet-3-R283	MATCHED								予約商品でないことの条件を付けている（src/Eccube/Resource/template/default/Block/js/header_search_unisuggest_js.twig:290）。	サジェスト画面例(sheet-3_img24.png/sheet-3_img25.png)で、候補一覧とマウスオーバー時の画像付き商品サジェストを確認。	high	
sheet-3-R284	OUT_OF_SCOPE								支店側の条件を述べるブロックの見出し行であり、内容は後続行に記載される。	サジェスト画面例(sheet-3_img24.png/sheet-3_img25.png)で、候補一覧とマウスオーバー時の画像付き商品サジェストを確認。	high	
sheet-3-R285	MATCHED								支店表示のときは候補商品の取得時に支店向けの絞り込み条件を必ず付ける（src/Eccube/Resource/template/default/Block/js/header_search_unisuggest_js.twig:293-298、本店/支店の判定は src/Eccube/EventListener/TwigInitializeListener.php:69）。	サジェスト画面例(sheet-3_img24.png/sheet-3_img25.png)で、候補一覧とマウスオーバー時の画像付き商品サジェストを確認。	high	
sheet-3-R286	MATCHED								支店表示フラグの条件を付けている（src/Eccube/Resource/template/default/Block/js/header_search_unisuggest_js.twig:297）。	サジェスト画面例(sheet-3_img24.png/sheet-3_img25.png)で、候補一覧とマウスオーバー時の画像付き商品サジェストを確認。	high	
sheet-3-R287	OUT_OF_SCOPE								現行仕様節の見出し行であり、実装対象の要求ではない。	本要求に対応するレイアウト図の記載は無し（画像25枚を確認）。	high	
sheet-3-R288	OUT_OF_SCOPE								本節の位置づけ（実装からのリバースであること、フェーズ区分）を述べる前置きであり、実装要求ではない。	本要求に対応するレイアウト図の記載は無し（画像25枚を確認）。	high	
sheet-3-R289	OUT_OF_SCOPE								通知をフェーズ2対応と宣言する行であり、フェーズ1の実装対象外。	本要求に対応するレイアウト図の記載は無し（画像25枚を確認）。	high	
sheet-3-R290	OUT_OF_SCOPE								フェーズ2宣言の根拠となるExcel原文の引用であり、実装要求ではない。	本要求に対応するレイアウト図の記載は無し（画像25枚を確認）。	high	
sheet-3-R291	OUT_OF_SCOPE								フェーズ2対応の見出し行であり、実装対象の要求ではない。	本要求に対応するレイアウト図の記載は無し（画像25枚を確認）。	high	
sheet-3-R292	OUT_OF_SCOPE								通知はフェーズ2対応でフェーズ1では実装しないと宣言されている。	本要求に対応するレイアウト図の記載は無し（画像25枚を確認）。	high	
sheet-3-R293	OUT_OF_SCOPE								小見出しであり、内容は後続行に記載される。	本要求に対応するレイアウト図の記載は無し（画像25枚を確認）。	high	
sheet-3-R294	MATCHED								英語表示ではグローバルナビに買取を出さず（src/Eccube/Resource/template/default/Block/header.en.twig:58-84 に買取の項目が無い）、メニューにも買取とデッキ構築を出さない（src/Eccube/Resource/template/default/Block/mega_menu.en.twig:21-57）。日本語表示ではいずれも表示する（src/Eccube/Resource/template/default/Block/header.twig:65-67, 93-95、src/Eccube/Resource/template/default/Block/mega_menu.twig:27,46）。	レイアウト図(sheet-3_img4.png)は日本語表示で買取・デッキ構築を含む並びを示しており、英語表示の図は無い。	high	
sheet-3-R295	OUT_OF_SCOPE								小見出しであり、内容は後続行に記載される。	本要求に対応するレイアウト図の記載は無し（画像25枚を確認）。	high	
sheet-3-R296	MATCHED								言語切替のリンクは表示中の画面をそのまま反対の言語へ切り替える形で生成し（src/Eccube/Resource/template/default/Block/header.twig:104-109）、切り替え先にその言語の画面が用意されていないときはその言語のトップへ送る（src/Eccube/EventListener/MissingLocaleTemplateRedirectListener.php:83-100）。言語切替を出さない画面（買取系）は src/Eccube/Resource/template/default/Block/header.twig:102,115 で切替自体を非表示にしている。商品一覧・商品詳細については、リニューアル後は英語版の画面が用意されているため（src/Eccube/Resource/template/default/Product/list.en.twig, src/Eccube/Resource/template/default/Product/detail.en.twig）、現行の「英語版が無いものとして扱う」記述は後者の仕様に置き換わっている。	本要求に対応するレイアウト図の記載は無し（画像25枚を確認）。	med	
sheet-3-R297	OUT_OF_SCOPE								小見出しであり、内容は後続行に記載される。	本要求に対応するレイアウト図の記載は無し（画像25枚を確認）。	high	
sheet-3-R298	MATCHED								ヘッダのカートに出す商品数は画面表示と同時に確定して出力し（src/Eccube/Resource/template/default/Block/cart.twig:24-26、件数の算出は src/Eccube/Service/Block/CartBlockPayloadBuilder.php:92-94）、カート操作のたびに取り直して表示を合わせる（src/Eccube/Resource/template/default/Block/js/header_cart_js.twig:62-75）。件数が0のときはバッジを出さない（src/Eccube/Resource/template/default/Block/cart.twig:24）。取得タイミングの違いは実装手段の差で、画面に出る結果は同じ。	レイアウト図(sheet-3_img4.png)はカートアイコンに件数バッジが付いた状態を示しており、実装の表示と一致。	med	
sheet-3-R299	MATCHED								本店の各画面の表示要求を表示言語つきで受け取り、言語に応じたヘッダを描画する分岐が src/Eccube/Resource/template/default/Block/header.twig:11-31 と src/Eccube/Resource/template/default/Block/header.twig:104-109 にある。	本要求に対応するレイアウト図の記載は無し（画像25枚を確認）。	med	
sheet-3-R300	MATCHED								言語に応じたグローバルナビとECヘッダを描画して返す（src/Eccube/Resource/template/default/Block/header.twig:32-171、英語版は src/Eccube/Resource/template/default/Block/header.en.twig:32-130）。	本要求に対応するレイアウト図の記載は無し（画像25枚を確認）。	med	
sheet-3-R301	MATCHED								描画に失敗した場合は共通の例外処理でエラー画面を返す（src/Eccube/EventListener/ExceptionListener.php:40-44）。	本要求に対応するレイアウト図の記載は無し（画像25枚を確認）。	med	
sheet-3-R302	OUT_OF_SCOPE								本機能に固有のメッセージが無いことの記述であり、実装対象の要求ではない。	本要求に対応するレイアウト図の記載は無し（画像25枚を確認）。	high	
sheet-4-R001	OUT_OF_SCOPE								他シート（通知）への参照指示であり、それ自体は実装要求ではない。通知はフェーズ2以降で設計予定と本シートが宣言している。		high	
sheet-4-R002	OUT_OF_SCOPE								「記載する処理概要はなし」という空欄宣言であり実装要求ではない。		high	
sheet-4-R003	OUT_OF_SCOPE								「記載する処理概要はなし」という空欄宣言であり実装要求ではない。		high	
sheet-4-R004	OUT_OF_SCOPE								「記載する処理概要はなし」という空欄宣言であり実装要求ではない。		high	
sheet-4-R005	OUT_OF_SCOPE								カスタマイズ説明の小見出し（項目名のみ）。ふるまいは同ブロックのsheet-4-R006/R007が述べており、そちらで判定した。		high	
sheet-4-R006	MATCHED				・商品検索テキストボックスの左へ、カードセットを選択できるメニューを表示する	商品検索フォーム内で、カードセット選択のドロップダウン(p-hareruya-header__search-category)がキーワード入力欄(p-hareruya-header__search-input-wrapper)より前＝左に置かれている。	src/Eccube/Resource/template/default/Block/search_product.twig:88-108		src/Eccube/Resource/template/default/Block/search_product.twig:90 でカードセット選択ボタン、同:109 でキーワード入力欄が同一の入力グループ内にこの順で並ぶ。ヘッダーからは src/Eccube/Resource/template/default/Block/header.twig:146 で読み込まれる。	sheet-4_img2.png/img4.png（画面上部固定エリア）: HARERUYAロゴ・12,000pt・EN・メニューアイコン、ショップ/買取/記事/デッキ/イベント/店舗一覧、カードセット選択＋「商品名またはキーワードを入力してください」＋虫眼鏡を確認	high	
sheet-4-R007	MATCHED				カードセット選択メニューを押下すると、カードセットを単一選択可能にする	選択肢はボタンのリストで、押した1件の値だけが hidden 入力に入る（複数選択の手段が無い）。既定は「カードセット」表示。	src/Eccube/Resource/template/default/Block/search_product.twig:95-107		src/Eccube/Resource/template/default/Block/search_product.twig:100-104 が各カードセットを1択のボタンとして並べ、同:107 の単一値だけが検索条件として送られる。	sheet-4_img2.png/img4.png（画面上部固定エリア）: HARERUYAロゴ・12,000pt・EN・メニューアイコン、ショップ/買取/記事/デッキ/イベント/店舗一覧、カードセット選択＋「商品名またはキーワードを入力してください」＋虫眼鏡を確認	high	
sheet-4-R008	OUT_OF_SCOPE								カスタマイズ説明の小見出し（項目名のみ）。ふるまいは同ブロックのsheet-4-R009/R010で判定した。		high	
sheet-4-R009	MATCHED				・詳細検索のアイコンを表示する	画面下部固定ナビに「詳細検索」の項目（アイコン＋ラベル）が常時表示される。	src/Eccube/Resource/template/default/Block/bottom_nav.twig:121-129		src/Eccube/Resource/template/default/Block/bottom_nav.twig:122-128 に詳細検索ボタンがあり、ラベルは src/Eccube/Resource/locale/messages.ja.yaml:6525 で「詳細検索」。	sheet-4_img1.png/img6.png/img8.png（画面下部固定エリア）: カート/お気に入り/詳細検索/カテゴリ/マイページ（未ログイン時はログイン）を確認	high	
sheet-4-R010	MATCHED				アイコンを押下すると、詳細検索画面をモーダル表示する	詳細検索の項目を押すと商品の詳細検索がモーダルで開く。	src/Eccube/Resource/template/default/Block/bottom_nav.twig:122; src/Eccube/Resource/template/default/Block/header.twig:181		src/Eccube/Resource/template/default/Block/bottom_nav.twig:122 のボタンが商品検索モーダルを開き、そのモーダルは src/Eccube/Resource/template/default/Block/header.twig:181 で同一ページに描画されている。	sheet-4_img1.png/img6.png/img8.png（画面下部固定エリア）: カート/お気に入り/詳細検索/カテゴリ/マイページ（未ログイン時はログイン）を確認	high	
sheet-4-R011	OUT_OF_SCOPE								カスタマイズ説明の小見出し（項目名のみ）。ふるまいは同ブロックのsheet-4-R012〜R015で判定した。		high	
sheet-4-R012	MATCHED				・お気に入りアイコンを表示する	画面下部固定ナビに「お気に入り」の項目（アイコン＋ラベル）が表示される。	src/Eccube/Resource/template/default/Block/bottom_nav.twig:73-94		src/Eccube/Resource/template/default/Block/bottom_nav.twig:73-94 にログイン時・未ログイン時それぞれのお気に入り項目がある。ラベルは src/Eccube/Resource/locale/messages.ja.yaml:6533。	sheet-4_img1.png/img6.png/img8.png（画面下部固定エリア）: カート/お気に入り/詳細検索/カテゴリ/マイページ（未ログイン時はログイン）を確認	high	
sheet-4-R013	MATCHED				お気に入り登録済み商品がある場合、商品数を表示する	お気に入り登録が1件以上あるとき、お気に入りアイコンに件数のバッジが出る。	src/Eccube/Resource/template/default/Block/bottom_nav.twig:79-81		src/Eccube/Resource/template/default/Block/bottom_nav.twig:79-81 が件数>0のときだけバッジを出す。件数は src/Eccube/Service/Block/BottomNavBlockPayloadBuilder.php:88 で会員のお気に入り数から求めている。	sheet-4_img10.png（PC版参考図）でお気に入りアイコンに件数バッジ「12」が描かれているのと同じ形。	high	
sheet-4-R014	MATCHED				押下すると、F06-9 お気に入り商品一覧へ遷移可能にする	お気に入りを押すとお気に入り商品一覧画面へ移動する。	src/Eccube/Resource/template/default/Block/bottom_nav.twig:76		src/Eccube/Resource/template/default/Block/bottom_nav.twig:76 でログイン会員のお気に入り項目がお気に入り商品一覧へのリンクになっている。	sheet-4_img1.png/img6.png/img8.png（画面下部固定エリア）: カート/お気に入り/詳細検索/カテゴリ/マイページ（未ログイン時はログイン）を確認	high	
sheet-4-R015	MATCHED				会員が未ログインの場合、押下すると、ログイン/会員登録を促すモーダルを表示する	未ログインでお気に入りを押すと、ログインと会員登録を促すモーダルが開く。	src/Eccube/Resource/template/default/Block/bottom_nav.twig:86; src/Eccube/Resource/template/default/Block/_top_favorite_login_modal.twig:11-56		src/Eccube/Resource/template/default/Block/bottom_nav.twig:86 が未ログイン時にモーダルを開く指定を持ち、src/Eccube/Resource/template/default/Block/_top_favorite_login_modal.twig:25-46 にログインフォーム、同:48-55 に会員登録への導線がある。モーダル自体は src/Eccube/Resource/template/default/Block/header.twig:185-186 で未ログイン時のみ描画される。	sheet-4_img1.png/img6.png/img8.png（画面下部固定エリア）: カート/お気に入り/詳細検索/カテゴリ/マイページ（未ログイン時はログイン）を確認	high	
sheet-4-R016	OUT_OF_SCOPE								カスタマイズ説明の小見出し（項目名のみ）。ふるまいは同ブロックのsheet-4-R017で述べられている。		high	
sheet-4-R017	OUT_OF_SCOPE								通知があることの明示。同ブロックが「※通知の表示条件は同ファイル内「F02-05 通知」シートを参照」と続き、本シートは「※通知はフェーズ2以降で設計予定とする」、現行仕様節は「スマホ版ナビゲーション上の通知 はフェーズ2対応」と宣言しているためフェーズ1の実装対象外。		high	
sheet-4-R018	OUT_OF_SCOPE								通知の表示条件について他シート（F02-05 通知）を見よという参照指示。通知はフェーズ2以降で設計予定と本シートが宣言している。		high	
sheet-4-R019	OUT_OF_SCOPE								「カスタマイズ要件に記載の内容以外は現行踏襲とする」という方針記述であり、個別の実装要求ではない。		high	
sheet-4-R020	MATCHED				・買取、デッキ、イベントの画面では、本レイアウト図と異なるナビゲーションを表示する	買取・デッキ・イベントの画面では本レイアウト図とは別のナビゲーションになる。	src/Eccube/Resource/template/default/Block/header.twig:19-31; src/Eccube/Resource/template/default/Block/bottom_nav.twig:19-26		src/Eccube/Resource/template/default/Block/header.twig:25-30 で買取/デッキ/イベントの画面ごとにヘッダーの見た目を切り替え、src/Eccube/Resource/template/default/Block/bottom_nav.twig:19-26 と同:41-59,97-141 で下部固定ナビの項目自体も画面種別ごとに差し替えている。		high	
sheet-4-R021	OUT_OF_SCOPE								異なるナビを使う場合は各機能の設計書に記載するという設計作業の取り決めであり、実装要求ではない。		high	
sheet-4-R022	OUT_OF_SCOPE								「(4)メニュー」という項目名のみの行。ふるまいは同ブロックのsheet-4-R023が指すメニュー欄に書かれている。		high	
sheet-4-R023	OUT_OF_SCOPE								「メニュー欄に記載」という同シート内の別ブロックへの参照指示。メニュー欄（sheet-4-R123以降）で判定される。		high	
sheet-4-R024	OUT_OF_SCOPE								「(16)詳細検索」という項目名のみの行。ふるまいはsheet-4-R048/R095で判定した。		high	
sheet-4-R025	OUT_OF_SCOPE								「詳細検索欄に記載」という参照指示。		high	
sheet-4-R026	OUT_OF_SCOPE								「(17)カテゴリ」という項目名のみの行。ふるまいはカテゴリ欄（sheet-4-R143以降）で判定される。		high	
sheet-4-R027	OUT_OF_SCOPE								「カテゴリ欄に記載」という同シート内の別ブロックへの参照指示。		high	
sheet-4-R028	OUT_OF_SCOPE								「(23)サイトマップ」という項目名のみの行。		high	
sheet-4-R029	OUT_OF_SCOPE								「サイトマップ欄に記載」という同シート内の別ブロックへの参照指示。		high	
sheet-4-R030	OUT_OF_SCOPE								「(24)会社情報」という項目名のみの行。		high	
sheet-4-R031	OUT_OF_SCOPE								「会社情報欄に記載」という同シート内の別ブロックへの参照指示。		high	
sheet-4-R032	OUT_OF_SCOPE								「(25)お得な情報」という項目名のみの行。		high	
sheet-4-R033	OUT_OF_SCOPE								「お得な情報欄に記載」という同シート内の別ブロックへの参照指示。		high	
sheet-4-R034	MATCHED				・(1)~(13)の画面上部固定エリアは、画面全体でスクロールしても常に上部に固定して表示する	画面上部エリア（HARERUYA〜検索）は本文をスクロールしても画面上端に固定表示される。	src/Eccube/Resource/template/default/Block/header.twig:32; html/template/default/assets/hareruya/css/hareruya-common.css		src/Eccube/Resource/template/default/Block/header.twig:32 の l-hareruya-header に対し、hareruya-common.css のスマホ幅の指定が「.l-hareruya-header{left:0;position:fixed;right:0;top:0;z-index:4}」で上端固定になっている。	sheet-4_img2.png/img4.png（画面上部固定エリア）: HARERUYAロゴ・12,000pt・EN・メニューアイコン、ショップ/買取/記事/デッキ/イベント/店舗一覧、カードセット選択＋「商品名またはキーワードを入力してください」＋虫眼鏡を確認	high	
sheet-4-R035	MATCHED				・(14)~(18)の画面下部固定エリアは、画面全体でスクロールしても常に下部に固定して表示する	画面下部エリア（カート〜ログイン/マイページ）は本文をスクロールしても画面下端に固定表示される。	src/Eccube/Resource/template/default/Block/bottom_nav.twig:27; html/template/default/assets/hareruya/css/hareruya-common.css		src/Eccube/Resource/template/default/Block/bottom_nav.twig:27 の p-hareruya-bottom-nav に対し、hareruya-common.css のスマホ幅の指定が「.p-hareruya-bottom-nav{background-color:#fff;bottom:0;…position:fixed;width:100%;z-index:10}」で下端固定になっている。	sheet-4_img1.png/img6.png/img8.png（画面下部固定エリア）: カート/お気に入り/詳細検索/カテゴリ/マイページ（未ログイン時はログイン）を確認	high	
sheet-4-R036	MATCHED				・(19)~(26)の画面下部エリアは画面全体の最下部に表示する	静的コンテンツ・晴れる屋で働こう!・HARERUYA2/3バナー・サイトマップ・会社情報・お得な情報・HARERUYAロゴが画面全体の最下部にまとまって出る。	src/Eccube/Resource/template/default/Block/footer.twig:30-89		src/Eccube/Resource/template/default/Block/footer.twig:32-49 に静的コンテンツ4件、同:53-68 に採用バナーとHARERUYA2/3バナー、同:72-76 にサイトマップ/会社情報/お得な情報、同:79-87 にHARERUYAロゴがあり、フッターとしてページ末尾に置かれる。	sheet-4_img3.png/img16.png（画面下部エリア）: 静的コンテンツ4件・晴れる屋で働こう!・HARERUYA2/3バナー・サイトマップ/会社情報/お得な情報の開閉・HARERUYAロゴを確認	high	
sheet-4-R037	OUT_OF_SCOPE								「★(2)ポイントについて」という小見出し。ふるまいは同ブロックのsheet-4-R038/R039で判定した。		high	
sheet-4-R038	MATCHED				・押下すると、マイページへ遷移する	ポイント表示を押すとマイページへ移動する。	src/Eccube/Resource/template/default/Block/header.twig:126		src/Eccube/Resource/template/default/Block/header.twig:126 でポイント表示がマイページへのリンクになっている。	sheet-4_img2.png/img4.png（画面上部固定エリア）: HARERUYAロゴ・12,000pt・EN・メニューアイコン、ショップ/買取/記事/デッキ/イベント/店舗一覧、カードセット選択＋「商品名またはキーワードを入力してください」＋虫眼鏡を確認	high	
sheet-4-R039	MATCHED				・会員が保有するポイントを表示する	会員が保有するポイント数を画面上部に表示する。	src/Eccube/Resource/template/default/Block/header.twig:127		src/Eccube/Resource/template/default/Block/header.twig:127 が会員の保有ポイントを桁区切りで表示し、単位は src/Eccube/Resource/locale/messages.ja.yaml:6531 の「pt」。	sheet-4_img2.png で「12,000pt」の表示を確認。	high	
sheet-4-R040	MATCHED				★会員未ログインの場合、非表示にする	未ログインのときはポイント表示自体を出さない。	src/Eccube/Resource/template/default/Block/header.twig:124-130		src/Eccube/Resource/template/default/Block/header.twig:125 でログイン会員のときだけポイントを描画しており、未ログインでは何も出ない。	sheet-4_img4.png（会員未ログインの場合）ではポイント表示が無く、sheet-4_img2.png（ログイン済み）にはある。図と一致。	high	
sheet-4-R041	OUT_OF_SCOPE								「・(3)日英切替について」という小見出し。ふるまいは同ブロックのsheet-4-R042/R043で判定した。		high	
sheet-4-R042	MATCHED				・押下すると、表示中のサイトから英語版/日本語版サイトに遷移する	日英切替を押すと、表示中の画面のまま英語版／日本語版へ切り替わる。	src/Eccube/Resource/template/default/Block/header.twig:115-121		src/Eccube/Resource/template/default/Block/header.twig:117-118 が現在の画面のまま表示言語だけを入れ替えた行き先へのリンクを作っている（スマホ幅で表示される切替ボタン）。	sheet-4_img2.png/img4.png（画面上部固定エリア）: HARERUYAロゴ・12,000pt・EN・メニューアイコン、ショップ/買取/記事/デッキ/イベント/店舗一覧、カードセット選択＋「商品名またはキーワードを入力してください」＋虫眼鏡を確認	high	
sheet-4-R043	DESIGN_ISSUE				・英語版サイトでは「EN」、日本語版サイトでは「JP」と表示する		src/Eccube/Resource/template/default/Block/header.twig:115-121		本文は「英語版サイトでは「EN」、日本語版サイトでは「JP」と表示する」と述べるが、同シートのレイアウト図（画像レイヤー、sheet-4_img2.png）は日本語表示のスマホ版ナビ（12,000pt・ショップ/買取/記事/デッキ/イベント/店舗一覧）の切替ボタンに「EN」を描いており、日本語版サイトで「JP」とする本文と矛盾する。実装 src/Eccube/Resource/template/default/Block/header.twig:119 は日本語表示のとき「EN」の切替表示にしており図と一致するため、どちらを正とするかの設計裁定が要る。	sheet-4_img2.png: 日本語表示のスマホ版ナビ（12,000pt・ショップ/買取/記事…）で切替ボタンに「EN」が描かれている。図は「日本語版サイトでは「JP」」という本文記述と一致しない	high	
sheet-4-R044	OUT_OF_SCOPE								「★(12)商品検索テキストボックスについて」という小見出し。ふるまいは同ブロックのsheet-4-R045/R047で判定した。		high	
sheet-4-R045	MATCHED				★ユニサーチの商品名サジェスト機能あり	商品検索の入力に応じて商品名のサジェスト候補が出る。	src/Eccube/Resource/template/default/Block/search_product.twig:110-115; src/Eccube/Resource/template/default/Block/js/header_search_unisuggest_js.twig		src/Eccube/Resource/template/default/Block/search_product.twig:115 にサジェストの表示領域があり、src/Eccube/Resource/template/default/Block/js/header_search_unisuggest_js.twig で入力に応じた候補取得と表示を行っている。	sheet-4_img2.png/img4.png（画面上部固定エリア）: HARERUYAロゴ・12,000pt・EN・メニューアイコン、ショップ/買取/記事/デッキ/イベント/店舗一覧、カードセット選択＋「商品名またはキーワードを入力してください」＋虫眼鏡を確認	high	
sheet-4-R046	OUT_OF_SCOPE								「PC版ナビゲーションシート参照」という他シートへの参照指示。		high	
sheet-4-R047	MATCHED				・(13)検索を押下すると、(11)カードセットと(12)商品検索テキストボックスで入力した値で絞り込み検索された商品一覧画面へ遷移する	検索を押すと、選んだカードセットと入力キーワードで絞り込まれた商品一覧画面へ移動する。	src/Eccube/Resource/template/default/Block/search_product.twig:88-113		src/Eccube/Resource/template/default/Block/search_product.twig:88 のフォームが商品一覧画面へ送信され、同:107 のカードセットと同:110 のキーワードが検索条件として渡る。送信は同:111 の検索ボタン。	sheet-4_img2.png/img4.png（画面上部固定エリア）: HARERUYAロゴ・12,000pt・EN・メニューアイコン、ショップ/買取/記事/デッキ/イベント/店舗一覧、カードセット選択＋「商品名またはキーワードを入力してください」＋虫眼鏡を確認	high	
sheet-4-R048	MATCHED				★(16)詳細検索を押下すると、詳細検索モーダルを表示する	(16)詳細検索を押すと詳細検索モーダルが開く。	src/Eccube/Resource/template/default/Block/bottom_nav.twig:122; src/Eccube/Resource/template/default/Block/header.twig:181		src/Eccube/Resource/template/default/Block/bottom_nav.twig:122 の詳細検索ボタンが商品検索モーダルを開き、モーダル本体は src/Eccube/Resource/template/default/Block/header.twig:181 で同ページに置かれている。	sheet-4_img1.png/img6.png/img8.png（画面下部固定エリア）: カート/お気に入り/詳細検索/カテゴリ/マイページ（未ログイン時はログイン）を確認	high	
sheet-4-R049	OUT_OF_SCOPE								詳細検索モーダルの中身は別紙0303「詳細検索」シートで定義される旨の参照指示であり、本シートの実装要求ではない。		high	
sheet-4-R050	MATCHED				・(14)カートにて、カート内に商品がある場合、以下のようにカート内の商品数を表示する	カート内に商品があるとき、カートアイコンにカート内商品数を表示する。	src/Eccube/Resource/template/default/Block/bottom_nav.twig:61-71		src/Eccube/Resource/template/default/Block/bottom_nav.twig:65-67 が数量>0のときだけ件数バッジを出す。件数は src/Eccube/Service/Block/BottomNavBlockPayloadBuilder.php:72-75 でカート内の合計数量から求めている。	sheet-4_img10.png（参考図）でカートアイコンに数量バッジ「99」が描かれているのと同じ形。	high	
sheet-4-R051	OUT_OF_SCOPE								「★(15)お気に入りについて」という小見出し。ふるまいは同ブロックのsheet-4-R052以降で判定した。		high	
sheet-4-R052	MATCHED				★押下すると、お気に入り商品一覧画面へ遷移する	お気に入りを押すとお気に入り商品一覧画面へ移動する。	src/Eccube/Resource/template/default/Block/bottom_nav.twig:76		src/Eccube/Resource/template/default/Block/bottom_nav.twig:76 でお気に入り項目がお気に入り商品一覧へのリンクになっている。	sheet-4_img1.png/img6.png/img8.png（画面下部固定エリア）: カート/お気に入り/詳細検索/カテゴリ/マイページ（未ログイン時はログイン）を確認	high	
sheet-4-R053	MATCHED				★会員が未ログインの場合に押下すると、ログイン/会員登録を促すモーダルを表示する	未ログイン会員がお気に入りを押すと、ログインと会員登録を促すモーダルが開く。	src/Eccube/Resource/template/default/Block/bottom_nav.twig:86; src/Eccube/Resource/template/default/Block/_top_favorite_login_modal.twig:11-56		src/Eccube/Resource/template/default/Block/bottom_nav.twig:85-91 が未ログイン時の分岐でモーダルを開き、src/Eccube/Resource/template/default/Block/_top_favorite_login_modal.twig:25-55 にログインと会員登録の導線がある。	sheet-4_img1.png/img6.png/img8.png（画面下部固定エリア）: カート/お気に入り/詳細検索/カテゴリ/マイページ（未ログイン時はログイン）を確認	high	
sheet-4-R054	OUT_OF_SCOPE								モーダルの中身は別紙0303「お気に入り」シートで定義される旨の参照指示。		high	
sheet-4-R055	MATCHED				★お気に入り登録済み商品がある場合、以下のように商品数を表示する	お気に入り登録済み商品があるとき、お気に入りアイコンに商品数を表示する。	src/Eccube/Resource/template/default/Block/bottom_nav.twig:79-81		src/Eccube/Resource/template/default/Block/bottom_nav.twig:79-81 が件数>0のときだけ商品数のバッジを表示する。	sheet-4_img1.png/img6.png/img8.png（画面下部固定エリア）: カート/お気に入り/詳細検索/カテゴリ/マイページ（未ログイン時はログイン）を確認	high	
sheet-4-R056	MATCHED				★会員が未ログインの場合、(15)お気に入りを押下すると、ログイン/会員登録を促すモーダルを表示する	未ログイン会員が(15)お気に入りを押すと、ログイン/会員登録を促すモーダルが開く。	src/Eccube/Resource/template/default/Block/bottom_nav.twig:85-91; src/Eccube/Resource/template/default/Block/header.twig:185-186		src/Eccube/Resource/template/default/Block/bottom_nav.twig:86 が未ログイン時にモーダルを開く指定を持ち、src/Eccube/Resource/template/default/Block/header.twig:185-186 が未ログイン時にそのモーダルを描画している。	sheet-4_img1.png/img6.png/img8.png（画面下部固定エリア）: カート/お気に入り/詳細検索/カテゴリ/マイページ（未ログイン時はログイン）を確認	high	
sheet-4-R057	OUT_OF_SCOPE								モーダルの中身は別紙0303「お気に入り」シートで定義される旨の参照指示。		high	
sheet-4-R058	OUT_OF_SCOPE								「★(18)ログイン/マイページについて」という小見出し。ふるまいは同ブロックのsheet-4-R060〜R064で判定した。		high	
sheet-4-R059	OUT_OF_SCOPE								「以下1~2の仕様とする」という前置き行。実体はsheet-4-R060/R061で判定した。		high	
sheet-4-R060	MATCHED				1　「ログイン」と表示する	未ログインのとき、下部固定ナビの該当項目に「ログイン」と表示する。	src/Eccube/Resource/template/default/Block/bottom_nav.twig:151-157		src/Eccube/Resource/template/default/Block/bottom_nav.twig:156 のラベルは src/Eccube/Resource/locale/messages.ja.yaml:344 で「ログイン」。	sheet-4_img6.png（会員未ログインの場合）で右端が「ログイン」表記なのを確認。	high	
sheet-4-R061	MATCHED				2　 押下するとログイン画面に遷移する	未ログインのとき、その項目を押すとログイン画面へ移動する。	src/Eccube/Resource/template/default/Block/bottom_nav.twig:152		src/Eccube/Resource/template/default/Block/bottom_nav.twig:152 が未ログイン時にログイン画面へのリンクになっている。	sheet-4_img1.png/img6.png/img8.png（画面下部固定エリア）: カート/お気に入り/詳細検索/カテゴリ/マイページ（未ログイン時はログイン）を確認	high	
sheet-4-R062	OUT_OF_SCOPE								「以下1~2の仕様とする」という前置き行。実体はsheet-4-R063/R064で判定した。		high	
sheet-4-R063	MATCHED				1　「マイページ」と表示する	ログイン済みのとき、下部固定ナビの該当項目に「マイページ」と表示する。	src/Eccube/Resource/template/default/Block/bottom_nav.twig:143-150		src/Eccube/Resource/template/default/Block/bottom_nav.twig:149 のラベルは src/Eccube/Resource/locale/messages.ja.yaml:342 で「マイページ」。	sheet-4_img8.png（会員ログイン済みの場合）で右端が「マイページ」表記なのを確認。	high	
sheet-4-R064	MATCHED				2　 押下すると、マイページ画面に遷移する	ログイン済みのとき、その項目を押すとマイページ画面へ移動する。	src/Eccube/Resource/template/default/Block/bottom_nav.twig:145		src/Eccube/Resource/template/default/Block/bottom_nav.twig:145 がログイン会員のときマイページへのリンクになっている。	sheet-4_img1.png/img6.png/img8.png（画面下部固定エリア）: カート/お気に入り/詳細検索/カテゴリ/マイページ（未ログイン時はログイン）を確認	high	
sheet-4-R065	OUT_OF_SCOPE								通知インジケーターの表示。同ブロック直後に「※通知はフェーズ2以降で設計予定とする」とあり、現行仕様節でも「スマホ版ナビゲーション上の通知 はフェーズ2対応」と宣言されているためフェーズ1の実装対象外。		high	
sheet-4-R066	OUT_OF_SCOPE								行そのものが「フェーズ2以降で設計予定」と宣言している。		high	
sheet-4-R067	OUT_OF_SCOPE								他シート（通知）への参照指示。		high	
sheet-4-R068	OUT_OF_SCOPE								項目表のヘッダ行の折り返し（「または最大値/初期値/画面部品の説明」）であり要求ではない。		high	
sheet-4-R069	MATCHED				"1	HARERUYA	リンク	-	-	-	・押下すると、ECTOP画面へ遷移する"	画面上部のHARERUYAロゴを押すとECTOP画面へ移動する。	src/Eccube/Resource/template/default/Block/header.twig:38-44		src/Eccube/Resource/template/default/Block/header.twig:39 でロゴがトップ画面へのリンクになっている。スクロール時の縮小ロゴも同:137 で同じ行き先。	sheet-4_img2.png/img4.png（画面上部固定エリア）: HARERUYAロゴ・12,000pt・EN・メニューアイコン、ショップ/買取/記事/デッキ/イベント/店舗一覧、カードセット選択＋「商品名またはキーワードを入力してください」＋虫眼鏡を確認	high	
sheet-4-R070	MATCHED				"2	ポイント	リンク	-	-	-	・押下すると、マイページへ遷移する"	(2)ポイントを押すとマイページへ移動する。	src/Eccube/Resource/template/default/Block/header.twig:126		src/Eccube/Resource/template/default/Block/header.twig:126 でポイント表示がマイページへのリンクになっている。	sheet-4_img2.png/img4.png（画面上部固定エリア）: HARERUYAロゴ・12,000pt・EN・メニューアイコン、ショップ/買取/記事/デッキ/イベント/店舗一覧、カードセット選択＋「商品名またはキーワードを入力してください」＋虫眼鏡を確認	high	
sheet-4-R071	MATCHED				・会員が保有するポイントを表示する	(2)ポイントに会員が保有するポイントを表示する。	src/Eccube/Resource/template/default/Block/header.twig:127		src/Eccube/Resource/template/default/Block/header.twig:127 が会員の保有ポイントを表示している。	sheet-4_img2.png で「12,000pt」を確認。	high	
sheet-4-R072	MATCHED				・会員未ログインの場合、非表示にする	会員未ログインの場合、(2)ポイントを表示しない。	src/Eccube/Resource/template/default/Block/header.twig:124-130		src/Eccube/Resource/template/default/Block/header.twig:125 でログイン会員のときだけポイントを描画している。	sheet-4_img4.png（会員未ログインの場合）にポイント表示が無いことを確認。	high	
sheet-4-R073	MATCHED				"3	日英切替	リンク	-	-	-	・押下すると、表示中のサイトから英語版/日本語版サイトに遷移する"	(3)日英切替を押すと、表示中のサイトから英語版/日本語版サイトへ移動する。	src/Eccube/Resource/template/default/Block/header.twig:115-121		src/Eccube/Resource/template/default/Block/header.twig:117-118 が表示言語だけを入れ替えた同じ画面への行き先を作っている。	sheet-4_img2.png/img4.png（画面上部固定エリア）: HARERUYAロゴ・12,000pt・EN・メニューアイコン、ショップ/買取/記事/デッキ/イベント/店舗一覧、カードセット選択＋「商品名またはキーワードを入力してください」＋虫眼鏡を確認	high	
sheet-4-R074	DESIGN_ISSUE				・英語版サイトでは「EN」、日本語版サイトでは「JP」と表示する		src/Eccube/Resource/template/default/Block/header.twig:115-121		本文は「英語版サイトでは「EN」、日本語版サイトでは「JP」と表示する」と述べるが、同シートのレイアウト図（画像レイヤー、sheet-4_img2.png）は日本語表示のスマホ版ナビ（12,000pt・ショップ/買取/記事/デッキ/イベント/店舗一覧）の切替ボタンに「EN」を描いており、日本語版サイトで「JP」とする本文と矛盾する。実装 src/Eccube/Resource/template/default/Block/header.twig:119 は日本語表示のとき「EN」の切替表示にしており図と一致するため、どちらを正とするかの設計裁定が要る。	sheet-4_img2.png: 日本語表示のスマホ版ナビ（12,000pt・ショップ/買取/記事…）で切替ボタンに「EN」が描かれている。図は「日本語版サイトでは「JP」」という本文記述と一致しない	high	
sheet-4-R075	OUT_OF_SCOPE								(4)メニューの説明が「メニュー欄に記載」という参照指示のみ。実体はメニュー一覧ブロックで判定される。		high	
sheet-4-R076	MATCHED				"5	ショップ	リンク	-	-	-	・押下すると、ECTOP画面へ遷移する"	(5)ショップを押すとECTOP画面へ移動する。	src/Eccube/Resource/template/default/Block/header.twig:62-64		src/Eccube/Resource/template/default/Block/header.twig:63 がトップ画面へのリンク。ラベルは front.nav.shop。	sheet-4_img2.png/img4.png（画面上部固定エリア）: HARERUYAロゴ・12,000pt・EN・メニューアイコン、ショップ/買取/記事/デッキ/イベント/店舗一覧、カードセット選択＋「商品名またはキーワードを入力してください」＋虫眼鏡を確認	high	
sheet-4-R077	MATCHED				"6	買取	リンク	-	-	-	・押下すると、買取TOP画面へ遷移する"	(6)買取を押すと買取TOP画面へ移動する。	src/Eccube/Resource/template/default/Block/header.twig:65-67		src/Eccube/Resource/template/default/Block/header.twig:66 が買取TOP画面へのリンク。	sheet-4_img2.png/img4.png（画面上部固定エリア）: HARERUYAロゴ・12,000pt・EN・メニューアイコン、ショップ/買取/記事/デッキ/イベント/店舗一覧、カードセット選択＋「商品名またはキーワードを入力してください」＋虫眼鏡を確認	high	
sheet-4-R078	MATCHED				"7	記事	リンク	-	-	-	・押下すると、記事一覧画面へ遷移する"	(7)記事を押すと記事一覧画面へ移動する。	src/Eccube/Resource/template/default/Block/header.twig:68-70		src/Eccube/Resource/template/default/Block/header.twig:69 が記事一覧（article.hareruyamtg.com）へのリンク。	sheet-4_img2.png/img4.png（画面上部固定エリア）: HARERUYAロゴ・12,000pt・EN・メニューアイコン、ショップ/買取/記事/デッキ/イベント/店舗一覧、カードセット選択＋「商品名またはキーワードを入力してください」＋虫眼鏡を確認	high	
sheet-4-R079	OUT_OF_SCOPE								(8)デッキの説明が「デッキ欄に記載」という参照指示のみ。実体はデッキブロック（sheet-4-R138以降）で判定される。		high	
sheet-4-R080	MATCHED				"9	イベント	リンク	-	-	-	・押下すると、イベントTOP画面へ遷移する"	(9)イベントを押すとイベントTOP画面へ移動する。	src/Eccube/Resource/template/default/Block/header.twig:96-98		src/Eccube/Resource/template/default/Block/header.twig:97 がイベントTOP画面へのリンク。	sheet-4_img2.png/img4.png（画面上部固定エリア）: HARERUYAロゴ・12,000pt・EN・メニューアイコン、ショップ/買取/記事/デッキ/イベント/店舗一覧、カードセット選択＋「商品名またはキーワードを入力してください」＋虫眼鏡を確認	high	
sheet-4-R081	MATCHED				"10	店舗一覧	リンク	-	-	-	・押下すると、店舗一覧画面へ遷移する"	(10)店舗一覧を押すと店舗一覧画面へ移動する。	src/Eccube/Resource/template/default/Block/header.twig:99-101		src/Eccube/Resource/template/default/Block/header.twig:100 が店舗一覧画面へのリンク。	sheet-4_img2.png/img4.png（画面上部固定エリア）: HARERUYAロゴ・12,000pt・EN・メニューアイコン、ショップ/買取/記事/デッキ/イベント/店舗一覧、カードセット選択＋「商品名またはキーワードを入力してください」＋虫眼鏡を確認	high	
sheet-4-R082	MATCHED				"11	カードセット	単一選択	-	-	-	※カスタマイズ対応、新規追加"	(11)カードセットを商品検索欄に置き、1件だけ選べるようにする。	src/Eccube/Resource/template/default/Block/search_product.twig:88-108		src/Eccube/Resource/template/default/Block/search_product.twig:90-107 にカードセット選択のドロップダウンがあり、選んだ1件の値だけが検索条件に入る。既定表示は src/Eccube/Resource/locale/messages.ja.yaml:6509 の「カードセット」。	sheet-4_img2.png/img4.png（画面上部固定エリア）: HARERUYAロゴ・12,000pt・EN・メニューアイコン、ショップ/買取/記事/デッキ/イベント/店舗一覧、カードセット選択＋「商品名またはキーワードを入力してください」＋虫眼鏡を確認	high	
sheet-4-R083	MATCHED				・管理画面＞カード管理＞カードセット管理で登録されているカードセットを選択肢とする	選択肢は管理画面のカードセット管理に登録されているカードセットとする。	src/Eccube/Resource/template/default/Block/search_product.twig:100-104; src/Eccube/Service/Block/SearchProductBlockPayloadBuilder.php:77; src/Eccube/Repository/Master/MtbCardsetRepository.php:61-79		src/Eccube/Service/Block/SearchProductBlockPayloadBuilder.php:77 がカードセットマスタから選択肢を取り、src/Eccube/Resource/template/default/Block/search_product.twig:100-104 が選択肢として並べる。ただし src/Eccube/Repository/Master/MtbCardsetRepository.php:63-76 で表示フラグと発売日（発売1時間前以降）による絞り込みが入り、未発売・非表示のセットは出ない。		med	
sheet-4-R084	MATCHED				"12	商品検索テキストボックス	半角・全角	-	-	-	・プレースホルダ: 商品名またはキーワードを入力してください"	(12)商品検索テキストボックスのプレースホルダを「商品名またはキーワードを入力してください」とする。	src/Eccube/Resource/template/default/Block/search_product.twig:110; src/Eccube/Resource/locale/messages.ja.yaml:6511		src/Eccube/Resource/template/default/Block/search_product.twig:110 のプレースホルダは src/Eccube/Resource/locale/messages.ja.yaml:6511 で「商品名またはキーワードを入力してください」。	sheet-4_img2.png のテキストボックスに同じ文言が描かれている。	high	
sheet-4-R085	MATCHED				・ユニサーチの商品名サジェスト機能あり	(12)商品検索テキストボックスに商品名のサジェスト候補を出す。	src/Eccube/Resource/template/default/Block/search_product.twig:110-115; src/Eccube/Resource/template/default/Block/js/header_search_unisuggest_js.twig		src/Eccube/Resource/template/default/Block/search_product.twig:115 のサジェスト表示領域と src/Eccube/Resource/template/default/Block/js/header_search_unisuggest_js.twig の候補取得・表示処理で実現されている。	sheet-4_img2.png/img4.png（画面上部固定エリア）: HARERUYAロゴ・12,000pt・EN・メニューアイコン、ショップ/買取/記事/デッキ/イベント/店舗一覧、カードセット選択＋「商品名またはキーワードを入力してください」＋虫眼鏡を確認	high	
sheet-4-R086	OUT_OF_SCOPE								ユニサーチの詳細は別紙0303「商品一覧」シートを見よという参照指示。		high	
sheet-4-R087	MATCHED				"13	検索	ボタン	-	-	-	・押下すると、(11)カードセットと(12)商品検索テキストボックスで入力した値で絞り込み検索された商品一覧画面へ遷移する"	(13)検索を押すと、カードセットとキーワードで絞り込まれた商品一覧画面へ移動する。	src/Eccube/Resource/template/default/Block/search_product.twig:88-113		src/Eccube/Resource/template/default/Block/search_product.twig:111 の検索ボタンで同:88 のフォームが商品一覧画面へ送られ、同:107 のカードセットと同:110 のキーワードが条件になる。	sheet-4_img2.png/img4.png（画面上部固定エリア）: HARERUYAロゴ・12,000pt・EN・メニューアイコン、ショップ/買取/記事/デッキ/イベント/店舗一覧、カードセット選択＋「商品名またはキーワードを入力してください」＋虫眼鏡を確認	high	
sheet-4-R088	MATCHED				"14	カート	リンク	-	-	-	・カート内に商品がある場合、カート内の商品数を表示する"	(14)カートは、カート内に商品があるときカート内の商品数を表示する。	src/Eccube/Resource/template/default/Block/bottom_nav.twig:61-71		src/Eccube/Resource/template/default/Block/bottom_nav.twig:65-67 が数量>0のときだけ件数を表示する。	sheet-4_img1.png/img6.png/img8.png（画面下部固定エリア）: カート/お気に入り/詳細検索/カテゴリ/マイページ（未ログイン時はログイン）を確認	high	
sheet-4-R089	MATCHED				・押下すると、カート画面へ遷移する	(14)カートを押すとカート画面へ移動する。	src/Eccube/Resource/template/default/Block/bottom_nav.twig:62		src/Eccube/Resource/template/default/Block/bottom_nav.twig:62 がカート画面へのリンク（買取画面では買取カート）。	sheet-4_img1.png/img6.png/img8.png（画面下部固定エリア）: カート/お気に入り/詳細検索/カテゴリ/マイページ（未ログイン時はログイン）を確認	high	
sheet-4-R090	MATCHED				"15	お気に入り	リンク	-	-	-	※カスタマイズ対応、新規追加"	(15)お気に入りを画面下部固定ナビに新規に設ける。	src/Eccube/Resource/template/default/Block/bottom_nav.twig:73-94		src/Eccube/Resource/template/default/Block/bottom_nav.twig:73-94 にお気に入り項目がある。	sheet-4_img1.png/img6.png/img8.png（画面下部固定エリア）: カート/お気に入り/詳細検索/カテゴリ/マイページ（未ログイン時はログイン）を確認	high	
sheet-4-R091	MATCHED				・押下すると、お気に入り商品一覧画面へ遷移する	(15)お気に入りを押すとお気に入り商品一覧画面へ移動する。	src/Eccube/Resource/template/default/Block/bottom_nav.twig:76		src/Eccube/Resource/template/default/Block/bottom_nav.twig:76 がお気に入り商品一覧へのリンク。	sheet-4_img1.png/img6.png/img8.png（画面下部固定エリア）: カート/お気に入り/詳細検索/カテゴリ/マイページ（未ログイン時はログイン）を確認	high	
sheet-4-R092	MATCHED				・会員未ログインの場合に押下すると、ログイン/会員登録を促すモーダルを表示する	会員未ログインの場合に(15)お気に入りを押すと、ログイン/会員登録を促すモーダルが開く。	src/Eccube/Resource/template/default/Block/bottom_nav.twig:85-91		src/Eccube/Resource/template/default/Block/bottom_nav.twig:86 が未ログイン時にモーダルを開き、src/Eccube/Resource/template/default/Block/_top_favorite_login_modal.twig:25-55 にログインと会員登録の導線がある。	sheet-4_img1.png/img6.png/img8.png（画面下部固定エリア）: カート/お気に入り/詳細検索/カテゴリ/マイページ（未ログイン時はログイン）を確認	high	
sheet-4-R093	OUT_OF_SCOPE								モーダルの中身は別紙0303「お気に入り機能」シートで定義される旨の参照指示。		high	
sheet-4-R094	MATCHED				・お気に入り登録済み商品がある場合、商品数を表示する	(15)お気に入りは、お気に入り登録済み商品があるとき商品数を表示する。	src/Eccube/Resource/template/default/Block/bottom_nav.twig:79-81		src/Eccube/Resource/template/default/Block/bottom_nav.twig:79-81 が件数>0のときだけ商品数を表示する。	sheet-4_img1.png/img6.png/img8.png（画面下部固定エリア）: カート/お気に入り/詳細検索/カテゴリ/マイページ（未ログイン時はログイン）を確認	high	
sheet-4-R095	MATCHED				"16	詳細検索	詳細検索モーダル表示ボタン	-	-	-	・押下すると、詳細検索モーダルを表示する"	(16)詳細検索を押すと詳細検索モーダルが開く。	src/Eccube/Resource/template/default/Block/bottom_nav.twig:121-129; src/Eccube/Resource/template/default/Block/header.twig:181		src/Eccube/Resource/template/default/Block/bottom_nav.twig:122 のボタンで商品の詳細検索モーダルが開く。モーダル本体は src/Eccube/Resource/template/default/Block/header.twig:181。	sheet-4_img1.png/img6.png/img8.png（画面下部固定エリア）: カート/お気に入り/詳細検索/カテゴリ/マイページ（未ログイン時はログイン）を確認	high	
sheet-4-R096	OUT_OF_SCOPE								モーダルの中身は別紙0303「詳細検索」シートで定義される旨の参照指示。		high	
sheet-4-R097	OUT_OF_SCOPE								(17)カテゴリの説明が「カテゴリ欄に記載」という参照指示のみ。実体はカテゴリブロック（sheet-4-R143以降）で判定される。		high	
sheet-4-R098	OUT_OF_SCOPE								(18)の備考は「会員に通知がある場合、インジケーターを表示する」で、同ブロックに「※通知はフェーズ2以降で設計予定とする」とあり、現行仕様節でも通知はフェーズ2対応と宣言されているためフェーズ1の実装対象外。		high	
sheet-4-R099	OUT_OF_SCOPE								「以下1~2の仕様とする」という前置き行。実体はsheet-4-R100/R101で判定した。		high	
sheet-4-R100	MATCHED				1 「ログイン」と表示する	会員未ログインの場合、(18)に「ログイン」と表示する。	src/Eccube/Resource/template/default/Block/bottom_nav.twig:156		src/Eccube/Resource/template/default/Block/bottom_nav.twig:156 のラベルは src/Eccube/Resource/locale/messages.ja.yaml:344 で「ログイン」。	sheet-4_img6.png（会員未ログインの場合）で確認。	high	
sheet-4-R101	MATCHED				2 押下するとログイン画面に遷移する	会員未ログインの場合、(18)を押すとログイン画面へ移動する。	src/Eccube/Resource/template/default/Block/bottom_nav.twig:152		src/Eccube/Resource/template/default/Block/bottom_nav.twig:152 がログイン画面へのリンク。	sheet-4_img1.png/img6.png/img8.png（画面下部固定エリア）: カート/お気に入り/詳細検索/カテゴリ/マイページ（未ログイン時はログイン）を確認	high	
sheet-4-R102	OUT_OF_SCOPE								「以下1~2の仕様とする」という前置き行。実体はsheet-4-R103で判定した。		high	
sheet-4-R103	MATCHED				1 「マイページ」と表示する	会員ログイン済みの場合、(18)に「マイページ」と表示する。	src/Eccube/Resource/template/default/Block/bottom_nav.twig:149		src/Eccube/Resource/template/default/Block/bottom_nav.twig:149 のラベルは src/Eccube/Resource/locale/messages.ja.yaml:342 で「マイページ」。	sheet-4_img8.png（会員ログイン済みの場合）で確認。	high	
sheet-4-R104	MATCHED				2 押下すると、マイページ画面に遷移する		src/Eccube/Resource/template/default/Block/bottom_nav.twig:145		会員ログイン済みのとき下部ナビの該当項目は「マイページ」表示でマイページ画面へのリンクになる（src/Eccube/Resource/template/default/Block/bottom_nav.twig:143-150）。ヘッダ側も src/Eccube/Resource/template/default/Block/header_user.twig:28 で同じ遷移先。	sheet-4_img6/img7（未ログイン時の下部ナビ「ログイン」）とsheet-4_img1/img8（ログイン時の「マイページ」）を確認。インジケーターを描いた図はレイアウト図には無い。	high	
sheet-4-R105	OUT_OF_SCOPE								同ブロックの次行「※通知はフェーズ2以降で設計予定とする」が本項目をフェーズ2対応と宣言しており（Ph2台帳 0302-F02-02「スマホ版ナビゲーション上の通知」）、フェーズ1の実装対象外。	sheet-4_img6/img7（未ログイン時の下部ナビ「ログイン」）とsheet-4_img1/img8（ログイン時の「マイページ」）を確認。インジケーターを描いた図はレイアウト図には無い。	high	
sheet-4-R106	OUT_OF_SCOPE								行そのものがフェーズ2対応を宣言している注記。実装対象の要求ではない。	sheet-4_img6/img7（未ログイン時の下部ナビ「ログイン」）とsheet-4_img1/img8（ログイン時の「マイページ」）を確認。インジケーターを描いた図はレイアウト図には無い。	high	
sheet-4-R107	OUT_OF_SCOPE								他シート（通知）への参照指示であり、それ自体は実装要求ではない。参照先の通知機能はPh2台帳 0302-F02-05 でフェーズ2対応。	sheet-4_img6/img7（未ログイン時の下部ナビ「ログイン」）とsheet-4_img1/img8（ログイン時の「マイページ」）を確認。インジケーターを描いた図はレイアウト図には無い。	high	
sheet-4-R108	MATCHED						src/Eccube/Resource/template/default/Block/footer.twig:32-49		フッタ上部の静的コンテンツ（決済対応/店頭受取/即日発送/ポイント）が固定ラベルとして4件並ぶ（src/Eccube/Resource/template/default/Block/footer.twig:32-49）。	sheet-4_img3/img16/img18/img20（同一のスマホ版フッタ図）で、静的コンテンツ4項目・「晴れる屋で働こう！」バナー・HARERUYA2/HARERUYA3バナー・サイトマップ/会社情報/お得な情報の開閉見出し・最下部のHARERUYAロゴの並びを確認した。	high	
sheet-4-R109	MATCHED						src/Eccube/Resource/template/default/Block/footer.twig:54		採用ページのバナーが別タブで開くリンクとして置かれている（src/Eccube/Resource/template/default/Block/footer.twig:54）。	sheet-4_img3/img16/img18/img20（同一のスマホ版フッタ図）で、静的コンテンツ4項目・「晴れる屋で働こう！」バナー・HARERUYA2/HARERUYA3バナー・サイトマップ/会社情報/お得な情報の開閉見出し・最下部のHARERUYAロゴの並びを確認した。	high	
sheet-4-R110	MATCHED						src/Eccube/Resource/template/default/Block/footer.twig:54		遷移先は https://corp.hareruyamtg.com/recruit（src/Eccube/Resource/template/default/Block/footer.twig:54）。設計のURL末尾の _gl/_ga は計測用パラメータで、遷移先ページは同一。	sheet-4_img3/img16/img18/img20（同一のスマホ版フッタ図）で、静的コンテンツ4項目・「晴れる屋で働こう！」バナー・HARERUYA2/HARERUYA3バナー・サイトマップ/会社情報/お得な情報の開閉見出し・最下部のHARERUYAロゴの並びを確認した。	high	
sheet-4-R111	MATCHED						src/Eccube/Resource/template/default/Block/footer.twig:60		HARERUYA2バナーが別タブで開くリンクとして置かれている（src/Eccube/Resource/template/default/Block/footer.twig:60）。	sheet-4_img3/img16/img18/img20（同一のスマホ版フッタ図）で、静的コンテンツ4項目・「晴れる屋で働こう！」バナー・HARERUYA2/HARERUYA3バナー・サイトマップ/会社情報/お得な情報の開閉見出し・最下部のHARERUYAロゴの並びを確認した。	high	
sheet-4-R112	MATCHED						src/Eccube/Resource/template/default/Block/footer.twig:60		遷移先は https://www.hareruya2.com/ で設計と一致（src/Eccube/Resource/template/default/Block/footer.twig:60）。	sheet-4_img3/img16/img18/img20（同一のスマホ版フッタ図）で、静的コンテンツ4項目・「晴れる屋で働こう！」バナー・HARERUYA2/HARERUYA3バナー・サイトマップ/会社情報/お得な情報の開閉見出し・最下部のHARERUYAロゴの並びを確認した。	high	
sheet-4-R113	MATCHED						src/Eccube/Resource/template/default/Block/footer.twig:65		HARERUYA3バナーが別タブで開くリンクとして置かれている（src/Eccube/Resource/template/default/Block/footer.twig:65）。	sheet-4_img3/img16/img18/img20（同一のスマホ版フッタ図）で、静的コンテンツ4項目・「晴れる屋で働こう！」バナー・HARERUYA2/HARERUYA3バナー・サイトマップ/会社情報/お得な情報の開閉見出し・最下部のHARERUYAロゴの並びを確認した。	high	
sheet-4-R114	MATCHED						src/Eccube/Resource/template/default/Block/footer.twig:65		遷移先は https://www.hareruya3.com/ で設計と一致（src/Eccube/Resource/template/default/Block/footer.twig:65）。	sheet-4_img3/img16/img18/img20（同一のスマホ版フッタ図）で、静的コンテンツ4項目・「晴れる屋で働こう！」バナー・HARERUYA2/HARERUYA3バナー・サイトマップ/会社情報/お得な情報の開閉見出し・最下部のHARERUYAロゴの並びを確認した。	high	
sheet-4-R115	MATCHED						src/Eccube/Resource/template/default/Block/footer_sitemap.twig:11-56		サイトマップ欄がフッタに独立した開閉ブロックとして存在する（src/Eccube/Resource/template/default/Block/footer_sitemap.twig:11-56、src/Eccube/Resource/template/default/Block/footer.twig:73）。	sheet-4_img3/img16/img18/img20（同一のスマホ版フッタ図）で、静的コンテンツ4項目・「晴れる屋で働こう！」バナー・HARERUYA2/HARERUYA3バナー・サイトマップ/会社情報/お得な情報の開閉見出し・最下部のHARERUYAロゴの並びを確認した。	high	
sheet-4-R116	MATCHED						src/Eccube/Resource/template/default/Block/footer_company.twig:11-37		会社情報欄がフッタに独立した開閉ブロックとして存在する（src/Eccube/Resource/template/default/Block/footer_company.twig:11-37、src/Eccube/Resource/template/default/Block/footer.twig:74）。	sheet-4_img3/img16/img18/img20（同一のスマホ版フッタ図）で、静的コンテンツ4項目・「晴れる屋で働こう！」バナー・HARERUYA2/HARERUYA3バナー・サイトマップ/会社情報/お得な情報の開閉見出し・最下部のHARERUYAロゴの並びを確認した。	high	
sheet-4-R117	MATCHED						src/Eccube/Resource/template/default/Block/footer_promo.twig:11-31		新規追加のお得な情報欄がフッタに独立した開閉ブロックとして存在する（src/Eccube/Resource/template/default/Block/footer_promo.twig:11-31、src/Eccube/Resource/template/default/Block/footer.twig:75）。	sheet-4_img3/img16/img18/img20（同一のスマホ版フッタ図）で、静的コンテンツ4項目・「晴れる屋で働こう！」バナー・HARERUYA2/HARERUYA3バナー・サイトマップ/会社情報/お得な情報の開閉見出し・最下部のHARERUYAロゴの並びを確認した。	high	
sheet-4-R118	MATCHED						src/Eccube/Resource/template/default/Block/footer_promo.twig:18-28		お得な情報欄の中身（晴れる屋X/晴れる屋Channel/請求フォーム）が同ブロックに記載されている（src/Eccube/Resource/template/default/Block/footer_promo.twig:18-28）。	sheet-4_img3/img16/img18/img20（同一のスマホ版フッタ図）で、静的コンテンツ4項目・「晴れる屋で働こう！」バナー・HARERUYA2/HARERUYA3バナー・サイトマップ/会社情報/お得な情報の開閉見出し・最下部のHARERUYAロゴの並びを確認した。	high	
sheet-4-R119	MATCHED						src/Eccube/Resource/template/default/Block/footer.twig:80		フッタ最下部のHARERUYAロゴがトップページ（ECTOP）へのリンクになっている（src/Eccube/Resource/template/default/Block/footer.twig:80）。	sheet-4_img3/img16/img18/img20（同一のスマホ版フッタ図）で、静的コンテンツ4項目・「晴れる屋で働こう！」バナー・HARERUYA2/HARERUYA3バナー・サイトマップ/会社情報/お得な情報の開閉見出し・最下部のHARERUYAロゴの並びを確認した。	high	
sheet-4-R120	OUT_OF_SCOPE								レイアウト図の見出し行。	sheet-4_img12（スマホのメニュー一覧を開いた図）で、ショップ/買取/記事/デッキ検索/デッキ構築/選手一覧/店舗一覧/イベント/ヘルプ/お問い合わせの10項目と、右上のメニュー表示アイコンを確認した。	high	
sheet-4-R121	OUT_OF_SCOPE								カスタマイズ要件が無いことを述べた方針記述で、実装対象の要求ではない。	sheet-4_img12（スマホのメニュー一覧を開いた図）で、ショップ/買取/記事/デッキ検索/デッキ構築/選手一覧/店舗一覧/イベント/ヘルプ/お問い合わせの10項目と、右上のメニュー表示アイコンを確認した。	high	
sheet-4-R122	MATCHED						src/Eccube/Resource/template/default/Block/mega_menu.twig:12-79		メニュー表示ボタン押下でメニュー一覧が開き、開いている状態で再度押下すると閉じる（src/Eccube/Resource/template/default/Block/mega_menu.twig:12-15 と html/template/default/assets/hareruya/js/hareruya-main.js:1 のメニュー開閉処理。1024px未満ではクリックのたびに開閉が入れ替わる）。	sheet-4_img12（スマホのメニュー一覧を開いた図）で、ショップ/買取/記事/デッキ検索/デッキ構築/選手一覧/店舗一覧/イベント/ヘルプ/お問い合わせの10項目と、右上のメニュー表示アイコンを確認した。	high	
sheet-4-R123	OUT_OF_SCOPE								項目表の見出し行の続き（または最大値/初期値/画面部品の説明）。	sheet-4_img12（スマホのメニュー一覧を開いた図）で、ショップ/買取/記事/デッキ検索/デッキ構築/選手一覧/店舗一覧/イベント/ヘルプ/お問い合わせの10項目と、右上のメニュー表示アイコンを確認した。	high	
sheet-4-R124	MATCHED						src/Eccube/Resource/template/default/Block/mega_menu.twig:12		メニュー表示ボタンが存在し、押下で(4-2)〜(4-11)の一覧が表示される（src/Eccube/Resource/template/default/Block/mega_menu.twig:12、開閉処理は html/template/default/assets/hareruya/js/hareruya-main.js:1）。	sheet-4_img12（スマホのメニュー一覧を開いた図）で、ショップ/買取/記事/デッキ検索/デッキ構築/選手一覧/店舗一覧/イベント/ヘルプ/お問い合わせの10項目と、右上のメニュー表示アイコンを確認した。	high	
sheet-4-R125	MATCHED						src/Eccube/Resource/template/default/Block/mega_menu.twig:19		「ショップ」がトップページ（ECTOP）へのリンク（src/Eccube/Resource/template/default/Block/mega_menu.twig:19）。	sheet-4_img12（スマホのメニュー一覧を開いた図）で、ショップ/買取/記事/デッキ検索/デッキ構築/選手一覧/店舗一覧/イベント/ヘルプ/お問い合わせの10項目と、右上のメニュー表示アイコンを確認した。	high	
sheet-4-R126	MATCHED						src/Eccube/Resource/template/default/Block/mega_menu.twig:25		「買取」が買取TOPへのリンク（src/Eccube/Resource/template/default/Block/mega_menu.twig:25）。	sheet-4_img12（スマホのメニュー一覧を開いた図）で、ショップ/買取/記事/デッキ検索/デッキ構築/選手一覧/店舗一覧/イベント/ヘルプ/お問い合わせの10項目と、右上のメニュー表示アイコンを確認した。	high	
sheet-4-R127	MATCHED						src/Eccube/Resource/template/default/Block/mega_menu.twig:31		「記事」が記事サイト（https://article.hareruyamtg.com/）へのリンク（src/Eccube/Resource/template/default/Block/mega_menu.twig:31）。	sheet-4_img12（スマホのメニュー一覧を開いた図）で、ショップ/買取/記事/デッキ検索/デッキ構築/選手一覧/店舗一覧/イベント/ヘルプ/お問い合わせの10項目と、右上のメニュー表示アイコンを確認した。	high	
sheet-4-R128	MATCHED						src/Eccube/Resource/template/default/Block/mega_menu.twig:37		「デッキ検索」がデッキ検索画面へのリンク（src/Eccube/Resource/template/default/Block/mega_menu.twig:37）。	sheet-4_img12（スマホのメニュー一覧を開いた図）で、ショップ/買取/記事/デッキ検索/デッキ構築/選手一覧/店舗一覧/イベント/ヘルプ/お問い合わせの10項目と、右上のメニュー表示アイコンを確認した。	high	
sheet-4-R129	NOT_IMPLEMENTED	P2	未実装	ふるまい	4-6 デッキ構築 リンク - - - ・押下すると、デッキTOP画面へ遷移する	スマホ版のメニュー一覧で「デッキ構築」を押下すると、デッキTOP画面が開く。	src/Eccube/Resource/template/default/Block/mega_menu.twig:42-48	「デッキ構築」の行はあるが、リンク先が「#」のまま（直前に「デッキ構築 TOP ルート実装後に href を差し替え」というTODOコメントが残る）。押下しても同じページに留まり、デッキTOP画面は開かない。ヘッダのデッキメニュー(8-2)やフッタのサイトマップ(23-7)は同じ項目を /decks へつないでおり、この行だけ未接続。	src/Eccube/Resource/template/default/Block/mega_menu.twig:44 の href が「#」。同ファイル:42 のTODOコメントが未接続であることを明示している。	sheet-4_img12（スマホのメニュー一覧を開いた図）で、ショップ/買取/記事/デッキ検索/デッキ構築/選手一覧/店舗一覧/イベント/ヘルプ/お問い合わせの10項目と、右上のメニュー表示アイコンを確認した。	high	mega_menu.twig-deck-build-link-missing
sheet-4-R130	MATCHED						src/Eccube/Resource/template/default/Block/mega_menu.twig:50		「選手一覧」が選手紹介サイト（https://pros.hareruyamtg.com/）へのリンク（src/Eccube/Resource/template/default/Block/mega_menu.twig:50）。	sheet-4_img12（スマホのメニュー一覧を開いた図）で、ショップ/買取/記事/デッキ検索/デッキ構築/選手一覧/店舗一覧/イベント/ヘルプ/お問い合わせの10項目と、右上のメニュー表示アイコンを確認した。	high	
sheet-4-R131	MATCHED						src/Eccube/Resource/template/default/Block/mega_menu.twig:56		「店舗一覧」が店舗一覧画面へのリンク（src/Eccube/Resource/template/default/Block/mega_menu.twig:56）。	sheet-4_img12（スマホのメニュー一覧を開いた図）で、ショップ/買取/記事/デッキ検索/デッキ構築/選手一覧/店舗一覧/イベント/ヘルプ/お問い合わせの10項目と、右上のメニュー表示アイコンを確認した。	high	
sheet-4-R132	MATCHED						src/Eccube/Resource/template/default/Block/mega_menu.twig:62		「イベント」がイベントTOPへのリンク（src/Eccube/Resource/template/default/Block/mega_menu.twig:62）。	sheet-4_img12（スマホのメニュー一覧を開いた図）で、ショップ/買取/記事/デッキ検索/デッキ構築/選手一覧/店舗一覧/イベント/ヘルプ/お問い合わせの10項目と、右上のメニュー表示アイコンを確認した。	high	
sheet-4-R133	MATCHED						src/Eccube/Resource/template/default/Block/mega_menu.twig:68		「ヘルプ」がヘルプ画面へのリンク（src/Eccube/Resource/template/default/Block/mega_menu.twig:68）。	sheet-4_img12（スマホのメニュー一覧を開いた図）で、ショップ/買取/記事/デッキ検索/デッキ構築/選手一覧/店舗一覧/イベント/ヘルプ/お問い合わせの10項目と、右上のメニュー表示アイコンを確認した。	high	
sheet-4-R134	MATCHED						src/Eccube/Resource/template/default/Block/mega_menu.twig:74		「お問い合わせ」がお問い合わせ画面へのリンク（src/Eccube/Resource/template/default/Block/mega_menu.twig:74）。	sheet-4_img12（スマホのメニュー一覧を開いた図）で、ショップ/買取/記事/デッキ検索/デッキ構築/選手一覧/店舗一覧/イベント/ヘルプ/お問い合わせの10項目と、右上のメニュー表示アイコンを確認した。	high	
sheet-4-R135	OUT_OF_SCOPE								レイアウト図の見出し行。	sheet-4_img13/img14（デッキメニューを開いた図）で、「デッキ」押下時に「デッキ構築」「デッキ検索」の2項目がドロップダウン表示されることを確認した。	high	
sheet-4-R136	OUT_OF_SCOPE								カスタマイズ要件が無いことを述べた方針記述で、実装対象の要求ではない。	sheet-4_img13/img14（デッキメニューを開いた図）で、「デッキ」押下時に「デッキ構築」「デッキ検索」の2項目がドロップダウン表示されることを確認した。	high	
sheet-4-R137	MATCHED						src/Eccube/Resource/template/default/Block/header.twig:71-89		デッキメニュー表示ボタン押下でデッキ構築/デッキ検索の2項目が開き、再度押下すると閉じる（src/Eccube/Resource/template/default/Block/header.twig:72-88 と html/template/default/assets/hareruya/js/hareruya-main.js:1 のデッキ開閉処理。1024px未満ではクリックのたびに開閉が入れ替わる）。	sheet-4_img13/img14（デッキメニューを開いた図）で、「デッキ」押下時に「デッキ構築」「デッキ検索」の2項目がドロップダウン表示されることを確認した。	high	
sheet-4-R138	OUT_OF_SCOPE								項目表の見出し行の続き。	sheet-4_img13/img14（デッキメニューを開いた図）で、「デッキ」押下時に「デッキ構築」「デッキ検索」の2項目がドロップダウン表示されることを確認した。	high	
sheet-4-R139	MATCHED						src/Eccube/Resource/template/default/Block/header.twig:72		デッキメニュー表示ボタンが存在し、押下で(8-2)(8-3)が表示される（src/Eccube/Resource/template/default/Block/header.twig:72）。	sheet-4_img13/img14（デッキメニューを開いた図）で、「デッキ」押下時に「デッキ構築」「デッキ検索」の2項目がドロップダウン表示されることを確認した。	high	
sheet-4-R140	MATCHED						src/Eccube/Resource/template/default/Block/header.twig:76		ドロップダウン1番目「デッキ構築」がデッキTOP（/decks）へのリンク（src/Eccube/Resource/template/default/Block/header.twig:76）。	sheet-4_img13/img14（デッキメニューを開いた図）で、「デッキ」押下時に「デッキ構築」「デッキ検索」の2項目がドロップダウン表示されることを確認した。	high	
sheet-4-R141	MATCHED						src/Eccube/Resource/template/default/Block/header.twig:82		ドロップダウン2番目「デッキ検索」がデッキ検索画面へのリンク（src/Eccube/Resource/template/default/Block/header.twig:82）。	sheet-4_img13/img14（デッキメニューを開いた図）で、「デッキ」押下時に「デッキ構築」「デッキ検索」の2項目がドロップダウン表示されることを確認した。	high	
sheet-4-R142	OUT_OF_SCOPE								レイアウト図の見出し行。	sheet-4_img15（カテゴリモーダルの図）で、右上の閉じるボタンと、最新セット/フォーマット別などのカテゴリツリーが第一階層から並ぶことを確認した。下部ナビの「カテゴリ」はsheet-4_img1/img6/img8で確認。	high	
sheet-4-R143	OUT_OF_SCOPE								カスタマイズ説明の小見出し。	sheet-4_img15（カテゴリモーダルの図）で、右上の閉じるボタンと、最新セット/フォーマット別などのカテゴリツリーが第一階層から並ぶことを確認した。下部ナビの「カテゴリ」はsheet-4_img1/img6/img8で確認。	high	
sheet-4-R144	MATCHED						src/Eccube/Resource/template/default/Block/bottom_nav.twig:132-141		下部ナビのカテゴリを押下するとカテゴリモーダルが開き（src/Eccube/Resource/template/default/Block/bottom_nav.twig:134、src/Eccube/Resource/template/default/Block/category_modal.twig:14）、中身は第一階層から下位へたどれるカテゴリツリー（src/Eccube/Resource/template/default/Block/_category_content.twig:11-57）。	sheet-4_img15（カテゴリモーダルの図）で、右上の閉じるボタンと、最新セット/フォーマット別などのカテゴリツリーが第一階層から並ぶことを確認した。下部ナビの「カテゴリ」はsheet-4_img1/img6/img8で確認。	high	
sheet-4-R145	OUT_OF_SCOPE								カスタマイズ要件以外は現行踏襲という方針記述で、個別の実装要求ではない。	sheet-4_img15（カテゴリモーダルの図）で、右上の閉じるボタンと、最新セット/フォーマット別などのカテゴリツリーが第一階層から並ぶことを確認した。下部ナビの「カテゴリ」はsheet-4_img1/img6/img8で確認。	high	
sheet-4-R146	OUT_OF_SCOPE								表示するカテゴリと画面部品を別紙0303「カテゴリ一覧」に委ねる参照指示であり、本書の判定対象ではない。	sheet-4_img15（カテゴリモーダルの図）で、右上の閉じるボタンと、最新セット/フォーマット別などのカテゴリツリーが第一階層から並ぶことを確認した。下部ナビの「カテゴリ」はsheet-4_img1/img6/img8で確認。	high	
sheet-4-R147	MATCHED						src/Eccube/Resource/template/default/Block/category_modal.twig:14-17		モーダルは閉じるボタン（src/Eccube/Resource/template/default/Block/category_modal.twig:15）、カテゴリアイコンの再押下（src/Eccube/Resource/template/default/Block/bottom_nav.twig:134 のボタンで開閉が入れ替わる）、枠外のオーバーレイ押下の3経路で閉じる（html/template/default/assets/hareruya/js/hareruya-main.js:1 のカテゴリモーダル処理）。	sheet-4_img15（カテゴリモーダルの図）で、右上の閉じるボタンと、最新セット/フォーマット別などのカテゴリツリーが第一階層から並ぶことを確認した。下部ナビの「カテゴリ」はsheet-4_img1/img6/img8で確認。	high	
sheet-4-R148	OUT_OF_SCOPE								項目表の見出し行の続き。	sheet-4_img15（カテゴリモーダルの図）で、右上の閉じるボタンと、最新セット/フォーマット別などのカテゴリツリーが第一階層から並ぶことを確認した。下部ナビの「カテゴリ」はsheet-4_img1/img6/img8で確認。	high	
sheet-4-R149	MATCHED						src/Eccube/Resource/template/default/Block/bottom_nav.twig:134		下部ナビの「カテゴリ」押下で閉じるボタンとカテゴリ一覧を含むモーダルが表示される（src/Eccube/Resource/template/default/Block/bottom_nav.twig:134、src/Eccube/Resource/template/default/Block/category_modal.twig:14-21）。	sheet-4_img15（カテゴリモーダルの図）で、右上の閉じるボタンと、最新セット/フォーマット別などのカテゴリツリーが第一階層から並ぶことを確認した。下部ナビの「カテゴリ」はsheet-4_img1/img6/img8で確認。	high	
sheet-4-R150	MATCHED						src/Eccube/Resource/template/default/Block/bottom_nav.twig:134		同じカテゴリボタンの押下は開閉のトグルで、表示中に押すと閉じる（html/template/default/assets/hareruya/js/hareruya-main.js:1 のカテゴリモーダル処理、対象要素は src/Eccube/Resource/template/default/Block/bottom_nav.twig:134）。	sheet-4_img15（カテゴリモーダルの図）で、右上の閉じるボタンと、最新セット/フォーマット別などのカテゴリツリーが第一階層から並ぶことを確認した。下部ナビの「カテゴリ」はsheet-4_img1/img6/img8で確認。	high	
sheet-4-R151	MATCHED						src/Eccube/Resource/template/default/Block/category_modal.twig:15		モーダル右上に閉じるボタンがあり、押下でモーダルが閉じる（src/Eccube/Resource/template/default/Block/category_modal.twig:15、閉じる処理は html/template/default/assets/hareruya/js/hareruya-main.js:1）。	sheet-4_img15（カテゴリモーダルの図）で、右上の閉じるボタンと、最新セット/フォーマット別などのカテゴリツリーが第一階層から並ぶことを確認した。下部ナビの「カテゴリ」はsheet-4_img1/img6/img8で確認。	high	
sheet-4-R152	MATCHED						src/Eccube/Resource/template/default/Block/category_modal.twig:20		モーダル内にカテゴリ一覧が描画される（src/Eccube/Resource/template/default/Block/category_modal.twig:20 が src/Eccube/Resource/template/default/Block/_category_content.twig を取り込む）。表示するカテゴリの中身は別紙0303の範囲。	sheet-4_img15（カテゴリモーダルの図）で、右上の閉じるボタンと、最新セット/フォーマット別などのカテゴリツリーが第一階層から並ぶことを確認した。下部ナビの「カテゴリ」はsheet-4_img1/img6/img8で確認。	high	
sheet-4-R153	OUT_OF_SCOPE								レイアウト図の見出し行。	sheet-4_img17（サイトマップ展開図）で、オンラインショップ/買取/記事/選手一覧/デッキ検索/デッキ構築/イベント・大会/店舗のご案内/お問い合わせ/ヘルプ/FAQ の11項目と並び順を確認した。	high	
sheet-4-R154	OUT_OF_SCOPE								カスタマイズ要件が無いことを述べた方針記述で、実装対象の要求ではない。	sheet-4_img17（サイトマップ展開図）で、オンラインショップ/買取/記事/選手一覧/デッキ検索/デッキ構築/イベント・大会/店舗のご案内/お問い合わせ/ヘルプ/FAQ の11項目と並び順を確認した。	high	
sheet-4-R155	OUT_OF_SCOPE								処理概要が無いことを述べた記述で、実装対象の要求ではない。	sheet-4_img17（サイトマップ展開図）で、オンラインショップ/買取/記事/選手一覧/デッキ検索/デッキ構築/イベント・大会/店舗のご案内/お問い合わせ/ヘルプ/FAQ の11項目と並び順を確認した。	high	
sheet-4-R156	OUT_OF_SCOPE								項目表の見出し行の続き。	sheet-4_img17（サイトマップ展開図）で、オンラインショップ/買取/記事/選手一覧/デッキ検索/デッキ構築/イベント・大会/店舗のご案内/お問い合わせ/ヘルプ/FAQ の11項目と並び順を確認した。	high	
sheet-4-R157	MATCHED						src/Eccube/Resource/template/default/Block/footer_sitemap.twig:13		サイトマップの開閉ボタン押下で配下のリンク群が表示/非表示に切り替わる（src/Eccube/Resource/template/default/Block/footer_sitemap.twig:13-18、html/template/default/assets/hareruya/js/hareruya-main.js:1 のフッタアコーディオン処理。1024px未満でトグル動作）。	sheet-4_img17（サイトマップ展開図）で、オンラインショップ/買取/記事/選手一覧/デッキ検索/デッキ構築/イベント・大会/店舗のご案内/お問い合わせ/ヘルプ/FAQ の11項目と並び順を確認した。	high	
sheet-4-R158	MATCHED						src/Eccube/Resource/template/default/Block/footer_sitemap.twig:21		サイトマップ欄の「オンラインショップ」がトップページ（ECTOP）へのリンク（src/Eccube/Resource/template/default/Block/footer_sitemap.twig:21）。並び順もレイアウト図と一致。	sheet-4_img17（サイトマップ展開図）で、オンラインショップ/買取/記事/選手一覧/デッキ検索/デッキ構築/イベント・大会/店舗のご案内/お問い合わせ/ヘルプ/FAQ の11項目と並び順を確認した。	high	
sheet-4-R159	MATCHED						src/Eccube/Resource/template/default/Block/footer_sitemap.twig:24		サイトマップ欄の「買取」が買取TOPへのリンク（src/Eccube/Resource/template/default/Block/footer_sitemap.twig:24）。並び順もレイアウト図と一致。	sheet-4_img17（サイトマップ展開図）で、オンラインショップ/買取/記事/選手一覧/デッキ検索/デッキ構築/イベント・大会/店舗のご案内/お問い合わせ/ヘルプ/FAQ の11項目と並び順を確認した。	high	
sheet-4-R160	MATCHED						src/Eccube/Resource/template/default/Block/footer_sitemap.twig:27		サイトマップ欄の「記事」が記事サイト（https://article.hareruyamtg.com/）へのリンク（src/Eccube/Resource/template/default/Block/footer_sitemap.twig:27）。並び順もレイアウト図と一致。	sheet-4_img17（サイトマップ展開図）で、オンラインショップ/買取/記事/選手一覧/デッキ検索/デッキ構築/イベント・大会/店舗のご案内/お問い合わせ/ヘルプ/FAQ の11項目と並び順を確認した。	high	
sheet-4-R161	MATCHED						src/Eccube/Resource/template/default/Block/footer_sitemap.twig:30		サイトマップ欄の「選手一覧」が選手紹介サイト（https://pros.hareruyamtg.com/）へのリンク（src/Eccube/Resource/template/default/Block/footer_sitemap.twig:30）。並び順もレイアウト図と一致。	sheet-4_img17（サイトマップ展開図）で、オンラインショップ/買取/記事/選手一覧/デッキ検索/デッキ構築/イベント・大会/店舗のご案内/お問い合わせ/ヘルプ/FAQ の11項目と並び順を確認した。	high	
sheet-4-R162	MATCHED						src/Eccube/Resource/template/default/Block/footer_sitemap.twig:33		サイトマップ欄の「デッキ検索」がデッキ検索画面へのリンク（src/Eccube/Resource/template/default/Block/footer_sitemap.twig:33）。並び順もレイアウト図と一致。	sheet-4_img17（サイトマップ展開図）で、オンラインショップ/買取/記事/選手一覧/デッキ検索/デッキ構築/イベント・大会/店舗のご案内/お問い合わせ/ヘルプ/FAQ の11項目と並び順を確認した。	high	
sheet-4-R163	MATCHED						src/Eccube/Resource/template/default/Block/footer_sitemap.twig:36		サイトマップ欄の「デッキ構築」がデッキTOP（/decks）へのリンク（src/Eccube/Resource/template/default/Block/footer_sitemap.twig:36）。並び順もレイアウト図と一致。	sheet-4_img17（サイトマップ展開図）で、オンラインショップ/買取/記事/選手一覧/デッキ検索/デッキ構築/イベント・大会/店舗のご案内/お問い合わせ/ヘルプ/FAQ の11項目と並び順を確認した。	high	
sheet-4-R164	MATCHED						src/Eccube/Resource/template/default/Block/footer_sitemap.twig:39		サイトマップ欄の「イベント・大会」がイベントTOPへのリンク（src/Eccube/Resource/template/default/Block/footer_sitemap.twig:39）。並び順もレイアウト図と一致。	sheet-4_img17（サイトマップ展開図）で、オンラインショップ/買取/記事/選手一覧/デッキ検索/デッキ構築/イベント・大会/店舗のご案内/お問い合わせ/ヘルプ/FAQ の11項目と並び順を確認した。	high	
sheet-4-R165	MATCHED						src/Eccube/Resource/template/default/Block/footer_sitemap.twig:42		サイトマップ欄の「店舗のご案内」が店舗一覧画面へのリンク（src/Eccube/Resource/template/default/Block/footer_sitemap.twig:42）。並び順もレイアウト図と一致。	sheet-4_img17（サイトマップ展開図）で、オンラインショップ/買取/記事/選手一覧/デッキ検索/デッキ構築/イベント・大会/店舗のご案内/お問い合わせ/ヘルプ/FAQ の11項目と並び順を確認した。	high	
sheet-4-R166	MATCHED						src/Eccube/Resource/template/default/Block/footer_sitemap.twig:45		サイトマップ欄の「お問い合わせ」がお問い合わせ画面へのリンク（src/Eccube/Resource/template/default/Block/footer_sitemap.twig:45）。並び順もレイアウト図と一致。	sheet-4_img17（サイトマップ展開図）で、オンラインショップ/買取/記事/選手一覧/デッキ検索/デッキ構築/イベント・大会/店舗のご案内/お問い合わせ/ヘルプ/FAQ の11項目と並び順を確認した。	high	
sheet-4-R167	MATCHED						src/Eccube/Resource/template/default/Block/footer_sitemap.twig:48		サイトマップ欄の「ヘルプ」がヘルプ画面へのリンク（src/Eccube/Resource/template/default/Block/footer_sitemap.twig:48）。並び順もレイアウト図と一致。	sheet-4_img17（サイトマップ展開図）で、オンラインショップ/買取/記事/選手一覧/デッキ検索/デッキ構築/イベント・大会/店舗のご案内/お問い合わせ/ヘルプ/FAQ の11項目と並び順を確認した。	high	
sheet-4-R168	NOT_IMPLEMENTED	P2	未実装	ふるまい	23-12 FAQ リンク - - - ・押下すると、FAQ画面へ遷移する	サイトマップ欄の「FAQ」を押下すると、FAQ画面が開く。	src/Eccube/Resource/template/default/Block/footer_sitemap.twig:50-52	「FAQ」の行はあるが、リンク先が「#」のまま（直前に「FAQ ページ (user_data/hareruya_faq) 実装後に href を差し替え」というTODOコメントが残る）。押下しても同じページに留まり、FAQ画面は開かない。	src/Eccube/Resource/template/default/Block/footer_sitemap.twig:52 の href が「#」。同ファイル:50 のTODOコメントが未接続であることを明示している。FAQ画面自体は user_data/hareruya_faq として存在し（app/DoctrineMigrations/Version20260703063355.php:122、src/Eccube/Resource/template/default/Help/guide.twig:126 から遷移可）、繋いでいないのはこの行だけである。	sheet-4_img17（サイトマップ展開図）で、オンラインショップ/買取/記事/選手一覧/デッキ検索/デッキ構築/イベント・大会/店舗のご案内/お問い合わせ/ヘルプ/FAQ の11項目と並び順を確認した。	high	footer_sitemap.twig-faq-link-missing
sheet-4-R169	OUT_OF_SCOPE								レイアウト図の見出し行。	sheet-4_img19（会社情報展開図）で、利用規約/スタッフ募集/特定商取引法表示/個人情報保護指針/企業情報 の5項目と並び順を確認した。	high	
sheet-4-R170	OUT_OF_SCOPE								カスタマイズ要件が無いことを述べた方針記述で、実装対象の要求ではない。	sheet-4_img19（会社情報展開図）で、利用規約/スタッフ募集/特定商取引法表示/個人情報保護指針/企業情報 の5項目と並び順を確認した。	high	
sheet-4-R171	OUT_OF_SCOPE								処理概要が無いことを述べた記述で、実装対象の要求ではない。	sheet-4_img19（会社情報展開図）で、利用規約/スタッフ募集/特定商取引法表示/個人情報保護指針/企業情報 の5項目と並び順を確認した。	high	
sheet-4-R172	OUT_OF_SCOPE								項目表の見出し行の続き。	sheet-4_img19（会社情報展開図）で、利用規約/スタッフ募集/特定商取引法表示/個人情報保護指針/企業情報 の5項目と並び順を確認した。	high	
sheet-4-R173	MATCHED						src/Eccube/Resource/template/default/Block/footer_company.twig:13		会社情報の開閉ボタン押下で配下のリンク群が表示/非表示に切り替わる（src/Eccube/Resource/template/default/Block/footer_company.twig:13-18、html/template/default/assets/hareruya/js/hareruya-main.js:1 のフッタアコーディオン処理）。	sheet-4_img19（会社情報展開図）で、利用規約/スタッフ募集/特定商取引法表示/個人情報保護指針/企業情報 の5項目と並び順を確認した。	high	
sheet-4-R174	DRIFT	P3	実装違い	IO	24-2 利用規約 リンク - - - ・押下すると、利用規約画面へ遷移する	会社情報欄の先頭の項目が「利用規約」と表示され、押下すると利用規約画面が開く。	src/Eccube/Resource/template/default/Block/footer_company.twig:21;src/Eccube/Resource/locale/messages.ja.yaml:6480	遷移先は利用規約画面で設計どおりだが、画面に出る文言が「当サイトについて」になっており、「利用規約」と表示されない。	src/Eccube/Resource/template/default/Block/footer_company.twig:21 が front.footer.company.agreement を出力し、src/Eccube/Resource/locale/messages.ja.yaml:6480 の値は「当サイトについて」。リンク先は利用規約画面（/help/agreement、見出しは front.agreement.title=利用規約）。レイアウト図sheet-4_img19は先頭項目を「利用規約」と描いている。	sheet-4_img19（会社情報展開図）で、利用規約/スタッフ募集/特定商取引法表示/個人情報保護指針/企業情報 の5項目と並び順を確認した。	med	footer_company.twig-agreement-label-mismatch
sheet-4-R175	MATCHED						src/Eccube/Resource/template/default/Block/footer_company.twig:24		「スタッフ募集」が採用ページ（https://corp.hareruyamtg.com/recruit/）へのリンク（src/Eccube/Resource/template/default/Block/footer_company.twig:24）。	sheet-4_img19（会社情報展開図）で、利用規約/スタッフ募集/特定商取引法表示/個人情報保護指針/企業情報 の5項目と並び順を確認した。	high	
sheet-4-R176	MATCHED						src/Eccube/Resource/template/default/Block/footer_company.twig:24		遷移先は https://corp.hareruyamtg.com/recruit/（src/Eccube/Resource/template/default/Block/footer_company.twig:24）。設計のURL末尾の _gl/_ga は計測用パラメータで、遷移先ページは同一。	sheet-4_img19（会社情報展開図）で、利用規約/スタッフ募集/特定商取引法表示/個人情報保護指針/企業情報 の5項目と並び順を確認した。	high	
sheet-4-R177	MATCHED						src/Eccube/Resource/template/default/Block/footer_company.twig:27		「特定商取引法表示」が特定商取引法に基づく表示の画面（/help/tradelaw）へのリンク（src/Eccube/Resource/template/default/Block/footer_company.twig:27）。	sheet-4_img19（会社情報展開図）で、利用規約/スタッフ募集/特定商取引法表示/個人情報保護指針/企業情報 の5項目と並び順を確認した。	high	
sheet-4-R178	DESIGN_ISSUE				24-5 個人情報保護指針 リンク - - - ・押下すると、会員規約画面へ遷移する	項目名「個人情報保護指針」と遷移先「会員規約画面」のどちらが正かの設計裁定が要る。	src/Eccube/Resource/template/default/Block/footer_company.twig:30	「個人情報保護指針」はプライバシーポリシー画面（/help/privacy、見出しは front.privacy.title=プライバシーポリシー）へつながっている。	正本は項目名を「個人情報保護指針」としながら遷移先を「会員規約画面」と書いており、同じ行の中で食い違う（24-2の利用規約とも別項目）。実装は項目名に沿ってプライバシーポリシー画面へつないでいる（src/Eccube/Resource/template/default/Block/footer_company.twig:30）。どちらを正とするか設計裁定が必要なため乖離とは断定しない。	sheet-4_img19（会社情報展開図）で、利用規約/スタッフ募集/特定商取引法表示/個人情報保護指針/企業情報 の5項目と並び順を確認した。	med	
sheet-4-R179	MATCHED						src/Eccube/Resource/template/default/Block/footer_company.twig:33		「企業情報」が企業サイトTOP（https://corp.hareruyamtg.com/）へのリンク（src/Eccube/Resource/template/default/Block/footer_company.twig:33）。	sheet-4_img19（会社情報展開図）で、利用規約/スタッフ募集/特定商取引法表示/個人情報保護指針/企業情報 の5項目と並び順を確認した。	high	
sheet-4-R180	MATCHED						src/Eccube/Resource/template/default/Block/footer_company.twig:33		遷移先は https://corp.hareruyamtg.com/（src/Eccube/Resource/template/default/Block/footer_company.twig:33）。設計のURL末尾の _gl/_ga は計測用パラメータで、遷移先ページは同一。	sheet-4_img19（会社情報展開図）で、利用規約/スタッフ募集/特定商取引法表示/個人情報保護指針/企業情報 の5項目と並び順を確認した。	high	
sheet-4-R181	OUT_OF_SCOPE								レイアウト図の見出し行。	sheet-4_img21（お得な情報展開図）で、晴れる屋X/晴れる屋チャンネル/「イベント開催の手引き」請求フォーム の3項目を確認した。	high	
sheet-4-R182	OUT_OF_SCOPE								カスタマイズ要件が無いことを述べた方針記述で、実装対象の要求ではない。	sheet-4_img21（お得な情報展開図）で、晴れる屋X/晴れる屋チャンネル/「イベント開催の手引き」請求フォーム の3項目を確認した。	high	
sheet-4-R183	OUT_OF_SCOPE								処理概要が無いことを述べた記述で、実装対象の要求ではない。	sheet-4_img21（お得な情報展開図）で、晴れる屋X/晴れる屋チャンネル/「イベント開催の手引き」請求フォーム の3項目を確認した。	high	
sheet-4-R184	OUT_OF_SCOPE								項目表の見出し行の続き。	sheet-4_img21（お得な情報展開図）で、晴れる屋X/晴れる屋チャンネル/「イベント開催の手引き」請求フォーム の3項目を確認した。	high	
sheet-4-R185	MATCHED						src/Eccube/Resource/template/default/Block/footer_promo.twig:13		お得な情報の開閉ボタン押下で配下のリンク群が表示/非表示に切り替わる（src/Eccube/Resource/template/default/Block/footer_promo.twig:13-18、html/template/default/assets/hareruya/js/hareruya-main.js:1 のフッタアコーディオン処理）。	sheet-4_img21（お得な情報展開図）で、晴れる屋X/晴れる屋チャンネル/「イベント開催の手引き」請求フォーム の3項目を確認した。	high	
sheet-4-R186	MATCHED						src/Eccube/Resource/template/default/Block/footer_promo.twig:21		「晴れる屋X」が別タブで晴れる屋Xページを開くリンク（src/Eccube/Resource/template/default/Block/footer_promo.twig:21）。	sheet-4_img21（お得な情報展開図）で、晴れる屋X/晴れる屋チャンネル/「イベント開催の手引き」請求フォーム の3項目を確認した。	high	
sheet-4-R187	MATCHED						src/Eccube/Resource/template/default/Block/footer_promo.twig:21		遷移先は https://x.com/hareruya_mtg で設計と一致（src/Eccube/Resource/template/default/Block/footer_promo.twig:21）。	sheet-4_img21（お得な情報展開図）で、晴れる屋X/晴れる屋チャンネル/「イベント開催の手引き」請求フォーム の3項目を確認した。	high	
sheet-4-R188	MATCHED						src/Eccube/Resource/template/default/Block/footer_promo.twig:24		「晴れる屋Channel」が別タブでYouTubeチャンネルを開くリンク（src/Eccube/Resource/template/default/Block/footer_promo.twig:24）。	sheet-4_img21（お得な情報展開図）で、晴れる屋X/晴れる屋チャンネル/「イベント開催の手引き」請求フォーム の3項目を確認した。	high	
sheet-4-R189	MATCHED						src/Eccube/Resource/template/default/Block/footer_promo.twig:24		遷移先は https://www.youtube.com/channel/UC1l7GtlvAmCOXRlxjImbWvw で設計と一致（src/Eccube/Resource/template/default/Block/footer_promo.twig:24）。	sheet-4_img21（お得な情報展開図）で、晴れる屋X/晴れる屋チャンネル/「イベント開催の手引き」請求フォーム の3項目を確認した。	high	
sheet-4-R190	MATCHED						src/Eccube/Resource/template/default/Block/footer_promo.twig:27		「「イベント開催の手引き」請求フォーム」が別タブで設計記載のGoogle Form（docs.google.com/forms/d/e/1FAIpQLSfadm2WyMncxBYUMmujbvD9mCKyJLolR5ITH-v8BKjhERTuhg/viewform）を開くリンク（src/Eccube/Resource/template/default/Block/footer_promo.twig:27）。	sheet-4_img21（お得な情報展開図）で、晴れる屋X/晴れる屋チャンネル/「イベント開催の手引き」請求フォーム の3項目を確認した。	high	
sheet-4-R191	OUT_OF_SCOPE								現行仕様節の見出し行。	該当するレイアウト図なし（現行仕様の文章節・入出力表のため）。	high	
sheet-4-R192	OUT_OF_SCOPE								節全体の位置づけとフェーズ区分を述べた前置き。個別の実装要求ではない。	該当するレイアウト図なし（現行仕様の文章節・入出力表のため）。	high	
sheet-4-R193	OUT_OF_SCOPE								行そのものがフェーズ2対応を宣言している。フェーズ1の実装対象外。	該当するレイアウト図なし（現行仕様の文章節・入出力表のため）。	high	
sheet-4-R194	OUT_OF_SCOPE								フェーズ2宣言の根拠としてExcel原文を引いた注記。実装対象の要求ではない。	該当するレイアウト図なし（現行仕様の文章節・入出力表のため）。	high	
sheet-4-R195	OUT_OF_SCOPE								業務ロジックの小見出し。	該当するレイアウト図なし（現行仕様の文章節・入出力表のため）。	high	
sheet-4-R196	DRIFT	P2	実装違い	IO	英語版サイトのスマホ版ナビでは、買取とデッキ構築を表示しない。記事と選手一覧は、いずれも英語表示の外部ページを開く。	英語表示のスマホ版メニュー一覧では、買取とデッキ構築だけが落ち、選手一覧の項目は残って押下すると選手紹介ページが開く。	src/Eccube/Resource/template/default/Block/mega_menu.en.twig:17-60	英語表示のメニュー一覧は Shop / Article / Deck Search / Event / Shop Info / Help / Contact の7項目で、選手一覧（Players）の項目そのものが無い。日本語表示（4-7 選手一覧）には有る項目が英語表示だけ落ちている。	src/Eccube/Resource/template/default/Block/mega_menu.en.twig:17-60 に front.nav.menu.pros を出す項目が無い。日本語版 src/Eccube/Resource/template/default/Block/mega_menu.twig:49-54 には有る。設計が英語版で落とすと明記しているのは買取とデッキ構築の2つだけ。なお項目名の英訳（Event/Event Schedule）や並び順の差は、リニューアル後の項目表（4-2〜4-11）が優先するため指摘に含めない。	sheet-4_img12（スマホのメニュー一覧を開いた図）で、ショップ/買取/記事/デッキ検索/デッキ構築/選手一覧/店舗一覧/イベント/ヘルプ/お問い合わせの10項目と、右上のメニュー表示アイコンを確認した。	med	mega_menu.en.twig-pros-item-missing
sheet-4-R197	OUT_OF_SCOPE								業務ロジックの小見出し。	該当するレイアウト図なし（現行仕様の文章節・入出力表のため）。	high	
sheet-4-R198	MATCHED						src/Eccube/Resource/template/default/Block/search_product.twig:110		商品検索の入力欄は受け取ったキーワードを初期値として描画する（src/Eccube/Resource/template/default/Block/search_product.twig:110 の value に検索キーワードが入る）。	該当するレイアウト図なし（現行仕様の文章節・入出力表のため）。	high	
sheet-4-R199	OUT_OF_SCOPE								業務ロジックの小見出し。	該当するレイアウト図なし（現行仕様の文章節・入出力表のため）。	high	
sheet-4-R200	MATCHED						src/Eccube/Resource/template/default/Block/js/header_search_unisuggest_js.twig:334-338		候補の取得に失敗したときは候補リストを空にして閉じるだけで、エラー表示や送信の抑止はしない（src/Eccube/Resource/template/default/Block/js/header_search_unisuggest_js.twig:334-338、同:652-656）。検索の送信は通常のフォーム送信（src/Eccube/Resource/template/default/Block/search_product.twig:88,111）で候補取得とは独立しており、失敗後もそのまま送信できる。	該当するレイアウト図なし（現行仕様の文章節・入出力表のため）。	high	
sheet-4-R201	OUT_OF_SCOPE								フェーズ区分の小見出し。	該当するレイアウト図なし（現行仕様の文章節・入出力表のため）。	high	
sheet-4-R202	OUT_OF_SCOPE								行そのものがフェーズ2対応を宣言している。フェーズ1の実装対象外。	該当するレイアウト図なし（現行仕様の文章節・入出力表のため）。	high	
sheet-4-R203	OUT_OF_SCOPE								入出力表の入力欄で、機能の入力の種類を列挙した記述。個別の判定可能な仕様を述べていない。	該当するレイアウト図なし（現行仕様の文章節・入出力表のため）。	high	
sheet-4-R204	OUT_OF_SCOPE								入出力表の出力欄で、機能の出力の種類を述べた記述。個別の判定可能な仕様を述べていない。	該当するレイアウト図なし（現行仕様の文章節・入出力表のため）。	high	
sheet-4-R205	OUT_OF_SCOPE								表示メッセージ節で、本機能が固有の文言を持たないことを述べた記述。実装対象の要求ではない。	該当するレイアウト図なし（現行仕様の文章節・入出力表のため）。	high	
sheet-5-R001	OUT_OF_SCOPE								他シート（通知）への参照を指示する注記で、それ自体は実装対象のふるまいを述べていない。通知は本シートの現行仕様節でフェーズ2対応と宣言されている。	レイアウト図に対応する描画はなく、図からの追加情報なし。	high	
sheet-5-R002	OUT_OF_SCOPE								処理概要が無いことの宣言。実装対象の要求ではない。	レイアウト図に対応する描画はなく、図からの追加情報なし。	high	
sheet-5-R003	OUT_OF_SCOPE								カスタマイズ要件のまとまりの見出し。具体の仕様は同ブロックの次行（R004）にある。	レイアウト図に対応する描画はなく、図からの追加情報なし。	high	
sheet-5-R004	MATCHED						src/Eccube/Resource/template/default/Block/branch_header.twig:12; src/Eccube/Resource/template/default/Block/branch_header.twig:32-36		支店ヘッダは店舗ごとの「ご当地晴れる屋くん」画像を持つときだけマスコット画像を出す（src/Eccube/Resource/template/default/Block/branch_header.twig:12, src/Eccube/Resource/template/default/Block/branch_header.twig:32-36）。画像は店舗単位の設定値から取る。	sheet-5_img2.png/img5.png の支店ヘッダ図（HARERUYA＋支店名＋ご当地晴れる屋くん、カードセット、検索窓、詳細検索、ポイント、マイページ、カート、カテゴリ帯）を確認。	high	
sheet-5-R005	OUT_OF_SCOPE								カスタマイズ要件のまとまりの見出し。具体の仕様は R006・R007 にある。	レイアウト図に対応する描画はなく、図からの追加情報なし。	high	
sheet-5-R006	MATCHED						src/Eccube/Resource/template/default/Block/branch_header.twig:48-60; src/Eccube/Resource/template/default/Block/search_product.twig:88-116		支店ヘッダの検索欄は src/Eccube/Resource/template/default/Block/search_product.twig を取り込み（src/Eccube/Resource/template/default/Block/branch_header.twig:51）、カードセット選択ボタンが検索入力の左に並ぶ（src/Eccube/Resource/template/default/Block/search_product.twig:88-116）。	sheet-5_img2.png/img5.png の支店ヘッダ図（HARERUYA＋支店名＋ご当地晴れる屋くん、カードセット、検索窓、詳細検索、ポイント、マイページ、カート、カテゴリ帯）を確認。	high	
sheet-5-R007	MATCHED						src/Eccube/Resource/template/default/Block/search_product.twig:90-107		カードセット選択は開いた一覧から1件だけを選ぶ作りで、選んだ1件だけが検索条件として保持される（src/Eccube/Resource/template/default/Block/search_product.twig:90-107）。	sheet-5_img2.png/img5.png の支店ヘッダ図（HARERUYA＋支店名＋ご当地晴れる屋くん、カードセット、検索窓、詳細検索、ポイント、マイページ、カート、カテゴリ帯）を確認。	high	
sheet-5-R008	OUT_OF_SCOPE								カスタマイズ要件のまとまりの見出し。具体の仕様は R009 にある。	レイアウト図に対応する描画はなく、図からの追加情報なし。	high	
sheet-5-R009	MATCHED						src/Eccube/Resource/template/default/Block/js/header_cart_js.twig:45-57; src/Eccube/Resource/template/default/Block/cart.twig:30-134		カートにマウスを乗せるとカート内商品の一覧が開き、外れると閉じる（src/Eccube/Resource/template/default/Block/js/header_cart_js.twig:45-57）。中身は商品画像・商品名・状態・価格などの概要（src/Eccube/Resource/template/default/Block/cart.twig:30-134）。	sheet-5_img6.png のカートホバー図（合計N点／あと¥…で送料無料／商品行／カートページへ）を確認。	high	
sheet-5-R010	OUT_OF_SCOPE								商品概要の詳細を基本設計で確定とする旨の但し書きで、確定した仕様を述べていない。	sheet-5_img6.png のカートホバー図（合計N点／あと¥…で送料無料／商品行／カートページへ）を確認。	high	
sheet-5-R011	OUT_OF_SCOPE								カスタマイズ要件のまとまりの見出し。具体の仕様は R012・R014 にある。	レイアウト図に対応する描画はなく、図からの追加情報なし。	high	
sheet-5-R012	MATCHED						src/Eccube/Resource/template/default/Block/branch_header.twig:69-73; src/Eccube/Resource/template/default/Block/category_nav_pc.twig:60-116		支店ヘッダの下にカテゴリ帯を出し、カテゴリメニューと第一階層のカテゴリ（最新セット・各フォーマット・その他）を並べる（src/Eccube/Resource/template/default/Block/branch_header.twig:69-73, src/Eccube/Resource/template/default/Block/category_nav_pc.twig:60-116）。なお帯を出すのは支店トップ表示時に限っている（src/Eccube/Resource/template/default/Block/branch_header.twig:69）。	sheet-5_img2.png/img5.png の支店ヘッダ図（HARERUYA＋支店名＋ご当地晴れる屋くん、カードセット、検索窓、詳細検索、ポイント、マイページ、カート、カテゴリ帯）を確認。	med	
sheet-5-R013	OUT_OF_SCOPE								主要カテゴリを基本設計で確定とする旨の但し書き。確定した仕様を述べていない。	レイアウト図に対応する描画はなく、図からの追加情報なし。	high	
sheet-5-R014	MATCHED						src/Eccube/Resource/template/default/Block/category_nav_pc.twig:60-116; src/Eccube/Resource/template/default/default_frame.twig:66		カテゴリ帯の各項目にマウスを乗せると配下のカテゴリツリーが段組みで開く（src/Eccube/Resource/template/default/Block/category_nav_pc.twig:60-116 の展開領域を html/template/default/assets/hareruya/js/hareruya-top.js の hover 処理が開閉。同 js は src/Eccube/Resource/template/default/default_frame.twig:66 で全画面に読み込まれる）。	sheet-5_img11.png のカテゴリツリー展開図を確認。	med	
sheet-5-R015	OUT_OF_SCOPE								カスタマイズ要件のまとまりの見出し。具体の仕様は R016 にある。	sheet-5_img7.png（ログインアイコン）・img8.png（カート/お気に入り/詳細検索/カテゴリ/マイページ）を確認。	high	
sheet-5-R016	OUT_OF_SCOPE								通知の明示（インジケーター）は本シートが「通知はフェーズ2以降で設計予定とする」と宣言しており（同シート R051）、現行仕様節でも支店PC版ナビゲーション上の通知はフェーズ2対応。フェーズ1の実装対象外。	sheet-5_img7.png（ログインアイコン）・img8.png（カート/お気に入り/詳細検索/カテゴリ/マイページ）を確認。	high	
sheet-5-R017	OUT_OF_SCOPE								通知の表示条件を別シートへ委ねる参照注記。ふるまいを述べていない。	レイアウト図に対応する描画はなく、図からの追加情報なし。	high	
sheet-5-R018	OUT_OF_SCOPE								カスタマイズ要件以外は現行踏襲とする、という適用方針の記述。個々のふるまいを述べていない。	レイアウト図に対応する描画はなく、図からの追加情報なし。	high	
sheet-5-R019	OUT_OF_SCOPE								同シート内の別ブロック（(9)カート）へ記載を委ねるだけの索引行で、それ自体はふるまいを述べていない。	レイアウト図に対応する描画はなく、図からの追加情報なし。	high	
sheet-5-R020	OUT_OF_SCOPE								同シート内の別ブロック（カート欄）へ記載を委ねるだけの索引行で、それ自体はふるまいを述べていない。	レイアウト図に対応する描画はなく、図からの追加情報なし。	high	
sheet-5-R021	OUT_OF_SCOPE								同シート内の別ブロック（(10)カテゴリ）へ記載を委ねるだけの索引行で、それ自体はふるまいを述べていない。	レイアウト図に対応する描画はなく、図からの追加情報なし。	high	
sheet-5-R022	OUT_OF_SCOPE								同シート内の別ブロック（カテゴリ欄）へ記載を委ねるだけの索引行で、それ自体はふるまいを述べていない。	レイアウト図に対応する描画はなく、図からの追加情報なし。	high	
sheet-5-R023	OUT_OF_SCOPE								同シート内の別ブロック（(12)店舗情報）へ記載を委ねるだけの索引行で、それ自体はふるまいを述べていない。	レイアウト図に対応する描画はなく、図からの追加情報なし。	high	
sheet-5-R024	OUT_OF_SCOPE								同シート内の別ブロック（店舗情報欄）へ記載を委ねるだけの索引行で、それ自体はふるまいを述べていない。	レイアウト図に対応する描画はなく、図からの追加情報なし。	high	
sheet-5-R025	OUT_OF_SCOPE								同シート内の別ブロック（(13)サイトマップ）へ記載を委ねるだけの索引行で、それ自体はふるまいを述べていない。	レイアウト図に対応する描画はなく、図からの追加情報なし。	high	
sheet-5-R026	OUT_OF_SCOPE								同シート内の別ブロック（サイトマップ欄）へ記載を委ねるだけの索引行で、それ自体はふるまいを述べていない。	レイアウト図に対応する描画はなく、図からの追加情報なし。	high	
sheet-5-R027	OUT_OF_SCOPE								同シート内の別ブロック（(14)お得な情報）へ記載を委ねるだけの索引行で、それ自体はふるまいを述べていない。	レイアウト図に対応する描画はなく、図からの追加情報なし。	high	
sheet-5-R028	OUT_OF_SCOPE								同シート内の別ブロック（お得な情報欄）へ記載を委ねるだけの索引行で、それ自体はふるまいを述べていない。	レイアウト図に対応する描画はなく、図からの追加情報なし。	high	
sheet-5-R029	MATCHED						src/Eccube/Resource/template/default/Block/branch_header.twig:14-73		支店ヘッダは画面上端に固定される（src/Eccube/Resource/template/default/Block/branch_header.twig:14 の l-hareruya-header に対し html/template/default/assets/hareruya/css/common.css の PC 幅指定で position:fixed / top:0）。ロゴ・マスコット・カードセット・検索・詳細検索・ポイント・ログイン/マイページ・カート・カテゴリ帯はいずれもこのヘッダ内にある（src/Eccube/Resource/template/default/Block/branch_header.twig:14-73）。	sheet-5_img2.png/img5.png の支店ヘッダ図（HARERUYA＋支店名＋ご当地晴れる屋くん、カードセット、検索窓、詳細検索、ポイント、マイページ、カート、カテゴリ帯）を確認。	high	
sheet-5-R030	MATCHED						src/Eccube/Resource/template/default/Block/footer.twig:11-15; src/Eccube/Resource/template/default/Block/branch_footer.twig:11-105		支店では画面最下部に支店用フッタを出し（src/Eccube/Resource/template/default/Block/footer.twig:13 → src/Eccube/Resource/template/default/Block/branch_footer.twig:11-105）、サイトマップ・お得な情報・支店ロゴ/支店名・店舗情報をそこに置く。	sheet-5_img3.png/img12/img13/img14 のフッタ図（支店ロゴ・支店名・住所・GOOGLE MAP・TEL・営業時間・サイトマップ・お得な情報）を確認。	high	
sheet-5-R031	OUT_OF_SCOPE								★項目の見出し行。具体の仕様は R032 にある。	レイアウト図に対応する描画はなく、図からの追加情報なし。	high	
sheet-5-R032	MATCHED						src/Eccube/Resource/template/default/Block/branch_header.twig:12; src/Eccube/Resource/template/default/Block/branch_header.twig:32-36; src/Eccube/Resource/template/admin/mall/tenant/detail.twig:191-193		支店ヘッダのマスコット画像は店舗登録で店舗ごとに登録した「ご当地晴れる屋くん」画像を表示する（src/Eccube/Resource/template/default/Block/branch_header.twig:12,32-36。登録側は src/Eccube/Resource/template/admin/mall/tenant/detail.twig:191-193）。	sheet-5_img2.png/img5.png の支店ヘッダ図（HARERUYA＋支店名＋ご当地晴れる屋くん、カードセット、検索窓、詳細検索、ポイント、マイページ、カート、カテゴリ帯）を確認。	high	
sheet-5-R033	OUT_OF_SCOPE								★項目の見出し行。具体の仕様は R034・R036 にある。	レイアウト図に対応する描画はなく、図からの追加情報なし。	high	
sheet-5-R034	MATCHED						src/Eccube/Resource/template/default/Block/search_product.twig:110-115; src/Eccube/Resource/template/default/Block/search_product.twig:129; src/Eccube/Resource/template/default/Block/branch_header.twig:51		検索入力にサジェスト用の表示領域が付き（src/Eccube/Resource/template/default/Block/search_product.twig:110,114-115）、サジェスト処理が同梱される（src/Eccube/Resource/template/default/Block/search_product.twig:129）。支店ヘッダもこの検索欄を取り込む（src/Eccube/Resource/template/default/Block/branch_header.twig:51）。	sheet-5_img2.png/img5.png の支店ヘッダ図（HARERUYA＋支店名＋ご当地晴れる屋くん、カードセット、検索窓、詳細検索、ポイント、マイページ、カート、カテゴリ帯）を確認。	high	
sheet-5-R035	OUT_OF_SCOPE								別シートを参照させる注記。ふるまいを述べていない。	レイアウト図に対応する描画はなく、図からの追加情報なし。	high	
sheet-5-R036	MATCHED						src/Eccube/Resource/template/default/Block/search_product.twig:88; src/Eccube/Resource/template/default/Block/search_product.twig:107; src/Eccube/Resource/template/default/Block/search_product.twig:110-113		検索を押すと、選んだカードセットと入力キーワードを条件に商品一覧へ移動する（src/Eccube/Resource/template/default/Block/search_product.twig:88 の送信先が商品一覧、条件は src/Eccube/Resource/template/default/Block/search_product.twig:107 のカードセットと src/Eccube/Resource/template/default/Block/search_product.twig:110 のキーワード、src/Eccube/Resource/template/default/Block/search_product.twig:111 が送信ボタン）。	sheet-5_img2.png/img5.png の支店ヘッダ図（HARERUYA＋支店名＋ご当地晴れる屋くん、カードセット、検索窓、詳細検索、ポイント、マイページ、カート、カテゴリ帯）を確認。	high	
sheet-5-R037	MATCHED						src/Eccube/Resource/template/default/Block/search_product.twig:118-126; src/Eccube/Resource/template/default/Block/header.twig:180-182		詳細検索を押すと詳細検索の重ね表示が開く（src/Eccube/Resource/template/default/Block/search_product.twig:118-126）。支店でも詳細検索の中身が同じ画面に配置される（src/Eccube/Resource/template/default/Block/header.twig:180-182）。	sheet-5_img2.png/img5.png の支店ヘッダ図（HARERUYA＋支店名＋ご当地晴れる屋くん、カードセット、検索窓、詳細検索、ポイント、マイページ、カート、カテゴリ帯）を確認。	high	
sheet-5-R038	OUT_OF_SCOPE								別紙を参照させる注記。ふるまいを述べていない。	レイアウト図に対応する描画はなく、図からの追加情報なし。	high	
sheet-5-R039	OUT_OF_SCOPE								★項目の見出し行。具体の仕様は R040〜R042 にある。	レイアウト図に対応する描画はなく、図からの追加情報なし。	high	
sheet-5-R040	MATCHED						src/Eccube/Resource/template/default/Block/branch_header.twig:41-45; src/Eccube/Resource/template/default/Block/header_user.twig:17-24		ポイント表示はマイページへの導線になっている（src/Eccube/Resource/template/default/Block/branch_header.twig:42、PC幅では src/Eccube/Resource/template/default/Block/header_user.twig:18 のポイント表示が同じくマイページへ）。	sheet-5_img2.png/img5.png の支店ヘッダ図（HARERUYA＋支店名＋ご当地晴れる屋くん、カードセット、検索窓、詳細検索、ポイント、マイページ、カート、カテゴリ帯）を確認。	high	
sheet-5-R041	MATCHED						src/Eccube/Resource/template/default/Block/branch_header.twig:43; src/Eccube/Resource/template/default/Block/header_user.twig:20; src/Eccube/Service/Block/HeaderUserBlockPayloadBuilder.php:38-46		表示する値はログイン会員の保有ポイント（src/Eccube/Resource/template/default/Block/branch_header.twig:43 / src/Eccube/Resource/template/default/Block/header_user.twig:20、値は src/Eccube/Service/Block/HeaderUserBlockPayloadBuilder.php:40 で会員の保有ポイントから取る）。	sheet-5_img2.png/img5.png の支店ヘッダ図（HARERUYA＋支店名＋ご当地晴れる屋くん、カードセット、検索窓、詳細検索、ポイント、マイページ、カート、カテゴリ帯）を確認。	high	
sheet-5-R042	MATCHED						src/Eccube/Resource/template/default/Block/branch_header.twig:40-46; src/Eccube/Resource/template/default/Block/header_user.twig:16-25		ポイントはログインしている場合だけ描画され、未ログインでは描画されない（src/Eccube/Resource/template/default/Block/branch_header.twig:40, src/Eccube/Resource/template/default/Block/header_user.twig:16）。	sheet-5_img2.png/img5.png の支店ヘッダ図（HARERUYA＋支店名＋ご当地晴れる屋くん、カードセット、検索窓、詳細検索、ポイント、マイページ、カート、カテゴリ帯）を確認。	high	
sheet-5-R043	OUT_OF_SCOPE								★項目の見出し行。具体の仕様は R045〜R049 にある。	sheet-5_img7.png（ログインアイコン）・img8.png（カート/お気に入り/詳細検索/カテゴリ/マイページ）を確認。	high	
sheet-5-R044	OUT_OF_SCOPE								未ログイン時の仕様を1〜2で列挙するための前置き。個々のふるまいは R045・R046 にある。	sheet-5_img7.png（ログインアイコン）・img8.png（カート/お気に入り/詳細検索/カテゴリ/マイページ）を確認。	high	
sheet-5-R045	MATCHED						src/Eccube/Resource/template/default/Block/header_user.twig:32-37; src/Eccube/Resource/locale/messages.ja.yaml:344		未ログインでは「ログイン」と表示する（src/Eccube/Resource/template/default/Block/header_user.twig:35 が front.block.login.login、src/Eccube/Resource/locale/messages.ja.yaml:344 で「ログイン」）。	sheet-5_img7.png（ログインアイコン）・img8.png（カート/お気に入り/詳細検索/カテゴリ/マイページ）を確認。	high	
sheet-5-R046	MATCHED						src/Eccube/Resource/template/default/Block/header_user.twig:33		未ログイン時のこの導線はログイン画面へ向く（src/Eccube/Resource/template/default/Block/header_user.twig:33）。	sheet-5_img7.png（ログインアイコン）・img8.png（カート/お気に入り/詳細検索/カテゴリ/マイページ）を確認。	high	
sheet-5-R047	OUT_OF_SCOPE								ログイン済み時の仕様を1〜2で列挙するための前置き。個々のふるまいは R048・R049 にある。	sheet-5_img7.png（ログインアイコン）・img8.png（カート/お気に入り/詳細検索/カテゴリ/マイページ）を確認。	high	
sheet-5-R048	MATCHED						src/Eccube/Resource/template/default/Block/header_user.twig:27-31; src/Eccube/Resource/locale/messages.ja.yaml:342		ログイン済みでは「マイページ」と表示する（src/Eccube/Resource/template/default/Block/header_user.twig:30 が front.block.login.mypage、src/Eccube/Resource/locale/messages.ja.yaml:342 で「マイページ」）。	sheet-5_img7.png（ログインアイコン）・img8.png（カート/お気に入り/詳細検索/カテゴリ/マイページ）を確認。	high	
sheet-5-R049	MATCHED						src/Eccube/Resource/template/default/Block/header_user.twig:28		ログイン済み時のこの導線はマイページへ向く（src/Eccube/Resource/template/default/Block/header_user.twig:28）。	sheet-5_img7.png（ログインアイコン）・img8.png（カート/お気に入り/詳細検索/カテゴリ/マイページ）を確認。	high	
sheet-5-R050	OUT_OF_SCOPE								通知インジケーターは同ブロック直後で「通知はフェーズ2以降で設計予定とする」と宣言されている（R051）。フェーズ1の実装対象外。	sheet-5_img7.png（ログインアイコン）・img8.png（カート/お気に入り/詳細検索/カテゴリ/マイページ）を確認。	high	
sheet-5-R051	OUT_OF_SCOPE								行そのものがフェーズ2対応を宣言している。	レイアウト図に対応する描画はなく、図からの追加情報なし。	high	
sheet-5-R052	OUT_OF_SCOPE								他シートを参照させる注記。ふるまいを述べていない。	レイアウト図に対応する描画はなく、図からの追加情報なし。	high	
sheet-5-R053	OUT_OF_SCOPE								項目表のヘッダ行（最大値・初期値・画面部品の説明）。要求ではない。	レイアウト図に対応する描画はなく、図からの追加情報なし。	high	
sheet-5-R054	MATCHED						src/Eccube/Resource/template/default/Block/branch_header.twig:17-38		ヘッダのHARERUYAロゴは、閲覧中の支店のECトップへ向く（src/Eccube/Resource/template/default/Block/branch_header.twig:18）。	sheet-5_img2.png/img5.png の支店ヘッダ図（HARERUYA＋支店名＋ご当地晴れる屋くん、カードセット、検索窓、詳細検索、ポイント、マイページ、カート、カテゴリ帯）を確認。	high	
sheet-5-R055	MATCHED						src/Eccube/Resource/template/default/Block/branch_header.twig:11; src/Eccube/Resource/template/default/Block/branch_header.twig:26-30		ロゴの隣に、その支店に登録された支店名の表示を出す（src/Eccube/Resource/template/default/Block/branch_header.twig:11,26-30。代替文言も支店名）。	sheet-5_img2.png/img5.png の支店ヘッダ図（HARERUYA＋支店名＋ご当地晴れる屋くん、カードセット、検索窓、詳細検索、ポイント、マイページ、カート、カテゴリ帯）を確認。	med	
sheet-5-R056	MATCHED						src/Eccube/Resource/template/default/Block/branch_header.twig:12; src/Eccube/Resource/template/default/Block/branch_header.twig:32-36		支店ごとのご当地晴れる屋くん画像を表示する（src/Eccube/Resource/template/default/Block/branch_header.twig:12,32-36）。	sheet-5_img2.png/img5.png の支店ヘッダ図（HARERUYA＋支店名＋ご当地晴れる屋くん、カードセット、検索窓、詳細検索、ポイント、マイページ、カート、カテゴリ帯）を確認。	high	
sheet-5-R057	MATCHED						src/Eccube/Resource/template/default/Block/branch_header.twig:12; src/Eccube/Resource/template/admin/mall/tenant/detail.twig:191-193		表示元は店舗登録で店舗ごとに登録したご当地晴れる屋くん画像（src/Eccube/Resource/template/default/Block/branch_header.twig:12、登録側は src/Eccube/Resource/template/admin/mall/tenant/detail.twig:191-193）。	sheet-5_img2.png/img5.png の支店ヘッダ図（HARERUYA＋支店名＋ご当地晴れる屋くん、カードセット、検索窓、詳細検索、ポイント、マイページ、カート、カテゴリ帯）を確認。	high	
sheet-5-R058	MATCHED						src/Eccube/Resource/template/default/Block/search_product.twig:90-107; src/Eccube/Resource/template/default/Block/branch_header.twig:48-60		カードセットは新設された単一選択の絞り込み欄として支店ヘッダに置かれている（src/Eccube/Resource/template/default/Block/search_product.twig:90-107、支店ヘッダへの取り込みは src/Eccube/Resource/template/default/Block/branch_header.twig:48-60）。	sheet-5_img2.png/img5.png の支店ヘッダ図（HARERUYA＋支店名＋ご当地晴れる屋くん、カードセット、検索窓、詳細検索、ポイント、マイページ、カート、カテゴリ帯）を確認。	high	
sheet-5-R059	MATCHED						src/Eccube/Service/Block/SearchProductBlockPayloadBuilder.php:70-80; src/Eccube/Repository/Master/MtbCardsetRepository.php:61-79		選択肢は登録済みのカードセットから取る（src/Eccube/Service/Block/SearchProductBlockPayloadBuilder.php:76 → src/Eccube/Repository/Master/MtbCardsetRepository.php:61-79）。ただし支店表示の対象と発売時期で絞った並びになる。	sheet-5_img2.png/img5.png の支店ヘッダ図（HARERUYA＋支店名＋ご当地晴れる屋くん、カードセット、検索窓、詳細検索、ポイント、マイページ、カート、カテゴリ帯）を確認。	med	
sheet-5-R060	MATCHED						src/Eccube/Resource/template/default/Block/search_product.twig:110; src/Eccube/Resource/locale/messages.ja.yaml:6511		検索入力のプレースホルダは「商品名またはキーワードを入力してください」（src/Eccube/Resource/template/default/Block/search_product.twig:110 → src/Eccube/Resource/locale/messages.ja.yaml:6511）。	sheet-5_img2.png/img5.png の支店ヘッダ図（HARERUYA＋支店名＋ご当地晴れる屋くん、カードセット、検索窓、詳細検索、ポイント、マイページ、カート、カテゴリ帯）を確認。	high	
sheet-5-R061	MATCHED						src/Eccube/Resource/template/default/Block/search_product.twig:110-115; src/Eccube/Resource/template/default/Block/search_product.twig:129		検索入力にサジェストの表示領域と処理が付く（src/Eccube/Resource/template/default/Block/search_product.twig:110,114-115,129）。	sheet-5_img2.png/img5.png の支店ヘッダ図（HARERUYA＋支店名＋ご当地晴れる屋くん、カードセット、検索窓、詳細検索、ポイント、マイページ、カート、カテゴリ帯）を確認。	high	
sheet-5-R062	OUT_OF_SCOPE								別紙を参照させる注記。ふるまいを述べていない。	レイアウト図に対応する描画はなく、図からの追加情報なし。	high	
sheet-5-R063	MATCHED						src/Eccube/Resource/template/default/Block/search_product.twig:88; src/Eccube/Resource/template/default/Block/search_product.twig:107; src/Eccube/Resource/template/default/Block/search_product.twig:110-113		検索ボタンを押すと、カードセットとキーワードで絞り込んだ商品一覧へ移動する（src/Eccube/Resource/template/default/Block/search_product.twig:88,107,110-113）。	sheet-5_img2.png/img5.png の支店ヘッダ図（HARERUYA＋支店名＋ご当地晴れる屋くん、カードセット、検索窓、詳細検索、ポイント、マイページ、カート、カテゴリ帯）を確認。	high	
sheet-5-R064	MATCHED						src/Eccube/Resource/template/default/Block/search_product.twig:118-126; src/Eccube/Resource/template/default/Block/header.twig:180-182		詳細検索ボタンを押すと詳細検索の重ね表示が開く（src/Eccube/Resource/template/default/Block/search_product.twig:118-126、中身は src/Eccube/Resource/template/default/Block/header.twig:180-182 で同じ画面に置かれる）。	sheet-5_img2.png/img5.png の支店ヘッダ図（HARERUYA＋支店名＋ご当地晴れる屋くん、カードセット、検索窓、詳細検索、ポイント、マイページ、カート、カテゴリ帯）を確認。	high	
sheet-5-R065	OUT_OF_SCOPE								別紙を参照させる注記。ふるまいを述べていない。	レイアウト図に対応する描画はなく、図からの追加情報なし。	high	
sheet-5-R066	MATCHED						src/Eccube/Resource/template/default/Block/branch_header.twig:41-45; src/Eccube/Resource/template/default/Block/header_user.twig:17-24		ポイント表示を押すとマイページへ移動する（src/Eccube/Resource/template/default/Block/branch_header.twig:42 / src/Eccube/Resource/template/default/Block/header_user.twig:18）。	sheet-5_img2.png/img5.png の支店ヘッダ図（HARERUYA＋支店名＋ご当地晴れる屋くん、カードセット、検索窓、詳細検索、ポイント、マイページ、カート、カテゴリ帯）を確認。	high	
sheet-5-R067	MATCHED						src/Eccube/Resource/template/default/Block/header_user.twig:20; src/Eccube/Service/Block/HeaderUserBlockPayloadBuilder.php:38-46		会員の保有ポイントを表示する（src/Eccube/Resource/template/default/Block/header_user.twig:20、値の取得は src/Eccube/Service/Block/HeaderUserBlockPayloadBuilder.php:38-46）。	sheet-5_img2.png/img5.png の支店ヘッダ図（HARERUYA＋支店名＋ご当地晴れる屋くん、カードセット、検索窓、詳細検索、ポイント、マイページ、カート、カテゴリ帯）を確認。	high	
sheet-5-R068	MATCHED						src/Eccube/Resource/template/default/Block/header_user.twig:16-25; src/Eccube/Resource/template/default/Block/branch_header.twig:40-46		未ログインではポイントを描画しない（src/Eccube/Resource/template/default/Block/header_user.twig:16, src/Eccube/Resource/template/default/Block/branch_header.twig:40）。	sheet-5_img2.png/img5.png の支店ヘッダ図（HARERUYA＋支店名＋ご当地晴れる屋くん、カードセット、検索窓、詳細検索、ポイント、マイページ、カート、カテゴリ帯）を確認。	high	
sheet-5-R069	OUT_OF_SCOPE								会員に通知がある場合のインジケーターは、同項目の後段（R077）で「通知はフェーズ2以降で設計予定とする」と宣言されている。フェーズ1の実装対象外。	sheet-5_img7.png（ログインアイコン）・img8.png（カート/お気に入り/詳細検索/カテゴリ/マイページ）を確認。	high	
sheet-5-R070	OUT_OF_SCOPE								未ログイン時の仕様を1〜2で列挙するための前置き。個々のふるまいは R071・R072 にある。	sheet-5_img7.png（ログインアイコン）・img8.png（カート/お気に入り/詳細検索/カテゴリ/マイページ）を確認。	high	
sheet-5-R071	MATCHED						src/Eccube/Resource/template/default/Block/header_user.twig:32-37; src/Eccube/Resource/locale/messages.ja.yaml:344		未ログインでは「ログイン」と表示する（src/Eccube/Resource/template/default/Block/header_user.twig:35 → src/Eccube/Resource/locale/messages.ja.yaml:344）。	sheet-5_img7.png（ログインアイコン）・img8.png（カート/お気に入り/詳細検索/カテゴリ/マイページ）を確認。	high	
sheet-5-R072	MATCHED						src/Eccube/Resource/template/default/Block/header_user.twig:33		未ログイン時の導線はログイン画面へ向く（src/Eccube/Resource/template/default/Block/header_user.twig:33）。	sheet-5_img7.png（ログインアイコン）・img8.png（カート/お気に入り/詳細検索/カテゴリ/マイページ）を確認。	high	
sheet-5-R073	OUT_OF_SCOPE								ログイン済み時の仕様を1〜2で列挙するための前置き。個々のふるまいは R074・R075 にある。	sheet-5_img7.png（ログインアイコン）・img8.png（カート/お気に入り/詳細検索/カテゴリ/マイページ）を確認。	high	
sheet-5-R074	MATCHED						src/Eccube/Resource/template/default/Block/header_user.twig:27-31; src/Eccube/Resource/locale/messages.ja.yaml:342		ログイン済みでは「マイページ」と表示する（src/Eccube/Resource/template/default/Block/header_user.twig:30 → src/Eccube/Resource/locale/messages.ja.yaml:342）。	sheet-5_img7.png（ログインアイコン）・img8.png（カート/お気に入り/詳細検索/カテゴリ/マイページ）を確認。	high	
sheet-5-R075	MATCHED						src/Eccube/Resource/template/default/Block/header_user.twig:28		ログイン済み時の導線はマイページへ向く（src/Eccube/Resource/template/default/Block/header_user.twig:28）。	sheet-5_img7.png（ログインアイコン）・img8.png（カート/お気に入り/詳細検索/カテゴリ/マイページ）を確認。	high	
sheet-5-R076	OUT_OF_SCOPE								通知インジケーターは直後の行（R077）でフェーズ2以降と宣言されている。フェーズ1の実装対象外。	sheet-5_img7.png（ログインアイコン）・img8.png（カート/お気に入り/詳細検索/カテゴリ/マイページ）を確認。	high	
sheet-5-R077	OUT_OF_SCOPE								行そのものがフェーズ2対応を宣言している。	レイアウト図に対応する描画はなく、図からの追加情報なし。	high	
sheet-5-R078	OUT_OF_SCOPE								他シートを参照させる注記。ふるまいを述べていない。	レイアウト図に対応する描画はなく、図からの追加情報なし。	high	
sheet-5-R079	OUT_OF_SCOPE								カート欄へ記載を委ねる索引行。ふるまいは同シートのカート欄（R088以降）にある。	sheet-5_img6.png のカートホバー図（合計N点／あと¥…で送料無料／商品行／カートページへ）を確認。	high	
sheet-5-R080	OUT_OF_SCOPE								カテゴリ欄へ記載を委ねる索引行。ふるまいは同シートのカテゴリ欄にある。	sheet-5_img11.png のカテゴリツリー展開図を確認。	high	
sheet-5-R081	MATCHED						src/Eccube/Resource/template/default/Block/branch_footer.twig:63-68; src/Eccube/EventListener/TwigInitializeListener.php:88-97		フッタのHARERUYAロゴは支店のECトップへ向く（src/Eccube/Resource/template/default/Block/branch_footer.twig:63。閲覧中の支店の指定が引き継がれるため、支店閲覧時の行き先は支店トップになる。引き継ぎは src/Eccube/EventListener/TwigInitializeListener.php:88-97）。	sheet-5_img3.png/img12/img13/img14 のフッタ図（支店ロゴ・支店名・住所・GOOGLE MAP・TEL・営業時間・サイトマップ・お得な情報）を確認。	med	
sheet-5-R082	MATCHED						src/Eccube/Resource/template/default/Block/branch_footer.twig:69		フッタに、閲覧中の支店に応じた支店名を表示する（src/Eccube/Resource/template/default/Block/branch_footer.twig:69）。	sheet-5_img3.png/img12/img13/img14 のフッタ図（支店ロゴ・支店名・住所・GOOGLE MAP・TEL・営業時間・サイトマップ・お得な情報）を確認。	high	
sheet-5-R083	OUT_OF_SCOPE								店舗情報欄へ記載を委ねる索引行。ふるまいは同シートの店舗情報欄にある。	sheet-5_img3.png/img12/img13/img14 のフッタ図（支店ロゴ・支店名・住所・GOOGLE MAP・TEL・営業時間・サイトマップ・お得な情報）を確認。	high	
sheet-5-R084	OUT_OF_SCOPE								サイトマップ欄へ記載を委ねる索引行。ふるまいは同シートのサイトマップ欄にある。	sheet-5_img3.png/img12/img13/img14 のフッタ図（支店ロゴ・支店名・住所・GOOGLE MAP・TEL・営業時間・サイトマップ・お得な情報）を確認。	high	
sheet-5-R085	MATCHED						src/Eccube/Resource/template/default/Block/branch_footer.twig:41-58		支店フッタに新設のお得な情報欄があり、外部の告知先への導線を並べる（src/Eccube/Resource/template/default/Block/branch_footer.twig:41-58）。	sheet-5_img3.png/img12/img13/img14 のフッタ図（支店ロゴ・支店名・住所・GOOGLE MAP・TEL・営業時間・サイトマップ・お得な情報）を確認。	high	
sheet-5-R086	OUT_OF_SCOPE								お得な情報欄へ記載を委ねる索引行。ふるまいは同シートのお得な情報欄にある。	sheet-5_img3.png/img12/img13/img14 のフッタ図（支店ロゴ・支店名・住所・GOOGLE MAP・TEL・営業時間・サイトマップ・お得な情報）を確認。	high	
sheet-5-R087	OUT_OF_SCOPE								カート欄のレイアウト図の見出し行。要求ではない。	sheet-5_img6.png のカートホバー図（合計N点／あと¥…で送料無料／商品行／カートページへ）を確認。	high	
sheet-5-R088	OUT_OF_SCOPE								カスタマイズ要件のまとまりの見出し。具体の仕様は R089 にある。	sheet-5_img6.png のカートホバー図（合計N点／あと¥…で送料無料／商品行／カートページへ）を確認。	high	
sheet-5-R089	MATCHED						src/Eccube/Resource/template/default/Block/js/header_cart_js.twig:45-57; src/Eccube/Resource/template/default/Block/cart.twig:30-134		カート内に商品があるとき、カートにマウスを乗せると商品概要（画像・言語・商品名・状態・価格・数量・小計）が開く（src/Eccube/Resource/template/default/Block/js/header_cart_js.twig:45-57, src/Eccube/Resource/template/default/Block/cart.twig:30-134）。	sheet-5_img6.png のカートホバー図（合計N点／あと¥…で送料無料／商品行／カートページへ）を確認。	high	
sheet-5-R090	OUT_OF_SCOPE								商品概要の詳細を基本設計で確定とする旨の但し書き。確定した仕様を述べていない。	sheet-5_img6.png のカートホバー図（合計N点／あと¥…で送料無料／商品行／カートページへ）を確認。	high	
sheet-5-R091	OUT_OF_SCOPE								カスタマイズ要件以外は現行踏襲とする、という適用方針の記述。個々のふるまいを述べていない。	sheet-5_img6.png のカートホバー図（合計N点／あと¥…で送料無料／商品行／カートページへ）を確認。	high	
sheet-5-R092	MATCHED						src/Eccube/Resource/template/default/Block/js/header_cart_js.twig:45-57; src/Eccube/Resource/template/default/Block/cart.twig:30-134		カートにマウスを乗せると一覧が開き、外れると閉じる（src/Eccube/Resource/template/default/Block/js/header_cart_js.twig:45-57、開閉対象は src/Eccube/Resource/template/default/Block/cart.twig:30 の一覧領域で、合計・送料無料残額・明細・カートページへの導線を含む）。	sheet-5_img6.png のカートホバー図（合計N点／あと¥…で送料無料／商品行／カートページへ）を確認。	high	
sheet-5-R093	MATCHED						src/Eccube/Service/Cart/CartHeaderViewService.php:38-49		カート内商品は追加された順（先に入れたものが上）に並べて一覧する（src/Eccube/Service/Cart/CartHeaderViewService.php:38-49 で追加順に並べ替えてから明細を組み立てる）。	sheet-5_img6.png のカートホバー図（合計N点／あと¥…で送料無料／商品行／カートページへ）を確認。	med	
sheet-5-R094	MATCHED						src/Eccube/Resource/template/default/Block/cart.twig:24-26		カート内に商品があるとき、カートアイコンに商品数を出す（src/Eccube/Resource/template/default/Block/cart.twig:24-26）。	sheet-5_img6.png のカートホバー図（合計N点／あと¥…で送料無料／商品行／カートページへ）を確認。	high	
sheet-5-R095	OUT_OF_SCOPE								項目表のヘッダ行（最大値・初期値・画面部品の説明）。要求ではない。	sheet-5_img6.png のカートホバー図（合計N点／あと¥…で送料無料／商品行／カートページへ）を確認。	high	
sheet-5-R096	MATCHED						src/Eccube/Resource/template/default/Block/cart.twig:20-29; src/Eccube/Resource/template/default/Block/js/header_cart_js.twig:45-57		カートにマウスを乗せると商品概要の一覧が開く（src/Eccube/Resource/template/default/Block/cart.twig:21 の要素に対し src/Eccube/Resource/template/default/Block/js/header_cart_js.twig:45-57 が開閉）。	sheet-5_img6.png のカートホバー図（合計N点／あと¥…で送料無料／商品行／カートページへ）を確認。	high	
sheet-5-R097	MATCHED						src/Eccube/Resource/template/default/Block/cart.twig:24-26		カート内に商品があるときだけ商品数を表示する（src/Eccube/Resource/template/default/Block/cart.twig:24-26）。	sheet-5_img6.png のカートホバー図（合計N点／あと¥…で送料無料／商品行／カートページへ）を確認。	high	
sheet-5-R098	MATCHED						src/Eccube/Resource/template/default/Block/js/header_cart_js.twig:45-57; src/Eccube/Resource/template/default/Block/cart.twig:38-121		マウスを乗せるとカート内の商品を明細として一覧表示する（src/Eccube/Resource/template/default/Block/js/header_cart_js.twig:45-57, src/Eccube/Resource/template/default/Block/cart.twig:38-121）。	sheet-5_img6.png のカートホバー図（合計N点／あと¥…で送料無料／商品行／カートページへ）を確認。	high	
sheet-5-R099	MATCHED						src/Eccube/Resource/template/default/Block/cart.twig:21		カートを押すとカート画面へ移動する（src/Eccube/Resource/template/default/Block/cart.twig:21）。	sheet-5_img6.png のカートホバー図（合計N点／あと¥…で送料無料／商品行／カートページへ）を確認。	high	
sheet-5-R100	MATCHED						src/Eccube/Resource/template/default/Block/cart.twig:33; src/Eccube/Resource/locale/messages.ja.yaml:6435		一覧の先頭にカート内の合計商品数を表示する（src/Eccube/Resource/template/default/Block/cart.twig:33 → src/Eccube/Resource/locale/messages.ja.yaml:6435 の「合計 %count% 点」）。	sheet-5_img6.png のカートホバー図（合計N点／あと¥…で送料無料／商品行／カートページへ）を確認。	high	
sheet-5-R101	NOT_IMPLEMENTED	P3	未実装	IO	・店舗の「送料無料条件(金額)」までの残り金額を表示する	支店サイトのヘッダのカート一覧に、その店舗に登録された送料無料条件（金額）までの残り金額を表示する。	src/Eccube/Service/Block/CartBlockPayloadBuilder.php:106-110; src/Eccube/Resource/template/default/Block/cart.twig:34-36	残り金額は本店を閲覧しているときだけ算出され、支店を閲覧しているときは常に未設定になる。カート一覧の残り金額の行は支店では一度も表示されない。	src/Eccube/Service/Block/CartBlockPayloadBuilder.php:106-110 は「支店は店舗受取のみで送料が存在しない」として本店閲覧時のみ残り金額を算出する。src/Eccube/Resource/template/default/Block/cart.twig:34 は残り金額が未設定なら行そのものを出さない。したがって支店PC版ナビゲーションのカート一覧には (9-3) が現れない。カート画面側も同様（src/Eccube/Resource/template/default/Cart/index.twig:281）。	sheet-5_img6.png のカートホバー図には「あと¥1,000,000で送料無料」の行があり、支店シートでもこの行を含む図が採用されている。	high	CartBlockPayloadBuilder-branch-no-free-shipping-remaining
sheet-5-R102	NOT_IMPLEMENTED	P3	未実装	IO	・カート内の合計金額が店舗の「送料無料条件(金額)」以上の場合、非表示にする	支店サイトのヘッダのカート一覧で、残り金額は合計金額が送料無料条件（金額）以上のときにだけ消える。条件に満たないときは表示され続ける。	src/Eccube/Service/Block/CartBlockPayloadBuilder.php:106-110; src/Eccube/Service/Cart/CartHeaderViewService.php:55-68	支店を閲覧しているときは合計金額にかかわらず残り金額が未設定になるため、条件に満たない場合も表示されない。	src/Eccube/Service/Cart/CartHeaderViewService.php:55-68 の残額計算は条件以上なら未設定を返すが、支店ではそもそも src/Eccube/Service/Block/CartBlockPayloadBuilder.php:108 の判定で計算自体が行われない。R101 と同一の実装欠陥。	sheet-5_img6.png のカートホバー図で残り金額の行位置を確認。	high	CartBlockPayloadBuilder-branch-no-free-shipping-remaining
sheet-5-R103	OUT_OF_SCOPE								別紙を参照させる注記。ふるまいを述べていない。	sheet-5_img6.png のカートホバー図（合計N点／あと¥…で送料無料／商品行／カートページへ）を確認。	high	
sheet-5-R104	MATCHED						src/Eccube/Resource/template/default/Block/cart.twig:84-86		明細の各行に商品画像を表示する（src/Eccube/Resource/template/default/Block/cart.twig:84-86）。	sheet-5_img6.png のカートホバー図（合計N点／あと¥…で送料無料／商品行／カートページへ）を確認。	high	
sheet-5-R105	MATCHED						src/Eccube/Resource/template/default/Block/cart.twig:89-91; src/Eccube/Service/Cart/CartHeaderViewService.php:73-82		言語の表示はカード商品のときだけ行う（src/Eccube/Resource/template/default/Block/cart.twig:89-91 の条件、カード判定は src/Eccube/Service/Cart/CartHeaderViewService.php:76-82）。	sheet-5_img6.png のカートホバー図（合計N点／あと¥…で送料無料／商品行／カートページへ）を確認。	high	
sheet-5-R106	MATCHED						src/Eccube/Service/Cart/CartHeaderViewService.php:81; src/Eccube/Resource/template/default/Block/cart.twig:90		表示する値は商品に登録された言語コード（src/Eccube/Service/Cart/CartHeaderViewService.php:81 → src/Eccube/Resource/template/default/Block/cart.twig:90）。	sheet-5_img6.png のカートホバー図（合計N点／あと¥…で送料無料／商品行／カートページへ）を確認。	high	
sheet-5-R107	MATCHED						src/Eccube/Resource/template/default/Block/cart.twig:92; src/Eccube/Service/Cart/CartHeaderViewService.php:79		カード商品でFoilのとき、商品名の前に接頭辞を付けて表示する（src/Eccube/Resource/template/default/Block/cart.twig:92、Foil判定は src/Eccube/Service/Cart/CartHeaderViewService.php:79）。	sheet-5_img6.png のカートホバー図（合計N点／あと¥…で送料無料／商品行／カートページへ）を確認。	high	
sheet-5-R108	MATCHED						src/Eccube/Resource/template/default/Block/cart.twig:92; src/Eccube/Resource/locale/messages.ja.yaml:6433		接頭辞は「【Foil】」で、その後に商品名が続く（src/Eccube/Resource/template/default/Block/cart.twig:92 → src/Eccube/Resource/locale/messages.ja.yaml:6433）。	sheet-5_img6.png のカートホバー図（合計N点／あと¥…で送料無料／商品行／カートページへ）を確認。	high	
sheet-5-R109	OUT_OF_SCOPE								表示例の提示行。仕様は直前の R107・R108 で述べられている。	sheet-5_img6.png のカートホバー図（合計N点／あと¥…で送料無料／商品行／カートページへ）を確認。	high	
sheet-5-R110	MATCHED						src/Eccube/Resource/template/default/Block/cart.twig:96;src/Eccube/Service/Cart/CartHeaderViewService.php:78		カード商品のときだけ状態を出す条件付き表示になっている（src/Eccube/Resource/template/default/Block/cart.twig:96-98 の view.isCard かつ cardConditionCode 非null）。カード判定と状態コードの決定は src/Eccube/Service/Cart/CartHeaderViewService.php:78-82。	sheet-5_img6（カート マウスオーバー時のドロップダウン）で 商品画像／言語ラベル／状態(NM)／価格／削除／−1＋／小計／カートページへ の並びを確認した	high	
sheet-5-R111	MATCHED						src/Eccube/Resource/template/default/Block/cart.twig:99		カート内商品1件ごとに価格を表示している（src/Eccube/Resource/template/default/Block/cart.twig:99）。	sheet-5_img6（カート マウスオーバー時のドロップダウン）で 商品画像／言語ラベル／状態(NM)／価格／削除／−1＋／小計／カートページへ の並びを確認した	high	
sheet-5-R112	MATCHED						src/Eccube/Resource/template/default/Block/cart.twig:103;src/Eccube/Resource/template/default/Block/js/header_cart_js.twig:150		削除ボタンを1行ごとに置き（src/Eccube/Resource/template/default/Block/cart.twig:103-105）、押下でその商品をカートから取り除いてヘッダのカート表示を作り直している（src/Eccube/Resource/template/default/Block/js/header_cart_js.twig:150-177）。	sheet-5_img6（カート マウスオーバー時のドロップダウン）で 商品画像／言語ラベル／状態(NM)／価格／削除／−1＋／小計／カートページへ の並びを確認した	high	
sheet-5-R113	MATCHED						src/Eccube/Resource/template/default/Block/cart.twig:108;src/Eccube/Resource/template/default/Block/js/header_cart_js.twig:220		マイナスボタン押下でその商品の数量を1つ減らす（src/Eccube/Resource/template/default/Block/cart.twig:108-110 の減算ボタン、src/Eccube/Resource/template/default/Block/js/header_cart_js.twig:220-255 の down 操作と再表示）。	sheet-5_img6（カート マウスオーバー時のドロップダウン）で 商品画像／言語ラベル／状態(NM)／価格／削除／−1＋／小計／カートページへ の並びを確認した	high	
sheet-5-R114	MATCHED						src/Eccube/Resource/template/default/Block/cart.twig:108;src/Eccube/Service/Cart/CartHeaderViewService.php:97;src/Eccube/Resource/template/default/Block/js/header_cart_js.twig:223		数量が下限（1）のときマイナスボタンを disabled にしている（src/Eccube/Resource/template/default/Block/cart.twig:108、下限値は src/Eccube/Service/Cart/CartHeaderViewService.php:97 で 1）。JS側でも disabled のときは何もしない（src/Eccube/Resource/template/default/Block/js/header_cart_js.twig:223-225）。	sheet-5_img6（カート マウスオーバー時のドロップダウン）で 商品画像／言語ラベル／状態(NM)／価格／削除／−1＋／小計／カートページへ の並びを確認した	high	
sheet-5-R115	MATCHED						src/Eccube/Resource/template/default/Block/cart.twig:106;src/Eccube/Service/Cart/CartHeaderViewService.php:84		在庫が無い商品では数量操作エリアごと出力しない（src/Eccube/Resource/template/default/Block/cart.twig:106-116 の view.isStockAvailable による分岐。判定は src/Eccube/Service/Cart/CartHeaderViewService.php:84-86）。	sheet-5_img6（カート マウスオーバー時のドロップダウン）で 商品画像／言語ラベル／状態(NM)／価格／削除／−1＋／小計／カートページへ の並びを確認した	high	
sheet-5-R116	MATCHED						src/Eccube/Resource/template/default/Block/cart.twig:111;src/Eccube/Resource/template/default/Block/cart.twig:106		商品数の表示（src/Eccube/Resource/template/default/Block/cart.twig:111）は在庫が無い商品では出力しない分岐の内側にある（src/Eccube/Resource/template/default/Block/cart.twig:106,116）。	sheet-5_img6（カート マウスオーバー時のドロップダウン）で 商品画像／言語ラベル／状態(NM)／価格／削除／−1＋／小計／カートページへ の並びを確認した	high	
sheet-5-R117	MATCHED						src/Eccube/Resource/template/default/Block/cart.twig:112;src/Eccube/Resource/template/default/Block/js/header_cart_js.twig:181		プラスボタン押下でその商品の数量を1つ増やす（src/Eccube/Resource/template/default/Block/cart.twig:112-114、src/Eccube/Resource/template/default/Block/js/header_cart_js.twig:181-216 の up 操作と再表示）。	sheet-5_img6（カート マウスオーバー時のドロップダウン）で 商品画像／言語ラベル／状態(NM)／価格／削除／−1＋／小計／カートページへ の並びを確認した	high	
sheet-5-R118	MATCHED						src/Eccube/Resource/template/default/Block/cart.twig:112;src/Eccube/Service/Cart/CartHeaderViewService.php:84		数量が在庫数に達しているときプラスボタンを disabled にしている（src/Eccube/Resource/template/default/Block/cart.twig:112、上限は在庫数 src/Eccube/Service/Cart/CartHeaderViewService.php:84-85）。	sheet-5_img6（カート マウスオーバー時のドロップダウン）で 商品画像／言語ラベル／状態(NM)／価格／削除／−1＋／小計／カートページへ の並びを確認した	high	
sheet-5-R119	MATCHED						src/Eccube/Resource/template/default/Block/cart.twig:106		在庫が無い商品ではプラスボタンを含む数量操作エリアを出力しない（src/Eccube/Resource/template/default/Block/cart.twig:106-116）。	sheet-5_img6（カート マウスオーバー時のドロップダウン）で 商品画像／言語ラベル／状態(NM)／価格／削除／−1＋／小計／カートページへ の並びを確認した	high	
sheet-5-R120	MATCHED						src/Eccube/Service/Cart/CartHeaderViewService.php:88;src/Eccube/Resource/template/default/Block/cart.twig:117		小計は価格×商品数で算出して表示している（src/Eccube/Service/Cart/CartHeaderViewService.php:88 で算出、src/Eccube/Resource/template/default/Block/cart.twig:117 で表示）。	sheet-5_img6（カート マウスオーバー時のドロップダウン）で 商品画像／言語ラベル／状態(NM)／価格／削除／−1＋／小計／カートページへ の並びを確認した	high	
sheet-5-R121	MATCHED						src/Eccube/Resource/template/default/Block/cart.twig:124;src/Eccube/Resource/template/default/Block/cart.twig:18		ドロップダウン下部のボタンからカート画面へ遷移する（src/Eccube/Resource/template/default/Block/cart.twig:122-127、遷移先は src/Eccube/Resource/template/default/Block/cart.twig:18 の販売カート）。	sheet-5_img6（カート マウスオーバー時のドロップダウン）で 商品画像／言語ラベル／状態(NM)／価格／削除／−1＋／小計／カートページへ の並びを確認した	high	
sheet-5-R122	OUT_OF_SCOPE								「カテゴリ レイアウト図」はレイアウト図の見出し行であり、実装要求ではない。		high	
sheet-5-R123	OUT_OF_SCOPE								「カテゴリの表示」はカスタマイズ要件のまとまりの見出しで、何がどうなるかを述べていない。中身は同ブロックの sheet-5-R124/R126 で判定した。		high	
sheet-5-R124	MATCHED						src/Eccube/Resource/template/default/Block/category_nav_pc.twig:62;src/Eccube/Resource/template/default/Block/category_nav_pc.twig:74;src/Eccube/Resource/template/default/Block/category_nav_pc.twig:105;src/Eccube/Service/TopCategoryListBuilder.php:95		支店ヘッダのカテゴリバーにカテゴリメニュー（src/Eccube/Resource/template/default/Block/category_nav_pc.twig:62-72 の「カテゴリ」）と第一階層のグループ（最新セット src/Eccube/Resource/template/default/Block/category_nav_pc.twig:74-83、フォーマット各項目 src/Eccube/Resource/template/default/Block/category_nav_pc.twig:92-103、その他 src/Eccube/Resource/template/default/Block/category_nav_pc.twig:105-114）を並べている。第一階層の抽出は src/Eccube/Service/TopCategoryListBuilder.php:95-131。	sheet-5_img1・img5（支店ヘッダ）とimg9・img10で カテゴリ／最新セット／スタンダード／パイオニア／モダン／レガシー／統率者／その他 のカテゴリバーを確認した	high	
sheet-5-R125	OUT_OF_SCOPE								「※主要カテゴリについては基本設計にて確定とする」は確定を先送りする注記で、実装要求ではない。		high	
sheet-5-R126	MATCHED						src/Eccube/Resource/template/default/Block/category_nav_pc.twig:66;src/Eccube/Controller/App/HeaderCategoriesController.php:41		カテゴリメニューにマウスオーバーするとドロップダウンが開き、第一階層から順に子カテゴリのツリーを展開する（src/Eccube/Resource/template/default/Block/category_nav_pc.twig:66-71 の展開領域、開閉と多段展開は html/template/default/assets/hareruya/js/hareruya-top.js:1、展開に使うカテゴリツリーは src/Eccube/Controller/App/HeaderCategoriesController.php:41-63）。	sheet-5_img11（カテゴリ マウスオーバー時の多段ツリー）で第1〜4カラムのツリー表示を確認した	high	
sheet-5-R127	OUT_OF_SCOPE								「カスタマイズ要件に記載の内容以外は現行踏襲とする」は適用範囲の総則で、個別の実装要求ではない。		high	
sheet-5-R128	OUT_OF_SCOPE								別紙「0303_基本設計仕様書(フロント_商品)」シート「カテゴリ一覧」への参照指示で、本シートの実装要求ではない。		high	
sheet-5-R129	OUT_OF_SCOPE								sheet-5-R128 の続き（参照先シート名）であり、実装要求ではない。		high	
sheet-5-R130	MATCHED						src/Eccube/Resource/template/default/Block/category_nav_pc.twig:30;src/Eccube/Resource/template/default/Block/category_nav_pc.twig:80		最新セット・フォーマット各グループのドロップダウンは、カテゴリのドロップダウンと同じマクロで同一レイアウトを出力している（src/Eccube/Resource/template/default/Block/category_nav_pc.twig:30-56 の共通マクロを src/Eccube/Resource/template/default/Block/category_nav_pc.twig:70,80,99,111 の全グループで使用）。	sheet-5_img11（カテゴリ マウスオーバー時の多段ツリー）で第1〜4カラムのツリー表示を確認した	high	
sheet-5-R131	MATCHED						src/Eccube/Resource/template/default/Block/category_nav_pc.twig:85;src/Eccube/Resource/template/default/Block/category_nav_pc.twig:105		カテゴリバーにフォーマット5区分（src/Eccube/Resource/template/default/Block/category_nav_pc.twig:85-103）と その他（src/Eccube/Resource/template/default/Block/category_nav_pc.twig:105-114）の6項目を並べている。	sheet-5_img1・img5（支店ヘッダ）とimg9・img10で カテゴリ／最新セット／スタンダード／パイオニア／モダン／レガシー／統率者／その他 のカテゴリバーを確認した	high	
sheet-5-R132	MATCHED						src/Eccube/Resource/template/default/Block/category_nav_pc.twig:86;src/Eccube/Resource/locale/messages.ja.yaml:6440		スタンダードを項目として表示する（src/Eccube/Resource/template/default/Block/category_nav_pc.twig:86 のラベル、文言は src/Eccube/Resource/locale/messages.ja.yaml:6440）。	sheet-5_img1・img5（支店ヘッダ）とimg9・img10で カテゴリ／最新セット／スタンダード／パイオニア／モダン／レガシー／統率者／その他 のカテゴリバーを確認した	high	
sheet-5-R133	MATCHED						src/Eccube/Resource/template/default/Block/category_nav_pc.twig:87;src/Eccube/Resource/locale/messages.ja.yaml:6441		パイオニアを項目として表示する（src/Eccube/Resource/template/default/Block/category_nav_pc.twig:87、文言は src/Eccube/Resource/locale/messages.ja.yaml:6441）。	sheet-5_img1・img5（支店ヘッダ）とimg9・img10で カテゴリ／最新セット／スタンダード／パイオニア／モダン／レガシー／統率者／その他 のカテゴリバーを確認した	high	
sheet-5-R134	MATCHED						src/Eccube/Resource/template/default/Block/category_nav_pc.twig:88;src/Eccube/Resource/locale/messages.ja.yaml:6442		モダンを項目として表示する（src/Eccube/Resource/template/default/Block/category_nav_pc.twig:88、文言は src/Eccube/Resource/locale/messages.ja.yaml:6442）。	sheet-5_img1・img5（支店ヘッダ）とimg9・img10で カテゴリ／最新セット／スタンダード／パイオニア／モダン／レガシー／統率者／その他 のカテゴリバーを確認した	high	
sheet-5-R135	MATCHED						src/Eccube/Resource/template/default/Block/category_nav_pc.twig:89;src/Eccube/Resource/locale/messages.ja.yaml:6443		レガシーを項目として表示する（src/Eccube/Resource/template/default/Block/category_nav_pc.twig:89、文言は src/Eccube/Resource/locale/messages.ja.yaml:6443）。	sheet-5_img1・img5（支店ヘッダ）とimg9・img10で カテゴリ／最新セット／スタンダード／パイオニア／モダン／レガシー／統率者／その他 のカテゴリバーを確認した	high	
sheet-5-R136	DRIFT	P3	実装違い	IO	★(10-3)フォーマットで表示する項目は以下の1~6とする 1　スタンダード 2　パイオニア 3　モダン 4　レガシー 5　統率者	カテゴリバーのフォーマット5番目の項目を「統率者」と表示する	src/Eccube/Resource/template/default/Block/category_nav_pc.twig:90;src/Eccube/Resource/locale/messages.ja.yaml:6444;src/Eccube/Resource/template/default/Block/category_nav_pc.twig:96	フォーマット5番目の項目の表示文言が「コマンダー」になっている（src/Eccube/Resource/locale/messages.ja.yaml:6444 front.nav.category.format_commander: コマンダー を src/Eccube/Resource/template/default/Block/category_nav_pc.twig:90,96 で表示）。	正本は機能仕様（★(10-3)の1~6）でも項目表（10-3）でも「統率者」と書き、レイアウト図（sheet-5_img1/img5/img9/img10/img11）のカテゴリバーも「統率者」と描いている。実装だけが「コマンダー」で、利用者に見える文言が食い違う。	sheet-5_img1・img5（支店ヘッダ）とimg9・img10で カテゴリ／最新セット／スタンダード／パイオニア／モダン／レガシー／統率者／その他 のカテゴリバーを確認した。5番目のフォーマットは全図で「統率者」と描かれており「コマンダー」の表記は無い	high	messages.ja.yaml-commander-label-mismatch
sheet-5-R137	MATCHED						src/Eccube/Resource/template/default/Block/category_nav_pc.twig:108;src/Eccube/Resource/locale/messages.ja.yaml:6446		その他を項目として表示する（src/Eccube/Resource/template/default/Block/category_nav_pc.twig:105-114、文言は src/Eccube/Resource/locale/messages.ja.yaml:6446）。	sheet-5_img1・img5（支店ヘッダ）とimg9・img10で カテゴリ／最新セット／スタンダード／パイオニア／モダン／レガシー／統率者／その他 のカテゴリバーを確認した	high	
sheet-5-R138	OUT_OF_SCOPE								項目表の見出し行（列名）であり、実装要求ではない。		high	
sheet-5-R139	MATCHED						src/Eccube/Resource/template/default/Block/category_nav_pc.twig:62;src/Eccube/Controller/App/HeaderCategoriesController.php:41		カテゴリバー先頭に「カテゴリ」を置き、マウスオーバーで第一階層からのカテゴリツリーを展開する（src/Eccube/Resource/template/default/Block/category_nav_pc.twig:62-72、展開データは src/Eccube/Controller/App/HeaderCategoriesController.php:41-63）。	sheet-5_img11（カテゴリ マウスオーバー時の多段ツリー）で第1〜4カラムのツリー表示を確認した	high	
sheet-5-R140	MATCHED						src/Eccube/Resource/template/default/Block/category_nav_pc.twig:30;src/Eccube/Resource/template/default/Block/category_nav_pc.twig:67		マウスオーバーで第一階層を1カラム目に並べ、以降のカラムへ子カテゴリを展開するツリー表示になっている（src/Eccube/Resource/template/default/Block/category_nav_pc.twig:30-56 の4カラム構成、src/Eccube/Resource/template/default/Block/category_nav_pc.twig:67-70 で第一階層を全グループ分並べる）。	sheet-5_img11（カテゴリ マウスオーバー時の多段ツリー）で第1〜4カラムのツリー表示を確認した	high	
sheet-5-R141	OUT_OF_SCOPE								別紙「0303_基本設計仕様書(フロント_商品)」シート「カテゴリ一覧」への参照指示で、本シートの実装要求ではない。		high	
sheet-5-R142	MATCHED						src/Eccube/Resource/template/default/Block/category_nav_pc.twig:74;src/Eccube/Service/TopCategoryListBuilder.php:105		「最新セット」を項目として表示し、マウスオーバーで最新セット配下のカテゴリを展開する（src/Eccube/Resource/template/default/Block/category_nav_pc.twig:74-83、最新セット配下の抽出は src/Eccube/Service/TopCategoryListBuilder.php:105-122）。	sheet-5_img1・img5（支店ヘッダ）とimg9・img10で カテゴリ／最新セット／スタンダード／パイオニア／モダン／レガシー／統率者／その他 のカテゴリバーを確認した	high	
sheet-5-R143	MATCHED						src/Eccube/Resource/template/default/Block/category_nav_pc.twig:79;src/Eccube/Service/TopCategoryListBuilder.php:105		最新セット配下のカテゴリをツリー表示する（src/Eccube/Resource/template/default/Block/category_nav_pc.twig:79-81 のドロップダウン、src/Eccube/Service/TopCategoryListBuilder.php:105-122 で最新セット直下を展開対象にしている）。	sheet-5_img11（カテゴリ マウスオーバー時の多段ツリー）で第1〜4カラムのツリー表示を確認した	high	
sheet-5-R144	MATCHED						src/Eccube/Resource/template/default/Block/category_nav_pc.twig:30;src/Eccube/Resource/template/default/Block/category_nav_pc.twig:80		最新セットのドロップダウンはカテゴリと同じマクロで同一レイアウトを出力している（src/Eccube/Resource/template/default/Block/category_nav_pc.twig:30-56 のマクロを src/Eccube/Resource/template/default/Block/category_nav_pc.twig:80 で使用）。	sheet-5_img11（カテゴリ マウスオーバー時の多段ツリー）で第1〜4カラムのツリー表示を確認した	high	
sheet-5-R145	MATCHED						src/Eccube/Resource/template/default/Block/category_nav_pc.twig:92		フォーマット区分をカテゴリバーの項目として表示し、マウスオーバーで配下カテゴリを展開する（src/Eccube/Resource/template/default/Block/category_nav_pc.twig:92-103）。	sheet-5_img1・img5（支店ヘッダ）とimg9・img10で カテゴリ／最新セット／スタンダード／パイオニア／モダン／レガシー／統率者／その他 のカテゴリバーを確認した	high	
sheet-5-R146	MATCHED						src/Eccube/Resource/template/default/Block/category_nav_pc.twig:85;src/Eccube/Resource/template/default/Block/category_nav_pc.twig:105		フォーマット区分をメニューとして並べている（src/Eccube/Resource/template/default/Block/category_nav_pc.twig:85-103 で5区分、その他は src/Eccube/Resource/template/default/Block/category_nav_pc.twig:105-114）。	sheet-5_img1・img5（支店ヘッダ）とimg9・img10で カテゴリ／最新セット／スタンダード／パイオニア／モダン／レガシー／統率者／その他 のカテゴリバーを確認した	high	
sheet-5-R147	MATCHED						src/Eccube/Resource/template/default/Block/category_nav_pc.twig:86;src/Eccube/Resource/locale/messages.ja.yaml:6440		スタンダードをメニュー項目として表示する（src/Eccube/Resource/template/default/Block/category_nav_pc.twig:86、文言は src/Eccube/Resource/locale/messages.ja.yaml:6440）。	sheet-5_img1・img5（支店ヘッダ）とimg9・img10で カテゴリ／最新セット／スタンダード／パイオニア／モダン／レガシー／統率者／その他 のカテゴリバーを確認した	high	
sheet-5-R148	MATCHED						src/Eccube/Resource/template/default/Block/category_nav_pc.twig:87;src/Eccube/Resource/locale/messages.ja.yaml:6441		パイオニアをメニュー項目として表示する（src/Eccube/Resource/template/default/Block/category_nav_pc.twig:87、文言は src/Eccube/Resource/locale/messages.ja.yaml:6441）。	sheet-5_img1・img5（支店ヘッダ）とimg9・img10で カテゴリ／最新セット／スタンダード／パイオニア／モダン／レガシー／統率者／その他 のカテゴリバーを確認した	high	
sheet-5-R149	MATCHED						src/Eccube/Resource/template/default/Block/category_nav_pc.twig:88;src/Eccube/Resource/locale/messages.ja.yaml:6442		モダンをメニュー項目として表示する（src/Eccube/Resource/template/default/Block/category_nav_pc.twig:88、文言は src/Eccube/Resource/locale/messages.ja.yaml:6442）。	sheet-5_img1・img5（支店ヘッダ）とimg9・img10で カテゴリ／最新セット／スタンダード／パイオニア／モダン／レガシー／統率者／その他 のカテゴリバーを確認した	high	
sheet-5-R150	MATCHED						src/Eccube/Resource/template/default/Block/category_nav_pc.twig:89;src/Eccube/Resource/locale/messages.ja.yaml:6443		レガシーをメニュー項目として表示する（src/Eccube/Resource/template/default/Block/category_nav_pc.twig:89、文言は src/Eccube/Resource/locale/messages.ja.yaml:6443）。	sheet-5_img1・img5（支店ヘッダ）とimg9・img10で カテゴリ／最新セット／スタンダード／パイオニア／モダン／レガシー／統率者／その他 のカテゴリバーを確認した	high	
sheet-5-R151	DRIFT	P3	実装違い	IO	・以下1~6のフォーマットをメニュー表示する 1 スタンダード 2 パイオニア 3 モダン 4 レガシー 5 統率者	フォーマットのメニュー5番目を「統率者」と表示する	src/Eccube/Resource/template/default/Block/category_nav_pc.twig:90;src/Eccube/Resource/locale/messages.ja.yaml:6444;src/Eccube/Resource/template/default/Block/category_nav_pc.twig:96	メニュー5番目の表示文言が「コマンダー」になっている（src/Eccube/Resource/locale/messages.ja.yaml:6444、表示は src/Eccube/Resource/template/default/Block/category_nav_pc.twig:90,96）。	項目表10-3のメニュー列挙と機能仕様★(10-3)はいずれも「統率者」、レイアウト図のカテゴリバーも「統率者」。実装の文言だけが異なる。sheet-5-R136 と同一の実装欠陥。	sheet-5_img1・img5（支店ヘッダ）とimg9・img10で カテゴリ／最新セット／スタンダード／パイオニア／モダン／レガシー／統率者／その他 のカテゴリバーを確認した	high	messages.ja.yaml-commander-label-mismatch
sheet-5-R152	MATCHED						src/Eccube/Resource/template/default/Block/category_nav_pc.twig:108;src/Eccube/Resource/locale/messages.ja.yaml:6446		その他をメニュー項目として表示する（src/Eccube/Resource/template/default/Block/category_nav_pc.twig:105-114、文言は src/Eccube/Resource/locale/messages.ja.yaml:6446）。	sheet-5_img1・img5（支店ヘッダ）とimg9・img10で カテゴリ／最新セット／スタンダード／パイオニア／モダン／レガシー／統率者／その他 のカテゴリバーを確認した	high	
sheet-5-R153	MATCHED						src/Eccube/Resource/template/default/Block/category_nav_pc.twig:98;src/Eccube/Service/TopCategoryListBuilder.php:123		フォーマット項目のマウスオーバーで、その区分に属するカテゴリをツリー展開する（src/Eccube/Resource/template/default/Block/category_nav_pc.twig:92-103 の各グループのドロップダウン、グループ分けは src/Eccube/Service/TopCategoryListBuilder.php:36-42,123-126）。	sheet-5_img11（カテゴリ マウスオーバー時の多段ツリー）で第1〜4カラムのツリー表示を確認した	high	
sheet-5-R154	MATCHED						src/Eccube/Resource/template/default/Block/category_nav_pc.twig:30;src/Eccube/Resource/template/default/Block/category_nav_pc.twig:99		フォーマットのドロップダウンはカテゴリと同じマクロで同一レイアウトを出力している（src/Eccube/Resource/template/default/Block/category_nav_pc.twig:30-56 のマクロを src/Eccube/Resource/template/default/Block/category_nav_pc.twig:99 で使用）。	sheet-5_img11（カテゴリ マウスオーバー時の多段ツリー）で第1〜4カラムのツリー表示を確認した	high	
sheet-5-R155	MATCHED						src/Eccube/Resource/template/default/Block/category_nav_pc.twig:105;src/Eccube/Service/TopCategoryListBuilder.php:127		「その他」を項目として表示し、最新セット・フォーマット5区分に属さない第一階層カテゴリを配下に持たせている（src/Eccube/Resource/template/default/Block/category_nav_pc.twig:105-114、振り分けは src/Eccube/Service/TopCategoryListBuilder.php:127-131）。	sheet-5_img1・img5（支店ヘッダ）とimg9・img10で カテゴリ／最新セット／スタンダード／パイオニア／モダン／レガシー／統率者／その他 のカテゴリバーを確認した	high	
sheet-5-R156	MATCHED						src/Eccube/Resource/template/default/Block/category_nav_pc.twig:110;src/Eccube/Service/TopCategoryListBuilder.php:127		その他のマウスオーバーで、最新セット〜統率者のグループに入らない第一階層カテゴリをツリー展開する（src/Eccube/Resource/template/default/Block/category_nav_pc.twig:110-112、対象の決定は src/Eccube/Service/TopCategoryListBuilder.php:127-131）。	sheet-5_img11（カテゴリ マウスオーバー時の多段ツリー）で第1〜4カラムのツリー表示を確認した	high	
sheet-5-R157	UNVERIFIABLE								「その他」配下に並ぶ項目は固定の列挙ではなくカテゴリマスタの登録内容で決まる（src/Eccube/Service/TopCategoryListBuilder.php:127-131 で最新セット・フォーマット以外の第一階層をその他へ振り分け、表示は src/Eccube/Resource/template/default/Block/category_nav_pc.twig:110-112）。「その他カード」が登録されているかは登録データ次第で、静的解析では確認できない。	sheet-5_img11（カテゴリ マウスオーバー時の多段ツリー）で第1〜4カラムのツリー表示を確認した	med	
sheet-5-R158	UNVERIFIABLE								「その他」配下に並ぶ項目は固定の列挙ではなくカテゴリマスタの登録内容で決まる（src/Eccube/Service/TopCategoryListBuilder.php:127-131 で最新セット・フォーマット以外の第一階層をその他へ振り分け、表示は src/Eccube/Resource/template/default/Block/category_nav_pc.twig:110-112）。「Secret Lairシリーズ一覧」が登録されているかは登録データ次第で、静的解析では確認できない。	sheet-5_img11（カテゴリ マウスオーバー時の多段ツリー）で第1〜4カラムのツリー表示を確認した	med	
sheet-5-R159	UNVERIFIABLE								「その他」配下に並ぶ項目は固定の列挙ではなくカテゴリマスタの登録内容で決まる（src/Eccube/Service/TopCategoryListBuilder.php:127-131 で最新セット・フォーマット以外の第一階層をその他へ振り分け、表示は src/Eccube/Resource/template/default/Block/category_nav_pc.twig:110-112）。「その他商品」が登録されているかは登録データ次第で、静的解析では確認できない。	sheet-5_img11（カテゴリ マウスオーバー時の多段ツリー）で第1〜4カラムのツリー表示を確認した	med	
sheet-5-R160	UNVERIFIABLE								「その他」配下に並ぶ項目は固定の列挙ではなくカテゴリマスタの登録内容で決まる（src/Eccube/Service/TopCategoryListBuilder.php:127-131 で最新セット・フォーマット以外の第一階層をその他へ振り分け、表示は src/Eccube/Resource/template/default/Block/category_nav_pc.twig:110-112）。「セット詰め合わせ」が登録されているかは登録データ次第で、静的解析では確認できない。	sheet-5_img11（カテゴリ マウスオーバー時の多段ツリー）で第1〜4カラムのツリー表示を確認した	med	
sheet-5-R161	UNVERIFIABLE								「その他」配下に並ぶ項目は固定の列挙ではなくカテゴリマスタの登録内容で決まる（src/Eccube/Service/TopCategoryListBuilder.php:127-131 で最新セット・フォーマット以外の第一階層をその他へ振り分け、表示は src/Eccube/Resource/template/default/Block/category_nav_pc.twig:110-112）。「サプライ・グッズ」が登録されているかは登録データ次第で、静的解析では確認できない。	sheet-5_img11（カテゴリ マウスオーバー時の多段ツリー）で第1〜4カラムのツリー表示を確認した	med	
sheet-5-R162	UNVERIFIABLE								「その他」配下に並ぶ項目は固定の列挙ではなくカテゴリマスタの登録内容で決まる（src/Eccube/Service/TopCategoryListBuilder.php:127-131 で最新セット・フォーマット以外の第一階層をその他へ振り分け、表示は src/Eccube/Resource/template/default/Block/category_nav_pc.twig:110-112）。「BOX/パック/未開封製品」が登録されているかは登録データ次第で、静的解析では確認できない。	sheet-5_img11（カテゴリ マウスオーバー時の多段ツリー）で第1〜4カラムのツリー表示を確認した	med	
sheet-5-R163	MATCHED						src/Eccube/Resource/template/default/Block/category_nav_pc.twig:30;src/Eccube/Resource/template/default/Block/category_nav_pc.twig:111		その他のドロップダウンはカテゴリと同じマクロで同一レイアウトを出力している（src/Eccube/Resource/template/default/Block/category_nav_pc.twig:30-56 のマクロを src/Eccube/Resource/template/default/Block/category_nav_pc.twig:111 で使用）。	sheet-5_img11（カテゴリ マウスオーバー時の多段ツリー）で第1〜4カラムのツリー表示を確認した	high	
sheet-5-R164	OUT_OF_SCOPE								「店舗情報 レイアウト図」はレイアウト図の見出し行であり、実装要求ではない。		high	
sheet-5-R165	OUT_OF_SCOPE								「店舗情報の表示」はカスタマイズ要件のまとまりの見出しで、中身は同ブロックの sheet-5-R166〜R171 で判定した。		high	
sheet-5-R166	MATCHED						src/Eccube/Resource/template/default/Block/branch_footer.twig:61;src/Eccube/EventListener/TwigInitializeListener.php:68		支店フッタに店舗情報欄を持ち、店舗登録で保持している郵便番号・住所・GOOGLE MAP・電話番号・営業時間を表示している（src/Eccube/Resource/template/default/Block/branch_footer.twig:61-96）。表示元の店舗情報はアクセス中の店舗のもの（src/Eccube/EventListener/TwigInitializeListener.php:68）。	sheet-5_img3（支店フッタ）で 〒／住所＋GOOGLE MAP／TEL／営業時間、サイトマップ4項目、お得な情報の並びを確認した	high	
sheet-5-R167	MATCHED						src/Eccube/Resource/template/default/Block/branch_footer.twig:75		郵便番号を〒付きで表示する（src/Eccube/Resource/template/default/Block/branch_footer.twig:71-76）。	sheet-5_img3（支店フッタ）で 〒／住所＋GOOGLE MAP／TEL／営業時間、サイトマップ4項目、お得な情報の並びを確認した	high	
sheet-5-R168	MATCHED						src/Eccube/Resource/template/default/Block/branch_footer.twig:85		都道府県＋住所1＋住所2を住所として表示する（src/Eccube/Resource/template/default/Block/branch_footer.twig:77-85）。	sheet-5_img3（支店フッタ）で 〒／住所＋GOOGLE MAP／TEL／営業時間、サイトマップ4項目、お得な情報の並びを確認した	high	
sheet-5-R169	MATCHED						src/Eccube/Resource/template/default/Block/branch_footer.twig:80;src/Eccube/Entity/BaseInfo.php:1592		店舗に設定されたGOOGLE MAPのURLをリンク先に使う（src/Eccube/Resource/template/default/Block/branch_footer.twig:80,86-88。設定項目は src/Eccube/Entity/BaseInfo.php:1592-1602、登録画面は src/Eccube/Resource/template/admin/mall/tenant/detail.twig:384-387）。	sheet-5_img3（支店フッタ）で 〒／住所＋GOOGLE MAP／TEL／営業時間、サイトマップ4項目、お得な情報の並びを確認した	high	
sheet-5-R170	MATCHED						src/Eccube/Resource/template/default/Block/branch_footer.twig:91		電話番号を TEL： 付きで表示する（src/Eccube/Resource/template/default/Block/branch_footer.twig:90-92）。	sheet-5_img3（支店フッタ）で 〒／住所＋GOOGLE MAP／TEL／営業時間、サイトマップ4項目、お得な情報の並びを確認した	high	
sheet-5-R171	MATCHED						src/Eccube/Resource/template/default/Block/branch_footer.twig:94		営業時間を 営業時間： 付きで表示する（src/Eccube/Resource/template/default/Block/branch_footer.twig:93-95）。	sheet-5_img3（支店フッタ）で 〒／住所＋GOOGLE MAP／TEL／営業時間、サイトマップ4項目、お得な情報の並びを確認した	high	
sheet-5-R172	OUT_OF_SCOPE								「カスタマイズ要件に記載の内容以外は現行踏襲とする」は適用範囲の総則で、個別の実装要求ではない。		high	
sheet-5-R173	MATCHED						src/Eccube/Resource/template/default/Block/branch_footer.twig:61		支店フッタに店舗情報欄が新規に用意されている（src/Eccube/Resource/template/default/Block/branch_footer.twig:61-97）。	sheet-5_img3（支店フッタ）で 〒／住所＋GOOGLE MAP／TEL／営業時間、サイトマップ4項目、お得な情報の並びを確認した	high	
sheet-5-R174	MATCHED						src/Eccube/Resource/template/default/Block/branch_footer.twig:71;src/Eccube/Resource/template/admin/mall/tenant/detail.twig:384		郵便番号・住所・GOOGLE MAP・電話番号・営業時間のいずれも店舗登録で保持している値から出力している（src/Eccube/Resource/template/default/Block/branch_footer.twig:71-95、値の保持先は src/Eccube/Entity/BaseInfo.php:1592、登録画面は src/Eccube/Resource/template/admin/mall/tenant/detail.twig:384-387）。	sheet-5_img3（支店フッタ）で 〒／住所＋GOOGLE MAP／TEL／営業時間、サイトマップ4項目、お得な情報の並びを確認した	high	
sheet-5-R175	MATCHED						src/Eccube/EventListener/TwigInitializeListener.php:68;src/Eccube/Resource/template/default/Block/branch_footer.twig:71		画面に渡す店舗情報はアクセスされた支店のものを解決して渡している（src/Eccube/EventListener/TwigInitializeListener.php:67-69 でリクエストの店舗から取得し、src/Eccube/Resource/template/default/Block/branch_footer.twig:69,71-95 がその値を表示する）。	sheet-5_img3（支店フッタ）で 〒／住所＋GOOGLE MAP／TEL／営業時間、サイトマップ4項目、お得な情報の並びを確認した	high	
sheet-5-R176	MATCHED						src/Eccube/Resource/template/default/Block/branch_footer.twig:80;src/Eccube/Resource/template/default/Block/branch_footer.twig:87		"GOOGLE MAPのリンクは店舗ごとに設定されたURLを指し、別タブで開く（src/Eccube/Resource/template/default/Block/branch_footer.twig:80 でURLを決め、src/Eccube/Resource/template/default/Block/branch_footer.twig:87 で target=""_blank""）。"	sheet-5_img3（支店フッタ）で 〒／住所＋GOOGLE MAP／TEL／営業時間、サイトマップ4項目、お得な情報の並びを確認した	high	
sheet-5-R177	OUT_OF_SCOPE								項目表の見出し行（列名）であり、実装要求ではない。		high	
sheet-5-R178	MATCHED						src/Eccube/Resource/template/default/Block/branch_footer.twig:75;src/Eccube/EventListener/TwigInitializeListener.php:68		アクセス中の支店の郵便番号を表示する（src/Eccube/Resource/template/default/Block/branch_footer.twig:71-76、店舗の解決は src/Eccube/EventListener/TwigInitializeListener.php:68）。	sheet-5_img3（支店フッタ）で 〒／住所＋GOOGLE MAP／TEL／営業時間、サイトマップ4項目、お得な情報の並びを確認した	high	
sheet-5-R179	MATCHED						src/Eccube/Resource/template/default/Block/branch_footer.twig:85;src/Eccube/EventListener/TwigInitializeListener.php:68		アクセス中の支店の住所を表示する（src/Eccube/Resource/template/default/Block/branch_footer.twig:77-85、店舗の解決は src/Eccube/EventListener/TwigInitializeListener.php:68）。	sheet-5_img3（支店フッタ）で 〒／住所＋GOOGLE MAP／TEL／営業時間、サイトマップ4項目、お得な情報の並びを確認した	high	
sheet-5-R180	MATCHED						src/Eccube/Resource/template/default/Block/branch_footer.twig:87		GOOGLE MAPリンクを押すと店舗ごとのURLが別タブで開く（src/Eccube/Resource/template/default/Block/branch_footer.twig:80,86-88）。	sheet-5_img3（支店フッタ）で 〒／住所＋GOOGLE MAP／TEL／営業時間、サイトマップ4項目、お得な情報の並びを確認した	high	
sheet-5-R181	OUT_OF_SCOPE								別紙「0209_基本設計仕様書(基本情報設定)」シート「店舗登録」への参照指示で、本シートの実装要求ではない。		high	
sheet-5-R182	MATCHED						src/Eccube/Resource/template/default/Block/branch_footer.twig:91;src/Eccube/EventListener/TwigInitializeListener.php:68		アクセス中の支店の電話番号を表示する（src/Eccube/Resource/template/default/Block/branch_footer.twig:90-92、店舗の解決は src/Eccube/EventListener/TwigInitializeListener.php:68）。	sheet-5_img3（支店フッタ）で 〒／住所＋GOOGLE MAP／TEL／営業時間、サイトマップ4項目、お得な情報の並びを確認した	high	
sheet-5-R183	MATCHED						src/Eccube/Resource/template/default/Block/branch_footer.twig:94;src/Eccube/EventListener/TwigInitializeListener.php:68		アクセス中の支店の営業時間を表示する（src/Eccube/Resource/template/default/Block/branch_footer.twig:93-95、店舗の解決は src/Eccube/EventListener/TwigInitializeListener.php:68）。	sheet-5_img3（支店フッタ）で 〒／住所＋GOOGLE MAP／TEL／営業時間、サイトマップ4項目、お得な情報の並びを確認した	high	
sheet-5-R184	OUT_OF_SCOPE								「サイトマップ レイアウト図」はレイアウト図の見出し行であり、実装要求ではない。		high	
sheet-5-R185	OUT_OF_SCOPE								「現行踏襲のためカスタマイズ要件はなし」はカスタマイズの有無を述べた注記で、実装要求ではない。		high	
sheet-5-R186	OUT_OF_SCOPE								「記載する処理概要はなし」は処理概要が無いことを述べた注記で、実装要求ではない。		high	
sheet-5-R187	OUT_OF_SCOPE								項目表の見出し行（列名）であり、実装要求ではない。		high	
sheet-5-R188	MATCHED						src/Eccube/Resource/template/default/Block/branch_footer.twig:26;src/Eccube/Controller/Front/HelpController.php:63		サイトマップ欄の「当サイトについて」から利用規約画面へ遷移する（src/Eccube/Resource/template/default/Block/branch_footer.twig:26、遷移先は src/Eccube/Controller/Front/HelpController.php:63-66 の利用規約）。	sheet-5_img4（サイトマップ欄）で 当サイトについて／プライバシーポリシー／特定商取引法に基づく表記／お問い合わせ の4リンクを確認した	high	
sheet-5-R189	DESIGN_ISSUE	P3			13-2 プライバシーポリシー リンク - - - ・押下すると、会員規約画面へ遷移する		src/Eccube/Resource/template/default/Block/branch_footer.twig:29		同じ行のラベルとレイアウト図（sheet-5_img4/img3）は「プライバシーポリシー」だが、画面部品の説明だけが遷移先を「会員規約画面」としており、正本の内部で食い違う。リニューアル後の設計一式に会員規約画面という画面は現れず、実装はラベルどおりプライバシーポリシー画面へ遷移する（src/Eccube/Resource/template/default/Block/branch_footer.twig:29、遷移先は src/Eccube/Controller/Front/HelpController.php:51-54）。どちらを正とするかは設計裁定が要る。	sheet-5_img4（サイトマップ欄）で 当サイトについて／プライバシーポリシー／特定商取引法に基づく表記／お問い合わせ の4リンクを確認した。図の文言は「プライバシーポリシー」で、会員規約の語は図中に無い	med	
sheet-5-R190	MATCHED						src/Eccube/Resource/template/default/Block/branch_footer.twig:32;src/Eccube/Controller/Front/TradeLawController.php:34		サイトマップ欄の「特定商取引法に基づく表記」から特定商取引法に基づく表記の画面へ遷移する（src/Eccube/Resource/template/default/Block/branch_footer.twig:32、遷移先は src/Eccube/Controller/Front/TradeLawController.php:34）。	sheet-5_img4（サイトマップ欄）で 当サイトについて／プライバシーポリシー／特定商取引法に基づく表記／お問い合わせ の4リンクを確認した	high	
sheet-5-R191	MATCHED						src/Eccube/Resource/template/default/Block/branch_footer.twig:35		サイトマップ欄の「お問い合わせ」からお問い合わせ画面へ遷移する（src/Eccube/Resource/template/default/Block/branch_footer.twig:35）。	sheet-5_img4（サイトマップ欄）で 当サイトについて／プライバシーポリシー／特定商取引法に基づく表記／お問い合わせ の4リンクを確認した	high	
sheet-5-R192	OUT_OF_SCOPE								「お得な情報 レイアウト図」はレイアウト図の見出し行であり、実装要求ではない。		high	
sheet-5-R193	OUT_OF_SCOPE								「お得な情報の表示」はカスタマイズ要件のまとまりの見出しで、中身は同ブロックの sheet-5-R194/R195 で判定した。		high	
sheet-5-R194	MATCHED						src/Eccube/Resource/template/default/Block/branch_footer.twig:51;src/Eccube/Resource/locale/messages.ja.yaml:6488		支店フッタのお得な情報欄に晴れる屋Xへのリンクを置いている（src/Eccube/Resource/template/default/Block/branch_footer.twig:50-52、文言は src/Eccube/Resource/locale/messages.ja.yaml:6488）。	sheet-5_img3（支店フッタ）で 〒／住所＋GOOGLE MAP／TEL／営業時間、サイトマップ4項目、お得な情報の並びを確認した	high	
sheet-5-R195	MATCHED						src/Eccube/Resource/template/default/Block/branch_footer.twig:54;src/Eccube/Resource/locale/messages.ja.yaml:6489		支店フッタのお得な情報欄に晴れる屋Channelへのリンクを置いている（src/Eccube/Resource/template/default/Block/branch_footer.twig:53-55、文言は src/Eccube/Resource/locale/messages.ja.yaml:6489）。	sheet-5_img3（支店フッタ）で 〒／住所＋GOOGLE MAP／TEL／営業時間、サイトマップ4項目、お得な情報の並びを確認した	high	
sheet-5-R196	OUT_OF_SCOPE								「カスタマイズ要件に記載の内容以外は現行踏襲とする」は適用範囲の総則で、個別の実装要求ではない。		high	
sheet-5-R197	MATCHED						src/Eccube/Resource/template/default/Block/branch_footer.twig:41;src/Eccube/Resource/locale/messages.ja.yaml:6487		支店フッタにお得な情報欄が新規に用意されている（src/Eccube/Resource/template/default/Block/branch_footer.twig:41-58、見出し文言は src/Eccube/Resource/locale/messages.ja.yaml:6487）。	sheet-5_img3（支店フッタ）で 〒／住所＋GOOGLE MAP／TEL／営業時間、サイトマップ4項目、お得な情報の並びを確認した	high	
sheet-5-R198	OUT_OF_SCOPE								項目表の見出し行（列名）であり、実装要求ではない。		high	
sheet-5-R199	MATCHED						src/Eccube/Resource/template/default/Block/branch_footer.twig:51		"晴れる屋Xのリンクは別タブで開く（src/Eccube/Resource/template/default/Block/branch_footer.twig:51 の target=""_blank""）。"	sheet-5_img3（支店フッタ）で 〒／住所＋GOOGLE MAP／TEL／営業時間、サイトマップ4項目、お得な情報の並びを確認した	high	
sheet-5-R200	MATCHED						src/Eccube/Resource/template/default/Block/branch_footer.twig:51		リンク先URLは https://x.com/hareruya_mtg（src/Eccube/Resource/template/default/Block/branch_footer.twig:51）。	sheet-5_img3（支店フッタ）で 〒／住所＋GOOGLE MAP／TEL／営業時間、サイトマップ4項目、お得な情報の並びを確認した	high	
sheet-5-R201	MATCHED						src/Eccube/Resource/template/default/Block/branch_footer.twig:54		"晴れる屋ChannelのリンクはYouTubeチャンネルを別タブで開く（src/Eccube/Resource/template/default/Block/branch_footer.twig:54 の target=""_blank""）。"	sheet-5_img3（支店フッタ）で 〒／住所＋GOOGLE MAP／TEL／営業時間、サイトマップ4項目、お得な情報の並びを確認した	high	
sheet-5-R202	MATCHED						src/Eccube/Resource/template/default/Block/branch_footer.twig:54		リンク先URLは https://www.youtube.com/channel/UC1l7GtlvAmCOXRlxjImbWvw（src/Eccube/Resource/template/default/Block/branch_footer.twig:54）。	sheet-5_img3（支店フッタ）で 〒／住所＋GOOGLE MAP／TEL／営業時間、サイトマップ4項目、お得な情報の並びを確認した	high	
sheet-5-R203	OUT_OF_SCOPE								現行仕様節の機能名見出しであり、実装要求ではない。		high	
sheet-5-R204	OUT_OF_SCOPE								現行仕様節がどこからのリバースかを述べた前置きで、実装要求ではない。		high	
sheet-5-R205	OUT_OF_SCOPE								通知はフェーズ2対応と正本が宣言しており、フェーズ1の実装・テスト対象外。		high	
sheet-5-R206	OUT_OF_SCOPE								「※通知はフェーズ2以降で設計予定とする」というExcel原文の引用で、フェーズ2対応の宣言。		high	
sheet-5-R207	OUT_OF_SCOPE								フェーズ2対応（フェーズ1では実装しない）の区分行であり、対象外。		high	
sheet-5-R208	OUT_OF_SCOPE								通知がフェーズ2対応であることの宣言で、フェーズ1の対象外。		high	
sheet-5-R209	OUT_OF_SCOPE								「ログイン状態による導線」は現行仕様の業務ロジックの小見出しで、中身は sheet-5-R210 で判定した。		high	
sheet-5-R210	OUT_OF_SCOPE								ヘッダにログアウト導線を出すのは現行(pf-eccube3)の仕様。リニューアル後の項目表は画面上部の会員向け導線を(8)ログイン/マイページだけと定め、レイアウト図（sheet-5_img1/img5/img9/img10）にもログアウトは描かれていない。現行仕様とリニューアル後の仕様が食い違う箇所は後者が優先という規約により、現行仕様側は対象外。	sheet-5_img1・img5（支店PC版ヘッダ）とimg3（支店フッタ）を確認した	high	
sheet-5-R211	OUT_OF_SCOPE								「カート個数の更新」は現行仕様の業務ロジックの小見出しで、中身は sheet-5-R212 で判定した。		high	
sheet-5-R212	OUT_OF_SCOPE								画面に出る結果は「ヘッダのカートに最新の商品数が出ること」であり、表示直後にもう一度取り直して置き換えるかどうかは現行(pf)側のページキャッシュ対策の手段。実装は表示時点の値を描画し（src/Eccube/Resource/template/default/Block/cart.twig:24-26）、カート操作のたびに取り直して同じ表示を作り直す（src/Eccube/Resource/template/default/Block/js/header_cart_js.twig:61-74）。手段の差は規約により対象外。	sheet-5_img6（カート マウスオーバー時のドロップダウン）で 商品画像／言語ラベル／状態(NM)／価格／削除／−1＋／小計／カートページへ の並びを確認した	high	
sheet-5-R213	OUT_OF_SCOPE								「画面幅による導線の出し分け」は現行仕様の業務ロジックの小見出しで、中身は sheet-5-R214 で判定した。		high	
sheet-5-R214	MATCHED						src/Eccube/Resource/template/default/Block/branch_header.twig:62;src/Eccube/Resource/template/default/Block/bottom_nav.twig:27;html/template/default/assets/hareruya/css/hareruya-common.css:1		ヘッダの導線一式はPC幅でだけ並び、狭い幅では検索だけを残す（支店ヘッダの右側導線 src/Eccube/Resource/template/default/Block/branch_header.twig:62-65 は狭い幅で非表示、html/template/default/assets/hareruya/css/hareruya-common.css:1 の .p-hareruya-header--branch .p-hareruya-header__nav-right{display:none}）。店舗サイト導線・カート・会員導線は画面下部固定の並びへ置き換わり（src/Eccube/Resource/template/default/Block/bottom_nav.twig:30-38,61-71,143-159）、その並びは狭い幅でだけ表示する（src/Eccube/Resource/template/default/Block/bottom_nav.twig:27 の u-hareruya-dsp-sp）。	sheet-5_img1・img5（支店PC版ヘッダ）とimg3（支店フッタ）を確認した	med	
sheet-5-R215	MATCHED						src/Eccube/Resource/template/default/Block/header.twig:11;src/Eccube/Resource/template/default/Block/branch_header.twig:14		支店サイトの画面表示要求を受けてヘッダ一式を出力する（src/Eccube/Resource/template/default/Block/header.twig:11-13 で支店判定のうえ src/Eccube/Resource/template/default/Block/branch_header.twig:14-74 を描画）。	sheet-5_img1・img5（支店PC版ヘッダ）とimg3（支店フッタ）を確認した	high	
sheet-5-R216	MATCHED						src/Eccube/Resource/template/default/Block/branch_header.twig:14;src/Eccube/Resource/template/default/Block/js/header_cart_js.twig:61;src/Eccube/Resource/template/default/Block/cart.twig:24		成功時はヘッダの導線一式（店舗ロゴ・ご当地晴れる屋くん・検索・ポイント・ログイン/マイページ・カート）を出力し（src/Eccube/Resource/template/default/Block/branch_header.twig:14-74）、カートの商品数はカート操作のたびに取り直した値で作り直す（src/Eccube/Resource/template/default/Block/js/header_cart_js.twig:61-74、src/Eccube/Resource/template/default/Block/cart.twig:24-26）。	sheet-5_img1・img5（支店PC版ヘッダ）とimg3（支店フッタ）を確認した	med	
sheet-5-R217	OUT_OF_SCOPE								カート数を取り直せなかったときに表示済みの値を据え置く挙動と、描画失敗時に共通の例外処理へ委ねる挙動は、いずれも画面に出る結果ではなく失敗時の内部処理。規約により対象外。		high	
sheet-5-R218	OUT_OF_SCOPE								「本機能は処理結果を知らせる文言を持たない」は表示メッセージが無いことの記述で、実装要求ではない。		high	
sheet-6-R001	OUT_OF_SCOPE								処理概要欄の参照指示（別シート「通知」を見よ）で、それ自体は実装要求ではない。通知は0302-F02-04でフェーズ2対応	layout図 sheet-6_img1(支店ヘッダ: HARERUYA+支店名+ご当地晴れる屋くん+ポイント+カードセット+検索欄)、sheet-6_img3(下部固定ナビ: 通販サイト/カート/詳細検索/カテゴリ/マイページ)、sheet-6_img2(支店フッタ: サイトマップ/お得な情報/店舗ロゴ/支店名/〒/住所/GOOGLE MAP/TEL/営業時間/Copyright)を確認	high	
sheet-6-R002	OUT_OF_SCOPE								処理概要欄が「記載なし」と述べているだけで実装要求ではない	layout図 sheet-6_img1(支店ヘッダ: HARERUYA+支店名+ご当地晴れる屋くん+ポイント+カードセット+検索欄)、sheet-6_img3(下部固定ナビ: 通販サイト/カート/詳細検索/カテゴリ/マイページ)、sheet-6_img2(支店フッタ: サイトマップ/お得な情報/店舗ロゴ/支店名/〒/住所/GOOGLE MAP/TEL/営業時間/Copyright)を確認	high	
sheet-6-R003	OUT_OF_SCOPE								カスタマイズ要件の項目名（見出し）。具体の仕様は同ブロックのsheet-6-R004に書かれている	layout図 sheet-6_img1(支店ヘッダ: HARERUYA+支店名+ご当地晴れる屋くん+ポイント+カードセット+検索欄)、sheet-6_img3(下部固定ナビ: 通販サイト/カート/詳細検索/カテゴリ/マイページ)、sheet-6_img2(支店フッタ: サイトマップ/お得な情報/店舗ロゴ/支店名/〒/住所/GOOGLE MAP/TEL/営業時間/Copyright)を確認	high	
sheet-6-R004	MATCHED						src/Eccube/Resource/template/default/Block/branch_header.twig:12;src/Eccube/Resource/template/default/Block/branch_header.twig:32-36		支店ごとのご当地晴れる屋くん画像を BaseInfo の項目から取得して表示している（src/Eccube/Resource/template/default/Block/branch_header.twig:12 で画像パスを組み立て、src/Eccube/Resource/template/default/Block/branch_header.twig:32-36 でヘッダ右に表示）。管理側の登録欄は src/Eccube/Form/Type/Admin/Enterprise/MallTenantShopType.php:288 にある	layout図 sheet-6_img1(支店ヘッダ: HARERUYA+支店名+ご当地晴れる屋くん+ポイント+カードセット+検索欄)、sheet-6_img3(下部固定ナビ: 通販サイト/カート/詳細検索/カテゴリ/マイページ)、sheet-6_img2(支店フッタ: サイトマップ/お得な情報/店舗ロゴ/支店名/〒/住所/GOOGLE MAP/TEL/営業時間/Copyright)を確認	high	
sheet-6-R005	OUT_OF_SCOPE								カスタマイズ要件の項目名（見出し）。具体の仕様は同ブロックのsheet-6-R006/R007に書かれている	layout図 sheet-6_img1(支店ヘッダ: HARERUYA+支店名+ご当地晴れる屋くん+ポイント+カードセット+検索欄)、sheet-6_img3(下部固定ナビ: 通販サイト/カート/詳細検索/カテゴリ/マイページ)、sheet-6_img2(支店フッタ: サイトマップ/お得な情報/店舗ロゴ/支店名/〒/住所/GOOGLE MAP/TEL/営業時間/Copyright)を確認	high	
sheet-6-R006	MATCHED						src/Eccube/Resource/template/default/Block/search_product.twig:90-108;src/Eccube/Resource/template/default/Block/search_product.twig:109-116		カードセット選択メニュー（src/Eccube/Resource/template/default/Block/search_product.twig:90-108）が商品検索テキストボックス（src/Eccube/Resource/template/default/Block/search_product.twig:109-116）より前＝左に置かれている	layout図 sheet-6_img1(支店ヘッダ: HARERUYA+支店名+ご当地晴れる屋くん+ポイント+カードセット+検索欄)、sheet-6_img3(下部固定ナビ: 通販サイト/カート/詳細検索/カテゴリ/マイページ)、sheet-6_img2(支店フッタ: サイトマップ/お得な情報/店舗ロゴ/支店名/〒/住所/GOOGLE MAP/TEL/営業時間/Copyright)を確認	high	
sheet-6-R007	MATCHED						src/Eccube/Resource/template/default/Block/search_product.twig:95-107		選択肢を押すと選んだ1件だけが保持される作りで（src/Eccube/Resource/template/default/Block/search_product.twig:107 の値が選択のたびに1件へ置き換わる）、複数選択はできない。既定表示は「カードセット」（src/Eccube/Resource/locale/messages.ja.yaml:6509）	layout図 sheet-6_img1(支店ヘッダ: HARERUYA+支店名+ご当地晴れる屋くん+ポイント+カードセット+検索欄)、sheet-6_img3(下部固定ナビ: 通販サイト/カート/詳細検索/カテゴリ/マイページ)、sheet-6_img2(支店フッタ: サイトマップ/お得な情報/店舗ロゴ/支店名/〒/住所/GOOGLE MAP/TEL/営業時間/Copyright)を確認	high	
sheet-6-R008	OUT_OF_SCOPE								カスタマイズ要件の項目名（見出し）。具体の仕様は同ブロックのsheet-6-R009/R010に書かれている	layout図 sheet-6_img1(支店ヘッダ: HARERUYA+支店名+ご当地晴れる屋くん+ポイント+カードセット+検索欄)、sheet-6_img3(下部固定ナビ: 通販サイト/カート/詳細検索/カテゴリ/マイページ)、sheet-6_img2(支店フッタ: サイトマップ/お得な情報/店舗ロゴ/支店名/〒/住所/GOOGLE MAP/TEL/営業時間/Copyright)を確認	high	
sheet-6-R009	MATCHED						src/Eccube/Resource/template/default/Block/bottom_nav.twig:31-38;src/Eccube/Resource/locale/messages.ja.yaml:6414		支店サイトのときだけ下部固定ナビの先頭に「通販サイト」アイコンを出す（src/Eccube/Resource/template/default/Block/bottom_nav.twig:31-38、文言は src/Eccube/Resource/locale/messages.ja.yaml:6414）。レイアウト図sheet-6_img3の1つ目と一致	layout図 sheet-6_img1(支店ヘッダ: HARERUYA+支店名+ご当地晴れる屋くん+ポイント+カードセット+検索欄)、sheet-6_img3(下部固定ナビ: 通販サイト/カート/詳細検索/カテゴリ/マイページ)、sheet-6_img2(支店フッタ: サイトマップ/お得な情報/店舗ロゴ/支店名/〒/住所/GOOGLE MAP/TEL/営業時間/Copyright)を確認	high	
sheet-6-R010	MATCHED						src/Eccube/Resource/template/default/Block/bottom_nav.twig:32		「通販サイト」の遷移先は本店のトップ画面（src/Eccube/Resource/template/default/Block/bottom_nav.twig:32 で店舗を本店に切り替えたトップのURLを生成）	layout図 sheet-6_img1(支店ヘッダ: HARERUYA+支店名+ご当地晴れる屋くん+ポイント+カードセット+検索欄)、sheet-6_img3(下部固定ナビ: 通販サイト/カート/詳細検索/カテゴリ/マイページ)、sheet-6_img2(支店フッタ: サイトマップ/お得な情報/店舗ロゴ/支店名/〒/住所/GOOGLE MAP/TEL/営業時間/Copyright)を確認	high	
sheet-6-R011	OUT_OF_SCOPE								カスタマイズ要件の項目名（見出し）。具体の仕様は同ブロックのsheet-6-R012/R013に書かれている	layout図 sheet-6_img1(支店ヘッダ: HARERUYA+支店名+ご当地晴れる屋くん+ポイント+カードセット+検索欄)、sheet-6_img3(下部固定ナビ: 通販サイト/カート/詳細検索/カテゴリ/マイページ)、sheet-6_img2(支店フッタ: サイトマップ/お得な情報/店舗ロゴ/支店名/〒/住所/GOOGLE MAP/TEL/営業時間/Copyright)を確認	high	
sheet-6-R012	MATCHED						src/Eccube/Resource/template/default/Block/bottom_nav.twig:122-128;src/Eccube/Resource/locale/messages.ja.yaml:6525		下部固定ナビに「詳細検索」アイコンを表示している（src/Eccube/Resource/template/default/Block/bottom_nav.twig:122-128、文言は src/Eccube/Resource/locale/messages.ja.yaml:6525）	layout図 sheet-6_img1(支店ヘッダ: HARERUYA+支店名+ご当地晴れる屋くん+ポイント+カードセット+検索欄)、sheet-6_img3(下部固定ナビ: 通販サイト/カート/詳細検索/カテゴリ/マイページ)、sheet-6_img2(支店フッタ: サイトマップ/お得な情報/店舗ロゴ/支店名/〒/住所/GOOGLE MAP/TEL/営業時間/Copyright)を確認	high	
sheet-6-R013	MATCHED						src/Eccube/Resource/template/default/Block/bottom_nav.twig:122;src/Eccube/Resource/template/default/Block/header.twig:181		「詳細検索」押下で商品の詳細検索モーダルが開く（src/Eccube/Resource/template/default/Block/bottom_nav.twig:122 が開く対象を指定し、モーダル本体は src/Eccube/Resource/template/default/Block/header.twig:181 で支店ページにも読み込まれる）	layout図 sheet-6_img1(支店ヘッダ: HARERUYA+支店名+ご当地晴れる屋くん+ポイント+カードセット+検索欄)、sheet-6_img3(下部固定ナビ: 通販サイト/カート/詳細検索/カテゴリ/マイページ)、sheet-6_img2(支店フッタ: サイトマップ/お得な情報/店舗ロゴ/支店名/〒/住所/GOOGLE MAP/TEL/営業時間/Copyright)を確認	high	
sheet-6-R014	OUT_OF_SCOPE								カスタマイズ要件の項目名（見出し）。具体の仕様は同ブロックのsheet-6-R015に書かれている	layout図 sheet-6_img1(支店ヘッダ: HARERUYA+支店名+ご当地晴れる屋くん+ポイント+カードセット+検索欄)、sheet-6_img3(下部固定ナビ: 通販サイト/カート/詳細検索/カテゴリ/マイページ)、sheet-6_img2(支店フッタ: サイトマップ/お得な情報/店舗ロゴ/支店名/〒/住所/GOOGLE MAP/TEL/営業時間/Copyright)を確認	high	
sheet-6-R015	OUT_OF_SCOPE								ナビ上の通知は 0302-F02-04（支店スマホ版ナビゲーション上の通知）としてフェーズ2対応。フェーズ1では実装しない	layout図 sheet-6_img1(支店ヘッダ: HARERUYA+支店名+ご当地晴れる屋くん+ポイント+カードセット+検索欄)、sheet-6_img3(下部固定ナビ: 通販サイト/カート/詳細検索/カテゴリ/マイページ)、sheet-6_img2(支店フッタ: サイトマップ/お得な情報/店舗ロゴ/支店名/〒/住所/GOOGLE MAP/TEL/営業時間/Copyright)を確認	high	
sheet-6-R016	OUT_OF_SCOPE								別シート「F02-05 通知」への参照指示。通知自体がフェーズ2対応	layout図 sheet-6_img1(支店ヘッダ: HARERUYA+支店名+ご当地晴れる屋くん+ポイント+カードセット+検索欄)、sheet-6_img3(下部固定ナビ: 通販サイト/カート/詳細検索/カテゴリ/マイページ)、sheet-6_img2(支店フッタ: サイトマップ/お得な情報/店舗ロゴ/支店名/〒/住所/GOOGLE MAP/TEL/営業時間/Copyright)を確認	high	
sheet-6-R017	OUT_OF_SCOPE								カスタマイズ要件以外は現行踏襲、という方針の記述であって個別の実装要求ではない	layout図 sheet-6_img1(支店ヘッダ: HARERUYA+支店名+ご当地晴れる屋くん+ポイント+カードセット+検索欄)、sheet-6_img3(下部固定ナビ: 通販サイト/カート/詳細検索/カテゴリ/マイページ)、sheet-6_img2(支店フッタ: サイトマップ/お得な情報/店舗ロゴ/支店名/〒/住所/GOOGLE MAP/TEL/営業時間/Copyright)を確認	high	
sheet-6-R018	OUT_OF_SCOPE								レイアウト図の識別ID(8)を挙げているだけの項目名。仕様はカート欄（sheet-6-R071/R072）にある	layout図 sheet-6_img1(支店ヘッダ: HARERUYA+支店名+ご当地晴れる屋くん+ポイント+カードセット+検索欄)、sheet-6_img3(下部固定ナビ: 通販サイト/カート/詳細検索/カテゴリ/マイページ)、sheet-6_img2(支店フッタ: サイトマップ/お得な情報/店舗ロゴ/支店名/〒/住所/GOOGLE MAP/TEL/営業時間/Copyright)を確認	high	
sheet-6-R019	OUT_OF_SCOPE								仕様は別欄に記載、という参照指示	layout図 sheet-6_img1(支店ヘッダ: HARERUYA+支店名+ご当地晴れる屋くん+ポイント+カードセット+検索欄)、sheet-6_img3(下部固定ナビ: 通販サイト/カート/詳細検索/カテゴリ/マイページ)、sheet-6_img2(支店フッタ: サイトマップ/お得な情報/店舗ロゴ/支店名/〒/住所/GOOGLE MAP/TEL/営業時間/Copyright)を確認	high	
sheet-6-R020	OUT_OF_SCOPE								レイアウト図の識別ID(10)を挙げているだけの項目名。仕様はカテゴリ欄（sheet-6-R099〜R101）にある	layout図 sheet-6_img1(支店ヘッダ: HARERUYA+支店名+ご当地晴れる屋くん+ポイント+カードセット+検索欄)、sheet-6_img3(下部固定ナビ: 通販サイト/カート/詳細検索/カテゴリ/マイページ)、sheet-6_img2(支店フッタ: サイトマップ/お得な情報/店舗ロゴ/支店名/〒/住所/GOOGLE MAP/TEL/営業時間/Copyright)を確認	high	
sheet-6-R021	OUT_OF_SCOPE								仕様は別欄に記載、という参照指示	layout図 sheet-6_img1(支店ヘッダ: HARERUYA+支店名+ご当地晴れる屋くん+ポイント+カードセット+検索欄)、sheet-6_img3(下部固定ナビ: 通販サイト/カート/詳細検索/カテゴリ/マイページ)、sheet-6_img2(支店フッタ: サイトマップ/お得な情報/店舗ロゴ/支店名/〒/住所/GOOGLE MAP/TEL/営業時間/Copyright)を確認	high	
sheet-6-R022	OUT_OF_SCOPE								レイアウト図の識別ID(12)を挙げているだけの項目名。仕様はサイトマップ欄（sheet-6-R106〜R110）にある	layout図 sheet-6_img1(支店ヘッダ: HARERUYA+支店名+ご当地晴れる屋くん+ポイント+カードセット+検索欄)、sheet-6_img3(下部固定ナビ: 通販サイト/カート/詳細検索/カテゴリ/マイページ)、sheet-6_img2(支店フッタ: サイトマップ/お得な情報/店舗ロゴ/支店名/〒/住所/GOOGLE MAP/TEL/営業時間/Copyright)を確認	high	
sheet-6-R023	OUT_OF_SCOPE								仕様は別欄に記載、という参照指示	layout図 sheet-6_img1(支店ヘッダ: HARERUYA+支店名+ご当地晴れる屋くん+ポイント+カードセット+検索欄)、sheet-6_img3(下部固定ナビ: 通販サイト/カート/詳細検索/カテゴリ/マイページ)、sheet-6_img2(支店フッタ: サイトマップ/お得な情報/店舗ロゴ/支店名/〒/住所/GOOGLE MAP/TEL/営業時間/Copyright)を確認	high	
sheet-6-R024	OUT_OF_SCOPE								レイアウト図の識別ID(13)を挙げているだけの項目名。仕様はお得な情報欄（sheet-6-R118〜R122）にある	layout図 sheet-6_img1(支店ヘッダ: HARERUYA+支店名+ご当地晴れる屋くん+ポイント+カードセット+検索欄)、sheet-6_img3(下部固定ナビ: 通販サイト/カート/詳細検索/カテゴリ/マイページ)、sheet-6_img2(支店フッタ: サイトマップ/お得な情報/店舗ロゴ/支店名/〒/住所/GOOGLE MAP/TEL/営業時間/Copyright)を確認	high	
sheet-6-R025	OUT_OF_SCOPE								仕様は別欄に記載、という参照指示	layout図 sheet-6_img1(支店ヘッダ: HARERUYA+支店名+ご当地晴れる屋くん+ポイント+カードセット+検索欄)、sheet-6_img3(下部固定ナビ: 通販サイト/カート/詳細検索/カテゴリ/マイページ)、sheet-6_img2(支店フッタ: サイトマップ/お得な情報/店舗ロゴ/支店名/〒/住所/GOOGLE MAP/TEL/営業時間/Copyright)を確認	high	
sheet-6-R026	OUT_OF_SCOPE								レイアウト図の識別ID(15)を挙げているだけの項目名。仕様は店舗情報欄（sheet-6-R137〜R142）にある	layout図 sheet-6_img1(支店ヘッダ: HARERUYA+支店名+ご当地晴れる屋くん+ポイント+カードセット+検索欄)、sheet-6_img3(下部固定ナビ: 通販サイト/カート/詳細検索/カテゴリ/マイページ)、sheet-6_img2(支店フッタ: サイトマップ/お得な情報/店舗ロゴ/支店名/〒/住所/GOOGLE MAP/TEL/営業時間/Copyright)を確認	high	
sheet-6-R027	OUT_OF_SCOPE								仕様は別欄に記載、という参照指示	layout図 sheet-6_img1(支店ヘッダ: HARERUYA+支店名+ご当地晴れる屋くん+ポイント+カードセット+検索欄)、sheet-6_img3(下部固定ナビ: 通販サイト/カート/詳細検索/カテゴリ/マイページ)、sheet-6_img2(支店フッタ: サイトマップ/お得な情報/店舗ロゴ/支店名/〒/住所/GOOGLE MAP/TEL/営業時間/Copyright)を確認	high	
sheet-6-R028	DRIFT	P3	実装違い	ふるまい	・(1)~(6)の画面上部固定エリアは、画面全体でスクロールしても常に上部に固定して表示する	支店スマホ版で画面を下方向にスクロールしても、支店名ロゴ・ご当地晴れる屋くん・ポイント・カードセット・商品検索テキストボックス・検索の6つが常に画面上部に見えている	src/Eccube/Resource/template/default/Block/branch_header.twig:14;html/template/default/assets/hareruya/js/hareruya-main.js:1	スマホ幅では下方向へスクロールするとヘッダ全体の固定が外れ、カードセットと商品検索テキストボックスの帯だけが画面上部に貼り付く。支店名ロゴ・ご当地晴れる屋くん・ポイントは画面外へ流れ、上方向へ50px戻したときにヘッダ全体が再び上部へ固定される	スマホ幅(max-width:1023px)でのヘッダ固定はスクロール方向で切り替わる作りになっている（html/template/default/assets/hareruya/js/hareruya-main.js:1 のスクロール処理が、下方向ではヘッダから is-fixed を外して検索帯に付け替え、上方向へ50px戻したときだけヘッダへ戻す）。PC幅(min-width:1024px)ではCSSでヘッダ自体が常時固定されるが、スマホ幅の既定は position:relative であり、支店ヘッダ（src/Eccube/Resource/template/default/Block/branch_header.twig:14）も同じ仕組みに乗る。したがって(1)〜(3)は常時上部固定にならない	layout図 sheet-6_img1(支店ヘッダ: HARERUYA+支店名+ご当地晴れる屋くん+ポイント+カードセット+検索欄)、sheet-6_img3(下部固定ナビ: 通販サイト/カート/詳細検索/カテゴリ/マイページ)、sheet-6_img2(支店フッタ: サイトマップ/お得な情報/店舗ロゴ/支店名/〒/住所/GOOGLE MAP/TEL/営業時間/Copyright)を確認	med	branch_header.twig-sp-header-not-always-fixed
sheet-6-R029	MATCHED						src/Eccube/Resource/template/default/Block/bottom_nav.twig:27		下部固定ナビは画面下端に固定表示される（src/Eccube/Resource/template/default/Block/bottom_nav.twig:27 のナビにスマホ表示用の固定スタイルが当たり、html/template/default/assets/hareruya/css/common.css で position:fixed;bottom:0 が指定されている）。中身は(7)通販サイト〜(11)ログイン/マイページ（src/Eccube/Resource/template/default/Block/bottom_nav.twig:31-159）	layout図 sheet-6_img1(支店ヘッダ: HARERUYA+支店名+ご当地晴れる屋くん+ポイント+カードセット+検索欄)、sheet-6_img3(下部固定ナビ: 通販サイト/カート/詳細検索/カテゴリ/マイページ)、sheet-6_img2(支店フッタ: サイトマップ/お得な情報/店舗ロゴ/支店名/〒/住所/GOOGLE MAP/TEL/営業時間/Copyright)を確認	med	
sheet-6-R030	MATCHED						src/Eccube/Resource/template/default/Block/footer.twig:14;src/Eccube/Resource/template/default/Block/branch_footer.twig:11		サイトマップ・お得な情報・支店名ロゴ・店舗情報を含むフッタは固定ではなく本文の後ろ＝画面最下部に置かれる（src/Eccube/Resource/template/default/Block/footer.twig:14 で支店フッタを読み込み、src/Eccube/Resource/template/default/Block/branch_footer.twig:11 が通常の流れの footer 要素）	layout図 sheet-6_img1(支店ヘッダ: HARERUYA+支店名+ご当地晴れる屋くん+ポイント+カードセット+検索欄)、sheet-6_img3(下部固定ナビ: 通販サイト/カート/詳細検索/カテゴリ/マイページ)、sheet-6_img2(支店フッタ: サイトマップ/お得な情報/店舗ロゴ/支店名/〒/住所/GOOGLE MAP/TEL/営業時間/Copyright)を確認	high	
sheet-6-R031	OUT_OF_SCOPE								★付きの見出し行。具体の仕様は同ブロックのsheet-6-R032に書かれている	layout図 sheet-6_img1(支店ヘッダ: HARERUYA+支店名+ご当地晴れる屋くん+ポイント+カードセット+検索欄)、sheet-6_img3(下部固定ナビ: 通販サイト/カート/詳細検索/カテゴリ/マイページ)、sheet-6_img2(支店フッタ: サイトマップ/お得な情報/店舗ロゴ/支店名/〒/住所/GOOGLE MAP/TEL/営業時間/Copyright)を確認	high	
sheet-6-R032	MATCHED						src/Eccube/Resource/template/default/Block/branch_header.twig:12;src/Eccube/Resource/template/default/Block/branch_header.twig:32-36		管理画面のモール設定＞店舗登録で支店ごとに登録した「ご当地晴れる屋くん」画像を支店ヘッダに表示する（登録欄 src/Eccube/Form/Type/Admin/Enterprise/MallTenantShopType.php:288、表示 src/Eccube/Resource/template/default/Block/branch_header.twig:12 と src/Eccube/Resource/template/default/Block/branch_header.twig:32-36）	layout図 sheet-6_img1(支店ヘッダ: HARERUYA+支店名+ご当地晴れる屋くん+ポイント+カードセット+検索欄)、sheet-6_img3(下部固定ナビ: 通販サイト/カート/詳細検索/カテゴリ/マイページ)、sheet-6_img2(支店フッタ: サイトマップ/お得な情報/店舗ロゴ/支店名/〒/住所/GOOGLE MAP/TEL/営業時間/Copyright)を確認	high	
sheet-6-R033	OUT_OF_SCOPE								★付きの見出し行。具体の仕様は同ブロックのsheet-6-R034/R035に書かれている	layout図 sheet-6_img1(支店ヘッダ: HARERUYA+支店名+ご当地晴れる屋くん+ポイント+カードセット+検索欄)、sheet-6_img3(下部固定ナビ: 通販サイト/カート/詳細検索/カテゴリ/マイページ)、sheet-6_img2(支店フッタ: サイトマップ/お得な情報/店舗ロゴ/支店名/〒/住所/GOOGLE MAP/TEL/営業時間/Copyright)を確認	high	
sheet-6-R034	MATCHED						src/Eccube/Resource/template/default/Block/branch_header.twig:42		ポイント表示を押すとマイページへ遷移する（src/Eccube/Resource/template/default/Block/branch_header.twig:42）	layout図 sheet-6_img1(支店ヘッダ: HARERUYA+支店名+ご当地晴れる屋くん+ポイント+カードセット+検索欄)、sheet-6_img3(下部固定ナビ: 通販サイト/カート/詳細検索/カテゴリ/マイページ)、sheet-6_img2(支店フッタ: サイトマップ/お得な情報/店舗ロゴ/支店名/〒/住所/GOOGLE MAP/TEL/営業時間/Copyright)を確認	high	
sheet-6-R035	MATCHED						src/Eccube/Resource/template/default/Block/branch_header.twig:43;src/Eccube/Resource/locale/messages.ja.yaml:6531		会員の保有ポイント数を桁区切りで表示し、単位「pt」を添える（src/Eccube/Resource/template/default/Block/branch_header.twig:43、単位文言 src/Eccube/Resource/locale/messages.ja.yaml:6531）。レイアウト図sheet-6_img1の「12,000pt」と一致	layout図 sheet-6_img1(支店ヘッダ: HARERUYA+支店名+ご当地晴れる屋くん+ポイント+カードセット+検索欄)、sheet-6_img3(下部固定ナビ: 通販サイト/カート/詳細検索/カテゴリ/マイページ)、sheet-6_img2(支店フッタ: サイトマップ/お得な情報/店舗ロゴ/支店名/〒/住所/GOOGLE MAP/TEL/営業時間/Copyright)を確認	high	
sheet-6-R036	MATCHED						src/Eccube/Resource/template/default/Block/branch_header.twig:40-46		ポイント表示は会員ログイン済みのときだけ出力し、未ログインでは出力しない（src/Eccube/Resource/template/default/Block/branch_header.twig:40-46 の分岐）	layout図 sheet-6_img1(支店ヘッダ: HARERUYA+支店名+ご当地晴れる屋くん+ポイント+カードセット+検索欄)、sheet-6_img3(下部固定ナビ: 通販サイト/カート/詳細検索/カテゴリ/マイページ)、sheet-6_img2(支店フッタ: サイトマップ/お得な情報/店舗ロゴ/支店名/〒/住所/GOOGLE MAP/TEL/営業時間/Copyright)を確認	high	
sheet-6-R037	OUT_OF_SCOPE								★付きの見出し行。具体の仕様は同ブロックのsheet-6-R038〜R040に書かれている	layout図 sheet-6_img1(支店ヘッダ: HARERUYA+支店名+ご当地晴れる屋くん+ポイント+カードセット+検索欄)、sheet-6_img3(下部固定ナビ: 通販サイト/カート/詳細検索/カテゴリ/マイページ)、sheet-6_img2(支店フッタ: サイトマップ/お得な情報/店舗ロゴ/支店名/〒/住所/GOOGLE MAP/TEL/営業時間/Copyright)を確認	high	
sheet-6-R038	MATCHED						src/Eccube/Resource/template/default/Block/search_product.twig:110;src/Eccube/Resource/template/default/Block/search_product.twig:115;src/Eccube/Resource/template/default/Block/search_product.twig:129		商品検索テキストボックスに商品名サジェストが付いている（入力欄 src/Eccube/Resource/template/default/Block/search_product.twig:110 にサジェスト領域 src/Eccube/Resource/template/default/Block/search_product.twig:115 が紐づき、サジェストの動作は src/Eccube/Resource/template/default/Block/search_product.twig:129 で読み込む src/Eccube/Resource/template/default/Block/js/header_search_unisuggest_js.twig が担う）	layout図 sheet-6_img1(支店ヘッダ: HARERUYA+支店名+ご当地晴れる屋くん+ポイント+カードセット+検索欄)、sheet-6_img3(下部固定ナビ: 通販サイト/カート/詳細検索/カテゴリ/マイページ)、sheet-6_img2(支店フッタ: サイトマップ/お得な情報/店舗ロゴ/支店名/〒/住所/GOOGLE MAP/TEL/営業時間/Copyright)を確認	high	
sheet-6-R039	OUT_OF_SCOPE								PC版ナビゲーションシートへの参照指示	layout図 sheet-6_img1(支店ヘッダ: HARERUYA+支店名+ご当地晴れる屋くん+ポイント+カードセット+検索欄)、sheet-6_img3(下部固定ナビ: 通販サイト/カート/詳細検索/カテゴリ/マイページ)、sheet-6_img2(支店フッタ: サイトマップ/お得な情報/店舗ロゴ/支店名/〒/住所/GOOGLE MAP/TEL/営業時間/Copyright)を確認	high	
sheet-6-R040	MATCHED						src/Eccube/Resource/template/default/Block/search_product.twig:88;src/Eccube/Resource/template/default/Block/search_product.twig:107;src/Eccube/Resource/template/default/Block/search_product.twig:110;src/Eccube/Resource/template/default/Block/search_product.twig:111		検索ボタン押下でカードセットと検索キーワードの両方を条件に商品一覧画面へ遷移する（src/Eccube/Resource/template/default/Block/search_product.twig:88 の送信先が商品一覧、条件は src/Eccube/Resource/template/default/Block/search_product.twig:107 のカードセットと src/Eccube/Resource/template/default/Block/search_product.twig:110 のキーワード、src/Eccube/Resource/template/default/Block/search_product.twig:111 が検索ボタン）	layout図 sheet-6_img1(支店ヘッダ: HARERUYA+支店名+ご当地晴れる屋くん+ポイント+カードセット+検索欄)、sheet-6_img3(下部固定ナビ: 通販サイト/カート/詳細検索/カテゴリ/マイページ)、sheet-6_img2(支店フッタ: サイトマップ/お得な情報/店舗ロゴ/支店名/〒/住所/GOOGLE MAP/TEL/営業時間/Copyright)を確認	high	
sheet-6-R041	MATCHED						src/Eccube/Resource/template/default/Block/bottom_nav.twig:31-38;src/Eccube/Resource/template/default/Block/bottom_nav.twig:32		下部固定ナビの「通販サイト」を押すと本店のトップ画面へ遷移する（src/Eccube/Resource/template/default/Block/bottom_nav.twig:31-38、遷移先の組み立ては src/Eccube/Resource/template/default/Block/bottom_nav.twig:32）	layout図 sheet-6_img1(支店ヘッダ: HARERUYA+支店名+ご当地晴れる屋くん+ポイント+カードセット+検索欄)、sheet-6_img3(下部固定ナビ: 通販サイト/カート/詳細検索/カテゴリ/マイページ)、sheet-6_img2(支店フッタ: サイトマップ/お得な情報/店舗ロゴ/支店名/〒/住所/GOOGLE MAP/TEL/営業時間/Copyright)を確認	high	
sheet-6-R042	MATCHED						src/Eccube/Resource/template/default/Block/bottom_nav.twig:65-67		カート内に商品があるときだけカートアイコンに商品数のバッジを出す（src/Eccube/Resource/template/default/Block/bottom_nav.twig:65-67）	layout図 sheet-6_img1(支店ヘッダ: HARERUYA+支店名+ご当地晴れる屋くん+ポイント+カードセット+検索欄)、sheet-6_img3(下部固定ナビ: 通販サイト/カート/詳細検索/カテゴリ/マイページ)、sheet-6_img2(支店フッタ: サイトマップ/お得な情報/店舗ロゴ/支店名/〒/住所/GOOGLE MAP/TEL/営業時間/Copyright)を確認	high	
sheet-6-R043	MATCHED						src/Eccube/Resource/template/default/Block/bottom_nav.twig:122;src/Eccube/Resource/template/default/Block/header.twig:181		詳細検索を押すと詳細検索モーダルが開く（src/Eccube/Resource/template/default/Block/bottom_nav.twig:122、モーダル本体 src/Eccube/Resource/template/default/Block/header.twig:181）	layout図 sheet-6_img1(支店ヘッダ: HARERUYA+支店名+ご当地晴れる屋くん+ポイント+カードセット+検索欄)、sheet-6_img3(下部固定ナビ: 通販サイト/カート/詳細検索/カテゴリ/マイページ)、sheet-6_img2(支店フッタ: サイトマップ/お得な情報/店舗ロゴ/支店名/〒/住所/GOOGLE MAP/TEL/営業時間/Copyright)を確認	high	
sheet-6-R044	OUT_OF_SCOPE								別紙0303「詳細検索」シートへの参照指示	layout図 sheet-6_img1(支店ヘッダ: HARERUYA+支店名+ご当地晴れる屋くん+ポイント+カードセット+検索欄)、sheet-6_img3(下部固定ナビ: 通販サイト/カート/詳細検索/カテゴリ/マイページ)、sheet-6_img2(支店フッタ: サイトマップ/お得な情報/店舗ロゴ/支店名/〒/住所/GOOGLE MAP/TEL/営業時間/Copyright)を確認	high	
sheet-6-R045	OUT_OF_SCOPE								★付きの見出し行。具体の仕様は同ブロックのsheet-6-R046以降に書かれている	layout図 sheet-6_img1(支店ヘッダ: HARERUYA+支店名+ご当地晴れる屋くん+ポイント+カードセット+検索欄)、sheet-6_img3(下部固定ナビ: 通販サイト/カート/詳細検索/カテゴリ/マイページ)、sheet-6_img2(支店フッタ: サイトマップ/お得な情報/店舗ロゴ/支店名/〒/住所/GOOGLE MAP/TEL/営業時間/Copyright)を確認	high	
sheet-6-R046	OUT_OF_SCOPE								「以下1〜2の仕様とする」という前置き。実体はsheet-6-R047/R048	layout図 sheet-6_img1(支店ヘッダ: HARERUYA+支店名+ご当地晴れる屋くん+ポイント+カードセット+検索欄)、sheet-6_img3(下部固定ナビ: 通販サイト/カート/詳細検索/カテゴリ/マイページ)、sheet-6_img2(支店フッタ: サイトマップ/お得な情報/店舗ロゴ/支店名/〒/住所/GOOGLE MAP/TEL/営業時間/Copyright)を確認	high	
sheet-6-R047	MATCHED						src/Eccube/Resource/template/default/Block/bottom_nav.twig:152-157;src/Eccube/Resource/locale/messages.ja.yaml:344		未ログインのとき下部固定ナビの当該項目は「ログイン」と表示する（src/Eccube/Resource/template/default/Block/bottom_nav.twig:152-157、文言 src/Eccube/Resource/locale/messages.ja.yaml:344）。レイアウト図sheet-6_img11/img8の「ログイン」と一致	layout図 sheet-6_img1(支店ヘッダ: HARERUYA+支店名+ご当地晴れる屋くん+ポイント+カードセット+検索欄)、sheet-6_img3(下部固定ナビ: 通販サイト/カート/詳細検索/カテゴリ/マイページ)、sheet-6_img2(支店フッタ: サイトマップ/お得な情報/店舗ロゴ/支店名/〒/住所/GOOGLE MAP/TEL/営業時間/Copyright)を確認	high	
sheet-6-R048	MATCHED						src/Eccube/Resource/template/default/Block/bottom_nav.twig:152		未ログインのとき押下でログイン画面へ遷移する（src/Eccube/Resource/template/default/Block/bottom_nav.twig:152）	layout図 sheet-6_img1(支店ヘッダ: HARERUYA+支店名+ご当地晴れる屋くん+ポイント+カードセット+検索欄)、sheet-6_img3(下部固定ナビ: 通販サイト/カート/詳細検索/カテゴリ/マイページ)、sheet-6_img2(支店フッタ: サイトマップ/お得な情報/店舗ロゴ/支店名/〒/住所/GOOGLE MAP/TEL/営業時間/Copyright)を確認	high	
sheet-6-R049	OUT_OF_SCOPE								「以下1〜2の仕様とする」という前置き。実体はsheet-6-R050/R051	layout図 sheet-6_img1(支店ヘッダ: HARERUYA+支店名+ご当地晴れる屋くん+ポイント+カードセット+検索欄)、sheet-6_img3(下部固定ナビ: 通販サイト/カート/詳細検索/カテゴリ/マイページ)、sheet-6_img2(支店フッタ: サイトマップ/お得な情報/店舗ロゴ/支店名/〒/住所/GOOGLE MAP/TEL/営業時間/Copyright)を確認	high	
sheet-6-R050	MATCHED						src/Eccube/Resource/template/default/Block/bottom_nav.twig:145-150;src/Eccube/Resource/locale/messages.ja.yaml:342		ログイン済みのとき「マイページ」と表示する（src/Eccube/Resource/template/default/Block/bottom_nav.twig:145-150、文言 src/Eccube/Resource/locale/messages.ja.yaml:342）。レイアウト図sheet-6_img3の5つ目と一致	layout図 sheet-6_img1(支店ヘッダ: HARERUYA+支店名+ご当地晴れる屋くん+ポイント+カードセット+検索欄)、sheet-6_img3(下部固定ナビ: 通販サイト/カート/詳細検索/カテゴリ/マイページ)、sheet-6_img2(支店フッタ: サイトマップ/お得な情報/店舗ロゴ/支店名/〒/住所/GOOGLE MAP/TEL/営業時間/Copyright)を確認	high	
sheet-6-R051	MATCHED						src/Eccube/Resource/template/default/Block/bottom_nav.twig:145		ログイン済みのとき押下でマイページ画面へ遷移する（src/Eccube/Resource/template/default/Block/bottom_nav.twig:145）	layout図 sheet-6_img1(支店ヘッダ: HARERUYA+支店名+ご当地晴れる屋くん+ポイント+カードセット+検索欄)、sheet-6_img3(下部固定ナビ: 通販サイト/カート/詳細検索/カテゴリ/マイページ)、sheet-6_img2(支店フッタ: サイトマップ/お得な情報/店舗ロゴ/支店名/〒/住所/GOOGLE MAP/TEL/営業時間/Copyright)を確認	high	
sheet-6-R052	OUT_OF_SCOPE								通知インジケーターは 0302-F02-04（支店スマホ版ナビゲーション上の通知）としてフェーズ2対応	layout図 sheet-6_img1(支店ヘッダ: HARERUYA+支店名+ご当地晴れる屋くん+ポイント+カードセット+検索欄)、sheet-6_img3(下部固定ナビ: 通販サイト/カート/詳細検索/カテゴリ/マイページ)、sheet-6_img2(支店フッタ: サイトマップ/お得な情報/店舗ロゴ/支店名/〒/住所/GOOGLE MAP/TEL/営業時間/Copyright)を確認	high	
sheet-6-R053	OUT_OF_SCOPE								行そのものがフェーズ2以降の設計予定と宣言している	layout図 sheet-6_img1(支店ヘッダ: HARERUYA+支店名+ご当地晴れる屋くん+ポイント+カードセット+検索欄)、sheet-6_img3(下部固定ナビ: 通販サイト/カート/詳細検索/カテゴリ/マイページ)、sheet-6_img2(支店フッタ: サイトマップ/お得な情報/店舗ロゴ/支店名/〒/住所/GOOGLE MAP/TEL/営業時間/Copyright)を確認	high	
sheet-6-R054	OUT_OF_SCOPE								別シート「通知」への参照指示	layout図 sheet-6_img1(支店ヘッダ: HARERUYA+支店名+ご当地晴れる屋くん+ポイント+カードセット+検索欄)、sheet-6_img3(下部固定ナビ: 通販サイト/カート/詳細検索/カテゴリ/マイページ)、sheet-6_img2(支店フッタ: サイトマップ/お得な情報/店舗ロゴ/支店名/〒/住所/GOOGLE MAP/TEL/営業時間/Copyright)を確認	high	
sheet-6-R055	OUT_OF_SCOPE								項目表の見出し行（列名）	layout図 sheet-6_img1(支店ヘッダ: HARERUYA+支店名+ご当地晴れる屋くん+ポイント+カードセット+検索欄)、sheet-6_img3(下部固定ナビ: 通販サイト/カート/詳細検索/カテゴリ/マイページ)、sheet-6_img2(支店フッタ: サイトマップ/お得な情報/店舗ロゴ/支店名/〒/住所/GOOGLE MAP/TEL/営業時間/Copyright)を確認	high	
sheet-6-R056	MATCHED						src/Eccube/Resource/template/default/Block/branch_header.twig:18		支店ヘッダのHARERUYAロゴを押すと支店のECトップ画面へ遷移する（src/Eccube/Resource/template/default/Block/branch_header.twig:18）	layout図 sheet-6_img1(支店ヘッダ: HARERUYA+支店名+ご当地晴れる屋くん+ポイント+カードセット+検索欄)、sheet-6_img3(下部固定ナビ: 通販サイト/カート/詳細検索/カテゴリ/マイページ)、sheet-6_img2(支店フッタ: サイトマップ/お得な情報/店舗ロゴ/支店名/〒/住所/GOOGLE MAP/TEL/営業時間/Copyright)を確認	high	
sheet-6-R057	MATCHED						src/Eccube/Resource/template/default/Block/branch_header.twig:11;src/Eccube/Resource/template/default/Block/branch_header.twig:26-30		アクセス中の支店の店舗名を出す（src/Eccube/Resource/template/default/Block/branch_header.twig:11 で支店名を決め、src/Eccube/Resource/template/default/Block/branch_header.twig:26-30 で支店名の画像を表示）。レイアウト図sheet-6_img1の「トーナメントセンター大阪」と一致	layout図 sheet-6_img1(支店ヘッダ: HARERUYA+支店名+ご当地晴れる屋くん+ポイント+カードセット+検索欄)、sheet-6_img3(下部固定ナビ: 通販サイト/カート/詳細検索/カテゴリ/マイページ)、sheet-6_img2(支店フッタ: サイトマップ/お得な情報/店舗ロゴ/支店名/〒/住所/GOOGLE MAP/TEL/営業時間/Copyright)を確認	high	
sheet-6-R058	MATCHED						src/Eccube/Resource/template/default/Block/branch_header.twig:12;src/Eccube/Resource/template/default/Block/branch_header.twig:32-36		支店ごとに登録したご当地晴れる屋くん画像を表示する（src/Eccube/Resource/template/default/Block/branch_header.twig:12、src/Eccube/Resource/template/default/Block/branch_header.twig:32-36）	layout図 sheet-6_img1(支店ヘッダ: HARERUYA+支店名+ご当地晴れる屋くん+ポイント+カードセット+検索欄)、sheet-6_img3(下部固定ナビ: 通販サイト/カート/詳細検索/カテゴリ/マイページ)、sheet-6_img2(支店フッタ: サイトマップ/お得な情報/店舗ロゴ/支店名/〒/住所/GOOGLE MAP/TEL/営業時間/Copyright)を確認	high	
sheet-6-R059	MATCHED						src/Eccube/Resource/template/default/Block/branch_header.twig:12		表示元は管理画面のモール設定＞店舗登録で支店に登録した「ご当地晴れる屋くん」画像（登録欄 src/Eccube/Form/Type/Admin/Enterprise/MallTenantShopType.php:288、参照 src/Eccube/Resource/template/default/Block/branch_header.twig:12）	layout図 sheet-6_img1(支店ヘッダ: HARERUYA+支店名+ご当地晴れる屋くん+ポイント+カードセット+検索欄)、sheet-6_img3(下部固定ナビ: 通販サイト/カート/詳細検索/カテゴリ/マイページ)、sheet-6_img2(支店フッタ: サイトマップ/お得な情報/店舗ロゴ/支店名/〒/住所/GOOGLE MAP/TEL/営業時間/Copyright)を確認	high	
sheet-6-R060	MATCHED						src/Eccube/Resource/template/default/Block/branch_header.twig:42		ポイントを押すとマイページへ遷移する（src/Eccube/Resource/template/default/Block/branch_header.twig:42）	layout図 sheet-6_img1(支店ヘッダ: HARERUYA+支店名+ご当地晴れる屋くん+ポイント+カードセット+検索欄)、sheet-6_img3(下部固定ナビ: 通販サイト/カート/詳細検索/カテゴリ/マイページ)、sheet-6_img2(支店フッタ: サイトマップ/お得な情報/店舗ロゴ/支店名/〒/住所/GOOGLE MAP/TEL/営業時間/Copyright)を確認	high	
sheet-6-R061	MATCHED						src/Eccube/Resource/template/default/Block/branch_header.twig:43		会員の保有ポイントを表示する（src/Eccube/Resource/template/default/Block/branch_header.twig:43）	layout図 sheet-6_img1(支店ヘッダ: HARERUYA+支店名+ご当地晴れる屋くん+ポイント+カードセット+検索欄)、sheet-6_img3(下部固定ナビ: 通販サイト/カート/詳細検索/カテゴリ/マイページ)、sheet-6_img2(支店フッタ: サイトマップ/お得な情報/店舗ロゴ/支店名/〒/住所/GOOGLE MAP/TEL/営業時間/Copyright)を確認	high	
sheet-6-R062	MATCHED						src/Eccube/Resource/template/default/Block/branch_header.twig:40-46		未ログインではポイントを表示しない（src/Eccube/Resource/template/default/Block/branch_header.twig:40-46 の分岐）	layout図 sheet-6_img1(支店ヘッダ: HARERUYA+支店名+ご当地晴れる屋くん+ポイント+カードセット+検索欄)、sheet-6_img3(下部固定ナビ: 通販サイト/カート/詳細検索/カテゴリ/マイページ)、sheet-6_img2(支店フッタ: サイトマップ/お得な情報/店舗ロゴ/支店名/〒/住所/GOOGLE MAP/TEL/営業時間/Copyright)を確認	high	
sheet-6-R063	MATCHED						src/Eccube/Resource/template/default/Block/search_product.twig:90-108		カードセットの単一選択メニューが支店ヘッダの検索欄に置かれている（src/Eccube/Resource/template/default/Block/search_product.twig:90-108、支店ヘッダからの読み込みは src/Eccube/Resource/template/default/Block/branch_header.twig:51）	layout図 sheet-6_img1(支店ヘッダ: HARERUYA+支店名+ご当地晴れる屋くん+ポイント+カードセット+検索欄)、sheet-6_img3(下部固定ナビ: 通販サイト/カート/詳細検索/カテゴリ/マイページ)、sheet-6_img2(支店フッタ: サイトマップ/お得な情報/店舗ロゴ/支店名/〒/住所/GOOGLE MAP/TEL/営業時間/Copyright)を確認	high	
sheet-6-R064	MATCHED						src/Eccube/Service/Block/SearchProductBlockPayloadBuilder.php:77;src/Eccube/Resource/template/default/Block/search_product.twig:100-104		選択肢はカードセット管理に登録されたカードセットから作る（src/Eccube/Service/Block/SearchProductBlockPayloadBuilder.php:77 が支店表示対象のカードセットを取り出し、src/Eccube/Resource/template/default/Block/search_product.twig:100-104 が選択肢として並べる）。支店表示の可否と発売日はカードセット管理側の登録内容で決まる	layout図 sheet-6_img1(支店ヘッダ: HARERUYA+支店名+ご当地晴れる屋くん+ポイント+カードセット+検索欄)、sheet-6_img3(下部固定ナビ: 通販サイト/カート/詳細検索/カテゴリ/マイページ)、sheet-6_img2(支店フッタ: サイトマップ/お得な情報/店舗ロゴ/支店名/〒/住所/GOOGLE MAP/TEL/営業時間/Copyright)を確認	med	
sheet-6-R065	MATCHED						src/Eccube/Resource/template/default/Block/search_product.twig:110;src/Eccube/Resource/locale/messages.ja.yaml:6511		商品検索テキストボックスのプレースホルダは「商品名またはキーワードを入力してください」（src/Eccube/Resource/template/default/Block/search_product.twig:110、文言 src/Eccube/Resource/locale/messages.ja.yaml:6511）。レイアウト図sheet-6_img1の表示と一致	layout図 sheet-6_img1(支店ヘッダ: HARERUYA+支店名+ご当地晴れる屋くん+ポイント+カードセット+検索欄)、sheet-6_img3(下部固定ナビ: 通販サイト/カート/詳細検索/カテゴリ/マイページ)、sheet-6_img2(支店フッタ: サイトマップ/お得な情報/店舗ロゴ/支店名/〒/住所/GOOGLE MAP/TEL/営業時間/Copyright)を確認	high	
sheet-6-R066	MATCHED						src/Eccube/Resource/template/default/Block/search_product.twig:110;src/Eccube/Resource/template/default/Block/search_product.twig:115		商品名サジェストが付いている（src/Eccube/Resource/template/default/Block/search_product.twig:110 の入力欄にサジェスト領域 src/Eccube/Resource/template/default/Block/search_product.twig:115 が紐づく）	layout図 sheet-6_img1(支店ヘッダ: HARERUYA+支店名+ご当地晴れる屋くん+ポイント+カードセット+検索欄)、sheet-6_img3(下部固定ナビ: 通販サイト/カート/詳細検索/カテゴリ/マイページ)、sheet-6_img2(支店フッタ: サイトマップ/お得な情報/店舗ロゴ/支店名/〒/住所/GOOGLE MAP/TEL/営業時間/Copyright)を確認	high	
sheet-6-R067	OUT_OF_SCOPE								別紙0303「商品一覧」シートへの参照指示	layout図 sheet-6_img1(支店ヘッダ: HARERUYA+支店名+ご当地晴れる屋くん+ポイント+カードセット+検索欄)、sheet-6_img3(下部固定ナビ: 通販サイト/カート/詳細検索/カテゴリ/マイページ)、sheet-6_img2(支店フッタ: サイトマップ/お得な情報/店舗ロゴ/支店名/〒/住所/GOOGLE MAP/TEL/営業時間/Copyright)を確認	high	
sheet-6-R068	MATCHED						src/Eccube/Resource/template/default/Block/search_product.twig:88;src/Eccube/Resource/template/default/Block/search_product.twig:111		検索ボタン押下でカードセットとキーワードの両方で絞り込んだ商品一覧画面へ遷移する（src/Eccube/Resource/template/default/Block/search_product.twig:111 のボタン、送信先は src/Eccube/Resource/template/default/Block/search_product.twig:88）	layout図 sheet-6_img1(支店ヘッダ: HARERUYA+支店名+ご当地晴れる屋くん+ポイント+カードセット+検索欄)、sheet-6_img3(下部固定ナビ: 通販サイト/カート/詳細検索/カテゴリ/マイページ)、sheet-6_img2(支店フッタ: サイトマップ/お得な情報/店舗ロゴ/支店名/〒/住所/GOOGLE MAP/TEL/営業時間/Copyright)を確認	high	
sheet-6-R069	MATCHED						src/Eccube/Resource/template/default/Block/bottom_nav.twig:31-38;src/Eccube/Resource/locale/messages.ja.yaml:6414		支店の下部固定ナビに「通販サイト」導線が新規に追加されている（src/Eccube/Resource/template/default/Block/bottom_nav.twig:31-38、文言 src/Eccube/Resource/locale/messages.ja.yaml:6414）	layout図 sheet-6_img1(支店ヘッダ: HARERUYA+支店名+ご当地晴れる屋くん+ポイント+カードセット+検索欄)、sheet-6_img3(下部固定ナビ: 通販サイト/カート/詳細検索/カテゴリ/マイページ)、sheet-6_img2(支店フッタ: サイトマップ/お得な情報/店舗ロゴ/支店名/〒/住所/GOOGLE MAP/TEL/営業時間/Copyright)を確認	high	
sheet-6-R070	MATCHED						src/Eccube/Resource/template/default/Block/bottom_nav.twig:32		「通販サイト」の遷移先は本店のトップ画面（src/Eccube/Resource/template/default/Block/bottom_nav.twig:32）	layout図 sheet-6_img1(支店ヘッダ: HARERUYA+支店名+ご当地晴れる屋くん+ポイント+カードセット+検索欄)、sheet-6_img3(下部固定ナビ: 通販サイト/カート/詳細検索/カテゴリ/マイページ)、sheet-6_img2(支店フッタ: サイトマップ/お得な情報/店舗ロゴ/支店名/〒/住所/GOOGLE MAP/TEL/営業時間/Copyright)を確認	high	
sheet-6-R071	MATCHED						src/Eccube/Resource/template/default/Block/bottom_nav.twig:65-67		カート内に商品があるときだけ商品数を表示する（src/Eccube/Resource/template/default/Block/bottom_nav.twig:65-67）	layout図 sheet-6_img1(支店ヘッダ: HARERUYA+支店名+ご当地晴れる屋くん+ポイント+カードセット+検索欄)、sheet-6_img3(下部固定ナビ: 通販サイト/カート/詳細検索/カテゴリ/マイページ)、sheet-6_img2(支店フッタ: サイトマップ/お得な情報/店舗ロゴ/支店名/〒/住所/GOOGLE MAP/TEL/営業時間/Copyright)を確認	high	
sheet-6-R072	MATCHED						src/Eccube/Resource/template/default/Block/bottom_nav.twig:62;src/Eccube/Resource/locale/messages.ja.yaml:6424		カートを押すとカート画面へ遷移する（src/Eccube/Resource/template/default/Block/bottom_nav.twig:62、文言 src/Eccube/Resource/locale/messages.ja.yaml:6424）	layout図 sheet-6_img1(支店ヘッダ: HARERUYA+支店名+ご当地晴れる屋くん+ポイント+カードセット+検索欄)、sheet-6_img3(下部固定ナビ: 通販サイト/カート/詳細検索/カテゴリ/マイページ)、sheet-6_img2(支店フッタ: サイトマップ/お得な情報/店舗ロゴ/支店名/〒/住所/GOOGLE MAP/TEL/営業時間/Copyright)を確認	high	
sheet-6-R073	MATCHED						src/Eccube/Resource/template/default/Block/bottom_nav.twig:122;src/Eccube/Resource/template/default/Block/header.twig:181		詳細検索を押すと詳細検索モーダルを表示する（src/Eccube/Resource/template/default/Block/bottom_nav.twig:122、モーダル本体 src/Eccube/Resource/template/default/Block/header.twig:181）	layout図 sheet-6_img1(支店ヘッダ: HARERUYA+支店名+ご当地晴れる屋くん+ポイント+カードセット+検索欄)、sheet-6_img3(下部固定ナビ: 通販サイト/カート/詳細検索/カテゴリ/マイページ)、sheet-6_img2(支店フッタ: サイトマップ/お得な情報/店舗ロゴ/支店名/〒/住所/GOOGLE MAP/TEL/営業時間/Copyright)を確認	high	
sheet-6-R074	OUT_OF_SCOPE								別紙0303「詳細検索」シートへの参照指示	layout図 sheet-6_img1(支店ヘッダ: HARERUYA+支店名+ご当地晴れる屋くん+ポイント+カードセット+検索欄)、sheet-6_img3(下部固定ナビ: 通販サイト/カート/詳細検索/カテゴリ/マイページ)、sheet-6_img2(支店フッタ: サイトマップ/お得な情報/店舗ロゴ/支店名/〒/住所/GOOGLE MAP/TEL/営業時間/Copyright)を確認	high	
sheet-6-R075	OUT_OF_SCOPE								カテゴリの仕様はカテゴリ欄（sheet-6-R099〜R101）に記載、という参照指示	layout図 sheet-6_img1(支店ヘッダ: HARERUYA+支店名+ご当地晴れる屋くん+ポイント+カードセット+検索欄)、sheet-6_img3(下部固定ナビ: 通販サイト/カート/詳細検索/カテゴリ/マイページ)、sheet-6_img2(支店フッタ: サイトマップ/お得な情報/店舗ロゴ/支店名/〒/住所/GOOGLE MAP/TEL/営業時間/Copyright)を確認	high	
sheet-6-R076	OUT_OF_SCOPE								会員に通知があるときのインジケーター表示は 0302-F02-04 としてフェーズ2対応。項目(11)そのものの挙動はsheet-6-R077〜R082で判定した	layout図 sheet-6_img1(支店ヘッダ: HARERUYA+支店名+ご当地晴れる屋くん+ポイント+カードセット+検索欄)、sheet-6_img3(下部固定ナビ: 通販サイト/カート/詳細検索/カテゴリ/マイページ)、sheet-6_img2(支店フッタ: サイトマップ/お得な情報/店舗ロゴ/支店名/〒/住所/GOOGLE MAP/TEL/営業時間/Copyright)を確認	high	
sheet-6-R077	OUT_OF_SCOPE								「以下1〜2の仕様とする」という前置き。実体はsheet-6-R078/R079	layout図 sheet-6_img1(支店ヘッダ: HARERUYA+支店名+ご当地晴れる屋くん+ポイント+カードセット+検索欄)、sheet-6_img3(下部固定ナビ: 通販サイト/カート/詳細検索/カテゴリ/マイページ)、sheet-6_img2(支店フッタ: サイトマップ/お得な情報/店舗ロゴ/支店名/〒/住所/GOOGLE MAP/TEL/営業時間/Copyright)を確認	high	
sheet-6-R078	MATCHED						src/Eccube/Resource/template/default/Block/bottom_nav.twig:156;src/Eccube/Resource/locale/messages.ja.yaml:344		未ログインでは「ログイン」と表示する（src/Eccube/Resource/template/default/Block/bottom_nav.twig:156、文言 src/Eccube/Resource/locale/messages.ja.yaml:344）	layout図 sheet-6_img1(支店ヘッダ: HARERUYA+支店名+ご当地晴れる屋くん+ポイント+カードセット+検索欄)、sheet-6_img3(下部固定ナビ: 通販サイト/カート/詳細検索/カテゴリ/マイページ)、sheet-6_img2(支店フッタ: サイトマップ/お得な情報/店舗ロゴ/支店名/〒/住所/GOOGLE MAP/TEL/営業時間/Copyright)を確認	high	
sheet-6-R079	MATCHED						src/Eccube/Resource/template/default/Block/bottom_nav.twig:152		未ログインでは押下でログイン画面へ遷移する（src/Eccube/Resource/template/default/Block/bottom_nav.twig:152）	layout図 sheet-6_img1(支店ヘッダ: HARERUYA+支店名+ご当地晴れる屋くん+ポイント+カードセット+検索欄)、sheet-6_img3(下部固定ナビ: 通販サイト/カート/詳細検索/カテゴリ/マイページ)、sheet-6_img2(支店フッタ: サイトマップ/お得な情報/店舗ロゴ/支店名/〒/住所/GOOGLE MAP/TEL/営業時間/Copyright)を確認	high	
sheet-6-R080	OUT_OF_SCOPE								「以下1〜2の仕様とする」という前置き。実体はsheet-6-R081/R082	layout図 sheet-6_img1(支店ヘッダ: HARERUYA+支店名+ご当地晴れる屋くん+ポイント+カードセット+検索欄)、sheet-6_img3(下部固定ナビ: 通販サイト/カート/詳細検索/カテゴリ/マイページ)、sheet-6_img2(支店フッタ: サイトマップ/お得な情報/店舗ロゴ/支店名/〒/住所/GOOGLE MAP/TEL/営業時間/Copyright)を確認	high	
sheet-6-R081	MATCHED						src/Eccube/Resource/template/default/Block/bottom_nav.twig:149;src/Eccube/Resource/locale/messages.ja.yaml:342		ログイン済みでは「マイページ」と表示する（src/Eccube/Resource/template/default/Block/bottom_nav.twig:149、文言 src/Eccube/Resource/locale/messages.ja.yaml:342）	layout図 sheet-6_img1(支店ヘッダ: HARERUYA+支店名+ご当地晴れる屋くん+ポイント+カードセット+検索欄)、sheet-6_img3(下部固定ナビ: 通販サイト/カート/詳細検索/カテゴリ/マイページ)、sheet-6_img2(支店フッタ: サイトマップ/お得な情報/店舗ロゴ/支店名/〒/住所/GOOGLE MAP/TEL/営業時間/Copyright)を確認	high	
sheet-6-R082	MATCHED						src/Eccube/Resource/template/default/Block/bottom_nav.twig:145		ログイン済みでは押下でマイページ画面へ遷移する（src/Eccube/Resource/template/default/Block/bottom_nav.twig:145）	layout図 sheet-6_img1(支店ヘッダ: HARERUYA+支店名+ご当地晴れる屋くん+ポイント+カードセット+検索欄)、sheet-6_img3(下部固定ナビ: 通販サイト/カート/詳細検索/カテゴリ/マイページ)、sheet-6_img2(支店フッタ: サイトマップ/お得な情報/店舗ロゴ/支店名/〒/住所/GOOGLE MAP/TEL/営業時間/Copyright)を確認	high	
sheet-6-R083	OUT_OF_SCOPE								通知インジケーターは 0302-F02-04 としてフェーズ2対応	layout図 sheet-6_img1(支店ヘッダ: HARERUYA+支店名+ご当地晴れる屋くん+ポイント+カードセット+検索欄)、sheet-6_img3(下部固定ナビ: 通販サイト/カート/詳細検索/カテゴリ/マイページ)、sheet-6_img2(支店フッタ: サイトマップ/お得な情報/店舗ロゴ/支店名/〒/住所/GOOGLE MAP/TEL/営業時間/Copyright)を確認	high	
sheet-6-R084	OUT_OF_SCOPE								行そのものがフェーズ2以降の設計予定と宣言している	layout図 sheet-6_img1(支店ヘッダ: HARERUYA+支店名+ご当地晴れる屋くん+ポイント+カードセット+検索欄)、sheet-6_img3(下部固定ナビ: 通販サイト/カート/詳細検索/カテゴリ/マイページ)、sheet-6_img2(支店フッタ: サイトマップ/お得な情報/店舗ロゴ/支店名/〒/住所/GOOGLE MAP/TEL/営業時間/Copyright)を確認	high	
sheet-6-R085	OUT_OF_SCOPE								別シート「通知」への参照指示	layout図 sheet-6_img1(支店ヘッダ: HARERUYA+支店名+ご当地晴れる屋くん+ポイント+カードセット+検索欄)、sheet-6_img3(下部固定ナビ: 通販サイト/カート/詳細検索/カテゴリ/マイページ)、sheet-6_img2(支店フッタ: サイトマップ/お得な情報/店舗ロゴ/支店名/〒/住所/GOOGLE MAP/TEL/営業時間/Copyright)を確認	high	
sheet-6-R086	MATCHED						src/Eccube/Resource/template/default/Block/branch_footer.twig:16-39;src/Eccube/Resource/locale/messages.ja.yaml:6463		支店フッタにサイトマップ欄がある（src/Eccube/Resource/template/default/Block/branch_footer.twig:16-39、見出し文言 src/Eccube/Resource/locale/messages.ja.yaml:6463）。レイアウト図sheet-6_img2の「サイトマップ」と一致	layout図 sheet-6_img1(支店ヘッダ: HARERUYA+支店名+ご当地晴れる屋くん+ポイント+カードセット+検索欄)、sheet-6_img3(下部固定ナビ: 通販サイト/カート/詳細検索/カテゴリ/マイページ)、sheet-6_img2(支店フッタ: サイトマップ/お得な情報/店舗ロゴ/支店名/〒/住所/GOOGLE MAP/TEL/営業時間/Copyright)を確認	high	
sheet-6-R087	MATCHED						src/Eccube/Resource/template/default/Block/branch_footer.twig:41-58;src/Eccube/Resource/locale/messages.ja.yaml:6487		支店フッタに「お得な情報」欄が新規に追加されている（src/Eccube/Resource/template/default/Block/branch_footer.twig:41-58、見出し文言 src/Eccube/Resource/locale/messages.ja.yaml:6487）	layout図 sheet-6_img1(支店ヘッダ: HARERUYA+支店名+ご当地晴れる屋くん+ポイント+カードセット+検索欄)、sheet-6_img3(下部固定ナビ: 通販サイト/カート/詳細検索/カテゴリ/マイページ)、sheet-6_img2(支店フッタ: サイトマップ/お得な情報/店舗ロゴ/支店名/〒/住所/GOOGLE MAP/TEL/営業時間/Copyright)を確認	high	
sheet-6-R088	MATCHED						src/Eccube/Resource/template/default/Block/branch_footer.twig:41-58		お得な情報の中身は同欄に記載のとおり晴れる屋Xと晴れる屋Channelの2リンク（src/Eccube/Resource/template/default/Block/branch_footer.twig:51、src/Eccube/Resource/template/default/Block/branch_footer.twig:54）	layout図 sheet-6_img1(支店ヘッダ: HARERUYA+支店名+ご当地晴れる屋くん+ポイント+カードセット+検索欄)、sheet-6_img3(下部固定ナビ: 通販サイト/カート/詳細検索/カテゴリ/マイページ)、sheet-6_img2(支店フッタ: サイトマップ/お得な情報/店舗ロゴ/支店名/〒/住所/GOOGLE MAP/TEL/営業時間/Copyright)を確認	high	
sheet-6-R089	MATCHED						src/Eccube/Resource/template/default/Block/branch_footer.twig:63		支店フッタのHARERUYAロゴを押すと支店のECトップ画面へ遷移する（src/Eccube/Resource/template/default/Block/branch_footer.twig:63。支店配下では同じ経路が支店トップを指す）	layout図 sheet-6_img1(支店ヘッダ: HARERUYA+支店名+ご当地晴れる屋くん+ポイント+カードセット+検索欄)、sheet-6_img3(下部固定ナビ: 通販サイト/カート/詳細検索/カテゴリ/マイページ)、sheet-6_img2(支店フッタ: サイトマップ/お得な情報/店舗ロゴ/支店名/〒/住所/GOOGLE MAP/TEL/営業時間/Copyright)を確認	high	
sheet-6-R090	MATCHED						src/Eccube/Resource/template/default/Block/branch_footer.twig:69		アクセス中の支店の店舗名を表示する（src/Eccube/Resource/template/default/Block/branch_footer.twig:69）。レイアウト図sheet-6_img2の「トーナメントセンター大阪」と一致	layout図 sheet-6_img1(支店ヘッダ: HARERUYA+支店名+ご当地晴れる屋くん+ポイント+カードセット+検索欄)、sheet-6_img3(下部固定ナビ: 通販サイト/カート/詳細検索/カテゴリ/マイページ)、sheet-6_img2(支店フッタ: サイトマップ/お得な情報/店舗ロゴ/支店名/〒/住所/GOOGLE MAP/TEL/営業時間/Copyright)を確認	high	
sheet-6-R091	MATCHED						src/Eccube/Resource/template/default/Block/branch_footer.twig:61-97		支店フッタに店舗情報欄が新規に追加されている（src/Eccube/Resource/template/default/Block/branch_footer.twig:61-97）	layout図 sheet-6_img1(支店ヘッダ: HARERUYA+支店名+ご当地晴れる屋くん+ポイント+カードセット+検索欄)、sheet-6_img3(下部固定ナビ: 通販サイト/カート/詳細検索/カテゴリ/マイページ)、sheet-6_img2(支店フッタ: サイトマップ/お得な情報/店舗ロゴ/支店名/〒/住所/GOOGLE MAP/TEL/営業時間/Copyright)を確認	high	
sheet-6-R092	MATCHED						src/Eccube/Resource/template/default/Block/branch_footer.twig:71-96		店舗情報の中身は同欄に記載のとおり郵便番号・住所・GOOGLE MAP・電話番号・営業時間（src/Eccube/Resource/template/default/Block/branch_footer.twig:71-96）	layout図 sheet-6_img1(支店ヘッダ: HARERUYA+支店名+ご当地晴れる屋くん+ポイント+カードセット+検索欄)、sheet-6_img3(下部固定ナビ: 通販サイト/カート/詳細検索/カテゴリ/マイページ)、sheet-6_img2(支店フッタ: サイトマップ/お得な情報/店舗ロゴ/支店名/〒/住所/GOOGLE MAP/TEL/営業時間/Copyright)を確認	high	
sheet-6-R093	OUT_OF_SCOPE								レイアウト図の見出し行	layout図 sheet-6_img1(支店ヘッダ: HARERUYA+支店名+ご当地晴れる屋くん+ポイント+カードセット+検索欄)、sheet-6_img3(下部固定ナビ: 通販サイト/カート/詳細検索/カテゴリ/マイページ)、sheet-6_img2(支店フッタ: サイトマップ/お得な情報/店舗ロゴ/支店名/〒/住所/GOOGLE MAP/TEL/営業時間/Copyright)を確認	high	
sheet-6-R094	OUT_OF_SCOPE								カスタマイズ要件の項目名（見出し）。具体の仕様は同ブロックのsheet-6-R095に書かれている	layout図 sheet-6_img1(支店ヘッダ: HARERUYA+支店名+ご当地晴れる屋くん+ポイント+カードセット+検索欄)、sheet-6_img3(下部固定ナビ: 通販サイト/カート/詳細検索/カテゴリ/マイページ)、sheet-6_img2(支店フッタ: サイトマップ/お得な情報/店舗ロゴ/支店名/〒/住所/GOOGLE MAP/TEL/営業時間/Copyright)を確認	high	
sheet-6-R095	MATCHED						src/Eccube/Resource/template/default/Block/bottom_nav.twig:134;src/Eccube/Resource/template/default/Block/category_modal.twig:14;src/Eccube/Resource/template/default/Block/category_modal.twig:20		カテゴリアイコンを押すとカテゴリのモーダルが開き（src/Eccube/Resource/template/default/Block/bottom_nav.twig:134、src/Eccube/Resource/template/default/Block/category_modal.twig:14）、第一階層からのカテゴリツリーが並ぶ（src/Eccube/Resource/template/default/Block/category_modal.twig:20 が読み込む src/Eccube/Resource/template/default/Block/_category_content.twig:11-56 が階層を折りたたみで展開する）	layout図 sheet-6_img1(支店ヘッダ: HARERUYA+支店名+ご当地晴れる屋くん+ポイント+カードセット+検索欄)、sheet-6_img3(下部固定ナビ: 通販サイト/カート/詳細検索/カテゴリ/マイページ)、sheet-6_img2(支店フッタ: サイトマップ/お得な情報/店舗ロゴ/支店名/〒/住所/GOOGLE MAP/TEL/営業時間/Copyright)を確認	high	
sheet-6-R096	OUT_OF_SCOPE								カスタマイズ要件以外は現行踏襲、という方針の記述	layout図 sheet-6_img1(支店ヘッダ: HARERUYA+支店名+ご当地晴れる屋くん+ポイント+カードセット+検索欄)、sheet-6_img3(下部固定ナビ: 通販サイト/カート/詳細検索/カテゴリ/マイページ)、sheet-6_img2(支店フッタ: サイトマップ/お得な情報/店舗ロゴ/支店名/〒/住所/GOOGLE MAP/TEL/営業時間/Copyright)を確認	high	
sheet-6-R097	OUT_OF_SCOPE								別紙0303「カテゴリ一覧」シートへの参照指示	layout図 sheet-6_img1(支店ヘッダ: HARERUYA+支店名+ご当地晴れる屋くん+ポイント+カードセット+検索欄)、sheet-6_img3(下部固定ナビ: 通販サイト/カート/詳細検索/カテゴリ/マイページ)、sheet-6_img2(支店フッタ: サイトマップ/お得な情報/店舗ロゴ/支店名/〒/住所/GOOGLE MAP/TEL/営業時間/Copyright)を確認	high	
sheet-6-R098	OUT_OF_SCOPE								項目表の見出し行（列名）	layout図 sheet-6_img1(支店ヘッダ: HARERUYA+支店名+ご当地晴れる屋くん+ポイント+カードセット+検索欄)、sheet-6_img3(下部固定ナビ: 通販サイト/カート/詳細検索/カテゴリ/マイページ)、sheet-6_img2(支店フッタ: サイトマップ/お得な情報/店舗ロゴ/支店名/〒/住所/GOOGLE MAP/TEL/営業時間/Copyright)を確認	high	
sheet-6-R099	MATCHED						src/Eccube/Resource/template/default/Block/bottom_nav.twig:134;src/Eccube/Resource/locale/messages.ja.yaml:6413		カテゴリを押すと閉じるボタンとカテゴリ一覧を持つモーダルを表示する（src/Eccube/Resource/template/default/Block/bottom_nav.twig:134、文言 src/Eccube/Resource/locale/messages.ja.yaml:6413、モーダル本体 src/Eccube/Resource/template/default/Block/category_modal.twig:14-22）	layout図 sheet-6_img1(支店ヘッダ: HARERUYA+支店名+ご当地晴れる屋くん+ポイント+カードセット+検索欄)、sheet-6_img3(下部固定ナビ: 通販サイト/カート/詳細検索/カテゴリ/マイページ)、sheet-6_img2(支店フッタ: サイトマップ/お得な情報/店舗ロゴ/支店名/〒/住所/GOOGLE MAP/TEL/営業時間/Copyright)を確認	high	
sheet-6-R100	MATCHED						src/Eccube/Resource/template/default/Block/category_modal.twig:15		モーダル右上の閉じるボタンでモーダルを閉じる（src/Eccube/Resource/template/default/Block/category_modal.twig:15）。レイアウト図sheet-6_img13の×ボタンと一致	layout図 sheet-6_img1(支店ヘッダ: HARERUYA+支店名+ご当地晴れる屋くん+ポイント+カードセット+検索欄)、sheet-6_img3(下部固定ナビ: 通販サイト/カート/詳細検索/カテゴリ/マイページ)、sheet-6_img2(支店フッタ: サイトマップ/お得な情報/店舗ロゴ/支店名/〒/住所/GOOGLE MAP/TEL/営業時間/Copyright)を確認	high	
sheet-6-R101	OUT_OF_SCOPE								別紙0303「カテゴリ一覧」シートへの参照指示	layout図 sheet-6_img1(支店ヘッダ: HARERUYA+支店名+ご当地晴れる屋くん+ポイント+カードセット+検索欄)、sheet-6_img3(下部固定ナビ: 通販サイト/カート/詳細検索/カテゴリ/マイページ)、sheet-6_img2(支店フッタ: サイトマップ/お得な情報/店舗ロゴ/支店名/〒/住所/GOOGLE MAP/TEL/営業時間/Copyright)を確認	high	
sheet-6-R102	OUT_OF_SCOPE								レイアウト図の見出し行	layout図 sheet-6_img1(支店ヘッダ: HARERUYA+支店名+ご当地晴れる屋くん+ポイント+カードセット+検索欄)、sheet-6_img3(下部固定ナビ: 通販サイト/カート/詳細検索/カテゴリ/マイページ)、sheet-6_img2(支店フッタ: サイトマップ/お得な情報/店舗ロゴ/支店名/〒/住所/GOOGLE MAP/TEL/営業時間/Copyright)を確認	high	
sheet-6-R103	OUT_OF_SCOPE								現行踏襲のためカスタマイズ要件なし、という方針の記述	layout図 sheet-6_img1(支店ヘッダ: HARERUYA+支店名+ご当地晴れる屋くん+ポイント+カードセット+検索欄)、sheet-6_img3(下部固定ナビ: 通販サイト/カート/詳細検索/カテゴリ/マイページ)、sheet-6_img2(支店フッタ: サイトマップ/お得な情報/店舗ロゴ/支店名/〒/住所/GOOGLE MAP/TEL/営業時間/Copyright)を確認	high	
sheet-6-R104	OUT_OF_SCOPE								処理概要欄が「記載なし」と述べているだけ	layout図 sheet-6_img1(支店ヘッダ: HARERUYA+支店名+ご当地晴れる屋くん+ポイント+カードセット+検索欄)、sheet-6_img3(下部固定ナビ: 通販サイト/カート/詳細検索/カテゴリ/マイページ)、sheet-6_img2(支店フッタ: サイトマップ/お得な情報/店舗ロゴ/支店名/〒/住所/GOOGLE MAP/TEL/営業時間/Copyright)を確認	high	
sheet-6-R105	OUT_OF_SCOPE								項目表の見出し行（列名）	layout図 sheet-6_img1(支店ヘッダ: HARERUYA+支店名+ご当地晴れる屋くん+ポイント+カードセット+検索欄)、sheet-6_img3(下部固定ナビ: 通販サイト/カート/詳細検索/カテゴリ/マイページ)、sheet-6_img2(支店フッタ: サイトマップ/お得な情報/店舗ロゴ/支店名/〒/住所/GOOGLE MAP/TEL/営業時間/Copyright)を確認	high	
sheet-6-R106	MATCHED						src/Eccube/Resource/template/default/Block/branch_footer.twig:18-23		サイトマップ見出しの開閉ボタンで配下のリンク一覧を表示/非表示にする（src/Eccube/Resource/template/default/Block/branch_footer.twig:18-23 のボタンが src/Eccube/Resource/template/default/Block/branch_footer.twig:23 の領域を開閉する）。レイアウト図sheet-6_img2(閉)とsheet-6_img16(開)に対応	layout図 sheet-6_img1(支店ヘッダ: HARERUYA+支店名+ご当地晴れる屋くん+ポイント+カードセット+検索欄)、sheet-6_img3(下部固定ナビ: 通販サイト/カート/詳細検索/カテゴリ/マイページ)、sheet-6_img2(支店フッタ: サイトマップ/お得な情報/店舗ロゴ/支店名/〒/住所/GOOGLE MAP/TEL/営業時間/Copyright)を確認	high	
sheet-6-R107	MATCHED						src/Eccube/Resource/template/default/Block/branch_footer.twig:26;src/Eccube/Resource/locale/messages.ja.yaml:6480		「当サイトについて」から利用規約画面へ遷移する（src/Eccube/Resource/template/default/Block/branch_footer.twig:26、文言 src/Eccube/Resource/locale/messages.ja.yaml:6480）	layout図 sheet-6_img1(支店ヘッダ: HARERUYA+支店名+ご当地晴れる屋くん+ポイント+カードセット+検索欄)、sheet-6_img3(下部固定ナビ: 通販サイト/カート/詳細検索/カテゴリ/マイページ)、sheet-6_img2(支店フッタ: サイトマップ/お得な情報/店舗ロゴ/支店名/〒/住所/GOOGLE MAP/TEL/営業時間/Copyright)を確認	high	
sheet-6-R108	DESIGN_ISSUE	P3			12-3 プライバシーポリシー リンク - - - ・押下すると、会員規約画面へ遷移する		src/Eccube/Resource/template/default/Block/branch_footer.twig:29	実装は「プライバシーポリシー」からプライバシーポリシー画面へ遷移する（src/Eccube/Resource/template/default/Block/branch_footer.twig:29、文言 src/Eccube/Resource/locale/messages.ja.yaml:6498）	正本の同一行でラベルが「プライバシーポリシー」、遷移先が「会員規約画面」となっており噛み合わない。前後の行（12-2は当サイトについて→利用規約画面、12-4は特定商取引法に基づく表記→特商標画面）と並べると遷移先の転記ずれの疑いが強いが、正本だけでは会員規約画面が正かプライバシーポリシー画面が正かを決められないため設計裁定を待つ	layout図 sheet-6_img1(支店ヘッダ: HARERUYA+支店名+ご当地晴れる屋くん+ポイント+カードセット+検索欄)、sheet-6_img3(下部固定ナビ: 通販サイト/カート/詳細検索/カテゴリ/マイページ)、sheet-6_img2(支店フッタ: サイトマップ/お得な情報/店舗ロゴ/支店名/〒/住所/GOOGLE MAP/TEL/営業時間/Copyright)を確認	med	
sheet-6-R109	MATCHED						src/Eccube/Resource/template/default/Block/branch_footer.twig:32;src/Eccube/Resource/locale/messages.ja.yaml:6499		「特定商取引法に基づく表記」から特定商取引法の画面へ遷移する（src/Eccube/Resource/template/default/Block/branch_footer.twig:32、文言 src/Eccube/Resource/locale/messages.ja.yaml:6499）	layout図 sheet-6_img1(支店ヘッダ: HARERUYA+支店名+ご当地晴れる屋くん+ポイント+カードセット+検索欄)、sheet-6_img3(下部固定ナビ: 通販サイト/カート/詳細検索/カテゴリ/マイページ)、sheet-6_img2(支店フッタ: サイトマップ/お得な情報/店舗ロゴ/支店名/〒/住所/GOOGLE MAP/TEL/営業時間/Copyright)を確認	high	
sheet-6-R110	MATCHED						src/Eccube/Resource/template/default/Block/branch_footer.twig:35;src/Eccube/Resource/locale/messages.ja.yaml:6472		「お問い合わせ」からお問い合わせ画面へ遷移する（src/Eccube/Resource/template/default/Block/branch_footer.twig:35、文言 src/Eccube/Resource/locale/messages.ja.yaml:6472）	layout図 sheet-6_img1(支店ヘッダ: HARERUYA+支店名+ご当地晴れる屋くん+ポイント+カードセット+検索欄)、sheet-6_img3(下部固定ナビ: 通販サイト/カート/詳細検索/カテゴリ/マイページ)、sheet-6_img2(支店フッタ: サイトマップ/お得な情報/店舗ロゴ/支店名/〒/住所/GOOGLE MAP/TEL/営業時間/Copyright)を確認	high	
sheet-6-R111	OUT_OF_SCOPE								レイアウト図の見出し行	layout図 sheet-6_img1(支店ヘッダ: HARERUYA+支店名+ご当地晴れる屋くん+ポイント+カードセット+検索欄)、sheet-6_img3(下部固定ナビ: 通販サイト/カート/詳細検索/カテゴリ/マイページ)、sheet-6_img2(支店フッタ: サイトマップ/お得な情報/店舗ロゴ/支店名/〒/住所/GOOGLE MAP/TEL/営業時間/Copyright)を確認	high	
sheet-6-R112	OUT_OF_SCOPE								カスタマイズ要件の項目名（見出し）。具体の仕様は同ブロックのsheet-6-R113/R114に書かれている	layout図 sheet-6_img1(支店ヘッダ: HARERUYA+支店名+ご当地晴れる屋くん+ポイント+カードセット+検索欄)、sheet-6_img3(下部固定ナビ: 通販サイト/カート/詳細検索/カテゴリ/マイページ)、sheet-6_img2(支店フッタ: サイトマップ/お得な情報/店舗ロゴ/支店名/〒/住所/GOOGLE MAP/TEL/営業時間/Copyright)を確認	high	
sheet-6-R113	MATCHED						src/Eccube/Resource/template/default/Block/branch_footer.twig:51;src/Eccube/Resource/locale/messages.ja.yaml:6488		晴れる屋Xのリンクが追加されている（src/Eccube/Resource/template/default/Block/branch_footer.twig:51、文言 src/Eccube/Resource/locale/messages.ja.yaml:6488）	layout図 sheet-6_img1(支店ヘッダ: HARERUYA+支店名+ご当地晴れる屋くん+ポイント+カードセット+検索欄)、sheet-6_img3(下部固定ナビ: 通販サイト/カート/詳細検索/カテゴリ/マイページ)、sheet-6_img2(支店フッタ: サイトマップ/お得な情報/店舗ロゴ/支店名/〒/住所/GOOGLE MAP/TEL/営業時間/Copyright)を確認	high	
sheet-6-R114	MATCHED						src/Eccube/Resource/template/default/Block/branch_footer.twig:54;src/Eccube/Resource/locale/messages.ja.yaml:6489		晴れる屋Channelのリンクが追加されている（src/Eccube/Resource/template/default/Block/branch_footer.twig:54、文言 src/Eccube/Resource/locale/messages.ja.yaml:6489）	layout図 sheet-6_img1(支店ヘッダ: HARERUYA+支店名+ご当地晴れる屋くん+ポイント+カードセット+検索欄)、sheet-6_img3(下部固定ナビ: 通販サイト/カート/詳細検索/カテゴリ/マイページ)、sheet-6_img2(支店フッタ: サイトマップ/お得な情報/店舗ロゴ/支店名/〒/住所/GOOGLE MAP/TEL/営業時間/Copyright)を確認	high	
sheet-6-R115	OUT_OF_SCOPE								カスタマイズ要件以外は現行踏襲、という方針の記述	layout図 sheet-6_img1(支店ヘッダ: HARERUYA+支店名+ご当地晴れる屋くん+ポイント+カードセット+検索欄)、sheet-6_img3(下部固定ナビ: 通販サイト/カート/詳細検索/カテゴリ/マイページ)、sheet-6_img2(支店フッタ: サイトマップ/お得な情報/店舗ロゴ/支店名/〒/住所/GOOGLE MAP/TEL/営業時間/Copyright)を確認	high	
sheet-6-R116	MATCHED						src/Eccube/Resource/template/default/Block/branch_footer.twig:41-58		支店フッタのお得な情報欄が新規機能として実装されている（src/Eccube/Resource/template/default/Block/branch_footer.twig:41-58）	layout図 sheet-6_img1(支店ヘッダ: HARERUYA+支店名+ご当地晴れる屋くん+ポイント+カードセット+検索欄)、sheet-6_img3(下部固定ナビ: 通販サイト/カート/詳細検索/カテゴリ/マイページ)、sheet-6_img2(支店フッタ: サイトマップ/お得な情報/店舗ロゴ/支店名/〒/住所/GOOGLE MAP/TEL/営業時間/Copyright)を確認	high	
sheet-6-R117	OUT_OF_SCOPE								項目表の見出し行（列名）	layout図 sheet-6_img1(支店ヘッダ: HARERUYA+支店名+ご当地晴れる屋くん+ポイント+カードセット+検索欄)、sheet-6_img3(下部固定ナビ: 通販サイト/カート/詳細検索/カテゴリ/マイページ)、sheet-6_img2(支店フッタ: サイトマップ/お得な情報/店舗ロゴ/支店名/〒/住所/GOOGLE MAP/TEL/営業時間/Copyright)を確認	high	
sheet-6-R118	DESIGN_ISSUE	P3			13-1 お得な情報開閉 開閉ボタン - - - ・押下すると、(13-2)~(13-4)を表示/非表示にする		src/Eccube/Resource/template/default/Block/branch_footer.twig:43-48	実装の開閉ボタンは晴れる屋Xと晴れる屋Channelの2リンクを表示/非表示にする（src/Eccube/Resource/template/default/Block/branch_footer.twig:43-48、src/Eccube/Resource/template/default/Block/branch_footer.twig:51、src/Eccube/Resource/template/default/Block/branch_footer.twig:54）	開閉対象が(13-2)〜(13-4)の3件と書かれているのに、項目表は13-2晴れる屋Xと13-3晴れる屋Channelの2件しか定義しておらず、カスタマイズ要件も追加するリンクをXとChannelの2本しか挙げていない。一方でレイアウト図（sheet-6_img20）のお得な情報欄には晴れる屋X・晴れる屋Channel・晴れる屋Discordの3リンクが描かれており、13-4に相当するリンクを設けるのかどうかが正本内で食い違う	sheet-6_img20（お得な情報を開いた状態）に晴れる屋X/晴れる屋Channel/晴れる屋Discordの3リンクが描かれている。項目表は13-3までしか定義がない	med	
sheet-6-R119	MATCHED						src/Eccube/Resource/template/default/Block/branch_footer.twig:51		晴れる屋Xのリンクはブラウザの新しいタブで開く（src/Eccube/Resource/template/default/Block/branch_footer.twig:51 のリンクに別タブ指定がある）	layout図 sheet-6_img1(支店ヘッダ: HARERUYA+支店名+ご当地晴れる屋くん+ポイント+カードセット+検索欄)、sheet-6_img3(下部固定ナビ: 通販サイト/カート/詳細検索/カテゴリ/マイページ)、sheet-6_img2(支店フッタ: サイトマップ/お得な情報/店舗ロゴ/支店名/〒/住所/GOOGLE MAP/TEL/営業時間/Copyright)を確認	high	
sheet-6-R120	MATCHED						src/Eccube/Resource/template/default/Block/branch_footer.twig:51		リンク先URLは https://x.com/hareruya_mtg で正本と一致（src/Eccube/Resource/template/default/Block/branch_footer.twig:51）	layout図 sheet-6_img1(支店ヘッダ: HARERUYA+支店名+ご当地晴れる屋くん+ポイント+カードセット+検索欄)、sheet-6_img3(下部固定ナビ: 通販サイト/カート/詳細検索/カテゴリ/マイページ)、sheet-6_img2(支店フッタ: サイトマップ/お得な情報/店舗ロゴ/支店名/〒/住所/GOOGLE MAP/TEL/営業時間/Copyright)を確認	high	
sheet-6-R121	MATCHED						src/Eccube/Resource/template/default/Block/branch_footer.twig:54		晴れる屋Channelのリンクはブラウザの新しいタブで開く（src/Eccube/Resource/template/default/Block/branch_footer.twig:54 のリンクに別タブ指定がある）	layout図 sheet-6_img1(支店ヘッダ: HARERUYA+支店名+ご当地晴れる屋くん+ポイント+カードセット+検索欄)、sheet-6_img3(下部固定ナビ: 通販サイト/カート/詳細検索/カテゴリ/マイページ)、sheet-6_img2(支店フッタ: サイトマップ/お得な情報/店舗ロゴ/支店名/〒/住所/GOOGLE MAP/TEL/営業時間/Copyright)を確認	high	
sheet-6-R122	MATCHED						src/Eccube/Resource/template/default/Block/branch_footer.twig:54		リンク先URLは https://www.youtube.com/channel/UC1l7GtlvAmCOXRlxjImbWvw で正本と一致（src/Eccube/Resource/template/default/Block/branch_footer.twig:54）	layout図 sheet-6_img1(支店ヘッダ: HARERUYA+支店名+ご当地晴れる屋くん+ポイント+カードセット+検索欄)、sheet-6_img3(下部固定ナビ: 通販サイト/カート/詳細検索/カテゴリ/マイページ)、sheet-6_img2(支店フッタ: サイトマップ/お得な情報/店舗ロゴ/支店名/〒/住所/GOOGLE MAP/TEL/営業時間/Copyright)を確認	high	
sheet-6-R123	OUT_OF_SCOPE								レイアウト図の見出し行	layout図 sheet-6_img1(支店ヘッダ: HARERUYA+支店名+ご当地晴れる屋くん+ポイント+カードセット+検索欄)、sheet-6_img3(下部固定ナビ: 通販サイト/カート/詳細検索/カテゴリ/マイページ)、sheet-6_img2(支店フッタ: サイトマップ/お得な情報/店舗ロゴ/支店名/〒/住所/GOOGLE MAP/TEL/営業時間/Copyright)を確認	high	
sheet-6-R124	OUT_OF_SCOPE								カスタマイズ要件の項目名（見出し）。具体の仕様は同ブロックのsheet-6-R125〜R130に書かれている	layout図 sheet-6_img1(支店ヘッダ: HARERUYA+支店名+ご当地晴れる屋くん+ポイント+カードセット+検索欄)、sheet-6_img3(下部固定ナビ: 通販サイト/カート/詳細検索/カテゴリ/マイページ)、sheet-6_img2(支店フッタ: サイトマップ/お得な情報/店舗ロゴ/支店名/〒/住所/GOOGLE MAP/TEL/営業時間/Copyright)を確認	high	
sheet-6-R125	MATCHED						src/Eccube/Resource/template/default/Block/branch_footer.twig:71-96		管理画面のモール設定＞店舗登録で設定した店舗情報を支店フッタに表示する（src/Eccube/Resource/template/default/Block/branch_footer.twig:71-96。登録欄は src/Eccube/Form/Type/Admin/Enterprise/MallTenantShopType.php:181-200 など）	layout図 sheet-6_img1(支店ヘッダ: HARERUYA+支店名+ご当地晴れる屋くん+ポイント+カードセット+検索欄)、sheet-6_img3(下部固定ナビ: 通販サイト/カート/詳細検索/カテゴリ/マイページ)、sheet-6_img2(支店フッタ: サイトマップ/お得な情報/店舗ロゴ/支店名/〒/住所/GOOGLE MAP/TEL/営業時間/Copyright)を確認	high	
sheet-6-R126	MATCHED						src/Eccube/Resource/template/default/Block/branch_footer.twig:71-76		郵便番号を「〒」付きで表示する（src/Eccube/Resource/template/default/Block/branch_footer.twig:71-76、接頭辞 src/Eccube/Resource/locale/messages.ja.yaml:6500）	layout図 sheet-6_img1(支店ヘッダ: HARERUYA+支店名+ご当地晴れる屋くん+ポイント+カードセット+検索欄)、sheet-6_img3(下部固定ナビ: 通販サイト/カート/詳細検索/カテゴリ/マイページ)、sheet-6_img2(支店フッタ: サイトマップ/お得な情報/店舗ロゴ/支店名/〒/住所/GOOGLE MAP/TEL/営業時間/Copyright)を確認	high	
sheet-6-R127	MATCHED						src/Eccube/Resource/template/default/Block/branch_footer.twig:84-85		都道府県＋住所を表示する（src/Eccube/Resource/template/default/Block/branch_footer.twig:84-85）	layout図 sheet-6_img1(支店ヘッダ: HARERUYA+支店名+ご当地晴れる屋くん+ポイント+カードセット+検索欄)、sheet-6_img3(下部固定ナビ: 通販サイト/カート/詳細検索/カテゴリ/マイページ)、sheet-6_img2(支店フッタ: サイトマップ/お得な情報/店舗ロゴ/支店名/〒/住所/GOOGLE MAP/TEL/営業時間/Copyright)を確認	high	
sheet-6-R128	MATCHED						src/Eccube/Resource/template/default/Block/branch_footer.twig:80;src/Eccube/Resource/template/default/Block/branch_footer.twig:87;src/Eccube/Resource/locale/messages.ja.yaml:6501		店舗ごとに設定されたGOOGLE MAPのURLをリンクとして表示する（src/Eccube/Resource/template/default/Block/branch_footer.twig:80 で設定値を採り、src/Eccube/Resource/template/default/Block/branch_footer.twig:87 でリンクにする。文言 src/Eccube/Resource/locale/messages.ja.yaml:6501）	layout図 sheet-6_img1(支店ヘッダ: HARERUYA+支店名+ご当地晴れる屋くん+ポイント+カードセット+検索欄)、sheet-6_img3(下部固定ナビ: 通販サイト/カート/詳細検索/カテゴリ/マイページ)、sheet-6_img2(支店フッタ: サイトマップ/お得な情報/店舗ロゴ/支店名/〒/住所/GOOGLE MAP/TEL/営業時間/Copyright)を確認	high	
sheet-6-R129	MATCHED						src/Eccube/Resource/template/default/Block/branch_footer.twig:90-92;src/Eccube/Resource/locale/messages.ja.yaml:6503		電話番号を「TEL：」付きで表示する（src/Eccube/Resource/template/default/Block/branch_footer.twig:90-92、接頭辞 src/Eccube/Resource/locale/messages.ja.yaml:6503）	layout図 sheet-6_img1(支店ヘッダ: HARERUYA+支店名+ご当地晴れる屋くん+ポイント+カードセット+検索欄)、sheet-6_img3(下部固定ナビ: 通販サイト/カート/詳細検索/カテゴリ/マイページ)、sheet-6_img2(支店フッタ: サイトマップ/お得な情報/店舗ロゴ/支店名/〒/住所/GOOGLE MAP/TEL/営業時間/Copyright)を確認	high	
sheet-6-R130	MATCHED						src/Eccube/Resource/template/default/Block/branch_footer.twig:93-95;src/Eccube/Resource/locale/messages.ja.yaml:6504		営業時間を「営業時間：」付きで表示する（src/Eccube/Resource/template/default/Block/branch_footer.twig:93-95、接頭辞 src/Eccube/Resource/locale/messages.ja.yaml:6504）	layout図 sheet-6_img1(支店ヘッダ: HARERUYA+支店名+ご当地晴れる屋くん+ポイント+カードセット+検索欄)、sheet-6_img3(下部固定ナビ: 通販サイト/カート/詳細検索/カテゴリ/マイページ)、sheet-6_img2(支店フッタ: サイトマップ/お得な情報/店舗ロゴ/支店名/〒/住所/GOOGLE MAP/TEL/営業時間/Copyright)を確認	high	
sheet-6-R131	OUT_OF_SCOPE								カスタマイズ要件以外は現行踏襲、という方針の記述	layout図 sheet-6_img1(支店ヘッダ: HARERUYA+支店名+ご当地晴れる屋くん+ポイント+カードセット+検索欄)、sheet-6_img3(下部固定ナビ: 通販サイト/カート/詳細検索/カテゴリ/マイページ)、sheet-6_img2(支店フッタ: サイトマップ/お得な情報/店舗ロゴ/支店名/〒/住所/GOOGLE MAP/TEL/営業時間/Copyright)を確認	high	
sheet-6-R132	MATCHED						src/Eccube/Resource/template/default/Block/branch_footer.twig:61-97		支店フッタの店舗情報欄が新規機能として実装されている（src/Eccube/Resource/template/default/Block/branch_footer.twig:61-97）	layout図 sheet-6_img1(支店ヘッダ: HARERUYA+支店名+ご当地晴れる屋くん+ポイント+カードセット+検索欄)、sheet-6_img3(下部固定ナビ: 通販サイト/カート/詳細検索/カテゴリ/マイページ)、sheet-6_img2(支店フッタ: サイトマップ/お得な情報/店舗ロゴ/支店名/〒/住所/GOOGLE MAP/TEL/営業時間/Copyright)を確認	high	
sheet-6-R133	MATCHED						src/Eccube/Resource/template/default/Block/branch_footer.twig:71-96		(15-1)〜(15-5)にあたる郵便番号・住所・GOOGLE MAP・電話番号・営業時間を、店舗登録で設定した値から表示する（src/Eccube/Resource/template/default/Block/branch_footer.twig:71-96）	layout図 sheet-6_img1(支店ヘッダ: HARERUYA+支店名+ご当地晴れる屋くん+ポイント+カードセット+検索欄)、sheet-6_img3(下部固定ナビ: 通販サイト/カート/詳細検索/カテゴリ/マイページ)、sheet-6_img2(支店フッタ: サイトマップ/お得な情報/店舗ロゴ/支店名/〒/住所/GOOGLE MAP/TEL/営業時間/Copyright)を確認	high	
sheet-6-R134	MATCHED						src/Eccube/Resource/template/default/Block/branch_footer.twig:71-96;src/Eccube/EventListener/TwigInitializeListener.php:67		表示する店舗情報はアクセス中の支店のもの（src/Eccube/EventListener/TwigInitializeListener.php:67 がURLの店舗から店舗情報を決め、src/Eccube/Resource/template/default/Block/branch_footer.twig:71-96 がその値を表示する）	layout図 sheet-6_img1(支店ヘッダ: HARERUYA+支店名+ご当地晴れる屋くん+ポイント+カードセット+検索欄)、sheet-6_img3(下部固定ナビ: 通販サイト/カート/詳細検索/カテゴリ/マイページ)、sheet-6_img2(支店フッタ: サイトマップ/お得な情報/店舗ロゴ/支店名/〒/住所/GOOGLE MAP/TEL/営業時間/Copyright)を確認	high	
sheet-6-R135	MATCHED						src/Eccube/Resource/template/default/Block/branch_footer.twig:87		GOOGLE MAPを押すと店舗ごとに設定されたURLをブラウザの新しいタブで開く（src/Eccube/Resource/template/default/Block/branch_footer.twig:87 のリンクに別タブ指定がある。URLの決定は src/Eccube/Resource/template/default/Block/branch_footer.twig:80）	layout図 sheet-6_img1(支店ヘッダ: HARERUYA+支店名+ご当地晴れる屋くん+ポイント+カードセット+検索欄)、sheet-6_img3(下部固定ナビ: 通販サイト/カート/詳細検索/カテゴリ/マイページ)、sheet-6_img2(支店フッタ: サイトマップ/お得な情報/店舗ロゴ/支店名/〒/住所/GOOGLE MAP/TEL/営業時間/Copyright)を確認	high	
sheet-6-R136	OUT_OF_SCOPE								項目表の見出し行（列名）	layout図 sheet-6_img1(支店ヘッダ: HARERUYA+支店名+ご当地晴れる屋くん+ポイント+カードセット+検索欄)、sheet-6_img3(下部固定ナビ: 通販サイト/カート/詳細検索/カテゴリ/マイページ)、sheet-6_img2(支店フッタ: サイトマップ/お得な情報/店舗ロゴ/支店名/〒/住所/GOOGLE MAP/TEL/営業時間/Copyright)を確認	high	
sheet-6-R137	MATCHED						src/Eccube/Resource/template/default/Block/branch_footer.twig:71-76		アクセス中の支店に登録された郵便番号を表示する（src/Eccube/Resource/template/default/Block/branch_footer.twig:71-76）。レイアウト図sheet-6_img2の「〒530-0001」と一致	layout図 sheet-6_img1(支店ヘッダ: HARERUYA+支店名+ご当地晴れる屋くん+ポイント+カードセット+検索欄)、sheet-6_img3(下部固定ナビ: 通販サイト/カート/詳細検索/カテゴリ/マイページ)、sheet-6_img2(支店フッタ: サイトマップ/お得な情報/店舗ロゴ/支店名/〒/住所/GOOGLE MAP/TEL/営業時間/Copyright)を確認	high	
sheet-6-R138	MATCHED						src/Eccube/Resource/template/default/Block/branch_footer.twig:84-85		アクセス中の支店に登録された住所を表示する（src/Eccube/Resource/template/default/Block/branch_footer.twig:84-85）。レイアウト図sheet-6_img2の「大阪府大阪市北区梅田2-4-9」と一致	layout図 sheet-6_img1(支店ヘッダ: HARERUYA+支店名+ご当地晴れる屋くん+ポイント+カードセット+検索欄)、sheet-6_img3(下部固定ナビ: 通販サイト/カート/詳細検索/カテゴリ/マイページ)、sheet-6_img2(支店フッタ: サイトマップ/お得な情報/店舗ロゴ/支店名/〒/住所/GOOGLE MAP/TEL/営業時間/Copyright)を確認	high	
sheet-6-R139	MATCHED						src/Eccube/Resource/template/default/Block/branch_footer.twig:80;src/Eccube/Resource/template/default/Block/branch_footer.twig:87		GOOGLE MAPリンクを押すと店舗ごとに設定されたURLを新しいタブで開く（src/Eccube/Resource/template/default/Block/branch_footer.twig:80、src/Eccube/Resource/template/default/Block/branch_footer.twig:87）	layout図 sheet-6_img1(支店ヘッダ: HARERUYA+支店名+ご当地晴れる屋くん+ポイント+カードセット+検索欄)、sheet-6_img3(下部固定ナビ: 通販サイト/カート/詳細検索/カテゴリ/マイページ)、sheet-6_img2(支店フッタ: サイトマップ/お得な情報/店舗ロゴ/支店名/〒/住所/GOOGLE MAP/TEL/営業時間/Copyright)を確認	high	
sheet-6-R140	OUT_OF_SCOPE								別紙0209「店舗登録」シートへの参照指示	layout図 sheet-6_img1(支店ヘッダ: HARERUYA+支店名+ご当地晴れる屋くん+ポイント+カードセット+検索欄)、sheet-6_img3(下部固定ナビ: 通販サイト/カート/詳細検索/カテゴリ/マイページ)、sheet-6_img2(支店フッタ: サイトマップ/お得な情報/店舗ロゴ/支店名/〒/住所/GOOGLE MAP/TEL/営業時間/Copyright)を確認	high	
sheet-6-R141	MATCHED						src/Eccube/Resource/template/default/Block/branch_footer.twig:90-92		アクセス中の支店に登録された電話番号を表示する（src/Eccube/Resource/template/default/Block/branch_footer.twig:90-92）。レイアウト図sheet-6_img2の「TEL：06-6147-9088」と一致	layout図 sheet-6_img1(支店ヘッダ: HARERUYA+支店名+ご当地晴れる屋くん+ポイント+カードセット+検索欄)、sheet-6_img3(下部固定ナビ: 通販サイト/カート/詳細検索/カテゴリ/マイページ)、sheet-6_img2(支店フッタ: サイトマップ/お得な情報/店舗ロゴ/支店名/〒/住所/GOOGLE MAP/TEL/営業時間/Copyright)を確認	high	
sheet-6-R142	MATCHED						src/Eccube/Resource/template/default/Block/branch_footer.twig:93-95		アクセス中の支店に登録された店舗営業時間を表示する（src/Eccube/Resource/template/default/Block/branch_footer.twig:93-95）。レイアウト図sheet-6_img2の「営業時間：全日11:00〜23:00」と一致	layout図 sheet-6_img1(支店ヘッダ: HARERUYA+支店名+ご当地晴れる屋くん+ポイント+カードセット+検索欄)、sheet-6_img3(下部固定ナビ: 通販サイト/カート/詳細検索/カテゴリ/マイページ)、sheet-6_img2(支店フッタ: サイトマップ/お得な情報/店舗ロゴ/支店名/〒/住所/GOOGLE MAP/TEL/営業時間/Copyright)を確認	high	
sheet-6-R143	OUT_OF_SCOPE								機能名の見出し行	layout図 sheet-6_img1(支店ヘッダ: HARERUYA+支店名+ご当地晴れる屋くん+ポイント+カードセット+検索欄)、sheet-6_img3(下部固定ナビ: 通販サイト/カート/詳細検索/カテゴリ/マイページ)、sheet-6_img2(支店フッタ: サイトマップ/お得な情報/店舗ロゴ/支店名/〒/住所/GOOGLE MAP/TEL/営業時間/Copyright)を確認	high	
sheet-6-R144	OUT_OF_SCOPE								本節の位置づけ（実装からのリバースである旨・フェーズ区分）を述べた前置きで、実装要求ではない	layout図 sheet-6_img1(支店ヘッダ: HARERUYA+支店名+ご当地晴れる屋くん+ポイント+カードセット+検索欄)、sheet-6_img3(下部固定ナビ: 通販サイト/カート/詳細検索/カテゴリ/マイページ)、sheet-6_img2(支店フッタ: サイトマップ/お得な情報/店舗ロゴ/支店名/〒/住所/GOOGLE MAP/TEL/営業時間/Copyright)を確認	high	
sheet-6-R145	OUT_OF_SCOPE								行そのものが当該項目のフェーズ2対応を宣言している	layout図 sheet-6_img1(支店ヘッダ: HARERUYA+支店名+ご当地晴れる屋くん+ポイント+カードセット+検索欄)、sheet-6_img3(下部固定ナビ: 通販サイト/カート/詳細検索/カテゴリ/マイページ)、sheet-6_img2(支店フッタ: サイトマップ/お得な情報/店舗ロゴ/支店名/〒/住所/GOOGLE MAP/TEL/営業時間/Copyright)を確認	high	
sheet-6-R146	OUT_OF_SCOPE								フェーズ2以降で設計予定というExcel原文の引用	layout図 sheet-6_img1(支店ヘッダ: HARERUYA+支店名+ご当地晴れる屋くん+ポイント+カードセット+検索欄)、sheet-6_img3(下部固定ナビ: 通販サイト/カート/詳細検索/カテゴリ/マイページ)、sheet-6_img2(支店フッタ: サイトマップ/お得な情報/店舗ロゴ/支店名/〒/住所/GOOGLE MAP/TEL/営業時間/Copyright)を確認	high	
sheet-6-R147	OUT_OF_SCOPE								フェーズ2対応の見出し	layout図 sheet-6_img1(支店ヘッダ: HARERUYA+支店名+ご当地晴れる屋くん+ポイント+カードセット+検索欄)、sheet-6_img3(下部固定ナビ: 通販サイト/カート/詳細検索/カテゴリ/マイページ)、sheet-6_img2(支店フッタ: サイトマップ/お得な情報/店舗ロゴ/支店名/〒/住所/GOOGLE MAP/TEL/営業時間/Copyright)を確認	high	
sheet-6-R148	OUT_OF_SCOPE								行そのものがフェーズ1では実装しないと宣言している	layout図 sheet-6_img1(支店ヘッダ: HARERUYA+支店名+ご当地晴れる屋くん+ポイント+カードセット+検索欄)、sheet-6_img3(下部固定ナビ: 通販サイト/カート/詳細検索/カテゴリ/マイページ)、sheet-6_img2(支店フッタ: サイトマップ/お得な情報/店舗ロゴ/支店名/〒/住所/GOOGLE MAP/TEL/営業時間/Copyright)を確認	high	
sheet-6-R149	OUT_OF_SCOPE								現行仕様の見出し行	layout図 sheet-6_img1(支店ヘッダ: HARERUYA+支店名+ご当地晴れる屋くん+ポイント+カードセット+検索欄)、sheet-6_img3(下部固定ナビ: 通販サイト/カート/詳細検索/カテゴリ/マイページ)、sheet-6_img2(支店フッタ: サイトマップ/お得な情報/店舗ロゴ/支店名/〒/住所/GOOGLE MAP/TEL/営業時間/Copyright)を確認	high	
sheet-6-R150	OUT_OF_SCOPE								現行のスマホ下部ナビは「メニュー」からマイページとログアウトを出す作りだが、リニューアル後の項目表(11)とレイアウト図（sheet-6_img3）は下部固定ナビの当該項目をログイン/マイページの1導線と定めている。現行仕様とリニューアル後で食い違うため後者が優先し、現行仕様側は対象外	layout図 sheet-6_img1(支店ヘッダ: HARERUYA+支店名+ご当地晴れる屋くん+ポイント+カードセット+検索欄)、sheet-6_img3(下部固定ナビ: 通販サイト/カート/詳細検索/カテゴリ/マイページ)、sheet-6_img2(支店フッタ: サイトマップ/お得な情報/店舗ロゴ/支店名/〒/住所/GOOGLE MAP/TEL/営業時間/Copyright)を確認	med	
sheet-6-R151	OUT_OF_SCOPE								現行仕様の見出し行	layout図 sheet-6_img1(支店ヘッダ: HARERUYA+支店名+ご当地晴れる屋くん+ポイント+カードセット+検索欄)、sheet-6_img3(下部固定ナビ: 通販サイト/カート/詳細検索/カテゴリ/マイページ)、sheet-6_img2(支店フッタ: サイトマップ/お得な情報/店舗ロゴ/支店名/〒/住所/GOOGLE MAP/TEL/営業時間/Copyright)を確認	high	
sheet-6-R152	OUT_OF_SCOPE								画面上部の帯にもカートを置く前提の記述だが、リニューアル後の支店スマホ版は上部固定エリアを(1)〜(6)、カートを下部固定エリア(8)と定めており（レイアウト図sheet-6_img1/img3）上部にカートは無い。現行仕様とリニューアル後で食い違うため後者が優先し、現行仕様側は対象外	layout図 sheet-6_img1(支店ヘッダ: HARERUYA+支店名+ご当地晴れる屋くん+ポイント+カードセット+検索欄)、sheet-6_img3(下部固定ナビ: 通販サイト/カート/詳細検索/カテゴリ/マイページ)、sheet-6_img2(支店フッタ: サイトマップ/お得な情報/店舗ロゴ/支店名/〒/住所/GOOGLE MAP/TEL/営業時間/Copyright)を確認	med	
sheet-6-R153	OUT_OF_SCOPE								現行仕様の見出し行	layout図 sheet-6_img1(支店ヘッダ: HARERUYA+支店名+ご当地晴れる屋くん+ポイント+カードセット+検索欄)、sheet-6_img3(下部固定ナビ: 通販サイト/カート/詳細検索/カテゴリ/マイページ)、sheet-6_img2(支店フッタ: サイトマップ/お得な情報/店舗ロゴ/支店名/〒/住所/GOOGLE MAP/TEL/営業時間/Copyright)を確認	high	
sheet-6-R154	DRIFT	P3	実装違い	ふるまい	サイトマップの導線の遷移先 サイトマップに並ぶ当サイトについて・プライバシーポリシー・特定商取引法に基づく表記・お問い合わせは、いずれも支店サイト内の画面ではなく、本店サイトの該当ページを開く。	支店サイトのフッタで当サイトについて／プライバシーポリシー／特定商取引法に基づく表記／お問い合わせを押すと、本店サイトの該当ページが開く	src/Eccube/Resource/template/default/Block/branch_footer.twig:26;src/Eccube/Resource/template/default/Block/branch_footer.twig:29;src/Eccube/Resource/template/default/Block/branch_footer.twig:32;src/Eccube/Resource/template/default/Block/branch_footer.twig:35	支店フッタのサイトマップ4リンクはいずれも現在の支店を引き継いだ支店サイト配下のアドレスになっており、押しても支店サイト内の該当ページが開く。本店を指す指定は付いていない	支店フッタのサイトマップ4リンク（src/Eccube/Resource/template/default/Block/branch_footer.twig:26 当サイトについて / src/Eccube/Resource/template/default/Block/branch_footer.twig:29 プライバシーポリシー / src/Eccube/Resource/template/default/Block/branch_footer.twig:32 特定商取引法に基づく表記 / src/Eccube/Resource/template/default/Block/branch_footer.twig:35 お問い合わせ）は、いずれも遷移先の店舗を指定していない。支店配下の画面では店舗の指定が引き継がれる作りのため（src/Eccube/EventListener/TwigInitializeListener.php:93-94、app/config/eccube/routes.yaml:20）、生成されるのは支店サイト配下のアドレスになる。同じ支店の下部固定ナビの通販サイト導線は src/Eccube/Resource/template/default/Block/bottom_nav.twig:32 で本店を明示しており、本店を指す書き方は実装側にも存在する。サイトマップ欄は正本が現行踏襲と明言している（カスタマイズ要件なし）ため、現行仕様の遷移先が要求として残る	layout図 sheet-6_img1(支店ヘッダ: HARERUYA+支店名+ご当地晴れる屋くん+ポイント+カードセット+検索欄)、sheet-6_img3(下部固定ナビ: 通販サイト/カート/詳細検索/カテゴリ/マイページ)、sheet-6_img2(支店フッタ: サイトマップ/お得な情報/店舗ロゴ/支店名/〒/住所/GOOGLE MAP/TEL/営業時間/Copyright)を確認	med	branch_footer.twig-sitemap-links-stay-on-branch
sheet-6-R155	OUT_OF_SCOPE								現行仕様の見出し行	layout図 sheet-6_img1(支店ヘッダ: HARERUYA+支店名+ご当地晴れる屋くん+ポイント+カードセット+検索欄)、sheet-6_img3(下部固定ナビ: 通販サイト/カート/詳細検索/カテゴリ/マイページ)、sheet-6_img2(支店フッタ: サイトマップ/お得な情報/店舗ロゴ/支店名/〒/住所/GOOGLE MAP/TEL/営業時間/Copyright)を確認	high	
sheet-6-R156	OUT_OF_SCOPE								同じ文が述べる著作権表示（店舗名を用いる）はリニューアル後のレイアウト図sheet-6_img2の「Copyright© Hareruya All Rights Reserved」と食い違い後者が優先する。店舗名の導線もリニューアル後は項目表(14)「HARERUYA リンク」として再定義され、実装はロゴを支店ECTOPへのリンクにしている（src/Eccube/Resource/template/default/Block/branch_footer.twig:63、src/Eccube/Resource/template/default/Block/branch_footer.twig:69）。現行仕様側は対象外	layout図 sheet-6_img1(支店ヘッダ: HARERUYA+支店名+ご当地晴れる屋くん+ポイント+カードセット+検索欄)、sheet-6_img3(下部固定ナビ: 通販サイト/カート/詳細検索/カテゴリ/マイページ)、sheet-6_img2(支店フッタ: サイトマップ/お得な情報/店舗ロゴ/支店名/〒/住所/GOOGLE MAP/TEL/営業時間/Copyright)を確認	med	
sheet-6-R157	OUT_OF_SCOPE								入出力表の入力欄。画面表示要求とログイン状態という前提の記述で、個別の実装要求は機能仕様側（sheet-6-R036/R047〜R051）に定義されている	layout図 sheet-6_img1(支店ヘッダ: HARERUYA+支店名+ご当地晴れる屋くん+ポイント+カードセット+検索欄)、sheet-6_img3(下部固定ナビ: 通販サイト/カート/詳細検索/カテゴリ/マイページ)、sheet-6_img2(支店フッタ: サイトマップ/お得な情報/店舗ロゴ/支店名/〒/住所/GOOGLE MAP/TEL/営業時間/Copyright)を確認	high	
sheet-6-R158	MATCHED						src/Eccube/Resource/template/default/Block/header.twig:13;src/Eccube/Resource/template/default/Block/header.twig:184;src/Eccube/Resource/template/default/Block/footer.twig:14		支店の画面で上部の帯・下部の固定ナビ・フッタの3つが出力される（src/Eccube/Resource/template/default/Block/header.twig:13 で支店ヘッダ、src/Eccube/Resource/template/default/Block/header.twig:184 で下部固定ナビ、src/Eccube/Resource/template/default/Block/footer.twig:14 で支店フッタ）	layout図 sheet-6_img1(支店ヘッダ: HARERUYA+支店名+ご当地晴れる屋くん+ポイント+カードセット+検索欄)、sheet-6_img3(下部固定ナビ: 通販サイト/カート/詳細検索/カテゴリ/マイページ)、sheet-6_img2(支店フッタ: サイトマップ/お得な情報/店舗ロゴ/支店名/〒/住所/GOOGLE MAP/TEL/営業時間/Copyright)を確認	high	
sheet-6-R159	OUT_OF_SCOPE								描画失敗時は共通の例外処理に委ねる旨の記述で、本機能固有の画面・応答の要求ではない	layout図 sheet-6_img1(支店ヘッダ: HARERUYA+支店名+ご当地晴れる屋くん+ポイント+カードセット+検索欄)、sheet-6_img3(下部固定ナビ: 通販サイト/カート/詳細検索/カテゴリ/マイページ)、sheet-6_img2(支店フッタ: サイトマップ/お得な情報/店舗ロゴ/支店名/〒/住所/GOOGLE MAP/TEL/営業時間/Copyright)を確認	high	
sheet-6-R160	OUT_OF_SCOPE								下部固定ナビに「メニュー」を置きログアウトを出すのは現行の作り。リニューアル後の項目表(11)とレイアウト図sheet-6_img3は下部固定ナビをログイン/マイページの1導線と定めておりメニューもログアウトも無い。現行仕様と食い違うため後者が優先し対象外	layout図 sheet-6_img1(支店ヘッダ: HARERUYA+支店名+ご当地晴れる屋くん+ポイント+カードセット+検索欄)、sheet-6_img3(下部固定ナビ: 通販サイト/カート/詳細検索/カテゴリ/マイページ)、sheet-6_img2(支店フッタ: サイトマップ/お得な情報/店舗ロゴ/支店名/〒/住所/GOOGLE MAP/TEL/営業時間/Copyright)を確認	med	
sheet-7-R001	OUT_OF_SCOPE								「機能」はカスタマイズ説明の区分見出し。 0302の全ナビシート（sheet-3/4/5/6）がExcel原文「※通知はフェーズ2以降で設計予定とする」を掲げ、Ph2台帳 0302-F02-05「通知機能」は本シートをFUNCTION_SCOPEでフェーズ2対応としている。ee側もsrc/Eccube/Resource/template/default/Mypage/index.twig:103に「Ph2: お知らせセクションが入ります」というコメント枠だけを置き、通知データ・インジケーター・通知メッセージ・追加/削除条件のいずれもフェーズ1では作られていない。フェーズ1の実装対象外のため対象外と判定する。	sheet-7_img1(スマホ下部ナビ:カート/お気に入り/詳細検索/カテゴリ/マイページ)、img2(PCヘッダ)、img3(マイページ「お知らせ」欄に通知日付と通知メッセージが並ぶ表示例)を確認。ee実装にこの「お知らせ」欄に相当する表示は無く、Mypage/index.twigにPh2枠のコメントのみ。	high	
sheet-7-R002	OUT_OF_SCOPE								0302の全ナビシート（sheet-3/4/5/6）がExcel原文「※通知はフェーズ2以降で設計予定とする」を掲げ、Ph2台帳 0302-F02-05「通知機能」は本シートをFUNCTION_SCOPEでフェーズ2対応としている。ee側もsrc/Eccube/Resource/template/default/Mypage/index.twig:103に「Ph2: お知らせセクションが入ります」というコメント枠だけを置き、通知データ・インジケーター・通知メッセージ・追加/削除条件のいずれもフェーズ1では作られていない。フェーズ1の実装対象外のため対象外と判定する。	sheet-7_img1(スマホ下部ナビ:カート/お気に入り/詳細検索/カテゴリ/マイページ)、img2(PCヘッダ)、img3(マイページ「お知らせ」欄に通知日付と通知メッセージが並ぶ表示例)を確認。ee実装にこの「お知らせ」欄に相当する表示は無く、Mypage/index.twigにPh2枠のコメントのみ。	high	
sheet-7-R003	OUT_OF_SCOPE								表の見出し行（表示要件/クリック時遷移先/通知削除条件）。 0302の全ナビシート（sheet-3/4/5/6）がExcel原文「※通知はフェーズ2以降で設計予定とする」を掲げ、Ph2台帳 0302-F02-05「通知機能」は本シートをFUNCTION_SCOPEでフェーズ2対応としている。ee側もsrc/Eccube/Resource/template/default/Mypage/index.twig:103に「Ph2: お知らせセクションが入ります」というコメント枠だけを置き、通知データ・インジケーター・通知メッセージ・追加/削除条件のいずれもフェーズ1では作られていない。フェーズ1の実装対象外のため対象外と判定する。	sheet-7_img1(スマホ下部ナビ:カート/お気に入り/詳細検索/カテゴリ/マイページ)、img2(PCヘッダ)、img3(マイページ「お知らせ」欄に通知日付と通知メッセージが並ぶ表示例)を確認。ee実装にこの「お知らせ」欄に相当する表示は無く、Mypage/index.twigにPh2枠のコメントのみ。	high	
sheet-7-R004	OUT_OF_SCOPE								0302の全ナビシート（sheet-3/4/5/6）がExcel原文「※通知はフェーズ2以降で設計予定とする」を掲げ、Ph2台帳 0302-F02-05「通知機能」は本シートをFUNCTION_SCOPEでフェーズ2対応としている。ee側もsrc/Eccube/Resource/template/default/Mypage/index.twig:103に「Ph2: お知らせセクションが入ります」というコメント枠だけを置き、通知データ・インジケーター・通知メッセージ・追加/削除条件のいずれもフェーズ1では作られていない。フェーズ1の実装対象外のため対象外と判定する。	sheet-7_img1(スマホ下部ナビ:カート/お気に入り/詳細検索/カテゴリ/マイページ)、img2(PCヘッダ)、img3(マイページ「お知らせ」欄に通知日付と通知メッセージが並ぶ表示例)を確認。ee実装にこの「お知らせ」欄に相当する表示は無く、Mypage/index.twigにPh2枠のコメントのみ。	high	
sheet-7-R005	OUT_OF_SCOPE								0302の全ナビシート（sheet-3/4/5/6）がExcel原文「※通知はフェーズ2以降で設計予定とする」を掲げ、Ph2台帳 0302-F02-05「通知機能」は本シートをFUNCTION_SCOPEでフェーズ2対応としている。ee側もsrc/Eccube/Resource/template/default/Mypage/index.twig:103に「Ph2: お知らせセクションが入ります」というコメント枠だけを置き、通知データ・インジケーター・通知メッセージ・追加/削除条件のいずれもフェーズ1では作られていない。フェーズ1の実装対象外のため対象外と判定する。	sheet-7_img1(スマホ下部ナビ:カート/お気に入り/詳細検索/カテゴリ/マイページ)、img2(PCヘッダ)、img3(マイページ「お知らせ」欄に通知日付と通知メッセージが並ぶ表示例)を確認。ee実装にこの「お知らせ」欄に相当する表示は無く、Mypage/index.twigにPh2枠のコメントのみ。	high	
sheet-7-R006	OUT_OF_SCOPE								0302の全ナビシート（sheet-3/4/5/6）がExcel原文「※通知はフェーズ2以降で設計予定とする」を掲げ、Ph2台帳 0302-F02-05「通知機能」は本シートをFUNCTION_SCOPEでフェーズ2対応としている。ee側もsrc/Eccube/Resource/template/default/Mypage/index.twig:103に「Ph2: お知らせセクションが入ります」というコメント枠だけを置き、通知データ・インジケーター・通知メッセージ・追加/削除条件のいずれもフェーズ1では作られていない。フェーズ1の実装対象外のため対象外と判定する。	sheet-7_img1(スマホ下部ナビ:カート/お気に入り/詳細検索/カテゴリ/マイページ)、img2(PCヘッダ)、img3(マイページ「お知らせ」欄に通知日付と通知メッセージが並ぶ表示例)を確認。ee実装にこの「お知らせ」欄に相当する表示は無く、Mypage/index.twigにPh2枠のコメントのみ。	high	
sheet-7-R007	OUT_OF_SCOPE								0302の全ナビシート（sheet-3/4/5/6）がExcel原文「※通知はフェーズ2以降で設計予定とする」を掲げ、Ph2台帳 0302-F02-05「通知機能」は本シートをFUNCTION_SCOPEでフェーズ2対応としている。ee側もsrc/Eccube/Resource/template/default/Mypage/index.twig:103に「Ph2: お知らせセクションが入ります」というコメント枠だけを置き、通知データ・インジケーター・通知メッセージ・追加/削除条件のいずれもフェーズ1では作られていない。フェーズ1の実装対象外のため対象外と判定する。	sheet-7_img1(スマホ下部ナビ:カート/お気に入り/詳細検索/カテゴリ/マイページ)、img2(PCヘッダ)、img3(マイページ「お知らせ」欄に通知日付と通知メッセージが並ぶ表示例)を確認。ee実装にこの「お知らせ」欄に相当する表示は無く、Mypage/index.twigにPh2枠のコメントのみ。	high	
sheet-7-R008	OUT_OF_SCOPE								0302の全ナビシート（sheet-3/4/5/6）がExcel原文「※通知はフェーズ2以降で設計予定とする」を掲げ、Ph2台帳 0302-F02-05「通知機能」は本シートをFUNCTION_SCOPEでフェーズ2対応としている。ee側もsrc/Eccube/Resource/template/default/Mypage/index.twig:103に「Ph2: お知らせセクションが入ります」というコメント枠だけを置き、通知データ・インジケーター・通知メッセージ・追加/削除条件のいずれもフェーズ1では作られていない。フェーズ1の実装対象外のため対象外と判定する。	sheet-7_img1(スマホ下部ナビ:カート/お気に入り/詳細検索/カテゴリ/マイページ)、img2(PCヘッダ)、img3(マイページ「お知らせ」欄に通知日付と通知メッセージが並ぶ表示例)を確認。ee実装にこの「お知らせ」欄に相当する表示は無く、Mypage/index.twigにPh2枠のコメントのみ。	high	
sheet-7-R009	OUT_OF_SCOPE								0302の全ナビシート（sheet-3/4/5/6）がExcel原文「※通知はフェーズ2以降で設計予定とする」を掲げ、Ph2台帳 0302-F02-05「通知機能」は本シートをFUNCTION_SCOPEでフェーズ2対応としている。ee側もsrc/Eccube/Resource/template/default/Mypage/index.twig:103に「Ph2: お知らせセクションが入ります」というコメント枠だけを置き、通知データ・インジケーター・通知メッセージ・追加/削除条件のいずれもフェーズ1では作られていない。フェーズ1の実装対象外のため対象外と判定する。	sheet-7_img1(スマホ下部ナビ:カート/お気に入り/詳細検索/カテゴリ/マイページ)、img2(PCヘッダ)、img3(マイページ「お知らせ」欄に通知日付と通知メッセージが並ぶ表示例)を確認。ee実装にこの「お知らせ」欄に相当する表示は無く、Mypage/index.twigにPh2枠のコメントのみ。	high	
sheet-7-R010	OUT_OF_SCOPE								カスタマイズ要件以外は現行踏襲という方針記述。 0302の全ナビシート（sheet-3/4/5/6）がExcel原文「※通知はフェーズ2以降で設計予定とする」を掲げ、Ph2台帳 0302-F02-05「通知機能」は本シートをFUNCTION_SCOPEでフェーズ2対応としている。ee側もsrc/Eccube/Resource/template/default/Mypage/index.twig:103に「Ph2: お知らせセクションが入ります」というコメント枠だけを置き、通知データ・インジケーター・通知メッセージ・追加/削除条件のいずれもフェーズ1では作られていない。フェーズ1の実装対象外のため対象外と判定する。	sheet-7_img1(スマホ下部ナビ:カート/お気に入り/詳細検索/カテゴリ/マイページ)、img2(PCヘッダ)、img3(マイページ「お知らせ」欄に通知日付と通知メッセージが並ぶ表示例)を確認。ee実装にこの「お知らせ」欄に相当する表示は無く、Mypage/index.twigにPh2枠のコメントのみ。	high	
sheet-7-R011	OUT_OF_SCOPE								0302の全ナビシート（sheet-3/4/5/6）がExcel原文「※通知はフェーズ2以降で設計予定とする」を掲げ、Ph2台帳 0302-F02-05「通知機能」は本シートをFUNCTION_SCOPEでフェーズ2対応としている。ee側もsrc/Eccube/Resource/template/default/Mypage/index.twig:103に「Ph2: お知らせセクションが入ります」というコメント枠だけを置き、通知データ・インジケーター・通知メッセージ・追加/削除条件のいずれもフェーズ1では作られていない。フェーズ1の実装対象外のため対象外と判定する。	sheet-7_img1(スマホ下部ナビ:カート/お気に入り/詳細検索/カテゴリ/マイページ)、img2(PCヘッダ)、img3(マイページ「お知らせ」欄に通知日付と通知メッセージが並ぶ表示例)を確認。ee実装にこの「お知らせ」欄に相当する表示は無く、Mypage/index.twigにPh2枠のコメントのみ。	high	
sheet-7-R012	OUT_OF_SCOPE								別シートへの参照指示。 0302の全ナビシート（sheet-3/4/5/6）がExcel原文「※通知はフェーズ2以降で設計予定とする」を掲げ、Ph2台帳 0302-F02-05「通知機能」は本シートをFUNCTION_SCOPEでフェーズ2対応としている。ee側もsrc/Eccube/Resource/template/default/Mypage/index.twig:103に「Ph2: お知らせセクションが入ります」というコメント枠だけを置き、通知データ・インジケーター・通知メッセージ・追加/削除条件のいずれもフェーズ1では作られていない。フェーズ1の実装対象外のため対象外と判定する。	sheet-7_img1(スマホ下部ナビ:カート/お気に入り/詳細検索/カテゴリ/マイページ)、img2(PCヘッダ)、img3(マイページ「お知らせ」欄に通知日付と通知メッセージが並ぶ表示例)を確認。ee実装にこの「お知らせ」欄に相当する表示は無く、Mypage/index.twigにPh2枠のコメントのみ。	high	
sheet-7-R013	OUT_OF_SCOPE								別シートへの参照指示。 0302の全ナビシート（sheet-3/4/5/6）がExcel原文「※通知はフェーズ2以降で設計予定とする」を掲げ、Ph2台帳 0302-F02-05「通知機能」は本シートをFUNCTION_SCOPEでフェーズ2対応としている。ee側もsrc/Eccube/Resource/template/default/Mypage/index.twig:103に「Ph2: お知らせセクションが入ります」というコメント枠だけを置き、通知データ・インジケーター・通知メッセージ・追加/削除条件のいずれもフェーズ1では作られていない。フェーズ1の実装対象外のため対象外と判定する。	sheet-7_img1(スマホ下部ナビ:カート/お気に入り/詳細検索/カテゴリ/マイページ)、img2(PCヘッダ)、img3(マイページ「お知らせ」欄に通知日付と通知メッセージが並ぶ表示例)を確認。ee実装にこの「お知らせ」欄に相当する表示は無く、Mypage/index.twigにPh2枠のコメントのみ。	high	
sheet-7-R014	OUT_OF_SCOPE								★の見出し行（後続に本文が続く）。 0302の全ナビシート（sheet-3/4/5/6）がExcel原文「※通知はフェーズ2以降で設計予定とする」を掲げ、Ph2台帳 0302-F02-05「通知機能」は本シートをFUNCTION_SCOPEでフェーズ2対応としている。ee側もsrc/Eccube/Resource/template/default/Mypage/index.twig:103に「Ph2: お知らせセクションが入ります」というコメント枠だけを置き、通知データ・インジケーター・通知メッセージ・追加/削除条件のいずれもフェーズ1では作られていない。フェーズ1の実装対象外のため対象外と判定する。	sheet-7_img1(スマホ下部ナビ:カート/お気に入り/詳細検索/カテゴリ/マイページ)、img2(PCヘッダ)、img3(マイページ「お知らせ」欄に通知日付と通知メッセージが並ぶ表示例)を確認。ee実装にこの「お知らせ」欄に相当する表示は無く、Mypage/index.twigにPh2枠のコメントのみ。	high	
sheet-7-R015	OUT_OF_SCOPE								実装方針が変わりうる旨の注記。 0302の全ナビシート（sheet-3/4/5/6）がExcel原文「※通知はフェーズ2以降で設計予定とする」を掲げ、Ph2台帳 0302-F02-05「通知機能」は本シートをFUNCTION_SCOPEでフェーズ2対応としている。ee側もsrc/Eccube/Resource/template/default/Mypage/index.twig:103に「Ph2: お知らせセクションが入ります」というコメント枠だけを置き、通知データ・インジケーター・通知メッセージ・追加/削除条件のいずれもフェーズ1では作られていない。フェーズ1の実装対象外のため対象外と判定する。	sheet-7_img1(スマホ下部ナビ:カート/お気に入り/詳細検索/カテゴリ/マイページ)、img2(PCヘッダ)、img3(マイページ「お知らせ」欄に通知日付と通知メッセージが並ぶ表示例)を確認。ee実装にこの「お知らせ」欄に相当する表示は無く、Mypage/index.twigにPh2枠のコメントのみ。	high	
sheet-7-R016	OUT_OF_SCOPE								0302の全ナビシート（sheet-3/4/5/6）がExcel原文「※通知はフェーズ2以降で設計予定とする」を掲げ、Ph2台帳 0302-F02-05「通知機能」は本シートをFUNCTION_SCOPEでフェーズ2対応としている。ee側もsrc/Eccube/Resource/template/default/Mypage/index.twig:103に「Ph2: お知らせセクションが入ります」というコメント枠だけを置き、通知データ・インジケーター・通知メッセージ・追加/削除条件のいずれもフェーズ1では作られていない。フェーズ1の実装対象外のため対象外と判定する。	sheet-7_img1(スマホ下部ナビ:カート/お気に入り/詳細検索/カテゴリ/マイページ)、img2(PCヘッダ)、img3(マイページ「お知らせ」欄に通知日付と通知メッセージが並ぶ表示例)を確認。ee実装にこの「お知らせ」欄に相当する表示は無く、Mypage/index.twigにPh2枠のコメントのみ。	high	
sheet-7-R017	OUT_OF_SCOPE								直前行の理由説明。 0302の全ナビシート（sheet-3/4/5/6）がExcel原文「※通知はフェーズ2以降で設計予定とする」を掲げ、Ph2台帳 0302-F02-05「通知機能」は本シートをFUNCTION_SCOPEでフェーズ2対応としている。ee側もsrc/Eccube/Resource/template/default/Mypage/index.twig:103に「Ph2: お知らせセクションが入ります」というコメント枠だけを置き、通知データ・インジケーター・通知メッセージ・追加/削除条件のいずれもフェーズ1では作られていない。フェーズ1の実装対象外のため対象外と判定する。	sheet-7_img1(スマホ下部ナビ:カート/お気に入り/詳細検索/カテゴリ/マイページ)、img2(PCヘッダ)、img3(マイページ「お知らせ」欄に通知日付と通知メッセージが並ぶ表示例)を確認。ee実装にこの「お知らせ」欄に相当する表示は無く、Mypage/index.twigにPh2枠のコメントのみ。	high	
sheet-7-R018	OUT_OF_SCOPE								0302の全ナビシート（sheet-3/4/5/6）がExcel原文「※通知はフェーズ2以降で設計予定とする」を掲げ、Ph2台帳 0302-F02-05「通知機能」は本シートをFUNCTION_SCOPEでフェーズ2対応としている。ee側もsrc/Eccube/Resource/template/default/Mypage/index.twig:103に「Ph2: お知らせセクションが入ります」というコメント枠だけを置き、通知データ・インジケーター・通知メッセージ・追加/削除条件のいずれもフェーズ1では作られていない。フェーズ1の実装対象外のため対象外と判定する。	sheet-7_img1(スマホ下部ナビ:カート/お気に入り/詳細検索/カテゴリ/マイページ)、img2(PCヘッダ)、img3(マイページ「お知らせ」欄に通知日付と通知メッセージが並ぶ表示例)を確認。ee実装にこの「お知らせ」欄に相当する表示は無く、Mypage/index.twigにPh2枠のコメントのみ。	high	
sheet-7-R019	OUT_OF_SCOPE								0302の全ナビシート（sheet-3/4/5/6）がExcel原文「※通知はフェーズ2以降で設計予定とする」を掲げ、Ph2台帳 0302-F02-05「通知機能」は本シートをFUNCTION_SCOPEでフェーズ2対応としている。ee側もsrc/Eccube/Resource/template/default/Mypage/index.twig:103に「Ph2: お知らせセクションが入ります」というコメント枠だけを置き、通知データ・インジケーター・通知メッセージ・追加/削除条件のいずれもフェーズ1では作られていない。フェーズ1の実装対象外のため対象外と判定する。	sheet-7_img1(スマホ下部ナビ:カート/お気に入り/詳細検索/カテゴリ/マイページ)、img2(PCヘッダ)、img3(マイページ「お知らせ」欄に通知日付と通知メッセージが並ぶ表示例)を確認。ee実装にこの「お知らせ」欄に相当する表示は無く、Mypage/index.twigにPh2枠のコメントのみ。	high	
sheet-7-R020	OUT_OF_SCOPE								0302の全ナビシート（sheet-3/4/5/6）がExcel原文「※通知はフェーズ2以降で設計予定とする」を掲げ、Ph2台帳 0302-F02-05「通知機能」は本シートをFUNCTION_SCOPEでフェーズ2対応としている。ee側もsrc/Eccube/Resource/template/default/Mypage/index.twig:103に「Ph2: お知らせセクションが入ります」というコメント枠だけを置き、通知データ・インジケーター・通知メッセージ・追加/削除条件のいずれもフェーズ1では作られていない。フェーズ1の実装対象外のため対象外と判定する。	sheet-7_img1(スマホ下部ナビ:カート/お気に入り/詳細検索/カテゴリ/マイページ)、img2(PCヘッダ)、img3(マイページ「お知らせ」欄に通知日付と通知メッセージが並ぶ表示例)を確認。ee実装にこの「お知らせ」欄に相当する表示は無く、Mypage/index.twigにPh2枠のコメントのみ。	high	
sheet-7-R021	OUT_OF_SCOPE								0302の全ナビシート（sheet-3/4/5/6）がExcel原文「※通知はフェーズ2以降で設計予定とする」を掲げ、Ph2台帳 0302-F02-05「通知機能」は本シートをFUNCTION_SCOPEでフェーズ2対応としている。ee側もsrc/Eccube/Resource/template/default/Mypage/index.twig:103に「Ph2: お知らせセクションが入ります」というコメント枠だけを置き、通知データ・インジケーター・通知メッセージ・追加/削除条件のいずれもフェーズ1では作られていない。フェーズ1の実装対象外のため対象外と判定する。	sheet-7_img1(スマホ下部ナビ:カート/お気に入り/詳細検索/カテゴリ/マイページ)、img2(PCヘッダ)、img3(マイページ「お知らせ」欄に通知日付と通知メッセージが並ぶ表示例)を確認。ee実装にこの「お知らせ」欄に相当する表示は無く、Mypage/index.twigにPh2枠のコメントのみ。	high	
sheet-7-R022	OUT_OF_SCOPE								0302の全ナビシート（sheet-3/4/5/6）がExcel原文「※通知はフェーズ2以降で設計予定とする」を掲げ、Ph2台帳 0302-F02-05「通知機能」は本シートをFUNCTION_SCOPEでフェーズ2対応としている。ee側もsrc/Eccube/Resource/template/default/Mypage/index.twig:103に「Ph2: お知らせセクションが入ります」というコメント枠だけを置き、通知データ・インジケーター・通知メッセージ・追加/削除条件のいずれもフェーズ1では作られていない。フェーズ1の実装対象外のため対象外と判定する。	sheet-7_img1(スマホ下部ナビ:カート/お気に入り/詳細検索/カテゴリ/マイページ)、img2(PCヘッダ)、img3(マイページ「お知らせ」欄に通知日付と通知メッセージが並ぶ表示例)を確認。ee実装にこの「お知らせ」欄に相当する表示は無く、Mypage/index.twigにPh2枠のコメントのみ。	high	
sheet-7-R023	OUT_OF_SCOPE								0302の全ナビシート（sheet-3/4/5/6）がExcel原文「※通知はフェーズ2以降で設計予定とする」を掲げ、Ph2台帳 0302-F02-05「通知機能」は本シートをFUNCTION_SCOPEでフェーズ2対応としている。ee側もsrc/Eccube/Resource/template/default/Mypage/index.twig:103に「Ph2: お知らせセクションが入ります」というコメント枠だけを置き、通知データ・インジケーター・通知メッセージ・追加/削除条件のいずれもフェーズ1では作られていない。フェーズ1の実装対象外のため対象外と判定する。	sheet-7_img1(スマホ下部ナビ:カート/お気に入り/詳細検索/カテゴリ/マイページ)、img2(PCヘッダ)、img3(マイページ「お知らせ」欄に通知日付と通知メッセージが並ぶ表示例)を確認。ee実装にこの「お知らせ」欄に相当する表示は無く、Mypage/index.twigにPh2枠のコメントのみ。	high	
sheet-7-R024	OUT_OF_SCOPE								項目表の見出し行の続き（または最大値/初期値/画面部品の説明）。 0302の全ナビシート（sheet-3/4/5/6）がExcel原文「※通知はフェーズ2以降で設計予定とする」を掲げ、Ph2台帳 0302-F02-05「通知機能」は本シートをFUNCTION_SCOPEでフェーズ2対応としている。ee側もsrc/Eccube/Resource/template/default/Mypage/index.twig:103に「Ph2: お知らせセクションが入ります」というコメント枠だけを置き、通知データ・インジケーター・通知メッセージ・追加/削除条件のいずれもフェーズ1では作られていない。フェーズ1の実装対象外のため対象外と判定する。	sheet-7_img1(スマホ下部ナビ:カート/お気に入り/詳細検索/カテゴリ/マイページ)、img2(PCヘッダ)、img3(マイページ「お知らせ」欄に通知日付と通知メッセージが並ぶ表示例)を確認。ee実装にこの「お知らせ」欄に相当する表示は無く、Mypage/index.twigにPh2枠のコメントのみ。	high	
sheet-7-R025	OUT_OF_SCOPE								0302の全ナビシート（sheet-3/4/5/6）がExcel原文「※通知はフェーズ2以降で設計予定とする」を掲げ、Ph2台帳 0302-F02-05「通知機能」は本シートをFUNCTION_SCOPEでフェーズ2対応としている。ee側もsrc/Eccube/Resource/template/default/Mypage/index.twig:103に「Ph2: お知らせセクションが入ります」というコメント枠だけを置き、通知データ・インジケーター・通知メッセージ・追加/削除条件のいずれもフェーズ1では作られていない。フェーズ1の実装対象外のため対象外と判定する。	sheet-7_img1(スマホ下部ナビ:カート/お気に入り/詳細検索/カテゴリ/マイページ)、img2(PCヘッダ)、img3(マイページ「お知らせ」欄に通知日付と通知メッセージが並ぶ表示例)を確認。ee実装にこの「お知らせ」欄に相当する表示は無く、Mypage/index.twigにPh2枠のコメントのみ。	high	
sheet-7-R026	OUT_OF_SCOPE								0302の全ナビシート（sheet-3/4/5/6）がExcel原文「※通知はフェーズ2以降で設計予定とする」を掲げ、Ph2台帳 0302-F02-05「通知機能」は本シートをFUNCTION_SCOPEでフェーズ2対応としている。ee側もsrc/Eccube/Resource/template/default/Mypage/index.twig:103に「Ph2: お知らせセクションが入ります」というコメント枠だけを置き、通知データ・インジケーター・通知メッセージ・追加/削除条件のいずれもフェーズ1では作られていない。フェーズ1の実装対象外のため対象外と判定する。	sheet-7_img1(スマホ下部ナビ:カート/お気に入り/詳細検索/カテゴリ/マイページ)、img2(PCヘッダ)、img3(マイページ「お知らせ」欄に通知日付と通知メッセージが並ぶ表示例)を確認。ee実装にこの「お知らせ」欄に相当する表示は無く、Mypage/index.twigにPh2枠のコメントのみ。	high	
sheet-7-R027	OUT_OF_SCOPE								別シートへの参照指示。 0302の全ナビシート（sheet-3/4/5/6）がExcel原文「※通知はフェーズ2以降で設計予定とする」を掲げ、Ph2台帳 0302-F02-05「通知機能」は本シートをFUNCTION_SCOPEでフェーズ2対応としている。ee側もsrc/Eccube/Resource/template/default/Mypage/index.twig:103に「Ph2: お知らせセクションが入ります」というコメント枠だけを置き、通知データ・インジケーター・通知メッセージ・追加/削除条件のいずれもフェーズ1では作られていない。フェーズ1の実装対象外のため対象外と判定する。	sheet-7_img1(スマホ下部ナビ:カート/お気に入り/詳細検索/カテゴリ/マイページ)、img2(PCヘッダ)、img3(マイページ「お知らせ」欄に通知日付と通知メッセージが並ぶ表示例)を確認。ee実装にこの「お知らせ」欄に相当する表示は無く、Mypage/index.twigにPh2枠のコメントのみ。	high	
sheet-7-R028	OUT_OF_SCOPE								0302の全ナビシート（sheet-3/4/5/6）がExcel原文「※通知はフェーズ2以降で設計予定とする」を掲げ、Ph2台帳 0302-F02-05「通知機能」は本シートをFUNCTION_SCOPEでフェーズ2対応としている。ee側もsrc/Eccube/Resource/template/default/Mypage/index.twig:103に「Ph2: お知らせセクションが入ります」というコメント枠だけを置き、通知データ・インジケーター・通知メッセージ・追加/削除条件のいずれもフェーズ1では作られていない。フェーズ1の実装対象外のため対象外と判定する。	sheet-7_img1(スマホ下部ナビ:カート/お気に入り/詳細検索/カテゴリ/マイページ)、img2(PCヘッダ)、img3(マイページ「お知らせ」欄に通知日付と通知メッセージが並ぶ表示例)を確認。ee実装にこの「お知らせ」欄に相当する表示は無く、Mypage/index.twigにPh2枠のコメントのみ。	high	
sheet-7-R029	OUT_OF_SCOPE								0302の全ナビシート（sheet-3/4/5/6）がExcel原文「※通知はフェーズ2以降で設計予定とする」を掲げ、Ph2台帳 0302-F02-05「通知機能」は本シートをFUNCTION_SCOPEでフェーズ2対応としている。ee側もsrc/Eccube/Resource/template/default/Mypage/index.twig:103に「Ph2: お知らせセクションが入ります」というコメント枠だけを置き、通知データ・インジケーター・通知メッセージ・追加/削除条件のいずれもフェーズ1では作られていない。フェーズ1の実装対象外のため対象外と判定する。	sheet-7_img1(スマホ下部ナビ:カート/お気に入り/詳細検索/カテゴリ/マイページ)、img2(PCヘッダ)、img3(マイページ「お知らせ」欄に通知日付と通知メッセージが並ぶ表示例)を確認。ee実装にこの「お知らせ」欄に相当する表示は無く、Mypage/index.twigにPh2枠のコメントのみ。	high	
sheet-7-R030	OUT_OF_SCOPE								0302の全ナビシート（sheet-3/4/5/6）がExcel原文「※通知はフェーズ2以降で設計予定とする」を掲げ、Ph2台帳 0302-F02-05「通知機能」は本シートをFUNCTION_SCOPEでフェーズ2対応としている。ee側もsrc/Eccube/Resource/template/default/Mypage/index.twig:103に「Ph2: お知らせセクションが入ります」というコメント枠だけを置き、通知データ・インジケーター・通知メッセージ・追加/削除条件のいずれもフェーズ1では作られていない。フェーズ1の実装対象外のため対象外と判定する。	sheet-7_img1(スマホ下部ナビ:カート/お気に入り/詳細検索/カテゴリ/マイページ)、img2(PCヘッダ)、img3(マイページ「お知らせ」欄に通知日付と通知メッセージが並ぶ表示例)を確認。ee実装にこの「お知らせ」欄に相当する表示は無く、Mypage/index.twigにPh2枠のコメントのみ。	high	
sheet-7-R031	OUT_OF_SCOPE								0302の全ナビシート（sheet-3/4/5/6）がExcel原文「※通知はフェーズ2以降で設計予定とする」を掲げ、Ph2台帳 0302-F02-05「通知機能」は本シートをFUNCTION_SCOPEでフェーズ2対応としている。ee側もsrc/Eccube/Resource/template/default/Mypage/index.twig:103に「Ph2: お知らせセクションが入ります」というコメント枠だけを置き、通知データ・インジケーター・通知メッセージ・追加/削除条件のいずれもフェーズ1では作られていない。フェーズ1の実装対象外のため対象外と判定する。	sheet-7_img1(スマホ下部ナビ:カート/お気に入り/詳細検索/カテゴリ/マイページ)、img2(PCヘッダ)、img3(マイページ「お知らせ」欄に通知日付と通知メッセージが並ぶ表示例)を確認。ee実装にこの「お知らせ」欄に相当する表示は無く、Mypage/index.twigにPh2枠のコメントのみ。	high	
sheet-7-R032	OUT_OF_SCOPE								0302の全ナビシート（sheet-3/4/5/6）がExcel原文「※通知はフェーズ2以降で設計予定とする」を掲げ、Ph2台帳 0302-F02-05「通知機能」は本シートをFUNCTION_SCOPEでフェーズ2対応としている。ee側もsrc/Eccube/Resource/template/default/Mypage/index.twig:103に「Ph2: お知らせセクションが入ります」というコメント枠だけを置き、通知データ・インジケーター・通知メッセージ・追加/削除条件のいずれもフェーズ1では作られていない。フェーズ1の実装対象外のため対象外と判定する。	sheet-7_img1(スマホ下部ナビ:カート/お気に入り/詳細検索/カテゴリ/マイページ)、img2(PCヘッダ)、img3(マイページ「お知らせ」欄に通知日付と通知メッセージが並ぶ表示例)を確認。ee実装にこの「お知らせ」欄に相当する表示は無く、Mypage/index.twigにPh2枠のコメントのみ。	high	
sheet-7-R033	OUT_OF_SCOPE								別シートへの参照指示。 0302の全ナビシート（sheet-3/4/5/6）がExcel原文「※通知はフェーズ2以降で設計予定とする」を掲げ、Ph2台帳 0302-F02-05「通知機能」は本シートをFUNCTION_SCOPEでフェーズ2対応としている。ee側もsrc/Eccube/Resource/template/default/Mypage/index.twig:103に「Ph2: お知らせセクションが入ります」というコメント枠だけを置き、通知データ・インジケーター・通知メッセージ・追加/削除条件のいずれもフェーズ1では作られていない。フェーズ1の実装対象外のため対象外と判定する。	sheet-7_img1(スマホ下部ナビ:カート/お気に入り/詳細検索/カテゴリ/マイページ)、img2(PCヘッダ)、img3(マイページ「お知らせ」欄に通知日付と通知メッセージが並ぶ表示例)を確認。ee実装にこの「お知らせ」欄に相当する表示は無く、Mypage/index.twigにPh2枠のコメントのみ。	high	
sheet-8-R001	OUT_OF_SCOPE								表紙のドキュメント名。 本シートは通知（F02-05）の別添資料であり、参照元のsheet-7がPh2台帳 0302-F02-05「通知機能」でフェーズ2対応と定められている（本シート自体もPh2台帳 0302-sheet-notification-annex に登録）。eeには通知データ・通知メッセージ・通知押下時遷移・追加/削除条件のいずれの実装も無く、src/Eccube/Resource/template/default/Mypage/index.twig:103に「Ph2: お知らせセクションが入ります」というコメント枠が置かれているだけである。フェーズ1の実装対象外のため対象外と判定する。	本シートは画像0枚。通知メッセージの表示例はsheet-7_img3（マイページ「お知らせ」欄）で確認した。ee実装に該当する表示欄は無い。	high	
sheet-8-R002	OUT_OF_SCOPE								表紙のプロジェクト名。 本シートは通知（F02-05）の別添資料であり、参照元のsheet-7がPh2台帳 0302-F02-05「通知機能」でフェーズ2対応と定められている（本シート自体もPh2台帳 0302-sheet-notification-annex に登録）。eeには通知データ・通知メッセージ・通知押下時遷移・追加/削除条件のいずれの実装も無く、src/Eccube/Resource/template/default/Mypage/index.twig:103に「Ph2: お知らせセクションが入ります」というコメント枠が置かれているだけである。フェーズ1の実装対象外のため対象外と判定する。	本シートは画像0枚。通知メッセージの表示例はsheet-7_img3（マイページ「お知らせ」欄）で確認した。ee実装に該当する表示欄は無い。	high	
sheet-8-R003	OUT_OF_SCOPE								表紙の作成者。 本シートは通知（F02-05）の別添資料であり、参照元のsheet-7がPh2台帳 0302-F02-05「通知機能」でフェーズ2対応と定められている（本シート自体もPh2台帳 0302-sheet-notification-annex に登録）。eeには通知データ・通知メッセージ・通知押下時遷移・追加/削除条件のいずれの実装も無く、src/Eccube/Resource/template/default/Mypage/index.twig:103に「Ph2: お知らせセクションが入ります」というコメント枠が置かれているだけである。フェーズ1の実装対象外のため対象外と判定する。	本シートは画像0枚。通知メッセージの表示例はsheet-7_img3（マイページ「お知らせ」欄）で確認した。ee実装に該当する表示欄は無い。	high	
sheet-8-R004	OUT_OF_SCOPE								表紙の更新者。 本シートは通知（F02-05）の別添資料であり、参照元のsheet-7がPh2台帳 0302-F02-05「通知機能」でフェーズ2対応と定められている（本シート自体もPh2台帳 0302-sheet-notification-annex に登録）。eeには通知データ・通知メッセージ・通知押下時遷移・追加/削除条件のいずれの実装も無く、src/Eccube/Resource/template/default/Mypage/index.twig:103に「Ph2: お知らせセクションが入ります」というコメント枠が置かれているだけである。フェーズ1の実装対象外のため対象外と判定する。	本シートは画像0枚。通知メッセージの表示例はsheet-7_img3（マイページ「お知らせ」欄）で確認した。ee実装に該当する表示欄は無い。	high	
sheet-8-R005	OUT_OF_SCOPE								通知一覧表の見出し行。 本シートは通知（F02-05）の別添資料であり、参照元のsheet-7がPh2台帳 0302-F02-05「通知機能」でフェーズ2対応と定められている（本シート自体もPh2台帳 0302-sheet-notification-annex に登録）。eeには通知データ・通知メッセージ・通知押下時遷移・追加/削除条件のいずれの実装も無く、src/Eccube/Resource/template/default/Mypage/index.twig:103に「Ph2: お知らせセクションが入ります」というコメント枠が置かれているだけである。フェーズ1の実装対象外のため対象外と判定する。	本シートは画像0枚。通知メッセージの表示例はsheet-7_img3（マイページ「お知らせ」欄）で確認した。ee実装に該当する表示欄は無い。	high	
sheet-8-R006	OUT_OF_SCOPE								本シートは通知（F02-05）の別添資料であり、参照元のsheet-7がPh2台帳 0302-F02-05「通知機能」でフェーズ2対応と定められている（本シート自体もPh2台帳 0302-sheet-notification-annex に登録）。eeには通知データ・通知メッセージ・通知押下時遷移・追加/削除条件のいずれの実装も無く、src/Eccube/Resource/template/default/Mypage/index.twig:103に「Ph2: お知らせセクションが入ります」というコメント枠が置かれているだけである。フェーズ1の実装対象外のため対象外と判定する。	本シートは画像0枚。通知メッセージの表示例はsheet-7_img3（マイページ「お知らせ」欄）で確認した。ee実装に該当する表示欄は無い。	high	
sheet-8-R007	OUT_OF_SCOPE								本シートは通知（F02-05）の別添資料であり、参照元のsheet-7がPh2台帳 0302-F02-05「通知機能」でフェーズ2対応と定められている（本シート自体もPh2台帳 0302-sheet-notification-annex に登録）。eeには通知データ・通知メッセージ・通知押下時遷移・追加/削除条件のいずれの実装も無く、src/Eccube/Resource/template/default/Mypage/index.twig:103に「Ph2: お知らせセクションが入ります」というコメント枠が置かれているだけである。フェーズ1の実装対象外のため対象外と判定する。	本シートは画像0枚。通知メッセージの表示例はsheet-7_img3（マイページ「お知らせ」欄）で確認した。ee実装に該当する表示欄は無い。	high	
sheet-8-R008	OUT_OF_SCOPE								本シートは通知（F02-05）の別添資料であり、参照元のsheet-7がPh2台帳 0302-F02-05「通知機能」でフェーズ2対応と定められている（本シート自体もPh2台帳 0302-sheet-notification-annex に登録）。eeには通知データ・通知メッセージ・通知押下時遷移・追加/削除条件のいずれの実装も無く、src/Eccube/Resource/template/default/Mypage/index.twig:103に「Ph2: お知らせセクションが入ります」というコメント枠が置かれているだけである。フェーズ1の実装対象外のため対象外と判定する。	本シートは画像0枚。通知メッセージの表示例はsheet-7_img3（マイページ「お知らせ」欄）で確認した。ee実装に該当する表示欄は無い。	high	
sheet-8-R009	OUT_OF_SCOPE								本シートは通知（F02-05）の別添資料であり、参照元のsheet-7がPh2台帳 0302-F02-05「通知機能」でフェーズ2対応と定められている（本シート自体もPh2台帳 0302-sheet-notification-annex に登録）。eeには通知データ・通知メッセージ・通知押下時遷移・追加/削除条件のいずれの実装も無く、src/Eccube/Resource/template/default/Mypage/index.twig:103に「Ph2: お知らせセクションが入ります」というコメント枠が置かれているだけである。フェーズ1の実装対象外のため対象外と判定する。	本シートは画像0枚。通知メッセージの表示例はsheet-7_img3（マイページ「お知らせ」欄）で確認した。ee実装に該当する表示欄は無い。	high	
sheet-8-R010	OUT_OF_SCOPE								本シートは通知（F02-05）の別添資料であり、参照元のsheet-7がPh2台帳 0302-F02-05「通知機能」でフェーズ2対応と定められている（本シート自体もPh2台帳 0302-sheet-notification-annex に登録）。eeには通知データ・通知メッセージ・通知押下時遷移・追加/削除条件のいずれの実装も無く、src/Eccube/Resource/template/default/Mypage/index.twig:103に「Ph2: お知らせセクションが入ります」というコメント枠が置かれているだけである。フェーズ1の実装対象外のため対象外と判定する。	本シートは画像0枚。通知メッセージの表示例はsheet-7_img3（マイページ「お知らせ」欄）で確認した。ee実装に該当する表示欄は無い。	high	
sheet-8-R011	OUT_OF_SCOPE								本シートは通知（F02-05）の別添資料であり、参照元のsheet-7がPh2台帳 0302-F02-05「通知機能」でフェーズ2対応と定められている（本シート自体もPh2台帳 0302-sheet-notification-annex に登録）。eeには通知データ・通知メッセージ・通知押下時遷移・追加/削除条件のいずれの実装も無く、src/Eccube/Resource/template/default/Mypage/index.twig:103に「Ph2: お知らせセクションが入ります」というコメント枠が置かれているだけである。フェーズ1の実装対象外のため対象外と判定する。	本シートは画像0枚。通知メッセージの表示例はsheet-7_img3（マイページ「お知らせ」欄）で確認した。ee実装に該当する表示欄は無い。	high	
sheet-8-R012	OUT_OF_SCOPE								本シートは通知（F02-05）の別添資料であり、参照元のsheet-7がPh2台帳 0302-F02-05「通知機能」でフェーズ2対応と定められている（本シート自体もPh2台帳 0302-sheet-notification-annex に登録）。eeには通知データ・通知メッセージ・通知押下時遷移・追加/削除条件のいずれの実装も無く、src/Eccube/Resource/template/default/Mypage/index.twig:103に「Ph2: お知らせセクションが入ります」というコメント枠が置かれているだけである。フェーズ1の実装対象外のため対象外と判定する。	本シートは画像0枚。通知メッセージの表示例はsheet-7_img3（マイページ「お知らせ」欄）で確認した。ee実装に該当する表示欄は無い。	high	
sheet-8-R013	OUT_OF_SCOPE								本シートは通知（F02-05）の別添資料であり、参照元のsheet-7がPh2台帳 0302-F02-05「通知機能」でフェーズ2対応と定められている（本シート自体もPh2台帳 0302-sheet-notification-annex に登録）。eeには通知データ・通知メッセージ・通知押下時遷移・追加/削除条件のいずれの実装も無く、src/Eccube/Resource/template/default/Mypage/index.twig:103に「Ph2: お知らせセクションが入ります」というコメント枠が置かれているだけである。フェーズ1の実装対象外のため対象外と判定する。	本シートは画像0枚。通知メッセージの表示例はsheet-7_img3（マイページ「お知らせ」欄）で確認した。ee実装に該当する表示欄は無い。	high	
sheet-8-R014	OUT_OF_SCOPE								本シートは通知（F02-05）の別添資料であり、参照元のsheet-7がPh2台帳 0302-F02-05「通知機能」でフェーズ2対応と定められている（本シート自体もPh2台帳 0302-sheet-notification-annex に登録）。eeには通知データ・通知メッセージ・通知押下時遷移・追加/削除条件のいずれの実装も無く、src/Eccube/Resource/template/default/Mypage/index.twig:103に「Ph2: お知らせセクションが入ります」というコメント枠が置かれているだけである。フェーズ1の実装対象外のため対象外と判定する。	本シートは画像0枚。通知メッセージの表示例はsheet-7_img3（マイページ「お知らせ」欄）で確認した。ee実装に該当する表示欄は無い。	high	
sheet-8-R015	OUT_OF_SCOPE								本シートは通知（F02-05）の別添資料であり、参照元のsheet-7がPh2台帳 0302-F02-05「通知機能」でフェーズ2対応と定められている（本シート自体もPh2台帳 0302-sheet-notification-annex に登録）。eeには通知データ・通知メッセージ・通知押下時遷移・追加/削除条件のいずれの実装も無く、src/Eccube/Resource/template/default/Mypage/index.twig:103に「Ph2: お知らせセクションが入ります」というコメント枠が置かれているだけである。フェーズ1の実装対象外のため対象外と判定する。	本シートは画像0枚。通知メッセージの表示例はsheet-7_img3（マイページ「お知らせ」欄）で確認した。ee実装に該当する表示欄は無い。	high	
sheet-8-R016	OUT_OF_SCOPE								本シートは通知（F02-05）の別添資料であり、参照元のsheet-7がPh2台帳 0302-F02-05「通知機能」でフェーズ2対応と定められている（本シート自体もPh2台帳 0302-sheet-notification-annex に登録）。eeには通知データ・通知メッセージ・通知押下時遷移・追加/削除条件のいずれの実装も無く、src/Eccube/Resource/template/default/Mypage/index.twig:103に「Ph2: お知らせセクションが入ります」というコメント枠が置かれているだけである。フェーズ1の実装対象外のため対象外と判定する。	本シートは画像0枚。通知メッセージの表示例はsheet-7_img3（マイページ「お知らせ」欄）で確認した。ee実装に該当する表示欄は無い。	high	
sheet-8-R017	OUT_OF_SCOPE								本シートは通知（F02-05）の別添資料であり、参照元のsheet-7がPh2台帳 0302-F02-05「通知機能」でフェーズ2対応と定められている（本シート自体もPh2台帳 0302-sheet-notification-annex に登録）。eeには通知データ・通知メッセージ・通知押下時遷移・追加/削除条件のいずれの実装も無く、src/Eccube/Resource/template/default/Mypage/index.twig:103に「Ph2: お知らせセクションが入ります」というコメント枠が置かれているだけである。フェーズ1の実装対象外のため対象外と判定する。	本シートは画像0枚。通知メッセージの表示例はsheet-7_img3（マイページ「お知らせ」欄）で確認した。ee実装に該当する表示欄は無い。	high	
sheet-8-R018	OUT_OF_SCOPE								本シートは通知（F02-05）の別添資料であり、参照元のsheet-7がPh2台帳 0302-F02-05「通知機能」でフェーズ2対応と定められている（本シート自体もPh2台帳 0302-sheet-notification-annex に登録）。eeには通知データ・通知メッセージ・通知押下時遷移・追加/削除条件のいずれの実装も無く、src/Eccube/Resource/template/default/Mypage/index.twig:103に「Ph2: お知らせセクションが入ります」というコメント枠が置かれているだけである。フェーズ1の実装対象外のため対象外と判定する。	本シートは画像0枚。通知メッセージの表示例はsheet-7_img3（マイページ「お知らせ」欄）で確認した。ee実装に該当する表示欄は無い。	high	
sheet-8-R019	OUT_OF_SCOPE								本シートは通知（F02-05）の別添資料であり、参照元のsheet-7がPh2台帳 0302-F02-05「通知機能」でフェーズ2対応と定められている（本シート自体もPh2台帳 0302-sheet-notification-annex に登録）。eeには通知データ・通知メッセージ・通知押下時遷移・追加/削除条件のいずれの実装も無く、src/Eccube/Resource/template/default/Mypage/index.twig:103に「Ph2: お知らせセクションが入ります」というコメント枠が置かれているだけである。フェーズ1の実装対象外のため対象外と判定する。	本シートは画像0枚。通知メッセージの表示例はsheet-7_img3（マイページ「お知らせ」欄）で確認した。ee実装に該当する表示欄は無い。	high	
sheet-8-R020	OUT_OF_SCOPE								本シートは通知（F02-05）の別添資料であり、参照元のsheet-7がPh2台帳 0302-F02-05「通知機能」でフェーズ2対応と定められている（本シート自体もPh2台帳 0302-sheet-notification-annex に登録）。eeには通知データ・通知メッセージ・通知押下時遷移・追加/削除条件のいずれの実装も無く、src/Eccube/Resource/template/default/Mypage/index.twig:103に「Ph2: お知らせセクションが入ります」というコメント枠が置かれているだけである。フェーズ1の実装対象外のため対象外と判定する。	本シートは画像0枚。通知メッセージの表示例はsheet-7_img3（マイページ「お知らせ」欄）で確認した。ee実装に該当する表示欄は無い。	high	
sheet-8-R021	OUT_OF_SCOPE								本シートは通知（F02-05）の別添資料であり、参照元のsheet-7がPh2台帳 0302-F02-05「通知機能」でフェーズ2対応と定められている（本シート自体もPh2台帳 0302-sheet-notification-annex に登録）。eeには通知データ・通知メッセージ・通知押下時遷移・追加/削除条件のいずれの実装も無く、src/Eccube/Resource/template/default/Mypage/index.twig:103に「Ph2: お知らせセクションが入ります」というコメント枠が置かれているだけである。フェーズ1の実装対象外のため対象外と判定する。	本シートは画像0枚。通知メッセージの表示例はsheet-7_img3（マイページ「お知らせ」欄）で確認した。ee実装に該当する表示欄は無い。	high	
sheet-8-R022	OUT_OF_SCOPE								本シートは通知（F02-05）の別添資料であり、参照元のsheet-7がPh2台帳 0302-F02-05「通知機能」でフェーズ2対応と定められている（本シート自体もPh2台帳 0302-sheet-notification-annex に登録）。eeには通知データ・通知メッセージ・通知押下時遷移・追加/削除条件のいずれの実装も無く、src/Eccube/Resource/template/default/Mypage/index.twig:103に「Ph2: お知らせセクションが入ります」というコメント枠が置かれているだけである。フェーズ1の実装対象外のため対象外と判定する。	本シートは画像0枚。通知メッセージの表示例はsheet-7_img3（マイページ「お知らせ」欄）で確認した。ee実装に該当する表示欄は無い。	high	
sheet-8-R023	OUT_OF_SCOPE								本シートは通知（F02-05）の別添資料であり、参照元のsheet-7がPh2台帳 0302-F02-05「通知機能」でフェーズ2対応と定められている（本シート自体もPh2台帳 0302-sheet-notification-annex に登録）。eeには通知データ・通知メッセージ・通知押下時遷移・追加/削除条件のいずれの実装も無く、src/Eccube/Resource/template/default/Mypage/index.twig:103に「Ph2: お知らせセクションが入ります」というコメント枠が置かれているだけである。フェーズ1の実装対象外のため対象外と判定する。	本シートは画像0枚。通知メッセージの表示例はsheet-7_img3（マイページ「お知らせ」欄）で確認した。ee実装に該当する表示欄は無い。	high	
sheet-8-R024	OUT_OF_SCOPE								本シートは通知（F02-05）の別添資料であり、参照元のsheet-7がPh2台帳 0302-F02-05「通知機能」でフェーズ2対応と定められている（本シート自体もPh2台帳 0302-sheet-notification-annex に登録）。eeには通知データ・通知メッセージ・通知押下時遷移・追加/削除条件のいずれの実装も無く、src/Eccube/Resource/template/default/Mypage/index.twig:103に「Ph2: お知らせセクションが入ります」というコメント枠が置かれているだけである。フェーズ1の実装対象外のため対象外と判定する。	本シートは画像0枚。通知メッセージの表示例はsheet-7_img3（マイページ「お知らせ」欄）で確認した。ee実装に該当する表示欄は無い。	high	
sheet-8-R025	OUT_OF_SCOPE								本シートは通知（F02-05）の別添資料であり、参照元のsheet-7がPh2台帳 0302-F02-05「通知機能」でフェーズ2対応と定められている（本シート自体もPh2台帳 0302-sheet-notification-annex に登録）。eeには通知データ・通知メッセージ・通知押下時遷移・追加/削除条件のいずれの実装も無く、src/Eccube/Resource/template/default/Mypage/index.twig:103に「Ph2: お知らせセクションが入ります」というコメント枠が置かれているだけである。フェーズ1の実装対象外のため対象外と判定する。	本シートは画像0枚。通知メッセージの表示例はsheet-7_img3（マイページ「お知らせ」欄）で確認した。ee実装に該当する表示欄は無い。	high	
sheet-8-R026	OUT_OF_SCOPE								本シートは通知（F02-05）の別添資料であり、参照元のsheet-7がPh2台帳 0302-F02-05「通知機能」でフェーズ2対応と定められている（本シート自体もPh2台帳 0302-sheet-notification-annex に登録）。eeには通知データ・通知メッセージ・通知押下時遷移・追加/削除条件のいずれの実装も無く、src/Eccube/Resource/template/default/Mypage/index.twig:103に「Ph2: お知らせセクションが入ります」というコメント枠が置かれているだけである。フェーズ1の実装対象外のため対象外と判定する。	本シートは画像0枚。通知メッセージの表示例はsheet-7_img3（マイページ「お知らせ」欄）で確認した。ee実装に該当する表示欄は無い。	high	
